customer_id,last_order_date,days_since,preferred_channel,total_orders
25921,2025-01-01,364,Website/App,1
12004,2025-01-01,364,Website/App,1
44676,2025-01-01,364,Takeaway,1
21292,2025-01-01,364,Third-party Delivery,1
21385,2025-01-01,364,Third-party Delivery,1
9420,2025-01-01,364,Third-party Delivery,1
40392,2025-01-01,364,Website/App,1
44641,2025-01-01,364,Dine-in,1
7900,2025-01-01,364,Takeaway,1
43513,2025-01-01,364,Takeaway,1
13178,2025-01-01,364,Takeaway,1
28894,2025-01-01,364,Third-party Delivery,1
31686,2025-01-01,364,Takeaway,1
49940,2025-01-01,364,Takeaway,1
4913,2025-01-01,364,Third-party Delivery,1
40946,2025-01-01,364,Takeaway,1
27013,2025-01-01,364,Third-party Delivery,1
49740,2025-01-01,364,Dine-in,1
23417,2025-01-01,364,Takeaway,1
29512,2025-01-01,364,Website/App,1
29751,2025-01-01,364,Website/App,1
38205,2025-01-01,364,Takeaway,1
30653,2025-01-01,364,Takeaway,1
17649,2025-01-01,364,Third-party Delivery,1
31710,2025-01-01,364,Takeaway,1
46273,2025-01-01,364,Website/App,1
14396,2025-01-01,364,Takeaway,1
14541,2025-01-01,364,Dine-in,1
22120,2025-01-01,364,Third-party Delivery,1
33671,2025-01-02,363,Website/App,1
45067,2025-01-02,363,Third-party Delivery,1
20053,2025-01-02,363,Dine-in,1
8730,2025-01-02,363,Website/App,1
20556,2025-01-02,363,Third-party Delivery,1
23473,2025-01-02,363,Dine-in,1
37750,2025-01-02,363,Website/App,1
37904,2025-01-02,363,Website/App,1
13746,2025-01-02,363,Dine-in,1
13464,2025-01-02,363,Dine-in,1
3893,2025-01-02,363,Dine-in,1
16360,2025-01-02,363,Third-party Delivery,2
22841,2025-01-02,363,Dine-in,1
8564,2025-01-02,363,Dine-in,1
27245,2025-01-02,363,Dine-in,1
14850,2025-01-02,363,Website/App,1
41532,2025-01-02,363,Third-party Delivery,1
15000,2025-01-02,363,Third-party Delivery,1
49671,2025-01-02,363,Takeaway,1
15357,2025-01-02,363,Third-party Delivery,1
45544,2025-01-02,363,Third-party Delivery,1
21286,2025-01-02,363,Dine-in,1
32634,2025-01-02,363,Takeaway,1
45532,2025-01-02,363,Third-party Delivery,1
40351,2025-01-02,363,Dine-in,1
26894,2025-01-02,363,Takeaway,1
13238,2025-01-02,363,Website/App,1
16445,2025-01-02,363,Takeaway,1
38015,2025-01-02,363,Website/App,1
13068,2025-01-02,363,Takeaway,1
29282,2025-01-02,363,Third-party Delivery,1
6299,2025-01-02,363,Third-party Delivery,1
649,2025-01-02,363,Dine-in,1
35387,2025-01-02,363,Third-party Delivery,1
1601,2025-01-02,363,Dine-in,1
12818,2025-01-02,363,Website/App,1
19448,2025-01-02,363,Takeaway,1
21627,2025-01-02,363,Website/App,1
16123,2025-01-02,363,Website/App,1
16258,2025-01-02,363,Dine-in,1
2347,2025-01-02,363,Dine-in,1
41266,2025-01-02,363,Takeaway,1
10136,2025-01-03,362,Website/App,1
2753,2025-01-03,362,Takeaway,1
37468,2025-01-03,362,Third-party Delivery,1
35664,2025-01-03,362,Dine-in,1
26559,2025-01-03,362,Takeaway,1
3358,2025-01-03,362,Dine-in,1
20901,2025-01-03,362,Website/App,1
26938,2025-01-03,362,Third-party Delivery,1
44910,2025-01-03,362,Takeaway,1
19594,2025-01-03,362,Takeaway,1
37637,2025-01-03,362,Website/App,1
21,2025-01-03,362,Dine-in,1
15519,2025-01-03,362,Dine-in,1
26115,2025-01-03,362,Dine-in,1
40716,2025-01-03,362,Dine-in,1
6758,2025-01-03,362,Dine-in,1
48065,2025-01-03,362,Dine-in,1
7429,2025-01-03,362,Third-party Delivery,1
6714,2025-01-03,362,Third-party Delivery,1
31292,2025-01-03,362,Third-party Delivery,1
13197,2025-01-03,362,Takeaway,1
23761,2025-01-03,362,Third-party Delivery,1
39001,2025-01-03,362,Website/App,1
46762,2025-01-03,362,Dine-in,1
18523,2025-01-03,362,Dine-in,1
21651,2025-01-03,362,Takeaway,1
19220,2025-01-03,362,Third-party Delivery,1
7334,2025-01-03,362,Dine-in,1
17343,2025-01-03,362,Website/App,1
49812,2025-01-04,361,Website/App,1
41424,2025-01-04,361,Takeaway,1
6872,2025-01-04,361,Dine-in,1
40345,2025-01-04,361,Website/App,1
5081,2025-01-04,361,Website/App,1
45634,2025-01-04,361,Takeaway,1
32363,2025-01-04,361,Third-party Delivery,1
20222,2025-01-04,361,Dine-in,1
8536,2025-01-04,361,Third-party Delivery,1
20019,2025-01-04,361,Website/App,1
49036,2025-01-04,361,Takeaway,1
15600,2025-01-04,361,Third-party Delivery,1
7107,2025-01-04,361,Takeaway,1
40979,2025-01-04,361,Third-party Delivery,1
25104,2025-01-04,361,Takeaway,1
46981,2025-01-04,361,Third-party Delivery,1
18377,2025-01-04,361,Website/App,1
13147,2025-01-04,361,Website/App,1
46321,2025-01-04,361,Third-party Delivery,1
12835,2025-01-04,361,Dine-in,1
14321,2025-01-04,361,Website/App,1
9539,2025-01-04,361,Third-party Delivery,1
16600,2025-01-04,361,Takeaway,1
17796,2025-01-04,361,Third-party Delivery,1
13204,2025-01-04,361,Takeaway,1
30132,2025-01-04,361,Takeaway,1
13470,2025-01-04,361,Third-party Delivery,1
6387,2025-01-04,361,Dine-in,1
29270,2025-01-04,361,Dine-in,1
28648,2025-01-04,361,Dine-in,1
17593,2025-01-04,361,Takeaway,1
26472,2025-01-04,361,Third-party Delivery,1
41318,2025-01-04,361,Dine-in,1
6906,2025-01-04,361,Takeaway,1
32577,2025-01-04,361,Third-party Delivery,1
4779,2025-01-04,361,Website/App,1
5072,2025-01-05,360,Takeaway,1
41474,2025-01-05,360,Takeaway,1
6084,2025-01-05,360,Third-party Delivery,1
43976,2025-01-05,360,Website/App,1
24083,2025-01-05,360,Website/App,1
35219,2025-01-05,360,Takeaway,1
25125,2025-01-05,360,Third-party Delivery,1
16214,2025-01-05,360,Third-party Delivery,1
3094,2025-01-05,360,Website/App,1
46617,2025-01-05,360,Dine-in,1
46959,2025-01-05,360,Website/App,1
28291,2025-01-05,360,Third-party Delivery,1
27978,2025-01-05,360,Third-party Delivery,1
16271,2025-01-05,360,Website/App,1
29002,2025-01-05,360,Takeaway,1
18351,2025-01-05,360,Dine-in,1
42389,2025-01-05,360,Website/App,1
23012,2025-01-05,360,Takeaway,1
49860,2025-01-05,360,Dine-in,1
17767,2025-01-05,360,Dine-in,1
23175,2025-01-05,360,Website/App,1
37910,2025-01-05,360,Takeaway,1
40866,2025-01-05,360,Website/App,1
8877,2025-01-05,360,Website/App,1
48975,2025-01-05,360,Dine-in,1
27047,2025-01-05,360,Website/App,1
40954,2025-01-06,359,Dine-in,1
15413,2025-01-06,359,Takeaway,1
49842,2025-01-06,359,Dine-in,1
49184,2025-01-06,359,Dine-in,1
28486,2025-01-06,359,Third-party Delivery,1
47501,2025-01-06,359,Website/App,1
1477,2025-01-06,359,Website/App,1
29344,2025-01-06,359,Website/App,1
10097,2025-01-06,359,Third-party Delivery,1
616,2025-01-06,359,Takeaway,1
18139,2025-01-06,359,Dine-in,1
13913,2025-01-06,359,Takeaway,1
43117,2025-01-06,359,Takeaway,1
31822,2025-01-06,359,Website/App,1
28797,2025-01-06,359,Third-party Delivery,1
48112,2025-01-06,359,Third-party Delivery,1
18613,2025-01-06,359,Third-party Delivery,1
46750,2025-01-06,359,Dine-in,2
19671,2025-01-06,359,Dine-in,1
11198,2025-01-06,359,Third-party Delivery,1
28808,2025-01-06,359,Takeaway,1
48508,2025-01-06,359,Dine-in,1
41771,2025-01-06,359,Takeaway,1
16722,2025-01-07,358,Third-party Delivery,1
29441,2025-01-07,358,Dine-in,1
47333,2025-01-07,358,Website/App,1
43112,2025-01-07,358,Takeaway,1
47306,2025-01-07,358,Dine-in,1
36786,2025-01-07,358,Dine-in,1
27085,2025-01-07,358,Dine-in,1
40645,2025-01-07,358,Takeaway,1
15482,2025-01-07,358,Website/App,1
29521,2025-01-07,358,Dine-in,1
37619,2025-01-07,358,Website/App,2
5224,2025-01-07,358,Third-party Delivery,1
46641,2025-01-07,358,Dine-in,1
23900,2025-01-07,358,Takeaway,1
22190,2025-01-07,358,Third-party Delivery,1
5922,2025-01-07,358,Third-party Delivery,1
19488,2025-01-07,358,Website/App,1
9850,2025-01-07,358,Website/App,1
34366,2025-01-07,358,Third-party Delivery,1
32508,2025-01-07,358,Dine-in,1
14478,2025-01-07,358,Third-party Delivery,1
32195,2025-01-07,358,Dine-in,1
24872,2025-01-07,358,Takeaway,1
28386,2025-01-07,358,Takeaway,1
40379,2025-01-08,357,Takeaway,1
1122,2025-01-08,357,Dine-in,1
24334,2025-01-08,357,Third-party Delivery,1
16898,2025-01-08,357,Takeaway,1
1409,2025-01-08,357,Dine-in,1
29627,2025-01-08,357,Website/App,1
28213,2025-01-08,357,Website/App,1
7301,2025-01-08,357,Third-party Delivery,1
9983,2025-01-08,357,Dine-in,1
22472,2025-01-08,357,Dine-in,1
45196,2025-01-08,357,Website/App,1
2099,2025-01-08,357,Website/App,1
44839,2025-01-08,357,Dine-in,2
8156,2025-01-08,357,Dine-in,1
48782,2025-01-08,357,Website/App,1
12148,2025-01-08,357,Takeaway,1
33973,2025-01-08,357,Third-party Delivery,1
3409,2025-01-08,357,Takeaway,1
3253,2025-01-08,357,Dine-in,1
13138,2025-01-08,357,Takeaway,1
13137,2025-01-08,357,Third-party Delivery,1
3785,2025-01-08,357,Third-party Delivery,1
15972,2025-01-08,357,Third-party Delivery,1
43718,2025-01-08,357,Third-party Delivery,1
5661,2025-01-08,357,Takeaway,1
31826,2025-01-08,357,Takeaway,1
25436,2025-01-08,357,Third-party Delivery,1
25732,2025-01-08,357,Third-party Delivery,1
4619,2025-01-08,357,Dine-in,1
27097,2025-01-08,357,Third-party Delivery,1
1368,2025-01-08,357,Third-party Delivery,1
16715,2025-01-08,357,Website/App,1
42852,2025-01-08,357,Third-party Delivery,1
38613,2025-01-08,357,Website/App,2
48852,2025-01-08,357,Website/App,1
45241,2025-01-08,357,Takeaway,1
5725,2025-01-08,357,Takeaway,1
58,2025-01-09,356,Third-party Delivery,1
46117,2025-01-09,356,Dine-in,1
20730,2025-01-09,356,Website/App,1
15277,2025-01-09,356,Website/App,1
34231,2025-01-09,356,Dine-in,1
1776,2025-01-09,356,Takeaway,1
29392,2025-01-09,356,Third-party Delivery,1
31032,2025-01-09,356,Takeaway,1
30026,2025-01-09,356,Dine-in,1
17740,2025-01-09,356,Dine-in,1
1325,2025-01-09,356,Website/App,1
43256,2025-01-09,356,Third-party Delivery,1
16940,2025-01-09,356,Third-party Delivery,1
36233,2025-01-09,356,Website/App,1
2253,2025-01-09,356,Third-party Delivery,1
19031,2025-01-09,356,Third-party Delivery,1
1636,2025-01-09,356,Website/App,1
45624,2025-01-09,356,Third-party Delivery,1
31778,2025-01-09,356,Third-party Delivery,1
19437,2025-01-09,356,Third-party Delivery,1
6051,2025-01-09,356,Dine-in,1
4334,2025-01-09,356,Takeaway,1
35536,2025-01-09,356,Website/App,1
39242,2025-01-09,356,Takeaway,1
38978,2025-01-09,356,Third-party Delivery,1
25654,2025-01-09,356,Takeaway,2
788,2025-01-09,356,Third-party Delivery,1
12313,2025-01-10,355,Takeaway,1
38712,2025-01-10,355,Dine-in,1
39158,2025-01-10,355,Third-party Delivery,1
33168,2025-01-10,355,Third-party Delivery,1
33080,2025-01-10,355,Dine-in,1
3460,2025-01-10,355,Third-party Delivery,1
925,2025-01-10,355,Takeaway,1
7149,2025-01-10,355,Dine-in,1
11996,2025-01-10,355,Third-party Delivery,1
44781,2025-01-10,355,Website/App,1
39534,2025-01-10,355,Website/App,1
19791,2025-01-10,355,Website/App,1
48793,2025-01-10,355,Dine-in,1
6281,2025-01-10,355,Dine-in,1
16750,2025-01-10,355,Takeaway,2
18860,2025-01-10,355,Dine-in,1
19156,2025-01-10,355,Third-party Delivery,1
42160,2025-01-10,355,Dine-in,1
46822,2025-01-10,355,Takeaway,1
36241,2025-01-10,355,Third-party Delivery,1
43477,2025-01-10,355,Dine-in,1
13233,2025-01-10,355,Website/App,1
14167,2025-01-10,355,Dine-in,1
43054,2025-01-10,355,Third-party Delivery,1
41145,2025-01-10,355,Website/App,1
20001,2025-01-10,355,Dine-in,1
17436,2025-01-10,355,Third-party Delivery,1
27083,2025-01-11,354,Website/App,1
15078,2025-01-11,354,Dine-in,1
13515,2025-01-11,354,Takeaway,2
17170,2025-01-11,354,Dine-in,1
41250,2025-01-11,354,Takeaway,1
48763,2025-01-11,354,Third-party Delivery,1
1931,2025-01-11,354,Takeaway,1
32036,2025-01-11,354,Takeaway,1
42607,2025-01-11,354,Takeaway,1
30590,2025-01-11,354,Dine-in,1
10322,2025-01-11,354,Dine-in,1
16624,2025-01-11,354,Website/App,1
36072,2025-01-11,354,Takeaway,1
37082,2025-01-11,354,Website/App,1
37390,2025-01-11,354,Takeaway,1
30451,2025-01-11,354,Takeaway,1
17959,2025-01-11,354,Third-party Delivery,1
36298,2025-01-11,354,Website/App,1
30145,2025-01-11,354,Dine-in,1
29948,2025-01-11,354,Website/App,1
13220,2025-01-11,354,Dine-in,1
43602,2025-01-11,354,Takeaway,1
37602,2025-01-11,354,Dine-in,1
36460,2025-01-11,354,Website/App,1
32214,2025-01-11,354,Website/App,1
32603,2025-01-11,354,Website/App,1
15810,2025-01-11,354,Third-party Delivery,1
39649,2025-01-11,354,Third-party Delivery,1
29077,2025-01-11,354,Takeaway,1
35619,2025-01-11,354,Website/App,1
13136,2025-01-11,354,Website/App,1
13054,2025-01-11,354,Website/App,1
44388,2025-01-11,354,Website/App,1
34961,2025-01-11,354,Takeaway,1
11190,2025-01-11,354,Third-party Delivery,1
34202,2025-01-11,354,Website/App,1
32641,2025-01-11,354,Dine-in,1
32472,2025-01-11,354,Third-party Delivery,1
40385,2025-01-11,354,Takeaway,1
41624,2025-01-11,354,Takeaway,1
18708,2025-01-11,354,Dine-in,1
22349,2025-01-11,354,Third-party Delivery,1
27492,2025-01-11,354,Dine-in,1
12628,2025-01-11,354,Website/App,1
30487,2025-01-12,353,Takeaway,1
16728,2025-01-12,353,Third-party Delivery,1
6645,2025-01-12,353,Dine-in,1
49960,2025-01-12,353,Takeaway,1
5780,2025-01-12,353,Dine-in,1
8509,2025-01-12,353,Third-party Delivery,1
40595,2025-01-12,353,Website/App,1
15578,2025-01-12,353,Takeaway,1
26949,2025-01-12,353,Dine-in,1
9032,2025-01-12,353,Dine-in,1
25686,2025-01-12,353,Takeaway,2
37282,2025-01-12,353,Dine-in,1
29286,2025-01-12,353,Third-party Delivery,1
22488,2025-01-12,353,Website/App,2
30396,2025-01-12,353,Third-party Delivery,1
29586,2025-01-12,353,Takeaway,2
19246,2025-01-12,353,Takeaway,1
24144,2025-01-12,353,Website/App,1
44067,2025-01-12,353,Dine-in,1
19336,2025-01-12,353,Takeaway,1
18862,2025-01-12,353,Takeaway,1
16226,2025-01-12,353,Website/App,1
14358,2025-01-12,353,Website/App,1
29182,2025-01-12,353,Dine-in,1
27373,2025-01-12,353,Takeaway,1
31543,2025-01-12,353,Dine-in,1
9674,2025-01-12,353,Takeaway,1
16057,2025-01-12,353,Takeaway,1
31934,2025-01-12,353,Dine-in,1
3757,2025-01-12,353,Takeaway,1
6177,2025-01-12,353,Dine-in,1
34705,2025-01-12,353,Website/App,1
34313,2025-01-12,353,Takeaway,1
39955,2025-01-12,353,Takeaway,1
9203,2025-01-12,353,Third-party Delivery,1
3675,2025-01-12,353,Dine-in,1
25666,2025-01-12,353,Dine-in,1
5026,2025-01-12,353,Third-party Delivery,1
15893,2025-01-12,353,Takeaway,1
32422,2025-01-12,353,Website/App,1
21223,2025-01-12,353,Takeaway,1
922,2025-01-12,353,Third-party Delivery,1
25995,2025-01-12,353,Dine-in,1
146,2025-01-12,353,Third-party Delivery,1
184,2025-01-13,352,Takeaway,1
8650,2025-01-13,352,Website/App,1
21058,2025-01-13,352,Third-party Delivery,1
17348,2025-01-13,352,Third-party Delivery,1
18011,2025-01-13,352,Dine-in,1
39409,2025-01-13,352,Website/App,2
9430,2025-01-13,352,Takeaway,1
16993,2025-01-13,352,Takeaway,1
11549,2025-01-13,352,Dine-in,1
45709,2025-01-13,352,Dine-in,1
20535,2025-01-13,352,Third-party Delivery,1
45238,2025-01-13,352,Takeaway,1
11127,2025-01-13,352,Website/App,1
31663,2025-01-13,352,Third-party Delivery,1
12625,2025-01-13,352,Third-party Delivery,1
33242,2025-01-13,352,Website/App,1
49330,2025-01-13,352,Takeaway,1
948,2025-01-13,352,Takeaway,1
4838,2025-01-13,352,Third-party Delivery,1
40910,2025-01-13,352,Takeaway,2
7451,2025-01-13,352,Website/App,1
7480,2025-01-13,352,Website/App,1
16348,2025-01-13,352,Takeaway,1
3644,2025-01-13,352,Dine-in,1
10966,2025-01-13,352,Dine-in,1
31755,2025-01-13,352,Third-party Delivery,1
803,2025-01-13,352,Dine-in,1
46469,2025-01-13,352,Takeaway,1
2341,2025-01-13,352,Third-party Delivery,1
40699,2025-01-13,352,Takeaway,1
30406,2025-01-14,351,Dine-in,1
42991,2025-01-14,351,Website/App,1
31157,2025-01-14,351,Third-party Delivery,1
406,2025-01-14,351,Dine-in,1
31766,2025-01-14,351,Third-party Delivery,1
24369,2025-01-14,351,Website/App,1
44095,2025-01-14,351,Dine-in,1
6153,2025-01-14,351,Website/App,2
8661,2025-01-14,351,Takeaway,1
36187,2025-01-14,351,Third-party Delivery,1
35887,2025-01-14,351,Third-party Delivery,1
41120,2025-01-14,351,Website/App,1
43717,2025-01-14,351,Third-party Delivery,1
37825,2025-01-14,351,Takeaway,1
26548,2025-01-14,351,Website/App,1
41066,2025-01-14,351,Third-party Delivery,1
29597,2025-01-14,351,Takeaway,1
12672,2025-01-14,351,Third-party Delivery,1
30089,2025-01-14,351,Website/App,1
1265,2025-01-14,351,Dine-in,1
10208,2025-01-14,351,Dine-in,1
4992,2025-01-15,350,Takeaway,1
20597,2025-01-15,350,Dine-in,1
21430,2025-01-15,350,Dine-in,1
42436,2025-01-15,350,Website/App,1
37973,2025-01-15,350,Takeaway,1
48352,2025-01-15,350,Third-party Delivery,1
31364,2025-01-15,350,Takeaway,1
6355,2025-01-15,350,Takeaway,1
15443,2025-01-15,350,Takeaway,1
42331,2025-01-15,350,Third-party Delivery,1
48185,2025-01-15,350,Takeaway,1
44683,2025-01-15,350,Takeaway,1
16228,2025-01-15,350,Third-party Delivery,1
20349,2025-01-15,350,Dine-in,1
15876,2025-01-15,350,Dine-in,1
5045,2025-01-15,350,Website/App,2
30353,2025-01-15,350,Dine-in,1
33140,2025-01-15,350,Website/App,1
33177,2025-01-15,350,Third-party Delivery,2
35934,2025-01-15,350,Takeaway,1
33889,2025-01-15,350,Website/App,1
17400,2025-01-15,350,Dine-in,2
8984,2025-01-15,350,Website/App,1
13303,2025-01-15,350,Website/App,1
33828,2025-01-15,350,Dine-in,1
14701,2025-01-15,350,Third-party Delivery,1
40524,2025-01-15,350,Takeaway,1
44971,2025-01-15,350,Third-party Delivery,1
39645,2025-01-15,350,Third-party Delivery,1
48849,2025-01-15,350,Website/App,2
39773,2025-01-15,350,Takeaway,1
36585,2025-01-15,350,Third-party Delivery,1
23523,2025-01-16,349,Dine-in,2
3567,2025-01-16,349,Third-party Delivery,1
37943,2025-01-16,349,Website/App,1
16786,2025-01-16,349,Takeaway,1
16812,2025-01-16,349,Website/App,1
33418,2025-01-16,349,Takeaway,1
43617,2025-01-16,349,Takeaway,1
6345,2025-01-16,349,Third-party Delivery,1
18022,2025-01-16,349,Dine-in,1
4713,2025-01-16,349,Takeaway,1
26105,2025-01-16,349,Third-party Delivery,1
31463,2025-01-16,349,Website/App,1
35608,2025-01-16,349,Takeaway,1
35718,2025-01-16,349,Third-party Delivery,1
19294,2025-01-16,349,Takeaway,1
42311,2025-01-16,349,Dine-in,1
38251,2025-01-16,349,Takeaway,1
47086,2025-01-16,349,Dine-in,1
44801,2025-01-16,349,Dine-in,1
1625,2025-01-16,349,Website/App,2
22876,2025-01-16,349,Website/App,1
10232,2025-01-16,349,Website/App,1
26183,2025-01-16,349,Dine-in,1
39982,2025-01-16,349,Third-party Delivery,1
8584,2025-01-16,349,Third-party Delivery,1
11157,2025-01-16,349,Takeaway,1
47856,2025-01-16,349,Takeaway,1
1495,2025-01-16,349,Third-party Delivery,1
31014,2025-01-16,349,Third-party Delivery,1
3679,2025-01-16,349,Website/App,1
18936,2025-01-16,349,Website/App,1
220,2025-01-16,349,Dine-in,1
13124,2025-01-17,348,Third-party Delivery,1
28652,2025-01-17,348,Dine-in,2
2080,2025-01-17,348,Dine-in,1
49431,2025-01-17,348,Dine-in,1
4620,2025-01-17,348,Takeaway,1
2387,2025-01-17,348,Third-party Delivery,1
48058,2025-01-17,348,Dine-in,1
18550,2025-01-17,348,Dine-in,1
38627,2025-01-17,348,Third-party Delivery,1
17123,2025-01-17,348,Dine-in,1
23450,2025-01-17,348,Dine-in,1
39413,2025-01-17,348,Website/App,1
2792,2025-01-17,348,Website/App,1
17585,2025-01-17,348,Third-party Delivery,1
22825,2025-01-17,348,Dine-in,1
23508,2025-01-17,348,Dine-in,1
47651,2025-01-17,348,Third-party Delivery,1
37513,2025-01-17,348,Third-party Delivery,1
21277,2025-01-17,348,Takeaway,1
19797,2025-01-17,348,Dine-in,1
19464,2025-01-18,347,Takeaway,1
22084,2025-01-18,347,Takeaway,1
10832,2025-01-18,347,Dine-in,1
12721,2025-01-18,347,Dine-in,1
34981,2025-01-18,347,Takeaway,1
2278,2025-01-18,347,Website/App,1
34086,2025-01-18,347,Dine-in,1
19684,2025-01-18,347,Takeaway,1
23555,2025-01-18,347,Website/App,1
33573,2025-01-18,347,Dine-in,1
1859,2025-01-18,347,Third-party Delivery,2
37678,2025-01-18,347,Third-party Delivery,2
17556,2025-01-18,347,Website/App,1
37147,2025-01-18,347,Dine-in,1
32483,2025-01-18,347,Dine-in,1
4092,2025-01-18,347,Website/App,1
12253,2025-01-18,347,Third-party Delivery,1
45078,2025-01-18,347,Website/App,1
16111,2025-01-18,347,Takeaway,1
44739,2025-01-18,347,Takeaway,1
41633,2025-01-18,347,Third-party Delivery,1
25536,2025-01-18,347,Website/App,1
4907,2025-01-18,347,Dine-in,1
39736,2025-01-18,347,Third-party Delivery,1
45479,2025-01-18,347,Dine-in,1
32787,2025-01-18,347,Takeaway,1
21569,2025-01-18,347,Takeaway,1
21557,2025-01-18,347,Takeaway,1
14165,2025-01-18,347,Third-party Delivery,1
24286,2025-01-18,347,Takeaway,1
18084,2025-01-18,347,Third-party Delivery,1
395,2025-01-18,347,Takeaway,2
12794,2025-01-18,347,Dine-in,1
45374,2025-01-18,347,Third-party Delivery,1
45300,2025-01-18,347,Third-party Delivery,1
44663,2025-01-18,347,Dine-in,1
10011,2025-01-18,347,Third-party Delivery,1
7766,2025-01-18,347,Third-party Delivery,1
34413,2025-01-18,347,Dine-in,1
11281,2025-01-18,347,Third-party Delivery,1
18890,2025-01-18,347,Takeaway,1
15176,2025-01-19,346,Website/App,1
16044,2025-01-19,346,Third-party Delivery,1
34374,2025-01-19,346,Dine-in,1
12646,2025-01-19,346,Third-party Delivery,1
12115,2025-01-19,346,Takeaway,1
13212,2025-01-19,346,Website/App,1
8519,2025-01-19,346,Third-party Delivery,1
49720,2025-01-19,346,Third-party Delivery,1
5782,2025-01-19,346,Website/App,1
43571,2025-01-19,346,Website/App,1
13532,2025-01-19,346,Takeaway,1
2707,2025-01-19,346,Takeaway,1
22396,2025-01-19,346,Website/App,2
27880,2025-01-19,346,Third-party Delivery,1
44949,2025-01-19,346,Takeaway,1
32217,2025-01-19,346,Third-party Delivery,1
20459,2025-01-19,346,Dine-in,1
44684,2025-01-19,346,Takeaway,1
44602,2025-01-19,346,Website/App,2
38190,2025-01-19,346,Website/App,1
21666,2025-01-19,346,Dine-in,1
46465,2025-01-19,346,Takeaway,1
46397,2025-01-19,346,Website/App,1
46403,2025-01-19,346,Takeaway,1
2277,2025-01-19,346,Website/App,1
7771,2025-01-19,346,Takeaway,1
47046,2025-01-19,346,Third-party Delivery,1
4383,2025-01-19,346,Takeaway,1
5556,2025-01-19,346,Dine-in,1
48040,2025-01-19,346,Dine-in,1
29240,2025-01-19,346,Takeaway,1
44061,2025-01-19,346,Takeaway,1
19513,2025-01-19,346,Takeaway,1
719,2025-01-19,346,Dine-in,1
12719,2025-01-19,346,Website/App,1
44467,2025-01-19,346,Takeaway,1
14797,2025-01-19,346,Takeaway,1
5805,2025-01-19,346,Takeaway,1
19361,2025-01-19,346,Third-party Delivery,1
17648,2025-01-19,346,Website/App,2
36618,2025-01-19,346,Website/App,1
36655,2025-01-19,346,Third-party Delivery,1
26266,2025-01-19,346,Third-party Delivery,1
15375,2025-01-19,346,Dine-in,1
14943,2025-01-20,345,Website/App,1
18919,2025-01-20,345,Dine-in,1
21794,2025-01-20,345,Dine-in,2
35899,2025-01-20,345,Website/App,1
33234,2025-01-20,345,Website/App,1
14702,2025-01-20,345,Takeaway,1
19048,2025-01-20,345,Dine-in,1
45967,2025-01-20,345,Takeaway,1
19545,2025-01-20,345,Website/App,2
6683,2025-01-20,345,Website/App,1
42361,2025-01-20,345,Takeaway,1
46278,2025-01-20,345,Takeaway,1
32037,2025-01-20,345,Website/App,1
46428,2025-01-20,345,Website/App,2
10231,2025-01-20,345,Takeaway,1
20281,2025-01-20,345,Third-party Delivery,1
19726,2025-01-20,345,Takeaway,1
33521,2025-01-20,345,Dine-in,1
1438,2025-01-20,345,Website/App,1
37389,2025-01-20,345,Website/App,1
20928,2025-01-20,345,Takeaway,1
26067,2025-01-20,345,Website/App,1
49283,2025-01-20,345,Website/App,1
11787,2025-01-20,345,Third-party Delivery,1
32192,2025-01-20,345,Third-party Delivery,1
24960,2025-01-20,345,Third-party Delivery,1
15858,2025-01-20,345,Takeaway,1
8114,2025-01-20,345,Dine-in,1
42270,2025-01-21,344,Website/App,1
10778,2025-01-21,344,Website/App,1
40200,2025-01-21,344,Takeaway,1
49007,2025-01-21,344,Website/App,1
21568,2025-01-21,344,Third-party Delivery,1
45722,2025-01-21,344,Takeaway,1
46929,2025-01-21,344,Takeaway,1
21291,2025-01-21,344,Takeaway,2
10833,2025-01-21,344,Website/App,1
35972,2025-01-21,344,Dine-in,1
10404,2025-01-21,344,Dine-in,1
23467,2025-01-21,344,Dine-in,2
22944,2025-01-21,344,Takeaway,1
182,2025-01-21,344,Dine-in,1
25911,2025-01-21,344,Dine-in,1
26449,2025-01-21,344,Dine-in,1
13496,2025-01-21,344,Dine-in,2
48531,2025-01-21,344,Takeaway,1
32637,2025-01-21,344,Website/App,1
33606,2025-01-21,344,Dine-in,1
46371,2025-01-21,344,Dine-in,2
40907,2025-01-21,344,Takeaway,1
7026,2025-01-21,344,Website/App,1
24052,2025-01-21,344,Takeaway,1
31265,2025-01-21,344,Website/App,1
16235,2025-01-21,344,Takeaway,1
14120,2025-01-21,344,Website/App,1
7777,2025-01-21,344,Takeaway,1
451,2025-01-21,344,Dine-in,2
44374,2025-01-21,344,Takeaway,2
35784,2025-01-21,344,Website/App,1
48903,2025-01-21,344,Takeaway,1
39810,2025-01-21,344,Dine-in,1
21526,2025-01-21,344,Third-party Delivery,1
45572,2025-01-22,343,Takeaway,1
48818,2025-01-22,343,Website/App,1
40977,2025-01-22,343,Dine-in,1
8533,2025-01-22,343,Takeaway,1
884,2025-01-22,343,Takeaway,1
4864,2025-01-22,343,Takeaway,1
17966,2025-01-22,343,Third-party Delivery,1
45477,2025-01-22,343,Website/App,1
29883,2025-01-22,343,Third-party Delivery,2
12621,2025-01-22,343,Website/App,1
20402,2025-01-22,343,Third-party Delivery,1
30849,2025-01-22,343,Website/App,1
3901,2025-01-22,343,Third-party Delivery,1
45878,2025-01-22,343,Takeaway,1
27928,2025-01-22,343,Website/App,1
20204,2025-01-22,343,Website/App,2
11349,2025-01-22,343,Website/App,1
27107,2025-01-22,343,Takeaway,1
14555,2025-01-22,343,Third-party Delivery,1
40097,2025-01-22,343,Website/App,1
21885,2025-01-22,343,Website/App,1
9921,2025-01-22,343,Takeaway,1
32069,2025-01-22,343,Website/App,2
49577,2025-01-22,343,Takeaway,1
26111,2025-01-22,343,Takeaway,1
35305,2025-01-22,343,Dine-in,2
24802,2025-01-22,343,Takeaway,1
31759,2025-01-22,343,Dine-in,1
4798,2025-01-23,342,Website/App,1
41156,2025-01-23,342,Dine-in,1
1993,2025-01-23,342,Third-party Delivery,1
49870,2025-01-23,342,Third-party Delivery,1
1809,2025-01-23,342,Takeaway,2
46522,2025-01-23,342,Dine-in,1
46045,2025-01-23,342,Third-party Delivery,1
34509,2025-01-23,342,Website/App,1
752,2025-01-23,342,Third-party Delivery,2
7765,2025-01-23,342,Third-party Delivery,1
6306,2025-01-23,342,Third-party Delivery,2
29484,2025-01-23,342,Third-party Delivery,2
44596,2025-01-23,342,Website/App,1
19660,2025-01-23,342,Takeaway,1
16517,2025-01-23,342,Website/App,1
29388,2025-01-23,342,Takeaway,1
48021,2025-01-23,342,Dine-in,1
9200,2025-01-23,342,Website/App,1
14769,2025-01-23,342,Takeaway,1
1894,2025-01-23,342,Takeaway,1
44407,2025-01-23,342,Third-party Delivery,1
20396,2025-01-23,342,Takeaway,1
20461,2025-01-23,342,Dine-in,1
48687,2025-01-23,342,Takeaway,1
23627,2025-01-23,342,Takeaway,1
43774,2025-01-23,342,Takeaway,1
37783,2025-01-23,342,Dine-in,1
23165,2025-01-23,342,Website/App,1
32187,2025-01-23,342,Website/App,1
29830,2025-01-23,342,Dine-in,1
2616,2025-01-23,342,Third-party Delivery,1
30290,2025-01-23,342,Takeaway,1
22990,2025-01-23,342,Dine-in,2
10490,2025-01-23,342,Dine-in,2
20949,2025-01-23,342,Third-party Delivery,1
8674,2025-01-23,342,Third-party Delivery,1
8302,2025-01-23,342,Dine-in,1
49856,2025-01-23,342,Website/App,1
21108,2025-01-24,341,Takeaway,1
20873,2025-01-24,341,Third-party Delivery,1
43177,2025-01-24,341,Takeaway,1
36745,2025-01-24,341,Dine-in,1
15219,2025-01-24,341,Takeaway,1
36123,2025-01-24,341,Website/App,2
13011,2025-01-24,341,Dine-in,1
14214,2025-01-24,341,Third-party Delivery,1
49251,2025-01-24,341,Dine-in,1
2119,2025-01-24,341,Dine-in,1
6856,2025-01-24,341,Takeaway,1
40108,2025-01-24,341,Third-party Delivery,1
32680,2025-01-24,341,Dine-in,1
21521,2025-01-24,341,Third-party Delivery,1
3625,2025-01-24,341,Third-party Delivery,1
33797,2025-01-24,341,Website/App,1
24833,2025-01-24,341,Third-party Delivery,1
27882,2025-01-24,341,Takeaway,1
33729,2025-01-24,341,Website/App,1
31981,2025-01-24,341,Dine-in,2
44692,2025-01-24,341,Third-party Delivery,2
35776,2025-01-24,341,Takeaway,1
5579,2025-01-24,341,Website/App,1
21959,2025-01-24,341,Takeaway,1
28901,2025-01-24,341,Third-party Delivery,1
9927,2025-01-24,341,Third-party Delivery,1
30738,2025-01-24,341,Dine-in,1
7361,2025-01-25,340,Third-party Delivery,1
43164,2025-01-25,340,Dine-in,1
10752,2025-01-25,340,Takeaway,1
47058,2025-01-25,340,Website/App,2
22474,2025-01-25,340,Takeaway,1
31153,2025-01-25,340,Website/App,2
31087,2025-01-25,340,Dine-in,1
21853,2025-01-25,340,Takeaway,1
18946,2025-01-25,340,Third-party Delivery,1
44093,2025-01-25,340,Third-party Delivery,1
3851,2025-01-25,340,Dine-in,1
6696,2025-01-25,340,Website/App,1
18941,2025-01-25,340,Dine-in,1
11730,2025-01-25,340,Third-party Delivery,2
6930,2025-01-25,340,Dine-in,1
10456,2025-01-25,340,Dine-in,1
17975,2025-01-25,340,Website/App,1
43046,2025-01-25,340,Third-party Delivery,1
10447,2025-01-25,340,Third-party Delivery,1
47309,2025-01-25,340,Dine-in,1
486,2025-01-25,340,Website/App,2
37639,2025-01-25,340,Third-party Delivery,2
13495,2025-01-25,340,Website/App,1
2848,2025-01-25,340,Website/App,1
23180,2025-01-25,340,Third-party Delivery,1
14513,2025-01-25,340,Dine-in,1
46024,2025-01-25,340,Third-party Delivery,1
46430,2025-01-25,340,Dine-in,1
48428,2025-01-25,340,Third-party Delivery,1
15979,2025-01-25,340,Dine-in,1
34226,2025-01-25,340,Dine-in,1
1534,2025-01-25,340,Takeaway,1
11136,2025-01-25,340,Dine-in,1
46044,2025-01-25,340,Third-party Delivery,2
3834,2025-01-25,340,Takeaway,1
13776,2025-01-25,340,Website/App,1
24284,2025-01-25,340,Third-party Delivery,1
28801,2025-01-25,340,Website/App,1
16561,2025-01-25,340,Third-party Delivery,1
48331,2025-01-25,340,Takeaway,1
34151,2025-01-25,340,Website/App,1
19864,2025-01-25,340,Takeaway,1
34124,2025-01-25,340,Website/App,2
6855,2025-01-25,340,Takeaway,1
9104,2025-01-25,340,Third-party Delivery,1
26874,2025-01-25,340,Takeaway,1
3270,2025-01-25,340,Dine-in,1
39474,2025-01-26,339,Takeaway,1
34011,2025-01-26,339,Website/App,1
32197,2025-01-26,339,Dine-in,1
26727,2025-01-26,339,Third-party Delivery,1
14899,2025-01-26,339,Dine-in,1
46233,2025-01-26,339,Dine-in,1
46304,2025-01-26,339,Dine-in,1
34467,2025-01-26,339,Dine-in,2
27374,2025-01-26,339,Third-party Delivery,1
18828,2025-01-26,339,Third-party Delivery,1
34905,2025-01-26,339,Dine-in,1
18842,2025-01-26,339,Dine-in,1
10075,2025-01-26,339,Third-party Delivery,1
5622,2025-01-26,339,Dine-in,1
29229,2025-01-26,339,Third-party Delivery,1
1233,2025-01-26,339,Website/App,1
870,2025-01-26,339,Dine-in,2
18275,2025-01-26,339,Takeaway,1
37405,2025-01-26,339,Takeaway,1
21042,2025-01-26,339,Website/App,1
14845,2025-01-26,339,Dine-in,1
32986,2025-01-26,339,Third-party Delivery,1
23387,2025-01-26,339,Dine-in,1
17756,2025-01-26,339,Dine-in,1
17327,2025-01-26,339,Dine-in,2
49824,2025-01-26,339,Takeaway,1
11774,2025-01-26,339,Third-party Delivery,1
47642,2025-01-26,339,Takeaway,1
20431,2025-01-26,339,Third-party Delivery,1
48516,2025-01-26,339,Third-party Delivery,1
34205,2025-01-26,339,Website/App,1
14064,2025-01-26,339,Takeaway,1
47077,2025-01-26,339,Dine-in,1
39454,2025-01-27,338,Takeaway,1
34571,2025-01-27,338,Dine-in,1
27225,2025-01-27,338,Website/App,1
9158,2025-01-27,338,Third-party Delivery,1
26731,2025-01-27,338,Third-party Delivery,1
21951,2025-01-27,338,Takeaway,1
49660,2025-01-27,338,Website/App,1
22774,2025-01-27,338,Dine-in,1
8456,2025-01-27,338,Website/App,2
1950,2025-01-27,338,Dine-in,1
23453,2025-01-27,338,Third-party Delivery,2
17193,2025-01-27,338,Dine-in,1
43006,2025-01-27,338,Takeaway,1
40998,2025-01-27,338,Dine-in,1
7373,2025-01-27,338,Dine-in,1
6520,2025-01-27,338,Website/App,1
25670,2025-01-27,338,Takeaway,1
41889,2025-01-27,338,Website/App,1
20534,2025-01-27,338,Website/App,1
38847,2025-01-27,338,Takeaway,1
44600,2025-01-27,338,Third-party Delivery,1
21837,2025-01-27,338,Dine-in,1
48094,2025-01-27,338,Takeaway,1
22605,2025-01-27,338,Takeaway,2
9847,2025-01-27,338,Third-party Delivery,2
29102,2025-01-27,338,Third-party Delivery,1
46521,2025-01-27,338,Dine-in,2
33360,2025-01-27,338,Takeaway,1
28362,2025-01-27,338,Third-party Delivery,1
12347,2025-01-27,338,Website/App,1
4250,2025-01-27,338,Dine-in,1
42582,2025-01-28,337,Takeaway,1
22423,2025-01-28,337,Takeaway,1
31272,2025-01-28,337,Takeaway,1
6486,2025-01-28,337,Dine-in,1
49808,2025-01-28,337,Website/App,1
36331,2025-01-28,337,Third-party Delivery,1
2758,2025-01-28,337,Takeaway,1
12228,2025-01-28,337,Website/App,1
44798,2025-01-28,337,Takeaway,1
20269,2025-01-28,337,Website/App,1
25017,2025-01-28,337,Website/App,1
21335,2025-01-28,337,Dine-in,1
45167,2025-01-28,337,Third-party Delivery,1
8045,2025-01-28,337,Third-party Delivery,2
7473,2025-01-28,337,Website/App,1
30015,2025-01-28,337,Takeaway,1
30041,2025-01-28,337,Website/App,1
2482,2025-01-28,337,Dine-in,1
16842,2025-01-28,337,Dine-in,1
33153,2025-01-28,337,Takeaway,1
10030,2025-01-28,337,Dine-in,1
35722,2025-01-28,337,Third-party Delivery,1
4363,2025-01-28,337,Website/App,1
28640,2025-01-28,337,Dine-in,1
23314,2025-01-29,336,Dine-in,1
7902,2025-01-29,336,Website/App,1
30198,2025-01-29,336,Dine-in,1
6917,2025-01-29,336,Website/App,1
49891,2025-01-29,336,Takeaway,1
20792,2025-01-29,336,Website/App,1
40308,2025-01-29,336,Website/App,1
37344,2025-01-29,336,Website/App,1
37179,2025-01-29,336,Dine-in,1
7001,2025-01-29,336,Dine-in,2
8339,2025-01-29,336,Dine-in,1
47406,2025-01-29,336,Takeaway,1
28602,2025-01-29,336,Dine-in,2
3803,2025-01-29,336,Website/App,1
5673,2025-01-29,336,Third-party Delivery,1
19012,2025-01-29,336,Third-party Delivery,1
34858,2025-01-29,336,Takeaway,1
43948,2025-01-29,336,Third-party Delivery,1
43702,2025-01-29,336,Website/App,1
10056,2025-01-29,336,Third-party Delivery,2
21960,2025-01-29,336,Website/App,1
4447,2025-01-29,336,Takeaway,1
39121,2025-01-29,336,Dine-in,1
34454,2025-01-29,336,Website/App,1
34133,2025-01-29,336,Takeaway,1
45082,2025-01-29,336,Third-party Delivery,2
27035,2025-01-29,336,Dine-in,1
37,2025-01-30,335,Third-party Delivery,2
18309,2025-01-30,335,Website/App,1
18507,2025-01-30,335,Dine-in,1
36801,2025-01-30,335,Takeaway,1
5249,2025-01-30,335,Takeaway,1
12600,2025-01-30,335,Website/App,1
12749,2025-01-30,335,Website/App,1
35063,2025-01-30,335,Takeaway,1
1786,2025-01-30,335,Third-party Delivery,1
27918,2025-01-30,335,Third-party Delivery,1
18514,2025-01-30,335,Takeaway,1
47324,2025-01-30,335,Website/App,2
31162,2025-01-30,335,Dine-in,1
41994,2025-01-30,335,Dine-in,1
46046,2025-01-30,335,Dine-in,1
46554,2025-01-30,335,Third-party Delivery,1
26958,2025-01-30,335,Dine-in,1
49590,2025-01-30,335,Website/App,3
11517,2025-01-30,335,Dine-in,1
10427,2025-01-30,335,Takeaway,1
1556,2025-01-30,335,Takeaway,1
30118,2025-01-30,335,Takeaway,2
11906,2025-01-30,335,Dine-in,1
11805,2025-01-30,335,Dine-in,1
12195,2025-01-30,335,Third-party Delivery,1
13382,2025-01-30,335,Website/App,1
31239,2025-01-30,335,Website/App,1
33432,2025-01-30,335,Third-party Delivery,1
41161,2025-01-30,335,Third-party Delivery,1
44299,2025-01-31,334,Takeaway,1
7580,2025-01-31,334,Takeaway,1
6575,2025-01-31,334,Third-party Delivery,1
40696,2025-01-31,334,Dine-in,1
14039,2025-01-31,334,Takeaway,1
34498,2025-01-31,334,Website/App,2
19010,2025-01-31,334,Takeaway,3
13542,2025-01-31,334,Dine-in,2
28020,2025-01-31,334,Website/App,1
26516,2025-01-31,334,Third-party Delivery,1
6862,2025-01-31,334,Website/App,1
45782,2025-01-31,334,Third-party Delivery,1
35045,2025-01-31,334,Dine-in,1
25308,2025-01-31,334,Takeaway,1
38391,2025-01-31,334,Takeaway,2
33531,2025-01-31,334,Website/App,1
45458,2025-01-31,334,Third-party Delivery,1
32529,2025-01-31,334,Dine-in,1
39991,2025-01-31,334,Website/App,1
23106,2025-01-31,334,Dine-in,1
29937,2025-01-31,334,Website/App,1
5693,2025-01-31,334,Dine-in,1
23238,2025-01-31,334,Takeaway,1
49857,2025-01-31,334,Takeaway,1
8332,2025-01-31,334,Dine-in,1
25260,2025-01-31,334,Website/App,1
46270,2025-01-31,334,Third-party Delivery,1
41612,2025-01-31,334,Third-party Delivery,2
41876,2025-01-31,334,Third-party Delivery,1
16150,2025-01-31,334,Dine-in,1
2145,2025-01-31,334,Third-party Delivery,1
48149,2025-02-01,333,Website/App,1
40766,2025-02-01,333,Dine-in,2
35050,2025-02-01,333,Takeaway,1
28455,2025-02-01,333,Website/App,3
25317,2025-02-01,333,Third-party Delivery,1
37657,2025-02-01,333,Third-party Delivery,2
6508,2025-02-01,333,Dine-in,3
34891,2025-02-01,333,Takeaway,1
42790,2025-02-01,333,Takeaway,1
35251,2025-02-01,333,Website/App,1
40466,2025-02-01,333,Takeaway,1
44634,2025-02-01,333,Takeaway,1
37817,2025-02-01,333,Third-party Delivery,1
8731,2025-02-01,333,Third-party Delivery,2
12784,2025-02-01,333,Website/App,1
10564,2025-02-01,333,Takeaway,1
41614,2025-02-01,333,Website/App,1
32143,2025-02-01,333,Third-party Delivery,1
38687,2025-02-01,333,Dine-in,1
24489,2025-02-01,333,Dine-in,1
24763,2025-02-01,333,Website/App,1
21528,2025-02-01,333,Dine-in,1
47446,2025-02-01,333,Takeaway,1
27218,2025-02-01,333,Website/App,2
18008,2025-02-01,333,Third-party Delivery,1
39457,2025-02-01,333,Dine-in,1
39504,2025-02-01,333,Website/App,1
31069,2025-02-01,333,Third-party Delivery,2
26084,2025-02-01,333,Dine-in,1
39615,2025-02-01,333,Third-party Delivery,1
42038,2025-02-01,333,Website/App,1
32683,2025-02-01,333,Third-party Delivery,1
11581,2025-02-01,333,Third-party Delivery,1
11626,2025-02-01,333,Third-party Delivery,2
47535,2025-02-01,333,Dine-in,2
42211,2025-02-01,333,Takeaway,1
14215,2025-02-01,333,Takeaway,1
16378,2025-02-01,333,Takeaway,1
33471,2025-02-01,333,Website/App,1
20513,2025-02-01,333,Dine-in,1
10145,2025-02-01,333,Takeaway,1
38529,2025-02-01,333,Website/App,1
32981,2025-02-01,333,Dine-in,1
7184,2025-02-01,333,Third-party Delivery,1
7191,2025-02-01,333,Third-party Delivery,1
11444,2025-02-01,333,Third-party Delivery,1
16096,2025-02-01,333,Website/App,2
34567,2025-02-02,332,Takeaway,2
42709,2025-02-02,332,Website/App,1
18405,2025-02-02,332,Third-party Delivery,1
49639,2025-02-02,332,Dine-in,1
8546,2025-02-02,332,Takeaway,1
25327,2025-02-02,332,Takeaway,1
8294,2025-02-02,332,Dine-in,1
27157,2025-02-02,332,Website/App,1
21495,2025-02-02,332,Takeaway,1
22766,2025-02-02,332,Website/App,1
10911,2025-02-02,332,Dine-in,1
32283,2025-02-02,332,Third-party Delivery,1
4965,2025-02-02,332,Dine-in,1
9076,2025-02-02,332,Dine-in,1
46891,2025-02-02,332,Third-party Delivery,1
3715,2025-02-02,332,Takeaway,1
28453,2025-02-02,332,Website/App,1
41475,2025-02-02,332,Third-party Delivery,1
5217,2025-02-02,332,Website/App,2
5223,2025-02-02,332,Takeaway,1
15315,2025-02-02,332,Dine-in,1
1798,2025-02-02,332,Takeaway,1
43920,2025-02-02,332,Takeaway,1
13951,2025-02-02,332,Website/App,1
12866,2025-02-02,332,Third-party Delivery,2
19335,2025-02-02,332,Takeaway,2
28964,2025-02-02,332,Website/App,1
19340,2025-02-02,332,Dine-in,1
33996,2025-02-02,332,Dine-in,1
42770,2025-02-02,332,Website/App,1
37598,2025-02-02,332,Dine-in,1
42708,2025-02-02,332,Takeaway,3
15269,2025-02-02,332,Takeaway,1
49175,2025-02-02,332,Takeaway,1
4629,2025-02-02,332,Website/App,1
13480,2025-02-02,332,Dine-in,1
39312,2025-02-02,332,Dine-in,1
46527,2025-02-02,332,Takeaway,1
8677,2025-02-02,332,Dine-in,1
37748,2025-02-02,332,Website/App,1
4162,2025-02-02,332,Dine-in,1
29795,2025-02-02,332,Website/App,1
20064,2025-02-02,332,Dine-in,1
41477,2025-02-02,332,Website/App,1
22853,2025-02-02,332,Third-party Delivery,1
16532,2025-02-02,332,Third-party Delivery,1
21444,2025-02-02,332,Third-party Delivery,2
15782,2025-02-02,332,Takeaway,1
20814,2025-02-02,332,Dine-in,1
20875,2025-02-02,332,Third-party Delivery,1
33006,2025-02-02,332,Third-party Delivery,1
11816,2025-02-02,332,Website/App,1
10227,2025-02-02,332,Website/App,1
14689,2025-02-02,332,Third-party Delivery,1
945,2025-02-02,332,Takeaway,1
27986,2025-02-03,331,Dine-in,1
9333,2025-02-03,331,Takeaway,1
24723,2025-02-03,331,Dine-in,1
18909,2025-02-03,331,Dine-in,2
23914,2025-02-03,331,Dine-in,1
9040,2025-02-03,331,Website/App,1
36136,2025-02-03,331,Website/App,1
6359,2025-02-03,331,Website/App,1
43903,2025-02-03,331,Website/App,1
10253,2025-02-03,331,Takeaway,1
34049,2025-02-03,331,Website/App,1
6557,2025-02-03,331,Takeaway,2
42887,2025-02-03,331,Dine-in,1
42855,2025-02-03,331,Takeaway,1
42975,2025-02-03,331,Takeaway,2
35289,2025-02-03,331,Dine-in,1
42282,2025-02-03,331,Takeaway,1
14748,2025-02-03,331,Dine-in,2
10084,2025-02-03,331,Website/App,1
29680,2025-02-03,331,Dine-in,1
23598,2025-02-03,331,Website/App,1
33303,2025-02-03,331,Dine-in,1
2399,2025-02-03,331,Takeaway,1
45062,2025-02-03,331,Takeaway,1
20309,2025-02-03,331,Third-party Delivery,1
39176,2025-02-03,331,Third-party Delivery,1
16174,2025-02-03,331,Third-party Delivery,1
16198,2025-02-03,331,Website/App,1
15728,2025-02-03,331,Third-party Delivery,1
38658,2025-02-03,331,Takeaway,2
38744,2025-02-03,331,Third-party Delivery,1
39015,2025-02-03,331,Takeaway,1
42154,2025-02-03,331,Website/App,1
22367,2025-02-03,331,Website/App,1
46254,2025-02-03,331,Website/App,1
31090,2025-02-03,331,Third-party Delivery,1
22149,2025-02-03,331,Third-party Delivery,2
26534,2025-02-03,331,Third-party Delivery,1
8411,2025-02-03,331,Takeaway,1
4962,2025-02-03,331,Third-party Delivery,3
25658,2025-02-03,331,Website/App,1
24817,2025-02-04,330,Third-party Delivery,1
3005,2025-02-04,330,Website/App,1
7489,2025-02-04,330,Takeaway,1
2851,2025-02-04,330,Dine-in,1
39191,2025-02-04,330,Takeaway,2
21803,2025-02-04,330,Takeaway,1
44030,2025-02-04,330,Website/App,1
31215,2025-02-04,330,Third-party Delivery,1
48230,2025-02-04,330,Website/App,1
34866,2025-02-04,330,Third-party Delivery,1
6563,2025-02-04,330,Takeaway,1
39455,2025-02-04,330,Takeaway,1
9963,2025-02-04,330,Third-party Delivery,1
4159,2025-02-04,330,Third-party Delivery,1
5315,2025-02-04,330,Takeaway,1
42606,2025-02-04,330,Dine-in,1
12681,2025-02-04,330,Takeaway,1
17355,2025-02-04,330,Third-party Delivery,1
12918,2025-02-04,330,Website/App,1
5924,2025-02-04,330,Takeaway,1
20230,2025-02-04,330,Takeaway,1
7680,2025-02-04,330,Third-party Delivery,1
38853,2025-02-04,330,Takeaway,1
6350,2025-02-04,330,Takeaway,1
189,2025-02-04,330,Website/App,2
48896,2025-02-04,330,Website/App,1
10425,2025-02-04,330,Website/App,1
42245,2025-02-04,330,Dine-in,1
23031,2025-02-04,330,Website/App,1
39789,2025-02-04,330,Third-party Delivery,1
20993,2025-02-04,330,Dine-in,1
21706,2025-02-04,330,Takeaway,2
45179,2025-02-04,330,Website/App,2
30819,2025-02-04,330,Website/App,1
30809,2025-02-04,330,Takeaway,1
5701,2025-02-04,330,Third-party Delivery,1
24948,2025-02-05,329,Website/App,1
27786,2025-02-05,329,Dine-in,1
20002,2025-02-05,329,Dine-in,1
1733,2025-02-05,329,Takeaway,2
4143,2025-02-05,329,Takeaway,1
20285,2025-02-05,329,Dine-in,1
41490,2025-02-05,329,Takeaway,1
15894,2025-02-05,329,Dine-in,1
46751,2025-02-05,329,Dine-in,1
1192,2025-02-05,329,Takeaway,1
13559,2025-02-05,329,Website/App,1
22016,2025-02-05,329,Third-party Delivery,1
39399,2025-02-05,329,Dine-in,1
19593,2025-02-05,329,Third-party Delivery,1
30660,2025-02-05,329,Third-party Delivery,1
22491,2025-02-05,329,Website/App,1
23189,2025-02-05,329,Takeaway,1
45701,2025-02-05,329,Third-party Delivery,1
40061,2025-02-05,329,Takeaway,1
30454,2025-02-05,329,Third-party Delivery,1
39535,2025-02-05,329,Takeaway,1
31754,2025-02-05,329,Third-party Delivery,1
32567,2025-02-05,329,Third-party Delivery,1
9041,2025-02-05,329,Takeaway,1
49350,2025-02-05,329,Dine-in,1
40078,2025-02-05,329,Takeaway,1
28018,2025-02-05,329,Takeaway,2
13431,2025-02-05,329,Third-party Delivery,1
27204,2025-02-05,329,Dine-in,1
8998,2025-02-05,329,Third-party Delivery,1
49674,2025-02-05,329,Website/App,1
4719,2025-02-06,328,Website/App,1
7482,2025-02-06,328,Third-party Delivery,1
36549,2025-02-06,328,Takeaway,1
585,2025-02-06,328,Dine-in,1
17471,2025-02-06,328,Dine-in,1
10991,2025-02-06,328,Website/App,1
47476,2025-02-06,328,Third-party Delivery,1
23193,2025-02-06,328,Website/App,1
45940,2025-02-06,328,Website/App,1
39155,2025-02-06,328,Dine-in,1
31262,2025-02-06,328,Third-party Delivery,1
49777,2025-02-06,328,Takeaway,1
49599,2025-02-06,328,Third-party Delivery,2
404,2025-02-06,328,Takeaway,1
48005,2025-02-06,328,Dine-in,1
351,2025-02-06,328,Website/App,1
24285,2025-02-06,328,Third-party Delivery,2
28784,2025-02-06,328,Dine-in,1
15466,2025-02-06,328,Website/App,2
40435,2025-02-06,328,Website/App,3
40926,2025-02-06,328,Website/App,1
34448,2025-02-06,328,Third-party Delivery,1
16930,2025-02-06,328,Dine-in,1
19442,2025-02-06,328,Dine-in,1
37203,2025-02-06,328,Website/App,1
13584,2025-02-06,328,Dine-in,1
42573,2025-02-06,328,Takeaway,1
12251,2025-02-06,328,Third-party Delivery,1
20223,2025-02-06,328,Third-party Delivery,1
27357,2025-02-06,328,Website/App,2
42771,2025-02-06,328,Takeaway,1
7840,2025-02-06,328,Takeaway,1
24469,2025-02-06,328,Dine-in,1
3021,2025-02-06,328,Third-party Delivery,1
29465,2025-02-07,327,Third-party Delivery,1
44858,2025-02-07,327,Third-party Delivery,2
13874,2025-02-07,327,Third-party Delivery,1
44804,2025-02-07,327,Website/App,1
20041,2025-02-07,327,Dine-in,2
48038,2025-02-07,327,Website/App,1
10024,2025-02-07,327,Dine-in,1
1334,2025-02-07,327,Third-party Delivery,2
17918,2025-02-07,327,Dine-in,1
13463,2025-02-07,327,Takeaway,2
18144,2025-02-07,327,Third-party Delivery,1
5447,2025-02-07,327,Website/App,1
7219,2025-02-07,327,Dine-in,1
12066,2025-02-07,327,Third-party Delivery,1
11171,2025-02-07,327,Website/App,1
21679,2025-02-07,327,Website/App,1
7787,2025-02-07,327,Dine-in,1
39142,2025-02-07,327,Website/App,1
20430,2025-02-07,327,Third-party Delivery,1
6235,2025-02-07,327,Third-party Delivery,1
7912,2025-02-07,327,Dine-in,1
27665,2025-02-07,327,Website/App,1
21474,2025-02-07,327,Takeaway,3
15161,2025-02-07,327,Website/App,1
15931,2025-02-07,327,Dine-in,1
28804,2025-02-07,327,Dine-in,1
28500,2025-02-07,327,Takeaway,1
40523,2025-02-07,327,Takeaway,1
19360,2025-02-07,327,Website/App,1
3062,2025-02-07,327,Website/App,1
7804,2025-02-07,327,Third-party Delivery,1
9305,2025-02-07,327,Dine-in,1
6185,2025-02-07,327,Takeaway,1
1215,2025-02-07,327,Takeaway,1
9738,2025-02-07,327,Takeaway,1
34272,2025-02-07,327,Dine-in,1
7546,2025-02-07,327,Third-party Delivery,1
29438,2025-02-08,326,Third-party Delivery,1
12160,2025-02-08,326,Third-party Delivery,1
30834,2025-02-08,326,Website/App,1
28932,2025-02-08,326,Third-party Delivery,1
44436,2025-02-08,326,Takeaway,1
12629,2025-02-08,326,Third-party Delivery,1
6970,2025-02-08,326,Website/App,1
8415,2025-02-08,326,Takeaway,1
36662,2025-02-08,326,Third-party Delivery,1
33599,2025-02-08,326,Dine-in,1
44861,2025-02-08,326,Website/App,1
34479,2025-02-08,326,Dine-in,2
42595,2025-02-08,326,Website/App,3
19908,2025-02-08,326,Dine-in,1
31046,2025-02-08,326,Third-party Delivery,1
26025,2025-02-08,326,Website/App,1
36596,2025-02-08,326,Dine-in,1
34903,2025-02-08,326,Third-party Delivery,1
24038,2025-02-08,326,Takeaway,2
36202,2025-02-08,326,Website/App,1
1328,2025-02-08,326,Third-party Delivery,1
43135,2025-02-08,326,Website/App,1
42205,2025-02-08,326,Third-party Delivery,1
2231,2025-02-08,326,Takeaway,2
10436,2025-02-08,326,Takeaway,1
43012,2025-02-08,326,Takeaway,1
27088,2025-02-08,326,Dine-in,1
22571,2025-02-08,326,Website/App,1
3941,2025-02-08,326,Takeaway,1
30490,2025-02-08,326,Takeaway,3
32465,2025-02-08,326,Takeaway,2
41963,2025-02-08,326,Takeaway,2
44743,2025-02-08,326,Dine-in,2
22616,2025-02-08,326,Website/App,1
31716,2025-02-08,326,Third-party Delivery,1
45428,2025-02-08,326,Dine-in,1
45108,2025-02-08,326,Third-party Delivery,1
16662,2025-02-08,326,Third-party Delivery,1
17449,2025-02-08,326,Dine-in,1
17594,2025-02-08,326,Website/App,1
49321,2025-02-08,326,Third-party Delivery,2
13213,2025-02-08,326,Dine-in,1
40992,2025-02-08,326,Website/App,1
4926,2025-02-08,326,Website/App,1
625,2025-02-08,326,Third-party Delivery,1
8241,2025-02-08,326,Dine-in,1
41219,2025-02-08,326,Website/App,1
3004,2025-02-08,326,Dine-in,1
22282,2025-02-08,326,Takeaway,1
6233,2025-02-08,326,Dine-in,1
9401,2025-02-08,326,Dine-in,1
27773,2025-02-08,326,Third-party Delivery,1
24988,2025-02-08,326,Takeaway,1
24528,2025-02-08,326,Takeaway,1
29225,2025-02-08,326,Dine-in,1
29008,2025-02-08,326,Dine-in,1
30781,2025-02-09,325,Third-party Delivery,2
25688,2025-02-09,325,Website/App,1
8272,2025-02-09,325,Dine-in,1
6729,2025-02-09,325,Website/App,1
47057,2025-02-09,325,Dine-in,1
49460,2025-02-09,325,Third-party Delivery,1
27159,2025-02-09,325,Third-party Delivery,1
28934,2025-02-09,325,Third-party Delivery,1
38970,2025-02-09,325,Dine-in,1
43693,2025-02-09,325,Takeaway,1
654,2025-02-09,325,Dine-in,1
21874,2025-02-09,325,Dine-in,1
43642,2025-02-09,325,Website/App,1
43898,2025-02-09,325,Dine-in,1
9570,2025-02-09,325,Third-party Delivery,1
24538,2025-02-09,325,Website/App,1
27352,2025-02-09,325,Dine-in,1
39079,2025-02-09,325,Takeaway,1
14819,2025-02-09,325,Takeaway,2
23660,2025-02-09,325,Website/App,2
37866,2025-02-09,325,Takeaway,1
7938,2025-02-09,325,Third-party Delivery,1
17169,2025-02-09,325,Dine-in,1
44503,2025-02-09,325,Dine-in,1
44656,2025-02-09,325,Website/App,1
19546,2025-02-09,325,Third-party Delivery,1
15460,2025-02-09,325,Third-party Delivery,1
34022,2025-02-09,325,Website/App,2
21784,2025-02-09,325,Website/App,1
39283,2025-02-09,325,Third-party Delivery,1
21407,2025-02-09,325,Website/App,1
42364,2025-02-09,325,Third-party Delivery,1
30188,2025-02-09,325,Website/App,1
42338,2025-02-09,325,Dine-in,1
10513,2025-02-09,325,Dine-in,1
10651,2025-02-09,325,Takeaway,1
36795,2025-02-09,325,Website/App,1
47607,2025-02-09,325,Third-party Delivery,1
25512,2025-02-09,325,Third-party Delivery,1
17771,2025-02-09,325,Takeaway,1
17465,2025-02-09,325,Dine-in,1
18429,2025-02-09,325,Dine-in,1
36050,2025-02-09,325,Website/App,2
37073,2025-02-09,325,Takeaway,1
2649,2025-02-09,325,Dine-in,2
2693,2025-02-09,325,Dine-in,1
45020,2025-02-09,325,Takeaway,1
22776,2025-02-09,325,Website/App,1
30407,2025-02-09,325,Third-party Delivery,1
45383,2025-02-09,325,Dine-in,1
3509,2025-02-09,325,Website/App,2
32973,2025-02-09,325,Website/App,1
45475,2025-02-09,325,Website/App,1
22433,2025-02-09,325,Website/App,1
22672,2025-02-09,325,Dine-in,1
23084,2025-02-09,325,Website/App,1
39913,2025-02-09,325,Dine-in,1
2211,2025-02-09,325,Third-party Delivery,1
18158,2025-02-10,324,Third-party Delivery,2
13460,2025-02-10,324,Dine-in,1
43512,2025-02-10,324,Website/App,1
36237,2025-02-10,324,Takeaway,1
13881,2025-02-10,324,Dine-in,1
10185,2025-02-10,324,Website/App,1
3900,2025-02-10,324,Dine-in,2
9808,2025-02-10,324,Dine-in,1
18736,2025-02-10,324,Takeaway,1
31094,2025-02-10,324,Third-party Delivery,2
8074,2025-02-10,324,Website/App,2
44007,2025-02-10,324,Website/App,1
4436,2025-02-10,324,Takeaway,1
14888,2025-02-10,324,Dine-in,1
1164,2025-02-10,324,Dine-in,1
29635,2025-02-10,324,Website/App,3
12492,2025-02-10,324,Website/App,1
19754,2025-02-10,324,Dine-in,1
12634,2025-02-10,324,Website/App,2
30282,2025-02-10,324,Takeaway,2
42333,2025-02-10,324,Website/App,1
3498,2025-02-10,324,Takeaway,1
1989,2025-02-10,324,Third-party Delivery,1
17590,2025-02-10,324,Website/App,1
46346,2025-02-10,324,Website/App,1
18703,2025-02-10,324,Third-party Delivery,1
35816,2025-02-10,324,Dine-in,1
48778,2025-02-10,324,Website/App,1
46105,2025-02-10,324,Third-party Delivery,1
38113,2025-02-10,324,Takeaway,2
18557,2025-02-11,323,Website/App,1
35881,2025-02-11,323,Website/App,2
49099,2025-02-11,323,Third-party Delivery,1
36412,2025-02-11,323,Dine-in,1
1832,2025-02-11,323,Third-party Delivery,1
38839,2025-02-11,323,Dine-in,1
31982,2025-02-11,323,Third-party Delivery,1
32052,2025-02-11,323,Website/App,1
47326,2025-02-11,323,Takeaway,2
41917,2025-02-11,323,Third-party Delivery,1
11512,2025-02-11,323,Third-party Delivery,1
5679,2025-02-11,323,Dine-in,1
1564,2025-02-11,323,Third-party Delivery,1
10390,2025-02-11,323,Website/App,1
30236,2025-02-11,323,Takeaway,1
15696,2025-02-11,323,Dine-in,1
15699,2025-02-11,323,Website/App,1
11377,2025-02-11,323,Dine-in,1
36170,2025-02-11,323,Dine-in,2
43872,2025-02-11,323,Website/App,1
8250,2025-02-11,323,Takeaway,1
1059,2025-02-11,323,Website/App,3
40937,2025-02-11,323,Third-party Delivery,2
15435,2025-02-11,323,Takeaway,1
19483,2025-02-11,323,Third-party Delivery,1
34975,2025-02-11,323,Takeaway,1
6064,2025-02-11,323,Dine-in,1
37530,2025-02-11,323,Third-party Delivery,1
29536,2025-02-11,323,Dine-in,1
29722,2025-02-11,323,Website/App,2
48063,2025-02-11,323,Website/App,2
23446,2025-02-11,323,Website/App,3
39733,2025-02-11,323,Website/App,2
39460,2025-02-11,323,Dine-in,1
34745,2025-02-11,323,Dine-in,1
15854,2025-02-11,323,Takeaway,1
36628,2025-02-11,323,Takeaway,1
25001,2025-02-11,323,Dine-in,1
2216,2025-02-12,322,Dine-in,1
11625,2025-02-12,322,Dine-in,1
32075,2025-02-12,322,Website/App,1
14134,2025-02-12,322,Takeaway,2
2775,2025-02-12,322,Website/App,1
32720,2025-02-12,322,Dine-in,1
21155,2025-02-12,322,Dine-in,1
2854,2025-02-12,322,Takeaway,1
35456,2025-02-12,322,Takeaway,1
15989,2025-02-12,322,Takeaway,1
20658,2025-02-12,322,Website/App,1
322,2025-02-12,322,Third-party Delivery,1
13145,2025-02-12,322,Dine-in,1
40498,2025-02-12,322,Takeaway,1
7825,2025-02-12,322,Website/App,2
33172,2025-02-12,322,Dine-in,1
8252,2025-02-12,322,Third-party Delivery,1
8380,2025-02-12,322,Takeaway,2
49480,2025-02-12,322,Website/App,1
5450,2025-02-12,322,Third-party Delivery,1
12683,2025-02-12,322,Dine-in,1
44514,2025-02-12,322,Dine-in,2
41627,2025-02-12,322,Takeaway,1
2551,2025-02-12,322,Takeaway,1
13878,2025-02-12,322,Third-party Delivery,1
22465,2025-02-12,322,Website/App,1
33538,2025-02-12,322,Dine-in,1
47991,2025-02-12,322,Website/App,1
40472,2025-02-12,322,Third-party Delivery,1
48004,2025-02-12,322,Takeaway,1
4021,2025-02-12,322,Third-party Delivery,1
14534,2025-02-13,321,Third-party Delivery,1
48517,2025-02-13,321,Dine-in,1
10777,2025-02-13,321,Takeaway,2
9634,2025-02-13,321,Takeaway,1
31324,2025-02-13,321,Third-party Delivery,1
24945,2025-02-13,321,Takeaway,1
21905,2025-02-13,321,Website/App,1
20686,2025-02-13,321,Third-party Delivery,1
39197,2025-02-13,321,Website/App,1
32624,2025-02-13,321,Dine-in,1
20097,2025-02-13,321,Third-party Delivery,1
48363,2025-02-13,321,Website/App,1
24720,2025-02-13,321,Dine-in,1
37581,2025-02-13,321,Takeaway,1
9264,2025-02-13,321,Dine-in,1
26475,2025-02-13,321,Third-party Delivery,1
17769,2025-02-13,321,Takeaway,2
41858,2025-02-13,321,Third-party Delivery,1
41731,2025-02-13,321,Takeaway,1
41741,2025-02-13,321,Third-party Delivery,1
23076,2025-02-13,321,Takeaway,2
23828,2025-02-13,321,Dine-in,2
23499,2025-02-13,321,Website/App,1
2032,2025-02-13,321,Takeaway,1
49621,2025-02-13,321,Dine-in,2
9113,2025-02-13,321,Website/App,1
42593,2025-02-13,321,Takeaway,1
42757,2025-02-14,320,Third-party Delivery,1
6488,2025-02-14,320,Dine-in,1
29281,2025-02-14,320,Takeaway,1
22833,2025-02-14,320,Website/App,1
4267,2025-02-14,320,Website/App,1
49280,2025-02-14,320,Takeaway,2
49253,2025-02-14,320,Takeaway,1
25805,2025-02-14,320,Takeaway,1
9108,2025-02-14,320,Third-party Delivery,1
9064,2025-02-14,320,Website/App,1
25772,2025-02-14,320,Dine-in,2
9860,2025-02-14,320,Dine-in,1
15707,2025-02-14,320,Website/App,1
30190,2025-02-14,320,Dine-in,2
40244,2025-02-14,320,Website/App,1
40297,2025-02-14,320,Third-party Delivery,1
40105,2025-02-14,320,Takeaway,1
49555,2025-02-14,320,Website/App,2
18646,2025-02-14,320,Website/App,1
21285,2025-02-14,320,Third-party Delivery,1
31863,2025-02-14,320,Third-party Delivery,2
2014,2025-02-14,320,Dine-in,1
5822,2025-02-14,320,Takeaway,1
14953,2025-02-14,320,Dine-in,1
9219,2025-02-14,320,Takeaway,1
15942,2025-02-14,320,Third-party Delivery,2
46895,2025-02-14,320,Dine-in,2
40601,2025-02-14,320,Takeaway,1
37224,2025-02-14,320,Dine-in,1
1911,2025-02-14,320,Website/App,1
13783,2025-02-14,320,Third-party Delivery,1
14007,2025-02-14,320,Third-party Delivery,2
15831,2025-02-14,320,Third-party Delivery,2
44915,2025-02-14,320,Website/App,2
36979,2025-02-14,320,Takeaway,2
1587,2025-02-14,320,Third-party Delivery,1
24605,2025-02-14,320,Dine-in,1
21023,2025-02-14,320,Third-party Delivery,1
43665,2025-02-14,320,Dine-in,1
45661,2025-02-14,320,Takeaway,1
1423,2025-02-14,320,Dine-in,2
24456,2025-02-15,319,Dine-in,2
16010,2025-02-15,319,Third-party Delivery,1
22286,2025-02-15,319,Third-party Delivery,2
6159,2025-02-15,319,Takeaway,1
20029,2025-02-15,319,Dine-in,1
10784,2025-02-15,319,Third-party Delivery,1
46936,2025-02-15,319,Takeaway,1
25018,2025-02-15,319,Website/App,1
15439,2025-02-15,319,Dine-in,1
1595,2025-02-15,319,Third-party Delivery,1
1248,2025-02-15,319,Takeaway,1
49601,2025-02-15,319,Third-party Delivery,2
32301,2025-02-15,319,Website/App,1
17963,2025-02-15,319,Third-party Delivery,2
16156,2025-02-15,319,Takeaway,1
44675,2025-02-15,319,Website/App,1
23433,2025-02-15,319,Dine-in,1
4879,2025-02-15,319,Website/App,1
30218,2025-02-15,319,Website/App,1
15642,2025-02-15,319,Takeaway,2
42879,2025-02-15,319,Takeaway,1
14803,2025-02-15,319,Website/App,1
40025,2025-02-15,319,Website/App,1
19633,2025-02-15,319,Dine-in,1
41328,2025-02-15,319,Takeaway,1
34585,2025-02-15,319,Website/App,2
36877,2025-02-15,319,Website/App,2
7705,2025-02-15,319,Dine-in,1
17749,2025-02-15,319,Takeaway,1
24706,2025-02-15,319,Dine-in,1
41220,2025-02-15,319,Takeaway,1
36029,2025-02-15,319,Takeaway,1
20790,2025-02-15,319,Website/App,1
29079,2025-02-15,319,Website/App,1
7662,2025-02-15,319,Dine-in,1
6444,2025-02-15,319,Dine-in,1
33474,2025-02-15,319,Website/App,1
24114,2025-02-15,319,Third-party Delivery,1
34949,2025-02-15,319,Dine-in,1
34250,2025-02-15,319,Takeaway,1
34235,2025-02-15,319,Takeaway,2
34446,2025-02-15,319,Dine-in,1
2787,2025-02-15,319,Takeaway,1
16695,2025-02-15,319,Third-party Delivery,1
36558,2025-02-15,319,Third-party Delivery,1
43145,2025-02-15,319,Takeaway,1
8461,2025-02-15,319,Third-party Delivery,1
26480,2025-02-15,319,Website/App,1
837,2025-02-15,319,Takeaway,1
38874,2025-02-15,319,Takeaway,1
42396,2025-02-15,319,Dine-in,1
32922,2025-02-16,318,Website/App,1
16372,2025-02-16,318,Third-party Delivery,2
21303,2025-02-16,318,Third-party Delivery,1
16551,2025-02-16,318,Takeaway,1
32193,2025-02-16,318,Dine-in,1
46287,2025-02-16,318,Takeaway,1
7076,2025-02-16,318,Takeaway,1
1039,2025-02-16,318,Takeaway,1
27581,2025-02-16,318,Dine-in,2
35382,2025-02-16,318,Third-party Delivery,2
16564,2025-02-16,318,Third-party Delivery,2
43335,2025-02-16,318,Third-party Delivery,1
36367,2025-02-16,318,Third-party Delivery,2
11938,2025-02-16,318,Takeaway,2
38449,2025-02-16,318,Third-party Delivery,2
38607,2025-02-16,318,Dine-in,1
30875,2025-02-16,318,Takeaway,1
1210,2025-02-16,318,Dine-in,1
1202,2025-02-16,318,Website/App,1
30798,2025-02-16,318,Dine-in,1
45069,2025-02-16,318,Takeaway,1
48322,2025-02-16,318,Third-party Delivery,2
33334,2025-02-16,318,Website/App,1
43041,2025-02-16,318,Dine-in,1
16210,2025-02-16,318,Takeaway,1
41024,2025-02-16,318,Third-party Delivery,1
96,2025-02-16,318,Dine-in,1
23041,2025-02-16,318,Third-party Delivery,1
10113,2025-02-16,318,Third-party Delivery,1
30004,2025-02-16,318,Third-party Delivery,1
40024,2025-02-16,318,Third-party Delivery,1
39584,2025-02-16,318,Takeaway,1
4337,2025-02-16,318,Dine-in,1
47396,2025-02-16,318,Third-party Delivery,1
12715,2025-02-16,318,Website/App,1
19974,2025-02-16,318,Website/App,2
22827,2025-02-16,318,Third-party Delivery,1
34529,2025-02-16,318,Takeaway,1
41147,2025-02-16,318,Dine-in,1
37183,2025-02-16,318,Takeaway,1
35114,2025-02-16,318,Third-party Delivery,1
29184,2025-02-16,318,Website/App,1
34894,2025-02-16,318,Website/App,1
40862,2025-02-16,318,Takeaway,1
47984,2025-02-16,318,Website/App,1
22375,2025-02-16,318,Website/App,1
12067,2025-02-16,318,Third-party Delivery,1
12238,2025-02-16,318,Takeaway,1
33719,2025-02-16,318,Dine-in,1
14042,2025-02-16,318,Website/App,1
35584,2025-02-16,318,Dine-in,1
34147,2025-02-16,318,Third-party Delivery,2
14840,2025-02-16,318,Website/App,1
33037,2025-02-17,317,Third-party Delivery,1
6656,2025-02-17,317,Website/App,2
33901,2025-02-17,317,Website/App,1
38316,2025-02-17,317,Third-party Delivery,2
24557,2025-02-17,317,Website/App,1
24580,2025-02-17,317,Takeaway,2
39328,2025-02-17,317,Takeaway,1
9615,2025-02-17,317,Takeaway,1
40578,2025-02-17,317,Third-party Delivery,1
21434,2025-02-17,317,Third-party Delivery,1
18108,2025-02-17,317,Dine-in,1
25168,2025-02-17,317,Takeaway,1
36354,2025-02-17,317,Third-party Delivery,1
6412,2025-02-17,317,Third-party Delivery,1
14286,2025-02-17,317,Dine-in,2
3728,2025-02-17,317,Dine-in,1
14536,2025-02-17,317,Dine-in,1
40932,2025-02-17,317,Website/App,1
34295,2025-02-17,317,Dine-in,1
6071,2025-02-17,317,Dine-in,1
4300,2025-02-17,317,Dine-in,1
33581,2025-02-17,317,Third-party Delivery,1
20435,2025-02-17,317,Third-party Delivery,1
42697,2025-02-17,317,Takeaway,1
41631,2025-02-17,317,Website/App,1
42898,2025-02-17,317,Website/App,1
15678,2025-02-17,317,Website/App,2
16772,2025-02-17,317,Third-party Delivery,1
47912,2025-02-17,317,Dine-in,1
33647,2025-02-17,317,Takeaway,1
38798,2025-02-17,317,Third-party Delivery,2
31992,2025-02-17,317,Website/App,1
49297,2025-02-17,317,Third-party Delivery,1
26923,2025-02-17,317,Website/App,1
49153,2025-02-18,316,Website/App,1
17475,2025-02-18,316,Dine-in,1
9314,2025-02-18,316,Dine-in,2
16703,2025-02-18,316,Takeaway,1
13035,2025-02-18,316,Third-party Delivery,1
43972,2025-02-18,316,Third-party Delivery,1
24063,2025-02-18,316,Third-party Delivery,2
37812,2025-02-18,316,Dine-in,1
9604,2025-02-18,316,Third-party Delivery,1
27721,2025-02-18,316,Dine-in,1
6396,2025-02-18,316,Third-party Delivery,1
1421,2025-02-18,316,Dine-in,1
22385,2025-02-18,316,Dine-in,1
41753,2025-02-18,316,Website/App,1
2576,2025-02-18,316,Website/App,2
35160,2025-02-18,316,Website/App,1
20562,2025-02-18,316,Dine-in,1
2639,2025-02-18,316,Takeaway,1
41256,2025-02-18,316,Website/App,1
31657,2025-02-18,316,Website/App,1
46779,2025-02-18,316,Takeaway,1
37011,2025-02-18,316,Third-party Delivery,1
45468,2025-02-18,316,Third-party Delivery,1
38268,2025-02-18,316,Website/App,1
45302,2025-02-18,316,Website/App,1
34889,2025-02-18,316,Takeaway,1
8704,2025-02-18,316,Website/App,1
5305,2025-02-18,316,Website/App,1
38864,2025-02-18,316,Third-party Delivery,1
29483,2025-02-18,316,Dine-in,1
7733,2025-02-18,316,Dine-in,1
7365,2025-02-18,316,Third-party Delivery,1
32602,2025-02-18,316,Dine-in,1
49200,2025-02-18,316,Dine-in,1
23663,2025-02-18,316,Dine-in,1
8165,2025-02-18,316,Dine-in,1
40171,2025-02-19,315,Dine-in,1
35394,2025-02-19,315,Takeaway,1
46787,2025-02-19,315,Third-party Delivery,1
33124,2025-02-19,315,Takeaway,1
22507,2025-02-19,315,Website/App,1
35753,2025-02-19,315,Website/App,2
30117,2025-02-19,315,Website/App,1
13744,2025-02-19,315,Third-party Delivery,1
27383,2025-02-19,315,Website/App,1
2830,2025-02-19,315,Third-party Delivery,1
2471,2025-02-19,315,Third-party Delivery,1
24072,2025-02-19,315,Website/App,1
37594,2025-02-19,315,Third-party Delivery,1
6126,2025-02-19,315,Third-party Delivery,1
15062,2025-02-19,315,Website/App,1
11219,2025-02-19,315,Website/App,2
41928,2025-02-19,315,Third-party Delivery,2
47323,2025-02-19,315,Website/App,1
33706,2025-02-19,315,Website/App,1
33832,2025-02-19,315,Third-party Delivery,1
38616,2025-02-19,315,Website/App,1
4532,2025-02-19,315,Dine-in,1
14669,2025-02-19,315,Dine-in,2
41469,2025-02-19,315,Takeaway,1
45169,2025-02-19,315,Website/App,1
8021,2025-02-19,315,Takeaway,1
24801,2025-02-19,315,Website/App,1
43092,2025-02-19,315,Dine-in,1
17934,2025-02-19,315,Third-party Delivery,2
408,2025-02-19,315,Takeaway,1
1494,2025-02-19,315,Website/App,1
25843,2025-02-19,315,Dine-in,2
23539,2025-02-19,315,Takeaway,1
15152,2025-02-19,315,Website/App,2
38735,2025-02-19,315,Third-party Delivery,1
32025,2025-02-19,315,Third-party Delivery,1
43049,2025-02-19,315,Website/App,1
4695,2025-02-19,315,Dine-in,1
23464,2025-02-20,314,Third-party Delivery,3
42266,2025-02-20,314,Third-party Delivery,1
15366,2025-02-20,314,Takeaway,1
15381,2025-02-20,314,Dine-in,1
32257,2025-02-20,314,Dine-in,1
459,2025-02-20,314,Takeaway,1
24359,2025-02-20,314,Website/App,1
41954,2025-02-20,314,Third-party Delivery,2
33328,2025-02-20,314,Dine-in,1
7412,2025-02-20,314,Dine-in,1
12525,2025-02-20,314,Dine-in,1
10213,2025-02-20,314,Dine-in,1
48971,2025-02-20,314,Dine-in,1
9575,2025-02-20,314,Third-party Delivery,1
12595,2025-02-20,314,Takeaway,2
43975,2025-02-20,314,Takeaway,1
9067,2025-02-20,314,Dine-in,1
38349,2025-02-20,314,Third-party Delivery,2
26121,2025-02-20,314,Third-party Delivery,1
11289,2025-02-20,314,Website/App,1
26838,2025-02-20,314,Website/App,1
27164,2025-02-20,314,Dine-in,1
27250,2025-02-20,314,Dine-in,1
13242,2025-02-20,314,Website/App,2
46223,2025-02-20,314,Dine-in,1
48224,2025-02-20,314,Third-party Delivery,1
37202,2025-02-20,314,Third-party Delivery,1
33222,2025-02-20,314,Dine-in,1
28875,2025-02-20,314,Website/App,2
24265,2025-02-20,314,Takeaway,1
22583,2025-02-20,314,Takeaway,1
15917,2025-02-20,314,Takeaway,1
6008,2025-02-21,313,Takeaway,1
9630,2025-02-21,313,Takeaway,1
39663,2025-02-21,313,Website/App,1
41907,2025-02-21,313,Website/App,2
1101,2025-02-21,313,Dine-in,1
13007,2025-02-21,313,Website/App,1
7689,2025-02-21,313,Website/App,1
16696,2025-02-21,313,Website/App,1
37703,2025-02-21,313,Third-party Delivery,2
26166,2025-02-21,313,Third-party Delivery,1
32289,2025-02-21,313,Dine-in,1
19009,2025-02-21,313,Dine-in,1
36684,2025-02-21,313,Website/App,1
21336,2025-02-21,313,Website/App,1
27141,2025-02-21,313,Website/App,2
15283,2025-02-21,313,Takeaway,1
41065,2025-02-21,313,Website/App,1
2156,2025-02-21,313,Website/App,1
15906,2025-02-21,313,Dine-in,1
23823,2025-02-21,313,Dine-in,1
13567,2025-02-21,313,Takeaway,1
12970,2025-02-21,313,Dine-in,2
23711,2025-02-21,313,Website/App,1
41350,2025-02-21,313,Takeaway,1
39353,2025-02-21,313,Dine-in,1
4451,2025-02-21,313,Third-party Delivery,3
40799,2025-02-21,313,Website/App,1
22389,2025-02-21,313,Website/App,1
17622,2025-02-21,313,Dine-in,1
37420,2025-02-21,313,Third-party Delivery,1
7663,2025-02-21,313,Third-party Delivery,1
29220,2025-02-21,313,Dine-in,1
1705,2025-02-22,312,Third-party Delivery,1
7933,2025-02-22,312,Dine-in,2
9591,2025-02-22,312,Takeaway,1
3312,2025-02-22,312,Website/App,1
23176,2025-02-22,312,Dine-in,1
1997,2025-02-22,312,Dine-in,1
23121,2025-02-22,312,Third-party Delivery,1
17367,2025-02-22,312,Dine-in,1
16565,2025-02-22,312,Website/App,1
26716,2025-02-22,312,Dine-in,1
49285,2025-02-22,312,Third-party Delivery,1
10890,2025-02-22,312,Dine-in,1
18334,2025-02-22,312,Dine-in,1
14293,2025-02-22,312,Dine-in,1
6626,2025-02-22,312,Website/App,2
13118,2025-02-22,312,Takeaway,2
46913,2025-02-22,312,Dine-in,1
46910,2025-02-22,312,Takeaway,2
2459,2025-02-22,312,Website/App,1
8059,2025-02-22,312,Takeaway,1
33639,2025-02-22,312,Third-party Delivery,1
13640,2025-02-22,312,Takeaway,1
37271,2025-02-22,312,Third-party Delivery,1
42830,2025-02-22,312,Website/App,1
30582,2025-02-22,312,Third-party Delivery,1
20114,2025-02-22,312,Takeaway,1
34922,2025-02-22,312,Dine-in,1
40186,2025-02-22,312,Third-party Delivery,1
15987,2025-02-22,312,Dine-in,3
14895,2025-02-22,312,Dine-in,1
28613,2025-02-22,312,Website/App,2
17703,2025-02-22,312,Website/App,1
6905,2025-02-22,312,Website/App,1
1420,2025-02-22,312,Dine-in,1
31749,2025-02-22,312,Dine-in,1
48193,2025-02-22,312,Third-party Delivery,2
42764,2025-02-22,312,Dine-in,2
20091,2025-02-22,312,Dine-in,1
20042,2025-02-22,312,Third-party Delivery,1
33333,2025-02-22,312,Website/App,1
33773,2025-02-22,312,Dine-in,1
33761,2025-02-22,312,Dine-in,2
33900,2025-02-22,312,Dine-in,1
21489,2025-02-22,312,Website/App,1
29532,2025-02-22,312,Takeaway,1
14218,2025-02-22,312,Website/App,2
13271,2025-02-22,312,Third-party Delivery,1
25846,2025-02-22,312,Takeaway,1
18125,2025-02-23,311,Third-party Delivery,1
38770,2025-02-23,311,Website/App,1
25915,2025-02-23,311,Dine-in,1
26466,2025-02-23,311,Dine-in,1
47217,2025-02-23,311,Dine-in,1
29695,2025-02-23,311,Dine-in,1
18091,2025-02-23,311,Third-party Delivery,1
4999,2025-02-23,311,Website/App,2
29571,2025-02-23,311,Third-party Delivery,1
21128,2025-02-23,311,Website/App,2
46183,2025-02-23,311,Third-party Delivery,1
46332,2025-02-23,311,Website/App,1
17743,2025-02-23,311,Takeaway,1
1363,2025-02-23,311,Dine-in,2
41712,2025-02-23,311,Dine-in,2
34873,2025-02-23,311,Dine-in,1
20601,2025-02-23,311,Takeaway,1
24060,2025-02-23,311,Third-party Delivery,3
9704,2025-02-23,311,Website/App,1
48343,2025-02-23,311,Takeaway,1
12483,2025-02-23,311,Website/App,2
18889,2025-02-23,311,Dine-in,2
38930,2025-02-23,311,Third-party Delivery,2
15971,2025-02-23,311,Dine-in,1
22275,2025-02-23,311,Website/App,2
11903,2025-02-23,311,Website/App,1
45195,2025-02-23,311,Third-party Delivery,1
47056,2025-02-23,311,Third-party Delivery,1
47873,2025-02-23,311,Takeaway,2
28754,2025-02-23,311,Third-party Delivery,1
49369,2025-02-23,311,Third-party Delivery,1
41986,2025-02-23,311,Website/App,1
42028,2025-02-23,311,Website/App,2
39141,2025-02-23,311,Third-party Delivery,1
32106,2025-02-23,311,Dine-in,1
48913,2025-02-23,311,Dine-in,1
25055,2025-02-23,311,Dine-in,3
5670,2025-02-23,311,Dine-in,1
19733,2025-02-23,311,Third-party Delivery,2
27711,2025-02-23,311,Website/App,2
19631,2025-02-23,311,Dine-in,1
12133,2025-02-23,311,Dine-in,1
39674,2025-02-23,311,Takeaway,1
10364,2025-02-23,311,Website/App,3
7527,2025-02-23,311,Third-party Delivery,1
34969,2025-02-23,311,Third-party Delivery,2
37564,2025-02-23,311,Dine-in,1
34695,2025-02-23,311,Dine-in,3
17152,2025-02-23,311,Takeaway,1
14138,2025-02-23,311,Takeaway,2
15669,2025-02-23,311,Takeaway,1
10497,2025-02-23,311,Website/App,1
15661,2025-02-23,311,Takeaway,1
10305,2025-02-23,311,Website/App,1
35640,2025-02-23,311,Takeaway,1
13104,2025-02-23,311,Website/App,1
46123,2025-02-24,310,Website/App,2
9025,2025-02-24,310,Takeaway,2
856,2025-02-24,310,Takeaway,1
24177,2025-02-24,310,Dine-in,1
36323,2025-02-24,310,Third-party Delivery,1
1346,2025-02-24,310,Dine-in,1
33457,2025-02-24,310,Takeaway,1
31010,2025-02-24,310,Website/App,2
44748,2025-02-24,310,Dine-in,1
19035,2025-02-24,310,Takeaway,1
39496,2025-02-24,310,Website/App,2
44780,2025-02-24,310,Website/App,1
39630,2025-02-24,310,Website/App,1
12121,2025-02-24,310,Dine-in,1
17448,2025-02-24,310,Takeaway,1
17680,2025-02-24,310,Dine-in,1
40554,2025-02-24,310,Third-party Delivery,1
33510,2025-02-24,310,Website/App,1
6489,2025-02-24,310,Takeaway,1
45409,2025-02-24,310,Dine-in,1
1789,2025-02-24,310,Dine-in,1
17021,2025-02-24,310,Third-party Delivery,1
19676,2025-02-24,310,Third-party Delivery,3
14879,2025-02-24,310,Dine-in,3
35643,2025-02-24,310,Third-party Delivery,1
10522,2025-02-24,310,Takeaway,1
15738,2025-02-24,310,Website/App,2
29499,2025-02-24,310,Third-party Delivery,2
30023,2025-02-24,310,Third-party Delivery,1
10926,2025-02-24,310,Dine-in,1
25539,2025-02-24,310,Takeaway,1
3722,2025-02-24,310,Website/App,2
8183,2025-02-24,310,Website/App,1
6691,2025-02-24,310,Website/App,1
26953,2025-02-24,310,Takeaway,1
49527,2025-02-24,310,Website/App,1
4817,2025-02-24,310,Website/App,1
8817,2025-02-24,310,Third-party Delivery,1
23183,2025-02-25,309,Third-party Delivery,1
39988,2025-02-25,309,Dine-in,2
43370,2025-02-25,309,Website/App,1
43329,2025-02-25,309,Website/App,2
44954,2025-02-25,309,Takeaway,1
12208,2025-02-25,309,Takeaway,1
23274,2025-02-25,309,Takeaway,2
471,2025-02-25,309,Dine-in,3
47773,2025-02-25,309,Dine-in,1
566,2025-02-25,309,Dine-in,2
16176,2025-02-25,309,Website/App,1
21830,2025-02-25,309,Takeaway,1
1080,2025-02-25,309,Third-party Delivery,3
33031,2025-02-25,309,Takeaway,1
42186,2025-02-25,309,Third-party Delivery,1
11649,2025-02-25,309,Takeaway,1
6032,2025-02-25,309,Website/App,1
36497,2025-02-25,309,Dine-in,1
2451,2025-02-25,309,Takeaway,1
22764,2025-02-25,309,Website/App,1
41140,2025-02-25,309,Takeaway,1
460,2025-02-25,309,Takeaway,1
41093,2025-02-25,309,Dine-in,1
26450,2025-02-25,309,Dine-in,1
26231,2025-02-25,309,Website/App,1
39308,2025-02-25,309,Dine-in,1
12705,2025-02-25,309,Website/App,1
43966,2025-02-25,309,Takeaway,1
21283,2025-02-25,309,Third-party Delivery,1
39529,2025-02-25,309,Third-party Delivery,1
39565,2025-02-25,309,Takeaway,1
28286,2025-02-25,309,Dine-in,2
44842,2025-02-25,309,Takeaway,1
35615,2025-02-25,309,Takeaway,2
45935,2025-02-25,309,Website/App,2
27152,2025-02-25,309,Takeaway,1
8757,2025-02-25,309,Third-party Delivery,1
9014,2025-02-25,309,Dine-in,1
45390,2025-02-26,308,Dine-in,1
10361,2025-02-26,308,Third-party Delivery,1
24515,2025-02-26,308,Dine-in,1
22835,2025-02-26,308,Website/App,1
44567,2025-02-26,308,Website/App,2
35422,2025-02-26,308,Third-party Delivery,3
20296,2025-02-26,308,Takeaway,1
23662,2025-02-26,308,Third-party Delivery,1
12720,2025-02-26,308,Third-party Delivery,2
32084,2025-02-26,308,Third-party Delivery,2
21516,2025-02-26,308,Dine-in,2
15667,2025-02-26,308,Third-party Delivery,1
41967,2025-02-26,308,Third-party Delivery,1
16407,2025-02-26,308,Dine-in,1
46250,2025-02-26,308,Third-party Delivery,1
18250,2025-02-26,308,Website/App,1
6647,2025-02-26,308,Website/App,2
41285,2025-02-26,308,Dine-in,1
43733,2025-02-26,308,Third-party Delivery,2
32709,2025-02-26,308,Website/App,1
1079,2025-02-26,308,Third-party Delivery,1
23095,2025-02-26,308,Dine-in,1
38787,2025-02-26,308,Takeaway,2
32189,2025-02-26,308,Third-party Delivery,3
15754,2025-02-26,308,Third-party Delivery,1
12495,2025-02-26,308,Website/App,1
38400,2025-02-26,308,Third-party Delivery,1
3962,2025-02-26,308,Dine-in,1
26301,2025-02-26,308,Dine-in,1
45922,2025-02-26,308,Third-party Delivery,1
28945,2025-02-26,308,Third-party Delivery,1
10026,2025-02-26,308,Takeaway,2
1201,2025-02-26,308,Dine-in,1
9706,2025-02-26,308,Website/App,1
1481,2025-02-26,308,Website/App,1
34087,2025-02-26,308,Website/App,2
22861,2025-02-26,308,Takeaway,1
9044,2025-02-26,308,Dine-in,1
25704,2025-02-26,308,Website/App,2
174,2025-02-27,307,Dine-in,1
27631,2025-02-27,307,Website/App,1
14984,2025-02-27,307,Takeaway,1
17998,2025-02-27,307,Website/App,1
15148,2025-02-27,307,Takeaway,1
38165,2025-02-27,307,Website/App,3
10700,2025-02-27,307,Dine-in,2
34788,2025-02-27,307,Website/App,2
29345,2025-02-27,307,Dine-in,1
18027,2025-02-27,307,Takeaway,1
46967,2025-02-27,307,Third-party Delivery,1
20199,2025-02-27,307,Website/App,1
3535,2025-02-27,307,Takeaway,1
13089,2025-02-27,307,Website/App,1
3493,2025-02-27,307,Dine-in,1
42185,2025-02-27,307,Takeaway,1
16143,2025-02-27,307,Website/App,2
12615,2025-02-27,307,Third-party Delivery,1
31971,2025-02-27,307,Dine-in,1
20862,2025-02-27,307,Website/App,1
43285,2025-02-27,307,Third-party Delivery,1
57,2025-02-27,307,Third-party Delivery,2
6430,2025-02-27,307,Takeaway,1
8517,2025-02-27,307,Third-party Delivery,1
45542,2025-02-27,307,Third-party Delivery,3
8773,2025-02-27,307,Dine-in,1
23728,2025-02-27,307,Dine-in,1
46928,2025-02-27,307,Takeaway,1
30631,2025-02-27,307,Website/App,2
14549,2025-02-27,307,Dine-in,2
29520,2025-02-27,307,Takeaway,1
42200,2025-02-27,307,Website/App,1
391,2025-02-27,307,Website/App,2
4448,2025-02-27,307,Website/App,3
24394,2025-02-27,307,Dine-in,2
42819,2025-02-27,307,Website/App,1
1905,2025-02-27,307,Dine-in,2
4428,2025-02-27,307,Website/App,1
3740,2025-02-28,306,Takeaway,1
43902,2025-02-28,306,Takeaway,1
46008,2025-02-28,306,Takeaway,1
10857,2025-02-28,306,Third-party Delivery,1
27913,2025-02-28,306,Takeaway,1
5724,2025-02-28,306,Website/App,1
29911,2025-02-28,306,Website/App,1
16734,2025-02-28,306,Dine-in,1
40140,2025-02-28,306,Website/App,1
23721,2025-02-28,306,Third-party Delivery,1
45079,2025-02-28,306,Dine-in,1
10609,2025-02-28,306,Website/App,1
13374,2025-02-28,306,Website/App,1
49510,2025-02-28,306,Dine-in,1
27017,2025-02-28,306,Third-party Delivery,2
25917,2025-02-28,306,Dine-in,1
42426,2025-02-28,306,Takeaway,2
15288,2025-02-28,306,Third-party Delivery,1
15082,2025-02-28,306,Website/App,1
19965,2025-02-28,306,Dine-in,1
51,2025-02-28,306,Website/App,1
40819,2025-02-28,306,Takeaway,1
24247,2025-02-28,306,Dine-in,2
6156,2025-02-28,306,Third-party Delivery,1
29245,2025-02-28,306,Takeaway,1
20150,2025-02-28,306,Takeaway,1
34661,2025-02-28,306,Website/App,2
43020,2025-02-28,306,Website/App,1
4699,2025-02-28,306,Website/App,1
41262,2025-02-28,306,Dine-in,1
7998,2025-02-28,306,Dine-in,1
33533,2025-02-28,306,Takeaway,2
47481,2025-02-28,306,Dine-in,2
39231,2025-02-28,306,Takeaway,2
21294,2025-02-28,306,Takeaway,1
44877,2025-02-28,306,Website/App,1
35024,2025-02-28,306,Dine-in,2
45653,2025-03-01,305,Dine-in,3
14491,2025-03-01,305,Dine-in,1
12340,2025-03-01,305,Website/App,1
4123,2025-03-01,305,Dine-in,1
29856,2025-03-01,305,Third-party Delivery,1
42587,2025-03-01,305,Takeaway,1
19656,2025-03-01,305,Website/App,1
21540,2025-03-01,305,Dine-in,1
1781,2025-03-01,305,Website/App,1
46349,2025-03-01,305,Third-party Delivery,1
17438,2025-03-01,305,Third-party Delivery,2
27417,2025-03-01,305,Website/App,1
17845,2025-03-01,305,Dine-in,1
9568,2025-03-01,305,Dine-in,1
16751,2025-03-01,305,Website/App,3
38816,2025-03-01,305,Website/App,2
541,2025-03-01,305,Website/App,1
23578,2025-03-01,305,Website/App,2
35529,2025-03-01,305,Website/App,1
22198,2025-03-01,305,Third-party Delivery,1
45218,2025-03-01,305,Third-party Delivery,1
45286,2025-03-01,305,Takeaway,1
40860,2025-03-01,305,Dine-in,1
40457,2025-03-01,305,Takeaway,1
22842,2025-03-01,305,Takeaway,2
5159,2025-03-01,305,Website/App,1
44045,2025-03-01,305,Website/App,1
23814,2025-03-01,305,Takeaway,1
4352,2025-03-01,305,Dine-in,1
2390,2025-03-01,305,Takeaway,3
33503,2025-03-01,305,Dine-in,1
23813,2025-03-01,305,Third-party Delivery,1
43798,2025-03-01,305,Third-party Delivery,1
3946,2025-03-01,305,Website/App,1
40106,2025-03-01,305,Dine-in,2
40318,2025-03-01,305,Website/App,1
47915,2025-03-01,305,Website/App,1
11361,2025-03-01,305,Website/App,1
11378,2025-03-01,305,Third-party Delivery,1
6965,2025-03-01,305,Third-party Delivery,1
4986,2025-03-01,305,Third-party Delivery,1
8392,2025-03-01,305,Third-party Delivery,1
25710,2025-03-02,304,Third-party Delivery,1
4889,2025-03-02,304,Takeaway,1
25228,2025-03-02,304,Dine-in,3
231,2025-03-02,304,Dine-in,1
8186,2025-03-02,304,Website/App,1
19715,2025-03-02,304,Dine-in,1
40670,2025-03-02,304,Dine-in,1
30799,2025-03-02,304,Takeaway,2
8714,2025-03-02,304,Third-party Delivery,2
40939,2025-03-02,304,Website/App,1
49962,2025-03-02,304,Dine-in,2
26203,2025-03-02,304,Third-party Delivery,2
17945,2025-03-02,304,Takeaway,1
25395,2025-03-02,304,Takeaway,2
7363,2025-03-02,304,Takeaway,1
6579,2025-03-02,304,Takeaway,1
16848,2025-03-02,304,Takeaway,1
19396,2025-03-02,304,Dine-in,1
34751,2025-03-02,304,Third-party Delivery,2
4216,2025-03-02,304,Website/App,2
28001,2025-03-02,304,Website/App,2
12086,2025-03-02,304,Takeaway,1
38576,2025-03-02,304,Website/App,2
29194,2025-03-02,304,Website/App,2
38156,2025-03-02,304,Dine-in,1
983,2025-03-02,304,Website/App,1
2424,2025-03-02,304,Third-party Delivery,1
35594,2025-03-02,304,Dine-in,1
48100,2025-03-02,304,Third-party Delivery,1
42829,2025-03-02,304,Takeaway,1
13800,2025-03-02,304,Website/App,1
29939,2025-03-02,304,Third-party Delivery,1
4088,2025-03-02,304,Takeaway,1
2089,2025-03-02,304,Third-party Delivery,1
4053,2025-03-02,304,Third-party Delivery,2
43040,2025-03-02,304,Dine-in,2
43088,2025-03-02,304,Third-party Delivery,1
21488,2025-03-02,304,Third-party Delivery,1
3681,2025-03-02,304,Third-party Delivery,1
47783,2025-03-02,304,Takeaway,1
16488,2025-03-02,304,Takeaway,2
45582,2025-03-02,304,Dine-in,1
11248,2025-03-02,304,Dine-in,2
18200,2025-03-02,304,Takeaway,1
5053,2025-03-02,304,Website/App,1
30541,2025-03-02,304,Dine-in,1
22626,2025-03-02,304,Takeaway,1
11899,2025-03-02,304,Third-party Delivery,1
46843,2025-03-02,304,Third-party Delivery,1
15973,2025-03-02,304,Dine-in,1
34328,2025-03-02,304,Takeaway,2
28229,2025-03-02,304,Third-party Delivery,1
44867,2025-03-02,304,Third-party Delivery,1
39820,2025-03-02,304,Third-party Delivery,2
5359,2025-03-02,304,Third-party Delivery,2
46829,2025-03-02,304,Takeaway,1
17493,2025-03-02,304,Takeaway,1
27765,2025-03-02,304,Third-party Delivery,1
36548,2025-03-03,303,Dine-in,1
14985,2025-03-03,303,Third-party Delivery,1
36014,2025-03-03,303,Website/App,1
27288,2025-03-03,303,Website/App,1
49948,2025-03-03,303,Dine-in,1
14738,2025-03-03,303,Dine-in,1
16839,2025-03-03,303,Website/App,1
30662,2025-03-03,303,Dine-in,2
42895,2025-03-03,303,Dine-in,2
39420,2025-03-03,303,Website/App,1
15136,2025-03-03,303,Takeaway,2
9123,2025-03-03,303,Website/App,1
13226,2025-03-03,303,Dine-in,1
15268,2025-03-03,303,Takeaway,1
4347,2025-03-03,303,Takeaway,1
2910,2025-03-03,303,Takeaway,1
2478,2025-03-03,303,Website/App,1
33582,2025-03-03,303,Takeaway,1
4316,2025-03-03,303,Third-party Delivery,2
34772,2025-03-03,303,Website/App,1
4253,2025-03-03,303,Dine-in,1
31602,2025-03-03,303,Takeaway,2
28172,2025-03-03,303,Takeaway,1
19471,2025-03-03,303,Third-party Delivery,1
12680,2025-03-03,303,Takeaway,1
9499,2025-03-03,303,Dine-in,2
27625,2025-03-03,303,Dine-in,2
17731,2025-03-03,303,Takeaway,1
43809,2025-03-03,303,Third-party Delivery,4
38666,2025-03-03,303,Website/App,2
16444,2025-03-03,303,Third-party Delivery,1
42029,2025-03-03,303,Website/App,1
14271,2025-03-03,303,Takeaway,1
14626,2025-03-03,303,Takeaway,1
36552,2025-03-03,303,Dine-in,1
10489,2025-03-03,303,Third-party Delivery,2
33969,2025-03-03,303,Website/App,3
26122,2025-03-04,302,Dine-in,1
8742,2025-03-04,302,Dine-in,1
36513,2025-03-04,302,Third-party Delivery,1
5850,2025-03-04,302,Website/App,1
41964,2025-03-04,302,Third-party Delivery,2
14926,2025-03-04,302,Takeaway,2
14896,2025-03-04,302,Takeaway,1
41840,2025-03-04,302,Takeaway,1
17277,2025-03-04,302,Takeaway,1
29312,2025-03-04,302,Takeaway,1
13103,2025-03-04,302,Dine-in,1
18303,2025-03-04,302,Third-party Delivery,2
43714,2025-03-04,302,Third-party Delivery,1
1304,2025-03-04,302,Dine-in,2
7281,2025-03-04,302,Takeaway,1
44295,2025-03-04,302,Takeaway,1
23650,2025-03-04,302,Dine-in,1
28588,2025-03-04,302,Dine-in,1
47215,2025-03-04,302,Takeaway,2
28694,2025-03-04,302,Website/App,1
30461,2025-03-04,302,Dine-in,1
18722,2025-03-04,302,Dine-in,1
11994,2025-03-04,302,Third-party Delivery,1
46838,2025-03-04,302,Third-party Delivery,2
46821,2025-03-04,302,Website/App,1
680,2025-03-04,302,Website/App,1
11830,2025-03-04,302,Dine-in,2
37019,2025-03-04,302,Dine-in,1
31097,2025-03-04,302,Takeaway,1
31558,2025-03-04,302,Takeaway,1
28332,2025-03-04,302,Website/App,2
34875,2025-03-04,302,Website/App,1
23816,2025-03-04,302,Takeaway,1
35210,2025-03-04,302,Third-party Delivery,3
1738,2025-03-04,302,Website/App,1
22739,2025-03-04,302,Third-party Delivery,1
41031,2025-03-04,302,Takeaway,2
8292,2025-03-04,302,Third-party Delivery,1
11621,2025-03-04,302,Website/App,1
127,2025-03-04,302,Dine-in,3
48874,2025-03-04,302,Third-party Delivery,1
45136,2025-03-04,302,Takeaway,1
951,2025-03-04,302,Third-party Delivery,1
27194,2025-03-04,302,Dine-in,1
15615,2025-03-05,301,Third-party Delivery,2
30482,2025-03-05,301,Takeaway,2
3974,2025-03-05,301,Takeaway,1
28021,2025-03-05,301,Third-party Delivery,2
41896,2025-03-05,301,Dine-in,1
22936,2025-03-05,301,Dine-in,2
40070,2025-03-05,301,Dine-in,1
14369,2025-03-05,301,Takeaway,1
6078,2025-03-05,301,Takeaway,1
30122,2025-03-05,301,Third-party Delivery,2
29584,2025-03-05,301,Takeaway,1
15732,2025-03-05,301,Website/App,1
9493,2025-03-05,301,Third-party Delivery,1
37588,2025-03-05,301,Third-party Delivery,1
44698,2025-03-05,301,Takeaway,1
41070,2025-03-05,301,Dine-in,1
4579,2025-03-05,301,Takeaway,1
25946,2025-03-05,301,Third-party Delivery,1
40961,2025-03-05,301,Takeaway,1
15325,2025-03-05,301,Website/App,1
49135,2025-03-05,301,Dine-in,1
36375,2025-03-05,301,Dine-in,2
38729,2025-03-05,301,Third-party Delivery,1
48882,2025-03-05,301,Website/App,1
48764,2025-03-05,301,Third-party Delivery,1
9933,2025-03-05,301,Dine-in,2
18856,2025-03-05,301,Dine-in,1
13520,2025-03-05,301,Third-party Delivery,1
19059,2025-03-05,301,Takeaway,1
39415,2025-03-05,301,Website/App,1
40956,2025-03-05,301,Website/App,1
35980,2025-03-05,301,Dine-in,1
47073,2025-03-05,301,Third-party Delivery,1
40481,2025-03-05,301,Third-party Delivery,1
37063,2025-03-05,301,Takeaway,1
5824,2025-03-05,301,Website/App,1
31676,2025-03-05,301,Website/App,1
13581,2025-03-05,301,Third-party Delivery,1
5699,2025-03-06,300,Website/App,1
46384,2025-03-06,300,Website/App,1
18440,2025-03-06,300,Website/App,1
8571,2025-03-06,300,Takeaway,3
32736,2025-03-06,300,Third-party Delivery,1
9616,2025-03-06,300,Dine-in,1
17822,2025-03-06,300,Website/App,1
43447,2025-03-06,300,Dine-in,1
21599,2025-03-06,300,Third-party Delivery,1
38894,2025-03-06,300,Takeaway,2
25452,2025-03-06,300,Website/App,1
47585,2025-03-06,300,Website/App,1
47606,2025-03-06,300,Takeaway,1
42089,2025-03-06,300,Website/App,1
22967,2025-03-06,300,Third-party Delivery,1
29420,2025-03-06,300,Website/App,1
23806,2025-03-06,300,Dine-in,1
5284,2025-03-06,300,Third-party Delivery,1
27940,2025-03-06,300,Third-party Delivery,1
39156,2025-03-06,300,Takeaway,1
41452,2025-03-06,300,Dine-in,1
47753,2025-03-06,300,Dine-in,2
22917,2025-03-06,300,Website/App,1
2834,2025-03-06,300,Website/App,1
24769,2025-03-06,300,Dine-in,1
27810,2025-03-06,300,Takeaway,1
47240,2025-03-06,300,Third-party Delivery,1
6467,2025-03-06,300,Third-party Delivery,1
36806,2025-03-06,300,Dine-in,1
4328,2025-03-06,300,Website/App,2
43910,2025-03-06,300,Third-party Delivery,1
13722,2025-03-06,300,Dine-in,1
37402,2025-03-06,300,Website/App,2
22314,2025-03-06,300,Dine-in,1
15543,2025-03-06,300,Third-party Delivery,1
6250,2025-03-06,300,Takeaway,1
29180,2025-03-06,300,Takeaway,1
11669,2025-03-06,300,Takeaway,1
4959,2025-03-06,300,Third-party Delivery,2
18640,2025-03-06,300,Dine-in,1
15039,2025-03-06,300,Third-party Delivery,1
7054,2025-03-06,300,Website/App,1
9270,2025-03-06,300,Takeaway,1
9245,2025-03-06,300,Dine-in,1
15226,2025-03-06,300,Website/App,1
49146,2025-03-07,299,Dine-in,1
18009,2025-03-07,299,Dine-in,1
42807,2025-03-07,299,Third-party Delivery,1
1347,2025-03-07,299,Takeaway,1
27257,2025-03-07,299,Dine-in,1
20700,2025-03-07,299,Dine-in,1
25112,2025-03-07,299,Third-party Delivery,3
1760,2025-03-07,299,Dine-in,1
42519,2025-03-07,299,Third-party Delivery,1
2343,2025-03-07,299,Third-party Delivery,1
5756,2025-03-07,299,Website/App,1
30760,2025-03-07,299,Takeaway,1
40509,2025-03-07,299,Website/App,1
3854,2025-03-07,299,Website/App,2
5627,2025-03-07,299,Dine-in,3
47947,2025-03-07,299,Third-party Delivery,2
35051,2025-03-07,299,Takeaway,2
32676,2025-03-07,299,Takeaway,1
32684,2025-03-07,299,Website/App,2
41825,2025-03-07,299,Website/App,2
47209,2025-03-07,299,Takeaway,1
34043,2025-03-07,299,Dine-in,1
33936,2025-03-07,299,Takeaway,1
3768,2025-03-07,299,Takeaway,2
37809,2025-03-07,299,Dine-in,1
32758,2025-03-07,299,Third-party Delivery,1
26572,2025-03-07,299,Third-party Delivery,2
5041,2025-03-07,299,Website/App,2
43749,2025-03-07,299,Third-party Delivery,1
39827,2025-03-07,299,Third-party Delivery,1
26553,2025-03-07,299,Takeaway,2
19544,2025-03-07,299,Third-party Delivery,2
17369,2025-03-07,299,Third-party Delivery,1
14477,2025-03-07,299,Website/App,1
15401,2025-03-07,299,Dine-in,1
2972,2025-03-07,299,Website/App,1
6056,2025-03-07,299,Third-party Delivery,5
34360,2025-03-07,299,Third-party Delivery,1
6937,2025-03-08,298,Website/App,1
14796,2025-03-08,298,Third-party Delivery,1
22484,2025-03-08,298,Website/App,1
24236,2025-03-08,298,Website/App,1
34606,2025-03-08,298,Dine-in,1
20037,2025-03-08,298,Third-party Delivery,1
15726,2025-03-08,298,Third-party Delivery,2
43871,2025-03-08,298,Takeaway,1
48753,2025-03-08,298,Dine-in,1
9298,2025-03-08,298,Third-party Delivery,1
27807,2025-03-08,298,Takeaway,2
24691,2025-03-08,298,Takeaway,1
28148,2025-03-08,298,Website/App,2
42222,2025-03-08,298,Takeaway,1
27974,2025-03-08,298,Website/App,2
28115,2025-03-08,298,Takeaway,1
402,2025-03-08,298,Third-party Delivery,1
2596,2025-03-08,298,Takeaway,1
33653,2025-03-08,298,Dine-in,2
15107,2025-03-08,298,Website/App,2
2768,2025-03-08,298,Dine-in,1
47143,2025-03-08,298,Dine-in,2
11058,2025-03-08,298,Dine-in,1
10965,2025-03-08,298,Third-party Delivery,1
15322,2025-03-08,298,Dine-in,1
32615,2025-03-08,298,Takeaway,1
31381,2025-03-08,298,Takeaway,1
27355,2025-03-08,298,Takeaway,1
43319,2025-03-08,298,Third-party Delivery,1
46372,2025-03-08,298,Website/App,1
14616,2025-03-08,298,Website/App,1
26103,2025-03-08,298,Dine-in,1
49737,2025-03-08,298,Website/App,1
46047,2025-03-08,298,Dine-in,1
31915,2025-03-08,298,Dine-in,2
18393,2025-03-08,298,Takeaway,1
24613,2025-03-08,298,Third-party Delivery,2
17165,2025-03-08,298,Third-party Delivery,1
34125,2025-03-08,298,Takeaway,3
8523,2025-03-08,298,Third-party Delivery,2
49420,2025-03-08,298,Third-party Delivery,1
49164,2025-03-08,298,Third-party Delivery,2
1843,2025-03-08,298,Third-party Delivery,1
43913,2025-03-08,298,Takeaway,1
1969,2025-03-08,298,Dine-in,1
30703,2025-03-08,298,Third-party Delivery,1
35791,2025-03-08,298,Takeaway,1
24312,2025-03-08,298,Website/App,2
22068,2025-03-08,298,Takeaway,1
9015,2025-03-09,297,Website/App,1
25948,2025-03-09,297,Dine-in,1
24653,2025-03-09,297,Takeaway,1
495,2025-03-09,297,Takeaway,1
18185,2025-03-09,297,Third-party Delivery,1
4073,2025-03-09,297,Third-party Delivery,1
37554,2025-03-09,297,Third-party Delivery,1
27787,2025-03-09,297,Third-party Delivery,2
2546,2025-03-09,297,Third-party Delivery,1
38266,2025-03-09,297,Dine-in,1
41083,2025-03-09,297,Takeaway,2
16106,2025-03-09,297,Third-party Delivery,2
32015,2025-03-09,297,Third-party Delivery,1
27848,2025-03-09,297,Third-party Delivery,1
34675,2025-03-09,297,Dine-in,2
12193,2025-03-09,297,Website/App,1
31905,2025-03-09,297,Website/App,1
28278,2025-03-09,297,Takeaway,1
47360,2025-03-09,297,Third-party Delivery,1
24673,2025-03-09,297,Dine-in,2
23753,2025-03-09,297,Website/App,2
44309,2025-03-09,297,Takeaway,2
15547,2025-03-09,297,Takeaway,1
38311,2025-03-09,297,Third-party Delivery,2
3017,2025-03-09,297,Takeaway,1
38222,2025-03-09,297,Dine-in,1
19717,2025-03-09,297,Dine-in,1
38799,2025-03-09,297,Website/App,1
16521,2025-03-09,297,Takeaway,1
45683,2025-03-09,297,Takeaway,1
7699,2025-03-09,297,Dine-in,1
16273,2025-03-09,297,Dine-in,1
27219,2025-03-09,297,Takeaway,1
25351,2025-03-09,297,Dine-in,2
30985,2025-03-09,297,Dine-in,1
17783,2025-03-09,297,Third-party Delivery,1
36631,2025-03-09,297,Takeaway,2
34879,2025-03-09,297,Third-party Delivery,2
22721,2025-03-09,297,Dine-in,1
23907,2025-03-09,297,Dine-in,3
6221,2025-03-09,297,Takeaway,1
4342,2025-03-09,297,Website/App,2
15510,2025-03-09,297,Third-party Delivery,1
35720,2025-03-09,297,Third-party Delivery,1
46867,2025-03-09,297,Third-party Delivery,1
20620,2025-03-10,296,Third-party Delivery,2
32611,2025-03-10,296,Dine-in,1
44991,2025-03-10,296,Website/App,1
7049,2025-03-10,296,Third-party Delivery,2
432,2025-03-10,296,Dine-in,2
13424,2025-03-10,296,Website/App,2
29279,2025-03-10,296,Website/App,1
40223,2025-03-10,296,Dine-in,1
36471,2025-03-10,296,Third-party Delivery,1
42483,2025-03-10,296,Third-party Delivery,1
33675,2025-03-10,296,Dine-in,1
2876,2025-03-10,296,Website/App,2
45791,2025-03-10,296,Dine-in,2
27565,2025-03-10,296,Dine-in,1
46232,2025-03-10,296,Dine-in,1
8603,2025-03-10,296,Third-party Delivery,1
49676,2025-03-10,296,Website/App,1
41293,2025-03-10,296,Website/App,2
36512,2025-03-10,296,Takeaway,2
29503,2025-03-10,296,Dine-in,1
10481,2025-03-10,296,Third-party Delivery,1
12132,2025-03-10,296,Dine-in,1
27543,2025-03-10,296,Takeaway,1
48430,2025-03-10,296,Third-party Delivery,1
17341,2025-03-10,296,Takeaway,1
41390,2025-03-10,296,Third-party Delivery,1
15800,2025-03-10,296,Website/App,2
34856,2025-03-10,296,Dine-in,1
10416,2025-03-10,296,Takeaway,1
2148,2025-03-10,296,Third-party Delivery,2
39222,2025-03-10,296,Third-party Delivery,2
39738,2025-03-10,296,Third-party Delivery,1
22087,2025-03-10,296,Website/App,1
46860,2025-03-10,296,Third-party Delivery,2
35034,2025-03-10,296,Website/App,2
45435,2025-03-10,296,Third-party Delivery,1
22035,2025-03-10,296,Third-party Delivery,1
39009,2025-03-10,296,Third-party Delivery,1
36036,2025-03-10,296,Takeaway,1
40675,2025-03-11,295,Takeaway,1
21177,2025-03-11,295,Third-party Delivery,1
33232,2025-03-11,295,Third-party Delivery,1
49043,2025-03-11,295,Website/App,1
1863,2025-03-11,295,Third-party Delivery,3
26356,2025-03-11,295,Dine-in,1
13558,2025-03-11,295,Website/App,2
1460,2025-03-11,295,Third-party Delivery,2
34723,2025-03-11,295,Takeaway,1
17003,2025-03-11,295,Website/App,1
2442,2025-03-11,295,Third-party Delivery,1
37938,2025-03-11,295,Website/App,1
29215,2025-03-11,295,Dine-in,2
11980,2025-03-11,295,Dine-in,1
32304,2025-03-11,295,Takeaway,1
32416,2025-03-11,295,Takeaway,1
17541,2025-03-11,295,Third-party Delivery,1
37062,2025-03-11,295,Third-party Delivery,1
5630,2025-03-11,295,Website/App,1
2668,2025-03-11,295,Takeaway,1
15873,2025-03-11,295,Dine-in,1
35515,2025-03-11,295,Website/App,1
44450,2025-03-11,295,Website/App,1
19425,2025-03-11,295,Third-party Delivery,1
41543,2025-03-11,295,Third-party Delivery,3
4163,2025-03-11,295,Takeaway,2
29535,2025-03-11,295,Website/App,2
47488,2025-03-11,295,Website/App,1
21790,2025-03-11,295,Website/App,1
46513,2025-03-11,295,Third-party Delivery,2
17317,2025-03-11,295,Takeaway,1
37411,2025-03-11,295,Third-party Delivery,1
18461,2025-03-11,295,Third-party Delivery,1
29844,2025-03-11,295,Third-party Delivery,1
43405,2025-03-11,295,Takeaway,2
27505,2025-03-11,295,Takeaway,2
12491,2025-03-11,295,Website/App,1
298,2025-03-11,295,Dine-in,2
42112,2025-03-12,294,Third-party Delivery,3
1614,2025-03-12,294,Takeaway,1
1299,2025-03-12,294,Website/App,1
48169,2025-03-12,294,Dine-in,1
29523,2025-03-12,294,Website/App,1
1315,2025-03-12,294,Third-party Delivery,1
30103,2025-03-12,294,Third-party Delivery,1
22638,2025-03-12,294,Takeaway,1
13342,2025-03-12,294,Dine-in,1
35383,2025-03-12,294,Third-party Delivery,1
6304,2025-03-12,294,Takeaway,2
6431,2025-03-12,294,Takeaway,1
18933,2025-03-12,294,Website/App,1
9873,2025-03-12,294,Third-party Delivery,2
47808,2025-03-12,294,Dine-in,2
28672,2025-03-12,294,Takeaway,2
21045,2025-03-12,294,Third-party Delivery,2
33193,2025-03-12,294,Dine-in,1
32043,2025-03-12,294,Takeaway,1
38646,2025-03-12,294,Website/App,1
908,2025-03-12,294,Third-party Delivery,1
31756,2025-03-12,294,Third-party Delivery,1
12692,2025-03-12,294,Dine-in,1
44154,2025-03-12,294,Dine-in,2
1970,2025-03-12,294,Website/App,1
28823,2025-03-12,294,Takeaway,1
39355,2025-03-12,294,Website/App,2
44614,2025-03-12,294,Third-party Delivery,2
35185,2025-03-12,294,Third-party Delivery,1
48599,2025-03-12,294,Third-party Delivery,2
19487,2025-03-12,294,Third-party Delivery,1
22965,2025-03-12,294,Third-party Delivery,1
8370,2025-03-12,294,Takeaway,1
34050,2025-03-12,294,Dine-in,2
49256,2025-03-13,293,Dine-in,2
30150,2025-03-13,293,Website/App,2
3726,2025-03-13,293,Dine-in,2
37355,2025-03-13,293,Takeaway,1
99,2025-03-13,293,Dine-in,1
45382,2025-03-13,293,Website/App,1
28764,2025-03-13,293,Takeaway,1
47465,2025-03-13,293,Dine-in,1
27583,2025-03-13,293,Third-party Delivery,2
25080,2025-03-13,293,Takeaway,1
3812,2025-03-13,293,Third-party Delivery,3
6593,2025-03-13,293,Website/App,1
2659,2025-03-13,293,Third-party Delivery,1
22096,2025-03-13,293,Takeaway,1
43188,2025-03-13,293,Dine-in,2
35502,2025-03-13,293,Takeaway,1
35719,2025-03-13,293,Dine-in,1
42457,2025-03-13,293,Dine-in,1
10392,2025-03-13,293,Third-party Delivery,1
36417,2025-03-13,293,Third-party Delivery,1
36500,2025-03-13,293,Third-party Delivery,1
19786,2025-03-13,293,Website/App,2
5985,2025-03-13,293,Website/App,1
26998,2025-03-13,293,Third-party Delivery,2
28870,2025-03-13,293,Takeaway,1
34664,2025-03-13,293,Third-party Delivery,2
34437,2025-03-13,293,Third-party Delivery,1
25397,2025-03-13,293,Third-party Delivery,1
8904,2025-03-13,293,Third-party Delivery,1
33903,2025-03-13,293,Dine-in,1
9564,2025-03-13,293,Takeaway,1
25633,2025-03-13,293,Website/App,2
31462,2025-03-13,293,Third-party Delivery,1
38233,2025-03-13,293,Website/App,1
32005,2025-03-13,293,Website/App,1
5128,2025-03-14,292,Dine-in,1
44838,2025-03-14,292,Dine-in,2
8653,2025-03-14,292,Website/App,2
32644,2025-03-14,292,Takeaway,1
38336,2025-03-14,292,Third-party Delivery,1
23463,2025-03-14,292,Dine-in,1
33711,2025-03-14,292,Dine-in,2
41854,2025-03-14,292,Third-party Delivery,1
1612,2025-03-14,292,Takeaway,1
49752,2025-03-14,292,Dine-in,2
30821,2025-03-14,292,Takeaway,1
42467,2025-03-14,292,Takeaway,1
18935,2025-03-14,292,Website/App,2
588,2025-03-14,292,Dine-in,1
18447,2025-03-14,292,Third-party Delivery,1
33680,2025-03-14,292,Website/App,1
36725,2025-03-14,292,Dine-in,1
46109,2025-03-14,292,Takeaway,3
15589,2025-03-14,292,Dine-in,2
39931,2025-03-14,292,Takeaway,2
30319,2025-03-14,292,Third-party Delivery,2
22806,2025-03-14,292,Website/App,1
25576,2025-03-14,292,Third-party Delivery,1
48413,2025-03-14,292,Third-party Delivery,2
26775,2025-03-14,292,Dine-in,2
9651,2025-03-14,292,Third-party Delivery,1
6256,2025-03-14,292,Takeaway,1
9474,2025-03-14,292,Website/App,3
44824,2025-03-14,292,Takeaway,1
4807,2025-03-14,292,Website/App,1
38051,2025-03-14,292,Dine-in,2
12742,2025-03-14,292,Takeaway,2
1939,2025-03-14,292,Website/App,1
32135,2025-03-14,292,Dine-in,1
18361,2025-03-14,292,Website/App,2
1719,2025-03-14,292,Website/App,1
12790,2025-03-14,292,Dine-in,1
11398,2025-03-14,292,Dine-in,1
3539,2025-03-14,292,Dine-in,1
16213,2025-03-14,292,Takeaway,1
38104,2025-03-14,292,Dine-in,1
37568,2025-03-14,292,Third-party Delivery,1
16075,2025-03-14,292,Takeaway,2
41079,2025-03-14,292,Third-party Delivery,1
44011,2025-03-14,292,Takeaway,1
32863,2025-03-14,292,Takeaway,1
9004,2025-03-15,291,Dine-in,2
7436,2025-03-15,291,Third-party Delivery,1
23343,2025-03-15,291,Website/App,1
41768,2025-03-15,291,Third-party Delivery,2
31057,2025-03-15,291,Third-party Delivery,1
25244,2025-03-15,291,Takeaway,1
36086,2025-03-15,291,Third-party Delivery,2
35902,2025-03-15,291,Takeaway,2
33555,2025-03-15,291,Takeaway,1
36611,2025-03-15,291,Dine-in,1
37031,2025-03-15,291,Dine-in,2
24861,2025-03-15,291,Dine-in,1
36815,2025-03-15,291,Third-party Delivery,2
10012,2025-03-15,291,Third-party Delivery,2
10047,2025-03-15,291,Takeaway,2
35290,2025-03-15,291,Takeaway,1
30937,2025-03-15,291,Third-party Delivery,1
24671,2025-03-15,291,Takeaway,1
27764,2025-03-15,291,Third-party Delivery,1
2243,2025-03-15,291,Dine-in,1
16336,2025-03-15,291,Takeaway,2
32292,2025-03-15,291,Takeaway,1
44409,2025-03-15,291,Third-party Delivery,1
15171,2025-03-15,291,Third-party Delivery,1
41073,2025-03-15,291,Dine-in,3
29368,2025-03-15,291,Third-party Delivery,1
14999,2025-03-15,291,Dine-in,1
5615,2025-03-15,291,Dine-in,1
40703,2025-03-15,291,Dine-in,1
31294,2025-03-15,291,Takeaway,1
5825,2025-03-15,291,Dine-in,2
44073,2025-03-15,291,Takeaway,1
46098,2025-03-15,291,Takeaway,2
11460,2025-03-15,291,Third-party Delivery,1
38244,2025-03-15,291,Takeaway,1
6623,2025-03-15,291,Third-party Delivery,2
32951,2025-03-15,291,Website/App,1
24416,2025-03-15,291,Third-party Delivery,1
38273,2025-03-15,291,Takeaway,1
21147,2025-03-15,291,Third-party Delivery,1
38292,2025-03-15,291,Takeaway,1
16604,2025-03-15,291,Dine-in,1
24272,2025-03-15,291,Third-party Delivery,1
25816,2025-03-15,291,Dine-in,2
49657,2025-03-15,291,Takeaway,2
49662,2025-03-15,291,Dine-in,1
44589,2025-03-15,291,Third-party Delivery,1
1038,2025-03-15,291,Website/App,2
15387,2025-03-15,291,Dine-in,1
40056,2025-03-15,291,Website/App,2
2142,2025-03-15,291,Dine-in,1
39667,2025-03-15,291,Dine-in,1
29054,2025-03-15,291,Takeaway,1
44633,2025-03-15,291,Takeaway,1
2411,2025-03-15,291,Dine-in,1
2054,2025-03-15,291,Third-party Delivery,1
6960,2025-03-15,291,Third-party Delivery,1
26209,2025-03-15,291,Third-party Delivery,1
48867,2025-03-15,291,Takeaway,2
12382,2025-03-15,291,Website/App,1
12314,2025-03-15,291,Dine-in,1
25760,2025-03-15,291,Third-party Delivery,1
22938,2025-03-15,291,Third-party Delivery,2
8382,2025-03-15,291,Takeaway,1
8366,2025-03-15,291,Third-party Delivery,2
8108,2025-03-15,291,Dine-in,2
299,2025-03-15,291,Website/App,2
26833,2025-03-15,291,Takeaway,2
19385,2025-03-15,291,Third-party Delivery,2
19696,2025-03-15,291,Takeaway,1
19243,2025-03-16,290,Dine-in,2
48091,2025-03-16,290,Website/App,1
6081,2025-03-16,290,Website/App,1
8436,2025-03-16,290,Takeaway,2
30119,2025-03-16,290,Third-party Delivery,1
13751,2025-03-16,290,Website/App,1
48579,2025-03-16,290,Dine-in,1
25506,2025-03-16,290,Third-party Delivery,1
9636,2025-03-16,290,Website/App,1
24151,2025-03-16,290,Website/App,2
28129,2025-03-16,290,Website/App,2
7661,2025-03-16,290,Takeaway,1
40677,2025-03-16,290,Takeaway,1
23856,2025-03-16,290,Website/App,1
45143,2025-03-16,290,Dine-in,1
4880,2025-03-16,290,Third-party Delivery,1
4751,2025-03-16,290,Takeaway,1
48875,2025-03-16,290,Takeaway,1
44705,2025-03-16,290,Website/App,1
15641,2025-03-16,290,Third-party Delivery,2
39756,2025-03-16,290,Website/App,1
971,2025-03-16,290,Website/App,1
28967,2025-03-16,290,Third-party Delivery,2
27052,2025-03-16,290,Dine-in,1
2975,2025-03-16,290,Third-party Delivery,2
1908,2025-03-16,290,Takeaway,1
15254,2025-03-16,290,Dine-in,1
3477,2025-03-16,290,Website/App,1
33427,2025-03-16,290,Takeaway,1
17290,2025-03-16,290,Takeaway,1
46436,2025-03-16,290,Dine-in,2
43770,2025-03-16,290,Third-party Delivery,1
6589,2025-03-16,290,Dine-in,1
5115,2025-03-16,290,Third-party Delivery,1
46712,2025-03-16,290,Dine-in,1
11006,2025-03-16,290,Takeaway,2
46093,2025-03-16,290,Website/App,2
37374,2025-03-16,290,Dine-in,1
45894,2025-03-16,290,Takeaway,1
20662,2025-03-16,290,Website/App,1
6712,2025-03-16,290,Website/App,1
47091,2025-03-16,290,Takeaway,4
25302,2025-03-16,290,Takeaway,2
23394,2025-03-16,290,Takeaway,1
43144,2025-03-16,290,Takeaway,3
22440,2025-03-16,290,Third-party Delivery,3
27241,2025-03-16,290,Third-party Delivery,1
10250,2025-03-16,290,Dine-in,1
7968,2025-03-16,290,Takeaway,2
46295,2025-03-16,290,Website/App,1
25029,2025-03-16,290,Third-party Delivery,1
37414,2025-03-16,290,Third-party Delivery,1
36892,2025-03-16,290,Dine-in,2
46530,2025-03-16,290,Website/App,1
28015,2025-03-17,289,Website/App,1
24184,2025-03-17,289,Website/App,1
26493,2025-03-17,289,Dine-in,2
34404,2025-03-17,289,Third-party Delivery,1
34279,2025-03-17,289,Takeaway,1
32528,2025-03-17,289,Takeaway,1
7618,2025-03-17,289,Takeaway,2
39606,2025-03-17,289,Takeaway,1
31961,2025-03-17,289,Takeaway,2
49652,2025-03-17,289,Takeaway,2
12508,2025-03-17,289,Dine-in,2
48500,2025-03-17,289,Takeaway,1
9056,2025-03-17,289,Takeaway,1
30655,2025-03-17,289,Website/App,1
42919,2025-03-17,289,Third-party Delivery,3
19641,2025-03-17,289,Takeaway,1
9496,2025-03-17,289,Website/App,1
9768,2025-03-17,289,Takeaway,1
43673,2025-03-17,289,Dine-in,1
36736,2025-03-17,289,Takeaway,1
17750,2025-03-17,289,Website/App,1
20047,2025-03-17,289,Website/App,2
33377,2025-03-17,289,Third-party Delivery,1
18407,2025-03-17,289,Dine-in,1
33433,2025-03-17,289,Third-party Delivery,1
3853,2025-03-17,289,Takeaway,1
31259,2025-03-17,289,Dine-in,3
31604,2025-03-17,289,Third-party Delivery,1
4241,2025-03-17,289,Dine-in,1
30658,2025-03-17,289,Website/App,1
31410,2025-03-17,289,Takeaway,1
28755,2025-03-17,289,Website/App,2
3454,2025-03-17,289,Third-party Delivery,1
32781,2025-03-17,289,Takeaway,2
46582,2025-03-17,289,Website/App,1
10129,2025-03-17,289,Website/App,2
19913,2025-03-17,289,Website/App,1
33691,2025-03-17,289,Dine-in,2
35551,2025-03-17,289,Dine-in,2
10462,2025-03-17,289,Dine-in,1
25210,2025-03-17,289,Takeaway,2
25272,2025-03-17,289,Takeaway,1
10052,2025-03-17,289,Third-party Delivery,2
22072,2025-03-17,289,Website/App,1
30771,2025-03-17,289,Website/App,2
31164,2025-03-17,289,Dine-in,1
1317,2025-03-17,289,Dine-in,3
23200,2025-03-17,289,Takeaway,1
41890,2025-03-17,289,Dine-in,1
30502,2025-03-17,289,Third-party Delivery,3
14287,2025-03-17,289,Dine-in,1
48949,2025-03-18,288,Website/App,3
48844,2025-03-18,288,Takeaway,1
28000,2025-03-18,288,Takeaway,1
17955,2025-03-18,288,Website/App,1
48439,2025-03-18,288,Third-party Delivery,2
8965,2025-03-18,288,Third-party Delivery,1
37780,2025-03-18,288,Takeaway,2
6643,2025-03-18,288,Website/App,2
44608,2025-03-18,288,Third-party Delivery,1
1091,2025-03-18,288,Takeaway,1
2611,2025-03-18,288,Third-party Delivery,1
20581,2025-03-18,288,Takeaway,1
42094,2025-03-18,288,Takeaway,1
42736,2025-03-18,288,Dine-in,2
19373,2025-03-18,288,Takeaway,2
25647,2025-03-18,288,Takeaway,1
26814,2025-03-18,288,Third-party Delivery,1
25895,2025-03-18,288,Website/App,2
31625,2025-03-18,288,Website/App,2
7817,2025-03-18,288,Third-party Delivery,1
27474,2025-03-18,288,Dine-in,2
37022,2025-03-18,288,Dine-in,1
45523,2025-03-18,288,Dine-in,1
45491,2025-03-18,288,Takeaway,4
38868,2025-03-18,288,Website/App,1
3696,2025-03-18,288,Third-party Delivery,2
41252,2025-03-18,288,Website/App,1
10607,2025-03-18,288,Website/App,1
14394,2025-03-18,288,Third-party Delivery,2
13566,2025-03-18,288,Takeaway,1
1361,2025-03-18,288,Dine-in,1
30037,2025-03-18,288,Website/App,1
30971,2025-03-18,288,Website/App,1
41662,2025-03-18,288,Third-party Delivery,1
19743,2025-03-18,288,Website/App,1
47677,2025-03-18,288,Dine-in,1
34791,2025-03-18,288,Website/App,1
10125,2025-03-18,288,Dine-in,1
25153,2025-03-18,288,Takeaway,1
40533,2025-03-18,288,Third-party Delivery,4
27832,2025-03-18,288,Takeaway,1
1138,2025-03-18,288,Third-party Delivery,1
41337,2025-03-18,288,Takeaway,2
29389,2025-03-18,288,Takeaway,1
12921,2025-03-18,288,Third-party Delivery,1
34806,2025-03-19,287,Website/App,1
44612,2025-03-19,287,Third-party Delivery,1
2091,2025-03-19,287,Dine-in,1
21561,2025-03-19,287,Third-party Delivery,1
23532,2025-03-19,287,Dine-in,1
49932,2025-03-19,287,Website/App,1
8937,2025-03-19,287,Third-party Delivery,1
49764,2025-03-19,287,Third-party Delivery,2
6622,2025-03-19,287,Dine-in,2
33062,2025-03-19,287,Dine-in,1
16767,2025-03-19,287,Website/App,1
2310,2025-03-19,287,Third-party Delivery,1
38545,2025-03-19,287,Third-party Delivery,1
49744,2025-03-19,287,Dine-in,1
16861,2025-03-19,287,Website/App,3
7228,2025-03-19,287,Takeaway,1
21384,2025-03-19,287,Third-party Delivery,1
44727,2025-03-19,287,Takeaway,1
21037,2025-03-19,287,Third-party Delivery,1
18316,2025-03-19,287,Website/App,1
5865,2025-03-19,287,Dine-in,1
35874,2025-03-19,287,Takeaway,1
13728,2025-03-19,287,Dine-in,1
42451,2025-03-19,287,Website/App,1
42425,2025-03-19,287,Website/App,2
8903,2025-03-19,287,Dine-in,1
15356,2025-03-19,287,Website/App,1
32299,2025-03-19,287,Takeaway,1
16122,2025-03-19,287,Website/App,1
35029,2025-03-19,287,Website/App,2
49157,2025-03-19,287,Dine-in,1
49943,2025-03-19,287,Dine-in,1
40999,2025-03-19,287,Third-party Delivery,2
29694,2025-03-19,287,Website/App,1
45267,2025-03-19,287,Website/App,1
19390,2025-03-19,287,Takeaway,2
34489,2025-03-19,287,Website/App,2
10659,2025-03-19,287,Dine-in,2
10604,2025-03-19,287,Website/App,2
4450,2025-03-19,287,Website/App,1
36710,2025-03-19,287,Dine-in,1
31404,2025-03-19,287,Third-party Delivery,2
17710,2025-03-19,287,Takeaway,1
28627,2025-03-19,287,Takeaway,3
45537,2025-03-19,287,Website/App,1
29519,2025-03-19,287,Third-party Delivery,1
22031,2025-03-19,287,Takeaway,1
41991,2025-03-19,287,Dine-in,1
47820,2025-03-19,287,Dine-in,1
16645,2025-03-20,286,Takeaway,1
20760,2025-03-20,286,Website/App,1
7644,2025-03-20,286,Dine-in,2
2355,2025-03-20,286,Third-party Delivery,1
7936,2025-03-20,286,Takeaway,1
13738,2025-03-20,286,Dine-in,1
31574,2025-03-20,286,Website/App,2
41527,2025-03-20,286,Takeaway,1
30788,2025-03-20,286,Website/App,2
608,2025-03-20,286,Third-party Delivery,1
17609,2025-03-20,286,Third-party Delivery,3
44155,2025-03-20,286,Dine-in,1
38518,2025-03-20,286,Third-party Delivery,2
29340,2025-03-20,286,Third-party Delivery,1
47300,2025-03-20,286,Third-party Delivery,1
44518,2025-03-20,286,Third-party Delivery,2
1935,2025-03-20,286,Dine-in,1
29798,2025-03-20,286,Dine-in,3
47791,2025-03-20,286,Dine-in,2
485,2025-03-20,286,Third-party Delivery,2
38657,2025-03-20,286,Dine-in,1
21379,2025-03-20,286,Takeaway,1
32306,2025-03-20,286,Website/App,1
37442,2025-03-20,286,Takeaway,1
44022,2025-03-20,286,Third-party Delivery,1
40305,2025-03-20,286,Third-party Delivery,1
49458,2025-03-20,286,Website/App,2
15205,2025-03-20,286,Third-party Delivery,1
28169,2025-03-20,286,Third-party Delivery,2
38778,2025-03-20,286,Third-party Delivery,1
17335,2025-03-21,285,Takeaway,1
17269,2025-03-21,285,Takeaway,1
11948,2025-03-21,285,Dine-in,2
18829,2025-03-21,285,Takeaway,2
45065,2025-03-21,285,Takeaway,2
9162,2025-03-21,285,Takeaway,3
18187,2025-03-21,285,Takeaway,3
35903,2025-03-21,285,Third-party Delivery,2
37597,2025-03-21,285,Website/App,2
2678,2025-03-21,285,Takeaway,1
28306,2025-03-21,285,Third-party Delivery,1
29648,2025-03-21,285,Website/App,2
1818,2025-03-21,285,Third-party Delivery,1
45686,2025-03-21,285,Website/App,1
8507,2025-03-21,285,Website/App,2
41780,2025-03-21,285,Takeaway,1
29570,2025-03-21,285,Website/App,1
1718,2025-03-21,285,Dine-in,1
43143,2025-03-21,285,Takeaway,1
1836,2025-03-21,285,Takeaway,1
31263,2025-03-21,285,Dine-in,2
14325,2025-03-21,285,Dine-in,1
45209,2025-03-21,285,Takeaway,1
17414,2025-03-21,285,Website/App,1
12346,2025-03-21,285,Third-party Delivery,2
12548,2025-03-21,285,Third-party Delivery,1
28951,2025-03-21,285,Dine-in,1
15191,2025-03-21,285,Takeaway,1
29379,2025-03-21,285,Website/App,1
23873,2025-03-21,285,Website/App,2
17429,2025-03-21,285,Takeaway,2
34970,2025-03-21,285,Takeaway,1
49067,2025-03-21,285,Dine-in,2
19357,2025-03-21,285,Takeaway,1
30390,2025-03-21,285,Website/App,1
35667,2025-03-21,285,Takeaway,1
13571,2025-03-21,285,Third-party Delivery,1
42099,2025-03-21,285,Third-party Delivery,1
35334,2025-03-22,284,Third-party Delivery,1
35898,2025-03-22,284,Website/App,1
7271,2025-03-22,284,Takeaway,1
42719,2025-03-22,284,Website/App,1
13921,2025-03-22,284,Takeaway,1
22792,2025-03-22,284,Third-party Delivery,3
25801,2025-03-22,284,Website/App,2
26505,2025-03-22,284,Takeaway,2
331,2025-03-22,284,Takeaway,1
35236,2025-03-22,284,Website/App,1
8555,2025-03-22,284,Third-party Delivery,1
34230,2025-03-22,284,Website/App,1
15438,2025-03-22,284,Takeaway,3
24045,2025-03-22,284,Website/App,1
40270,2025-03-22,284,Third-party Delivery,1
6825,2025-03-22,284,Third-party Delivery,2
29043,2025-03-22,284,Website/App,1
11453,2025-03-22,284,Takeaway,1
6086,2025-03-22,284,Takeaway,1
9640,2025-03-22,284,Takeaway,1
26041,2025-03-22,284,Dine-in,1
2004,2025-03-22,284,Dine-in,1
35369,2025-03-22,284,Dine-in,1
25981,2025-03-22,284,Dine-in,1
37710,2025-03-22,284,Third-party Delivery,1
5754,2025-03-22,284,Takeaway,1
36220,2025-03-22,284,Dine-in,1
17035,2025-03-22,284,Third-party Delivery,1
30680,2025-03-22,284,Third-party Delivery,1
41361,2025-03-22,284,Third-party Delivery,1
15954,2025-03-22,284,Takeaway,1
24408,2025-03-22,284,Website/App,2
1839,2025-03-22,284,Dine-in,1
2204,2025-03-22,284,Dine-in,1
37475,2025-03-22,284,Takeaway,1
33200,2025-03-22,284,Third-party Delivery,3
27704,2025-03-22,284,Website/App,1
6433,2025-03-22,284,Takeaway,1
29409,2025-03-22,284,Dine-in,1
12501,2025-03-22,284,Third-party Delivery,1
1177,2025-03-22,284,Third-party Delivery,1
12714,2025-03-22,284,Third-party Delivery,1
12827,2025-03-22,284,Takeaway,1
28506,2025-03-22,284,Third-party Delivery,1
41554,2025-03-22,284,Third-party Delivery,2
7113,2025-03-22,284,Website/App,1
36366,2025-03-22,284,Third-party Delivery,1
26204,2025-03-22,284,Takeaway,1
8136,2025-03-22,284,Dine-in,1
35518,2025-03-22,284,Takeaway,1
44733,2025-03-22,284,Takeaway,1
6701,2025-03-22,284,Website/App,2
24224,2025-03-23,283,Dine-in,1
21894,2025-03-23,283,Takeaway,4
45147,2025-03-23,283,Dine-in,1
15765,2025-03-23,283,Dine-in,3
34488,2025-03-23,283,Dine-in,2
34625,2025-03-23,283,Website/App,2
29837,2025-03-23,283,Dine-in,1
29786,2025-03-23,283,Third-party Delivery,2
47614,2025-03-23,283,Takeaway,1
23002,2025-03-23,283,Third-party Delivery,1
25342,2025-03-23,283,Website/App,2
4983,2025-03-23,283,Dine-in,2
6843,2025-03-23,283,Dine-in,1
37387,2025-03-23,283,Dine-in,2
37317,2025-03-23,283,Takeaway,1
25866,2025-03-23,283,Takeaway,1
26999,2025-03-23,283,Third-party Delivery,2
48748,2025-03-23,283,Takeaway,1
35164,2025-03-23,283,Dine-in,1
34983,2025-03-23,283,Third-party Delivery,1
38865,2025-03-23,283,Dine-in,1
24380,2025-03-23,283,Website/App,1
40913,2025-03-23,283,Third-party Delivery,1
43876,2025-03-23,283,Takeaway,1
31677,2025-03-23,283,Dine-in,1
10465,2025-03-23,283,Dine-in,1
46718,2025-03-23,283,Third-party Delivery,1
7838,2025-03-23,283,Dine-in,2
33899,2025-03-23,283,Takeaway,1
11662,2025-03-23,283,Dine-in,1
655,2025-03-23,283,Third-party Delivery,2
46421,2025-03-23,283,Dine-in,1
46153,2025-03-23,283,Third-party Delivery,1
16204,2025-03-23,283,Third-party Delivery,1
45947,2025-03-23,283,Dine-in,1
31675,2025-03-23,283,Dine-in,1
27489,2025-03-23,283,Website/App,2
3455,2025-03-23,283,Website/App,1
41136,2025-03-23,283,Dine-in,2
14894,2025-03-23,283,Takeaway,1
41539,2025-03-23,283,Third-party Delivery,2
20311,2025-03-23,283,Third-party Delivery,1
23338,2025-03-23,283,Third-party Delivery,2
29482,2025-03-23,283,Third-party Delivery,1
13232,2025-03-23,283,Takeaway,1
43426,2025-03-23,283,Website/App,1
3806,2025-03-23,283,Third-party Delivery,1
6519,2025-03-23,283,Website/App,1
32633,2025-03-23,283,Dine-in,3
38082,2025-03-23,283,Takeaway,1
38173,2025-03-23,283,Takeaway,2
37782,2025-03-23,283,Dine-in,1
38486,2025-03-23,283,Dine-in,1
38473,2025-03-23,283,Dine-in,1
35470,2025-03-23,283,Website/App,2
35505,2025-03-23,283,Website/App,2
48786,2025-03-24,282,Website/App,2
25773,2025-03-24,282,Takeaway,1
19233,2025-03-24,282,Takeaway,2
34996,2025-03-24,282,Third-party Delivery,2
35125,2025-03-24,282,Dine-in,2
34315,2025-03-24,282,Third-party Delivery,2
34587,2025-03-24,282,Third-party Delivery,2
34644,2025-03-24,282,Dine-in,1
19569,2025-03-24,282,Third-party Delivery,1
1946,2025-03-24,282,Third-party Delivery,2
40615,2025-03-24,282,Dine-in,1
15672,2025-03-24,282,Third-party Delivery,3
33114,2025-03-24,282,Third-party Delivery,1
16304,2025-03-24,282,Third-party Delivery,2
39282,2025-03-24,282,Website/App,2
32063,2025-03-24,282,Third-party Delivery,1
24446,2025-03-24,282,Third-party Delivery,1
11351,2025-03-24,282,Third-party Delivery,1
17293,2025-03-24,282,Website/App,2
21183,2025-03-24,282,Third-party Delivery,2
38586,2025-03-24,282,Website/App,2
44976,2025-03-24,282,Takeaway,1
28170,2025-03-24,282,Takeaway,2
49798,2025-03-24,282,Third-party Delivery,1
14463,2025-03-24,282,Dine-in,1
1279,2025-03-24,282,Dine-in,1
43281,2025-03-24,282,Third-party Delivery,1
30030,2025-03-24,282,Dine-in,1
30835,2025-03-24,282,Dine-in,2
30633,2025-03-24,282,Dine-in,1
23381,2025-03-24,282,Takeaway,1
186,2025-03-24,282,Takeaway,1
9039,2025-03-24,282,Website/App,1
19859,2025-03-24,282,Dine-in,2
35572,2025-03-24,282,Third-party Delivery,1
48419,2025-03-24,282,Dine-in,1
35680,2025-03-24,282,Takeaway,2
19852,2025-03-24,282,Takeaway,3
14122,2025-03-24,282,Website/App,1
28448,2025-03-24,282,Takeaway,2
28981,2025-03-24,282,Third-party Delivery,1
36776,2025-03-24,282,Third-party Delivery,1
27906,2025-03-24,282,Third-party Delivery,1
17689,2025-03-24,282,Website/App,1
12532,2025-03-24,282,Website/App,1
40518,2025-03-24,282,Website/App,1
27662,2025-03-24,282,Dine-in,1
4648,2025-03-24,282,Takeaway,2
33085,2025-03-24,282,Takeaway,1
20589,2025-03-24,282,Takeaway,1
10967,2025-03-24,282,Website/App,1
5937,2025-03-24,282,Dine-in,1
31124,2025-03-24,282,Dine-in,1
40941,2025-03-24,282,Takeaway,1
5562,2025-03-24,282,Website/App,1
1180,2025-03-24,282,Takeaway,1
10508,2025-03-24,282,Takeaway,1
46980,2025-03-24,282,Third-party Delivery,1
48286,2025-03-24,282,Third-party Delivery,2
33399,2025-03-24,282,Website/App,1
18321,2025-03-24,282,Dine-in,2
13377,2025-03-25,281,Third-party Delivery,1
19086,2025-03-25,281,Takeaway,1
8860,2025-03-25,281,Website/App,1
48535,2025-03-25,281,Third-party Delivery,1
49302,2025-03-25,281,Dine-in,1
34757,2025-03-25,281,Dine-in,2
48860,2025-03-25,281,Website/App,1
25897,2025-03-25,281,Website/App,3
25799,2025-03-25,281,Dine-in,1
35202,2025-03-25,281,Third-party Delivery,4
34192,2025-03-25,281,Takeaway,1
9999,2025-03-25,281,Website/App,1
35842,2025-03-25,281,Dine-in,1
9020,2025-03-25,281,Takeaway,1
42978,2025-03-25,281,Third-party Delivery,2
28727,2025-03-25,281,Third-party Delivery,3
3699,2025-03-25,281,Third-party Delivery,1
10269,2025-03-25,281,Third-party Delivery,2
17658,2025-03-25,281,Third-party Delivery,1
40714,2025-03-25,281,Third-party Delivery,2
40867,2025-03-25,281,Website/App,2
45229,2025-03-25,281,Third-party Delivery,2
27745,2025-03-25,281,Website/App,1
24437,2025-03-25,281,Website/App,1
11345,2025-03-25,281,Website/App,2
2456,2025-03-25,281,Takeaway,2
33917,2025-03-25,281,Website/App,1
37394,2025-03-25,281,Takeaway,1
33313,2025-03-25,281,Takeaway,1
30977,2025-03-25,281,Third-party Delivery,2
33370,2025-03-25,281,Website/App,2
45325,2025-03-25,281,Takeaway,1
16359,2025-03-25,281,Website/App,1
23373,2025-03-25,281,Dine-in,2
42250,2025-03-25,281,Dine-in,1
7961,2025-03-25,281,Takeaway,1
14967,2025-03-25,281,Third-party Delivery,1
22206,2025-03-25,281,Dine-in,2
15048,2025-03-25,281,Third-party Delivery,1
20121,2025-03-25,281,Website/App,1
22562,2025-03-25,281,Takeaway,1
7367,2025-03-25,281,Dine-in,1
3963,2025-03-25,281,Dine-in,2
12785,2025-03-25,281,Dine-in,2
41588,2025-03-25,281,Takeaway,1
23850,2025-03-25,281,Dine-in,2
12498,2025-03-25,281,Website/App,1
32250,2025-03-25,281,Third-party Delivery,2
39088,2025-03-25,281,Website/App,1
48925,2025-03-26,280,Website/App,1
4877,2025-03-26,280,Third-party Delivery,1
35168,2025-03-26,280,Third-party Delivery,2
48625,2025-03-26,280,Takeaway,3
48401,2025-03-26,280,Dine-in,3
48306,2025-03-26,280,Dine-in,1
17010,2025-03-26,280,Dine-in,1
34080,2025-03-26,280,Website/App,1
44987,2025-03-26,280,Dine-in,1
16489,2025-03-26,280,Takeaway,2
15382,2025-03-26,280,Takeaway,1
1888,2025-03-26,280,Takeaway,1
36940,2025-03-26,280,Dine-in,3
20642,2025-03-26,280,Dine-in,1
39728,2025-03-26,280,Third-party Delivery,1
12567,2025-03-26,280,Takeaway,1
29135,2025-03-26,280,Dine-in,1
12435,2025-03-26,280,Third-party Delivery,1
40110,2025-03-26,280,Takeaway,2
20721,2025-03-26,280,Dine-in,1
5765,2025-03-26,280,Dine-in,1
38206,2025-03-26,280,Third-party Delivery,2
8543,2025-03-26,280,Third-party Delivery,1
37218,2025-03-26,280,Takeaway,2
11661,2025-03-26,280,Takeaway,1
39086,2025-03-26,280,Third-party Delivery,1
48265,2025-03-26,280,Third-party Delivery,1
10712,2025-03-26,280,Dine-in,2
17848,2025-03-26,280,Takeaway,1
33835,2025-03-26,280,Takeaway,1
22136,2025-03-26,280,Dine-in,2
42768,2025-03-26,280,Third-party Delivery,1
14877,2025-03-26,280,Dine-in,1
3782,2025-03-26,280,Website/App,2
7496,2025-03-26,280,Dine-in,1
14117,2025-03-26,280,Dine-in,2
1524,2025-03-26,280,Website/App,1
30264,2025-03-26,280,Dine-in,1
47545,2025-03-26,280,Dine-in,1
47804,2025-03-26,280,Dine-in,2
1538,2025-03-26,280,Takeaway,1
8995,2025-03-26,280,Dine-in,1
10703,2025-03-27,279,Third-party Delivery,2
41,2025-03-27,279,Website/App,2
10968,2025-03-27,279,Takeaway,2
40642,2025-03-27,279,Takeaway,1
15760,2025-03-27,279,Third-party Delivery,1
15101,2025-03-27,279,Website/App,2
14693,2025-03-27,279,Takeaway,1
46509,2025-03-27,279,Takeaway,2
13216,2025-03-27,279,Third-party Delivery,2
7727,2025-03-27,279,Dine-in,2
46339,2025-03-27,279,Third-party Delivery,2
4409,2025-03-27,279,Website/App,1
41298,2025-03-27,279,Dine-in,2
21365,2025-03-27,279,Website/App,1
35731,2025-03-27,279,Third-party Delivery,1
39269,2025-03-27,279,Third-party Delivery,1
19510,2025-03-27,279,Third-party Delivery,1
19558,2025-03-27,279,Takeaway,2
5157,2025-03-27,279,Third-party Delivery,1
27370,2025-03-27,279,Takeaway,2
35941,2025-03-27,279,Website/App,3
32126,2025-03-27,279,Dine-in,2
43500,2025-03-27,279,Dine-in,1
2495,2025-03-27,279,Takeaway,1
42795,2025-03-27,279,Dine-in,1
42973,2025-03-27,279,Website/App,1
29057,2025-03-27,279,Third-party Delivery,2
29772,2025-03-27,279,Third-party Delivery,2
22358,2025-03-27,279,Dine-in,1
36229,2025-03-27,279,Third-party Delivery,2
14639,2025-03-27,279,Third-party Delivery,1
5870,2025-03-27,279,Takeaway,2
16238,2025-03-27,279,Third-party Delivery,1
38495,2025-03-27,279,Third-party Delivery,2
20775,2025-03-27,279,Takeaway,1
42695,2025-03-27,279,Website/App,2
42062,2025-03-27,279,Website/App,1
4987,2025-03-27,279,Third-party Delivery,1
30389,2025-03-27,279,Takeaway,1
3332,2025-03-27,279,Third-party Delivery,1
49058,2025-03-27,279,Third-party Delivery,2
26499,2025-03-27,279,Dine-in,1
8670,2025-03-27,279,Third-party Delivery,1
35264,2025-03-27,279,Third-party Delivery,1
4186,2025-03-28,278,Third-party Delivery,1
6601,2025-03-28,278,Takeaway,1
46116,2025-03-28,278,Website/App,2
14794,2025-03-28,278,Website/App,1
12945,2025-03-28,278,Third-party Delivery,1
15928,2025-03-28,278,Takeaway,1
43945,2025-03-28,278,Website/App,3
28499,2025-03-28,278,Dine-in,1
15970,2025-03-28,278,Takeaway,2
32026,2025-03-28,278,Takeaway,1
18164,2025-03-28,278,Takeaway,3
45279,2025-03-28,278,Takeaway,3
35217,2025-03-28,278,Third-party Delivery,1
31908,2025-03-28,278,Website/App,3
42725,2025-03-28,278,Dine-in,2
7270,2025-03-28,278,Third-party Delivery,1
17212,2025-03-28,278,Website/App,2
16992,2025-03-28,278,Takeaway,1
21009,2025-03-28,278,Third-party Delivery,2
11646,2025-03-28,278,Third-party Delivery,1
2530,2025-03-28,278,Takeaway,1
32809,2025-03-28,278,Third-party Delivery,2
27743,2025-03-28,278,Third-party Delivery,1
27770,2025-03-28,278,Takeaway,1
47621,2025-03-28,278,Website/App,1
32658,2025-03-28,278,Dine-in,1
9976,2025-03-28,278,Third-party Delivery,1
36172,2025-03-28,278,Website/App,3
44068,2025-03-28,278,Takeaway,1
48090,2025-03-28,278,Dine-in,1
34559,2025-03-28,278,Third-party Delivery,1
10656,2025-03-28,278,Website/App,1
44621,2025-03-28,278,Takeaway,1
8408,2025-03-28,278,Dine-in,1
16650,2025-03-28,278,Dine-in,1
13972,2025-03-28,278,Dine-in,2
47828,2025-03-28,278,Third-party Delivery,1
27092,2025-03-28,278,Dine-in,1
7240,2025-03-28,278,Third-party Delivery,1
6570,2025-03-28,278,Website/App,1
48990,2025-03-28,278,Dine-in,1
35281,2025-03-28,278,Third-party Delivery,1
19673,2025-03-28,278,Dine-in,1
19977,2025-03-28,278,Website/App,1
2020,2025-03-28,278,Dine-in,1
12670,2025-03-28,278,Third-party Delivery,1
2027,2025-03-28,278,Takeaway,2
21304,2025-03-28,278,Dine-in,1
32115,2025-03-28,278,Third-party Delivery,1
27405,2025-03-28,278,Third-party Delivery,1
6244,2025-03-29,277,Third-party Delivery,1
5266,2025-03-29,277,Dine-in,1
3170,2025-03-29,277,Takeaway,1
26205,2025-03-29,277,Website/App,1
9335,2025-03-29,277,Takeaway,2
28996,2025-03-29,277,Third-party Delivery,1
29163,2025-03-29,277,Third-party Delivery,1
25951,2025-03-29,277,Dine-in,1
26097,2025-03-29,277,Third-party Delivery,1
34786,2025-03-29,277,Website/App,2
531,2025-03-29,277,Website/App,1
19651,2025-03-29,277,Third-party Delivery,1
20826,2025-03-29,277,Website/App,1
20739,2025-03-29,277,Third-party Delivery,1
42445,2025-03-29,277,Third-party Delivery,1
14240,2025-03-29,277,Third-party Delivery,1
45719,2025-03-29,277,Takeaway,1
11112,2025-03-29,277,Dine-in,1
30227,2025-03-29,277,Third-party Delivery,1
3801,2025-03-29,277,Takeaway,1
9883,2025-03-29,277,Third-party Delivery,2
25132,2025-03-29,277,Takeaway,2
30936,2025-03-29,277,Third-party Delivery,1
16654,2025-03-29,277,Takeaway,1
16643,2025-03-29,277,Takeaway,3
583,2025-03-29,277,Third-party Delivery,1
31224,2025-03-29,277,Website/App,1
12039,2025-03-29,277,Takeaway,1
39227,2025-03-29,277,Takeaway,1
24972,2025-03-29,277,Takeaway,2
18657,2025-03-29,277,Dine-in,2
5982,2025-03-29,277,Third-party Delivery,1
19889,2025-03-29,277,Takeaway,1
15909,2025-03-29,277,Dine-in,1
45259,2025-03-29,277,Takeaway,1
2790,2025-03-29,277,Dine-in,1
44444,2025-03-29,277,Website/App,1
29433,2025-03-29,277,Takeaway,1
29311,2025-03-29,277,Third-party Delivery,1
35431,2025-03-29,277,Takeaway,1
44975,2025-03-29,277,Dine-in,2
19695,2025-03-29,277,Website/App,1
8552,2025-03-29,277,Takeaway,2
15454,2025-03-29,277,Website/App,2
2757,2025-03-29,277,Website/App,4
40088,2025-03-29,277,Dine-in,1
47496,2025-03-29,277,Takeaway,2
15628,2025-03-29,277,Dine-in,1
18789,2025-03-29,277,Dine-in,3
25927,2025-03-29,277,Website/App,2
15120,2025-03-29,277,Dine-in,1
49981,2025-03-29,277,Takeaway,1
18286,2025-03-29,277,Website/App,2
40207,2025-03-29,277,Third-party Delivery,2
40184,2025-03-29,277,Third-party Delivery,2
40400,2025-03-29,277,Website/App,2
13317,2025-03-29,277,Takeaway,1
30519,2025-03-29,277,Website/App,3
36248,2025-03-29,277,Website/App,1
41853,2025-03-29,277,Dine-in,1
41545,2025-03-29,277,Takeaway,1
36361,2025-03-29,277,Website/App,1
13366,2025-03-29,277,Website/App,1
22067,2025-03-29,277,Dine-in,1
16385,2025-03-29,277,Dine-in,1
31042,2025-03-29,277,Takeaway,1
45961,2025-03-29,277,Third-party Delivery,1
24588,2025-03-29,277,Dine-in,3
441,2025-03-29,277,Dine-in,1
30562,2025-03-29,277,Dine-in,1
13696,2025-03-29,277,Dine-in,1
47851,2025-03-29,277,Website/App,1
5844,2025-03-29,277,Third-party Delivery,1
30368,2025-03-29,277,Takeaway,1
30745,2025-03-29,277,Third-party Delivery,1
5209,2025-03-30,276,Dine-in,1
39722,2025-03-30,276,Third-party Delivery,1
11741,2025-03-30,276,Third-party Delivery,2
43558,2025-03-30,276,Dine-in,1
39181,2025-03-30,276,Website/App,1
32382,2025-03-30,276,Dine-in,3
34167,2025-03-30,276,Dine-in,2
47439,2025-03-30,276,Takeaway,1
12593,2025-03-30,276,Dine-in,1
25353,2025-03-30,276,Third-party Delivery,1
15705,2025-03-30,276,Third-party Delivery,1
26,2025-03-30,276,Dine-in,2
7864,2025-03-30,276,Takeaway,1
5580,2025-03-30,276,Website/App,1
40796,2025-03-30,276,Takeaway,1
31538,2025-03-30,276,Website/App,1
1104,2025-03-30,276,Website/App,1
29316,2025-03-30,276,Third-party Delivery,2
23602,2025-03-30,276,Dine-in,1
4680,2025-03-30,276,Takeaway,1
26755,2025-03-30,276,Takeaway,1
18391,2025-03-30,276,Takeaway,1
39393,2025-03-30,276,Dine-in,1
38059,2025-03-30,276,Takeaway,1
14900,2025-03-30,276,Takeaway,2
23082,2025-03-30,276,Takeaway,2
23322,2025-03-30,276,Third-party Delivery,1
25205,2025-03-30,276,Third-party Delivery,1
33214,2025-03-30,276,Website/App,1
22771,2025-03-30,276,Third-party Delivery,1
17487,2025-03-30,276,Third-party Delivery,1
3434,2025-03-30,276,Third-party Delivery,1
32545,2025-03-30,276,Website/App,2
47638,2025-03-30,276,Dine-in,1
20892,2025-03-30,276,Takeaway,1
46076,2025-03-30,276,Website/App,2
38854,2025-03-30,276,Takeaway,1
14806,2025-03-30,276,Website/App,1
13397,2025-03-30,276,Takeaway,1
20332,2025-03-30,276,Third-party Delivery,1
37186,2025-03-30,276,Third-party Delivery,2
20728,2025-03-30,276,Website/App,1
11707,2025-03-30,276,Takeaway,2
37666,2025-03-30,276,Third-party Delivery,1
11362,2025-03-30,276,Dine-in,1
42113,2025-03-30,276,Third-party Delivery,1
14172,2025-03-30,276,Dine-in,1
42253,2025-03-30,276,Website/App,2
11066,2025-03-30,276,Third-party Delivery,1
31804,2025-03-30,276,Takeaway,1
48963,2025-03-30,276,Takeaway,1
45742,2025-03-30,276,Takeaway,1
19625,2025-03-30,276,Third-party Delivery,2
10319,2025-03-30,276,Takeaway,1
25695,2025-03-30,276,Third-party Delivery,1
9285,2025-03-30,276,Third-party Delivery,3
9066,2025-03-30,276,Takeaway,1
25727,2025-03-31,275,Takeaway,1
4305,2025-03-31,275,Takeaway,1
21862,2025-03-31,275,Dine-in,1
1629,2025-03-31,275,Dine-in,1
32998,2025-03-31,275,Third-party Delivery,1
7229,2025-03-31,275,Dine-in,1
17347,2025-03-31,275,Website/App,1
31750,2025-03-31,275,Dine-in,1
20659,2025-03-31,275,Third-party Delivery,1
20619,2025-03-31,275,Website/App,1
20373,2025-03-31,275,Website/App,1
32487,2025-03-31,275,Third-party Delivery,1
29951,2025-03-31,275,Dine-in,1
1739,2025-03-31,275,Dine-in,1
14655,2025-03-31,275,Takeaway,1
14507,2025-03-31,275,Website/App,1
30141,2025-03-31,275,Website/App,1
30448,2025-03-31,275,Takeaway,1
3445,2025-03-31,275,Website/App,2
4114,2025-03-31,275,Dine-in,1
32987,2025-03-31,275,Takeaway,3
37913,2025-03-31,275,Third-party Delivery,1
1666,2025-03-31,275,Third-party Delivery,1
41819,2025-03-31,275,Website/App,1
18710,2025-03-31,275,Dine-in,1
35844,2025-03-31,275,Dine-in,2
29335,2025-03-31,275,Dine-in,1
35852,2025-03-31,275,Third-party Delivery,3
23809,2025-03-31,275,Takeaway,1
44294,2025-03-31,275,Website/App,1
7524,2025-03-31,275,Third-party Delivery,1
47415,2025-03-31,275,Takeaway,3
32235,2025-03-31,275,Website/App,1
11952,2025-03-31,275,Takeaway,2
43790,2025-03-31,275,Takeaway,1
18160,2025-03-31,275,Website/App,1
27595,2025-03-31,275,Dine-in,1
10209,2025-03-31,275,Third-party Delivery,1
19408,2025-03-31,275,Takeaway,1
34066,2025-03-31,275,Website/App,1
20380,2025-04-01,274,Website/App,1
7282,2025-04-01,274,Third-party Delivery,1
34881,2025-04-01,274,Dine-in,1
37674,2025-04-01,274,Takeaway,1
48028,2025-04-01,274,Third-party Delivery,1
17088,2025-04-01,274,Dine-in,2
16759,2025-04-01,274,Dine-in,2
782,2025-04-01,274,Dine-in,1
36760,2025-04-01,274,Takeaway,1
5891,2025-04-01,274,Dine-in,2
6386,2025-04-01,274,Takeaway,1
33187,2025-04-01,274,Website/App,1
30500,2025-04-01,274,Third-party Delivery,2
9765,2025-04-01,274,Third-party Delivery,1
3748,2025-04-01,274,Dine-in,1
21877,2025-04-01,274,Dine-in,2
5857,2025-04-01,274,Website/App,1
38748,2025-04-01,274,Third-party Delivery,1
47719,2025-04-01,274,Takeaway,1
6775,2025-04-01,274,Takeaway,3
41363,2025-04-01,274,Website/App,2
45968,2025-04-01,274,Website/App,1
10220,2025-04-01,274,Dine-in,1
3705,2025-04-01,274,Third-party Delivery,1
21373,2025-04-01,274,Takeaway,3
4506,2025-04-01,274,Website/App,1
38879,2025-04-01,274,Dine-in,4
39249,2025-04-01,274,Third-party Delivery,1
13114,2025-04-01,274,Dine-in,2
10246,2025-04-01,274,Takeaway,2
20195,2025-04-01,274,Takeaway,2
32655,2025-04-01,274,Website/App,1
30221,2025-04-01,274,Takeaway,1
9033,2025-04-01,274,Dine-in,1
33943,2025-04-01,274,Takeaway,3
21923,2025-04-01,274,Takeaway,2
4803,2025-04-01,274,Website/App,1
40485,2025-04-01,274,Third-party Delivery,1
34057,2025-04-01,274,Dine-in,1
10504,2025-04-01,274,Third-party Delivery,1
21375,2025-04-01,274,Website/App,2
44616,2025-04-01,274,Dine-in,2
18765,2025-04-01,274,Takeaway,1
35966,2025-04-01,274,Dine-in,2
46190,2025-04-01,274,Website/App,2
35468,2025-04-01,274,Takeaway,1
33785,2025-04-01,274,Website/App,1
26834,2025-04-01,274,Dine-in,1
24061,2025-04-01,274,Third-party Delivery,1
28878,2025-04-01,274,Third-party Delivery,1
59,2025-04-01,274,Dine-in,3
1004,2025-04-01,274,Third-party Delivery,1
31964,2025-04-01,274,Takeaway,1
13402,2025-04-02,273,Takeaway,1
8001,2025-04-02,273,Website/App,4
36938,2025-04-02,273,Website/App,2
29604,2025-04-02,273,Website/App,2
17420,2025-04-02,273,Takeaway,2
13740,2025-04-02,273,Dine-in,1
30387,2025-04-02,273,Dine-in,1
14523,2025-04-02,273,Dine-in,1
35910,2025-04-02,273,Website/App,1
47316,2025-04-02,273,Third-party Delivery,1
39243,2025-04-02,273,Third-party Delivery,1
39735,2025-04-02,273,Third-party Delivery,1
49797,2025-04-02,273,Takeaway,2
25815,2025-04-02,273,Dine-in,1
36630,2025-04-02,273,Website/App,1
47662,2025-04-02,273,Website/App,2
47886,2025-04-02,273,Takeaway,1
42462,2025-04-02,273,Website/App,1
37881,2025-04-02,273,Takeaway,1
28902,2025-04-02,273,Third-party Delivery,1
3010,2025-04-02,273,Dine-in,1
10450,2025-04-02,273,Third-party Delivery,2
28977,2025-04-02,273,Takeaway,3
6204,2025-04-02,273,Third-party Delivery,2
9262,2025-04-02,273,Third-party Delivery,1
48922,2025-04-02,273,Website/App,1
17085,2025-04-02,273,Takeaway,2
25959,2025-04-02,273,Third-party Delivery,1
48605,2025-04-02,273,Third-party Delivery,3
48634,2025-04-02,273,Dine-in,1
34649,2025-04-02,273,Third-party Delivery,2
40704,2025-04-02,273,Takeaway,1
35567,2025-04-02,273,Website/App,2
44184,2025-04-02,273,Third-party Delivery,1
9656,2025-04-02,273,Website/App,1
7462,2025-04-02,273,Third-party Delivery,1
35956,2025-04-02,273,Third-party Delivery,1
3891,2025-04-02,273,Third-party Delivery,1
10740,2025-04-02,273,Takeaway,1
34084,2025-04-02,273,Third-party Delivery,2
44911,2025-04-02,273,Website/App,1
28397,2025-04-02,273,Third-party Delivery,2
31299,2025-04-02,273,Takeaway,1
11740,2025-04-02,273,Third-party Delivery,1
4421,2025-04-02,273,Website/App,1
28673,2025-04-02,273,Website/App,2
33563,2025-04-02,273,Third-party Delivery,2
43409,2025-04-02,273,Third-party Delivery,2
24140,2025-04-02,273,Dine-in,3
43389,2025-04-02,273,Website/App,1
13257,2025-04-02,273,Takeaway,1
10274,2025-04-02,273,Dine-in,1
38796,2025-04-02,273,Takeaway,1
1799,2025-04-02,273,Dine-in,1
21404,2025-04-03,272,Website/App,1
16139,2025-04-03,272,Third-party Delivery,1
46073,2025-04-03,272,Takeaway,1
40558,2025-04-03,272,Takeaway,1
35499,2025-04-03,272,Website/App,1
9271,2025-04-03,272,Website/App,1
17342,2025-04-03,272,Third-party Delivery,2
33924,2025-04-03,272,Website/App,1
49154,2025-04-03,272,Takeaway,1
33550,2025-04-03,272,Takeaway,1
5829,2025-04-03,272,Third-party Delivery,1
23206,2025-04-03,272,Third-party Delivery,2
30073,2025-04-03,272,Third-party Delivery,1
8829,2025-04-03,272,Dine-in,1
11287,2025-04-03,272,Dine-in,1
21071,2025-04-03,272,Website/App,2
436,2025-04-03,272,Website/App,1
49104,2025-04-03,272,Takeaway,1
28817,2025-04-03,272,Takeaway,1
29192,2025-04-03,272,Website/App,1
18969,2025-04-03,272,Website/App,1
13334,2025-04-03,272,Third-party Delivery,1
26288,2025-04-03,272,Third-party Delivery,1
36590,2025-04-03,272,Takeaway,1
10270,2025-04-03,272,Dine-in,1
37983,2025-04-03,272,Third-party Delivery,2
16154,2025-04-03,272,Takeaway,3
15017,2025-04-03,272,Third-party Delivery,1
4537,2025-04-03,272,Third-party Delivery,1
35679,2025-04-03,272,Website/App,1
35785,2025-04-03,272,Third-party Delivery,1
7179,2025-04-03,272,Third-party Delivery,3
47988,2025-04-03,272,Takeaway,2
23295,2025-04-03,272,Website/App,1
30610,2025-04-03,272,Website/App,2
14484,2025-04-03,272,Takeaway,1
32555,2025-04-03,272,Website/App,1
34453,2025-04-03,272,Website/App,2
34472,2025-04-03,272,Takeaway,1
48560,2025-04-03,272,Takeaway,1
25795,2025-04-03,272,Dine-in,1
39792,2025-04-03,272,Dine-in,2
34091,2025-04-03,272,Dine-in,1
317,2025-04-03,272,Website/App,2
7456,2025-04-03,272,Dine-in,1
44526,2025-04-03,272,Third-party Delivery,1
19693,2025-04-03,272,Website/App,1
14720,2025-04-03,272,Takeaway,1
32285,2025-04-03,272,Takeaway,1
2128,2025-04-03,272,Website/App,1
11769,2025-04-03,272,Third-party Delivery,1
28581,2025-04-03,272,Third-party Delivery,2
14727,2025-04-03,272,Takeaway,1
9134,2025-04-04,271,Dine-in,2
9216,2025-04-04,271,Takeaway,1
26563,2025-04-04,271,Third-party Delivery,1
8772,2025-04-04,271,Dine-in,1
47100,2025-04-04,271,Dine-in,2
8539,2025-04-04,271,Dine-in,1
25950,2025-04-04,271,Third-party Delivery,2
44951,2025-04-04,271,Third-party Delivery,2
37422,2025-04-04,271,Website/App,2
37618,2025-04-04,271,Takeaway,1
3540,2025-04-04,271,Dine-in,1
14509,2025-04-04,271,Dine-in,1
27126,2025-04-04,271,Website/App,1
32757,2025-04-04,271,Dine-in,1
37822,2025-04-04,271,Takeaway,2
411,2025-04-04,271,Third-party Delivery,1
5557,2025-04-04,271,Website/App,1
7336,2025-04-04,271,Takeaway,1
43136,2025-04-04,271,Website/App,1
42985,2025-04-04,271,Dine-in,1
37345,2025-04-04,271,Website/App,1
43259,2025-04-04,271,Website/App,1
33865,2025-04-04,271,Third-party Delivery,1
48313,2025-04-04,271,Dine-in,3
32517,2025-04-04,271,Third-party Delivery,1
30549,2025-04-04,271,Third-party Delivery,2
16014,2025-04-04,271,Takeaway,3
24596,2025-04-04,271,Website/App,2
38339,2025-04-04,271,Website/App,2
46082,2025-04-04,271,Dine-in,2
14828,2025-04-04,271,Website/App,1
22267,2025-04-04,271,Third-party Delivery,1
18080,2025-04-04,271,Third-party Delivery,1
990,2025-04-04,271,Third-party Delivery,1
24656,2025-04-04,271,Dine-in,2
24430,2025-04-04,271,Dine-in,2
14939,2025-04-04,271,Third-party Delivery,2
6168,2025-04-04,271,Third-party Delivery,1
3290,2025-04-04,271,Website/App,1
18220,2025-04-04,271,Dine-in,1
44700,2025-04-04,271,Website/App,1
44984,2025-04-04,271,Dine-in,1
44326,2025-04-04,271,Third-party Delivery,1
44323,2025-04-04,271,Third-party Delivery,2
15407,2025-04-04,271,Dine-in,1
46221,2025-04-04,271,Third-party Delivery,2
18369,2025-04-04,271,Third-party Delivery,2
34324,2025-04-04,271,Dine-in,2
4891,2025-04-05,270,Website/App,2
48404,2025-04-05,270,Website/App,2
49698,2025-04-05,270,Third-party Delivery,1
49689,2025-04-05,270,Dine-in,2
12937,2025-04-05,270,Takeaway,2
24066,2025-04-05,270,Third-party Delivery,1
8645,2025-04-05,270,Takeaway,1
105,2025-04-05,270,Takeaway,1
35764,2025-04-05,270,Website/App,2
15158,2025-04-05,270,Takeaway,1
41047,2025-04-05,270,Takeaway,2
25543,2025-04-05,270,Takeaway,1
14726,2025-04-05,270,Takeaway,1
26957,2025-04-05,270,Dine-in,2
34155,2025-04-05,270,Website/App,1
19866,2025-04-05,270,Website/App,1
39682,2025-04-05,270,Third-party Delivery,1
13132,2025-04-05,270,Third-party Delivery,1
1790,2025-04-05,270,Website/App,1
24943,2025-04-05,270,Website/App,1
36991,2025-04-05,270,Third-party Delivery,1
47359,2025-04-05,270,Website/App,1
39044,2025-04-05,270,Dine-in,1
16033,2025-04-05,270,Website/App,1
39909,2025-04-05,270,Third-party Delivery,1
2063,2025-04-05,270,Third-party Delivery,2
36124,2025-04-05,270,Dine-in,2
39580,2025-04-05,270,Website/App,2
36077,2025-04-05,270,Dine-in,3
41255,2025-04-05,270,Dine-in,1
4247,2025-04-05,270,Takeaway,2
12832,2025-04-05,270,Takeaway,1
6728,2025-04-05,270,Dine-in,2
24381,2025-04-05,270,Third-party Delivery,1
41221,2025-04-05,270,Takeaway,2
30556,2025-04-05,270,Third-party Delivery,2
30755,2025-04-05,270,Dine-in,1
38459,2025-04-05,270,Takeaway,2
38647,2025-04-05,270,Dine-in,1
26060,2025-04-05,270,Website/App,1
7535,2025-04-05,270,Website/App,1
46921,2025-04-05,270,Dine-in,2
10906,2025-04-05,270,Third-party Delivery,1
7824,2025-04-05,270,Takeaway,2
6964,2025-04-05,270,Website/App,1
31840,2025-04-05,270,Takeaway,1
18812,2025-04-05,270,Dine-in,1
4251,2025-04-05,270,Dine-in,1
33293,2025-04-05,270,Dine-in,2
33138,2025-04-05,270,Third-party Delivery,1
42956,2025-04-05,270,Website/App,2
17370,2025-04-05,270,Third-party Delivery,1
45917,2025-04-05,270,Website/App,2
4979,2025-04-05,270,Takeaway,1
20817,2025-04-05,270,Website/App,1
21120,2025-04-05,270,Third-party Delivery,1
20926,2025-04-05,270,Takeaway,2
32561,2025-04-05,270,Dine-in,1
4559,2025-04-05,270,Third-party Delivery,2
25315,2025-04-05,270,Dine-in,1
21209,2025-04-05,270,Takeaway,1
38130,2025-04-05,270,Third-party Delivery,3
30295,2025-04-05,270,Website/App,3
27251,2025-04-05,270,Third-party Delivery,1
7166,2025-04-05,270,Website/App,1
42448,2025-04-05,270,Dine-in,1
22372,2025-04-05,270,Takeaway,3
20565,2025-04-05,270,Third-party Delivery,1
33463,2025-04-05,270,Takeaway,2
33862,2025-04-05,270,Dine-in,2
9670,2025-04-05,270,Website/App,1
45954,2025-04-05,270,Third-party Delivery,1
36184,2025-04-05,270,Takeaway,1
41436,2025-04-05,270,Dine-in,1
36205,2025-04-05,270,Dine-in,2
43363,2025-04-05,270,Third-party Delivery,4
9374,2025-04-06,269,Takeaway,1
18268,2025-04-06,269,Takeaway,1
12162,2025-04-06,269,Third-party Delivery,1
43956,2025-04-06,269,Website/App,1
21523,2025-04-06,269,Third-party Delivery,1
15523,2025-04-06,269,Third-party Delivery,1
21745,2025-04-06,269,Website/App,1
49542,2025-04-06,269,Third-party Delivery,1
34663,2025-04-06,269,Third-party Delivery,1
23990,2025-04-06,269,Dine-in,2
12310,2025-04-06,269,Dine-in,1
7839,2025-04-06,269,Takeaway,3
48904,2025-04-06,269,Third-party Delivery,3
48911,2025-04-06,269,Website/App,1
26669,2025-04-06,269,Third-party Delivery,1
12169,2025-04-06,269,Dine-in,1
18940,2025-04-06,269,Takeaway,1
13447,2025-04-06,269,Takeaway,1
23242,2025-04-06,269,Third-party Delivery,1
13576,2025-04-06,269,Third-party Delivery,1
37781,2025-04-06,269,Takeaway,2
47776,2025-04-06,269,Takeaway,2
43621,2025-04-06,269,Website/App,2
11113,2025-04-06,269,Takeaway,1
44747,2025-04-06,269,Website/App,1
44729,2025-04-06,269,Third-party Delivery,2
12397,2025-04-06,269,Third-party Delivery,1
42210,2025-04-06,269,Website/App,1
16062,2025-04-06,269,Third-party Delivery,1
47263,2025-04-06,269,Takeaway,2
43962,2025-04-06,269,Third-party Delivery,2
1269,2025-04-06,269,Dine-in,1
27948,2025-04-06,269,Dine-in,1
39576,2025-04-06,269,Takeaway,1
43427,2025-04-06,269,Dine-in,2
31452,2025-04-06,269,Dine-in,1
19833,2025-04-06,269,Takeaway,2
33668,2025-04-06,269,Takeaway,1
21629,2025-04-06,269,Takeaway,1
19730,2025-04-06,269,Website/App,1
25621,2025-04-06,269,Website/App,3
47395,2025-04-06,269,Dine-in,2
27340,2025-04-06,269,Takeaway,2
13105,2025-04-06,269,Website/App,1
43,2025-04-06,269,Takeaway,2
41871,2025-04-06,269,Dine-in,1
16727,2025-04-06,269,Third-party Delivery,1
16705,2025-04-06,269,Third-party Delivery,1
9994,2025-04-06,269,Takeaway,1
38469,2025-04-06,269,Takeaway,1
2305,2025-04-06,269,Dine-in,1
15049,2025-04-06,269,Website/App,1
13587,2025-04-06,269,Takeaway,1
25253,2025-04-06,269,Third-party Delivery,1
27143,2025-04-06,269,Dine-in,1
29834,2025-04-06,269,Website/App,1
1394,2025-04-06,269,Website/App,1
17621,2025-04-06,269,Website/App,3
22029,2025-04-06,269,Takeaway,2
22173,2025-04-06,269,Takeaway,2
37962,2025-04-06,269,Takeaway,1
36458,2025-04-06,269,Takeaway,2
48360,2025-04-06,269,Dine-in,2
26495,2025-04-06,269,Dine-in,2
48137,2025-04-06,269,Third-party Delivery,2
20470,2025-04-06,269,Takeaway,2
9699,2025-04-06,269,Dine-in,1
9549,2025-04-06,269,Takeaway,2
3013,2025-04-06,269,Takeaway,1
6149,2025-04-06,269,Takeaway,1
17156,2025-04-06,269,Website/App,1
37731,2025-04-06,269,Takeaway,1
45678,2025-04-06,269,Third-party Delivery,1
11333,2025-04-06,269,Third-party Delivery,3
48061,2025-04-06,269,Dine-in,2
42872,2025-04-06,269,Website/App,1
32825,2025-04-06,269,Takeaway,1
42206,2025-04-06,269,Website/App,1
7424,2025-04-07,268,Third-party Delivery,2
11871,2025-04-07,268,Dine-in,1
23600,2025-04-07,268,Takeaway,2
45045,2025-04-07,268,Takeaway,1
976,2025-04-07,268,Dine-in,2
1767,2025-04-07,268,Third-party Delivery,1
9590,2025-04-07,268,Website/App,1
12407,2025-04-07,268,Third-party Delivery,1
18428,2025-04-07,268,Takeaway,1
34924,2025-04-07,268,Takeaway,2
48607,2025-04-07,268,Third-party Delivery,2
25741,2025-04-07,268,Dine-in,1
4852,2025-04-07,268,Dine-in,2
44609,2025-04-07,268,Dine-in,1
31383,2025-04-07,268,Third-party Delivery,2
26712,2025-04-07,268,Takeaway,1
15784,2025-04-07,268,Website/App,1
635,2025-04-07,268,Takeaway,2
40461,2025-04-07,268,Dine-in,3
15723,2025-04-07,268,Website/App,1
40350,2025-04-07,268,Takeaway,1
40195,2025-04-07,268,Third-party Delivery,2
18116,2025-04-07,268,Dine-in,2
47398,2025-04-07,268,Dine-in,3
47888,2025-04-07,268,Dine-in,1
41589,2025-04-07,268,Website/App,1
22705,2025-04-07,268,Takeaway,1
17528,2025-04-07,268,Dine-in,1
5381,2025-04-07,268,Third-party Delivery,1
14380,2025-04-07,268,Dine-in,2
41297,2025-04-07,268,Takeaway,2
38843,2025-04-07,268,Website/App,1
20587,2025-04-07,268,Takeaway,1
21382,2025-04-07,268,Takeaway,1
40953,2025-04-07,268,Website/App,2
22489,2025-04-07,268,Website/App,1
41610,2025-04-07,268,Dine-in,1
6529,2025-04-07,268,Third-party Delivery,2
37908,2025-04-07,268,Third-party Delivery,2
3610,2025-04-07,268,Dine-in,2
32810,2025-04-07,268,Takeaway,1
33043,2025-04-07,268,Third-party Delivery,1
7202,2025-04-07,268,Website/App,3
11324,2025-04-07,268,Dine-in,3
3503,2025-04-07,268,Website/App,1
17158,2025-04-07,268,Third-party Delivery,3
45759,2025-04-07,268,Third-party Delivery,1
37478,2025-04-07,268,Dine-in,2
46156,2025-04-07,268,Takeaway,1
12200,2025-04-07,268,Third-party Delivery,1
12618,2025-04-07,268,Third-party Delivery,1
6239,2025-04-07,268,Dine-in,1
28944,2025-04-07,268,Takeaway,1
46890,2025-04-07,268,Dine-in,3
8701,2025-04-08,267,Third-party Delivery,1
48957,2025-04-08,267,Third-party Delivery,1
8799,2025-04-08,267,Third-party Delivery,2
31813,2025-04-08,267,Website/App,1
21458,2025-04-08,267,Website/App,1
49390,2025-04-08,267,Website/App,1
30369,2025-04-08,267,Third-party Delivery,1
21011,2025-04-08,267,Takeaway,1
11038,2025-04-08,267,Website/App,1
42043,2025-04-08,267,Website/App,1
19097,2025-04-08,267,Takeaway,2
6194,2025-04-08,267,Dine-in,3
10540,2025-04-08,267,Website/App,1
21904,2025-04-08,267,Takeaway,1
27138,2025-04-08,267,Dine-in,1
23187,2025-04-08,267,Website/App,1
30061,2025-04-08,267,Website/App,1
43667,2025-04-08,267,Dine-in,1
2602,2025-04-08,267,Takeaway,2
5422,2025-04-08,267,Dine-in,3
21698,2025-04-08,267,Third-party Delivery,3
5626,2025-04-08,267,Website/App,1
31453,2025-04-08,267,Website/App,2
34590,2025-04-08,267,Takeaway,2
8618,2025-04-08,267,Dine-in,1
48558,2025-04-08,267,Takeaway,1
12100,2025-04-08,267,Dine-in,2
13284,2025-04-08,267,Third-party Delivery,1
32168,2025-04-08,267,Dine-in,1
43274,2025-04-08,267,Dine-in,1
30725,2025-04-08,267,Dine-in,1
37156,2025-04-08,267,Third-party Delivery,3
33084,2025-04-08,267,Website/App,3
38913,2025-04-08,267,Third-party Delivery,1
16417,2025-04-08,267,Website/App,1
28363,2025-04-08,267,Takeaway,2
47691,2025-04-08,267,Website/App,2
6763,2025-04-08,267,Dine-in,1
15020,2025-04-08,267,Website/App,2
22535,2025-04-08,267,Dine-in,1
3992,2025-04-08,267,Third-party Delivery,1
30489,2025-04-08,267,Third-party Delivery,2
9862,2025-04-08,267,Dine-in,2
21234,2025-04-08,267,Third-party Delivery,1
18718,2025-04-08,267,Third-party Delivery,1
34910,2025-04-08,267,Website/App,1
7658,2025-04-08,267,Third-party Delivery,1
29290,2025-04-08,267,Third-party Delivery,3
4222,2025-04-08,267,Website/App,2
4245,2025-04-08,267,Third-party Delivery,2
43935,2025-04-08,267,Takeaway,2
35349,2025-04-08,267,Third-party Delivery,1
21189,2025-04-08,267,Takeaway,1
37079,2025-04-08,267,Dine-in,1
20805,2025-04-09,266,Dine-in,3
11682,2025-04-09,266,Takeaway,1
37495,2025-04-09,266,Takeaway,1
2519,2025-04-09,266,Third-party Delivery,3
2665,2025-04-09,266,Dine-in,1
17906,2025-04-09,266,Takeaway,3
5704,2025-04-09,266,Dine-in,3
26664,2025-04-09,266,Website/App,1
37917,2025-04-09,266,Third-party Delivery,1
42412,2025-04-09,266,Takeaway,1
11084,2025-04-09,266,Website/App,1
11238,2025-04-09,266,Takeaway,1
24053,2025-04-09,266,Third-party Delivery,1
35120,2025-04-09,266,Website/App,1
13521,2025-04-09,266,Website/App,1
13522,2025-04-09,266,Takeaway,1
23494,2025-04-09,266,Third-party Delivery,1
44138,2025-04-09,266,Website/App,2
31692,2025-04-09,266,Third-party Delivery,1
5623,2025-04-09,266,Dine-in,1
36554,2025-04-09,266,Dine-in,1
31974,2025-04-09,266,Website/App,2
34884,2025-04-09,266,Dine-in,1
3153,2025-04-09,266,Dine-in,1
20006,2025-04-09,266,Takeaway,1
29304,2025-04-09,266,Takeaway,2
961,2025-04-09,266,Third-party Delivery,1
14664,2025-04-09,266,Third-party Delivery,1
39551,2025-04-09,266,Takeaway,1
6826,2025-04-09,266,Takeaway,1
19850,2025-04-09,266,Website/App,1
26220,2025-04-09,266,Dine-in,1
34630,2025-04-09,266,Website/App,1
9429,2025-04-09,266,Dine-in,1
34188,2025-04-09,266,Takeaway,1
6037,2025-04-09,266,Third-party Delivery,1
7474,2025-04-09,266,Dine-in,5
19878,2025-04-09,266,Website/App,2
31382,2025-04-09,266,Third-party Delivery,1
14671,2025-04-09,266,Dine-in,1
15799,2025-04-09,266,Third-party Delivery,2
15935,2025-04-09,266,Takeaway,3
3379,2025-04-09,266,Third-party Delivery,1
38549,2025-04-09,266,Dine-in,1
41164,2025-04-09,266,Website/App,1
32479,2025-04-09,266,Takeaway,3
16222,2025-04-09,266,Website/App,2
25005,2025-04-09,266,Website/App,1
37148,2025-04-09,266,Third-party Delivery,2
22075,2025-04-09,266,Website/App,2
24581,2025-04-09,266,Dine-in,1
28372,2025-04-09,266,Dine-in,2
16577,2025-04-09,266,Dine-in,1
32505,2025-04-09,266,Dine-in,1
10211,2025-04-09,266,Third-party Delivery,1
36,2025-04-10,265,Dine-in,1
5660,2025-04-10,265,Third-party Delivery,2
49548,2025-04-10,265,Takeaway,1
49589,2025-04-10,265,Third-party Delivery,1
48891,2025-04-10,265,Takeaway,1
36873,2025-04-10,265,Takeaway,1
17916,2025-04-10,265,Website/App,2
25882,2025-04-10,265,Dine-in,1
35957,2025-04-10,265,Takeaway,1
34526,2025-04-10,265,Takeaway,2
32462,2025-04-10,265,Dine-in,1
39678,2025-04-10,265,Takeaway,3
7142,2025-04-10,265,Website/App,1
25486,2025-04-10,265,Dine-in,1
25598,2025-04-10,265,Dine-in,1
27042,2025-04-10,265,Third-party Delivery,1
35789,2025-04-10,265,Third-party Delivery,2
41480,2025-04-10,265,Dine-in,1
27825,2025-04-10,265,Website/App,1
37742,2025-04-10,265,Dine-in,1
16869,2025-04-10,265,Website/App,1
44878,2025-04-10,265,Website/App,1
589,2025-04-10,265,Takeaway,1
44873,2025-04-10,265,Website/App,2
7736,2025-04-10,265,Website/App,1
30324,2025-04-10,265,Website/App,1
25224,2025-04-10,265,Website/App,1
2510,2025-04-10,265,Dine-in,1
13560,2025-04-10,265,Takeaway,2
43108,2025-04-10,265,Website/App,1
29682,2025-04-10,265,Third-party Delivery,1
19565,2025-04-10,265,Dine-in,1
13832,2025-04-10,265,Takeaway,1
16157,2025-04-10,265,Third-party Delivery,1
20259,2025-04-10,265,Takeaway,1
33823,2025-04-10,265,Dine-in,2
24423,2025-04-10,265,Dine-in,2
14653,2025-04-10,265,Takeaway,1
30702,2025-04-10,265,Website/App,1
16637,2025-04-10,265,Website/App,2
10151,2025-04-10,265,Dine-in,1
27459,2025-04-10,265,Website/App,2
39662,2025-04-10,265,Takeaway,2
25194,2025-04-11,264,Takeaway,1
42763,2025-04-11,264,Website/App,1
43187,2025-04-11,264,Takeaway,1
32900,2025-04-11,264,Takeaway,1
784,2025-04-11,264,Dine-in,1
11475,2025-04-11,264,Third-party Delivery,1
6045,2025-04-11,264,Dine-in,1
49638,2025-04-11,264,Third-party Delivery,1
202,2025-04-11,264,Takeaway,1
25236,2025-04-11,264,Website/App,1
11555,2025-04-11,264,Third-party Delivery,2
45820,2025-04-11,264,Third-party Delivery,1
17447,2025-04-11,264,Third-party Delivery,2
17374,2025-04-11,264,Website/App,1
20723,2025-04-11,264,Dine-in,1
6218,2025-04-11,264,Takeaway,1
44625,2025-04-11,264,Third-party Delivery,1
44232,2025-04-11,264,Website/App,1
3511,2025-04-11,264,Third-party Delivery,2
30576,2025-04-11,264,Third-party Delivery,1
16419,2025-04-11,264,Takeaway,2
27784,2025-04-11,264,Website/App,2
13156,2025-04-11,264,Third-party Delivery,2
14853,2025-04-11,264,Dine-in,1
32440,2025-04-11,264,Third-party Delivery,2
36661,2025-04-11,264,Website/App,1
26507,2025-04-11,264,Takeaway,1
33527,2025-04-11,264,Website/App,1
20245,2025-04-11,264,Takeaway,2
47280,2025-04-11,264,Website/App,1
42542,2025-04-11,264,Dine-in,2
29432,2025-04-11,264,Takeaway,1
23803,2025-04-11,264,Takeaway,1
23779,2025-04-11,264,Third-party Delivery,2
18234,2025-04-11,264,Third-party Delivery,1
1990,2025-04-11,264,Website/App,2
23677,2025-04-11,264,Takeaway,3
28619,2025-04-11,264,Third-party Delivery,2
21936,2025-04-11,264,Takeaway,1
40006,2025-04-11,264,Third-party Delivery,1
40588,2025-04-11,264,Dine-in,2
31384,2025-04-11,264,Dine-in,1
15644,2025-04-11,264,Third-party Delivery,3
36138,2025-04-11,264,Dine-in,1
18503,2025-04-11,264,Website/App,2
19752,2025-04-11,264,Dine-in,1
18548,2025-04-11,264,Third-party Delivery,2
18604,2025-04-11,264,Third-party Delivery,1
19427,2025-04-11,264,Website/App,2
48857,2025-04-11,264,Dine-in,1
9376,2025-04-11,264,Takeaway,1
34329,2025-04-11,264,Dine-in,1
49095,2025-04-11,264,Third-party Delivery,1
49897,2025-04-11,264,Website/App,1
8531,2025-04-12,263,Third-party Delivery,1
26160,2025-04-12,263,Takeaway,1
26684,2025-04-12,263,Third-party Delivery,2
49712,2025-04-12,263,Takeaway,2
26767,2025-04-12,263,Dine-in,2
18044,2025-04-12,263,Dine-in,2
9426,2025-04-12,263,Third-party Delivery,1
33884,2025-04-12,263,Dine-in,1
18058,2025-04-12,263,Third-party Delivery,2
43827,2025-04-12,263,Dine-in,1
42033,2025-04-12,263,Takeaway,2
1575,2025-04-12,263,Dine-in,1
45818,2025-04-12,263,Takeaway,1
45838,2025-04-12,263,Website/App,1
20371,2025-04-12,263,Takeaway,1
6409,2025-04-12,263,Takeaway,1
20156,2025-04-12,263,Website/App,2
18068,2025-04-12,263,Dine-in,1
5957,2025-04-12,263,Website/App,1
43633,2025-04-12,263,Takeaway,1
30430,2025-04-12,263,Dine-in,1
1747,2025-04-12,263,Takeaway,2
42656,2025-04-12,263,Dine-in,1
21969,2025-04-12,263,Third-party Delivery,1
39218,2025-04-12,263,Takeaway,2
47131,2025-04-12,263,Takeaway,2
22010,2025-04-12,263,Website/App,1
24619,2025-04-12,263,Takeaway,2
41682,2025-04-12,263,Takeaway,1
43869,2025-04-12,263,Third-party Delivery,1
22436,2025-04-12,263,Takeaway,1
31114,2025-04-12,263,Takeaway,1
43375,2025-04-12,263,Website/App,2
5318,2025-04-12,263,Third-party Delivery,1
36028,2025-04-12,263,Takeaway,3
35082,2025-04-12,263,Website/App,1
39607,2025-04-12,263,Third-party Delivery,1
17213,2025-04-12,263,Third-party Delivery,2
37926,2025-04-12,263,Website/App,2
20959,2025-04-12,263,Website/App,2
38830,2025-04-12,263,Website/App,1
7958,2025-04-12,263,Website/App,1
21018,2025-04-12,263,Dine-in,2
25163,2025-04-12,263,Third-party Delivery,3
21485,2025-04-12,263,Third-party Delivery,2
16798,2025-04-12,263,Third-party Delivery,2
20585,2025-04-12,263,Takeaway,3
27509,2025-04-12,263,Dine-in,2
5674,2025-04-12,263,Website/App,1
15418,2025-04-12,263,Third-party Delivery,1
25037,2025-04-12,263,Takeaway,2
25051,2025-04-12,263,Third-party Delivery,1
29332,2025-04-12,263,Third-party Delivery,1
223,2025-04-12,263,Takeaway,1
293,2025-04-12,263,Dine-in,2
15863,2025-04-12,263,Takeaway,1
34642,2025-04-12,263,Takeaway,1
18554,2025-04-12,263,Website/App,1
35610,2025-04-12,263,Takeaway,2
19879,2025-04-12,263,Dine-in,2
29353,2025-04-12,263,Third-party Delivery,1
24304,2025-04-12,263,Website/App,1
1228,2025-04-12,263,Takeaway,3
602,2025-04-13,262,Third-party Delivery,3
42545,2025-04-13,262,Takeaway,3
21039,2025-04-13,262,Dine-in,1
9815,2025-04-13,262,Website/App,1
34682,2025-04-13,262,Takeaway,1
35654,2025-04-13,262,Takeaway,2
33646,2025-04-13,262,Third-party Delivery,1
23930,2025-04-13,262,Dine-in,2
29424,2025-04-13,262,Dine-in,2
49864,2025-04-13,262,Website/App,2
9082,2025-04-13,262,Website/App,2
1085,2025-04-13,262,Takeaway,2
12907,2025-04-13,262,Dine-in,1
28668,2025-04-13,262,Website/App,1
34662,2025-04-13,262,Takeaway,3
35112,2025-04-13,262,Third-party Delivery,1
32163,2025-04-13,262,Third-party Delivery,3
9472,2025-04-13,262,Takeaway,2
48739,2025-04-13,262,Takeaway,2
31978,2025-04-13,262,Takeaway,2
37955,2025-04-13,262,Website/App,1
24925,2025-04-13,262,Third-party Delivery,2
20740,2025-04-13,262,Third-party Delivery,1
7857,2025-04-13,262,Dine-in,1
24106,2025-04-13,262,Website/App,1
24519,2025-04-13,262,Dine-in,4
10737,2025-04-13,262,Takeaway,1
14880,2025-04-13,262,Website/App,1
21939,2025-04-13,262,Website/App,2
1262,2025-04-13,262,Third-party Delivery,2
24534,2025-04-13,262,Third-party Delivery,3
42793,2025-04-13,262,Third-party Delivery,1
2270,2025-04-13,262,Website/App,1
2493,2025-04-13,262,Website/App,2
11499,2025-04-13,262,Website/App,1
29783,2025-04-13,262,Website/App,2
31768,2025-04-13,262,Takeaway,2
40985,2025-04-13,262,Dine-in,2
4589,2025-04-13,262,Third-party Delivery,2
22830,2025-04-13,262,Third-party Delivery,2
17571,2025-04-13,262,Website/App,1
37318,2025-04-13,262,Third-party Delivery,2
2704,2025-04-13,262,Takeaway,1
36946,2025-04-13,262,Third-party Delivery,1
37084,2025-04-13,262,Website/App,2
8249,2025-04-13,262,Dine-in,1
8824,2025-04-13,262,Third-party Delivery,1
26992,2025-04-13,262,Third-party Delivery,1
1928,2025-04-13,262,Dine-in,1
7853,2025-04-13,262,Third-party Delivery,2
46294,2025-04-13,262,Takeaway,1
46740,2025-04-13,262,Third-party Delivery,1
367,2025-04-13,262,Dine-in,2
39753,2025-04-13,262,Dine-in,1
27435,2025-04-13,262,Website/App,1
15626,2025-04-13,262,Website/App,1
3449,2025-04-13,262,Third-party Delivery,1
35995,2025-04-13,262,Third-party Delivery,1
32411,2025-04-13,262,Website/App,1
47644,2025-04-13,262,Takeaway,1
483,2025-04-13,262,Takeaway,5
29003,2025-04-13,262,Dine-in,2
7591,2025-04-13,262,Third-party Delivery,2
29254,2025-04-13,262,Dine-in,2
4548,2025-04-14,261,Dine-in,1
12194,2025-04-14,261,Third-party Delivery,2
4544,2025-04-14,261,Takeaway,1
47970,2025-04-14,261,Dine-in,1
16874,2025-04-14,261,Takeaway,2
32954,2025-04-14,261,Website/App,2
38090,2025-04-14,261,Dine-in,1
1937,2025-04-14,261,Third-party Delivery,4
15496,2025-04-14,261,Takeaway,3
4520,2025-04-14,261,Takeaway,1
43952,2025-04-14,261,Third-party Delivery,1
48800,2025-04-14,261,Third-party Delivery,1
44469,2025-04-14,261,Third-party Delivery,1
34211,2025-04-14,261,Dine-in,1
15853,2025-04-14,261,Takeaway,1
37949,2025-04-14,261,Dine-in,1
39120,2025-04-14,261,Third-party Delivery,2
39178,2025-04-14,261,Third-party Delivery,1
3673,2025-04-14,261,Website/App,1
4197,2025-04-14,261,Website/App,1
35657,2025-04-14,261,Dine-in,1
42903,2025-04-14,261,Website/App,1
756,2025-04-14,261,Website/App,2
36818,2025-04-14,261,Dine-in,1
2720,2025-04-14,261,Third-party Delivery,1
37311,2025-04-14,261,Dine-in,1
28387,2025-04-14,261,Dine-in,1
24531,2025-04-14,261,Third-party Delivery,1
24427,2025-04-14,261,Website/App,1
46012,2025-04-14,261,Website/App,1
22165,2025-04-14,261,Third-party Delivery,2
42365,2025-04-14,261,Third-party Delivery,1
37116,2025-04-14,261,Takeaway,4
20172,2025-04-14,261,Dine-in,2
49623,2025-04-14,261,Takeaway,2
49832,2025-04-14,261,Takeaway,3
9607,2025-04-14,261,Dine-in,1
40906,2025-04-14,261,Takeaway,1
40914,2025-04-14,261,Third-party Delivery,2
41158,2025-04-14,261,Dine-in,2
31884,2025-04-14,261,Website/App,1
40918,2025-04-14,261,Website/App,3
16058,2025-04-14,261,Dine-in,1
21661,2025-04-14,261,Third-party Delivery,1
21675,2025-04-14,261,Dine-in,3
3704,2025-04-14,261,Dine-in,1
430,2025-04-14,261,Dine-in,1
16579,2025-04-14,261,Website/App,2
6503,2025-04-14,261,Third-party Delivery,1
44049,2025-04-14,261,Third-party Delivery,1
46026,2025-04-14,261,Takeaway,1
22210,2025-04-14,261,Takeaway,1
22229,2025-04-14,261,Third-party Delivery,1
28860,2025-04-14,261,Third-party Delivery,2
44260,2025-04-14,261,Dine-in,1
10099,2025-04-14,261,Website/App,1
47650,2025-04-14,261,Website/App,1
10174,2025-04-14,261,Takeaway,1
47793,2025-04-14,261,Takeaway,1
14918,2025-04-15,260,Website/App,1
40974,2025-04-15,260,Website/App,2
47053,2025-04-15,260,Website/App,1
42487,2025-04-15,260,Third-party Delivery,1
23457,2025-04-15,260,Takeaway,2
45314,2025-04-15,260,Takeaway,1
15200,2025-04-15,260,Third-party Delivery,1
545,2025-04-15,260,Takeaway,1
10568,2025-04-15,260,Website/App,2
46632,2025-04-15,260,Website/App,3
42806,2025-04-15,260,Third-party Delivery,1
18047,2025-04-15,260,Takeaway,1
20224,2025-04-15,260,Dine-in,1
42061,2025-04-15,260,Third-party Delivery,1
22890,2025-04-15,260,Third-party Delivery,1
49748,2025-04-15,260,Third-party Delivery,1
26952,2025-04-15,260,Dine-in,1
8777,2025-04-15,260,Third-party Delivery,1
33400,2025-04-15,260,Takeaway,3
5439,2025-04-15,260,Website/App,2
1470,2025-04-15,260,Website/App,1
7673,2025-04-15,260,Takeaway,1
7437,2025-04-15,260,Website/App,1
46100,2025-04-15,260,Website/App,1
14468,2025-04-15,260,Dine-in,1
22443,2025-04-15,260,Dine-in,2
39080,2025-04-15,260,Website/App,2
39124,2025-04-15,260,Third-party Delivery,1
2301,2025-04-15,260,Website/App,1
16539,2025-04-15,260,Takeaway,2
47618,2025-04-15,260,Third-party Delivery,2
25339,2025-04-15,260,Third-party Delivery,1
27315,2025-04-15,260,Third-party Delivery,1
16603,2025-04-15,260,Website/App,3
4990,2025-04-15,260,Third-party Delivery,1
24730,2025-04-15,260,Takeaway,1
27900,2025-04-15,260,Takeaway,1
16052,2025-04-15,260,Website/App,1
25268,2025-04-15,260,Takeaway,1
27144,2025-04-15,260,Third-party Delivery,1
33092,2025-04-15,260,Website/App,1
16864,2025-04-15,260,Website/App,1
10244,2025-04-15,260,Third-party Delivery,1
38700,2025-04-15,260,Dine-in,2
33627,2025-04-15,260,Website/App,1
33778,2025-04-15,260,Takeaway,1
19553,2025-04-15,260,Website/App,1
48405,2025-04-15,260,Website/App,2
21450,2025-04-15,260,Dine-in,1
19901,2025-04-15,260,Third-party Delivery,1
36069,2025-04-15,260,Website/App,2
44674,2025-04-15,260,Takeaway,1
35996,2025-04-15,260,Third-party Delivery,3
28592,2025-04-15,260,Dine-in,3
24279,2025-04-15,260,Takeaway,2
12687,2025-04-15,260,Website/App,2
28997,2025-04-15,260,Dine-in,1
23488,2025-04-15,260,Takeaway,2
9112,2025-04-16,259,Third-party Delivery,3
12822,2025-04-16,259,Website/App,1
45109,2025-04-16,259,Dine-in,1
25400,2025-04-16,259,Dine-in,2
35938,2025-04-16,259,Dine-in,1
2931,2025-04-16,259,Third-party Delivery,2
18777,2025-04-16,259,Takeaway,2
3155,2025-04-16,259,Dine-in,1
34544,2025-04-16,259,Takeaway,1
19506,2025-04-16,259,Takeaway,1
48668,2025-04-16,259,Website/App,2
39741,2025-04-16,259,Website/App,1
16140,2025-04-16,259,Third-party Delivery,1
38377,2025-04-16,259,Dine-in,1
38327,2025-04-16,259,Takeaway,1
16395,2025-04-16,259,Takeaway,1
10158,2025-04-16,259,Takeaway,1
5833,2025-04-16,259,Third-party Delivery,4
6506,2025-04-16,259,Website/App,1
17141,2025-04-16,259,Dine-in,1
25362,2025-04-16,259,Dine-in,2
3469,2025-04-16,259,Dine-in,1
15768,2025-04-16,259,Website/App,1
39825,2025-04-16,259,Dine-in,3
27929,2025-04-16,259,Dine-in,1
27820,2025-04-16,259,Dine-in,1
47267,2025-04-16,259,Dine-in,1
38963,2025-04-16,259,Third-party Delivery,1
39363,2025-04-16,259,Website/App,1
41108,2025-04-16,259,Website/App,1
14650,2025-04-16,259,Third-party Delivery,1
22030,2025-04-16,259,Third-party Delivery,2
31699,2025-04-16,259,Third-party Delivery,1
31520,2025-04-16,259,Dine-in,1
41077,2025-04-16,259,Website/App,1
40982,2025-04-16,259,Dine-in,1
42327,2025-04-16,259,Takeaway,1
42706,2025-04-16,259,Website/App,2
41804,2025-04-16,259,Takeaway,1
41706,2025-04-16,259,Dine-in,2
5506,2025-04-16,259,Takeaway,2
41530,2025-04-16,259,Dine-in,1
27740,2025-04-16,259,Dine-in,1
43397,2025-04-16,259,Dine-in,2
12976,2025-04-16,259,Website/App,2
29472,2025-04-16,259,Third-party Delivery,2
23362,2025-04-16,259,Takeaway,3
42810,2025-04-16,259,Takeaway,2
11600,2025-04-16,259,Takeaway,1
36225,2025-04-16,259,Third-party Delivery,2
37064,2025-04-16,259,Takeaway,1
6328,2025-04-16,259,Third-party Delivery,2
33548,2025-04-16,259,Takeaway,1
26215,2025-04-16,259,Takeaway,2
25618,2025-04-16,259,Third-party Delivery,1
26614,2025-04-16,259,Takeaway,1
49342,2025-04-16,259,Website/App,2
49107,2025-04-16,259,Website/App,1
8881,2025-04-16,259,Website/App,1
49944,2025-04-16,259,Dine-in,1
33271,2025-04-17,258,Website/App,1
17530,2025-04-17,258,Dine-in,1
40391,2025-04-17,258,Dine-in,2
4615,2025-04-17,258,Takeaway,1
48858,2025-04-17,258,Dine-in,2
15938,2025-04-17,258,Dine-in,3
41832,2025-04-17,258,Dine-in,2
29456,2025-04-17,258,Third-party Delivery,1
26928,2025-04-17,258,Third-party Delivery,2
46647,2025-04-17,258,Website/App,2
7548,2025-04-17,258,Third-party Delivery,1
7696,2025-04-17,258,Takeaway,1
5440,2025-04-17,258,Third-party Delivery,1
23104,2025-04-17,258,Takeaway,1
24366,2025-04-17,258,Third-party Delivery,2
44745,2025-04-17,258,Third-party Delivery,1
6595,2025-04-17,258,Takeaway,2
45023,2025-04-17,258,Dine-in,1
45627,2025-04-17,258,Third-party Delivery,1
12497,2025-04-17,258,Third-party Delivery,1
2346,2025-04-17,258,Dine-in,2
18868,2025-04-17,258,Website/App,2
48651,2025-04-17,258,Dine-in,2
27187,2025-04-17,258,Dine-in,1
3813,2025-04-17,258,Dine-in,1
35948,2025-04-17,258,Dine-in,1
6406,2025-04-17,258,Dine-in,1
10912,2025-04-17,258,Third-party Delivery,1
16260,2025-04-17,258,Takeaway,2
43489,2025-04-17,258,Dine-in,1
2765,2025-04-17,258,Takeaway,1
25768,2025-04-17,258,Website/App,1
3494,2025-04-17,258,Third-party Delivery,3
45364,2025-04-17,258,Website/App,1
32918,2025-04-17,258,Website/App,1
38584,2025-04-17,258,Takeaway,1
14698,2025-04-17,258,Website/App,3
21396,2025-04-17,258,Dine-in,1
47436,2025-04-17,258,Website/App,1
20421,2025-04-17,258,Takeaway,1
1152,2025-04-17,258,Third-party Delivery,1
46695,2025-04-17,258,Website/App,2
48124,2025-04-17,258,Dine-in,1
2598,2025-04-17,258,Website/App,1
20141,2025-04-17,258,Third-party Delivery,3
26026,2025-04-17,258,Website/App,1
7925,2025-04-17,258,Takeaway,1
7291,2025-04-17,258,Third-party Delivery,2
2509,2025-04-17,258,Dine-in,1
30243,2025-04-17,258,Website/App,2
1151,2025-04-17,258,Website/App,2
19436,2025-04-17,258,Third-party Delivery,2
1054,2025-04-17,258,Third-party Delivery,3
13182,2025-04-17,258,Takeaway,3
22712,2025-04-17,258,Website/App,2
13102,2025-04-17,258,Dine-in,1
23921,2025-04-17,258,Takeaway,2
23690,2025-04-17,258,Dine-in,1
2339,2025-04-18,257,Takeaway,1
45402,2025-04-18,257,Third-party Delivery,1
41546,2025-04-18,257,Website/App,2
25338,2025-04-18,257,Dine-in,1
46059,2025-04-18,257,Takeaway,1
24067,2025-04-18,257,Dine-in,1
10951,2025-04-18,257,Third-party Delivery,1
41315,2025-04-18,257,Takeaway,1
16229,2025-04-18,257,Takeaway,1
18489,2025-04-18,257,Takeaway,1
31633,2025-04-18,257,Third-party Delivery,2
14366,2025-04-18,257,Takeaway,1
36275,2025-04-18,257,Website/App,1
47290,2025-04-18,257,Dine-in,1
10398,2025-04-18,257,Website/App,1
16862,2025-04-18,257,Takeaway,3
30584,2025-04-18,257,Website/App,1
26792,2025-04-18,257,Takeaway,2
23120,2025-04-18,257,Takeaway,1
33997,2025-04-18,257,Third-party Delivery,2
34995,2025-04-18,257,Third-party Delivery,2
24353,2025-04-18,257,Third-party Delivery,2
45158,2025-04-18,257,Third-party Delivery,1
49552,2025-04-18,257,Third-party Delivery,2
32950,2025-04-18,257,Dine-in,1
32490,2025-04-18,257,Website/App,1
11397,2025-04-18,257,Website/App,1
7427,2025-04-18,257,Dine-in,1
24739,2025-04-18,257,Dine-in,1
44930,2025-04-18,257,Takeaway,1
50000,2025-04-18,257,Dine-in,2
6447,2025-04-18,257,Website/App,1
30032,2025-04-18,257,Website/App,1
49054,2025-04-18,257,Third-party Delivery,1
16667,2025-04-18,257,Dine-in,2
33290,2025-04-18,257,Takeaway,1
1208,2025-04-18,257,Third-party Delivery,3
3388,2025-04-18,257,Website/App,2
18851,2025-04-18,257,Third-party Delivery,2
6125,2025-04-18,257,Takeaway,1
8768,2025-04-18,257,Dine-in,2
42452,2025-04-18,257,Website/App,1
42035,2025-04-18,257,Third-party Delivery,3
11611,2025-04-18,257,Website/App,1
48366,2025-04-18,257,Third-party Delivery,3
12973,2025-04-18,257,Takeaway,1
46662,2025-04-18,257,Dine-in,2
46818,2025-04-18,257,Dine-in,1
35229,2025-04-18,257,Third-party Delivery,2
43170,2025-04-18,257,Website/App,1
25993,2025-04-18,257,Dine-in,2
42305,2025-04-18,257,Takeaway,1
41461,2025-04-19,256,Website/App,1
41671,2025-04-19,256,Website/App,1
27019,2025-04-19,256,Website/App,2
7684,2025-04-19,256,Website/App,1
28066,2025-04-19,256,Website/App,2
41762,2025-04-19,256,Third-party Delivery,2
1696,2025-04-19,256,Website/App,1
38401,2025-04-19,256,Takeaway,1
41063,2025-04-19,256,Dine-in,1
49143,2025-04-19,256,Website/App,4
46547,2025-04-19,256,Takeaway,1
11500,2025-04-19,256,Website/App,4
3293,2025-04-19,256,Website/App,2
39954,2025-04-19,256,Dine-in,2
46401,2025-04-19,256,Website/App,2
46370,2025-04-19,256,Website/App,3
24370,2025-04-19,256,Third-party Delivery,3
11713,2025-04-19,256,Takeaway,1
11734,2025-04-19,256,Third-party Delivery,2
42760,2025-04-19,256,Website/App,1
15395,2025-04-19,256,Website/App,1
3981,2025-04-19,256,Third-party Delivery,1
42733,2025-04-19,256,Dine-in,1
20485,2025-04-19,256,Website/App,2
26068,2025-04-19,256,Takeaway,1
13494,2025-04-19,256,Third-party Delivery,1
15796,2025-04-19,256,Dine-in,1
38050,2025-04-19,256,Takeaway,1
9748,2025-04-19,256,Takeaway,3
2518,2025-04-19,256,Dine-in,1
19345,2025-04-19,256,Takeaway,2
22800,2025-04-19,256,Website/App,1
722,2025-04-19,256,Dine-in,1
6648,2025-04-19,256,Dine-in,2
2131,2025-04-19,256,Third-party Delivery,1
5047,2025-04-19,256,Third-party Delivery,1
13693,2025-04-19,256,Website/App,3
32224,2025-04-19,256,Website/App,3
3951,2025-04-19,256,Dine-in,1
48003,2025-04-19,256,Dine-in,1
42888,2025-04-19,256,Third-party Delivery,2
7123,2025-04-19,256,Website/App,1
36750,2025-04-19,256,Dine-in,2
47371,2025-04-19,256,Takeaway,1
47616,2025-04-19,256,Takeaway,2
36697,2025-04-19,256,Dine-in,1
4899,2025-04-19,256,Third-party Delivery,2
36315,2025-04-19,256,Dine-in,1
25817,2025-04-19,256,Third-party Delivery,1
7895,2025-04-19,256,Third-party Delivery,2
7863,2025-04-19,256,Website/App,2
21240,2025-04-19,256,Third-party Delivery,2
2922,2025-04-19,256,Dine-in,1
25189,2025-04-19,256,Third-party Delivery,1
43355,2025-04-19,256,Takeaway,1
25835,2025-04-19,256,Dine-in,2
14656,2025-04-19,256,Third-party Delivery,1
29176,2025-04-19,256,Website/App,2
21509,2025-04-19,256,Website/App,2
20988,2025-04-19,256,Dine-in,2
36433,2025-04-19,256,Takeaway,1
31447,2025-04-19,256,Takeaway,2
10591,2025-04-19,256,Third-party Delivery,1
47503,2025-04-19,256,Website/App,4
1794,2025-04-19,256,Takeaway,2
6251,2025-04-19,256,Takeaway,1
29745,2025-04-19,256,Third-party Delivery,1
1754,2025-04-19,256,Website/App,1
16480,2025-04-19,256,Third-party Delivery,1
3514,2025-04-19,256,Takeaway,1
23476,2025-04-19,256,Website/App,1
45490,2025-04-19,256,Website/App,1
45676,2025-04-19,256,Website/App,1
45977,2025-04-19,256,Dine-in,1
844,2025-04-20,255,Third-party Delivery,1
46037,2025-04-20,255,Takeaway,2
7612,2025-04-20,255,Takeaway,1
21317,2025-04-20,255,Website/App,3
14108,2025-04-20,255,Takeaway,1
24018,2025-04-20,255,Dine-in,1
3359,2025-04-20,255,Third-party Delivery,1
29916,2025-04-20,255,Dine-in,1
296,2025-04-20,255,Third-party Delivery,1
38788,2025-04-20,255,Third-party Delivery,1
4684,2025-04-20,255,Dine-in,1
36319,2025-04-20,255,Website/App,3
536,2025-04-20,255,Dine-in,2
10690,2025-04-20,255,Dine-in,1
2935,2025-04-20,255,Dine-in,2
13944,2025-04-20,255,Third-party Delivery,1
25735,2025-04-20,255,Takeaway,1
14547,2025-04-20,255,Third-party Delivery,1
556,2025-04-20,255,Dine-in,3
14810,2025-04-20,255,Dine-in,2
7952,2025-04-20,255,Third-party Delivery,2
21562,2025-04-20,255,Takeaway,1
10727,2025-04-20,255,Third-party Delivery,2
47688,2025-04-20,255,Third-party Delivery,1
14716,2025-04-20,255,Third-party Delivery,3
33381,2025-04-20,255,Website/App,1
28398,2025-04-20,255,Third-party Delivery,2
17623,2025-04-20,255,Third-party Delivery,1
28254,2025-04-20,255,Dine-in,1
32726,2025-04-20,255,Dine-in,1
17762,2025-04-20,255,Third-party Delivery,1
24172,2025-04-20,255,Dine-in,2
5529,2025-04-20,255,Website/App,1
38419,2025-04-20,255,Third-party Delivery,3
15925,2025-04-20,255,Takeaway,1
19375,2025-04-20,255,Dine-in,1
39970,2025-04-20,255,Dine-in,2
4530,2025-04-20,255,Website/App,2
9693,2025-04-20,255,Takeaway,3
3659,2025-04-20,255,Website/App,1
17153,2025-04-20,255,Website/App,2
32691,2025-04-20,255,Third-party Delivery,1
12981,2025-04-20,255,Third-party Delivery,2
46350,2025-04-20,255,Dine-in,2
23013,2025-04-20,255,Third-party Delivery,1
19469,2025-04-20,255,Dine-in,2
22003,2025-04-20,255,Takeaway,1
27892,2025-04-20,255,Third-party Delivery,1
15481,2025-04-20,255,Website/App,2
3770,2025-04-20,255,Website/App,2
30518,2025-04-20,255,Website/App,1
5620,2025-04-20,255,Third-party Delivery,2
24991,2025-04-20,255,Takeaway,1
6391,2025-04-20,255,Website/App,2
42864,2025-04-20,255,Dine-in,3
47943,2025-04-20,255,Website/App,1
15417,2025-04-20,255,Website/App,2
29360,2025-04-20,255,Takeaway,2
37384,2025-04-20,255,Website/App,4
37320,2025-04-20,255,Dine-in,1
20197,2025-04-20,255,Takeaway,1
30921,2025-04-20,255,Dine-in,1
47825,2025-04-20,255,Dine-in,1
39548,2025-04-20,255,Third-party Delivery,1
14923,2025-04-20,255,Dine-in,2
26080,2025-04-20,255,Third-party Delivery,2
10333,2025-04-20,255,Third-party Delivery,1
8171,2025-04-20,255,Takeaway,1
16072,2025-04-20,255,Takeaway,2
38570,2025-04-20,255,Takeaway,4
30012,2025-04-20,255,Dine-in,2
4618,2025-04-21,254,Website/App,1
33385,2025-04-21,254,Dine-in,1
2423,2025-04-21,254,Third-party Delivery,2
19238,2025-04-21,254,Third-party Delivery,1
38322,2025-04-21,254,Website/App,3
34421,2025-04-21,254,Third-party Delivery,3
4616,2025-04-21,254,Website/App,2
28179,2025-04-21,254,Takeaway,1
9241,2025-04-21,254,Takeaway,1
4080,2025-04-21,254,Third-party Delivery,1
6591,2025-04-21,254,Third-party Delivery,2
39996,2025-04-21,254,Website/App,3
39326,2025-04-21,254,Dine-in,1
17218,2025-04-21,254,Third-party Delivery,1
45231,2025-04-21,254,Website/App,1
48253,2025-04-21,254,Website/App,1
35435,2025-04-21,254,Dine-in,2
11809,2025-04-21,254,Dine-in,2
2326,2025-04-21,254,Dine-in,2
18783,2025-04-21,254,Takeaway,2
36544,2025-04-21,254,Third-party Delivery,1
31191,2025-04-21,254,Dine-in,1
634,2025-04-21,254,Website/App,2
49303,2025-04-21,254,Third-party Delivery,1
20604,2025-04-21,254,Takeaway,1
21356,2025-04-21,254,Website/App,1
20848,2025-04-21,254,Website/App,1
29857,2025-04-21,254,Takeaway,2
33756,2025-04-21,254,Dine-in,3
12511,2025-04-21,254,Website/App,3
8563,2025-04-21,254,Website/App,1
112,2025-04-21,254,Third-party Delivery,2
24127,2025-04-21,254,Website/App,2
40123,2025-04-21,254,Website/App,1
4930,2025-04-21,254,Takeaway,1
39099,2025-04-21,254,Third-party Delivery,1
45482,2025-04-21,254,Third-party Delivery,2
14305,2025-04-21,254,Takeaway,2
1691,2025-04-21,254,Dine-in,2
34580,2025-04-21,254,Third-party Delivery,1
42120,2025-04-21,254,Takeaway,2
38103,2025-04-21,254,Website/App,2
24832,2025-04-21,254,Takeaway,1
32295,2025-04-21,254,Dine-in,1
6927,2025-04-21,254,Third-party Delivery,2
9792,2025-04-21,254,Third-party Delivery,1
6569,2025-04-21,254,Dine-in,1
10117,2025-04-21,254,Website/App,2
15080,2025-04-21,254,Website/App,1
24873,2025-04-21,254,Third-party Delivery,1
35346,2025-04-21,254,Website/App,1
11170,2025-04-21,254,Third-party Delivery,1
40909,2025-04-21,254,Takeaway,2
47931,2025-04-21,254,Dine-in,3
27536,2025-04-21,254,Website/App,1
20553,2025-04-21,254,Dine-in,2
18115,2025-04-21,254,Takeaway,1
37135,2025-04-21,254,Dine-in,1
45617,2025-04-22,253,Dine-in,2
33017,2025-04-22,253,Takeaway,2
14871,2025-04-22,253,Website/App,2
47454,2025-04-22,253,Website/App,1
14250,2025-04-22,253,Takeaway,1
21387,2025-04-22,253,Third-party Delivery,4
36013,2025-04-22,253,Website/App,1
29108,2025-04-22,253,Takeaway,2
36081,2025-04-22,253,Third-party Delivery,1
35595,2025-04-22,253,Dine-in,1
10546,2025-04-22,253,Third-party Delivery,1
7882,2025-04-22,253,Website/App,1
35659,2025-04-22,253,Takeaway,2
29827,2025-04-22,253,Third-party Delivery,1
48802,2025-04-22,253,Takeaway,2
9422,2025-04-22,253,Takeaway,1
41528,2025-04-22,253,Website/App,3
16514,2025-04-22,253,Takeaway,1
16125,2025-04-22,253,Website/App,1
17713,2025-04-22,253,Website/App,3
5327,2025-04-22,253,Takeaway,1
30855,2025-04-22,253,Takeaway,1
16787,2025-04-22,253,Takeaway,1
36951,2025-04-22,253,Takeaway,1
37125,2025-04-22,253,Dine-in,2
47816,2025-04-22,253,Website/App,2
30896,2025-04-22,253,Website/App,1
37239,2025-04-22,253,Takeaway,1
8027,2025-04-22,253,Dine-in,1
35041,2025-04-22,253,Takeaway,1
28968,2025-04-22,253,Website/App,1
37591,2025-04-22,253,Third-party Delivery,2
26372,2025-04-22,253,Third-party Delivery,2
7008,2025-04-22,253,Website/App,1
26769,2025-04-22,253,Third-party Delivery,1
42164,2025-04-22,253,Dine-in,2
15597,2025-04-22,253,Takeaway,3
6129,2025-04-22,253,Dine-in,4
39740,2025-04-22,253,Takeaway,1
30458,2025-04-22,253,Website/App,2
26538,2025-04-22,253,Takeaway,1
9837,2025-04-22,253,Website/App,2
46844,2025-04-22,253,Takeaway,2
13416,2025-04-22,253,Third-party Delivery,2
32154,2025-04-22,253,Website/App,1
26746,2025-04-22,253,Takeaway,1
11825,2025-04-22,253,Third-party Delivery,1
11404,2025-04-22,253,Third-party Delivery,1
44783,2025-04-22,253,Website/App,1
32573,2025-04-22,253,Website/App,1
39431,2025-04-22,253,Third-party Delivery,2
8614,2025-04-22,253,Takeaway,2
3224,2025-04-22,253,Third-party Delivery,1
8598,2025-04-22,253,Takeaway,3
16580,2025-04-22,253,Takeaway,2
29497,2025-04-22,253,Website/App,1
41784,2025-04-22,253,Third-party Delivery,1
42100,2025-04-22,253,Takeaway,1
39061,2025-04-22,253,Dine-in,3
6282,2025-04-22,253,Takeaway,2
41453,2025-04-22,253,Takeaway,1
44,2025-04-22,253,Website/App,3
8434,2025-04-22,253,Dine-in,2
17441,2025-04-22,253,Dine-in,1
33249,2025-04-22,253,Website/App,2
17427,2025-04-22,253,Website/App,1
40144,2025-04-23,252,Third-party Delivery,1
10616,2025-04-23,252,Dine-in,2
44680,2025-04-23,252,Third-party Delivery,1
15423,2025-04-23,252,Dine-in,1
37654,2025-04-23,252,Takeaway,2
34948,2025-04-23,252,Takeaway,1
15771,2025-04-23,252,Takeaway,2
38659,2025-04-23,252,Third-party Delivery,1
41429,2025-04-23,252,Takeaway,2
33944,2025-04-23,252,Third-party Delivery,2
27938,2025-04-23,252,Website/App,1
42479,2025-04-23,252,Third-party Delivery,1
48972,2025-04-23,252,Website/App,2
23970,2025-04-23,252,Website/App,1
43947,2025-04-23,252,Third-party Delivery,1
30048,2025-04-23,252,Dine-in,1
47921,2025-04-23,252,Dine-in,1
47909,2025-04-23,252,Takeaway,1
40066,2025-04-23,252,Third-party Delivery,1
25438,2025-04-23,252,Takeaway,4
17715,2025-04-23,252,Website/App,2
15984,2025-04-23,252,Takeaway,2
7976,2025-04-23,252,Takeaway,1
49456,2025-04-23,252,Third-party Delivery,1
3247,2025-04-23,252,Website/App,1
37395,2025-04-23,252,Takeaway,2
13795,2025-04-23,252,Dine-in,2
23061,2025-04-23,252,Third-party Delivery,2
35528,2025-04-23,252,Dine-in,2
13903,2025-04-23,252,Website/App,1
8873,2025-04-23,252,Dine-in,1
21900,2025-04-23,252,Takeaway,2
31887,2025-04-23,252,Website/App,2
47145,2025-04-23,252,Third-party Delivery,2
44802,2025-04-23,252,Dine-in,1
25404,2025-04-23,252,Dine-in,1
1910,2025-04-23,252,Takeaway,1
27679,2025-04-23,252,Website/App,1
1758,2025-04-23,252,Takeaway,2
21889,2025-04-23,252,Takeaway,1
37586,2025-04-23,252,Website/App,1
26876,2025-04-23,252,Website/App,1
25004,2025-04-23,252,Takeaway,1
34773,2025-04-23,252,Dine-in,2
26031,2025-04-23,252,Third-party Delivery,3
32270,2025-04-23,252,Takeaway,1
36793,2025-04-23,252,Dine-in,1
23257,2025-04-23,252,Takeaway,2
43640,2025-04-23,252,Takeaway,2
27156,2025-04-23,252,Dine-in,1
12643,2025-04-23,252,Takeaway,1
14556,2025-04-23,252,Dine-in,1
47519,2025-04-23,252,Website/App,1
40212,2025-04-23,252,Dine-in,1
40389,2025-04-23,252,Dine-in,3
33481,2025-04-24,251,Takeaway,1
47678,2025-04-24,251,Website/App,1
12136,2025-04-24,251,Takeaway,1
31373,2025-04-24,251,Takeaway,2
25701,2025-04-24,251,Website/App,1
48462,2025-04-24,251,Dine-in,4
4390,2025-04-24,251,Third-party Delivery,1
12857,2025-04-24,251,Takeaway,1
15304,2025-04-24,251,Takeaway,3
37512,2025-04-24,251,Dine-in,2
6445,2025-04-24,251,Website/App,1
16490,2025-04-24,251,Takeaway,2
30710,2025-04-24,251,Third-party Delivery,1
14016,2025-04-24,251,Website/App,2
3305,2025-04-24,251,Website/App,1
27354,2025-04-24,251,Website/App,1
44193,2025-04-24,251,Takeaway,1
46134,2025-04-24,251,Website/App,1
4017,2025-04-24,251,Dine-in,1
34928,2025-04-24,251,Takeaway,1
24850,2025-04-24,251,Dine-in,2
9283,2025-04-24,251,Website/App,1
23444,2025-04-24,251,Dine-in,1
15516,2025-04-24,251,Website/App,1
37966,2025-04-24,251,Takeaway,1
44559,2025-04-24,251,Dine-in,1
32375,2025-04-24,251,Takeaway,1
48274,2025-04-24,251,Takeaway,3
3472,2025-04-24,251,Website/App,2
24805,2025-04-24,251,Takeaway,1
49719,2025-04-24,251,Third-party Delivery,1
37909,2025-04-24,251,Website/App,3
40238,2025-04-24,251,Dine-in,4
33421,2025-04-24,251,Third-party Delivery,1
10194,2025-04-24,251,Takeaway,2
28633,2025-04-24,251,Takeaway,2
45587,2025-04-24,251,Third-party Delivery,1
15944,2025-04-24,251,Takeaway,1
45001,2025-04-24,251,Third-party Delivery,1
43982,2025-04-24,251,Dine-in,2
45873,2025-04-24,251,Takeaway,2
27024,2025-04-24,251,Takeaway,1
24715,2025-04-24,251,Takeaway,1
31892,2025-04-24,251,Takeaway,2
39714,2025-04-24,251,Website/App,1
18265,2025-04-24,251,Dine-in,1
44382,2025-04-24,251,Third-party Delivery,1
30137,2025-04-24,251,Third-party Delivery,1
16823,2025-04-24,251,Third-party Delivery,2
35974,2025-04-24,251,Takeaway,1
11864,2025-04-24,251,Website/App,1
13051,2025-04-24,251,Website/App,2
43578,2025-04-24,251,Third-party Delivery,1
3075,2025-04-25,250,Third-party Delivery,2
17207,2025-04-25,250,Website/App,1
2454,2025-04-25,250,Third-party Delivery,1
23699,2025-04-25,250,Website/App,2
28533,2025-04-25,250,Takeaway,1
1356,2025-04-25,250,Takeaway,1
14504,2025-04-25,250,Dine-in,2
27551,2025-04-25,250,Dine-in,4
38048,2025-04-25,250,Third-party Delivery,1
48327,2025-04-25,250,Takeaway,1
27272,2025-04-25,250,Third-party Delivery,4
5204,2025-04-25,250,Website/App,1
23526,2025-04-25,250,Third-party Delivery,3
35148,2025-04-25,250,Website/App,1
23365,2025-04-25,250,Website/App,2
33075,2025-04-25,250,Takeaway,2
49023,2025-04-25,250,Third-party Delivery,2
38842,2025-04-25,250,Takeaway,2
30557,2025-04-25,250,Dine-in,2
