customer_id,first_name,last_name,gender,date_of_birth,registration_date,location_id,preferred_channel,preferred_category,email,phone
1,Customer1,User1,Other,1991-01-28,2024-07-27,16,Dine-in,Sandwiches,customer1@example.com,3007076506
2,Customer2,User2,Other,1999-12-05,2024-07-06,17,Website/App,Salads,customer2@example.com,3009111742
3,Customer3,User3,Female,1997-12-19,2024-05-11,8,Dine-in,BBQ,customer3@example.com,3008563202
4,Customer4,User4,Male,1999-10-20,2024-11-13,11,Dine-in,Desserts,customer4@example.com,3006452832
5,Customer5,User5,Male,2001-04-12,2024-05-11,9,Website/App,Beverages,customer5@example.com,3001170307
6,Customer6,User6,Other,1982-02-08,2024-12-14,16,Takeaway,Desserts,customer6@example.com,3009234615
7,Customer7,User7,Female,1971-02-10,2024-04-13,8,Website/App,Salads,customer7@example.com,3007191135
8,Customer8,User8,Female,2003-06-14,2024-12-18,11,Website/App,Desserts,customer8@example.com,3005545223
9,Customer9,User9,Female,1986-04-04,2024-12-07,11,Dine-in,Beverages,customer9@example.com,3004106298
10,Customer10,User10,Male,1983-12-16,2024-05-24,19,Website/App,Pizza,customer10@example.com,3004256752
11,Customer11,User11,Female,1984-06-06,2024-05-01,18,Takeaway,BBQ,customer11@example.com,3001763626
12,Customer12,User12,Male,1988-12-05,2024-11-28,16,Dine-in,Burgers,customer12@example.com,3005770422
13,Customer13,User13,Female,2000-08-11,2024-03-02,9,Third-party Delivery,Pizza,customer13@example.com,3002096280
14,Customer14,User14,Female,2001-02-19,2024-11-22,2,Takeaway,Biryani,customer14@example.com,3006097514
15,Customer15,User15,Male,1985-02-18,2024-07-20,20,Takeaway,Beverages,customer15@example.com,3007381684
16,Customer16,User16,Female,1998-05-28,2024-10-14,10,Dine-in,Salads,customer16@example.com,3002664863
17,Customer17,User17,Male,1983-05-22,2024-02-06,8,Takeaway,Beverages,customer17@example.com,3002259379
18,Customer18,User18,Male,1970-07-15,2024-12-20,16,Website/App,Burgers,customer18@example.com,3004883526
19,Customer19,User19,Female,1988-12-28,2024-08-03,8,Website/App,Salads,customer19@example.com,3004318855
20,Customer20,User20,Female,1977-09-08,2024-11-05,9,Takeaway,Pizza,customer20@example.com,3002000560
21,Customer21,User21,Male,1989-10-24,2024-10-10,15,Dine-in,Desserts,customer21@example.com,3006101803
22,Customer22,User22,Other,1995-05-17,2024-09-16,15,Dine-in,Salads,customer22@example.com,3001668752
23,Customer23,User23,Female,1990-10-09,2024-01-03,8,Dine-in,BBQ,customer23@example.com,3001674975
24,Customer24,User24,Male,2000-09-21,2024-08-09,6,Third-party Delivery,Desserts,customer24@example.com,3002530793
25,Customer25,User25,Female,1992-07-11,2024-06-22,4,Takeaway,Pasta,customer25@example.com,3007906258
26,Customer26,User26,Other,2001-05-22,2024-07-27,18,Dine-in,Desserts,customer26@example.com,3002477398
27,Customer27,User27,Female,1986-06-04,2024-07-28,17,Dine-in,Beverages,customer27@example.com,3008750676
28,Customer28,User28,Female,1973-04-17,2024-06-20,16,Third-party Delivery,Burgers,customer28@example.com,3004415140
29,Customer29,User29,Female,1978-05-15,2024-12-16,4,Dine-in,Salads,customer29@example.com,3005014745
30,Customer30,User30,Other,1980-05-18,2024-01-18,14,Dine-in,Rice,customer30@example.com,3002903561
31,Customer31,User31,Female,1977-11-27,2024-03-16,10,Website/App,Sandwiches,customer31@example.com,3009094999
32,Customer32,User32,Female,1985-08-18,2024-03-13,7,Takeaway,Pizza,customer32@example.com,3005634662
33,Customer33,User33,Female,1991-09-09,2024-01-10,10,Third-party Delivery,Biryani,customer33@example.com,3008491822
34,Customer34,User34,Other,2000-06-11,2024-09-25,18,Third-party Delivery,Desserts,customer34@example.com,3006398528
35,Customer35,User35,Male,1985-10-13,2024-04-28,14,Dine-in,Pasta,customer35@example.com,3008935224
36,Customer36,User36,Other,1994-07-22,2024-11-05,16,Dine-in,Biryani,customer36@example.com,3009427047
37,Customer37,User37,Other,1991-02-28,2024-08-04,17,Third-party Delivery,Burgers,customer37@example.com,3003418526
38,Customer38,User38,Female,1979-02-16,2024-05-11,20,Third-party Delivery,Pizza,customer38@example.com,3006512415
39,Customer39,User39,Other,2004-07-11,2024-11-23,16,Dine-in,Salads,customer39@example.com,3002147909
40,Customer40,User40,Male,1988-04-24,2024-02-14,4,Dine-in,Desserts,customer40@example.com,3003791137
41,Customer41,User41,Other,1989-01-02,2024-06-26,2,Website/App,Pasta,customer41@example.com,3007288789
42,Customer42,User42,Female,1979-04-17,2024-07-19,6,Takeaway,Biryani,customer42@example.com,3002324869
43,Customer43,User43,Other,1994-10-22,2024-04-16,19,Takeaway,Rice,customer43@example.com,3008736811
44,Customer44,User44,Other,1986-08-09,2024-11-01,15,Website/App,Beverages,customer44@example.com,3003650391
45,Customer45,User45,Male,1998-06-19,2024-05-21,14,Website/App,Desserts,customer45@example.com,3006068760
46,Customer46,User46,Male,1994-08-04,2024-04-13,19,Website/App,Salads,customer46@example.com,3005963914
47,Customer47,User47,Other,1988-01-27,2024-11-13,9,Dine-in,Salads,customer47@example.com,3001822825
48,Customer48,User48,Other,2001-05-25,2024-04-20,12,Takeaway,Rice,customer48@example.com,3005204819
49,Customer49,User49,Other,1978-11-04,2024-11-21,2,Website/App,Desserts,customer49@example.com,3001559763
50,Customer50,User50,Other,1993-12-05,2024-02-10,11,Third-party Delivery,Biryani,customer50@example.com,3004368777
51,Customer51,User51,Male,2004-06-17,2024-09-09,6,Website/App,Desserts,customer51@example.com,3005951651
52,Customer52,User52,Other,1991-02-15,2024-02-05,8,Third-party Delivery,Beverages,customer52@example.com,3007136687
53,Customer53,User53,Male,1995-01-09,2024-09-04,15,Website/App,BBQ,customer53@example.com,3007392547
54,Customer54,User54,Other,1993-02-22,2024-04-16,1,Website/App,Salads,customer54@example.com,3004713925
55,Customer55,User55,Other,1974-11-27,2024-08-23,10,Third-party Delivery,Pizza,customer55@example.com,3003345069
56,Customer56,User56,Male,1972-05-16,2024-02-04,8,Takeaway,Sandwiches,customer56@example.com,3008610879
57,Customer57,User57,Female,2004-07-19,2024-12-24,5,Third-party Delivery,Pizza,customer57@example.com,3009209880
58,Customer58,User58,Other,1996-05-02,2024-12-12,7,Third-party Delivery,Desserts,customer58@example.com,3004961312
59,Customer59,User59,Female,1976-11-12,2024-09-21,12,Dine-in,Sandwiches,customer59@example.com,3005628522
60,Customer60,User60,Male,1977-08-03,2024-11-07,20,Dine-in,Burgers,customer60@example.com,3006595355
61,Customer61,User61,Male,1978-10-07,2024-02-27,18,Takeaway,Salads,customer61@example.com,3004623062
62,Customer62,User62,Male,1991-03-26,2024-10-01,9,Takeaway,Biryani,customer62@example.com,3005205279
63,Customer63,User63,Male,1977-11-28,2024-01-05,1,Website/App,Rice,customer63@example.com,3006431983
64,Customer64,User64,Male,1981-05-02,2024-03-24,14,Dine-in,Pizza,customer64@example.com,3008990081
65,Customer65,User65,Female,1993-09-19,2024-02-15,17,Takeaway,Salads,customer65@example.com,3001727544
66,Customer66,User66,Other,2003-05-15,2024-11-01,2,Third-party Delivery,Sandwiches,customer66@example.com,3008151684
67,Customer67,User67,Other,1976-08-23,2024-08-03,3,Website/App,Salads,customer67@example.com,3003488628
68,Customer68,User68,Male,1978-05-20,2024-11-19,18,Website/App,Sandwiches,customer68@example.com,3009901266
69,Customer69,User69,Female,1999-09-20,2024-07-04,4,Takeaway,Sandwiches,customer69@example.com,3008575834
70,Customer70,User70,Male,1996-06-27,2024-08-13,14,Dine-in,Pasta,customer70@example.com,3008159911
71,Customer71,User71,Female,1986-06-05,2024-11-16,3,Dine-in,Pizza,customer71@example.com,3002564141
72,Customer72,User72,Female,1976-12-24,2024-06-26,5,Dine-in,Salads,customer72@example.com,3006530541
73,Customer73,User73,Other,1977-07-12,2024-11-25,14,Dine-in,BBQ,customer73@example.com,3006242022
74,Customer74,User74,Female,1976-10-17,2024-04-05,16,Takeaway,Pizza,customer74@example.com,3006873938
75,Customer75,User75,Other,1993-02-25,2024-05-19,8,Third-party Delivery,Beverages,customer75@example.com,3001440466
76,Customer76,User76,Other,1987-01-06,2024-05-23,10,Website/App,Pasta,customer76@example.com,3001102438
77,Customer77,User77,Male,1979-10-22,2024-07-03,5,Dine-in,Pizza,customer77@example.com,3009900022
78,Customer78,User78,Male,1994-07-15,2024-06-06,12,Website/App,Pasta,customer78@example.com,3002425342
79,Customer79,User79,Male,1979-03-25,2024-10-02,3,Website/App,Desserts,customer79@example.com,3008113787
80,Customer80,User80,Female,1998-07-09,2024-04-25,17,Dine-in,Pasta,customer80@example.com,3008212753
81,Customer81,User81,Male,1988-11-22,2024-10-16,17,Website/App,Burgers,customer81@example.com,3004699685
82,Customer82,User82,Female,1973-01-07,2024-05-07,5,Website/App,BBQ,customer82@example.com,3006504979
83,Customer83,User83,Male,1970-08-24,2024-07-06,5,Third-party Delivery,Beverages,customer83@example.com,3004860617
84,Customer84,User84,Other,1992-02-13,2024-12-02,14,Dine-in,Desserts,customer84@example.com,3002306317
85,Customer85,User85,Female,1997-10-13,2024-12-21,14,Website/App,Pizza,customer85@example.com,3007795314
86,Customer86,User86,Male,1990-03-26,2024-10-15,12,Dine-in,Sandwiches,customer86@example.com,3002776088
87,Customer87,User87,Male,1997-10-13,2024-09-03,13,Website/App,Pasta,customer87@example.com,3004717362
88,Customer88,User88,Female,1980-02-17,2024-11-04,17,Takeaway,Pasta,customer88@example.com,3006890476
89,Customer89,User89,Other,1979-04-04,2024-03-09,7,Takeaway,Salads,customer89@example.com,3003564729
90,Customer90,User90,Other,1974-03-25,2024-11-16,15,Third-party Delivery,Salads,customer90@example.com,3006422534
91,Customer91,User91,Other,1990-03-15,2024-02-16,15,Website/App,BBQ,customer91@example.com,3001942411
92,Customer92,User92,Female,2002-02-10,2024-08-15,2,Dine-in,Pasta,customer92@example.com,3005816353
93,Customer93,User93,Male,1975-10-20,2024-09-13,15,Dine-in,Desserts,customer93@example.com,3004158134
94,Customer94,User94,Female,2000-09-05,2024-01-15,4,Website/App,Pizza,customer94@example.com,3009464927
95,Customer95,User95,Other,1981-01-08,2024-12-15,15,Takeaway,Pasta,customer95@example.com,3007255418
96,Customer96,User96,Female,1994-07-25,2024-06-22,20,Dine-in,Pasta,customer96@example.com,3002105817
97,Customer97,User97,Female,1976-09-22,2024-07-10,9,Takeaway,Pasta,customer97@example.com,3002367376
98,Customer98,User98,Other,1979-06-10,2024-11-23,13,Takeaway,Salads,customer98@example.com,3002421349
99,Customer99,User99,Female,1994-11-26,2024-06-27,5,Dine-in,Sandwiches,customer99@example.com,3009531021
100,Customer100,User100,Female,1971-06-10,2024-03-07,11,Third-party Delivery,Rice,customer100@example.com,3004800761
101,Customer101,User101,Male,1979-02-10,2024-02-17,18,Dine-in,Pasta,customer101@example.com,3003198638
102,Customer102,User102,Other,1994-03-06,2024-03-27,20,Takeaway,Desserts,customer102@example.com,3001733037
103,Customer103,User103,Female,1993-11-24,2024-04-15,20,Website/App,Desserts,customer103@example.com,3004925917
104,Customer104,User104,Other,1985-05-26,2024-08-27,7,Website/App,Salads,customer104@example.com,3008391997
105,Customer105,User105,Female,1988-07-17,2024-09-14,6,Takeaway,Salads,customer105@example.com,3003321942
106,Customer106,User106,Female,1973-11-16,2024-06-18,4,Dine-in,BBQ,customer106@example.com,3002407191
107,Customer107,User107,Male,1987-08-17,2024-03-27,14,Dine-in,Rice,customer107@example.com,3008568671
108,Customer108,User108,Female,1971-07-02,2024-07-17,12,Takeaway,Sandwiches,customer108@example.com,3002369112
109,Customer109,User109,Female,1984-01-11,2024-02-27,11,Takeaway,Biryani,customer109@example.com,3001642620
110,Customer110,User110,Female,2000-12-27,2024-03-25,16,Third-party Delivery,Salads,customer110@example.com,3001088100
111,Customer111,User111,Male,1971-05-07,2024-03-18,20,Third-party Delivery,Pizza,customer111@example.com,3005833542
112,Customer112,User112,Male,1989-02-02,2024-04-14,20,Third-party Delivery,Pizza,customer112@example.com,3002859886
113,Customer113,User113,Female,2004-01-21,2024-09-19,8,Takeaway,BBQ,customer113@example.com,3008201433
114,Customer114,User114,Male,1992-04-19,2024-07-06,3,Website/App,Pizza,customer114@example.com,3009825812
115,Customer115,User115,Other,2002-09-18,2024-01-13,16,Dine-in,Sandwiches,customer115@example.com,3007262974
116,Customer116,User116,Female,1971-06-26,2024-02-12,8,Dine-in,Salads,customer116@example.com,3006578736
117,Customer117,User117,Male,1972-06-18,2024-06-27,6,Third-party Delivery,Desserts,customer117@example.com,3004058117
118,Customer118,User118,Male,1974-12-25,2024-08-02,10,Takeaway,Burgers,customer118@example.com,3004346548
119,Customer119,User119,Male,1990-05-17,2024-07-27,18,Third-party Delivery,BBQ,customer119@example.com,3001614394
120,Customer120,User120,Other,1982-05-12,2024-01-28,11,Website/App,Pizza,customer120@example.com,3007174337
121,Customer121,User121,Female,1995-12-15,2024-07-11,6,Third-party Delivery,Desserts,customer121@example.com,3007163058
122,Customer122,User122,Other,1987-02-24,2024-07-03,14,Takeaway,Beverages,customer122@example.com,3005928582
123,Customer123,User123,Female,1976-02-11,2024-11-10,10,Third-party Delivery,Salads,customer123@example.com,3008149041
124,Customer124,User124,Male,1998-06-15,2024-01-24,12,Third-party Delivery,BBQ,customer124@example.com,3001962308
125,Customer125,User125,Male,1995-06-17,2024-12-22,6,Dine-in,Biryani,customer125@example.com,3008351320
126,Customer126,User126,Male,1978-02-08,2024-11-12,12,Third-party Delivery,Salads,customer126@example.com,3001543335
127,Customer127,User127,Other,1979-11-15,2024-06-12,15,Dine-in,Salads,customer127@example.com,3003310140
128,Customer128,User128,Other,1993-07-11,2024-11-09,8,Dine-in,Burgers,customer128@example.com,3004121368
129,Customer129,User129,Female,2003-07-18,2024-02-09,9,Third-party Delivery,Rice,customer129@example.com,3005791184
130,Customer130,User130,Other,2001-04-04,2024-03-28,3,Third-party Delivery,Biryani,customer130@example.com,3008467726
131,Customer131,User131,Male,1990-11-12,2024-12-03,18,Website/App,BBQ,customer131@example.com,3003642499
132,Customer132,User132,Other,1981-06-17,2024-04-04,7,Takeaway,Rice,customer132@example.com,3009288312
133,Customer133,User133,Male,1993-09-19,2024-06-15,18,Takeaway,Salads,customer133@example.com,3002446455
134,Customer134,User134,Male,1989-07-23,2024-12-16,17,Third-party Delivery,Sandwiches,customer134@example.com,3002237331
135,Customer135,User135,Male,1990-11-03,2024-08-15,17,Website/App,Biryani,customer135@example.com,3004052834
136,Customer136,User136,Male,1997-09-28,2024-01-27,4,Takeaway,BBQ,customer136@example.com,3003762487
137,Customer137,User137,Male,1990-12-08,2024-06-17,10,Dine-in,BBQ,customer137@example.com,3004293399
138,Customer138,User138,Other,1987-03-21,2024-05-20,18,Dine-in,Beverages,customer138@example.com,3003829240
139,Customer139,User139,Other,1979-03-22,2024-10-24,20,Website/App,Salads,customer139@example.com,3001691125
140,Customer140,User140,Male,1975-01-21,2024-10-09,7,Third-party Delivery,Salads,customer140@example.com,3001508113
141,Customer141,User141,Female,2004-05-21,2024-05-16,8,Third-party Delivery,BBQ,customer141@example.com,3008609207
142,Customer142,User142,Male,1973-03-15,2024-07-16,15,Takeaway,Pasta,customer142@example.com,3003410360
143,Customer143,User143,Female,1990-12-28,2024-06-13,5,Website/App,Beverages,customer143@example.com,3002781470
144,Customer144,User144,Female,1985-08-04,2024-05-15,8,Takeaway,Pizza,customer144@example.com,3001849015
145,Customer145,User145,Female,1994-10-14,2024-04-28,6,Website/App,Salads,customer145@example.com,3006246485
146,Customer146,User146,Male,1980-08-17,2024-08-16,10,Third-party Delivery,Burgers,customer146@example.com,3002510773
147,Customer147,User147,Female,2002-08-08,2024-04-19,12,Dine-in,Burgers,customer147@example.com,3005720376
148,Customer148,User148,Female,2000-05-18,2024-01-28,4,Third-party Delivery,Biryani,customer148@example.com,3005437118
149,Customer149,User149,Other,1993-07-12,2024-01-13,2,Takeaway,Pasta,customer149@example.com,3005841933
150,Customer150,User150,Male,1994-09-15,2024-09-09,20,Dine-in,Biryani,customer150@example.com,3002622046
151,Customer151,User151,Female,1993-06-18,2024-06-25,5,Takeaway,Salads,customer151@example.com,3009541658
152,Customer152,User152,Female,2002-01-02,2024-01-05,11,Third-party Delivery,Beverages,customer152@example.com,3008666995
153,Customer153,User153,Male,2002-03-11,2024-10-11,6,Third-party Delivery,Salads,customer153@example.com,3006020319
154,Customer154,User154,Other,1991-09-27,2024-09-18,16,Website/App,Desserts,customer154@example.com,3001279121
155,Customer155,User155,Female,1991-11-04,2024-07-19,10,Dine-in,Salads,customer155@example.com,3008962302
156,Customer156,User156,Female,1984-12-02,2024-10-16,6,Third-party Delivery,Biryani,customer156@example.com,3005063384
157,Customer157,User157,Male,1977-04-01,2024-08-11,14,Takeaway,Sandwiches,customer157@example.com,3004420734
158,Customer158,User158,Female,2002-10-16,2024-12-24,2,Takeaway,Beverages,customer158@example.com,3004478616
159,Customer159,User159,Other,1990-11-16,2024-09-13,11,Takeaway,Desserts,customer159@example.com,3009944387
160,Customer160,User160,Female,2004-06-22,2024-12-22,9,Third-party Delivery,Rice,customer160@example.com,3005135904
161,Customer161,User161,Female,1989-04-10,2024-05-23,7,Third-party Delivery,Pasta,customer161@example.com,3009049765
162,Customer162,User162,Female,1987-05-04,2024-10-22,18,Third-party Delivery,Sandwiches,customer162@example.com,3006790398
163,Customer163,User163,Male,1988-01-10,2024-12-03,12,Third-party Delivery,BBQ,customer163@example.com,3009037616
164,Customer164,User164,Male,1982-09-09,2024-09-23,9,Takeaway,Pizza,customer164@example.com,3005014486
165,Customer165,User165,Male,1973-11-17,2024-04-21,8,Dine-in,Pizza,customer165@example.com,3007934046
166,Customer166,User166,Female,2000-02-22,2024-03-01,18,Takeaway,Sandwiches,customer166@example.com,3008980915
167,Customer167,User167,Female,1982-05-11,2024-05-21,2,Dine-in,Salads,customer167@example.com,3004896008
168,Customer168,User168,Other,1972-03-14,2024-03-02,13,Third-party Delivery,Biryani,customer168@example.com,3005856449
169,Customer169,User169,Male,1970-05-19,2024-10-04,11,Website/App,Desserts,customer169@example.com,3009796605
170,Customer170,User170,Female,1978-09-15,2024-05-07,4,Website/App,Biryani,,3008699307
171,Customer171,User171,Other,1986-12-06,2024-01-24,11,Website/App,Salads,customer171@example.com,3004240708
172,Customer172,User172,Male,1995-07-17,2024-06-03,13,Dine-in,Biryani,customer172@example.com,3003359075
173,Customer173,User173,Female,1990-04-01,2024-05-13,8,Third-party Delivery,BBQ,customer173@example.com,3006530194
174,Customer174,User174,Female,1970-05-21,2024-06-23,8,Dine-in,Pizza,customer174@example.com,3008808032
175,Customer175,User175,Female,1980-07-22,2024-09-23,10,Dine-in,BBQ,customer175@example.com,3007166363
176,Customer176,User176,Other,1984-04-05,2024-08-05,15,Website/App,Sandwiches,customer176@example.com,3008899184
177,Customer177,User177,Other,1983-04-22,2024-10-28,3,Third-party Delivery,Beverages,customer177@example.com,3007069742
178,Customer178,User178,Male,1977-01-27,2024-09-17,7,Takeaway,Biryani,customer178@example.com,3006504900
179,Customer179,User179,Other,1998-02-22,2024-04-23,19,Third-party Delivery,Pizza,customer179@example.com,3009562677
180,Customer180,User180,Female,1973-08-05,2024-09-14,15,Dine-in,Beverages,customer180@example.com,3008757420
181,Customer181,User181,Other,1989-12-01,2024-07-09,1,Takeaway,Salads,customer181@example.com,3002225232
182,Customer182,User182,Male,1997-06-23,2024-02-18,2,Dine-in,Desserts,customer182@example.com,3001532422
183,Customer183,User183,Female,1996-03-25,2024-03-25,14,Website/App,Sandwiches,customer183@example.com,3008525204
184,Customer184,User184,Female,1994-02-22,2024-11-28,18,Takeaway,Pasta,customer184@example.com,3002990334
185,Customer185,User185,Male,2004-07-17,2024-03-24,8,Dine-in,Burgers,customer185@example.com,3006005700
186,Customer186,User186,Female,2004-07-18,2024-07-27,8,Takeaway,Desserts,customer186@example.com,3006807596
187,Customer187,User187,Male,1987-04-24,2024-02-02,14,Dine-in,Rice,customer187@example.com,3004457475
188,Customer188,User188,Male,1976-10-02,2024-08-20,2,Takeaway,Burgers,customer188@example.com,3007748892
189,Customer189,User189,Female,1984-09-07,2024-01-05,17,Website/App,Rice,customer189@example.com,3006350316
190,Customer190,User190,Other,1990-04-10,2024-03-22,17,Takeaway,Sandwiches,customer190@example.com,3006041569
191,Customer191,User191,Female,1973-09-19,2024-12-06,14,Third-party Delivery,Burgers,customer191@example.com,3006778321
192,Customer192,User192,Other,1994-09-11,2024-12-14,14,Takeaway,BBQ,customer192@example.com,3007315953
193,Customer193,User193,Male,2004-08-08,2024-04-10,5,Third-party Delivery,Burgers,customer193@example.com,3007923579
194,Customer194,User194,Female,2003-03-13,2024-04-09,7,Website/App,Pizza,customer194@example.com,3008546170
195,Customer195,User195,Female,1975-09-24,2024-04-02,9,Third-party Delivery,Salads,customer195@example.com,3001663497
196,Customer196,User196,Male,1982-10-24,2024-11-18,7,Third-party Delivery,Rice,customer196@example.com,3006586214
197,Customer197,User197,Female,1970-04-07,2024-12-04,16,Takeaway,Salads,customer197@example.com,3004431161
198,Customer198,User198,Female,1985-09-11,2024-05-13,15,Website/App,BBQ,customer198@example.com,3005388275
199,Customer199,User199,Female,2002-08-15,2024-02-26,16,Website/App,Rice,customer199@example.com,3007219396
200,Customer200,User200,Female,1996-01-19,2024-04-24,5,Dine-in,BBQ,customer200@example.com,3008005797
201,Customer201,User201,Female,1979-04-11,2024-04-13,19,Takeaway,Desserts,customer201@example.com,3006663388
202,Customer202,User202,Female,2001-12-21,2024-12-16,15,Takeaway,Pasta,customer202@example.com,3003839807
203,Customer203,User203,Male,2004-08-06,2024-09-21,2,Dine-in,Pizza,customer203@example.com,3001813936
204,Customer204,User204,Male,1996-03-27,2024-11-08,3,Takeaway,Burgers,customer204@example.com,3004669507
205,Customer205,User205,Other,1999-06-02,2024-10-21,20,Third-party Delivery,Desserts,customer205@example.com,3001263935
206,Customer206,User206,Male,2004-09-14,2024-01-01,17,Website/App,Beverages,customer206@example.com,3005809835
207,Customer207,User207,Male,2002-12-22,2024-07-26,6,Dine-in,Pizza,customer207@example.com,3009797727
208,Customer208,User208,Male,1985-04-20,2024-09-09,12,Website/App,Sandwiches,customer208@example.com,3002325722
209,Customer209,User209,Female,1995-08-19,2024-04-23,8,Website/App,Pizza,customer209@example.com,3001531577
210,Customer210,User210,Male,1995-07-13,2024-09-16,2,Dine-in,Biryani,customer210@example.com,3002387242
211,Customer211,User211,Female,1997-11-26,2024-06-19,4,Dine-in,Rice,customer211@example.com,3004546989
212,Customer212,User212,Other,2000-05-02,2024-02-22,9,Dine-in,Biryani,customer212@example.com,3006276177
213,Customer213,User213,Male,1983-10-05,2024-12-27,13,Dine-in,BBQ,customer213@example.com,3003725462
214,Customer214,User214,Other,1985-10-27,2024-07-22,18,Website/App,Sandwiches,customer214@example.com,3003347981
215,Customer215,User215,Other,1975-09-24,2024-06-02,4,Third-party Delivery,Rice,customer215@example.com,3002275374
216,Customer216,User216,Female,1995-06-01,2024-11-09,15,Third-party Delivery,Rice,customer216@example.com,3006969521
217,Customer217,User217,Other,1994-07-06,2024-11-19,13,Dine-in,Salads,customer217@example.com,3005955645
218,Customer218,User218,Male,1974-02-09,2024-03-13,5,Third-party Delivery,Pasta,customer218@example.com,3007051545
219,Customer219,User219,Male,1975-01-10,2024-08-12,9,Dine-in,Biryani,customer219@example.com,3002464604
220,Customer220,User220,Male,1997-08-18,2024-09-17,14,Dine-in,Burgers,customer220@example.com,3002503554
221,Customer221,User221,Female,1975-10-20,2024-06-28,13,Dine-in,BBQ,customer221@example.com,3007942580
222,Customer222,User222,Female,1975-12-18,2024-04-19,17,Takeaway,Sandwiches,customer222@example.com,3003843767
223,Customer223,User223,Male,1987-05-09,2024-08-05,3,Takeaway,Sandwiches,customer223@example.com,3005629871
224,Customer224,User224,Female,1989-08-26,2024-02-12,9,Takeaway,Desserts,customer224@example.com,3004280754
225,Customer225,User225,Female,1976-03-10,2024-01-13,11,Third-party Delivery,Pasta,customer225@example.com,3008385715
226,Customer226,User226,Female,1997-11-20,2024-03-10,11,Takeaway,Desserts,customer226@example.com,3006271120
227,Customer227,User227,Male,1995-06-10,2024-12-23,16,Takeaway,Pasta,customer227@example.com,3007309161
228,Customer228,User228,Female,1995-06-04,2024-10-07,19,Takeaway,Beverages,customer228@example.com,3001451577
229,Customer229,User229,Other,1999-12-07,2024-08-26,10,Dine-in,Sandwiches,customer229@example.com,3009376917
230,Customer230,User230,Male,1989-04-09,2024-11-05,14,Third-party Delivery,Pizza,customer230@example.com,3008534089
231,Customer231,User231,Other,2000-10-13,2024-09-17,14,Dine-in,Pasta,customer231@example.com,3002425760
232,Customer232,User232,Male,1985-11-22,2024-06-06,20,Dine-in,Salads,customer232@example.com,3007704473
233,Customer233,User233,Female,1997-02-01,2024-02-09,8,Takeaway,Desserts,customer233@example.com,3007276684
234,Customer234,User234,Female,1999-11-19,2024-12-17,5,Website/App,Burgers,customer234@example.com,3009099554
235,Customer235,User235,Male,1988-07-03,2024-02-27,5,Website/App,BBQ,customer235@example.com,3006755703
236,Customer236,User236,Female,1983-09-16,2024-06-16,4,Third-party Delivery,Desserts,customer236@example.com,3006350413
237,Customer237,User237,Male,1989-01-26,2024-12-04,1,Website/App,Pizza,customer237@example.com,3003757404
238,Customer238,User238,Other,1985-09-06,2024-09-06,11,Third-party Delivery,Desserts,customer238@example.com,3004889890
239,Customer239,User239,Female,1981-03-21,2024-11-14,13,Dine-in,Salads,customer239@example.com,3004310554
240,Customer240,User240,Female,1997-07-01,2024-12-07,7,Website/App,Pizza,customer240@example.com,3002707116
241,Customer241,User241,Other,1981-06-11,2024-04-15,4,Website/App,Desserts,customer241@example.com,3009853588
242,Customer242,User242,Other,1990-10-13,2024-10-13,19,Dine-in,Pasta,customer242@example.com,3006905327
243,Customer243,User243,Female,1981-11-23,2024-05-20,19,Dine-in,Biryani,customer243@example.com,3006254384
244,Customer244,User244,Male,1985-05-04,2024-03-12,5,Third-party Delivery,Sandwiches,customer244@example.com,3003313029
245,Customer245,User245,Other,1994-07-06,2024-08-21,18,Takeaway,Beverages,customer245@example.com,3003799538
246,Customer246,User246,Female,1988-03-06,2024-06-27,15,Dine-in,Pasta,customer246@example.com,3001160783
247,Customer247,User247,Female,1978-04-27,2024-07-18,17,Third-party Delivery,Sandwiches,customer247@example.com,3009249791
248,Customer248,User248,Female,1998-08-06,2024-02-19,1,Takeaway,BBQ,customer248@example.com,3001548532
249,Customer249,User249,Female,1984-09-10,2024-03-25,15,Third-party Delivery,Beverages,customer249@example.com,3009569902
250,Customer250,User250,Male,1977-05-25,2024-09-27,12,Dine-in,Desserts,customer250@example.com,3004666525
251,Customer251,User251,Female,1976-12-27,2024-11-25,8,Website/App,Burgers,customer251@example.com,3008545256
252,Customer252,User252,Female,1992-02-15,2024-02-25,8,Takeaway,Salads,customer252@example.com,3006882609
253,Customer253,User253,Other,1997-03-20,2024-03-26,7,Takeaway,Burgers,customer253@example.com,3006885707
254,Customer254,User254,Other,1987-10-18,2024-03-11,10,Website/App,Salads,customer254@example.com,3005485272
255,Customer255,User255,Other,1976-03-25,2024-07-02,9,Takeaway,Biryani,customer255@example.com,3005188889
256,Customer256,User256,Male,1990-04-25,2024-11-13,16,Takeaway,Salads,customer256@example.com,3005508325
257,Customer257,User257,Other,1996-07-15,2024-02-21,3,Third-party Delivery,Beverages,customer257@example.com,3005667852
258,Customer258,User258,Other,1993-08-16,2024-06-19,1,Dine-in,Desserts,customer258@example.com,3007009980
259,Customer259,User259,Male,2004-07-07,2024-07-27,7,Third-party Delivery,BBQ,customer259@example.com,3006416778
260,Customer260,User260,Female,1991-09-19,2024-03-19,16,Website/App,Burgers,customer260@example.com,3001770794
261,Customer261,User261,Male,1999-01-04,2024-03-15,15,Dine-in,Sandwiches,customer261@example.com,3004394336
262,Customer262,User262,Other,1978-11-10,2024-03-28,9,Dine-in,Pasta,customer262@example.com,3005200835
263,Customer263,User263,Male,1993-11-21,2024-03-02,13,Website/App,Rice,customer263@example.com,3008201300
264,Customer264,User264,Other,1975-12-04,2024-01-07,16,Dine-in,Biryani,customer264@example.com,3004794852
265,Customer265,User265,Other,1998-01-01,2024-12-11,4,Third-party Delivery,Biryani,customer265@example.com,3009014480
266,Customer266,User266,Male,1984-07-03,2024-12-26,4,Dine-in,Pasta,customer266@example.com,3007166661
267,Customer267,User267,Female,1978-07-25,2024-03-21,5,Dine-in,Beverages,customer267@example.com,3001142182
268,Customer268,User268,Other,1980-08-12,2024-12-07,5,Third-party Delivery,Salads,customer268@example.com,3008421969
269,Customer269,User269,Male,1975-02-05,2024-02-19,13,Website/App,Sandwiches,customer269@example.com,3006276495
270,Customer270,User270,Male,1985-05-21,2024-02-08,18,Website/App,Burgers,customer270@example.com,3006060836
271,Customer271,User271,Male,2003-10-17,2024-04-24,13,Website/App,Burgers,customer271@example.com,3005015476
272,Customer272,User272,Female,1994-02-08,2024-08-21,20,Dine-in,Beverages,customer272@example.com,3001202450
273,Customer273,User273,Female,1990-03-13,2024-10-14,12,Takeaway,Desserts,customer273@example.com,3002224599
274,Customer274,User274,Male,1974-01-09,2024-04-02,2,Third-party Delivery,Beverages,customer274@example.com,3005806467
275,Customer275,User275,Other,2002-07-14,2024-12-13,3,Takeaway,BBQ,customer275@example.com,3002402526
276,Customer276,User276,Female,1975-09-07,2024-03-18,11,Third-party Delivery,Salads,customer276@example.com,3002109227
277,Customer277,User277,Female,1997-12-28,2024-04-02,8,Dine-in,Sandwiches,customer277@example.com,3002945931
278,Customer278,User278,Female,1973-05-22,2024-12-22,6,Dine-in,Burgers,customer278@example.com,3003302031
279,Customer279,User279,Other,1970-03-16,2024-06-17,17,Website/App,Biryani,customer279@example.com,3007238933
280,Customer280,User280,Male,1987-12-04,2024-01-11,14,Website/App,Beverages,customer280@example.com,3002071594
281,Customer281,User281,Female,1974-08-15,2024-09-12,2,Third-party Delivery,Salads,customer281@example.com,3003799805
282,Customer282,User282,Female,1980-05-25,2024-02-19,4,Takeaway,Beverages,customer282@example.com,3001043092
283,Customer283,User283,Male,1970-04-02,2024-08-12,13,Takeaway,Biryani,customer283@example.com,3001593302
284,Customer284,User284,Other,1996-04-11,2024-04-14,11,Website/App,Pizza,customer284@example.com,3007254683
285,Customer285,User285,Male,2002-11-02,2024-03-08,17,Dine-in,Sandwiches,customer285@example.com,3002156393
286,Customer286,User286,Female,1988-05-11,2024-02-18,15,Dine-in,Pasta,customer286@example.com,3004366703
287,Customer287,User287,Female,1989-12-20,2024-04-15,12,Third-party Delivery,Rice,customer287@example.com,3005112546
288,Customer288,User288,Male,1970-07-01,2024-04-18,12,Dine-in,Pasta,customer288@example.com,3001024528
289,Customer289,User289,Other,1994-12-24,2024-05-04,7,Takeaway,Sandwiches,customer289@example.com,3009254874
290,Customer290,User290,Male,1979-12-09,2024-02-02,8,Third-party Delivery,Pasta,customer290@example.com,3008691649
291,Customer291,User291,Other,1975-10-04,2024-09-05,13,Dine-in,Salads,customer291@example.com,3002044933
292,Customer292,User292,Female,1978-04-10,2024-05-28,11,Third-party Delivery,Pasta,customer292@example.com,3006336123
293,Customer293,User293,Female,1987-04-03,2024-04-05,19,Dine-in,Biryani,customer293@example.com,3002772642
294,Customer294,User294,Male,1998-08-11,2024-07-04,18,Website/App,Rice,customer294@example.com,3008581910
295,Customer295,User295,Female,1999-05-28,2024-02-03,6,Website/App,Salads,customer295@example.com,3001676621
296,Customer296,User296,Male,1990-03-03,2024-12-08,12,Third-party Delivery,Beverages,customer296@example.com,3001821255
297,Customer297,User297,Other,1989-05-27,2024-03-01,13,Third-party Delivery,Beverages,customer297@example.com,3005191831
298,Customer298,User298,Male,1999-02-26,2024-03-04,1,Dine-in,Rice,customer298@example.com,3003193037
299,Customer299,User299,Male,1995-06-22,2024-11-21,3,Website/App,Pizza,customer299@example.com,3001365746
300,Customer300,User300,Male,1982-11-15,2024-03-03,11,Dine-in,Burgers,customer300@example.com,3008734211
301,Customer301,User301,Male,1980-10-14,2024-12-13,16,Dine-in,Sandwiches,customer301@example.com,3008158234
302,Customer302,User302,Male,1992-04-06,2024-05-09,15,Takeaway,Burgers,customer302@example.com,3005123584
303,Customer303,User303,Other,1988-08-14,2024-09-16,2,Dine-in,BBQ,customer303@example.com,3007425930
304,Customer304,User304,Male,1996-04-21,2024-09-08,18,Dine-in,Sandwiches,customer304@example.com,3007024901
305,Customer305,User305,Female,2004-08-12,2024-10-17,11,Third-party Delivery,BBQ,customer305@example.com,3004016809
306,Customer306,User306,Male,1990-10-08,2024-01-26,9,Dine-in,Desserts,customer306@example.com,3009882399
307,Customer307,User307,Female,1984-03-04,2024-04-22,8,Website/App,Beverages,customer307@example.com,3001937991
308,Customer308,User308,Male,1994-06-27,2024-03-06,8,Website/App,Pasta,customer308@example.com,3001473227
309,Customer309,User309,Other,1992-10-19,2024-03-19,7,Third-party Delivery,Beverages,customer309@example.com,3006185050
310,Customer310,User310,Male,2001-01-03,2024-01-08,20,Takeaway,Burgers,customer310@example.com,3009832340
311,Customer311,User311,Female,1970-06-20,2024-04-26,5,Website/App,Biryani,customer311@example.com,3006428919
312,Customer312,User312,Male,1971-03-19,2024-12-05,4,Website/App,Pizza,customer312@example.com,3007267813
313,Customer313,User313,Other,1995-10-04,2024-06-10,11,Takeaway,Biryani,customer313@example.com,3008329435
314,Customer314,User314,Other,2001-11-11,2024-03-23,18,Website/App,Rice,customer314@example.com,3003941912
315,Customer315,User315,Female,1989-12-23,2024-05-05,6,Dine-in,Salads,customer315@example.com,3007569981
316,Customer316,User316,Other,1972-03-20,2024-06-26,20,Takeaway,Salads,customer316@example.com,3002746679
317,Customer317,User317,Female,1979-06-24,2024-02-08,12,Website/App,Biryani,customer317@example.com,3002488575
318,Customer318,User318,Other,1991-08-01,2024-05-07,8,Dine-in,Pasta,customer318@example.com,3005306005
319,Customer319,User319,Male,1970-01-13,2024-08-24,14,Takeaway,Sandwiches,customer319@example.com,3009272543
320,Customer320,User320,Female,1992-09-13,2024-02-27,16,Takeaway,Biryani,customer320@example.com,3008571346
321,Customer321,User321,Male,1972-05-01,2024-06-09,4,Dine-in,Pasta,customer321@example.com,3003853891
322,Customer322,User322,Female,1980-12-03,2024-09-03,11,Third-party Delivery,Burgers,customer322@example.com,3008236404
323,Customer323,User323,Other,1980-10-14,2024-03-02,4,Website/App,Rice,customer323@example.com,3004187406
324,Customer324,User324,Female,2004-05-22,2024-05-10,8,Dine-in,Burgers,customer324@example.com,3007591805
325,Customer325,User325,Other,2001-03-02,2024-06-01,14,Dine-in,BBQ,customer325@example.com,3009058573
326,Customer326,User326,Male,1976-01-07,2024-03-21,10,Dine-in,Desserts,customer326@example.com,3002937918
327,Customer327,User327,Female,1995-08-16,2024-11-09,3,Third-party Delivery,Biryani,customer327@example.com,3007224691
328,Customer328,User328,Female,1993-03-15,2024-01-09,15,Third-party Delivery,BBQ,customer328@example.com,3004795715
329,Customer329,User329,Female,1973-03-25,2024-12-22,4,Dine-in,Pasta,customer329@example.com,3007945543
330,Customer330,User330,Other,1984-09-02,2024-07-27,17,Third-party Delivery,Beverages,customer330@example.com,3008966231
331,Customer331,User331,Other,1985-08-10,2024-02-13,2,Takeaway,Pizza,customer331@example.com,3008533636
332,Customer332,User332,Male,1980-04-26,2024-04-05,2,Third-party Delivery,Pizza,customer332@example.com,3008304686
333,Customer333,User333,Male,1979-10-09,2024-06-24,3,Dine-in,Sandwiches,customer333@example.com,3007666510
334,Customer334,User334,Other,1990-05-17,2024-08-28,1,Third-party Delivery,Pizza,customer334@example.com,3007953189
335,Customer335,User335,Male,1979-10-19,2024-10-25,4,Dine-in,Salads,customer335@example.com,3002694338
336,Customer336,User336,Female,2004-06-14,2024-05-13,16,Third-party Delivery,Burgers,customer336@example.com,3003889032
337,Customer337,User337,Female,1995-03-20,2024-10-22,13,Dine-in,Sandwiches,customer337@example.com,3006561547
338,Customer338,User338,Other,1985-01-24,2024-08-09,12,Dine-in,Pasta,customer338@example.com,3006084418
339,Customer339,User339,Female,1987-08-28,2024-12-22,4,Takeaway,Biryani,customer339@example.com,3006041225
340,Customer340,User340,Other,1998-06-09,2024-12-14,20,Dine-in,Rice,customer340@example.com,3008410774
341,Customer341,User341,Male,1996-12-16,2024-09-28,12,Dine-in,Beverages,customer341@example.com,3003667115
342,Customer342,User342,Male,1989-12-17,2024-07-05,17,Dine-in,Biryani,,3004234033
343,Customer343,User343,Male,1973-04-02,2024-08-02,12,Takeaway,BBQ,customer343@example.com,3007179919
344,Customer344,User344,Female,2002-07-21,2024-02-22,1,Takeaway,Pasta,customer344@example.com,3009200480
345,Customer345,User345,Other,1998-03-28,2024-08-19,18,Website/App,Pasta,customer345@example.com,3003743303
346,Customer346,User346,Female,1975-05-01,2024-07-02,6,Takeaway,Rice,customer346@example.com,3004776753
347,Customer347,User347,Other,1983-05-21,2024-07-17,1,Dine-in,Desserts,customer347@example.com,3003219862
348,Customer348,User348,Other,1981-10-26,2024-01-08,9,Website/App,BBQ,customer348@example.com,3008110298
349,Customer349,User349,Female,1992-08-09,2024-04-15,10,Third-party Delivery,Salads,customer349@example.com,3002716512
350,Customer350,User350,Male,2002-11-27,2024-06-18,20,Website/App,BBQ,customer350@example.com,3002813693
351,Customer351,User351,Female,1974-06-09,2024-11-11,9,Website/App,BBQ,customer351@example.com,3004160157
352,Customer352,User352,Male,2003-04-02,2024-10-13,11,Takeaway,Burgers,customer352@example.com,3009344531
353,Customer353,User353,Female,1986-07-13,2024-07-24,2,Takeaway,Pasta,customer353@example.com,3004730635
354,Customer354,User354,Other,2004-11-26,2024-08-22,12,Website/App,Biryani,customer354@example.com,3004038955
355,Customer355,User355,Female,1976-08-05,2024-12-09,18,Takeaway,Pasta,customer355@example.com,3002498202
356,Customer356,User356,Male,1992-04-24,2024-05-14,11,Website/App,BBQ,customer356@example.com,3005933359
357,Customer357,User357,Female,1977-08-02,2024-11-19,19,Dine-in,Desserts,customer357@example.com,3004263903
358,Customer358,User358,Other,1977-11-13,2024-09-10,14,Dine-in,Biryani,customer358@example.com,3003304606
359,Customer359,User359,Male,1991-07-19,2024-08-05,11,Takeaway,Pizza,customer359@example.com,3009180249
360,Customer360,User360,Female,1981-06-21,2024-01-01,15,Website/App,Rice,customer360@example.com,3003828735
361,Customer361,User361,Other,1980-08-26,2024-02-05,20,Third-party Delivery,Sandwiches,customer361@example.com,3007767819
362,Customer362,User362,Female,2000-07-01,2024-01-18,7,Website/App,Burgers,customer362@example.com,3006405839
363,Customer363,User363,Other,1982-01-22,2024-01-21,8,Takeaway,Pasta,customer363@example.com,3006236039
364,Customer364,User364,Male,1976-07-17,2024-10-10,6,Dine-in,Burgers,customer364@example.com,3006003003
365,Customer365,User365,Female,1999-12-17,2024-10-17,11,Third-party Delivery,Biryani,customer365@example.com,3006750102
366,Customer366,User366,Female,1992-04-06,2024-07-01,8,Takeaway,Biryani,customer366@example.com,3004543184
367,Customer367,User367,Other,1971-10-17,2024-03-04,12,Dine-in,Sandwiches,,3005291430
368,Customer368,User368,Other,1973-10-02,2024-11-04,1,Dine-in,Pizza,customer368@example.com,3007992333
369,Customer369,User369,Female,1994-02-18,2024-05-16,5,Takeaway,Burgers,customer369@example.com,3006051895
370,Customer370,User370,Female,1976-11-17,2024-05-20,20,Takeaway,Sandwiches,customer370@example.com,3002760168
371,Customer371,User371,Other,1977-05-04,2024-02-16,7,Takeaway,BBQ,customer371@example.com,3009776935
372,Customer372,User372,Male,1992-12-14,2024-05-06,2,Third-party Delivery,Rice,customer372@example.com,3009064202
373,Customer373,User373,Female,1985-01-01,2024-11-03,4,Third-party Delivery,Biryani,customer373@example.com,3002511336
374,Customer374,User374,Other,1974-12-24,2024-02-09,8,Third-party Delivery,BBQ,customer374@example.com,3005431282
375,Customer375,User375,Female,1973-02-27,2024-03-28,2,Website/App,Pasta,customer375@example.com,3006246354
376,Customer376,User376,Female,1977-02-28,2024-01-01,5,Takeaway,Pasta,customer376@example.com,3006998314
377,Customer377,User377,Female,1987-12-03,2024-06-27,11,Takeaway,Pizza,customer377@example.com,3007723930
378,Customer378,User378,Female,1999-05-27,2024-07-23,16,Third-party Delivery,Biryani,customer378@example.com,3002896774
379,Customer379,User379,Male,1973-03-04,2024-07-19,16,Third-party Delivery,Biryani,customer379@example.com,3007371160
380,Customer380,User380,Female,1971-11-27,2024-12-05,16,Third-party Delivery,Pizza,customer380@example.com,3007900204
381,Customer381,User381,Female,1972-02-09,2024-11-11,1,Takeaway,Pasta,customer381@example.com,3009709047
382,Customer382,User382,Other,1976-07-22,2024-12-08,16,Website/App,Sandwiches,customer382@example.com,3003494007
383,Customer383,User383,Other,1973-01-21,2024-03-17,16,Third-party Delivery,Biryani,customer383@example.com,3002256030
384,Customer384,User384,Female,1990-04-11,2024-05-02,17,Takeaway,Beverages,customer384@example.com,3007352484
385,Customer385,User385,Female,1985-02-15,2024-08-26,19,Third-party Delivery,Pizza,customer385@example.com,3009362706
386,Customer386,User386,Female,1990-02-16,2024-12-21,1,Dine-in,Sandwiches,customer386@example.com,3007917892
387,Customer387,User387,Male,1970-02-26,2024-10-20,10,Takeaway,Desserts,customer387@example.com,3006718584
388,Customer388,User388,Female,1973-04-28,2024-08-11,18,Third-party Delivery,Pasta,customer388@example.com,3008592234
389,Customer389,User389,Male,1976-11-08,2024-01-11,12,Website/App,Beverages,customer389@example.com,3009757456
390,Customer390,User390,Female,1976-01-06,2024-08-05,14,Dine-in,BBQ,customer390@example.com,3004287016
391,Customer391,User391,Male,1977-07-07,2024-08-27,7,Website/App,Pizza,customer391@example.com,3007953658
392,Customer392,User392,Male,1977-08-15,2024-11-19,17,Takeaway,Desserts,customer392@example.com,3001072773
393,Customer393,User393,Other,1973-09-14,2024-10-16,17,Takeaway,Salads,customer393@example.com,3003913368
394,Customer394,User394,Other,1978-02-13,2024-11-20,20,Website/App,Beverages,customer394@example.com,3007453568
395,Customer395,User395,Female,1985-05-13,2024-06-10,15,Takeaway,Biryani,customer395@example.com,3007924719
396,Customer396,User396,Other,2002-05-27,2024-12-18,11,Takeaway,Rice,customer396@example.com,3004518395
397,Customer397,User397,Other,1988-11-12,2024-11-05,6,Website/App,Pizza,customer397@example.com,3006909569
398,Customer398,User398,Other,2000-10-19,2024-11-23,14,Website/App,Sandwiches,customer398@example.com,3001214253
399,Customer399,User399,Other,1976-01-13,2024-03-02,2,Takeaway,BBQ,customer399@example.com,3003700047
400,Customer400,User400,Female,1986-03-27,2024-01-23,10,Takeaway,Beverages,customer400@example.com,3001542011
401,Customer401,User401,Female,1998-02-20,2024-11-24,18,Takeaway,Beverages,customer401@example.com,3007524435
402,Customer402,User402,Male,2002-12-10,2024-12-22,2,Third-party Delivery,Sandwiches,customer402@example.com,3007988821
403,Customer403,User403,Other,1990-09-02,2024-01-24,9,Takeaway,Salads,customer403@example.com,3008433377
404,Customer404,User404,Male,1993-10-18,2024-12-20,7,Takeaway,BBQ,customer404@example.com,3008529864
405,Customer405,User405,Male,1974-03-06,2024-12-17,4,Third-party Delivery,Burgers,customer405@example.com,3008189168
406,Customer406,User406,Female,1986-03-06,2024-10-28,9,Dine-in,Pasta,customer406@example.com,3008823741
407,Customer407,User407,Other,1979-01-05,2024-06-20,2,Website/App,Desserts,,3007007679
408,Customer408,User408,Male,1990-09-08,2024-03-17,3,Takeaway,Sandwiches,customer408@example.com,3007768215
409,Customer409,User409,Male,1992-04-07,2024-11-11,11,Website/App,BBQ,customer409@example.com,3004664903
410,Customer410,User410,Other,2003-08-18,2024-11-01,4,Website/App,Desserts,customer410@example.com,3005032368
411,Customer411,User411,Other,1985-01-22,2024-06-13,4,Third-party Delivery,BBQ,customer411@example.com,3005745083
412,Customer412,User412,Male,2003-06-17,2024-09-15,16,Dine-in,BBQ,customer412@example.com,3004229821
413,Customer413,User413,Female,2002-02-04,2024-03-25,18,Dine-in,Pizza,customer413@example.com,3004536326
414,Customer414,User414,Other,1983-11-14,2024-02-07,18,Third-party Delivery,Pizza,customer414@example.com,3003579573
415,Customer415,User415,Male,1999-12-11,2024-01-03,3,Dine-in,Biryani,customer415@example.com,3005226314
416,Customer416,User416,Other,1974-10-27,2024-04-09,14,Third-party Delivery,Desserts,customer416@example.com,3007785511
417,Customer417,User417,Female,1990-01-13,2024-11-04,18,Dine-in,Salads,customer417@example.com,3002060950
418,Customer418,User418,Other,1972-12-28,2024-02-12,17,Dine-in,BBQ,customer418@example.com,3006055825
419,Customer419,User419,Other,1975-05-25,2024-08-13,13,Dine-in,Desserts,customer419@example.com,3003622672
420,Customer420,User420,Other,1984-03-24,2024-07-26,18,Website/App,Biryani,customer420@example.com,3006000558
421,Customer421,User421,Other,1993-01-18,2024-09-05,4,Dine-in,Burgers,customer421@example.com,3007611593
422,Customer422,User422,Other,1975-05-07,2024-12-24,12,Takeaway,Sandwiches,customer422@example.com,3009599207
423,Customer423,User423,Male,1980-03-08,2024-10-27,9,Takeaway,Pizza,customer423@example.com,3004042682
424,Customer424,User424,Other,1973-09-15,2024-11-18,3,Website/App,Pizza,customer424@example.com,3005205840
425,Customer425,User425,Male,1982-12-19,2024-08-11,12,Takeaway,Rice,customer425@example.com,3002678477
426,Customer426,User426,Female,1974-04-11,2024-08-15,11,Website/App,Salads,customer426@example.com,3003556763
427,Customer427,User427,Other,1993-06-14,2024-03-01,11,Takeaway,Rice,,3008316947
428,Customer428,User428,Female,1993-03-22,2024-12-11,16,Third-party Delivery,Desserts,customer428@example.com,3007018685
429,Customer429,User429,Female,2001-09-04,2024-03-21,20,Dine-in,BBQ,customer429@example.com,3003348838
430,Customer430,User430,Other,1982-05-24,2024-11-03,3,Dine-in,Beverages,customer430@example.com,3001523352
431,Customer431,User431,Other,1995-10-07,2024-01-18,9,Third-party Delivery,Biryani,customer431@example.com,3007137418
432,Customer432,User432,Female,1984-10-24,2024-05-05,15,Dine-in,Sandwiches,customer432@example.com,3007104651
433,Customer433,User433,Other,1970-11-08,2024-10-22,6,Takeaway,Desserts,customer433@example.com,3003671308
434,Customer434,User434,Male,1979-12-24,2024-08-12,2,Takeaway,Desserts,customer434@example.com,3004888118
435,Customer435,User435,Male,1986-06-08,2024-01-22,7,Website/App,Sandwiches,customer435@example.com,3008879825
436,Customer436,User436,Female,1972-01-21,2024-06-04,17,Website/App,BBQ,customer436@example.com,3003916715
437,Customer437,User437,Female,1994-06-19,2024-11-27,3,Website/App,Sandwiches,customer437@example.com,3004739628
438,Customer438,User438,Other,1995-06-27,2024-06-16,16,Dine-in,Beverages,customer438@example.com,3003331501
439,Customer439,User439,Female,1980-04-03,2024-09-21,9,Takeaway,Biryani,customer439@example.com,3004135756
440,Customer440,User440,Male,1993-10-23,2024-02-22,8,Third-party Delivery,Pasta,customer440@example.com,3002901507
441,Customer441,User441,Female,2000-08-07,2024-10-06,14,Dine-in,Rice,customer441@example.com,3001723841
442,Customer442,User442,Male,1980-03-21,2024-09-02,19,Takeaway,Burgers,customer442@example.com,3003790745
443,Customer443,User443,Female,1981-09-13,2024-10-19,1,Website/App,Pizza,customer443@example.com,3004633834
444,Customer444,User444,Female,2000-08-06,2024-04-27,14,Takeaway,Salads,customer444@example.com,3004051509
445,Customer445,User445,Other,2002-05-06,2024-12-22,11,Third-party Delivery,Salads,customer445@example.com,3002154992
446,Customer446,User446,Male,1994-07-05,2024-02-01,7,Third-party Delivery,Biryani,customer446@example.com,3002615622
447,Customer447,User447,Male,2000-10-20,2024-01-26,18,Dine-in,Pizza,customer447@example.com,3009090660
448,Customer448,User448,Other,1978-10-18,2024-01-25,14,Third-party Delivery,Pasta,customer448@example.com,3001728773
449,Customer449,User449,Other,2003-07-08,2024-08-26,13,Website/App,Salads,customer449@example.com,3002639417
450,Customer450,User450,Female,1978-05-16,2024-04-28,3,Website/App,Salads,customer450@example.com,3007855954
451,Customer451,User451,Female,1982-01-23,2024-12-26,1,Dine-in,Beverages,customer451@example.com,3001120696
452,Customer452,User452,Female,1983-12-26,2024-06-14,12,Dine-in,Biryani,customer452@example.com,3008148295
453,Customer453,User453,Other,1986-05-28,2024-09-14,19,Website/App,Salads,customer453@example.com,3005623138
454,Customer454,User454,Other,1995-04-14,2024-09-26,18,Third-party Delivery,Biryani,customer454@example.com,3007211142
455,Customer455,User455,Other,2000-05-10,2024-10-12,13,Takeaway,Pizza,customer455@example.com,3004854922
456,Customer456,User456,Female,1980-02-07,2024-09-13,11,Dine-in,Biryani,customer456@example.com,3007528076
457,Customer457,User457,Other,1970-02-27,2024-03-16,20,Third-party Delivery,Pizza,customer457@example.com,3002075091
458,Customer458,User458,Female,1984-06-03,2024-10-02,13,Third-party Delivery,Salads,customer458@example.com,3009741022
459,Customer459,User459,Female,1973-03-21,2024-08-15,1,Takeaway,Beverages,customer459@example.com,3005798393
460,Customer460,User460,Male,1972-10-17,2024-09-23,8,Takeaway,Burgers,customer460@example.com,3007035435
461,Customer461,User461,Male,1970-03-03,2024-05-25,13,Website/App,Sandwiches,customer461@example.com,3007802338
462,Customer462,User462,Other,1982-09-01,2024-12-23,3,Dine-in,Beverages,customer462@example.com,3005773013
463,Customer463,User463,Other,1992-06-27,2024-05-08,20,Takeaway,Desserts,customer463@example.com,3007777264
464,Customer464,User464,Other,1970-05-06,2024-07-17,4,Dine-in,Beverages,customer464@example.com,3005936726
465,Customer465,User465,Female,1977-09-09,2024-09-27,19,Website/App,Desserts,customer465@example.com,3007326357
466,Customer466,User466,Other,2000-04-25,2024-06-25,15,Third-party Delivery,Salads,customer466@example.com,3001458868
467,Customer467,User467,Female,1977-05-03,2024-07-21,8,Takeaway,Pasta,customer467@example.com,3007919359
468,Customer468,User468,Female,2003-09-01,2024-12-27,9,Takeaway,BBQ,customer468@example.com,3002560439
469,Customer469,User469,Female,1991-02-18,2024-03-16,11,Website/App,Rice,customer469@example.com,3005514342
470,Customer470,User470,Male,1982-08-24,2024-04-08,8,Website/App,Rice,customer470@example.com,3004845464
471,Customer471,User471,Male,1985-10-12,2024-03-25,4,Dine-in,Pizza,customer471@example.com,3009265544
472,Customer472,User472,Other,1970-09-02,2024-08-12,20,Website/App,Desserts,customer472@example.com,3005609255
473,Customer473,User473,Female,1981-09-09,2024-07-08,19,Takeaway,Burgers,customer473@example.com,3009820377
474,Customer474,User474,Female,2000-09-02,2024-09-12,13,Takeaway,Desserts,customer474@example.com,3003019442
475,Customer475,User475,Other,2003-08-11,2024-12-01,1,Takeaway,Sandwiches,customer475@example.com,3002690268
476,Customer476,User476,Female,1993-10-28,2024-05-06,18,Website/App,Rice,customer476@example.com,3005519920
477,Customer477,User477,Female,1991-06-06,2024-08-14,7,Third-party Delivery,Pasta,customer477@example.com,3007124992
478,Customer478,User478,Female,1987-08-06,2024-10-05,19,Takeaway,Pizza,customer478@example.com,3005528994
479,Customer479,User479,Male,1997-07-07,2024-03-26,5,Third-party Delivery,Burgers,customer479@example.com,3003962978
480,Customer480,User480,Female,2001-03-28,2024-11-17,18,Website/App,Desserts,customer480@example.com,3006033738
481,Customer481,User481,Female,1973-07-04,2024-12-06,2,Takeaway,BBQ,customer481@example.com,3008995004
482,Customer482,User482,Other,1976-08-24,2024-06-09,12,Website/App,Beverages,customer482@example.com,3005323737
483,Customer483,User483,Female,1971-07-04,2024-06-28,20,Takeaway,Salads,customer483@example.com,3003928275
484,Customer484,User484,Female,1992-06-22,2024-09-16,15,Dine-in,Sandwiches,customer484@example.com,3005807067
485,Customer485,User485,Female,1979-03-21,2024-06-14,20,Third-party Delivery,Pizza,customer485@example.com,3002327277
486,Customer486,User486,Male,1991-04-11,2024-06-21,10,Website/App,Salads,customer486@example.com,3007634639
487,Customer487,User487,Female,1998-06-24,2024-10-17,15,Third-party Delivery,Biryani,customer487@example.com,3004085098
488,Customer488,User488,Male,1978-12-08,2024-11-09,3,Takeaway,Biryani,customer488@example.com,3007661319
489,Customer489,User489,Male,1976-02-16,2024-09-02,1,Third-party Delivery,Beverages,customer489@example.com,3002396723
490,Customer490,User490,Male,1986-10-05,2024-02-21,13,Website/App,Rice,customer490@example.com,3005150624
491,Customer491,User491,Other,1988-08-21,2024-03-05,17,Takeaway,Burgers,customer491@example.com,3001589802
492,Customer492,User492,Other,1992-06-28,2024-08-15,18,Website/App,Beverages,,3008463259
493,Customer493,User493,Male,2004-03-19,2024-10-15,19,Third-party Delivery,Beverages,customer493@example.com,3009955411
494,Customer494,User494,Female,1992-08-18,2024-04-26,3,Third-party Delivery,BBQ,customer494@example.com,3007136825
495,Customer495,User495,Female,1986-03-10,2024-01-01,17,Takeaway,Pasta,customer495@example.com,3005811072
496,Customer496,User496,Female,2004-01-23,2024-08-25,16,Website/App,Burgers,customer496@example.com,3008221506
497,Customer497,User497,Female,1984-01-18,2024-06-07,14,Third-party Delivery,Sandwiches,customer497@example.com,3005192561
498,Customer498,User498,Male,1994-07-08,2024-05-03,14,Takeaway,Beverages,customer498@example.com,3005561139
499,Customer499,User499,Female,2004-05-14,2024-04-28,3,Takeaway,Biryani,customer499@example.com,3005858602
500,Customer500,User500,Male,1999-10-15,2024-05-23,20,Third-party Delivery,Rice,customer500@example.com,3006379509
501,Customer501,User501,Male,1979-01-18,2024-01-06,4,Website/App,BBQ,customer501@example.com,3003097809
502,Customer502,User502,Other,1998-12-01,2024-04-03,5,Dine-in,Desserts,customer502@example.com,3004643811
503,Customer503,User503,Female,1996-05-26,2024-08-12,15,Dine-in,Pasta,customer503@example.com,3002345920
504,Customer504,User504,Male,1973-05-25,2024-07-03,18,Third-party Delivery,Biryani,customer504@example.com,3004224451
505,Customer505,User505,Female,1994-01-04,2024-12-08,13,Third-party Delivery,Rice,customer505@example.com,3001562209
506,Customer506,User506,Male,1999-12-25,2024-02-17,7,Third-party Delivery,Sandwiches,customer506@example.com,3006236326
507,Customer507,User507,Female,1980-11-24,2024-01-24,18,Dine-in,BBQ,customer507@example.com,3009073692
508,Customer508,User508,Other,1989-04-12,2024-01-28,7,Dine-in,Rice,customer508@example.com,3008284023
509,Customer509,User509,Female,1970-03-26,2024-05-19,4,Third-party Delivery,Rice,customer509@example.com,3001149818
510,Customer510,User510,Male,2000-12-20,2024-03-12,3,Takeaway,Biryani,customer510@example.com,3009387252
511,Customer511,User511,Male,1991-11-02,2024-01-12,5,Dine-in,Biryani,customer511@example.com,3009184645
512,Customer512,User512,Male,1990-09-26,2024-11-25,12,Third-party Delivery,Rice,customer512@example.com,3001358241
513,Customer513,User513,Other,1994-06-24,2024-03-09,2,Third-party Delivery,Desserts,customer513@example.com,3005944490
514,Customer514,User514,Other,2001-04-19,2024-03-18,12,Website/App,Desserts,customer514@example.com,3005619177
515,Customer515,User515,Other,1980-02-17,2024-03-15,10,Website/App,Beverages,customer515@example.com,3007159129
516,Customer516,User516,Female,1970-11-17,2024-07-24,6,Dine-in,Salads,customer516@example.com,3007108168
517,Customer517,User517,Other,1985-06-24,2024-02-22,18,Third-party Delivery,Rice,customer517@example.com,3009792431
518,Customer518,User518,Other,2001-09-05,2024-10-10,11,Third-party Delivery,Pasta,customer518@example.com,3002853280
519,Customer519,User519,Male,2003-11-03,2024-01-27,5,Takeaway,Burgers,customer519@example.com,3004390323
520,Customer520,User520,Male,2001-04-04,2024-01-19,13,Third-party Delivery,Beverages,customer520@example.com,3005293936
521,Customer521,User521,Male,1993-04-20,2024-12-03,1,Takeaway,Desserts,customer521@example.com,3002341452
522,Customer522,User522,Female,1973-06-18,2024-12-14,12,Dine-in,Salads,customer522@example.com,3005459646
523,Customer523,User523,Other,1972-12-03,2024-05-03,7,Dine-in,Pizza,customer523@example.com,3004875838
524,Customer524,User524,Other,1994-04-07,2024-09-22,8,Takeaway,Beverages,customer524@example.com,3007965641
525,Customer525,User525,Other,1976-11-19,2024-06-22,15,Third-party Delivery,Pizza,customer525@example.com,3003798595
526,Customer526,User526,Male,1995-09-11,2024-11-06,18,Third-party Delivery,Pasta,customer526@example.com,3006287423
527,Customer527,User527,Other,1990-06-14,2024-11-14,11,Takeaway,Salads,customer527@example.com,3004589118
528,Customer528,User528,Female,1986-06-15,2024-08-13,1,Dine-in,BBQ,customer528@example.com,3001273509
529,Customer529,User529,Other,1978-05-01,2024-05-08,7,Website/App,Burgers,customer529@example.com,3005629792
530,Customer530,User530,Other,2002-09-19,2024-10-05,4,Dine-in,Desserts,customer530@example.com,3006966913
531,Customer531,User531,Male,1978-05-12,2024-10-08,8,Website/App,BBQ,customer531@example.com,3002541912
532,Customer532,User532,Other,1995-10-07,2024-12-03,11,Third-party Delivery,Biryani,customer532@example.com,3009191918
533,Customer533,User533,Other,1976-10-21,2024-05-02,19,Third-party Delivery,Pizza,customer533@example.com,3001938227
534,Customer534,User534,Female,1992-07-14,2024-02-28,8,Dine-in,Sandwiches,customer534@example.com,3001908116
535,Customer535,User535,Female,2003-01-11,2024-09-19,5,Website/App,Beverages,customer535@example.com,3004704361
536,Customer536,User536,Male,1973-11-24,2024-07-15,20,Dine-in,Rice,customer536@example.com,3008246678
537,Customer537,User537,Female,1995-03-05,2024-06-03,16,Dine-in,Beverages,,3007697318
538,Customer538,User538,Female,1975-07-17,2024-07-25,5,Takeaway,Desserts,customer538@example.com,3004323709
539,Customer539,User539,Female,1995-11-19,2024-04-18,20,Takeaway,Rice,customer539@example.com,3002201986
540,Customer540,User540,Female,1997-06-22,2024-10-03,4,Third-party Delivery,Sandwiches,customer540@example.com,3007128174
541,Customer541,User541,Female,1982-06-12,2024-10-21,1,Website/App,Biryani,customer541@example.com,3006867267
542,Customer542,User542,Other,1998-10-05,2024-08-02,8,Takeaway,Pasta,customer542@example.com,3003617098
543,Customer543,User543,Other,1975-02-24,2024-01-08,20,Takeaway,BBQ,customer543@example.com,3001230406
544,Customer544,User544,Female,1977-05-15,2024-08-01,11,Takeaway,Beverages,customer544@example.com,3004554677
545,Customer545,User545,Male,2004-09-25,2024-05-18,16,Takeaway,Burgers,customer545@example.com,3007318411
546,Customer546,User546,Other,2003-01-09,2024-03-02,10,Takeaway,Salads,customer546@example.com,3005551347
547,Customer547,User547,Male,1999-11-01,2024-02-13,9,Website/App,Pizza,customer547@example.com,3001320081
548,Customer548,User548,Female,1994-04-13,2024-09-23,4,Website/App,Desserts,customer548@example.com,3009918107
549,Customer549,User549,Male,1981-04-17,2024-08-18,1,Dine-in,Rice,customer549@example.com,3009882115
550,Customer550,User550,Female,1991-08-13,2024-12-06,1,Website/App,Pasta,customer550@example.com,3006962255
551,Customer551,User551,Other,1989-04-17,2024-05-26,2,Website/App,Sandwiches,customer551@example.com,3001494355
552,Customer552,User552,Other,1987-04-05,2024-06-13,5,Dine-in,Sandwiches,customer552@example.com,3009736195
553,Customer553,User553,Other,1984-07-08,2024-10-05,14,Website/App,Salads,customer553@example.com,3006524481
554,Customer554,User554,Female,2004-03-07,2024-11-05,19,Takeaway,Biryani,customer554@example.com,3006184132
555,Customer555,User555,Other,2003-03-14,2024-03-21,19,Takeaway,Pasta,customer555@example.com,3002137730
556,Customer556,User556,Other,2004-12-04,2024-03-11,5,Dine-in,Pasta,customer556@example.com,3007946441
557,Customer557,User557,Female,1989-08-24,2024-11-24,9,Takeaway,Rice,customer557@example.com,3002791327
558,Customer558,User558,Male,1981-01-25,2024-10-20,9,Takeaway,Salads,customer558@example.com,3004895376
559,Customer559,User559,Male,1971-06-03,2024-12-25,16,Takeaway,Beverages,customer559@example.com,3008864546
560,Customer560,User560,Other,1993-03-28,2024-07-16,16,Takeaway,Biryani,customer560@example.com,3004242361
561,Customer561,User561,Male,1972-07-25,2024-01-09,14,Takeaway,Rice,customer561@example.com,3004431982
562,Customer562,User562,Male,1981-08-28,2024-10-16,11,Third-party Delivery,Rice,customer562@example.com,3008173194
563,Customer563,User563,Female,1972-10-24,2024-07-24,11,Third-party Delivery,Salads,customer563@example.com,3009995261
564,Customer564,User564,Other,1972-09-04,2024-08-15,2,Takeaway,Beverages,customer564@example.com,3007637254
565,Customer565,User565,Other,1972-09-13,2024-09-25,2,Takeaway,BBQ,customer565@example.com,3008374490
566,Customer566,User566,Female,1989-05-15,2024-03-14,10,Dine-in,Beverages,customer566@example.com,3003386384
567,Customer567,User567,Female,1998-02-24,2024-09-04,6,Takeaway,Sandwiches,customer567@example.com,3007938373
568,Customer568,User568,Female,1998-01-06,2024-08-19,7,Third-party Delivery,Pizza,customer568@example.com,3005195684
569,Customer569,User569,Female,1980-12-24,2024-02-03,4,Third-party Delivery,Pasta,customer569@example.com,3002431206
570,Customer570,User570,Other,1994-12-26,2024-09-20,6,Third-party Delivery,Beverages,customer570@example.com,3007385526
571,Customer571,User571,Male,1980-06-19,2024-11-28,5,Takeaway,Biryani,customer571@example.com,3004000886
572,Customer572,User572,Other,1973-07-10,2024-05-24,15,Website/App,Biryani,customer572@example.com,3002972228
573,Customer573,User573,Male,1982-01-20,2024-05-01,15,Third-party Delivery,Desserts,customer573@example.com,3001096478
574,Customer574,User574,Other,2001-04-07,2024-10-22,16,Third-party Delivery,Sandwiches,customer574@example.com,3008413438
575,Customer575,User575,Male,1970-04-18,2024-05-20,18,Takeaway,Burgers,customer575@example.com,3004101100
576,Customer576,User576,Male,1973-11-12,2024-01-05,2,Website/App,Pasta,customer576@example.com,3002471406
577,Customer577,User577,Male,1976-07-06,2024-03-22,10,Takeaway,Desserts,customer577@example.com,3007042962
578,Customer578,User578,Male,1975-05-11,2024-06-13,3,Third-party Delivery,Beverages,customer578@example.com,3002089275
579,Customer579,User579,Female,2000-03-04,2024-12-28,9,Website/App,Beverages,customer579@example.com,3007941705
580,Customer580,User580,Other,1983-12-07,2024-10-02,4,Dine-in,Desserts,customer580@example.com,3005818203
581,Customer581,User581,Female,1990-05-17,2024-10-20,12,Takeaway,Salads,customer581@example.com,3009328158
582,Customer582,User582,Other,2001-08-26,2024-03-20,8,Website/App,Rice,customer582@example.com,3001026523
583,Customer583,User583,Male,1971-08-21,2024-02-24,7,Third-party Delivery,Sandwiches,customer583@example.com,3001763232
584,Customer584,User584,Female,1992-09-26,2024-11-07,1,Takeaway,BBQ,customer584@example.com,3005268417
585,Customer585,User585,Male,1989-05-17,2024-09-11,1,Dine-in,Pasta,customer585@example.com,3006727097
586,Customer586,User586,Female,1971-03-07,2024-06-27,11,Third-party Delivery,Desserts,customer586@example.com,3001596568
587,Customer587,User587,Other,1978-08-05,2024-11-15,18,Website/App,Desserts,customer587@example.com,3007944979
588,Customer588,User588,Other,1973-09-10,2024-10-24,11,Dine-in,Rice,customer588@example.com,3006565326
589,Customer589,User589,Female,1974-03-09,2024-01-11,13,Takeaway,Salads,customer589@example.com,3007535837
590,Customer590,User590,Male,1977-05-23,2024-06-23,2,Website/App,Sandwiches,customer590@example.com,3002456225
591,Customer591,User591,Female,1985-06-15,2024-05-07,17,Website/App,Biryani,customer591@example.com,3002882928
592,Customer592,User592,Female,1972-04-03,2024-08-17,1,Third-party Delivery,Beverages,customer592@example.com,3003584996
593,Customer593,User593,Male,1991-08-24,2024-09-10,11,Takeaway,Pizza,customer593@example.com,3009659503
594,Customer594,User594,Other,1978-04-24,2024-01-15,13,Dine-in,Burgers,customer594@example.com,3006217400
595,Customer595,User595,Male,1975-06-15,2024-01-04,17,Website/App,Burgers,customer595@example.com,3006236888
596,Customer596,User596,Other,1983-06-07,2024-04-10,9,Website/App,Desserts,customer596@example.com,3002973853
597,Customer597,User597,Female,1979-03-09,2024-02-01,20,Dine-in,Rice,customer597@example.com,3006877363
598,Customer598,User598,Other,1990-05-05,2024-12-26,10,Takeaway,Biryani,customer598@example.com,3002195257
599,Customer599,User599,Female,1991-09-15,2024-01-05,1,Third-party Delivery,Burgers,customer599@example.com,3002777158
600,Customer600,User600,Female,1973-02-14,2024-07-06,20,Third-party Delivery,Salads,customer600@example.com,3006966385
601,Customer601,User601,Female,1991-04-23,2024-11-26,18,Dine-in,Desserts,customer601@example.com,3003211157
602,Customer602,User602,Male,1999-02-15,2024-05-22,15,Third-party Delivery,Rice,customer602@example.com,3004754647
603,Customer603,User603,Male,1986-06-13,2024-03-23,11,Website/App,Desserts,customer603@example.com,3009179005
604,Customer604,User604,Male,1974-08-04,2024-06-16,15,Takeaway,BBQ,customer604@example.com,3006848796
605,Customer605,User605,Other,1978-09-04,2024-07-27,4,Website/App,Beverages,customer605@example.com,3002189907
606,Customer606,User606,Female,2004-08-13,2024-10-14,8,Takeaway,Beverages,customer606@example.com,3003667917
607,Customer607,User607,Female,1994-02-11,2024-04-27,19,Third-party Delivery,Sandwiches,customer607@example.com,3006741177
608,Customer608,User608,Other,1985-03-22,2024-11-03,19,Third-party Delivery,Pizza,customer608@example.com,3008766314
609,Customer609,User609,Female,1976-08-06,2024-05-13,3,Dine-in,Salads,customer609@example.com,3007357071
610,Customer610,User610,Female,2001-11-22,2024-01-03,7,Takeaway,Salads,customer610@example.com,3001003092
611,Customer611,User611,Male,1979-08-18,2024-05-13,20,Third-party Delivery,Rice,customer611@example.com,3004450430
612,Customer612,User612,Other,1990-05-19,2024-11-10,14,Website/App,Pizza,customer612@example.com,3001136218
613,Customer613,User613,Other,2002-07-28,2024-03-28,10,Dine-in,Pasta,customer613@example.com,3001891328
614,Customer614,User614,Male,1992-02-28,2024-05-28,1,Takeaway,Sandwiches,customer614@example.com,3007614724
615,Customer615,User615,Other,1990-12-13,2024-07-13,14,Takeaway,Biryani,customer615@example.com,3008967020
616,Customer616,User616,Male,1982-09-13,2024-06-27,14,Takeaway,BBQ,customer616@example.com,3003106365
617,Customer617,User617,Male,1970-02-21,2024-01-05,16,Third-party Delivery,Biryani,customer617@example.com,3002420416
618,Customer618,User618,Male,1996-08-26,2024-12-20,14,Takeaway,Desserts,customer618@example.com,3009546564
619,Customer619,User619,Female,1998-07-12,2024-04-06,14,Dine-in,Salads,customer619@example.com,3009357686
620,Customer620,User620,Other,1985-12-17,2024-05-14,18,Website/App,Burgers,customer620@example.com,3001635269
621,Customer621,User621,Other,2000-12-12,2024-02-19,16,Dine-in,Biryani,customer621@example.com,3009831661
622,Customer622,User622,Female,1999-09-03,2024-09-20,3,Takeaway,Desserts,customer622@example.com,3002309997
623,Customer623,User623,Other,2004-10-10,2024-10-02,11,Dine-in,Desserts,,3008617439
624,Customer624,User624,Other,2000-10-24,2024-06-14,12,Website/App,BBQ,customer624@example.com,3003810320
625,Customer625,User625,Male,1989-12-26,2024-10-09,2,Third-party Delivery,Salads,customer625@example.com,3003836678
626,Customer626,User626,Other,1973-11-10,2024-12-20,1,Website/App,Desserts,customer626@example.com,3002384290
627,Customer627,User627,Male,2002-02-28,2024-05-09,5,Website/App,BBQ,customer627@example.com,3005311001
628,Customer628,User628,Male,1977-10-06,2024-10-24,5,Third-party Delivery,Pasta,customer628@example.com,3003942713
629,Customer629,User629,Female,1985-08-06,2024-09-28,2,Website/App,Pizza,customer629@example.com,3003433874
630,Customer630,User630,Other,1979-08-25,2024-07-25,13,Takeaway,Desserts,customer630@example.com,3003806547
631,Customer631,User631,Male,1992-01-21,2024-05-25,4,Dine-in,Biryani,customer631@example.com,3008784878
632,Customer632,User632,Female,2000-05-16,2024-12-25,18,Takeaway,Sandwiches,customer632@example.com,3007544296
633,Customer633,User633,Female,1986-03-17,2024-07-01,10,Third-party Delivery,Sandwiches,customer633@example.com,3006296376
634,Customer634,User634,Other,1972-02-18,2024-11-12,14,Website/App,Pasta,customer634@example.com,3005535319
635,Customer635,User635,Female,1976-05-21,2024-10-13,15,Takeaway,Salads,customer635@example.com,3004270310
636,Customer636,User636,Other,1991-11-23,2024-03-11,18,Dine-in,Burgers,customer636@example.com,3002140044
637,Customer637,User637,Male,1996-02-17,2024-02-22,15,Website/App,Rice,customer637@example.com,3005752935
638,Customer638,User638,Female,1982-01-01,2024-10-03,2,Takeaway,Salads,customer638@example.com,3003043299
639,Customer639,User639,Other,1977-02-28,2024-10-05,13,Takeaway,Pizza,customer639@example.com,3004091420
640,Customer640,User640,Female,1988-08-22,2024-02-21,15,Website/App,Sandwiches,customer640@example.com,3006425820
641,Customer641,User641,Female,1980-02-09,2024-01-13,13,Website/App,Burgers,customer641@example.com,3005332524
642,Customer642,User642,Female,1981-08-03,2024-08-07,20,Third-party Delivery,Biryani,customer642@example.com,3009255351
643,Customer643,User643,Male,1979-09-25,2024-07-07,20,Dine-in,Desserts,customer643@example.com,3005345236
644,Customer644,User644,Male,1972-02-03,2024-10-24,9,Third-party Delivery,Burgers,customer644@example.com,3009350043
645,Customer645,User645,Male,1970-01-22,2024-07-09,5,Website/App,Sandwiches,customer645@example.com,3001062138
646,Customer646,User646,Other,2001-08-14,2024-07-28,3,Takeaway,Burgers,customer646@example.com,3007449562
647,Customer647,User647,Other,2000-02-19,2024-09-12,11,Website/App,Sandwiches,customer647@example.com,3001926012
648,Customer648,User648,Other,1975-06-18,2024-06-03,15,Website/App,Rice,customer648@example.com,3003963163
649,Customer649,User649,Other,1972-07-22,2024-04-10,13,Dine-in,Pasta,customer649@example.com,3009162175
650,Customer650,User650,Male,1998-12-07,2024-03-02,7,Dine-in,Salads,customer650@example.com,3005001116
651,Customer651,User651,Female,1994-02-26,2024-09-21,10,Third-party Delivery,Beverages,customer651@example.com,3008538125
652,Customer652,User652,Male,1972-06-02,2024-06-26,2,Third-party Delivery,Pizza,customer652@example.com,3004551370
653,Customer653,User653,Other,2003-08-22,2024-09-05,19,Takeaway,Pizza,customer653@example.com,3001618704
654,Customer654,User654,Other,1979-08-21,2024-01-16,20,Dine-in,Rice,customer654@example.com,3003190059
655,Customer655,User655,Male,1981-11-02,2024-05-27,4,Third-party Delivery,Salads,customer655@example.com,3003863692
656,Customer656,User656,Other,1974-02-04,2024-08-20,20,Takeaway,Pizza,customer656@example.com,3004399754
657,Customer657,User657,Female,1991-12-22,2024-07-11,4,Takeaway,Pasta,customer657@example.com,3004577436
658,Customer658,User658,Male,1981-06-03,2024-02-09,5,Third-party Delivery,Biryani,customer658@example.com,3007206350
659,Customer659,User659,Other,1980-08-08,2024-10-02,5,Dine-in,Salads,customer659@example.com,3007310431
660,Customer660,User660,Male,1971-08-03,2024-01-01,6,Dine-in,Salads,customer660@example.com,3005760225
661,Customer661,User661,Female,2000-12-05,2024-04-05,9,Third-party Delivery,Sandwiches,customer661@example.com,3005014011
662,Customer662,User662,Male,1972-10-06,2024-12-16,20,Dine-in,BBQ,customer662@example.com,3006836014
663,Customer663,User663,Female,1970-09-08,2024-04-04,17,Dine-in,Salads,customer663@example.com,3007071696
664,Customer664,User664,Other,2002-04-15,2024-11-22,7,Website/App,Burgers,customer664@example.com,3004250065
665,Customer665,User665,Male,1979-11-28,2024-08-16,6,Takeaway,Burgers,customer665@example.com,3001906432
666,Customer666,User666,Other,1993-05-07,2024-07-09,11,Third-party Delivery,Burgers,customer666@example.com,3002751895
667,Customer667,User667,Other,1973-09-06,2024-03-26,1,Third-party Delivery,Beverages,customer667@example.com,3002947249
668,Customer668,User668,Male,1985-12-15,2024-10-19,11,Third-party Delivery,Rice,customer668@example.com,3006464086
669,Customer669,User669,Male,1977-06-08,2024-02-08,14,Takeaway,Sandwiches,customer669@example.com,3004702106
670,Customer670,User670,Male,2000-10-16,2024-01-14,5,Takeaway,Salads,customer670@example.com,3008633480
671,Customer671,User671,Male,1994-06-05,2024-08-24,7,Website/App,BBQ,customer671@example.com,3004392535
672,Customer672,User672,Female,1978-01-23,2024-10-02,9,Takeaway,Pizza,customer672@example.com,3008810369
673,Customer673,User673,Female,1996-03-25,2024-06-08,10,Takeaway,Salads,customer673@example.com,3003851044
674,Customer674,User674,Other,1984-02-14,2024-09-16,7,Third-party Delivery,Desserts,customer674@example.com,3005683710
675,Customer675,User675,Male,1997-12-28,2024-04-08,11,Third-party Delivery,Salads,customer675@example.com,3004731363
676,Customer676,User676,Other,1979-10-01,2024-07-02,2,Third-party Delivery,Beverages,customer676@example.com,3001564059
677,Customer677,User677,Female,2003-07-16,2024-12-27,4,Third-party Delivery,Desserts,customer677@example.com,3005035113
678,Customer678,User678,Male,1970-12-24,2024-07-07,5,Website/App,BBQ,customer678@example.com,3005010801
679,Customer679,User679,Other,1975-01-16,2024-11-10,6,Third-party Delivery,Salads,customer679@example.com,3001409590
680,Customer680,User680,Female,1999-03-28,2024-12-13,6,Website/App,Desserts,customer680@example.com,3001022878
681,Customer681,User681,Other,1974-07-23,2024-06-17,2,Website/App,Sandwiches,customer681@example.com,3005526314
682,Customer682,User682,Other,2004-10-26,2024-04-26,3,Website/App,Burgers,customer682@example.com,3009635845
683,Customer683,User683,Other,1993-01-04,2024-07-12,15,Dine-in,Pasta,customer683@example.com,3007147725
684,Customer684,User684,Male,1974-09-23,2024-04-05,11,Takeaway,Beverages,customer684@example.com,3002905181
685,Customer685,User685,Other,2000-12-25,2024-10-28,7,Takeaway,Pasta,customer685@example.com,3006917519
686,Customer686,User686,Female,2002-11-14,2024-05-02,3,Website/App,Pasta,customer686@example.com,3008590191
687,Customer687,User687,Female,2002-09-27,2024-02-16,18,Website/App,Desserts,customer687@example.com,3007176462
688,Customer688,User688,Other,1974-04-15,2024-02-03,13,Takeaway,BBQ,customer688@example.com,3002290961
689,Customer689,User689,Male,1980-05-04,2024-12-05,16,Takeaway,Rice,customer689@example.com,3009735688
690,Customer690,User690,Other,1971-05-14,2024-11-18,5,Third-party Delivery,Pasta,customer690@example.com,3008048611
691,Customer691,User691,Female,1971-05-07,2024-02-01,8,Website/App,Sandwiches,customer691@example.com,3006751103
692,Customer692,User692,Other,1990-08-19,2024-11-23,17,Third-party Delivery,Desserts,customer692@example.com,3006101655
693,Customer693,User693,Other,1978-05-06,2024-05-08,16,Website/App,BBQ,customer693@example.com,3001793880
694,Customer694,User694,Male,1992-05-15,2024-03-20,6,Website/App,Biryani,customer694@example.com,3003942041
695,Customer695,User695,Other,1979-03-08,2024-02-02,11,Takeaway,Desserts,customer695@example.com,3005368907
696,Customer696,User696,Female,1981-04-18,2024-12-02,11,Website/App,Biryani,customer696@example.com,3007256474
697,Customer697,User697,Female,2004-03-18,2024-05-04,1,Third-party Delivery,Desserts,customer697@example.com,3003439136
698,Customer698,User698,Female,1990-03-01,2024-12-18,17,Website/App,BBQ,customer698@example.com,3008950901
699,Customer699,User699,Female,1979-10-24,2024-08-11,4,Third-party Delivery,Burgers,customer699@example.com,3003339134
700,Customer700,User700,Other,1977-05-01,2024-07-20,8,Third-party Delivery,Pasta,customer700@example.com,3002551575
701,Customer701,User701,Female,1973-10-21,2024-04-19,17,Takeaway,BBQ,customer701@example.com,3004283564
702,Customer702,User702,Male,1975-09-28,2024-08-22,3,Third-party Delivery,Rice,customer702@example.com,3009228643
703,Customer703,User703,Female,2002-01-22,2024-06-13,5,Third-party Delivery,Pasta,customer703@example.com,3007477894
704,Customer704,User704,Female,1970-05-12,2024-06-10,15,Dine-in,Rice,customer704@example.com,3008452780
705,Customer705,User705,Other,1996-08-10,2024-03-26,14,Third-party Delivery,Biryani,customer705@example.com,3002444148
706,Customer706,User706,Male,1983-05-16,2024-09-11,3,Third-party Delivery,Pizza,customer706@example.com,3001111046
707,Customer707,User707,Female,1987-07-06,2024-09-15,19,Takeaway,Rice,customer707@example.com,3004120669
708,Customer708,User708,Female,1988-09-16,2024-01-27,10,Website/App,Desserts,customer708@example.com,3008775431
709,Customer709,User709,Male,1971-01-05,2024-05-10,16,Dine-in,BBQ,customer709@example.com,3007998729
710,Customer710,User710,Male,2001-12-21,2024-04-01,4,Website/App,Desserts,customer710@example.com,3002119456
711,Customer711,User711,Other,1993-10-16,2024-10-14,9,Third-party Delivery,Pizza,customer711@example.com,3007261294
712,Customer712,User712,Other,1971-05-06,2024-10-02,5,Website/App,Desserts,customer712@example.com,3003273269
713,Customer713,User713,Female,1980-01-09,2024-06-14,12,Dine-in,BBQ,customer713@example.com,3005893311
714,Customer714,User714,Other,1974-09-07,2024-11-06,4,Takeaway,Beverages,customer714@example.com,3006412444
715,Customer715,User715,Female,1989-05-22,2024-12-23,12,Dine-in,Beverages,customer715@example.com,3006899361
716,Customer716,User716,Male,1970-03-17,2024-05-12,16,Third-party Delivery,Pasta,customer716@example.com,3003735175
717,Customer717,User717,Male,1983-03-17,2024-04-27,7,Dine-in,Sandwiches,customer717@example.com,3008725762
718,Customer718,User718,Male,1977-03-01,2024-08-12,10,Website/App,Biryani,customer718@example.com,3008414487
719,Customer719,User719,Other,2003-06-06,2024-12-10,1,Dine-in,Rice,customer719@example.com,3003159470
720,Customer720,User720,Other,1979-12-08,2024-05-05,7,Takeaway,Pizza,customer720@example.com,3008127046
721,Customer721,User721,Other,1977-02-01,2024-08-25,14,Dine-in,Rice,customer721@example.com,3002808875
722,Customer722,User722,Male,2002-10-02,2024-08-04,9,Dine-in,Pizza,customer722@example.com,3006060776
723,Customer723,User723,Other,1970-02-26,2024-02-20,7,Takeaway,Biryani,customer723@example.com,3006897756
724,Customer724,User724,Male,1975-03-28,2024-12-09,19,Website/App,Pasta,customer724@example.com,3003693705
725,Customer725,User725,Other,1985-09-19,2024-02-04,19,Dine-in,Beverages,customer725@example.com,3004640623
726,Customer726,User726,Other,1982-05-06,2024-09-01,4,Takeaway,Beverages,customer726@example.com,3008964404
727,Customer727,User727,Female,1981-08-22,2024-02-06,12,Third-party Delivery,Sandwiches,customer727@example.com,3004594921
728,Customer728,User728,Other,1984-07-04,2024-06-04,15,Dine-in,Beverages,customer728@example.com,3003280231
729,Customer729,User729,Female,1993-12-10,2024-09-24,2,Dine-in,Pasta,customer729@example.com,3009283126
730,Customer730,User730,Male,1994-05-15,2024-10-24,10,Third-party Delivery,Rice,customer730@example.com,3007833061
731,Customer731,User731,Female,1997-04-28,2024-02-27,16,Website/App,Biryani,customer731@example.com,3001214510
732,Customer732,User732,Other,2001-11-04,2024-07-15,17,Dine-in,Pizza,customer732@example.com,3003405308
733,Customer733,User733,Female,1995-12-19,2024-02-24,6,Dine-in,Pasta,customer733@example.com,3004340115
734,Customer734,User734,Female,1982-10-28,2024-07-04,8,Third-party Delivery,Desserts,customer734@example.com,3005672762
735,Customer735,User735,Other,1987-11-13,2024-06-16,20,Third-party Delivery,Desserts,customer735@example.com,3009580111
736,Customer736,User736,Female,1979-08-04,2024-02-09,16,Third-party Delivery,Rice,customer736@example.com,3003258353
737,Customer737,User737,Male,1976-12-02,2024-02-16,1,Takeaway,Sandwiches,customer737@example.com,3006485409
738,Customer738,User738,Male,1989-10-20,2024-02-25,3,Third-party Delivery,Desserts,customer738@example.com,3004387852
739,Customer739,User739,Female,2001-08-17,2024-05-18,11,Dine-in,Burgers,customer739@example.com,3008221021
740,Customer740,User740,Male,1994-08-11,2024-07-15,15,Dine-in,Burgers,customer740@example.com,3003967372
741,Customer741,User741,Other,1989-12-06,2024-08-14,5,Website/App,Sandwiches,customer741@example.com,3009178136
742,Customer742,User742,Male,2001-11-18,2024-11-18,19,Third-party Delivery,Desserts,customer742@example.com,3003622462
743,Customer743,User743,Other,1973-07-09,2024-08-19,13,Website/App,BBQ,customer743@example.com,3006376808
744,Customer744,User744,Male,1971-10-02,2024-03-27,12,Website/App,Salads,customer744@example.com,3001451304
745,Customer745,User745,Other,1991-07-04,2024-07-12,12,Third-party Delivery,Pasta,customer745@example.com,3001947061
746,Customer746,User746,Other,1985-04-08,2024-11-10,19,Dine-in,Pizza,customer746@example.com,3006115582
747,Customer747,User747,Male,1991-03-01,2024-09-11,2,Third-party Delivery,Sandwiches,customer747@example.com,3009636236
748,Customer748,User748,Female,1987-01-23,2024-08-19,1,Website/App,Sandwiches,customer748@example.com,3007548160
749,Customer749,User749,Female,1976-08-04,2024-12-22,7,Website/App,Desserts,customer749@example.com,3009435056
750,Customer750,User750,Other,1991-03-20,2024-05-12,14,Takeaway,Desserts,customer750@example.com,3002263679
751,Customer751,User751,Other,1983-05-09,2024-01-10,19,Third-party Delivery,Rice,customer751@example.com,3002542796
752,Customer752,User752,Other,1976-10-11,2024-05-03,19,Third-party Delivery,Sandwiches,customer752@example.com,3004518839
753,Customer753,User753,Female,1974-11-27,2024-05-17,10,Third-party Delivery,Beverages,customer753@example.com,3006257190
754,Customer754,User754,Male,1996-07-09,2024-10-17,15,Takeaway,Burgers,customer754@example.com,3009660803
755,Customer755,User755,Male,2001-04-22,2024-12-15,9,Third-party Delivery,Salads,customer755@example.com,3002004647
756,Customer756,User756,Other,1982-06-15,2024-03-08,5,Website/App,Sandwiches,customer756@example.com,3007883025
757,Customer757,User757,Female,1974-11-07,2024-07-09,10,Takeaway,BBQ,customer757@example.com,3004961601
758,Customer758,User758,Female,1985-02-05,2024-04-01,8,Website/App,Desserts,customer758@example.com,3009143364
759,Customer759,User759,Other,1997-07-21,2024-01-07,6,Website/App,Biryani,customer759@example.com,3001488919
760,Customer760,User760,Female,1987-11-18,2024-03-21,2,Third-party Delivery,Burgers,customer760@example.com,3001928237
761,Customer761,User761,Male,1990-10-10,2024-02-14,12,Dine-in,Sandwiches,customer761@example.com,3003358208
762,Customer762,User762,Male,1977-10-24,2024-09-04,17,Website/App,Desserts,customer762@example.com,3002514123
763,Customer763,User763,Male,1977-06-11,2024-10-24,13,Takeaway,Sandwiches,customer763@example.com,3004657573
764,Customer764,User764,Male,1976-03-07,2024-05-15,14,Website/App,Salads,customer764@example.com,3001938272
765,Customer765,User765,Female,2004-06-23,2024-02-11,18,Third-party Delivery,Desserts,customer765@example.com,3005133011
766,Customer766,User766,Female,1979-06-16,2024-12-12,10,Dine-in,Salads,customer766@example.com,3001584005
767,Customer767,User767,Other,1973-12-26,2024-11-08,9,Third-party Delivery,BBQ,customer767@example.com,3007087698
768,Customer768,User768,Other,1977-09-28,2024-04-28,15,Third-party Delivery,Burgers,customer768@example.com,3007593035
769,Customer769,User769,Female,1989-02-27,2024-04-10,7,Takeaway,Desserts,customer769@example.com,3006321470
770,Customer770,User770,Other,1996-01-09,2024-02-27,16,Third-party Delivery,Sandwiches,customer770@example.com,3006582152
771,Customer771,User771,Other,1997-02-27,2024-03-23,9,Dine-in,Pasta,customer771@example.com,3008061035
772,Customer772,User772,Other,1990-08-23,2024-01-25,2,Takeaway,Desserts,customer772@example.com,3003283248
773,Customer773,User773,Male,1995-04-21,2024-05-11,19,Dine-in,Pizza,customer773@example.com,3003647821
774,Customer774,User774,Male,2003-12-25,2024-11-25,5,Third-party Delivery,Pasta,customer774@example.com,3008574743
775,Customer775,User775,Female,1978-05-06,2024-11-19,11,Website/App,Rice,customer775@example.com,3002415979
776,Customer776,User776,Female,1993-03-13,2024-07-27,19,Takeaway,Burgers,customer776@example.com,3001385374
777,Customer777,User777,Other,1984-02-15,2024-04-09,6,Dine-in,Sandwiches,customer777@example.com,3008195804
778,Customer778,User778,Other,1986-03-03,2024-06-06,19,Dine-in,Burgers,customer778@example.com,3009822092
779,Customer779,User779,Female,1999-11-16,2024-02-08,7,Takeaway,BBQ,customer779@example.com,3005831200
780,Customer780,User780,Other,2001-07-05,2024-07-28,7,Takeaway,BBQ,customer780@example.com,3004176986
781,Customer781,User781,Female,1981-07-26,2024-03-01,10,Website/App,Rice,customer781@example.com,3008566133
782,Customer782,User782,Male,1993-10-22,2024-11-15,3,Dine-in,Desserts,customer782@example.com,3003234807
783,Customer783,User783,Female,1995-11-07,2024-12-13,14,Website/App,Pizza,customer783@example.com,3002598523
784,Customer784,User784,Other,1973-01-11,2024-04-16,12,Dine-in,Burgers,customer784@example.com,3005255656
785,Customer785,User785,Other,1994-05-13,2024-11-12,5,Dine-in,Salads,customer785@example.com,3004009366
786,Customer786,User786,Female,1980-09-16,2024-06-15,5,Dine-in,Pasta,customer786@example.com,3009899034
787,Customer787,User787,Female,1979-05-04,2024-06-02,5,Third-party Delivery,BBQ,customer787@example.com,3007049733
788,Customer788,User788,Female,1988-05-20,2024-05-17,11,Third-party Delivery,Biryani,customer788@example.com,3006293931
789,Customer789,User789,Other,2001-03-18,2024-11-21,15,Dine-in,Rice,customer789@example.com,3003493443
790,Customer790,User790,Male,1984-03-02,2024-08-09,6,Third-party Delivery,Sandwiches,customer790@example.com,3002946560
791,Customer791,User791,Female,1972-08-12,2024-12-18,16,Third-party Delivery,Desserts,customer791@example.com,3002887283
792,Customer792,User792,Other,1979-02-12,2024-02-07,10,Takeaway,Biryani,customer792@example.com,3009535203
793,Customer793,User793,Female,1983-10-01,2024-09-25,19,Takeaway,Sandwiches,customer793@example.com,3002289085
794,Customer794,User794,Male,2001-11-04,2024-06-01,10,Dine-in,Sandwiches,customer794@example.com,3007267268
795,Customer795,User795,Other,1976-06-05,2024-01-03,15,Third-party Delivery,Desserts,customer795@example.com,3005518413
796,Customer796,User796,Other,1970-06-02,2024-11-20,15,Website/App,Salads,customer796@example.com,3003169632
797,Customer797,User797,Male,1973-11-10,2024-06-26,2,Dine-in,Beverages,customer797@example.com,3007398678
798,Customer798,User798,Male,1995-05-06,2024-04-25,13,Dine-in,Burgers,customer798@example.com,3004493397
799,Customer799,User799,Male,1994-07-10,2024-11-25,5,Dine-in,BBQ,customer799@example.com,3009235014
800,Customer800,User800,Female,1989-11-20,2024-03-12,4,Website/App,Beverages,customer800@example.com,3004353283
801,Customer801,User801,Female,1998-07-16,2024-05-19,20,Third-party Delivery,Pizza,customer801@example.com,3008088983
802,Customer802,User802,Female,1981-07-21,2024-07-03,2,Website/App,Desserts,customer802@example.com,3004761958
803,Customer803,User803,Other,1979-08-17,2024-11-21,17,Dine-in,BBQ,customer803@example.com,3008855414
804,Customer804,User804,Female,1975-08-10,2024-03-05,10,Takeaway,Beverages,customer804@example.com,3008176148
805,Customer805,User805,Female,1973-09-03,2024-01-17,4,Third-party Delivery,Sandwiches,customer805@example.com,3002585184
806,Customer806,User806,Female,1986-06-09,2024-10-03,17,Dine-in,Pizza,customer806@example.com,3008765820
807,Customer807,User807,Male,1981-07-02,2024-02-14,10,Website/App,Salads,customer807@example.com,3008633602
808,Customer808,User808,Other,1998-10-26,2024-05-11,6,Takeaway,Biryani,customer808@example.com,3002312322
809,Customer809,User809,Other,1986-11-04,2024-07-18,1,Dine-in,Sandwiches,customer809@example.com,3002957536
810,Customer810,User810,Male,1980-11-16,2024-08-23,13,Third-party Delivery,BBQ,customer810@example.com,3007052024
811,Customer811,User811,Other,1995-05-03,2024-03-05,1,Takeaway,Pizza,customer811@example.com,3001266510
812,Customer812,User812,Other,1982-01-07,2024-08-21,5,Takeaway,Sandwiches,customer812@example.com,3004203013
813,Customer813,User813,Male,1989-08-05,2024-08-14,1,Dine-in,Biryani,customer813@example.com,3003557220
814,Customer814,User814,Other,1998-08-16,2024-01-28,15,Takeaway,Rice,customer814@example.com,3005946450
815,Customer815,User815,Other,1995-01-11,2024-01-04,14,Third-party Delivery,Desserts,customer815@example.com,3005878387
816,Customer816,User816,Male,2001-07-16,2024-09-19,20,Third-party Delivery,Rice,customer816@example.com,3002018455
817,Customer817,User817,Other,1971-07-19,2024-06-18,3,Website/App,Sandwiches,customer817@example.com,3008941293
818,Customer818,User818,Male,2001-10-21,2024-06-15,14,Dine-in,Biryani,customer818@example.com,3005832019
819,Customer819,User819,Other,1982-08-12,2024-08-08,17,Takeaway,Salads,customer819@example.com,3006690043
820,Customer820,User820,Other,1999-03-10,2024-12-23,13,Third-party Delivery,Pasta,customer820@example.com,3008924295
821,Customer821,User821,Male,1983-05-23,2024-12-03,16,Takeaway,Biryani,customer821@example.com,3004346789
822,Customer822,User822,Male,2001-02-26,2024-07-16,10,Takeaway,Rice,customer822@example.com,3001789356
823,Customer823,User823,Male,1992-05-12,2024-11-06,6,Dine-in,Pizza,customer823@example.com,3006666248
824,Customer824,User824,Female,1977-10-08,2024-02-18,8,Third-party Delivery,BBQ,customer824@example.com,3006709692
825,Customer825,User825,Female,1972-09-09,2024-03-28,17,Dine-in,Burgers,customer825@example.com,3008345513
826,Customer826,User826,Female,1977-02-26,2024-10-20,4,Dine-in,Beverages,customer826@example.com,3002768504
827,Customer827,User827,Male,1977-04-12,2024-03-24,10,Third-party Delivery,Beverages,customer827@example.com,3009361613
828,Customer828,User828,Other,1976-03-21,2024-06-11,5,Dine-in,Rice,customer828@example.com,3008367017
829,Customer829,User829,Female,1970-04-27,2024-08-11,10,Takeaway,Pizza,customer829@example.com,3005463001
830,Customer830,User830,Female,1996-06-21,2024-11-08,5,Third-party Delivery,Rice,customer830@example.com,3003315160
831,Customer831,User831,Female,1996-07-15,2024-09-26,12,Dine-in,Desserts,customer831@example.com,3003442499
832,Customer832,User832,Male,2003-02-03,2024-06-11,13,Takeaway,Sandwiches,customer832@example.com,3002031267
833,Customer833,User833,Female,1972-11-21,2024-03-19,2,Website/App,Sandwiches,customer833@example.com,3007744488
834,Customer834,User834,Other,1989-12-24,2024-06-12,1,Website/App,Beverages,customer834@example.com,3003463932
835,Customer835,User835,Other,1995-08-21,2024-04-18,20,Third-party Delivery,Pasta,customer835@example.com,3007786479
836,Customer836,User836,Male,1989-02-02,2024-09-11,13,Takeaway,Beverages,customer836@example.com,3005763519
837,Customer837,User837,Male,1975-09-18,2024-05-17,11,Takeaway,Burgers,customer837@example.com,3001467937
838,Customer838,User838,Other,1986-04-27,2024-05-24,14,Dine-in,Burgers,customer838@example.com,3007257547
839,Customer839,User839,Female,2002-06-04,2024-01-25,4,Third-party Delivery,BBQ,customer839@example.com,3001087466
840,Customer840,User840,Female,1991-04-26,2024-12-19,19,Takeaway,Pasta,customer840@example.com,3006019770
841,Customer841,User841,Female,1978-12-13,2024-09-24,8,Dine-in,Pasta,customer841@example.com,3009664623
842,Customer842,User842,Other,1982-06-15,2024-02-05,14,Third-party Delivery,Pizza,customer842@example.com,3002547674
843,Customer843,User843,Male,1997-03-16,2024-04-15,3,Website/App,Beverages,customer843@example.com,3007757085
844,Customer844,User844,Other,2003-07-28,2024-05-19,16,Third-party Delivery,Desserts,customer844@example.com,3009213136
845,Customer845,User845,Other,1996-03-05,2024-09-05,16,Third-party Delivery,Biryani,customer845@example.com,3009609823
846,Customer846,User846,Other,1977-12-07,2024-08-16,2,Takeaway,Beverages,customer846@example.com,3007196363
847,Customer847,User847,Male,1996-02-04,2024-06-19,10,Dine-in,Beverages,customer847@example.com,3003572022
848,Customer848,User848,Male,1993-05-12,2024-05-10,16,Dine-in,Biryani,customer848@example.com,3003384710
849,Customer849,User849,Other,1996-01-10,2024-05-07,6,Third-party Delivery,Burgers,customer849@example.com,3003052321
850,Customer850,User850,Other,1992-02-28,2024-01-14,16,Website/App,Salads,customer850@example.com,3008589583
851,Customer851,User851,Female,1994-08-27,2024-12-27,20,Takeaway,Biryani,customer851@example.com,3009468532
852,Customer852,User852,Other,1999-08-22,2024-08-05,11,Dine-in,Salads,customer852@example.com,3007872422
853,Customer853,User853,Female,1984-07-11,2024-09-02,15,Website/App,Pizza,customer853@example.com,3003778554
854,Customer854,User854,Other,1971-10-21,2024-12-10,18,Dine-in,Beverages,customer854@example.com,3002428614
855,Customer855,User855,Male,2004-10-25,2024-01-19,17,Takeaway,Desserts,customer855@example.com,3009432879
856,Customer856,User856,Male,1977-11-18,2024-03-01,9,Takeaway,Rice,customer856@example.com,3008452933
857,Customer857,User857,Male,2004-10-11,2024-07-19,2,Third-party Delivery,Burgers,customer857@example.com,3006703524
858,Customer858,User858,Female,1981-07-01,2024-09-11,13,Website/App,Pizza,customer858@example.com,3002923417
859,Customer859,User859,Male,2004-03-10,2024-03-06,9,Dine-in,Biryani,customer859@example.com,3006147152
860,Customer860,User860,Female,1980-01-20,2024-06-06,1,Dine-in,BBQ,customer860@example.com,3007542102
861,Customer861,User861,Male,1990-03-14,2024-06-09,13,Dine-in,Burgers,customer861@example.com,3004398383
862,Customer862,User862,Male,1985-08-17,2024-09-13,4,Website/App,Burgers,customer862@example.com,3006340799
863,Customer863,User863,Female,1996-02-16,2024-01-14,8,Dine-in,BBQ,customer863@example.com,3002703045
864,Customer864,User864,Male,1978-05-19,2024-07-15,3,Takeaway,Biryani,customer864@example.com,3007263022
865,Customer865,User865,Other,1980-04-18,2024-07-18,15,Dine-in,Burgers,customer865@example.com,3008795567
866,Customer866,User866,Other,1988-11-06,2024-01-02,16,Website/App,Salads,customer866@example.com,3005209218
867,Customer867,User867,Other,1994-06-27,2024-11-07,19,Website/App,Burgers,customer867@example.com,3003708116
868,Customer868,User868,Other,2004-10-03,2024-05-03,13,Dine-in,Biryani,customer868@example.com,3005688532
869,Customer869,User869,Female,1983-10-17,2024-06-22,11,Website/App,Desserts,customer869@example.com,3005580400
870,Customer870,User870,Male,1990-06-07,2024-08-20,11,Dine-in,Biryani,customer870@example.com,3001034351
871,Customer871,User871,Other,2000-01-01,2024-11-06,14,Third-party Delivery,Sandwiches,customer871@example.com,3002361450
872,Customer872,User872,Other,1974-09-01,2024-11-15,4,Website/App,Sandwiches,customer872@example.com,3007005668
873,Customer873,User873,Female,1981-12-01,2024-02-15,12,Takeaway,Desserts,customer873@example.com,3001157090
874,Customer874,User874,Male,1971-05-22,2024-12-12,7,Dine-in,Salads,customer874@example.com,3006086491
875,Customer875,User875,Other,1984-04-16,2024-06-02,9,Third-party Delivery,Salads,customer875@example.com,3004507886
876,Customer876,User876,Male,1982-11-13,2024-02-28,9,Third-party Delivery,Biryani,customer876@example.com,3004250925
877,Customer877,User877,Other,1981-02-19,2024-03-24,3,Takeaway,BBQ,customer877@example.com,3004824620
878,Customer878,User878,Other,1987-04-28,2024-11-01,18,Website/App,Beverages,customer878@example.com,3008615616
879,Customer879,User879,Male,1997-11-22,2024-11-02,11,Third-party Delivery,Sandwiches,customer879@example.com,3005597554
880,Customer880,User880,Male,2003-08-16,2024-06-17,2,Takeaway,Burgers,customer880@example.com,3005662942
881,Customer881,User881,Female,2004-08-11,2024-01-13,7,Website/App,Pizza,customer881@example.com,3001425670
882,Customer882,User882,Other,1984-12-14,2024-02-08,7,Takeaway,Pasta,customer882@example.com,3006214457
883,Customer883,User883,Male,1976-01-16,2024-07-26,1,Website/App,BBQ,customer883@example.com,3005146548
884,Customer884,User884,Male,2000-04-11,2024-01-27,11,Takeaway,Pizza,customer884@example.com,3008357303
885,Customer885,User885,Male,1998-10-04,2024-02-02,2,Third-party Delivery,Pasta,customer885@example.com,3002090992
886,Customer886,User886,Male,1973-08-02,2024-05-20,14,Dine-in,Pizza,customer886@example.com,3001936000
887,Customer887,User887,Other,1973-05-28,2024-07-13,4,Third-party Delivery,Rice,customer887@example.com,3001177948
888,Customer888,User888,Female,1994-08-26,2024-07-20,20,Dine-in,Pasta,customer888@example.com,3001435739
889,Customer889,User889,Female,2003-06-19,2024-04-04,4,Dine-in,Salads,customer889@example.com,3002133208
890,Customer890,User890,Other,1982-10-05,2024-11-17,9,Website/App,Sandwiches,customer890@example.com,3009076540
891,Customer891,User891,Other,1998-03-08,2024-03-26,2,Dine-in,Biryani,customer891@example.com,3006228902
892,Customer892,User892,Other,1997-09-21,2024-06-10,19,Takeaway,Biryani,customer892@example.com,3008877301
893,Customer893,User893,Female,1991-05-12,2024-01-17,19,Takeaway,Burgers,customer893@example.com,3004982698
894,Customer894,User894,Other,1973-07-12,2024-04-07,7,Dine-in,Pasta,customer894@example.com,3004176859
895,Customer895,User895,Other,2000-12-23,2024-08-20,11,Website/App,Salads,customer895@example.com,3006026983
896,Customer896,User896,Female,1991-03-04,2024-08-26,2,Third-party Delivery,Rice,customer896@example.com,3001062026
897,Customer897,User897,Other,1984-12-08,2024-08-20,7,Takeaway,Desserts,customer897@example.com,3006561900
898,Customer898,User898,Other,1994-04-13,2024-03-27,1,Website/App,Burgers,customer898@example.com,3002237003
899,Customer899,User899,Female,1971-09-04,2024-03-10,15,Takeaway,Salads,customer899@example.com,3007038275
900,Customer900,User900,Male,1971-04-07,2024-05-06,8,Website/App,Biryani,customer900@example.com,3006701191
901,Customer901,User901,Other,1985-03-07,2024-01-06,9,Dine-in,Burgers,customer901@example.com,3003302564
902,Customer902,User902,Female,1977-06-07,2024-05-15,8,Website/App,Pasta,customer902@example.com,3003874940
903,Customer903,User903,Other,1997-12-03,2024-02-05,5,Takeaway,Rice,customer903@example.com,3009934785
904,Customer904,User904,Female,1993-06-20,2024-07-21,8,Dine-in,Salads,customer904@example.com,3004172607
905,Customer905,User905,Other,1988-03-11,2024-04-02,9,Takeaway,Beverages,customer905@example.com,3009203901
906,Customer906,User906,Male,1975-08-26,2024-11-20,3,Takeaway,Beverages,customer906@example.com,3007511503
907,Customer907,User907,Other,2002-06-16,2024-09-15,6,Website/App,Pasta,customer907@example.com,3009816018
908,Customer908,User908,Other,2000-12-16,2024-08-09,19,Third-party Delivery,Salads,customer908@example.com,3001614121
909,Customer909,User909,Male,1984-04-15,2024-04-13,7,Website/App,Sandwiches,customer909@example.com,3007326402
910,Customer910,User910,Other,1980-06-09,2024-09-03,5,Dine-in,BBQ,customer910@example.com,3008457561
911,Customer911,User911,Other,1992-04-19,2024-01-15,17,Website/App,Sandwiches,customer911@example.com,3008569061
912,Customer912,User912,Female,1997-07-12,2024-08-11,9,Third-party Delivery,Burgers,customer912@example.com,3004012613
913,Customer913,User913,Female,1984-05-21,2024-02-12,3,Website/App,Beverages,customer913@example.com,3009603205
914,Customer914,User914,Other,1975-05-08,2024-02-04,3,Website/App,Burgers,customer914@example.com,3004360587
915,Customer915,User915,Female,1982-11-11,2024-05-10,9,Takeaway,Salads,customer915@example.com,3003312992
916,Customer916,User916,Other,2004-05-01,2024-05-10,12,Third-party Delivery,Sandwiches,customer916@example.com,3001199493
917,Customer917,User917,Female,2002-03-28,2024-07-08,8,Takeaway,Desserts,,3004921224
918,Customer918,User918,Other,1999-12-27,2024-08-11,3,Website/App,Rice,customer918@example.com,3008193952
919,Customer919,User919,Other,1996-04-15,2024-08-28,18,Dine-in,Pasta,customer919@example.com,3003331197
920,Customer920,User920,Other,1978-05-24,2024-01-16,12,Website/App,Rice,customer920@example.com,3008032125
921,Customer921,User921,Female,1995-12-18,2024-05-11,19,Dine-in,Salads,customer921@example.com,3001540377
922,Customer922,User922,Male,1979-06-19,2024-11-26,20,Third-party Delivery,Sandwiches,customer922@example.com,3004425984
923,Customer923,User923,Female,1974-09-13,2024-04-16,4,Website/App,Salads,customer923@example.com,3008575505
924,Customer924,User924,Other,1989-02-06,2024-02-22,18,Takeaway,Burgers,customer924@example.com,3009197571
925,Customer925,User925,Male,1981-04-03,2024-07-10,7,Takeaway,BBQ,customer925@example.com,3009797899
926,Customer926,User926,Male,1999-01-12,2024-09-01,6,Website/App,Sandwiches,customer926@example.com,3007561657
927,Customer927,User927,Male,1977-03-18,2024-07-16,3,Third-party Delivery,Rice,customer927@example.com,3003179901
928,Customer928,User928,Male,1989-07-27,2024-12-22,16,Takeaway,Salads,customer928@example.com,3006206200
929,Customer929,User929,Other,1982-09-23,2024-11-15,9,Takeaway,Burgers,customer929@example.com,3003393974
930,Customer930,User930,Female,1974-07-20,2024-04-17,11,Third-party Delivery,Desserts,customer930@example.com,3008762741
931,Customer931,User931,Other,1972-12-03,2024-05-21,15,Website/App,BBQ,customer931@example.com,3007561407
932,Customer932,User932,Other,1981-07-08,2024-03-20,14,Third-party Delivery,Sandwiches,customer932@example.com,3004077684
933,Customer933,User933,Other,1976-07-23,2024-01-08,6,Website/App,Beverages,customer933@example.com,3005897094
934,Customer934,User934,Other,1974-12-24,2024-12-07,16,Third-party Delivery,Beverages,customer934@example.com,3003033912
935,Customer935,User935,Female,1974-02-17,2024-06-14,15,Takeaway,BBQ,customer935@example.com,3004479126
936,Customer936,User936,Other,1972-08-01,2024-02-21,15,Third-party Delivery,Pasta,customer936@example.com,3007699844
937,Customer937,User937,Male,1995-01-01,2024-05-04,5,Website/App,Desserts,customer937@example.com,3009132910
938,Customer938,User938,Female,1974-02-18,2024-11-08,15,Takeaway,Desserts,customer938@example.com,3005683223
939,Customer939,User939,Male,1980-01-20,2024-02-06,10,Dine-in,Beverages,customer939@example.com,3007557366
940,Customer940,User940,Male,1974-11-25,2024-01-22,9,Takeaway,Desserts,customer940@example.com,3007007702
941,Customer941,User941,Male,1983-12-02,2024-11-18,7,Third-party Delivery,Burgers,customer941@example.com,3009772377
942,Customer942,User942,Other,1976-07-23,2024-05-15,2,Dine-in,Burgers,customer942@example.com,3007331646
943,Customer943,User943,Male,1985-06-08,2024-04-03,1,Third-party Delivery,Burgers,customer943@example.com,3001244275
944,Customer944,User944,Female,1982-11-22,2024-02-08,4,Takeaway,Biryani,customer944@example.com,3001738407
945,Customer945,User945,Female,2002-02-27,2024-06-11,18,Takeaway,Salads,customer945@example.com,3004474885
946,Customer946,User946,Other,1995-07-04,2024-04-07,4,Website/App,Pasta,customer946@example.com,3003912886
947,Customer947,User947,Male,1995-11-11,2024-01-13,7,Third-party Delivery,Rice,customer947@example.com,3002107569
948,Customer948,User948,Other,1987-11-20,2024-06-02,3,Takeaway,Sandwiches,customer948@example.com,3006058905
949,Customer949,User949,Other,2001-02-23,2024-09-26,19,Takeaway,BBQ,customer949@example.com,3002589550
950,Customer950,User950,Other,1990-11-23,2024-07-22,5,Website/App,Biryani,customer950@example.com,3006334600
951,Customer951,User951,Other,2000-02-11,2024-01-20,19,Third-party Delivery,Sandwiches,customer951@example.com,3009573595
952,Customer952,User952,Other,1984-09-19,2024-12-01,8,Dine-in,Salads,customer952@example.com,3003081317
953,Customer953,User953,Female,1985-12-14,2024-04-20,3,Dine-in,Biryani,customer953@example.com,3007283463
954,Customer954,User954,Female,1988-04-05,2024-07-07,2,Takeaway,Salads,customer954@example.com,3008444490
955,Customer955,User955,Other,1991-03-09,2024-06-21,2,Third-party Delivery,BBQ,customer955@example.com,3001397508
956,Customer956,User956,Male,1991-06-08,2024-04-18,2,Takeaway,Rice,customer956@example.com,3007400271
957,Customer957,User957,Other,1990-03-15,2024-11-01,3,Third-party Delivery,Pizza,customer957@example.com,3004229034
958,Customer958,User958,Male,1979-04-05,2024-02-06,19,Takeaway,Rice,customer958@example.com,3009513171
959,Customer959,User959,Male,1997-12-15,2024-05-06,7,Takeaway,Sandwiches,customer959@example.com,3003960096
960,Customer960,User960,Other,1985-05-10,2024-10-15,7,Website/App,Desserts,customer960@example.com,3002342445
961,Customer961,User961,Female,1995-07-06,2024-08-15,14,Third-party Delivery,Biryani,customer961@example.com,3009086630
962,Customer962,User962,Male,1994-07-28,2024-02-25,10,Takeaway,Beverages,customer962@example.com,3003947745
963,Customer963,User963,Female,1994-08-10,2024-08-10,13,Third-party Delivery,Pizza,customer963@example.com,3006590741
964,Customer964,User964,Male,2000-04-05,2024-04-01,1,Website/App,Desserts,customer964@example.com,3007787310
965,Customer965,User965,Female,1995-12-12,2024-07-16,10,Dine-in,Sandwiches,customer965@example.com,3001651407
966,Customer966,User966,Male,1994-10-06,2024-04-25,14,Website/App,Pasta,customer966@example.com,3009549809
967,Customer967,User967,Other,2001-11-23,2024-06-23,2,Third-party Delivery,Sandwiches,customer967@example.com,3005140479
968,Customer968,User968,Male,2000-01-27,2024-06-21,1,Takeaway,BBQ,customer968@example.com,3008641531
969,Customer969,User969,Other,1979-05-08,2024-10-19,6,Dine-in,Pizza,customer969@example.com,3002548634
970,Customer970,User970,Other,1994-07-23,2024-10-03,17,Takeaway,Sandwiches,customer970@example.com,3003782058
971,Customer971,User971,Female,1986-12-10,2024-09-18,13,Website/App,Sandwiches,customer971@example.com,3002491048
972,Customer972,User972,Male,1992-03-09,2024-12-07,13,Website/App,Burgers,customer972@example.com,3003825261
973,Customer973,User973,Female,1970-02-03,2024-12-14,17,Third-party Delivery,BBQ,customer973@example.com,3008230134
974,Customer974,User974,Male,1981-06-06,2024-12-05,7,Third-party Delivery,Biryani,customer974@example.com,3009432459
975,Customer975,User975,Male,1998-10-27,2024-04-06,7,Dine-in,Biryani,customer975@example.com,3004219293
976,Customer976,User976,Female,1996-08-21,2024-10-04,6,Dine-in,BBQ,customer976@example.com,3002437925
977,Customer977,User977,Female,1977-05-03,2024-06-01,19,Takeaway,Desserts,customer977@example.com,3009140210
978,Customer978,User978,Other,1976-01-02,2024-05-25,1,Dine-in,Pizza,customer978@example.com,3004541139
979,Customer979,User979,Other,1970-07-20,2024-09-25,9,Third-party Delivery,Desserts,customer979@example.com,3006654424
980,Customer980,User980,Other,1997-06-12,2024-11-11,11,Takeaway,Pasta,customer980@example.com,3007685239
981,Customer981,User981,Female,1973-06-28,2024-06-26,4,Dine-in,Desserts,customer981@example.com,3007741225
982,Customer982,User982,Other,1978-01-20,2024-02-28,17,Website/App,Rice,customer982@example.com,3007181227
983,Customer983,User983,Female,2000-09-14,2024-11-07,1,Website/App,Burgers,customer983@example.com,3007043247
984,Customer984,User984,Male,1990-11-15,2024-04-20,16,Third-party Delivery,Salads,customer984@example.com,3002365149
985,Customer985,User985,Female,1997-08-22,2024-12-04,13,Website/App,Salads,customer985@example.com,3004272848
986,Customer986,User986,Other,1979-09-19,2024-12-17,2,Takeaway,Desserts,customer986@example.com,3002461125
987,Customer987,User987,Female,1999-03-15,2024-02-16,18,Takeaway,Rice,customer987@example.com,3004550743
988,Customer988,User988,Male,1975-02-14,2024-12-01,6,Website/App,Sandwiches,customer988@example.com,3005703624
989,Customer989,User989,Male,1986-11-16,2024-11-04,5,Third-party Delivery,Pizza,customer989@example.com,3006583476
990,Customer990,User990,Male,1974-11-11,2024-07-23,13,Third-party Delivery,Rice,customer990@example.com,3004750560
991,Customer991,User991,Female,1977-05-03,2024-02-03,11,Takeaway,Pizza,customer991@example.com,3007169603
992,Customer992,User992,Male,1990-07-19,2024-12-01,10,Dine-in,Salads,customer992@example.com,3009985927
993,Customer993,User993,Male,1994-07-11,2024-06-26,5,Takeaway,Pizza,customer993@example.com,3007632241
994,Customer994,User994,Male,2004-08-11,2024-03-27,10,Takeaway,Desserts,customer994@example.com,3008646795
995,Customer995,User995,Male,1988-03-24,2024-11-28,2,Website/App,BBQ,customer995@example.com,3009428504
996,Customer996,User996,Other,1977-05-28,2024-12-19,16,Takeaway,Desserts,customer996@example.com,3005890476
997,Customer997,User997,Other,1994-01-26,2024-06-05,7,Takeaway,Burgers,customer997@example.com,3004003461
998,Customer998,User998,Female,1995-05-27,2024-11-28,6,Dine-in,Beverages,customer998@example.com,3007581459
999,Customer999,User999,Female,1997-11-16,2024-06-25,13,Third-party Delivery,Pizza,customer999@example.com,3009855760
1000,Customer1000,User1000,Other,1988-05-23,2024-04-23,18,Third-party Delivery,Pizza,customer1000@example.com,3003196149
1001,Customer1001,User1001,Female,1973-12-10,2024-08-21,6,Takeaway,Desserts,customer1001@example.com,3009094028
1002,Customer1002,User1002,Female,1979-04-07,2024-12-07,1,Website/App,Salads,customer1002@example.com,3002710400
1003,Customer1003,User1003,Other,1979-07-14,2024-11-27,6,Dine-in,Pizza,customer1003@example.com,3006965707
1004,Customer1004,User1004,Female,1981-01-04,2024-09-21,11,Third-party Delivery,Biryani,customer1004@example.com,3007777894
1005,Customer1005,User1005,Male,1972-02-08,2024-07-16,10,Takeaway,Sandwiches,customer1005@example.com,3002503425
1006,Customer1006,User1006,Female,1994-05-21,2024-11-15,12,Dine-in,Pizza,customer1006@example.com,3002956687
1007,Customer1007,User1007,Male,1977-08-21,2024-11-17,8,Dine-in,Salads,customer1007@example.com,3009044647
1008,Customer1008,User1008,Female,1976-10-06,2024-07-16,14,Website/App,Salads,customer1008@example.com,3003101118
1009,Customer1009,User1009,Male,1990-02-23,2024-09-06,13,Dine-in,Sandwiches,customer1009@example.com,3009999580
1010,Customer1010,User1010,Other,2001-02-17,2024-10-18,4,Takeaway,Pizza,customer1010@example.com,3004031041
1011,Customer1011,User1011,Other,1981-01-18,2024-08-26,11,Dine-in,Burgers,customer1011@example.com,3003161173
1012,Customer1012,User1012,Other,1983-11-06,2024-02-18,9,Dine-in,Pizza,customer1012@example.com,3003092406
1013,Customer1013,User1013,Other,1989-06-18,2024-03-14,1,Takeaway,BBQ,customer1013@example.com,3001774541
1014,Customer1014,User1014,Other,1988-11-18,2024-08-05,19,Third-party Delivery,Pasta,customer1014@example.com,3009768884
1015,Customer1015,User1015,Female,2004-09-07,2024-12-04,2,Takeaway,Burgers,customer1015@example.com,3004155352
1016,Customer1016,User1016,Male,1989-04-05,2024-10-18,7,Website/App,BBQ,customer1016@example.com,3003155739
1017,Customer1017,User1017,Other,1997-02-18,2024-05-09,13,Takeaway,Sandwiches,customer1017@example.com,3008651547
1018,Customer1018,User1018,Male,1986-11-14,2024-12-05,18,Takeaway,Pizza,,3005519776
1019,Customer1019,User1019,Other,1982-12-12,2024-10-22,17,Takeaway,Sandwiches,customer1019@example.com,3003575158
1020,Customer1020,User1020,Female,1997-07-01,2024-10-08,3,Website/App,Pizza,customer1020@example.com,3009916589
1021,Customer1021,User1021,Male,1996-02-11,2024-11-03,12,Website/App,BBQ,customer1021@example.com,3003455003
1022,Customer1022,User1022,Male,1987-01-04,2024-07-08,13,Dine-in,Pizza,customer1022@example.com,3003948283
1023,Customer1023,User1023,Other,1989-10-27,2024-08-04,17,Website/App,Salads,customer1023@example.com,3005731119
1024,Customer1024,User1024,Other,1987-10-04,2024-01-06,11,Third-party Delivery,Biryani,customer1024@example.com,3006791040
1025,Customer1025,User1025,Other,2004-09-20,2024-07-16,19,Takeaway,BBQ,customer1025@example.com,3001159341
1026,Customer1026,User1026,Other,2002-12-05,2024-11-05,5,Third-party Delivery,Salads,customer1026@example.com,3005485722
1027,Customer1027,User1027,Male,1993-12-25,2024-04-22,20,Third-party Delivery,Desserts,customer1027@example.com,3004071984
1028,Customer1028,User1028,Female,1992-08-17,2024-05-09,14,Takeaway,BBQ,customer1028@example.com,3002458649
1029,Customer1029,User1029,Female,1996-06-28,2024-02-21,3,Dine-in,Rice,customer1029@example.com,3002570911
1030,Customer1030,User1030,Male,1973-02-24,2024-05-18,16,Dine-in,Sandwiches,customer1030@example.com,3009534273
1031,Customer1031,User1031,Other,1978-08-16,2024-09-22,18,Dine-in,Sandwiches,customer1031@example.com,3001233207
1032,Customer1032,User1032,Other,1982-12-01,2024-12-14,18,Website/App,Rice,customer1032@example.com,3009860239
1033,Customer1033,User1033,Other,1972-10-15,2024-03-22,17,Takeaway,Biryani,customer1033@example.com,3002260344
1034,Customer1034,User1034,Female,1978-09-12,2024-01-14,16,Third-party Delivery,Biryani,customer1034@example.com,3007262661
1035,Customer1035,User1035,Male,1991-11-08,2024-09-28,4,Website/App,BBQ,,3009105487
1036,Customer1036,User1036,Female,1986-04-01,2024-12-21,19,Third-party Delivery,Rice,customer1036@example.com,3006114027
1037,Customer1037,User1037,Other,2002-01-15,2024-10-28,16,Dine-in,Pasta,customer1037@example.com,3001098836
1038,Customer1038,User1038,Other,1999-06-10,2024-06-04,1,Website/App,Biryani,customer1038@example.com,3007745583
1039,Customer1039,User1039,Female,1970-02-14,2024-08-07,3,Takeaway,Sandwiches,customer1039@example.com,3003077734
1040,Customer1040,User1040,Female,1970-03-25,2024-11-09,8,Third-party Delivery,Sandwiches,customer1040@example.com,3007279870
1041,Customer1041,User1041,Female,1993-07-06,2024-09-26,9,Dine-in,Desserts,customer1041@example.com,3008371182
1042,Customer1042,User1042,Male,1978-06-24,2024-07-01,12,Takeaway,Pizza,customer1042@example.com,3004180407
1043,Customer1043,User1043,Female,1972-03-13,2024-07-24,11,Dine-in,Biryani,customer1043@example.com,3004338530
1044,Customer1044,User1044,Female,1987-02-14,2024-08-18,16,Takeaway,Pasta,customer1044@example.com,3007708806
1045,Customer1045,User1045,Other,1994-03-04,2024-02-26,1,Takeaway,Biryani,customer1045@example.com,3006773384
1046,Customer1046,User1046,Other,1970-11-08,2024-01-22,11,Third-party Delivery,Salads,customer1046@example.com,3001134702
1047,Customer1047,User1047,Female,2000-05-10,2024-08-03,14,Takeaway,Salads,customer1047@example.com,3003558453
1048,Customer1048,User1048,Other,2002-03-08,2024-05-25,4,Website/App,Rice,customer1048@example.com,3008200092
1049,Customer1049,User1049,Male,2000-12-26,2024-02-23,17,Takeaway,Rice,customer1049@example.com,3003495209
1050,Customer1050,User1050,Male,1977-03-13,2024-01-09,7,Takeaway,Sandwiches,customer1050@example.com,3001296308
1051,Customer1051,User1051,Other,1982-02-28,2024-01-13,14,Website/App,Rice,customer1051@example.com,3004720771
1052,Customer1052,User1052,Female,1997-08-02,2024-09-14,2,Website/App,Pizza,customer1052@example.com,3005517199
1053,Customer1053,User1053,Female,1987-06-23,2024-07-08,11,Dine-in,Biryani,customer1053@example.com,3001686005
1054,Customer1054,User1054,Male,1973-11-24,2024-06-07,10,Third-party Delivery,BBQ,customer1054@example.com,3002690500
1055,Customer1055,User1055,Female,1981-05-16,2024-06-11,10,Dine-in,Pizza,customer1055@example.com,3001229203
1056,Customer1056,User1056,Other,1978-06-12,2024-12-26,12,Website/App,Rice,customer1056@example.com,3005629621
1057,Customer1057,User1057,Male,1994-02-04,2024-03-21,20,Dine-in,Burgers,customer1057@example.com,3004194945
1058,Customer1058,User1058,Male,1998-02-03,2024-09-20,11,Website/App,Desserts,customer1058@example.com,3004388982
1059,Customer1059,User1059,Other,1979-01-05,2024-04-14,18,Website/App,Beverages,customer1059@example.com,3006827390
1060,Customer1060,User1060,Female,1998-11-23,2024-02-14,3,Third-party Delivery,Sandwiches,customer1060@example.com,3009787280
1061,Customer1061,User1061,Other,1971-03-20,2024-05-23,5,Website/App,Burgers,customer1061@example.com,3002019943
1062,Customer1062,User1062,Other,1982-12-27,2024-07-16,18,Dine-in,Biryani,customer1062@example.com,3008344141
1063,Customer1063,User1063,Other,1994-09-25,2024-07-13,20,Website/App,Rice,customer1063@example.com,3004088120
1064,Customer1064,User1064,Male,1980-10-07,2024-10-23,1,Third-party Delivery,Beverages,customer1064@example.com,3009809266
1065,Customer1065,User1065,Female,1989-04-10,2024-12-09,18,Dine-in,Biryani,customer1065@example.com,3004756912
1066,Customer1066,User1066,Male,2004-04-10,2024-01-21,5,Website/App,Biryani,customer1066@example.com,3005537143
1067,Customer1067,User1067,Male,1985-04-18,2024-02-01,12,Website/App,Pasta,customer1067@example.com,3002396638
1068,Customer1068,User1068,Other,1986-12-05,2024-07-20,10,Website/App,Burgers,customer1068@example.com,3001174620
1069,Customer1069,User1069,Female,1984-12-09,2024-03-09,1,Dine-in,Sandwiches,,3005317535
1070,Customer1070,User1070,Other,1983-08-08,2024-06-09,7,Third-party Delivery,Biryani,customer1070@example.com,3008483576
1071,Customer1071,User1071,Male,1997-06-05,2024-08-03,16,Takeaway,Desserts,customer1071@example.com,3004104255
1072,Customer1072,User1072,Male,1982-10-16,2024-12-06,10,Dine-in,BBQ,customer1072@example.com,3003733321
1073,Customer1073,User1073,Male,1995-11-20,2024-04-03,5,Dine-in,Sandwiches,customer1073@example.com,3005114676
1074,Customer1074,User1074,Female,1995-02-24,2024-09-05,1,Dine-in,Sandwiches,customer1074@example.com,3007442292
1075,Customer1075,User1075,Male,1977-01-25,2024-11-02,5,Takeaway,Pizza,customer1075@example.com,3005490530
1076,Customer1076,User1076,Male,1970-01-26,2024-02-18,11,Dine-in,Rice,customer1076@example.com,3003335893
1077,Customer1077,User1077,Female,1998-03-10,2024-06-16,5,Takeaway,Burgers,customer1077@example.com,3005487177
1078,Customer1078,User1078,Other,2004-02-01,2024-01-04,18,Website/App,Pizza,customer1078@example.com,3009582257
1079,Customer1079,User1079,Female,1979-01-08,2024-01-08,14,Third-party Delivery,Biryani,customer1079@example.com,3006927556
1080,Customer1080,User1080,Other,1988-04-22,2024-07-22,4,Third-party Delivery,Biryani,customer1080@example.com,3002847769
1081,Customer1081,User1081,Male,1976-05-12,2024-02-20,11,Dine-in,Pasta,customer1081@example.com,3002422780
1082,Customer1082,User1082,Male,1979-03-14,2024-09-11,20,Takeaway,Sandwiches,customer1082@example.com,3003520273
1083,Customer1083,User1083,Other,1989-10-27,2024-05-12,4,Website/App,Desserts,customer1083@example.com,3007192680
1084,Customer1084,User1084,Female,1974-01-28,2024-03-25,5,Website/App,Biryani,customer1084@example.com,3007553173
1085,Customer1085,User1085,Female,2000-02-04,2024-10-14,9,Takeaway,Pizza,customer1085@example.com,3006419936
1086,Customer1086,User1086,Male,1981-07-12,2024-06-16,14,Third-party Delivery,Sandwiches,customer1086@example.com,3006594616
1087,Customer1087,User1087,Male,1985-07-14,2024-09-16,18,Third-party Delivery,Beverages,customer1087@example.com,3009996153
1088,Customer1088,User1088,Male,1994-02-19,2024-12-14,17,Takeaway,Pizza,customer1088@example.com,3004945884
1089,Customer1089,User1089,Female,1970-04-28,2024-01-12,18,Third-party Delivery,Biryani,customer1089@example.com,3002848116
1090,Customer1090,User1090,Male,1992-06-28,2024-03-10,15,Takeaway,Beverages,customer1090@example.com,3008064499
1091,Customer1091,User1091,Male,1983-04-02,2024-12-05,4,Takeaway,Sandwiches,customer1091@example.com,3001442027
1092,Customer1092,User1092,Other,1997-06-02,2024-12-04,19,Dine-in,Desserts,customer1092@example.com,3003653705
1093,Customer1093,User1093,Male,1979-06-05,2024-02-08,3,Dine-in,Salads,customer1093@example.com,3007987624
1094,Customer1094,User1094,Male,1981-08-24,2024-03-24,17,Website/App,Desserts,customer1094@example.com,3007904201
1095,Customer1095,User1095,Other,1991-08-26,2024-11-23,1,Website/App,Pizza,customer1095@example.com,3003615355
1096,Customer1096,User1096,Male,1972-10-25,2024-03-17,6,Dine-in,Sandwiches,customer1096@example.com,3008107177
1097,Customer1097,User1097,Other,1999-09-23,2024-05-19,17,Website/App,Rice,customer1097@example.com,3008108007
1098,Customer1098,User1098,Male,1987-02-17,2024-07-05,7,Third-party Delivery,Salads,customer1098@example.com,3001939470
1099,Customer1099,User1099,Male,1995-03-27,2024-12-18,20,Dine-in,Desserts,customer1099@example.com,3009009715
1100,Customer1100,User1100,Female,1995-07-06,2024-01-26,12,Third-party Delivery,Rice,customer1100@example.com,3005528498
1101,Customer1101,User1101,Male,1976-02-12,2024-10-25,11,Dine-in,Rice,customer1101@example.com,3005734646
1102,Customer1102,User1102,Male,2004-02-03,2024-04-20,1,Website/App,Rice,customer1102@example.com,3004384399
1103,Customer1103,User1103,Other,1972-04-09,2024-02-19,19,Dine-in,Salads,customer1103@example.com,3009116934
1104,Customer1104,User1104,Male,1973-06-03,2024-05-01,12,Website/App,Sandwiches,customer1104@example.com,3009392233
1105,Customer1105,User1105,Male,1990-07-24,2024-06-05,4,Website/App,Sandwiches,customer1105@example.com,3009448643
1106,Customer1106,User1106,Male,2002-03-01,2024-10-26,13,Third-party Delivery,Salads,customer1106@example.com,3001627606
1107,Customer1107,User1107,Female,1980-03-22,2024-08-03,3,Takeaway,Rice,customer1107@example.com,3003363282
1108,Customer1108,User1108,Other,1980-09-17,2024-12-20,17,Website/App,Desserts,customer1108@example.com,3003201130
1109,Customer1109,User1109,Female,1988-06-20,2024-07-02,13,Takeaway,Rice,customer1109@example.com,3002258262
1110,Customer1110,User1110,Male,2001-02-26,2024-01-05,10,Dine-in,Desserts,customer1110@example.com,3002578970
1111,Customer1111,User1111,Female,1990-03-10,2024-03-03,9,Website/App,Pasta,customer1111@example.com,3002497018
1112,Customer1112,User1112,Male,1981-12-25,2024-08-09,16,Website/App,Desserts,customer1112@example.com,3003356313
1113,Customer1113,User1113,Male,2001-01-12,2024-05-13,14,Takeaway,Desserts,customer1113@example.com,3007152746
1114,Customer1114,User1114,Other,1990-06-03,2024-11-14,17,Third-party Delivery,BBQ,customer1114@example.com,3001715977
1115,Customer1115,User1115,Other,1973-12-26,2024-04-23,18,Dine-in,Biryani,customer1115@example.com,3002766607
1116,Customer1116,User1116,Female,1994-03-19,2024-07-28,3,Takeaway,Sandwiches,customer1116@example.com,3008755747
1117,Customer1117,User1117,Other,1975-06-15,2024-08-21,18,Third-party Delivery,Pizza,customer1117@example.com,3002439863
1118,Customer1118,User1118,Male,1976-07-25,2024-07-07,13,Website/App,Pizza,,3006323156
1119,Customer1119,User1119,Female,2001-04-23,2024-12-16,4,Website/App,Desserts,customer1119@example.com,3001642271
1120,Customer1120,User1120,Other,1979-08-05,2024-11-07,11,Dine-in,Salads,customer1120@example.com,3007380120
1121,Customer1121,User1121,Male,1993-07-16,2024-04-02,7,Dine-in,Sandwiches,customer1121@example.com,3005527300
1122,Customer1122,User1122,Female,1981-02-05,2024-02-09,13,Dine-in,BBQ,customer1122@example.com,3008573586
1123,Customer1123,User1123,Female,2003-04-22,2024-05-06,2,Dine-in,Sandwiches,customer1123@example.com,3006738129
1124,Customer1124,User1124,Female,1980-04-12,2024-07-16,16,Takeaway,Sandwiches,customer1124@example.com,3006950750
1125,Customer1125,User1125,Other,1994-01-18,2024-10-07,3,Takeaway,Pasta,customer1125@example.com,3006310245
1126,Customer1126,User1126,Male,1979-08-05,2024-08-28,11,Dine-in,Sandwiches,customer1126@example.com,3005409097
1127,Customer1127,User1127,Other,1970-08-27,2024-03-21,15,Dine-in,Burgers,customer1127@example.com,3004667881
1128,Customer1128,User1128,Other,1982-07-23,2024-09-25,6,Third-party Delivery,Rice,customer1128@example.com,3006839906
1129,Customer1129,User1129,Male,1982-11-19,2024-01-12,12,Dine-in,BBQ,customer1129@example.com,3006150025
1130,Customer1130,User1130,Other,1977-12-16,2024-11-15,14,Third-party Delivery,Pasta,customer1130@example.com,3006909123
1131,Customer1131,User1131,Other,1997-09-25,2024-06-04,6,Third-party Delivery,Sandwiches,customer1131@example.com,3007259939
1132,Customer1132,User1132,Male,1980-09-14,2024-07-10,14,Website/App,Salads,customer1132@example.com,3002664720
1133,Customer1133,User1133,Male,1976-02-21,2024-01-20,14,Dine-in,Desserts,customer1133@example.com,3002672723
1134,Customer1134,User1134,Other,1998-09-19,2024-01-22,10,Third-party Delivery,Rice,customer1134@example.com,3004739295
1135,Customer1135,User1135,Female,1994-02-07,2024-08-04,12,Third-party Delivery,Sandwiches,customer1135@example.com,3007640565
1136,Customer1136,User1136,Male,1993-04-17,2024-05-09,9,Website/App,Sandwiches,customer1136@example.com,3005052611
1137,Customer1137,User1137,Male,1996-01-01,2024-01-05,12,Website/App,Pasta,customer1137@example.com,3003859017
1138,Customer1138,User1138,Other,1997-04-18,2024-07-07,20,Third-party Delivery,Burgers,customer1138@example.com,3008199144
1139,Customer1139,User1139,Male,1994-12-06,2024-07-11,17,Takeaway,Sandwiches,customer1139@example.com,3004875025
1140,Customer1140,User1140,Male,1978-09-04,2024-11-19,13,Website/App,Beverages,customer1140@example.com,3003668469
1141,Customer1141,User1141,Female,1983-02-03,2024-01-14,1,Takeaway,Burgers,customer1141@example.com,3002321583
1142,Customer1142,User1142,Other,1994-01-24,2024-12-05,15,Website/App,Biryani,customer1142@example.com,3005021865
1143,Customer1143,User1143,Other,1984-05-07,2024-09-27,8,Third-party Delivery,BBQ,customer1143@example.com,3001868201
1144,Customer1144,User1144,Female,1975-03-21,2024-01-21,19,Dine-in,Pizza,customer1144@example.com,3008702884
1145,Customer1145,User1145,Other,1977-02-05,2024-05-09,6,Dine-in,Pizza,customer1145@example.com,3009292055
1146,Customer1146,User1146,Female,1983-07-04,2024-08-26,1,Third-party Delivery,Pizza,customer1146@example.com,3009162405
1147,Customer1147,User1147,Other,1974-04-22,2024-07-13,11,Third-party Delivery,Biryani,customer1147@example.com,3004016651
1148,Customer1148,User1148,Female,1970-03-22,2024-10-21,20,Dine-in,Pizza,customer1148@example.com,3006751404
1149,Customer1149,User1149,Female,2000-10-20,2024-09-01,6,Website/App,Pizza,customer1149@example.com,3004235406
1150,Customer1150,User1150,Other,1971-09-01,2024-09-17,5,Takeaway,Pasta,customer1150@example.com,3002925830
1151,Customer1151,User1151,Male,1971-06-05,2024-04-03,5,Website/App,BBQ,customer1151@example.com,3009079485
1152,Customer1152,User1152,Male,1975-06-23,2024-09-21,10,Third-party Delivery,Desserts,customer1152@example.com,3008315906
1153,Customer1153,User1153,Other,1995-04-09,2024-03-07,9,Third-party Delivery,Pizza,customer1153@example.com,3006227531
1154,Customer1154,User1154,Male,1983-12-16,2024-07-15,14,Website/App,Pasta,customer1154@example.com,3002804542
1155,Customer1155,User1155,Other,1994-07-07,2024-10-12,12,Dine-in,Desserts,customer1155@example.com,3003805973
1156,Customer1156,User1156,Male,2002-05-19,2024-07-10,20,Website/App,Sandwiches,customer1156@example.com,3001502309
1157,Customer1157,User1157,Male,1981-06-14,2024-03-12,8,Dine-in,Rice,customer1157@example.com,3007235425
1158,Customer1158,User1158,Female,1979-06-04,2024-01-11,1,Website/App,Rice,customer1158@example.com,3008807724
1159,Customer1159,User1159,Other,1990-04-18,2024-02-13,10,Takeaway,Beverages,customer1159@example.com,3004648430
1160,Customer1160,User1160,Male,1987-12-20,2024-11-03,19,Third-party Delivery,Sandwiches,customer1160@example.com,3006331518
1161,Customer1161,User1161,Female,1982-04-02,2024-08-16,2,Website/App,Sandwiches,customer1161@example.com,3003000834
1162,Customer1162,User1162,Male,1998-03-20,2024-06-19,13,Takeaway,Salads,customer1162@example.com,3001356829
1163,Customer1163,User1163,Female,1971-11-26,2024-10-01,15,Website/App,Biryani,customer1163@example.com,3007758043
1164,Customer1164,User1164,Male,2004-09-02,2024-06-21,1,Dine-in,Desserts,customer1164@example.com,3002595845
1165,Customer1165,User1165,Female,1989-05-11,2024-06-13,3,Website/App,Desserts,customer1165@example.com,3001789750
1166,Customer1166,User1166,Female,1989-12-15,2024-08-28,4,Website/App,Salads,customer1166@example.com,3002723751
1167,Customer1167,User1167,Male,1984-01-27,2024-01-05,4,Website/App,Sandwiches,customer1167@example.com,3004797376
1168,Customer1168,User1168,Male,1975-04-24,2024-06-27,18,Dine-in,Burgers,customer1168@example.com,3005356836
1169,Customer1169,User1169,Male,1977-01-10,2024-02-09,11,Third-party Delivery,BBQ,customer1169@example.com,3003857807
1170,Customer1170,User1170,Male,1999-02-05,2024-06-28,5,Third-party Delivery,Desserts,customer1170@example.com,3003053083
1171,Customer1171,User1171,Other,2003-04-19,2024-08-22,16,Website/App,Pasta,customer1171@example.com,3009098468
1172,Customer1172,User1172,Male,1975-05-25,2024-05-23,3,Website/App,Beverages,customer1172@example.com,3005066398
1173,Customer1173,User1173,Other,1983-12-03,2024-02-16,2,Takeaway,Burgers,customer1173@example.com,3004626151
1174,Customer1174,User1174,Female,1994-04-16,2024-02-11,7,Website/App,BBQ,customer1174@example.com,3008617224
1175,Customer1175,User1175,Other,1979-09-04,2024-03-08,12,Third-party Delivery,Desserts,customer1175@example.com,3009614497
1176,Customer1176,User1176,Male,1995-04-03,2024-05-14,6,Website/App,Salads,customer1176@example.com,3002712355
1177,Customer1177,User1177,Male,1999-02-24,2024-02-08,1,Third-party Delivery,Biryani,customer1177@example.com,3005475434
1178,Customer1178,User1178,Male,2000-11-17,2024-08-12,9,Dine-in,Beverages,customer1178@example.com,3002410406
1179,Customer1179,User1179,Female,1997-04-05,2024-07-17,14,Website/App,Burgers,customer1179@example.com,3008404466
1180,Customer1180,User1180,Female,1993-02-02,2024-11-13,14,Takeaway,BBQ,customer1180@example.com,3004178437
1181,Customer1181,User1181,Female,1981-10-09,2024-09-20,16,Third-party Delivery,Pizza,customer1181@example.com,3001836704
1182,Customer1182,User1182,Other,1985-02-08,2024-02-02,2,Website/App,Rice,customer1182@example.com,3002104735
1183,Customer1183,User1183,Other,1976-05-08,2024-10-23,13,Third-party Delivery,Sandwiches,customer1183@example.com,3002699603
1184,Customer1184,User1184,Male,1987-08-07,2024-03-26,7,Website/App,BBQ,customer1184@example.com,3005831479
1185,Customer1185,User1185,Other,1970-02-06,2024-09-23,20,Third-party Delivery,BBQ,customer1185@example.com,3005003370
1186,Customer1186,User1186,Male,1990-11-03,2024-03-06,11,Third-party Delivery,Biryani,customer1186@example.com,3001213654
1187,Customer1187,User1187,Other,2000-07-11,2024-01-06,9,Dine-in,Biryani,customer1187@example.com,3001163307
1188,Customer1188,User1188,Other,1992-08-19,2024-01-16,8,Third-party Delivery,Pizza,customer1188@example.com,3001757936
1189,Customer1189,User1189,Male,1988-04-17,2024-09-06,5,Dine-in,Pizza,customer1189@example.com,3006110378
1190,Customer1190,User1190,Other,1991-08-16,2024-12-12,18,Website/App,Desserts,customer1190@example.com,3005253642
1191,Customer1191,User1191,Female,1999-01-27,2024-06-10,11,Third-party Delivery,Pizza,customer1191@example.com,3005528798
1192,Customer1192,User1192,Other,2003-12-21,2024-01-05,14,Takeaway,Biryani,customer1192@example.com,3006992727
1193,Customer1193,User1193,Female,1971-04-19,2024-12-23,14,Website/App,Rice,customer1193@example.com,3002497768
1194,Customer1194,User1194,Male,1994-11-04,2024-05-21,18,Third-party Delivery,Beverages,customer1194@example.com,3003935211
1195,Customer1195,User1195,Female,1992-06-13,2024-10-14,9,Website/App,Rice,customer1195@example.com,3001689543
1196,Customer1196,User1196,Other,2003-12-11,2024-10-04,14,Third-party Delivery,Salads,customer1196@example.com,3006821657
1197,Customer1197,User1197,Female,1977-01-16,2024-11-05,15,Takeaway,Beverages,customer1197@example.com,3005861731
1198,Customer1198,User1198,Other,1980-05-16,2024-05-03,10,Dine-in,Desserts,customer1198@example.com,3001687078
1199,Customer1199,User1199,Male,1988-10-04,2024-01-16,10,Dine-in,Sandwiches,customer1199@example.com,3006909866
1200,Customer1200,User1200,Other,1970-01-09,2024-03-12,10,Takeaway,Pizza,customer1200@example.com,3005541070
1201,Customer1201,User1201,Male,1982-07-19,2024-02-10,8,Dine-in,Desserts,customer1201@example.com,3006949741
1202,Customer1202,User1202,Male,1994-07-13,2024-02-09,10,Website/App,Biryani,customer1202@example.com,3008311783
1203,Customer1203,User1203,Other,1990-10-05,2024-11-25,7,Website/App,Biryani,customer1203@example.com,3007984561
1204,Customer1204,User1204,Other,1982-05-10,2024-02-10,19,Third-party Delivery,Beverages,customer1204@example.com,3004076474
1205,Customer1205,User1205,Female,1997-02-05,2024-09-15,11,Website/App,Desserts,customer1205@example.com,3006942386
1206,Customer1206,User1206,Female,1999-07-14,2024-08-01,18,Dine-in,Sandwiches,customer1206@example.com,3002483592
1207,Customer1207,User1207,Male,1989-04-19,2024-09-12,5,Website/App,Burgers,customer1207@example.com,3007587730
1208,Customer1208,User1208,Male,1995-11-01,2024-08-26,17,Third-party Delivery,Burgers,customer1208@example.com,3002420343
1209,Customer1209,User1209,Male,1987-11-04,2024-06-20,4,Website/App,Salads,customer1209@example.com,3009077690
1210,Customer1210,User1210,Other,1991-01-04,2024-12-19,17,Dine-in,Rice,customer1210@example.com,3009661473
1211,Customer1211,User1211,Male,2001-03-08,2024-11-21,5,Website/App,BBQ,customer1211@example.com,3001108226
1212,Customer1212,User1212,Female,1982-02-03,2024-01-05,20,Dine-in,Beverages,customer1212@example.com,3002625102
1213,Customer1213,User1213,Male,1983-02-16,2024-01-27,17,Third-party Delivery,Sandwiches,customer1213@example.com,3001933705
1214,Customer1214,User1214,Male,1989-07-16,2024-03-27,8,Website/App,Salads,customer1214@example.com,3008367376
1215,Customer1215,User1215,Other,1977-07-05,2024-11-01,6,Takeaway,Rice,customer1215@example.com,3003865137
1216,Customer1216,User1216,Other,2004-04-16,2024-08-10,10,Dine-in,Salads,,3009270565
1217,Customer1217,User1217,Female,1987-07-13,2024-12-26,4,Third-party Delivery,Sandwiches,customer1217@example.com,3008127514
1218,Customer1218,User1218,Male,1971-05-15,2024-02-19,13,Dine-in,Salads,customer1218@example.com,3006079496
1219,Customer1219,User1219,Male,1998-01-12,2024-03-15,15,Website/App,Burgers,customer1219@example.com,3003656077
1220,Customer1220,User1220,Female,2002-09-07,2024-06-23,17,Third-party Delivery,Beverages,customer1220@example.com,3002053034
1221,Customer1221,User1221,Male,1979-06-21,2024-12-19,11,Third-party Delivery,Biryani,customer1221@example.com,3005669772
1222,Customer1222,User1222,Other,1989-07-03,2024-11-16,13,Third-party Delivery,Salads,customer1222@example.com,3004026182
1223,Customer1223,User1223,Other,2002-11-17,2024-05-05,11,Website/App,Salads,customer1223@example.com,3007774201
1224,Customer1224,User1224,Male,1972-01-28,2024-12-06,8,Dine-in,Pizza,customer1224@example.com,3009379110
1225,Customer1225,User1225,Other,2000-06-25,2024-04-25,8,Dine-in,Biryani,customer1225@example.com,3007443851
1226,Customer1226,User1226,Female,1974-01-20,2024-05-04,2,Dine-in,Desserts,customer1226@example.com,3007280082
1227,Customer1227,User1227,Other,1971-03-11,2024-02-23,15,Third-party Delivery,Biryani,customer1227@example.com,3004350987
1228,Customer1228,User1228,Male,1986-08-15,2024-11-10,8,Takeaway,Biryani,customer1228@example.com,3008282368
1229,Customer1229,User1229,Other,1982-02-19,2024-01-21,4,Takeaway,Burgers,customer1229@example.com,3003358248
1230,Customer1230,User1230,Male,1993-07-19,2024-09-28,3,Website/App,Biryani,customer1230@example.com,3009860962
1231,Customer1231,User1231,Female,1982-04-19,2024-08-17,12,Website/App,Salads,customer1231@example.com,3003313134
1232,Customer1232,User1232,Male,1998-07-21,2024-07-28,3,Dine-in,Biryani,customer1232@example.com,3009677962
1233,Customer1233,User1233,Female,1976-02-16,2024-04-02,20,Website/App,Burgers,customer1233@example.com,3004758452
1234,Customer1234,User1234,Female,1986-07-23,2024-06-03,6,Website/App,Pizza,customer1234@example.com,3009966143
1235,Customer1235,User1235,Other,1985-09-20,2024-09-10,13,Dine-in,Beverages,customer1235@example.com,3002860164
1236,Customer1236,User1236,Other,2000-05-21,2024-01-02,11,Third-party Delivery,BBQ,customer1236@example.com,3004364020
1237,Customer1237,User1237,Female,1973-03-07,2024-09-27,11,Dine-in,Rice,customer1237@example.com,3009280480
1238,Customer1238,User1238,Male,1972-06-03,2024-07-20,20,Dine-in,Beverages,customer1238@example.com,3009032452
1239,Customer1239,User1239,Male,1987-12-02,2024-02-02,16,Takeaway,Pasta,customer1239@example.com,3008239629
1240,Customer1240,User1240,Female,1989-04-01,2024-01-01,7,Third-party Delivery,Burgers,customer1240@example.com,3009089526
1241,Customer1241,User1241,Male,1994-07-23,2024-03-14,14,Takeaway,Pizza,customer1241@example.com,3008347629
1242,Customer1242,User1242,Male,1993-06-07,2024-06-14,2,Takeaway,Rice,customer1242@example.com,3002543349
1243,Customer1243,User1243,Other,1970-04-14,2024-12-25,18,Dine-in,Burgers,customer1243@example.com,3005193002
1244,Customer1244,User1244,Male,1974-01-05,2024-08-06,10,Dine-in,Pasta,customer1244@example.com,3006866446
1245,Customer1245,User1245,Other,1985-05-05,2024-10-13,16,Dine-in,Pizza,customer1245@example.com,3002281408
1246,Customer1246,User1246,Female,2004-04-16,2024-12-24,12,Takeaway,Desserts,customer1246@example.com,3006078780
1247,Customer1247,User1247,Female,1988-11-08,2024-09-09,11,Dine-in,Burgers,customer1247@example.com,3006815577
1248,Customer1248,User1248,Female,2001-05-03,2024-04-05,17,Takeaway,BBQ,customer1248@example.com,3004536127
1249,Customer1249,User1249,Male,1993-12-27,2024-03-02,8,Third-party Delivery,Desserts,customer1249@example.com,3002916606
1250,Customer1250,User1250,Male,2001-01-09,2024-05-19,13,Website/App,Pizza,customer1250@example.com,3002001936
1251,Customer1251,User1251,Female,1994-08-01,2024-07-13,15,Dine-in,Rice,customer1251@example.com,3004451578
1252,Customer1252,User1252,Female,1981-11-14,2024-09-02,10,Dine-in,Beverages,customer1252@example.com,3006835191
1253,Customer1253,User1253,Male,1991-05-26,2024-10-07,1,Website/App,Salads,customer1253@example.com,3008282586
1254,Customer1254,User1254,Female,1973-02-18,2024-07-24,10,Third-party Delivery,Sandwiches,customer1254@example.com,3009705913
1255,Customer1255,User1255,Female,1980-07-15,2024-12-08,5,Dine-in,BBQ,customer1255@example.com,3005603547
1256,Customer1256,User1256,Male,1985-09-10,2024-06-19,13,Dine-in,Salads,customer1256@example.com,3005601485
1257,Customer1257,User1257,Female,1987-11-09,2024-11-26,20,Dine-in,Pizza,customer1257@example.com,3006148846
1258,Customer1258,User1258,Other,1990-05-28,2024-03-15,15,Dine-in,Desserts,customer1258@example.com,3001148825
1259,Customer1259,User1259,Female,1972-06-16,2024-11-28,18,Takeaway,Sandwiches,customer1259@example.com,3001982890
1260,Customer1260,User1260,Other,1975-05-20,2024-09-11,3,Third-party Delivery,Biryani,customer1260@example.com,3005328638
1261,Customer1261,User1261,Female,1986-08-05,2024-04-21,6,Takeaway,Salads,customer1261@example.com,3001831808
1262,Customer1262,User1262,Male,1977-11-02,2024-03-22,17,Third-party Delivery,Salads,customer1262@example.com,3006323988
1263,Customer1263,User1263,Male,1984-01-23,2024-05-09,1,Website/App,Beverages,customer1263@example.com,3001750496
1264,Customer1264,User1264,Other,1985-06-04,2024-02-17,15,Dine-in,Beverages,customer1264@example.com,3002299399
1265,Customer1265,User1265,Male,1983-06-19,2024-06-27,14,Dine-in,Sandwiches,customer1265@example.com,3005749368
1266,Customer1266,User1266,Male,1971-06-20,2024-06-11,14,Website/App,Desserts,customer1266@example.com,3005933559
1267,Customer1267,User1267,Other,1971-03-12,2024-01-10,5,Dine-in,Pizza,customer1267@example.com,3004548039
1268,Customer1268,User1268,Female,2002-12-25,2024-12-17,19,Website/App,Rice,customer1268@example.com,3007355875
1269,Customer1269,User1269,Other,1972-11-24,2024-03-13,3,Dine-in,Rice,customer1269@example.com,3009447259
1270,Customer1270,User1270,Other,1996-09-24,2024-02-28,17,Dine-in,Salads,customer1270@example.com,3008924368
1271,Customer1271,User1271,Other,2003-09-15,2024-06-09,7,Website/App,Rice,customer1271@example.com,3006514410
1272,Customer1272,User1272,Male,1993-04-15,2024-06-24,4,Takeaway,Desserts,customer1272@example.com,3007877413
1273,Customer1273,User1273,Female,1975-06-18,2024-09-03,12,Third-party Delivery,Salads,customer1273@example.com,3004864628
1274,Customer1274,User1274,Female,1996-04-19,2024-03-18,8,Third-party Delivery,Salads,customer1274@example.com,3003317607
1275,Customer1275,User1275,Other,1986-05-11,2024-06-04,3,Third-party Delivery,Sandwiches,customer1275@example.com,3009472929
1276,Customer1276,User1276,Male,2001-11-25,2024-04-06,15,Dine-in,Biryani,customer1276@example.com,3003026500
1277,Customer1277,User1277,Female,1986-09-23,2024-08-24,4,Takeaway,Burgers,customer1277@example.com,3008238024
1278,Customer1278,User1278,Male,1980-02-05,2024-09-28,17,Third-party Delivery,Sandwiches,customer1278@example.com,3006945304
1279,Customer1279,User1279,Male,1995-12-18,2024-04-23,10,Dine-in,Pasta,customer1279@example.com,3006647890
1280,Customer1280,User1280,Other,1976-12-02,2024-02-24,12,Third-party Delivery,Sandwiches,customer1280@example.com,3008545615
1281,Customer1281,User1281,Other,1997-05-25,2024-08-23,5,Takeaway,Salads,customer1281@example.com,3009545877
1282,Customer1282,User1282,Male,1979-01-19,2024-10-12,15,Third-party Delivery,Pasta,customer1282@example.com,3008358269
1283,Customer1283,User1283,Male,2002-12-19,2024-05-25,4,Takeaway,BBQ,customer1283@example.com,3009276091
1284,Customer1284,User1284,Female,1973-10-17,2024-09-19,17,Third-party Delivery,BBQ,customer1284@example.com,3006415686
1285,Customer1285,User1285,Female,1990-03-05,2024-01-27,7,Third-party Delivery,Beverages,customer1285@example.com,3005668364
1286,Customer1286,User1286,Other,1990-02-12,2024-05-06,4,Website/App,BBQ,customer1286@example.com,3009164392
1287,Customer1287,User1287,Female,1984-03-10,2024-05-20,4,Takeaway,BBQ,customer1287@example.com,3003365639
1288,Customer1288,User1288,Male,1983-09-27,2024-09-25,6,Dine-in,Salads,customer1288@example.com,3001666811
1289,Customer1289,User1289,Other,2004-04-01,2024-08-27,1,Website/App,Rice,customer1289@example.com,3005728448
1290,Customer1290,User1290,Other,1997-12-15,2024-09-05,15,Website/App,Pizza,customer1290@example.com,3003012269
1291,Customer1291,User1291,Female,1997-08-09,2024-02-28,5,Website/App,Pizza,customer1291@example.com,3006934456
1292,Customer1292,User1292,Male,1984-12-03,2024-06-06,17,Website/App,BBQ,customer1292@example.com,3008607864
1293,Customer1293,User1293,Other,2002-11-25,2024-02-23,11,Dine-in,Sandwiches,customer1293@example.com,3002685083
1294,Customer1294,User1294,Other,2003-06-07,2024-09-22,2,Dine-in,Rice,customer1294@example.com,3003296375
1295,Customer1295,User1295,Other,1994-04-22,2024-04-09,16,Takeaway,Desserts,customer1295@example.com,3004139098
1296,Customer1296,User1296,Other,2001-05-05,2024-04-21,3,Takeaway,Burgers,customer1296@example.com,3008286660
1297,Customer1297,User1297,Male,2001-09-20,2024-04-23,6,Dine-in,Sandwiches,customer1297@example.com,3005413646
1298,Customer1298,User1298,Other,1994-11-19,2024-04-21,12,Third-party Delivery,Beverages,customer1298@example.com,3004020978
1299,Customer1299,User1299,Female,1984-05-22,2024-08-16,13,Website/App,Beverages,customer1299@example.com,3009069153
1300,Customer1300,User1300,Female,1976-04-04,2024-05-14,15,Website/App,Rice,customer1300@example.com,3008128056
1301,Customer1301,User1301,Male,1981-08-11,2024-11-04,12,Third-party Delivery,Biryani,customer1301@example.com,3009115789
1302,Customer1302,User1302,Female,1996-11-08,2024-01-10,9,Takeaway,Sandwiches,customer1302@example.com,3002020109
1303,Customer1303,User1303,Other,1990-05-22,2024-06-14,13,Third-party Delivery,Sandwiches,customer1303@example.com,3007688732
1304,Customer1304,User1304,Female,1973-05-16,2024-12-08,11,Dine-in,BBQ,customer1304@example.com,3008510091
1305,Customer1305,User1305,Female,1984-10-06,2024-09-07,4,Website/App,Biryani,customer1305@example.com,3001334200
1306,Customer1306,User1306,Other,1971-07-03,2024-12-11,12,Dine-in,Burgers,customer1306@example.com,3009701486
1307,Customer1307,User1307,Male,1993-09-07,2024-03-27,18,Third-party Delivery,Rice,customer1307@example.com,3005868538
1308,Customer1308,User1308,Male,1993-06-14,2024-04-18,8,Dine-in,Burgers,customer1308@example.com,3001336020
1309,Customer1309,User1309,Other,1976-09-13,2024-08-02,6,Website/App,BBQ,customer1309@example.com,3001406752
1310,Customer1310,User1310,Male,1985-01-09,2024-12-04,13,Third-party Delivery,Biryani,customer1310@example.com,3005529825
1311,Customer1311,User1311,Male,1974-02-17,2024-12-23,14,Dine-in,Burgers,customer1311@example.com,3003547579
1312,Customer1312,User1312,Male,1995-04-27,2024-10-28,10,Website/App,Sandwiches,customer1312@example.com,3009595901
1313,Customer1313,User1313,Other,1971-05-09,2024-08-07,4,Website/App,Salads,customer1313@example.com,3008908785
1314,Customer1314,User1314,Female,1988-07-03,2024-04-14,18,Website/App,Desserts,customer1314@example.com,3005771825
1315,Customer1315,User1315,Other,2004-09-08,2024-07-01,16,Third-party Delivery,Pasta,customer1315@example.com,3002817044
1316,Customer1316,User1316,Female,1984-10-01,2024-07-25,8,Third-party Delivery,Pasta,customer1316@example.com,3008999482
1317,Customer1317,User1317,Other,1976-11-10,2024-06-05,3,Dine-in,Beverages,customer1317@example.com,3003839639
1318,Customer1318,User1318,Male,2001-10-08,2024-02-05,13,Third-party Delivery,Beverages,customer1318@example.com,3004899524
1319,Customer1319,User1319,Male,2001-05-14,2024-05-24,11,Takeaway,Burgers,customer1319@example.com,3006392918
1320,Customer1320,User1320,Other,1996-01-09,2024-12-07,18,Third-party Delivery,Beverages,customer1320@example.com,3009385512
1321,Customer1321,User1321,Female,1985-06-15,2024-12-16,17,Dine-in,Pizza,customer1321@example.com,3008142094
1322,Customer1322,User1322,Other,1974-07-05,2024-01-06,17,Dine-in,Biryani,customer1322@example.com,3004311279
1323,Customer1323,User1323,Female,1977-01-14,2024-08-06,17,Third-party Delivery,Biryani,customer1323@example.com,3008015348
1324,Customer1324,User1324,Female,1970-05-04,2024-07-10,9,Website/App,Salads,customer1324@example.com,3007234947
1325,Customer1325,User1325,Other,1980-03-10,2024-09-22,7,Website/App,Beverages,customer1325@example.com,3005215097
1326,Customer1326,User1326,Female,1999-04-11,2024-12-24,5,Takeaway,Beverages,customer1326@example.com,3008950226
1327,Customer1327,User1327,Male,1990-07-06,2024-03-16,3,Dine-in,BBQ,customer1327@example.com,3004148654
1328,Customer1328,User1328,Male,1976-09-15,2024-06-04,2,Third-party Delivery,Salads,customer1328@example.com,3003624846
1329,Customer1329,User1329,Male,1992-11-18,2024-04-12,1,Takeaway,BBQ,customer1329@example.com,3005767876
1330,Customer1330,User1330,Female,1989-06-20,2024-07-09,18,Takeaway,Pizza,customer1330@example.com,3003557213
1331,Customer1331,User1331,Male,1983-05-06,2024-05-19,4,Takeaway,Beverages,customer1331@example.com,3007424776
1332,Customer1332,User1332,Female,1987-12-28,2024-10-22,16,Takeaway,Biryani,customer1332@example.com,3001044808
1333,Customer1333,User1333,Male,1983-02-26,2024-10-05,5,Takeaway,Desserts,customer1333@example.com,3001004141
1334,Customer1334,User1334,Female,1974-01-05,2024-09-26,15,Third-party Delivery,Desserts,customer1334@example.com,3006487648
1335,Customer1335,User1335,Female,2002-02-08,2024-09-13,13,Third-party Delivery,Desserts,customer1335@example.com,3006955771
1336,Customer1336,User1336,Female,2003-06-17,2024-02-20,7,Takeaway,BBQ,customer1336@example.com,3003397195
1337,Customer1337,User1337,Female,1998-08-23,2024-05-22,4,Third-party Delivery,Pasta,customer1337@example.com,3003986552
1338,Customer1338,User1338,Male,1993-08-25,2024-11-12,14,Takeaway,Salads,customer1338@example.com,3004204180
1339,Customer1339,User1339,Female,1993-03-24,2024-01-07,15,Website/App,Beverages,customer1339@example.com,3004269688
1340,Customer1340,User1340,Male,1989-06-04,2024-06-09,17,Dine-in,Salads,customer1340@example.com,3005580646
1341,Customer1341,User1341,Male,1987-11-16,2024-07-02,9,Website/App,Burgers,customer1341@example.com,3001510471
1342,Customer1342,User1342,Other,2000-10-21,2024-08-16,6,Third-party Delivery,Beverages,customer1342@example.com,3002742939
1343,Customer1343,User1343,Male,1993-01-20,2024-12-05,6,Takeaway,Pizza,customer1343@example.com,3008039259
1344,Customer1344,User1344,Male,1973-08-21,2024-12-02,11,Dine-in,Beverages,customer1344@example.com,3005655311
1345,Customer1345,User1345,Male,1971-06-27,2024-11-28,11,Takeaway,Salads,customer1345@example.com,3007144765
1346,Customer1346,User1346,Other,1970-11-13,2024-07-27,2,Dine-in,Rice,customer1346@example.com,3009414204
1347,Customer1347,User1347,Male,1987-02-06,2024-08-02,9,Takeaway,Beverages,customer1347@example.com,3007866101
1348,Customer1348,User1348,Male,1970-05-09,2024-09-12,4,Website/App,Desserts,customer1348@example.com,3002444438
1349,Customer1349,User1349,Other,1999-02-04,2024-02-06,3,Takeaway,Pasta,customer1349@example.com,3001337345
1350,Customer1350,User1350,Male,1970-04-21,2024-06-15,3,Takeaway,BBQ,,3004205892
1351,Customer1351,User1351,Other,1978-05-02,2024-07-23,10,Takeaway,BBQ,customer1351@example.com,3003355958
1352,Customer1352,User1352,Other,1990-07-08,2024-04-09,7,Takeaway,BBQ,customer1352@example.com,3005351239
1353,Customer1353,User1353,Other,1998-05-03,2024-08-12,19,Website/App,Pasta,customer1353@example.com,3009775200
1354,Customer1354,User1354,Female,1980-01-27,2024-10-13,5,Takeaway,Sandwiches,customer1354@example.com,3006820377
1355,Customer1355,User1355,Other,1988-04-11,2024-12-17,18,Website/App,Pizza,customer1355@example.com,3009611282
1356,Customer1356,User1356,Male,1986-04-15,2024-05-02,4,Takeaway,Desserts,customer1356@example.com,3003345711
1357,Customer1357,User1357,Female,1990-06-19,2024-07-22,19,Dine-in,Pasta,customer1357@example.com,3002755114
1358,Customer1358,User1358,Other,1992-01-06,2024-07-16,11,Website/App,Pizza,customer1358@example.com,3004139210
1359,Customer1359,User1359,Female,1989-03-15,2024-09-06,1,Third-party Delivery,Salads,customer1359@example.com,3008657887
1360,Customer1360,User1360,Other,1997-12-13,2024-08-27,8,Website/App,Pasta,customer1360@example.com,3006668656
1361,Customer1361,User1361,Female,1995-05-02,2024-04-25,17,Dine-in,Sandwiches,customer1361@example.com,3008145319
1362,Customer1362,User1362,Female,1995-10-01,2024-03-17,6,Website/App,Salads,customer1362@example.com,3009792694
1363,Customer1363,User1363,Male,1978-03-22,2024-06-26,2,Dine-in,BBQ,customer1363@example.com,3003373320
1364,Customer1364,User1364,Female,1999-07-06,2024-08-01,5,Takeaway,Biryani,customer1364@example.com,3006054678
1365,Customer1365,User1365,Female,1975-03-08,2024-04-14,3,Takeaway,Biryani,customer1365@example.com,3007279004
1366,Customer1366,User1366,Male,2000-03-12,2024-02-16,18,Third-party Delivery,Rice,customer1366@example.com,3008923978
1367,Customer1367,User1367,Other,1994-08-23,2024-04-25,4,Third-party Delivery,Biryani,customer1367@example.com,3006341139
1368,Customer1368,User1368,Male,1995-06-10,2024-11-24,14,Third-party Delivery,Beverages,customer1368@example.com,3002202201
1369,Customer1369,User1369,Female,2001-11-24,2024-10-01,8,Takeaway,Rice,customer1369@example.com,3007193016
1370,Customer1370,User1370,Female,1991-09-27,2024-01-20,20,Third-party Delivery,Pizza,customer1370@example.com,3004859992
1371,Customer1371,User1371,Male,2001-04-02,2024-04-10,14,Dine-in,Pasta,customer1371@example.com,3007443567
1372,Customer1372,User1372,Other,1981-07-05,2024-05-10,13,Third-party Delivery,Burgers,customer1372@example.com,3005379180
1373,Customer1373,User1373,Female,1981-03-13,2024-11-17,4,Third-party Delivery,Pizza,customer1373@example.com,3006809729
1374,Customer1374,User1374,Other,1976-11-28,2024-07-26,1,Takeaway,Pasta,customer1374@example.com,3003159890
1375,Customer1375,User1375,Other,2002-07-22,2024-08-01,16,Third-party Delivery,Sandwiches,customer1375@example.com,3001914547
1376,Customer1376,User1376,Female,1997-05-24,2024-11-04,20,Third-party Delivery,Beverages,customer1376@example.com,3007254970
1377,Customer1377,User1377,Female,1991-09-12,2024-02-26,6,Third-party Delivery,Beverages,customer1377@example.com,3007433589
1378,Customer1378,User1378,Other,1975-03-01,2024-06-23,19,Website/App,Rice,customer1378@example.com,3009638526
1379,Customer1379,User1379,Other,1999-07-02,2024-08-10,2,Dine-in,Desserts,customer1379@example.com,3008721725
1380,Customer1380,User1380,Female,1973-10-22,2024-06-09,14,Website/App,BBQ,customer1380@example.com,3001394773
1381,Customer1381,User1381,Other,1987-03-10,2024-06-14,1,Third-party Delivery,Pasta,customer1381@example.com,3005994297
1382,Customer1382,User1382,Other,1972-10-04,2024-06-24,2,Third-party Delivery,Rice,customer1382@example.com,3003939932
1383,Customer1383,User1383,Male,2004-02-05,2024-12-05,16,Third-party Delivery,BBQ,customer1383@example.com,3006794620
1384,Customer1384,User1384,Female,1985-12-27,2024-09-19,15,Dine-in,Pizza,customer1384@example.com,3006479245
1385,Customer1385,User1385,Female,1972-03-20,2024-12-21,4,Third-party Delivery,Beverages,customer1385@example.com,3002321455
1386,Customer1386,User1386,Female,1989-07-13,2024-01-06,9,Dine-in,Sandwiches,customer1386@example.com,3002953294
1387,Customer1387,User1387,Male,1986-05-20,2024-09-18,8,Dine-in,Pasta,customer1387@example.com,3008934254
1388,Customer1388,User1388,Male,1997-05-24,2024-12-25,6,Website/App,Beverages,customer1388@example.com,3001767426
1389,Customer1389,User1389,Other,1995-03-22,2024-05-09,1,Third-party Delivery,Rice,customer1389@example.com,3001314051
1390,Customer1390,User1390,Female,1978-05-09,2024-08-20,11,Dine-in,Rice,customer1390@example.com,3004771933
1391,Customer1391,User1391,Male,1990-04-03,2024-10-10,20,Third-party Delivery,Salads,customer1391@example.com,3008059261
1392,Customer1392,User1392,Other,1991-09-13,2024-08-18,1,Website/App,Pasta,customer1392@example.com,3006362716
1393,Customer1393,User1393,Female,1998-03-15,2024-12-16,7,Takeaway,Sandwiches,customer1393@example.com,3005289809
1394,Customer1394,User1394,Female,1972-11-28,2024-10-03,16,Website/App,Pizza,customer1394@example.com,3004482131
1395,Customer1395,User1395,Other,2003-06-10,2024-05-25,11,Third-party Delivery,Desserts,customer1395@example.com,3001496011
1396,Customer1396,User1396,Male,1980-10-12,2024-10-14,14,Dine-in,BBQ,customer1396@example.com,3009233534
1397,Customer1397,User1397,Male,1994-09-05,2024-07-20,4,Dine-in,Sandwiches,customer1397@example.com,3004662556
1398,Customer1398,User1398,Male,1977-10-10,2024-03-28,6,Third-party Delivery,Beverages,customer1398@example.com,3007853764
1399,Customer1399,User1399,Female,1983-07-20,2024-05-11,12,Dine-in,Pasta,customer1399@example.com,3009427273
1400,Customer1400,User1400,Other,2004-07-08,2024-07-16,15,Website/App,Desserts,customer1400@example.com,3003633482
1401,Customer1401,User1401,Male,1995-05-01,2024-09-27,11,Third-party Delivery,Biryani,customer1401@example.com,3002649587
1402,Customer1402,User1402,Female,1996-07-14,2024-04-21,1,Takeaway,Biryani,customer1402@example.com,3009445000
1403,Customer1403,User1403,Male,1996-01-11,2024-10-08,6,Third-party Delivery,Pizza,customer1403@example.com,3007212534
1404,Customer1404,User1404,Male,1994-09-17,2024-04-28,6,Third-party Delivery,Pasta,customer1404@example.com,3005015044
1405,Customer1405,User1405,Male,2000-12-07,2024-06-05,10,Dine-in,Burgers,customer1405@example.com,3004473005
1406,Customer1406,User1406,Other,1999-08-08,2024-11-20,15,Takeaway,Biryani,customer1406@example.com,3008741111
1407,Customer1407,User1407,Other,1977-10-27,2024-06-28,6,Takeaway,Desserts,customer1407@example.com,3002171758
1408,Customer1408,User1408,Male,1972-11-22,2024-07-28,17,Third-party Delivery,Sandwiches,,3002180539
1409,Customer1409,User1409,Female,1986-12-18,2024-02-23,20,Dine-in,Desserts,customer1409@example.com,3009066612
1410,Customer1410,User1410,Other,1973-05-26,2024-07-27,2,Website/App,Sandwiches,customer1410@example.com,3009582547
1411,Customer1411,User1411,Other,1998-07-26,2024-02-04,5,Website/App,Salads,customer1411@example.com,3002875419
1412,Customer1412,User1412,Other,1980-06-14,2024-11-11,5,Takeaway,Desserts,customer1412@example.com,3004524641
1413,Customer1413,User1413,Female,1976-06-21,2024-12-03,15,Third-party Delivery,Rice,customer1413@example.com,3005362068
1414,Customer1414,User1414,Female,1988-12-15,2024-06-26,15,Website/App,Salads,customer1414@example.com,3005618750
1415,Customer1415,User1415,Other,1972-03-05,2024-09-10,1,Takeaway,Pasta,customer1415@example.com,3007085502
1416,Customer1416,User1416,Other,1988-05-23,2024-03-19,10,Third-party Delivery,Desserts,customer1416@example.com,3005947259
1417,Customer1417,User1417,Male,1978-03-20,2024-05-28,13,Website/App,Rice,customer1417@example.com,3001469840
1418,Customer1418,User1418,Male,1989-03-19,2024-01-09,12,Third-party Delivery,Desserts,customer1418@example.com,3003859007
1419,Customer1419,User1419,Female,1979-10-28,2024-09-11,17,Website/App,Sandwiches,customer1419@example.com,3009141073
1420,Customer1420,User1420,Other,1980-09-16,2024-03-16,13,Dine-in,Pizza,customer1420@example.com,3006743965
1421,Customer1421,User1421,Male,1989-04-08,2024-03-09,20,Dine-in,Rice,customer1421@example.com,3006981102
1422,Customer1422,User1422,Female,1999-10-21,2024-01-27,17,Takeaway,Rice,customer1422@example.com,3007099530
1423,Customer1423,User1423,Other,1972-07-21,2024-02-11,17,Dine-in,BBQ,customer1423@example.com,3009971681
1424,Customer1424,User1424,Other,2004-02-26,2024-01-15,19,Takeaway,Rice,customer1424@example.com,3005296176
1425,Customer1425,User1425,Other,1981-12-21,2024-04-08,15,Takeaway,Burgers,customer1425@example.com,3005458768
1426,Customer1426,User1426,Other,1987-02-24,2024-04-24,3,Takeaway,Beverages,customer1426@example.com,3006079484
1427,Customer1427,User1427,Male,1983-04-08,2024-10-25,19,Third-party Delivery,Desserts,customer1427@example.com,3002648700
1428,Customer1428,User1428,Other,1973-06-26,2024-11-03,7,Third-party Delivery,Pizza,customer1428@example.com,3008413819
1429,Customer1429,User1429,Male,2000-04-04,2024-09-19,7,Third-party Delivery,BBQ,customer1429@example.com,3001161102
1430,Customer1430,User1430,Other,1997-02-24,2024-08-25,7,Third-party Delivery,Burgers,customer1430@example.com,3005223626
1431,Customer1431,User1431,Female,1987-08-21,2024-03-11,17,Third-party Delivery,Beverages,customer1431@example.com,3005760630
1432,Customer1432,User1432,Other,1989-05-28,2024-09-08,11,Website/App,Beverages,customer1432@example.com,3009439984
1433,Customer1433,User1433,Female,1998-02-25,2024-03-16,1,Website/App,Beverages,customer1433@example.com,3008893786
1434,Customer1434,User1434,Female,1980-03-03,2024-07-22,10,Dine-in,Desserts,customer1434@example.com,3006745050
1435,Customer1435,User1435,Other,2004-03-07,2024-02-25,8,Takeaway,BBQ,customer1435@example.com,3009418465
1436,Customer1436,User1436,Female,1990-09-16,2024-02-22,10,Takeaway,Salads,customer1436@example.com,3003593718
1437,Customer1437,User1437,Female,1980-04-25,2024-07-26,6,Takeaway,Salads,customer1437@example.com,3003636248
1438,Customer1438,User1438,Female,2003-08-21,2024-10-26,14,Website/App,Rice,customer1438@example.com,3005409982
1439,Customer1439,User1439,Female,1989-06-05,2024-05-11,12,Website/App,Desserts,customer1439@example.com,3006167665
1440,Customer1440,User1440,Female,1995-07-01,2024-07-02,14,Website/App,Biryani,customer1440@example.com,3008665337
1441,Customer1441,User1441,Female,1971-12-07,2024-04-22,9,Website/App,Pasta,customer1441@example.com,3001397267
1442,Customer1442,User1442,Female,1997-07-11,2024-09-18,7,Takeaway,Salads,customer1442@example.com,3009437990
1443,Customer1443,User1443,Female,1987-02-03,2024-04-06,11,Third-party Delivery,Salads,customer1443@example.com,3008883139
1444,Customer1444,User1444,Male,1994-12-23,2024-08-08,9,Third-party Delivery,Burgers,customer1444@example.com,3002701879
1445,Customer1445,User1445,Male,1991-05-18,2024-06-15,10,Dine-in,Desserts,customer1445@example.com,3003252923
1446,Customer1446,User1446,Other,1974-06-25,2024-12-14,5,Takeaway,Salads,customer1446@example.com,3006013965
1447,Customer1447,User1447,Other,1982-09-03,2024-08-08,11,Website/App,Beverages,customer1447@example.com,3009909162
1448,Customer1448,User1448,Female,1971-03-25,2024-02-28,11,Website/App,Desserts,customer1448@example.com,3004603961
1449,Customer1449,User1449,Male,1990-08-08,2024-08-12,11,Takeaway,BBQ,customer1449@example.com,3005284192
1450,Customer1450,User1450,Other,1971-03-04,2024-11-14,14,Third-party Delivery,Desserts,customer1450@example.com,3001805827
1451,Customer1451,User1451,Other,1973-09-12,2024-01-19,14,Dine-in,Beverages,customer1451@example.com,3006487324
1452,Customer1452,User1452,Other,2001-05-19,2024-06-21,3,Dine-in,Salads,customer1452@example.com,3002545911
1453,Customer1453,User1453,Other,1977-09-06,2024-09-28,3,Third-party Delivery,Salads,customer1453@example.com,3004202560
1454,Customer1454,User1454,Male,1997-05-15,2024-08-24,5,Website/App,Pizza,customer1454@example.com,3004047980
1455,Customer1455,User1455,Other,1991-08-17,2024-12-24,14,Dine-in,Sandwiches,customer1455@example.com,3005929377
1456,Customer1456,User1456,Male,1994-01-01,2024-04-11,14,Takeaway,BBQ,customer1456@example.com,3004739473
1457,Customer1457,User1457,Other,1990-09-15,2024-11-22,7,Website/App,Salads,customer1457@example.com,3003560283
1458,Customer1458,User1458,Male,1979-04-10,2024-03-04,1,Dine-in,Biryani,customer1458@example.com,3006847188
1459,Customer1459,User1459,Male,1990-06-08,2024-11-07,7,Website/App,Biryani,customer1459@example.com,3008118298
1460,Customer1460,User1460,Female,1984-04-25,2024-06-01,5,Third-party Delivery,Pizza,customer1460@example.com,3007293367
1461,Customer1461,User1461,Male,1998-12-28,2024-12-07,13,Dine-in,Desserts,customer1461@example.com,3008357595
1462,Customer1462,User1462,Female,1982-04-25,2024-07-19,4,Dine-in,Biryani,customer1462@example.com,3009501071
1463,Customer1463,User1463,Other,2003-02-06,2024-04-04,16,Website/App,Pasta,customer1463@example.com,3007964689
1464,Customer1464,User1464,Male,1983-02-26,2024-09-12,16,Website/App,Beverages,customer1464@example.com,3002878919
1465,Customer1465,User1465,Female,1971-01-13,2024-07-13,4,Website/App,Pasta,customer1465@example.com,3006200630
1466,Customer1466,User1466,Male,1997-11-10,2024-04-23,3,Third-party Delivery,Desserts,customer1466@example.com,3001265919
1467,Customer1467,User1467,Female,1990-01-05,2024-04-06,19,Dine-in,Biryani,customer1467@example.com,3009701033
1468,Customer1468,User1468,Male,1978-12-16,2024-01-02,20,Takeaway,BBQ,customer1468@example.com,3007236158
1469,Customer1469,User1469,Other,1996-03-14,2024-03-06,17,Takeaway,Biryani,customer1469@example.com,3007124824
1470,Customer1470,User1470,Male,1980-01-16,2024-04-10,13,Website/App,BBQ,customer1470@example.com,3006386706
1471,Customer1471,User1471,Male,1971-06-01,2024-08-02,5,Third-party Delivery,Burgers,customer1471@example.com,3007325627
1472,Customer1472,User1472,Other,2003-03-06,2024-02-01,12,Takeaway,Pizza,customer1472@example.com,3008044465
1473,Customer1473,User1473,Male,1977-08-15,2024-07-28,18,Third-party Delivery,Biryani,customer1473@example.com,3001012106
1474,Customer1474,User1474,Female,2000-08-09,2024-03-11,18,Website/App,Salads,customer1474@example.com,3002617294
1475,Customer1475,User1475,Female,2001-12-27,2024-10-07,5,Takeaway,Beverages,customer1475@example.com,3003177810
1476,Customer1476,User1476,Male,1984-11-03,2024-12-04,13,Website/App,Salads,customer1476@example.com,3002765436
1477,Customer1477,User1477,Male,1984-05-06,2024-12-22,10,Website/App,Desserts,customer1477@example.com,3009722758
1478,Customer1478,User1478,Other,1987-03-11,2024-07-12,5,Dine-in,Sandwiches,customer1478@example.com,3001805615
1479,Customer1479,User1479,Male,1981-01-05,2024-11-02,8,Takeaway,Sandwiches,customer1479@example.com,3006411195
1480,Customer1480,User1480,Male,2000-08-28,2024-06-07,19,Third-party Delivery,Desserts,customer1480@example.com,3004604353
1481,Customer1481,User1481,Female,1986-09-15,2024-02-24,9,Website/App,Pasta,customer1481@example.com,3004125920
1482,Customer1482,User1482,Female,1991-08-25,2024-09-15,4,Website/App,Beverages,customer1482@example.com,3005410115
1483,Customer1483,User1483,Male,1993-07-21,2024-01-18,5,Dine-in,Rice,customer1483@example.com,3008674459
1484,Customer1484,User1484,Male,1977-09-23,2024-05-05,12,Website/App,Desserts,customer1484@example.com,3008317619
1485,Customer1485,User1485,Other,1975-09-06,2024-07-27,17,Takeaway,Biryani,customer1485@example.com,3004722144
1486,Customer1486,User1486,Male,1982-12-24,2024-06-17,20,Takeaway,Salads,customer1486@example.com,3009901345
1487,Customer1487,User1487,Other,1973-09-12,2024-09-08,17,Takeaway,Pasta,customer1487@example.com,3003663379
1488,Customer1488,User1488,Male,1980-11-21,2024-10-08,5,Third-party Delivery,Rice,customer1488@example.com,3005671135
1489,Customer1489,User1489,Male,1995-05-13,2024-09-14,16,Third-party Delivery,Pasta,customer1489@example.com,3003283712
1490,Customer1490,User1490,Other,1989-01-03,2024-05-23,18,Website/App,Rice,customer1490@example.com,3002120966
1491,Customer1491,User1491,Male,1996-03-05,2024-08-27,6,Takeaway,Sandwiches,customer1491@example.com,3003675009
1492,Customer1492,User1492,Other,1996-07-19,2024-04-08,12,Dine-in,Rice,customer1492@example.com,3005634166
1493,Customer1493,User1493,Male,1995-02-24,2024-12-19,5,Takeaway,Desserts,customer1493@example.com,3003389217
1494,Customer1494,User1494,Other,1987-06-01,2024-11-04,17,Website/App,Beverages,customer1494@example.com,3002721547
1495,Customer1495,User1495,Other,2000-04-22,2024-08-10,4,Third-party Delivery,Biryani,customer1495@example.com,3002181161
1496,Customer1496,User1496,Other,1991-05-02,2024-07-27,9,Dine-in,Desserts,customer1496@example.com,3008145593
1497,Customer1497,User1497,Other,1980-12-23,2024-08-25,10,Takeaway,Beverages,customer1497@example.com,3002728894
1498,Customer1498,User1498,Male,1993-04-28,2024-11-16,14,Third-party Delivery,Burgers,customer1498@example.com,3002764796
1499,Customer1499,User1499,Female,1987-05-21,2024-09-11,14,Website/App,Pasta,customer1499@example.com,3002394075
1500,Customer1500,User1500,Male,1976-12-26,2024-08-08,19,Third-party Delivery,Rice,customer1500@example.com,3008277403
1501,Customer1501,User1501,Other,1987-02-25,2024-12-16,18,Third-party Delivery,Salads,customer1501@example.com,3009706817
1502,Customer1502,User1502,Other,1994-01-20,2024-02-19,4,Dine-in,Pizza,customer1502@example.com,3005003283
1503,Customer1503,User1503,Female,1996-07-23,2024-12-02,12,Third-party Delivery,Desserts,customer1503@example.com,3009770547
1504,Customer1504,User1504,Male,1995-11-24,2024-07-22,1,Takeaway,Salads,customer1504@example.com,3004032275
1505,Customer1505,User1505,Male,1991-02-10,2024-07-26,1,Third-party Delivery,BBQ,customer1505@example.com,3007016123
1506,Customer1506,User1506,Other,1992-06-08,2024-05-15,2,Website/App,Desserts,customer1506@example.com,3005415321
1507,Customer1507,User1507,Male,1983-09-25,2024-09-21,11,Third-party Delivery,Pasta,customer1507@example.com,3003886654
1508,Customer1508,User1508,Female,1975-06-12,2024-10-18,8,Website/App,BBQ,customer1508@example.com,3002699501
1509,Customer1509,User1509,Other,1975-11-13,2024-06-20,16,Takeaway,Sandwiches,,3004391499
1510,Customer1510,User1510,Female,2001-06-11,2024-08-12,6,Takeaway,Pasta,customer1510@example.com,3001267216
1511,Customer1511,User1511,Male,1982-10-10,2024-09-23,18,Website/App,Beverages,customer1511@example.com,3003984802
1512,Customer1512,User1512,Female,1974-04-03,2024-02-23,20,Third-party Delivery,BBQ,customer1512@example.com,3003445538
1513,Customer1513,User1513,Other,1991-09-12,2024-07-05,13,Dine-in,BBQ,customer1513@example.com,3002379281
1514,Customer1514,User1514,Female,1984-08-27,2024-01-08,18,Takeaway,BBQ,customer1514@example.com,3001442233
1515,Customer1515,User1515,Female,1984-12-08,2024-04-08,15,Takeaway,Biryani,customer1515@example.com,3001208345
1516,Customer1516,User1516,Female,1985-01-28,2024-10-16,15,Third-party Delivery,Beverages,customer1516@example.com,3004225237
1517,Customer1517,User1517,Female,1981-09-19,2024-07-21,19,Third-party Delivery,BBQ,customer1517@example.com,3007106385
1518,Customer1518,User1518,Female,1997-06-12,2024-04-11,18,Website/App,Pizza,customer1518@example.com,3003256414
1519,Customer1519,User1519,Female,1985-09-19,2024-03-04,17,Third-party Delivery,Beverages,customer1519@example.com,3006259401
1520,Customer1520,User1520,Male,1984-12-12,2024-12-23,18,Takeaway,Desserts,customer1520@example.com,3005515309
1521,Customer1521,User1521,Other,1973-08-20,2024-08-16,19,Third-party Delivery,Pizza,customer1521@example.com,3003874628
1522,Customer1522,User1522,Male,1998-09-21,2024-01-12,16,Takeaway,Pizza,customer1522@example.com,3006946051
1523,Customer1523,User1523,Male,1987-10-09,2024-12-01,20,Third-party Delivery,Sandwiches,customer1523@example.com,3003237355
1524,Customer1524,User1524,Female,1983-11-15,2024-05-18,10,Website/App,Rice,customer1524@example.com,3009522069
1525,Customer1525,User1525,Female,1979-09-22,2024-10-11,1,Dine-in,Pasta,customer1525@example.com,3003007953
1526,Customer1526,User1526,Male,1974-09-14,2024-12-06,7,Takeaway,Salads,customer1526@example.com,3004008839
1527,Customer1527,User1527,Male,1971-11-16,2024-12-04,11,Dine-in,Pizza,customer1527@example.com,3007770534
1528,Customer1528,User1528,Other,1994-07-13,2024-12-16,5,Website/App,Biryani,customer1528@example.com,3002608319
1529,Customer1529,User1529,Female,1992-03-23,2024-07-09,16,Dine-in,Biryani,customer1529@example.com,3005370558
1530,Customer1530,User1530,Female,1982-04-12,2024-11-21,3,Website/App,Desserts,customer1530@example.com,3002577526
1531,Customer1531,User1531,Other,1986-01-20,2024-01-18,2,Website/App,Pizza,customer1531@example.com,3003827180
1532,Customer1532,User1532,Male,2003-01-01,2024-06-13,10,Dine-in,Salads,customer1532@example.com,3007288704
1533,Customer1533,User1533,Male,1981-04-21,2024-10-16,6,Takeaway,Pasta,customer1533@example.com,3002626815
1534,Customer1534,User1534,Other,1979-10-12,2024-10-06,15,Takeaway,Beverages,customer1534@example.com,3003497284
1535,Customer1535,User1535,Female,1971-10-02,2024-09-26,4,Website/App,BBQ,customer1535@example.com,3002808163
1536,Customer1536,User1536,Female,1981-10-17,2024-03-04,16,Takeaway,Salads,customer1536@example.com,3003604706
1537,Customer1537,User1537,Other,1991-08-22,2024-09-27,13,Third-party Delivery,Pizza,customer1537@example.com,3002098296
1538,Customer1538,User1538,Female,1985-06-05,2024-04-27,16,Takeaway,Sandwiches,customer1538@example.com,3001697770
1539,Customer1539,User1539,Female,1973-08-26,2024-11-23,19,Dine-in,Beverages,customer1539@example.com,3002525946
1540,Customer1540,User1540,Other,1990-09-19,2024-10-23,18,Third-party Delivery,Beverages,customer1540@example.com,3004371081
1541,Customer1541,User1541,Female,1990-03-15,2024-04-10,14,Third-party Delivery,Sandwiches,customer1541@example.com,3007326133
1542,Customer1542,User1542,Male,2001-01-16,2024-02-11,18,Third-party Delivery,Salads,customer1542@example.com,3007523126
1543,Customer1543,User1543,Female,2001-05-25,2024-11-23,2,Dine-in,Rice,customer1543@example.com,3002496317
1544,Customer1544,User1544,Female,2004-03-21,2024-06-24,2,Dine-in,Burgers,customer1544@example.com,3006082589
1545,Customer1545,User1545,Female,1982-06-18,2024-01-27,14,Takeaway,Beverages,customer1545@example.com,3007221393
1546,Customer1546,User1546,Other,1972-04-04,2024-08-06,8,Website/App,Pizza,customer1546@example.com,3004415979
1547,Customer1547,User1547,Female,1983-10-21,2024-10-01,2,Third-party Delivery,Rice,customer1547@example.com,3002951710
1548,Customer1548,User1548,Female,1970-04-22,2024-06-06,13,Takeaway,Pasta,customer1548@example.com,3007743748
1549,Customer1549,User1549,Male,1979-03-20,2024-04-20,9,Third-party Delivery,Salads,customer1549@example.com,3006196562
1550,Customer1550,User1550,Male,1987-07-23,2024-01-14,14,Third-party Delivery,BBQ,customer1550@example.com,3004179223
1551,Customer1551,User1551,Female,1986-10-01,2024-11-23,13,Dine-in,Desserts,customer1551@example.com,3003162385
1552,Customer1552,User1552,Other,1984-02-21,2024-02-04,6,Third-party Delivery,Pizza,customer1552@example.com,3004076246
1553,Customer1553,User1553,Other,1990-03-24,2024-05-22,13,Website/App,Beverages,customer1553@example.com,3005805648
1554,Customer1554,User1554,Female,1986-02-25,2024-02-13,7,Dine-in,Beverages,customer1554@example.com,3009354503
1555,Customer1555,User1555,Male,1978-09-02,2024-08-16,4,Dine-in,Rice,customer1555@example.com,3001638058
1556,Customer1556,User1556,Female,1981-02-25,2024-12-26,3,Takeaway,Sandwiches,customer1556@example.com,3007222701
1557,Customer1557,User1557,Female,1979-08-20,2024-01-22,17,Takeaway,Rice,customer1557@example.com,3006333834
1558,Customer1558,User1558,Male,1970-03-11,2024-05-06,12,Third-party Delivery,Rice,customer1558@example.com,3001946707
1559,Customer1559,User1559,Female,1994-03-10,2024-09-03,8,Takeaway,Rice,customer1559@example.com,3006635276
1560,Customer1560,User1560,Other,1998-01-28,2024-08-03,8,Website/App,Beverages,customer1560@example.com,3003702775
1561,Customer1561,User1561,Male,1990-01-04,2024-11-03,14,Dine-in,Salads,customer1561@example.com,3003850704
1562,Customer1562,User1562,Other,1990-06-02,2024-03-04,8,Dine-in,Sandwiches,customer1562@example.com,3001057394
1563,Customer1563,User1563,Other,1973-07-25,2024-10-04,8,Dine-in,Salads,customer1563@example.com,3002240239
1564,Customer1564,User1564,Male,2000-10-21,2024-07-10,20,Third-party Delivery,Desserts,customer1564@example.com,3004987424
1565,Customer1565,User1565,Other,2001-10-09,2024-06-21,15,Third-party Delivery,Biryani,customer1565@example.com,3008620600
1566,Customer1566,User1566,Other,1993-04-05,2024-05-21,6,Third-party Delivery,BBQ,customer1566@example.com,3003689667
1567,Customer1567,User1567,Female,1971-07-26,2024-05-05,2,Third-party Delivery,Sandwiches,customer1567@example.com,3004808186
1568,Customer1568,User1568,Female,1978-11-12,2024-04-13,14,Third-party Delivery,Desserts,customer1568@example.com,3008588532
1569,Customer1569,User1569,Female,1994-08-12,2024-06-11,13,Takeaway,Beverages,customer1569@example.com,3004454681
1570,Customer1570,User1570,Male,1983-12-07,2024-10-07,20,Website/App,Desserts,customer1570@example.com,3007848595
1571,Customer1571,User1571,Female,1989-04-13,2024-03-16,4,Third-party Delivery,BBQ,customer1571@example.com,3007914190
1572,Customer1572,User1572,Male,1982-04-11,2024-09-06,13,Third-party Delivery,Biryani,customer1572@example.com,3008431976
1573,Customer1573,User1573,Male,1983-07-19,2024-11-06,9,Takeaway,Sandwiches,customer1573@example.com,3004318696
1574,Customer1574,User1574,Male,1996-06-15,2024-04-28,5,Third-party Delivery,Pasta,customer1574@example.com,3009901791
1575,Customer1575,User1575,Other,1972-11-04,2024-02-03,1,Dine-in,Burgers,customer1575@example.com,3006561791
1576,Customer1576,User1576,Male,1990-06-07,2024-12-05,7,Website/App,Pizza,customer1576@example.com,3007089123
1577,Customer1577,User1577,Other,1990-10-27,2024-08-16,11,Takeaway,BBQ,customer1577@example.com,3006087531
1578,Customer1578,User1578,Male,1980-03-06,2024-07-04,18,Third-party Delivery,Biryani,customer1578@example.com,3008878038
1579,Customer1579,User1579,Other,1987-12-28,2024-04-04,5,Third-party Delivery,Pizza,customer1579@example.com,3001660659
1580,Customer1580,User1580,Male,1994-08-13,2024-08-06,1,Website/App,Desserts,customer1580@example.com,3004050662
1581,Customer1581,User1581,Female,1971-08-22,2024-10-12,11,Dine-in,Pasta,customer1581@example.com,3002155782
1582,Customer1582,User1582,Male,1978-10-10,2024-11-13,5,Dine-in,Rice,customer1582@example.com,3006380429
1583,Customer1583,User1583,Female,1975-06-20,2024-08-01,20,Third-party Delivery,Biryani,customer1583@example.com,3007127307
1584,Customer1584,User1584,Female,1982-09-09,2024-09-01,16,Website/App,Biryani,customer1584@example.com,3001872600
1585,Customer1585,User1585,Other,1985-12-10,2024-05-15,14,Website/App,Burgers,customer1585@example.com,3005577437
1586,Customer1586,User1586,Other,1999-11-03,2024-06-18,2,Takeaway,Salads,customer1586@example.com,3001179145
1587,Customer1587,User1587,Other,1971-05-13,2024-04-16,13,Third-party Delivery,Burgers,customer1587@example.com,3005534607
1588,Customer1588,User1588,Other,1994-06-12,2024-09-28,14,Third-party Delivery,Pasta,customer1588@example.com,3003220298
1589,Customer1589,User1589,Female,1986-09-07,2024-08-10,9,Dine-in,Desserts,customer1589@example.com,3002422629
1590,Customer1590,User1590,Other,1990-09-04,2024-01-26,5,Dine-in,Rice,customer1590@example.com,3002248470
1591,Customer1591,User1591,Male,1993-02-05,2024-10-26,8,Dine-in,Pizza,customer1591@example.com,3001161820
1592,Customer1592,User1592,Other,1970-12-26,2024-06-28,20,Dine-in,Biryani,customer1592@example.com,3008730320
1593,Customer1593,User1593,Other,1991-11-04,2024-10-04,2,Takeaway,Rice,customer1593@example.com,3002361565
1594,Customer1594,User1594,Male,1975-12-03,2024-01-14,8,Takeaway,Burgers,customer1594@example.com,3002332311
1595,Customer1595,User1595,Female,1990-11-17,2024-04-16,7,Third-party Delivery,Salads,customer1595@example.com,3004121650
1596,Customer1596,User1596,Female,1988-12-22,2024-10-28,2,Third-party Delivery,Biryani,customer1596@example.com,3009515853
1597,Customer1597,User1597,Male,1975-03-07,2024-05-05,18,Takeaway,Pizza,customer1597@example.com,3002271373
1598,Customer1598,User1598,Male,1981-06-25,2024-04-06,13,Website/App,Salads,customer1598@example.com,3007916943
1599,Customer1599,User1599,Other,1988-04-14,2024-05-27,12,Takeaway,Beverages,,3001117156
1600,Customer1600,User1600,Other,1986-05-25,2024-03-03,2,Dine-in,Desserts,customer1600@example.com,3006775107
1601,Customer1601,User1601,Other,1973-10-25,2024-07-03,15,Dine-in,Pizza,customer1601@example.com,3006341832
1602,Customer1602,User1602,Other,1993-12-22,2024-10-22,3,Website/App,Pasta,customer1602@example.com,3008562950
1603,Customer1603,User1603,Female,2000-06-16,2024-05-25,16,Website/App,Beverages,customer1603@example.com,3004192453
1604,Customer1604,User1604,Male,1980-01-23,2024-06-14,15,Third-party Delivery,Pasta,customer1604@example.com,3007765272
1605,Customer1605,User1605,Female,1999-08-05,2024-03-24,13,Third-party Delivery,Burgers,customer1605@example.com,3003339281
1606,Customer1606,User1606,Female,1994-11-05,2024-07-12,1,Third-party Delivery,Biryani,customer1606@example.com,3003534008
1607,Customer1607,User1607,Other,1981-04-04,2024-01-13,16,Takeaway,BBQ,customer1607@example.com,3006659210
1608,Customer1608,User1608,Male,1971-08-13,2024-03-10,18,Website/App,Rice,customer1608@example.com,3004186766
1609,Customer1609,User1609,Female,2001-07-14,2024-03-16,2,Website/App,Pizza,customer1609@example.com,3002122497
1610,Customer1610,User1610,Female,2000-10-10,2024-03-08,17,Third-party Delivery,Rice,customer1610@example.com,3007985116
1611,Customer1611,User1611,Female,1970-05-21,2024-03-11,10,Third-party Delivery,Salads,customer1611@example.com,3003044259
1612,Customer1612,User1612,Other,1978-09-10,2024-06-24,12,Takeaway,Pasta,customer1612@example.com,3008944398
1613,Customer1613,User1613,Male,1971-08-12,2024-07-08,7,Website/App,Rice,customer1613@example.com,3006243501
1614,Customer1614,User1614,Other,2000-05-18,2024-06-19,11,Takeaway,Biryani,customer1614@example.com,3006399457
1615,Customer1615,User1615,Other,1984-12-19,2024-10-08,8,Third-party Delivery,Salads,customer1615@example.com,3008881139
1616,Customer1616,User1616,Male,1990-09-04,2024-07-25,5,Website/App,Pizza,customer1616@example.com,3009879099
1617,Customer1617,User1617,Female,1999-10-24,2024-05-03,15,Third-party Delivery,Rice,customer1617@example.com,3005634040
1618,Customer1618,User1618,Other,1979-06-28,2024-01-16,8,Takeaway,Burgers,customer1618@example.com,3006489746
1619,Customer1619,User1619,Female,2000-09-05,2024-05-11,16,Website/App,Salads,customer1619@example.com,3009997791
1620,Customer1620,User1620,Male,1982-10-20,2024-02-10,2,Takeaway,Beverages,customer1620@example.com,3009457885
1621,Customer1621,User1621,Female,1985-07-14,2024-12-27,1,Website/App,BBQ,customer1621@example.com,3004426579
1622,Customer1622,User1622,Male,1988-01-01,2024-11-21,14,Dine-in,Pasta,customer1622@example.com,3008800390
1623,Customer1623,User1623,Male,1998-11-13,2024-09-06,20,Third-party Delivery,Pasta,customer1623@example.com,3002807658
1624,Customer1624,User1624,Female,1999-05-07,2024-12-20,15,Website/App,Biryani,customer1624@example.com,3003156470
1625,Customer1625,User1625,Female,1971-02-02,2024-06-18,16,Website/App,Biryani,customer1625@example.com,3006289331
1626,Customer1626,User1626,Other,1994-09-01,2024-11-14,11,Third-party Delivery,Biryani,customer1626@example.com,3006479614
1627,Customer1627,User1627,Other,1972-11-10,2024-06-19,19,Dine-in,Beverages,customer1627@example.com,3001937161
1628,Customer1628,User1628,Other,1978-08-03,2024-02-05,5,Dine-in,Beverages,customer1628@example.com,3003741090
1629,Customer1629,User1629,Other,1985-02-25,2024-06-12,11,Dine-in,Sandwiches,customer1629@example.com,3006764200
1630,Customer1630,User1630,Male,2001-07-18,2024-01-17,14,Third-party Delivery,Biryani,customer1630@example.com,3002501119
1631,Customer1631,User1631,Male,1998-03-04,2024-05-08,8,Dine-in,Beverages,customer1631@example.com,3001406431
1632,Customer1632,User1632,Male,1984-08-02,2024-01-08,8,Takeaway,Biryani,customer1632@example.com,3009398403
1633,Customer1633,User1633,Female,1990-07-25,2024-11-22,13,Dine-in,Beverages,customer1633@example.com,3005859342
1634,Customer1634,User1634,Female,1971-11-23,2024-12-14,18,Dine-in,Burgers,customer1634@example.com,3004357530
1635,Customer1635,User1635,Other,1972-04-08,2024-10-16,1,Website/App,Pizza,customer1635@example.com,3007175999
1636,Customer1636,User1636,Other,1980-07-07,2024-03-18,1,Website/App,BBQ,customer1636@example.com,3007279721
1637,Customer1637,User1637,Other,1994-03-27,2024-04-25,20,Website/App,Pasta,,3004284516
1638,Customer1638,User1638,Female,1986-07-04,2024-11-10,15,Dine-in,Desserts,customer1638@example.com,3009586664
1639,Customer1639,User1639,Female,1983-03-04,2024-01-13,4,Takeaway,Rice,customer1639@example.com,3006009840
1640,Customer1640,User1640,Other,1983-10-27,2024-05-12,15,Dine-in,Rice,customer1640@example.com,3005233438
1641,Customer1641,User1641,Male,2002-01-10,2024-01-07,6,Website/App,Rice,customer1641@example.com,3009381774
1642,Customer1642,User1642,Other,1994-12-11,2024-08-13,20,Takeaway,Desserts,customer1642@example.com,3009056009
1643,Customer1643,User1643,Other,1988-11-28,2024-04-03,20,Dine-in,Burgers,customer1643@example.com,3001523448
1644,Customer1644,User1644,Other,1973-01-09,2024-01-10,15,Third-party Delivery,Salads,customer1644@example.com,3003675751
1645,Customer1645,User1645,Male,1973-06-07,2024-11-07,14,Website/App,Pizza,customer1645@example.com,3005697262
1646,Customer1646,User1646,Female,1971-05-25,2024-01-04,10,Takeaway,BBQ,customer1646@example.com,3008665973
1647,Customer1647,User1647,Male,1977-11-24,2024-11-26,1,Third-party Delivery,Biryani,customer1647@example.com,3001240653
1648,Customer1648,User1648,Male,1975-12-08,2024-08-28,19,Website/App,BBQ,customer1648@example.com,3001378476
1649,Customer1649,User1649,Other,2000-02-24,2024-12-05,7,Dine-in,Sandwiches,customer1649@example.com,3007332141
1650,Customer1650,User1650,Male,1972-08-14,2024-08-14,6,Dine-in,Salads,customer1650@example.com,3001738763
1651,Customer1651,User1651,Other,1974-05-23,2024-05-24,16,Takeaway,BBQ,customer1651@example.com,3001409580
1652,Customer1652,User1652,Other,1987-04-08,2024-12-15,1,Dine-in,Salads,customer1652@example.com,3008303868
1653,Customer1653,User1653,Other,2001-04-23,2024-12-02,10,Website/App,Pizza,customer1653@example.com,3007162223
1654,Customer1654,User1654,Female,2000-09-06,2024-06-22,12,Takeaway,Pasta,customer1654@example.com,3006818132
1655,Customer1655,User1655,Female,1981-10-13,2024-06-15,12,Website/App,Biryani,customer1655@example.com,3009296512
1656,Customer1656,User1656,Other,2004-07-12,2024-07-03,20,Website/App,Biryani,customer1656@example.com,3006583525
1657,Customer1657,User1657,Female,1999-08-25,2024-09-28,6,Dine-in,Pasta,customer1657@example.com,3009495191
1658,Customer1658,User1658,Other,1979-10-11,2024-09-21,6,Takeaway,Rice,customer1658@example.com,3007649652
1659,Customer1659,User1659,Male,1996-02-17,2024-09-02,17,Dine-in,Salads,customer1659@example.com,3001067788
1660,Customer1660,User1660,Female,1980-12-08,2024-11-23,11,Third-party Delivery,Pizza,customer1660@example.com,3006460770
1661,Customer1661,User1661,Other,1993-09-13,2024-09-22,13,Takeaway,Salads,customer1661@example.com,3006891056
1662,Customer1662,User1662,Other,1996-12-25,2024-02-08,15,Takeaway,Rice,customer1662@example.com,3001010001
1663,Customer1663,User1663,Other,1976-08-05,2024-02-23,10,Takeaway,Sandwiches,customer1663@example.com,3006081107
1664,Customer1664,User1664,Male,2004-11-04,2024-04-01,1,Dine-in,BBQ,customer1664@example.com,3003031310
1665,Customer1665,User1665,Male,1981-11-03,2024-02-09,15,Dine-in,Sandwiches,customer1665@example.com,3006998094
1666,Customer1666,User1666,Other,1995-01-23,2024-10-10,11,Third-party Delivery,Pasta,customer1666@example.com,3004497183
1667,Customer1667,User1667,Female,1997-10-19,2024-08-21,20,Dine-in,Desserts,customer1667@example.com,3001528784
1668,Customer1668,User1668,Female,1990-06-01,2024-05-23,16,Third-party Delivery,Beverages,customer1668@example.com,3002644281
1669,Customer1669,User1669,Female,1992-11-16,2024-01-13,2,Third-party Delivery,Pizza,customer1669@example.com,3008967026
1670,Customer1670,User1670,Female,2004-02-03,2024-04-24,4,Third-party Delivery,Sandwiches,customer1670@example.com,3006660342
1671,Customer1671,User1671,Male,2000-01-11,2024-05-18,15,Takeaway,Salads,customer1671@example.com,3007888843
1672,Customer1672,User1672,Male,1970-11-05,2024-10-28,1,Third-party Delivery,Pizza,customer1672@example.com,3009423380
1673,Customer1673,User1673,Male,1999-05-23,2024-10-13,18,Dine-in,BBQ,customer1673@example.com,3002974150
1674,Customer1674,User1674,Other,2003-08-06,2024-08-10,6,Dine-in,BBQ,customer1674@example.com,3006560231
1675,Customer1675,User1675,Female,1977-11-05,2024-02-07,16,Third-party Delivery,Rice,customer1675@example.com,3001095504
1676,Customer1676,User1676,Female,1981-07-02,2024-05-06,8,Website/App,Salads,customer1676@example.com,3009277057
1677,Customer1677,User1677,Male,1998-12-04,2024-02-06,5,Takeaway,Salads,customer1677@example.com,3001397254
1678,Customer1678,User1678,Female,2001-06-26,2024-12-14,1,Website/App,Beverages,customer1678@example.com,3002783889
1679,Customer1679,User1679,Female,2000-01-09,2024-07-18,14,Dine-in,Pizza,customer1679@example.com,3002463693
1680,Customer1680,User1680,Female,1992-08-13,2024-09-08,5,Dine-in,Burgers,customer1680@example.com,3003717830
1681,Customer1681,User1681,Male,1981-11-07,2024-08-22,18,Website/App,Beverages,customer1681@example.com,3005412519
1682,Customer1682,User1682,Female,1974-11-06,2024-10-14,4,Dine-in,Rice,customer1682@example.com,3004396501
1683,Customer1683,User1683,Male,1989-03-24,2024-12-13,1,Website/App,Burgers,customer1683@example.com,3009559668
1684,Customer1684,User1684,Male,1977-09-22,2024-05-19,17,Dine-in,BBQ,customer1684@example.com,3003299515
1685,Customer1685,User1685,Female,1985-08-26,2024-04-07,16,Third-party Delivery,Desserts,customer1685@example.com,3004592379
1686,Customer1686,User1686,Male,1981-07-18,2024-11-21,18,Dine-in,Biryani,customer1686@example.com,3003129961
1687,Customer1687,User1687,Other,1979-02-16,2024-09-03,19,Takeaway,Rice,customer1687@example.com,3007937523
1688,Customer1688,User1688,Other,1993-04-27,2024-05-14,2,Third-party Delivery,Burgers,customer1688@example.com,3006376889
1689,Customer1689,User1689,Female,1971-04-22,2024-12-12,13,Third-party Delivery,Salads,customer1689@example.com,3004770193
1690,Customer1690,User1690,Other,1978-08-20,2024-09-14,6,Takeaway,Salads,customer1690@example.com,3009745266
1691,Customer1691,User1691,Female,2001-02-14,2024-10-01,14,Dine-in,Beverages,customer1691@example.com,3002423423
1692,Customer1692,User1692,Other,1979-11-02,2024-06-09,13,Website/App,Desserts,customer1692@example.com,3006729127
1693,Customer1693,User1693,Female,2004-10-11,2024-05-28,16,Third-party Delivery,Sandwiches,customer1693@example.com,3003302963
1694,Customer1694,User1694,Female,1991-02-23,2024-08-11,18,Dine-in,BBQ,customer1694@example.com,3005499844
1695,Customer1695,User1695,Female,1988-10-17,2024-04-11,11,Takeaway,Salads,customer1695@example.com,3004208920
1696,Customer1696,User1696,Female,1989-04-27,2024-06-17,14,Website/App,BBQ,customer1696@example.com,3008110991
1697,Customer1697,User1697,Other,1982-10-26,2024-03-26,10,Takeaway,Pasta,customer1697@example.com,3006387876
1698,Customer1698,User1698,Male,1999-10-17,2024-03-04,10,Takeaway,Rice,customer1698@example.com,3006660164
1699,Customer1699,User1699,Male,2001-06-08,2024-07-16,9,Third-party Delivery,Beverages,customer1699@example.com,3006727732
1700,Customer1700,User1700,Male,1986-10-03,2024-05-04,13,Third-party Delivery,Burgers,customer1700@example.com,3002116463
1701,Customer1701,User1701,Male,1986-08-15,2024-09-19,9,Third-party Delivery,Rice,customer1701@example.com,3005457726
1702,Customer1702,User1702,Male,1997-11-16,2024-10-04,16,Third-party Delivery,Sandwiches,customer1702@example.com,3006253650
1703,Customer1703,User1703,Male,1978-03-04,2024-06-25,2,Dine-in,Pizza,customer1703@example.com,3005653261
1704,Customer1704,User1704,Male,2004-05-05,2024-02-24,14,Takeaway,Burgers,customer1704@example.com,3002004617
1705,Customer1705,User1705,Male,1977-06-20,2024-12-09,10,Third-party Delivery,Rice,customer1705@example.com,3004866952
1706,Customer1706,User1706,Male,1987-09-12,2024-04-05,1,Website/App,Rice,customer1706@example.com,3003883035
1707,Customer1707,User1707,Female,1983-09-20,2024-01-06,3,Website/App,Desserts,customer1707@example.com,3003089825
1708,Customer1708,User1708,Male,1985-07-08,2024-04-15,20,Takeaway,Biryani,customer1708@example.com,3004696718
1709,Customer1709,User1709,Female,1976-01-08,2024-11-10,14,Third-party Delivery,Desserts,customer1709@example.com,3004580053
1710,Customer1710,User1710,Male,1976-02-14,2024-12-15,15,Takeaway,Sandwiches,customer1710@example.com,3007378070
1711,Customer1711,User1711,Male,2004-05-07,2024-11-16,14,Website/App,Pasta,customer1711@example.com,3001347553
1712,Customer1712,User1712,Female,2002-10-13,2024-08-20,7,Website/App,Biryani,customer1712@example.com,3002297834
1713,Customer1713,User1713,Other,1994-03-26,2024-07-07,7,Website/App,Pasta,customer1713@example.com,3007796488
1714,Customer1714,User1714,Female,1985-12-10,2024-04-13,20,Third-party Delivery,Burgers,customer1714@example.com,3005094863
1715,Customer1715,User1715,Other,1974-08-23,2024-01-13,19,Website/App,Pasta,customer1715@example.com,3007391631
1716,Customer1716,User1716,Male,2001-07-24,2024-08-14,3,Third-party Delivery,BBQ,customer1716@example.com,3006842330
1717,Customer1717,User1717,Male,1987-06-09,2024-08-06,6,Takeaway,Salads,customer1717@example.com,3009676669
1718,Customer1718,User1718,Other,2003-04-28,2024-01-13,12,Dine-in,Rice,customer1718@example.com,3002509488
1719,Customer1719,User1719,Other,1980-02-20,2024-12-18,2,Website/App,Pizza,customer1719@example.com,3009812297
1720,Customer1720,User1720,Female,1998-03-10,2024-03-28,14,Website/App,Biryani,customer1720@example.com,3004843470
1721,Customer1721,User1721,Female,1989-03-17,2024-02-08,3,Dine-in,Salads,customer1721@example.com,3003951849
1722,Customer1722,User1722,Female,2000-07-06,2024-04-01,7,Dine-in,Pizza,customer1722@example.com,3002703060
1723,Customer1723,User1723,Female,1981-09-04,2024-08-18,12,Takeaway,Biryani,customer1723@example.com,3009953284
1724,Customer1724,User1724,Male,1985-01-11,2024-03-25,9,Dine-in,Beverages,customer1724@example.com,3009464268
1725,Customer1725,User1725,Male,1995-03-06,2024-01-16,5,Takeaway,Rice,customer1725@example.com,3007160440
1726,Customer1726,User1726,Other,1987-08-08,2024-08-06,4,Takeaway,Biryani,,3001709232
1727,Customer1727,User1727,Male,1994-03-01,2024-05-15,17,Third-party Delivery,Sandwiches,customer1727@example.com,3007776291
1728,Customer1728,User1728,Other,1999-11-17,2024-06-26,20,Third-party Delivery,BBQ,customer1728@example.com,3009782376
1729,Customer1729,User1729,Female,1980-09-28,2024-08-05,2,Takeaway,Pizza,customer1729@example.com,3007165648
1730,Customer1730,User1730,Female,1977-10-14,2024-07-13,10,Website/App,Burgers,customer1730@example.com,3006277192
1731,Customer1731,User1731,Female,1982-01-07,2024-07-25,5,Third-party Delivery,Salads,customer1731@example.com,3003346211
1732,Customer1732,User1732,Other,1989-07-08,2024-03-01,8,Third-party Delivery,BBQ,customer1732@example.com,3009166743
1733,Customer1733,User1733,Female,1999-12-15,2024-06-07,15,Takeaway,Sandwiches,customer1733@example.com,3001861447
1734,Customer1734,User1734,Male,1979-11-04,2024-05-12,2,Website/App,Desserts,customer1734@example.com,3007485347
1735,Customer1735,User1735,Other,1997-02-20,2024-05-12,17,Third-party Delivery,Burgers,customer1735@example.com,3009043979
1736,Customer1736,User1736,Male,1992-06-07,2024-05-17,6,Dine-in,Pizza,customer1736@example.com,3003448450
1737,Customer1737,User1737,Other,1987-01-01,2024-09-07,17,Website/App,Burgers,customer1737@example.com,3008522210
1738,Customer1738,User1738,Female,1991-10-15,2024-06-20,11,Website/App,Pasta,customer1738@example.com,3001854234
1739,Customer1739,User1739,Other,1977-08-25,2024-08-14,17,Dine-in,Beverages,customer1739@example.com,3009488394
1740,Customer1740,User1740,Male,1979-07-11,2024-11-23,15,Website/App,Biryani,customer1740@example.com,3003385908
1741,Customer1741,User1741,Male,1975-10-13,2024-05-13,8,Dine-in,Burgers,customer1741@example.com,3006081991
1742,Customer1742,User1742,Male,1978-04-14,2024-10-07,14,Takeaway,Sandwiches,customer1742@example.com,3005280671
1743,Customer1743,User1743,Male,1970-02-06,2024-01-09,16,Dine-in,Rice,customer1743@example.com,3008856881
1744,Customer1744,User1744,Male,2001-02-03,2024-11-15,11,Website/App,Desserts,customer1744@example.com,3005329920
1745,Customer1745,User1745,Other,1991-11-22,2024-06-17,5,Website/App,Salads,customer1745@example.com,3005115393
1746,Customer1746,User1746,Male,1971-07-16,2024-05-11,17,Website/App,Desserts,customer1746@example.com,3007789891
1747,Customer1747,User1747,Male,1989-05-04,2024-03-18,8,Takeaway,Rice,customer1747@example.com,3008790459
1748,Customer1748,User1748,Male,1976-12-18,2024-09-12,14,Third-party Delivery,Sandwiches,customer1748@example.com,3006556834
1749,Customer1749,User1749,Female,1975-04-06,2024-10-16,3,Website/App,Burgers,customer1749@example.com,3008308548
1750,Customer1750,User1750,Female,1997-03-14,2024-08-01,11,Website/App,Pizza,customer1750@example.com,3006167506
1751,Customer1751,User1751,Male,2001-08-13,2024-10-07,13,Third-party Delivery,Rice,customer1751@example.com,3005806128
1752,Customer1752,User1752,Male,1980-06-06,2024-10-11,19,Third-party Delivery,Pizza,customer1752@example.com,3002688791
1753,Customer1753,User1753,Male,1975-12-01,2024-03-18,14,Third-party Delivery,Pizza,customer1753@example.com,3003548252
1754,Customer1754,User1754,Male,1970-08-06,2024-01-05,10,Website/App,Pasta,customer1754@example.com,3002468345
1755,Customer1755,User1755,Male,1980-05-11,2024-02-02,19,Dine-in,Burgers,customer1755@example.com,3001003575
1756,Customer1756,User1756,Male,1980-07-27,2024-08-04,9,Website/App,Salads,customer1756@example.com,3009826283
1757,Customer1757,User1757,Male,1988-03-03,2024-08-20,9,Takeaway,Beverages,customer1757@example.com,3002612629
1758,Customer1758,User1758,Female,1984-12-10,2024-01-13,11,Takeaway,Desserts,customer1758@example.com,3008591832
1759,Customer1759,User1759,Female,2002-05-10,2024-11-23,13,Third-party Delivery,Rice,customer1759@example.com,3006189630
1760,Customer1760,User1760,Other,1990-04-08,2024-08-05,5,Dine-in,Pizza,customer1760@example.com,3001985629
1761,Customer1761,User1761,Other,1977-03-04,2024-08-05,5,Dine-in,BBQ,customer1761@example.com,3006582253
1762,Customer1762,User1762,Other,1990-10-08,2024-12-16,14,Third-party Delivery,Pizza,customer1762@example.com,3006075879
1763,Customer1763,User1763,Other,1983-08-21,2024-01-12,6,Third-party Delivery,Rice,customer1763@example.com,3006789576
1764,Customer1764,User1764,Male,1973-01-27,2024-05-13,6,Third-party Delivery,Desserts,customer1764@example.com,3007668769
1765,Customer1765,User1765,Other,1990-08-05,2024-06-24,14,Website/App,Salads,customer1765@example.com,3004086368
1766,Customer1766,User1766,Male,1980-05-14,2024-02-16,11,Takeaway,Burgers,customer1766@example.com,3003354531
1767,Customer1767,User1767,Male,2002-10-16,2024-05-07,6,Third-party Delivery,Burgers,customer1767@example.com,3001154772
1768,Customer1768,User1768,Other,1993-12-11,2024-10-12,11,Dine-in,Pizza,customer1768@example.com,3009100012
1769,Customer1769,User1769,Other,1982-04-05,2024-06-22,17,Website/App,Beverages,customer1769@example.com,3007554693
1770,Customer1770,User1770,Other,1982-07-25,2024-12-26,2,Third-party Delivery,Salads,customer1770@example.com,3005868635
1771,Customer1771,User1771,Other,1999-01-10,2024-06-01,14,Dine-in,Desserts,customer1771@example.com,3008000211
1772,Customer1772,User1772,Female,1984-06-27,2024-10-08,15,Website/App,BBQ,customer1772@example.com,3001649453
1773,Customer1773,User1773,Male,1986-07-09,2024-01-17,8,Dine-in,Rice,customer1773@example.com,3008537163
1774,Customer1774,User1774,Male,1995-01-14,2024-01-03,9,Third-party Delivery,Burgers,customer1774@example.com,3009417998
1775,Customer1775,User1775,Other,1989-10-22,2024-01-16,19,Takeaway,Beverages,customer1775@example.com,3005824408
1776,Customer1776,User1776,Male,1985-07-18,2024-12-11,6,Takeaway,Burgers,customer1776@example.com,3008205822
1777,Customer1777,User1777,Male,1991-11-08,2024-08-01,4,Takeaway,BBQ,customer1777@example.com,3003835729
1778,Customer1778,User1778,Other,1988-11-09,2024-07-06,14,Takeaway,Biryani,customer1778@example.com,3007063782
1779,Customer1779,User1779,Male,1988-05-18,2024-12-18,3,Dine-in,Biryani,customer1779@example.com,3003037439
1780,Customer1780,User1780,Male,1985-02-25,2024-05-06,4,Third-party Delivery,Pasta,customer1780@example.com,3003037409
1781,Customer1781,User1781,Other,2004-08-17,2024-02-16,20,Website/App,Pizza,customer1781@example.com,3006977035
1782,Customer1782,User1782,Male,1992-03-13,2024-04-18,9,Dine-in,Salads,customer1782@example.com,3002449957
1783,Customer1783,User1783,Male,1980-03-11,2024-03-17,18,Takeaway,Desserts,customer1783@example.com,3006895221
1784,Customer1784,User1784,Male,1991-07-26,2024-07-04,17,Third-party Delivery,Rice,customer1784@example.com,3003810569
1785,Customer1785,User1785,Male,2000-10-24,2024-12-03,8,Third-party Delivery,Beverages,customer1785@example.com,3008681501
1786,Customer1786,User1786,Female,1990-11-12,2024-04-02,2,Third-party Delivery,Rice,customer1786@example.com,3001062440
1787,Customer1787,User1787,Other,1992-01-22,2024-06-21,11,Third-party Delivery,Burgers,customer1787@example.com,3006287678
1788,Customer1788,User1788,Female,1975-03-27,2024-02-20,17,Dine-in,Salads,customer1788@example.com,3003277847
1789,Customer1789,User1789,Female,2001-09-18,2024-12-25,11,Dine-in,Salads,customer1789@example.com,3001544925
1790,Customer1790,User1790,Other,1990-04-10,2024-09-27,14,Website/App,Burgers,customer1790@example.com,3002788019
1791,Customer1791,User1791,Male,1989-11-05,2024-12-09,13,Takeaway,BBQ,customer1791@example.com,3006703266
1792,Customer1792,User1792,Female,1974-09-12,2024-02-16,10,Website/App,Sandwiches,customer1792@example.com,3001381383
1793,Customer1793,User1793,Male,1988-06-06,2024-12-03,5,Dine-in,Pasta,customer1793@example.com,3002902103
1794,Customer1794,User1794,Male,1986-06-11,2024-02-06,19,Takeaway,Salads,customer1794@example.com,3002322696
1795,Customer1795,User1795,Male,1973-05-10,2024-09-25,18,Dine-in,Beverages,customer1795@example.com,3005986295
1796,Customer1796,User1796,Other,1989-02-13,2024-01-10,14,Dine-in,Pasta,customer1796@example.com,3005513879
1797,Customer1797,User1797,Other,1973-03-03,2024-02-19,1,Dine-in,Desserts,customer1797@example.com,3001713448
1798,Customer1798,User1798,Female,1993-07-18,2024-02-09,6,Takeaway,Pizza,customer1798@example.com,3006604644
1799,Customer1799,User1799,Male,1981-11-19,2024-12-28,4,Dine-in,Desserts,customer1799@example.com,3004664443
1800,Customer1800,User1800,Other,1978-03-24,2024-11-17,8,Third-party Delivery,Burgers,customer1800@example.com,3009774066
1801,Customer1801,User1801,Female,1982-08-18,2024-04-02,14,Takeaway,Salads,customer1801@example.com,3007516960
1802,Customer1802,User1802,Male,2003-05-12,2024-03-13,19,Third-party Delivery,Salads,customer1802@example.com,3005826180
1803,Customer1803,User1803,Female,1985-10-28,2024-02-23,14,Website/App,Salads,customer1803@example.com,3009349638
1804,Customer1804,User1804,Male,1977-07-19,2024-04-24,9,Takeaway,Salads,customer1804@example.com,3004093012
1805,Customer1805,User1805,Other,1977-11-08,2024-03-23,2,Takeaway,Rice,customer1805@example.com,3001781217
1806,Customer1806,User1806,Other,1974-11-13,2024-03-07,9,Dine-in,Salads,customer1806@example.com,3001047272
1807,Customer1807,User1807,Other,1983-12-04,2024-12-01,14,Dine-in,Pasta,customer1807@example.com,3004461700
1808,Customer1808,User1808,Female,1979-03-24,2024-11-26,4,Website/App,Pasta,customer1808@example.com,3007897563
1809,Customer1809,User1809,Female,2003-11-09,2024-08-22,7,Takeaway,Rice,customer1809@example.com,3007529877
1810,Customer1810,User1810,Female,1982-11-28,2024-11-08,16,Third-party Delivery,BBQ,customer1810@example.com,3008339206
1811,Customer1811,User1811,Male,1986-01-14,2024-08-06,2,Dine-in,Desserts,customer1811@example.com,3009795992
1812,Customer1812,User1812,Female,1983-07-04,2024-05-05,10,Website/App,Biryani,customer1812@example.com,3008149648
1813,Customer1813,User1813,Male,2000-09-03,2024-10-15,12,Website/App,Rice,customer1813@example.com,3008538725
1814,Customer1814,User1814,Male,1987-08-13,2024-05-06,16,Takeaway,Desserts,customer1814@example.com,3003239535
1815,Customer1815,User1815,Male,1985-11-16,2024-07-08,18,Takeaway,Pizza,customer1815@example.com,3005490854
1816,Customer1816,User1816,Other,1993-09-09,2024-12-04,9,Website/App,Sandwiches,customer1816@example.com,3001340570
1817,Customer1817,User1817,Male,1976-04-10,2024-05-26,8,Takeaway,Desserts,customer1817@example.com,3009863869
1818,Customer1818,User1818,Male,1979-01-11,2024-12-25,18,Third-party Delivery,Salads,customer1818@example.com,3006726001
1819,Customer1819,User1819,Male,2000-04-06,2024-02-24,10,Third-party Delivery,BBQ,customer1819@example.com,3005562422
1820,Customer1820,User1820,Other,1982-11-13,2024-11-27,20,Website/App,Pizza,customer1820@example.com,3007374025
1821,Customer1821,User1821,Female,1982-04-11,2024-01-28,11,Website/App,Desserts,customer1821@example.com,3005046113
1822,Customer1822,User1822,Other,1991-08-08,2024-07-18,1,Dine-in,Pizza,customer1822@example.com,3003298407
1823,Customer1823,User1823,Male,1996-01-07,2024-08-14,18,Dine-in,Pizza,customer1823@example.com,3008403469
1824,Customer1824,User1824,Other,1978-04-24,2024-04-07,12,Dine-in,Burgers,customer1824@example.com,3005302626
1825,Customer1825,User1825,Male,1996-02-09,2024-11-19,15,Takeaway,Pizza,customer1825@example.com,3006717914
1826,Customer1826,User1826,Male,1977-02-26,2024-05-26,20,Takeaway,Burgers,customer1826@example.com,3008986163
1827,Customer1827,User1827,Other,1987-09-06,2024-11-25,1,Third-party Delivery,Rice,customer1827@example.com,3007909008
1828,Customer1828,User1828,Female,1976-02-17,2024-10-08,19,Website/App,Burgers,customer1828@example.com,3008165644
1829,Customer1829,User1829,Other,1992-06-25,2024-08-18,6,Dine-in,Pizza,customer1829@example.com,3001358384
1830,Customer1830,User1830,Other,1987-04-06,2024-03-08,2,Takeaway,Rice,customer1830@example.com,3004507628
1831,Customer1831,User1831,Male,1978-05-15,2024-01-22,15,Takeaway,Salads,customer1831@example.com,3003256787
1832,Customer1832,User1832,Male,1977-12-24,2024-04-12,10,Third-party Delivery,Biryani,customer1832@example.com,3002061460
1833,Customer1833,User1833,Male,2000-07-01,2024-03-12,2,Takeaway,Sandwiches,customer1833@example.com,3002820737
1834,Customer1834,User1834,Male,1980-04-03,2024-03-14,4,Third-party Delivery,Rice,customer1834@example.com,3003788191
1835,Customer1835,User1835,Female,2003-12-18,2024-11-17,19,Website/App,Desserts,customer1835@example.com,3003640686
1836,Customer1836,User1836,Other,2004-11-19,2024-04-15,14,Takeaway,Salads,customer1836@example.com,3008467132
1837,Customer1837,User1837,Female,1990-05-20,2024-04-24,1,Takeaway,Sandwiches,customer1837@example.com,3005958241
1838,Customer1838,User1838,Female,2004-08-03,2024-10-04,5,Dine-in,Rice,customer1838@example.com,3009951364
1839,Customer1839,User1839,Male,2000-07-21,2024-10-23,5,Dine-in,Beverages,customer1839@example.com,3004016419
1840,Customer1840,User1840,Other,1984-03-08,2024-01-17,20,Dine-in,Rice,customer1840@example.com,3002402036
1841,Customer1841,User1841,Female,2003-09-03,2024-05-09,11,Takeaway,Biryani,customer1841@example.com,3001738508
1842,Customer1842,User1842,Female,2001-04-05,2024-04-23,3,Takeaway,Salads,customer1842@example.com,3008421362
1843,Customer1843,User1843,Male,1997-12-21,2024-09-03,11,Third-party Delivery,Biryani,customer1843@example.com,3005635733
1844,Customer1844,User1844,Female,1971-01-25,2024-01-25,1,Dine-in,Burgers,customer1844@example.com,3002403142
1845,Customer1845,User1845,Female,1980-12-26,2024-11-19,3,Dine-in,Rice,customer1845@example.com,3009066147
1846,Customer1846,User1846,Male,1998-09-21,2024-06-02,20,Dine-in,Biryani,customer1846@example.com,3006928008
1847,Customer1847,User1847,Female,1994-11-04,2024-09-21,10,Website/App,BBQ,customer1847@example.com,3003672181
1848,Customer1848,User1848,Male,2004-03-20,2024-11-19,18,Third-party Delivery,BBQ,customer1848@example.com,3009239948
1849,Customer1849,User1849,Other,1974-03-06,2024-05-17,20,Dine-in,Pasta,customer1849@example.com,3007366035
1850,Customer1850,User1850,Female,1972-09-14,2024-08-01,2,Dine-in,Burgers,customer1850@example.com,3005383639
1851,Customer1851,User1851,Male,1994-06-21,2024-06-03,12,Website/App,Beverages,customer1851@example.com,3003515887
1852,Customer1852,User1852,Female,1994-10-04,2024-04-14,5,Website/App,Beverages,customer1852@example.com,3004822600
1853,Customer1853,User1853,Female,1993-11-02,2024-06-10,6,Third-party Delivery,Burgers,customer1853@example.com,3001660619
1854,Customer1854,User1854,Other,2000-01-14,2024-04-08,14,Third-party Delivery,Salads,customer1854@example.com,3006957204
1855,Customer1855,User1855,Male,2003-03-05,2024-02-02,9,Dine-in,Pizza,customer1855@example.com,3007571242
1856,Customer1856,User1856,Female,2003-02-18,2024-09-24,1,Website/App,BBQ,customer1856@example.com,3003977034
1857,Customer1857,User1857,Other,2000-08-08,2024-09-07,13,Takeaway,Beverages,customer1857@example.com,3002076525
1858,Customer1858,User1858,Female,1987-04-05,2024-11-03,5,Third-party Delivery,Salads,customer1858@example.com,3005951813
1859,Customer1859,User1859,Other,1980-09-19,2024-11-22,10,Third-party Delivery,BBQ,customer1859@example.com,3003660746
1860,Customer1860,User1860,Male,1985-07-25,2024-12-05,12,Third-party Delivery,Rice,customer1860@example.com,3002746388
1861,Customer1861,User1861,Female,1986-02-15,2024-01-27,13,Website/App,Sandwiches,customer1861@example.com,3003628520
1862,Customer1862,User1862,Female,1993-05-28,2024-01-06,13,Takeaway,Pasta,customer1862@example.com,3006703091
1863,Customer1863,User1863,Other,1981-05-07,2024-12-01,3,Third-party Delivery,Sandwiches,customer1863@example.com,3006162843
1864,Customer1864,User1864,Female,1987-05-17,2024-10-27,17,Dine-in,Rice,customer1864@example.com,3002828132
1865,Customer1865,User1865,Female,1985-09-23,2024-09-17,6,Website/App,Pasta,customer1865@example.com,3003252405
1866,Customer1866,User1866,Female,1973-11-23,2024-06-02,10,Dine-in,BBQ,customer1866@example.com,3005006686
1867,Customer1867,User1867,Male,1983-04-25,2024-06-07,17,Website/App,Salads,customer1867@example.com,3006286061
1868,Customer1868,User1868,Other,1977-07-24,2024-04-26,5,Dine-in,Pizza,customer1868@example.com,3002586703
1869,Customer1869,User1869,Other,1999-09-15,2024-12-26,4,Dine-in,Salads,customer1869@example.com,3004332271
1870,Customer1870,User1870,Male,1975-11-22,2024-04-16,7,Takeaway,Sandwiches,customer1870@example.com,3006419379
1871,Customer1871,User1871,Male,1972-07-28,2024-01-24,3,Dine-in,Salads,customer1871@example.com,3009470588
1872,Customer1872,User1872,Female,1990-07-04,2024-08-17,14,Dine-in,Burgers,customer1872@example.com,3004100912
1873,Customer1873,User1873,Male,1971-01-19,2024-02-11,14,Dine-in,Beverages,customer1873@example.com,3003145923
1874,Customer1874,User1874,Other,2003-01-08,2024-12-13,11,Third-party Delivery,Desserts,customer1874@example.com,3005427291
1875,Customer1875,User1875,Other,1988-10-04,2024-12-14,1,Takeaway,Sandwiches,customer1875@example.com,3007172419
1876,Customer1876,User1876,Other,1992-03-02,2024-02-10,20,Dine-in,Pizza,customer1876@example.com,3009824168
1877,Customer1877,User1877,Other,1988-02-18,2024-05-08,8,Third-party Delivery,Beverages,customer1877@example.com,3009008551
1878,Customer1878,User1878,Female,1971-10-05,2024-07-07,6,Takeaway,Rice,customer1878@example.com,3009486798
1879,Customer1879,User1879,Male,1974-04-15,2024-05-11,11,Third-party Delivery,Pizza,customer1879@example.com,3002547274
1880,Customer1880,User1880,Female,1972-12-24,2024-12-10,5,Third-party Delivery,Burgers,customer1880@example.com,3007154486
1881,Customer1881,User1881,Other,1971-06-08,2024-08-13,14,Third-party Delivery,Burgers,customer1881@example.com,3009713066
1882,Customer1882,User1882,Other,1976-02-24,2024-03-14,1,Dine-in,Rice,customer1882@example.com,3001929247
1883,Customer1883,User1883,Other,1983-06-13,2024-07-20,3,Dine-in,Sandwiches,customer1883@example.com,3003583553
1884,Customer1884,User1884,Other,1999-02-11,2024-12-07,4,Takeaway,Rice,customer1884@example.com,3005261864
1885,Customer1885,User1885,Female,1992-01-27,2024-07-17,18,Takeaway,Sandwiches,customer1885@example.com,3002824919
1886,Customer1886,User1886,Female,2001-07-25,2024-09-21,5,Takeaway,Beverages,customer1886@example.com,3005425545
1887,Customer1887,User1887,Female,1972-02-08,2024-05-18,1,Third-party Delivery,Rice,customer1887@example.com,3006748029
1888,Customer1888,User1888,Female,1985-08-28,2024-11-18,17,Takeaway,Sandwiches,customer1888@example.com,3001773774
1889,Customer1889,User1889,Male,1984-11-12,2024-10-24,4,Dine-in,Pizza,customer1889@example.com,3007217012
1890,Customer1890,User1890,Female,1971-10-27,2024-01-17,12,Dine-in,BBQ,customer1890@example.com,3005794331
1891,Customer1891,User1891,Other,1981-01-23,2024-08-09,19,Takeaway,Sandwiches,customer1891@example.com,3008058810
1892,Customer1892,User1892,Other,1994-11-10,2024-09-21,20,Third-party Delivery,Pizza,customer1892@example.com,3009761270
1893,Customer1893,User1893,Female,1979-09-26,2024-06-19,13,Takeaway,Biryani,customer1893@example.com,3006542417
1894,Customer1894,User1894,Other,1976-05-01,2024-09-10,19,Takeaway,Biryani,customer1894@example.com,3004193974
1895,Customer1895,User1895,Male,1981-04-10,2024-03-25,14,Third-party Delivery,Salads,customer1895@example.com,3001918930
1896,Customer1896,User1896,Female,1971-09-16,2024-03-13,4,Third-party Delivery,Sandwiches,customer1896@example.com,3001512046
1897,Customer1897,User1897,Other,1998-03-24,2024-04-10,18,Takeaway,Beverages,customer1897@example.com,3004697653
1898,Customer1898,User1898,Female,1993-11-08,2024-09-05,18,Dine-in,BBQ,customer1898@example.com,3001051543
1899,Customer1899,User1899,Female,1996-11-04,2024-03-23,19,Third-party Delivery,Pasta,customer1899@example.com,3001502308
1900,Customer1900,User1900,Other,1979-07-19,2024-06-18,5,Third-party Delivery,BBQ,customer1900@example.com,3002568625
1901,Customer1901,User1901,Other,1994-10-13,2024-06-14,3,Takeaway,Burgers,customer1901@example.com,3009085428
1902,Customer1902,User1902,Female,1976-11-27,2024-11-05,7,Website/App,Salads,customer1902@example.com,3006651446
1903,Customer1903,User1903,Male,1986-04-25,2024-05-13,18,Takeaway,Rice,customer1903@example.com,3006213397
1904,Customer1904,User1904,Other,1987-11-02,2024-01-27,6,Third-party Delivery,Rice,customer1904@example.com,3001016411
1905,Customer1905,User1905,Male,2002-07-20,2024-07-13,3,Dine-in,Pizza,customer1905@example.com,3007495927
1906,Customer1906,User1906,Other,1982-02-03,2024-11-07,20,Website/App,Burgers,customer1906@example.com,3001803899
1907,Customer1907,User1907,Male,1994-09-02,2024-10-21,9,Dine-in,BBQ,customer1907@example.com,3002227468
1908,Customer1908,User1908,Other,1990-01-15,2024-07-25,6,Takeaway,Salads,customer1908@example.com,3008437568
1909,Customer1909,User1909,Other,1996-11-05,2024-01-24,12,Takeaway,BBQ,customer1909@example.com,3005531886
1910,Customer1910,User1910,Male,2001-08-15,2024-10-10,13,Takeaway,Burgers,customer1910@example.com,3008533390
1911,Customer1911,User1911,Male,1995-07-22,2024-03-20,5,Website/App,Burgers,customer1911@example.com,3002544670
1912,Customer1912,User1912,Other,2001-12-21,2024-08-13,2,Takeaway,Salads,customer1912@example.com,3002120619
1913,Customer1913,User1913,Female,1971-07-17,2024-11-18,9,Dine-in,Rice,customer1913@example.com,3004329258
1914,Customer1914,User1914,Male,1999-04-03,2024-03-11,12,Takeaway,Rice,customer1914@example.com,3006783796
1915,Customer1915,User1915,Female,1976-08-18,2024-02-15,1,Takeaway,Biryani,customer1915@example.com,3002705514
1916,Customer1916,User1916,Male,1980-01-13,2024-02-08,14,Takeaway,Beverages,customer1916@example.com,3006331060
1917,Customer1917,User1917,Male,1999-08-18,2024-10-12,13,Dine-in,Rice,customer1917@example.com,3004661689
1918,Customer1918,User1918,Female,1974-11-18,2024-05-10,9,Dine-in,Biryani,customer1918@example.com,3006419421
1919,Customer1919,User1919,Male,1979-07-10,2024-09-02,4,Third-party Delivery,BBQ,customer1919@example.com,3005777490
1920,Customer1920,User1920,Male,1985-08-07,2024-11-09,4,Third-party Delivery,Desserts,customer1920@example.com,3009962083
1921,Customer1921,User1921,Male,1979-08-24,2024-08-22,17,Takeaway,Biryani,customer1921@example.com,3002261287
1922,Customer1922,User1922,Male,1980-11-03,2024-08-27,19,Takeaway,Pizza,customer1922@example.com,3004244468
1923,Customer1923,User1923,Female,2003-07-06,2024-10-18,11,Third-party Delivery,Salads,customer1923@example.com,3008347263
1924,Customer1924,User1924,Male,1997-04-28,2024-09-08,4,Takeaway,Beverages,customer1924@example.com,3006342564
1925,Customer1925,User1925,Female,1971-06-08,2024-10-25,15,Dine-in,Desserts,customer1925@example.com,3008192211
1926,Customer1926,User1926,Female,1977-08-16,2024-12-02,13,Third-party Delivery,Rice,customer1926@example.com,3007796193
1927,Customer1927,User1927,Other,1979-01-12,2024-01-13,18,Takeaway,Pizza,customer1927@example.com,3003867901
1928,Customer1928,User1928,Male,1984-11-12,2024-06-22,6,Dine-in,Sandwiches,customer1928@example.com,3007141140
1929,Customer1929,User1929,Male,1991-09-15,2024-02-22,9,Third-party Delivery,Salads,customer1929@example.com,3003522295
1930,Customer1930,User1930,Other,1974-09-21,2024-03-03,19,Takeaway,Pasta,customer1930@example.com,3007676164
1931,Customer1931,User1931,Female,1972-09-19,2024-09-25,9,Takeaway,Sandwiches,customer1931@example.com,3005845328
1932,Customer1932,User1932,Other,1971-03-05,2024-01-28,11,Dine-in,Salads,customer1932@example.com,3004855388
1933,Customer1933,User1933,Other,2004-07-24,2024-10-23,9,Website/App,Biryani,,3006001913
1934,Customer1934,User1934,Other,1991-12-20,2024-09-18,3,Dine-in,BBQ,customer1934@example.com,3006817992
1935,Customer1935,User1935,Female,2004-09-15,2024-01-23,15,Dine-in,Pasta,customer1935@example.com,3004003831
1936,Customer1936,User1936,Male,2004-07-15,2024-07-16,7,Takeaway,Burgers,customer1936@example.com,3008583409
1937,Customer1937,User1937,Female,1994-02-20,2024-02-24,15,Third-party Delivery,Salads,customer1937@example.com,3009928789
1938,Customer1938,User1938,Female,1994-09-05,2024-10-19,14,Third-party Delivery,Biryani,customer1938@example.com,3003172440
1939,Customer1939,User1939,Female,2003-10-07,2024-08-24,2,Website/App,Beverages,customer1939@example.com,3001010982
1940,Customer1940,User1940,Female,1981-11-21,2024-04-12,2,Website/App,Burgers,customer1940@example.com,3007045791
1941,Customer1941,User1941,Female,1994-12-20,2024-06-22,15,Dine-in,Burgers,customer1941@example.com,3003094224
1942,Customer1942,User1942,Male,1987-09-06,2024-12-11,12,Website/App,BBQ,customer1942@example.com,3004062782
1943,Customer1943,User1943,Other,1995-08-19,2024-07-07,5,Website/App,Salads,customer1943@example.com,3005935250
1944,Customer1944,User1944,Male,1985-11-05,2024-11-18,19,Website/App,Sandwiches,customer1944@example.com,3004727849
1945,Customer1945,User1945,Male,2004-10-04,2024-06-13,6,Website/App,Pizza,customer1945@example.com,3006500924
1946,Customer1946,User1946,Male,2004-06-24,2024-08-06,11,Third-party Delivery,Biryani,customer1946@example.com,3003883285
1947,Customer1947,User1947,Female,1984-12-08,2024-06-17,20,Website/App,Pizza,customer1947@example.com,3004750607
1948,Customer1948,User1948,Other,1976-09-23,2024-07-12,12,Dine-in,Desserts,customer1948@example.com,3009706284
1949,Customer1949,User1949,Female,1994-09-11,2024-01-20,11,Third-party Delivery,BBQ,customer1949@example.com,3005390715
1950,Customer1950,User1950,Male,1970-04-10,2024-11-20,4,Dine-in,Pizza,customer1950@example.com,3009073487
1951,Customer1951,User1951,Other,2000-03-02,2024-04-17,11,Takeaway,BBQ,customer1951@example.com,3001632342
1952,Customer1952,User1952,Male,1993-04-13,2024-05-03,11,Website/App,Desserts,customer1952@example.com,3002803930
1953,Customer1953,User1953,Female,1990-04-04,2024-04-24,6,Website/App,Salads,customer1953@example.com,3004598169
1954,Customer1954,User1954,Female,2000-12-28,2024-09-04,8,Third-party Delivery,Desserts,customer1954@example.com,3006323750
1955,Customer1955,User1955,Male,1971-10-09,2024-03-23,4,Website/App,Pizza,customer1955@example.com,3001590426
1956,Customer1956,User1956,Female,1981-08-13,2024-10-17,4,Third-party Delivery,Beverages,customer1956@example.com,3002009020
1957,Customer1957,User1957,Other,1978-08-01,2024-05-12,5,Takeaway,Beverages,customer1957@example.com,3009837953
1958,Customer1958,User1958,Other,1992-07-06,2024-03-11,18,Third-party Delivery,Sandwiches,customer1958@example.com,3001979271
1959,Customer1959,User1959,Female,2002-07-26,2024-08-18,15,Website/App,BBQ,customer1959@example.com,3003811691
1960,Customer1960,User1960,Male,2001-12-11,2024-09-11,9,Website/App,Salads,customer1960@example.com,3008079391
1961,Customer1961,User1961,Female,1990-12-27,2024-10-10,6,Takeaway,BBQ,customer1961@example.com,3002990747
1962,Customer1962,User1962,Male,1997-06-01,2024-03-28,1,Dine-in,Burgers,customer1962@example.com,3003616291
1963,Customer1963,User1963,Female,1993-11-08,2024-10-21,8,Dine-in,Rice,customer1963@example.com,3003199961
1964,Customer1964,User1964,Other,1977-06-28,2024-06-03,7,Dine-in,Pasta,customer1964@example.com,3006703075
1965,Customer1965,User1965,Female,1972-09-07,2024-11-21,14,Takeaway,Pizza,customer1965@example.com,3005763210
1966,Customer1966,User1966,Female,1988-09-17,2024-10-13,13,Third-party Delivery,Biryani,customer1966@example.com,3009381636
1967,Customer1967,User1967,Other,1984-07-15,2024-11-26,15,Website/App,Sandwiches,customer1967@example.com,3003511627
1968,Customer1968,User1968,Other,1970-03-12,2024-09-24,6,Website/App,BBQ,customer1968@example.com,3004508968
1969,Customer1969,User1969,Male,2003-04-26,2024-03-23,18,Dine-in,Biryani,customer1969@example.com,3004194779
1970,Customer1970,User1970,Male,1978-04-20,2024-03-27,1,Website/App,Salads,customer1970@example.com,3002553638
1971,Customer1971,User1971,Male,1994-12-01,2024-02-17,8,Third-party Delivery,BBQ,customer1971@example.com,3009213082
1972,Customer1972,User1972,Male,1983-12-18,2024-08-12,1,Takeaway,Desserts,customer1972@example.com,3007778420
1973,Customer1973,User1973,Other,1975-11-15,2024-03-26,6,Website/App,Desserts,customer1973@example.com,3008789014
1974,Customer1974,User1974,Female,1986-12-12,2024-09-21,9,Third-party Delivery,Biryani,customer1974@example.com,3007357048
1975,Customer1975,User1975,Male,1972-06-05,2024-10-03,17,Third-party Delivery,Sandwiches,customer1975@example.com,3005044801
1976,Customer1976,User1976,Other,1976-07-02,2024-09-28,6,Third-party Delivery,Pizza,customer1976@example.com,3008864697
1977,Customer1977,User1977,Male,1974-08-22,2024-04-07,15,Takeaway,Salads,customer1977@example.com,3004123052
1978,Customer1978,User1978,Male,1990-03-06,2024-03-19,19,Takeaway,Sandwiches,customer1978@example.com,3003872134
1979,Customer1979,User1979,Male,1997-06-22,2024-10-03,10,Takeaway,Beverages,customer1979@example.com,3003413787
1980,Customer1980,User1980,Male,1980-06-21,2024-06-23,8,Takeaway,Pasta,customer1980@example.com,3006168412
1981,Customer1981,User1981,Female,1996-02-16,2024-12-21,15,Third-party Delivery,Rice,customer1981@example.com,3003710555
1982,Customer1982,User1982,Female,1988-04-01,2024-10-11,9,Website/App,Salads,customer1982@example.com,3009357022
1983,Customer1983,User1983,Other,1977-03-15,2024-10-27,19,Third-party Delivery,Burgers,customer1983@example.com,3004133895
1984,Customer1984,User1984,Other,1981-08-03,2024-03-02,11,Takeaway,Salads,customer1984@example.com,3008860310
1985,Customer1985,User1985,Other,2001-12-04,2024-04-16,11,Takeaway,Salads,customer1985@example.com,3009706450
1986,Customer1986,User1986,Male,1978-03-01,2024-11-25,4,Takeaway,Pasta,customer1986@example.com,3007662764
1987,Customer1987,User1987,Other,1973-09-07,2024-03-02,2,Website/App,Beverages,customer1987@example.com,3009203143
1988,Customer1988,User1988,Other,1999-09-17,2024-09-28,19,Third-party Delivery,Pasta,customer1988@example.com,3004533042
1989,Customer1989,User1989,Other,1993-11-17,2024-06-06,8,Third-party Delivery,Burgers,customer1989@example.com,3001678433
1990,Customer1990,User1990,Male,1971-05-10,2024-04-13,3,Website/App,Pizza,customer1990@example.com,3008721122
1991,Customer1991,User1991,Male,1992-03-07,2024-12-19,3,Dine-in,Biryani,customer1991@example.com,3003809849
1992,Customer1992,User1992,Other,1992-11-01,2024-02-10,7,Third-party Delivery,BBQ,customer1992@example.com,3009579549
1993,Customer1993,User1993,Male,1973-10-27,2024-04-01,19,Third-party Delivery,Desserts,customer1993@example.com,3002386600
1994,Customer1994,User1994,Male,2001-02-20,2024-02-05,13,Dine-in,Biryani,customer1994@example.com,3003546569
1995,Customer1995,User1995,Male,1983-03-04,2024-11-23,15,Third-party Delivery,Desserts,customer1995@example.com,3003342687
1996,Customer1996,User1996,Male,1977-10-25,2024-12-22,3,Dine-in,Pizza,customer1996@example.com,3007418661
1997,Customer1997,User1997,Female,1976-03-06,2024-01-04,20,Dine-in,Desserts,customer1997@example.com,3003281479
1998,Customer1998,User1998,Other,1991-11-24,2024-09-25,15,Takeaway,Rice,customer1998@example.com,3004591821
1999,Customer1999,User1999,Male,1988-10-07,2024-07-13,11,Takeaway,Beverages,customer1999@example.com,3001224966
2000,Customer2000,User2000,Other,1981-08-21,2024-11-26,10,Dine-in,Biryani,customer2000@example.com,3005731929
2001,Customer2001,User2001,Male,1976-02-10,2024-01-26,18,Third-party Delivery,Beverages,customer2001@example.com,3003359064
2002,Customer2002,User2002,Female,1970-10-22,2024-06-05,5,Website/App,Sandwiches,customer2002@example.com,3003161029
2003,Customer2003,User2003,Male,1982-12-28,2024-06-12,13,Dine-in,Burgers,customer2003@example.com,3004600695
2004,Customer2004,User2004,Other,1992-03-25,2024-12-19,16,Dine-in,Pizza,customer2004@example.com,3004839687
2005,Customer2005,User2005,Female,1977-03-09,2024-04-14,12,Website/App,Beverages,customer2005@example.com,3007152047
2006,Customer2006,User2006,Female,1989-03-07,2024-01-09,3,Takeaway,Burgers,customer2006@example.com,3003363000
2007,Customer2007,User2007,Female,1973-07-04,2024-06-20,6,Third-party Delivery,Rice,customer2007@example.com,3009302324
2008,Customer2008,User2008,Female,1973-03-20,2024-10-02,15,Dine-in,Sandwiches,customer2008@example.com,3008150430
2009,Customer2009,User2009,Other,1971-07-08,2024-03-05,10,Dine-in,Pasta,customer2009@example.com,3006359232
2010,Customer2010,User2010,Female,1980-11-21,2024-11-01,8,Website/App,Burgers,customer2010@example.com,3005189227
2011,Customer2011,User2011,Male,1977-01-20,2024-06-13,16,Third-party Delivery,Pasta,customer2011@example.com,3008099935
2012,Customer2012,User2012,Female,1974-06-15,2024-10-22,12,Website/App,BBQ,customer2012@example.com,3008133170
2013,Customer2013,User2013,Male,1985-05-16,2024-02-05,9,Third-party Delivery,Sandwiches,customer2013@example.com,3001045835
2014,Customer2014,User2014,Male,1972-09-02,2024-02-26,17,Dine-in,Burgers,customer2014@example.com,3004476565
2015,Customer2015,User2015,Male,1996-09-08,2024-02-15,13,Website/App,Pizza,customer2015@example.com,3009203793
2016,Customer2016,User2016,Male,1997-09-02,2024-09-01,17,Dine-in,Pasta,customer2016@example.com,3008512186
2017,Customer2017,User2017,Male,1979-10-01,2024-12-04,11,Dine-in,Desserts,customer2017@example.com,3002416584
2018,Customer2018,User2018,Male,2002-01-14,2024-08-04,8,Dine-in,Desserts,customer2018@example.com,3004845153
2019,Customer2019,User2019,Female,1975-01-27,2024-05-12,17,Website/App,Desserts,customer2019@example.com,3006037133
2020,Customer2020,User2020,Male,1995-03-04,2024-12-07,1,Dine-in,Salads,customer2020@example.com,3008299701
2021,Customer2021,User2021,Male,1992-09-28,2024-09-22,12,Third-party Delivery,Sandwiches,customer2021@example.com,3008205561
2022,Customer2022,User2022,Other,1986-08-01,2024-04-04,18,Dine-in,Pasta,customer2022@example.com,3004338075
2023,Customer2023,User2023,Other,1982-10-13,2024-03-27,15,Website/App,Sandwiches,customer2023@example.com,3007603916
2024,Customer2024,User2024,Female,1979-02-12,2024-10-03,17,Takeaway,Biryani,customer2024@example.com,3008969234
2025,Customer2025,User2025,Male,1972-01-09,2024-07-14,14,Dine-in,BBQ,customer2025@example.com,3006542047
2026,Customer2026,User2026,Other,1971-02-26,2024-02-02,15,Third-party Delivery,Desserts,customer2026@example.com,3003085800
2027,Customer2027,User2027,Female,1972-01-24,2024-11-09,19,Takeaway,Beverages,customer2027@example.com,3002139922
2028,Customer2028,User2028,Other,1987-10-01,2024-06-08,3,Website/App,Biryani,customer2028@example.com,3001709624
2029,Customer2029,User2029,Female,2002-01-26,2024-10-10,20,Third-party Delivery,Sandwiches,customer2029@example.com,3009878299
2030,Customer2030,User2030,Female,1984-11-03,2024-04-15,19,Third-party Delivery,Pizza,customer2030@example.com,3007955435
2031,Customer2031,User2031,Female,1988-02-14,2024-07-04,5,Takeaway,Desserts,customer2031@example.com,3005809273
2032,Customer2032,User2032,Male,2001-08-19,2024-05-08,8,Takeaway,Pasta,customer2032@example.com,3008329860
2033,Customer2033,User2033,Male,1983-12-23,2024-09-22,19,Website/App,Salads,customer2033@example.com,3002911569
2034,Customer2034,User2034,Other,1998-01-03,2024-12-27,9,Takeaway,Sandwiches,customer2034@example.com,3003341538
2035,Customer2035,User2035,Male,1983-08-02,2024-09-15,18,Takeaway,Pizza,customer2035@example.com,3002493555
2036,Customer2036,User2036,Female,1973-03-22,2024-11-22,1,Website/App,Pizza,customer2036@example.com,3002404057
2037,Customer2037,User2037,Male,1993-11-23,2024-10-19,17,Third-party Delivery,Biryani,customer2037@example.com,3002878321
2038,Customer2038,User2038,Male,1998-01-24,2024-09-17,19,Website/App,Beverages,customer2038@example.com,3001512305
2039,Customer2039,User2039,Male,2004-07-09,2024-05-18,5,Takeaway,Pizza,customer2039@example.com,3008571412
2040,Customer2040,User2040,Female,2003-09-24,2024-04-19,15,Website/App,Desserts,customer2040@example.com,3001193508
2041,Customer2041,User2041,Other,1981-01-26,2024-01-09,18,Dine-in,Sandwiches,customer2041@example.com,3008957561
2042,Customer2042,User2042,Female,2000-11-03,2024-03-27,7,Third-party Delivery,Salads,customer2042@example.com,3002428211
2043,Customer2043,User2043,Female,1995-02-25,2024-11-22,3,Takeaway,Beverages,customer2043@example.com,3009383312
2044,Customer2044,User2044,Other,1987-03-20,2024-11-14,18,Takeaway,Desserts,customer2044@example.com,3007578422
2045,Customer2045,User2045,Other,2000-11-21,2024-01-09,2,Website/App,Rice,customer2045@example.com,3002978268
2046,Customer2046,User2046,Female,1975-10-14,2024-02-12,14,Dine-in,Desserts,customer2046@example.com,3005162620
2047,Customer2047,User2047,Male,2001-05-22,2024-12-18,18,Takeaway,Pasta,customer2047@example.com,3007331500
2048,Customer2048,User2048,Female,1976-08-19,2024-11-22,13,Takeaway,BBQ,customer2048@example.com,3001757786
2049,Customer2049,User2049,Other,1996-12-21,2024-05-27,20,Third-party Delivery,Sandwiches,customer2049@example.com,3005171737
2050,Customer2050,User2050,Other,1986-10-14,2024-01-09,15,Website/App,Biryani,customer2050@example.com,3002086491
2051,Customer2051,User2051,Female,1970-03-18,2024-06-04,13,Takeaway,Biryani,customer2051@example.com,3006965497
2052,Customer2052,User2052,Other,1985-11-14,2024-05-18,18,Takeaway,Burgers,customer2052@example.com,3009431102
2053,Customer2053,User2053,Other,1984-05-18,2024-07-18,17,Takeaway,Salads,customer2053@example.com,3001689341
2054,Customer2054,User2054,Female,1978-05-13,2024-08-05,17,Third-party Delivery,Salads,customer2054@example.com,3002143364
2055,Customer2055,User2055,Female,1971-10-27,2024-02-03,10,Dine-in,Rice,customer2055@example.com,3002894922
2056,Customer2056,User2056,Other,1985-06-22,2024-10-21,6,Takeaway,Sandwiches,customer2056@example.com,3002811276
2057,Customer2057,User2057,Male,1983-08-24,2024-07-01,11,Takeaway,Rice,customer2057@example.com,3001734688
2058,Customer2058,User2058,Female,1990-09-17,2024-02-13,11,Dine-in,Biryani,customer2058@example.com,3007045102
2059,Customer2059,User2059,Female,1989-08-05,2024-05-04,20,Dine-in,Sandwiches,customer2059@example.com,3006333203
2060,Customer2060,User2060,Other,1972-04-23,2024-05-09,1,Third-party Delivery,Sandwiches,customer2060@example.com,3002059977
2061,Customer2061,User2061,Female,2000-12-03,2024-09-05,9,Dine-in,Beverages,customer2061@example.com,3001047841
2062,Customer2062,User2062,Female,1999-09-05,2024-02-09,3,Third-party Delivery,BBQ,customer2062@example.com,3007940725
2063,Customer2063,User2063,Other,1976-04-27,2024-06-20,6,Third-party Delivery,Sandwiches,customer2063@example.com,3005446406
2064,Customer2064,User2064,Other,1997-10-22,2024-09-20,8,Third-party Delivery,Salads,customer2064@example.com,3008387790
2065,Customer2065,User2065,Female,2002-07-19,2024-05-23,3,Website/App,Pasta,customer2065@example.com,3005382525
2066,Customer2066,User2066,Female,1973-02-04,2024-10-05,20,Takeaway,Burgers,customer2066@example.com,3009015427
2067,Customer2067,User2067,Female,1985-12-13,2024-12-02,12,Dine-in,Pizza,customer2067@example.com,3008960467
2068,Customer2068,User2068,Male,1997-11-24,2024-01-08,20,Third-party Delivery,Rice,customer2068@example.com,3008067382
2069,Customer2069,User2069,Female,1985-07-23,2024-11-05,4,Website/App,Pasta,customer2069@example.com,3007247640
2070,Customer2070,User2070,Other,1973-07-16,2024-01-02,1,Website/App,Biryani,customer2070@example.com,3006011578
2071,Customer2071,User2071,Other,1986-03-02,2024-05-13,13,Website/App,Beverages,customer2071@example.com,3008296545
2072,Customer2072,User2072,Female,2001-07-02,2024-06-26,14,Website/App,Biryani,customer2072@example.com,3001240838
2073,Customer2073,User2073,Female,1990-07-28,2024-06-16,15,Website/App,Beverages,customer2073@example.com,3001489629
2074,Customer2074,User2074,Other,1998-05-25,2024-06-08,7,Dine-in,Sandwiches,customer2074@example.com,3003195396
2075,Customer2075,User2075,Male,1993-05-26,2024-07-13,5,Takeaway,Sandwiches,customer2075@example.com,3006645656
2076,Customer2076,User2076,Other,1988-01-04,2024-07-21,11,Website/App,Rice,customer2076@example.com,3001900920
2077,Customer2077,User2077,Male,1997-03-28,2024-03-04,6,Takeaway,BBQ,customer2077@example.com,3004037413
2078,Customer2078,User2078,Female,1997-08-23,2024-11-16,10,Third-party Delivery,Biryani,customer2078@example.com,3006301688
2079,Customer2079,User2079,Other,1974-07-01,2024-02-03,6,Website/App,Pizza,customer2079@example.com,3002548539
2080,Customer2080,User2080,Female,2002-05-18,2024-09-21,13,Dine-in,Burgers,customer2080@example.com,3001251893
2081,Customer2081,User2081,Male,2000-10-17,2024-07-16,16,Takeaway,Rice,customer2081@example.com,3002327617
2082,Customer2082,User2082,Male,1992-08-26,2024-01-26,9,Third-party Delivery,Biryani,customer2082@example.com,3007854309
2083,Customer2083,User2083,Female,1980-11-26,2024-07-03,5,Dine-in,Biryani,customer2083@example.com,3001897098
2084,Customer2084,User2084,Male,2003-05-08,2024-12-25,16,Website/App,Rice,customer2084@example.com,3008215607
2085,Customer2085,User2085,Female,1994-09-02,2024-08-18,12,Takeaway,Pasta,customer2085@example.com,3005441383
2086,Customer2086,User2086,Other,1981-05-05,2024-02-22,18,Takeaway,Beverages,customer2086@example.com,3006440832
2087,Customer2087,User2087,Female,1993-05-02,2024-01-22,14,Website/App,BBQ,customer2087@example.com,3007164406
2088,Customer2088,User2088,Female,1999-06-24,2024-03-28,7,Dine-in,Pizza,customer2088@example.com,3003347865
2089,Customer2089,User2089,Male,1979-12-15,2024-05-25,18,Third-party Delivery,Salads,customer2089@example.com,3002423828
2090,Customer2090,User2090,Female,1998-07-25,2024-04-08,10,Takeaway,Desserts,customer2090@example.com,3003847446
2091,Customer2091,User2091,Male,1982-09-18,2024-07-22,6,Dine-in,Desserts,customer2091@example.com,3006932930
2092,Customer2092,User2092,Other,1970-11-18,2024-01-26,3,Third-party Delivery,Rice,customer2092@example.com,3001699652
2093,Customer2093,User2093,Female,1991-12-21,2024-04-02,13,Takeaway,Pasta,customer2093@example.com,3009439632
2094,Customer2094,User2094,Male,1987-10-08,2024-06-28,8,Website/App,Burgers,customer2094@example.com,3001600018
2095,Customer2095,User2095,Other,1976-09-03,2024-12-28,13,Third-party Delivery,Desserts,customer2095@example.com,3009475119
2096,Customer2096,User2096,Female,2002-02-27,2024-07-12,6,Website/App,BBQ,customer2096@example.com,3005268011
2097,Customer2097,User2097,Other,1993-05-09,2024-07-02,18,Takeaway,Beverages,customer2097@example.com,3007067174
2098,Customer2098,User2098,Other,1974-08-20,2024-10-07,15,Dine-in,Burgers,customer2098@example.com,3006377073
2099,Customer2099,User2099,Male,1977-03-18,2024-08-17,17,Website/App,Beverages,customer2099@example.com,3007475947
2100,Customer2100,User2100,Other,1997-10-17,2024-09-25,5,Dine-in,BBQ,customer2100@example.com,3006276469
2101,Customer2101,User2101,Female,1978-08-04,2024-05-27,15,Takeaway,BBQ,customer2101@example.com,3007322362
2102,Customer2102,User2102,Male,1972-02-28,2024-12-20,18,Third-party Delivery,BBQ,customer2102@example.com,3003936508
2103,Customer2103,User2103,Female,1978-04-27,2024-09-21,8,Third-party Delivery,Biryani,customer2103@example.com,3009748705
2104,Customer2104,User2104,Male,1985-10-26,2024-02-05,4,Third-party Delivery,Burgers,customer2104@example.com,3007574943
2105,Customer2105,User2105,Male,1983-03-17,2024-09-02,19,Takeaway,Biryani,customer2105@example.com,3003444535
2106,Customer2106,User2106,Male,1972-02-01,2024-03-08,6,Dine-in,Burgers,customer2106@example.com,3002057480
2107,Customer2107,User2107,Other,2003-07-15,2024-07-13,4,Dine-in,Burgers,customer2107@example.com,3009521536
2108,Customer2108,User2108,Other,2000-12-13,2024-02-01,18,Dine-in,BBQ,customer2108@example.com,3004176779
2109,Customer2109,User2109,Female,1994-02-10,2024-01-24,8,Website/App,Pasta,customer2109@example.com,3005093114
2110,Customer2110,User2110,Other,1975-10-17,2024-01-26,16,Website/App,Sandwiches,customer2110@example.com,3003319495
2111,Customer2111,User2111,Male,1990-05-14,2024-10-11,4,Dine-in,Burgers,customer2111@example.com,3004331212
2112,Customer2112,User2112,Other,1971-08-27,2024-07-06,1,Website/App,BBQ,customer2112@example.com,3006526817
2113,Customer2113,User2113,Other,1994-08-27,2024-02-11,1,Dine-in,Sandwiches,customer2113@example.com,3008262031
2114,Customer2114,User2114,Other,1994-07-09,2024-02-03,1,Third-party Delivery,Pasta,customer2114@example.com,3006017911
2115,Customer2115,User2115,Male,1975-12-27,2024-04-10,1,Third-party Delivery,Beverages,customer2115@example.com,3006434660
2116,Customer2116,User2116,Male,1995-10-27,2024-10-09,20,Third-party Delivery,Burgers,customer2116@example.com,3009771006
2117,Customer2117,User2117,Other,1970-06-25,2024-09-25,7,Third-party Delivery,Sandwiches,customer2117@example.com,3004394065
2118,Customer2118,User2118,Female,1979-07-18,2024-12-19,19,Third-party Delivery,Biryani,customer2118@example.com,3007516510
2119,Customer2119,User2119,Other,1999-01-17,2024-04-18,14,Dine-in,Desserts,customer2119@example.com,3009877472
2120,Customer2120,User2120,Other,2001-10-03,2024-06-01,12,Third-party Delivery,Biryani,customer2120@example.com,3007090487
2121,Customer2121,User2121,Female,1974-10-15,2024-07-01,20,Takeaway,Biryani,customer2121@example.com,3001373745
2122,Customer2122,User2122,Male,1978-07-23,2024-06-15,17,Takeaway,Sandwiches,customer2122@example.com,3001246499
2123,Customer2123,User2123,Female,1975-09-28,2024-01-25,19,Website/App,Biryani,customer2123@example.com,3002222046
2124,Customer2124,User2124,Female,1993-06-17,2024-06-04,15,Third-party Delivery,Desserts,customer2124@example.com,3005878601
2125,Customer2125,User2125,Other,1975-11-24,2024-03-16,10,Third-party Delivery,Salads,customer2125@example.com,3004101741
2126,Customer2126,User2126,Male,1976-09-22,2024-11-18,5,Website/App,Pizza,customer2126@example.com,3007758079
2127,Customer2127,User2127,Male,1997-05-06,2024-03-05,20,Third-party Delivery,Pasta,customer2127@example.com,3009593739
2128,Customer2128,User2128,Other,1974-08-02,2024-12-09,12,Website/App,Biryani,customer2128@example.com,3002765563
2129,Customer2129,User2129,Other,1992-11-10,2024-06-16,2,Website/App,Sandwiches,customer2129@example.com,3009485875
2130,Customer2130,User2130,Male,1970-10-05,2024-03-28,12,Third-party Delivery,Burgers,customer2130@example.com,3001303026
2131,Customer2131,User2131,Other,1973-02-21,2024-07-08,11,Third-party Delivery,BBQ,customer2131@example.com,3001886527
2132,Customer2132,User2132,Female,1980-04-27,2024-03-09,16,Takeaway,Beverages,customer2132@example.com,3003733931
2133,Customer2133,User2133,Other,1990-12-26,2024-05-01,2,Dine-in,Desserts,customer2133@example.com,3009727015
2134,Customer2134,User2134,Other,2003-03-06,2024-12-09,15,Takeaway,Pizza,customer2134@example.com,3003285890
2135,Customer2135,User2135,Female,1974-07-18,2024-06-01,16,Dine-in,Burgers,customer2135@example.com,3006896055
2136,Customer2136,User2136,Other,1973-02-04,2024-10-12,1,Takeaway,Desserts,customer2136@example.com,3002832194
2137,Customer2137,User2137,Other,1975-06-06,2024-07-03,2,Website/App,Rice,customer2137@example.com,3008391855
2138,Customer2138,User2138,Male,1978-04-02,2024-01-15,3,Third-party Delivery,Salads,customer2138@example.com,3006266537
2139,Customer2139,User2139,Other,1970-01-16,2024-05-23,3,Website/App,Beverages,customer2139@example.com,3006489988
2140,Customer2140,User2140,Other,1988-04-26,2024-11-05,19,Third-party Delivery,Sandwiches,customer2140@example.com,3004579226
2141,Customer2141,User2141,Female,1992-03-20,2024-05-09,16,Dine-in,Sandwiches,customer2141@example.com,3002477917
2142,Customer2142,User2142,Other,2002-03-16,2024-04-26,10,Dine-in,Rice,customer2142@example.com,3002186539
2143,Customer2143,User2143,Male,1986-06-02,2024-03-12,18,Third-party Delivery,Rice,customer2143@example.com,3004073181
2144,Customer2144,User2144,Male,1999-05-07,2024-12-12,15,Website/App,Beverages,customer2144@example.com,3005059357
2145,Customer2145,User2145,Female,1979-07-17,2024-01-13,9,Third-party Delivery,Burgers,customer2145@example.com,3008201903
2146,Customer2146,User2146,Female,1982-10-18,2024-04-23,9,Website/App,Beverages,customer2146@example.com,3009445312
2147,Customer2147,User2147,Male,1989-03-11,2024-04-13,10,Third-party Delivery,Biryani,customer2147@example.com,3001795791
2148,Customer2148,User2148,Female,1991-01-15,2024-08-09,2,Third-party Delivery,Pasta,customer2148@example.com,3008532729
2149,Customer2149,User2149,Other,1991-06-03,2024-06-13,6,Takeaway,Salads,customer2149@example.com,3004066409
2150,Customer2150,User2150,Other,1970-10-02,2024-09-11,11,Dine-in,Burgers,customer2150@example.com,3009277618
2151,Customer2151,User2151,Other,1989-12-01,2024-11-20,4,Takeaway,Pizza,customer2151@example.com,3002398123
2152,Customer2152,User2152,Male,1999-09-13,2024-02-20,1,Takeaway,Pasta,customer2152@example.com,3005948136
2153,Customer2153,User2153,Other,1998-11-13,2024-01-22,6,Takeaway,Burgers,customer2153@example.com,3007813611
2154,Customer2154,User2154,Other,1993-04-11,2024-05-23,3,Takeaway,Burgers,customer2154@example.com,3002387358
2155,Customer2155,User2155,Other,1978-03-15,2024-06-26,19,Website/App,Burgers,customer2155@example.com,3001177430
2156,Customer2156,User2156,Male,1996-12-02,2024-02-11,4,Website/App,Rice,customer2156@example.com,3004071787
2157,Customer2157,User2157,Female,1986-08-21,2024-10-11,2,Third-party Delivery,BBQ,customer2157@example.com,3001735276
2158,Customer2158,User2158,Female,1976-08-23,2024-04-28,5,Third-party Delivery,Salads,customer2158@example.com,3001830765
2159,Customer2159,User2159,Female,1993-11-01,2024-04-22,3,Dine-in,Burgers,customer2159@example.com,3007587916
2160,Customer2160,User2160,Female,1983-05-25,2024-12-01,7,Dine-in,Burgers,customer2160@example.com,3005654572
2161,Customer2161,User2161,Female,1978-01-07,2024-07-02,17,Website/App,Pizza,customer2161@example.com,3002208104
2162,Customer2162,User2162,Other,1989-11-20,2024-02-08,11,Takeaway,Beverages,customer2162@example.com,3007025942
2163,Customer2163,User2163,Female,1985-06-22,2024-10-11,5,Dine-in,Pasta,customer2163@example.com,3007508257
2164,Customer2164,User2164,Male,1972-01-14,2024-08-19,19,Dine-in,Burgers,customer2164@example.com,3007673699
2165,Customer2165,User2165,Other,1997-09-02,2024-02-18,13,Third-party Delivery,Desserts,customer2165@example.com,3005408514
2166,Customer2166,User2166,Male,1985-08-17,2024-05-23,5,Takeaway,Rice,customer2166@example.com,3005848213
2167,Customer2167,User2167,Female,1993-04-01,2024-01-13,16,Third-party Delivery,Sandwiches,customer2167@example.com,3003636967
2168,Customer2168,User2168,Female,1990-01-07,2024-03-21,12,Dine-in,Pizza,customer2168@example.com,3009275030
2169,Customer2169,User2169,Male,1994-06-09,2024-03-13,6,Website/App,Pizza,customer2169@example.com,3008707092
2170,Customer2170,User2170,Other,1986-03-19,2024-01-21,6,Takeaway,Rice,customer2170@example.com,3004713173
2171,Customer2171,User2171,Female,1991-02-03,2024-01-24,2,Dine-in,Sandwiches,customer2171@example.com,3001778376
2172,Customer2172,User2172,Female,1985-01-21,2024-09-18,14,Website/App,Rice,customer2172@example.com,3001233949
2173,Customer2173,User2173,Male,1977-02-13,2024-07-15,8,Takeaway,Salads,customer2173@example.com,3001108971
2174,Customer2174,User2174,Female,1991-08-11,2024-10-18,18,Third-party Delivery,Pasta,customer2174@example.com,3004121703
2175,Customer2175,User2175,Male,1980-10-24,2024-10-25,14,Website/App,Biryani,customer2175@example.com,3007631049
2176,Customer2176,User2176,Male,1984-04-14,2024-11-26,6,Dine-in,Biryani,customer2176@example.com,3008676803
2177,Customer2177,User2177,Female,1992-09-06,2024-02-09,15,Third-party Delivery,Burgers,customer2177@example.com,3003115310
2178,Customer2178,User2178,Male,1998-02-03,2024-06-27,6,Takeaway,Beverages,customer2178@example.com,3001102663
2179,Customer2179,User2179,Male,1982-07-23,2024-03-04,20,Takeaway,Pizza,customer2179@example.com,3006915170
2180,Customer2180,User2180,Other,1977-09-19,2024-08-24,1,Website/App,Salads,customer2180@example.com,3002584831
2181,Customer2181,User2181,Female,1976-02-17,2024-07-07,18,Website/App,Pasta,customer2181@example.com,3002368232
2182,Customer2182,User2182,Other,1990-10-24,2024-08-23,16,Takeaway,Pizza,customer2182@example.com,3007404194
2183,Customer2183,User2183,Other,2003-01-23,2024-01-25,11,Takeaway,Desserts,customer2183@example.com,3009975441
2184,Customer2184,User2184,Other,1983-02-18,2024-07-20,5,Third-party Delivery,Biryani,customer2184@example.com,3009540685
2185,Customer2185,User2185,Female,1991-05-28,2024-01-22,4,Takeaway,Biryani,customer2185@example.com,3008998907
2186,Customer2186,User2186,Male,1970-01-06,2024-09-07,20,Website/App,Beverages,customer2186@example.com,3003138437
2187,Customer2187,User2187,Other,1984-03-22,2024-03-02,9,Dine-in,BBQ,customer2187@example.com,3005676558
2188,Customer2188,User2188,Female,1987-11-07,2024-12-05,17,Dine-in,Pizza,customer2188@example.com,3008070928
2189,Customer2189,User2189,Female,1982-12-01,2024-11-05,1,Takeaway,Burgers,customer2189@example.com,3004487272
2190,Customer2190,User2190,Male,1987-12-23,2024-03-08,5,Takeaway,Desserts,customer2190@example.com,3009355506
2191,Customer2191,User2191,Female,1978-12-04,2024-04-12,7,Dine-in,Biryani,customer2191@example.com,3009444612
2192,Customer2192,User2192,Male,1996-06-02,2024-07-09,13,Takeaway,Burgers,customer2192@example.com,3001963702
2193,Customer2193,User2193,Female,1984-08-15,2024-08-12,13,Dine-in,Salads,customer2193@example.com,3004762206
2194,Customer2194,User2194,Male,1974-11-01,2024-11-06,20,Dine-in,Sandwiches,customer2194@example.com,3002241975
2195,Customer2195,User2195,Female,1989-07-28,2024-10-02,6,Takeaway,Pizza,customer2195@example.com,3001489418
2196,Customer2196,User2196,Female,1985-12-18,2024-05-03,20,Third-party Delivery,Sandwiches,customer2196@example.com,3003721304
2197,Customer2197,User2197,Male,1975-04-04,2024-07-16,1,Dine-in,Pasta,customer2197@example.com,3007809247
2198,Customer2198,User2198,Other,1993-07-27,2024-07-15,2,Third-party Delivery,Rice,customer2198@example.com,3007610243
2199,Customer2199,User2199,Male,1975-10-17,2024-07-12,12,Dine-in,BBQ,customer2199@example.com,3005814049
2200,Customer2200,User2200,Female,1989-11-02,2024-08-14,13,Takeaway,BBQ,customer2200@example.com,3004163587
2201,Customer2201,User2201,Other,1984-10-14,2024-06-01,10,Third-party Delivery,Biryani,customer2201@example.com,3008610402
2202,Customer2202,User2202,Male,1978-03-13,2024-03-14,4,Dine-in,BBQ,customer2202@example.com,3003463869
2203,Customer2203,User2203,Female,1983-07-22,2024-03-27,11,Website/App,BBQ,customer2203@example.com,3003538486
2204,Customer2204,User2204,Male,2002-09-21,2024-01-18,16,Dine-in,Salads,customer2204@example.com,3007837787
2205,Customer2205,User2205,Male,1985-12-10,2024-12-03,20,Third-party Delivery,BBQ,customer2205@example.com,3004701106
2206,Customer2206,User2206,Male,1991-04-05,2024-12-10,15,Takeaway,Pasta,customer2206@example.com,3001966421
2207,Customer2207,User2207,Female,2004-04-08,2024-04-09,7,Dine-in,Rice,customer2207@example.com,3002301045
2208,Customer2208,User2208,Male,1993-11-17,2024-08-13,1,Website/App,BBQ,customer2208@example.com,3007204129
2209,Customer2209,User2209,Female,1994-12-19,2024-11-09,16,Website/App,Desserts,customer2209@example.com,3007733982
2210,Customer2210,User2210,Other,1987-12-25,2024-11-11,7,Website/App,Rice,customer2210@example.com,3008324699
2211,Customer2211,User2211,Female,2000-05-13,2024-07-24,20,Third-party Delivery,Pizza,customer2211@example.com,3008229436
2212,Customer2212,User2212,Male,1987-03-03,2024-03-11,10,Website/App,Burgers,customer2212@example.com,3009983971
2213,Customer2213,User2213,Other,1970-10-11,2024-10-10,17,Dine-in,Pasta,customer2213@example.com,3004109904
2214,Customer2214,User2214,Female,1979-06-26,2024-06-19,13,Third-party Delivery,BBQ,,3008494118
2215,Customer2215,User2215,Male,1977-04-01,2024-08-28,9,Takeaway,Rice,customer2215@example.com,3007173054
2216,Customer2216,User2216,Other,1977-05-06,2024-07-04,10,Dine-in,BBQ,customer2216@example.com,3004278491
2217,Customer2217,User2217,Male,1980-07-27,2024-02-10,11,Website/App,Rice,customer2217@example.com,3001936781
2218,Customer2218,User2218,Female,1996-04-22,2024-08-08,4,Dine-in,Burgers,customer2218@example.com,3009961682
2219,Customer2219,User2219,Other,1977-08-17,2024-06-06,5,Dine-in,Pizza,customer2219@example.com,3007180060
2220,Customer2220,User2220,Other,1998-02-18,2024-05-11,6,Takeaway,Pasta,customer2220@example.com,3005686885
2221,Customer2221,User2221,Other,1981-07-17,2024-08-09,9,Third-party Delivery,Burgers,customer2221@example.com,3002886239
2222,Customer2222,User2222,Female,1982-11-06,2024-11-27,1,Third-party Delivery,Pasta,customer2222@example.com,3003476114
2223,Customer2223,User2223,Male,1998-08-15,2024-03-19,14,Third-party Delivery,Pasta,customer2223@example.com,3007823925
2224,Customer2224,User2224,Male,1982-08-01,2024-02-09,2,Dine-in,Pasta,customer2224@example.com,3003558536
2225,Customer2225,User2225,Female,2004-02-01,2024-06-11,17,Dine-in,Burgers,,3001424752
2226,Customer2226,User2226,Male,2000-11-06,2024-12-05,3,Website/App,Biryani,customer2226@example.com,3006365162
2227,Customer2227,User2227,Female,1982-02-14,2024-01-20,10,Takeaway,Salads,customer2227@example.com,3003070608
2228,Customer2228,User2228,Male,1995-09-26,2024-11-23,3,Third-party Delivery,Biryani,customer2228@example.com,3001588583
2229,Customer2229,User2229,Male,1977-04-13,2024-10-12,12,Takeaway,Beverages,customer2229@example.com,3007555955
2230,Customer2230,User2230,Male,1971-10-21,2024-03-19,16,Takeaway,Pasta,customer2230@example.com,3003144472
2231,Customer2231,User2231,Other,1993-10-12,2024-11-22,7,Takeaway,Biryani,customer2231@example.com,3003834946
2232,Customer2232,User2232,Male,1998-04-23,2024-10-07,17,Takeaway,Burgers,customer2232@example.com,3005820587
2233,Customer2233,User2233,Female,2000-12-23,2024-04-26,12,Takeaway,Biryani,customer2233@example.com,3004802340
2234,Customer2234,User2234,Female,1997-02-17,2024-06-02,16,Third-party Delivery,Pizza,customer2234@example.com,3001821327
2235,Customer2235,User2235,Other,1999-01-17,2024-03-13,20,Third-party Delivery,Pizza,customer2235@example.com,3009483674
2236,Customer2236,User2236,Male,1982-07-02,2024-02-01,16,Dine-in,Biryani,customer2236@example.com,3007650920
2237,Customer2237,User2237,Male,1992-11-28,2024-09-08,18,Takeaway,Pizza,customer2237@example.com,3009271085
2238,Customer2238,User2238,Other,1997-12-25,2024-05-18,9,Third-party Delivery,Desserts,customer2238@example.com,3004360545
2239,Customer2239,User2239,Female,1998-05-05,2024-03-07,7,Takeaway,Biryani,customer2239@example.com,3003707604
2240,Customer2240,User2240,Other,2002-01-21,2024-02-25,20,Website/App,BBQ,customer2240@example.com,3003583165
2241,Customer2241,User2241,Female,1979-12-27,2024-11-22,6,Takeaway,Pasta,customer2241@example.com,3007795231
2242,Customer2242,User2242,Male,1994-03-27,2024-10-11,7,Website/App,Burgers,customer2242@example.com,3007536593
2243,Customer2243,User2243,Male,2000-04-03,2024-11-04,18,Dine-in,BBQ,customer2243@example.com,3007657530
2244,Customer2244,User2244,Other,2001-05-04,2024-04-01,16,Website/App,Rice,customer2244@example.com,3006115213
2245,Customer2245,User2245,Male,1990-03-01,2024-11-03,8,Third-party Delivery,Biryani,customer2245@example.com,3007732573
2246,Customer2246,User2246,Other,1973-09-26,2024-05-22,13,Takeaway,Salads,customer2246@example.com,3008944457
2247,Customer2247,User2247,Other,1993-07-03,2024-06-24,9,Third-party Delivery,Burgers,customer2247@example.com,3007065502
2248,Customer2248,User2248,Female,1986-10-03,2024-03-21,3,Website/App,Pizza,customer2248@example.com,3008182645
2249,Customer2249,User2249,Other,1987-02-03,2024-10-25,11,Website/App,Sandwiches,customer2249@example.com,3005557013
2250,Customer2250,User2250,Male,1975-10-24,2024-07-19,7,Website/App,Desserts,customer2250@example.com,3009332423
2251,Customer2251,User2251,Female,1981-01-16,2024-01-26,5,Dine-in,BBQ,customer2251@example.com,3003830773
2252,Customer2252,User2252,Female,1980-11-01,2024-02-20,16,Dine-in,Biryani,customer2252@example.com,3002506684
2253,Customer2253,User2253,Male,1989-02-07,2024-10-08,14,Third-party Delivery,Desserts,customer2253@example.com,3009925148
2254,Customer2254,User2254,Other,1999-07-02,2024-10-17,16,Takeaway,Pizza,customer2254@example.com,3003767799
2255,Customer2255,User2255,Female,2001-08-08,2024-02-26,20,Takeaway,Biryani,customer2255@example.com,3008345889
2256,Customer2256,User2256,Other,1994-11-25,2024-01-15,11,Third-party Delivery,Beverages,customer2256@example.com,3008052413
2257,Customer2257,User2257,Female,1985-11-07,2024-11-22,19,Website/App,Rice,customer2257@example.com,3002934213
2258,Customer2258,User2258,Other,1975-11-25,2024-07-11,10,Takeaway,Burgers,customer2258@example.com,3009598225
2259,Customer2259,User2259,Other,1991-03-08,2024-02-05,2,Takeaway,Pizza,customer2259@example.com,3002161873
2260,Customer2260,User2260,Female,1971-06-16,2024-07-09,10,Third-party Delivery,BBQ,customer2260@example.com,3009052022
2261,Customer2261,User2261,Male,1973-01-05,2024-07-18,15,Third-party Delivery,BBQ,customer2261@example.com,3006187294
2262,Customer2262,User2262,Other,1997-08-13,2024-05-19,15,Third-party Delivery,BBQ,customer2262@example.com,3002493623
2263,Customer2263,User2263,Female,1982-07-12,2024-07-23,2,Website/App,Pasta,customer2263@example.com,3001554088
2264,Customer2264,User2264,Male,1996-04-12,2024-06-23,8,Third-party Delivery,Rice,customer2264@example.com,3001631411
2265,Customer2265,User2265,Other,1994-05-19,2024-07-20,6,Third-party Delivery,Desserts,customer2265@example.com,3002326711
2266,Customer2266,User2266,Male,1992-03-19,2024-12-13,8,Website/App,Rice,customer2266@example.com,3001831233
2267,Customer2267,User2267,Other,1993-10-15,2024-12-01,6,Website/App,Pasta,customer2267@example.com,3002847539
2268,Customer2268,User2268,Male,2003-03-15,2024-07-22,7,Third-party Delivery,BBQ,customer2268@example.com,3004938799
2269,Customer2269,User2269,Male,1990-10-10,2024-09-20,18,Website/App,Salads,customer2269@example.com,3007601346
2270,Customer2270,User2270,Female,1988-07-22,2024-07-08,10,Website/App,BBQ,customer2270@example.com,3005901629
2271,Customer2271,User2271,Other,1984-05-23,2024-05-26,3,Website/App,Salads,customer2271@example.com,3003035282
2272,Customer2272,User2272,Female,1985-10-08,2024-12-28,9,Website/App,Salads,customer2272@example.com,3008564685
2273,Customer2273,User2273,Female,1984-10-09,2024-07-09,1,Takeaway,Biryani,customer2273@example.com,3004766967
2274,Customer2274,User2274,Male,1991-09-14,2024-03-20,16,Takeaway,Salads,customer2274@example.com,3009945252
2275,Customer2275,User2275,Other,2003-10-28,2024-05-04,8,Takeaway,Pizza,customer2275@example.com,3001133816
2276,Customer2276,User2276,Other,1998-03-02,2024-12-06,4,Third-party Delivery,Burgers,customer2276@example.com,3009035115
2277,Customer2277,User2277,Female,1989-09-12,2024-04-10,14,Website/App,Pasta,customer2277@example.com,3008929208
2278,Customer2278,User2278,Other,1978-03-02,2024-04-01,2,Website/App,BBQ,customer2278@example.com,3008261804
2279,Customer2279,User2279,Female,1994-02-05,2024-12-20,8,Dine-in,Burgers,customer2279@example.com,3003372887
2280,Customer2280,User2280,Other,1992-02-05,2024-02-07,15,Website/App,Sandwiches,customer2280@example.com,3006976699
2281,Customer2281,User2281,Other,1995-04-11,2024-10-11,16,Dine-in,Beverages,customer2281@example.com,3008218298
2282,Customer2282,User2282,Male,1983-02-09,2024-12-12,18,Website/App,Rice,customer2282@example.com,3005351588
2283,Customer2283,User2283,Other,1990-07-13,2024-04-03,3,Takeaway,Beverages,customer2283@example.com,3007224122
2284,Customer2284,User2284,Male,1983-05-06,2024-04-27,14,Takeaway,Biryani,customer2284@example.com,3001561792
2285,Customer2285,User2285,Male,1982-05-15,2024-05-06,9,Third-party Delivery,Rice,customer2285@example.com,3002808272
2286,Customer2286,User2286,Male,1989-04-22,2024-08-23,19,Third-party Delivery,Beverages,customer2286@example.com,3007647888
2287,Customer2287,User2287,Other,1971-01-18,2024-11-11,5,Website/App,Sandwiches,customer2287@example.com,3001840925
2288,Customer2288,User2288,Male,1975-11-22,2024-08-15,10,Dine-in,Desserts,customer2288@example.com,3005420728
2289,Customer2289,User2289,Male,1972-05-07,2024-06-02,5,Takeaway,Beverages,customer2289@example.com,3007150740
2290,Customer2290,User2290,Male,1980-03-27,2024-09-20,9,Third-party Delivery,Sandwiches,customer2290@example.com,3006676410
2291,Customer2291,User2291,Male,1998-06-24,2024-03-07,7,Takeaway,Beverages,customer2291@example.com,3003572249
2292,Customer2292,User2292,Other,1984-01-05,2024-01-05,11,Third-party Delivery,Salads,customer2292@example.com,3002808703
2293,Customer2293,User2293,Male,1983-01-08,2024-01-08,7,Website/App,Sandwiches,customer2293@example.com,3008859220
2294,Customer2294,User2294,Female,1974-12-23,2024-02-22,14,Third-party Delivery,Pasta,customer2294@example.com,3001179619
2295,Customer2295,User2295,Female,1997-03-25,2024-08-20,20,Website/App,Pasta,customer2295@example.com,3005179598
2296,Customer2296,User2296,Other,1973-03-09,2024-11-12,7,Dine-in,Pizza,customer2296@example.com,3003903155
2297,Customer2297,User2297,Male,1986-08-06,2024-04-01,7,Website/App,Biryani,customer2297@example.com,3001782937
2298,Customer2298,User2298,Male,2004-05-15,2024-02-26,19,Dine-in,Pizza,customer2298@example.com,3008620528
2299,Customer2299,User2299,Other,1980-03-22,2024-03-10,2,Website/App,Burgers,customer2299@example.com,3008371012
2300,Customer2300,User2300,Other,1996-05-22,2024-09-15,4,Third-party Delivery,Desserts,customer2300@example.com,3006387414
2301,Customer2301,User2301,Female,1996-02-20,2024-10-28,6,Website/App,Burgers,customer2301@example.com,3007481329
2302,Customer2302,User2302,Female,2004-04-18,2024-08-05,16,Takeaway,Pasta,customer2302@example.com,3009485735
2303,Customer2303,User2303,Male,1981-03-11,2024-10-02,19,Website/App,Sandwiches,customer2303@example.com,3007613627
2304,Customer2304,User2304,Other,1988-12-09,2024-09-24,5,Takeaway,Desserts,customer2304@example.com,3005179267
2305,Customer2305,User2305,Other,1982-08-19,2024-02-26,6,Dine-in,Biryani,customer2305@example.com,3002418284
2306,Customer2306,User2306,Male,1973-02-17,2024-08-17,2,Takeaway,Pasta,customer2306@example.com,3007978124
2307,Customer2307,User2307,Other,1973-11-03,2024-08-28,2,Third-party Delivery,BBQ,customer2307@example.com,3001604880
2308,Customer2308,User2308,Other,1984-10-05,2024-06-04,19,Website/App,Pasta,customer2308@example.com,3003989746
2309,Customer2309,User2309,Other,1990-12-25,2024-02-16,4,Takeaway,Biryani,customer2309@example.com,3003384125
2310,Customer2310,User2310,Female,1994-12-09,2024-04-08,18,Third-party Delivery,Biryani,customer2310@example.com,3003743909
2311,Customer2311,User2311,Male,1993-05-05,2024-03-04,13,Takeaway,Sandwiches,customer2311@example.com,3006377143
2312,Customer2312,User2312,Other,1986-10-21,2024-07-28,7,Takeaway,Burgers,customer2312@example.com,3004279979
2313,Customer2313,User2313,Male,1988-05-10,2024-08-27,1,Website/App,Beverages,customer2313@example.com,3009700075
2314,Customer2314,User2314,Female,2002-10-19,2024-06-01,9,Third-party Delivery,Burgers,customer2314@example.com,3003788542
2315,Customer2315,User2315,Male,1993-10-22,2024-07-25,17,Website/App,Pizza,customer2315@example.com,3006254989
2316,Customer2316,User2316,Male,1998-08-09,2024-10-23,6,Third-party Delivery,Sandwiches,customer2316@example.com,3004509845
2317,Customer2317,User2317,Male,1990-07-08,2024-05-06,15,Third-party Delivery,Desserts,customer2317@example.com,3006350367
2318,Customer2318,User2318,Male,1980-06-19,2024-03-01,14,Dine-in,Sandwiches,customer2318@example.com,3006860108
2319,Customer2319,User2319,Other,1975-03-26,2024-10-05,1,Website/App,Salads,customer2319@example.com,3003645228
2320,Customer2320,User2320,Male,1988-02-03,2024-06-28,14,Takeaway,Burgers,customer2320@example.com,3003544009
2321,Customer2321,User2321,Other,1990-06-25,2024-11-23,19,Third-party Delivery,Rice,customer2321@example.com,3008313048
2322,Customer2322,User2322,Male,1999-11-24,2024-03-21,14,Takeaway,Salads,,3005977111
2323,Customer2323,User2323,Other,1981-01-14,2024-07-03,11,Website/App,Salads,customer2323@example.com,3009629731
2324,Customer2324,User2324,Male,1991-02-07,2024-04-24,4,Takeaway,Beverages,customer2324@example.com,3001678596
2325,Customer2325,User2325,Male,1987-10-18,2024-04-23,6,Dine-in,Pizza,customer2325@example.com,3003965879
2326,Customer2326,User2326,Male,1976-03-26,2024-02-12,10,Dine-in,Pasta,customer2326@example.com,3003577881
2327,Customer2327,User2327,Female,2004-07-18,2024-08-13,10,Dine-in,Pizza,customer2327@example.com,3002841052
2328,Customer2328,User2328,Other,1990-05-18,2024-09-02,13,Website/App,BBQ,customer2328@example.com,3003240852
2329,Customer2329,User2329,Other,1970-01-26,2024-07-06,19,Third-party Delivery,Desserts,customer2329@example.com,3009798264
2330,Customer2330,User2330,Female,1985-06-17,2024-06-25,13,Third-party Delivery,BBQ,customer2330@example.com,3007699071
2331,Customer2331,User2331,Other,1989-12-04,2024-10-14,5,Takeaway,BBQ,customer2331@example.com,3004024807
2332,Customer2332,User2332,Male,1979-12-14,2024-03-06,3,Takeaway,Biryani,customer2332@example.com,3001287020
2333,Customer2333,User2333,Female,1974-01-10,2024-03-20,9,Takeaway,Pizza,customer2333@example.com,3005721184
2334,Customer2334,User2334,Other,2001-09-19,2024-12-28,4,Dine-in,Desserts,customer2334@example.com,3008491253
2335,Customer2335,User2335,Male,1996-10-20,2024-10-20,9,Dine-in,Biryani,customer2335@example.com,3009618242
2336,Customer2336,User2336,Other,1982-02-24,2024-09-01,2,Takeaway,Sandwiches,customer2336@example.com,3008084151
2337,Customer2337,User2337,Female,1971-12-23,2024-12-06,1,Dine-in,Burgers,customer2337@example.com,3006835711
2338,Customer2338,User2338,Male,1980-09-11,2024-04-18,13,Takeaway,Pizza,customer2338@example.com,3001064572
2339,Customer2339,User2339,Female,1972-06-26,2024-03-09,8,Takeaway,Beverages,customer2339@example.com,3001032061
2340,Customer2340,User2340,Female,1980-07-27,2024-10-06,19,Dine-in,Burgers,customer2340@example.com,3008568233
2341,Customer2341,User2341,Female,2004-12-14,2024-03-27,15,Third-party Delivery,Rice,customer2341@example.com,3004810750
2342,Customer2342,User2342,Male,1983-09-20,2024-07-22,7,Takeaway,Desserts,customer2342@example.com,3007836867
2343,Customer2343,User2343,Other,1975-09-11,2024-11-04,18,Third-party Delivery,Biryani,customer2343@example.com,3007671449
2344,Customer2344,User2344,Female,1976-04-14,2024-09-10,4,Dine-in,Pizza,customer2344@example.com,3004185522
2345,Customer2345,User2345,Male,2002-03-07,2024-04-23,20,Takeaway,Pizza,customer2345@example.com,3009524533
2346,Customer2346,User2346,Other,1984-06-06,2024-08-24,20,Dine-in,Beverages,customer2346@example.com,3009000563
2347,Customer2347,User2347,Female,1971-07-16,2024-08-13,4,Dine-in,Sandwiches,customer2347@example.com,3007211496
2348,Customer2348,User2348,Other,1980-01-21,2024-09-17,4,Website/App,Rice,customer2348@example.com,3002259303
2349,Customer2349,User2349,Other,1978-08-20,2024-08-14,4,Third-party Delivery,Beverages,customer2349@example.com,3002856717
2350,Customer2350,User2350,Female,1996-10-28,2024-09-21,8,Website/App,Pasta,customer2350@example.com,3009346305
2351,Customer2351,User2351,Male,1971-12-27,2024-12-05,13,Third-party Delivery,Pasta,customer2351@example.com,3007698366
2352,Customer2352,User2352,Other,1994-03-20,2024-06-19,4,Takeaway,Pasta,customer2352@example.com,3008519839
2353,Customer2353,User2353,Male,1989-10-17,2024-10-19,6,Website/App,Pasta,customer2353@example.com,3004749971
2354,Customer2354,User2354,Other,1987-11-14,2024-11-21,1,Third-party Delivery,BBQ,customer2354@example.com,3003290151
2355,Customer2355,User2355,Other,1971-08-09,2024-11-16,5,Third-party Delivery,Sandwiches,,3006108877
2356,Customer2356,User2356,Male,1998-10-20,2024-07-16,1,Dine-in,Beverages,customer2356@example.com,3008671957
2357,Customer2357,User2357,Female,2001-05-18,2024-06-22,20,Website/App,Sandwiches,customer2357@example.com,3005627149
2358,Customer2358,User2358,Male,2002-04-26,2024-10-26,17,Website/App,Pizza,customer2358@example.com,3007894655
2359,Customer2359,User2359,Female,1985-05-27,2024-08-17,11,Takeaway,Sandwiches,customer2359@example.com,3009999882
2360,Customer2360,User2360,Other,1976-07-10,2024-10-18,1,Website/App,BBQ,customer2360@example.com,3006302222
2361,Customer2361,User2361,Male,1980-11-21,2024-09-26,13,Dine-in,Pasta,customer2361@example.com,3003867248
2362,Customer2362,User2362,Male,1972-03-13,2024-03-15,2,Third-party Delivery,Sandwiches,customer2362@example.com,3005863345
2363,Customer2363,User2363,Other,1973-01-27,2024-09-06,9,Website/App,Pasta,customer2363@example.com,3009725552
2364,Customer2364,User2364,Male,1984-01-18,2024-09-19,18,Takeaway,Burgers,customer2364@example.com,3006534468
2365,Customer2365,User2365,Female,1989-11-27,2024-09-18,8,Third-party Delivery,BBQ,customer2365@example.com,3002778155
2366,Customer2366,User2366,Other,1992-07-28,2024-04-01,5,Third-party Delivery,Pasta,customer2366@example.com,3001213496
2367,Customer2367,User2367,Male,1970-04-02,2024-11-12,13,Third-party Delivery,Pizza,customer2367@example.com,3006970859
2368,Customer2368,User2368,Other,1983-01-12,2024-07-10,4,Website/App,Salads,customer2368@example.com,3004214210
2369,Customer2369,User2369,Female,2004-11-28,2024-05-14,15,Dine-in,Beverages,customer2369@example.com,3009050586
2370,Customer2370,User2370,Other,1971-11-04,2024-09-16,6,Third-party Delivery,Burgers,customer2370@example.com,3001523952
2371,Customer2371,User2371,Male,1983-07-12,2024-12-04,2,Takeaway,BBQ,customer2371@example.com,3005959788
2372,Customer2372,User2372,Female,1986-03-20,2024-10-02,13,Third-party Delivery,BBQ,customer2372@example.com,3006753647
2373,Customer2373,User2373,Female,1995-06-06,2024-05-02,13,Takeaway,Biryani,customer2373@example.com,3002960067
2374,Customer2374,User2374,Female,1992-10-20,2024-07-28,16,Takeaway,Pasta,customer2374@example.com,3008138205
2375,Customer2375,User2375,Male,1981-03-04,2024-10-01,11,Takeaway,Rice,customer2375@example.com,3005947520
2376,Customer2376,User2376,Female,1971-05-16,2024-05-16,13,Website/App,Beverages,customer2376@example.com,3005841463
2377,Customer2377,User2377,Other,1990-06-20,2024-04-20,14,Website/App,Biryani,customer2377@example.com,3002617137
2378,Customer2378,User2378,Male,2004-04-11,2024-01-16,3,Takeaway,BBQ,customer2378@example.com,3006587097
2379,Customer2379,User2379,Other,1992-04-04,2024-03-23,20,Dine-in,Burgers,customer2379@example.com,3005179822
2380,Customer2380,User2380,Female,1978-11-06,2024-02-28,3,Third-party Delivery,Rice,customer2380@example.com,3003402268
2381,Customer2381,User2381,Other,1999-08-06,2024-07-25,9,Takeaway,Salads,customer2381@example.com,3006813390
2382,Customer2382,User2382,Other,1990-12-22,2024-06-18,11,Takeaway,Biryani,customer2382@example.com,3006121645
2383,Customer2383,User2383,Male,1992-03-23,2024-06-04,13,Dine-in,Beverages,customer2383@example.com,3006497755
2384,Customer2384,User2384,Female,1993-10-03,2024-08-03,2,Website/App,Burgers,customer2384@example.com,3009876707
2385,Customer2385,User2385,Other,1973-06-10,2024-10-03,9,Third-party Delivery,Desserts,customer2385@example.com,3006154905
2386,Customer2386,User2386,Female,2000-04-25,2024-06-21,7,Website/App,Biryani,customer2386@example.com,3005992280
2387,Customer2387,User2387,Female,2003-12-24,2024-12-10,4,Third-party Delivery,Pizza,customer2387@example.com,3006979519
2388,Customer2388,User2388,Other,1989-12-26,2024-10-15,7,Website/App,BBQ,customer2388@example.com,3004408703
2389,Customer2389,User2389,Male,1991-04-16,2024-09-18,1,Takeaway,Rice,customer2389@example.com,3003093993
2390,Customer2390,User2390,Other,1983-07-03,2024-02-23,7,Takeaway,Beverages,customer2390@example.com,3004057141
2391,Customer2391,User2391,Female,1972-09-16,2024-09-18,6,Dine-in,Pasta,customer2391@example.com,3003920716
2392,Customer2392,User2392,Female,2004-08-07,2024-01-10,18,Third-party Delivery,Biryani,customer2392@example.com,3006301091
2393,Customer2393,User2393,Other,1974-06-06,2024-02-15,10,Third-party Delivery,Pasta,customer2393@example.com,3004568629
2394,Customer2394,User2394,Female,1984-08-26,2024-09-02,4,Dine-in,Pasta,customer2394@example.com,3008127897
2395,Customer2395,User2395,Other,2000-04-10,2024-05-28,13,Third-party Delivery,Pizza,customer2395@example.com,3009039487
2396,Customer2396,User2396,Female,1994-03-19,2024-07-19,3,Website/App,Rice,customer2396@example.com,3004521540
2397,Customer2397,User2397,Female,1978-10-20,2024-10-09,13,Third-party Delivery,BBQ,customer2397@example.com,3006728665
2398,Customer2398,User2398,Male,1971-12-02,2024-02-02,18,Website/App,Desserts,customer2398@example.com,3004823108
2399,Customer2399,User2399,Other,1971-09-08,2024-11-23,11,Takeaway,Pizza,customer2399@example.com,3002425801
2400,Customer2400,User2400,Other,1996-11-17,2024-05-10,6,Website/App,Sandwiches,customer2400@example.com,3005646204
2401,Customer2401,User2401,Other,2002-09-10,2024-10-25,20,Third-party Delivery,Salads,customer2401@example.com,3007219517
2402,Customer2402,User2402,Female,1980-09-12,2024-08-11,19,Website/App,Beverages,,3003120948
2403,Customer2403,User2403,Other,1977-10-02,2024-03-05,3,Third-party Delivery,Salads,customer2403@example.com,3008763837
2404,Customer2404,User2404,Other,2004-10-22,2024-11-28,3,Takeaway,BBQ,customer2404@example.com,3009872064
2405,Customer2405,User2405,Other,1982-11-20,2024-08-03,15,Dine-in,Pasta,customer2405@example.com,3009877175
2406,Customer2406,User2406,Female,1986-06-26,2024-02-26,9,Takeaway,Sandwiches,customer2406@example.com,3009327199
2407,Customer2407,User2407,Male,2003-07-17,2024-02-03,6,Takeaway,Burgers,customer2407@example.com,3004521873
2408,Customer2408,User2408,Other,2002-06-25,2024-07-28,18,Dine-in,Pizza,customer2408@example.com,3005123196
2409,Customer2409,User2409,Other,2001-09-03,2024-05-11,19,Dine-in,Burgers,customer2409@example.com,3003800519
2410,Customer2410,User2410,Male,1998-08-19,2024-01-12,11,Takeaway,Beverages,customer2410@example.com,3008134099
2411,Customer2411,User2411,Female,1983-04-27,2024-06-03,11,Dine-in,Desserts,customer2411@example.com,3001199459
2412,Customer2412,User2412,Other,1990-04-05,2024-11-13,1,Dine-in,Pizza,customer2412@example.com,3005045508
2413,Customer2413,User2413,Other,1975-01-08,2024-09-05,19,Third-party Delivery,BBQ,customer2413@example.com,3003254876
2414,Customer2414,User2414,Other,1990-06-04,2024-04-24,14,Dine-in,Salads,customer2414@example.com,3001991043
2415,Customer2415,User2415,Other,2003-06-27,2024-09-26,4,Dine-in,Burgers,customer2415@example.com,3005754781
2416,Customer2416,User2416,Female,1973-03-10,2024-04-23,15,Takeaway,Sandwiches,customer2416@example.com,3002169016
2417,Customer2417,User2417,Female,2003-08-07,2024-07-25,13,Takeaway,Desserts,customer2417@example.com,3002323150
2418,Customer2418,User2418,Male,1992-09-24,2024-10-13,19,Takeaway,Rice,customer2418@example.com,3006926213
2419,Customer2419,User2419,Male,1973-12-01,2024-11-11,18,Website/App,Sandwiches,customer2419@example.com,3002515780
2420,Customer2420,User2420,Female,1988-08-22,2024-04-03,11,Third-party Delivery,Sandwiches,customer2420@example.com,3005016612
2421,Customer2421,User2421,Other,2001-10-06,2024-06-12,4,Dine-in,Sandwiches,customer2421@example.com,3005868367
2422,Customer2422,User2422,Male,1995-11-20,2024-01-22,5,Takeaway,Desserts,customer2422@example.com,3009156395
2423,Customer2423,User2423,Male,1999-01-28,2024-03-18,20,Third-party Delivery,Sandwiches,customer2423@example.com,3007876296
2424,Customer2424,User2424,Male,1991-04-10,2024-03-17,3,Third-party Delivery,BBQ,customer2424@example.com,3005302093
2425,Customer2425,User2425,Male,1996-02-02,2024-02-20,15,Website/App,Rice,customer2425@example.com,3006616376
2426,Customer2426,User2426,Other,1989-07-27,2024-05-02,12,Dine-in,Burgers,customer2426@example.com,3004169373
2427,Customer2427,User2427,Other,2004-01-05,2024-08-07,1,Website/App,Biryani,customer2427@example.com,3009163900
2428,Customer2428,User2428,Female,1983-07-05,2024-09-28,4,Website/App,BBQ,customer2428@example.com,3005539716
2429,Customer2429,User2429,Female,1977-09-25,2024-10-08,19,Website/App,Rice,customer2429@example.com,3001362517
2430,Customer2430,User2430,Other,1996-10-26,2024-01-14,16,Third-party Delivery,BBQ,customer2430@example.com,3001060293
2431,Customer2431,User2431,Other,1981-03-17,2024-09-25,9,Third-party Delivery,BBQ,customer2431@example.com,3006367049
2432,Customer2432,User2432,Female,1977-12-08,2024-06-18,15,Takeaway,Desserts,customer2432@example.com,3003068393
2433,Customer2433,User2433,Female,1987-04-01,2024-11-14,18,Dine-in,Pizza,customer2433@example.com,3007438213
2434,Customer2434,User2434,Female,1972-04-10,2024-04-19,17,Dine-in,Beverages,customer2434@example.com,3009278174
2435,Customer2435,User2435,Male,2000-08-21,2024-12-12,17,Takeaway,Rice,customer2435@example.com,3004597858
2436,Customer2436,User2436,Female,1988-08-15,2024-01-27,9,Dine-in,Rice,customer2436@example.com,3001141410
2437,Customer2437,User2437,Other,1970-10-04,2024-06-07,17,Third-party Delivery,Burgers,customer2437@example.com,3004125422
2438,Customer2438,User2438,Other,1978-07-05,2024-06-09,6,Dine-in,BBQ,customer2438@example.com,3002137832
2439,Customer2439,User2439,Other,1980-04-03,2024-10-02,12,Third-party Delivery,Desserts,customer2439@example.com,3003247316
2440,Customer2440,User2440,Male,1987-05-03,2024-01-02,16,Website/App,Pizza,customer2440@example.com,3004608636
2441,Customer2441,User2441,Male,1987-06-25,2024-04-27,18,Dine-in,Burgers,customer2441@example.com,3009098717
2442,Customer2442,User2442,Other,1989-02-21,2024-03-05,9,Third-party Delivery,Burgers,customer2442@example.com,3008963631
2443,Customer2443,User2443,Male,1994-05-28,2024-10-14,7,Takeaway,Biryani,customer2443@example.com,3007261161
2444,Customer2444,User2444,Male,2001-05-26,2024-03-06,10,Dine-in,BBQ,customer2444@example.com,3004590071
2445,Customer2445,User2445,Male,1996-02-04,2024-09-27,20,Dine-in,Burgers,customer2445@example.com,3004228253
2446,Customer2446,User2446,Female,1994-09-14,2024-02-23,13,Takeaway,Burgers,customer2446@example.com,3008967351
2447,Customer2447,User2447,Male,1979-09-13,2024-08-23,6,Dine-in,Biryani,customer2447@example.com,3001589684
2448,Customer2448,User2448,Male,1991-04-13,2024-07-24,5,Dine-in,Salads,customer2448@example.com,3007046357
2449,Customer2449,User2449,Male,1996-09-19,2024-01-01,11,Third-party Delivery,Desserts,customer2449@example.com,3006251075
2450,Customer2450,User2450,Male,1973-02-16,2024-04-05,11,Dine-in,Burgers,customer2450@example.com,3008740921
2451,Customer2451,User2451,Male,1999-02-07,2024-01-21,15,Takeaway,Biryani,customer2451@example.com,3002569075
2452,Customer2452,User2452,Male,1983-09-27,2024-07-19,2,Third-party Delivery,Pizza,customer2452@example.com,3007540556
2453,Customer2453,User2453,Female,1979-03-04,2024-01-26,9,Website/App,BBQ,customer2453@example.com,3007836928
2454,Customer2454,User2454,Male,2001-02-19,2024-03-18,3,Third-party Delivery,Burgers,customer2454@example.com,3008630079
2455,Customer2455,User2455,Female,1989-04-14,2024-01-05,8,Website/App,BBQ,customer2455@example.com,3003210308
2456,Customer2456,User2456,Male,1993-03-03,2024-11-13,1,Takeaway,Pasta,customer2456@example.com,3004038080
2457,Customer2457,User2457,Male,1987-02-05,2024-12-22,1,Website/App,BBQ,customer2457@example.com,3008483940
2458,Customer2458,User2458,Female,1981-07-20,2024-01-07,6,Third-party Delivery,Pasta,customer2458@example.com,3006298350
2459,Customer2459,User2459,Male,1984-03-16,2024-07-03,15,Website/App,Beverages,customer2459@example.com,3001404438
2460,Customer2460,User2460,Other,1978-05-12,2024-12-12,19,Website/App,Pizza,customer2460@example.com,3007413341
2461,Customer2461,User2461,Male,1978-02-04,2024-10-22,4,Website/App,Beverages,customer2461@example.com,3002525364
2462,Customer2462,User2462,Male,1997-09-13,2024-12-10,20,Third-party Delivery,BBQ,customer2462@example.com,3009035774
2463,Customer2463,User2463,Other,1997-09-22,2024-07-05,7,Third-party Delivery,Sandwiches,customer2463@example.com,3001986289
2464,Customer2464,User2464,Male,2002-09-09,2024-05-15,9,Dine-in,Beverages,customer2464@example.com,3004870860
2465,Customer2465,User2465,Female,1975-10-04,2024-10-02,16,Website/App,Salads,customer2465@example.com,3003191599
2466,Customer2466,User2466,Male,1997-05-02,2024-01-13,19,Takeaway,Sandwiches,customer2466@example.com,3003145093
2467,Customer2467,User2467,Male,1990-04-09,2024-09-09,17,Third-party Delivery,BBQ,customer2467@example.com,3008533764
2468,Customer2468,User2468,Male,2002-03-04,2024-04-19,17,Third-party Delivery,Pasta,customer2468@example.com,3005602343
2469,Customer2469,User2469,Female,1981-03-23,2024-01-06,3,Takeaway,Rice,customer2469@example.com,3009248819
2470,Customer2470,User2470,Other,1979-01-12,2024-06-01,7,Takeaway,Burgers,customer2470@example.com,3002022730
2471,Customer2471,User2471,Male,1971-09-17,2024-07-08,10,Third-party Delivery,Desserts,,3005014329
2472,Customer2472,User2472,Other,1977-10-01,2024-01-17,17,Dine-in,Pizza,customer2472@example.com,3005229914
2473,Customer2473,User2473,Male,1995-01-01,2024-10-28,3,Third-party Delivery,Salads,customer2473@example.com,3003554635
2474,Customer2474,User2474,Male,1978-11-16,2024-04-15,19,Third-party Delivery,Salads,customer2474@example.com,3001750435
2475,Customer2475,User2475,Female,1970-09-26,2024-12-11,10,Dine-in,Beverages,customer2475@example.com,3008134635
2476,Customer2476,User2476,Female,1986-07-08,2024-01-02,1,Website/App,Rice,,3005178217
2477,Customer2477,User2477,Female,1977-02-24,2024-04-15,3,Dine-in,Beverages,customer2477@example.com,3002428797
2478,Customer2478,User2478,Female,1975-11-20,2024-09-21,12,Website/App,Pasta,customer2478@example.com,3009409554
2479,Customer2479,User2479,Male,1989-03-01,2024-04-21,9,Dine-in,Pizza,customer2479@example.com,3007090445
2480,Customer2480,User2480,Male,1990-04-09,2024-07-14,1,Third-party Delivery,Pasta,customer2480@example.com,3007292493
2481,Customer2481,User2481,Other,1986-05-19,2024-12-09,13,Third-party Delivery,Desserts,customer2481@example.com,3003487555
2482,Customer2482,User2482,Other,1973-02-02,2024-09-05,9,Dine-in,Biryani,customer2482@example.com,3002536829
2483,Customer2483,User2483,Other,2002-03-05,2024-11-08,17,Third-party Delivery,Salads,customer2483@example.com,3005848379
2484,Customer2484,User2484,Male,1979-07-05,2024-01-17,12,Dine-in,Desserts,customer2484@example.com,3005396971
2485,Customer2485,User2485,Other,1990-03-15,2024-04-26,12,Takeaway,Sandwiches,customer2485@example.com,3006227328
2486,Customer2486,User2486,Male,1984-06-15,2024-01-01,10,Dine-in,Biryani,customer2486@example.com,3002588823
2487,Customer2487,User2487,Other,1978-09-23,2024-06-04,18,Dine-in,Sandwiches,customer2487@example.com,3002165065
2488,Customer2488,User2488,Other,1981-11-11,2024-06-19,1,Website/App,Sandwiches,customer2488@example.com,3002919686
2489,Customer2489,User2489,Male,1973-08-20,2024-03-08,2,Website/App,Sandwiches,customer2489@example.com,3007851790
2490,Customer2490,User2490,Male,1973-02-05,2024-09-08,17,Takeaway,Desserts,customer2490@example.com,3002454012
2491,Customer2491,User2491,Male,1975-12-24,2024-03-07,5,Third-party Delivery,Pizza,customer2491@example.com,3006886244
2492,Customer2492,User2492,Male,1978-01-21,2024-05-18,12,Dine-in,Desserts,customer2492@example.com,3008203855
2493,Customer2493,User2493,Female,1990-04-27,2024-12-25,9,Website/App,Sandwiches,customer2493@example.com,3001771810
2494,Customer2494,User2494,Female,1981-03-15,2024-07-08,10,Third-party Delivery,Burgers,customer2494@example.com,3002796352
2495,Customer2495,User2495,Other,1975-06-08,2024-01-12,16,Takeaway,BBQ,customer2495@example.com,3009251338
2496,Customer2496,User2496,Male,1986-04-12,2024-09-14,3,Third-party Delivery,Sandwiches,customer2496@example.com,3009971751
2497,Customer2497,User2497,Male,1980-06-25,2024-02-24,5,Third-party Delivery,Biryani,customer2497@example.com,3007614267
2498,Customer2498,User2498,Female,1970-09-13,2024-07-23,13,Website/App,Sandwiches,customer2498@example.com,3003560920
2499,Customer2499,User2499,Male,1987-02-20,2024-08-14,18,Third-party Delivery,Beverages,customer2499@example.com,3005522508
2500,Customer2500,User2500,Other,1988-08-15,2024-02-22,6,Dine-in,Rice,customer2500@example.com,3007066735
2501,Customer2501,User2501,Male,1972-07-04,2024-09-10,17,Third-party Delivery,BBQ,customer2501@example.com,3003442333
2502,Customer2502,User2502,Male,1985-06-28,2024-05-26,7,Website/App,Burgers,customer2502@example.com,3006154607
2503,Customer2503,User2503,Other,1996-12-25,2024-07-18,5,Dine-in,Biryani,customer2503@example.com,3002457615
2504,Customer2504,User2504,Female,1997-05-20,2024-12-25,12,Takeaway,Pasta,customer2504@example.com,3005308018
2505,Customer2505,User2505,Other,1981-01-13,2024-11-23,9,Website/App,Pizza,customer2505@example.com,3003075757
2506,Customer2506,User2506,Male,2001-04-18,2024-09-03,17,Takeaway,Desserts,customer2506@example.com,3005178829
2507,Customer2507,User2507,Male,1997-04-10,2024-04-11,19,Website/App,Beverages,customer2507@example.com,3009433742
2508,Customer2508,User2508,Male,1974-09-17,2024-05-19,14,Dine-in,Sandwiches,customer2508@example.com,3007797316
2509,Customer2509,User2509,Female,1971-06-28,2024-02-27,4,Dine-in,Biryani,customer2509@example.com,3002528539
2510,Customer2510,User2510,Male,1993-05-07,2024-11-24,9,Dine-in,Biryani,customer2510@example.com,3005146229
2511,Customer2511,User2511,Male,1977-12-13,2024-01-10,20,Third-party Delivery,Burgers,customer2511@example.com,3005021791
2512,Customer2512,User2512,Female,1979-02-23,2024-12-21,17,Third-party Delivery,Burgers,customer2512@example.com,3001980698
2513,Customer2513,User2513,Male,1980-01-23,2024-04-04,20,Third-party Delivery,Beverages,,3001830449
2514,Customer2514,User2514,Male,1975-05-02,2024-01-07,10,Third-party Delivery,Pizza,customer2514@example.com,3005038307
2515,Customer2515,User2515,Male,2001-12-04,2024-10-27,15,Third-party Delivery,Burgers,customer2515@example.com,3002760974
2516,Customer2516,User2516,Other,1994-03-25,2024-06-22,20,Dine-in,Beverages,customer2516@example.com,3005334737
2517,Customer2517,User2517,Male,1988-11-15,2024-09-11,12,Dine-in,Pizza,customer2517@example.com,3002292538
2518,Customer2518,User2518,Male,1998-06-08,2024-06-17,6,Dine-in,Burgers,customer2518@example.com,3008928043
2519,Customer2519,User2519,Male,2003-11-28,2024-08-17,1,Third-party Delivery,Biryani,customer2519@example.com,3008851435
2520,Customer2520,User2520,Other,1973-12-08,2024-08-04,14,Dine-in,Sandwiches,customer2520@example.com,3001461211
2521,Customer2521,User2521,Other,2002-02-25,2024-10-16,5,Takeaway,Rice,customer2521@example.com,3007445760
2522,Customer2522,User2522,Female,2000-08-25,2024-02-18,7,Third-party Delivery,Pasta,customer2522@example.com,3004803143
2523,Customer2523,User2523,Male,1998-07-18,2024-02-01,6,Website/App,Beverages,customer2523@example.com,3001250389
2524,Customer2524,User2524,Other,1993-06-15,2024-09-02,1,Takeaway,BBQ,customer2524@example.com,3005918412
2525,Customer2525,User2525,Male,1978-04-13,2024-03-06,4,Third-party Delivery,Salads,customer2525@example.com,3001638397
2526,Customer2526,User2526,Female,1994-09-12,2024-08-09,13,Third-party Delivery,Burgers,customer2526@example.com,3007525222
2527,Customer2527,User2527,Female,1992-02-14,2024-10-23,4,Takeaway,Salads,customer2527@example.com,3007118266
2528,Customer2528,User2528,Other,1979-02-11,2024-01-24,4,Third-party Delivery,BBQ,customer2528@example.com,3003435911
2529,Customer2529,User2529,Female,1974-01-16,2024-01-07,7,Website/App,Burgers,customer2529@example.com,3009769144
2530,Customer2530,User2530,Female,1980-05-28,2024-04-23,4,Takeaway,Salads,customer2530@example.com,3003297699
2531,Customer2531,User2531,Female,2004-05-17,2024-02-08,1,Dine-in,BBQ,customer2531@example.com,3002797459
2532,Customer2532,User2532,Other,1997-10-26,2024-02-27,1,Website/App,Rice,customer2532@example.com,3001786024
2533,Customer2533,User2533,Male,1976-06-03,2024-07-16,12,Third-party Delivery,BBQ,customer2533@example.com,3007782690
2534,Customer2534,User2534,Other,1985-04-22,2024-10-28,11,Takeaway,BBQ,customer2534@example.com,3002521948
2535,Customer2535,User2535,Male,1970-06-01,2024-02-25,9,Third-party Delivery,Sandwiches,customer2535@example.com,3005354973
2536,Customer2536,User2536,Male,2001-09-27,2024-10-26,14,Dine-in,Pasta,customer2536@example.com,3008926540
2537,Customer2537,User2537,Male,1991-06-24,2024-02-05,18,Dine-in,Desserts,customer2537@example.com,3009265786
2538,Customer2538,User2538,Female,1976-03-08,2024-10-12,19,Third-party Delivery,Beverages,customer2538@example.com,3002651924
2539,Customer2539,User2539,Female,1993-05-05,2024-07-28,2,Third-party Delivery,Biryani,customer2539@example.com,3004809816
2540,Customer2540,User2540,Other,1994-01-05,2024-05-26,10,Third-party Delivery,Pasta,customer2540@example.com,3005700700
2541,Customer2541,User2541,Female,1999-08-05,2024-01-12,3,Third-party Delivery,Pizza,customer2541@example.com,3001458294
2542,Customer2542,User2542,Female,1983-01-27,2024-09-15,4,Website/App,Sandwiches,customer2542@example.com,3005422045
2543,Customer2543,User2543,Other,2000-09-21,2024-04-16,2,Takeaway,Pizza,customer2543@example.com,3009165068
2544,Customer2544,User2544,Female,1989-04-17,2024-01-25,6,Third-party Delivery,BBQ,customer2544@example.com,3002222991
2545,Customer2545,User2545,Female,2002-06-23,2024-08-22,6,Third-party Delivery,Burgers,customer2545@example.com,3003717869
2546,Customer2546,User2546,Other,1981-06-09,2024-07-22,17,Third-party Delivery,Biryani,customer2546@example.com,3008564314
2547,Customer2547,User2547,Male,2003-05-02,2024-08-14,14,Website/App,Biryani,customer2547@example.com,3001172563
2548,Customer2548,User2548,Female,1994-11-07,2024-03-16,3,Takeaway,Pasta,customer2548@example.com,3004493785
2549,Customer2549,User2549,Other,1995-08-14,2024-12-05,12,Takeaway,Rice,customer2549@example.com,3009875379
2550,Customer2550,User2550,Female,2002-08-20,2024-01-14,1,Website/App,Beverages,customer2550@example.com,3009779777
2551,Customer2551,User2551,Female,1984-03-02,2024-12-11,12,Takeaway,BBQ,customer2551@example.com,3001101106
2552,Customer2552,User2552,Female,1971-11-17,2024-10-25,5,Third-party Delivery,Rice,customer2552@example.com,3008014890
2553,Customer2553,User2553,Other,1975-06-20,2024-08-14,9,Dine-in,Pasta,customer2553@example.com,3004218743
2554,Customer2554,User2554,Other,1990-07-15,2024-01-24,16,Third-party Delivery,Desserts,customer2554@example.com,3006687491
2555,Customer2555,User2555,Female,1986-03-14,2024-02-19,1,Takeaway,Beverages,customer2555@example.com,3005356572
2556,Customer2556,User2556,Male,1981-08-07,2024-07-24,5,Third-party Delivery,Rice,customer2556@example.com,3004024300
2557,Customer2557,User2557,Male,1981-03-21,2024-03-16,4,Dine-in,Pizza,customer2557@example.com,3008797857
2558,Customer2558,User2558,Female,2001-07-20,2024-02-16,4,Third-party Delivery,Biryani,customer2558@example.com,3001959760
2559,Customer2559,User2559,Female,1980-10-18,2024-06-04,10,Website/App,Beverages,customer2559@example.com,3007780483
2560,Customer2560,User2560,Other,1984-01-12,2024-03-04,14,Dine-in,Rice,customer2560@example.com,3004005993
2561,Customer2561,User2561,Male,1971-03-24,2024-07-19,18,Dine-in,Pizza,customer2561@example.com,3005465106
2562,Customer2562,User2562,Male,1995-05-16,2024-02-02,14,Dine-in,Pizza,customer2562@example.com,3008559426
2563,Customer2563,User2563,Female,1971-04-26,2024-02-13,7,Third-party Delivery,Burgers,customer2563@example.com,3006745078
2564,Customer2564,User2564,Other,1970-01-10,2024-10-07,7,Takeaway,Sandwiches,customer2564@example.com,3008698024
2565,Customer2565,User2565,Male,1986-05-13,2024-10-08,4,Third-party Delivery,Biryani,customer2565@example.com,3005674754
2566,Customer2566,User2566,Female,1997-04-18,2024-01-18,8,Dine-in,Sandwiches,customer2566@example.com,3006454212
2567,Customer2567,User2567,Female,1973-03-12,2024-10-24,20,Website/App,Pizza,customer2567@example.com,3004673938
2568,Customer2568,User2568,Other,1984-03-15,2024-12-06,16,Takeaway,Beverages,customer2568@example.com,3002459729
2569,Customer2569,User2569,Male,1977-07-08,2024-06-21,2,Website/App,Salads,customer2569@example.com,3008201418
2570,Customer2570,User2570,Male,1978-07-23,2024-07-15,13,Website/App,Biryani,customer2570@example.com,3008610435
2571,Customer2571,User2571,Male,1989-06-07,2024-10-16,9,Website/App,Burgers,customer2571@example.com,3008594098
2572,Customer2572,User2572,Other,1970-09-28,2024-09-14,10,Dine-in,Sandwiches,customer2572@example.com,3009307434
2573,Customer2573,User2573,Female,1996-01-06,2024-01-18,1,Dine-in,Salads,customer2573@example.com,3003881610
2574,Customer2574,User2574,Other,1972-03-06,2024-02-12,10,Takeaway,Salads,customer2574@example.com,3001546508
2575,Customer2575,User2575,Female,1986-09-19,2024-01-19,8,Takeaway,Biryani,customer2575@example.com,3006846791
2576,Customer2576,User2576,Male,1985-04-06,2024-01-06,8,Website/App,Pizza,customer2576@example.com,3001683453
2577,Customer2577,User2577,Male,1993-11-26,2024-06-12,2,Dine-in,Salads,customer2577@example.com,3004795712
2578,Customer2578,User2578,Female,1988-06-26,2024-12-22,2,Takeaway,Sandwiches,customer2578@example.com,3009460643
2579,Customer2579,User2579,Other,1988-12-26,2024-04-20,7,Takeaway,Rice,customer2579@example.com,3003721284
2580,Customer2580,User2580,Female,1985-07-06,2024-10-14,5,Dine-in,Beverages,customer2580@example.com,3001447151
2581,Customer2581,User2581,Female,2004-11-08,2024-02-05,9,Website/App,Pizza,customer2581@example.com,3003712746
2582,Customer2582,User2582,Other,1973-08-25,2024-06-25,20,Third-party Delivery,Pasta,customer2582@example.com,3003246423
2583,Customer2583,User2583,Male,1977-03-08,2024-08-13,7,Dine-in,Desserts,customer2583@example.com,3008713924
2584,Customer2584,User2584,Female,1993-05-06,2024-02-01,13,Takeaway,Salads,customer2584@example.com,3005499677
2585,Customer2585,User2585,Other,1975-10-07,2024-08-11,20,Dine-in,Salads,customer2585@example.com,3003221959
2586,Customer2586,User2586,Male,1995-08-03,2024-12-08,4,Third-party Delivery,Pasta,customer2586@example.com,3004894312
2587,Customer2587,User2587,Other,1995-03-14,2024-05-16,11,Takeaway,Beverages,customer2587@example.com,3007688099
2588,Customer2588,User2588,Female,1994-02-05,2024-12-01,20,Third-party Delivery,Pizza,customer2588@example.com,3008525736
2589,Customer2589,User2589,Male,1971-01-19,2024-10-06,18,Website/App,Pasta,customer2589@example.com,3003305668
2590,Customer2590,User2590,Female,1973-04-06,2024-12-04,3,Website/App,Rice,customer2590@example.com,3006567769
2591,Customer2591,User2591,Female,1970-06-04,2024-05-07,5,Dine-in,Salads,customer2591@example.com,3002762739
2592,Customer2592,User2592,Female,1985-11-27,2024-01-17,15,Third-party Delivery,Salads,customer2592@example.com,3008734220
2593,Customer2593,User2593,Other,1978-05-15,2024-10-05,12,Website/App,Biryani,customer2593@example.com,3003572373
2594,Customer2594,User2594,Male,2002-09-08,2024-12-27,9,Website/App,Beverages,customer2594@example.com,3002836456
2595,Customer2595,User2595,Other,1981-12-01,2024-05-25,18,Third-party Delivery,Desserts,customer2595@example.com,3001695371
2596,Customer2596,User2596,Female,2001-11-13,2024-10-07,7,Takeaway,Biryani,customer2596@example.com,3008214175
2597,Customer2597,User2597,Female,1976-06-28,2024-10-02,6,Website/App,Desserts,customer2597@example.com,3005862643
2598,Customer2598,User2598,Female,1987-01-17,2024-06-21,17,Website/App,Beverages,customer2598@example.com,3009898716
2599,Customer2599,User2599,Male,2004-03-25,2024-06-23,14,Third-party Delivery,Biryani,customer2599@example.com,3007786900
2600,Customer2600,User2600,Male,1971-12-17,2024-05-13,16,Takeaway,Salads,customer2600@example.com,3003823299
2601,Customer2601,User2601,Female,1989-04-28,2024-11-28,11,Website/App,Pizza,customer2601@example.com,3007573147
2602,Customer2602,User2602,Male,1980-03-06,2024-06-01,4,Takeaway,Pasta,customer2602@example.com,3007807103
2603,Customer2603,User2603,Male,1989-08-06,2024-09-14,7,Website/App,Biryani,customer2603@example.com,3001213278
2604,Customer2604,User2604,Male,1980-03-08,2024-05-03,10,Takeaway,Salads,customer2604@example.com,3001192009
2605,Customer2605,User2605,Male,1996-07-06,2024-12-15,2,Takeaway,Sandwiches,customer2605@example.com,3007685752
2606,Customer2606,User2606,Male,1986-06-27,2024-01-19,12,Third-party Delivery,Rice,customer2606@example.com,3004105656
2607,Customer2607,User2607,Male,2000-05-21,2024-01-01,8,Dine-in,Burgers,customer2607@example.com,3002416033
2608,Customer2608,User2608,Other,1984-04-12,2024-04-18,20,Takeaway,Biryani,customer2608@example.com,3003689758
2609,Customer2609,User2609,Female,1999-02-03,2024-10-08,13,Dine-in,Burgers,customer2609@example.com,3008044283
2610,Customer2610,User2610,Male,2003-03-15,2024-08-22,2,Website/App,Sandwiches,customer2610@example.com,3005714172
2611,Customer2611,User2611,Female,1977-11-24,2024-07-27,2,Third-party Delivery,Sandwiches,customer2611@example.com,3003177667
2612,Customer2612,User2612,Female,1988-04-23,2024-09-23,12,Dine-in,Burgers,customer2612@example.com,3006462064
2613,Customer2613,User2613,Male,1999-03-07,2024-05-14,3,Third-party Delivery,Sandwiches,customer2613@example.com,3003459760
2614,Customer2614,User2614,Male,1977-04-28,2024-04-26,14,Dine-in,Burgers,customer2614@example.com,3005344883
2615,Customer2615,User2615,Female,1975-07-10,2024-03-07,4,Third-party Delivery,Pasta,customer2615@example.com,3005630877
2616,Customer2616,User2616,Female,1977-12-07,2024-08-06,15,Third-party Delivery,Sandwiches,customer2616@example.com,3009780505
2617,Customer2617,User2617,Female,2000-07-25,2024-01-14,7,Website/App,Salads,customer2617@example.com,3005904273
2618,Customer2618,User2618,Male,1972-05-14,2024-02-16,11,Website/App,Pizza,customer2618@example.com,3009583174
2619,Customer2619,User2619,Other,1998-01-03,2024-08-20,20,Takeaway,Biryani,customer2619@example.com,3006029469
2620,Customer2620,User2620,Other,1981-01-06,2024-05-18,8,Third-party Delivery,BBQ,customer2620@example.com,3005472951
2621,Customer2621,User2621,Female,1974-08-06,2024-04-09,12,Third-party Delivery,Pasta,customer2621@example.com,3004294552
2622,Customer2622,User2622,Other,1994-10-09,2024-08-19,1,Takeaway,Pasta,customer2622@example.com,3005922802
2623,Customer2623,User2623,Other,1993-12-08,2024-07-27,5,Third-party Delivery,Beverages,customer2623@example.com,3001695624
2624,Customer2624,User2624,Female,1999-03-07,2024-09-14,9,Dine-in,Burgers,customer2624@example.com,3001053903
2625,Customer2625,User2625,Other,1991-04-17,2024-06-21,11,Third-party Delivery,BBQ,customer2625@example.com,3003925629
2626,Customer2626,User2626,Male,1995-12-09,2024-04-11,19,Dine-in,Burgers,customer2626@example.com,3004697270
2627,Customer2627,User2627,Female,2004-02-09,2024-11-14,2,Website/App,Desserts,customer2627@example.com,3007888141
2628,Customer2628,User2628,Other,1976-05-08,2024-08-17,17,Website/App,BBQ,customer2628@example.com,3004561445
2629,Customer2629,User2629,Female,1973-07-24,2024-07-03,18,Third-party Delivery,Pasta,customer2629@example.com,3007973244
2630,Customer2630,User2630,Female,1996-08-05,2024-11-13,8,Third-party Delivery,Beverages,customer2630@example.com,3002126482
2631,Customer2631,User2631,Female,1989-12-03,2024-09-12,17,Dine-in,Burgers,customer2631@example.com,3003502367
2632,Customer2632,User2632,Female,2000-12-06,2024-10-27,4,Dine-in,Beverages,customer2632@example.com,3006168480
2633,Customer2633,User2633,Female,1972-12-15,2024-11-27,18,Third-party Delivery,Burgers,customer2633@example.com,3005866331
2634,Customer2634,User2634,Male,1993-07-25,2024-07-02,11,Dine-in,Rice,customer2634@example.com,3005160391
2635,Customer2635,User2635,Female,1987-07-19,2024-09-08,7,Dine-in,Sandwiches,customer2635@example.com,3009104183
2636,Customer2636,User2636,Other,1998-11-07,2024-01-27,13,Third-party Delivery,Pizza,customer2636@example.com,3003275650
2637,Customer2637,User2637,Male,1981-07-14,2024-08-19,9,Dine-in,Salads,customer2637@example.com,3001270862
2638,Customer2638,User2638,Other,1998-09-21,2024-09-14,11,Takeaway,Beverages,customer2638@example.com,3006527931
2639,Customer2639,User2639,Other,1972-07-16,2024-04-19,14,Takeaway,BBQ,customer2639@example.com,3003838033
2640,Customer2640,User2640,Other,2002-12-20,2024-09-25,16,Third-party Delivery,Burgers,customer2640@example.com,3006283356
2641,Customer2641,User2641,Other,1990-01-28,2024-11-21,10,Takeaway,Biryani,customer2641@example.com,3002978843
2642,Customer2642,User2642,Other,1999-01-09,2024-11-28,18,Third-party Delivery,Pizza,customer2642@example.com,3007735594
2643,Customer2643,User2643,Other,1998-01-14,2024-07-07,6,Dine-in,Pizza,customer2643@example.com,3007748117
2644,Customer2644,User2644,Male,1970-08-07,2024-10-19,6,Dine-in,Salads,customer2644@example.com,3003679963
2645,Customer2645,User2645,Female,1977-09-05,2024-07-23,11,Takeaway,Rice,customer2645@example.com,3008778765
2646,Customer2646,User2646,Male,1999-12-01,2024-09-14,10,Website/App,Biryani,customer2646@example.com,3007798549
2647,Customer2647,User2647,Other,1988-03-01,2024-04-23,19,Takeaway,Pizza,customer2647@example.com,3004983000
2648,Customer2648,User2648,Female,1989-11-21,2024-10-23,1,Dine-in,BBQ,,3007019539
2649,Customer2649,User2649,Other,1996-08-01,2024-07-20,6,Dine-in,Salads,customer2649@example.com,3006703894
2650,Customer2650,User2650,Other,1998-04-01,2024-06-09,20,Takeaway,BBQ,customer2650@example.com,3004892318
2651,Customer2651,User2651,Other,2002-12-25,2024-05-22,8,Dine-in,Biryani,customer2651@example.com,3002264074
2652,Customer2652,User2652,Female,2004-02-14,2024-08-17,1,Third-party Delivery,Sandwiches,customer2652@example.com,3005547956
2653,Customer2653,User2653,Other,1984-11-04,2024-06-21,17,Dine-in,Pizza,customer2653@example.com,3007368860
2654,Customer2654,User2654,Other,1986-10-24,2024-11-05,17,Dine-in,Pasta,customer2654@example.com,3001024707
2655,Customer2655,User2655,Male,1998-01-04,2024-08-02,20,Takeaway,Sandwiches,customer2655@example.com,3006005378
2656,Customer2656,User2656,Male,1998-01-07,2024-01-17,18,Dine-in,Beverages,customer2656@example.com,3002100417
2657,Customer2657,User2657,Female,1980-07-05,2024-09-06,20,Third-party Delivery,Beverages,customer2657@example.com,3003916773
2658,Customer2658,User2658,Other,1988-05-27,2024-09-11,1,Dine-in,Desserts,customer2658@example.com,3003471370
2659,Customer2659,User2659,Other,2002-11-19,2024-06-19,6,Third-party Delivery,BBQ,customer2659@example.com,3002490107
2660,Customer2660,User2660,Male,1996-09-01,2024-07-19,4,Third-party Delivery,Pizza,customer2660@example.com,3003877133
2661,Customer2661,User2661,Female,1995-07-05,2024-01-18,2,Takeaway,Burgers,customer2661@example.com,3005028339
2662,Customer2662,User2662,Other,1977-08-02,2024-11-25,6,Third-party Delivery,Rice,customer2662@example.com,3005438623
2663,Customer2663,User2663,Female,1987-04-11,2024-10-13,6,Website/App,Pasta,customer2663@example.com,3009756375
2664,Customer2664,User2664,Other,2001-01-03,2024-03-01,10,Takeaway,BBQ,customer2664@example.com,3003723047
2665,Customer2665,User2665,Other,1993-04-14,2024-10-01,19,Dine-in,Biryani,customer2665@example.com,3004738448
2666,Customer2666,User2666,Female,1993-04-01,2024-03-18,9,Third-party Delivery,Sandwiches,customer2666@example.com,3001986479
2667,Customer2667,User2667,Male,1994-11-25,2024-08-01,5,Website/App,Rice,customer2667@example.com,3007298714
2668,Customer2668,User2668,Female,1978-12-10,2024-01-12,12,Takeaway,Sandwiches,customer2668@example.com,3005292319
2669,Customer2669,User2669,Other,1975-12-18,2024-08-26,12,Website/App,Burgers,customer2669@example.com,3005078064
2670,Customer2670,User2670,Female,1987-09-18,2024-03-04,12,Third-party Delivery,Desserts,customer2670@example.com,3005173662
2671,Customer2671,User2671,Other,1993-05-23,2024-07-14,5,Takeaway,Biryani,customer2671@example.com,3004872535
2672,Customer2672,User2672,Female,1972-07-13,2024-08-20,20,Third-party Delivery,BBQ,customer2672@example.com,3002236315
2673,Customer2673,User2673,Male,1993-10-10,2024-10-27,16,Takeaway,Biryani,customer2673@example.com,3001847211
2674,Customer2674,User2674,Female,1981-10-17,2024-07-06,6,Third-party Delivery,Salads,customer2674@example.com,3003161087
2675,Customer2675,User2675,Male,1994-07-13,2024-02-15,19,Third-party Delivery,Biryani,customer2675@example.com,3004173306
2676,Customer2676,User2676,Female,1994-10-19,2024-10-22,5,Takeaway,Rice,customer2676@example.com,3006379048
2677,Customer2677,User2677,Other,2000-07-18,2024-09-15,16,Third-party Delivery,Salads,customer2677@example.com,3004142222
2678,Customer2678,User2678,Female,1997-01-10,2024-02-08,9,Takeaway,Burgers,customer2678@example.com,3009778800
2679,Customer2679,User2679,Female,1985-02-11,2024-04-20,17,Takeaway,Salads,customer2679@example.com,3002419986
2680,Customer2680,User2680,Male,1978-07-01,2024-01-01,3,Website/App,BBQ,customer2680@example.com,3001833330
2681,Customer2681,User2681,Other,1999-07-05,2024-10-24,3,Website/App,Rice,customer2681@example.com,3001566326
2682,Customer2682,User2682,Female,1974-04-10,2024-02-01,7,Third-party Delivery,Pasta,customer2682@example.com,3003555266
2683,Customer2683,User2683,Other,2004-08-05,2024-01-19,20,Third-party Delivery,Pasta,customer2683@example.com,3007438163
2684,Customer2684,User2684,Female,1980-12-26,2024-11-23,5,Website/App,Burgers,customer2684@example.com,3006528202
2685,Customer2685,User2685,Other,1979-01-17,2024-03-08,11,Takeaway,Burgers,customer2685@example.com,3009128213
2686,Customer2686,User2686,Female,1997-10-26,2024-02-20,9,Third-party Delivery,Biryani,customer2686@example.com,3001569674
2687,Customer2687,User2687,Other,1993-07-18,2024-03-01,3,Third-party Delivery,Pasta,customer2687@example.com,3005127277
2688,Customer2688,User2688,Other,1970-08-20,2024-07-14,4,Third-party Delivery,Salads,customer2688@example.com,3006590261
2689,Customer2689,User2689,Female,1979-11-24,2024-11-25,10,Dine-in,BBQ,customer2689@example.com,3005159219
2690,Customer2690,User2690,Female,2001-05-04,2024-12-06,11,Takeaway,Pizza,customer2690@example.com,3004257651
2691,Customer2691,User2691,Female,1990-07-04,2024-01-02,16,Third-party Delivery,Desserts,customer2691@example.com,3004295872
2692,Customer2692,User2692,Other,1980-02-16,2024-06-02,8,Third-party Delivery,Pizza,customer2692@example.com,3004008803
2693,Customer2693,User2693,Male,1979-12-11,2024-10-24,19,Dine-in,Salads,customer2693@example.com,3004326518
2694,Customer2694,User2694,Other,2000-04-07,2024-08-02,7,Website/App,Biryani,customer2694@example.com,3005931213
2695,Customer2695,User2695,Female,1987-08-10,2024-09-20,1,Website/App,Desserts,customer2695@example.com,3008235206
2696,Customer2696,User2696,Male,1998-12-18,2024-07-28,5,Takeaway,Pasta,customer2696@example.com,3002102077
2697,Customer2697,User2697,Male,2000-07-11,2024-02-25,20,Dine-in,Desserts,customer2697@example.com,3001572371
2698,Customer2698,User2698,Other,1992-02-16,2024-12-08,6,Website/App,Pizza,customer2698@example.com,3005496034
2699,Customer2699,User2699,Female,1994-04-09,2024-01-20,3,Website/App,Beverages,customer2699@example.com,3001024421
2700,Customer2700,User2700,Female,1992-09-24,2024-02-24,4,Website/App,Desserts,customer2700@example.com,3005371673
2701,Customer2701,User2701,Female,1995-11-12,2024-04-20,4,Third-party Delivery,Burgers,customer2701@example.com,3009252661
2702,Customer2702,User2702,Female,1970-01-10,2024-01-19,8,Dine-in,BBQ,customer2702@example.com,3006350811
2703,Customer2703,User2703,Female,1977-09-09,2024-01-25,8,Takeaway,Biryani,customer2703@example.com,3002366250
2704,Customer2704,User2704,Other,1971-11-07,2024-10-13,13,Takeaway,Burgers,customer2704@example.com,3005002161
2705,Customer2705,User2705,Other,1993-09-18,2024-07-22,9,Dine-in,Desserts,customer2705@example.com,3009962023
2706,Customer2706,User2706,Other,1970-03-13,2024-06-06,20,Website/App,Pizza,customer2706@example.com,3007411187
2707,Customer2707,User2707,Female,1997-12-20,2024-04-28,7,Takeaway,Pasta,customer2707@example.com,3008004884
2708,Customer2708,User2708,Male,1982-01-07,2024-10-15,10,Website/App,Burgers,customer2708@example.com,3009441247
2709,Customer2709,User2709,Other,1973-07-16,2024-01-17,20,Third-party Delivery,Burgers,customer2709@example.com,3003821719
2710,Customer2710,User2710,Male,1977-10-23,2024-10-03,18,Website/App,Rice,customer2710@example.com,3002323064
2711,Customer2711,User2711,Male,1982-11-28,2024-03-26,13,Third-party Delivery,Pizza,customer2711@example.com,3002614782
2712,Customer2712,User2712,Female,2004-05-18,2024-06-18,2,Website/App,Biryani,customer2712@example.com,3007699825
2713,Customer2713,User2713,Male,1981-11-04,2024-02-20,13,Dine-in,BBQ,customer2713@example.com,3008630644
2714,Customer2714,User2714,Other,1980-03-01,2024-06-08,20,Third-party Delivery,Burgers,customer2714@example.com,3008986773
2715,Customer2715,User2715,Female,1987-06-23,2024-05-10,16,Dine-in,Beverages,customer2715@example.com,3003308320
2716,Customer2716,User2716,Other,1982-02-15,2024-02-10,13,Dine-in,Salads,customer2716@example.com,3006686779
2717,Customer2717,User2717,Other,1985-10-09,2024-07-26,16,Third-party Delivery,Sandwiches,customer2717@example.com,3003219131
2718,Customer2718,User2718,Female,1981-04-11,2024-12-25,19,Third-party Delivery,Burgers,customer2718@example.com,3007095197
2719,Customer2719,User2719,Male,1970-03-24,2024-07-03,18,Website/App,Burgers,customer2719@example.com,3003176673
2720,Customer2720,User2720,Female,2001-09-15,2024-01-07,13,Third-party Delivery,Burgers,customer2720@example.com,3006547287
2721,Customer2721,User2721,Male,1995-04-02,2024-07-13,8,Third-party Delivery,Burgers,customer2721@example.com,3007223752
2722,Customer2722,User2722,Male,1978-12-17,2024-11-03,14,Website/App,Burgers,customer2722@example.com,3003024725
2723,Customer2723,User2723,Male,1983-10-02,2024-10-04,6,Dine-in,Rice,customer2723@example.com,3001483393
2724,Customer2724,User2724,Male,1993-03-01,2024-10-09,11,Takeaway,Rice,customer2724@example.com,3008718660
2725,Customer2725,User2725,Female,1999-12-20,2024-06-08,4,Takeaway,Sandwiches,customer2725@example.com,3001698939
2726,Customer2726,User2726,Male,2004-07-02,2024-03-28,15,Website/App,Desserts,customer2726@example.com,3005953905
2727,Customer2727,User2727,Other,1990-05-26,2024-05-21,19,Takeaway,Burgers,customer2727@example.com,3006352313
2728,Customer2728,User2728,Female,1988-12-10,2024-06-08,17,Dine-in,Pizza,customer2728@example.com,3001273300
2729,Customer2729,User2729,Other,1977-12-18,2024-10-13,12,Website/App,Beverages,customer2729@example.com,3004546055
2730,Customer2730,User2730,Female,1988-06-13,2024-07-06,6,Website/App,Biryani,customer2730@example.com,3003069435
2731,Customer2731,User2731,Female,2001-01-11,2024-12-14,13,Dine-in,Rice,customer2731@example.com,3007851627
2732,Customer2732,User2732,Male,1996-03-10,2024-09-14,1,Third-party Delivery,Burgers,customer2732@example.com,3005971637
2733,Customer2733,User2733,Female,1979-07-13,2024-01-05,7,Website/App,Pizza,customer2733@example.com,3007139999
2734,Customer2734,User2734,Other,1993-01-03,2024-06-07,1,Dine-in,Desserts,customer2734@example.com,3004865461
2735,Customer2735,User2735,Other,1975-07-16,2024-02-11,14,Dine-in,Pasta,customer2735@example.com,3009834199
2736,Customer2736,User2736,Female,1973-06-05,2024-03-09,10,Dine-in,Rice,customer2736@example.com,3005115366
2737,Customer2737,User2737,Other,1990-05-15,2024-10-09,2,Third-party Delivery,BBQ,customer2737@example.com,3007129838
2738,Customer2738,User2738,Male,1976-11-26,2024-06-23,15,Dine-in,Pasta,customer2738@example.com,3008721462
2739,Customer2739,User2739,Male,1975-11-17,2024-11-19,18,Third-party Delivery,Sandwiches,customer2739@example.com,3006038940
2740,Customer2740,User2740,Other,1995-10-07,2024-07-11,13,Dine-in,Beverages,customer2740@example.com,3004943509
2741,Customer2741,User2741,Male,1990-12-20,2024-08-09,18,Third-party Delivery,Sandwiches,customer2741@example.com,3001116024
2742,Customer2742,User2742,Female,1999-01-25,2024-03-08,16,Third-party Delivery,Pizza,customer2742@example.com,3005451988
2743,Customer2743,User2743,Male,1970-11-04,2024-10-06,6,Dine-in,Salads,customer2743@example.com,3007037796
2744,Customer2744,User2744,Female,2001-04-07,2024-04-28,5,Third-party Delivery,Rice,customer2744@example.com,3003235755
2745,Customer2745,User2745,Male,1995-05-09,2024-01-06,18,Takeaway,Pasta,customer2745@example.com,3005027757
2746,Customer2746,User2746,Male,1995-08-13,2024-10-28,19,Takeaway,BBQ,customer2746@example.com,3003773909
2747,Customer2747,User2747,Female,2000-04-20,2024-12-06,8,Website/App,Biryani,customer2747@example.com,3001784068
2748,Customer2748,User2748,Male,1985-11-06,2024-01-19,4,Website/App,Burgers,customer2748@example.com,3002094858
2749,Customer2749,User2749,Female,1982-04-25,2024-03-17,9,Website/App,Biryani,customer2749@example.com,3004563779
2750,Customer2750,User2750,Female,2001-11-03,2024-10-19,17,Takeaway,Salads,customer2750@example.com,3001152551
2751,Customer2751,User2751,Other,2000-06-27,2024-06-28,3,Website/App,BBQ,customer2751@example.com,3006739427
2752,Customer2752,User2752,Male,1994-01-15,2024-06-14,19,Dine-in,Rice,customer2752@example.com,3004710067
2753,Customer2753,User2753,Male,1971-01-23,2024-07-26,10,Takeaway,Rice,customer2753@example.com,3003595862
2754,Customer2754,User2754,Male,1997-11-24,2024-03-05,16,Third-party Delivery,Desserts,customer2754@example.com,3008832646
2755,Customer2755,User2755,Male,1983-02-14,2024-12-17,2,Third-party Delivery,Sandwiches,customer2755@example.com,3006011987
2756,Customer2756,User2756,Other,2000-01-26,2024-08-01,7,Website/App,Burgers,customer2756@example.com,3004993651
2757,Customer2757,User2757,Female,1972-06-20,2024-06-06,20,Website/App,Biryani,customer2757@example.com,3005826200
2758,Customer2758,User2758,Male,1972-11-16,2024-12-10,2,Takeaway,Desserts,customer2758@example.com,3005534019
2759,Customer2759,User2759,Male,1997-08-26,2024-06-17,6,Third-party Delivery,Desserts,customer2759@example.com,3008050591
2760,Customer2760,User2760,Male,1993-10-01,2024-07-27,6,Dine-in,Burgers,customer2760@example.com,3005112267
2761,Customer2761,User2761,Other,1995-04-26,2024-09-22,12,Third-party Delivery,BBQ,customer2761@example.com,3007905888
2762,Customer2762,User2762,Other,1974-05-19,2024-08-09,11,Third-party Delivery,Salads,customer2762@example.com,3004504186
2763,Customer2763,User2763,Male,2003-04-19,2024-12-25,19,Third-party Delivery,Salads,customer2763@example.com,3005660649
2764,Customer2764,User2764,Other,1974-05-20,2024-12-17,14,Dine-in,Salads,customer2764@example.com,3006284723
2765,Customer2765,User2765,Female,1970-05-20,2024-12-26,7,Takeaway,Sandwiches,customer2765@example.com,3008323566
2766,Customer2766,User2766,Female,1983-03-05,2024-12-08,19,Website/App,Sandwiches,,3002701700
2767,Customer2767,User2767,Male,1976-03-23,2024-09-19,18,Dine-in,Pizza,customer2767@example.com,3006528835
2768,Customer2768,User2768,Other,1988-09-11,2024-04-09,1,Dine-in,Pizza,customer2768@example.com,3004061044
2769,Customer2769,User2769,Other,1998-07-24,2024-12-06,5,Takeaway,Salads,customer2769@example.com,3009909616
2770,Customer2770,User2770,Other,1989-08-10,2024-03-27,6,Website/App,Sandwiches,customer2770@example.com,3008735892
2771,Customer2771,User2771,Other,2002-12-16,2024-02-28,17,Takeaway,Biryani,customer2771@example.com,3004439824
2772,Customer2772,User2772,Female,2003-11-18,2024-11-16,2,Website/App,Beverages,customer2772@example.com,3005867457
2773,Customer2773,User2773,Male,1994-09-02,2024-07-23,3,Takeaway,BBQ,customer2773@example.com,3007208876
2774,Customer2774,User2774,Female,1989-08-24,2024-10-20,18,Website/App,Sandwiches,customer2774@example.com,3001411065
2775,Customer2775,User2775,Other,1990-09-14,2024-11-15,20,Website/App,Salads,customer2775@example.com,3007489772
2776,Customer2776,User2776,Male,2004-04-01,2024-10-28,15,Takeaway,Rice,customer2776@example.com,3007626521
2777,Customer2777,User2777,Male,1973-09-02,2024-10-05,14,Dine-in,Sandwiches,customer2777@example.com,3007723906
2778,Customer2778,User2778,Male,1970-02-14,2024-06-12,11,Third-party Delivery,Beverages,customer2778@example.com,3007817455
2779,Customer2779,User2779,Female,1991-08-22,2024-09-13,11,Website/App,Pasta,customer2779@example.com,3009280100
2780,Customer2780,User2780,Female,1976-03-09,2024-08-14,9,Dine-in,Burgers,customer2780@example.com,3001877500
2781,Customer2781,User2781,Female,2003-08-11,2024-09-26,14,Takeaway,BBQ,customer2781@example.com,3001964519
2782,Customer2782,User2782,Female,1974-07-13,2024-06-09,11,Dine-in,Biryani,customer2782@example.com,3003938111
2783,Customer2783,User2783,Female,1989-05-03,2024-09-19,20,Third-party Delivery,BBQ,customer2783@example.com,3001082850
2784,Customer2784,User2784,Male,1982-04-17,2024-07-18,14,Dine-in,Beverages,customer2784@example.com,3004915486
2785,Customer2785,User2785,Female,2000-01-24,2024-02-15,1,Takeaway,Sandwiches,customer2785@example.com,3004254542
2786,Customer2786,User2786,Male,1989-05-05,2024-04-17,14,Dine-in,Biryani,customer2786@example.com,3001758701
2787,Customer2787,User2787,Other,1991-12-02,2024-09-20,18,Takeaway,Burgers,customer2787@example.com,3005663680
2788,Customer2788,User2788,Other,1974-04-09,2024-11-19,1,Third-party Delivery,Pizza,customer2788@example.com,3008979753
2789,Customer2789,User2789,Other,2001-10-16,2024-03-27,9,Website/App,Biryani,customer2789@example.com,3005508476
2790,Customer2790,User2790,Male,1983-06-13,2024-10-09,17,Dine-in,BBQ,customer2790@example.com,3006331349
2791,Customer2791,User2791,Male,1999-04-12,2024-07-25,16,Website/App,Beverages,customer2791@example.com,3001237577
2792,Customer2792,User2792,Other,1990-08-21,2024-11-08,19,Website/App,Burgers,customer2792@example.com,3006650270
2793,Customer2793,User2793,Other,1972-03-22,2024-07-01,6,Website/App,BBQ,customer2793@example.com,3003468580
2794,Customer2794,User2794,Other,1972-04-03,2024-06-17,20,Takeaway,Pasta,customer2794@example.com,3009733958
2795,Customer2795,User2795,Female,1971-08-07,2024-05-05,2,Takeaway,Pizza,customer2795@example.com,3008382285
2796,Customer2796,User2796,Other,1999-08-10,2024-09-14,15,Website/App,Salads,customer2796@example.com,3007128711
2797,Customer2797,User2797,Male,1989-02-17,2024-07-24,9,Takeaway,Rice,customer2797@example.com,3001061967
2798,Customer2798,User2798,Other,2003-12-05,2024-10-11,17,Third-party Delivery,Beverages,customer2798@example.com,3005638123
2799,Customer2799,User2799,Male,1996-03-08,2024-11-25,8,Takeaway,Sandwiches,customer2799@example.com,3001522240
2800,Customer2800,User2800,Other,1993-12-18,2024-07-23,20,Website/App,Biryani,customer2800@example.com,3008704879
2801,Customer2801,User2801,Female,2000-05-17,2024-04-04,15,Takeaway,Burgers,customer2801@example.com,3007441596
2802,Customer2802,User2802,Female,1981-10-07,2024-11-21,3,Website/App,Pizza,customer2802@example.com,3009885734
2803,Customer2803,User2803,Male,1999-09-17,2024-03-10,5,Third-party Delivery,Pasta,customer2803@example.com,3006702336
2804,Customer2804,User2804,Other,1989-07-20,2024-09-19,1,Third-party Delivery,Biryani,customer2804@example.com,3004952151
2805,Customer2805,User2805,Male,1999-12-05,2024-04-21,16,Dine-in,Desserts,customer2805@example.com,3009432009
2806,Customer2806,User2806,Other,1971-03-06,2024-04-16,19,Dine-in,Burgers,customer2806@example.com,3008187582
2807,Customer2807,User2807,Female,1987-12-18,2024-11-21,15,Dine-in,Beverages,customer2807@example.com,3005707149
2808,Customer2808,User2808,Female,1998-10-11,2024-12-09,3,Third-party Delivery,Sandwiches,customer2808@example.com,3009328202
2809,Customer2809,User2809,Female,1990-04-19,2024-09-03,18,Dine-in,Desserts,customer2809@example.com,3004525412
2810,Customer2810,User2810,Female,2002-02-12,2024-10-03,11,Third-party Delivery,Salads,customer2810@example.com,3001974389
2811,Customer2811,User2811,Other,1989-06-17,2024-10-25,13,Takeaway,Sandwiches,customer2811@example.com,3004524857
2812,Customer2812,User2812,Other,1986-09-17,2024-08-14,7,Dine-in,Biryani,customer2812@example.com,3001283437
2813,Customer2813,User2813,Other,2000-07-03,2024-03-08,19,Third-party Delivery,Pizza,customer2813@example.com,3004026722
2814,Customer2814,User2814,Male,1971-11-28,2024-06-24,3,Dine-in,Biryani,customer2814@example.com,3009774395
2815,Customer2815,User2815,Other,1994-11-26,2024-02-17,5,Dine-in,Desserts,customer2815@example.com,3001118159
2816,Customer2816,User2816,Female,1994-12-25,2024-10-02,4,Dine-in,Desserts,customer2816@example.com,3003213840
2817,Customer2817,User2817,Male,2000-03-19,2024-09-05,13,Takeaway,Rice,customer2817@example.com,3005612072
2818,Customer2818,User2818,Other,2002-11-28,2024-07-22,10,Third-party Delivery,Burgers,customer2818@example.com,3005070327
2819,Customer2819,User2819,Other,1990-01-14,2024-08-11,15,Third-party Delivery,Beverages,customer2819@example.com,3004779679
2820,Customer2820,User2820,Male,1991-06-23,2024-08-01,16,Third-party Delivery,Rice,customer2820@example.com,3002703916
2821,Customer2821,User2821,Male,1983-02-11,2024-06-11,2,Website/App,Desserts,customer2821@example.com,3001549194
2822,Customer2822,User2822,Female,1978-11-03,2024-09-16,20,Takeaway,Beverages,customer2822@example.com,3005594414
2823,Customer2823,User2823,Other,1987-05-02,2024-05-12,17,Takeaway,Pizza,customer2823@example.com,3002280938
2824,Customer2824,User2824,Female,1974-05-16,2024-01-21,4,Takeaway,Rice,customer2824@example.com,3006414076
2825,Customer2825,User2825,Male,1982-07-18,2024-08-04,11,Third-party Delivery,Beverages,customer2825@example.com,3002252381
2826,Customer2826,User2826,Other,1972-10-21,2024-08-28,15,Third-party Delivery,Beverages,customer2826@example.com,3001896520
2827,Customer2827,User2827,Male,1984-11-10,2024-11-09,12,Third-party Delivery,Beverages,customer2827@example.com,3005897647
2828,Customer2828,User2828,Female,1996-08-19,2024-05-01,8,Third-party Delivery,Sandwiches,customer2828@example.com,3006002347
2829,Customer2829,User2829,Male,1974-07-07,2024-03-20,11,Third-party Delivery,Rice,customer2829@example.com,3009365272
2830,Customer2830,User2830,Other,1983-02-12,2024-10-16,12,Third-party Delivery,Biryani,customer2830@example.com,3003471319
2831,Customer2831,User2831,Other,1998-04-04,2024-09-13,18,Takeaway,Burgers,customer2831@example.com,3003293531
2832,Customer2832,User2832,Other,1975-06-18,2024-06-23,10,Takeaway,Rice,customer2832@example.com,3004802373
2833,Customer2833,User2833,Male,1989-02-13,2024-12-12,3,Website/App,BBQ,customer2833@example.com,3005151336
2834,Customer2834,User2834,Other,1997-07-01,2024-08-07,10,Website/App,Sandwiches,customer2834@example.com,3008901107
2835,Customer2835,User2835,Other,1986-07-06,2024-12-04,12,Website/App,Beverages,customer2835@example.com,3005755257
2836,Customer2836,User2836,Other,1975-11-16,2024-05-24,20,Dine-in,Sandwiches,customer2836@example.com,3002067735
2837,Customer2837,User2837,Female,1970-06-01,2024-03-06,3,Dine-in,Sandwiches,customer2837@example.com,3002204692
2838,Customer2838,User2838,Other,1988-02-08,2024-05-27,9,Third-party Delivery,Sandwiches,customer2838@example.com,3001982702
2839,Customer2839,User2839,Other,1986-09-07,2024-12-16,15,Website/App,Burgers,customer2839@example.com,3003155226
2840,Customer2840,User2840,Other,1978-09-13,2024-05-22,8,Takeaway,Burgers,customer2840@example.com,3003542799
2841,Customer2841,User2841,Female,1992-12-01,2024-10-24,19,Third-party Delivery,Biryani,customer2841@example.com,3002955804
2842,Customer2842,User2842,Other,1982-07-13,2024-08-15,4,Third-party Delivery,Sandwiches,customer2842@example.com,3007943467
2843,Customer2843,User2843,Female,1974-01-05,2024-06-24,13,Takeaway,BBQ,customer2843@example.com,3003917492
2844,Customer2844,User2844,Male,1978-03-05,2024-11-23,8,Website/App,Salads,customer2844@example.com,3001664676
2845,Customer2845,User2845,Male,1983-12-15,2024-07-18,8,Third-party Delivery,Desserts,customer2845@example.com,3007007642
2846,Customer2846,User2846,Other,1971-02-16,2024-08-20,3,Website/App,Biryani,customer2846@example.com,3006107472
2847,Customer2847,User2847,Female,1995-02-09,2024-05-01,20,Takeaway,Rice,customer2847@example.com,3005115673
2848,Customer2848,User2848,Female,1974-08-10,2024-07-12,14,Website/App,Biryani,customer2848@example.com,3007323234
2849,Customer2849,User2849,Male,1977-09-13,2024-04-16,5,Third-party Delivery,Rice,customer2849@example.com,3002115422
2850,Customer2850,User2850,Other,1992-12-21,2024-07-20,11,Website/App,Salads,customer2850@example.com,3003649973
2851,Customer2851,User2851,Other,1981-08-22,2024-08-13,9,Dine-in,BBQ,customer2851@example.com,3001754659
2852,Customer2852,User2852,Male,1983-09-11,2024-01-06,11,Website/App,Pizza,customer2852@example.com,3004494463
2853,Customer2853,User2853,Female,1988-11-09,2024-09-13,16,Takeaway,Biryani,customer2853@example.com,3009949723
2854,Customer2854,User2854,Other,1984-10-01,2024-05-16,8,Takeaway,Pizza,customer2854@example.com,3005239450
2855,Customer2855,User2855,Female,1987-07-24,2024-12-23,3,Website/App,Desserts,customer2855@example.com,3005905837
2856,Customer2856,User2856,Other,1982-03-12,2024-02-04,9,Third-party Delivery,Beverages,customer2856@example.com,3009674804
2857,Customer2857,User2857,Female,1990-04-03,2024-03-28,1,Website/App,Burgers,customer2857@example.com,3006406133
2858,Customer2858,User2858,Female,1985-08-16,2024-11-14,14,Dine-in,Beverages,customer2858@example.com,3004260134
2859,Customer2859,User2859,Male,2003-06-17,2024-01-02,4,Third-party Delivery,Rice,customer2859@example.com,3002439050
2860,Customer2860,User2860,Female,1983-10-03,2024-06-03,3,Website/App,Rice,customer2860@example.com,3008266785
2861,Customer2861,User2861,Female,2004-07-06,2024-11-04,1,Third-party Delivery,Beverages,customer2861@example.com,3002302184
2862,Customer2862,User2862,Other,1999-02-02,2024-10-22,13,Website/App,Sandwiches,customer2862@example.com,3006053168
2863,Customer2863,User2863,Male,1991-08-27,2024-01-14,18,Dine-in,Biryani,customer2863@example.com,3008177523
2864,Customer2864,User2864,Other,1982-04-26,2024-12-03,12,Website/App,Biryani,customer2864@example.com,3004291286
2865,Customer2865,User2865,Male,1995-01-02,2024-03-07,2,Takeaway,Beverages,customer2865@example.com,3008243348
2866,Customer2866,User2866,Female,1991-12-01,2024-11-11,5,Takeaway,BBQ,customer2866@example.com,3002603506
2867,Customer2867,User2867,Male,1988-03-01,2024-07-14,16,Dine-in,Pizza,customer2867@example.com,3006285445
2868,Customer2868,User2868,Male,1986-06-24,2024-10-19,5,Dine-in,Pizza,customer2868@example.com,3007741007
2869,Customer2869,User2869,Female,1985-04-28,2024-12-17,5,Takeaway,Biryani,customer2869@example.com,3003292272
2870,Customer2870,User2870,Female,1972-01-11,2024-04-28,19,Takeaway,Biryani,customer2870@example.com,3003954480
2871,Customer2871,User2871,Male,1993-07-05,2024-11-01,4,Dine-in,Pizza,customer2871@example.com,3002910451
2872,Customer2872,User2872,Male,1986-09-10,2024-04-08,19,Dine-in,Rice,customer2872@example.com,3004822267
2873,Customer2873,User2873,Other,1981-06-06,2024-09-13,4,Takeaway,Biryani,customer2873@example.com,3005081174
2874,Customer2874,User2874,Other,1986-06-27,2024-07-22,10,Website/App,Biryani,customer2874@example.com,3004633581
2875,Customer2875,User2875,Female,1981-09-13,2024-05-25,10,Third-party Delivery,Sandwiches,customer2875@example.com,3001083492
2876,Customer2876,User2876,Male,1986-10-17,2024-07-14,7,Website/App,Biryani,customer2876@example.com,3001914505
2877,Customer2877,User2877,Other,1992-04-14,2024-08-21,16,Takeaway,BBQ,customer2877@example.com,3007048575
2878,Customer2878,User2878,Male,2000-04-12,2024-07-27,3,Website/App,Biryani,customer2878@example.com,3007436550
2879,Customer2879,User2879,Female,1993-06-19,2024-02-09,16,Third-party Delivery,Biryani,customer2879@example.com,3007203072
2880,Customer2880,User2880,Male,2002-01-20,2024-07-14,10,Dine-in,BBQ,customer2880@example.com,3008931135
2881,Customer2881,User2881,Female,1984-04-13,2024-10-23,12,Takeaway,BBQ,customer2881@example.com,3008407668
2882,Customer2882,User2882,Female,1995-07-24,2024-06-22,8,Website/App,Rice,customer2882@example.com,3007840442
2883,Customer2883,User2883,Male,1991-12-08,2024-03-10,7,Third-party Delivery,Desserts,customer2883@example.com,3003528906
2884,Customer2884,User2884,Female,1976-06-16,2024-02-06,15,Third-party Delivery,Rice,customer2884@example.com,3004768255
2885,Customer2885,User2885,Female,1987-04-22,2024-05-14,18,Website/App,Beverages,customer2885@example.com,3008200209
2886,Customer2886,User2886,Male,1971-07-26,2024-02-13,18,Takeaway,BBQ,customer2886@example.com,3008891816
2887,Customer2887,User2887,Other,1985-10-20,2024-09-26,3,Third-party Delivery,Pizza,customer2887@example.com,3006947265
2888,Customer2888,User2888,Male,2002-02-04,2024-07-26,17,Takeaway,Desserts,customer2888@example.com,3002482845
2889,Customer2889,User2889,Male,1985-01-16,2024-04-16,5,Third-party Delivery,Burgers,customer2889@example.com,3008910966
2890,Customer2890,User2890,Other,1980-01-04,2024-05-18,20,Third-party Delivery,Desserts,customer2890@example.com,3001320427
2891,Customer2891,User2891,Other,1978-07-24,2024-05-19,7,Dine-in,Biryani,customer2891@example.com,3003054975
2892,Customer2892,User2892,Female,1995-04-19,2024-05-26,15,Third-party Delivery,Biryani,customer2892@example.com,3006424321
2893,Customer2893,User2893,Other,1987-03-24,2024-10-27,6,Third-party Delivery,BBQ,,3006779292
2894,Customer2894,User2894,Female,1983-04-20,2024-02-15,5,Website/App,Burgers,customer2894@example.com,3004610986
2895,Customer2895,User2895,Female,1986-09-28,2024-11-03,4,Takeaway,Sandwiches,customer2895@example.com,3007430165
2896,Customer2896,User2896,Other,1988-10-15,2024-02-20,14,Third-party Delivery,Burgers,customer2896@example.com,3007907077
2897,Customer2897,User2897,Other,1984-04-11,2024-04-20,4,Dine-in,Pizza,customer2897@example.com,3007536896
2898,Customer2898,User2898,Male,1980-06-26,2024-10-01,4,Third-party Delivery,Rice,customer2898@example.com,3005565225
2899,Customer2899,User2899,Other,1972-02-07,2024-04-08,9,Website/App,Rice,customer2899@example.com,3008989948
2900,Customer2900,User2900,Other,1996-08-22,2024-04-22,9,Dine-in,BBQ,customer2900@example.com,3001764881
2901,Customer2901,User2901,Other,2004-12-09,2024-02-24,2,Dine-in,Sandwiches,customer2901@example.com,3009281633
2902,Customer2902,User2902,Other,1983-01-03,2024-05-18,3,Dine-in,Sandwiches,customer2902@example.com,3001174850
2903,Customer2903,User2903,Female,1975-01-02,2024-05-21,6,Dine-in,Biryani,customer2903@example.com,3009885831
2904,Customer2904,User2904,Other,1996-07-04,2024-07-18,2,Dine-in,Salads,customer2904@example.com,3001663631
2905,Customer2905,User2905,Male,1988-03-04,2024-04-09,17,Website/App,BBQ,customer2905@example.com,3005381086
2906,Customer2906,User2906,Male,1973-04-11,2024-04-03,14,Dine-in,Desserts,customer2906@example.com,3002613437
2907,Customer2907,User2907,Female,1976-04-18,2024-07-02,3,Website/App,Desserts,customer2907@example.com,3002658965
2908,Customer2908,User2908,Other,1975-08-04,2024-04-05,4,Website/App,Burgers,customer2908@example.com,3003270943
2909,Customer2909,User2909,Female,1999-11-28,2024-01-06,17,Dine-in,BBQ,customer2909@example.com,3002543766
2910,Customer2910,User2910,Male,1978-09-15,2024-11-10,11,Takeaway,Desserts,customer2910@example.com,3002259682
2911,Customer2911,User2911,Other,1983-07-16,2024-09-12,16,Third-party Delivery,BBQ,customer2911@example.com,3008192447
2912,Customer2912,User2912,Male,1974-04-18,2024-02-02,16,Website/App,Salads,customer2912@example.com,3002865605
2913,Customer2913,User2913,Other,1994-02-26,2024-10-10,6,Takeaway,Biryani,customer2913@example.com,3002995992
2914,Customer2914,User2914,Female,1988-01-03,2024-12-08,3,Website/App,Rice,customer2914@example.com,3006561584
2915,Customer2915,User2915,Male,1996-10-22,2024-07-22,6,Third-party Delivery,Pizza,customer2915@example.com,3007820273
2916,Customer2916,User2916,Other,1986-06-11,2024-03-11,6,Third-party Delivery,BBQ,customer2916@example.com,3002259160
2917,Customer2917,User2917,Male,1978-11-12,2024-05-16,3,Third-party Delivery,Salads,customer2917@example.com,3005629123
2918,Customer2918,User2918,Other,2003-06-14,2024-07-20,10,Takeaway,Burgers,customer2918@example.com,3001513810
2919,Customer2919,User2919,Female,1976-10-21,2024-12-24,11,Third-party Delivery,Desserts,customer2919@example.com,3006836258
2920,Customer2920,User2920,Other,1995-04-12,2024-06-25,17,Website/App,Biryani,customer2920@example.com,3004090890
2921,Customer2921,User2921,Female,1975-08-05,2024-07-13,5,Website/App,Sandwiches,customer2921@example.com,3007156539
2922,Customer2922,User2922,Male,1986-07-28,2024-01-16,1,Dine-in,Pizza,customer2922@example.com,3005933512
2923,Customer2923,User2923,Other,1987-02-27,2024-04-01,13,Third-party Delivery,Biryani,customer2923@example.com,3005373434
2924,Customer2924,User2924,Male,2002-08-25,2024-02-01,1,Third-party Delivery,Sandwiches,customer2924@example.com,3001989763
2925,Customer2925,User2925,Other,1987-02-16,2024-03-18,5,Dine-in,Desserts,customer2925@example.com,3007839128
2926,Customer2926,User2926,Male,1982-09-24,2024-02-04,12,Takeaway,Biryani,customer2926@example.com,3004848164
2927,Customer2927,User2927,Male,1979-03-06,2024-09-05,10,Dine-in,Beverages,customer2927@example.com,3005659334
2928,Customer2928,User2928,Female,1990-03-17,2024-04-12,20,Website/App,Burgers,customer2928@example.com,3001021622
2929,Customer2929,User2929,Female,1975-01-24,2024-09-09,15,Dine-in,Rice,customer2929@example.com,3007258332
2930,Customer2930,User2930,Male,1977-04-12,2024-11-01,11,Takeaway,Pasta,customer2930@example.com,3008432244
2931,Customer2931,User2931,Male,1980-11-17,2024-10-05,1,Third-party Delivery,BBQ,customer2931@example.com,3002974010
2932,Customer2932,User2932,Other,1993-08-18,2024-01-20,15,Takeaway,Burgers,customer2932@example.com,3003141204
2933,Customer2933,User2933,Other,1971-02-01,2024-05-04,20,Website/App,Pasta,customer2933@example.com,3005069897
2934,Customer2934,User2934,Female,1974-10-11,2024-03-26,17,Dine-in,BBQ,customer2934@example.com,3005830348
2935,Customer2935,User2935,Female,1996-08-10,2024-12-21,5,Dine-in,Biryani,customer2935@example.com,3002426104
2936,Customer2936,User2936,Other,2002-11-18,2024-10-08,1,Third-party Delivery,Rice,customer2936@example.com,3006777282
2937,Customer2937,User2937,Female,1971-11-08,2024-08-18,19,Dine-in,Biryani,customer2937@example.com,3002633209
2938,Customer2938,User2938,Male,1998-05-08,2024-12-13,20,Dine-in,Pasta,customer2938@example.com,3006568923
2939,Customer2939,User2939,Other,1990-06-16,2024-06-19,19,Website/App,Burgers,customer2939@example.com,3005668383
2940,Customer2940,User2940,Male,1970-07-20,2024-07-19,2,Website/App,Pasta,customer2940@example.com,3003570708
2941,Customer2941,User2941,Other,2004-07-01,2024-07-03,2,Third-party Delivery,Pasta,customer2941@example.com,3008052782
2942,Customer2942,User2942,Female,1985-04-15,2024-05-12,15,Dine-in,Pizza,customer2942@example.com,3007695337
2943,Customer2943,User2943,Female,1979-08-14,2024-02-08,14,Dine-in,BBQ,customer2943@example.com,3001982913
2944,Customer2944,User2944,Male,1992-04-21,2024-01-17,9,Takeaway,Desserts,customer2944@example.com,3007685188
2945,Customer2945,User2945,Other,1980-11-20,2024-07-10,9,Website/App,Desserts,customer2945@example.com,3009370105
2946,Customer2946,User2946,Male,1990-01-18,2024-05-22,6,Takeaway,Biryani,customer2946@example.com,3005203233
2947,Customer2947,User2947,Male,1983-05-17,2024-01-25,2,Website/App,Pizza,customer2947@example.com,3008623050
2948,Customer2948,User2948,Other,1978-05-04,2024-12-11,11,Takeaway,Sandwiches,customer2948@example.com,3002812146
2949,Customer2949,User2949,Female,2004-06-11,2024-08-10,19,Dine-in,Sandwiches,customer2949@example.com,3003921201
2950,Customer2950,User2950,Female,1994-01-06,2024-05-06,12,Third-party Delivery,Burgers,customer2950@example.com,3005012469
2951,Customer2951,User2951,Male,1984-11-05,2024-10-26,11,Website/App,Pasta,customer2951@example.com,3004041426
2952,Customer2952,User2952,Male,1975-06-21,2024-09-26,5,Third-party Delivery,Rice,customer2952@example.com,3001773264
2953,Customer2953,User2953,Female,1971-03-20,2024-07-13,6,Dine-in,Desserts,customer2953@example.com,3003649653
2954,Customer2954,User2954,Male,2001-05-06,2024-10-05,5,Dine-in,BBQ,customer2954@example.com,3002459833
2955,Customer2955,User2955,Female,1999-09-25,2024-03-04,12,Takeaway,Salads,customer2955@example.com,3003954349
2956,Customer2956,User2956,Female,1994-10-07,2024-08-28,1,Third-party Delivery,Rice,customer2956@example.com,3003117316
2957,Customer2957,User2957,Female,1972-04-04,2024-04-19,6,Dine-in,BBQ,customer2957@example.com,3009919419
2958,Customer2958,User2958,Female,1970-03-05,2024-01-14,4,Dine-in,Pizza,customer2958@example.com,3005015786
2959,Customer2959,User2959,Other,1985-04-12,2024-10-08,16,Third-party Delivery,Pizza,customer2959@example.com,3002036734
2960,Customer2960,User2960,Male,1973-11-01,2024-03-23,19,Website/App,Sandwiches,customer2960@example.com,3002668494
2961,Customer2961,User2961,Female,1979-03-27,2024-06-13,9,Third-party Delivery,Pizza,customer2961@example.com,3009625548
2962,Customer2962,User2962,Other,1993-06-20,2024-05-01,15,Takeaway,Rice,customer2962@example.com,3001007893
2963,Customer2963,User2963,Female,1992-12-26,2024-04-05,8,Dine-in,Sandwiches,customer2963@example.com,3008863868
2964,Customer2964,User2964,Female,2004-02-10,2024-06-13,10,Third-party Delivery,BBQ,customer2964@example.com,3005111472
2965,Customer2965,User2965,Female,1970-12-04,2024-10-10,12,Takeaway,Salads,customer2965@example.com,3002751710
2966,Customer2966,User2966,Male,1998-08-14,2024-07-23,14,Website/App,Burgers,customer2966@example.com,3006781442
2967,Customer2967,User2967,Male,2000-11-25,2024-07-03,5,Dine-in,Salads,customer2967@example.com,3003686384
2968,Customer2968,User2968,Other,1975-12-21,2024-06-16,18,Dine-in,Sandwiches,customer2968@example.com,3002244518
2969,Customer2969,User2969,Other,1973-03-05,2024-04-03,4,Third-party Delivery,Desserts,customer2969@example.com,3008412157
2970,Customer2970,User2970,Male,1994-11-27,2024-08-21,14,Takeaway,Pasta,customer2970@example.com,3005128444
2971,Customer2971,User2971,Male,1979-04-22,2024-08-04,18,Website/App,Salads,customer2971@example.com,3003605709
2972,Customer2972,User2972,Male,1978-07-27,2024-11-17,10,Website/App,Sandwiches,customer2972@example.com,3004702232
2973,Customer2973,User2973,Female,1975-02-10,2024-03-20,10,Takeaway,Burgers,customer2973@example.com,3001671799
2974,Customer2974,User2974,Male,1985-08-27,2024-06-25,8,Takeaway,Rice,customer2974@example.com,3002227246
2975,Customer2975,User2975,Male,1979-05-14,2024-06-20,17,Third-party Delivery,Sandwiches,customer2975@example.com,3004501267
2976,Customer2976,User2976,Male,2000-09-23,2024-05-04,16,Takeaway,Desserts,customer2976@example.com,3007924536
2977,Customer2977,User2977,Female,1974-06-07,2024-09-05,2,Dine-in,Pizza,customer2977@example.com,3005610226
2978,Customer2978,User2978,Other,1971-07-26,2024-06-06,14,Third-party Delivery,BBQ,customer2978@example.com,3004086825
2979,Customer2979,User2979,Female,1998-04-28,2024-06-03,5,Third-party Delivery,Biryani,customer2979@example.com,3005691746
2980,Customer2980,User2980,Female,1992-04-26,2024-04-16,12,Third-party Delivery,Pasta,customer2980@example.com,3007474375
2981,Customer2981,User2981,Other,2000-07-09,2024-09-15,17,Website/App,Salads,customer2981@example.com,3008144753
2982,Customer2982,User2982,Male,1980-05-27,2024-10-10,12,Dine-in,Burgers,customer2982@example.com,3006147703
2983,Customer2983,User2983,Female,1978-06-01,2024-07-19,5,Third-party Delivery,Pasta,customer2983@example.com,3007426974
2984,Customer2984,User2984,Other,1991-02-05,2024-11-02,14,Takeaway,Desserts,customer2984@example.com,3008011041
2985,Customer2985,User2985,Other,2001-03-20,2024-04-24,11,Dine-in,Salads,customer2985@example.com,3008396229
2986,Customer2986,User2986,Other,1983-05-22,2024-05-28,5,Dine-in,Biryani,customer2986@example.com,3002849638
2987,Customer2987,User2987,Female,1997-11-12,2024-01-06,5,Takeaway,BBQ,customer2987@example.com,3009278343
2988,Customer2988,User2988,Female,1970-05-12,2024-08-24,19,Third-party Delivery,Biryani,customer2988@example.com,3007267637
2989,Customer2989,User2989,Male,2003-05-23,2024-11-02,15,Dine-in,Rice,customer2989@example.com,3004861750
2990,Customer2990,User2990,Other,2003-03-03,2024-05-15,18,Takeaway,Rice,customer2990@example.com,3004239141
2991,Customer2991,User2991,Female,1979-12-02,2024-10-23,9,Website/App,Pizza,customer2991@example.com,3007622093
2992,Customer2992,User2992,Female,1995-12-15,2024-01-13,7,Third-party Delivery,Rice,customer2992@example.com,3003359292
2993,Customer2993,User2993,Other,1997-04-01,2024-02-03,5,Takeaway,Burgers,customer2993@example.com,3001822257
2994,Customer2994,User2994,Other,2003-05-17,2024-05-05,13,Website/App,Beverages,customer2994@example.com,3004414838
2995,Customer2995,User2995,Male,1983-07-28,2024-08-22,19,Third-party Delivery,Burgers,customer2995@example.com,3009548139
2996,Customer2996,User2996,Male,2004-10-13,2024-08-24,3,Takeaway,Sandwiches,customer2996@example.com,3001146415
2997,Customer2997,User2997,Female,1986-10-10,2024-07-20,5,Dine-in,Beverages,customer2997@example.com,3007215482
2998,Customer2998,User2998,Female,1987-10-23,2024-01-04,7,Takeaway,BBQ,customer2998@example.com,3007200711
2999,Customer2999,User2999,Male,1983-06-02,2024-11-28,1,Dine-in,Pizza,customer2999@example.com,3006566718
3000,Customer3000,User3000,Female,1995-02-16,2024-06-26,17,Dine-in,Beverages,customer3000@example.com,3001818519
3001,Customer3001,User3001,Male,2003-12-17,2024-10-21,2,Website/App,BBQ,customer3001@example.com,3002143161
3002,Customer3002,User3002,Male,1988-01-09,2024-04-03,12,Third-party Delivery,Sandwiches,customer3002@example.com,3009539119
3003,Customer3003,User3003,Female,1974-11-07,2024-06-07,17,Dine-in,BBQ,customer3003@example.com,3009641131
3004,Customer3004,User3004,Other,1983-08-10,2024-08-11,12,Dine-in,Rice,customer3004@example.com,3001705696
3005,Customer3005,User3005,Other,1970-02-13,2024-09-11,13,Website/App,Desserts,customer3005@example.com,3002845323
3006,Customer3006,User3006,Female,1998-09-09,2024-01-03,20,Dine-in,Biryani,customer3006@example.com,3008760966
3007,Customer3007,User3007,Other,1976-07-20,2024-09-23,18,Takeaway,Desserts,customer3007@example.com,3002725212
3008,Customer3008,User3008,Female,1975-02-12,2024-09-13,14,Third-party Delivery,Pizza,customer3008@example.com,3002429208
3009,Customer3009,User3009,Other,2000-07-15,2024-06-19,17,Takeaway,Rice,customer3009@example.com,3003681525
3010,Customer3010,User3010,Female,1974-08-28,2024-01-24,11,Dine-in,Pasta,,3009997784
3011,Customer3011,User3011,Male,1993-04-09,2024-06-21,18,Dine-in,Salads,customer3011@example.com,3006834738
3012,Customer3012,User3012,Female,1990-08-23,2024-03-18,12,Takeaway,Pasta,customer3012@example.com,3005016724
3013,Customer3013,User3013,Male,2002-03-10,2024-03-13,13,Takeaway,Pizza,customer3013@example.com,3008853827
3014,Customer3014,User3014,Other,2000-06-18,2024-01-03,11,Website/App,Sandwiches,customer3014@example.com,3008176571
3015,Customer3015,User3015,Other,2001-10-28,2024-04-01,7,Dine-in,Biryani,customer3015@example.com,3009647622
3016,Customer3016,User3016,Female,1983-03-27,2024-08-06,16,Third-party Delivery,Sandwiches,customer3016@example.com,3004724182
3017,Customer3017,User3017,Female,1990-02-21,2024-06-26,2,Takeaway,Pasta,customer3017@example.com,3003110270
3018,Customer3018,User3018,Other,1993-05-14,2024-02-08,1,Third-party Delivery,Rice,customer3018@example.com,3001128413
3019,Customer3019,User3019,Other,2000-03-24,2024-01-21,15,Takeaway,Beverages,customer3019@example.com,3003800406
3020,Customer3020,User3020,Female,2000-08-15,2024-12-25,4,Dine-in,Beverages,customer3020@example.com,3005907158
3021,Customer3021,User3021,Male,1990-03-23,2024-12-16,17,Third-party Delivery,Rice,customer3021@example.com,3001018399
3022,Customer3022,User3022,Other,1973-01-15,2024-02-05,3,Dine-in,Biryani,customer3022@example.com,3005675106
3023,Customer3023,User3023,Male,1982-05-22,2024-05-16,7,Dine-in,Pasta,customer3023@example.com,3009110583
3024,Customer3024,User3024,Other,1998-08-04,2024-10-27,14,Dine-in,Salads,customer3024@example.com,3008964761
3025,Customer3025,User3025,Male,1994-06-23,2024-10-14,12,Third-party Delivery,Sandwiches,customer3025@example.com,3008637977
3026,Customer3026,User3026,Female,1988-01-20,2024-10-24,13,Takeaway,Rice,customer3026@example.com,3005824658
3027,Customer3027,User3027,Female,1971-01-20,2024-12-12,5,Takeaway,BBQ,customer3027@example.com,3003322128
3028,Customer3028,User3028,Other,1994-11-23,2024-06-07,15,Takeaway,Biryani,customer3028@example.com,3003133795
3029,Customer3029,User3029,Male,1974-05-08,2024-10-23,1,Third-party Delivery,Burgers,customer3029@example.com,3007070764
3030,Customer3030,User3030,Other,1988-08-22,2024-04-14,2,Dine-in,Pasta,customer3030@example.com,3009268512
3031,Customer3031,User3031,Other,1977-02-11,2024-01-24,4,Dine-in,Pizza,customer3031@example.com,3007659974
3032,Customer3032,User3032,Other,1979-07-01,2024-01-17,2,Takeaway,Sandwiches,customer3032@example.com,3006849360
3033,Customer3033,User3033,Other,1983-11-09,2024-08-11,20,Third-party Delivery,Beverages,customer3033@example.com,3004410943
3034,Customer3034,User3034,Male,1990-05-17,2024-09-23,7,Website/App,Desserts,customer3034@example.com,3002497514
3035,Customer3035,User3035,Other,1981-02-10,2024-10-13,16,Dine-in,BBQ,customer3035@example.com,3007449227
3036,Customer3036,User3036,Male,2002-07-21,2024-07-28,10,Takeaway,Biryani,customer3036@example.com,3001384965
3037,Customer3037,User3037,Male,1975-08-23,2024-03-27,14,Third-party Delivery,Pasta,customer3037@example.com,3003453713
3038,Customer3038,User3038,Other,1979-05-13,2024-09-11,9,Takeaway,Desserts,customer3038@example.com,3003156471
3039,Customer3039,User3039,Female,1970-01-26,2024-01-23,5,Dine-in,Beverages,customer3039@example.com,3007561954
3040,Customer3040,User3040,Other,1973-02-10,2024-11-24,13,Dine-in,Pasta,customer3040@example.com,3002443116
3041,Customer3041,User3041,Other,1971-09-25,2024-06-09,7,Takeaway,Desserts,customer3041@example.com,3002921689
3042,Customer3042,User3042,Female,1982-12-02,2024-11-23,7,Takeaway,Pasta,customer3042@example.com,3008059996
3043,Customer3043,User3043,Other,1983-07-20,2024-12-25,7,Dine-in,Pizza,customer3043@example.com,3001976642
3044,Customer3044,User3044,Male,1972-10-02,2024-09-27,20,Takeaway,Pizza,customer3044@example.com,3008438468
3045,Customer3045,User3045,Other,1977-12-01,2024-05-28,18,Dine-in,Biryani,customer3045@example.com,3009837018
3046,Customer3046,User3046,Other,1984-06-23,2024-05-03,11,Takeaway,Salads,customer3046@example.com,3001848463
3047,Customer3047,User3047,Other,1984-01-09,2024-12-08,15,Third-party Delivery,Sandwiches,customer3047@example.com,3002485126
3048,Customer3048,User3048,Male,1996-07-06,2024-09-21,1,Dine-in,Biryani,customer3048@example.com,3003300246
3049,Customer3049,User3049,Other,1997-09-03,2024-06-28,19,Website/App,Desserts,customer3049@example.com,3005302258
3050,Customer3050,User3050,Female,1970-06-23,2024-04-03,3,Dine-in,Pasta,customer3050@example.com,3004558295
3051,Customer3051,User3051,Other,1985-01-28,2024-10-14,16,Takeaway,Salads,customer3051@example.com,3008513921
3052,Customer3052,User3052,Other,2002-05-05,2024-02-18,19,Dine-in,BBQ,customer3052@example.com,3003347649
3053,Customer3053,User3053,Other,1997-10-08,2024-08-14,12,Dine-in,Pizza,customer3053@example.com,3007803765
3054,Customer3054,User3054,Female,1997-08-23,2024-02-17,16,Third-party Delivery,Sandwiches,customer3054@example.com,3003101602
3055,Customer3055,User3055,Other,2003-09-26,2024-04-14,8,Third-party Delivery,Beverages,customer3055@example.com,3009824221
3056,Customer3056,User3056,Other,1992-01-03,2024-12-21,13,Takeaway,Desserts,customer3056@example.com,3007736356
3057,Customer3057,User3057,Male,1980-03-14,2024-07-14,15,Dine-in,Salads,customer3057@example.com,3004266796
3058,Customer3058,User3058,Female,1995-02-13,2024-06-06,6,Dine-in,Desserts,customer3058@example.com,3005889449
3059,Customer3059,User3059,Other,1985-06-19,2024-09-04,5,Website/App,Pasta,customer3059@example.com,3008996376
3060,Customer3060,User3060,Female,1999-03-14,2024-06-20,16,Third-party Delivery,BBQ,customer3060@example.com,3001418382
3061,Customer3061,User3061,Other,1982-09-12,2024-12-18,1,Website/App,Burgers,customer3061@example.com,3002215338
3062,Customer3062,User3062,Other,1988-02-25,2024-08-04,13,Website/App,Desserts,customer3062@example.com,3004162018
3063,Customer3063,User3063,Other,1974-03-19,2024-06-28,13,Website/App,Pizza,customer3063@example.com,3009965462
3064,Customer3064,User3064,Other,1998-02-21,2024-02-27,10,Third-party Delivery,Burgers,customer3064@example.com,3001940907
3065,Customer3065,User3065,Other,1993-01-01,2024-12-20,6,Website/App,BBQ,customer3065@example.com,3004035787
3066,Customer3066,User3066,Other,1998-09-27,2024-08-12,15,Dine-in,Rice,customer3066@example.com,3001279513
3067,Customer3067,User3067,Male,1982-01-04,2024-02-24,5,Website/App,Burgers,customer3067@example.com,3002070518
3068,Customer3068,User3068,Other,2002-07-27,2024-11-02,16,Website/App,Biryani,customer3068@example.com,3001385166
3069,Customer3069,User3069,Female,1992-03-06,2024-03-08,7,Third-party Delivery,Salads,customer3069@example.com,3004536982
3070,Customer3070,User3070,Male,1971-07-06,2024-01-01,16,Takeaway,Burgers,customer3070@example.com,3003283404
3071,Customer3071,User3071,Female,1981-07-21,2024-12-14,5,Website/App,Salads,customer3071@example.com,3008570421
3072,Customer3072,User3072,Female,1985-08-26,2024-12-21,10,Dine-in,Pasta,customer3072@example.com,3009301670
3073,Customer3073,User3073,Other,1975-11-25,2024-05-10,13,Website/App,Sandwiches,customer3073@example.com,3009322133
3074,Customer3074,User3074,Female,1973-12-13,2024-09-16,7,Website/App,BBQ,customer3074@example.com,3005247186
3075,Customer3075,User3075,Female,1984-05-11,2024-12-03,9,Third-party Delivery,Sandwiches,customer3075@example.com,3008026853
3076,Customer3076,User3076,Female,2002-04-22,2024-12-28,9,Takeaway,BBQ,customer3076@example.com,3004835957
3077,Customer3077,User3077,Other,1992-11-18,2024-07-21,6,Third-party Delivery,Desserts,customer3077@example.com,3004621098
3078,Customer3078,User3078,Female,1995-05-17,2024-06-08,5,Dine-in,Desserts,customer3078@example.com,3008931634
3079,Customer3079,User3079,Female,2003-08-01,2024-09-20,10,Takeaway,Biryani,customer3079@example.com,3007853714
3080,Customer3080,User3080,Other,1983-11-27,2024-11-09,10,Takeaway,Sandwiches,customer3080@example.com,3006657553
3081,Customer3081,User3081,Other,1972-06-01,2024-12-26,10,Website/App,Burgers,customer3081@example.com,3007059563
3082,Customer3082,User3082,Other,1972-10-06,2024-09-09,13,Third-party Delivery,Biryani,customer3082@example.com,3001137414
3083,Customer3083,User3083,Male,1999-04-09,2024-03-25,20,Takeaway,Salads,customer3083@example.com,3001766356
3084,Customer3084,User3084,Other,1999-08-08,2024-12-16,5,Website/App,BBQ,customer3084@example.com,3006794172
3085,Customer3085,User3085,Other,1970-04-18,2024-01-03,14,Takeaway,Pasta,customer3085@example.com,3006891556
3086,Customer3086,User3086,Male,1992-01-22,2024-03-23,1,Website/App,Pasta,customer3086@example.com,3001388554
3087,Customer3087,User3087,Other,1981-09-04,2024-05-07,11,Takeaway,Pizza,customer3087@example.com,3003336548
3088,Customer3088,User3088,Female,1986-11-22,2024-11-22,8,Takeaway,Desserts,,3006546744
3089,Customer3089,User3089,Male,1975-12-24,2024-02-04,5,Takeaway,Pasta,customer3089@example.com,3001489768
3090,Customer3090,User3090,Female,1980-07-12,2024-03-15,9,Takeaway,Beverages,customer3090@example.com,3008283511
3091,Customer3091,User3091,Other,1994-03-26,2024-11-12,4,Dine-in,Beverages,customer3091@example.com,3007098138
3092,Customer3092,User3092,Female,1984-09-07,2024-09-23,12,Website/App,BBQ,customer3092@example.com,3006741524
3093,Customer3093,User3093,Male,1986-11-25,2024-07-02,20,Dine-in,Salads,customer3093@example.com,3004894835
3094,Customer3094,User3094,Female,1976-02-16,2024-11-10,12,Website/App,Pasta,customer3094@example.com,3004689637
3095,Customer3095,User3095,Other,1999-12-02,2024-07-05,16,Takeaway,Beverages,customer3095@example.com,3002806126
3096,Customer3096,User3096,Female,1999-04-08,2024-08-09,13,Dine-in,Biryani,customer3096@example.com,3002457419
3097,Customer3097,User3097,Other,1990-08-12,2024-07-24,6,Third-party Delivery,BBQ,customer3097@example.com,3002702948
3098,Customer3098,User3098,Male,1997-01-17,2024-05-17,4,Third-party Delivery,Sandwiches,customer3098@example.com,3003680726
3099,Customer3099,User3099,Male,1973-07-19,2024-04-03,20,Third-party Delivery,Rice,customer3099@example.com,3001338524
3100,Customer3100,User3100,Male,1991-02-14,2024-12-16,2,Website/App,Pasta,customer3100@example.com,3001545026
3101,Customer3101,User3101,Other,1991-12-20,2024-10-18,5,Takeaway,Sandwiches,customer3101@example.com,3008393940
3102,Customer3102,User3102,Male,1976-03-25,2024-04-09,8,Dine-in,BBQ,customer3102@example.com,3009423535
3103,Customer3103,User3103,Female,1975-11-10,2024-11-05,2,Takeaway,Pasta,customer3103@example.com,3005064978
3104,Customer3104,User3104,Female,1989-06-02,2024-11-05,18,Takeaway,Rice,customer3104@example.com,3002796285
3105,Customer3105,User3105,Male,1986-03-16,2024-06-25,12,Third-party Delivery,Sandwiches,customer3105@example.com,3008827548
3106,Customer3106,User3106,Male,1974-02-23,2024-06-10,19,Dine-in,BBQ,customer3106@example.com,3005341285
3107,Customer3107,User3107,Male,1975-09-28,2024-12-07,10,Takeaway,Sandwiches,customer3107@example.com,3007249716
3108,Customer3108,User3108,Male,1975-01-22,2024-11-28,6,Third-party Delivery,Desserts,customer3108@example.com,3002991494
3109,Customer3109,User3109,Other,1976-06-01,2024-07-05,19,Dine-in,Desserts,customer3109@example.com,3003122436
3110,Customer3110,User3110,Female,1991-02-15,2024-04-28,6,Dine-in,Sandwiches,customer3110@example.com,3003369858
3111,Customer3111,User3111,Other,1975-12-02,2024-12-17,16,Takeaway,Salads,customer3111@example.com,3003610866
3112,Customer3112,User3112,Male,1976-10-18,2024-04-13,19,Dine-in,Pasta,customer3112@example.com,3008426494
3113,Customer3113,User3113,Male,1999-07-25,2024-08-04,1,Website/App,Biryani,customer3113@example.com,3009620884
3114,Customer3114,User3114,Other,1998-08-01,2024-08-21,10,Website/App,Salads,customer3114@example.com,3002358537
3115,Customer3115,User3115,Female,1982-01-09,2024-05-11,2,Dine-in,Biryani,customer3115@example.com,3001098623
3116,Customer3116,User3116,Male,1994-12-26,2024-09-08,18,Third-party Delivery,Beverages,customer3116@example.com,3001574034
3117,Customer3117,User3117,Male,1989-11-12,2024-01-06,20,Website/App,Beverages,customer3117@example.com,3007706944
3118,Customer3118,User3118,Female,1995-01-08,2024-11-25,2,Website/App,Burgers,customer3118@example.com,3004451332
3119,Customer3119,User3119,Female,1996-11-23,2024-08-22,12,Website/App,Pizza,customer3119@example.com,3003452756
3120,Customer3120,User3120,Male,1997-09-17,2024-02-02,3,Takeaway,Beverages,customer3120@example.com,3003217318
3121,Customer3121,User3121,Female,1981-02-02,2024-06-04,8,Takeaway,BBQ,customer3121@example.com,3007296438
3122,Customer3122,User3122,Male,1976-09-10,2024-03-05,1,Dine-in,Rice,customer3122@example.com,3009982809
3123,Customer3123,User3123,Other,1980-06-26,2024-04-06,2,Takeaway,Pizza,customer3123@example.com,3007488346
3124,Customer3124,User3124,Other,1977-12-25,2024-11-14,8,Third-party Delivery,Burgers,customer3124@example.com,3004985579
3125,Customer3125,User3125,Other,1975-11-23,2024-08-08,13,Dine-in,Desserts,customer3125@example.com,3009561089
3126,Customer3126,User3126,Other,1989-11-16,2024-07-16,6,Dine-in,Burgers,customer3126@example.com,3001388136
3127,Customer3127,User3127,Female,1978-02-09,2024-12-23,4,Dine-in,Desserts,customer3127@example.com,3001148226
3128,Customer3128,User3128,Female,1977-07-08,2024-05-18,12,Dine-in,Beverages,customer3128@example.com,3006379463
3129,Customer3129,User3129,Male,1981-04-15,2024-01-17,12,Dine-in,Pizza,customer3129@example.com,3002350621
3130,Customer3130,User3130,Other,1986-11-10,2024-06-09,12,Third-party Delivery,Salads,customer3130@example.com,3008929095
3131,Customer3131,User3131,Male,1995-06-11,2024-07-27,4,Takeaway,Desserts,customer3131@example.com,3008177059
3132,Customer3132,User3132,Female,1975-04-15,2024-08-24,4,Third-party Delivery,Biryani,customer3132@example.com,3008141340
3133,Customer3133,User3133,Male,1992-07-04,2024-03-24,13,Third-party Delivery,Desserts,,3004670161
3134,Customer3134,User3134,Male,1993-06-16,2024-04-15,4,Takeaway,Beverages,customer3134@example.com,3009803892
3135,Customer3135,User3135,Female,1988-01-06,2024-12-05,7,Website/App,Sandwiches,customer3135@example.com,3002155070
3136,Customer3136,User3136,Female,1989-07-13,2024-03-16,14,Takeaway,Rice,customer3136@example.com,3001014235
3137,Customer3137,User3137,Female,1977-02-26,2024-08-14,4,Website/App,Biryani,customer3137@example.com,3002715740
3138,Customer3138,User3138,Female,1981-05-17,2024-04-04,20,Third-party Delivery,Beverages,customer3138@example.com,3008071566
3139,Customer3139,User3139,Male,1996-05-16,2024-01-27,9,Third-party Delivery,Pasta,customer3139@example.com,3007326816
3140,Customer3140,User3140,Other,1994-10-17,2024-08-01,7,Third-party Delivery,Beverages,customer3140@example.com,3004881016
3141,Customer3141,User3141,Male,1971-05-18,2024-04-16,20,Takeaway,Sandwiches,customer3141@example.com,3004808649
3142,Customer3142,User3142,Other,1975-06-19,2024-03-24,5,Dine-in,Biryani,customer3142@example.com,3009095916
3143,Customer3143,User3143,Male,1994-06-20,2024-04-09,3,Dine-in,BBQ,customer3143@example.com,3001836840
3144,Customer3144,User3144,Female,1979-10-04,2024-02-18,15,Takeaway,Biryani,customer3144@example.com,3009616157
3145,Customer3145,User3145,Male,1987-08-04,2024-09-07,1,Dine-in,Beverages,customer3145@example.com,3002916171
3146,Customer3146,User3146,Female,1995-11-02,2024-08-11,15,Website/App,Salads,,3009003810
3147,Customer3147,User3147,Female,1998-10-20,2024-01-11,6,Takeaway,Pizza,customer3147@example.com,3009226414
3148,Customer3148,User3148,Male,1977-05-18,2024-07-26,11,Third-party Delivery,Pasta,customer3148@example.com,3009670192
3149,Customer3149,User3149,Other,1976-09-20,2024-09-22,4,Dine-in,Sandwiches,customer3149@example.com,3002291333
3150,Customer3150,User3150,Female,1983-11-26,2024-11-28,11,Third-party Delivery,Rice,customer3150@example.com,3002589018
3151,Customer3151,User3151,Female,1982-02-06,2024-10-15,12,Website/App,Desserts,customer3151@example.com,3003986486
3152,Customer3152,User3152,Other,1996-02-14,2024-10-10,20,Third-party Delivery,Rice,customer3152@example.com,3009187341
3153,Customer3153,User3153,Other,2002-02-03,2024-10-27,7,Dine-in,Sandwiches,customer3153@example.com,3009898656
3154,Customer3154,User3154,Male,1973-02-25,2024-04-21,1,Third-party Delivery,Pizza,customer3154@example.com,3008147400
3155,Customer3155,User3155,Female,1992-04-26,2024-11-23,6,Dine-in,Sandwiches,customer3155@example.com,3004721243
3156,Customer3156,User3156,Other,1982-07-04,2024-04-03,16,Website/App,BBQ,customer3156@example.com,3001614565
3157,Customer3157,User3157,Male,1989-12-20,2024-01-08,16,Takeaway,Salads,customer3157@example.com,3006993780
3158,Customer3158,User3158,Other,1988-06-17,2024-06-17,8,Website/App,Sandwiches,customer3158@example.com,3004932915
3159,Customer3159,User3159,Other,1977-03-16,2024-05-24,7,Takeaway,Biryani,customer3159@example.com,3006404891
3160,Customer3160,User3160,Female,1976-08-26,2024-05-03,20,Takeaway,Pasta,customer3160@example.com,3002120195
3161,Customer3161,User3161,Other,1986-08-28,2024-07-06,4,Takeaway,Rice,customer3161@example.com,3007808463
3162,Customer3162,User3162,Male,1977-12-18,2024-07-08,19,Website/App,Pasta,customer3162@example.com,3005332011
3163,Customer3163,User3163,Male,1983-12-25,2024-09-09,11,Takeaway,Pizza,customer3163@example.com,3006267228
3164,Customer3164,User3164,Female,1983-01-20,2024-04-01,16,Third-party Delivery,Beverages,customer3164@example.com,3006665244
3165,Customer3165,User3165,Other,1972-11-19,2024-07-23,10,Website/App,Salads,customer3165@example.com,3008798283
3166,Customer3166,User3166,Male,1987-12-02,2024-09-24,20,Takeaway,Pizza,customer3166@example.com,3008732656
3167,Customer3167,User3167,Female,1982-06-21,2024-02-14,13,Dine-in,Pizza,customer3167@example.com,3004459390
3168,Customer3168,User3168,Male,2000-04-14,2024-08-01,16,Takeaway,Pizza,customer3168@example.com,3009033296
3169,Customer3169,User3169,Other,1984-12-10,2024-01-23,6,Website/App,Biryani,,3003879823
3170,Customer3170,User3170,Other,1980-12-28,2024-05-04,20,Takeaway,Burgers,customer3170@example.com,3007908768
3171,Customer3171,User3171,Other,1985-03-24,2024-04-14,11,Website/App,Burgers,,3002579483
3172,Customer3172,User3172,Other,1976-11-26,2024-05-10,9,Takeaway,BBQ,customer3172@example.com,3005542450
3173,Customer3173,User3173,Male,1971-03-23,2024-05-08,12,Dine-in,Salads,customer3173@example.com,3006161516
3174,Customer3174,User3174,Female,1996-06-23,2024-02-04,17,Third-party Delivery,Pizza,customer3174@example.com,3006643235
3175,Customer3175,User3175,Female,1987-01-20,2024-10-10,4,Website/App,Desserts,customer3175@example.com,3006898080
3176,Customer3176,User3176,Male,2004-10-23,2024-02-07,15,Dine-in,Pasta,customer3176@example.com,3006218487
3177,Customer3177,User3177,Other,1978-05-27,2024-06-03,20,Dine-in,Beverages,customer3177@example.com,3004004521
3178,Customer3178,User3178,Female,1974-11-27,2024-02-01,7,Website/App,Sandwiches,customer3178@example.com,3006360739
3179,Customer3179,User3179,Other,1987-03-24,2024-10-19,6,Dine-in,Biryani,customer3179@example.com,3005057769
3180,Customer3180,User3180,Female,1994-12-13,2024-07-19,14,Takeaway,Biryani,,3006821259
3181,Customer3181,User3181,Male,1984-09-13,2024-02-19,9,Dine-in,Pizza,customer3181@example.com,3004219121
3182,Customer3182,User3182,Other,1971-10-26,2024-04-26,10,Takeaway,BBQ,customer3182@example.com,3003496387
3183,Customer3183,User3183,Female,1970-07-14,2024-11-06,17,Takeaway,BBQ,customer3183@example.com,3007880529
3184,Customer3184,User3184,Male,1982-05-22,2024-09-18,20,Takeaway,Rice,customer3184@example.com,3005317688
3185,Customer3185,User3185,Male,2000-06-04,2024-12-17,13,Third-party Delivery,Salads,customer3185@example.com,3005268154
3186,Customer3186,User3186,Other,1972-09-14,2024-06-26,10,Takeaway,BBQ,customer3186@example.com,3005179026
3187,Customer3187,User3187,Other,1981-07-20,2024-03-18,11,Website/App,Burgers,customer3187@example.com,3008545834
3188,Customer3188,User3188,Female,1983-06-27,2024-01-19,12,Takeaway,Beverages,customer3188@example.com,3009775520
3189,Customer3189,User3189,Other,1993-10-09,2024-08-27,1,Takeaway,Salads,customer3189@example.com,3008162529
3190,Customer3190,User3190,Other,1997-05-11,2024-04-11,20,Dine-in,Desserts,customer3190@example.com,3007792383
3191,Customer3191,User3191,Female,1972-05-15,2024-02-26,18,Takeaway,Burgers,customer3191@example.com,3001631420
3192,Customer3192,User3192,Other,1991-05-05,2024-09-17,15,Takeaway,BBQ,customer3192@example.com,3005778183
3193,Customer3193,User3193,Other,1995-11-13,2024-09-14,14,Third-party Delivery,Salads,customer3193@example.com,3005332113
3194,Customer3194,User3194,Female,1971-07-23,2024-02-15,1,Third-party Delivery,Salads,customer3194@example.com,3001863863
3195,Customer3195,User3195,Male,1986-10-15,2024-02-03,1,Takeaway,Beverages,customer3195@example.com,3005373987
3196,Customer3196,User3196,Other,1998-02-11,2024-07-16,12,Third-party Delivery,Sandwiches,customer3196@example.com,3006465889
3197,Customer3197,User3197,Male,1991-02-18,2024-12-17,14,Dine-in,Pizza,customer3197@example.com,3007448481
3198,Customer3198,User3198,Female,1988-05-19,2024-12-22,6,Takeaway,BBQ,customer3198@example.com,3004481057
3199,Customer3199,User3199,Female,1997-10-17,2024-06-01,9,Website/App,Burgers,customer3199@example.com,3006622443
3200,Customer3200,User3200,Female,1996-12-19,2024-04-16,11,Website/App,Burgers,customer3200@example.com,3003276910
3201,Customer3201,User3201,Other,1986-03-26,2024-09-14,3,Third-party Delivery,Beverages,customer3201@example.com,3003815529
3202,Customer3202,User3202,Female,1998-02-10,2024-01-28,5,Website/App,Burgers,customer3202@example.com,3005038568
3203,Customer3203,User3203,Other,1990-12-16,2024-07-24,6,Third-party Delivery,BBQ,customer3203@example.com,3009626210
3204,Customer3204,User3204,Male,1996-04-17,2024-11-10,19,Takeaway,Sandwiches,customer3204@example.com,3001868567
3205,Customer3205,User3205,Other,1994-04-11,2024-09-12,8,Dine-in,Pizza,customer3205@example.com,3001364663
3206,Customer3206,User3206,Male,1979-08-18,2024-10-13,20,Website/App,Pizza,customer3206@example.com,3004496308
3207,Customer3207,User3207,Male,1988-11-17,2024-06-05,16,Third-party Delivery,Pasta,customer3207@example.com,3009794295
3208,Customer3208,User3208,Female,2000-01-07,2024-07-11,14,Takeaway,Burgers,customer3208@example.com,3004259863
3209,Customer3209,User3209,Other,1997-04-09,2024-05-22,10,Takeaway,Salads,customer3209@example.com,3005331289
3210,Customer3210,User3210,Female,2002-10-13,2024-12-24,8,Takeaway,Pizza,customer3210@example.com,3002206941
3211,Customer3211,User3211,Other,1979-04-08,2024-06-15,14,Dine-in,Desserts,customer3211@example.com,3001802238
3212,Customer3212,User3212,Female,1984-02-15,2024-05-09,12,Third-party Delivery,Desserts,customer3212@example.com,3008180776
3213,Customer3213,User3213,Male,1996-03-13,2024-04-13,15,Website/App,Burgers,customer3213@example.com,3009546989
3214,Customer3214,User3214,Other,2001-08-09,2024-08-25,12,Website/App,BBQ,customer3214@example.com,3005016918
3215,Customer3215,User3215,Female,2002-12-11,2024-03-19,12,Takeaway,Desserts,customer3215@example.com,3008712415
3216,Customer3216,User3216,Female,1971-04-16,2024-07-15,14,Third-party Delivery,BBQ,customer3216@example.com,3001419802
3217,Customer3217,User3217,Female,1979-01-28,2024-08-14,15,Website/App,Pizza,customer3217@example.com,3006169486
3218,Customer3218,User3218,Other,1998-06-07,2024-05-03,3,Website/App,Desserts,customer3218@example.com,3004484579
3219,Customer3219,User3219,Other,1983-01-20,2024-10-02,2,Dine-in,Salads,customer3219@example.com,3005660093
3220,Customer3220,User3220,Other,1972-07-12,2024-07-12,17,Takeaway,Rice,customer3220@example.com,3005873860
3221,Customer3221,User3221,Other,1986-06-08,2024-09-26,11,Third-party Delivery,Pasta,customer3221@example.com,3005127225
3222,Customer3222,User3222,Female,1981-04-28,2024-11-05,14,Third-party Delivery,Burgers,customer3222@example.com,3001226136
3223,Customer3223,User3223,Male,1986-08-01,2024-10-24,3,Dine-in,Burgers,customer3223@example.com,3005119055
3224,Customer3224,User3224,Female,1993-07-03,2024-02-20,20,Third-party Delivery,Pasta,customer3224@example.com,3002348045
3225,Customer3225,User3225,Male,1976-11-11,2024-09-07,15,Website/App,Sandwiches,customer3225@example.com,3008153557
3226,Customer3226,User3226,Male,1989-12-10,2024-08-15,14,Dine-in,Beverages,customer3226@example.com,3007851188
3227,Customer3227,User3227,Other,2001-11-01,2024-05-24,15,Third-party Delivery,Sandwiches,customer3227@example.com,3007432383
3228,Customer3228,User3228,Other,1979-12-20,2024-01-24,12,Takeaway,Pasta,customer3228@example.com,3007779942
3229,Customer3229,User3229,Female,1993-01-17,2024-11-20,3,Website/App,Biryani,customer3229@example.com,3004903562
3230,Customer3230,User3230,Other,1984-01-24,2024-03-19,6,Third-party Delivery,Sandwiches,customer3230@example.com,3005794469
3231,Customer3231,User3231,Male,1990-05-27,2024-08-22,8,Third-party Delivery,Biryani,customer3231@example.com,3003609965
3232,Customer3232,User3232,Male,1986-01-12,2024-02-07,3,Third-party Delivery,Sandwiches,customer3232@example.com,3001540755
3233,Customer3233,User3233,Female,2001-05-15,2024-04-07,18,Dine-in,BBQ,customer3233@example.com,3008613214
3234,Customer3234,User3234,Other,2002-06-06,2024-05-15,10,Website/App,Biryani,customer3234@example.com,3001044673
3235,Customer3235,User3235,Male,1990-10-09,2024-05-04,1,Takeaway,Rice,customer3235@example.com,3009464916
3236,Customer3236,User3236,Female,1984-06-03,2024-09-24,14,Third-party Delivery,BBQ,customer3236@example.com,3009336608
3237,Customer3237,User3237,Female,1989-02-07,2024-02-07,12,Dine-in,Beverages,customer3237@example.com,3004152413
3238,Customer3238,User3238,Male,1979-06-17,2024-06-07,9,Third-party Delivery,Pasta,customer3238@example.com,3009967618
3239,Customer3239,User3239,Male,1992-04-20,2024-09-25,18,Website/App,Biryani,customer3239@example.com,3002995270
3240,Customer3240,User3240,Female,1990-06-20,2024-10-02,19,Website/App,Pizza,customer3240@example.com,3003865701
3241,Customer3241,User3241,Other,1994-06-12,2024-09-27,4,Third-party Delivery,Desserts,customer3241@example.com,3006790854
3242,Customer3242,User3242,Other,1981-04-18,2024-04-28,4,Takeaway,BBQ,customer3242@example.com,3009933758
3243,Customer3243,User3243,Other,1975-09-23,2024-01-24,2,Takeaway,Beverages,customer3243@example.com,3002091033
3244,Customer3244,User3244,Female,1994-04-09,2024-03-23,20,Takeaway,BBQ,customer3244@example.com,3003633791
3245,Customer3245,User3245,Male,1993-10-15,2024-12-27,8,Dine-in,Salads,customer3245@example.com,3002704646
3246,Customer3246,User3246,Male,1974-09-11,2024-03-16,7,Website/App,Pizza,customer3246@example.com,3002462235
3247,Customer3247,User3247,Female,1995-02-07,2024-04-03,11,Website/App,Pasta,customer3247@example.com,3004284596
3248,Customer3248,User3248,Male,1974-06-08,2024-01-07,2,Website/App,BBQ,customer3248@example.com,3001172180
3249,Customer3249,User3249,Female,1998-09-03,2024-11-23,4,Dine-in,Salads,customer3249@example.com,3007832808
3250,Customer3250,User3250,Female,1989-11-25,2024-06-11,15,Third-party Delivery,Sandwiches,customer3250@example.com,3004982590
3251,Customer3251,User3251,Other,1989-06-10,2024-02-26,18,Takeaway,Salads,customer3251@example.com,3002648873
3252,Customer3252,User3252,Male,1996-10-28,2024-10-09,11,Takeaway,Burgers,customer3252@example.com,3007995697
3253,Customer3253,User3253,Female,1975-10-24,2024-02-01,14,Dine-in,Sandwiches,customer3253@example.com,3007384324
3254,Customer3254,User3254,Other,1975-01-02,2024-12-24,17,Takeaway,Biryani,,3005195289
3255,Customer3255,User3255,Male,1977-07-18,2024-03-14,17,Takeaway,Biryani,customer3255@example.com,3002404566
3256,Customer3256,User3256,Other,2001-06-21,2024-07-06,13,Third-party Delivery,Biryani,customer3256@example.com,3001511319
3257,Customer3257,User3257,Other,1982-11-09,2024-08-19,3,Dine-in,Burgers,customer3257@example.com,3006792546
3258,Customer3258,User3258,Other,1984-03-22,2024-11-21,12,Third-party Delivery,Biryani,customer3258@example.com,3003225820
3259,Customer3259,User3259,Other,1999-01-23,2024-04-06,5,Dine-in,Burgers,customer3259@example.com,3008772927
3260,Customer3260,User3260,Female,1991-10-16,2024-12-05,9,Takeaway,Beverages,customer3260@example.com,3008769203
3261,Customer3261,User3261,Male,1979-10-12,2024-02-10,11,Takeaway,Burgers,customer3261@example.com,3006556323
3262,Customer3262,User3262,Other,2002-11-01,2024-12-05,17,Third-party Delivery,Burgers,customer3262@example.com,3007377075
3263,Customer3263,User3263,Male,1988-09-01,2024-03-26,6,Website/App,Burgers,customer3263@example.com,3008021416
3264,Customer3264,User3264,Female,1989-08-09,2024-08-26,13,Website/App,Burgers,customer3264@example.com,3001390804
3265,Customer3265,User3265,Female,1975-11-17,2024-12-19,17,Website/App,Sandwiches,customer3265@example.com,3007579060
3266,Customer3266,User3266,Other,1986-04-02,2024-02-13,11,Website/App,Sandwiches,customer3266@example.com,3003257160
3267,Customer3267,User3267,Male,2002-09-16,2024-09-17,17,Third-party Delivery,Sandwiches,customer3267@example.com,3006831671
3268,Customer3268,User3268,Female,1985-02-07,2024-07-22,2,Third-party Delivery,Biryani,customer3268@example.com,3003316129
3269,Customer3269,User3269,Other,1971-02-04,2024-12-28,7,Third-party Delivery,Burgers,customer3269@example.com,3005688262
3270,Customer3270,User3270,Female,1987-11-25,2024-08-03,19,Dine-in,Rice,customer3270@example.com,3009538591
3271,Customer3271,User3271,Male,1983-06-04,2024-12-24,9,Website/App,Rice,customer3271@example.com,3003826766
3272,Customer3272,User3272,Other,1988-05-03,2024-10-23,4,Website/App,Desserts,customer3272@example.com,3001801609
3273,Customer3273,User3273,Female,1984-05-15,2024-03-18,8,Website/App,Pizza,customer3273@example.com,3007859186
3274,Customer3274,User3274,Female,1983-11-02,2024-10-11,8,Takeaway,Sandwiches,customer3274@example.com,3009278287
3275,Customer3275,User3275,Male,1986-09-25,2024-09-13,17,Third-party Delivery,Pasta,customer3275@example.com,3007375305
3276,Customer3276,User3276,Other,1979-10-06,2024-06-25,18,Takeaway,Biryani,customer3276@example.com,3009817050
3277,Customer3277,User3277,Male,2004-01-25,2024-02-17,7,Takeaway,Rice,customer3277@example.com,3007266568
3278,Customer3278,User3278,Male,1972-07-17,2024-09-11,14,Website/App,Sandwiches,customer3278@example.com,3009136252
3279,Customer3279,User3279,Female,2001-09-01,2024-10-13,9,Website/App,Beverages,customer3279@example.com,3004671037
3280,Customer3280,User3280,Female,1987-12-09,2024-10-11,19,Third-party Delivery,Pasta,customer3280@example.com,3003458857
3281,Customer3281,User3281,Male,1984-06-21,2024-04-03,16,Website/App,Pasta,customer3281@example.com,3006532337
3282,Customer3282,User3282,Other,1980-09-23,2024-10-16,9,Third-party Delivery,BBQ,customer3282@example.com,3002459376
3283,Customer3283,User3283,Other,1974-12-21,2024-05-17,13,Takeaway,Sandwiches,customer3283@example.com,3008445104
3284,Customer3284,User3284,Female,1977-12-21,2024-02-26,20,Third-party Delivery,Sandwiches,customer3284@example.com,3005314628
3285,Customer3285,User3285,Female,1984-05-20,2024-07-12,11,Dine-in,Pasta,customer3285@example.com,3008312018
3286,Customer3286,User3286,Female,1977-10-13,2024-08-17,20,Third-party Delivery,Rice,customer3286@example.com,3001133148
3287,Customer3287,User3287,Male,1983-06-24,2024-09-27,6,Dine-in,Pizza,customer3287@example.com,3007643820
3288,Customer3288,User3288,Male,1972-02-25,2024-12-11,19,Third-party Delivery,Biryani,customer3288@example.com,3003894941
3289,Customer3289,User3289,Female,1979-03-17,2024-05-25,18,Takeaway,BBQ,customer3289@example.com,3003808388
3290,Customer3290,User3290,Female,1994-07-18,2024-01-19,17,Website/App,Sandwiches,customer3290@example.com,3001827363
3291,Customer3291,User3291,Male,2002-01-09,2024-01-26,7,Takeaway,BBQ,customer3291@example.com,3001084021
3292,Customer3292,User3292,Male,1991-04-15,2024-12-08,12,Third-party Delivery,Sandwiches,customer3292@example.com,3009153230
3293,Customer3293,User3293,Male,1992-06-09,2024-05-14,1,Website/App,Rice,customer3293@example.com,3003587735
3294,Customer3294,User3294,Female,1972-10-14,2024-08-28,9,Third-party Delivery,Biryani,customer3294@example.com,3009317684
3295,Customer3295,User3295,Male,1973-11-11,2024-12-07,13,Website/App,Salads,customer3295@example.com,3002056402
3296,Customer3296,User3296,Male,1979-12-17,2024-06-14,15,Takeaway,Beverages,customer3296@example.com,3007114133
3297,Customer3297,User3297,Other,1972-03-03,2024-06-11,7,Takeaway,Burgers,customer3297@example.com,3009340414
3298,Customer3298,User3298,Female,1991-06-18,2024-03-03,6,Third-party Delivery,Biryani,customer3298@example.com,3007992491
3299,Customer3299,User3299,Female,1983-10-12,2024-07-16,17,Website/App,BBQ,customer3299@example.com,3007634113
3300,Customer3300,User3300,Male,1998-09-20,2024-01-27,16,Website/App,Pizza,customer3300@example.com,3002678642
3301,Customer3301,User3301,Other,2002-02-15,2024-08-12,12,Dine-in,Biryani,customer3301@example.com,3005652939
3302,Customer3302,User3302,Female,1976-05-20,2024-03-11,7,Dine-in,Sandwiches,customer3302@example.com,3005623677
3303,Customer3303,User3303,Other,2004-03-17,2024-11-25,8,Website/App,Salads,customer3303@example.com,3008983752
3304,Customer3304,User3304,Female,1998-08-14,2024-06-13,11,Dine-in,Desserts,customer3304@example.com,3001314439
3305,Customer3305,User3305,Female,1990-05-24,2024-10-09,7,Website/App,Rice,customer3305@example.com,3008246236
3306,Customer3306,User3306,Other,2000-11-16,2024-02-11,14,Takeaway,Biryani,customer3306@example.com,3001044843
3307,Customer3307,User3307,Other,1987-10-28,2024-01-16,13,Takeaway,BBQ,customer3307@example.com,3002888331
3308,Customer3308,User3308,Female,1983-06-19,2024-08-15,4,Dine-in,Burgers,customer3308@example.com,3002841967
3309,Customer3309,User3309,Male,1991-11-09,2024-08-15,8,Website/App,Salads,customer3309@example.com,3005409566
3310,Customer3310,User3310,Male,1974-11-09,2024-12-18,16,Takeaway,Biryani,customer3310@example.com,3006912250
3311,Customer3311,User3311,Female,1999-09-11,2024-07-09,4,Takeaway,Pasta,customer3311@example.com,3005535946
3312,Customer3312,User3312,Other,2001-05-04,2024-07-18,11,Website/App,Desserts,customer3312@example.com,3004590268
3313,Customer3313,User3313,Other,1990-03-08,2024-03-18,12,Website/App,Pasta,customer3313@example.com,3001296167
3314,Customer3314,User3314,Other,1992-08-24,2024-10-10,16,Website/App,Beverages,customer3314@example.com,3002639487
3315,Customer3315,User3315,Other,1996-07-02,2024-03-26,17,Website/App,Pizza,customer3315@example.com,3004244994
3316,Customer3316,User3316,Female,1980-04-07,2024-12-24,10,Third-party Delivery,Burgers,customer3316@example.com,3006042946
3317,Customer3317,User3317,Male,1999-02-09,2024-07-26,19,Third-party Delivery,Pizza,customer3317@example.com,3005269556
3318,Customer3318,User3318,Other,2001-11-19,2024-08-24,8,Website/App,Pizza,customer3318@example.com,3006860272
3319,Customer3319,User3319,Other,1990-10-11,2024-01-17,7,Third-party Delivery,BBQ,customer3319@example.com,3007255608
3320,Customer3320,User3320,Other,1995-01-04,2024-08-01,7,Third-party Delivery,Pizza,customer3320@example.com,3001323716
3321,Customer3321,User3321,Male,1999-06-20,2024-11-01,2,Dine-in,Desserts,customer3321@example.com,3001591663
3322,Customer3322,User3322,Female,1999-10-26,2024-11-09,19,Dine-in,Desserts,customer3322@example.com,3008255745
3323,Customer3323,User3323,Other,1981-09-11,2024-06-22,4,Third-party Delivery,Biryani,customer3323@example.com,3002842842
3324,Customer3324,User3324,Other,1993-10-26,2024-04-22,18,Third-party Delivery,Desserts,customer3324@example.com,3007741156
3325,Customer3325,User3325,Other,1985-06-07,2024-07-16,8,Website/App,Pasta,customer3325@example.com,3009844749
3326,Customer3326,User3326,Other,1996-01-16,2024-01-15,5,Takeaway,Beverages,customer3326@example.com,3004597014
3327,Customer3327,User3327,Female,1975-04-08,2024-06-27,4,Takeaway,Salads,customer3327@example.com,3001122496
3328,Customer3328,User3328,Male,1987-04-02,2024-10-15,10,Takeaway,Desserts,customer3328@example.com,3006196843
3329,Customer3329,User3329,Other,1984-07-13,2024-11-08,11,Third-party Delivery,Salads,customer3329@example.com,3007946545
3330,Customer3330,User3330,Female,1974-12-09,2024-09-01,7,Dine-in,Burgers,customer3330@example.com,3008655056
3331,Customer3331,User3331,Other,1984-06-25,2024-11-14,12,Takeaway,Sandwiches,customer3331@example.com,3001422616
3332,Customer3332,User3332,Other,1981-06-06,2024-11-14,8,Third-party Delivery,Salads,customer3332@example.com,3005436173
3333,Customer3333,User3333,Other,1974-03-17,2024-09-13,14,Dine-in,Pizza,customer3333@example.com,3003118220
3334,Customer3334,User3334,Other,1978-04-26,2024-03-03,9,Takeaway,Pasta,customer3334@example.com,3003668696
3335,Customer3335,User3335,Female,1975-02-19,2024-08-26,18,Takeaway,Pasta,customer3335@example.com,3006136075
3336,Customer3336,User3336,Female,1990-08-09,2024-11-21,9,Third-party Delivery,Pasta,customer3336@example.com,3004603245
3337,Customer3337,User3337,Male,1993-11-27,2024-06-09,10,Dine-in,Pizza,customer3337@example.com,3009737102
3338,Customer3338,User3338,Male,2004-11-28,2024-12-11,3,Takeaway,Sandwiches,customer3338@example.com,3008552187
3339,Customer3339,User3339,Male,2002-01-22,2024-06-05,2,Takeaway,Beverages,customer3339@example.com,3002682205
3340,Customer3340,User3340,Other,1983-08-27,2024-12-14,17,Website/App,Pizza,customer3340@example.com,3005688532
3341,Customer3341,User3341,Female,1975-05-13,2024-11-05,6,Dine-in,Pizza,customer3341@example.com,3005379448
3342,Customer3342,User3342,Other,2003-04-07,2024-04-11,9,Dine-in,Pizza,customer3342@example.com,3002867171
3343,Customer3343,User3343,Male,1998-03-18,2024-04-13,1,Takeaway,Burgers,customer3343@example.com,3009525480
3344,Customer3344,User3344,Female,1995-05-15,2024-08-02,19,Dine-in,Sandwiches,customer3344@example.com,3009106221
3345,Customer3345,User3345,Female,1976-09-08,2024-08-13,5,Website/App,Burgers,customer3345@example.com,3009106463
3346,Customer3346,User3346,Female,2000-12-27,2024-02-21,14,Takeaway,Pizza,customer3346@example.com,3009371623
3347,Customer3347,User3347,Male,1972-05-18,2024-09-28,17,Third-party Delivery,Beverages,customer3347@example.com,3001827548
3348,Customer3348,User3348,Other,1989-02-17,2024-07-27,19,Takeaway,Burgers,customer3348@example.com,3004794808
3349,Customer3349,User3349,Other,1980-07-28,2024-05-21,11,Third-party Delivery,BBQ,customer3349@example.com,3008204131
3350,Customer3350,User3350,Female,1989-02-19,2024-10-03,13,Dine-in,Pasta,customer3350@example.com,3004870352
3351,Customer3351,User3351,Other,1971-07-26,2024-05-26,19,Dine-in,Salads,customer3351@example.com,3009162832
3352,Customer3352,User3352,Other,1970-04-10,2024-03-11,4,Third-party Delivery,Burgers,customer3352@example.com,3003070020
3353,Customer3353,User3353,Other,1974-12-28,2024-06-18,19,Dine-in,Rice,customer3353@example.com,3007662333
3354,Customer3354,User3354,Other,1979-10-13,2024-08-01,15,Website/App,Biryani,customer3354@example.com,3002977458
3355,Customer3355,User3355,Female,1985-02-20,2024-04-21,13,Takeaway,Pasta,customer3355@example.com,3003883538
3356,Customer3356,User3356,Female,1970-03-06,2024-02-14,19,Dine-in,Beverages,customer3356@example.com,3009557119
3357,Customer3357,User3357,Female,1993-05-17,2024-01-05,20,Takeaway,Rice,customer3357@example.com,3007174975
3358,Customer3358,User3358,Other,1984-09-27,2024-05-07,20,Dine-in,Burgers,customer3358@example.com,3007849359
3359,Customer3359,User3359,Female,1998-04-26,2024-06-28,3,Third-party Delivery,BBQ,customer3359@example.com,3006671905
3360,Customer3360,User3360,Female,1994-10-07,2024-12-23,12,Dine-in,Burgers,customer3360@example.com,3003733417
3361,Customer3361,User3361,Other,1975-05-02,2024-02-05,18,Takeaway,Rice,customer3361@example.com,3002455936
3362,Customer3362,User3362,Other,1991-06-17,2024-11-19,16,Dine-in,Rice,customer3362@example.com,3006685375
3363,Customer3363,User3363,Other,1999-02-16,2024-08-03,16,Dine-in,Rice,customer3363@example.com,3001547915
3364,Customer3364,User3364,Female,1996-09-15,2024-01-19,10,Dine-in,Biryani,customer3364@example.com,3005255527
3365,Customer3365,User3365,Other,1994-01-11,2024-02-13,9,Takeaway,Beverages,customer3365@example.com,3006381462
3366,Customer3366,User3366,Male,1985-08-13,2024-09-09,4,Third-party Delivery,Sandwiches,customer3366@example.com,3008675661
3367,Customer3367,User3367,Female,1997-01-01,2024-07-09,8,Website/App,Pasta,customer3367@example.com,3008634413
3368,Customer3368,User3368,Other,1984-02-21,2024-08-25,8,Dine-in,Rice,customer3368@example.com,3004788266
3369,Customer3369,User3369,Male,1986-10-26,2024-07-24,15,Website/App,Desserts,customer3369@example.com,3005429641
3370,Customer3370,User3370,Female,1977-01-10,2024-09-09,18,Dine-in,Salads,customer3370@example.com,3006091391
3371,Customer3371,User3371,Other,1998-12-26,2024-04-27,4,Dine-in,Pasta,customer3371@example.com,3007493063
3372,Customer3372,User3372,Male,1991-05-06,2024-08-02,15,Website/App,Salads,customer3372@example.com,3006014641
3373,Customer3373,User3373,Female,1996-02-04,2024-02-02,16,Third-party Delivery,Sandwiches,customer3373@example.com,3006145126
3374,Customer3374,User3374,Female,1993-05-22,2024-12-12,14,Website/App,Desserts,customer3374@example.com,3003514200
3375,Customer3375,User3375,Other,1999-03-06,2024-07-22,19,Takeaway,BBQ,customer3375@example.com,3009504537
3376,Customer3376,User3376,Female,1987-11-01,2024-04-19,1,Website/App,Sandwiches,customer3376@example.com,3009865495
3377,Customer3377,User3377,Female,1996-01-27,2024-07-13,19,Takeaway,Sandwiches,customer3377@example.com,3002135470
3378,Customer3378,User3378,Male,2003-03-14,2024-09-16,2,Third-party Delivery,Desserts,customer3378@example.com,3008654021
3379,Customer3379,User3379,Female,1993-08-02,2024-11-07,19,Third-party Delivery,Biryani,customer3379@example.com,3007312402
3380,Customer3380,User3380,Male,2001-08-19,2024-03-24,15,Dine-in,Pizza,customer3380@example.com,3001925668
3381,Customer3381,User3381,Female,1985-06-04,2024-03-18,20,Third-party Delivery,Biryani,customer3381@example.com,3004144576
3382,Customer3382,User3382,Other,1972-07-18,2024-11-06,10,Takeaway,Biryani,customer3382@example.com,3004889433
3383,Customer3383,User3383,Male,1985-01-26,2024-03-07,20,Takeaway,BBQ,customer3383@example.com,3005696328
3384,Customer3384,User3384,Female,1971-07-27,2024-12-01,13,Website/App,Rice,customer3384@example.com,3001038690
3385,Customer3385,User3385,Female,1992-11-05,2024-04-11,15,Third-party Delivery,Pasta,customer3385@example.com,3003358453
3386,Customer3386,User3386,Other,1989-02-05,2024-09-11,8,Third-party Delivery,Burgers,customer3386@example.com,3001553753
3387,Customer3387,User3387,Female,1986-05-17,2024-09-11,10,Third-party Delivery,Pasta,customer3387@example.com,3005117278
3388,Customer3388,User3388,Male,1977-10-21,2024-09-26,1,Website/App,Biryani,customer3388@example.com,3007075197
3389,Customer3389,User3389,Female,1989-03-17,2024-01-11,8,Third-party Delivery,Sandwiches,customer3389@example.com,3006078183
3390,Customer3390,User3390,Male,1993-06-26,2024-01-16,18,Third-party Delivery,Beverages,customer3390@example.com,3009892494
3391,Customer3391,User3391,Other,1998-09-13,2024-01-22,6,Dine-in,Rice,customer3391@example.com,3003182067
3392,Customer3392,User3392,Male,1977-04-03,2024-08-02,3,Website/App,Beverages,customer3392@example.com,3007732424
3393,Customer3393,User3393,Female,1983-10-25,2024-10-22,5,Third-party Delivery,Salads,customer3393@example.com,3009799372
3394,Customer3394,User3394,Female,1980-09-16,2024-04-27,3,Website/App,Biryani,customer3394@example.com,3006196158
3395,Customer3395,User3395,Other,1993-07-06,2024-10-27,4,Third-party Delivery,Salads,customer3395@example.com,3007581732
3396,Customer3396,User3396,Female,1989-02-14,2024-01-08,7,Takeaway,Beverages,customer3396@example.com,3009498639
3397,Customer3397,User3397,Male,2000-01-01,2024-06-03,2,Takeaway,Beverages,customer3397@example.com,3009181715
3398,Customer3398,User3398,Female,1991-11-03,2024-03-01,5,Takeaway,Burgers,customer3398@example.com,3002380245
3399,Customer3399,User3399,Other,2001-06-10,2024-06-09,3,Third-party Delivery,BBQ,customer3399@example.com,3009889026
3400,Customer3400,User3400,Female,1978-11-28,2024-12-03,2,Website/App,Sandwiches,customer3400@example.com,3007963424
3401,Customer3401,User3401,Male,1999-06-21,2024-12-01,4,Website/App,Biryani,customer3401@example.com,3007807418
3402,Customer3402,User3402,Other,1998-05-09,2024-03-27,2,Takeaway,Sandwiches,customer3402@example.com,3001929494
3403,Customer3403,User3403,Female,2004-06-10,2024-12-18,7,Takeaway,Burgers,customer3403@example.com,3007248893
3404,Customer3404,User3404,Other,2001-03-08,2024-12-18,7,Third-party Delivery,Beverages,customer3404@example.com,3001175585
3405,Customer3405,User3405,Female,1973-02-28,2024-05-11,15,Takeaway,Rice,customer3405@example.com,3003257914
3406,Customer3406,User3406,Female,2001-02-09,2024-12-22,18,Website/App,Beverages,customer3406@example.com,3002673074
3407,Customer3407,User3407,Other,1999-01-04,2024-06-02,4,Third-party Delivery,Desserts,customer3407@example.com,3009109893
3408,Customer3408,User3408,Other,1978-01-20,2024-03-12,3,Takeaway,Burgers,customer3408@example.com,3002999140
3409,Customer3409,User3409,Other,1979-09-24,2024-12-12,5,Takeaway,Rice,customer3409@example.com,3003506425
3410,Customer3410,User3410,Other,1998-01-27,2024-05-19,7,Third-party Delivery,Salads,customer3410@example.com,3006712069
3411,Customer3411,User3411,Other,1980-10-04,2024-06-18,12,Website/App,Pizza,customer3411@example.com,3002297303
3412,Customer3412,User3412,Female,1983-10-21,2024-08-03,10,Takeaway,Burgers,customer3412@example.com,3008829012
3413,Customer3413,User3413,Female,1999-05-23,2024-02-26,10,Takeaway,BBQ,customer3413@example.com,3008847442
3414,Customer3414,User3414,Male,1996-03-13,2024-03-12,20,Dine-in,Beverages,customer3414@example.com,3004988524
3415,Customer3415,User3415,Other,1974-03-10,2024-11-19,16,Third-party Delivery,Rice,customer3415@example.com,3008285393
3416,Customer3416,User3416,Other,1999-08-06,2024-05-10,7,Website/App,Rice,customer3416@example.com,3006748005
3417,Customer3417,User3417,Female,1999-09-16,2024-03-20,13,Website/App,Desserts,customer3417@example.com,3002850822
3418,Customer3418,User3418,Female,1995-12-28,2024-05-08,17,Dine-in,Biryani,customer3418@example.com,3001786436
3419,Customer3419,User3419,Male,1987-09-21,2024-01-21,10,Takeaway,BBQ,customer3419@example.com,3008900396
3420,Customer3420,User3420,Other,1996-01-21,2024-01-24,2,Website/App,Burgers,customer3420@example.com,3002104201
3421,Customer3421,User3421,Female,1992-08-08,2024-08-14,5,Website/App,Biryani,customer3421@example.com,3007803455
3422,Customer3422,User3422,Female,1978-03-12,2024-05-20,5,Dine-in,Rice,customer3422@example.com,3007922134
3423,Customer3423,User3423,Other,1984-01-20,2024-02-23,9,Dine-in,Pizza,customer3423@example.com,3006571507
3424,Customer3424,User3424,Male,1999-04-04,2024-12-04,15,Takeaway,Biryani,customer3424@example.com,3007643810
3425,Customer3425,User3425,Female,1974-05-16,2024-06-14,19,Dine-in,Burgers,customer3425@example.com,3002103526
3426,Customer3426,User3426,Other,1987-03-20,2024-04-07,11,Website/App,Desserts,customer3426@example.com,3006136761
3427,Customer3427,User3427,Male,1980-10-18,2024-11-08,11,Third-party Delivery,Sandwiches,customer3427@example.com,3009074865
3428,Customer3428,User3428,Female,1975-06-08,2024-10-01,6,Takeaway,Sandwiches,customer3428@example.com,3003743507
3429,Customer3429,User3429,Other,1989-08-24,2024-04-13,11,Dine-in,Burgers,customer3429@example.com,3004402291
3430,Customer3430,User3430,Male,1971-10-02,2024-12-21,2,Third-party Delivery,BBQ,customer3430@example.com,3008604820
3431,Customer3431,User3431,Female,1974-11-10,2024-05-05,15,Third-party Delivery,Rice,customer3431@example.com,3006450683
3432,Customer3432,User3432,Female,1986-11-02,2024-12-10,6,Takeaway,Pizza,customer3432@example.com,3007720153
3433,Customer3433,User3433,Other,2001-10-05,2024-12-23,2,Third-party Delivery,Desserts,customer3433@example.com,3007101617
3434,Customer3434,User3434,Female,1984-10-07,2024-05-08,19,Third-party Delivery,Salads,customer3434@example.com,3001322537
3435,Customer3435,User3435,Female,1990-04-24,2024-11-19,6,Website/App,Biryani,customer3435@example.com,3009613156
3436,Customer3436,User3436,Female,1984-06-15,2024-04-08,17,Dine-in,Rice,customer3436@example.com,3005131780
3437,Customer3437,User3437,Male,2000-04-09,2024-06-08,7,Dine-in,Biryani,customer3437@example.com,3004858806
3438,Customer3438,User3438,Female,1989-02-28,2024-03-05,10,Third-party Delivery,BBQ,customer3438@example.com,3001363038
3439,Customer3439,User3439,Other,2004-06-07,2024-12-27,15,Takeaway,Burgers,customer3439@example.com,3005055514
3440,Customer3440,User3440,Male,1992-01-11,2024-02-13,2,Takeaway,Rice,customer3440@example.com,3003215750
3441,Customer3441,User3441,Female,1976-01-16,2024-12-03,12,Website/App,Pasta,customer3441@example.com,3009964425
3442,Customer3442,User3442,Female,1973-10-09,2024-11-23,2,Website/App,Biryani,customer3442@example.com,3003555381
3443,Customer3443,User3443,Other,1989-06-13,2024-05-03,3,Takeaway,Pasta,customer3443@example.com,3007245512
3444,Customer3444,User3444,Male,1978-06-08,2024-09-26,2,Third-party Delivery,Beverages,customer3444@example.com,3002264460
3445,Customer3445,User3445,Other,1975-04-27,2024-12-12,1,Website/App,Rice,customer3445@example.com,3006201949
3446,Customer3446,User3446,Other,1986-02-20,2024-12-28,16,Dine-in,Pasta,customer3446@example.com,3009341839
3447,Customer3447,User3447,Female,1992-08-04,2024-07-14,8,Takeaway,Beverages,customer3447@example.com,3003205548
3448,Customer3448,User3448,Female,1996-04-01,2024-07-04,14,Takeaway,Pizza,customer3448@example.com,3007118380
3449,Customer3449,User3449,Other,1997-04-11,2024-03-01,1,Third-party Delivery,Sandwiches,customer3449@example.com,3002227380
3450,Customer3450,User3450,Female,1972-05-05,2024-01-11,20,Third-party Delivery,Beverages,customer3450@example.com,3007014621
3451,Customer3451,User3451,Other,1996-10-15,2024-08-03,10,Takeaway,Rice,customer3451@example.com,3008087672
3452,Customer3452,User3452,Male,2002-01-24,2024-10-02,4,Dine-in,Pizza,customer3452@example.com,3005773614
3453,Customer3453,User3453,Female,1976-01-24,2024-04-20,5,Third-party Delivery,Beverages,customer3453@example.com,3009798727
3454,Customer3454,User3454,Other,1976-09-20,2024-04-02,9,Third-party Delivery,Pizza,customer3454@example.com,3007473886
3455,Customer3455,User3455,Male,2003-02-14,2024-09-16,18,Website/App,Pizza,customer3455@example.com,3009849012
3456,Customer3456,User3456,Other,1992-07-20,2024-01-12,2,Third-party Delivery,Pasta,customer3456@example.com,3007715244
3457,Customer3457,User3457,Other,2004-03-13,2024-08-06,17,Dine-in,Burgers,customer3457@example.com,3009039095
3458,Customer3458,User3458,Male,2001-03-27,2024-01-24,18,Dine-in,BBQ,customer3458@example.com,3008506606
3459,Customer3459,User3459,Male,1982-08-07,2024-06-14,10,Dine-in,Desserts,customer3459@example.com,3009653101
3460,Customer3460,User3460,Male,1971-09-08,2024-01-25,13,Third-party Delivery,Beverages,customer3460@example.com,3007228178
3461,Customer3461,User3461,Male,1986-06-10,2024-10-18,7,Third-party Delivery,Desserts,,3002332627
3462,Customer3462,User3462,Female,1994-08-09,2024-10-02,14,Third-party Delivery,Beverages,customer3462@example.com,3009641980
3463,Customer3463,User3463,Other,1996-08-12,2024-02-28,18,Website/App,Desserts,customer3463@example.com,3002694100
3464,Customer3464,User3464,Male,1997-05-12,2024-07-02,12,Website/App,Sandwiches,customer3464@example.com,3004476712
3465,Customer3465,User3465,Female,1985-02-17,2024-01-21,15,Takeaway,Salads,customer3465@example.com,3003458695
3466,Customer3466,User3466,Male,1972-03-12,2024-09-27,12,Third-party Delivery,Pasta,customer3466@example.com,3004589117
3467,Customer3467,User3467,Male,2000-12-16,2024-08-26,8,Dine-in,Rice,customer3467@example.com,3002668018
3468,Customer3468,User3468,Female,2001-12-18,2024-08-04,19,Takeaway,Sandwiches,customer3468@example.com,3002807429
3469,Customer3469,User3469,Female,1988-09-16,2024-11-05,1,Dine-in,Biryani,customer3469@example.com,3005406052
3470,Customer3470,User3470,Other,1973-03-12,2024-05-11,11,Dine-in,Burgers,customer3470@example.com,3006739511
3471,Customer3471,User3471,Female,1972-09-24,2024-12-02,19,Takeaway,Salads,customer3471@example.com,3009321087
3472,Customer3472,User3472,Female,1999-04-17,2024-09-16,5,Website/App,Sandwiches,customer3472@example.com,3002634045
3473,Customer3473,User3473,Female,1983-01-07,2024-05-08,17,Takeaway,Burgers,customer3473@example.com,3001461323
3474,Customer3474,User3474,Male,1975-05-08,2024-06-06,20,Website/App,Salads,customer3474@example.com,3004792077
3475,Customer3475,User3475,Male,2001-12-23,2024-05-04,15,Third-party Delivery,Pasta,customer3475@example.com,3005554508
3476,Customer3476,User3476,Female,1994-03-17,2024-10-16,7,Website/App,Pizza,customer3476@example.com,3009755508
3477,Customer3477,User3477,Other,1994-03-05,2024-06-05,15,Website/App,Sandwiches,customer3477@example.com,3001934269
3478,Customer3478,User3478,Male,1980-03-08,2024-01-05,8,Website/App,Burgers,customer3478@example.com,3007245827
3479,Customer3479,User3479,Female,1999-08-28,2024-02-06,12,Dine-in,Pasta,customer3479@example.com,3009701622
3480,Customer3480,User3480,Other,1972-05-04,2024-09-28,6,Dine-in,Pasta,customer3480@example.com,3002165173
3481,Customer3481,User3481,Female,1995-07-02,2024-12-18,4,Takeaway,Rice,customer3481@example.com,3003132211
3482,Customer3482,User3482,Female,2003-09-10,2024-05-16,20,Dine-in,Salads,customer3482@example.com,3007402477
3483,Customer3483,User3483,Male,1996-02-11,2024-03-16,13,Website/App,Beverages,customer3483@example.com,3005728628
3484,Customer3484,User3484,Female,1989-03-01,2024-03-06,9,Takeaway,BBQ,customer3484@example.com,3007591537
3485,Customer3485,User3485,Male,1974-04-28,2024-08-08,15,Dine-in,BBQ,customer3485@example.com,3007157091
3486,Customer3486,User3486,Male,1984-02-27,2024-02-18,2,Takeaway,Sandwiches,customer3486@example.com,3007386221
3487,Customer3487,User3487,Other,1977-05-26,2024-02-20,8,Third-party Delivery,Burgers,customer3487@example.com,3007429612
3488,Customer3488,User3488,Male,1971-05-15,2024-02-28,17,Dine-in,Pizza,customer3488@example.com,3003100416
3489,Customer3489,User3489,Other,1990-07-22,2024-11-20,5,Website/App,Desserts,customer3489@example.com,3007865353
3490,Customer3490,User3490,Other,1983-05-03,2024-01-08,9,Dine-in,BBQ,customer3490@example.com,3002564246
3491,Customer3491,User3491,Male,1974-09-04,2024-02-28,18,Dine-in,BBQ,customer3491@example.com,3001162864
3492,Customer3492,User3492,Female,1975-12-23,2024-04-06,11,Dine-in,Desserts,customer3492@example.com,3001037353
3493,Customer3493,User3493,Female,1989-08-02,2024-09-12,14,Dine-in,Salads,customer3493@example.com,3005611896
3494,Customer3494,User3494,Male,1994-08-04,2024-05-22,17,Third-party Delivery,Beverages,customer3494@example.com,3004568180
3495,Customer3495,User3495,Male,1971-04-04,2024-05-26,12,Third-party Delivery,BBQ,customer3495@example.com,3006279831
3496,Customer3496,User3496,Female,1978-03-15,2024-06-22,16,Website/App,Burgers,customer3496@example.com,3008633531
3497,Customer3497,User3497,Other,1987-01-08,2024-04-28,15,Website/App,BBQ,customer3497@example.com,3009812447
3498,Customer3498,User3498,Female,1970-10-08,2024-04-20,4,Takeaway,Sandwiches,customer3498@example.com,3005847450
3499,Customer3499,User3499,Male,1981-11-13,2024-05-03,1,Third-party Delivery,Burgers,customer3499@example.com,3004760568
3500,Customer3500,User3500,Male,1997-08-12,2024-04-03,18,Dine-in,Pasta,customer3500@example.com,3009202555
3501,Customer3501,User3501,Female,1985-02-22,2024-01-03,1,Third-party Delivery,Pasta,customer3501@example.com,3005954692
3502,Customer3502,User3502,Female,1976-03-11,2024-04-13,2,Third-party Delivery,BBQ,customer3502@example.com,3001357662
3503,Customer3503,User3503,Male,1987-08-10,2024-09-13,15,Website/App,Beverages,customer3503@example.com,3007351367
3504,Customer3504,User3504,Other,2003-10-09,2024-09-09,17,Dine-in,Desserts,customer3504@example.com,3001203290
3505,Customer3505,User3505,Other,1985-07-26,2024-02-01,2,Third-party Delivery,Desserts,customer3505@example.com,3001065912
3506,Customer3506,User3506,Male,1998-08-25,2024-04-21,16,Website/App,Salads,customer3506@example.com,3006199969
3507,Customer3507,User3507,Other,1982-04-27,2024-01-15,17,Dine-in,Pizza,customer3507@example.com,3002239574
3508,Customer3508,User3508,Female,1976-10-23,2024-07-27,2,Dine-in,BBQ,customer3508@example.com,3001396379
3509,Customer3509,User3509,Male,1975-05-10,2024-05-03,12,Website/App,Salads,customer3509@example.com,3008094649
3510,Customer3510,User3510,Female,1987-04-08,2024-04-22,17,Website/App,Salads,customer3510@example.com,3007830962
3511,Customer3511,User3511,Other,1991-06-06,2024-04-19,4,Third-party Delivery,Burgers,customer3511@example.com,3004541937
3512,Customer3512,User3512,Other,1984-06-08,2024-01-25,2,Website/App,Salads,customer3512@example.com,3004021783
3513,Customer3513,User3513,Female,1995-06-07,2024-12-13,4,Third-party Delivery,Desserts,customer3513@example.com,3004948652
3514,Customer3514,User3514,Male,1999-04-19,2024-05-25,14,Takeaway,BBQ,customer3514@example.com,3009498780
3515,Customer3515,User3515,Female,1979-04-26,2024-12-26,18,Website/App,Beverages,customer3515@example.com,3007310175
3516,Customer3516,User3516,Female,1985-10-05,2024-08-22,13,Third-party Delivery,Pizza,customer3516@example.com,3005375070
3517,Customer3517,User3517,Other,1975-04-09,2024-10-07,4,Third-party Delivery,Salads,customer3517@example.com,3007551786
3518,Customer3518,User3518,Female,1972-07-01,2024-06-12,18,Dine-in,Desserts,customer3518@example.com,3004841906
3519,Customer3519,User3519,Female,1999-10-05,2024-02-23,4,Third-party Delivery,Biryani,customer3519@example.com,3006687496
3520,Customer3520,User3520,Male,1995-12-26,2024-10-18,20,Takeaway,Pasta,customer3520@example.com,3005411962
3521,Customer3521,User3521,Female,1989-07-07,2024-10-18,20,Third-party Delivery,Burgers,customer3521@example.com,3002704973
3522,Customer3522,User3522,Female,1990-06-16,2024-01-28,8,Takeaway,BBQ,customer3522@example.com,3003219965
3523,Customer3523,User3523,Female,1976-12-18,2024-07-13,19,Takeaway,Pasta,customer3523@example.com,3006404850
3524,Customer3524,User3524,Male,1973-06-01,2024-10-06,13,Dine-in,Burgers,customer3524@example.com,3001803803
3525,Customer3525,User3525,Other,1975-02-22,2024-12-02,3,Website/App,Sandwiches,customer3525@example.com,3002238151
3526,Customer3526,User3526,Female,1974-10-15,2024-04-18,9,Website/App,Salads,customer3526@example.com,3009628019
3527,Customer3527,User3527,Male,1978-02-28,2024-04-01,2,Takeaway,Rice,customer3527@example.com,3009906282
3528,Customer3528,User3528,Female,1994-10-20,2024-01-25,18,Third-party Delivery,Desserts,customer3528@example.com,3003145079
3529,Customer3529,User3529,Male,1983-02-02,2024-05-22,9,Dine-in,Desserts,customer3529@example.com,3008821602
3530,Customer3530,User3530,Other,1985-11-14,2024-06-11,14,Dine-in,Salads,customer3530@example.com,3003323692
3531,Customer3531,User3531,Male,1974-09-18,2024-03-05,1,Third-party Delivery,Rice,customer3531@example.com,3002369209
3532,Customer3532,User3532,Other,1995-05-04,2024-08-13,3,Takeaway,Burgers,customer3532@example.com,3003609539
3533,Customer3533,User3533,Male,1996-05-25,2024-02-23,14,Takeaway,Sandwiches,customer3533@example.com,3009501735
3534,Customer3534,User3534,Male,1990-11-20,2024-10-03,14,Third-party Delivery,Sandwiches,customer3534@example.com,3005595532
3535,Customer3535,User3535,Male,1985-03-08,2024-10-22,3,Takeaway,Biryani,customer3535@example.com,3006759440
3536,Customer3536,User3536,Male,2004-03-21,2024-07-26,15,Dine-in,Biryani,customer3536@example.com,3007384306
3537,Customer3537,User3537,Other,1985-08-19,2024-05-20,20,Website/App,Biryani,customer3537@example.com,3004128952
3538,Customer3538,User3538,Female,1981-10-14,2024-05-09,10,Website/App,Rice,customer3538@example.com,3008200858
3539,Customer3539,User3539,Other,2004-07-17,2024-02-28,4,Dine-in,BBQ,customer3539@example.com,3004733985
3540,Customer3540,User3540,Male,1972-07-09,2024-01-20,17,Dine-in,Pasta,customer3540@example.com,3009383275
3541,Customer3541,User3541,Female,1975-06-11,2024-12-12,20,Dine-in,Sandwiches,customer3541@example.com,3003800108
3542,Customer3542,User3542,Female,2003-08-20,2024-01-06,12,Dine-in,Biryani,customer3542@example.com,3001265271
3543,Customer3543,User3543,Other,1987-07-08,2024-08-06,4,Third-party Delivery,Biryani,customer3543@example.com,3007657819
3544,Customer3544,User3544,Female,1971-04-05,2024-04-11,17,Website/App,Pizza,customer3544@example.com,3009978954
3545,Customer3545,User3545,Male,1981-10-11,2024-06-22,20,Third-party Delivery,Desserts,customer3545@example.com,3004814778
3546,Customer3546,User3546,Other,1999-10-07,2024-10-27,12,Third-party Delivery,Salads,customer3546@example.com,3006299035
3547,Customer3547,User3547,Female,1974-10-21,2024-03-09,15,Website/App,Pizza,customer3547@example.com,3002232965
3548,Customer3548,User3548,Male,2000-11-07,2024-07-15,1,Takeaway,Beverages,customer3548@example.com,3008142002
3549,Customer3549,User3549,Male,1992-07-21,2024-08-28,14,Dine-in,Pizza,customer3549@example.com,3003689600
3550,Customer3550,User3550,Female,1988-12-28,2024-03-07,7,Dine-in,Burgers,customer3550@example.com,3001720769
3551,Customer3551,User3551,Female,1995-04-02,2024-12-17,5,Takeaway,BBQ,customer3551@example.com,3003337324
3552,Customer3552,User3552,Other,1999-04-27,2024-03-26,4,Dine-in,Desserts,customer3552@example.com,3009752714
3553,Customer3553,User3553,Other,1982-02-06,2024-11-15,8,Third-party Delivery,Pasta,customer3553@example.com,3005875593
3554,Customer3554,User3554,Other,1992-03-06,2024-01-16,5,Dine-in,Pizza,customer3554@example.com,3008536142
3555,Customer3555,User3555,Male,1988-03-18,2024-08-09,3,Third-party Delivery,Biryani,customer3555@example.com,3009221787
3556,Customer3556,User3556,Other,1997-04-21,2024-07-11,3,Takeaway,Salads,customer3556@example.com,3006490139
3557,Customer3557,User3557,Female,1991-02-22,2024-12-01,1,Website/App,Pizza,customer3557@example.com,3001542928
3558,Customer3558,User3558,Other,1977-10-10,2024-12-18,9,Takeaway,Biryani,customer3558@example.com,3008202029
3559,Customer3559,User3559,Male,1983-12-02,2024-01-07,14,Dine-in,Desserts,customer3559@example.com,3003258890
3560,Customer3560,User3560,Male,1985-06-02,2024-03-24,17,Takeaway,Burgers,customer3560@example.com,3004194393
3561,Customer3561,User3561,Other,1987-11-05,2024-11-09,7,Third-party Delivery,Pasta,customer3561@example.com,3004434487
3562,Customer3562,User3562,Other,1977-07-25,2024-10-05,18,Dine-in,Salads,customer3562@example.com,3002876652
3563,Customer3563,User3563,Female,1995-04-04,2024-07-27,14,Third-party Delivery,Beverages,customer3563@example.com,3008906186
3564,Customer3564,User3564,Other,1989-01-08,2024-04-28,1,Website/App,Pasta,customer3564@example.com,3005671585
3565,Customer3565,User3565,Female,1974-01-13,2024-02-14,13,Website/App,Salads,customer3565@example.com,3008789791
3566,Customer3566,User3566,Male,1971-11-18,2024-05-10,11,Dine-in,Pizza,customer3566@example.com,3006523023
3567,Customer3567,User3567,Other,1976-08-14,2024-05-05,19,Third-party Delivery,Biryani,customer3567@example.com,3009652418
3568,Customer3568,User3568,Male,1978-05-04,2024-02-12,1,Website/App,Burgers,customer3568@example.com,3007844188
3569,Customer3569,User3569,Other,1996-02-24,2024-12-25,7,Dine-in,Pasta,customer3569@example.com,3003725100
3570,Customer3570,User3570,Other,1991-06-06,2024-12-08,6,Takeaway,Beverages,customer3570@example.com,3001805209
3571,Customer3571,User3571,Female,2002-09-07,2024-08-21,15,Website/App,Rice,customer3571@example.com,3006869365
3572,Customer3572,User3572,Female,1973-12-28,2024-12-10,16,Third-party Delivery,Biryani,customer3572@example.com,3006701944
3573,Customer3573,User3573,Other,1982-10-12,2024-01-25,4,Dine-in,Pizza,customer3573@example.com,3006529972
3574,Customer3574,User3574,Male,1990-06-17,2024-11-14,6,Third-party Delivery,Desserts,customer3574@example.com,3003972390
3575,Customer3575,User3575,Female,1972-04-03,2024-08-09,18,Dine-in,Rice,customer3575@example.com,3001333397
3576,Customer3576,User3576,Female,1992-09-26,2024-09-01,19,Third-party Delivery,Pizza,customer3576@example.com,3008243838
3577,Customer3577,User3577,Male,1989-03-06,2024-10-08,12,Website/App,BBQ,customer3577@example.com,3007114714
3578,Customer3578,User3578,Other,1981-01-11,2024-12-26,12,Third-party Delivery,Desserts,customer3578@example.com,3006388425
3579,Customer3579,User3579,Female,2001-10-20,2024-02-04,7,Third-party Delivery,Salads,customer3579@example.com,3004749702
3580,Customer3580,User3580,Male,1989-06-15,2024-07-05,15,Website/App,Pasta,customer3580@example.com,3002746171
3581,Customer3581,User3581,Male,1994-01-18,2024-10-28,12,Third-party Delivery,Burgers,customer3581@example.com,3002829215
3582,Customer3582,User3582,Female,1980-03-04,2024-04-07,13,Third-party Delivery,Burgers,customer3582@example.com,3001130231
3583,Customer3583,User3583,Other,1982-05-15,2024-07-22,3,Takeaway,Beverages,customer3583@example.com,3009660651
3584,Customer3584,User3584,Other,1984-01-22,2024-08-09,13,Dine-in,Pizza,customer3584@example.com,3005134187
3585,Customer3585,User3585,Other,2000-10-28,2024-10-05,15,Dine-in,Pasta,customer3585@example.com,3007609338
3586,Customer3586,User3586,Male,1984-04-17,2024-11-16,18,Website/App,Biryani,customer3586@example.com,3009612818
3587,Customer3587,User3587,Female,2002-07-17,2024-11-04,18,Website/App,Rice,customer3587@example.com,3008841865
3588,Customer3588,User3588,Female,1985-01-23,2024-10-01,1,Third-party Delivery,Rice,customer3588@example.com,3009328905
3589,Customer3589,User3589,Other,1988-10-19,2024-10-28,10,Website/App,Pasta,customer3589@example.com,3008760381
3590,Customer3590,User3590,Other,1986-05-09,2024-02-28,2,Third-party Delivery,Sandwiches,customer3590@example.com,3003858105
3591,Customer3591,User3591,Other,1997-03-13,2024-11-25,11,Website/App,Rice,customer3591@example.com,3005994882
3592,Customer3592,User3592,Female,1992-10-04,2024-12-13,1,Website/App,Rice,customer3592@example.com,3006719060
3593,Customer3593,User3593,Other,2002-04-20,2024-09-11,19,Dine-in,Desserts,customer3593@example.com,3008200668
3594,Customer3594,User3594,Female,2002-06-15,2024-09-25,8,Third-party Delivery,Pasta,customer3594@example.com,3007990054
3595,Customer3595,User3595,Other,1974-07-16,2024-09-10,7,Website/App,Burgers,customer3595@example.com,3009200798
3596,Customer3596,User3596,Other,1983-01-15,2024-11-22,4,Third-party Delivery,Desserts,customer3596@example.com,3007508376
3597,Customer3597,User3597,Male,1982-06-22,2024-01-21,1,Third-party Delivery,Beverages,customer3597@example.com,3009969124
3598,Customer3598,User3598,Male,1994-10-06,2024-03-07,7,Website/App,BBQ,customer3598@example.com,3001229076
3599,Customer3599,User3599,Male,1982-07-19,2024-10-20,11,Takeaway,Beverages,customer3599@example.com,3006587327
3600,Customer3600,User3600,Other,1972-12-06,2024-04-03,5,Third-party Delivery,Pasta,customer3600@example.com,3004281077
3601,Customer3601,User3601,Male,1999-04-11,2024-12-22,11,Dine-in,BBQ,customer3601@example.com,3008557973
3602,Customer3602,User3602,Male,1986-10-23,2024-01-07,5,Takeaway,Rice,,3005493581
3603,Customer3603,User3603,Female,2001-02-10,2024-07-26,20,Website/App,Burgers,customer3603@example.com,3005077293
3604,Customer3604,User3604,Other,1992-06-12,2024-06-23,15,Dine-in,Biryani,customer3604@example.com,3001616526
3605,Customer3605,User3605,Male,1996-02-16,2024-05-03,7,Third-party Delivery,BBQ,customer3605@example.com,3005453829
3606,Customer3606,User3606,Female,1987-08-26,2024-07-04,6,Dine-in,Beverages,customer3606@example.com,3005182250
3607,Customer3607,User3607,Other,1975-11-05,2024-08-22,1,Third-party Delivery,Pasta,customer3607@example.com,3001497674
3608,Customer3608,User3608,Female,1995-02-05,2024-03-28,5,Takeaway,Burgers,customer3608@example.com,3007118277
3609,Customer3609,User3609,Female,1988-05-14,2024-09-23,12,Takeaway,Burgers,customer3609@example.com,3005306206
3610,Customer3610,User3610,Female,1993-06-26,2024-06-19,11,Dine-in,Biryani,customer3610@example.com,3007843257
3611,Customer3611,User3611,Male,1991-07-01,2024-08-16,16,Website/App,Rice,customer3611@example.com,3004893770
3612,Customer3612,User3612,Other,1978-08-14,2024-04-19,20,Dine-in,BBQ,customer3612@example.com,3007896441
3613,Customer3613,User3613,Male,1971-09-06,2024-12-24,8,Third-party Delivery,Salads,customer3613@example.com,3007325508
3614,Customer3614,User3614,Other,1979-07-19,2024-01-06,6,Takeaway,Burgers,customer3614@example.com,3008451141
3615,Customer3615,User3615,Female,1991-11-01,2024-07-04,15,Dine-in,Sandwiches,customer3615@example.com,3008754886
3616,Customer3616,User3616,Male,1974-06-22,2024-02-06,2,Dine-in,Rice,customer3616@example.com,3004502832
3617,Customer3617,User3617,Female,1989-10-02,2024-08-14,20,Third-party Delivery,Biryani,customer3617@example.com,3002921078
3618,Customer3618,User3618,Female,1981-12-03,2024-09-21,7,Takeaway,Rice,customer3618@example.com,3002217490
3619,Customer3619,User3619,Other,1980-10-13,2024-11-20,5,Dine-in,Burgers,customer3619@example.com,3006656858
3620,Customer3620,User3620,Male,1971-08-03,2024-03-06,14,Dine-in,Burgers,customer3620@example.com,3003112643
3621,Customer3621,User3621,Male,2002-04-21,2024-08-15,9,Takeaway,Desserts,customer3621@example.com,3001908336
3622,Customer3622,User3622,Female,1988-10-18,2024-06-16,18,Third-party Delivery,Biryani,customer3622@example.com,3003437617
3623,Customer3623,User3623,Male,1995-04-05,2024-03-23,17,Dine-in,Pizza,customer3623@example.com,3003808691
3624,Customer3624,User3624,Female,1973-05-09,2024-07-23,14,Website/App,Beverages,customer3624@example.com,3006436555
3625,Customer3625,User3625,Male,1987-08-14,2024-01-28,19,Third-party Delivery,Burgers,customer3625@example.com,3008156941
3626,Customer3626,User3626,Female,1998-03-23,2024-11-09,11,Takeaway,Pasta,customer3626@example.com,3008734832
3627,Customer3627,User3627,Male,1998-09-15,2024-12-09,16,Third-party Delivery,Beverages,customer3627@example.com,3009998338
3628,Customer3628,User3628,Female,1970-08-01,2024-12-23,20,Website/App,Sandwiches,customer3628@example.com,3006336503
3629,Customer3629,User3629,Female,1999-08-25,2024-01-14,3,Takeaway,Salads,customer3629@example.com,3009622635
3630,Customer3630,User3630,Other,1999-03-18,2024-05-05,13,Dine-in,Salads,customer3630@example.com,3003287252
3631,Customer3631,User3631,Other,1979-07-22,2024-12-03,13,Website/App,Pizza,customer3631@example.com,3008340817
3632,Customer3632,User3632,Male,1970-06-07,2024-08-03,17,Third-party Delivery,Burgers,customer3632@example.com,3006615147
3633,Customer3633,User3633,Female,1995-09-17,2024-01-26,7,Dine-in,Sandwiches,customer3633@example.com,3007341769
3634,Customer3634,User3634,Female,2000-10-27,2024-06-21,3,Takeaway,Desserts,customer3634@example.com,3009786173
3635,Customer3635,User3635,Male,1977-03-25,2024-05-05,18,Website/App,Rice,customer3635@example.com,3007259254
3636,Customer3636,User3636,Other,1987-02-27,2024-07-26,1,Dine-in,Salads,customer3636@example.com,3002436128
3637,Customer3637,User3637,Other,1986-09-01,2024-09-15,1,Dine-in,Desserts,customer3637@example.com,3001019707
3638,Customer3638,User3638,Other,2002-12-22,2024-07-16,4,Website/App,Biryani,customer3638@example.com,3001661183
3639,Customer3639,User3639,Female,1999-11-04,2024-12-02,16,Website/App,Burgers,customer3639@example.com,3005781192
3640,Customer3640,User3640,Male,1984-07-18,2024-10-12,15,Third-party Delivery,Desserts,customer3640@example.com,3003544537
3641,Customer3641,User3641,Other,1988-07-03,2024-11-02,11,Dine-in,Pizza,customer3641@example.com,3001586997
3642,Customer3642,User3642,Other,1970-01-22,2024-08-02,4,Third-party Delivery,Beverages,customer3642@example.com,3007075376
3643,Customer3643,User3643,Male,1981-01-12,2024-01-05,12,Website/App,Salads,customer3643@example.com,3008944940
3644,Customer3644,User3644,Male,1984-12-22,2024-10-06,2,Dine-in,Burgers,customer3644@example.com,3003888174
3645,Customer3645,User3645,Other,2000-06-20,2024-10-16,9,Third-party Delivery,Pasta,customer3645@example.com,3004859903
3646,Customer3646,User3646,Other,1997-06-20,2024-12-15,10,Website/App,Biryani,customer3646@example.com,3006814121
3647,Customer3647,User3647,Male,1994-11-22,2024-11-20,9,Takeaway,Burgers,customer3647@example.com,3005719106
3648,Customer3648,User3648,Male,1995-05-04,2024-06-25,7,Third-party Delivery,BBQ,customer3648@example.com,3001660172
3649,Customer3649,User3649,Other,1993-02-07,2024-04-15,20,Takeaway,Desserts,customer3649@example.com,3008109323
3650,Customer3650,User3650,Female,1998-07-18,2024-02-24,13,Dine-in,Beverages,customer3650@example.com,3006372578
3651,Customer3651,User3651,Female,2001-02-26,2024-08-10,20,Dine-in,Pasta,customer3651@example.com,3009740342
3652,Customer3652,User3652,Female,1995-09-17,2024-02-09,9,Dine-in,Beverages,customer3652@example.com,3001978314
3653,Customer3653,User3653,Male,1991-09-13,2024-03-10,2,Website/App,Desserts,customer3653@example.com,3005286441
3654,Customer3654,User3654,Female,1991-01-19,2024-10-19,18,Third-party Delivery,Rice,customer3654@example.com,3004064481
3655,Customer3655,User3655,Female,1993-04-11,2024-03-15,19,Dine-in,Pizza,customer3655@example.com,3002955552
3656,Customer3656,User3656,Male,1973-12-17,2024-06-26,3,Website/App,Sandwiches,customer3656@example.com,3008118419
3657,Customer3657,User3657,Other,1990-10-08,2024-03-03,8,Website/App,Salads,customer3657@example.com,3007913049
3658,Customer3658,User3658,Male,2002-11-07,2024-01-27,15,Takeaway,BBQ,customer3658@example.com,3009923353
3659,Customer3659,User3659,Male,1972-03-05,2024-11-28,14,Website/App,Biryani,customer3659@example.com,3006807691
3660,Customer3660,User3660,Other,2001-11-05,2024-01-11,11,Website/App,Beverages,customer3660@example.com,3003750882
3661,Customer3661,User3661,Other,2003-08-26,2024-09-28,4,Takeaway,Pizza,customer3661@example.com,3005729761
3662,Customer3662,User3662,Female,1986-10-24,2024-09-09,15,Website/App,Sandwiches,customer3662@example.com,3001082541
3663,Customer3663,User3663,Female,1981-10-08,2024-08-04,16,Website/App,Desserts,customer3663@example.com,3004023887
3664,Customer3664,User3664,Male,1986-07-03,2024-08-06,16,Website/App,Beverages,customer3664@example.com,3001795563
3665,Customer3665,User3665,Female,1992-03-20,2024-03-14,15,Third-party Delivery,Salads,customer3665@example.com,3009446439
3666,Customer3666,User3666,Other,1999-10-18,2024-09-15,16,Website/App,BBQ,customer3666@example.com,3005677163
3667,Customer3667,User3667,Female,2002-05-15,2024-05-03,8,Website/App,Burgers,customer3667@example.com,3002938551
3668,Customer3668,User3668,Other,1978-12-19,2024-12-07,14,Dine-in,Pasta,customer3668@example.com,3008297488
3669,Customer3669,User3669,Male,1999-06-22,2024-02-23,19,Takeaway,BBQ,customer3669@example.com,3007322945
3670,Customer3670,User3670,Male,2003-10-01,2024-02-05,9,Website/App,BBQ,customer3670@example.com,3009028183
3671,Customer3671,User3671,Other,1985-07-24,2024-11-12,14,Dine-in,Pizza,customer3671@example.com,3007042169
3672,Customer3672,User3672,Female,1995-03-23,2024-03-23,8,Dine-in,Desserts,customer3672@example.com,3001473501
3673,Customer3673,User3673,Other,1996-06-20,2024-05-17,1,Website/App,Rice,customer3673@example.com,3002713593
3674,Customer3674,User3674,Female,1972-03-23,2024-03-15,10,Takeaway,Rice,customer3674@example.com,3001886802
3675,Customer3675,User3675,Male,1998-11-06,2024-11-23,16,Dine-in,Beverages,customer3675@example.com,3007943357
3676,Customer3676,User3676,Other,1980-05-10,2024-08-28,12,Third-party Delivery,Rice,customer3676@example.com,3002050707
3677,Customer3677,User3677,Male,1978-11-03,2024-04-18,1,Third-party Delivery,Beverages,customer3677@example.com,3004120697
3678,Customer3678,User3678,Other,2001-09-25,2024-01-13,14,Dine-in,Pasta,customer3678@example.com,3006013160
3679,Customer3679,User3679,Female,2002-06-17,2024-07-13,8,Website/App,Sandwiches,customer3679@example.com,3006471108
3680,Customer3680,User3680,Other,1988-02-17,2024-01-06,18,Takeaway,Pasta,customer3680@example.com,3003340586
3681,Customer3681,User3681,Male,1980-11-17,2024-12-18,13,Third-party Delivery,Salads,customer3681@example.com,3001696315
3682,Customer3682,User3682,Female,1987-07-19,2024-12-20,17,Website/App,Biryani,customer3682@example.com,3009413799
3683,Customer3683,User3683,Male,2004-05-15,2024-01-11,5,Dine-in,Rice,customer3683@example.com,3002329467
3684,Customer3684,User3684,Other,1984-11-06,2024-10-18,18,Third-party Delivery,Pizza,customer3684@example.com,3003811643
3685,Customer3685,User3685,Male,1980-01-07,2024-07-13,17,Third-party Delivery,BBQ,customer3685@example.com,3003126948
3686,Customer3686,User3686,Female,2000-09-13,2024-03-14,18,Website/App,Biryani,,3008905394
3687,Customer3687,User3687,Male,2003-08-24,2024-07-01,8,Takeaway,Burgers,customer3687@example.com,3009486234
3688,Customer3688,User3688,Female,1998-09-08,2024-05-15,3,Dine-in,Sandwiches,customer3688@example.com,3004053398
3689,Customer3689,User3689,Other,2004-04-27,2024-04-09,12,Website/App,Desserts,customer3689@example.com,3005072130
3690,Customer3690,User3690,Female,1997-03-07,2024-11-05,15,Third-party Delivery,Burgers,customer3690@example.com,3001938428
3691,Customer3691,User3691,Female,1991-04-11,2024-09-12,19,Third-party Delivery,Rice,customer3691@example.com,3002021659
3692,Customer3692,User3692,Male,1999-04-24,2024-11-22,5,Takeaway,Beverages,customer3692@example.com,3006777920
3693,Customer3693,User3693,Female,1971-05-23,2024-03-26,9,Dine-in,Biryani,customer3693@example.com,3006554388
3694,Customer3694,User3694,Female,1991-05-14,2024-09-20,8,Third-party Delivery,Desserts,customer3694@example.com,3001648901
3695,Customer3695,User3695,Female,1976-02-14,2024-08-18,18,Dine-in,Pasta,customer3695@example.com,3008068673
3696,Customer3696,User3696,Other,1988-07-28,2024-11-15,8,Third-party Delivery,Pasta,customer3696@example.com,3007377248
3697,Customer3697,User3697,Other,1970-05-09,2024-09-22,9,Third-party Delivery,Desserts,customer3697@example.com,3004829636
3698,Customer3698,User3698,Male,1981-12-06,2024-10-28,3,Takeaway,BBQ,customer3698@example.com,3006541421
3699,Customer3699,User3699,Female,2004-08-23,2024-08-01,1,Third-party Delivery,Biryani,customer3699@example.com,3005012303
3700,Customer3700,User3700,Other,1986-06-19,2024-10-22,9,Takeaway,Sandwiches,customer3700@example.com,3005606803
3701,Customer3701,User3701,Male,2001-07-01,2024-11-18,20,Website/App,Rice,customer3701@example.com,3001992488
3702,Customer3702,User3702,Male,1978-12-02,2024-04-28,8,Dine-in,Pizza,customer3702@example.com,3005048742
3703,Customer3703,User3703,Other,2002-08-03,2024-07-05,18,Takeaway,Rice,customer3703@example.com,3006970234
3704,Customer3704,User3704,Female,1973-06-18,2024-02-02,18,Dine-in,Pizza,customer3704@example.com,3007140046
3705,Customer3705,User3705,Male,1983-08-09,2024-04-11,13,Third-party Delivery,Burgers,customer3705@example.com,3003169300
3706,Customer3706,User3706,Other,1998-08-06,2024-09-25,15,Dine-in,Pasta,customer3706@example.com,3007391642
3707,Customer3707,User3707,Female,1997-11-20,2024-06-15,19,Website/App,Pasta,customer3707@example.com,3009298638
3708,Customer3708,User3708,Female,1991-10-19,2024-06-12,1,Website/App,Pasta,customer3708@example.com,3005026372
3709,Customer3709,User3709,Other,1994-03-19,2024-12-21,3,Third-party Delivery,Pizza,customer3709@example.com,3006039246
3710,Customer3710,User3710,Other,1993-05-03,2024-09-08,20,Website/App,Biryani,customer3710@example.com,3006250306
3711,Customer3711,User3711,Male,1993-03-26,2024-01-15,17,Takeaway,Pizza,customer3711@example.com,3007616222
3712,Customer3712,User3712,Other,1990-02-28,2024-02-20,6,Dine-in,BBQ,customer3712@example.com,3007279055
3713,Customer3713,User3713,Female,1988-12-10,2024-06-05,2,Takeaway,Burgers,customer3713@example.com,3003273417
3714,Customer3714,User3714,Female,1994-10-09,2024-08-07,1,Takeaway,BBQ,customer3714@example.com,3001950991
3715,Customer3715,User3715,Male,1993-11-28,2024-04-06,3,Takeaway,BBQ,customer3715@example.com,3005793768
3716,Customer3716,User3716,Male,1981-10-07,2024-07-08,10,Dine-in,Salads,customer3716@example.com,3005202935
3717,Customer3717,User3717,Male,1981-12-03,2024-09-02,12,Takeaway,Pasta,customer3717@example.com,3009022784
3718,Customer3718,User3718,Other,1990-10-19,2024-01-23,1,Website/App,Desserts,customer3718@example.com,3005242633
3719,Customer3719,User3719,Male,1978-11-08,2024-03-11,10,Third-party Delivery,Burgers,customer3719@example.com,3002448610
3720,Customer3720,User3720,Other,1975-02-07,2024-05-24,8,Website/App,Beverages,customer3720@example.com,3007155388
3721,Customer3721,User3721,Female,1974-04-07,2024-10-25,20,Third-party Delivery,Biryani,customer3721@example.com,3008745717
3722,Customer3722,User3722,Female,2004-07-03,2024-03-16,8,Website/App,Biryani,customer3722@example.com,3002945729
3723,Customer3723,User3723,Male,1979-01-25,2024-03-20,3,Takeaway,Beverages,customer3723@example.com,3002402290
3724,Customer3724,User3724,Male,1972-02-10,2024-10-28,10,Dine-in,Biryani,customer3724@example.com,3009818817
3725,Customer3725,User3725,Other,1973-09-18,2024-11-17,3,Third-party Delivery,Sandwiches,customer3725@example.com,3006067030
3726,Customer3726,User3726,Female,1980-04-04,2024-10-04,19,Dine-in,Beverages,customer3726@example.com,3003585029
3727,Customer3727,User3727,Male,1983-04-11,2024-07-18,7,Dine-in,Desserts,customer3727@example.com,3003543500
3728,Customer3728,User3728,Male,1997-11-13,2024-08-02,10,Dine-in,Desserts,customer3728@example.com,3002427340
3729,Customer3729,User3729,Male,1983-12-18,2024-10-03,20,Dine-in,Beverages,customer3729@example.com,3009038528
3730,Customer3730,User3730,Female,1972-06-27,2024-01-04,8,Takeaway,Biryani,customer3730@example.com,3001384638
3731,Customer3731,User3731,Male,1987-05-19,2024-06-14,1,Third-party Delivery,Pizza,customer3731@example.com,3005296675
3732,Customer3732,User3732,Other,2000-07-12,2024-01-27,16,Third-party Delivery,Pasta,customer3732@example.com,3003575237
3733,Customer3733,User3733,Female,1999-03-08,2024-02-27,13,Takeaway,Pizza,customer3733@example.com,3007616496
3734,Customer3734,User3734,Male,1982-11-16,2024-11-17,3,Dine-in,Burgers,customer3734@example.com,3006292494
3735,Customer3735,User3735,Other,1998-01-07,2024-10-20,13,Takeaway,Burgers,customer3735@example.com,3008122356
3736,Customer3736,User3736,Female,1999-01-01,2024-06-20,20,Website/App,Sandwiches,customer3736@example.com,3007658917
3737,Customer3737,User3737,Female,1985-12-05,2024-04-07,15,Dine-in,Burgers,customer3737@example.com,3009273722
3738,Customer3738,User3738,Male,1990-09-27,2024-01-26,1,Third-party Delivery,Pizza,customer3738@example.com,3005602800
3739,Customer3739,User3739,Other,1973-09-14,2024-04-08,6,Takeaway,BBQ,customer3739@example.com,3004615365
3740,Customer3740,User3740,Male,1995-06-18,2024-08-10,10,Takeaway,Salads,customer3740@example.com,3003870573
3741,Customer3741,User3741,Male,1999-06-20,2024-12-01,19,Third-party Delivery,Biryani,customer3741@example.com,3003384724
3742,Customer3742,User3742,Other,1990-09-27,2024-12-05,12,Website/App,BBQ,customer3742@example.com,3006973875
3743,Customer3743,User3743,Female,1977-04-20,2024-02-19,14,Dine-in,Rice,customer3743@example.com,3006214594
3744,Customer3744,User3744,Other,1980-04-14,2024-08-18,18,Takeaway,Beverages,customer3744@example.com,3009204714
3745,Customer3745,User3745,Male,1995-10-27,2024-11-07,5,Takeaway,Beverages,customer3745@example.com,3001285111
3746,Customer3746,User3746,Male,1986-12-08,2024-07-09,15,Website/App,Beverages,customer3746@example.com,3006221085
3747,Customer3747,User3747,Female,1996-05-17,2024-07-24,16,Website/App,Pizza,customer3747@example.com,3007591681
3748,Customer3748,User3748,Male,2001-02-05,2024-01-13,8,Dine-in,Desserts,customer3748@example.com,3006585409
3749,Customer3749,User3749,Female,1980-10-15,2024-08-13,2,Dine-in,BBQ,customer3749@example.com,3007012119
3750,Customer3750,User3750,Other,1989-01-17,2024-02-04,9,Website/App,Pizza,customer3750@example.com,3007205413
3751,Customer3751,User3751,Female,1981-09-04,2024-12-10,7,Third-party Delivery,Pizza,customer3751@example.com,3002219563
3752,Customer3752,User3752,Female,2004-07-04,2024-02-10,13,Dine-in,Rice,customer3752@example.com,3007292330
3753,Customer3753,User3753,Male,1975-09-20,2024-03-13,1,Website/App,Pasta,customer3753@example.com,3006700649
3754,Customer3754,User3754,Other,1987-07-12,2024-05-06,13,Takeaway,Sandwiches,customer3754@example.com,3009498619
3755,Customer3755,User3755,Female,1984-08-15,2024-02-09,1,Takeaway,BBQ,customer3755@example.com,3005574998
3756,Customer3756,User3756,Other,1990-05-11,2024-10-12,14,Third-party Delivery,Burgers,customer3756@example.com,3001148758
3757,Customer3757,User3757,Male,1970-02-03,2024-10-14,5,Takeaway,Desserts,customer3757@example.com,3003513827
3758,Customer3758,User3758,Male,2003-07-26,2024-10-16,9,Takeaway,Pizza,customer3758@example.com,3008466209
3759,Customer3759,User3759,Other,1983-07-26,2024-09-08,18,Website/App,Burgers,customer3759@example.com,3006449979
3760,Customer3760,User3760,Other,1998-01-26,2024-10-07,9,Dine-in,Salads,customer3760@example.com,3002426628
3761,Customer3761,User3761,Female,1993-01-18,2024-02-03,7,Third-party Delivery,BBQ,customer3761@example.com,3001323137
3762,Customer3762,User3762,Male,1987-09-21,2024-05-18,9,Takeaway,Desserts,,3008774529
3763,Customer3763,User3763,Male,1970-12-14,2024-03-26,16,Website/App,Salads,customer3763@example.com,3006626809
3764,Customer3764,User3764,Other,1977-05-26,2024-03-20,12,Website/App,BBQ,customer3764@example.com,3007496103
3765,Customer3765,User3765,Female,1991-05-05,2024-02-24,16,Website/App,Sandwiches,customer3765@example.com,3003188262
3766,Customer3766,User3766,Female,1991-03-17,2024-01-01,4,Third-party Delivery,Pizza,customer3766@example.com,3008496547
3767,Customer3767,User3767,Male,1987-05-15,2024-10-22,10,Website/App,Salads,customer3767@example.com,3004089097
3768,Customer3768,User3768,Male,1990-11-04,2024-07-23,7,Takeaway,Biryani,customer3768@example.com,3008089424
3769,Customer3769,User3769,Female,2002-10-16,2024-12-03,2,Dine-in,Pizza,customer3769@example.com,3008465123
3770,Customer3770,User3770,Male,1999-09-04,2024-03-22,20,Website/App,Pasta,customer3770@example.com,3008524104
3771,Customer3771,User3771,Female,1974-12-24,2024-04-02,9,Website/App,Beverages,customer3771@example.com,3005728518
3772,Customer3772,User3772,Male,1988-03-21,2024-12-21,8,Website/App,Pasta,customer3772@example.com,3003512415
3773,Customer3773,User3773,Other,1982-11-07,2024-08-06,18,Third-party Delivery,Pasta,customer3773@example.com,3007801205
3774,Customer3774,User3774,Other,2001-10-18,2024-02-22,7,Dine-in,Biryani,customer3774@example.com,3007955095
3775,Customer3775,User3775,Female,1994-05-21,2024-08-23,16,Dine-in,Pizza,customer3775@example.com,3006731958
3776,Customer3776,User3776,Other,1978-12-24,2024-02-27,17,Third-party Delivery,Burgers,customer3776@example.com,3009753354
3777,Customer3777,User3777,Other,1987-02-24,2024-01-16,19,Dine-in,Pizza,customer3777@example.com,3007988077
3778,Customer3778,User3778,Male,1974-05-13,2024-05-09,13,Dine-in,Pizza,customer3778@example.com,3009469764
3779,Customer3779,User3779,Male,1973-10-15,2024-06-26,10,Takeaway,BBQ,customer3779@example.com,3009211989
3780,Customer3780,User3780,Male,2003-09-28,2024-11-25,11,Takeaway,Rice,customer3780@example.com,3009338975
3781,Customer3781,User3781,Other,2000-05-18,2024-11-27,16,Third-party Delivery,Burgers,customer3781@example.com,3001948015
3782,Customer3782,User3782,Female,1977-11-05,2024-06-08,6,Website/App,Pizza,customer3782@example.com,3003631072
3783,Customer3783,User3783,Male,1971-09-06,2024-03-13,16,Dine-in,Salads,customer3783@example.com,3007863551
3784,Customer3784,User3784,Other,1995-07-24,2024-01-05,18,Third-party Delivery,Pasta,customer3784@example.com,3004410278
3785,Customer3785,User3785,Other,1983-10-21,2024-06-15,3,Third-party Delivery,BBQ,customer3785@example.com,3007753014
3786,Customer3786,User3786,Other,2003-03-04,2024-12-01,1,Takeaway,Desserts,customer3786@example.com,3001161501
3787,Customer3787,User3787,Other,1971-08-02,2024-04-16,17,Dine-in,Beverages,customer3787@example.com,3009591879
3788,Customer3788,User3788,Other,1996-12-23,2024-07-25,19,Takeaway,Biryani,customer3788@example.com,3001613785
3789,Customer3789,User3789,Female,1972-10-17,2024-04-09,17,Website/App,Salads,customer3789@example.com,3003592928
3790,Customer3790,User3790,Other,1997-08-24,2024-05-18,15,Third-party Delivery,Biryani,customer3790@example.com,3007876072
3791,Customer3791,User3791,Female,1973-08-26,2024-05-22,9,Website/App,Sandwiches,customer3791@example.com,3006312708
3792,Customer3792,User3792,Female,1978-07-16,2024-07-12,9,Dine-in,Salads,customer3792@example.com,3009553548
3793,Customer3793,User3793,Male,2002-02-15,2024-10-09,16,Third-party Delivery,Salads,customer3793@example.com,3006872444
3794,Customer3794,User3794,Male,1972-04-10,2024-06-25,5,Takeaway,Burgers,customer3794@example.com,3004118928
3795,Customer3795,User3795,Female,1981-07-20,2024-04-02,7,Takeaway,Sandwiches,customer3795@example.com,3005289751
3796,Customer3796,User3796,Female,1980-06-15,2024-04-08,1,Dine-in,Desserts,customer3796@example.com,3005327018
3797,Customer3797,User3797,Male,1994-04-11,2024-02-14,17,Website/App,Biryani,customer3797@example.com,3003491173
3798,Customer3798,User3798,Female,1999-07-24,2024-08-12,4,Takeaway,Pasta,customer3798@example.com,3004357216
3799,Customer3799,User3799,Female,1971-01-24,2024-06-27,7,Third-party Delivery,Sandwiches,customer3799@example.com,3004504190
3800,Customer3800,User3800,Male,1978-08-14,2024-04-07,9,Takeaway,Biryani,customer3800@example.com,3009938736
3801,Customer3801,User3801,Female,1995-03-25,2024-09-08,15,Takeaway,Rice,customer3801@example.com,3009343182
3802,Customer3802,User3802,Other,1981-03-11,2024-10-07,4,Dine-in,Rice,customer3802@example.com,3004849159
3803,Customer3803,User3803,Other,2000-12-23,2024-12-02,1,Website/App,Biryani,customer3803@example.com,3004483223
3804,Customer3804,User3804,Female,1972-04-24,2024-08-01,9,Takeaway,Rice,customer3804@example.com,3004912808
3805,Customer3805,User3805,Male,1977-11-21,2024-09-26,17,Takeaway,Beverages,customer3805@example.com,3005713236
3806,Customer3806,User3806,Female,1995-11-25,2024-02-05,12,Third-party Delivery,Beverages,customer3806@example.com,3001212086
3807,Customer3807,User3807,Female,1999-04-15,2024-02-19,17,Website/App,Pizza,customer3807@example.com,3009011431
3808,Customer3808,User3808,Female,1994-09-01,2024-11-21,13,Website/App,Pasta,customer3808@example.com,3006981786
3809,Customer3809,User3809,Female,1989-12-27,2024-12-05,4,Website/App,Desserts,customer3809@example.com,3004732223
3810,Customer3810,User3810,Female,1980-07-10,2024-01-11,7,Takeaway,Desserts,customer3810@example.com,3004325563
3811,Customer3811,User3811,Other,1997-09-17,2024-06-20,7,Website/App,Biryani,customer3811@example.com,3009827718
3812,Customer3812,User3812,Other,1983-11-26,2024-10-02,8,Third-party Delivery,Salads,customer3812@example.com,3008864304
3813,Customer3813,User3813,Other,2003-04-22,2024-04-03,12,Dine-in,Rice,customer3813@example.com,3003767919
3814,Customer3814,User3814,Male,2002-06-25,2024-10-27,14,Website/App,Pasta,customer3814@example.com,3002353874
3815,Customer3815,User3815,Other,1971-03-11,2024-01-13,14,Third-party Delivery,Beverages,customer3815@example.com,3007791186
3816,Customer3816,User3816,Other,1972-07-21,2024-08-08,10,Third-party Delivery,Sandwiches,customer3816@example.com,3008902593
3817,Customer3817,User3817,Male,1989-10-19,2024-11-18,14,Takeaway,Biryani,customer3817@example.com,3007012532
3818,Customer3818,User3818,Other,1975-12-01,2024-04-17,11,Takeaway,BBQ,customer3818@example.com,3003460150
3819,Customer3819,User3819,Female,1994-03-05,2024-02-11,12,Third-party Delivery,Rice,customer3819@example.com,3008411607
3820,Customer3820,User3820,Female,1983-10-22,2024-07-08,20,Website/App,Salads,customer3820@example.com,3006650849
3821,Customer3821,User3821,Other,1988-01-07,2024-09-19,12,Website/App,BBQ,customer3821@example.com,3007958486
3822,Customer3822,User3822,Female,1997-11-21,2024-06-07,3,Third-party Delivery,Burgers,customer3822@example.com,3009615900
3823,Customer3823,User3823,Female,1983-01-02,2024-03-24,3,Dine-in,Biryani,customer3823@example.com,3008847422
3824,Customer3824,User3824,Male,1994-11-13,2024-04-22,6,Website/App,Sandwiches,customer3824@example.com,3008737724
3825,Customer3825,User3825,Male,1981-03-24,2024-04-10,17,Third-party Delivery,BBQ,customer3825@example.com,3004587423
3826,Customer3826,User3826,Other,1974-07-22,2024-07-01,4,Dine-in,Burgers,customer3826@example.com,3001174089
3827,Customer3827,User3827,Female,2003-07-13,2024-12-24,1,Third-party Delivery,Rice,customer3827@example.com,3003587917
3828,Customer3828,User3828,Female,1989-05-25,2024-08-25,18,Takeaway,Desserts,customer3828@example.com,3009625133
3829,Customer3829,User3829,Female,1993-11-09,2024-02-16,14,Dine-in,Salads,customer3829@example.com,3001389380
3830,Customer3830,User3830,Other,1982-08-04,2024-07-10,12,Dine-in,Burgers,customer3830@example.com,3005790971
3831,Customer3831,User3831,Female,2001-04-23,2024-05-14,14,Website/App,BBQ,customer3831@example.com,3009283877
3832,Customer3832,User3832,Male,1984-09-15,2024-09-02,11,Takeaway,Beverages,customer3832@example.com,3001503223
3833,Customer3833,User3833,Other,1991-07-14,2024-06-03,18,Takeaway,Desserts,customer3833@example.com,3006082538
3834,Customer3834,User3834,Other,1998-08-03,2024-10-17,18,Takeaway,Desserts,customer3834@example.com,3005587543
3835,Customer3835,User3835,Male,1986-06-02,2024-10-27,13,Website/App,Salads,customer3835@example.com,3004595723
3836,Customer3836,User3836,Other,1972-07-06,2024-12-11,2,Takeaway,Rice,customer3836@example.com,3001756296
3837,Customer3837,User3837,Other,1994-05-13,2024-10-21,6,Website/App,Rice,customer3837@example.com,3006002466
3838,Customer3838,User3838,Male,1992-05-17,2024-07-20,11,Takeaway,Pizza,customer3838@example.com,3004131713
3839,Customer3839,User3839,Male,1992-07-02,2024-04-17,15,Dine-in,Burgers,customer3839@example.com,3009742825
3840,Customer3840,User3840,Other,1972-04-11,2024-05-14,20,Website/App,Sandwiches,customer3840@example.com,3008166665
3841,Customer3841,User3841,Male,1989-10-26,2024-01-07,16,Third-party Delivery,BBQ,customer3841@example.com,3008403720
3842,Customer3842,User3842,Female,1999-07-24,2024-10-04,3,Third-party Delivery,Pizza,customer3842@example.com,3004124969
3843,Customer3843,User3843,Male,1977-06-02,2024-04-24,19,Third-party Delivery,Pasta,customer3843@example.com,3006891283
3844,Customer3844,User3844,Other,1996-12-17,2024-12-23,3,Dine-in,Burgers,customer3844@example.com,3006078428
3845,Customer3845,User3845,Male,1990-09-20,2024-04-07,7,Website/App,Biryani,customer3845@example.com,3007979051
3846,Customer3846,User3846,Other,1995-01-04,2024-04-17,11,Website/App,Burgers,customer3846@example.com,3001434732
3847,Customer3847,User3847,Male,1991-08-07,2024-09-01,4,Dine-in,Pizza,customer3847@example.com,3004093038
3848,Customer3848,User3848,Female,1992-08-04,2024-09-03,12,Dine-in,Sandwiches,customer3848@example.com,3002520290
3849,Customer3849,User3849,Other,1988-10-19,2024-10-04,7,Third-party Delivery,Pasta,customer3849@example.com,3001607033
3850,Customer3850,User3850,Female,1991-02-19,2024-02-22,19,Takeaway,Salads,customer3850@example.com,3007908592
3851,Customer3851,User3851,Other,1998-02-17,2024-07-26,16,Dine-in,Desserts,customer3851@example.com,3001130641
3852,Customer3852,User3852,Other,1970-11-10,2024-10-05,20,Takeaway,Biryani,customer3852@example.com,3007134426
3853,Customer3853,User3853,Male,2001-12-04,2024-10-14,3,Takeaway,Salads,customer3853@example.com,3004691041
3854,Customer3854,User3854,Male,1978-02-25,2024-04-09,19,Website/App,Biryani,customer3854@example.com,3003261050
3855,Customer3855,User3855,Male,1986-01-22,2024-01-27,7,Third-party Delivery,Pizza,customer3855@example.com,3008905166
3856,Customer3856,User3856,Female,1993-09-18,2024-06-13,5,Third-party Delivery,BBQ,customer3856@example.com,3001115847
3857,Customer3857,User3857,Female,1995-02-03,2024-12-06,14,Takeaway,Burgers,customer3857@example.com,3004851254
3858,Customer3858,User3858,Male,1994-10-27,2024-06-03,14,Website/App,Desserts,customer3858@example.com,3002565354
3859,Customer3859,User3859,Male,1977-02-18,2024-07-02,3,Dine-in,Pizza,customer3859@example.com,3003210560
3860,Customer3860,User3860,Other,1984-11-20,2024-10-08,7,Dine-in,Biryani,customer3860@example.com,3006444980
3861,Customer3861,User3861,Female,2002-08-19,2024-12-05,2,Third-party Delivery,Biryani,customer3861@example.com,3004710478
3862,Customer3862,User3862,Male,1988-11-11,2024-10-14,18,Dine-in,Burgers,customer3862@example.com,3007491156
3863,Customer3863,User3863,Other,1976-10-25,2024-07-28,18,Dine-in,BBQ,customer3863@example.com,3007028224
3864,Customer3864,User3864,Male,1992-03-03,2024-02-05,2,Takeaway,Sandwiches,customer3864@example.com,3001098746
3865,Customer3865,User3865,Other,1977-07-26,2024-05-25,4,Dine-in,BBQ,customer3865@example.com,3005280015
3866,Customer3866,User3866,Other,1996-01-18,2024-12-03,20,Third-party Delivery,Pizza,customer3866@example.com,3005305945
3867,Customer3867,User3867,Male,1985-05-14,2024-10-11,9,Website/App,Salads,customer3867@example.com,3006912239
3868,Customer3868,User3868,Male,1995-01-19,2024-11-26,11,Dine-in,Sandwiches,customer3868@example.com,3003209608
3869,Customer3869,User3869,Other,1999-05-11,2024-07-14,20,Takeaway,Salads,customer3869@example.com,3006844967
3870,Customer3870,User3870,Other,1972-08-09,2024-03-20,9,Dine-in,BBQ,customer3870@example.com,3003400403
3871,Customer3871,User3871,Other,1971-05-20,2024-06-15,15,Third-party Delivery,Biryani,customer3871@example.com,3006304889
3872,Customer3872,User3872,Male,2004-05-15,2024-07-25,13,Dine-in,Salads,customer3872@example.com,3006794791
3873,Customer3873,User3873,Male,1972-02-13,2024-05-16,5,Third-party Delivery,Pizza,customer3873@example.com,3008875446
3874,Customer3874,User3874,Female,1994-09-11,2024-10-01,5,Third-party Delivery,Biryani,customer3874@example.com,3008482476
3875,Customer3875,User3875,Female,1975-02-25,2024-07-13,5,Third-party Delivery,Sandwiches,customer3875@example.com,3001132170
3876,Customer3876,User3876,Male,1989-10-17,2024-03-09,13,Third-party Delivery,Desserts,customer3876@example.com,3001771295
3877,Customer3877,User3877,Male,1995-06-13,2024-03-27,16,Third-party Delivery,BBQ,customer3877@example.com,3001751706
3878,Customer3878,User3878,Male,1974-06-27,2024-08-05,7,Dine-in,Biryani,customer3878@example.com,3006407118
3879,Customer3879,User3879,Male,1987-03-07,2024-06-05,11,Third-party Delivery,Burgers,customer3879@example.com,3001011537
3880,Customer3880,User3880,Other,1990-12-27,2024-09-27,20,Website/App,Salads,customer3880@example.com,3007551149
3881,Customer3881,User3881,Male,1998-03-04,2024-06-28,2,Website/App,Biryani,customer3881@example.com,3001138490
3882,Customer3882,User3882,Other,1993-12-08,2024-06-07,3,Takeaway,Pizza,customer3882@example.com,3009640862
3883,Customer3883,User3883,Female,1993-07-01,2024-06-20,20,Takeaway,BBQ,customer3883@example.com,3003506745
3884,Customer3884,User3884,Male,1979-03-24,2024-12-23,4,Dine-in,Salads,customer3884@example.com,3002429375
3885,Customer3885,User3885,Male,1987-05-24,2024-04-24,4,Website/App,Pizza,customer3885@example.com,3005715025
3886,Customer3886,User3886,Male,2004-08-17,2024-04-09,7,Third-party Delivery,Desserts,customer3886@example.com,3003535547
3887,Customer3887,User3887,Other,1989-01-25,2024-03-04,4,Third-party Delivery,Beverages,customer3887@example.com,3003470821
3888,Customer3888,User3888,Male,1975-04-16,2024-10-19,17,Dine-in,Beverages,customer3888@example.com,3002829543
3889,Customer3889,User3889,Other,1970-01-26,2024-11-19,13,Takeaway,BBQ,customer3889@example.com,3003728392
3890,Customer3890,User3890,Female,1992-08-17,2024-10-25,14,Takeaway,Pasta,customer3890@example.com,3007067008
3891,Customer3891,User3891,Other,2000-08-10,2024-06-28,5,Third-party Delivery,Rice,customer3891@example.com,3006041682
3892,Customer3892,User3892,Other,2003-09-05,2024-04-24,16,Takeaway,Pasta,customer3892@example.com,3006214633
3893,Customer3893,User3893,Female,1981-03-21,2024-06-07,11,Dine-in,Pizza,customer3893@example.com,3008817194
3894,Customer3894,User3894,Other,1981-09-01,2024-06-02,8,Website/App,Pasta,customer3894@example.com,3007132464
3895,Customer3895,User3895,Male,2003-03-17,2024-08-06,1,Website/App,Desserts,customer3895@example.com,3007655691
3896,Customer3896,User3896,Female,1997-07-13,2024-12-02,18,Takeaway,Beverages,customer3896@example.com,3009307136
3897,Customer3897,User3897,Female,1990-12-23,2024-09-15,3,Takeaway,Burgers,customer3897@example.com,3008929550
3898,Customer3898,User3898,Female,1983-02-22,2024-04-23,13,Website/App,Salads,customer3898@example.com,3004180661
3899,Customer3899,User3899,Male,1993-12-05,2024-07-05,4,Dine-in,Desserts,customer3899@example.com,3005958242
3900,Customer3900,User3900,Other,1975-05-26,2024-05-08,1,Dine-in,Burgers,customer3900@example.com,3007504354
3901,Customer3901,User3901,Male,1987-05-12,2024-03-19,20,Third-party Delivery,BBQ,customer3901@example.com,3006914425
3902,Customer3902,User3902,Other,1999-05-09,2024-04-07,3,Third-party Delivery,Pizza,customer3902@example.com,3003054904
3903,Customer3903,User3903,Other,1993-04-08,2024-04-09,19,Third-party Delivery,Biryani,customer3903@example.com,3008250039
3904,Customer3904,User3904,Other,1999-01-03,2024-01-25,2,Takeaway,BBQ,customer3904@example.com,3004796459
3905,Customer3905,User3905,Female,1989-10-20,2024-08-12,18,Website/App,Beverages,customer3905@example.com,3007934958
3906,Customer3906,User3906,Other,1974-12-17,2024-09-17,3,Third-party Delivery,Beverages,customer3906@example.com,3007769118
3907,Customer3907,User3907,Male,1978-02-12,2024-10-19,5,Third-party Delivery,Salads,customer3907@example.com,3005280320
3908,Customer3908,User3908,Male,1999-07-08,2024-09-05,16,Website/App,Salads,customer3908@example.com,3001755582
3909,Customer3909,User3909,Male,1983-02-06,2024-03-06,8,Website/App,BBQ,customer3909@example.com,3001687148
3910,Customer3910,User3910,Female,1970-05-15,2024-04-22,4,Website/App,Beverages,customer3910@example.com,3004663192
3911,Customer3911,User3911,Female,1999-05-15,2024-08-24,16,Website/App,Burgers,customer3911@example.com,3008701456
3912,Customer3912,User3912,Male,1984-07-13,2024-07-28,12,Third-party Delivery,Burgers,customer3912@example.com,3001062609
3913,Customer3913,User3913,Other,1998-07-23,2024-03-06,18,Takeaway,Pizza,customer3913@example.com,3004036431
3914,Customer3914,User3914,Other,2004-03-04,2024-10-27,7,Third-party Delivery,Beverages,customer3914@example.com,3003768794
3915,Customer3915,User3915,Female,1986-08-05,2024-07-09,7,Takeaway,Rice,customer3915@example.com,3001186116
3916,Customer3916,User3916,Female,1993-11-19,2024-07-19,6,Dine-in,Sandwiches,customer3916@example.com,3007725762
3917,Customer3917,User3917,Other,1995-01-09,2024-09-12,8,Dine-in,Biryani,customer3917@example.com,3004395449
3918,Customer3918,User3918,Female,1986-04-11,2024-09-26,9,Dine-in,Pizza,customer3918@example.com,3009738492
3919,Customer3919,User3919,Other,1989-07-12,2024-02-05,9,Takeaway,Pizza,customer3919@example.com,3001488037
3920,Customer3920,User3920,Female,1985-08-18,2024-11-03,16,Dine-in,BBQ,customer3920@example.com,3004783677
3921,Customer3921,User3921,Female,1986-11-17,2024-02-03,14,Website/App,Salads,customer3921@example.com,3006865529
3922,Customer3922,User3922,Female,1993-10-09,2024-03-03,20,Takeaway,Desserts,customer3922@example.com,3004310707
3923,Customer3923,User3923,Male,1983-07-07,2024-12-13,11,Third-party Delivery,Biryani,customer3923@example.com,3009201729
3924,Customer3924,User3924,Female,1999-07-17,2024-08-16,16,Website/App,Salads,customer3924@example.com,3004516499
3925,Customer3925,User3925,Female,1997-02-07,2024-05-03,16,Website/App,Salads,customer3925@example.com,3002224296
3926,Customer3926,User3926,Other,1992-04-25,2024-09-01,18,Website/App,Biryani,customer3926@example.com,3008253680
3927,Customer3927,User3927,Female,1978-04-07,2024-10-20,1,Third-party Delivery,Sandwiches,customer3927@example.com,3002929069
3928,Customer3928,User3928,Female,1971-01-04,2024-02-03,8,Dine-in,Pasta,customer3928@example.com,3006166514
3929,Customer3929,User3929,Other,1970-05-10,2024-03-24,7,Third-party Delivery,BBQ,customer3929@example.com,3009378396
3930,Customer3930,User3930,Other,1980-02-09,2024-10-20,1,Dine-in,Burgers,customer3930@example.com,3009800899
3931,Customer3931,User3931,Female,1976-07-25,2024-05-27,15,Dine-in,BBQ,customer3931@example.com,3002502609
3932,Customer3932,User3932,Female,2000-04-17,2024-11-01,13,Third-party Delivery,Salads,customer3932@example.com,3007390274
3933,Customer3933,User3933,Female,1984-07-15,2024-03-02,19,Third-party Delivery,Pizza,customer3933@example.com,3001755889
3934,Customer3934,User3934,Male,1982-08-06,2024-07-10,8,Takeaway,Burgers,customer3934@example.com,3007104111
3935,Customer3935,User3935,Other,1994-10-19,2024-08-06,9,Website/App,Salads,customer3935@example.com,3008868052
3936,Customer3936,User3936,Male,1993-06-22,2024-08-20,7,Takeaway,Desserts,customer3936@example.com,3008833367
3937,Customer3937,User3937,Male,1977-02-22,2024-06-10,20,Dine-in,Desserts,customer3937@example.com,3009374137
3938,Customer3938,User3938,Male,1981-12-27,2024-07-01,19,Third-party Delivery,Beverages,customer3938@example.com,3006709818
3939,Customer3939,User3939,Female,2002-09-23,2024-09-28,18,Third-party Delivery,Pizza,customer3939@example.com,3001586085
3940,Customer3940,User3940,Other,1991-11-20,2024-08-07,12,Third-party Delivery,Desserts,,3005921478
3941,Customer3941,User3941,Male,1982-07-09,2024-05-16,2,Takeaway,Sandwiches,customer3941@example.com,3004368270
3942,Customer3942,User3942,Male,2001-07-27,2024-08-22,14,Website/App,Salads,customer3942@example.com,3007605325
3943,Customer3943,User3943,Female,1991-09-15,2024-11-24,13,Third-party Delivery,Salads,customer3943@example.com,3005350046
3944,Customer3944,User3944,Other,1986-08-24,2024-02-12,12,Takeaway,BBQ,customer3944@example.com,3008438219
3945,Customer3945,User3945,Female,1990-11-02,2024-12-21,5,Website/App,Burgers,customer3945@example.com,3007116047
3946,Customer3946,User3946,Male,1998-08-06,2024-10-21,1,Website/App,Beverages,customer3946@example.com,3007683435
3947,Customer3947,User3947,Female,1984-11-20,2024-05-11,1,Takeaway,Desserts,customer3947@example.com,3006861919
3948,Customer3948,User3948,Female,1972-08-17,2024-01-12,8,Takeaway,Rice,customer3948@example.com,3009953630
3949,Customer3949,User3949,Female,1995-10-07,2024-03-24,20,Dine-in,Rice,customer3949@example.com,3007829698
3950,Customer3950,User3950,Other,1994-05-24,2024-09-02,9,Dine-in,Desserts,customer3950@example.com,3004714659
3951,Customer3951,User3951,Female,1983-01-26,2024-05-03,12,Dine-in,Sandwiches,customer3951@example.com,3004664536
3952,Customer3952,User3952,Male,1986-01-11,2024-02-02,5,Third-party Delivery,Pasta,customer3952@example.com,3009665856
3953,Customer3953,User3953,Male,2004-08-21,2024-10-14,7,Takeaway,BBQ,customer3953@example.com,3007619755
3954,Customer3954,User3954,Female,1987-11-14,2024-05-23,13,Third-party Delivery,Burgers,customer3954@example.com,3005154710
3955,Customer3955,User3955,Male,1978-08-07,2024-10-20,16,Website/App,Pizza,customer3955@example.com,3006631680
3956,Customer3956,User3956,Other,1979-01-23,2024-10-10,3,Dine-in,Pizza,customer3956@example.com,3001354809
3957,Customer3957,User3957,Male,2001-07-02,2024-08-26,18,Dine-in,Salads,customer3957@example.com,3006501214
3958,Customer3958,User3958,Male,1995-05-17,2024-05-19,15,Third-party Delivery,Salads,customer3958@example.com,3008874095
3959,Customer3959,User3959,Male,2003-04-08,2024-01-14,3,Website/App,BBQ,customer3959@example.com,3004606478
3960,Customer3960,User3960,Female,1998-11-12,2024-05-23,16,Takeaway,Pasta,customer3960@example.com,3001384649
3961,Customer3961,User3961,Female,1981-07-02,2024-03-25,15,Dine-in,Sandwiches,customer3961@example.com,3009855976
3962,Customer3962,User3962,Female,1991-07-25,2024-08-02,16,Dine-in,Beverages,customer3962@example.com,3003009073
3963,Customer3963,User3963,Male,1981-04-24,2024-07-04,7,Dine-in,Biryani,customer3963@example.com,3004147460
3964,Customer3964,User3964,Female,1999-05-12,2024-10-21,19,Website/App,Pizza,customer3964@example.com,3004474585
3965,Customer3965,User3965,Male,2001-07-17,2024-08-01,11,Dine-in,Desserts,customer3965@example.com,3002109614
3966,Customer3966,User3966,Male,1995-11-12,2024-02-01,14,Website/App,Burgers,customer3966@example.com,3009320794
3967,Customer3967,User3967,Male,1999-09-07,2024-09-22,10,Third-party Delivery,Beverages,customer3967@example.com,3005511470
3968,Customer3968,User3968,Other,1982-01-08,2024-05-17,12,Third-party Delivery,Rice,customer3968@example.com,3008262177
3969,Customer3969,User3969,Female,1988-12-22,2024-01-28,10,Website/App,Salads,customer3969@example.com,3003169230
3970,Customer3970,User3970,Female,1981-09-02,2024-10-01,7,Dine-in,Desserts,customer3970@example.com,3009490111
3971,Customer3971,User3971,Male,1994-05-08,2024-12-03,14,Third-party Delivery,Beverages,customer3971@example.com,3006463031
3972,Customer3972,User3972,Other,2002-05-09,2024-05-02,18,Website/App,Salads,customer3972@example.com,3004617370
3973,Customer3973,User3973,Male,1982-03-21,2024-01-15,12,Third-party Delivery,Burgers,customer3973@example.com,3006742471
3974,Customer3974,User3974,Male,1997-10-20,2024-01-04,12,Takeaway,Rice,customer3974@example.com,3001633577
3975,Customer3975,User3975,Male,1995-07-07,2024-04-01,20,Takeaway,Rice,customer3975@example.com,3007009874
3976,Customer3976,User3976,Female,1992-05-01,2024-04-01,15,Dine-in,Pasta,customer3976@example.com,3005616729
3977,Customer3977,User3977,Male,1981-11-15,2024-04-06,1,Dine-in,Biryani,customer3977@example.com,3006994207
3978,Customer3978,User3978,Male,1975-09-11,2024-01-01,10,Takeaway,Rice,customer3978@example.com,3002315100
3979,Customer3979,User3979,Other,2004-03-23,2024-01-25,13,Takeaway,Burgers,customer3979@example.com,3006049211
3980,Customer3980,User3980,Other,1977-12-02,2024-10-08,2,Website/App,BBQ,customer3980@example.com,3009903444
3981,Customer3981,User3981,Female,1998-04-17,2024-06-15,16,Third-party Delivery,Rice,customer3981@example.com,3009815340
3982,Customer3982,User3982,Other,1979-05-27,2024-12-11,11,Takeaway,Beverages,customer3982@example.com,3002761238
3983,Customer3983,User3983,Female,1975-09-06,2024-08-05,7,Takeaway,Sandwiches,customer3983@example.com,3005605141
3984,Customer3984,User3984,Male,1992-02-17,2024-06-06,12,Website/App,Desserts,customer3984@example.com,3008026343
3985,Customer3985,User3985,Other,2003-11-24,2024-02-11,11,Dine-in,Rice,customer3985@example.com,3001899889
3986,Customer3986,User3986,Other,1977-10-14,2024-12-24,20,Website/App,BBQ,customer3986@example.com,3005392305
3987,Customer3987,User3987,Other,2002-08-13,2024-02-22,11,Dine-in,BBQ,customer3987@example.com,3009598302
3988,Customer3988,User3988,Other,1988-10-24,2024-02-23,11,Dine-in,Beverages,customer3988@example.com,3003285565
3989,Customer3989,User3989,Other,1986-05-14,2024-12-10,2,Takeaway,Pasta,customer3989@example.com,3001448994
3990,Customer3990,User3990,Female,1996-10-12,2024-06-26,12,Takeaway,Pasta,customer3990@example.com,3006580794
3991,Customer3991,User3991,Other,2002-02-28,2024-01-17,5,Takeaway,Desserts,customer3991@example.com,3008359146
3992,Customer3992,User3992,Female,1989-08-25,2024-08-21,16,Third-party Delivery,BBQ,customer3992@example.com,3007242867
3993,Customer3993,User3993,Other,1981-06-10,2024-12-04,5,Takeaway,Beverages,customer3993@example.com,3008505746
3994,Customer3994,User3994,Male,1988-12-19,2024-04-16,20,Third-party Delivery,Salads,customer3994@example.com,3001646551
3995,Customer3995,User3995,Male,2001-01-23,2024-05-28,11,Website/App,Salads,customer3995@example.com,3005768227
3996,Customer3996,User3996,Other,1989-10-23,2024-12-14,15,Website/App,Pizza,customer3996@example.com,3008321189
3997,Customer3997,User3997,Female,1978-04-22,2024-10-11,14,Third-party Delivery,Pizza,customer3997@example.com,3003584329
3998,Customer3998,User3998,Female,1993-10-08,2024-06-01,6,Third-party Delivery,Sandwiches,customer3998@example.com,3008495246
3999,Customer3999,User3999,Female,1971-07-10,2024-02-26,5,Takeaway,Desserts,customer3999@example.com,3003475063
4000,Customer4000,User4000,Other,2000-07-12,2024-04-26,3,Website/App,Pasta,customer4000@example.com,3002898773
4001,Customer4001,User4001,Other,1982-05-04,2024-08-21,2,Dine-in,Pasta,customer4001@example.com,3005746570
4002,Customer4002,User4002,Female,1991-09-08,2024-05-12,12,Website/App,Pasta,customer4002@example.com,3008300462
4003,Customer4003,User4003,Male,1977-07-18,2024-11-07,7,Website/App,Desserts,customer4003@example.com,3007956040
4004,Customer4004,User4004,Female,2002-01-18,2024-10-12,1,Website/App,Salads,customer4004@example.com,3002537762
4005,Customer4005,User4005,Male,2002-07-25,2024-12-02,10,Takeaway,Pizza,customer4005@example.com,3008946517
4006,Customer4006,User4006,Male,1993-06-22,2024-08-18,11,Takeaway,Pizza,customer4006@example.com,3008663691
4007,Customer4007,User4007,Other,1984-04-13,2024-09-13,2,Takeaway,Pizza,customer4007@example.com,3008050356
4008,Customer4008,User4008,Male,2003-10-17,2024-09-18,12,Dine-in,Pizza,customer4008@example.com,3001560559
4009,Customer4009,User4009,Female,1993-09-07,2024-10-03,3,Dine-in,Pasta,customer4009@example.com,3004432773
4010,Customer4010,User4010,Male,1972-03-13,2024-05-02,2,Takeaway,Rice,customer4010@example.com,3004642895
4011,Customer4011,User4011,Other,1997-04-16,2024-10-02,6,Dine-in,Rice,customer4011@example.com,3008508579
4012,Customer4012,User4012,Other,1980-11-03,2024-09-18,20,Takeaway,Beverages,customer4012@example.com,3005985420
4013,Customer4013,User4013,Female,1998-09-04,2024-07-25,15,Third-party Delivery,Sandwiches,customer4013@example.com,3005168565
4014,Customer4014,User4014,Other,1987-03-24,2024-01-18,8,Website/App,Beverages,customer4014@example.com,3002555332
4015,Customer4015,User4015,Male,1988-03-24,2024-07-14,10,Third-party Delivery,BBQ,customer4015@example.com,3003498115
4016,Customer4016,User4016,Other,1996-05-09,2024-01-09,15,Takeaway,Biryani,customer4016@example.com,3009303123
4017,Customer4017,User4017,Other,1997-07-08,2024-08-20,11,Dine-in,Beverages,customer4017@example.com,3008958633
4018,Customer4018,User4018,Female,1989-05-20,2024-10-06,10,Third-party Delivery,Beverages,customer4018@example.com,3008480359
4019,Customer4019,User4019,Other,1975-05-09,2024-07-27,20,Takeaway,Salads,customer4019@example.com,3006619686
4020,Customer4020,User4020,Male,1975-06-11,2024-07-13,10,Takeaway,Rice,customer4020@example.com,3005683338
4021,Customer4021,User4021,Male,1979-11-13,2024-10-25,1,Third-party Delivery,BBQ,customer4021@example.com,3007519642
4022,Customer4022,User4022,Female,1996-11-26,2024-09-03,4,Takeaway,Biryani,customer4022@example.com,3003447696
4023,Customer4023,User4023,Male,1978-05-13,2024-09-16,5,Takeaway,Burgers,customer4023@example.com,3004800985
4024,Customer4024,User4024,Female,1983-04-16,2024-12-18,9,Dine-in,Sandwiches,customer4024@example.com,3002079141
4025,Customer4025,User4025,Male,2002-07-16,2024-05-23,17,Website/App,Desserts,customer4025@example.com,3009412818
4026,Customer4026,User4026,Male,1973-05-26,2024-06-11,19,Third-party Delivery,Pasta,customer4026@example.com,3008538936
4027,Customer4027,User4027,Other,1995-11-27,2024-11-26,12,Third-party Delivery,Beverages,customer4027@example.com,3007465486
4028,Customer4028,User4028,Other,1970-01-12,2024-06-03,5,Third-party Delivery,Desserts,customer4028@example.com,3008119396
4029,Customer4029,User4029,Female,1986-10-09,2024-04-14,8,Takeaway,Desserts,customer4029@example.com,3001611042
4030,Customer4030,User4030,Female,1996-02-09,2024-07-12,7,Website/App,BBQ,customer4030@example.com,3003979157
4031,Customer4031,User4031,Male,1973-05-05,2024-02-22,17,Third-party Delivery,Desserts,customer4031@example.com,3005195310
4032,Customer4032,User4032,Female,1976-06-05,2024-01-08,11,Dine-in,Salads,customer4032@example.com,3002555051
4033,Customer4033,User4033,Other,2003-06-22,2024-11-01,11,Third-party Delivery,Pasta,customer4033@example.com,3002699225
4034,Customer4034,User4034,Male,1984-06-28,2024-09-11,2,Dine-in,BBQ,customer4034@example.com,3004146348
4035,Customer4035,User4035,Male,1981-12-19,2024-09-28,16,Third-party Delivery,Sandwiches,customer4035@example.com,3004436174
4036,Customer4036,User4036,Male,2001-11-19,2024-12-23,2,Website/App,Biryani,customer4036@example.com,3004476360
4037,Customer4037,User4037,Male,1976-01-13,2024-01-24,17,Dine-in,Desserts,customer4037@example.com,3001725073
4038,Customer4038,User4038,Male,1993-03-05,2024-10-03,17,Website/App,Pasta,customer4038@example.com,3008702890
4039,Customer4039,User4039,Other,1988-10-27,2024-07-12,20,Dine-in,Pasta,customer4039@example.com,3003226429
4040,Customer4040,User4040,Female,1971-12-06,2024-06-20,20,Third-party Delivery,Pizza,customer4040@example.com,3002896903
4041,Customer4041,User4041,Female,1983-06-17,2024-04-02,10,Dine-in,Desserts,customer4041@example.com,3009038549
4042,Customer4042,User4042,Other,1993-02-08,2024-01-14,3,Dine-in,Salads,customer4042@example.com,3003569308
4043,Customer4043,User4043,Male,1976-07-18,2024-10-15,10,Website/App,Rice,customer4043@example.com,3008715867
4044,Customer4044,User4044,Male,1988-08-08,2024-03-02,10,Takeaway,Pizza,customer4044@example.com,3003118273
4045,Customer4045,User4045,Female,1988-04-26,2024-02-06,14,Third-party Delivery,Sandwiches,customer4045@example.com,3006895346
4046,Customer4046,User4046,Female,1972-03-08,2024-04-13,3,Third-party Delivery,Pasta,customer4046@example.com,3006700102
4047,Customer4047,User4047,Other,1971-07-25,2024-03-09,15,Website/App,Pasta,customer4047@example.com,3006676941
4048,Customer4048,User4048,Male,1996-08-05,2024-01-22,8,Third-party Delivery,Desserts,customer4048@example.com,3001963734
4049,Customer4049,User4049,Male,1999-12-11,2024-02-01,1,Website/App,Sandwiches,customer4049@example.com,3009177688
4050,Customer4050,User4050,Male,1997-10-01,2024-06-15,3,Dine-in,Biryani,customer4050@example.com,3002396352
4051,Customer4051,User4051,Other,2003-02-28,2024-07-15,20,Takeaway,Biryani,customer4051@example.com,3005042100
4052,Customer4052,User4052,Female,1982-10-26,2024-04-25,8,Dine-in,Pasta,customer4052@example.com,3005574196
4053,Customer4053,User4053,Other,1988-12-19,2024-12-11,3,Third-party Delivery,Pasta,customer4053@example.com,3008936971
4054,Customer4054,User4054,Male,1998-10-10,2024-04-05,4,Takeaway,Burgers,customer4054@example.com,3003481445
4055,Customer4055,User4055,Female,1981-07-22,2024-05-14,17,Website/App,Pasta,customer4055@example.com,3002851681
4056,Customer4056,User4056,Other,1971-03-24,2024-01-10,3,Dine-in,Pasta,customer4056@example.com,3006113385
4057,Customer4057,User4057,Other,2002-01-25,2024-06-04,2,Takeaway,Rice,customer4057@example.com,3005771997
4058,Customer4058,User4058,Female,1993-12-08,2024-04-14,7,Takeaway,Burgers,customer4058@example.com,3006296721
4059,Customer4059,User4059,Female,1993-12-10,2024-04-15,2,Dine-in,Salads,customer4059@example.com,3005727959
4060,Customer4060,User4060,Male,1995-05-08,2024-08-15,2,Takeaway,Pizza,customer4060@example.com,3008758155
4061,Customer4061,User4061,Male,1987-08-02,2024-02-27,6,Website/App,Salads,customer4061@example.com,3003845700
4062,Customer4062,User4062,Other,1984-04-21,2024-10-24,16,Dine-in,Desserts,customer4062@example.com,3007276558
4063,Customer4063,User4063,Female,2003-02-15,2024-07-20,15,Website/App,Burgers,customer4063@example.com,3006949300
4064,Customer4064,User4064,Other,1976-08-24,2024-04-23,19,Takeaway,Burgers,customer4064@example.com,3002160805
4065,Customer4065,User4065,Male,1992-12-12,2024-10-03,13,Takeaway,Rice,customer4065@example.com,3002235408
4066,Customer4066,User4066,Female,1983-07-10,2024-11-16,1,Website/App,BBQ,customer4066@example.com,3001724110
4067,Customer4067,User4067,Female,1992-12-23,2024-11-10,12,Takeaway,Pasta,,3004399598
4068,Customer4068,User4068,Female,1999-01-22,2024-08-28,13,Website/App,Burgers,customer4068@example.com,3005378177
4069,Customer4069,User4069,Female,1981-01-16,2024-09-21,11,Third-party Delivery,Biryani,customer4069@example.com,3004058281
4070,Customer4070,User4070,Female,1977-10-22,2024-03-14,1,Takeaway,Sandwiches,customer4070@example.com,3002088084
4071,Customer4071,User4071,Male,1997-09-28,2024-01-24,4,Dine-in,Salads,customer4071@example.com,3004695683
4072,Customer4072,User4072,Female,1970-10-21,2024-02-19,9,Dine-in,Beverages,customer4072@example.com,3002128152
4073,Customer4073,User4073,Other,1999-01-02,2024-04-05,16,Third-party Delivery,Biryani,customer4073@example.com,3009847996
4074,Customer4074,User4074,Male,1992-11-22,2024-12-17,15,Third-party Delivery,Desserts,customer4074@example.com,3009317538
4075,Customer4075,User4075,Male,1975-05-22,2024-10-15,5,Third-party Delivery,Beverages,customer4075@example.com,3003171679
4076,Customer4076,User4076,Male,1976-10-11,2024-07-21,20,Third-party Delivery,BBQ,customer4076@example.com,3008281548
4077,Customer4077,User4077,Male,2001-08-07,2024-11-11,20,Website/App,Sandwiches,customer4077@example.com,3002880198
4078,Customer4078,User4078,Other,1980-03-02,2024-06-28,4,Takeaway,Pasta,customer4078@example.com,3007732163
4079,Customer4079,User4079,Male,1999-05-24,2024-09-26,20,Takeaway,Pasta,customer4079@example.com,3001753024
4080,Customer4080,User4080,Male,2001-06-04,2024-07-15,9,Third-party Delivery,Desserts,customer4080@example.com,3004173187
4081,Customer4081,User4081,Female,2004-02-18,2024-03-24,4,Third-party Delivery,Desserts,customer4081@example.com,3005397983
4082,Customer4082,User4082,Other,1998-05-16,2024-08-20,8,Website/App,Salads,customer4082@example.com,3006588362
4083,Customer4083,User4083,Other,1989-04-18,2024-04-12,13,Third-party Delivery,Pizza,customer4083@example.com,3003977012
4084,Customer4084,User4084,Female,1979-01-27,2024-02-20,7,Dine-in,Sandwiches,customer4084@example.com,3005264310
4085,Customer4085,User4085,Female,1977-03-13,2024-08-04,19,Dine-in,Salads,customer4085@example.com,3008050267
4086,Customer4086,User4086,Other,1982-04-12,2024-04-22,2,Takeaway,Pizza,customer4086@example.com,3005115714
4087,Customer4087,User4087,Other,2000-09-07,2024-01-11,13,Takeaway,Beverages,customer4087@example.com,3009010135
4088,Customer4088,User4088,Female,1984-04-11,2024-06-06,14,Takeaway,Burgers,customer4088@example.com,3003277531
4089,Customer4089,User4089,Other,1987-09-16,2024-05-16,17,Dine-in,Pizza,customer4089@example.com,3004125537
4090,Customer4090,User4090,Other,1980-07-19,2024-11-19,7,Website/App,Pasta,customer4090@example.com,3003050519
4091,Customer4091,User4091,Female,1984-10-06,2024-03-05,19,Takeaway,Pizza,customer4091@example.com,3008390299
4092,Customer4092,User4092,Other,1999-09-14,2024-06-01,8,Website/App,Desserts,customer4092@example.com,3007266653
4093,Customer4093,User4093,Other,1973-06-11,2024-08-23,16,Third-party Delivery,Salads,customer4093@example.com,3002323346
4094,Customer4094,User4094,Female,1989-04-03,2024-03-22,10,Takeaway,BBQ,customer4094@example.com,3006356374
4095,Customer4095,User4095,Male,1992-04-17,2024-12-03,3,Website/App,Desserts,customer4095@example.com,3006900855
4096,Customer4096,User4096,Male,1979-08-06,2024-01-20,9,Dine-in,Rice,customer4096@example.com,3007384319
4097,Customer4097,User4097,Other,1993-08-21,2024-06-14,6,Website/App,Rice,customer4097@example.com,3004346505
4098,Customer4098,User4098,Other,1976-07-18,2024-07-27,15,Dine-in,Beverages,customer4098@example.com,3006291925
4099,Customer4099,User4099,Female,1971-07-19,2024-05-08,19,Website/App,BBQ,,3002780987
4100,Customer4100,User4100,Male,1974-01-10,2024-03-28,16,Third-party Delivery,BBQ,customer4100@example.com,3004237187
4101,Customer4101,User4101,Female,1987-10-05,2024-02-01,4,Dine-in,Beverages,customer4101@example.com,3007973599
4102,Customer4102,User4102,Other,1977-04-05,2024-11-19,8,Website/App,Desserts,customer4102@example.com,3006384807
4103,Customer4103,User4103,Male,2003-05-26,2024-09-21,3,Dine-in,Pizza,customer4103@example.com,3006451769
4104,Customer4104,User4104,Other,2001-01-28,2024-04-10,15,Website/App,Sandwiches,customer4104@example.com,3001892726
4105,Customer4105,User4105,Other,1975-07-10,2024-11-06,13,Takeaway,BBQ,customer4105@example.com,3006609009
4106,Customer4106,User4106,Female,1988-07-06,2024-01-06,4,Takeaway,Pasta,customer4106@example.com,3005205384
4107,Customer4107,User4107,Female,1980-03-22,2024-04-19,10,Dine-in,Desserts,customer4107@example.com,3002398549
4108,Customer4108,User4108,Female,1985-11-10,2024-04-09,13,Third-party Delivery,Burgers,customer4108@example.com,3006712992
4109,Customer4109,User4109,Female,2000-11-02,2024-12-22,2,Third-party Delivery,Burgers,customer4109@example.com,3005191541
4110,Customer4110,User4110,Other,2003-02-02,2024-08-19,12,Dine-in,Sandwiches,customer4110@example.com,3004185755
4111,Customer4111,User4111,Female,1978-02-09,2024-11-25,3,Takeaway,Burgers,customer4111@example.com,3003859793
4112,Customer4112,User4112,Male,1988-11-04,2024-08-11,13,Dine-in,Sandwiches,customer4112@example.com,3009633477
4113,Customer4113,User4113,Male,1991-07-09,2024-11-27,3,Website/App,BBQ,customer4113@example.com,3003044243
4114,Customer4114,User4114,Male,1983-11-07,2024-07-13,12,Dine-in,Biryani,customer4114@example.com,3009688728
4115,Customer4115,User4115,Female,1974-06-14,2024-12-25,11,Dine-in,Desserts,customer4115@example.com,3002659332
4116,Customer4116,User4116,Other,1993-12-16,2024-09-06,19,Dine-in,Pasta,customer4116@example.com,3003980960
4117,Customer4117,User4117,Other,1989-10-06,2024-03-03,19,Dine-in,Pizza,customer4117@example.com,3005750306
4118,Customer4118,User4118,Male,1987-09-04,2024-05-04,10,Dine-in,Pizza,customer4118@example.com,3004630574
4119,Customer4119,User4119,Other,1993-12-23,2024-07-19,19,Takeaway,Salads,customer4119@example.com,3003029994
4120,Customer4120,User4120,Female,1980-07-11,2024-03-01,4,Takeaway,Burgers,customer4120@example.com,3002813157
4121,Customer4121,User4121,Female,1989-01-05,2024-01-20,17,Website/App,BBQ,customer4121@example.com,3008312178
4122,Customer4122,User4122,Other,2002-09-17,2024-07-13,12,Website/App,Beverages,customer4122@example.com,3002243239
4123,Customer4123,User4123,Other,2004-03-15,2024-03-26,20,Dine-in,Rice,customer4123@example.com,3007469044
4124,Customer4124,User4124,Female,1990-10-04,2024-07-10,9,Dine-in,Pasta,customer4124@example.com,3004210970
4125,Customer4125,User4125,Male,1977-09-21,2024-01-04,4,Takeaway,Burgers,customer4125@example.com,3009680235
4126,Customer4126,User4126,Female,1978-04-04,2024-06-13,18,Takeaway,Rice,customer4126@example.com,3005862368
4127,Customer4127,User4127,Male,2004-05-23,2024-01-24,5,Takeaway,BBQ,customer4127@example.com,3007619216
4128,Customer4128,User4128,Male,1995-08-27,2024-02-21,8,Takeaway,Burgers,customer4128@example.com,3003339374
4129,Customer4129,User4129,Female,1985-05-06,2024-04-18,14,Third-party Delivery,Burgers,customer4129@example.com,3008519356
4130,Customer4130,User4130,Female,1994-01-10,2024-03-20,7,Third-party Delivery,Sandwiches,customer4130@example.com,3007629333
4131,Customer4131,User4131,Female,1989-01-18,2024-12-28,16,Third-party Delivery,Biryani,,3002258941
4132,Customer4132,User4132,Male,1998-11-11,2024-03-26,10,Dine-in,Burgers,customer4132@example.com,3005045019
4133,Customer4133,User4133,Male,1972-06-28,2024-02-01,20,Third-party Delivery,Biryani,customer4133@example.com,3005758979
4134,Customer4134,User4134,Female,1978-06-09,2024-03-14,12,Website/App,Pizza,customer4134@example.com,3008329428
4135,Customer4135,User4135,Other,2004-10-22,2024-04-19,6,Third-party Delivery,Sandwiches,customer4135@example.com,3004924753
4136,Customer4136,User4136,Other,1990-12-06,2024-04-18,4,Takeaway,Beverages,customer4136@example.com,3004199823
4137,Customer4137,User4137,Female,1982-11-21,2024-03-25,15,Third-party Delivery,Beverages,customer4137@example.com,3001358054
4138,Customer4138,User4138,Female,1972-05-06,2024-11-08,12,Third-party Delivery,Rice,customer4138@example.com,3002326628
4139,Customer4139,User4139,Other,1993-10-08,2024-02-27,3,Third-party Delivery,Salads,customer4139@example.com,3004138788
4140,Customer4140,User4140,Other,1975-11-07,2024-06-08,10,Third-party Delivery,Burgers,customer4140@example.com,3006807952
4141,Customer4141,User4141,Male,2000-11-01,2024-08-16,12,Dine-in,Beverages,customer4141@example.com,3005991775
4142,Customer4142,User4142,Other,1988-11-19,2024-10-20,13,Takeaway,Pasta,customer4142@example.com,3008651561
4143,Customer4143,User4143,Female,2002-07-23,2024-07-05,3,Takeaway,Beverages,customer4143@example.com,3001192682
4144,Customer4144,User4144,Female,1992-02-20,2024-05-18,9,Website/App,BBQ,customer4144@example.com,3003874187
4145,Customer4145,User4145,Male,1993-10-11,2024-06-04,7,Takeaway,Burgers,customer4145@example.com,3006492963
4146,Customer4146,User4146,Other,1974-06-10,2024-02-19,14,Takeaway,Pasta,customer4146@example.com,3002841028
4147,Customer4147,User4147,Other,1976-01-20,2024-07-16,10,Website/App,Pizza,customer4147@example.com,3004865344
4148,Customer4148,User4148,Female,1984-07-25,2024-06-24,20,Dine-in,Pasta,customer4148@example.com,3001510673
4149,Customer4149,User4149,Female,1974-08-08,2024-08-05,5,Takeaway,BBQ,customer4149@example.com,3003253317
4150,Customer4150,User4150,Female,2001-09-26,2024-08-28,2,Takeaway,Biryani,customer4150@example.com,3004631920
4151,Customer4151,User4151,Other,2004-02-05,2024-09-03,15,Dine-in,Beverages,customer4151@example.com,3004859756
4152,Customer4152,User4152,Female,1989-11-15,2024-12-22,11,Takeaway,Pizza,customer4152@example.com,3002184573
4153,Customer4153,User4153,Male,1998-12-11,2024-10-14,8,Third-party Delivery,Rice,customer4153@example.com,3002179945
4154,Customer4154,User4154,Male,1989-10-27,2024-04-08,4,Dine-in,Beverages,customer4154@example.com,3009453512
4155,Customer4155,User4155,Female,1980-04-02,2024-07-24,11,Website/App,Burgers,customer4155@example.com,3001448808
4156,Customer4156,User4156,Male,2004-02-17,2024-01-08,14,Website/App,Beverages,customer4156@example.com,3007244866
4157,Customer4157,User4157,Other,1975-11-02,2024-01-05,3,Takeaway,BBQ,customer4157@example.com,3002271758
4158,Customer4158,User4158,Other,1986-01-18,2024-02-15,2,Takeaway,Beverages,customer4158@example.com,3005392118
4159,Customer4159,User4159,Female,1974-07-21,2024-09-16,18,Third-party Delivery,Rice,customer4159@example.com,3004082255
4160,Customer4160,User4160,Male,1988-10-20,2024-10-16,1,Takeaway,Biryani,customer4160@example.com,3001345608
4161,Customer4161,User4161,Female,1982-11-10,2024-11-16,9,Takeaway,Rice,customer4161@example.com,3006147029
4162,Customer4162,User4162,Female,1978-02-02,2024-07-12,3,Dine-in,Burgers,customer4162@example.com,3005936339
4163,Customer4163,User4163,Female,1970-02-01,2024-11-10,4,Takeaway,Pizza,customer4163@example.com,3004932796
4164,Customer4164,User4164,Female,1993-06-24,2024-08-19,10,Takeaway,Burgers,customer4164@example.com,3008924857
4165,Customer4165,User4165,Male,1978-11-08,2024-10-12,14,Third-party Delivery,Biryani,customer4165@example.com,3002427513
4166,Customer4166,User4166,Female,1994-02-23,2024-09-26,20,Third-party Delivery,Beverages,customer4166@example.com,3008616105
4167,Customer4167,User4167,Female,1997-08-24,2024-08-12,3,Takeaway,Beverages,customer4167@example.com,3009059489
4168,Customer4168,User4168,Female,1974-03-26,2024-04-20,18,Dine-in,Beverages,customer4168@example.com,3004744782
4169,Customer4169,User4169,Other,1999-11-21,2024-03-02,9,Third-party Delivery,Rice,customer4169@example.com,3001651540
4170,Customer4170,User4170,Female,1993-02-19,2024-05-11,11,Third-party Delivery,Beverages,customer4170@example.com,3002417579
4171,Customer4171,User4171,Other,1999-12-08,2024-05-04,18,Dine-in,Desserts,customer4171@example.com,3007756851
4172,Customer4172,User4172,Female,1972-04-21,2024-11-26,4,Website/App,Desserts,customer4172@example.com,3006351903
4173,Customer4173,User4173,Other,1991-10-07,2024-10-04,18,Website/App,Rice,customer4173@example.com,3007564884
4174,Customer4174,User4174,Other,1978-01-12,2024-05-27,10,Takeaway,Rice,customer4174@example.com,3004065201
4175,Customer4175,User4175,Female,1975-11-19,2024-06-09,1,Third-party Delivery,Rice,customer4175@example.com,3009666474
4176,Customer4176,User4176,Female,1996-08-01,2024-03-02,15,Dine-in,Pasta,customer4176@example.com,3004308799
4177,Customer4177,User4177,Female,1987-03-02,2024-11-12,12,Website/App,Pasta,customer4177@example.com,3004674973
4178,Customer4178,User4178,Other,1990-05-10,2024-01-15,17,Third-party Delivery,Desserts,customer4178@example.com,3008851470
4179,Customer4179,User4179,Other,2002-09-18,2024-10-06,5,Dine-in,Burgers,customer4179@example.com,3001649264
4180,Customer4180,User4180,Female,1978-11-22,2024-01-09,1,Website/App,Desserts,customer4180@example.com,3002141705
4181,Customer4181,User4181,Male,1981-05-13,2024-02-23,15,Website/App,Desserts,customer4181@example.com,3001262129
4182,Customer4182,User4182,Female,1976-01-23,2024-05-18,14,Third-party Delivery,Desserts,customer4182@example.com,3002372690
4183,Customer4183,User4183,Other,1996-05-09,2024-03-14,5,Website/App,BBQ,customer4183@example.com,3009347757
4184,Customer4184,User4184,Male,1986-10-18,2024-07-16,3,Dine-in,Burgers,customer4184@example.com,3002970824
4185,Customer4185,User4185,Other,1999-08-25,2024-01-08,8,Takeaway,Pasta,customer4185@example.com,3008771943
4186,Customer4186,User4186,Male,1988-11-10,2024-04-26,1,Third-party Delivery,Rice,customer4186@example.com,3003258276
4187,Customer4187,User4187,Female,1994-11-14,2024-09-19,20,Third-party Delivery,BBQ,customer4187@example.com,3002003980
4188,Customer4188,User4188,Male,1973-05-26,2024-04-17,4,Third-party Delivery,Desserts,customer4188@example.com,3009392150
4189,Customer4189,User4189,Other,1979-05-13,2024-10-06,10,Third-party Delivery,Burgers,customer4189@example.com,3005739729
4190,Customer4190,User4190,Other,1977-02-22,2024-04-02,3,Third-party Delivery,BBQ,customer4190@example.com,3005111441
4191,Customer4191,User4191,Male,1985-02-27,2024-05-12,13,Website/App,Pizza,customer4191@example.com,3009558134
4192,Customer4192,User4192,Male,1980-08-12,2024-10-03,16,Dine-in,Burgers,customer4192@example.com,3005122673
4193,Customer4193,User4193,Female,1985-08-09,2024-04-24,5,Website/App,Sandwiches,customer4193@example.com,3008868449
4194,Customer4194,User4194,Female,1971-12-11,2024-04-13,5,Website/App,Pizza,customer4194@example.com,3003597713
4195,Customer4195,User4195,Male,1977-02-27,2024-06-09,4,Dine-in,Pizza,customer4195@example.com,3001453303
4196,Customer4196,User4196,Other,1978-01-13,2024-01-16,4,Takeaway,Sandwiches,customer4196@example.com,3004420921
4197,Customer4197,User4197,Male,1972-06-28,2024-03-06,3,Website/App,BBQ,customer4197@example.com,3003750627
4198,Customer4198,User4198,Other,1997-08-21,2024-04-24,12,Takeaway,Beverages,customer4198@example.com,3005454588
4199,Customer4199,User4199,Other,1978-06-25,2024-07-04,4,Third-party Delivery,Pizza,customer4199@example.com,3006245733
4200,Customer4200,User4200,Other,1989-05-24,2024-03-14,3,Website/App,Pasta,customer4200@example.com,3006277836
4201,Customer4201,User4201,Male,1998-06-18,2024-03-13,17,Takeaway,Salads,customer4201@example.com,3007186497
4202,Customer4202,User4202,Male,2004-02-09,2024-10-19,10,Dine-in,Biryani,customer4202@example.com,3004212901
4203,Customer4203,User4203,Male,1982-06-18,2024-06-19,8,Website/App,Beverages,customer4203@example.com,3001938911
4204,Customer4204,User4204,Other,1983-11-24,2024-11-11,6,Dine-in,Pasta,,3001470070
4205,Customer4205,User4205,Female,1990-01-28,2024-08-23,17,Dine-in,Salads,customer4205@example.com,3008567612
4206,Customer4206,User4206,Male,1993-05-26,2024-05-05,12,Takeaway,BBQ,customer4206@example.com,3008941680
4207,Customer4207,User4207,Female,2001-08-09,2024-05-25,9,Third-party Delivery,BBQ,customer4207@example.com,3005115149
4208,Customer4208,User4208,Male,1989-07-10,2024-01-02,14,Dine-in,Sandwiches,customer4208@example.com,3009926699
4209,Customer4209,User4209,Other,1978-07-10,2024-09-14,5,Third-party Delivery,Pasta,customer4209@example.com,3007123790
4210,Customer4210,User4210,Male,2001-08-19,2024-04-26,18,Website/App,BBQ,customer4210@example.com,3007372642
4211,Customer4211,User4211,Male,1976-03-04,2024-01-28,9,Dine-in,Desserts,customer4211@example.com,3003636707
4212,Customer4212,User4212,Female,1986-06-24,2024-04-20,14,Dine-in,Pizza,customer4212@example.com,3008283664
4213,Customer4213,User4213,Male,1984-03-27,2024-11-24,9,Third-party Delivery,Burgers,customer4213@example.com,3008388018
4214,Customer4214,User4214,Other,1979-07-05,2024-06-22,4,Third-party Delivery,BBQ,customer4214@example.com,3004377116
4215,Customer4215,User4215,Male,1995-01-07,2024-03-12,2,Takeaway,Salads,customer4215@example.com,3005985298
4216,Customer4216,User4216,Male,2002-09-09,2024-05-05,15,Website/App,Biryani,customer4216@example.com,3005073469
4217,Customer4217,User4217,Female,1975-08-19,2024-05-19,14,Website/App,Pasta,customer4217@example.com,3006138764
4218,Customer4218,User4218,Other,1992-12-20,2024-06-27,15,Dine-in,Biryani,customer4218@example.com,3008526684
4219,Customer4219,User4219,Other,1982-12-04,2024-08-23,10,Takeaway,Desserts,customer4219@example.com,3002786276
4220,Customer4220,User4220,Other,1984-03-28,2024-03-22,9,Dine-in,Biryani,customer4220@example.com,3004578198
4221,Customer4221,User4221,Other,1983-07-28,2024-11-05,16,Third-party Delivery,Pizza,customer4221@example.com,3008745532
4222,Customer4222,User4222,Female,1987-12-01,2024-11-09,2,Website/App,Sandwiches,customer4222@example.com,3006643124
4223,Customer4223,User4223,Other,1993-02-03,2024-03-18,13,Takeaway,Beverages,customer4223@example.com,3002333035
4224,Customer4224,User4224,Male,1971-06-01,2024-03-23,5,Takeaway,Burgers,customer4224@example.com,3008999844
4225,Customer4225,User4225,Other,1988-11-21,2024-06-19,12,Takeaway,Beverages,customer4225@example.com,3003262103
4226,Customer4226,User4226,Female,1996-08-16,2024-05-06,7,Takeaway,Pasta,customer4226@example.com,3005445874
4227,Customer4227,User4227,Male,1984-11-15,2024-04-24,5,Third-party Delivery,Beverages,customer4227@example.com,3004623016
4228,Customer4228,User4228,Other,1996-12-19,2024-03-03,12,Dine-in,Burgers,customer4228@example.com,3001199976
4229,Customer4229,User4229,Male,1994-01-16,2024-08-25,6,Dine-in,BBQ,customer4229@example.com,3004249915
4230,Customer4230,User4230,Other,1986-12-17,2024-07-19,13,Website/App,Rice,customer4230@example.com,3009333551
4231,Customer4231,User4231,Male,1993-06-16,2024-04-04,1,Website/App,Biryani,customer4231@example.com,3001072165
4232,Customer4232,User4232,Other,1982-02-18,2024-08-08,1,Website/App,Burgers,customer4232@example.com,3008991148
4233,Customer4233,User4233,Other,1983-04-15,2024-08-28,8,Dine-in,Biryani,customer4233@example.com,3008991562
4234,Customer4234,User4234,Male,1987-02-24,2024-05-17,11,Dine-in,Biryani,customer4234@example.com,3008614650
4235,Customer4235,User4235,Other,1993-10-21,2024-12-01,17,Takeaway,Sandwiches,customer4235@example.com,3001311004
4236,Customer4236,User4236,Male,1973-08-05,2024-03-01,18,Third-party Delivery,Pizza,customer4236@example.com,3003627682
4237,Customer4237,User4237,Male,2003-10-28,2024-05-12,6,Takeaway,Salads,customer4237@example.com,3006424896
4238,Customer4238,User4238,Other,1996-01-05,2024-04-07,3,Website/App,Salads,customer4238@example.com,3009658626
4239,Customer4239,User4239,Other,1999-06-04,2024-08-12,15,Dine-in,Rice,customer4239@example.com,3003807665
4240,Customer4240,User4240,Male,1970-09-17,2024-09-02,14,Dine-in,Salads,customer4240@example.com,3005748109
4241,Customer4241,User4241,Male,1999-06-01,2024-03-26,9,Dine-in,Rice,customer4241@example.com,3001402967
4242,Customer4242,User4242,Male,1998-09-21,2024-09-14,16,Website/App,Beverages,customer4242@example.com,3009130142
4243,Customer4243,User4243,Female,1991-11-18,2024-06-01,19,Website/App,Salads,customer4243@example.com,3002626819
4244,Customer4244,User4244,Female,1991-01-10,2024-10-27,15,Takeaway,Rice,customer4244@example.com,3007556981
4245,Customer4245,User4245,Female,1988-11-13,2024-03-15,6,Third-party Delivery,Pasta,customer4245@example.com,3002751272
4246,Customer4246,User4246,Other,1977-05-25,2024-12-05,2,Website/App,Rice,customer4246@example.com,3005536395
4247,Customer4247,User4247,Other,1990-01-22,2024-12-09,13,Takeaway,Pizza,customer4247@example.com,3009170402
4248,Customer4248,User4248,Female,1986-11-07,2024-05-20,7,Website/App,Pizza,customer4248@example.com,3008142813
4249,Customer4249,User4249,Other,1994-08-09,2024-01-15,18,Third-party Delivery,Salads,customer4249@example.com,3009568846
4250,Customer4250,User4250,Other,1993-09-11,2024-08-09,20,Dine-in,Pizza,customer4250@example.com,3001916059
4251,Customer4251,User4251,Female,1997-08-21,2024-03-14,10,Dine-in,Beverages,customer4251@example.com,3008509469
4252,Customer4252,User4252,Other,1985-11-19,2024-08-18,20,Website/App,Rice,customer4252@example.com,3008625480
4253,Customer4253,User4253,Female,1973-02-06,2024-05-19,7,Dine-in,Sandwiches,customer4253@example.com,3005462233
4254,Customer4254,User4254,Female,2003-03-09,2024-04-15,18,Dine-in,BBQ,customer4254@example.com,3008388616
4255,Customer4255,User4255,Male,1988-01-16,2024-11-19,7,Third-party Delivery,Pasta,customer4255@example.com,3002145417
4256,Customer4256,User4256,Other,1998-06-13,2024-10-06,14,Takeaway,Burgers,customer4256@example.com,3004700650
4257,Customer4257,User4257,Other,1980-08-07,2024-06-25,16,Dine-in,Biryani,customer4257@example.com,3007110360
4258,Customer4258,User4258,Female,2000-03-03,2024-03-28,8,Dine-in,Burgers,customer4258@example.com,3006727967
4259,Customer4259,User4259,Female,2002-10-12,2024-10-04,12,Takeaway,Biryani,customer4259@example.com,3006115954
4260,Customer4260,User4260,Male,1991-07-13,2024-01-01,19,Dine-in,Pasta,customer4260@example.com,3009239380
4261,Customer4261,User4261,Other,1983-07-21,2024-10-02,7,Dine-in,Rice,customer4261@example.com,3005507497
4262,Customer4262,User4262,Male,1985-11-13,2024-06-21,7,Takeaway,Salads,customer4262@example.com,3009650043
4263,Customer4263,User4263,Female,1997-12-18,2024-05-20,20,Third-party Delivery,Desserts,customer4263@example.com,3001463271
4264,Customer4264,User4264,Other,2001-01-14,2024-01-01,16,Website/App,Sandwiches,customer4264@example.com,3002666198
4265,Customer4265,User4265,Female,1985-04-28,2024-08-02,2,Website/App,Salads,customer4265@example.com,3002331185
4266,Customer4266,User4266,Other,2001-05-10,2024-04-13,18,Third-party Delivery,Pizza,customer4266@example.com,3007401792
4267,Customer4267,User4267,Male,2002-12-15,2024-07-06,3,Website/App,Desserts,customer4267@example.com,3009217358
4268,Customer4268,User4268,Female,1970-12-11,2024-05-12,17,Third-party Delivery,Sandwiches,customer4268@example.com,3003045798
4269,Customer4269,User4269,Other,1979-05-25,2024-09-24,16,Website/App,Pizza,customer4269@example.com,3005597859
4270,Customer4270,User4270,Male,2001-09-12,2024-04-21,3,Website/App,Pizza,customer4270@example.com,3009440838
4271,Customer4271,User4271,Other,2000-03-14,2024-04-23,9,Takeaway,Pizza,customer4271@example.com,3003701689
4272,Customer4272,User4272,Male,1983-12-08,2024-10-28,19,Takeaway,Pizza,customer4272@example.com,3006268771
4273,Customer4273,User4273,Other,1971-01-15,2024-12-27,4,Takeaway,Biryani,customer4273@example.com,3001112758
4274,Customer4274,User4274,Female,1987-09-09,2024-06-14,15,Third-party Delivery,Pizza,customer4274@example.com,3007096480
4275,Customer4275,User4275,Other,1987-02-24,2024-08-21,13,Third-party Delivery,Burgers,customer4275@example.com,3005977814
4276,Customer4276,User4276,Female,1996-09-19,2024-04-19,3,Dine-in,Sandwiches,customer4276@example.com,3006202894
4277,Customer4277,User4277,Female,1998-11-13,2024-08-26,15,Third-party Delivery,Pasta,customer4277@example.com,3008949617
4278,Customer4278,User4278,Other,1997-07-13,2024-05-16,13,Dine-in,Beverages,customer4278@example.com,3006918810
4279,Customer4279,User4279,Male,1970-09-22,2024-12-11,5,Third-party Delivery,BBQ,customer4279@example.com,3006528634
4280,Customer4280,User4280,Female,1981-02-16,2024-06-02,10,Third-party Delivery,Beverages,customer4280@example.com,3003254183
4281,Customer4281,User4281,Other,2002-08-05,2024-08-12,10,Website/App,Biryani,customer4281@example.com,3003795273
4282,Customer4282,User4282,Male,1997-02-22,2024-12-18,12,Dine-in,Sandwiches,customer4282@example.com,3003854940
4283,Customer4283,User4283,Other,2004-08-26,2024-11-08,17,Third-party Delivery,BBQ,customer4283@example.com,3001582187
4284,Customer4284,User4284,Male,1994-08-05,2024-05-14,14,Takeaway,Salads,customer4284@example.com,3001627853
4285,Customer4285,User4285,Male,1980-02-09,2024-04-02,7,Dine-in,Beverages,customer4285@example.com,3004186303
4286,Customer4286,User4286,Other,1985-04-27,2024-01-03,4,Dine-in,Beverages,customer4286@example.com,3005409809
4287,Customer4287,User4287,Other,1971-07-12,2024-05-17,18,Website/App,Pasta,customer4287@example.com,3009775661
4288,Customer4288,User4288,Female,1990-06-05,2024-12-10,12,Takeaway,Salads,customer4288@example.com,3007588335
4289,Customer4289,User4289,Male,1991-02-09,2024-04-14,20,Third-party Delivery,BBQ,customer4289@example.com,3006812334
4290,Customer4290,User4290,Female,2003-04-11,2024-02-15,19,Takeaway,Beverages,customer4290@example.com,3008655050
4291,Customer4291,User4291,Other,1975-11-08,2024-06-12,13,Third-party Delivery,Salads,customer4291@example.com,3008248196
4292,Customer4292,User4292,Male,1983-09-23,2024-10-12,18,Third-party Delivery,BBQ,customer4292@example.com,3002145745
4293,Customer4293,User4293,Female,2004-03-11,2024-11-13,2,Dine-in,Salads,customer4293@example.com,3002859597
4294,Customer4294,User4294,Other,1997-03-09,2024-07-20,10,Third-party Delivery,Sandwiches,customer4294@example.com,3003820596
4295,Customer4295,User4295,Other,1982-07-26,2024-11-18,10,Takeaway,Sandwiches,customer4295@example.com,3009811573
4296,Customer4296,User4296,Female,1977-08-19,2024-08-07,14,Third-party Delivery,Salads,customer4296@example.com,3001815567
4297,Customer4297,User4297,Male,1970-03-21,2024-08-27,3,Dine-in,Salads,,3006248047
4298,Customer4298,User4298,Other,1978-01-07,2024-09-22,15,Takeaway,Pizza,customer4298@example.com,3003157652
4299,Customer4299,User4299,Male,1993-11-03,2024-10-02,9,Website/App,Sandwiches,customer4299@example.com,3003877659
4300,Customer4300,User4300,Female,1987-07-23,2024-03-05,2,Dine-in,Sandwiches,customer4300@example.com,3006646903
4301,Customer4301,User4301,Female,1996-04-21,2024-04-20,7,Website/App,Burgers,customer4301@example.com,3009756427
4302,Customer4302,User4302,Male,1988-04-24,2024-03-13,5,Website/App,Rice,customer4302@example.com,3002532492
4303,Customer4303,User4303,Female,1970-04-02,2024-11-16,11,Website/App,Salads,customer4303@example.com,3009842479
4304,Customer4304,User4304,Female,1974-11-09,2024-03-02,5,Website/App,Beverages,customer4304@example.com,3005991654
4305,Customer4305,User4305,Male,1992-01-16,2024-05-12,1,Takeaway,Rice,customer4305@example.com,3004088624
4306,Customer4306,User4306,Other,1973-10-21,2024-10-20,15,Dine-in,Biryani,customer4306@example.com,3005445932
4307,Customer4307,User4307,Female,1970-05-26,2024-04-03,1,Dine-in,Desserts,customer4307@example.com,3009123804
4308,Customer4308,User4308,Male,1981-04-22,2024-06-23,8,Takeaway,Desserts,customer4308@example.com,3008964398
4309,Customer4309,User4309,Other,1984-08-14,2024-06-11,9,Third-party Delivery,Sandwiches,customer4309@example.com,3002088364
4310,Customer4310,User4310,Female,1978-08-12,2024-08-08,11,Website/App,BBQ,customer4310@example.com,3002790788
4311,Customer4311,User4311,Female,1999-02-06,2024-07-14,14,Dine-in,Pasta,customer4311@example.com,3005145031
4312,Customer4312,User4312,Other,1983-10-24,2024-03-20,9,Takeaway,Desserts,customer4312@example.com,3001855710
4313,Customer4313,User4313,Male,1974-06-02,2024-11-04,7,Website/App,Rice,customer4313@example.com,3005186937
4314,Customer4314,User4314,Other,1973-07-06,2024-08-20,18,Website/App,Beverages,customer4314@example.com,3004035595
4315,Customer4315,User4315,Female,1998-08-07,2024-04-23,19,Dine-in,Biryani,customer4315@example.com,3001728150
4316,Customer4316,User4316,Male,1998-02-23,2024-10-04,5,Third-party Delivery,Pasta,customer4316@example.com,3005067139
4317,Customer4317,User4317,Other,1993-06-15,2024-11-03,10,Takeaway,Pizza,customer4317@example.com,3002502772
4318,Customer4318,User4318,Female,1981-03-02,2024-12-13,11,Dine-in,Burgers,customer4318@example.com,3001064680
4319,Customer4319,User4319,Other,1987-05-07,2024-07-09,7,Third-party Delivery,BBQ,customer4319@example.com,3005867093
4320,Customer4320,User4320,Female,1983-03-24,2024-10-26,14,Dine-in,BBQ,customer4320@example.com,3003472192
4321,Customer4321,User4321,Male,1970-11-02,2024-08-21,5,Takeaway,Desserts,customer4321@example.com,3007676886
4322,Customer4322,User4322,Other,2002-04-11,2024-03-15,17,Dine-in,Beverages,customer4322@example.com,3008483265
4323,Customer4323,User4323,Other,1990-11-16,2024-02-02,20,Takeaway,Rice,customer4323@example.com,3007243355
4324,Customer4324,User4324,Male,1972-01-02,2024-10-02,2,Third-party Delivery,Rice,customer4324@example.com,3003357377
4325,Customer4325,User4325,Female,2002-12-28,2024-07-21,16,Third-party Delivery,Pasta,customer4325@example.com,3005759466
4326,Customer4326,User4326,Female,1993-09-14,2024-02-16,6,Website/App,Desserts,customer4326@example.com,3001466573
4327,Customer4327,User4327,Male,1988-05-26,2024-07-21,7,Takeaway,Biryani,customer4327@example.com,3005815766
4328,Customer4328,User4328,Female,1992-11-26,2024-11-14,17,Website/App,Pizza,customer4328@example.com,3006606690
4329,Customer4329,User4329,Female,1996-12-07,2024-06-04,15,Website/App,Desserts,customer4329@example.com,3004422770
4330,Customer4330,User4330,Female,1974-09-12,2024-02-26,16,Third-party Delivery,Salads,customer4330@example.com,3007486152
4331,Customer4331,User4331,Female,1993-10-14,2024-06-26,14,Dine-in,Burgers,customer4331@example.com,3004836380
4332,Customer4332,User4332,Other,1984-08-24,2024-06-05,6,Third-party Delivery,BBQ,customer4332@example.com,3009654310
4333,Customer4333,User4333,Female,1978-02-01,2024-10-06,6,Takeaway,Pasta,customer4333@example.com,3002553254
4334,Customer4334,User4334,Other,1986-06-12,2024-08-19,12,Takeaway,Desserts,customer4334@example.com,3003188785
4335,Customer4335,User4335,Male,2001-07-14,2024-01-09,3,Website/App,Biryani,customer4335@example.com,3008208225
4336,Customer4336,User4336,Female,1983-01-06,2024-10-28,16,Dine-in,Beverages,customer4336@example.com,3002299872
4337,Customer4337,User4337,Male,2001-03-06,2024-10-18,5,Dine-in,Burgers,customer4337@example.com,3004360746
4338,Customer4338,User4338,Female,1979-05-22,2024-04-20,5,Takeaway,Salads,customer4338@example.com,3007195501
4339,Customer4339,User4339,Male,1975-12-22,2024-11-10,19,Third-party Delivery,Biryani,customer4339@example.com,3005367107
4340,Customer4340,User4340,Male,1999-07-22,2024-11-22,19,Website/App,Rice,customer4340@example.com,3001913271
4341,Customer4341,User4341,Other,1999-09-07,2024-11-22,10,Third-party Delivery,Sandwiches,customer4341@example.com,3008682410
4342,Customer4342,User4342,Other,1971-01-15,2024-09-05,10,Website/App,Sandwiches,customer4342@example.com,3008230000
4343,Customer4343,User4343,Female,1994-10-10,2024-12-18,8,Third-party Delivery,Burgers,customer4343@example.com,3006189138
4344,Customer4344,User4344,Male,2003-07-17,2024-03-22,12,Dine-in,Beverages,customer4344@example.com,3006485801
4345,Customer4345,User4345,Female,1981-06-26,2024-11-14,6,Third-party Delivery,Biryani,customer4345@example.com,3007325070
4346,Customer4346,User4346,Female,1979-04-26,2024-03-11,15,Takeaway,Desserts,,3005111216
4347,Customer4347,User4347,Other,1989-12-27,2024-07-18,20,Takeaway,Desserts,customer4347@example.com,3001920267
4348,Customer4348,User4348,Other,1987-08-06,2024-04-25,8,Website/App,BBQ,customer4348@example.com,3008221310
4349,Customer4349,User4349,Female,1995-02-02,2024-06-04,10,Third-party Delivery,Pizza,customer4349@example.com,3001808615
4350,Customer4350,User4350,Female,2002-07-06,2024-09-27,18,Third-party Delivery,Beverages,customer4350@example.com,3009753974
4351,Customer4351,User4351,Female,1980-05-09,2024-10-09,1,Takeaway,Salads,customer4351@example.com,3007043599
4352,Customer4352,User4352,Male,2003-07-20,2024-12-11,14,Dine-in,Rice,customer4352@example.com,3006028059
4353,Customer4353,User4353,Female,1973-09-18,2024-04-23,8,Dine-in,Beverages,customer4353@example.com,3005153601
4354,Customer4354,User4354,Other,1971-02-13,2024-10-24,7,Website/App,Desserts,customer4354@example.com,3008060322
4355,Customer4355,User4355,Other,1974-03-21,2024-04-16,16,Takeaway,Salads,customer4355@example.com,3001039569
4356,Customer4356,User4356,Male,1980-03-26,2024-01-03,13,Takeaway,Pizza,customer4356@example.com,3009408308
4357,Customer4357,User4357,Female,1981-01-01,2024-11-05,8,Dine-in,Pasta,customer4357@example.com,3003548501
4358,Customer4358,User4358,Male,1974-04-08,2024-07-21,7,Dine-in,BBQ,customer4358@example.com,3001081716
4359,Customer4359,User4359,Other,1981-02-06,2024-08-02,6,Takeaway,Pizza,customer4359@example.com,3008154596
4360,Customer4360,User4360,Female,1981-01-27,2024-02-06,20,Website/App,Salads,customer4360@example.com,3001304805
4361,Customer4361,User4361,Male,1976-11-25,2024-08-16,11,Third-party Delivery,Salads,customer4361@example.com,3001230539
4362,Customer4362,User4362,Male,1970-12-04,2024-11-19,3,Third-party Delivery,Sandwiches,customer4362@example.com,3006750452
4363,Customer4363,User4363,Male,1981-05-28,2024-05-17,8,Website/App,Rice,customer4363@example.com,3009561631
4364,Customer4364,User4364,Female,1977-06-03,2024-06-10,16,Website/App,Sandwiches,customer4364@example.com,3002933891
4365,Customer4365,User4365,Male,1999-11-02,2024-12-23,18,Third-party Delivery,Burgers,customer4365@example.com,3003237650
4366,Customer4366,User4366,Female,1979-09-06,2024-01-28,9,Dine-in,Burgers,customer4366@example.com,3004983170
4367,Customer4367,User4367,Other,2003-01-28,2024-09-24,7,Website/App,Salads,customer4367@example.com,3002913141
4368,Customer4368,User4368,Male,1983-03-04,2024-07-22,1,Dine-in,Pasta,customer4368@example.com,3004601983
4369,Customer4369,User4369,Male,1986-12-03,2024-09-08,5,Website/App,Biryani,customer4369@example.com,3008564313
4370,Customer4370,User4370,Female,1980-06-05,2024-11-28,2,Takeaway,Pizza,customer4370@example.com,3004695057
4371,Customer4371,User4371,Male,1976-07-15,2024-10-12,10,Takeaway,Beverages,customer4371@example.com,3004608865
4372,Customer4372,User4372,Male,1994-08-22,2024-01-04,3,Third-party Delivery,Desserts,customer4372@example.com,3009481497
4373,Customer4373,User4373,Male,1977-07-15,2024-12-18,14,Takeaway,Salads,customer4373@example.com,3001118435
4374,Customer4374,User4374,Male,1990-02-11,2024-04-17,13,Website/App,Biryani,customer4374@example.com,3008252962
4375,Customer4375,User4375,Female,1984-01-06,2024-03-02,20,Website/App,Pizza,customer4375@example.com,3009108888
4376,Customer4376,User4376,Other,1991-04-21,2024-01-10,1,Website/App,Rice,customer4376@example.com,3002301973
4377,Customer4377,User4377,Other,2003-05-25,2024-02-02,11,Dine-in,Desserts,customer4377@example.com,3006408167
4378,Customer4378,User4378,Female,1970-09-09,2024-09-11,6,Website/App,Sandwiches,customer4378@example.com,3009210573
4379,Customer4379,User4379,Female,1973-04-26,2024-08-17,9,Third-party Delivery,Desserts,customer4379@example.com,3009256696
4380,Customer4380,User4380,Male,1970-09-21,2024-12-08,1,Third-party Delivery,Sandwiches,customer4380@example.com,3005573497
4381,Customer4381,User4381,Other,1988-01-11,2024-09-08,11,Website/App,Burgers,customer4381@example.com,3002412821
4382,Customer4382,User4382,Female,1980-08-06,2024-08-21,20,Third-party Delivery,Rice,customer4382@example.com,3003307628
4383,Customer4383,User4383,Other,1981-10-01,2024-02-28,18,Takeaway,Biryani,customer4383@example.com,3001182572
4384,Customer4384,User4384,Female,1976-02-25,2024-03-03,7,Website/App,Burgers,customer4384@example.com,3008166851
4385,Customer4385,User4385,Male,1994-09-01,2024-02-20,20,Dine-in,Pasta,customer4385@example.com,3001494428
4386,Customer4386,User4386,Male,1989-01-13,2024-06-03,3,Third-party Delivery,BBQ,customer4386@example.com,3008962779
4387,Customer4387,User4387,Male,1975-08-02,2024-11-13,9,Website/App,Desserts,customer4387@example.com,3008308661
4388,Customer4388,User4388,Other,1995-04-21,2024-11-03,6,Website/App,Burgers,customer4388@example.com,3008513357
4389,Customer4389,User4389,Other,1971-05-21,2024-05-18,3,Takeaway,Beverages,customer4389@example.com,3009744546
4390,Customer4390,User4390,Male,1973-02-04,2024-05-27,11,Third-party Delivery,Desserts,customer4390@example.com,3007746405
4391,Customer4391,User4391,Female,1998-07-03,2024-10-28,11,Takeaway,BBQ,customer4391@example.com,3007695885
4392,Customer4392,User4392,Other,1971-02-16,2024-01-19,5,Dine-in,Desserts,customer4392@example.com,3008082763
4393,Customer4393,User4393,Female,1991-02-16,2024-08-25,2,Takeaway,Biryani,,3004449994
4394,Customer4394,User4394,Other,1970-05-23,2024-06-08,10,Third-party Delivery,Beverages,customer4394@example.com,3003720640
4395,Customer4395,User4395,Female,1999-11-05,2024-06-28,7,Takeaway,Burgers,customer4395@example.com,3006927613
4396,Customer4396,User4396,Other,1981-09-09,2024-09-19,18,Third-party Delivery,Rice,customer4396@example.com,3007052563
4397,Customer4397,User4397,Other,2002-08-06,2024-08-06,20,Takeaway,Rice,customer4397@example.com,3006695030
4398,Customer4398,User4398,Other,2000-11-21,2024-01-06,9,Dine-in,Salads,customer4398@example.com,3005071469
4399,Customer4399,User4399,Other,2002-07-22,2024-07-07,20,Website/App,Sandwiches,customer4399@example.com,3005801334
4400,Customer4400,User4400,Other,1988-05-05,2024-11-15,8,Takeaway,Pasta,customer4400@example.com,3007591745
4401,Customer4401,User4401,Other,1992-03-23,2024-04-20,3,Third-party Delivery,Desserts,customer4401@example.com,3007799154
4402,Customer4402,User4402,Male,1979-08-08,2024-06-28,8,Takeaway,BBQ,customer4402@example.com,3001049878
4403,Customer4403,User4403,Female,1980-01-28,2024-02-14,14,Takeaway,Rice,customer4403@example.com,3005532695
4404,Customer4404,User4404,Male,1977-05-23,2024-03-03,12,Third-party Delivery,Rice,customer4404@example.com,3005285336
4405,Customer4405,User4405,Other,1991-03-28,2024-07-07,13,Takeaway,Beverages,customer4405@example.com,3008039553
4406,Customer4406,User4406,Male,1983-04-12,2024-08-02,10,Website/App,BBQ,customer4406@example.com,3007103656
4407,Customer4407,User4407,Female,1977-12-21,2024-05-07,9,Website/App,Biryani,customer4407@example.com,3002410170
4408,Customer4408,User4408,Male,1976-08-11,2024-05-19,9,Website/App,Salads,customer4408@example.com,3006577582
4409,Customer4409,User4409,Female,1988-03-25,2024-02-21,18,Website/App,Biryani,customer4409@example.com,3006037440
4410,Customer4410,User4410,Female,1985-09-04,2024-06-03,6,Dine-in,Pizza,customer4410@example.com,3007842930
4411,Customer4411,User4411,Female,2001-11-20,2024-03-09,13,Website/App,Biryani,customer4411@example.com,3009407200
4412,Customer4412,User4412,Female,1981-05-15,2024-12-07,11,Takeaway,Salads,customer4412@example.com,3009863607
4413,Customer4413,User4413,Female,1993-11-19,2024-02-12,8,Dine-in,Burgers,customer4413@example.com,3008796669
4414,Customer4414,User4414,Female,1977-05-12,2024-11-03,17,Takeaway,BBQ,customer4414@example.com,3009054858
4415,Customer4415,User4415,Other,1981-11-08,2024-01-11,15,Takeaway,BBQ,customer4415@example.com,3006440546
4416,Customer4416,User4416,Other,1982-02-01,2024-12-17,3,Takeaway,BBQ,customer4416@example.com,3007786416
4417,Customer4417,User4417,Female,1985-12-16,2024-09-21,13,Takeaway,BBQ,customer4417@example.com,3004449195
4418,Customer4418,User4418,Other,1973-11-03,2024-05-21,14,Dine-in,Sandwiches,customer4418@example.com,3008058482
4419,Customer4419,User4419,Other,1994-02-24,2024-01-13,20,Third-party Delivery,Rice,customer4419@example.com,3008480522
4420,Customer4420,User4420,Female,1976-03-26,2024-02-17,16,Dine-in,Sandwiches,customer4420@example.com,3006673473
4421,Customer4421,User4421,Male,1997-02-28,2024-05-15,3,Website/App,Salads,customer4421@example.com,3001150805
4422,Customer4422,User4422,Male,1976-03-11,2024-01-05,7,Dine-in,Sandwiches,customer4422@example.com,3001739874
4423,Customer4423,User4423,Male,1986-01-06,2024-08-06,18,Third-party Delivery,Beverages,customer4423@example.com,3004805670
4424,Customer4424,User4424,Other,1978-02-06,2024-01-18,13,Dine-in,BBQ,customer4424@example.com,3005955264
4425,Customer4425,User4425,Male,1993-01-28,2024-08-20,13,Third-party Delivery,Salads,customer4425@example.com,3008594351
4426,Customer4426,User4426,Other,1986-03-02,2024-01-21,3,Website/App,Pizza,customer4426@example.com,3005668504
4427,Customer4427,User4427,Female,1978-05-13,2024-01-21,16,Takeaway,Desserts,customer4427@example.com,3003845078
4428,Customer4428,User4428,Male,2004-07-03,2024-12-12,19,Website/App,Biryani,customer4428@example.com,3009704338
4429,Customer4429,User4429,Other,1990-12-20,2024-12-28,20,Website/App,Desserts,customer4429@example.com,3006430257
4430,Customer4430,User4430,Other,2000-12-14,2024-04-25,16,Takeaway,Salads,customer4430@example.com,3004852419
4431,Customer4431,User4431,Male,1991-06-16,2024-08-19,16,Takeaway,Sandwiches,customer4431@example.com,3008442005
4432,Customer4432,User4432,Female,1971-08-10,2024-12-21,4,Dine-in,Pasta,customer4432@example.com,3004664448
4433,Customer4433,User4433,Other,1987-12-22,2024-09-04,11,Dine-in,BBQ,customer4433@example.com,3004856837
4434,Customer4434,User4434,Other,1973-04-11,2024-07-24,1,Takeaway,Beverages,customer4434@example.com,3006965385
4435,Customer4435,User4435,Other,1996-10-21,2024-07-14,1,Third-party Delivery,Rice,customer4435@example.com,3006993263
4436,Customer4436,User4436,Female,1999-07-01,2024-08-11,3,Takeaway,Pizza,customer4436@example.com,3001955302
4437,Customer4437,User4437,Male,2002-05-05,2024-07-06,5,Third-party Delivery,BBQ,customer4437@example.com,3005793456
4438,Customer4438,User4438,Male,2003-01-26,2024-03-28,9,Website/App,Salads,customer4438@example.com,3005922343
4439,Customer4439,User4439,Male,2002-06-26,2024-10-21,8,Website/App,Sandwiches,customer4439@example.com,3007266307
4440,Customer4440,User4440,Male,1991-03-26,2024-05-21,8,Third-party Delivery,Desserts,customer4440@example.com,3006550773
4441,Customer4441,User4441,Male,1998-12-14,2024-11-12,11,Third-party Delivery,Rice,customer4441@example.com,3009151054
4442,Customer4442,User4442,Female,1992-12-24,2024-03-11,3,Takeaway,Biryani,customer4442@example.com,3006552550
4443,Customer4443,User4443,Other,1988-07-15,2024-10-28,2,Dine-in,Desserts,customer4443@example.com,3006446233
4444,Customer4444,User4444,Male,1980-08-19,2024-11-06,20,Website/App,Salads,customer4444@example.com,3008182405
4445,Customer4445,User4445,Female,1980-04-26,2024-10-13,16,Website/App,Salads,customer4445@example.com,3001884752
4446,Customer4446,User4446,Male,1973-04-22,2024-09-11,9,Dine-in,Desserts,customer4446@example.com,3001015459
4447,Customer4447,User4447,Male,1986-02-11,2024-10-23,3,Takeaway,BBQ,customer4447@example.com,3003407566
4448,Customer4448,User4448,Female,1990-08-11,2024-04-27,18,Website/App,Pizza,customer4448@example.com,3004384238
4449,Customer4449,User4449,Other,2000-07-23,2024-04-11,6,Website/App,Sandwiches,customer4449@example.com,3002179825
4450,Customer4450,User4450,Female,1978-12-14,2024-12-06,1,Website/App,Burgers,customer4450@example.com,3009575204
4451,Customer4451,User4451,Female,1979-01-13,2024-04-07,9,Third-party Delivery,Pizza,customer4451@example.com,3002156752
4452,Customer4452,User4452,Other,2001-09-16,2024-04-15,5,Takeaway,Sandwiches,customer4452@example.com,3006860757
4453,Customer4453,User4453,Other,1982-11-07,2024-12-17,2,Website/App,Pizza,customer4453@example.com,3002106570
4454,Customer4454,User4454,Female,1975-07-02,2024-04-07,8,Dine-in,Beverages,customer4454@example.com,3007269723
4455,Customer4455,User4455,Female,1988-02-17,2024-11-10,8,Third-party Delivery,Sandwiches,customer4455@example.com,3001909686
4456,Customer4456,User4456,Other,1981-11-01,2024-11-20,7,Dine-in,Rice,customer4456@example.com,3008905856
4457,Customer4457,User4457,Other,2004-01-24,2024-03-22,3,Dine-in,Salads,customer4457@example.com,3005031487
4458,Customer4458,User4458,Female,2001-12-24,2024-07-16,15,Third-party Delivery,Desserts,customer4458@example.com,3005029352
4459,Customer4459,User4459,Female,1991-08-13,2024-05-12,12,Website/App,Pasta,customer4459@example.com,3001975973
4460,Customer4460,User4460,Male,1986-09-04,2024-10-11,9,Takeaway,Pasta,customer4460@example.com,3002862929
4461,Customer4461,User4461,Male,1973-03-13,2024-10-07,19,Website/App,Pasta,customer4461@example.com,3004446435
4462,Customer4462,User4462,Male,1973-09-20,2024-12-25,5,Takeaway,Rice,customer4462@example.com,3004164053
4463,Customer4463,User4463,Other,1975-04-12,2024-11-24,3,Website/App,Beverages,customer4463@example.com,3006283161
4464,Customer4464,User4464,Female,1971-08-01,2024-03-13,9,Dine-in,Sandwiches,customer4464@example.com,3003325566
4465,Customer4465,User4465,Female,1970-07-15,2024-05-23,4,Website/App,Pizza,customer4465@example.com,3005982056
4466,Customer4466,User4466,Female,2002-08-14,2024-03-04,14,Website/App,Beverages,customer4466@example.com,3005105106
4467,Customer4467,User4467,Other,1986-11-05,2024-08-23,19,Third-party Delivery,Rice,customer4467@example.com,3001914891
4468,Customer4468,User4468,Male,1988-01-14,2024-10-11,16,Takeaway,Pasta,customer4468@example.com,3003814022
4469,Customer4469,User4469,Other,1972-03-08,2024-12-26,12,Takeaway,Desserts,customer4469@example.com,3008752700
4470,Customer4470,User4470,Male,1980-06-18,2024-03-18,9,Dine-in,Salads,customer4470@example.com,3006035780
4471,Customer4471,User4471,Other,1992-02-13,2024-11-24,11,Dine-in,Salads,customer4471@example.com,3005635519
4472,Customer4472,User4472,Female,1995-11-10,2024-05-14,9,Website/App,Biryani,customer4472@example.com,3004997281
4473,Customer4473,User4473,Other,1970-01-09,2024-02-12,6,Website/App,Biryani,customer4473@example.com,3009830165
4474,Customer4474,User4474,Female,2001-09-12,2024-06-09,16,Dine-in,Pizza,customer4474@example.com,3009423948
4475,Customer4475,User4475,Other,2000-08-20,2024-11-12,2,Dine-in,BBQ,customer4475@example.com,3007304047
4476,Customer4476,User4476,Female,1972-12-20,2024-11-25,8,Third-party Delivery,Desserts,customer4476@example.com,3003403382
4477,Customer4477,User4477,Other,1991-01-24,2024-03-17,1,Dine-in,BBQ,customer4477@example.com,3002287111
4478,Customer4478,User4478,Female,2000-12-02,2024-11-16,8,Website/App,Sandwiches,customer4478@example.com,3001719623
4479,Customer4479,User4479,Other,1985-02-14,2024-02-08,10,Dine-in,Desserts,customer4479@example.com,3003139139
4480,Customer4480,User4480,Other,1975-07-09,2024-06-16,11,Takeaway,Desserts,customer4480@example.com,3006793356
4481,Customer4481,User4481,Female,1981-12-17,2024-12-22,7,Takeaway,Beverages,customer4481@example.com,3007704386
4482,Customer4482,User4482,Female,2002-06-03,2024-06-22,2,Third-party Delivery,Sandwiches,customer4482@example.com,3009742081
4483,Customer4483,User4483,Other,1974-06-12,2024-12-15,4,Website/App,Pasta,customer4483@example.com,3007977306
4484,Customer4484,User4484,Other,1996-02-28,2024-07-14,18,Website/App,Burgers,customer4484@example.com,3005018375
4485,Customer4485,User4485,Female,1985-07-09,2024-07-21,1,Website/App,Salads,customer4485@example.com,3007215888
4486,Customer4486,User4486,Female,1977-12-14,2024-02-28,3,Takeaway,Rice,customer4486@example.com,3006607301
4487,Customer4487,User4487,Female,1982-03-05,2024-05-12,3,Takeaway,Pasta,customer4487@example.com,3007625767
4488,Customer4488,User4488,Other,1995-02-19,2024-03-03,5,Third-party Delivery,Salads,customer4488@example.com,3008567354
4489,Customer4489,User4489,Other,1989-09-27,2024-12-13,19,Third-party Delivery,Beverages,customer4489@example.com,3006103168
4490,Customer4490,User4490,Other,2000-10-25,2024-09-21,20,Third-party Delivery,Rice,customer4490@example.com,3002430670
4491,Customer4491,User4491,Other,1997-04-02,2024-06-06,16,Dine-in,BBQ,customer4491@example.com,3004437076
4492,Customer4492,User4492,Female,1981-03-25,2024-06-27,19,Dine-in,Sandwiches,customer4492@example.com,3005201680
4493,Customer4493,User4493,Male,1985-01-04,2024-03-16,10,Third-party Delivery,Salads,customer4493@example.com,3001167461
4494,Customer4494,User4494,Male,2001-07-07,2024-02-25,20,Dine-in,Salads,customer4494@example.com,3009429033
4495,Customer4495,User4495,Female,1985-08-22,2024-11-01,17,Website/App,Pasta,customer4495@example.com,3004795378
4496,Customer4496,User4496,Female,1970-07-26,2024-03-06,7,Dine-in,Sandwiches,customer4496@example.com,3004163564
4497,Customer4497,User4497,Female,1996-08-07,2024-11-24,12,Third-party Delivery,Desserts,customer4497@example.com,3007269871
4498,Customer4498,User4498,Female,1988-03-25,2024-10-17,10,Dine-in,Burgers,customer4498@example.com,3005999083
4499,Customer4499,User4499,Male,1972-04-28,2024-12-06,16,Takeaway,Burgers,customer4499@example.com,3004657459
4500,Customer4500,User4500,Male,1989-09-06,2024-12-15,10,Third-party Delivery,Rice,customer4500@example.com,3006450534
4501,Customer4501,User4501,Male,1984-06-27,2024-07-03,4,Takeaway,Burgers,customer4501@example.com,3005074092
4502,Customer4502,User4502,Other,1970-11-27,2024-07-28,19,Website/App,Beverages,customer4502@example.com,3007930312
4503,Customer4503,User4503,Male,1974-09-11,2024-04-21,3,Dine-in,Pizza,customer4503@example.com,3003744403
4504,Customer4504,User4504,Other,1975-08-16,2024-10-01,7,Third-party Delivery,Sandwiches,customer4504@example.com,3007458184
4505,Customer4505,User4505,Female,1984-07-21,2024-12-20,10,Third-party Delivery,Biryani,customer4505@example.com,3009508032
4506,Customer4506,User4506,Male,1985-03-14,2024-06-19,17,Website/App,Pasta,customer4506@example.com,3001170639
4507,Customer4507,User4507,Male,1982-11-16,2024-10-02,6,Website/App,Burgers,customer4507@example.com,3004773445
4508,Customer4508,User4508,Female,1993-04-12,2024-11-23,7,Dine-in,Rice,customer4508@example.com,3003605508
4509,Customer4509,User4509,Other,1986-12-11,2024-03-28,15,Website/App,Sandwiches,customer4509@example.com,3008577059
4510,Customer4510,User4510,Male,1991-01-27,2024-12-08,2,Website/App,Sandwiches,customer4510@example.com,3009410841
4511,Customer4511,User4511,Female,1973-08-26,2024-02-05,13,Website/App,Biryani,customer4511@example.com,3005765379
4512,Customer4512,User4512,Other,1988-09-20,2024-02-17,12,Takeaway,Salads,customer4512@example.com,3009478059
4513,Customer4513,User4513,Male,2002-09-06,2024-01-23,3,Website/App,Pizza,customer4513@example.com,3005639522
4514,Customer4514,User4514,Other,1999-08-16,2024-07-09,19,Dine-in,Rice,customer4514@example.com,3007710193
4515,Customer4515,User4515,Other,1975-07-28,2024-06-15,14,Website/App,Biryani,customer4515@example.com,3009525240
4516,Customer4516,User4516,Male,1978-12-26,2024-07-04,19,Website/App,BBQ,customer4516@example.com,3001397585
4517,Customer4517,User4517,Male,1989-09-28,2024-05-19,10,Takeaway,BBQ,customer4517@example.com,3006366022
4518,Customer4518,User4518,Female,2000-07-28,2024-07-03,8,Third-party Delivery,Pasta,customer4518@example.com,3006703186
4519,Customer4519,User4519,Male,1972-12-19,2024-02-23,12,Website/App,Sandwiches,customer4519@example.com,3008442372
4520,Customer4520,User4520,Other,1982-03-07,2024-10-23,12,Takeaway,Sandwiches,customer4520@example.com,3001256104
4521,Customer4521,User4521,Male,1988-02-05,2024-11-15,1,Third-party Delivery,Sandwiches,customer4521@example.com,3002779655
4522,Customer4522,User4522,Other,1990-11-08,2024-07-02,17,Third-party Delivery,Beverages,customer4522@example.com,3001697733
4523,Customer4523,User4523,Female,1978-01-22,2024-03-01,8,Takeaway,Beverages,customer4523@example.com,3002681041
4524,Customer4524,User4524,Male,1980-01-25,2024-10-20,14,Third-party Delivery,Desserts,customer4524@example.com,3008190888
4525,Customer4525,User4525,Male,1998-03-01,2024-04-21,15,Takeaway,BBQ,customer4525@example.com,3005198008
4526,Customer4526,User4526,Other,1984-07-12,2024-07-16,1,Third-party Delivery,Pizza,customer4526@example.com,3001042116
4527,Customer4527,User4527,Female,1995-11-28,2024-06-16,10,Takeaway,Salads,customer4527@example.com,3007845748
4528,Customer4528,User4528,Female,2000-01-11,2024-05-13,15,Takeaway,Salads,customer4528@example.com,3005093451
4529,Customer4529,User4529,Male,1995-05-24,2024-10-01,19,Website/App,BBQ,customer4529@example.com,3008142179
4530,Customer4530,User4530,Other,2004-08-24,2024-04-23,2,Website/App,Beverages,customer4530@example.com,3009432458
4531,Customer4531,User4531,Female,2004-02-02,2024-03-11,7,Dine-in,Biryani,customer4531@example.com,3003954424
4532,Customer4532,User4532,Female,1996-03-11,2024-05-16,17,Dine-in,Burgers,customer4532@example.com,3006499222
4533,Customer4533,User4533,Other,1973-05-01,2024-02-25,10,Third-party Delivery,Pizza,customer4533@example.com,3006292939
4534,Customer4534,User4534,Other,1999-12-01,2024-01-01,3,Dine-in,Burgers,customer4534@example.com,3008562241
4535,Customer4535,User4535,Male,2003-09-11,2024-05-13,15,Takeaway,BBQ,,3009323962
4536,Customer4536,User4536,Female,1985-07-25,2024-10-08,19,Dine-in,Beverages,customer4536@example.com,3005635450
4537,Customer4537,User4537,Male,1983-02-19,2024-09-11,19,Third-party Delivery,Desserts,customer4537@example.com,3002135541
4538,Customer4538,User4538,Other,1984-03-04,2024-04-01,12,Website/App,Biryani,customer4538@example.com,3005246633
4539,Customer4539,User4539,Other,1981-06-21,2024-02-04,3,Dine-in,Rice,customer4539@example.com,3006928611
4540,Customer4540,User4540,Other,1989-12-01,2024-10-10,6,Website/App,Pizza,customer4540@example.com,3004044079
4541,Customer4541,User4541,Female,1998-10-20,2024-12-27,19,Dine-in,Rice,customer4541@example.com,3003340792
4542,Customer4542,User4542,Male,2004-12-15,2024-11-14,15,Third-party Delivery,Sandwiches,customer4542@example.com,3001608572
4543,Customer4543,User4543,Other,1994-03-27,2024-12-17,19,Website/App,Pizza,customer4543@example.com,3004389207
4544,Customer4544,User4544,Female,1971-11-07,2024-10-20,16,Takeaway,Beverages,customer4544@example.com,3008736569
4545,Customer4545,User4545,Female,1988-11-23,2024-11-07,1,Dine-in,Beverages,customer4545@example.com,3004297610
4546,Customer4546,User4546,Female,1985-03-23,2024-10-22,7,Third-party Delivery,Burgers,customer4546@example.com,3004025947
4547,Customer4547,User4547,Female,1994-04-17,2024-03-01,16,Dine-in,Pasta,customer4547@example.com,3006182772
4548,Customer4548,User4548,Other,1975-09-11,2024-02-08,8,Dine-in,Pizza,customer4548@example.com,3008883680
4549,Customer4549,User4549,Other,1996-01-11,2024-08-27,15,Third-party Delivery,Desserts,customer4549@example.com,3009276082
4550,Customer4550,User4550,Male,1978-12-26,2024-11-18,18,Takeaway,Burgers,customer4550@example.com,3004819649
4551,Customer4551,User4551,Male,1979-09-15,2024-06-26,15,Website/App,Burgers,customer4551@example.com,3006998218
4552,Customer4552,User4552,Other,1981-04-22,2024-01-07,14,Dine-in,Sandwiches,customer4552@example.com,3008346846
4553,Customer4553,User4553,Female,2003-08-04,2024-10-28,6,Website/App,Salads,customer4553@example.com,3008921344
4554,Customer4554,User4554,Other,1981-07-11,2024-06-25,15,Dine-in,Rice,customer4554@example.com,3007792680
4555,Customer4555,User4555,Female,1996-08-09,2024-12-12,4,Website/App,Pasta,customer4555@example.com,3004839960
4556,Customer4556,User4556,Female,1992-03-12,2024-08-24,10,Website/App,Beverages,customer4556@example.com,3009922855
4557,Customer4557,User4557,Male,1990-03-24,2024-07-21,20,Dine-in,Pizza,customer4557@example.com,3009734649
4558,Customer4558,User4558,Female,1976-02-27,2024-02-11,14,Third-party Delivery,Rice,customer4558@example.com,3004896063
4559,Customer4559,User4559,Other,1992-02-11,2024-08-14,10,Third-party Delivery,Desserts,customer4559@example.com,3001622052
4560,Customer4560,User4560,Other,1993-01-22,2024-07-25,18,Dine-in,Salads,customer4560@example.com,3004393588
4561,Customer4561,User4561,Other,1983-02-28,2024-10-08,9,Third-party Delivery,Pasta,customer4561@example.com,3002015565
4562,Customer4562,User4562,Male,2001-06-17,2024-07-02,8,Website/App,Pasta,customer4562@example.com,3007322030
4563,Customer4563,User4563,Male,1985-04-25,2024-09-19,5,Takeaway,BBQ,customer4563@example.com,3007032508
4564,Customer4564,User4564,Male,1987-06-15,2024-01-11,3,Website/App,Pasta,customer4564@example.com,3008893828
4565,Customer4565,User4565,Other,1978-07-07,2024-09-18,1,Takeaway,Biryani,customer4565@example.com,3005518835
4566,Customer4566,User4566,Other,1979-08-03,2024-07-04,17,Third-party Delivery,Biryani,customer4566@example.com,3009577333
4567,Customer4567,User4567,Other,1994-10-15,2024-12-09,16,Third-party Delivery,Biryani,customer4567@example.com,3004617166
4568,Customer4568,User4568,Other,2000-01-07,2024-11-18,12,Website/App,Desserts,customer4568@example.com,3008447413
4569,Customer4569,User4569,Other,1981-07-17,2024-02-19,7,Dine-in,Salads,customer4569@example.com,3003600753
4570,Customer4570,User4570,Male,1987-02-25,2024-12-06,8,Takeaway,Beverages,customer4570@example.com,3001016380
4571,Customer4571,User4571,Female,1981-06-08,2024-11-19,9,Dine-in,Beverages,customer4571@example.com,3007048702
4572,Customer4572,User4572,Female,1991-06-09,2024-02-27,18,Takeaway,Pasta,customer4572@example.com,3009889191
4573,Customer4573,User4573,Male,1975-05-25,2024-01-02,8,Website/App,Sandwiches,customer4573@example.com,3004769135
4574,Customer4574,User4574,Male,1982-03-17,2024-03-14,16,Takeaway,Pasta,customer4574@example.com,3006079546
4575,Customer4575,User4575,Other,1970-05-15,2024-10-27,18,Third-party Delivery,Pasta,customer4575@example.com,3008432790
4576,Customer4576,User4576,Male,1997-09-19,2024-12-14,5,Dine-in,Rice,customer4576@example.com,3003478986
4577,Customer4577,User4577,Other,1993-01-17,2024-07-06,18,Third-party Delivery,Beverages,customer4577@example.com,3006263495
4578,Customer4578,User4578,Female,1988-11-07,2024-05-15,13,Dine-in,Beverages,customer4578@example.com,3003933311
4579,Customer4579,User4579,Male,1971-10-06,2024-06-18,15,Takeaway,Beverages,customer4579@example.com,3005856664
4580,Customer4580,User4580,Female,1999-11-07,2024-07-07,3,Third-party Delivery,Rice,customer4580@example.com,3005095100
4581,Customer4581,User4581,Male,1988-07-02,2024-02-16,6,Third-party Delivery,Biryani,customer4581@example.com,3009625997
4582,Customer4582,User4582,Male,1985-04-23,2024-07-10,20,Dine-in,Beverages,customer4582@example.com,3005764423
4583,Customer4583,User4583,Other,2001-05-19,2024-02-21,3,Third-party Delivery,Rice,customer4583@example.com,3005263544
4584,Customer4584,User4584,Other,1984-11-02,2024-04-04,2,Dine-in,Sandwiches,customer4584@example.com,3007913028
4585,Customer4585,User4585,Male,1994-07-06,2024-03-17,9,Website/App,Pasta,customer4585@example.com,3006134282
4586,Customer4586,User4586,Male,1988-01-18,2024-11-11,15,Third-party Delivery,Biryani,customer4586@example.com,3003732023
4587,Customer4587,User4587,Other,1992-02-25,2024-02-21,1,Website/App,Beverages,customer4587@example.com,3008163695
4588,Customer4588,User4588,Male,1972-07-24,2024-07-24,2,Dine-in,Biryani,customer4588@example.com,3007534155
4589,Customer4589,User4589,Male,1988-07-19,2024-01-21,4,Third-party Delivery,BBQ,customer4589@example.com,3006628763
4590,Customer4590,User4590,Male,2002-11-20,2024-02-27,13,Takeaway,BBQ,customer4590@example.com,3005654943
4591,Customer4591,User4591,Male,1971-07-13,2024-11-16,18,Website/App,Pasta,customer4591@example.com,3008896000
4592,Customer4592,User4592,Male,1979-02-14,2024-06-02,6,Website/App,Biryani,customer4592@example.com,3004547699
4593,Customer4593,User4593,Other,1982-06-09,2024-12-09,1,Third-party Delivery,Pizza,customer4593@example.com,3002135338
4594,Customer4594,User4594,Other,1970-11-15,2024-03-20,17,Website/App,Burgers,customer4594@example.com,3003834187
4595,Customer4595,User4595,Male,1971-06-21,2024-12-01,14,Third-party Delivery,Desserts,customer4595@example.com,3002581855
4596,Customer4596,User4596,Female,2004-06-08,2024-04-22,7,Dine-in,Desserts,customer4596@example.com,3002351890
4597,Customer4597,User4597,Female,1999-10-25,2024-06-12,9,Dine-in,Biryani,customer4597@example.com,3003782239
4598,Customer4598,User4598,Female,1981-03-01,2024-03-17,18,Dine-in,Pasta,customer4598@example.com,3004036635
4599,Customer4599,User4599,Male,2002-10-28,2024-11-12,5,Dine-in,Desserts,customer4599@example.com,3007584654
4600,Customer4600,User4600,Other,1970-02-27,2024-03-14,20,Third-party Delivery,Biryani,customer4600@example.com,3006606348
4601,Customer4601,User4601,Male,1990-01-16,2024-12-08,5,Website/App,Salads,customer4601@example.com,3002062926
4602,Customer4602,User4602,Male,1988-04-02,2024-04-27,6,Website/App,Burgers,customer4602@example.com,3003825056
4603,Customer4603,User4603,Female,1986-10-13,2024-03-26,8,Takeaway,Beverages,customer4603@example.com,3005726384
4604,Customer4604,User4604,Female,1973-11-27,2024-04-16,13,Website/App,BBQ,customer4604@example.com,3004531380
4605,Customer4605,User4605,Other,1987-03-27,2024-12-18,12,Dine-in,Rice,customer4605@example.com,3004770923
4606,Customer4606,User4606,Male,2003-07-21,2024-05-27,4,Website/App,Beverages,customer4606@example.com,3007903232
4607,Customer4607,User4607,Other,1985-03-19,2024-11-02,17,Website/App,Burgers,customer4607@example.com,3006581778
4608,Customer4608,User4608,Male,1987-11-17,2024-08-22,4,Website/App,Salads,customer4608@example.com,3001465261
4609,Customer4609,User4609,Female,1977-09-05,2024-04-15,16,Takeaway,Pizza,customer4609@example.com,3001995792
4610,Customer4610,User4610,Other,1973-08-09,2024-05-09,16,Takeaway,Salads,customer4610@example.com,3002798879
4611,Customer4611,User4611,Other,1974-08-04,2024-08-09,1,Dine-in,Rice,customer4611@example.com,3005298324
4612,Customer4612,User4612,Female,1995-09-22,2024-09-23,9,Third-party Delivery,Pasta,customer4612@example.com,3009166533
4613,Customer4613,User4613,Male,2000-05-25,2024-05-20,13,Third-party Delivery,Sandwiches,customer4613@example.com,3001082410
4614,Customer4614,User4614,Female,1978-04-13,2024-07-24,2,Website/App,Desserts,customer4614@example.com,3005417718
4615,Customer4615,User4615,Male,1979-01-18,2024-02-18,1,Takeaway,Sandwiches,customer4615@example.com,3009669760
4616,Customer4616,User4616,Other,1983-09-21,2024-03-12,5,Website/App,Burgers,customer4616@example.com,3006136112
4617,Customer4617,User4617,Male,1985-06-04,2024-07-01,5,Third-party Delivery,Salads,customer4617@example.com,3006513147
4618,Customer4618,User4618,Female,1998-06-05,2024-12-14,14,Website/App,Beverages,customer4618@example.com,3001861002
4619,Customer4619,User4619,Male,1976-07-07,2024-07-16,17,Dine-in,Desserts,customer4619@example.com,3006286482
4620,Customer4620,User4620,Male,1986-11-18,2024-02-08,11,Takeaway,Desserts,customer4620@example.com,3007467175
4621,Customer4621,User4621,Female,1980-10-27,2024-09-08,20,Takeaway,Burgers,customer4621@example.com,3004509673
4622,Customer4622,User4622,Other,1992-04-20,2024-06-05,13,Dine-in,Beverages,customer4622@example.com,3006800318
4623,Customer4623,User4623,Male,1981-10-26,2024-09-27,15,Takeaway,BBQ,customer4623@example.com,3001506591
4624,Customer4624,User4624,Male,1975-05-20,2024-10-16,10,Third-party Delivery,Pasta,customer4624@example.com,3005569016
4625,Customer4625,User4625,Other,2001-04-22,2024-11-15,15,Dine-in,BBQ,customer4625@example.com,3001668591
4626,Customer4626,User4626,Other,1996-08-18,2024-02-20,10,Website/App,Sandwiches,customer4626@example.com,3006643721
4627,Customer4627,User4627,Other,2000-08-08,2024-10-13,4,Dine-in,Rice,customer4627@example.com,3005208028
4628,Customer4628,User4628,Male,1991-08-07,2024-07-18,19,Dine-in,Burgers,customer4628@example.com,3009705509
4629,Customer4629,User4629,Other,1971-05-26,2024-02-23,16,Website/App,Sandwiches,customer4629@example.com,3005662619
4630,Customer4630,User4630,Male,1972-08-28,2024-12-06,4,Third-party Delivery,Desserts,customer4630@example.com,3002146797
4631,Customer4631,User4631,Other,1997-10-19,2024-02-13,11,Third-party Delivery,Biryani,customer4631@example.com,3004885590
4632,Customer4632,User4632,Female,1985-05-25,2024-02-04,2,Website/App,Beverages,customer4632@example.com,3006566909
4633,Customer4633,User4633,Female,1996-08-04,2024-03-13,11,Third-party Delivery,Biryani,customer4633@example.com,3002118635
4634,Customer4634,User4634,Other,1979-10-27,2024-02-06,16,Website/App,Biryani,customer4634@example.com,3005332793
4635,Customer4635,User4635,Other,1974-10-13,2024-01-21,17,Website/App,Pizza,,3006833015
4636,Customer4636,User4636,Other,1991-06-07,2024-08-23,8,Dine-in,BBQ,customer4636@example.com,3004598788
4637,Customer4637,User4637,Female,1996-04-04,2024-09-11,12,Third-party Delivery,Desserts,customer4637@example.com,3001365719
4638,Customer4638,User4638,Female,1977-07-25,2024-10-27,9,Website/App,Beverages,customer4638@example.com,3002601856
4639,Customer4639,User4639,Female,1989-01-01,2024-01-24,9,Dine-in,Desserts,customer4639@example.com,3007200717
4640,Customer4640,User4640,Female,1972-03-08,2024-02-02,14,Website/App,Burgers,customer4640@example.com,3008458025
4641,Customer4641,User4641,Other,2001-03-19,2024-07-17,6,Takeaway,Beverages,customer4641@example.com,3009444015
4642,Customer4642,User4642,Other,1991-12-26,2024-05-05,15,Takeaway,BBQ,customer4642@example.com,3005338975
4643,Customer4643,User4643,Other,2001-10-27,2024-12-20,5,Website/App,Pizza,customer4643@example.com,3009060455
4644,Customer4644,User4644,Other,1982-07-14,2024-11-27,11,Website/App,Desserts,customer4644@example.com,3007144239
4645,Customer4645,User4645,Other,1999-09-23,2024-11-24,8,Third-party Delivery,Pizza,customer4645@example.com,3002003918
4646,Customer4646,User4646,Other,1990-04-19,2024-12-23,5,Website/App,Salads,customer4646@example.com,3001925152
4647,Customer4647,User4647,Female,2001-08-04,2024-09-11,7,Third-party Delivery,Burgers,customer4647@example.com,3002792114
4648,Customer4648,User4648,Female,1988-04-23,2024-01-09,2,Takeaway,Pasta,customer4648@example.com,3007325356
4649,Customer4649,User4649,Male,1972-05-04,2024-04-04,14,Third-party Delivery,Desserts,customer4649@example.com,3008798859
4650,Customer4650,User4650,Female,1979-08-25,2024-01-15,4,Takeaway,Desserts,customer4650@example.com,3008863701
4651,Customer4651,User4651,Male,1998-07-07,2024-12-11,1,Third-party Delivery,BBQ,customer4651@example.com,3003993858
4652,Customer4652,User4652,Other,1999-03-19,2024-12-20,1,Website/App,Rice,customer4652@example.com,3009585250
4653,Customer4653,User4653,Other,1976-08-24,2024-07-15,13,Takeaway,Biryani,customer4653@example.com,3008355184
4654,Customer4654,User4654,Male,1979-12-12,2024-05-08,3,Third-party Delivery,Rice,customer4654@example.com,3002119802
4655,Customer4655,User4655,Female,2002-05-14,2024-05-16,5,Website/App,Sandwiches,customer4655@example.com,3001908971
4656,Customer4656,User4656,Female,1994-08-17,2024-03-21,2,Takeaway,Sandwiches,customer4656@example.com,3001359745
4657,Customer4657,User4657,Female,1976-06-23,2024-12-12,2,Takeaway,Sandwiches,customer4657@example.com,3002084929
4658,Customer4658,User4658,Male,1986-01-23,2024-10-28,16,Takeaway,Pizza,customer4658@example.com,3003266032
4659,Customer4659,User4659,Male,1973-12-14,2024-07-15,14,Third-party Delivery,Pasta,customer4659@example.com,3005806454
4660,Customer4660,User4660,Other,1970-06-08,2024-12-21,6,Website/App,Biryani,customer4660@example.com,3002911249
4661,Customer4661,User4661,Other,1996-10-09,2024-04-11,8,Takeaway,Beverages,customer4661@example.com,3008286948
4662,Customer4662,User4662,Male,1999-09-22,2024-01-12,18,Dine-in,Rice,customer4662@example.com,3009712305
4663,Customer4663,User4663,Male,1991-08-08,2024-03-04,8,Third-party Delivery,Desserts,customer4663@example.com,3007456703
4664,Customer4664,User4664,Female,1992-06-27,2024-06-05,14,Dine-in,Pasta,customer4664@example.com,3002998880
4665,Customer4665,User4665,Male,1998-01-24,2024-06-22,12,Third-party Delivery,Burgers,customer4665@example.com,3007109760
4666,Customer4666,User4666,Male,1993-01-18,2024-07-18,16,Website/App,BBQ,customer4666@example.com,3002553735
4667,Customer4667,User4667,Male,1982-06-22,2024-10-19,18,Third-party Delivery,Biryani,customer4667@example.com,3006334546
4668,Customer4668,User4668,Other,1995-10-05,2024-07-08,11,Third-party Delivery,Burgers,customer4668@example.com,3001587065
4669,Customer4669,User4669,Female,1981-06-22,2024-06-03,12,Dine-in,Desserts,customer4669@example.com,3008494985
4670,Customer4670,User4670,Other,1993-02-28,2024-10-07,16,Website/App,Salads,customer4670@example.com,3006613245
4671,Customer4671,User4671,Male,1974-03-15,2024-04-09,9,Website/App,Beverages,customer4671@example.com,3001333764
4672,Customer4672,User4672,Other,1974-10-16,2024-07-23,6,Dine-in,Rice,customer4672@example.com,3005510460
4673,Customer4673,User4673,Female,1975-07-09,2024-11-13,3,Website/App,Biryani,customer4673@example.com,3008239882
4674,Customer4674,User4674,Female,1985-03-26,2024-03-05,9,Third-party Delivery,Burgers,customer4674@example.com,3009557352
4675,Customer4675,User4675,Male,1970-02-09,2024-09-23,4,Takeaway,Salads,customer4675@example.com,3008427751
4676,Customer4676,User4676,Male,2004-05-02,2024-09-20,9,Takeaway,Desserts,customer4676@example.com,3006067403
4677,Customer4677,User4677,Other,1977-03-13,2024-09-04,16,Takeaway,Burgers,customer4677@example.com,3001238320
4678,Customer4678,User4678,Other,1971-06-17,2024-09-26,19,Dine-in,Pasta,customer4678@example.com,3009520610
4679,Customer4679,User4679,Male,2004-02-09,2024-01-07,7,Website/App,Burgers,customer4679@example.com,3006702848
4680,Customer4680,User4680,Male,1977-12-24,2024-01-11,13,Takeaway,Pasta,customer4680@example.com,3009694175
4681,Customer4681,User4681,Other,1997-10-19,2024-01-21,6,Dine-in,Rice,customer4681@example.com,3002149024
4682,Customer4682,User4682,Male,1996-12-14,2024-10-10,14,Dine-in,Biryani,customer4682@example.com,3002259739
4683,Customer4683,User4683,Male,1988-07-15,2024-07-25,9,Takeaway,Beverages,customer4683@example.com,3002925216
4684,Customer4684,User4684,Male,1992-10-17,2024-04-13,6,Dine-in,Desserts,customer4684@example.com,3005487505
4685,Customer4685,User4685,Other,2002-09-26,2024-05-19,11,Dine-in,Biryani,customer4685@example.com,3007522861
4686,Customer4686,User4686,Male,1979-01-08,2024-04-03,9,Third-party Delivery,Pasta,customer4686@example.com,3008000344
4687,Customer4687,User4687,Other,1992-08-23,2024-02-25,14,Third-party Delivery,Pasta,customer4687@example.com,3009237087
4688,Customer4688,User4688,Other,1976-04-01,2024-05-19,20,Website/App,Burgers,customer4688@example.com,3006086958
4689,Customer4689,User4689,Male,2002-10-22,2024-07-10,4,Third-party Delivery,BBQ,customer4689@example.com,3006900708
4690,Customer4690,User4690,Male,2003-07-05,2024-12-23,19,Website/App,Rice,customer4690@example.com,3003184117
4691,Customer4691,User4691,Male,1984-01-16,2024-03-09,18,Third-party Delivery,Sandwiches,customer4691@example.com,3005272706
4692,Customer4692,User4692,Male,1981-07-04,2024-04-22,19,Website/App,Pasta,customer4692@example.com,3009220960
4693,Customer4693,User4693,Female,1990-09-13,2024-02-17,1,Website/App,Beverages,customer4693@example.com,3004356745
4694,Customer4694,User4694,Other,1985-05-02,2024-09-08,12,Website/App,BBQ,customer4694@example.com,3003361529
4695,Customer4695,User4695,Other,2000-09-17,2024-06-19,18,Dine-in,Salads,customer4695@example.com,3003885423
4696,Customer4696,User4696,Male,1997-10-13,2024-06-13,20,Takeaway,Biryani,customer4696@example.com,3007215218
4697,Customer4697,User4697,Other,1996-03-15,2024-07-23,6,Takeaway,Rice,customer4697@example.com,3007951103
4698,Customer4698,User4698,Other,1985-02-26,2024-03-16,11,Takeaway,BBQ,customer4698@example.com,3003059669
4699,Customer4699,User4699,Other,1983-10-24,2024-10-23,12,Website/App,Desserts,customer4699@example.com,3001548885
4700,Customer4700,User4700,Male,1978-09-01,2024-02-28,15,Third-party Delivery,Pizza,customer4700@example.com,3001448551
4701,Customer4701,User4701,Female,1978-10-10,2024-06-28,1,Takeaway,Sandwiches,customer4701@example.com,3005802704
4702,Customer4702,User4702,Female,1999-04-25,2024-06-22,7,Website/App,Pizza,customer4702@example.com,3005729067
4703,Customer4703,User4703,Other,1985-10-03,2024-01-24,7,Takeaway,Rice,customer4703@example.com,3003075279
4704,Customer4704,User4704,Other,1997-11-24,2024-07-15,19,Dine-in,Sandwiches,customer4704@example.com,3008080467
4705,Customer4705,User4705,Other,2001-12-09,2024-08-16,5,Dine-in,Pizza,customer4705@example.com,3002333336
4706,Customer4706,User4706,Other,1973-05-01,2024-09-08,17,Website/App,Rice,customer4706@example.com,3008856352
4707,Customer4707,User4707,Other,1981-07-01,2024-02-21,18,Third-party Delivery,Desserts,customer4707@example.com,3008980551
4708,Customer4708,User4708,Other,1992-11-08,2024-04-28,10,Takeaway,Biryani,customer4708@example.com,3006444247
4709,Customer4709,User4709,Male,1984-10-05,2024-03-09,5,Website/App,Desserts,customer4709@example.com,3009000939
4710,Customer4710,User4710,Female,1981-08-15,2024-05-12,15,Website/App,Burgers,customer4710@example.com,3003765816
4711,Customer4711,User4711,Male,2003-09-12,2024-03-03,4,Website/App,Beverages,customer4711@example.com,3006184358
4712,Customer4712,User4712,Female,1972-04-23,2024-07-07,17,Takeaway,Salads,customer4712@example.com,3007647738
4713,Customer4713,User4713,Other,2004-08-18,2024-09-28,10,Takeaway,Burgers,customer4713@example.com,3005787580
4714,Customer4714,User4714,Female,1991-12-21,2024-12-19,18,Takeaway,Pasta,customer4714@example.com,3009438412
4715,Customer4715,User4715,Other,1989-08-25,2024-08-02,13,Takeaway,Salads,customer4715@example.com,3003980610
4716,Customer4716,User4716,Other,1991-04-05,2024-11-21,2,Takeaway,Pasta,customer4716@example.com,3006209100
4717,Customer4717,User4717,Female,1975-07-23,2024-11-23,16,Website/App,Sandwiches,customer4717@example.com,3008467631
4718,Customer4718,User4718,Other,1998-09-22,2024-02-17,19,Third-party Delivery,Rice,customer4718@example.com,3007950212
4719,Customer4719,User4719,Other,1975-04-28,2024-10-11,20,Website/App,Pasta,customer4719@example.com,3003266062
4720,Customer4720,User4720,Other,1974-02-23,2024-09-11,15,Takeaway,Rice,customer4720@example.com,3006573197
4721,Customer4721,User4721,Other,1973-02-20,2024-05-15,7,Third-party Delivery,Desserts,customer4721@example.com,3008088706
4722,Customer4722,User4722,Male,1995-11-07,2024-09-26,19,Third-party Delivery,Pasta,customer4722@example.com,3005899948
4723,Customer4723,User4723,Other,2001-11-15,2024-10-03,16,Takeaway,Biryani,customer4723@example.com,3001341001
4724,Customer4724,User4724,Male,1977-01-26,2024-01-04,9,Takeaway,Beverages,customer4724@example.com,3007841747
4725,Customer4725,User4725,Other,1996-10-02,2024-07-06,11,Dine-in,Pasta,customer4725@example.com,3009194708
4726,Customer4726,User4726,Female,1991-02-09,2024-10-25,2,Third-party Delivery,Desserts,customer4726@example.com,3002646766
4727,Customer4727,User4727,Other,1970-11-17,2024-01-01,9,Website/App,Beverages,customer4727@example.com,3009115935
4728,Customer4728,User4728,Male,1987-03-22,2024-03-16,10,Third-party Delivery,Sandwiches,customer4728@example.com,3006864827
4729,Customer4729,User4729,Other,1978-10-10,2024-09-07,2,Website/App,Pizza,customer4729@example.com,3008661118
4730,Customer4730,User4730,Male,1999-03-24,2024-06-03,6,Takeaway,BBQ,customer4730@example.com,3004450602
4731,Customer4731,User4731,Male,1990-04-14,2024-08-12,15,Third-party Delivery,Desserts,customer4731@example.com,3008453738
4732,Customer4732,User4732,Male,1986-12-26,2024-03-13,11,Third-party Delivery,Pasta,customer4732@example.com,3001806785
4733,Customer4733,User4733,Male,1974-01-10,2024-12-21,19,Third-party Delivery,Salads,customer4733@example.com,3002546025
4734,Customer4734,User4734,Female,1970-08-16,2024-02-21,6,Dine-in,Sandwiches,customer4734@example.com,3002431751
4735,Customer4735,User4735,Other,1972-08-27,2024-05-13,13,Third-party Delivery,Salads,customer4735@example.com,3009347270
4736,Customer4736,User4736,Other,1987-08-05,2024-12-03,15,Dine-in,Biryani,customer4736@example.com,3005862556
4737,Customer4737,User4737,Male,1993-07-14,2024-09-22,8,Dine-in,Rice,customer4737@example.com,3003577642
4738,Customer4738,User4738,Female,1982-07-28,2024-10-12,5,Website/App,Pasta,customer4738@example.com,3009925796
4739,Customer4739,User4739,Female,1994-08-07,2024-06-24,1,Third-party Delivery,Beverages,customer4739@example.com,3002570626
4740,Customer4740,User4740,Other,1973-11-16,2024-03-17,8,Website/App,Desserts,customer4740@example.com,3007476122
4741,Customer4741,User4741,Female,1996-12-22,2024-02-06,13,Dine-in,BBQ,customer4741@example.com,3004432778
4742,Customer4742,User4742,Other,1995-11-08,2024-02-25,19,Third-party Delivery,Biryani,customer4742@example.com,3008405418
4743,Customer4743,User4743,Female,1995-12-10,2024-05-08,19,Dine-in,Salads,customer4743@example.com,3006341250
4744,Customer4744,User4744,Male,1991-07-13,2024-04-01,2,Third-party Delivery,Rice,customer4744@example.com,3007544261
4745,Customer4745,User4745,Male,1977-01-12,2024-11-03,13,Website/App,Burgers,customer4745@example.com,3008471450
4746,Customer4746,User4746,Other,1999-12-26,2024-12-28,2,Website/App,Beverages,customer4746@example.com,3002813519
4747,Customer4747,User4747,Male,1983-12-21,2024-06-25,7,Third-party Delivery,Rice,customer4747@example.com,3007972878
4748,Customer4748,User4748,Female,1980-08-21,2024-03-25,20,Website/App,Salads,customer4748@example.com,3007586181
4749,Customer4749,User4749,Female,1999-08-23,2024-01-11,12,Website/App,Beverages,customer4749@example.com,3001619634
4750,Customer4750,User4750,Female,1975-03-23,2024-10-20,13,Dine-in,Pasta,customer4750@example.com,3005906351
4751,Customer4751,User4751,Other,1981-08-01,2024-01-22,5,Takeaway,Rice,customer4751@example.com,3002759413
4752,Customer4752,User4752,Male,1978-07-17,2024-10-07,16,Website/App,Sandwiches,customer4752@example.com,3001330703
4753,Customer4753,User4753,Male,1974-04-14,2024-09-28,18,Website/App,Pizza,customer4753@example.com,3007034867
4754,Customer4754,User4754,Female,2000-02-23,2024-03-24,20,Dine-in,Beverages,customer4754@example.com,3005461276
4755,Customer4755,User4755,Male,1993-02-24,2024-10-12,14,Dine-in,Desserts,customer4755@example.com,3008310391
4756,Customer4756,User4756,Other,1993-06-18,2024-10-06,5,Takeaway,Pasta,customer4756@example.com,3007065485
4757,Customer4757,User4757,Male,2004-06-18,2024-08-22,1,Third-party Delivery,Rice,customer4757@example.com,3001096335
4758,Customer4758,User4758,Other,1979-03-18,2024-12-06,20,Takeaway,Rice,customer4758@example.com,3006986353
4759,Customer4759,User4759,Male,2004-08-17,2024-10-16,4,Website/App,Rice,customer4759@example.com,3006884604
4760,Customer4760,User4760,Other,1996-05-16,2024-03-14,17,Website/App,Desserts,customer4760@example.com,3005464125
4761,Customer4761,User4761,Female,1987-11-12,2024-06-02,15,Takeaway,Beverages,customer4761@example.com,3005116953
4762,Customer4762,User4762,Male,1970-02-18,2024-06-24,2,Dine-in,Beverages,customer4762@example.com,3009056135
4763,Customer4763,User4763,Female,1995-12-10,2024-06-25,1,Website/App,Beverages,customer4763@example.com,3002864190
4764,Customer4764,User4764,Other,1970-06-17,2024-01-04,1,Third-party Delivery,Desserts,customer4764@example.com,3009251411
4765,Customer4765,User4765,Female,1986-08-14,2024-02-19,7,Third-party Delivery,Beverages,customer4765@example.com,3008159988
4766,Customer4766,User4766,Female,1982-07-26,2024-11-10,13,Website/App,Rice,customer4766@example.com,3004678538
4767,Customer4767,User4767,Male,1989-08-15,2024-05-24,19,Third-party Delivery,Rice,customer4767@example.com,3004332504
4768,Customer4768,User4768,Female,1979-03-26,2024-12-14,6,Dine-in,Salads,customer4768@example.com,3002245952
4769,Customer4769,User4769,Female,1970-03-07,2024-08-10,7,Third-party Delivery,Rice,customer4769@example.com,3005836861
4770,Customer4770,User4770,Female,1973-06-06,2024-02-20,10,Dine-in,Pasta,customer4770@example.com,3001065512
4771,Customer4771,User4771,Female,2000-03-25,2024-07-01,20,Third-party Delivery,Salads,customer4771@example.com,3008165002
4772,Customer4772,User4772,Male,1974-05-12,2024-10-16,15,Takeaway,Sandwiches,customer4772@example.com,3007335901
4773,Customer4773,User4773,Male,2004-12-11,2024-10-04,20,Dine-in,Desserts,customer4773@example.com,3006000263
4774,Customer4774,User4774,Female,1984-07-14,2024-06-07,20,Third-party Delivery,Beverages,customer4774@example.com,3009844162
4775,Customer4775,User4775,Female,2003-08-26,2024-05-17,20,Website/App,Pasta,customer4775@example.com,3008594765
4776,Customer4776,User4776,Male,1985-02-26,2024-11-20,18,Website/App,BBQ,customer4776@example.com,3005428279
4777,Customer4777,User4777,Other,1994-02-14,2024-04-28,19,Website/App,Biryani,customer4777@example.com,3006686594
4778,Customer4778,User4778,Female,1986-08-16,2024-08-09,8,Third-party Delivery,Biryani,customer4778@example.com,3002331421
4779,Customer4779,User4779,Male,1984-09-09,2024-09-15,15,Website/App,Sandwiches,customer4779@example.com,3002219835
4780,Customer4780,User4780,Other,1975-09-25,2024-10-27,17,Third-party Delivery,Pasta,customer4780@example.com,3007263149
4781,Customer4781,User4781,Female,2004-04-05,2024-12-06,20,Dine-in,Burgers,customer4781@example.com,3002002200
4782,Customer4782,User4782,Female,1970-06-10,2024-06-24,4,Third-party Delivery,Rice,customer4782@example.com,3007371718
4783,Customer4783,User4783,Female,1993-05-02,2024-06-24,19,Dine-in,Salads,customer4783@example.com,3004760061
4784,Customer4784,User4784,Female,1989-03-10,2024-07-05,16,Dine-in,Biryani,customer4784@example.com,3004161562
4785,Customer4785,User4785,Other,1984-04-02,2024-07-11,8,Takeaway,Pasta,customer4785@example.com,3004267347
4786,Customer4786,User4786,Other,1993-10-16,2024-06-27,19,Dine-in,Salads,customer4786@example.com,3007642962
4787,Customer4787,User4787,Male,2002-03-24,2024-12-04,20,Third-party Delivery,Burgers,customer4787@example.com,3009813864
4788,Customer4788,User4788,Female,2001-11-11,2024-11-16,17,Takeaway,Desserts,customer4788@example.com,3004193467
4789,Customer4789,User4789,Female,1997-04-02,2024-10-16,15,Takeaway,Salads,customer4789@example.com,3009648175
4790,Customer4790,User4790,Other,1985-07-28,2024-07-14,1,Third-party Delivery,Salads,customer4790@example.com,3009364957
4791,Customer4791,User4791,Other,1990-06-01,2024-01-22,10,Website/App,Pasta,customer4791@example.com,3001777948
4792,Customer4792,User4792,Female,1978-10-13,2024-03-20,1,Dine-in,Burgers,customer4792@example.com,3008406188
4793,Customer4793,User4793,Other,1984-12-06,2024-12-05,13,Website/App,Biryani,customer4793@example.com,3008526914
4794,Customer4794,User4794,Other,1980-06-10,2024-07-08,1,Website/App,Salads,customer4794@example.com,3006105129
4795,Customer4795,User4795,Other,1975-12-12,2024-07-16,4,Dine-in,Desserts,customer4795@example.com,3008416816
4796,Customer4796,User4796,Female,1983-10-18,2024-12-26,15,Takeaway,BBQ,customer4796@example.com,3006297094
4797,Customer4797,User4797,Other,1975-12-19,2024-09-15,2,Website/App,Burgers,customer4797@example.com,3009302107
4798,Customer4798,User4798,Female,1990-04-23,2024-09-26,1,Website/App,Rice,customer4798@example.com,3007574693
4799,Customer4799,User4799,Female,2000-03-14,2024-09-07,20,Website/App,Burgers,customer4799@example.com,3008607440
4800,Customer4800,User4800,Other,1971-06-03,2024-04-28,2,Third-party Delivery,Salads,customer4800@example.com,3007969387
4801,Customer4801,User4801,Female,1981-02-25,2024-03-18,4,Website/App,Sandwiches,customer4801@example.com,3005065656
4802,Customer4802,User4802,Other,1998-01-27,2024-03-16,17,Website/App,Rice,customer4802@example.com,3008546317
4803,Customer4803,User4803,Other,1979-02-10,2024-12-19,6,Website/App,Pizza,customer4803@example.com,3004736199
4804,Customer4804,User4804,Female,1976-08-08,2024-01-28,14,Takeaway,Salads,customer4804@example.com,3001592910
4805,Customer4805,User4805,Other,1993-09-07,2024-01-14,18,Website/App,Beverages,customer4805@example.com,3004425716
4806,Customer4806,User4806,Female,2003-02-14,2024-08-06,7,Third-party Delivery,Sandwiches,customer4806@example.com,3006636677
4807,Customer4807,User4807,Other,1996-01-13,2024-08-16,12,Website/App,Salads,customer4807@example.com,3006968099
4808,Customer4808,User4808,Female,1985-12-25,2024-06-10,4,Dine-in,Pasta,customer4808@example.com,3008414162
4809,Customer4809,User4809,Female,1978-06-01,2024-05-02,6,Website/App,Beverages,customer4809@example.com,3009425407
4810,Customer4810,User4810,Other,1974-01-21,2024-09-11,11,Third-party Delivery,Biryani,customer4810@example.com,3004543855
4811,Customer4811,User4811,Female,2001-09-10,2024-06-26,16,Takeaway,Burgers,customer4811@example.com,3009831440
4812,Customer4812,User4812,Male,1979-05-04,2024-01-26,10,Dine-in,Pasta,customer4812@example.com,3001994338
4813,Customer4813,User4813,Female,1989-10-08,2024-02-13,13,Dine-in,Beverages,customer4813@example.com,3002994518
4814,Customer4814,User4814,Female,1977-02-11,2024-11-12,13,Third-party Delivery,Pizza,customer4814@example.com,3004874829
4815,Customer4815,User4815,Other,1988-01-23,2024-05-15,12,Dine-in,Burgers,customer4815@example.com,3001695101
4816,Customer4816,User4816,Female,1991-09-10,2024-01-21,18,Takeaway,Biryani,customer4816@example.com,3009012088
4817,Customer4817,User4817,Male,1995-10-20,2024-11-02,13,Website/App,Salads,customer4817@example.com,3006163197
4818,Customer4818,User4818,Other,1985-06-14,2024-11-12,17,Dine-in,Rice,customer4818@example.com,3007605885
4819,Customer4819,User4819,Male,1983-07-10,2024-08-05,6,Website/App,Pasta,customer4819@example.com,3006456075
4820,Customer4820,User4820,Other,1976-08-02,2024-09-24,8,Takeaway,Pasta,customer4820@example.com,3002084168
4821,Customer4821,User4821,Female,1981-05-09,2024-11-21,20,Third-party Delivery,Sandwiches,customer4821@example.com,3005157137
4822,Customer4822,User4822,Other,1972-01-24,2024-01-09,12,Takeaway,Salads,customer4822@example.com,3001304979
4823,Customer4823,User4823,Female,2004-12-14,2024-08-21,6,Website/App,Pizza,customer4823@example.com,3006059859
4824,Customer4824,User4824,Male,1994-02-24,2024-08-02,19,Third-party Delivery,Rice,customer4824@example.com,3002233396
4825,Customer4825,User4825,Female,1970-10-17,2024-02-13,14,Dine-in,Rice,customer4825@example.com,3001298940
4826,Customer4826,User4826,Male,2004-05-13,2024-10-04,6,Dine-in,Pasta,customer4826@example.com,3001916859
4827,Customer4827,User4827,Male,1994-05-11,2024-05-14,13,Takeaway,Pasta,customer4827@example.com,3008368425
4828,Customer4828,User4828,Male,1977-03-28,2024-06-08,14,Dine-in,Biryani,customer4828@example.com,3008405045
4829,Customer4829,User4829,Female,2002-08-13,2024-03-25,6,Website/App,Desserts,customer4829@example.com,3006185489
4830,Customer4830,User4830,Female,1987-06-02,2024-09-02,19,Third-party Delivery,Pizza,customer4830@example.com,3008822331
4831,Customer4831,User4831,Male,1984-02-25,2024-06-25,16,Dine-in,Sandwiches,customer4831@example.com,3001617785
4832,Customer4832,User4832,Female,1981-07-27,2024-02-09,9,Third-party Delivery,Pizza,customer4832@example.com,3008002686
4833,Customer4833,User4833,Female,1972-05-09,2024-02-12,6,Third-party Delivery,BBQ,customer4833@example.com,3005763536
4834,Customer4834,User4834,Female,2002-12-21,2024-03-20,14,Website/App,Pasta,customer4834@example.com,3005310929
4835,Customer4835,User4835,Male,1977-04-24,2024-08-18,2,Website/App,Salads,customer4835@example.com,3009488960
4836,Customer4836,User4836,Female,1997-03-01,2024-10-07,18,Takeaway,Desserts,customer4836@example.com,3005136095
4837,Customer4837,User4837,Other,1995-06-24,2024-03-10,6,Third-party Delivery,Sandwiches,customer4837@example.com,3001040779
4838,Customer4838,User4838,Other,2001-05-22,2024-11-04,10,Third-party Delivery,BBQ,customer4838@example.com,3005534221
4839,Customer4839,User4839,Male,1980-07-23,2024-02-07,12,Takeaway,BBQ,customer4839@example.com,3003599167
4840,Customer4840,User4840,Female,1992-06-13,2024-02-18,7,Takeaway,Sandwiches,customer4840@example.com,3003557449
4841,Customer4841,User4841,Male,1983-09-09,2024-02-28,12,Website/App,Pizza,customer4841@example.com,3001149213
4842,Customer4842,User4842,Other,1992-05-05,2024-11-12,5,Third-party Delivery,Pasta,customer4842@example.com,3001111203
4843,Customer4843,User4843,Female,1995-09-17,2024-11-02,17,Website/App,Beverages,customer4843@example.com,3003884389
4844,Customer4844,User4844,Other,1970-08-06,2024-08-03,5,Third-party Delivery,Rice,customer4844@example.com,3004448087
4845,Customer4845,User4845,Female,1972-12-22,2024-03-22,20,Takeaway,Desserts,customer4845@example.com,3009883500
4846,Customer4846,User4846,Male,1985-03-14,2024-08-06,15,Takeaway,Rice,customer4846@example.com,3003594612
4847,Customer4847,User4847,Female,1978-08-15,2024-12-14,15,Website/App,Sandwiches,customer4847@example.com,3006632834
4848,Customer4848,User4848,Other,2002-02-19,2024-11-28,10,Third-party Delivery,Beverages,customer4848@example.com,3008488495
4849,Customer4849,User4849,Other,1999-05-19,2024-11-05,19,Website/App,BBQ,customer4849@example.com,3004252808
4850,Customer4850,User4850,Male,1982-07-16,2024-06-21,16,Takeaway,Sandwiches,customer4850@example.com,3007859692
4851,Customer4851,User4851,Other,1986-12-27,2024-10-01,11,Takeaway,Sandwiches,,3008091596
4852,Customer4852,User4852,Female,2002-04-25,2024-03-02,7,Dine-in,Sandwiches,customer4852@example.com,3003071018
4853,Customer4853,User4853,Other,1983-02-16,2024-08-20,1,Website/App,Rice,customer4853@example.com,3006073548
4854,Customer4854,User4854,Male,1983-09-22,2024-09-08,7,Takeaway,Pizza,customer4854@example.com,3006350220
4855,Customer4855,User4855,Other,1976-09-01,2024-02-13,13,Website/App,Beverages,customer4855@example.com,3001190110
4856,Customer4856,User4856,Male,1985-07-05,2024-09-02,4,Takeaway,Beverages,customer4856@example.com,3009866857
4857,Customer4857,User4857,Other,1993-04-03,2024-02-12,9,Takeaway,Salads,customer4857@example.com,3009120577
4858,Customer4858,User4858,Other,1976-06-16,2024-04-09,3,Website/App,Salads,customer4858@example.com,3002416999
4859,Customer4859,User4859,Male,1994-07-01,2024-09-14,6,Takeaway,Sandwiches,customer4859@example.com,3006925986
4860,Customer4860,User4860,Male,1988-07-02,2024-03-14,6,Takeaway,BBQ,customer4860@example.com,3009295609
4861,Customer4861,User4861,Other,1978-03-11,2024-02-21,18,Takeaway,Sandwiches,customer4861@example.com,3002665967
4862,Customer4862,User4862,Male,1991-01-14,2024-03-03,2,Website/App,Burgers,customer4862@example.com,3002298331
4863,Customer4863,User4863,Female,2000-10-19,2024-08-21,1,Third-party Delivery,Biryani,customer4863@example.com,3009782090
4864,Customer4864,User4864,Male,1972-10-20,2024-08-21,12,Takeaway,Sandwiches,customer4864@example.com,3009908278
4865,Customer4865,User4865,Female,1996-06-02,2024-09-07,14,Dine-in,Sandwiches,customer4865@example.com,3003750775
4866,Customer4866,User4866,Male,1988-01-15,2024-04-16,7,Dine-in,Beverages,customer4866@example.com,3008606401
4867,Customer4867,User4867,Male,1987-04-19,2024-01-07,20,Dine-in,Salads,customer4867@example.com,3003601371
4868,Customer4868,User4868,Male,1973-06-28,2024-12-22,13,Takeaway,Sandwiches,customer4868@example.com,3001663754
4869,Customer4869,User4869,Female,1970-11-06,2024-11-10,16,Website/App,Beverages,customer4869@example.com,3006475517
4870,Customer4870,User4870,Other,1998-10-17,2024-12-18,17,Takeaway,Pizza,customer4870@example.com,3004876149
4871,Customer4871,User4871,Male,1999-04-18,2024-02-11,6,Takeaway,Salads,customer4871@example.com,3004476458
4872,Customer4872,User4872,Male,1978-10-15,2024-11-22,6,Website/App,BBQ,customer4872@example.com,3001623653
4873,Customer4873,User4873,Male,1988-10-22,2024-11-08,18,Website/App,Desserts,customer4873@example.com,3007171130
4874,Customer4874,User4874,Female,1985-11-03,2024-09-18,13,Website/App,Pasta,customer4874@example.com,3005500748
4875,Customer4875,User4875,Female,2004-01-02,2024-08-27,19,Takeaway,BBQ,customer4875@example.com,3008189094
4876,Customer4876,User4876,Male,1995-07-20,2024-09-08,16,Website/App,Pasta,customer4876@example.com,3007132153
4877,Customer4877,User4877,Other,1971-05-27,2024-06-18,8,Third-party Delivery,Pasta,customer4877@example.com,3001649151
4878,Customer4878,User4878,Male,2001-12-15,2024-01-20,19,Dine-in,Rice,customer4878@example.com,3002938935
4879,Customer4879,User4879,Female,1979-02-21,2024-02-26,8,Website/App,Salads,customer4879@example.com,3009394046
4880,Customer4880,User4880,Male,1988-04-07,2024-04-04,12,Third-party Delivery,Salads,customer4880@example.com,3008055228
4881,Customer4881,User4881,Female,1971-02-02,2024-02-10,13,Dine-in,Pizza,customer4881@example.com,3004353703
4882,Customer4882,User4882,Male,1990-03-01,2024-07-06,6,Third-party Delivery,Burgers,customer4882@example.com,3004474015
4883,Customer4883,User4883,Male,1994-12-09,2024-03-25,13,Third-party Delivery,Rice,customer4883@example.com,3004877261
4884,Customer4884,User4884,Male,1994-02-10,2024-01-18,5,Takeaway,Pizza,customer4884@example.com,3001130889
4885,Customer4885,User4885,Male,2000-02-23,2024-08-04,20,Website/App,Pasta,customer4885@example.com,3008803259
4886,Customer4886,User4886,Other,1986-01-11,2024-02-20,19,Website/App,Burgers,customer4886@example.com,3002234849
4887,Customer4887,User4887,Other,1970-01-27,2024-06-14,15,Takeaway,Pasta,customer4887@example.com,3003639017
4888,Customer4888,User4888,Female,1984-06-20,2024-06-03,16,Third-party Delivery,Rice,customer4888@example.com,3007065150
4889,Customer4889,User4889,Male,1986-02-08,2024-11-01,5,Takeaway,Beverages,customer4889@example.com,3007314480
4890,Customer4890,User4890,Female,1976-01-13,2024-07-11,14,Dine-in,Biryani,customer4890@example.com,3005946808
4891,Customer4891,User4891,Other,1980-04-12,2024-08-15,15,Website/App,Pizza,customer4891@example.com,3006050177
4892,Customer4892,User4892,Other,1972-06-16,2024-02-16,11,Takeaway,Biryani,customer4892@example.com,3003155957
4893,Customer4893,User4893,Other,2001-11-20,2024-10-28,16,Website/App,Biryani,customer4893@example.com,3007606282
4894,Customer4894,User4894,Male,1990-09-15,2024-09-20,17,Dine-in,Sandwiches,customer4894@example.com,3005182131
4895,Customer4895,User4895,Male,2000-02-11,2024-02-03,3,Website/App,Biryani,customer4895@example.com,3005413991
4896,Customer4896,User4896,Male,1980-05-23,2024-09-10,12,Website/App,Sandwiches,customer4896@example.com,3008375271
4897,Customer4897,User4897,Male,1974-11-07,2024-08-03,16,Website/App,Pizza,customer4897@example.com,3001009163
4898,Customer4898,User4898,Other,1996-07-20,2024-06-10,11,Dine-in,Beverages,customer4898@example.com,3006903630
4899,Customer4899,User4899,Female,1970-04-09,2024-01-04,3,Third-party Delivery,Sandwiches,customer4899@example.com,3002498797
4900,Customer4900,User4900,Female,1971-07-04,2024-04-21,2,Dine-in,Pizza,customer4900@example.com,3003109273
4901,Customer4901,User4901,Female,1983-09-08,2024-02-22,17,Dine-in,Desserts,customer4901@example.com,3003723493
4902,Customer4902,User4902,Male,1985-06-16,2024-10-13,12,Third-party Delivery,BBQ,customer4902@example.com,3001204940
4903,Customer4903,User4903,Male,1974-10-03,2024-11-25,11,Website/App,Biryani,customer4903@example.com,3007690936
4904,Customer4904,User4904,Other,1973-12-28,2024-08-18,5,Website/App,Pizza,customer4904@example.com,3003063131
4905,Customer4905,User4905,Female,1987-04-09,2024-12-06,10,Dine-in,Pizza,customer4905@example.com,3005252670
4906,Customer4906,User4906,Female,1990-05-22,2024-07-14,5,Website/App,Beverages,customer4906@example.com,3003447046
4907,Customer4907,User4907,Male,1984-01-21,2024-07-10,5,Dine-in,Pizza,customer4907@example.com,3008092219
4908,Customer4908,User4908,Other,1986-07-02,2024-04-17,20,Website/App,Pizza,customer4908@example.com,3006669692
4909,Customer4909,User4909,Other,1979-04-09,2024-12-14,13,Website/App,Biryani,customer4909@example.com,3002084304
4910,Customer4910,User4910,Female,1988-07-09,2024-06-07,8,Dine-in,Sandwiches,customer4910@example.com,3005535494
4911,Customer4911,User4911,Other,1990-01-14,2024-01-25,11,Website/App,Pizza,customer4911@example.com,3002612767
4912,Customer4912,User4912,Other,1983-08-21,2024-02-08,10,Third-party Delivery,Rice,customer4912@example.com,3002764731
4913,Customer4913,User4913,Other,1970-08-18,2024-10-28,2,Third-party Delivery,Beverages,customer4913@example.com,3008184597
4914,Customer4914,User4914,Other,1990-08-24,2024-07-02,4,Takeaway,Burgers,,3005601813
4915,Customer4915,User4915,Male,1990-11-28,2024-05-21,10,Third-party Delivery,BBQ,customer4915@example.com,3009360241
4916,Customer4916,User4916,Male,1985-05-23,2024-04-12,20,Third-party Delivery,Rice,customer4916@example.com,3008248077
4917,Customer4917,User4917,Other,2000-01-04,2024-11-14,17,Website/App,Biryani,customer4917@example.com,3007086977
4918,Customer4918,User4918,Male,1974-11-26,2024-12-16,11,Dine-in,BBQ,customer4918@example.com,3001068736
4919,Customer4919,User4919,Other,1983-08-01,2024-02-24,4,Website/App,Salads,customer4919@example.com,3007674448
4920,Customer4920,User4920,Other,1998-05-21,2024-01-24,20,Website/App,Biryani,customer4920@example.com,3001356450
4921,Customer4921,User4921,Female,1992-01-20,2024-06-16,19,Takeaway,Beverages,customer4921@example.com,3002131134
4922,Customer4922,User4922,Other,1987-08-24,2024-03-13,13,Dine-in,Sandwiches,customer4922@example.com,3004447545
4923,Customer4923,User4923,Other,1981-05-03,2024-07-21,4,Dine-in,Salads,customer4923@example.com,3006810441
4924,Customer4924,User4924,Female,1972-12-24,2024-12-21,13,Takeaway,Desserts,customer4924@example.com,3009603349
4925,Customer4925,User4925,Other,1971-09-18,2024-12-24,2,Third-party Delivery,Beverages,customer4925@example.com,3004378667
4926,Customer4926,User4926,Male,1977-03-22,2024-02-15,19,Website/App,Salads,customer4926@example.com,3003341165
4927,Customer4927,User4927,Other,1979-03-07,2024-04-03,6,Website/App,Sandwiches,customer4927@example.com,3009154494
4928,Customer4928,User4928,Female,1978-06-01,2024-12-23,7,Website/App,Sandwiches,customer4928@example.com,3003068402
4929,Customer4929,User4929,Female,1981-12-15,2024-12-04,9,Dine-in,Rice,customer4929@example.com,3005685347
4930,Customer4930,User4930,Male,2001-11-23,2024-08-07,5,Takeaway,Pasta,customer4930@example.com,3009252675
4931,Customer4931,User4931,Male,2001-05-06,2024-02-22,10,Takeaway,Burgers,customer4931@example.com,3005238439
4932,Customer4932,User4932,Male,1972-08-20,2024-04-16,9,Dine-in,Pasta,customer4932@example.com,3009525928
4933,Customer4933,User4933,Female,1974-10-23,2024-10-10,5,Website/App,Burgers,customer4933@example.com,3006524509
4934,Customer4934,User4934,Other,1978-11-28,2024-06-08,1,Website/App,Pasta,customer4934@example.com,3009249296
4935,Customer4935,User4935,Female,1984-07-10,2024-11-26,6,Third-party Delivery,Rice,customer4935@example.com,3008723093
4936,Customer4936,User4936,Other,1992-08-05,2024-04-17,4,Third-party Delivery,Pizza,customer4936@example.com,3003141773
4937,Customer4937,User4937,Other,1979-02-08,2024-06-04,4,Dine-in,Rice,customer4937@example.com,3004480889
4938,Customer4938,User4938,Male,1976-01-16,2024-06-07,12,Dine-in,Biryani,customer4938@example.com,3005364321
4939,Customer4939,User4939,Female,1987-09-27,2024-05-23,4,Takeaway,Rice,customer4939@example.com,3003339312
4940,Customer4940,User4940,Other,1978-03-08,2024-03-02,18,Third-party Delivery,Rice,customer4940@example.com,3009786606
4941,Customer4941,User4941,Female,2000-01-25,2024-12-19,10,Takeaway,Salads,customer4941@example.com,3002758701
4942,Customer4942,User4942,Male,2000-01-17,2024-06-18,15,Takeaway,Desserts,customer4942@example.com,3003842999
4943,Customer4943,User4943,Male,1984-02-14,2024-12-18,6,Takeaway,Sandwiches,customer4943@example.com,3001907391
4944,Customer4944,User4944,Other,1970-10-26,2024-10-07,15,Dine-in,Pasta,customer4944@example.com,3002790287
4945,Customer4945,User4945,Other,1984-02-15,2024-09-10,9,Takeaway,Beverages,customer4945@example.com,3001052235
4946,Customer4946,User4946,Male,1998-11-09,2024-11-15,8,Dine-in,Pizza,customer4946@example.com,3004746890
4947,Customer4947,User4947,Male,1998-01-22,2024-05-19,9,Third-party Delivery,Biryani,customer4947@example.com,3006137166
4948,Customer4948,User4948,Female,1990-05-01,2024-08-28,16,Dine-in,Burgers,customer4948@example.com,3006383356
4949,Customer4949,User4949,Male,1992-06-21,2024-09-17,5,Takeaway,BBQ,customer4949@example.com,3002696473
4950,Customer4950,User4950,Other,1977-09-01,2024-11-18,6,Takeaway,Beverages,customer4950@example.com,3006402451
4951,Customer4951,User4951,Male,1978-12-18,2024-05-16,16,Takeaway,Pasta,customer4951@example.com,3009647735
4952,Customer4952,User4952,Female,1992-04-15,2024-02-12,14,Website/App,Pizza,customer4952@example.com,3006387621
4953,Customer4953,User4953,Male,1983-12-02,2024-08-25,1,Third-party Delivery,Sandwiches,customer4953@example.com,3007980877
4954,Customer4954,User4954,Other,2001-01-21,2024-11-23,13,Takeaway,Rice,customer4954@example.com,3002520195
4955,Customer4955,User4955,Male,1974-12-14,2024-12-03,4,Website/App,Pasta,customer4955@example.com,3004694654
4956,Customer4956,User4956,Male,1985-08-07,2024-12-04,7,Website/App,Burgers,customer4956@example.com,3004864896
4957,Customer4957,User4957,Female,2001-10-03,2024-08-01,7,Third-party Delivery,Salads,customer4957@example.com,3004543473
4958,Customer4958,User4958,Male,1996-02-26,2024-09-19,5,Dine-in,Burgers,customer4958@example.com,3005811633
4959,Customer4959,User4959,Female,2003-03-02,2024-08-05,4,Third-party Delivery,Biryani,customer4959@example.com,3005534903
4960,Customer4960,User4960,Female,1989-03-10,2024-07-18,9,Third-party Delivery,Rice,customer4960@example.com,3003473486
4961,Customer4961,User4961,Female,1990-01-25,2024-07-11,5,Dine-in,Pasta,customer4961@example.com,3004671581
4962,Customer4962,User4962,Female,1998-10-21,2024-02-05,1,Third-party Delivery,Biryani,customer4962@example.com,3001573881
4963,Customer4963,User4963,Other,1992-08-18,2024-11-20,1,Takeaway,Pasta,customer4963@example.com,3006382489
4964,Customer4964,User4964,Male,2004-02-19,2024-10-25,14,Website/App,BBQ,customer4964@example.com,3006399467
4965,Customer4965,User4965,Female,1990-12-15,2024-12-23,18,Dine-in,Desserts,customer4965@example.com,3005421466
4966,Customer4966,User4966,Female,1981-01-11,2024-05-02,12,Dine-in,Pasta,customer4966@example.com,3006466533
4967,Customer4967,User4967,Female,2000-05-01,2024-10-26,6,Dine-in,Pizza,customer4967@example.com,3007602815
4968,Customer4968,User4968,Other,2001-06-20,2024-12-20,8,Dine-in,Burgers,customer4968@example.com,3002200482
4969,Customer4969,User4969,Male,1986-11-03,2024-05-28,2,Website/App,Beverages,customer4969@example.com,3001875154
4970,Customer4970,User4970,Female,2000-01-19,2024-02-27,9,Website/App,Sandwiches,customer4970@example.com,3007028901
4971,Customer4971,User4971,Female,2003-05-01,2024-01-01,2,Website/App,Burgers,customer4971@example.com,3001377463
4972,Customer4972,User4972,Female,1996-05-28,2024-06-09,20,Third-party Delivery,Sandwiches,customer4972@example.com,3009865466
4973,Customer4973,User4973,Male,1988-12-18,2024-08-12,6,Website/App,Sandwiches,customer4973@example.com,3001317536
4974,Customer4974,User4974,Female,1979-05-13,2024-07-05,11,Third-party Delivery,Sandwiches,customer4974@example.com,3002015337
4975,Customer4975,User4975,Male,1982-09-02,2024-12-16,20,Website/App,Pizza,customer4975@example.com,3002496140
4976,Customer4976,User4976,Other,1977-03-22,2024-02-26,13,Website/App,Biryani,customer4976@example.com,3007255647
4977,Customer4977,User4977,Male,1977-06-19,2024-06-20,1,Website/App,Rice,customer4977@example.com,3002826191
4978,Customer4978,User4978,Female,1971-08-28,2024-02-25,16,Website/App,Pizza,customer4978@example.com,3008261810
4979,Customer4979,User4979,Other,1987-08-26,2024-08-28,13,Takeaway,Pizza,customer4979@example.com,3001668899
4980,Customer4980,User4980,Other,1984-03-23,2024-04-04,19,Third-party Delivery,Sandwiches,customer4980@example.com,3008915657
4981,Customer4981,User4981,Male,1980-06-10,2024-07-04,14,Website/App,BBQ,customer4981@example.com,3005665134
4982,Customer4982,User4982,Female,1996-05-12,2024-11-17,20,Takeaway,BBQ,customer4982@example.com,3006172597
4983,Customer4983,User4983,Male,2004-04-06,2024-09-25,3,Dine-in,Rice,customer4983@example.com,3008447954
4984,Customer4984,User4984,Other,1978-05-24,2024-11-22,9,Third-party Delivery,Salads,customer4984@example.com,3003636016
4985,Customer4985,User4985,Other,1999-12-23,2024-06-19,3,Website/App,BBQ,customer4985@example.com,3009896497
4986,Customer4986,User4986,Other,1989-01-01,2024-10-22,10,Third-party Delivery,Pasta,customer4986@example.com,3005279341
4987,Customer4987,User4987,Female,1985-10-05,2024-11-24,10,Third-party Delivery,Beverages,customer4987@example.com,3001306759
4988,Customer4988,User4988,Other,2000-04-16,2024-07-22,16,Third-party Delivery,BBQ,customer4988@example.com,3008885648
4989,Customer4989,User4989,Male,1998-09-02,2024-06-08,9,Takeaway,Pasta,customer4989@example.com,3002870908
4990,Customer4990,User4990,Other,1976-09-15,2024-02-14,5,Third-party Delivery,BBQ,customer4990@example.com,3008407810
4991,Customer4991,User4991,Female,1999-07-14,2024-12-13,2,Dine-in,Salads,customer4991@example.com,3003021509
4992,Customer4992,User4992,Other,1982-06-06,2024-07-27,9,Takeaway,Pasta,customer4992@example.com,3004533194
4993,Customer4993,User4993,Male,1998-07-28,2024-10-16,1,Website/App,Sandwiches,customer4993@example.com,3008507798
4994,Customer4994,User4994,Female,1977-01-21,2024-06-28,14,Takeaway,Salads,customer4994@example.com,3007973780
4995,Customer4995,User4995,Female,1972-11-10,2024-05-26,15,Third-party Delivery,Desserts,customer4995@example.com,3002861987
4996,Customer4996,User4996,Female,1972-06-26,2024-08-28,15,Dine-in,Biryani,customer4996@example.com,3007126866
4997,Customer4997,User4997,Other,1971-12-03,2024-06-12,10,Website/App,Salads,customer4997@example.com,3005734098
4998,Customer4998,User4998,Male,2004-06-15,2024-06-05,12,Third-party Delivery,Rice,customer4998@example.com,3009231094
4999,Customer4999,User4999,Female,1987-12-18,2024-05-12,11,Website/App,Desserts,customer4999@example.com,3007549426
5000,Customer5000,User5000,Other,1996-04-08,2024-06-23,9,Takeaway,Burgers,customer5000@example.com,3006602996
5001,Customer5001,User5001,Male,1991-04-25,2024-01-22,15,Takeaway,Desserts,customer5001@example.com,3008887794
5002,Customer5002,User5002,Male,2003-11-23,2024-12-25,5,Third-party Delivery,Sandwiches,customer5002@example.com,3006485893
5003,Customer5003,User5003,Other,2002-09-16,2024-01-23,18,Website/App,Biryani,customer5003@example.com,3008153452
5004,Customer5004,User5004,Female,1971-04-14,2024-07-26,20,Dine-in,Biryani,customer5004@example.com,3008796101
5005,Customer5005,User5005,Female,1989-05-18,2024-03-21,20,Website/App,Rice,customer5005@example.com,3007045816
5006,Customer5006,User5006,Male,1973-08-20,2024-07-26,4,Third-party Delivery,Pasta,customer5006@example.com,3004756992
5007,Customer5007,User5007,Female,2001-08-22,2024-09-09,5,Website/App,Desserts,customer5007@example.com,3002781252
5008,Customer5008,User5008,Female,1988-10-03,2024-10-04,13,Takeaway,Sandwiches,customer5008@example.com,3006598102
5009,Customer5009,User5009,Male,2000-03-11,2024-10-06,12,Dine-in,Pizza,customer5009@example.com,3007512867
5010,Customer5010,User5010,Other,1974-06-14,2024-10-16,17,Dine-in,Desserts,customer5010@example.com,3009550084
5011,Customer5011,User5011,Male,1983-01-16,2024-11-02,1,Dine-in,Rice,customer5011@example.com,3004619833
5012,Customer5012,User5012,Other,1989-12-19,2024-01-05,7,Third-party Delivery,BBQ,customer5012@example.com,3004887254
5013,Customer5013,User5013,Male,1997-10-28,2024-12-06,9,Website/App,Pizza,customer5013@example.com,3001063431
5014,Customer5014,User5014,Male,1994-11-19,2024-11-12,20,Dine-in,Pizza,customer5014@example.com,3003928367
5015,Customer5015,User5015,Other,1989-07-09,2024-01-08,3,Dine-in,Beverages,customer5015@example.com,3003612040
5016,Customer5016,User5016,Other,1999-10-04,2024-05-14,12,Website/App,Pizza,customer5016@example.com,3002377560
5017,Customer5017,User5017,Other,1979-01-26,2024-04-27,8,Dine-in,Pasta,customer5017@example.com,3007455399
5018,Customer5018,User5018,Female,1997-11-19,2024-05-05,7,Website/App,Rice,customer5018@example.com,3004486442
5019,Customer5019,User5019,Other,2000-06-28,2024-11-24,10,Takeaway,Beverages,customer5019@example.com,3009403859
5020,Customer5020,User5020,Female,1994-04-16,2024-12-16,8,Website/App,Beverages,customer5020@example.com,3006444267
5021,Customer5021,User5021,Male,1985-01-27,2024-12-06,15,Third-party Delivery,Biryani,customer5021@example.com,3002330787
5022,Customer5022,User5022,Female,1983-02-13,2024-03-12,2,Website/App,Pasta,customer5022@example.com,3004319670
5023,Customer5023,User5023,Male,1997-08-20,2024-10-05,9,Website/App,Beverages,customer5023@example.com,3005128558
5024,Customer5024,User5024,Other,1999-03-13,2024-09-23,15,Third-party Delivery,Salads,customer5024@example.com,3005036471
5025,Customer5025,User5025,Other,2002-11-17,2024-10-27,9,Dine-in,Biryani,customer5025@example.com,3009834338
5026,Customer5026,User5026,Female,1998-03-17,2024-08-16,9,Third-party Delivery,Beverages,customer5026@example.com,3007434899
5027,Customer5027,User5027,Other,1975-01-10,2024-01-15,13,Takeaway,Salads,customer5027@example.com,3007327602
5028,Customer5028,User5028,Other,1994-06-06,2024-12-10,4,Website/App,Desserts,customer5028@example.com,3004697726
5029,Customer5029,User5029,Male,2002-01-05,2024-01-10,1,Website/App,Pizza,customer5029@example.com,3001133402
5030,Customer5030,User5030,Female,1976-10-03,2024-03-20,9,Takeaway,Rice,customer5030@example.com,3008656968
5031,Customer5031,User5031,Male,1981-07-12,2024-08-17,4,Website/App,Salads,customer5031@example.com,3007638035
5032,Customer5032,User5032,Male,1992-06-01,2024-02-19,7,Website/App,Rice,customer5032@example.com,3002058645
5033,Customer5033,User5033,Other,1975-01-04,2024-12-11,17,Website/App,Pasta,customer5033@example.com,3007638191
5034,Customer5034,User5034,Female,1984-02-27,2024-04-16,2,Dine-in,Pizza,customer5034@example.com,3008737204
5035,Customer5035,User5035,Female,1982-02-15,2024-06-14,1,Third-party Delivery,Rice,customer5035@example.com,3001114282
5036,Customer5036,User5036,Male,1976-12-23,2024-08-07,15,Takeaway,Rice,customer5036@example.com,3009071084
5037,Customer5037,User5037,Other,1972-02-27,2024-01-04,10,Takeaway,Sandwiches,customer5037@example.com,3003625378
5038,Customer5038,User5038,Male,1980-03-24,2024-11-09,1,Dine-in,Sandwiches,customer5038@example.com,3002297642
5039,Customer5039,User5039,Male,2003-07-11,2024-05-28,19,Third-party Delivery,Sandwiches,customer5039@example.com,3001889232
5040,Customer5040,User5040,Male,1990-02-09,2024-04-11,18,Dine-in,BBQ,customer5040@example.com,3008901410
5041,Customer5041,User5041,Male,1974-09-23,2024-01-26,2,Website/App,Pasta,customer5041@example.com,3001882341
5042,Customer5042,User5042,Male,1990-12-08,2024-02-23,4,Website/App,Salads,customer5042@example.com,3007819007
5043,Customer5043,User5043,Male,1979-08-13,2024-10-25,7,Website/App,Desserts,customer5043@example.com,3009132503
5044,Customer5044,User5044,Other,1997-07-02,2024-06-09,17,Website/App,Sandwiches,,3003511031
5045,Customer5045,User5045,Female,2000-06-01,2024-05-06,6,Website/App,Sandwiches,customer5045@example.com,3005377829
5046,Customer5046,User5046,Male,1994-10-09,2024-11-24,17,Third-party Delivery,Pizza,customer5046@example.com,3009254835
5047,Customer5047,User5047,Female,1986-02-24,2024-09-06,16,Third-party Delivery,Pizza,customer5047@example.com,3002942951
5048,Customer5048,User5048,Female,1976-07-02,2024-06-18,1,Dine-in,Salads,customer5048@example.com,3009375456
5049,Customer5049,User5049,Other,1991-06-16,2024-01-18,6,Third-party Delivery,Desserts,customer5049@example.com,3007399105
5050,Customer5050,User5050,Female,1972-05-09,2024-12-10,3,Website/App,BBQ,customer5050@example.com,3003305170
5051,Customer5051,User5051,Other,1986-03-24,2024-07-16,1,Dine-in,Pasta,customer5051@example.com,3001731941
5052,Customer5052,User5052,Male,1991-02-08,2024-08-22,17,Third-party Delivery,Biryani,customer5052@example.com,3007890520
5053,Customer5053,User5053,Other,1986-10-15,2024-01-10,5,Website/App,Pizza,customer5053@example.com,3007895109
5054,Customer5054,User5054,Other,2002-02-10,2024-03-28,1,Third-party Delivery,Sandwiches,customer5054@example.com,3002318624
5055,Customer5055,User5055,Female,1970-01-14,2024-09-03,9,Takeaway,Sandwiches,customer5055@example.com,3007038913
5056,Customer5056,User5056,Other,2000-03-22,2024-04-20,15,Third-party Delivery,Sandwiches,customer5056@example.com,3002757791
5057,Customer5057,User5057,Other,1973-06-09,2024-02-28,15,Dine-in,Pasta,customer5057@example.com,3001633485
5058,Customer5058,User5058,Male,2001-07-01,2024-02-23,15,Website/App,Pizza,customer5058@example.com,3001100103
5059,Customer5059,User5059,Male,1998-08-18,2024-05-06,17,Website/App,Pasta,customer5059@example.com,3007083243
5060,Customer5060,User5060,Female,1997-02-17,2024-11-14,16,Third-party Delivery,Burgers,customer5060@example.com,3008272396
5061,Customer5061,User5061,Female,2001-03-23,2024-02-20,6,Takeaway,Beverages,customer5061@example.com,3004901650
5062,Customer5062,User5062,Female,1977-05-07,2024-01-21,19,Takeaway,Pizza,customer5062@example.com,3007079733
5063,Customer5063,User5063,Male,1998-03-24,2024-06-20,16,Takeaway,Rice,customer5063@example.com,3008093820
5064,Customer5064,User5064,Female,1987-12-02,2024-09-22,19,Dine-in,Biryani,customer5064@example.com,3001753948
5065,Customer5065,User5065,Female,1987-05-23,2024-08-21,13,Dine-in,Pizza,customer5065@example.com,3003958932
5066,Customer5066,User5066,Other,1980-06-25,2024-07-26,5,Dine-in,Beverages,customer5066@example.com,3004626873
5067,Customer5067,User5067,Female,1976-12-01,2024-09-18,2,Takeaway,Pasta,customer5067@example.com,3009235753
5068,Customer5068,User5068,Other,1972-02-28,2024-07-28,6,Dine-in,Sandwiches,customer5068@example.com,3005042600
5069,Customer5069,User5069,Female,1973-04-12,2024-06-20,12,Dine-in,Pasta,customer5069@example.com,3003067787
5070,Customer5070,User5070,Female,1998-07-25,2024-02-14,14,Takeaway,Salads,customer5070@example.com,3007809358
5071,Customer5071,User5071,Female,2004-07-28,2024-12-07,13,Dine-in,Biryani,customer5071@example.com,3007035521
5072,Customer5072,User5072,Male,1994-09-16,2024-04-05,2,Takeaway,Biryani,customer5072@example.com,3006473180
5073,Customer5073,User5073,Female,1993-01-26,2024-09-01,13,Website/App,Burgers,customer5073@example.com,3008368441
5074,Customer5074,User5074,Other,1999-04-27,2024-11-28,18,Third-party Delivery,Pizza,customer5074@example.com,3009989514
5075,Customer5075,User5075,Male,1988-02-25,2024-01-02,1,Third-party Delivery,Sandwiches,customer5075@example.com,3006412551
5076,Customer5076,User5076,Other,1988-09-10,2024-04-28,19,Takeaway,Burgers,customer5076@example.com,3001097573
5077,Customer5077,User5077,Female,1997-01-08,2024-12-26,11,Third-party Delivery,Burgers,customer5077@example.com,3009953698
5078,Customer5078,User5078,Other,2001-01-13,2024-05-19,8,Third-party Delivery,Pasta,customer5078@example.com,3001089167
5079,Customer5079,User5079,Female,1988-08-20,2024-01-21,11,Takeaway,Burgers,customer5079@example.com,3005409130
5080,Customer5080,User5080,Female,1970-03-16,2024-11-17,19,Dine-in,Biryani,customer5080@example.com,3008641100
5081,Customer5081,User5081,Female,1986-06-04,2024-04-01,2,Website/App,Burgers,customer5081@example.com,3002984214
5082,Customer5082,User5082,Other,2004-06-16,2024-06-10,16,Takeaway,Beverages,customer5082@example.com,3009521864
5083,Customer5083,User5083,Male,2004-05-06,2024-08-10,1,Third-party Delivery,Biryani,customer5083@example.com,3009565124
5084,Customer5084,User5084,Male,2002-06-26,2024-01-15,6,Website/App,Pasta,customer5084@example.com,3004752991
5085,Customer5085,User5085,Male,1970-06-23,2024-03-18,12,Dine-in,Pasta,customer5085@example.com,3007204114
5086,Customer5086,User5086,Male,1977-04-11,2024-03-09,15,Dine-in,Pizza,customer5086@example.com,3008343622
5087,Customer5087,User5087,Other,2002-08-22,2024-06-01,12,Dine-in,Rice,customer5087@example.com,3003019371
5088,Customer5088,User5088,Other,1987-02-17,2024-01-12,3,Website/App,Pizza,customer5088@example.com,3003133651
5089,Customer5089,User5089,Male,1970-08-09,2024-11-02,9,Website/App,Pizza,customer5089@example.com,3006556958
5090,Customer5090,User5090,Female,1983-04-26,2024-03-16,14,Takeaway,Sandwiches,customer5090@example.com,3005449793
5091,Customer5091,User5091,Female,1984-09-15,2024-10-07,2,Takeaway,Pasta,customer5091@example.com,3003989152
5092,Customer5092,User5092,Male,1973-07-02,2024-06-14,7,Third-party Delivery,Burgers,customer5092@example.com,3008364159
5093,Customer5093,User5093,Male,1979-05-27,2024-02-07,16,Takeaway,Salads,customer5093@example.com,3005984128
5094,Customer5094,User5094,Other,1975-03-21,2024-06-18,3,Takeaway,Sandwiches,customer5094@example.com,3007532564
5095,Customer5095,User5095,Other,1988-04-14,2024-05-07,14,Website/App,Rice,customer5095@example.com,3002409925
5096,Customer5096,User5096,Other,1989-12-11,2024-12-20,9,Website/App,Sandwiches,customer5096@example.com,3002968651
5097,Customer5097,User5097,Female,1972-09-19,2024-06-04,10,Third-party Delivery,Rice,customer5097@example.com,3002808399
5098,Customer5098,User5098,Other,1998-10-18,2024-10-16,14,Takeaway,Rice,customer5098@example.com,3001777932
5099,Customer5099,User5099,Male,1982-01-09,2024-03-26,7,Takeaway,Rice,,3009693054
5100,Customer5100,User5100,Other,1985-02-22,2024-10-13,1,Takeaway,Pasta,customer5100@example.com,3001454573
5101,Customer5101,User5101,Other,1979-08-01,2024-05-01,1,Website/App,Rice,customer5101@example.com,3008306755
5102,Customer5102,User5102,Female,1997-09-10,2024-08-02,16,Takeaway,Sandwiches,customer5102@example.com,3001718473
5103,Customer5103,User5103,Other,1980-08-11,2024-08-24,17,Third-party Delivery,Sandwiches,customer5103@example.com,3004398011
5104,Customer5104,User5104,Female,2002-01-12,2024-04-16,7,Dine-in,Beverages,customer5104@example.com,3009822484
5105,Customer5105,User5105,Male,1982-04-28,2024-01-19,15,Dine-in,Pizza,customer5105@example.com,3003847525
5106,Customer5106,User5106,Female,1999-08-02,2024-11-22,15,Website/App,Pizza,customer5106@example.com,3009785189
5107,Customer5107,User5107,Other,1995-03-04,2024-01-19,17,Third-party Delivery,Rice,customer5107@example.com,3007774052
5108,Customer5108,User5108,Female,2003-11-06,2024-09-21,3,Third-party Delivery,Beverages,customer5108@example.com,3007496259
5109,Customer5109,User5109,Male,1970-07-25,2024-07-28,17,Dine-in,Biryani,customer5109@example.com,3009159492
5110,Customer5110,User5110,Other,1973-05-24,2024-03-12,6,Website/App,Sandwiches,customer5110@example.com,3006411077
5111,Customer5111,User5111,Other,1971-07-18,2024-02-22,15,Takeaway,Biryani,customer5111@example.com,3005789641
5112,Customer5112,User5112,Male,1999-10-15,2024-01-07,4,Dine-in,Beverages,customer5112@example.com,3002045024
5113,Customer5113,User5113,Other,1983-05-18,2024-12-01,20,Website/App,BBQ,customer5113@example.com,3005318651
5114,Customer5114,User5114,Other,1999-09-19,2024-01-27,9,Takeaway,Rice,customer5114@example.com,3005277817
5115,Customer5115,User5115,Female,1990-09-13,2024-12-15,5,Third-party Delivery,Burgers,customer5115@example.com,3004066841
5116,Customer5116,User5116,Male,1983-02-22,2024-09-23,1,Third-party Delivery,Sandwiches,customer5116@example.com,3007962913
5117,Customer5117,User5117,Female,1973-06-21,2024-10-19,16,Website/App,Rice,customer5117@example.com,3001407628
5118,Customer5118,User5118,Other,2001-12-18,2024-01-27,7,Third-party Delivery,Beverages,customer5118@example.com,3003902089
5119,Customer5119,User5119,Other,1991-12-27,2024-04-15,4,Takeaway,Sandwiches,customer5119@example.com,3009822878
5120,Customer5120,User5120,Other,2001-01-10,2024-02-11,11,Third-party Delivery,Beverages,customer5120@example.com,3002651393
5121,Customer5121,User5121,Male,1998-04-23,2024-02-10,6,Dine-in,Desserts,customer5121@example.com,3006674401
5122,Customer5122,User5122,Female,1978-05-16,2024-10-20,9,Website/App,Rice,customer5122@example.com,3004294932
5123,Customer5123,User5123,Male,2001-09-06,2024-08-08,2,Website/App,Salads,customer5123@example.com,3009012676
5124,Customer5124,User5124,Female,1997-03-02,2024-09-10,1,Third-party Delivery,Beverages,customer5124@example.com,3005601013
5125,Customer5125,User5125,Other,1995-05-01,2024-02-11,15,Third-party Delivery,BBQ,customer5125@example.com,3007816287
5126,Customer5126,User5126,Female,1978-02-20,2024-10-23,16,Website/App,Sandwiches,customer5126@example.com,3006753656
5127,Customer5127,User5127,Other,1978-06-11,2024-11-28,10,Takeaway,BBQ,customer5127@example.com,3006605273
5128,Customer5128,User5128,Other,1997-07-15,2024-03-20,6,Dine-in,Desserts,customer5128@example.com,3003718197
5129,Customer5129,User5129,Male,1996-08-20,2024-05-02,14,Dine-in,Pizza,customer5129@example.com,3006275322
5130,Customer5130,User5130,Female,1976-04-17,2024-03-15,8,Third-party Delivery,Beverages,customer5130@example.com,3009818345
5131,Customer5131,User5131,Male,1985-10-05,2024-04-27,18,Third-party Delivery,Biryani,customer5131@example.com,3003602738
5132,Customer5132,User5132,Female,1986-07-21,2024-09-24,14,Takeaway,Salads,customer5132@example.com,3007916907
5133,Customer5133,User5133,Female,1975-01-08,2024-06-13,12,Third-party Delivery,BBQ,customer5133@example.com,3001869156
5134,Customer5134,User5134,Other,1989-04-16,2024-11-03,10,Takeaway,Sandwiches,customer5134@example.com,3003443744
5135,Customer5135,User5135,Female,1984-11-12,2024-01-21,13,Dine-in,Burgers,customer5135@example.com,3002294348
5136,Customer5136,User5136,Male,1997-07-28,2024-05-28,13,Dine-in,Salads,customer5136@example.com,3008280297
5137,Customer5137,User5137,Male,1988-10-26,2024-01-19,3,Dine-in,Burgers,customer5137@example.com,3002784754
5138,Customer5138,User5138,Female,1995-06-27,2024-11-19,11,Website/App,Pasta,customer5138@example.com,3006217409
5139,Customer5139,User5139,Other,1985-01-02,2024-02-16,17,Website/App,Sandwiches,customer5139@example.com,3003185954
5140,Customer5140,User5140,Other,2001-12-10,2024-11-23,6,Dine-in,Pasta,customer5140@example.com,3004034963
5141,Customer5141,User5141,Other,1978-06-22,2024-11-18,19,Third-party Delivery,Rice,customer5141@example.com,3001947893
5142,Customer5142,User5142,Female,1982-03-04,2024-07-13,12,Third-party Delivery,Salads,customer5142@example.com,3002778176
5143,Customer5143,User5143,Male,1998-01-21,2024-09-22,13,Dine-in,Pizza,customer5143@example.com,3009299483
5144,Customer5144,User5144,Male,1983-11-09,2024-01-21,5,Website/App,Burgers,customer5144@example.com,3001376597
5145,Customer5145,User5145,Female,1987-03-05,2024-08-14,9,Takeaway,BBQ,customer5145@example.com,3006143988
5146,Customer5146,User5146,Other,1996-06-05,2024-07-22,12,Dine-in,Pasta,customer5146@example.com,3004229005
5147,Customer5147,User5147,Female,2001-08-22,2024-05-03,3,Third-party Delivery,Burgers,customer5147@example.com,3003633390
5148,Customer5148,User5148,Other,1993-12-19,2024-06-07,18,Third-party Delivery,Pasta,customer5148@example.com,3007025541
5149,Customer5149,User5149,Other,2001-06-19,2024-12-06,2,Website/App,Pizza,customer5149@example.com,3006775808
5150,Customer5150,User5150,Female,1980-09-24,2024-03-25,8,Dine-in,Pizza,customer5150@example.com,3007700253
5151,Customer5151,User5151,Female,1984-01-22,2024-04-21,5,Third-party Delivery,Desserts,customer5151@example.com,3005685049
5152,Customer5152,User5152,Female,1988-04-08,2024-12-05,19,Website/App,Pasta,customer5152@example.com,3008659624
5153,Customer5153,User5153,Other,1997-08-23,2024-11-24,10,Dine-in,BBQ,customer5153@example.com,3008926360
5154,Customer5154,User5154,Female,1978-05-21,2024-11-25,13,Website/App,Salads,customer5154@example.com,3009066931
5155,Customer5155,User5155,Male,2002-04-22,2024-05-04,19,Dine-in,Sandwiches,customer5155@example.com,3008561193
5156,Customer5156,User5156,Other,1974-01-02,2024-10-19,15,Website/App,BBQ,customer5156@example.com,3003914897
5157,Customer5157,User5157,Other,2002-03-19,2024-10-08,3,Third-party Delivery,BBQ,customer5157@example.com,3003200071
5158,Customer5158,User5158,Male,1978-09-05,2024-07-12,17,Website/App,Salads,customer5158@example.com,3008882503
5159,Customer5159,User5159,Male,1981-05-17,2024-10-03,1,Website/App,Pasta,,3008878118
5160,Customer5160,User5160,Other,1975-06-25,2024-09-24,9,Takeaway,BBQ,customer5160@example.com,3006884501
5161,Customer5161,User5161,Female,1992-02-21,2024-03-25,8,Website/App,Rice,customer5161@example.com,3005449961
5162,Customer5162,User5162,Female,1973-12-28,2024-08-23,1,Dine-in,Sandwiches,customer5162@example.com,3004631518
5163,Customer5163,User5163,Male,1985-10-11,2024-10-21,10,Takeaway,Pasta,customer5163@example.com,3008546391
5164,Customer5164,User5164,Other,1987-06-20,2024-01-24,16,Takeaway,Pizza,customer5164@example.com,3003618030
5165,Customer5165,User5165,Other,1980-02-21,2024-02-26,3,Takeaway,Sandwiches,customer5165@example.com,3006176901
5166,Customer5166,User5166,Other,1979-02-22,2024-09-03,11,Website/App,BBQ,customer5166@example.com,3009317909
5167,Customer5167,User5167,Other,2002-10-07,2024-08-21,15,Dine-in,Desserts,customer5167@example.com,3001977098
5168,Customer5168,User5168,Female,1971-08-01,2024-10-12,1,Third-party Delivery,Biryani,customer5168@example.com,3007456375
5169,Customer5169,User5169,Other,1983-03-15,2024-07-06,9,Takeaway,Biryani,customer5169@example.com,3008170792
5170,Customer5170,User5170,Female,1998-03-01,2024-08-20,17,Dine-in,BBQ,customer5170@example.com,3009239100
5171,Customer5171,User5171,Male,2000-09-20,2024-12-28,8,Third-party Delivery,Salads,customer5171@example.com,3009675717
5172,Customer5172,User5172,Female,2001-11-11,2024-03-23,7,Third-party Delivery,Rice,customer5172@example.com,3007523032
5173,Customer5173,User5173,Other,1976-09-10,2024-06-09,9,Dine-in,Salads,customer5173@example.com,3004767003
5174,Customer5174,User5174,Other,1993-08-23,2024-10-05,17,Takeaway,Sandwiches,customer5174@example.com,3003463019
5175,Customer5175,User5175,Other,1971-02-14,2024-06-04,11,Website/App,Biryani,customer5175@example.com,3009081136
5176,Customer5176,User5176,Female,1998-09-27,2024-12-16,4,Website/App,Pasta,customer5176@example.com,3004756100
5177,Customer5177,User5177,Male,1983-02-21,2024-08-19,8,Dine-in,Rice,customer5177@example.com,3006012350
5178,Customer5178,User5178,Female,1991-07-03,2024-10-27,14,Dine-in,Desserts,customer5178@example.com,3007366280
5179,Customer5179,User5179,Female,1973-03-04,2024-01-26,1,Dine-in,Biryani,customer5179@example.com,3009367001
5180,Customer5180,User5180,Other,1997-05-22,2024-10-25,19,Website/App,Beverages,customer5180@example.com,3008785721
5181,Customer5181,User5181,Male,1970-06-04,2024-11-05,11,Takeaway,Beverages,customer5181@example.com,3001896023
5182,Customer5182,User5182,Other,1996-04-04,2024-10-23,1,Website/App,Rice,customer5182@example.com,3009320520
5183,Customer5183,User5183,Female,1983-03-24,2024-09-15,19,Takeaway,Desserts,customer5183@example.com,3005814800
5184,Customer5184,User5184,Other,1994-03-06,2024-07-17,20,Third-party Delivery,Pasta,customer5184@example.com,3004262074
5185,Customer5185,User5185,Male,1974-12-12,2024-03-22,9,Takeaway,Beverages,customer5185@example.com,3009254381
5186,Customer5186,User5186,Male,1971-08-11,2024-08-20,7,Dine-in,BBQ,customer5186@example.com,3006029579
5187,Customer5187,User5187,Female,1987-02-19,2024-12-19,13,Website/App,Pasta,customer5187@example.com,3007448559
5188,Customer5188,User5188,Male,1986-11-07,2024-09-09,1,Takeaway,Desserts,customer5188@example.com,3008495316
5189,Customer5189,User5189,Other,1974-06-15,2024-04-22,14,Website/App,Burgers,customer5189@example.com,3008460803
5190,Customer5190,User5190,Male,1990-11-04,2024-09-05,12,Dine-in,Pizza,customer5190@example.com,3001512005
5191,Customer5191,User5191,Male,1975-11-18,2024-07-15,5,Dine-in,Desserts,customer5191@example.com,3006958063
5192,Customer5192,User5192,Other,1976-05-09,2024-12-12,14,Third-party Delivery,Pizza,customer5192@example.com,3007848158
5193,Customer5193,User5193,Female,1999-11-13,2024-01-03,11,Dine-in,BBQ,customer5193@example.com,3004935776
5194,Customer5194,User5194,Female,1970-02-01,2024-03-13,12,Website/App,Desserts,customer5194@example.com,3007350010
5195,Customer5195,User5195,Other,1989-08-12,2024-07-28,13,Website/App,Desserts,customer5195@example.com,3004230962
5196,Customer5196,User5196,Other,1978-10-21,2024-08-16,10,Dine-in,Burgers,,3006663356
5197,Customer5197,User5197,Male,1997-09-11,2024-10-01,5,Takeaway,Rice,customer5197@example.com,3001914616
5198,Customer5198,User5198,Other,1989-07-25,2024-12-06,4,Website/App,Desserts,customer5198@example.com,3001393023
5199,Customer5199,User5199,Female,1976-07-27,2024-06-08,15,Takeaway,Burgers,customer5199@example.com,3006401888
5200,Customer5200,User5200,Male,1988-03-18,2024-10-01,16,Dine-in,Sandwiches,customer5200@example.com,3003498678
5201,Customer5201,User5201,Other,1982-01-19,2024-11-13,4,Website/App,Burgers,customer5201@example.com,3009036334
5202,Customer5202,User5202,Male,1973-07-13,2024-02-13,20,Dine-in,Rice,customer5202@example.com,3008272338
5203,Customer5203,User5203,Female,1973-06-19,2024-01-09,4,Dine-in,Desserts,customer5203@example.com,3008873233
5204,Customer5204,User5204,Female,1997-11-07,2024-02-20,19,Website/App,Sandwiches,customer5204@example.com,3008435064
5205,Customer5205,User5205,Male,1994-11-02,2024-09-15,9,Third-party Delivery,Pizza,customer5205@example.com,3003495094
5206,Customer5206,User5206,Male,2002-04-01,2024-09-22,16,Website/App,Desserts,customer5206@example.com,3008588646
5207,Customer5207,User5207,Other,2004-09-17,2024-03-09,7,Third-party Delivery,Pasta,customer5207@example.com,3007765712
5208,Customer5208,User5208,Other,1995-09-22,2024-07-06,15,Website/App,Beverages,customer5208@example.com,3004143984
5209,Customer5209,User5209,Other,1984-01-28,2024-01-19,15,Dine-in,Pasta,customer5209@example.com,3005317507
5210,Customer5210,User5210,Female,1991-10-12,2024-01-04,7,Takeaway,Sandwiches,customer5210@example.com,3008588799
5211,Customer5211,User5211,Male,1975-02-27,2024-06-13,15,Dine-in,BBQ,customer5211@example.com,3001298019
5212,Customer5212,User5212,Other,1980-09-06,2024-05-25,13,Website/App,Salads,customer5212@example.com,3002996833
5213,Customer5213,User5213,Other,1985-08-03,2024-07-26,11,Dine-in,Salads,customer5213@example.com,3005673376
5214,Customer5214,User5214,Other,1980-11-26,2024-04-22,4,Website/App,Salads,customer5214@example.com,3007850358
5215,Customer5215,User5215,Other,1985-08-18,2024-02-26,8,Dine-in,Salads,customer5215@example.com,3002052513
5216,Customer5216,User5216,Female,1976-09-24,2024-02-23,8,Third-party Delivery,Salads,customer5216@example.com,3001393142
5217,Customer5217,User5217,Male,1987-08-20,2024-01-10,14,Website/App,BBQ,customer5217@example.com,3005390923
5218,Customer5218,User5218,Male,1992-11-26,2024-09-03,11,Dine-in,Salads,customer5218@example.com,3004736938
5219,Customer5219,User5219,Other,1986-03-16,2024-09-19,3,Dine-in,Salads,customer5219@example.com,3003693317
5220,Customer5220,User5220,Female,2004-10-02,2024-01-20,17,Third-party Delivery,Burgers,customer5220@example.com,3008092502
5221,Customer5221,User5221,Other,1974-05-10,2024-02-14,14,Third-party Delivery,Pizza,customer5221@example.com,3002725142
5222,Customer5222,User5222,Female,1999-11-05,2024-10-09,6,Dine-in,Sandwiches,customer5222@example.com,3008864986
5223,Customer5223,User5223,Male,1971-06-24,2024-09-24,12,Takeaway,BBQ,customer5223@example.com,3001195440
5224,Customer5224,User5224,Female,2000-08-23,2024-11-19,11,Third-party Delivery,Biryani,customer5224@example.com,3005779352
5225,Customer5225,User5225,Male,1972-04-02,2024-04-03,12,Dine-in,Beverages,customer5225@example.com,3007939495
5226,Customer5226,User5226,Male,1998-06-19,2024-09-20,14,Takeaway,Biryani,customer5226@example.com,3006202876
5227,Customer5227,User5227,Other,1989-11-15,2024-07-09,4,Website/App,Salads,customer5227@example.com,3006808878
5228,Customer5228,User5228,Other,1983-03-12,2024-02-20,19,Dine-in,Pizza,customer5228@example.com,3001168146
5229,Customer5229,User5229,Male,1995-04-07,2024-05-20,5,Takeaway,Desserts,customer5229@example.com,3009159212
5230,Customer5230,User5230,Other,2000-01-18,2024-06-19,10,Takeaway,Sandwiches,customer5230@example.com,3009491857
5231,Customer5231,User5231,Male,1985-10-22,2024-12-12,12,Website/App,Rice,customer5231@example.com,3005668388
5232,Customer5232,User5232,Female,2004-03-03,2024-04-17,1,Dine-in,Pizza,customer5232@example.com,3006257132
5233,Customer5233,User5233,Other,1991-08-13,2024-10-09,4,Website/App,Pizza,customer5233@example.com,3004535312
5234,Customer5234,User5234,Other,2004-06-12,2024-04-06,7,Third-party Delivery,Pasta,customer5234@example.com,3001233617
5235,Customer5235,User5235,Other,1983-10-16,2024-04-04,15,Website/App,Biryani,customer5235@example.com,3006364985
5236,Customer5236,User5236,Male,1984-03-09,2024-04-09,5,Dine-in,Rice,customer5236@example.com,3006862547
5237,Customer5237,User5237,Other,2000-10-14,2024-06-14,6,Dine-in,Desserts,customer5237@example.com,3004309779
5238,Customer5238,User5238,Male,1993-01-01,2024-07-23,9,Website/App,Pasta,customer5238@example.com,3009777869
5239,Customer5239,User5239,Male,1989-09-06,2024-10-10,2,Third-party Delivery,Beverages,customer5239@example.com,3003671536
5240,Customer5240,User5240,Other,1994-03-12,2024-12-12,17,Third-party Delivery,Biryani,customer5240@example.com,3004175500
5241,Customer5241,User5241,Other,1998-01-25,2024-07-25,6,Website/App,Beverages,customer5241@example.com,3008768407
5242,Customer5242,User5242,Other,1983-07-01,2024-09-02,12,Website/App,Beverages,customer5242@example.com,3003231015
5243,Customer5243,User5243,Other,1978-07-05,2024-04-23,3,Third-party Delivery,Desserts,customer5243@example.com,3007262524
5244,Customer5244,User5244,Male,1974-02-12,2024-04-28,5,Third-party Delivery,Burgers,customer5244@example.com,3004607561
5245,Customer5245,User5245,Female,1976-05-15,2024-08-11,13,Third-party Delivery,Rice,customer5245@example.com,3009179792
5246,Customer5246,User5246,Male,1985-08-19,2024-10-18,16,Dine-in,Beverages,customer5246@example.com,3001520506
5247,Customer5247,User5247,Other,1991-04-17,2024-03-18,19,Dine-in,Biryani,customer5247@example.com,3003517173
5248,Customer5248,User5248,Other,1984-11-28,2024-10-13,11,Third-party Delivery,Pasta,customer5248@example.com,3004275804
5249,Customer5249,User5249,Other,2001-07-09,2024-05-11,4,Takeaway,Pasta,customer5249@example.com,3007433210
5250,Customer5250,User5250,Male,1980-03-01,2024-09-22,7,Website/App,Sandwiches,customer5250@example.com,3005301516
5251,Customer5251,User5251,Other,1987-03-19,2024-10-22,13,Dine-in,Rice,customer5251@example.com,3009687356
5252,Customer5252,User5252,Male,1998-02-18,2024-11-13,2,Third-party Delivery,Salads,customer5252@example.com,3004396012
5253,Customer5253,User5253,Other,1986-06-03,2024-01-13,17,Takeaway,Beverages,customer5253@example.com,3003549510
5254,Customer5254,User5254,Other,1979-02-13,2024-03-19,17,Third-party Delivery,Burgers,customer5254@example.com,3006135990
5255,Customer5255,User5255,Other,1981-08-17,2024-06-23,16,Dine-in,Burgers,customer5255@example.com,3005118243
5256,Customer5256,User5256,Female,1982-11-01,2024-06-13,20,Website/App,Sandwiches,customer5256@example.com,3003956266
5257,Customer5257,User5257,Female,1972-11-19,2024-07-20,10,Dine-in,Biryani,customer5257@example.com,3004594642
5258,Customer5258,User5258,Female,1980-09-17,2024-09-20,19,Dine-in,Beverages,customer5258@example.com,3009630534
5259,Customer5259,User5259,Other,1994-01-17,2024-02-03,1,Third-party Delivery,Pizza,customer5259@example.com,3005736945
5260,Customer5260,User5260,Other,1981-04-23,2024-07-01,8,Third-party Delivery,Beverages,customer5260@example.com,3001492334
5261,Customer5261,User5261,Other,1991-09-22,2024-09-10,9,Website/App,Rice,customer5261@example.com,3009186848
5262,Customer5262,User5262,Male,1977-04-06,2024-07-28,16,Third-party Delivery,Sandwiches,customer5262@example.com,3004563713
5263,Customer5263,User5263,Other,1984-02-23,2024-10-03,17,Dine-in,BBQ,customer5263@example.com,3004908001
5264,Customer5264,User5264,Other,1989-12-08,2024-01-25,19,Third-party Delivery,Salads,customer5264@example.com,3009190839
5265,Customer5265,User5265,Female,1994-09-23,2024-05-06,4,Dine-in,Beverages,customer5265@example.com,3001552761
5266,Customer5266,User5266,Male,2003-12-16,2024-05-15,6,Dine-in,Rice,customer5266@example.com,3002758200
5267,Customer5267,User5267,Male,1980-07-12,2024-10-23,15,Website/App,Sandwiches,customer5267@example.com,3001123649
5268,Customer5268,User5268,Male,1973-03-22,2024-04-04,5,Dine-in,Desserts,customer5268@example.com,3009855424
5269,Customer5269,User5269,Male,1998-01-10,2024-03-23,8,Takeaway,Desserts,customer5269@example.com,3006280031
5270,Customer5270,User5270,Other,2004-09-03,2024-02-18,11,Takeaway,Burgers,customer5270@example.com,3007954240
5271,Customer5271,User5271,Male,1971-05-04,2024-07-12,5,Third-party Delivery,Biryani,customer5271@example.com,3007647855
5272,Customer5272,User5272,Male,1976-01-19,2024-06-08,4,Dine-in,Burgers,customer5272@example.com,3002165079
5273,Customer5273,User5273,Female,1981-06-03,2024-04-13,6,Takeaway,Rice,customer5273@example.com,3001302071
5274,Customer5274,User5274,Male,1983-11-15,2024-01-06,1,Dine-in,Salads,customer5274@example.com,3006230063
5275,Customer5275,User5275,Male,1974-05-13,2024-10-13,3,Takeaway,Sandwiches,customer5275@example.com,3001601542
5276,Customer5276,User5276,Female,2001-03-16,2024-03-02,10,Website/App,Burgers,customer5276@example.com,3001120806
5277,Customer5277,User5277,Female,1983-12-22,2024-06-08,8,Takeaway,Pasta,customer5277@example.com,3001456716
5278,Customer5278,User5278,Male,1995-12-06,2024-07-05,11,Dine-in,Burgers,customer5278@example.com,3006239678
5279,Customer5279,User5279,Other,1987-07-04,2024-08-08,2,Website/App,Pizza,customer5279@example.com,3006669464
5280,Customer5280,User5280,Male,1983-04-22,2024-03-01,19,Third-party Delivery,Desserts,customer5280@example.com,3004406017
5281,Customer5281,User5281,Male,1979-05-01,2024-08-10,3,Takeaway,Pasta,customer5281@example.com,3008039841
5282,Customer5282,User5282,Female,1991-04-08,2024-10-02,8,Third-party Delivery,Rice,customer5282@example.com,3009681841
5283,Customer5283,User5283,Female,2000-05-07,2024-04-20,4,Website/App,Beverages,customer5283@example.com,3001326029
5284,Customer5284,User5284,Other,1970-01-26,2024-09-10,4,Third-party Delivery,Biryani,customer5284@example.com,3007328262
5285,Customer5285,User5285,Female,1993-01-03,2024-12-10,14,Takeaway,Pizza,customer5285@example.com,3005496126
5286,Customer5286,User5286,Female,1993-01-27,2024-01-08,19,Website/App,Pasta,customer5286@example.com,3007052453
5287,Customer5287,User5287,Other,1988-07-28,2024-12-10,6,Dine-in,Pizza,customer5287@example.com,3009422238
5288,Customer5288,User5288,Male,1971-03-07,2024-03-01,4,Third-party Delivery,Pasta,customer5288@example.com,3002764302
5289,Customer5289,User5289,Other,2003-09-20,2024-01-13,1,Dine-in,Desserts,customer5289@example.com,3006856249
5290,Customer5290,User5290,Male,1999-06-04,2024-12-19,6,Third-party Delivery,Desserts,customer5290@example.com,3008938314
5291,Customer5291,User5291,Other,1992-01-09,2024-07-04,13,Takeaway,Biryani,customer5291@example.com,3009643663
5292,Customer5292,User5292,Other,1988-04-24,2024-10-22,14,Website/App,Sandwiches,customer5292@example.com,3009372452
5293,Customer5293,User5293,Male,1970-03-01,2024-05-28,18,Third-party Delivery,Pizza,customer5293@example.com,3001501241
5294,Customer5294,User5294,Male,1994-11-11,2024-04-10,16,Third-party Delivery,BBQ,customer5294@example.com,3002482893
5295,Customer5295,User5295,Female,1988-03-24,2024-12-28,16,Dine-in,Salads,customer5295@example.com,3008345724
5296,Customer5296,User5296,Female,1991-04-03,2024-05-12,19,Website/App,Pasta,customer5296@example.com,3001257120
5297,Customer5297,User5297,Other,1973-01-05,2024-11-20,1,Third-party Delivery,Salads,customer5297@example.com,3006873567
5298,Customer5298,User5298,Female,2000-04-11,2024-07-09,5,Third-party Delivery,Biryani,customer5298@example.com,3005264872
5299,Customer5299,User5299,Male,1996-11-03,2024-01-26,20,Dine-in,Salads,customer5299@example.com,3009736027
5300,Customer5300,User5300,Male,1986-06-02,2024-11-17,4,Website/App,Sandwiches,customer5300@example.com,3005984972
5301,Customer5301,User5301,Female,1972-03-27,2024-04-14,1,Third-party Delivery,BBQ,customer5301@example.com,3002884848
5302,Customer5302,User5302,Female,1973-07-01,2024-03-06,12,Takeaway,Pasta,customer5302@example.com,3006419043
5303,Customer5303,User5303,Male,1975-04-09,2024-12-03,15,Third-party Delivery,Biryani,customer5303@example.com,3004132465
5304,Customer5304,User5304,Other,1971-10-12,2024-05-03,16,Website/App,BBQ,customer5304@example.com,3001529828
5305,Customer5305,User5305,Male,1994-04-15,2024-10-02,12,Website/App,Beverages,customer5305@example.com,3003763597
5306,Customer5306,User5306,Other,1977-08-07,2024-10-07,7,Third-party Delivery,Salads,customer5306@example.com,3002733469
5307,Customer5307,User5307,Male,2004-03-26,2024-10-14,12,Third-party Delivery,Pizza,customer5307@example.com,3003292068
5308,Customer5308,User5308,Male,1994-05-13,2024-05-24,14,Third-party Delivery,Sandwiches,customer5308@example.com,3005357269
5309,Customer5309,User5309,Female,1992-07-06,2024-06-02,18,Website/App,Pasta,customer5309@example.com,3001972554
5310,Customer5310,User5310,Other,1974-11-28,2024-05-08,19,Takeaway,Pasta,,3008860244
5311,Customer5311,User5311,Male,1980-09-14,2024-02-01,5,Website/App,Pasta,customer5311@example.com,3002796310
5312,Customer5312,User5312,Female,1985-09-22,2024-03-11,11,Takeaway,Burgers,customer5312@example.com,3005129123
5313,Customer5313,User5313,Male,2004-07-11,2024-10-04,18,Dine-in,Salads,customer5313@example.com,3009876767
5314,Customer5314,User5314,Male,1992-03-17,2024-04-26,20,Dine-in,Pasta,customer5314@example.com,3004267559
5315,Customer5315,User5315,Male,1997-08-08,2024-01-24,18,Takeaway,Burgers,customer5315@example.com,3004808378
5316,Customer5316,User5316,Other,2003-05-01,2024-02-24,14,Third-party Delivery,Desserts,customer5316@example.com,3007741889
5317,Customer5317,User5317,Other,1979-12-23,2024-02-19,4,Dine-in,Pasta,customer5317@example.com,3001213102
5318,Customer5318,User5318,Female,1976-10-15,2024-01-20,12,Third-party Delivery,BBQ,customer5318@example.com,3006142810
5319,Customer5319,User5319,Female,1987-01-28,2024-07-19,4,Website/App,Rice,customer5319@example.com,3009553607
5320,Customer5320,User5320,Female,1997-08-07,2024-09-21,10,Takeaway,Pizza,customer5320@example.com,3006325559
5321,Customer5321,User5321,Other,1993-07-16,2024-07-20,11,Third-party Delivery,Salads,customer5321@example.com,3003743058
5322,Customer5322,User5322,Other,1994-03-24,2024-07-08,6,Third-party Delivery,Rice,customer5322@example.com,3003808491
5323,Customer5323,User5323,Female,1984-08-25,2024-01-07,20,Dine-in,Salads,customer5323@example.com,3001675955
5324,Customer5324,User5324,Female,1996-07-25,2024-06-22,4,Website/App,Pizza,customer5324@example.com,3004918712
5325,Customer5325,User5325,Female,1982-01-15,2024-07-17,8,Takeaway,Salads,customer5325@example.com,3009506299
5326,Customer5326,User5326,Female,1994-12-18,2024-02-21,14,Dine-in,Pasta,customer5326@example.com,3002455399
5327,Customer5327,User5327,Other,1976-08-26,2024-01-06,9,Takeaway,Rice,customer5327@example.com,3008176621
5328,Customer5328,User5328,Other,1985-08-09,2024-12-22,7,Third-party Delivery,Rice,customer5328@example.com,3009960925
5329,Customer5329,User5329,Male,1974-04-03,2024-09-09,7,Website/App,Pizza,customer5329@example.com,3004161535
5330,Customer5330,User5330,Female,2000-12-04,2024-07-24,18,Takeaway,Sandwiches,customer5330@example.com,3003085998
5331,Customer5331,User5331,Male,1976-12-10,2024-08-13,6,Dine-in,Desserts,customer5331@example.com,3004438871
5332,Customer5332,User5332,Female,1999-09-16,2024-04-24,12,Website/App,Pizza,customer5332@example.com,3005707191
5333,Customer5333,User5333,Female,1992-07-28,2024-05-15,7,Dine-in,Pizza,customer5333@example.com,3007650945
5334,Customer5334,User5334,Other,2004-06-19,2024-03-13,13,Takeaway,Desserts,customer5334@example.com,3001315979
5335,Customer5335,User5335,Male,2004-11-17,2024-10-09,8,Takeaway,Burgers,customer5335@example.com,3003090028
5336,Customer5336,User5336,Female,1993-08-17,2024-12-04,13,Website/App,Sandwiches,customer5336@example.com,3001163973
5337,Customer5337,User5337,Other,2003-01-22,2024-05-03,17,Dine-in,Biryani,customer5337@example.com,3005719459
5338,Customer5338,User5338,Female,1995-12-06,2024-09-17,6,Third-party Delivery,Pizza,customer5338@example.com,3008839798
5339,Customer5339,User5339,Male,1986-12-13,2024-01-26,18,Third-party Delivery,Rice,customer5339@example.com,3008280143
5340,Customer5340,User5340,Male,1975-05-19,2024-04-23,3,Dine-in,Rice,customer5340@example.com,3008573622
5341,Customer5341,User5341,Male,1979-10-24,2024-04-17,1,Website/App,Pasta,customer5341@example.com,3001113333
5342,Customer5342,User5342,Other,1984-01-25,2024-11-17,8,Website/App,Salads,customer5342@example.com,3002878123
5343,Customer5343,User5343,Other,1975-07-10,2024-08-14,9,Takeaway,Desserts,customer5343@example.com,3004314984
5344,Customer5344,User5344,Other,1996-09-26,2024-02-07,8,Third-party Delivery,Biryani,customer5344@example.com,3003707257
5345,Customer5345,User5345,Other,2001-12-25,2024-09-04,18,Dine-in,Pasta,customer5345@example.com,3006794100
5346,Customer5346,User5346,Male,1981-06-23,2024-09-18,8,Dine-in,Biryani,customer5346@example.com,3002482647
5347,Customer5347,User5347,Male,1995-08-03,2024-07-02,8,Takeaway,Beverages,customer5347@example.com,3006216179
5348,Customer5348,User5348,Male,2000-09-15,2024-07-01,5,Third-party Delivery,BBQ,customer5348@example.com,3001241109
5349,Customer5349,User5349,Female,1980-07-23,2024-11-09,17,Dine-in,Burgers,customer5349@example.com,3006679143
5350,Customer5350,User5350,Other,1971-04-19,2024-02-14,16,Dine-in,Biryani,customer5350@example.com,3009910140
5351,Customer5351,User5351,Other,1985-08-20,2024-11-08,20,Website/App,Salads,customer5351@example.com,3004746226
5352,Customer5352,User5352,Male,1979-03-26,2024-08-21,17,Dine-in,BBQ,customer5352@example.com,3008142039
5353,Customer5353,User5353,Other,1992-04-19,2024-06-08,14,Takeaway,Rice,customer5353@example.com,3003924848
5354,Customer5354,User5354,Male,1998-03-21,2024-05-27,17,Third-party Delivery,Pizza,customer5354@example.com,3002434403
5355,Customer5355,User5355,Female,1997-11-27,2024-03-08,2,Third-party Delivery,Desserts,customer5355@example.com,3001492554
5356,Customer5356,User5356,Male,1987-07-16,2024-01-03,9,Dine-in,Biryani,customer5356@example.com,3001014686
5357,Customer5357,User5357,Female,1988-08-04,2024-03-02,18,Takeaway,Sandwiches,customer5357@example.com,3003150174
5358,Customer5358,User5358,Female,1998-05-17,2024-06-13,6,Takeaway,Desserts,customer5358@example.com,3008142539
5359,Customer5359,User5359,Other,1974-08-08,2024-03-26,15,Third-party Delivery,Sandwiches,customer5359@example.com,3001425031
5360,Customer5360,User5360,Other,1996-04-20,2024-11-22,11,Dine-in,Rice,customer5360@example.com,3007839048
5361,Customer5361,User5361,Other,1973-07-12,2024-08-10,3,Third-party Delivery,Salads,customer5361@example.com,3005211212
5362,Customer5362,User5362,Other,1984-07-13,2024-12-08,8,Third-party Delivery,Pasta,customer5362@example.com,3007987471
5363,Customer5363,User5363,Male,2002-05-12,2024-04-11,16,Third-party Delivery,Desserts,customer5363@example.com,3009320949
5364,Customer5364,User5364,Other,1993-10-05,2024-12-20,9,Website/App,Beverages,customer5364@example.com,3004921057
5365,Customer5365,User5365,Female,1974-09-22,2024-09-23,7,Third-party Delivery,BBQ,customer5365@example.com,3006235408
5366,Customer5366,User5366,Other,1980-04-25,2024-10-13,2,Website/App,Biryani,customer5366@example.com,3005507588
5367,Customer5367,User5367,Female,1990-01-06,2024-06-27,13,Third-party Delivery,Burgers,customer5367@example.com,3003607275
5368,Customer5368,User5368,Male,2000-09-06,2024-10-11,19,Dine-in,Sandwiches,customer5368@example.com,3002819095
5369,Customer5369,User5369,Other,1970-04-15,2024-12-14,7,Takeaway,Salads,customer5369@example.com,3005894796
5370,Customer5370,User5370,Male,1984-09-27,2024-12-01,10,Takeaway,Desserts,customer5370@example.com,3005285929
5371,Customer5371,User5371,Male,1980-07-20,2024-09-01,17,Third-party Delivery,Pasta,customer5371@example.com,3006352293
5372,Customer5372,User5372,Male,1970-09-14,2024-02-20,19,Third-party Delivery,Burgers,customer5372@example.com,3009321956
5373,Customer5373,User5373,Other,2002-04-20,2024-04-22,3,Takeaway,Biryani,customer5373@example.com,3006100113
5374,Customer5374,User5374,Male,1980-11-16,2024-06-19,10,Takeaway,Pasta,customer5374@example.com,3001718170
5375,Customer5375,User5375,Male,1995-06-15,2024-06-12,11,Third-party Delivery,BBQ,customer5375@example.com,3009748096
5376,Customer5376,User5376,Female,1983-11-05,2024-09-03,1,Third-party Delivery,Burgers,customer5376@example.com,3006719038
5377,Customer5377,User5377,Female,1973-06-11,2024-08-07,17,Website/App,Pizza,customer5377@example.com,3001852171
5378,Customer5378,User5378,Other,1995-01-25,2024-01-24,14,Third-party Delivery,Pizza,customer5378@example.com,3007845443
5379,Customer5379,User5379,Other,1974-11-11,2024-04-03,15,Third-party Delivery,Sandwiches,customer5379@example.com,3001349751
5380,Customer5380,User5380,Other,1980-05-10,2024-12-12,13,Third-party Delivery,Salads,customer5380@example.com,3002533486
5381,Customer5381,User5381,Other,1975-05-07,2024-04-25,13,Third-party Delivery,Pasta,customer5381@example.com,3008686829
5382,Customer5382,User5382,Female,1993-05-13,2024-01-13,18,Takeaway,BBQ,customer5382@example.com,3004030944
5383,Customer5383,User5383,Female,1971-06-07,2024-04-28,17,Takeaway,BBQ,customer5383@example.com,3008302025
5384,Customer5384,User5384,Other,1995-07-24,2024-01-18,4,Third-party Delivery,Pasta,customer5384@example.com,3009682685
5385,Customer5385,User5385,Other,1972-05-04,2024-05-21,1,Takeaway,Sandwiches,customer5385@example.com,3004742275
5386,Customer5386,User5386,Female,2003-08-09,2024-06-04,5,Third-party Delivery,Pizza,customer5386@example.com,3005045551
5387,Customer5387,User5387,Female,1973-03-06,2024-11-24,20,Takeaway,Burgers,customer5387@example.com,3005885856
5388,Customer5388,User5388,Female,1983-02-22,2024-03-03,7,Website/App,Pasta,customer5388@example.com,3006542502
5389,Customer5389,User5389,Female,1971-01-16,2024-03-11,13,Third-party Delivery,Beverages,customer5389@example.com,3009138854
5390,Customer5390,User5390,Male,1985-01-13,2024-11-07,14,Website/App,Desserts,customer5390@example.com,3009839595
5391,Customer5391,User5391,Male,1998-12-03,2024-11-22,12,Dine-in,Burgers,customer5391@example.com,3005778457
5392,Customer5392,User5392,Male,1985-07-16,2024-08-16,13,Third-party Delivery,Salads,customer5392@example.com,3007061123
5393,Customer5393,User5393,Other,1982-12-05,2024-12-05,9,Third-party Delivery,Desserts,customer5393@example.com,3004659474
5394,Customer5394,User5394,Female,1975-10-14,2024-08-11,11,Third-party Delivery,Salads,customer5394@example.com,3002984241
5395,Customer5395,User5395,Male,1971-10-10,2024-06-09,1,Takeaway,Beverages,customer5395@example.com,3005661219
5396,Customer5396,User5396,Female,1983-09-24,2024-09-05,13,Third-party Delivery,Sandwiches,customer5396@example.com,3005677995
5397,Customer5397,User5397,Male,1985-11-13,2024-07-16,9,Third-party Delivery,Beverages,customer5397@example.com,3007557342
5398,Customer5398,User5398,Other,1970-09-25,2024-08-17,14,Takeaway,Salads,customer5398@example.com,3002320700
5399,Customer5399,User5399,Female,1977-09-23,2024-04-11,19,Dine-in,Salads,customer5399@example.com,3005786578
5400,Customer5400,User5400,Other,1973-11-10,2024-05-09,15,Website/App,Biryani,customer5400@example.com,3008684661
5401,Customer5401,User5401,Male,1998-03-12,2024-05-09,11,Takeaway,Desserts,customer5401@example.com,3007911622
5402,Customer5402,User5402,Male,1973-10-11,2024-05-15,6,Third-party Delivery,BBQ,customer5402@example.com,3001919610
5403,Customer5403,User5403,Female,1990-02-28,2024-10-08,20,Dine-in,BBQ,customer5403@example.com,3007406040
5404,Customer5404,User5404,Male,1985-08-18,2024-03-18,1,Takeaway,Pasta,customer5404@example.com,3007944175
5405,Customer5405,User5405,Other,1977-11-01,2024-09-21,12,Third-party Delivery,Desserts,customer5405@example.com,3008701596
5406,Customer5406,User5406,Male,2000-06-01,2024-02-07,19,Takeaway,Salads,customer5406@example.com,3003908207
5407,Customer5407,User5407,Female,1995-08-27,2024-10-16,10,Third-party Delivery,Rice,customer5407@example.com,3002543344
5408,Customer5408,User5408,Female,2000-02-17,2024-07-06,14,Third-party Delivery,Desserts,customer5408@example.com,3009850314
5409,Customer5409,User5409,Female,1974-07-08,2024-04-25,18,Third-party Delivery,Rice,customer5409@example.com,3009961387
5410,Customer5410,User5410,Male,1985-01-07,2024-03-24,14,Takeaway,BBQ,customer5410@example.com,3009652230
5411,Customer5411,User5411,Female,1989-01-20,2024-05-13,13,Website/App,BBQ,customer5411@example.com,3009162300
5412,Customer5412,User5412,Female,1971-06-08,2024-07-10,9,Takeaway,BBQ,customer5412@example.com,3006645275
5413,Customer5413,User5413,Female,1976-03-04,2024-11-15,13,Takeaway,Burgers,customer5413@example.com,3001526876
5414,Customer5414,User5414,Male,1981-09-20,2024-04-09,17,Takeaway,Beverages,customer5414@example.com,3001153541
5415,Customer5415,User5415,Male,1980-01-12,2024-04-28,13,Website/App,Burgers,customer5415@example.com,3005845853
5416,Customer5416,User5416,Other,1992-07-17,2024-07-20,14,Dine-in,Burgers,customer5416@example.com,3002335988
5417,Customer5417,User5417,Other,1980-04-07,2024-02-26,11,Takeaway,BBQ,customer5417@example.com,3001244626
5418,Customer5418,User5418,Female,1977-06-21,2024-08-11,17,Website/App,Biryani,customer5418@example.com,3008753918
5419,Customer5419,User5419,Female,2003-07-28,2024-02-21,6,Third-party Delivery,Desserts,customer5419@example.com,3004310946
5420,Customer5420,User5420,Male,1984-04-27,2024-06-14,20,Website/App,Biryani,customer5420@example.com,3001334256
5421,Customer5421,User5421,Male,1987-05-26,2024-06-15,13,Third-party Delivery,Pizza,customer5421@example.com,3007948604
5422,Customer5422,User5422,Other,1981-10-27,2024-12-25,12,Dine-in,Sandwiches,customer5422@example.com,3005720134
5423,Customer5423,User5423,Male,1970-04-03,2024-09-10,3,Third-party Delivery,Rice,customer5423@example.com,3004029938
5424,Customer5424,User5424,Other,1996-06-27,2024-03-07,9,Third-party Delivery,Pasta,customer5424@example.com,3007073417
5425,Customer5425,User5425,Female,1997-12-03,2024-03-27,2,Takeaway,Beverages,customer5425@example.com,3005705112
5426,Customer5426,User5426,Other,1996-08-22,2024-03-14,9,Website/App,Burgers,customer5426@example.com,3002277184
5427,Customer5427,User5427,Other,2002-10-06,2024-12-17,20,Dine-in,BBQ,customer5427@example.com,3004525843
5428,Customer5428,User5428,Female,1983-06-27,2024-11-09,6,Website/App,Sandwiches,customer5428@example.com,3003103391
5429,Customer5429,User5429,Other,1997-12-21,2024-01-16,17,Dine-in,Rice,customer5429@example.com,3009502419
5430,Customer5430,User5430,Female,1999-06-28,2024-02-08,9,Dine-in,Desserts,customer5430@example.com,3005583687
5431,Customer5431,User5431,Other,1975-09-28,2024-12-11,1,Website/App,Beverages,customer5431@example.com,3003324584
5432,Customer5432,User5432,Other,1986-01-25,2024-06-22,11,Website/App,Sandwiches,customer5432@example.com,3006894194
5433,Customer5433,User5433,Male,1978-01-13,2024-10-01,14,Dine-in,Pizza,customer5433@example.com,3006851527
5434,Customer5434,User5434,Other,1999-04-21,2024-08-05,11,Takeaway,Burgers,customer5434@example.com,3004892896
5435,Customer5435,User5435,Male,1990-09-09,2024-07-10,8,Website/App,BBQ,customer5435@example.com,3003142659
5436,Customer5436,User5436,Other,1971-12-11,2024-05-22,1,Dine-in,Salads,customer5436@example.com,3003766716
5437,Customer5437,User5437,Other,1983-02-19,2024-06-02,16,Third-party Delivery,Rice,customer5437@example.com,3001253209
5438,Customer5438,User5438,Female,1982-10-01,2024-01-08,9,Takeaway,Biryani,customer5438@example.com,3003668559
5439,Customer5439,User5439,Female,1979-01-11,2024-11-12,12,Website/App,Sandwiches,customer5439@example.com,3003477463
5440,Customer5440,User5440,Other,1989-10-16,2024-06-13,12,Third-party Delivery,Beverages,customer5440@example.com,3004684950
5441,Customer5441,User5441,Male,1985-10-19,2024-05-07,3,Dine-in,Salads,customer5441@example.com,3006890539
5442,Customer5442,User5442,Male,2004-09-17,2024-06-25,15,Third-party Delivery,Beverages,customer5442@example.com,3004134097
5443,Customer5443,User5443,Other,1970-11-28,2024-10-11,16,Takeaway,Beverages,customer5443@example.com,3005064263
5444,Customer5444,User5444,Other,1998-09-07,2024-01-22,3,Third-party Delivery,Pasta,customer5444@example.com,3009768275
5445,Customer5445,User5445,Female,1995-11-23,2024-12-01,15,Website/App,Pasta,customer5445@example.com,3008038964
5446,Customer5446,User5446,Male,1990-11-24,2024-07-21,15,Dine-in,Rice,customer5446@example.com,3003626353
5447,Customer5447,User5447,Female,1976-09-26,2024-11-17,15,Website/App,Beverages,customer5447@example.com,3008583281
5448,Customer5448,User5448,Female,1973-10-18,2024-01-22,5,Dine-in,Desserts,customer5448@example.com,3006727764
5449,Customer5449,User5449,Other,1978-01-09,2024-07-26,19,Dine-in,Desserts,customer5449@example.com,3005823945
5450,Customer5450,User5450,Male,1971-11-13,2024-05-18,9,Third-party Delivery,Desserts,customer5450@example.com,3004190075
5451,Customer5451,User5451,Other,1980-01-05,2024-05-21,9,Website/App,Burgers,customer5451@example.com,3009013889
5452,Customer5452,User5452,Male,1976-10-16,2024-02-18,20,Dine-in,Pizza,customer5452@example.com,3002133593
5453,Customer5453,User5453,Male,1973-04-25,2024-07-16,6,Dine-in,Sandwiches,customer5453@example.com,3005239177
5454,Customer5454,User5454,Male,1997-02-21,2024-07-14,14,Website/App,Desserts,customer5454@example.com,3002112018
5455,Customer5455,User5455,Male,2001-12-19,2024-04-12,6,Third-party Delivery,Pasta,customer5455@example.com,3008051464
5456,Customer5456,User5456,Female,1978-12-23,2024-01-18,8,Dine-in,Rice,customer5456@example.com,3001191868
5457,Customer5457,User5457,Other,1970-02-24,2024-07-03,17,Takeaway,Biryani,customer5457@example.com,3002519665
5458,Customer5458,User5458,Female,1980-10-02,2024-01-27,16,Website/App,Pizza,customer5458@example.com,3007428774
5459,Customer5459,User5459,Female,1987-04-02,2024-09-13,1,Website/App,Biryani,customer5459@example.com,3004945014
5460,Customer5460,User5460,Male,1995-08-05,2024-04-05,10,Third-party Delivery,BBQ,customer5460@example.com,3005710580
5461,Customer5461,User5461,Female,1977-01-13,2024-01-26,13,Dine-in,Sandwiches,customer5461@example.com,3008620567
5462,Customer5462,User5462,Other,1985-08-15,2024-09-18,20,Takeaway,Pizza,customer5462@example.com,3005288872
5463,Customer5463,User5463,Male,2004-02-02,2024-01-15,6,Dine-in,Beverages,customer5463@example.com,3005315333
5464,Customer5464,User5464,Female,2004-12-02,2024-12-04,4,Third-party Delivery,Burgers,customer5464@example.com,3006785543
5465,Customer5465,User5465,Female,1987-08-21,2024-11-14,11,Website/App,Desserts,customer5465@example.com,3007117983
5466,Customer5466,User5466,Female,1971-04-26,2024-12-08,13,Third-party Delivery,Pasta,customer5466@example.com,3005689318
5467,Customer5467,User5467,Female,1975-01-27,2024-10-25,20,Takeaway,Desserts,customer5467@example.com,3009879403
5468,Customer5468,User5468,Female,2004-12-28,2024-07-11,6,Takeaway,Burgers,customer5468@example.com,3001074808
5469,Customer5469,User5469,Female,1990-04-07,2024-05-07,1,Website/App,Salads,customer5469@example.com,3003920867
5470,Customer5470,User5470,Male,1999-01-01,2024-01-05,13,Third-party Delivery,Pasta,customer5470@example.com,3006663171
5471,Customer5471,User5471,Female,1998-06-07,2024-12-25,20,Third-party Delivery,BBQ,customer5471@example.com,3002499215
5472,Customer5472,User5472,Female,1983-09-05,2024-06-03,4,Third-party Delivery,Biryani,customer5472@example.com,3004394402
5473,Customer5473,User5473,Male,1982-06-17,2024-03-03,16,Takeaway,Sandwiches,customer5473@example.com,3004776971
5474,Customer5474,User5474,Other,1985-01-18,2024-01-26,9,Dine-in,Beverages,customer5474@example.com,3009649039
5475,Customer5475,User5475,Other,1997-12-03,2024-02-06,12,Dine-in,BBQ,customer5475@example.com,3006109470
5476,Customer5476,User5476,Other,1984-01-13,2024-06-22,15,Third-party Delivery,Biryani,customer5476@example.com,3002556185
5477,Customer5477,User5477,Male,1978-08-04,2024-12-13,17,Dine-in,Burgers,customer5477@example.com,3009905370
5478,Customer5478,User5478,Male,1999-07-14,2024-04-12,5,Dine-in,Pasta,customer5478@example.com,3003554182
5479,Customer5479,User5479,Female,2000-04-27,2024-11-15,4,Dine-in,Burgers,customer5479@example.com,3008583303
5480,Customer5480,User5480,Male,1995-09-14,2024-09-21,14,Website/App,Sandwiches,customer5480@example.com,3006152896
5481,Customer5481,User5481,Male,1988-08-08,2024-06-28,20,Website/App,Sandwiches,customer5481@example.com,3006631831
5482,Customer5482,User5482,Male,1999-05-06,2024-06-06,11,Third-party Delivery,Desserts,customer5482@example.com,3007372506
5483,Customer5483,User5483,Other,2001-12-16,2024-04-22,19,Website/App,Pizza,,3007510050
5484,Customer5484,User5484,Other,1994-01-08,2024-12-06,8,Third-party Delivery,Burgers,customer5484@example.com,3002675184
5485,Customer5485,User5485,Female,1971-10-12,2024-12-21,2,Third-party Delivery,Pizza,customer5485@example.com,3006891268
5486,Customer5486,User5486,Other,1976-10-20,2024-07-24,8,Takeaway,Rice,customer5486@example.com,3001972316
5487,Customer5487,User5487,Other,1989-08-16,2024-03-11,19,Third-party Delivery,Pizza,customer5487@example.com,3002534525
5488,Customer5488,User5488,Female,1992-11-22,2024-11-28,8,Takeaway,Beverages,customer5488@example.com,3005885714
5489,Customer5489,User5489,Male,1995-03-25,2024-11-27,19,Dine-in,Sandwiches,customer5489@example.com,3004106873
5490,Customer5490,User5490,Other,2002-02-11,2024-12-23,14,Third-party Delivery,Burgers,customer5490@example.com,3004238223
5491,Customer5491,User5491,Male,2004-01-12,2024-02-21,17,Takeaway,BBQ,customer5491@example.com,3004356027
5492,Customer5492,User5492,Female,1983-07-08,2024-06-14,17,Dine-in,Beverages,customer5492@example.com,3009368046
5493,Customer5493,User5493,Female,1985-05-16,2024-03-10,9,Dine-in,Sandwiches,customer5493@example.com,3008780681
5494,Customer5494,User5494,Female,1979-02-26,2024-09-16,10,Takeaway,Burgers,customer5494@example.com,3007829602
5495,Customer5495,User5495,Female,2001-05-05,2024-10-21,7,Takeaway,Sandwiches,customer5495@example.com,3009862858
5496,Customer5496,User5496,Male,1989-09-16,2024-01-20,6,Website/App,Pizza,customer5496@example.com,3008056912
5497,Customer5497,User5497,Other,1980-09-23,2024-10-02,18,Website/App,Pasta,customer5497@example.com,3005442827
5498,Customer5498,User5498,Other,1979-07-05,2024-08-16,7,Takeaway,Pizza,customer5498@example.com,3004141461
5499,Customer5499,User5499,Female,2003-02-05,2024-11-25,18,Third-party Delivery,Sandwiches,customer5499@example.com,3007751605
5500,Customer5500,User5500,Male,1987-01-09,2024-02-20,15,Website/App,BBQ,customer5500@example.com,3008845217
5501,Customer5501,User5501,Female,1991-12-06,2024-03-10,13,Third-party Delivery,Beverages,customer5501@example.com,3006554474
5502,Customer5502,User5502,Male,1996-10-06,2024-02-16,12,Dine-in,Desserts,customer5502@example.com,3002750066
5503,Customer5503,User5503,Male,1993-12-22,2024-03-21,18,Website/App,Pasta,customer5503@example.com,3005371313
5504,Customer5504,User5504,Other,1999-01-23,2024-11-27,11,Dine-in,Burgers,customer5504@example.com,3006946635
5505,Customer5505,User5505,Female,1986-11-11,2024-12-17,2,Third-party Delivery,Sandwiches,customer5505@example.com,3008038158
5506,Customer5506,User5506,Female,2004-08-17,2024-05-04,8,Takeaway,Pizza,customer5506@example.com,3003999773
5507,Customer5507,User5507,Female,1997-01-16,2024-09-25,8,Takeaway,Pasta,customer5507@example.com,3005800810
5508,Customer5508,User5508,Other,1981-11-28,2024-03-09,12,Takeaway,BBQ,customer5508@example.com,3002991403
5509,Customer5509,User5509,Female,1970-11-07,2024-06-26,8,Website/App,Pizza,customer5509@example.com,3009173907
5510,Customer5510,User5510,Female,1992-05-14,2024-02-26,9,Dine-in,Pizza,customer5510@example.com,3002832300
5511,Customer5511,User5511,Male,1976-05-22,2024-08-28,8,Dine-in,Biryani,customer5511@example.com,3009496733
5512,Customer5512,User5512,Other,1985-06-17,2024-05-10,18,Dine-in,Pizza,customer5512@example.com,3003259364
5513,Customer5513,User5513,Female,2000-02-05,2024-08-16,4,Website/App,Sandwiches,customer5513@example.com,3009420514
5514,Customer5514,User5514,Female,1982-10-01,2024-10-04,15,Website/App,BBQ,customer5514@example.com,3009178110
5515,Customer5515,User5515,Other,1986-01-17,2024-01-22,7,Dine-in,Beverages,customer5515@example.com,3003683920
5516,Customer5516,User5516,Male,1972-07-09,2024-02-20,20,Third-party Delivery,Pasta,customer5516@example.com,3005956256
5517,Customer5517,User5517,Male,1979-12-19,2024-04-15,14,Website/App,Pasta,customer5517@example.com,3003126477
5518,Customer5518,User5518,Female,1990-09-15,2024-03-17,1,Takeaway,Rice,customer5518@example.com,3007456436
5519,Customer5519,User5519,Female,1996-03-14,2024-01-01,18,Dine-in,Pasta,customer5519@example.com,3001431586
5520,Customer5520,User5520,Other,1977-09-25,2024-09-17,1,Dine-in,Rice,customer5520@example.com,3001000852
5521,Customer5521,User5521,Male,1991-04-15,2024-09-05,18,Third-party Delivery,Beverages,customer5521@example.com,3009037332
5522,Customer5522,User5522,Other,1980-12-21,2024-11-05,2,Takeaway,Burgers,customer5522@example.com,3008621945
5523,Customer5523,User5523,Male,1973-09-03,2024-07-19,6,Takeaway,Rice,customer5523@example.com,3008841285
5524,Customer5524,User5524,Female,1995-03-04,2024-06-09,3,Website/App,Pizza,customer5524@example.com,3001998397
5525,Customer5525,User5525,Female,1970-11-05,2024-08-24,5,Takeaway,Salads,customer5525@example.com,3006171636
5526,Customer5526,User5526,Male,1996-04-11,2024-09-25,8,Website/App,Salads,customer5526@example.com,3003810081
5527,Customer5527,User5527,Other,1994-04-18,2024-10-25,18,Third-party Delivery,BBQ,customer5527@example.com,3006432543
5528,Customer5528,User5528,Female,1975-01-20,2024-03-25,8,Takeaway,Pasta,customer5528@example.com,3007094200
5529,Customer5529,User5529,Other,2002-06-15,2024-03-17,8,Website/App,Sandwiches,customer5529@example.com,3004616283
5530,Customer5530,User5530,Other,2003-10-04,2024-07-03,20,Dine-in,Pasta,customer5530@example.com,3006388497
5531,Customer5531,User5531,Other,2001-06-07,2024-01-23,5,Third-party Delivery,Pizza,customer5531@example.com,3005561286
5532,Customer5532,User5532,Other,1973-11-28,2024-10-10,3,Third-party Delivery,Desserts,customer5532@example.com,3006498667
5533,Customer5533,User5533,Other,1980-11-02,2024-03-15,20,Dine-in,BBQ,customer5533@example.com,3006507937
5534,Customer5534,User5534,Female,2004-02-26,2024-02-18,20,Dine-in,Desserts,customer5534@example.com,3003713494
5535,Customer5535,User5535,Other,1987-06-26,2024-09-10,18,Third-party Delivery,BBQ,customer5535@example.com,3005319521
5536,Customer5536,User5536,Male,1972-10-28,2024-03-14,6,Third-party Delivery,Pasta,customer5536@example.com,3001371090
5537,Customer5537,User5537,Female,1981-01-27,2024-01-18,1,Website/App,Desserts,customer5537@example.com,3001346668
5538,Customer5538,User5538,Male,2001-05-28,2024-04-25,11,Third-party Delivery,Pasta,customer5538@example.com,3003463891
5539,Customer5539,User5539,Other,1978-06-12,2024-12-25,12,Third-party Delivery,Beverages,customer5539@example.com,3001410895
5540,Customer5540,User5540,Other,1987-07-27,2024-10-24,1,Dine-in,Pizza,customer5540@example.com,3006695201
5541,Customer5541,User5541,Other,1977-03-25,2024-04-13,5,Website/App,Biryani,customer5541@example.com,3005922388
5542,Customer5542,User5542,Other,1988-08-22,2024-01-01,5,Website/App,Pizza,customer5542@example.com,3001667503
5543,Customer5543,User5543,Female,1998-03-10,2024-12-09,14,Dine-in,Salads,customer5543@example.com,3007032073
5544,Customer5544,User5544,Female,2001-03-27,2024-05-18,16,Third-party Delivery,BBQ,customer5544@example.com,3008685283
5545,Customer5545,User5545,Female,1985-01-22,2024-09-07,11,Third-party Delivery,Biryani,customer5545@example.com,3001496862
5546,Customer5546,User5546,Other,1976-11-02,2024-01-23,14,Takeaway,BBQ,customer5546@example.com,3008720936
5547,Customer5547,User5547,Female,1975-09-01,2024-05-25,5,Dine-in,Biryani,customer5547@example.com,3003632157
5548,Customer5548,User5548,Male,1970-06-25,2024-10-16,12,Third-party Delivery,Rice,customer5548@example.com,3004603721
5549,Customer5549,User5549,Female,1981-09-28,2024-08-13,12,Third-party Delivery,Pasta,customer5549@example.com,3006993323
5550,Customer5550,User5550,Female,1978-06-17,2024-07-18,11,Third-party Delivery,Beverages,customer5550@example.com,3007041303
5551,Customer5551,User5551,Male,1997-07-09,2024-09-16,17,Takeaway,Sandwiches,customer5551@example.com,3006198921
5552,Customer5552,User5552,Other,2000-02-08,2024-01-02,2,Takeaway,Pasta,customer5552@example.com,3006911462
5553,Customer5553,User5553,Female,1995-11-09,2024-06-28,8,Takeaway,BBQ,customer5553@example.com,3008461227
5554,Customer5554,User5554,Other,2002-06-05,2024-10-09,17,Website/App,BBQ,customer5554@example.com,3008635668
5555,Customer5555,User5555,Male,1988-02-23,2024-12-10,12,Dine-in,Pasta,customer5555@example.com,3007469913
5556,Customer5556,User5556,Male,1982-08-02,2024-07-20,11,Dine-in,Pizza,customer5556@example.com,3009767358
5557,Customer5557,User5557,Male,1995-11-04,2024-04-18,15,Website/App,Salads,customer5557@example.com,3006842763
5558,Customer5558,User5558,Female,1987-03-06,2024-10-17,4,Takeaway,Rice,customer5558@example.com,3003546111
5559,Customer5559,User5559,Female,1974-10-22,2024-10-15,15,Dine-in,Pizza,customer5559@example.com,3009720836
5560,Customer5560,User5560,Male,1976-12-23,2024-07-15,15,Website/App,Rice,customer5560@example.com,3007358879
5561,Customer5561,User5561,Male,1986-09-20,2024-01-28,19,Website/App,Salads,customer5561@example.com,3003604669
5562,Customer5562,User5562,Female,1976-05-08,2024-11-14,19,Website/App,Desserts,customer5562@example.com,3005242849
5563,Customer5563,User5563,Other,1983-11-10,2024-08-13,17,Takeaway,Beverages,customer5563@example.com,3008011398
5564,Customer5564,User5564,Male,1995-11-24,2024-02-23,17,Third-party Delivery,Desserts,customer5564@example.com,3007427340
5565,Customer5565,User5565,Female,1990-09-22,2024-01-18,10,Takeaway,Pizza,customer5565@example.com,3007950122
5566,Customer5566,User5566,Other,1990-03-24,2024-02-23,15,Dine-in,Burgers,customer5566@example.com,3006390283
5567,Customer5567,User5567,Male,1974-03-14,2024-01-12,11,Third-party Delivery,BBQ,customer5567@example.com,3002042146
5568,Customer5568,User5568,Male,2004-05-11,2024-10-12,18,Third-party Delivery,Sandwiches,customer5568@example.com,3006385430
5569,Customer5569,User5569,Female,1976-11-06,2024-07-17,3,Takeaway,Burgers,customer5569@example.com,3009321461
5570,Customer5570,User5570,Other,1985-08-28,2024-04-04,17,Takeaway,Pasta,customer5570@example.com,3006151431
5571,Customer5571,User5571,Male,1980-12-08,2024-12-09,11,Takeaway,Rice,customer5571@example.com,3003960189
5572,Customer5572,User5572,Female,2003-01-24,2024-03-10,12,Website/App,Desserts,customer5572@example.com,3002301253
5573,Customer5573,User5573,Male,1994-03-26,2024-12-15,9,Takeaway,Pasta,customer5573@example.com,3002722752
5574,Customer5574,User5574,Female,1978-09-27,2024-07-07,5,Third-party Delivery,Burgers,customer5574@example.com,3003581318
5575,Customer5575,User5575,Male,1976-08-09,2024-11-02,5,Dine-in,Burgers,customer5575@example.com,3007381032
5576,Customer5576,User5576,Male,2001-07-08,2024-05-09,7,Takeaway,BBQ,customer5576@example.com,3007964536
5577,Customer5577,User5577,Male,1981-11-24,2024-07-07,8,Website/App,Sandwiches,customer5577@example.com,3005659571
5578,Customer5578,User5578,Male,1995-11-06,2024-10-26,18,Third-party Delivery,Burgers,customer5578@example.com,3003869830
5579,Customer5579,User5579,Female,1979-02-12,2024-12-24,3,Website/App,Rice,customer5579@example.com,3006888868
5580,Customer5580,User5580,Male,2000-03-21,2024-04-22,13,Website/App,Burgers,customer5580@example.com,3005416400
5581,Customer5581,User5581,Other,1989-09-12,2024-03-13,2,Takeaway,Rice,customer5581@example.com,3006600260
5582,Customer5582,User5582,Female,2000-03-06,2024-05-02,11,Website/App,Rice,customer5582@example.com,3001762666
5583,Customer5583,User5583,Female,1974-02-08,2024-10-01,1,Website/App,Pasta,customer5583@example.com,3009905796
5584,Customer5584,User5584,Other,1978-08-12,2024-11-06,7,Website/App,Burgers,customer5584@example.com,3009499020
5585,Customer5585,User5585,Female,1972-06-14,2024-09-26,8,Takeaway,Pasta,customer5585@example.com,3007140177
5586,Customer5586,User5586,Female,1995-04-17,2024-06-19,18,Dine-in,Beverages,customer5586@example.com,3003581014
5587,Customer5587,User5587,Other,1986-04-20,2024-10-25,15,Website/App,Beverages,customer5587@example.com,3007535539
5588,Customer5588,User5588,Other,1972-01-28,2024-06-23,12,Third-party Delivery,Rice,customer5588@example.com,3004396359
5589,Customer5589,User5589,Other,1970-08-20,2024-12-05,13,Third-party Delivery,Burgers,customer5589@example.com,3005847615
5590,Customer5590,User5590,Male,1989-05-15,2024-06-01,4,Third-party Delivery,Pasta,customer5590@example.com,3001260371
5591,Customer5591,User5591,Female,1996-11-27,2024-07-12,11,Dine-in,Sandwiches,customer5591@example.com,3006420294
5592,Customer5592,User5592,Other,1995-10-16,2024-12-23,5,Takeaway,Rice,customer5592@example.com,3003839378
5593,Customer5593,User5593,Female,1981-01-09,2024-04-01,2,Third-party Delivery,Rice,customer5593@example.com,3002074981
5594,Customer5594,User5594,Other,1976-01-27,2024-07-28,19,Third-party Delivery,Pizza,customer5594@example.com,3005131374
5595,Customer5595,User5595,Female,1985-06-19,2024-02-25,3,Website/App,Biryani,customer5595@example.com,3001828993
5596,Customer5596,User5596,Male,1995-02-05,2024-03-07,6,Third-party Delivery,Pizza,customer5596@example.com,3005522617
5597,Customer5597,User5597,Male,1978-11-10,2024-06-10,5,Takeaway,BBQ,customer5597@example.com,3003620592
5598,Customer5598,User5598,Male,1988-04-01,2024-03-08,5,Dine-in,Burgers,customer5598@example.com,3001456832
5599,Customer5599,User5599,Male,1982-03-15,2024-09-20,6,Takeaway,BBQ,customer5599@example.com,3004955984
5600,Customer5600,User5600,Female,1973-11-19,2024-08-19,4,Takeaway,Pasta,customer5600@example.com,3004863010
5601,Customer5601,User5601,Male,1990-07-04,2024-11-16,14,Takeaway,Salads,customer5601@example.com,3005708991
5602,Customer5602,User5602,Other,2003-05-14,2024-12-16,13,Website/App,Burgers,customer5602@example.com,3008622005
5603,Customer5603,User5603,Female,1993-04-13,2024-02-09,1,Takeaway,Burgers,customer5603@example.com,3008800332
5604,Customer5604,User5604,Male,1973-07-08,2024-04-13,2,Takeaway,Desserts,customer5604@example.com,3004148889
5605,Customer5605,User5605,Male,1991-07-16,2024-12-06,14,Dine-in,Desserts,customer5605@example.com,3004318648
5606,Customer5606,User5606,Female,1981-10-05,2024-05-11,20,Third-party Delivery,Desserts,customer5606@example.com,3008631671
5607,Customer5607,User5607,Male,2004-12-24,2024-03-23,10,Takeaway,Beverages,customer5607@example.com,3003620597
5608,Customer5608,User5608,Male,1987-07-06,2024-10-06,6,Takeaway,Biryani,customer5608@example.com,3009893242
5609,Customer5609,User5609,Male,1982-09-24,2024-02-07,17,Website/App,Biryani,customer5609@example.com,3003740376
5610,Customer5610,User5610,Male,1991-10-01,2024-07-05,16,Dine-in,Salads,customer5610@example.com,3005886670
5611,Customer5611,User5611,Male,1976-05-10,2024-02-06,10,Website/App,Biryani,customer5611@example.com,3004112591
5612,Customer5612,User5612,Other,1979-05-26,2024-06-13,15,Dine-in,Beverages,customer5612@example.com,3004699645
5613,Customer5613,User5613,Other,1984-12-21,2024-06-02,9,Third-party Delivery,Biryani,customer5613@example.com,3004173773
5614,Customer5614,User5614,Male,1999-05-04,2024-06-07,11,Takeaway,Rice,customer5614@example.com,3009762535
5615,Customer5615,User5615,Female,2002-11-19,2024-06-26,20,Dine-in,Salads,customer5615@example.com,3001362919
5616,Customer5616,User5616,Female,1985-01-19,2024-11-24,9,Website/App,Beverages,customer5616@example.com,3009090279
5617,Customer5617,User5617,Female,1992-01-17,2024-12-06,12,Third-party Delivery,Biryani,customer5617@example.com,3004774790
5618,Customer5618,User5618,Male,1982-01-01,2024-08-01,18,Third-party Delivery,Pizza,customer5618@example.com,3008310364
5619,Customer5619,User5619,Other,1989-09-27,2024-05-13,15,Website/App,Desserts,customer5619@example.com,3006873392
5620,Customer5620,User5620,Male,1976-05-18,2024-04-24,12,Third-party Delivery,Pasta,customer5620@example.com,3001693566
5621,Customer5621,User5621,Other,1994-10-05,2024-11-27,5,Third-party Delivery,Burgers,customer5621@example.com,3003897634
5622,Customer5622,User5622,Female,1978-11-22,2024-06-26,9,Dine-in,Pizza,customer5622@example.com,3002041864
5623,Customer5623,User5623,Female,1992-12-14,2024-03-21,10,Dine-in,Biryani,customer5623@example.com,3008093754
5624,Customer5624,User5624,Other,1996-08-14,2024-11-17,1,Website/App,Burgers,customer5624@example.com,3006252537
5625,Customer5625,User5625,Other,1995-05-16,2024-01-08,7,Third-party Delivery,BBQ,customer5625@example.com,3003860940
5626,Customer5626,User5626,Female,1990-04-23,2024-03-01,14,Website/App,BBQ,customer5626@example.com,3004773549
5627,Customer5627,User5627,Male,1996-11-03,2024-05-08,10,Dine-in,Rice,customer5627@example.com,3009027153
5628,Customer5628,User5628,Male,1992-03-27,2024-12-09,7,Dine-in,Burgers,customer5628@example.com,3002089823
5629,Customer5629,User5629,Female,1996-09-08,2024-11-01,20,Website/App,Rice,customer5629@example.com,3002309122
5630,Customer5630,User5630,Other,1981-03-12,2024-03-24,13,Website/App,Salads,customer5630@example.com,3008452705
5631,Customer5631,User5631,Female,1998-09-15,2024-01-14,15,Third-party Delivery,BBQ,customer5631@example.com,3005727989
5632,Customer5632,User5632,Male,2002-07-21,2024-04-02,15,Dine-in,Desserts,,3009794628
5633,Customer5633,User5633,Male,1972-12-03,2024-12-02,4,Takeaway,BBQ,customer5633@example.com,3005865284
5634,Customer5634,User5634,Other,1970-06-13,2024-10-21,10,Takeaway,Pizza,customer5634@example.com,3002886941
5635,Customer5635,User5635,Other,2002-08-10,2024-12-19,1,Dine-in,BBQ,customer5635@example.com,3005297937
5636,Customer5636,User5636,Other,1974-01-22,2024-12-02,15,Takeaway,Rice,customer5636@example.com,3002197664
5637,Customer5637,User5637,Other,1988-10-06,2024-01-10,19,Takeaway,Burgers,customer5637@example.com,3007949934
5638,Customer5638,User5638,Female,1973-05-03,2024-03-03,2,Third-party Delivery,Burgers,customer5638@example.com,3005605298
5639,Customer5639,User5639,Other,1983-02-01,2024-06-12,1,Takeaway,Pizza,customer5639@example.com,3007114160
5640,Customer5640,User5640,Other,2003-09-15,2024-09-11,2,Third-party Delivery,Sandwiches,customer5640@example.com,3001258691
5641,Customer5641,User5641,Female,1998-06-21,2024-02-09,4,Website/App,Beverages,customer5641@example.com,3004824268
5642,Customer5642,User5642,Female,1974-06-13,2024-01-19,12,Dine-in,BBQ,customer5642@example.com,3003207715
5643,Customer5643,User5643,Female,2000-01-22,2024-03-03,11,Takeaway,Beverages,customer5643@example.com,3007514281
5644,Customer5644,User5644,Male,1976-06-04,2024-02-03,14,Takeaway,Desserts,customer5644@example.com,3002614218
5645,Customer5645,User5645,Female,1983-06-20,2024-04-09,4,Dine-in,Sandwiches,customer5645@example.com,3002762253
5646,Customer5646,User5646,Other,1996-06-01,2024-11-09,16,Takeaway,Pasta,customer5646@example.com,3006834494
5647,Customer5647,User5647,Male,1977-12-02,2024-08-07,16,Dine-in,Biryani,customer5647@example.com,3003443192
5648,Customer5648,User5648,Male,1998-03-11,2024-12-02,18,Website/App,Pasta,customer5648@example.com,3003966199
5649,Customer5649,User5649,Female,1971-09-17,2024-07-24,2,Third-party Delivery,Salads,customer5649@example.com,3003153001
5650,Customer5650,User5650,Female,1984-04-14,2024-01-04,1,Takeaway,Pizza,customer5650@example.com,3002650664
5651,Customer5651,User5651,Other,1987-01-01,2024-10-20,17,Dine-in,Biryani,customer5651@example.com,3008577767
5652,Customer5652,User5652,Other,1977-10-05,2024-11-23,6,Third-party Delivery,BBQ,customer5652@example.com,3002289732
5653,Customer5653,User5653,Female,1986-10-05,2024-06-09,7,Website/App,Pasta,customer5653@example.com,3001737397
5654,Customer5654,User5654,Male,1995-07-09,2024-11-06,16,Takeaway,Beverages,customer5654@example.com,3008272810
5655,Customer5655,User5655,Other,1995-07-09,2024-09-03,3,Dine-in,Pasta,customer5655@example.com,3002175580
5656,Customer5656,User5656,Male,1978-12-15,2024-03-27,9,Takeaway,Burgers,customer5656@example.com,3008148217
5657,Customer5657,User5657,Female,2000-08-20,2024-09-08,13,Third-party Delivery,Desserts,customer5657@example.com,3009516094
5658,Customer5658,User5658,Male,1970-08-01,2024-09-23,5,Website/App,Burgers,customer5658@example.com,3009444258
5659,Customer5659,User5659,Other,1984-11-12,2024-02-23,8,Takeaway,Pizza,customer5659@example.com,3006963713
5660,Customer5660,User5660,Female,1981-01-18,2024-03-22,8,Third-party Delivery,Sandwiches,customer5660@example.com,3002407552
5661,Customer5661,User5661,Other,1994-11-06,2024-01-03,15,Takeaway,Salads,customer5661@example.com,3006459171
5662,Customer5662,User5662,Other,1977-11-05,2024-07-21,13,Dine-in,Beverages,customer5662@example.com,3008020843
5663,Customer5663,User5663,Other,1997-02-03,2024-01-18,9,Dine-in,Rice,customer5663@example.com,3001452412
5664,Customer5664,User5664,Other,1981-11-21,2024-11-16,13,Third-party Delivery,Rice,customer5664@example.com,3007912027
5665,Customer5665,User5665,Male,2003-07-08,2024-04-07,19,Website/App,Burgers,customer5665@example.com,3007562044
5666,Customer5666,User5666,Female,1995-11-16,2024-07-01,11,Website/App,Burgers,customer5666@example.com,3009826928
5667,Customer5667,User5667,Other,1971-11-02,2024-06-27,2,Dine-in,Beverages,customer5667@example.com,3004659331
5668,Customer5668,User5668,Male,1996-11-20,2024-03-12,2,Dine-in,Pasta,customer5668@example.com,3007220486
5669,Customer5669,User5669,Female,1988-05-26,2024-02-19,19,Website/App,Pizza,customer5669@example.com,3003127423
5670,Customer5670,User5670,Female,1983-07-03,2024-07-02,12,Dine-in,Biryani,customer5670@example.com,3001709824
5671,Customer5671,User5671,Female,1995-02-19,2024-02-25,17,Dine-in,BBQ,customer5671@example.com,3004531509
5672,Customer5672,User5672,Female,2001-09-09,2024-10-01,8,Takeaway,Pizza,customer5672@example.com,3008548382
5673,Customer5673,User5673,Female,1987-10-27,2024-12-03,4,Third-party Delivery,Sandwiches,customer5673@example.com,3008363289
5674,Customer5674,User5674,Female,1993-01-23,2024-11-26,2,Website/App,Rice,customer5674@example.com,3009283023
5675,Customer5675,User5675,Female,1982-12-28,2024-02-11,15,Website/App,Biryani,,3003975658
5676,Customer5676,User5676,Other,1990-01-23,2024-09-08,18,Third-party Delivery,Burgers,customer5676@example.com,3004319050
5677,Customer5677,User5677,Other,1973-04-14,2024-08-10,18,Third-party Delivery,Desserts,customer5677@example.com,3007040944
5678,Customer5678,User5678,Female,2000-06-28,2024-04-25,11,Dine-in,Pasta,customer5678@example.com,3005166336
5679,Customer5679,User5679,Female,2001-05-07,2024-10-05,16,Dine-in,Beverages,customer5679@example.com,3002755796
5680,Customer5680,User5680,Male,1973-08-18,2024-01-25,1,Takeaway,Desserts,customer5680@example.com,3002493130
5681,Customer5681,User5681,Male,1977-01-08,2024-11-05,1,Takeaway,Rice,customer5681@example.com,3005313135
5682,Customer5682,User5682,Male,1995-01-20,2024-11-20,1,Third-party Delivery,Pasta,customer5682@example.com,3009205157
5683,Customer5683,User5683,Other,2003-09-26,2024-06-04,13,Third-party Delivery,Pizza,customer5683@example.com,3001309980
5684,Customer5684,User5684,Female,1995-05-10,2024-05-20,2,Website/App,Rice,customer5684@example.com,3005847434
5685,Customer5685,User5685,Other,1995-12-03,2024-07-21,5,Takeaway,Biryani,customer5685@example.com,3008822178
5686,Customer5686,User5686,Other,1998-03-14,2024-02-01,11,Website/App,Burgers,customer5686@example.com,3003841611
5687,Customer5687,User5687,Other,1994-01-24,2024-03-17,10,Third-party Delivery,Pasta,customer5687@example.com,3006554797
5688,Customer5688,User5688,Other,1979-02-23,2024-09-19,11,Third-party Delivery,Beverages,customer5688@example.com,3009508440
5689,Customer5689,User5689,Female,1986-10-19,2024-04-28,7,Third-party Delivery,BBQ,customer5689@example.com,3006910230
5690,Customer5690,User5690,Male,1974-09-02,2024-03-08,18,Website/App,Beverages,customer5690@example.com,3008396985
5691,Customer5691,User5691,Female,1975-11-10,2024-05-09,8,Takeaway,Desserts,customer5691@example.com,3004889750
5692,Customer5692,User5692,Female,1972-10-28,2024-01-17,11,Third-party Delivery,Pasta,customer5692@example.com,3004736694
5693,Customer5693,User5693,Other,1999-10-10,2024-08-13,7,Dine-in,Beverages,customer5693@example.com,3004654364
5694,Customer5694,User5694,Other,1986-03-23,2024-10-01,1,Takeaway,BBQ,customer5694@example.com,3003784012
5695,Customer5695,User5695,Other,2001-09-26,2024-06-06,7,Website/App,Sandwiches,customer5695@example.com,3002315697
5696,Customer5696,User5696,Female,1974-03-04,2024-07-16,13,Dine-in,Beverages,customer5696@example.com,3007860175
5697,Customer5697,User5697,Male,1975-01-13,2024-07-28,11,Third-party Delivery,Beverages,customer5697@example.com,3003685447
5698,Customer5698,User5698,Other,1989-03-24,2024-06-28,14,Website/App,Beverages,customer5698@example.com,3003194389
5699,Customer5699,User5699,Other,1983-09-27,2024-06-09,2,Website/App,BBQ,customer5699@example.com,3006649700
5700,Customer5700,User5700,Male,1984-10-18,2024-07-07,17,Takeaway,BBQ,customer5700@example.com,3007325190
5701,Customer5701,User5701,Female,1971-09-04,2024-05-10,20,Third-party Delivery,Burgers,customer5701@example.com,3003305960
5702,Customer5702,User5702,Other,1995-06-08,2024-03-22,18,Takeaway,Pizza,customer5702@example.com,3006780645
5703,Customer5703,User5703,Other,1982-01-16,2024-01-15,20,Dine-in,Salads,customer5703@example.com,3001712149
5704,Customer5704,User5704,Female,2003-12-16,2024-09-14,1,Dine-in,Pasta,customer5704@example.com,3002042114
5705,Customer5705,User5705,Other,1984-04-09,2024-06-03,6,Takeaway,Salads,customer5705@example.com,3005218973
5706,Customer5706,User5706,Female,1987-02-17,2024-04-07,16,Dine-in,BBQ,customer5706@example.com,3009245217
5707,Customer5707,User5707,Other,1989-03-12,2024-01-15,10,Takeaway,Beverages,customer5707@example.com,3003229324
5708,Customer5708,User5708,Male,1982-10-12,2024-11-02,2,Third-party Delivery,Beverages,customer5708@example.com,3008177344
5709,Customer5709,User5709,Female,1998-06-11,2024-01-02,11,Takeaway,Pasta,customer5709@example.com,3009122891
5710,Customer5710,User5710,Other,1994-12-02,2024-11-08,13,Third-party Delivery,Rice,customer5710@example.com,3004645301
5711,Customer5711,User5711,Female,1974-05-06,2024-05-16,9,Dine-in,Pasta,customer5711@example.com,3002562849
5712,Customer5712,User5712,Female,1984-03-20,2024-06-14,14,Dine-in,BBQ,customer5712@example.com,3009527935
5713,Customer5713,User5713,Other,1980-12-09,2024-11-08,14,Website/App,Beverages,customer5713@example.com,3006738186
5714,Customer5714,User5714,Male,1998-09-06,2024-12-15,12,Third-party Delivery,Desserts,customer5714@example.com,3004405205
5715,Customer5715,User5715,Male,1994-02-09,2024-07-01,3,Third-party Delivery,BBQ,customer5715@example.com,3002442367
5716,Customer5716,User5716,Other,1994-05-01,2024-12-02,2,Takeaway,Pasta,customer5716@example.com,3007917564
5717,Customer5717,User5717,Other,2002-04-28,2024-11-11,20,Third-party Delivery,Biryani,customer5717@example.com,3008484469
5718,Customer5718,User5718,Other,1985-11-26,2024-09-16,16,Third-party Delivery,Sandwiches,customer5718@example.com,3006511052
5719,Customer5719,User5719,Female,1970-03-08,2024-05-16,4,Website/App,Pasta,customer5719@example.com,3002920648
5720,Customer5720,User5720,Male,1998-05-22,2024-01-25,5,Takeaway,Sandwiches,customer5720@example.com,3006973990
5721,Customer5721,User5721,Other,1997-06-06,2024-10-08,13,Third-party Delivery,Pasta,customer5721@example.com,3007517835
5722,Customer5722,User5722,Male,1999-06-25,2024-05-11,9,Dine-in,Rice,customer5722@example.com,3006116231
5723,Customer5723,User5723,Other,2002-10-08,2024-10-15,12,Website/App,Pasta,customer5723@example.com,3004973894
5724,Customer5724,User5724,Female,1989-11-06,2024-03-22,2,Website/App,Desserts,customer5724@example.com,3001564157
5725,Customer5725,User5725,Female,1986-05-16,2024-07-12,17,Takeaway,Salads,customer5725@example.com,3001187425
5726,Customer5726,User5726,Male,1999-07-25,2024-12-28,20,Takeaway,Desserts,customer5726@example.com,3002047515
5727,Customer5727,User5727,Female,1985-09-18,2024-06-24,5,Third-party Delivery,Pizza,customer5727@example.com,3006925457
5728,Customer5728,User5728,Other,2003-04-09,2024-11-21,9,Takeaway,Burgers,customer5728@example.com,3003205428
5729,Customer5729,User5729,Other,1999-12-08,2024-09-11,10,Website/App,Biryani,customer5729@example.com,3005702643
5730,Customer5730,User5730,Male,1979-10-25,2024-05-27,18,Dine-in,BBQ,customer5730@example.com,3008118762
5731,Customer5731,User5731,Other,2003-07-23,2024-12-21,20,Dine-in,Beverages,customer5731@example.com,3008572886
5732,Customer5732,User5732,Female,1982-05-22,2024-03-16,6,Website/App,Desserts,customer5732@example.com,3008807275
5733,Customer5733,User5733,Male,1977-06-15,2024-09-15,7,Third-party Delivery,Beverages,customer5733@example.com,3002427359
5734,Customer5734,User5734,Female,1996-02-27,2024-07-06,3,Third-party Delivery,Rice,customer5734@example.com,3007343227
5735,Customer5735,User5735,Female,1975-04-24,2024-09-24,16,Takeaway,Pizza,customer5735@example.com,3005894982
5736,Customer5736,User5736,Male,1983-02-19,2024-12-27,4,Third-party Delivery,Sandwiches,customer5736@example.com,3007969110
5737,Customer5737,User5737,Other,1977-07-06,2024-05-24,13,Third-party Delivery,Desserts,customer5737@example.com,3007598255
5738,Customer5738,User5738,Male,1974-09-05,2024-03-10,15,Takeaway,Biryani,customer5738@example.com,3005322370
5739,Customer5739,User5739,Female,1995-11-18,2024-07-15,2,Third-party Delivery,Pizza,customer5739@example.com,3007583763
5740,Customer5740,User5740,Female,1975-11-09,2024-09-22,19,Website/App,Desserts,customer5740@example.com,3003364632
5741,Customer5741,User5741,Female,1999-09-12,2024-12-06,7,Website/App,Biryani,customer5741@example.com,3009434835
5742,Customer5742,User5742,Male,1971-10-07,2024-05-25,3,Takeaway,Desserts,customer5742@example.com,3005012722
5743,Customer5743,User5743,Female,1991-05-05,2024-05-16,4,Dine-in,Pasta,customer5743@example.com,3006279603
5744,Customer5744,User5744,Other,1981-03-03,2024-09-04,19,Website/App,Pizza,customer5744@example.com,3008459412
5745,Customer5745,User5745,Male,1970-08-27,2024-01-14,15,Third-party Delivery,Sandwiches,customer5745@example.com,3004312137
5746,Customer5746,User5746,Male,1983-02-26,2024-07-28,10,Website/App,Rice,customer5746@example.com,3004295762
5747,Customer5747,User5747,Male,1995-05-06,2024-06-11,1,Takeaway,Pasta,customer5747@example.com,3005107518
5748,Customer5748,User5748,Male,1981-12-03,2024-01-04,6,Website/App,BBQ,customer5748@example.com,3007769570
5749,Customer5749,User5749,Female,1990-10-03,2024-05-19,19,Website/App,Salads,customer5749@example.com,3008533031
5750,Customer5750,User5750,Female,1972-04-04,2024-12-26,16,Dine-in,Pasta,customer5750@example.com,3008190636
5751,Customer5751,User5751,Other,1978-06-18,2024-04-06,2,Dine-in,BBQ,customer5751@example.com,3004630643
5752,Customer5752,User5752,Female,1989-06-13,2024-04-26,13,Third-party Delivery,Salads,customer5752@example.com,3009561286
5753,Customer5753,User5753,Other,1984-07-17,2024-07-08,14,Website/App,BBQ,customer5753@example.com,3006191337
5754,Customer5754,User5754,Other,2002-02-01,2024-11-13,7,Takeaway,Sandwiches,customer5754@example.com,3008524090
5755,Customer5755,User5755,Male,1978-11-01,2024-07-27,1,Website/App,Biryani,customer5755@example.com,3005941346
5756,Customer5756,User5756,Male,1978-02-03,2024-10-27,6,Website/App,Desserts,customer5756@example.com,3005406439
5757,Customer5757,User5757,Male,1991-01-14,2024-10-22,16,Takeaway,Burgers,customer5757@example.com,3004473685
5758,Customer5758,User5758,Other,2000-03-28,2024-02-04,5,Dine-in,Rice,customer5758@example.com,3009583249
5759,Customer5759,User5759,Male,2002-04-19,2024-10-27,2,Dine-in,Pasta,customer5759@example.com,3001043265
5760,Customer5760,User5760,Other,1993-10-12,2024-05-16,14,Dine-in,Sandwiches,customer5760@example.com,3002021912
5761,Customer5761,User5761,Other,1994-09-02,2024-04-02,10,Dine-in,Burgers,customer5761@example.com,3006481627
5762,Customer5762,User5762,Other,1987-07-17,2024-01-03,7,Dine-in,BBQ,customer5762@example.com,3004543742
5763,Customer5763,User5763,Male,1996-01-12,2024-08-09,7,Takeaway,Pizza,customer5763@example.com,3002807295
5764,Customer5764,User5764,Male,1992-05-19,2024-06-20,20,Takeaway,Salads,customer5764@example.com,3002375762
5765,Customer5765,User5765,Other,2000-10-24,2024-02-20,13,Dine-in,Salads,customer5765@example.com,3002115016
5766,Customer5766,User5766,Male,1994-05-03,2024-08-21,14,Website/App,Salads,customer5766@example.com,3003161449
5767,Customer5767,User5767,Male,1993-10-10,2024-09-21,7,Third-party Delivery,Burgers,customer5767@example.com,3001457944
5768,Customer5768,User5768,Male,1996-09-01,2024-02-25,3,Website/App,Rice,customer5768@example.com,3007985246
5769,Customer5769,User5769,Male,1994-05-07,2024-10-10,12,Takeaway,BBQ,customer5769@example.com,3009269511
5770,Customer5770,User5770,Male,1978-01-01,2024-10-14,2,Dine-in,Pasta,customer5770@example.com,3004295840
5771,Customer5771,User5771,Female,1982-11-26,2024-01-12,8,Takeaway,Pasta,customer5771@example.com,3008248561
5772,Customer5772,User5772,Other,1981-05-22,2024-09-18,18,Dine-in,BBQ,customer5772@example.com,3009312364
5773,Customer5773,User5773,Male,1986-07-09,2024-09-23,11,Website/App,Pasta,customer5773@example.com,3002631889
5774,Customer5774,User5774,Other,1995-10-24,2024-04-06,10,Dine-in,Pasta,customer5774@example.com,3008557587
5775,Customer5775,User5775,Other,1988-02-03,2024-11-19,7,Website/App,Rice,,3002646596
5776,Customer5776,User5776,Other,1970-04-17,2024-11-25,19,Dine-in,Sandwiches,customer5776@example.com,3007717215
5777,Customer5777,User5777,Female,1998-11-01,2024-10-28,12,Takeaway,Pizza,customer5777@example.com,3009512097
5778,Customer5778,User5778,Female,2002-07-17,2024-12-02,9,Takeaway,Salads,customer5778@example.com,3005369272
5779,Customer5779,User5779,Male,1970-01-26,2024-09-22,17,Takeaway,Pasta,customer5779@example.com,3006443492
5780,Customer5780,User5780,Female,2002-04-20,2024-12-27,18,Dine-in,Rice,customer5780@example.com,3009023837
5781,Customer5781,User5781,Male,1983-08-16,2024-04-25,3,Takeaway,Burgers,customer5781@example.com,3007177735
5782,Customer5782,User5782,Other,1996-10-21,2024-12-10,17,Website/App,Rice,customer5782@example.com,3002032636
5783,Customer5783,User5783,Female,1986-09-15,2024-09-03,7,Website/App,Burgers,customer5783@example.com,3006856506
5784,Customer5784,User5784,Other,1977-05-01,2024-06-02,3,Dine-in,Rice,customer5784@example.com,3007480854
5785,Customer5785,User5785,Male,2001-01-01,2024-01-09,17,Website/App,BBQ,customer5785@example.com,3002831333
5786,Customer5786,User5786,Other,1978-11-07,2024-11-09,17,Dine-in,Burgers,,3005771821
5787,Customer5787,User5787,Other,1990-03-11,2024-06-08,19,Third-party Delivery,Biryani,customer5787@example.com,3006422249
5788,Customer5788,User5788,Female,1997-02-09,2024-05-04,5,Third-party Delivery,Burgers,customer5788@example.com,3002051303
5789,Customer5789,User5789,Male,1982-11-05,2024-02-11,5,Website/App,Pizza,customer5789@example.com,3009325736
5790,Customer5790,User5790,Female,1977-02-04,2024-05-17,8,Takeaway,BBQ,customer5790@example.com,3001633910
5791,Customer5791,User5791,Other,1995-12-11,2024-03-22,14,Dine-in,Biryani,customer5791@example.com,3003071145
5792,Customer5792,User5792,Female,1996-12-19,2024-05-17,3,Dine-in,Burgers,customer5792@example.com,3002292118
5793,Customer5793,User5793,Male,1980-12-07,2024-04-23,1,Dine-in,Sandwiches,customer5793@example.com,3008629549
5794,Customer5794,User5794,Other,1994-06-12,2024-11-13,15,Takeaway,Biryani,customer5794@example.com,3004714434
5795,Customer5795,User5795,Other,1982-07-17,2024-05-04,10,Takeaway,BBQ,customer5795@example.com,3005723640
5796,Customer5796,User5796,Female,1980-03-26,2024-09-01,16,Website/App,Salads,customer5796@example.com,3001935880
5797,Customer5797,User5797,Female,1982-09-22,2024-12-19,1,Website/App,Salads,customer5797@example.com,3007160829
5798,Customer5798,User5798,Male,1987-03-17,2024-11-03,14,Takeaway,Sandwiches,customer5798@example.com,3003556923
5799,Customer5799,User5799,Female,1998-08-06,2024-02-01,17,Third-party Delivery,Biryani,customer5799@example.com,3008832686
5800,Customer5800,User5800,Female,1977-01-27,2024-06-19,3,Website/App,Desserts,customer5800@example.com,3009538507
5801,Customer5801,User5801,Other,1975-06-11,2024-06-03,18,Website/App,Salads,customer5801@example.com,3006994307
5802,Customer5802,User5802,Other,1993-03-20,2024-07-09,8,Website/App,Biryani,customer5802@example.com,3003310690
5803,Customer5803,User5803,Male,2000-04-05,2024-09-10,5,Website/App,Beverages,customer5803@example.com,3009045436
5804,Customer5804,User5804,Other,1980-10-18,2024-01-22,6,Dine-in,Biryani,customer5804@example.com,3002276248
5805,Customer5805,User5805,Other,1999-03-13,2024-06-25,4,Takeaway,BBQ,customer5805@example.com,3003442920
5806,Customer5806,User5806,Male,1989-11-11,2024-08-17,4,Takeaway,Pizza,customer5806@example.com,3005882334
5807,Customer5807,User5807,Female,1994-03-24,2024-06-08,2,Takeaway,Burgers,customer5807@example.com,3003323544
5808,Customer5808,User5808,Female,1974-04-01,2024-01-04,4,Takeaway,Pizza,customer5808@example.com,3005725995
5809,Customer5809,User5809,Female,1989-05-06,2024-02-10,8,Third-party Delivery,Desserts,customer5809@example.com,3009425063
5810,Customer5810,User5810,Other,1971-06-11,2024-11-20,5,Takeaway,Desserts,customer5810@example.com,3008956711
5811,Customer5811,User5811,Male,1978-07-02,2024-12-10,19,Third-party Delivery,Sandwiches,customer5811@example.com,3008936168
5812,Customer5812,User5812,Other,2003-08-23,2024-03-12,13,Third-party Delivery,BBQ,customer5812@example.com,3002306209
5813,Customer5813,User5813,Male,1983-06-01,2024-08-23,14,Website/App,Salads,customer5813@example.com,3007380578
5814,Customer5814,User5814,Female,1980-12-15,2024-12-13,7,Takeaway,Salads,customer5814@example.com,3007893381
5815,Customer5815,User5815,Other,1971-01-15,2024-02-04,20,Website/App,Desserts,customer5815@example.com,3006271032
5816,Customer5816,User5816,Male,1992-11-06,2024-03-02,4,Dine-in,Biryani,customer5816@example.com,3009113207
5817,Customer5817,User5817,Male,1988-03-05,2024-12-12,19,Takeaway,Rice,customer5817@example.com,3003320367
5818,Customer5818,User5818,Male,1975-05-08,2024-04-04,14,Dine-in,Sandwiches,customer5818@example.com,3007813520
5819,Customer5819,User5819,Other,2000-05-22,2024-05-14,19,Third-party Delivery,Burgers,customer5819@example.com,3009182885
5820,Customer5820,User5820,Male,1977-10-17,2024-12-19,11,Dine-in,Pizza,customer5820@example.com,3002974745
5821,Customer5821,User5821,Female,2001-09-15,2024-03-08,19,Dine-in,Rice,customer5821@example.com,3009300010
5822,Customer5822,User5822,Male,1990-11-12,2024-09-13,1,Takeaway,Sandwiches,customer5822@example.com,3006057066
5823,Customer5823,User5823,Male,1983-07-28,2024-03-24,10,Website/App,Beverages,customer5823@example.com,3005791689
5824,Customer5824,User5824,Other,1994-12-19,2024-04-15,3,Website/App,Desserts,customer5824@example.com,3009336013
5825,Customer5825,User5825,Female,1971-09-22,2024-01-12,15,Dine-in,Pizza,customer5825@example.com,3009350344
5826,Customer5826,User5826,Other,1986-11-10,2024-05-02,2,Takeaway,Desserts,customer5826@example.com,3005369497
5827,Customer5827,User5827,Other,1986-03-09,2024-05-08,15,Takeaway,Sandwiches,customer5827@example.com,3007538591
5828,Customer5828,User5828,Female,1973-05-10,2024-09-25,13,Third-party Delivery,Pizza,customer5828@example.com,3003005362
5829,Customer5829,User5829,Other,2003-02-14,2024-02-17,6,Third-party Delivery,Desserts,customer5829@example.com,3004695351
5830,Customer5830,User5830,Female,1998-08-10,2024-10-14,15,Website/App,Pasta,customer5830@example.com,3003104319
5831,Customer5831,User5831,Female,1985-12-08,2024-11-21,4,Dine-in,Pasta,customer5831@example.com,3007969162
5832,Customer5832,User5832,Female,1990-05-04,2024-04-26,11,Website/App,Pasta,customer5832@example.com,3006763313
5833,Customer5833,User5833,Other,1998-10-15,2024-11-26,1,Third-party Delivery,Salads,customer5833@example.com,3002023882
5834,Customer5834,User5834,Female,1998-11-02,2024-05-21,12,Website/App,Rice,customer5834@example.com,3001449640
5835,Customer5835,User5835,Male,1974-08-07,2024-02-25,9,Dine-in,Biryani,customer5835@example.com,3008897978
5836,Customer5836,User5836,Male,1992-10-06,2024-02-21,6,Website/App,Sandwiches,customer5836@example.com,3008512800
5837,Customer5837,User5837,Other,1978-05-02,2024-06-12,11,Takeaway,Pasta,customer5837@example.com,3002754990
5838,Customer5838,User5838,Female,2000-05-21,2024-09-12,14,Website/App,Biryani,customer5838@example.com,3007770519
5839,Customer5839,User5839,Female,1979-12-09,2024-04-15,10,Takeaway,Beverages,customer5839@example.com,3003269058
5840,Customer5840,User5840,Male,1971-03-05,2024-01-09,3,Dine-in,Sandwiches,customer5840@example.com,3005908517
5841,Customer5841,User5841,Other,1995-01-15,2024-03-13,11,Takeaway,Burgers,customer5841@example.com,3002792709
5842,Customer5842,User5842,Other,1987-09-15,2024-07-02,20,Third-party Delivery,Desserts,customer5842@example.com,3004890177
5843,Customer5843,User5843,Female,1980-06-02,2024-01-19,8,Takeaway,Pizza,customer5843@example.com,3006745716
5844,Customer5844,User5844,Female,1982-03-02,2024-06-24,1,Third-party Delivery,Pasta,customer5844@example.com,3001699213
5845,Customer5845,User5845,Female,1994-11-04,2024-11-24,11,Website/App,BBQ,customer5845@example.com,3006892788
5846,Customer5846,User5846,Male,1983-07-09,2024-10-09,3,Dine-in,Burgers,customer5846@example.com,3001557788
5847,Customer5847,User5847,Other,1980-01-18,2024-10-13,16,Third-party Delivery,Burgers,customer5847@example.com,3005990817
5848,Customer5848,User5848,Male,1996-03-08,2024-03-04,12,Dine-in,Desserts,customer5848@example.com,3006285584
5849,Customer5849,User5849,Male,1994-08-19,2024-03-19,14,Dine-in,Pasta,customer5849@example.com,3009774665
5850,Customer5850,User5850,Female,1992-04-03,2024-05-22,7,Website/App,Biryani,customer5850@example.com,3004011430
5851,Customer5851,User5851,Male,2001-01-10,2024-04-03,2,Third-party Delivery,Desserts,customer5851@example.com,3003824818
5852,Customer5852,User5852,Male,1979-09-15,2024-05-20,20,Website/App,Beverages,customer5852@example.com,3004229252
5853,Customer5853,User5853,Other,1995-08-10,2024-03-18,13,Dine-in,Pizza,customer5853@example.com,3009156173
5854,Customer5854,User5854,Female,2000-11-28,2024-09-15,7,Dine-in,Pizza,customer5854@example.com,3002741997
5855,Customer5855,User5855,Male,1983-01-21,2024-06-06,19,Takeaway,Rice,customer5855@example.com,3009885729
5856,Customer5856,User5856,Male,1993-03-05,2024-04-15,16,Website/App,Burgers,customer5856@example.com,3005525810
5857,Customer5857,User5857,Female,2003-01-13,2024-11-08,6,Website/App,BBQ,customer5857@example.com,3007696159
5858,Customer5858,User5858,Other,1986-07-02,2024-05-28,4,Takeaway,Sandwiches,customer5858@example.com,3002758757
5859,Customer5859,User5859,Female,1993-06-21,2024-05-05,15,Takeaway,Rice,customer5859@example.com,3008865639
5860,Customer5860,User5860,Male,1978-02-10,2024-11-13,3,Third-party Delivery,Salads,customer5860@example.com,3001583734
5861,Customer5861,User5861,Female,2000-11-13,2024-02-02,5,Third-party Delivery,Pasta,customer5861@example.com,3005421428
5862,Customer5862,User5862,Female,1975-10-24,2024-01-25,9,Takeaway,Desserts,customer5862@example.com,3008800038
5863,Customer5863,User5863,Male,1980-10-22,2024-07-15,2,Website/App,Burgers,customer5863@example.com,3004449140
5864,Customer5864,User5864,Female,1996-03-08,2024-08-27,6,Website/App,Sandwiches,customer5864@example.com,3005505052
5865,Customer5865,User5865,Female,1995-01-10,2024-09-25,12,Dine-in,Pizza,customer5865@example.com,3001526320
5866,Customer5866,User5866,Female,1990-07-24,2024-04-06,6,Third-party Delivery,Desserts,customer5866@example.com,3002195924
5867,Customer5867,User5867,Male,1974-08-17,2024-06-04,6,Website/App,Salads,customer5867@example.com,3003875032
5868,Customer5868,User5868,Other,1999-03-26,2024-10-03,13,Website/App,Biryani,customer5868@example.com,3003446682
5869,Customer5869,User5869,Male,1979-06-08,2024-09-09,3,Third-party Delivery,Pasta,customer5869@example.com,3009026334
5870,Customer5870,User5870,Female,1975-08-13,2024-06-22,16,Takeaway,Biryani,customer5870@example.com,3005334456
5871,Customer5871,User5871,Female,2003-09-28,2024-04-14,14,Dine-in,Desserts,customer5871@example.com,3004628715
5872,Customer5872,User5872,Male,1988-01-17,2024-04-24,7,Third-party Delivery,Beverages,customer5872@example.com,3004659799
5873,Customer5873,User5873,Female,1977-06-27,2024-11-19,6,Third-party Delivery,Sandwiches,customer5873@example.com,3009765229
5874,Customer5874,User5874,Female,1994-11-17,2024-01-18,1,Third-party Delivery,Salads,customer5874@example.com,3007194486
5875,Customer5875,User5875,Female,1991-04-02,2024-01-02,6,Takeaway,Desserts,customer5875@example.com,3007116900
5876,Customer5876,User5876,Male,1982-12-14,2024-11-27,1,Website/App,Desserts,customer5876@example.com,3001096085
5877,Customer5877,User5877,Other,1979-09-02,2024-04-08,15,Dine-in,BBQ,customer5877@example.com,3003382577
5878,Customer5878,User5878,Other,1977-04-26,2024-08-10,15,Takeaway,Desserts,customer5878@example.com,3004819660
5879,Customer5879,User5879,Other,1981-11-05,2024-11-14,17,Website/App,Salads,customer5879@example.com,3006498369
5880,Customer5880,User5880,Female,1980-08-27,2024-07-24,5,Takeaway,Rice,customer5880@example.com,3007630696
5881,Customer5881,User5881,Other,2002-04-05,2024-05-01,16,Takeaway,Beverages,customer5881@example.com,3002433988
5882,Customer5882,User5882,Other,1992-10-17,2024-02-21,14,Dine-in,Beverages,customer5882@example.com,3001427069
5883,Customer5883,User5883,Other,2002-01-20,2024-09-18,2,Website/App,Burgers,customer5883@example.com,3004487242
5884,Customer5884,User5884,Male,1995-12-06,2024-08-05,9,Website/App,Pasta,customer5884@example.com,3003131111
5885,Customer5885,User5885,Male,2000-06-20,2024-05-05,13,Third-party Delivery,Rice,customer5885@example.com,3003245634
5886,Customer5886,User5886,Other,2000-03-06,2024-03-04,11,Website/App,Rice,customer5886@example.com,3003449573
5887,Customer5887,User5887,Female,1973-02-13,2024-10-28,19,Takeaway,Biryani,customer5887@example.com,3008425424
5888,Customer5888,User5888,Female,1993-02-03,2024-12-22,13,Website/App,Pizza,customer5888@example.com,3008081377
5889,Customer5889,User5889,Male,2004-07-06,2024-05-27,19,Website/App,Pizza,customer5889@example.com,3004770478
5890,Customer5890,User5890,Male,1997-07-27,2024-12-01,11,Third-party Delivery,Pasta,customer5890@example.com,3003498812
5891,Customer5891,User5891,Other,1995-07-24,2024-05-16,3,Dine-in,Beverages,customer5891@example.com,3002438094
5892,Customer5892,User5892,Male,1978-11-01,2024-08-05,7,Dine-in,Salads,customer5892@example.com,3002464110
5893,Customer5893,User5893,Other,1986-07-11,2024-06-28,2,Third-party Delivery,Rice,customer5893@example.com,3008258345
5894,Customer5894,User5894,Other,2002-06-26,2024-02-13,15,Third-party Delivery,Pasta,customer5894@example.com,3006959174
5895,Customer5895,User5895,Other,1974-10-13,2024-07-19,15,Third-party Delivery,Burgers,customer5895@example.com,3004083383
5896,Customer5896,User5896,Male,1982-07-09,2024-05-19,19,Website/App,Pizza,customer5896@example.com,3005853927
5897,Customer5897,User5897,Male,1998-11-01,2024-12-09,7,Website/App,Biryani,customer5897@example.com,3005978770
5898,Customer5898,User5898,Other,1976-07-05,2024-07-07,4,Third-party Delivery,Desserts,customer5898@example.com,3008874812
5899,Customer5899,User5899,Female,1987-03-06,2024-03-04,6,Website/App,Biryani,customer5899@example.com,3002807152
5900,Customer5900,User5900,Other,2000-04-17,2024-02-22,19,Dine-in,Rice,customer5900@example.com,3005318013
5901,Customer5901,User5901,Female,1983-02-15,2024-06-04,2,Takeaway,Salads,customer5901@example.com,3007129616
5902,Customer5902,User5902,Other,1985-12-18,2024-06-01,17,Takeaway,Rice,customer5902@example.com,3003823464
5903,Customer5903,User5903,Female,1976-01-10,2024-06-07,11,Dine-in,Rice,customer5903@example.com,3006332254
5904,Customer5904,User5904,Other,1997-12-07,2024-11-23,10,Takeaway,Pizza,customer5904@example.com,3008373517
5905,Customer5905,User5905,Male,1974-07-08,2024-04-25,12,Website/App,Desserts,customer5905@example.com,3002427978
5906,Customer5906,User5906,Other,1992-05-28,2024-04-08,17,Takeaway,Pasta,customer5906@example.com,3006078353
5907,Customer5907,User5907,Male,2001-07-18,2024-10-05,5,Dine-in,Sandwiches,customer5907@example.com,3003230554
5908,Customer5908,User5908,Other,1986-06-25,2024-09-23,2,Takeaway,Beverages,customer5908@example.com,3006094232
5909,Customer5909,User5909,Female,1999-02-22,2024-09-14,19,Dine-in,Salads,customer5909@example.com,3009627289
5910,Customer5910,User5910,Male,1997-12-06,2024-06-10,20,Takeaway,Pizza,customer5910@example.com,3006074058
5911,Customer5911,User5911,Female,1985-12-14,2024-06-04,7,Takeaway,Beverages,customer5911@example.com,3008274910
5912,Customer5912,User5912,Male,1984-07-15,2024-12-10,13,Dine-in,Sandwiches,customer5912@example.com,3002685557
5913,Customer5913,User5913,Female,1970-06-09,2024-04-08,15,Dine-in,Desserts,customer5913@example.com,3004974956
5914,Customer5914,User5914,Female,2000-02-05,2024-08-23,9,Third-party Delivery,Burgers,customer5914@example.com,3008006237
5915,Customer5915,User5915,Other,1993-04-26,2024-02-06,4,Third-party Delivery,Beverages,customer5915@example.com,3006076400
5916,Customer5916,User5916,Male,1994-10-25,2024-08-05,20,Third-party Delivery,Desserts,customer5916@example.com,3003362392
5917,Customer5917,User5917,Male,1987-02-18,2024-07-06,20,Takeaway,Pizza,customer5917@example.com,3002773585
5918,Customer5918,User5918,Other,1994-08-18,2024-11-15,11,Third-party Delivery,BBQ,customer5918@example.com,3009244311
5919,Customer5919,User5919,Female,1970-02-20,2024-03-21,12,Website/App,Rice,customer5919@example.com,3003024715
5920,Customer5920,User5920,Female,1991-06-26,2024-01-09,13,Dine-in,Sandwiches,customer5920@example.com,3002882311
5921,Customer5921,User5921,Female,1984-09-28,2024-12-09,2,Takeaway,Salads,customer5921@example.com,3008819144
5922,Customer5922,User5922,Male,1994-08-11,2024-05-12,15,Third-party Delivery,Salads,customer5922@example.com,3001963285
5923,Customer5923,User5923,Other,1988-02-09,2024-03-12,2,Website/App,Sandwiches,customer5923@example.com,3004298757
5924,Customer5924,User5924,Female,1973-04-17,2024-06-21,11,Takeaway,Beverages,customer5924@example.com,3009771972
5925,Customer5925,User5925,Male,1982-02-07,2024-03-20,20,Third-party Delivery,Desserts,customer5925@example.com,3009585613
5926,Customer5926,User5926,Male,1989-04-12,2024-09-23,12,Dine-in,Salads,customer5926@example.com,3008771906
5927,Customer5927,User5927,Female,1996-04-17,2024-06-17,13,Takeaway,Biryani,customer5927@example.com,3006605343
5928,Customer5928,User5928,Other,1987-04-16,2024-12-14,7,Third-party Delivery,Sandwiches,customer5928@example.com,3003963449
5929,Customer5929,User5929,Other,2001-02-03,2024-08-26,4,Third-party Delivery,Pasta,customer5929@example.com,3004559817
5930,Customer5930,User5930,Other,1991-10-25,2024-06-12,7,Website/App,Pasta,customer5930@example.com,3001799550
5931,Customer5931,User5931,Female,2003-10-11,2024-09-25,5,Website/App,Beverages,customer5931@example.com,3007929084
5932,Customer5932,User5932,Male,1973-10-19,2024-12-15,5,Website/App,Pasta,customer5932@example.com,3005642499
5933,Customer5933,User5933,Male,1998-10-07,2024-12-27,20,Website/App,Rice,customer5933@example.com,3002428587
5934,Customer5934,User5934,Female,1977-05-06,2024-02-12,9,Website/App,Burgers,customer5934@example.com,3007734035
5935,Customer5935,User5935,Female,1994-03-10,2024-03-18,12,Third-party Delivery,BBQ,customer5935@example.com,3001553549
5936,Customer5936,User5936,Female,1971-06-06,2024-12-22,16,Third-party Delivery,Burgers,customer5936@example.com,3004373226
5937,Customer5937,User5937,Female,1986-08-14,2024-07-27,8,Dine-in,Desserts,customer5937@example.com,3008408190
5938,Customer5938,User5938,Other,2001-06-03,2024-11-21,1,Dine-in,Sandwiches,customer5938@example.com,3006933026
5939,Customer5939,User5939,Male,1988-01-16,2024-03-27,8,Website/App,Sandwiches,customer5939@example.com,3002720420
5940,Customer5940,User5940,Female,1972-05-04,2024-12-24,3,Third-party Delivery,Burgers,customer5940@example.com,3009612986
5941,Customer5941,User5941,Male,1979-03-02,2024-10-05,11,Dine-in,Rice,customer5941@example.com,3001476136
5942,Customer5942,User5942,Male,1981-10-23,2024-06-02,3,Dine-in,BBQ,customer5942@example.com,3008402195
5943,Customer5943,User5943,Female,1998-03-20,2024-10-02,12,Website/App,Pasta,customer5943@example.com,3003123127
5944,Customer5944,User5944,Male,2000-09-07,2024-12-20,1,Website/App,Salads,customer5944@example.com,3009296929
5945,Customer5945,User5945,Female,2000-12-25,2024-05-11,13,Website/App,BBQ,customer5945@example.com,3003288457
5946,Customer5946,User5946,Female,1984-04-07,2024-04-25,18,Website/App,Sandwiches,customer5946@example.com,3006748707
5947,Customer5947,User5947,Male,1972-04-23,2024-05-18,7,Dine-in,Beverages,customer5947@example.com,3003313202
5948,Customer5948,User5948,Female,1975-04-02,2024-02-14,2,Third-party Delivery,BBQ,customer5948@example.com,3005411502
5949,Customer5949,User5949,Other,1972-04-12,2024-11-24,19,Takeaway,BBQ,customer5949@example.com,3002992443
5950,Customer5950,User5950,Female,2000-12-21,2024-04-07,10,Takeaway,Burgers,customer5950@example.com,3008614915
5951,Customer5951,User5951,Male,1979-02-21,2024-09-06,3,Third-party Delivery,Burgers,customer5951@example.com,3008278516
5952,Customer5952,User5952,Other,1982-10-06,2024-04-03,17,Third-party Delivery,Desserts,customer5952@example.com,3009741384
5953,Customer5953,User5953,Male,1975-11-26,2024-01-18,2,Takeaway,Rice,customer5953@example.com,3005043239
5954,Customer5954,User5954,Female,2000-01-25,2024-11-05,12,Third-party Delivery,Salads,customer5954@example.com,3006309385
5955,Customer5955,User5955,Male,1992-07-10,2024-05-22,3,Dine-in,Salads,customer5955@example.com,3004175169
5956,Customer5956,User5956,Female,1988-08-23,2024-03-17,13,Takeaway,Salads,customer5956@example.com,3007579146
5957,Customer5957,User5957,Male,1989-01-22,2024-03-08,17,Website/App,Salads,customer5957@example.com,3003414090
5958,Customer5958,User5958,Male,1984-02-16,2024-11-12,20,Dine-in,BBQ,customer5958@example.com,3006381741
5959,Customer5959,User5959,Male,1972-10-21,2024-01-21,7,Website/App,Desserts,customer5959@example.com,3003322633
5960,Customer5960,User5960,Other,1994-10-08,2024-10-11,8,Dine-in,Burgers,customer5960@example.com,3007424762
5961,Customer5961,User5961,Other,2000-04-08,2024-04-17,6,Third-party Delivery,Sandwiches,customer5961@example.com,3006368048
5962,Customer5962,User5962,Male,1988-09-22,2024-01-28,6,Website/App,Salads,customer5962@example.com,3007529752
5963,Customer5963,User5963,Female,2003-10-19,2024-12-06,8,Website/App,Beverages,customer5963@example.com,3006789641
5964,Customer5964,User5964,Other,1991-12-06,2024-01-03,1,Dine-in,Pasta,customer5964@example.com,3006202649
5965,Customer5965,User5965,Female,1989-09-28,2024-05-16,20,Takeaway,Burgers,customer5965@example.com,3008492424
5966,Customer5966,User5966,Female,1973-06-04,2024-12-27,18,Third-party Delivery,Burgers,customer5966@example.com,3004167200
5967,Customer5967,User5967,Other,1978-03-04,2024-12-21,15,Third-party Delivery,Pasta,customer5967@example.com,3001916897
5968,Customer5968,User5968,Male,1992-05-24,2024-11-20,17,Takeaway,Salads,customer5968@example.com,3002248895
5969,Customer5969,User5969,Male,1983-03-01,2024-12-09,4,Dine-in,Rice,customer5969@example.com,3009166897
5970,Customer5970,User5970,Male,2002-02-02,2024-03-25,20,Third-party Delivery,Biryani,customer5970@example.com,3006730538
5971,Customer5971,User5971,Female,1990-06-04,2024-03-14,7,Third-party Delivery,Burgers,customer5971@example.com,3001935797
5972,Customer5972,User5972,Female,1997-11-24,2024-04-07,1,Takeaway,Biryani,customer5972@example.com,3006854419
5973,Customer5973,User5973,Male,1999-07-14,2024-07-27,18,Takeaway,Pizza,customer5973@example.com,3003755362
5974,Customer5974,User5974,Female,1988-07-06,2024-02-28,7,Takeaway,BBQ,customer5974@example.com,3007113979
5975,Customer5975,User5975,Other,1992-09-06,2024-11-20,12,Third-party Delivery,Pasta,customer5975@example.com,3007673326
5976,Customer5976,User5976,Male,1974-10-06,2024-10-24,11,Dine-in,Salads,,3006099359
5977,Customer5977,User5977,Female,1974-05-16,2024-06-07,15,Third-party Delivery,Rice,customer5977@example.com,3008580820
5978,Customer5978,User5978,Other,1981-06-14,2024-05-25,17,Website/App,Beverages,customer5978@example.com,3008187539
5979,Customer5979,User5979,Female,2001-07-14,2024-10-12,11,Third-party Delivery,Desserts,customer5979@example.com,3001075087
5980,Customer5980,User5980,Female,1977-09-14,2024-06-27,2,Third-party Delivery,Desserts,customer5980@example.com,3007938354
5981,Customer5981,User5981,Female,1991-02-04,2024-06-19,1,Website/App,Salads,customer5981@example.com,3003304324
5982,Customer5982,User5982,Female,1996-09-15,2024-01-10,6,Third-party Delivery,BBQ,customer5982@example.com,3007340176
5983,Customer5983,User5983,Other,2001-10-12,2024-01-28,18,Dine-in,BBQ,customer5983@example.com,3007667745
5984,Customer5984,User5984,Female,1970-12-21,2024-07-08,17,Takeaway,Beverages,customer5984@example.com,3007229054
5985,Customer5985,User5985,Male,1988-02-14,2024-03-25,15,Website/App,Burgers,customer5985@example.com,3003730673
5986,Customer5986,User5986,Male,1980-03-11,2024-03-04,6,Takeaway,Beverages,customer5986@example.com,3001209826
5987,Customer5987,User5987,Male,1988-05-23,2024-07-27,5,Third-party Delivery,Sandwiches,customer5987@example.com,3005084932
5988,Customer5988,User5988,Female,1976-05-17,2024-08-09,19,Third-party Delivery,Pizza,customer5988@example.com,3006286747
5989,Customer5989,User5989,Other,1976-03-22,2024-10-11,9,Website/App,Beverages,customer5989@example.com,3005033233
5990,Customer5990,User5990,Other,2004-06-08,2024-11-28,8,Website/App,Beverages,customer5990@example.com,3005920643
5991,Customer5991,User5991,Other,1974-07-19,2024-06-08,12,Website/App,Biryani,customer5991@example.com,3003239261
5992,Customer5992,User5992,Other,2000-11-22,2024-06-03,5,Dine-in,Salads,customer5992@example.com,3001740912
5993,Customer5993,User5993,Male,1975-08-22,2024-05-25,19,Third-party Delivery,Rice,customer5993@example.com,3002061499
5994,Customer5994,User5994,Male,1975-05-20,2024-07-08,7,Third-party Delivery,Burgers,customer5994@example.com,3002615625
5995,Customer5995,User5995,Male,1990-11-01,2024-05-22,11,Third-party Delivery,Pizza,customer5995@example.com,3008588068
5996,Customer5996,User5996,Other,1987-01-01,2024-12-12,20,Third-party Delivery,Pasta,customer5996@example.com,3009721174
5997,Customer5997,User5997,Male,1986-11-10,2024-06-20,9,Takeaway,Pizza,customer5997@example.com,3001276464
5998,Customer5998,User5998,Other,1989-03-01,2024-11-17,10,Dine-in,Beverages,customer5998@example.com,3004136787
5999,Customer5999,User5999,Other,1996-06-09,2024-10-02,15,Third-party Delivery,Biryani,customer5999@example.com,3006443058
6000,Customer6000,User6000,Female,1972-12-12,2024-05-04,11,Dine-in,Salads,customer6000@example.com,3001807933
6001,Customer6001,User6001,Other,1983-08-12,2024-08-25,15,Dine-in,Desserts,customer6001@example.com,3007359802
6002,Customer6002,User6002,Other,1971-11-13,2024-02-22,14,Website/App,Pizza,customer6002@example.com,3004544261
6003,Customer6003,User6003,Female,1976-03-27,2024-09-09,18,Takeaway,Sandwiches,customer6003@example.com,3006254083
6004,Customer6004,User6004,Female,1993-09-06,2024-08-15,2,Third-party Delivery,Salads,customer6004@example.com,3003204523
6005,Customer6005,User6005,Male,1996-10-27,2024-11-04,12,Third-party Delivery,Salads,customer6005@example.com,3005224963
6006,Customer6006,User6006,Other,1971-07-01,2024-09-21,6,Third-party Delivery,Sandwiches,customer6006@example.com,3003087391
6007,Customer6007,User6007,Male,1970-03-23,2024-04-12,3,Takeaway,Burgers,customer6007@example.com,3005342322
6008,Customer6008,User6008,Female,1994-10-04,2024-06-25,16,Takeaway,BBQ,customer6008@example.com,3005384791
6009,Customer6009,User6009,Male,1992-11-22,2024-07-07,7,Third-party Delivery,Pasta,customer6009@example.com,3009588514
6010,Customer6010,User6010,Other,1987-10-23,2024-02-08,18,Third-party Delivery,Beverages,customer6010@example.com,3009355260
6011,Customer6011,User6011,Male,1977-09-17,2024-02-21,3,Dine-in,Rice,customer6011@example.com,3004919984
6012,Customer6012,User6012,Female,1990-11-06,2024-04-07,4,Website/App,Rice,customer6012@example.com,3003792143
6013,Customer6013,User6013,Female,1975-11-15,2024-01-22,15,Dine-in,Biryani,customer6013@example.com,3009215334
6014,Customer6014,User6014,Other,2001-10-14,2024-04-08,17,Third-party Delivery,Salads,customer6014@example.com,3001686780
6015,Customer6015,User6015,Other,1974-04-22,2024-03-06,2,Takeaway,Biryani,customer6015@example.com,3001908956
6016,Customer6016,User6016,Female,1988-09-10,2024-11-27,8,Website/App,Pizza,customer6016@example.com,3009234400
6017,Customer6017,User6017,Other,1976-07-09,2024-10-12,16,Dine-in,Burgers,customer6017@example.com,3005880679
6018,Customer6018,User6018,Male,1991-10-19,2024-01-01,6,Website/App,Biryani,customer6018@example.com,3003233234
6019,Customer6019,User6019,Female,1976-08-02,2024-12-04,18,Takeaway,Pizza,customer6019@example.com,3005002345
6020,Customer6020,User6020,Female,2001-11-09,2024-04-09,2,Takeaway,Burgers,customer6020@example.com,3006727630
6021,Customer6021,User6021,Other,2000-10-06,2024-06-23,3,Third-party Delivery,Rice,customer6021@example.com,3004740724
6022,Customer6022,User6022,Male,1992-09-04,2024-04-14,17,Takeaway,Biryani,customer6022@example.com,3001786464
6023,Customer6023,User6023,Male,1991-03-20,2024-12-16,20,Third-party Delivery,Beverages,customer6023@example.com,3007174307
6024,Customer6024,User6024,Female,1995-03-03,2024-02-13,15,Dine-in,Burgers,customer6024@example.com,3007997140
6025,Customer6025,User6025,Male,1972-09-05,2024-02-27,5,Website/App,Burgers,customer6025@example.com,3008668216
6026,Customer6026,User6026,Other,1994-07-10,2024-12-21,11,Takeaway,Sandwiches,customer6026@example.com,3003556272
6027,Customer6027,User6027,Other,1978-02-25,2024-12-08,11,Dine-in,Pizza,customer6027@example.com,3002759473
6028,Customer6028,User6028,Male,1987-05-20,2024-07-18,19,Website/App,Burgers,customer6028@example.com,3003224400
6029,Customer6029,User6029,Other,1975-09-10,2024-09-19,19,Website/App,Pasta,customer6029@example.com,3005556286
6030,Customer6030,User6030,Other,1987-12-20,2024-08-05,12,Website/App,Desserts,customer6030@example.com,3003461675
6031,Customer6031,User6031,Other,1973-05-16,2024-05-26,10,Takeaway,Pizza,customer6031@example.com,3008512305
6032,Customer6032,User6032,Female,1996-04-19,2024-05-19,1,Website/App,Sandwiches,customer6032@example.com,3006462031
6033,Customer6033,User6033,Male,1988-05-09,2024-05-14,12,Third-party Delivery,BBQ,customer6033@example.com,3009670657
6034,Customer6034,User6034,Male,1988-12-11,2024-03-11,5,Third-party Delivery,BBQ,customer6034@example.com,3007356998
6035,Customer6035,User6035,Female,1971-09-20,2024-04-01,9,Takeaway,Pizza,customer6035@example.com,3008980238
6036,Customer6036,User6036,Other,1988-03-03,2024-04-20,4,Takeaway,Sandwiches,customer6036@example.com,3009376023
6037,Customer6037,User6037,Female,1986-09-08,2024-10-07,16,Third-party Delivery,Desserts,customer6037@example.com,3003223095
6038,Customer6038,User6038,Other,1998-12-04,2024-06-09,5,Takeaway,BBQ,customer6038@example.com,3002939204
6039,Customer6039,User6039,Male,1990-01-23,2024-04-28,17,Takeaway,BBQ,customer6039@example.com,3002643180
6040,Customer6040,User6040,Male,1988-08-05,2024-03-08,15,Takeaway,Burgers,customer6040@example.com,3008458267
6041,Customer6041,User6041,Female,1974-10-16,2024-06-07,16,Dine-in,Burgers,customer6041@example.com,3008207436
6042,Customer6042,User6042,Male,1980-04-20,2024-10-18,18,Third-party Delivery,Desserts,customer6042@example.com,3004518806
6043,Customer6043,User6043,Male,1993-03-04,2024-01-17,11,Takeaway,Desserts,customer6043@example.com,3007135532
6044,Customer6044,User6044,Female,2004-03-14,2024-04-06,3,Website/App,Pasta,customer6044@example.com,3002679301
6045,Customer6045,User6045,Other,1973-09-17,2024-06-25,17,Dine-in,Beverages,customer6045@example.com,3003054642
6046,Customer6046,User6046,Male,1987-03-18,2024-02-16,18,Takeaway,BBQ,customer6046@example.com,3003263298
6047,Customer6047,User6047,Other,1970-07-09,2024-04-07,19,Website/App,Pasta,customer6047@example.com,3004155361
6048,Customer6048,User6048,Female,1982-04-10,2024-10-22,15,Dine-in,Salads,customer6048@example.com,3008462700
6049,Customer6049,User6049,Male,1970-05-02,2024-10-22,7,Takeaway,BBQ,customer6049@example.com,3003488342
6050,Customer6050,User6050,Female,1982-11-25,2024-01-28,1,Dine-in,Desserts,customer6050@example.com,3004774399
6051,Customer6051,User6051,Male,1994-04-08,2024-03-10,8,Dine-in,Beverages,customer6051@example.com,3009354230
6052,Customer6052,User6052,Male,1989-05-16,2024-09-08,19,Dine-in,Desserts,customer6052@example.com,3002993659
6053,Customer6053,User6053,Male,1975-03-12,2024-08-20,18,Third-party Delivery,Salads,customer6053@example.com,3002310479
6054,Customer6054,User6054,Male,1979-05-28,2024-02-19,17,Takeaway,Desserts,customer6054@example.com,3003731907
6055,Customer6055,User6055,Female,1988-11-20,2024-06-06,2,Third-party Delivery,Sandwiches,customer6055@example.com,3002293403
6056,Customer6056,User6056,Female,1979-09-07,2024-02-03,19,Third-party Delivery,Desserts,customer6056@example.com,3009501552
6057,Customer6057,User6057,Other,1992-02-14,2024-07-12,2,Dine-in,Beverages,customer6057@example.com,3001810616
6058,Customer6058,User6058,Male,1993-05-10,2024-01-25,5,Third-party Delivery,Desserts,customer6058@example.com,3007540638
6059,Customer6059,User6059,Male,1977-11-28,2024-03-08,4,Third-party Delivery,Biryani,customer6059@example.com,3006695947
6060,Customer6060,User6060,Female,1993-02-01,2024-01-01,7,Third-party Delivery,Sandwiches,customer6060@example.com,3006852111
6061,Customer6061,User6061,Female,1989-04-19,2024-08-21,8,Website/App,Desserts,customer6061@example.com,3002528036
6062,Customer6062,User6062,Other,2004-05-26,2024-06-17,3,Third-party Delivery,Rice,customer6062@example.com,3001796213
6063,Customer6063,User6063,Male,1976-03-19,2024-02-18,6,Takeaway,Sandwiches,customer6063@example.com,3004249655
6064,Customer6064,User6064,Female,1978-06-27,2024-02-03,5,Dine-in,Rice,customer6064@example.com,3002450092
6065,Customer6065,User6065,Male,1979-07-05,2024-04-15,1,Website/App,Burgers,customer6065@example.com,3007435623
6066,Customer6066,User6066,Female,1988-09-24,2024-03-22,12,Takeaway,Biryani,customer6066@example.com,3003679781
6067,Customer6067,User6067,Female,1988-07-11,2024-12-22,9,Third-party Delivery,Sandwiches,customer6067@example.com,3004733590
6068,Customer6068,User6068,Male,1997-10-03,2024-05-12,12,Dine-in,Rice,customer6068@example.com,3007457170
6069,Customer6069,User6069,Female,1984-06-24,2024-05-06,7,Third-party Delivery,Biryani,customer6069@example.com,3005288886
6070,Customer6070,User6070,Female,1997-08-28,2024-07-24,5,Takeaway,Sandwiches,customer6070@example.com,3009083873
6071,Customer6071,User6071,Female,1974-08-10,2024-11-15,19,Dine-in,BBQ,customer6071@example.com,3006967011
6072,Customer6072,User6072,Female,1980-03-10,2024-12-25,6,Dine-in,Pasta,customer6072@example.com,3008160068
6073,Customer6073,User6073,Female,1979-06-10,2024-10-15,18,Dine-in,Sandwiches,customer6073@example.com,3005560280
6074,Customer6074,User6074,Male,2000-02-20,2024-11-13,2,Takeaway,BBQ,customer6074@example.com,3009582833
6075,Customer6075,User6075,Other,2001-04-03,2024-02-14,2,Dine-in,Pasta,customer6075@example.com,3007376612
6076,Customer6076,User6076,Female,1985-10-20,2024-06-06,3,Dine-in,Pasta,customer6076@example.com,3005696936
6077,Customer6077,User6077,Male,1986-01-03,2024-06-01,9,Takeaway,Desserts,customer6077@example.com,3002020147
6078,Customer6078,User6078,Other,2003-07-27,2024-09-01,17,Takeaway,Pasta,customer6078@example.com,3009846661
6079,Customer6079,User6079,Other,1993-06-17,2024-11-08,14,Website/App,Pasta,customer6079@example.com,3005410909
6080,Customer6080,User6080,Other,1998-06-25,2024-10-15,19,Third-party Delivery,BBQ,customer6080@example.com,3003231131
6081,Customer6081,User6081,Female,1988-03-21,2024-10-21,2,Website/App,Rice,customer6081@example.com,3007452386
6082,Customer6082,User6082,Other,1980-08-11,2024-07-17,9,Third-party Delivery,Beverages,customer6082@example.com,3006499619
6083,Customer6083,User6083,Male,1998-09-28,2024-11-28,14,Third-party Delivery,Biryani,customer6083@example.com,3006325701
6084,Customer6084,User6084,Male,1973-09-04,2024-06-17,1,Third-party Delivery,Desserts,customer6084@example.com,3009765062
6085,Customer6085,User6085,Other,1986-06-04,2024-02-28,20,Takeaway,Biryani,customer6085@example.com,3005754721
6086,Customer6086,User6086,Female,2000-02-21,2024-12-21,19,Takeaway,Desserts,customer6086@example.com,3006640560
6087,Customer6087,User6087,Male,1983-08-04,2024-01-01,5,Website/App,Salads,customer6087@example.com,3007470157
6088,Customer6088,User6088,Male,1990-02-26,2024-09-28,16,Website/App,Desserts,customer6088@example.com,3001932612
6089,Customer6089,User6089,Female,1983-03-02,2024-10-23,8,Third-party Delivery,Pizza,customer6089@example.com,3004712115
6090,Customer6090,User6090,Other,1971-02-10,2024-05-26,14,Website/App,Pizza,customer6090@example.com,3009093073
6091,Customer6091,User6091,Male,1988-02-22,2024-01-07,14,Third-party Delivery,Pasta,customer6091@example.com,3009901758
6092,Customer6092,User6092,Male,1994-10-25,2024-12-08,5,Website/App,Burgers,customer6092@example.com,3002188593
6093,Customer6093,User6093,Male,1999-02-27,2024-04-02,8,Third-party Delivery,Burgers,customer6093@example.com,3008715924
6094,Customer6094,User6094,Male,2003-05-14,2024-08-19,2,Third-party Delivery,Desserts,customer6094@example.com,3004928017
6095,Customer6095,User6095,Female,1983-11-04,2024-07-26,19,Takeaway,Desserts,customer6095@example.com,3006788748
6096,Customer6096,User6096,Other,1980-08-10,2024-07-02,3,Dine-in,Burgers,customer6096@example.com,3007706094
6097,Customer6097,User6097,Other,1998-08-10,2024-01-01,20,Third-party Delivery,Burgers,customer6097@example.com,3002056781
6098,Customer6098,User6098,Other,1983-03-12,2024-11-22,13,Third-party Delivery,Pizza,customer6098@example.com,3001145719
6099,Customer6099,User6099,Female,1976-01-17,2024-06-26,8,Third-party Delivery,Burgers,customer6099@example.com,3001108602
6100,Customer6100,User6100,Female,1973-01-04,2024-01-05,5,Takeaway,Pizza,customer6100@example.com,3003839947
6101,Customer6101,User6101,Other,1995-09-27,2024-04-28,20,Dine-in,Pasta,customer6101@example.com,3002607230
6102,Customer6102,User6102,Other,1972-02-27,2024-02-25,18,Dine-in,Sandwiches,customer6102@example.com,3004287186
6103,Customer6103,User6103,Female,1977-01-26,2024-07-15,14,Third-party Delivery,Pizza,customer6103@example.com,3001665486
6104,Customer6104,User6104,Male,1988-10-10,2024-02-03,14,Takeaway,Biryani,customer6104@example.com,3003513552
6105,Customer6105,User6105,Other,1979-06-04,2024-10-13,9,Takeaway,Salads,customer6105@example.com,3006525685
6106,Customer6106,User6106,Other,1994-02-14,2024-08-05,4,Dine-in,Desserts,customer6106@example.com,3001331528
6107,Customer6107,User6107,Male,1990-05-28,2024-05-26,20,Third-party Delivery,Pasta,customer6107@example.com,3006483456
6108,Customer6108,User6108,Male,1980-12-09,2024-12-06,3,Takeaway,Pasta,customer6108@example.com,3005418691
6109,Customer6109,User6109,Other,2003-01-11,2024-12-15,12,Website/App,Burgers,customer6109@example.com,3003862685
6110,Customer6110,User6110,Female,1979-05-21,2024-03-14,7,Takeaway,Pasta,customer6110@example.com,3004010460
6111,Customer6111,User6111,Male,1977-11-15,2024-11-11,10,Third-party Delivery,Desserts,customer6111@example.com,3003096268
6112,Customer6112,User6112,Other,1982-03-01,2024-03-01,13,Dine-in,Rice,customer6112@example.com,3003185373
6113,Customer6113,User6113,Male,1985-02-25,2024-09-14,15,Third-party Delivery,Desserts,customer6113@example.com,3005698872
6114,Customer6114,User6114,Female,2003-03-06,2024-09-24,16,Dine-in,Desserts,customer6114@example.com,3004276627
6115,Customer6115,User6115,Other,1973-01-27,2024-05-20,14,Takeaway,Burgers,customer6115@example.com,3007487635
6116,Customer6116,User6116,Female,1995-08-25,2024-07-06,19,Third-party Delivery,Burgers,customer6116@example.com,3003628298
6117,Customer6117,User6117,Other,1997-11-10,2024-10-20,3,Dine-in,BBQ,customer6117@example.com,3009267067
6118,Customer6118,User6118,Male,1996-05-27,2024-10-11,9,Website/App,Beverages,customer6118@example.com,3005440740
6119,Customer6119,User6119,Other,1989-07-12,2024-08-15,4,Takeaway,Desserts,customer6119@example.com,3002866642
6120,Customer6120,User6120,Female,1982-05-06,2024-08-17,19,Takeaway,Biryani,customer6120@example.com,3009743019
6121,Customer6121,User6121,Female,1983-03-26,2024-03-26,15,Third-party Delivery,Sandwiches,customer6121@example.com,3006375640
6122,Customer6122,User6122,Female,2004-11-10,2024-03-16,10,Website/App,Sandwiches,customer6122@example.com,3006122989
6123,Customer6123,User6123,Female,1987-11-02,2024-04-24,1,Dine-in,Biryani,customer6123@example.com,3002679821
6124,Customer6124,User6124,Female,1984-07-14,2024-06-25,19,Website/App,Pasta,customer6124@example.com,3004376343
6125,Customer6125,User6125,Other,1981-04-05,2024-04-10,11,Takeaway,Rice,customer6125@example.com,3006857075
6126,Customer6126,User6126,Female,1996-09-26,2024-03-05,17,Third-party Delivery,Pasta,customer6126@example.com,3009124796
6127,Customer6127,User6127,Other,1993-05-20,2024-11-05,1,Takeaway,Salads,customer6127@example.com,3001012148
6128,Customer6128,User6128,Male,1982-04-26,2024-11-15,13,Dine-in,Salads,customer6128@example.com,3002308430
6129,Customer6129,User6129,Female,1999-08-01,2024-02-10,3,Dine-in,Pizza,customer6129@example.com,3006974962
6130,Customer6130,User6130,Other,2003-02-21,2024-07-27,5,Takeaway,Pizza,customer6130@example.com,3006933375
6131,Customer6131,User6131,Male,1987-03-18,2024-02-04,12,Third-party Delivery,Sandwiches,customer6131@example.com,3006668655
6132,Customer6132,User6132,Male,1974-07-07,2024-10-15,12,Dine-in,Pasta,customer6132@example.com,3008368075
6133,Customer6133,User6133,Other,1978-02-28,2024-06-03,2,Dine-in,Burgers,customer6133@example.com,3001510489
6134,Customer6134,User6134,Other,1986-05-08,2024-01-02,5,Third-party Delivery,Desserts,customer6134@example.com,3004779691
6135,Customer6135,User6135,Male,1970-11-13,2024-06-13,19,Website/App,Biryani,customer6135@example.com,3008490504
6136,Customer6136,User6136,Other,1996-11-07,2024-09-01,17,Takeaway,Sandwiches,customer6136@example.com,3004316371
6137,Customer6137,User6137,Male,1995-08-14,2024-12-08,4,Dine-in,BBQ,customer6137@example.com,3005135315
6138,Customer6138,User6138,Male,1973-08-11,2024-04-28,20,Third-party Delivery,Pizza,customer6138@example.com,3005635900
6139,Customer6139,User6139,Male,1987-03-14,2024-12-10,5,Takeaway,Burgers,customer6139@example.com,3007314882
6140,Customer6140,User6140,Other,1986-12-13,2024-02-10,7,Takeaway,Beverages,customer6140@example.com,3002061027
6141,Customer6141,User6141,Female,2001-05-23,2024-12-05,18,Website/App,BBQ,customer6141@example.com,3001857515
6142,Customer6142,User6142,Female,2004-05-22,2024-08-09,8,Website/App,Desserts,customer6142@example.com,3006637962
6143,Customer6143,User6143,Male,2002-10-16,2024-03-21,10,Website/App,Salads,customer6143@example.com,3008688134
6144,Customer6144,User6144,Other,2004-03-06,2024-05-11,12,Website/App,Burgers,customer6144@example.com,3005690344
6145,Customer6145,User6145,Male,1977-01-01,2024-02-10,19,Third-party Delivery,Pizza,customer6145@example.com,3002837369
6146,Customer6146,User6146,Female,1998-09-11,2024-05-12,7,Dine-in,Pasta,customer6146@example.com,3008385086
6147,Customer6147,User6147,Other,2004-07-13,2024-03-24,14,Takeaway,Rice,customer6147@example.com,3004974765
6148,Customer6148,User6148,Other,1991-04-24,2024-01-02,5,Website/App,Pasta,customer6148@example.com,3004277114
6149,Customer6149,User6149,Other,1991-11-06,2024-11-12,13,Takeaway,Desserts,customer6149@example.com,3009178706
6150,Customer6150,User6150,Other,1983-02-06,2024-06-06,10,Website/App,Beverages,customer6150@example.com,3009212388
6151,Customer6151,User6151,Male,1977-04-04,2024-12-27,4,Dine-in,Desserts,customer6151@example.com,3006889734
6152,Customer6152,User6152,Male,2001-04-22,2024-04-12,18,Takeaway,Sandwiches,customer6152@example.com,3003383525
6153,Customer6153,User6153,Female,1981-02-11,2024-02-11,14,Website/App,BBQ,customer6153@example.com,3004695656
6154,Customer6154,User6154,Other,2001-09-16,2024-02-15,3,Takeaway,Pasta,customer6154@example.com,3004619708
6155,Customer6155,User6155,Female,2002-11-19,2024-02-02,12,Website/App,Beverages,customer6155@example.com,3003920992
6156,Customer6156,User6156,Female,1997-03-24,2024-08-07,20,Third-party Delivery,BBQ,customer6156@example.com,3004340463
6157,Customer6157,User6157,Other,1982-02-14,2024-02-25,5,Dine-in,Salads,customer6157@example.com,3003368935
6158,Customer6158,User6158,Other,1996-11-18,2024-11-24,16,Website/App,Biryani,customer6158@example.com,3008920797
6159,Customer6159,User6159,Female,1991-02-11,2024-04-13,15,Takeaway,Burgers,customer6159@example.com,3008375003
6160,Customer6160,User6160,Other,1992-01-27,2024-07-13,20,Dine-in,Biryani,customer6160@example.com,3006263501
6161,Customer6161,User6161,Other,1995-09-11,2024-10-28,9,Website/App,Pizza,customer6161@example.com,3008052663
6162,Customer6162,User6162,Female,1985-04-04,2024-02-03,11,Third-party Delivery,Beverages,customer6162@example.com,3006330313
6163,Customer6163,User6163,Female,1971-03-13,2024-12-27,5,Dine-in,Beverages,customer6163@example.com,3001692695
6164,Customer6164,User6164,Female,1970-12-08,2024-07-08,6,Takeaway,Pasta,customer6164@example.com,3003053624
6165,Customer6165,User6165,Other,1990-03-05,2024-10-22,3,Third-party Delivery,Pasta,customer6165@example.com,3007693721
6166,Customer6166,User6166,Male,1982-12-02,2024-08-24,8,Third-party Delivery,Pizza,customer6166@example.com,3005881799
6167,Customer6167,User6167,Other,1988-11-11,2024-05-10,7,Dine-in,Burgers,customer6167@example.com,3008788079
6168,Customer6168,User6168,Other,1988-06-27,2024-11-25,15,Third-party Delivery,Desserts,customer6168@example.com,3005882321
6169,Customer6169,User6169,Male,1988-07-27,2024-12-27,12,Dine-in,Beverages,customer6169@example.com,3004522667
6170,Customer6170,User6170,Male,1995-04-07,2024-03-12,8,Takeaway,Sandwiches,customer6170@example.com,3004302644
6171,Customer6171,User6171,Male,1991-08-24,2024-06-15,17,Third-party Delivery,Sandwiches,customer6171@example.com,3001935741
6172,Customer6172,User6172,Female,1973-03-27,2024-06-01,15,Third-party Delivery,Sandwiches,customer6172@example.com,3008159792
6173,Customer6173,User6173,Male,1994-10-21,2024-11-12,1,Website/App,Biryani,customer6173@example.com,3008156108
6174,Customer6174,User6174,Male,1973-07-17,2024-10-14,12,Website/App,Rice,customer6174@example.com,3003280779
6175,Customer6175,User6175,Female,1986-08-09,2024-02-21,9,Dine-in,Biryani,customer6175@example.com,3005563774
6176,Customer6176,User6176,Male,1986-04-19,2024-07-17,10,Takeaway,Pasta,customer6176@example.com,3007505803
6177,Customer6177,User6177,Male,1970-01-03,2024-09-22,5,Dine-in,Beverages,customer6177@example.com,3009191803
6178,Customer6178,User6178,Male,1994-11-07,2024-09-18,4,Takeaway,Salads,customer6178@example.com,3003434301
6179,Customer6179,User6179,Female,1975-10-04,2024-09-19,19,Takeaway,Beverages,customer6179@example.com,3002774773
6180,Customer6180,User6180,Other,2004-08-20,2024-03-04,14,Website/App,Burgers,customer6180@example.com,3002632871
6181,Customer6181,User6181,Other,1974-08-24,2024-06-15,14,Dine-in,Pizza,customer6181@example.com,3009580143
6182,Customer6182,User6182,Male,2003-07-23,2024-08-22,11,Takeaway,Biryani,customer6182@example.com,3007903772
6183,Customer6183,User6183,Male,1989-10-26,2024-02-11,5,Takeaway,Biryani,customer6183@example.com,3009562516
6184,Customer6184,User6184,Male,1995-07-11,2024-12-03,16,Third-party Delivery,Rice,customer6184@example.com,3002303527
6185,Customer6185,User6185,Male,1975-10-25,2024-08-10,19,Takeaway,Pizza,customer6185@example.com,3005014610
6186,Customer6186,User6186,Female,1978-12-26,2024-12-16,14,Takeaway,Pasta,customer6186@example.com,3006749329
6187,Customer6187,User6187,Other,1985-08-14,2024-11-12,3,Dine-in,Beverages,customer6187@example.com,3003139760
6188,Customer6188,User6188,Female,1997-07-21,2024-06-04,13,Takeaway,Salads,customer6188@example.com,3002840657
6189,Customer6189,User6189,Female,1980-08-04,2024-06-09,18,Takeaway,Sandwiches,customer6189@example.com,3003888283
6190,Customer6190,User6190,Other,1975-12-07,2024-05-04,8,Website/App,Burgers,customer6190@example.com,3004151255
6191,Customer6191,User6191,Male,1988-07-01,2024-12-16,10,Third-party Delivery,Beverages,customer6191@example.com,3008398385
6192,Customer6192,User6192,Female,1998-05-21,2024-12-10,14,Website/App,BBQ,customer6192@example.com,3005243759
6193,Customer6193,User6193,Other,1979-02-17,2024-08-07,20,Takeaway,Pizza,customer6193@example.com,3003132312
6194,Customer6194,User6194,Female,1990-09-18,2024-08-16,9,Dine-in,Pasta,customer6194@example.com,3001974489
6195,Customer6195,User6195,Male,1974-06-03,2024-04-10,13,Website/App,Burgers,customer6195@example.com,3007975770
6196,Customer6196,User6196,Female,1996-10-19,2024-07-23,8,Third-party Delivery,BBQ,customer6196@example.com,3005918332
6197,Customer6197,User6197,Female,2001-02-08,2024-05-03,6,Website/App,Rice,customer6197@example.com,3009701233
6198,Customer6198,User6198,Other,1985-05-28,2024-02-01,14,Website/App,Desserts,customer6198@example.com,3003270643
6199,Customer6199,User6199,Other,1998-07-27,2024-07-12,14,Takeaway,Burgers,customer6199@example.com,3008063144
6200,Customer6200,User6200,Female,1973-04-20,2024-04-07,13,Third-party Delivery,Desserts,customer6200@example.com,3008619313
6201,Customer6201,User6201,Female,1989-02-02,2024-12-22,18,Website/App,Rice,customer6201@example.com,3008870530
6202,Customer6202,User6202,Male,1977-09-06,2024-12-02,1,Takeaway,BBQ,customer6202@example.com,3001590109
6203,Customer6203,User6203,Other,1985-06-24,2024-09-06,16,Dine-in,Desserts,customer6203@example.com,3004323521
6204,Customer6204,User6204,Other,1978-01-07,2024-02-22,1,Third-party Delivery,Sandwiches,customer6204@example.com,3007619743
6205,Customer6205,User6205,Female,1997-12-12,2024-02-27,17,Website/App,Desserts,customer6205@example.com,3009535823
6206,Customer6206,User6206,Other,2001-12-21,2024-10-15,17,Website/App,Pasta,customer6206@example.com,3009398177
6207,Customer6207,User6207,Other,2001-10-24,2024-06-15,19,Third-party Delivery,Pizza,customer6207@example.com,3002660165
6208,Customer6208,User6208,Female,1975-08-20,2024-05-14,3,Dine-in,Sandwiches,customer6208@example.com,3003968215
6209,Customer6209,User6209,Male,1992-02-01,2024-09-28,7,Takeaway,Desserts,customer6209@example.com,3009669549
6210,Customer6210,User6210,Female,1995-09-28,2024-07-18,20,Website/App,Biryani,customer6210@example.com,3001297632
6211,Customer6211,User6211,Male,1984-03-13,2024-06-02,8,Dine-in,Pasta,customer6211@example.com,3003345628
6212,Customer6212,User6212,Female,1976-02-09,2024-03-02,15,Third-party Delivery,Pasta,customer6212@example.com,3002596988
6213,Customer6213,User6213,Male,1983-06-06,2024-10-10,20,Website/App,Desserts,customer6213@example.com,3008335715
6214,Customer6214,User6214,Male,1985-12-21,2024-10-14,3,Dine-in,Beverages,customer6214@example.com,3005537796
6215,Customer6215,User6215,Other,1980-12-19,2024-08-02,10,Website/App,Rice,customer6215@example.com,3009749457
6216,Customer6216,User6216,Female,2004-08-13,2024-02-05,19,Third-party Delivery,Sandwiches,customer6216@example.com,3009236169
6217,Customer6217,User6217,Female,1979-02-21,2024-04-11,10,Website/App,Sandwiches,customer6217@example.com,3002144965
6218,Customer6218,User6218,Female,1984-02-12,2024-12-07,17,Takeaway,BBQ,customer6218@example.com,3007084611
6219,Customer6219,User6219,Male,1974-03-28,2024-01-02,17,Website/App,Salads,customer6219@example.com,3001713787
6220,Customer6220,User6220,Female,1973-01-28,2024-03-09,4,Third-party Delivery,Burgers,customer6220@example.com,3004605845
6221,Customer6221,User6221,Female,1986-03-08,2024-08-24,8,Takeaway,Pizza,customer6221@example.com,3004431898
6222,Customer6222,User6222,Female,1979-05-03,2024-05-21,15,Dine-in,Beverages,customer6222@example.com,3009092444
6223,Customer6223,User6223,Female,1980-02-25,2024-08-26,16,Website/App,Biryani,customer6223@example.com,3003980562
6224,Customer6224,User6224,Male,1972-02-16,2024-03-16,9,Takeaway,Pizza,customer6224@example.com,3006715202
6225,Customer6225,User6225,Male,2000-06-01,2024-12-16,19,Third-party Delivery,Rice,customer6225@example.com,3002345154
6226,Customer6226,User6226,Male,1979-05-22,2024-01-22,9,Third-party Delivery,Pizza,customer6226@example.com,3008042167
6227,Customer6227,User6227,Other,1990-02-20,2024-07-13,6,Third-party Delivery,Pizza,customer6227@example.com,3005636414
6228,Customer6228,User6228,Female,2000-01-14,2024-06-23,18,Third-party Delivery,Beverages,customer6228@example.com,3008312772
6229,Customer6229,User6229,Male,1983-08-17,2024-06-23,15,Third-party Delivery,Pizza,customer6229@example.com,3008769657
6230,Customer6230,User6230,Male,1981-02-19,2024-10-19,7,Dine-in,Desserts,customer6230@example.com,3007370043
6231,Customer6231,User6231,Other,2000-01-22,2024-08-21,1,Dine-in,Biryani,customer6231@example.com,3003873313
6232,Customer6232,User6232,Other,1998-10-28,2024-07-25,6,Website/App,BBQ,customer6232@example.com,3006651129
6233,Customer6233,User6233,Male,1998-09-28,2024-05-07,1,Dine-in,Rice,customer6233@example.com,3009337918
6234,Customer6234,User6234,Other,1972-07-26,2024-05-14,11,Website/App,Salads,customer6234@example.com,3002471016
6235,Customer6235,User6235,Other,2004-07-18,2024-11-24,10,Third-party Delivery,BBQ,customer6235@example.com,3004244888
6236,Customer6236,User6236,Other,1981-01-07,2024-12-19,5,Takeaway,Sandwiches,customer6236@example.com,3007755509
6237,Customer6237,User6237,Other,2000-01-21,2024-11-07,16,Website/App,Pasta,customer6237@example.com,3009239610
6238,Customer6238,User6238,Other,1993-05-11,2024-08-23,13,Website/App,Rice,customer6238@example.com,3001071414
6239,Customer6239,User6239,Other,1979-05-24,2024-07-10,7,Dine-in,Beverages,customer6239@example.com,3002872750
6240,Customer6240,User6240,Male,1978-03-06,2024-06-15,12,Dine-in,BBQ,customer6240@example.com,3002275489
6241,Customer6241,User6241,Male,1980-07-13,2024-05-25,8,Website/App,Burgers,customer6241@example.com,3005718515
6242,Customer6242,User6242,Female,1993-12-21,2024-11-15,8,Dine-in,BBQ,customer6242@example.com,3003528191
6243,Customer6243,User6243,Other,1997-07-06,2024-03-26,9,Third-party Delivery,Desserts,customer6243@example.com,3008188543
6244,Customer6244,User6244,Male,1982-09-05,2024-11-17,2,Third-party Delivery,Pizza,customer6244@example.com,3002021093
6245,Customer6245,User6245,Male,1979-05-11,2024-09-25,17,Third-party Delivery,BBQ,customer6245@example.com,3002899276
6246,Customer6246,User6246,Other,1999-11-19,2024-04-20,20,Third-party Delivery,Salads,customer6246@example.com,3009025163
6247,Customer6247,User6247,Other,1985-11-28,2024-11-08,20,Takeaway,Rice,customer6247@example.com,3009480425
6248,Customer6248,User6248,Male,1982-09-15,2024-07-18,17,Takeaway,Beverages,customer6248@example.com,3007686685
6249,Customer6249,User6249,Other,2003-03-12,2024-09-04,15,Takeaway,Beverages,customer6249@example.com,3008275996
6250,Customer6250,User6250,Other,1976-07-12,2024-03-24,5,Takeaway,Pasta,customer6250@example.com,3001623190
6251,Customer6251,User6251,Female,1985-08-18,2024-08-08,12,Takeaway,Pizza,customer6251@example.com,3009770616
6252,Customer6252,User6252,Male,1994-09-09,2024-10-13,1,Takeaway,Rice,customer6252@example.com,3005853906
6253,Customer6253,User6253,Male,1992-01-18,2024-07-15,5,Takeaway,Sandwiches,customer6253@example.com,3008279973
6254,Customer6254,User6254,Male,2004-02-02,2024-08-13,15,Third-party Delivery,Desserts,customer6254@example.com,3007934202
6255,Customer6255,User6255,Female,1984-12-20,2024-08-03,18,Dine-in,Salads,customer6255@example.com,3001761801
6256,Customer6256,User6256,Female,1998-05-14,2024-09-26,19,Takeaway,Rice,customer6256@example.com,3001553665
6257,Customer6257,User6257,Female,1983-12-16,2024-05-02,14,Takeaway,BBQ,customer6257@example.com,3003353606
6258,Customer6258,User6258,Female,1977-01-23,2024-04-08,5,Website/App,Beverages,customer6258@example.com,3008922779
6259,Customer6259,User6259,Female,1982-07-12,2024-02-17,18,Website/App,Salads,customer6259@example.com,3002862783
6260,Customer6260,User6260,Other,2004-07-25,2024-07-03,7,Takeaway,Salads,customer6260@example.com,3006052387
6261,Customer6261,User6261,Male,1995-04-12,2024-08-06,9,Third-party Delivery,Sandwiches,customer6261@example.com,3004420763
6262,Customer6262,User6262,Other,1992-08-25,2024-03-26,13,Website/App,Burgers,customer6262@example.com,3001188664
6263,Customer6263,User6263,Female,1978-09-22,2024-12-10,8,Website/App,Beverages,customer6263@example.com,3001139059
6264,Customer6264,User6264,Male,2002-07-14,2024-11-23,19,Takeaway,BBQ,customer6264@example.com,3006251510
6265,Customer6265,User6265,Other,1971-06-03,2024-05-20,1,Website/App,Beverages,customer6265@example.com,3008837746
6266,Customer6266,User6266,Other,1984-06-24,2024-10-16,12,Website/App,Rice,customer6266@example.com,3005816676
6267,Customer6267,User6267,Female,1985-07-27,2024-05-20,19,Third-party Delivery,Pizza,customer6267@example.com,3002031775
6268,Customer6268,User6268,Female,2001-12-19,2024-10-21,15,Third-party Delivery,Biryani,customer6268@example.com,3003508174
6269,Customer6269,User6269,Male,1979-12-14,2024-05-28,13,Dine-in,Pasta,customer6269@example.com,3005059397
6270,Customer6270,User6270,Male,1972-01-05,2024-08-01,5,Third-party Delivery,Pasta,customer6270@example.com,3002004690
6271,Customer6271,User6271,Female,1996-10-16,2024-12-14,19,Takeaway,Beverages,customer6271@example.com,3001649295
6272,Customer6272,User6272,Female,1976-05-12,2024-04-28,18,Third-party Delivery,Salads,customer6272@example.com,3001163906
6273,Customer6273,User6273,Male,1997-09-28,2024-02-05,2,Third-party Delivery,Pasta,customer6273@example.com,3001107309
6274,Customer6274,User6274,Male,1971-07-20,2024-10-22,3,Website/App,Pasta,customer6274@example.com,3009887605
6275,Customer6275,User6275,Female,1984-10-22,2024-03-28,5,Website/App,BBQ,customer6275@example.com,3006348889
6276,Customer6276,User6276,Female,1997-06-06,2024-04-06,5,Dine-in,BBQ,customer6276@example.com,3009993983
6277,Customer6277,User6277,Other,1989-05-25,2024-02-07,20,Website/App,Pizza,customer6277@example.com,3008503113
6278,Customer6278,User6278,Female,1982-04-02,2024-04-18,3,Website/App,Sandwiches,customer6278@example.com,3006488627
6279,Customer6279,User6279,Other,1972-08-01,2024-06-24,14,Website/App,Pizza,customer6279@example.com,3001218422
6280,Customer6280,User6280,Female,1983-07-04,2024-11-26,3,Takeaway,Beverages,customer6280@example.com,3009131617
6281,Customer6281,User6281,Female,1972-12-26,2024-09-21,4,Dine-in,Desserts,customer6281@example.com,3004200220
6282,Customer6282,User6282,Male,1994-10-26,2024-10-08,17,Takeaway,Pizza,customer6282@example.com,3005620363
6283,Customer6283,User6283,Female,1978-09-15,2024-09-19,20,Third-party Delivery,Biryani,customer6283@example.com,3009477757
6284,Customer6284,User6284,Other,1985-01-25,2024-11-06,18,Website/App,Burgers,customer6284@example.com,3007050173
6285,Customer6285,User6285,Male,1974-09-12,2024-01-11,13,Dine-in,Beverages,customer6285@example.com,3004184031
6286,Customer6286,User6286,Other,1976-10-04,2024-03-21,14,Dine-in,BBQ,customer6286@example.com,3006937212
6287,Customer6287,User6287,Other,2003-10-14,2024-06-09,20,Dine-in,Beverages,customer6287@example.com,3005560414
6288,Customer6288,User6288,Female,1970-10-28,2024-04-18,14,Website/App,BBQ,customer6288@example.com,3008701676
6289,Customer6289,User6289,Male,1981-08-21,2024-01-22,12,Website/App,Beverages,customer6289@example.com,3008673205
6290,Customer6290,User6290,Female,2003-08-02,2024-06-13,13,Takeaway,Rice,customer6290@example.com,3001460514
6291,Customer6291,User6291,Other,1973-06-13,2024-01-19,10,Website/App,Sandwiches,customer6291@example.com,3002813042
6292,Customer6292,User6292,Female,1970-02-05,2024-11-25,8,Website/App,Burgers,customer6292@example.com,3007996935
6293,Customer6293,User6293,Female,1993-07-14,2024-01-28,12,Dine-in,Pasta,customer6293@example.com,3001349302
6294,Customer6294,User6294,Other,1993-11-12,2024-12-15,14,Website/App,Desserts,customer6294@example.com,3004569527
6295,Customer6295,User6295,Female,1985-10-04,2024-10-10,16,Website/App,Rice,customer6295@example.com,3008745523
6296,Customer6296,User6296,Male,1972-12-07,2024-06-28,5,Dine-in,Salads,customer6296@example.com,3007502921
6297,Customer6297,User6297,Male,1977-01-05,2024-08-14,9,Third-party Delivery,Pizza,customer6297@example.com,3006175461
6298,Customer6298,User6298,Male,1986-11-21,2024-04-06,3,Dine-in,Pizza,customer6298@example.com,3001825138
6299,Customer6299,User6299,Male,1997-11-14,2024-11-05,8,Third-party Delivery,Desserts,customer6299@example.com,3004223682
6300,Customer6300,User6300,Other,1976-04-28,2024-04-01,20,Takeaway,Pizza,customer6300@example.com,3005415327
6301,Customer6301,User6301,Female,1980-04-16,2024-09-25,1,Takeaway,BBQ,customer6301@example.com,3007473940
6302,Customer6302,User6302,Male,1982-12-06,2024-09-15,9,Takeaway,Pasta,customer6302@example.com,3007993516
6303,Customer6303,User6303,Female,1995-09-13,2024-07-25,18,Dine-in,Pasta,customer6303@example.com,3001683432
6304,Customer6304,User6304,Male,1973-12-12,2024-09-19,12,Takeaway,Beverages,customer6304@example.com,3002943460
6305,Customer6305,User6305,Female,2000-06-28,2024-01-03,11,Website/App,Rice,customer6305@example.com,3006587167
6306,Customer6306,User6306,Female,2004-02-18,2024-11-02,16,Third-party Delivery,Salads,customer6306@example.com,3005592588
6307,Customer6307,User6307,Other,1976-05-17,2024-09-28,4,Website/App,Pizza,customer6307@example.com,3005948649
6308,Customer6308,User6308,Female,1997-07-03,2024-10-22,20,Website/App,BBQ,customer6308@example.com,3002854246
6309,Customer6309,User6309,Female,1975-01-01,2024-07-12,14,Takeaway,Sandwiches,customer6309@example.com,3007558022
6310,Customer6310,User6310,Female,2004-09-12,2024-05-28,11,Website/App,Rice,customer6310@example.com,3007694861
6311,Customer6311,User6311,Male,2001-08-14,2024-07-12,20,Website/App,Salads,customer6311@example.com,3001764201
6312,Customer6312,User6312,Male,1984-05-10,2024-03-08,18,Dine-in,Sandwiches,customer6312@example.com,3004036767
6313,Customer6313,User6313,Male,1994-07-09,2024-09-28,10,Dine-in,Beverages,customer6313@example.com,3007578006
6314,Customer6314,User6314,Male,1989-07-06,2024-09-17,8,Third-party Delivery,Rice,customer6314@example.com,3006622911
6315,Customer6315,User6315,Other,1973-11-12,2024-04-07,3,Website/App,Pizza,customer6315@example.com,3004349758
6316,Customer6316,User6316,Male,1982-06-14,2024-02-27,4,Third-party Delivery,Burgers,customer6316@example.com,3003749027
6317,Customer6317,User6317,Female,2002-05-16,2024-04-10,10,Third-party Delivery,Salads,customer6317@example.com,3004211770
6318,Customer6318,User6318,Female,1980-12-06,2024-04-25,20,Dine-in,Desserts,customer6318@example.com,3007379766
6319,Customer6319,User6319,Male,1996-09-06,2024-03-12,17,Website/App,Beverages,customer6319@example.com,3005586283
6320,Customer6320,User6320,Other,1982-02-07,2024-11-23,11,Third-party Delivery,BBQ,customer6320@example.com,3001253444
6321,Customer6321,User6321,Other,1998-05-15,2024-05-01,15,Takeaway,Salads,customer6321@example.com,3008997245
6322,Customer6322,User6322,Male,1996-02-24,2024-08-12,14,Website/App,Desserts,customer6322@example.com,3009138709
6323,Customer6323,User6323,Other,1973-07-04,2024-09-08,10,Website/App,Biryani,customer6323@example.com,3006516395
6324,Customer6324,User6324,Male,1975-09-02,2024-10-11,9,Website/App,Pasta,customer6324@example.com,3002307415
6325,Customer6325,User6325,Other,1978-05-04,2024-06-05,17,Third-party Delivery,Rice,customer6325@example.com,3006222352
6326,Customer6326,User6326,Other,1986-01-03,2024-07-28,3,Third-party Delivery,Burgers,customer6326@example.com,3007385983
6327,Customer6327,User6327,Female,1977-05-10,2024-06-07,8,Third-party Delivery,Pasta,customer6327@example.com,3004006751
6328,Customer6328,User6328,Male,1976-06-13,2024-10-04,9,Third-party Delivery,Pizza,customer6328@example.com,3007368620
6329,Customer6329,User6329,Other,1989-02-12,2024-08-08,7,Third-party Delivery,Sandwiches,customer6329@example.com,3009685686
6330,Customer6330,User6330,Female,1970-12-20,2024-02-07,9,Dine-in,Desserts,customer6330@example.com,3009503169
6331,Customer6331,User6331,Male,1970-10-01,2024-08-04,19,Website/App,Desserts,customer6331@example.com,3002713500
6332,Customer6332,User6332,Other,1989-06-04,2024-05-19,12,Dine-in,BBQ,customer6332@example.com,3007025406
6333,Customer6333,User6333,Female,2004-04-18,2024-08-28,7,Third-party Delivery,Beverages,customer6333@example.com,3001608719
6334,Customer6334,User6334,Female,1981-10-13,2024-07-24,3,Dine-in,Beverages,customer6334@example.com,3005315793
6335,Customer6335,User6335,Male,2003-09-03,2024-07-27,18,Website/App,Beverages,customer6335@example.com,3003347482
6336,Customer6336,User6336,Female,1980-04-21,2024-01-27,20,Dine-in,Desserts,customer6336@example.com,3001293363
6337,Customer6337,User6337,Female,1994-05-09,2024-06-01,8,Dine-in,Burgers,customer6337@example.com,3007336088
6338,Customer6338,User6338,Other,1970-05-12,2024-12-24,4,Dine-in,Beverages,customer6338@example.com,3002403313
6339,Customer6339,User6339,Other,2000-04-07,2024-01-01,6,Third-party Delivery,Sandwiches,customer6339@example.com,3005012422
6340,Customer6340,User6340,Other,1978-08-06,2024-03-07,16,Takeaway,Sandwiches,customer6340@example.com,3006435422
6341,Customer6341,User6341,Male,1986-04-05,2024-11-13,2,Website/App,Salads,customer6341@example.com,3001806532
6342,Customer6342,User6342,Female,1999-04-12,2024-04-11,5,Takeaway,Sandwiches,customer6342@example.com,3007141336
6343,Customer6343,User6343,Female,1983-01-26,2024-06-28,7,Third-party Delivery,Rice,customer6343@example.com,3006120877
6344,Customer6344,User6344,Female,1976-04-22,2024-11-12,20,Third-party Delivery,BBQ,customer6344@example.com,3003433815
6345,Customer6345,User6345,Female,1973-11-13,2024-01-23,1,Third-party Delivery,Biryani,customer6345@example.com,3008835834
6346,Customer6346,User6346,Female,1970-12-11,2024-02-09,8,Dine-in,Sandwiches,customer6346@example.com,3005881504
6347,Customer6347,User6347,Male,1974-10-20,2024-02-23,7,Third-party Delivery,Pasta,customer6347@example.com,3008044575
6348,Customer6348,User6348,Female,1973-11-25,2024-03-23,12,Website/App,Biryani,customer6348@example.com,3008180944
6349,Customer6349,User6349,Male,1972-07-05,2024-09-25,19,Takeaway,Biryani,customer6349@example.com,3004176586
6350,Customer6350,User6350,Other,1986-04-12,2024-08-20,20,Takeaway,Beverages,customer6350@example.com,3006355162
6351,Customer6351,User6351,Other,1989-06-18,2024-10-06,5,Website/App,Pizza,customer6351@example.com,3009096471
6352,Customer6352,User6352,Female,2001-06-06,2024-10-09,20,Third-party Delivery,Desserts,customer6352@example.com,3006962085
6353,Customer6353,User6353,Female,1993-06-04,2024-03-17,17,Website/App,Sandwiches,customer6353@example.com,3004386445
6354,Customer6354,User6354,Other,1982-07-16,2024-07-14,12,Third-party Delivery,Burgers,customer6354@example.com,3004526163
6355,Customer6355,User6355,Male,1970-02-06,2024-03-21,3,Takeaway,Rice,customer6355@example.com,3009654286
6356,Customer6356,User6356,Female,1992-04-21,2024-11-26,9,Takeaway,Pizza,customer6356@example.com,3006055080
6357,Customer6357,User6357,Female,2002-04-27,2024-06-10,11,Third-party Delivery,BBQ,customer6357@example.com,3009497333
6358,Customer6358,User6358,Other,1984-10-14,2024-09-07,18,Takeaway,Pasta,customer6358@example.com,3003528175
6359,Customer6359,User6359,Female,1988-04-02,2024-10-28,7,Website/App,Rice,customer6359@example.com,3006697928
6360,Customer6360,User6360,Male,1974-06-03,2024-08-07,10,Third-party Delivery,Sandwiches,customer6360@example.com,3001356549
6361,Customer6361,User6361,Female,2004-12-19,2024-11-19,5,Website/App,Desserts,customer6361@example.com,3002711384
6362,Customer6362,User6362,Female,2000-06-14,2024-02-01,18,Dine-in,Pizza,customer6362@example.com,3001652567
6363,Customer6363,User6363,Male,1971-03-06,2024-02-23,5,Takeaway,Salads,customer6363@example.com,3006674910
6364,Customer6364,User6364,Female,1976-03-04,2024-07-20,17,Takeaway,Biryani,customer6364@example.com,3004204948
6365,Customer6365,User6365,Male,1992-05-04,2024-05-05,6,Third-party Delivery,Rice,customer6365@example.com,3003232359
6366,Customer6366,User6366,Female,1978-02-10,2024-05-11,7,Third-party Delivery,Pizza,customer6366@example.com,3006638413
6367,Customer6367,User6367,Other,1972-05-11,2024-02-27,20,Third-party Delivery,Desserts,customer6367@example.com,3008391885
6368,Customer6368,User6368,Female,2002-01-25,2024-02-22,4,Website/App,Salads,customer6368@example.com,3002684748
6369,Customer6369,User6369,Male,1981-07-18,2024-05-06,7,Takeaway,Sandwiches,customer6369@example.com,3004190589
6370,Customer6370,User6370,Female,1992-05-14,2024-10-22,2,Takeaway,Rice,customer6370@example.com,3007491026
6371,Customer6371,User6371,Other,1982-02-02,2024-06-15,3,Third-party Delivery,Rice,customer6371@example.com,3003952595
6372,Customer6372,User6372,Male,1976-06-10,2024-06-11,5,Third-party Delivery,Beverages,customer6372@example.com,3008873496
6373,Customer6373,User6373,Female,1980-11-13,2024-01-06,7,Website/App,Sandwiches,customer6373@example.com,3005767790
6374,Customer6374,User6374,Male,1984-01-20,2024-10-25,20,Third-party Delivery,Beverages,customer6374@example.com,3002313659
6375,Customer6375,User6375,Other,1993-01-16,2024-12-18,14,Third-party Delivery,Salads,customer6375@example.com,3007576337
6376,Customer6376,User6376,Other,1983-11-17,2024-02-19,4,Website/App,Beverages,customer6376@example.com,3008719584
6377,Customer6377,User6377,Female,1994-02-06,2024-04-22,3,Dine-in,Burgers,customer6377@example.com,3003382698
6378,Customer6378,User6378,Female,1975-06-11,2024-02-16,11,Third-party Delivery,Rice,customer6378@example.com,3008601469
6379,Customer6379,User6379,Male,1991-04-07,2024-03-16,2,Takeaway,Beverages,customer6379@example.com,3007741632
6380,Customer6380,User6380,Female,1997-09-14,2024-09-12,18,Website/App,Rice,customer6380@example.com,3002167652
6381,Customer6381,User6381,Male,1994-03-03,2024-01-23,13,Website/App,Pizza,customer6381@example.com,3006111961
6382,Customer6382,User6382,Other,1986-08-07,2024-10-13,12,Website/App,Rice,customer6382@example.com,3002311505
6383,Customer6383,User6383,Male,1991-06-15,2024-08-03,2,Takeaway,Burgers,customer6383@example.com,3003414221
6384,Customer6384,User6384,Female,1991-10-14,2024-01-18,18,Website/App,Beverages,customer6384@example.com,3007426414
6385,Customer6385,User6385,Other,1998-10-07,2024-06-28,17,Website/App,Rice,customer6385@example.com,3005292461
6386,Customer6386,User6386,Male,1982-02-09,2024-10-09,11,Takeaway,Pizza,customer6386@example.com,3003832378
6387,Customer6387,User6387,Female,1997-01-14,2024-03-21,1,Dine-in,Beverages,customer6387@example.com,3001746750
6388,Customer6388,User6388,Other,1987-01-21,2024-10-28,20,Dine-in,Pasta,customer6388@example.com,3003082554
6389,Customer6389,User6389,Female,1976-05-01,2024-06-26,2,Website/App,Burgers,customer6389@example.com,3002328642
6390,Customer6390,User6390,Other,1985-11-09,2024-08-21,9,Takeaway,Salads,customer6390@example.com,3007736712
6391,Customer6391,User6391,Male,1996-05-03,2024-03-06,14,Website/App,Desserts,customer6391@example.com,3003275948
6392,Customer6392,User6392,Female,1987-12-08,2024-12-19,6,Website/App,Pasta,customer6392@example.com,3004554788
6393,Customer6393,User6393,Other,1995-01-28,2024-05-05,9,Dine-in,Beverages,customer6393@example.com,3002403528
6394,Customer6394,User6394,Female,1988-12-21,2024-05-05,12,Takeaway,Salads,,3007713641
6395,Customer6395,User6395,Other,1991-11-06,2024-08-26,14,Takeaway,Burgers,customer6395@example.com,3002642440
6396,Customer6396,User6396,Other,1976-03-05,2024-05-26,13,Third-party Delivery,Pizza,customer6396@example.com,3005356377
6397,Customer6397,User6397,Male,2004-01-20,2024-08-01,6,Dine-in,Salads,customer6397@example.com,3008852522
6398,Customer6398,User6398,Other,1970-10-14,2024-11-08,12,Dine-in,Pasta,customer6398@example.com,3002298708
6399,Customer6399,User6399,Male,2000-06-21,2024-04-08,4,Third-party Delivery,Burgers,customer6399@example.com,3003269541
6400,Customer6400,User6400,Other,1992-04-08,2024-08-20,16,Dine-in,Beverages,customer6400@example.com,3007530972
6401,Customer6401,User6401,Male,1989-11-08,2024-08-25,16,Website/App,Beverages,customer6401@example.com,3008730250
6402,Customer6402,User6402,Male,1993-04-15,2024-02-16,5,Dine-in,Pizza,customer6402@example.com,3006424589
6403,Customer6403,User6403,Male,1985-04-01,2024-01-07,6,Website/App,Sandwiches,customer6403@example.com,3007974518
6404,Customer6404,User6404,Female,1998-05-03,2024-04-08,3,Dine-in,Pasta,customer6404@example.com,3002534088
6405,Customer6405,User6405,Other,1996-09-08,2024-10-10,18,Website/App,Biryani,customer6405@example.com,3003365849
6406,Customer6406,User6406,Female,1997-04-03,2024-06-10,7,Dine-in,Salads,customer6406@example.com,3001492476
6407,Customer6407,User6407,Male,1989-12-19,2024-02-08,3,Website/App,Sandwiches,customer6407@example.com,3006748163
6408,Customer6408,User6408,Male,1994-07-16,2024-02-07,13,Website/App,Sandwiches,customer6408@example.com,3004284150
6409,Customer6409,User6409,Female,1975-12-10,2024-06-06,6,Takeaway,Rice,customer6409@example.com,3003335484
6410,Customer6410,User6410,Female,1983-05-17,2024-11-11,6,Third-party Delivery,Salads,customer6410@example.com,3004552172
6411,Customer6411,User6411,Other,1986-10-28,2024-07-12,15,Third-party Delivery,Pasta,customer6411@example.com,3005024904
6412,Customer6412,User6412,Other,1984-06-06,2024-02-22,20,Third-party Delivery,Burgers,customer6412@example.com,3007502214
6413,Customer6413,User6413,Female,1970-07-10,2024-02-05,7,Dine-in,Pasta,customer6413@example.com,3005712548
6414,Customer6414,User6414,Male,1979-05-09,2024-08-17,7,Dine-in,Desserts,customer6414@example.com,3006603893
6415,Customer6415,User6415,Male,1976-07-07,2024-03-16,1,Takeaway,BBQ,customer6415@example.com,3002929831
6416,Customer6416,User6416,Female,1976-01-22,2024-06-05,13,Third-party Delivery,Rice,customer6416@example.com,3007935903
6417,Customer6417,User6417,Female,1980-08-05,2024-12-03,6,Third-party Delivery,BBQ,customer6417@example.com,3006256161
6418,Customer6418,User6418,Female,1982-07-16,2024-07-17,16,Third-party Delivery,Desserts,customer6418@example.com,3006130098
6419,Customer6419,User6419,Female,2000-11-28,2024-03-13,20,Third-party Delivery,Rice,customer6419@example.com,3001079967
6420,Customer6420,User6420,Male,1984-04-08,2024-03-16,20,Takeaway,Pizza,customer6420@example.com,3008586767
6421,Customer6421,User6421,Male,1980-11-14,2024-11-28,16,Dine-in,Salads,customer6421@example.com,3007455997
6422,Customer6422,User6422,Male,1988-10-10,2024-10-04,18,Website/App,Pizza,customer6422@example.com,3006170657
6423,Customer6423,User6423,Other,1999-06-14,2024-02-14,2,Takeaway,Beverages,customer6423@example.com,3005750667
6424,Customer6424,User6424,Other,1990-12-05,2024-07-01,14,Takeaway,Biryani,customer6424@example.com,3009417605
6425,Customer6425,User6425,Female,1990-12-13,2024-02-10,3,Dine-in,Salads,customer6425@example.com,3007381427
6426,Customer6426,User6426,Female,1974-11-12,2024-10-06,20,Takeaway,Biryani,customer6426@example.com,3006659750
6427,Customer6427,User6427,Female,2003-10-02,2024-09-17,11,Dine-in,Sandwiches,customer6427@example.com,3001250527
6428,Customer6428,User6428,Male,1973-12-25,2024-04-10,16,Dine-in,Pizza,customer6428@example.com,3004087165
6429,Customer6429,User6429,Male,1978-08-07,2024-01-27,5,Takeaway,Beverages,customer6429@example.com,3007084059
6430,Customer6430,User6430,Other,1991-12-28,2024-02-23,5,Takeaway,Burgers,customer6430@example.com,3008796326
6431,Customer6431,User6431,Male,1979-04-02,2024-04-08,12,Takeaway,Rice,customer6431@example.com,3004763279
6432,Customer6432,User6432,Other,2004-10-22,2024-06-03,4,Dine-in,Rice,customer6432@example.com,3009340360
6433,Customer6433,User6433,Other,2000-04-18,2024-11-15,20,Takeaway,Desserts,customer6433@example.com,3008848035
6434,Customer6434,User6434,Female,1998-09-27,2024-03-08,13,Dine-in,Beverages,customer6434@example.com,3005916555
6435,Customer6435,User6435,Male,1978-10-25,2024-07-26,14,Website/App,Pizza,customer6435@example.com,3006110173
6436,Customer6436,User6436,Female,1986-09-13,2024-06-15,9,Takeaway,Burgers,customer6436@example.com,3007760098
6437,Customer6437,User6437,Male,1971-07-17,2024-02-10,18,Website/App,Salads,customer6437@example.com,3003069658
6438,Customer6438,User6438,Other,2002-12-15,2024-03-02,6,Dine-in,Pizza,customer6438@example.com,3004497818
6439,Customer6439,User6439,Male,1970-09-09,2024-04-21,7,Dine-in,BBQ,customer6439@example.com,3002412125
6440,Customer6440,User6440,Other,1977-02-23,2024-11-15,19,Third-party Delivery,Rice,customer6440@example.com,3004271879
6441,Customer6441,User6441,Male,1991-01-15,2024-05-19,11,Dine-in,BBQ,customer6441@example.com,3005745807
6442,Customer6442,User6442,Male,1980-08-04,2024-10-06,19,Dine-in,Biryani,customer6442@example.com,3009725550
6443,Customer6443,User6443,Female,1986-02-26,2024-07-03,13,Takeaway,Sandwiches,customer6443@example.com,3004000972
6444,Customer6444,User6444,Female,1973-09-24,2024-09-25,11,Dine-in,Sandwiches,customer6444@example.com,3004903114
6445,Customer6445,User6445,Male,1985-09-04,2024-04-16,1,Website/App,Desserts,customer6445@example.com,3005936705
6446,Customer6446,User6446,Male,1972-04-16,2024-07-06,6,Third-party Delivery,Pasta,customer6446@example.com,3005492128
6447,Customer6447,User6447,Male,1990-03-12,2024-09-07,17,Website/App,Pizza,customer6447@example.com,3008241693
6448,Customer6448,User6448,Male,1990-08-17,2024-02-26,4,Third-party Delivery,BBQ,customer6448@example.com,3005664721
6449,Customer6449,User6449,Other,1997-07-27,2024-09-09,16,Dine-in,Rice,customer6449@example.com,3003862331
6450,Customer6450,User6450,Other,1973-02-25,2024-01-06,20,Dine-in,Pasta,customer6450@example.com,3009747893
6451,Customer6451,User6451,Other,1991-11-04,2024-02-18,12,Dine-in,Pizza,customer6451@example.com,3001892210
6452,Customer6452,User6452,Male,1988-07-02,2024-03-07,12,Takeaway,Pasta,customer6452@example.com,3007664093
6453,Customer6453,User6453,Other,1980-09-19,2024-01-04,9,Dine-in,Beverages,customer6453@example.com,3002907362
6454,Customer6454,User6454,Male,1985-06-14,2024-04-26,3,Third-party Delivery,Desserts,customer6454@example.com,3007418070
6455,Customer6455,User6455,Female,1973-03-15,2024-02-13,18,Takeaway,Desserts,customer6455@example.com,3009869719
6456,Customer6456,User6456,Other,1987-08-17,2024-11-26,15,Dine-in,Beverages,customer6456@example.com,3002287024
6457,Customer6457,User6457,Other,1982-09-08,2024-05-16,15,Dine-in,Pasta,customer6457@example.com,3002488469
6458,Customer6458,User6458,Male,1986-08-08,2024-01-21,18,Dine-in,Biryani,customer6458@example.com,3009676443
6459,Customer6459,User6459,Male,1976-04-04,2024-12-03,10,Takeaway,BBQ,customer6459@example.com,3002549495
6460,Customer6460,User6460,Other,1989-12-08,2024-01-09,10,Website/App,Sandwiches,customer6460@example.com,3008792050
6461,Customer6461,User6461,Other,1988-03-26,2024-06-19,14,Takeaway,BBQ,customer6461@example.com,3001263401
6462,Customer6462,User6462,Male,1975-10-15,2024-07-17,20,Takeaway,Rice,customer6462@example.com,3005643235
6463,Customer6463,User6463,Female,1970-01-09,2024-02-20,12,Dine-in,Pizza,customer6463@example.com,3004323699
6464,Customer6464,User6464,Other,1972-04-01,2024-08-25,13,Third-party Delivery,Pizza,customer6464@example.com,3008997838
6465,Customer6465,User6465,Male,1994-12-04,2024-07-22,13,Website/App,Sandwiches,customer6465@example.com,3006214484
6466,Customer6466,User6466,Other,2004-11-05,2024-11-01,20,Third-party Delivery,Biryani,customer6466@example.com,3009907542
6467,Customer6467,User6467,Female,2003-02-17,2024-02-18,13,Third-party Delivery,Salads,customer6467@example.com,3003343557
6468,Customer6468,User6468,Male,1987-05-09,2024-01-11,12,Third-party Delivery,Biryani,customer6468@example.com,3006185646
6469,Customer6469,User6469,Female,1999-03-03,2024-04-25,19,Third-party Delivery,Rice,customer6469@example.com,3007773685
6470,Customer6470,User6470,Male,1971-12-19,2024-02-14,1,Website/App,Salads,customer6470@example.com,3005941656
6471,Customer6471,User6471,Male,2000-12-23,2024-03-28,7,Dine-in,Salads,customer6471@example.com,3001479451
6472,Customer6472,User6472,Male,1998-01-23,2024-07-14,17,Third-party Delivery,Rice,customer6472@example.com,3008346318
6473,Customer6473,User6473,Male,1976-12-18,2024-06-26,18,Takeaway,Pasta,customer6473@example.com,3009616733
6474,Customer6474,User6474,Female,1973-05-16,2024-01-25,12,Third-party Delivery,Pizza,customer6474@example.com,3003666472
6475,Customer6475,User6475,Female,1990-07-12,2024-07-28,9,Dine-in,Sandwiches,customer6475@example.com,3006293669
6476,Customer6476,User6476,Female,1994-07-15,2024-02-11,15,Dine-in,Pizza,customer6476@example.com,3002994417
6477,Customer6477,User6477,Male,1972-08-01,2024-02-17,1,Website/App,Beverages,customer6477@example.com,3004217256
6478,Customer6478,User6478,Female,1997-08-21,2024-10-26,6,Third-party Delivery,Biryani,customer6478@example.com,3007065645
6479,Customer6479,User6479,Other,1991-03-12,2024-08-14,3,Website/App,Burgers,customer6479@example.com,3004987027
6480,Customer6480,User6480,Male,1992-10-26,2024-11-17,9,Dine-in,Beverages,customer6480@example.com,3008009375
6481,Customer6481,User6481,Male,2002-07-22,2024-11-23,17,Takeaway,Burgers,customer6481@example.com,3005242442
6482,Customer6482,User6482,Male,1987-03-06,2024-10-20,16,Website/App,Rice,customer6482@example.com,3003194122
6483,Customer6483,User6483,Male,1970-02-23,2024-04-08,19,Takeaway,Burgers,customer6483@example.com,3001229688
6484,Customer6484,User6484,Female,1970-01-08,2024-08-27,14,Website/App,Beverages,customer6484@example.com,3006188808
6485,Customer6485,User6485,Other,1971-02-10,2024-01-11,14,Website/App,Burgers,customer6485@example.com,3003483964
6486,Customer6486,User6486,Female,1998-09-16,2024-01-22,20,Dine-in,Salads,customer6486@example.com,3006451010
6487,Customer6487,User6487,Other,1973-03-22,2024-08-24,20,Dine-in,BBQ,customer6487@example.com,3007558388
6488,Customer6488,User6488,Male,1995-10-28,2024-02-25,20,Dine-in,Beverages,customer6488@example.com,3004236367
6489,Customer6489,User6489,Other,1996-05-17,2024-09-07,13,Takeaway,Sandwiches,customer6489@example.com,3007956852
6490,Customer6490,User6490,Male,1996-12-07,2024-07-15,16,Dine-in,Desserts,customer6490@example.com,3008678830
6491,Customer6491,User6491,Female,1981-10-14,2024-12-22,19,Website/App,Biryani,customer6491@example.com,3007454700
6492,Customer6492,User6492,Other,1976-06-28,2024-05-23,18,Third-party Delivery,Beverages,customer6492@example.com,3002475212
6493,Customer6493,User6493,Other,1986-02-23,2024-03-09,11,Takeaway,Desserts,customer6493@example.com,3008924105
6494,Customer6494,User6494,Male,1993-01-26,2024-09-26,16,Website/App,Pasta,customer6494@example.com,3001686876
6495,Customer6495,User6495,Female,1997-03-09,2024-05-27,18,Dine-in,Beverages,customer6495@example.com,3009939908
6496,Customer6496,User6496,Other,1994-08-17,2024-10-23,12,Dine-in,Pizza,customer6496@example.com,3004787142
6497,Customer6497,User6497,Other,1977-10-07,2024-09-15,2,Third-party Delivery,BBQ,customer6497@example.com,3002353795
6498,Customer6498,User6498,Female,1980-01-04,2024-04-09,20,Website/App,Rice,customer6498@example.com,3003926645
6499,Customer6499,User6499,Other,1974-05-01,2024-05-13,6,Website/App,Desserts,customer6499@example.com,3009941391
6500,Customer6500,User6500,Female,1982-06-27,2024-08-25,6,Takeaway,Sandwiches,customer6500@example.com,3003727274
6501,Customer6501,User6501,Female,1984-04-02,2024-09-22,19,Dine-in,Rice,customer6501@example.com,3006130621
6502,Customer6502,User6502,Female,1988-05-13,2024-11-17,10,Takeaway,Biryani,customer6502@example.com,3002054290
6503,Customer6503,User6503,Other,1972-10-11,2024-05-20,13,Third-party Delivery,Pizza,customer6503@example.com,3009173465
6504,Customer6504,User6504,Female,1982-01-26,2024-08-19,1,Dine-in,Salads,customer6504@example.com,3009404704
6505,Customer6505,User6505,Female,1995-08-14,2024-02-15,1,Website/App,Pizza,customer6505@example.com,3002554794
6506,Customer6506,User6506,Male,1983-12-27,2024-06-13,6,Website/App,Desserts,customer6506@example.com,3007674572
6507,Customer6507,User6507,Male,1974-01-24,2024-11-20,2,Takeaway,Beverages,customer6507@example.com,3001433545
6508,Customer6508,User6508,Female,1999-10-23,2024-06-12,1,Dine-in,Burgers,customer6508@example.com,3005308598
6509,Customer6509,User6509,Female,1987-02-12,2024-07-28,13,Takeaway,Burgers,customer6509@example.com,3007280919
6510,Customer6510,User6510,Other,1998-03-16,2024-06-14,5,Takeaway,Burgers,customer6510@example.com,3003747511
6511,Customer6511,User6511,Male,1998-06-18,2024-10-06,18,Takeaway,Salads,customer6511@example.com,3001367169
6512,Customer6512,User6512,Female,1982-08-01,2024-02-24,8,Third-party Delivery,Sandwiches,customer6512@example.com,3001484388
6513,Customer6513,User6513,Other,1999-03-01,2024-11-27,7,Takeaway,BBQ,customer6513@example.com,3009714312
6514,Customer6514,User6514,Other,1982-03-08,2024-11-15,16,Website/App,Sandwiches,customer6514@example.com,3009246557
6515,Customer6515,User6515,Female,1987-07-13,2024-09-11,7,Takeaway,BBQ,customer6515@example.com,3002958857
6516,Customer6516,User6516,Female,2002-05-05,2024-07-21,18,Dine-in,Desserts,customer6516@example.com,3008403913
6517,Customer6517,User6517,Female,2000-11-10,2024-07-26,12,Website/App,Desserts,customer6517@example.com,3007236364
6518,Customer6518,User6518,Female,1989-06-03,2024-12-19,6,Website/App,Biryani,customer6518@example.com,3008523601
6519,Customer6519,User6519,Other,1985-05-13,2024-09-22,5,Website/App,Pizza,customer6519@example.com,3007685924
6520,Customer6520,User6520,Female,1979-03-22,2024-09-16,7,Website/App,Pizza,customer6520@example.com,3002450946
6521,Customer6521,User6521,Other,1999-08-17,2024-07-08,9,Dine-in,BBQ,customer6521@example.com,3005775609
6522,Customer6522,User6522,Other,2000-11-16,2024-08-10,15,Third-party Delivery,Rice,customer6522@example.com,3008478826
6523,Customer6523,User6523,Other,1974-01-07,2024-02-17,18,Third-party Delivery,Biryani,customer6523@example.com,3009343405
6524,Customer6524,User6524,Female,1996-01-28,2024-07-22,18,Third-party Delivery,Desserts,customer6524@example.com,3005743341
6525,Customer6525,User6525,Other,1981-01-11,2024-11-23,1,Website/App,Desserts,customer6525@example.com,3009975609
6526,Customer6526,User6526,Female,1995-03-05,2024-02-13,7,Website/App,Sandwiches,customer6526@example.com,3006544187
6527,Customer6527,User6527,Male,2004-12-13,2024-06-25,4,Website/App,Rice,customer6527@example.com,3002441035
6528,Customer6528,User6528,Male,1974-05-03,2024-11-28,8,Takeaway,Salads,customer6528@example.com,3009418822
6529,Customer6529,User6529,Other,2000-10-02,2024-09-24,14,Third-party Delivery,Pasta,customer6529@example.com,3002812690
6530,Customer6530,User6530,Other,1986-07-27,2024-07-26,2,Dine-in,Desserts,customer6530@example.com,3001236164
6531,Customer6531,User6531,Other,1992-10-08,2024-10-14,15,Dine-in,Pizza,customer6531@example.com,3006616568
6532,Customer6532,User6532,Female,1980-03-13,2024-05-03,5,Website/App,Sandwiches,customer6532@example.com,3007275637
6533,Customer6533,User6533,Female,1979-12-22,2024-12-20,12,Third-party Delivery,Beverages,customer6533@example.com,3008588965
6534,Customer6534,User6534,Male,1990-02-13,2024-09-08,5,Dine-in,Biryani,customer6534@example.com,3003669411
6535,Customer6535,User6535,Female,1977-02-07,2024-11-03,17,Dine-in,Burgers,customer6535@example.com,3003401250
6536,Customer6536,User6536,Male,1987-10-17,2024-01-02,18,Website/App,Desserts,customer6536@example.com,3006285570
6537,Customer6537,User6537,Female,1993-08-22,2024-08-08,10,Takeaway,Biryani,customer6537@example.com,3004027814
6538,Customer6538,User6538,Male,1974-04-05,2024-11-23,3,Takeaway,Sandwiches,customer6538@example.com,3007546922
6539,Customer6539,User6539,Other,1986-10-17,2024-04-12,19,Dine-in,Beverages,customer6539@example.com,3005555665
6540,Customer6540,User6540,Female,2003-08-07,2024-03-19,15,Website/App,Beverages,customer6540@example.com,3005578113
6541,Customer6541,User6541,Female,1997-03-16,2024-02-21,7,Third-party Delivery,Burgers,customer6541@example.com,3003409805
6542,Customer6542,User6542,Female,1989-07-28,2024-10-17,9,Website/App,Salads,customer6542@example.com,3001488297
6543,Customer6543,User6543,Other,1973-07-13,2024-01-19,10,Third-party Delivery,Beverages,customer6543@example.com,3004329213
6544,Customer6544,User6544,Male,1996-03-28,2024-07-10,13,Website/App,Beverages,customer6544@example.com,3009924096
6545,Customer6545,User6545,Other,2001-03-09,2024-05-25,10,Third-party Delivery,Rice,customer6545@example.com,3002377522
6546,Customer6546,User6546,Male,2003-11-09,2024-03-22,2,Takeaway,Desserts,customer6546@example.com,3006129050
6547,Customer6547,User6547,Other,1985-11-19,2024-01-19,17,Dine-in,Pizza,customer6547@example.com,3003403148
6548,Customer6548,User6548,Male,1972-03-25,2024-02-11,4,Takeaway,Beverages,customer6548@example.com,3006938391
6549,Customer6549,User6549,Male,1983-07-17,2024-05-02,11,Website/App,Pizza,customer6549@example.com,3007504632
6550,Customer6550,User6550,Other,1991-03-08,2024-08-01,1,Third-party Delivery,Desserts,customer6550@example.com,3008987722
6551,Customer6551,User6551,Female,1974-10-02,2024-01-07,6,Takeaway,Sandwiches,customer6551@example.com,3001446004
6552,Customer6552,User6552,Female,1985-05-25,2024-08-17,10,Takeaway,Biryani,customer6552@example.com,3008149698
6553,Customer6553,User6553,Female,1986-09-10,2024-07-09,8,Dine-in,Burgers,customer6553@example.com,3004504116
6554,Customer6554,User6554,Male,1983-04-18,2024-11-26,12,Website/App,Rice,customer6554@example.com,3008492547
6555,Customer6555,User6555,Other,1997-08-08,2024-01-24,12,Website/App,Beverages,customer6555@example.com,3003919608
6556,Customer6556,User6556,Male,1997-12-09,2024-06-20,20,Third-party Delivery,Beverages,customer6556@example.com,3003491736
6557,Customer6557,User6557,Male,1987-04-03,2024-03-22,3,Takeaway,Pasta,customer6557@example.com,3007135249
6558,Customer6558,User6558,Other,2002-10-17,2024-04-24,20,Takeaway,Rice,customer6558@example.com,3001351656
6559,Customer6559,User6559,Female,2004-02-09,2024-02-05,11,Third-party Delivery,Burgers,customer6559@example.com,3007921658
6560,Customer6560,User6560,Female,1973-08-16,2024-10-23,6,Website/App,BBQ,customer6560@example.com,3006763742
6561,Customer6561,User6561,Female,2000-06-21,2024-10-15,3,Dine-in,Rice,customer6561@example.com,3002848445
6562,Customer6562,User6562,Female,1996-09-27,2024-08-07,4,Dine-in,Biryani,customer6562@example.com,3006007706
6563,Customer6563,User6563,Male,1994-05-11,2024-10-24,14,Takeaway,Salads,customer6563@example.com,3005693549
6564,Customer6564,User6564,Female,2003-05-12,2024-09-07,4,Dine-in,Salads,customer6564@example.com,3001244324
6565,Customer6565,User6565,Male,1992-09-22,2024-06-17,16,Takeaway,Sandwiches,customer6565@example.com,3004194454
6566,Customer6566,User6566,Other,1981-12-26,2024-08-12,2,Takeaway,Desserts,customer6566@example.com,3002190263
6567,Customer6567,User6567,Other,1979-07-10,2024-03-04,1,Takeaway,Rice,customer6567@example.com,3008362911
6568,Customer6568,User6568,Male,2003-09-01,2024-08-08,14,Third-party Delivery,BBQ,customer6568@example.com,3009281822
6569,Customer6569,User6569,Male,1994-11-20,2024-06-19,20,Dine-in,Pizza,customer6569@example.com,3007789604
6570,Customer6570,User6570,Other,1987-04-24,2024-11-23,8,Website/App,Sandwiches,customer6570@example.com,3003408303
6571,Customer6571,User6571,Male,1991-01-06,2024-02-03,4,Third-party Delivery,Burgers,customer6571@example.com,3001740761
6572,Customer6572,User6572,Male,1972-09-28,2024-03-06,5,Dine-in,Pasta,customer6572@example.com,3004955888
6573,Customer6573,User6573,Male,1980-01-18,2024-10-08,19,Website/App,Sandwiches,customer6573@example.com,3001827079
6574,Customer6574,User6574,Other,2003-01-10,2024-07-13,3,Third-party Delivery,Pizza,customer6574@example.com,3001260189
6575,Customer6575,User6575,Male,1988-08-28,2024-09-06,9,Third-party Delivery,Pasta,customer6575@example.com,3002671390
6576,Customer6576,User6576,Male,2001-04-19,2024-01-26,13,Third-party Delivery,Pasta,customer6576@example.com,3001977914
6577,Customer6577,User6577,Other,1995-09-17,2024-11-24,17,Website/App,Desserts,customer6577@example.com,3008207636
6578,Customer6578,User6578,Male,1981-08-07,2024-02-14,1,Takeaway,Pasta,customer6578@example.com,3001892588
6579,Customer6579,User6579,Male,1989-06-01,2024-07-27,7,Takeaway,Desserts,customer6579@example.com,3002020050
6580,Customer6580,User6580,Other,1992-03-28,2024-05-03,14,Website/App,Pasta,customer6580@example.com,3008235509
6581,Customer6581,User6581,Female,1994-09-14,2024-07-15,13,Website/App,Sandwiches,customer6581@example.com,3003015051
6582,Customer6582,User6582,Female,1980-12-17,2024-05-01,1,Dine-in,Burgers,customer6582@example.com,3002841134
6583,Customer6583,User6583,Male,1998-05-07,2024-08-17,9,Third-party Delivery,Pizza,customer6583@example.com,3001289269
6584,Customer6584,User6584,Female,1985-09-26,2024-03-07,6,Takeaway,Pasta,customer6584@example.com,3004741615
6585,Customer6585,User6585,Male,2000-07-25,2024-03-21,5,Takeaway,Rice,customer6585@example.com,3005505872
6586,Customer6586,User6586,Female,1972-02-11,2024-05-04,16,Third-party Delivery,Sandwiches,customer6586@example.com,3007192100
6587,Customer6587,User6587,Female,2004-07-27,2024-07-03,2,Dine-in,Burgers,customer6587@example.com,3001318735
6588,Customer6588,User6588,Female,1975-02-17,2024-07-06,9,Third-party Delivery,Salads,customer6588@example.com,3005005284
6589,Customer6589,User6589,Other,1983-11-07,2024-05-17,19,Dine-in,BBQ,customer6589@example.com,3001941075
6590,Customer6590,User6590,Male,1995-10-21,2024-11-13,8,Dine-in,Pasta,customer6590@example.com,3006832460
6591,Customer6591,User6591,Other,1992-11-17,2024-01-21,1,Third-party Delivery,Pasta,customer6591@example.com,3009359687
6592,Customer6592,User6592,Female,1999-06-04,2024-12-07,4,Takeaway,Beverages,customer6592@example.com,3003278556
6593,Customer6593,User6593,Male,2001-01-22,2024-12-18,9,Website/App,BBQ,customer6593@example.com,3007512286
6594,Customer6594,User6594,Other,1990-01-04,2024-11-07,18,Dine-in,Rice,customer6594@example.com,3009498556
6595,Customer6595,User6595,Female,1989-02-18,2024-05-06,20,Takeaway,Biryani,customer6595@example.com,3007760347
6596,Customer6596,User6596,Other,1987-06-15,2024-01-03,16,Third-party Delivery,Rice,,3004834248
6597,Customer6597,User6597,Female,1972-02-02,2024-07-12,7,Third-party Delivery,Burgers,customer6597@example.com,3006804907
6598,Customer6598,User6598,Female,2001-02-06,2024-08-19,8,Dine-in,Burgers,customer6598@example.com,3009959080
6599,Customer6599,User6599,Male,1994-03-21,2024-11-16,15,Website/App,Sandwiches,customer6599@example.com,3001004433
6600,Customer6600,User6600,Female,1971-05-04,2024-09-14,20,Third-party Delivery,Burgers,customer6600@example.com,3007030060
6601,Customer6601,User6601,Female,1995-02-03,2024-12-28,18,Takeaway,Beverages,customer6601@example.com,3003175384
6602,Customer6602,User6602,Male,1971-08-11,2024-09-14,10,Takeaway,Pasta,customer6602@example.com,3004983787
6603,Customer6603,User6603,Male,2001-06-08,2024-04-23,13,Takeaway,Pizza,customer6603@example.com,3005393142
6604,Customer6604,User6604,Other,1978-09-21,2024-10-14,19,Dine-in,Beverages,customer6604@example.com,3007782841
6605,Customer6605,User6605,Male,2000-06-21,2024-07-18,14,Takeaway,BBQ,customer6605@example.com,3006321053
6606,Customer6606,User6606,Other,1987-10-13,2024-05-22,6,Takeaway,Burgers,customer6606@example.com,3007980127
6607,Customer6607,User6607,Other,1979-06-25,2024-06-17,8,Dine-in,Burgers,customer6607@example.com,3004324407
6608,Customer6608,User6608,Female,2004-01-22,2024-12-23,18,Third-party Delivery,Pasta,customer6608@example.com,3007806778
6609,Customer6609,User6609,Other,1985-05-24,2024-05-20,4,Dine-in,Beverages,customer6609@example.com,3009686124
6610,Customer6610,User6610,Female,1984-05-18,2024-09-08,3,Takeaway,Desserts,customer6610@example.com,3003744493
6611,Customer6611,User6611,Female,1998-09-26,2024-04-10,2,Third-party Delivery,Salads,customer6611@example.com,3004152633
6612,Customer6612,User6612,Male,2002-02-18,2024-02-13,16,Dine-in,Desserts,customer6612@example.com,3008581924
6613,Customer6613,User6613,Other,1976-02-01,2024-04-10,2,Takeaway,Burgers,customer6613@example.com,3009244976
6614,Customer6614,User6614,Male,1997-02-16,2024-05-11,15,Website/App,Pizza,customer6614@example.com,3008947791
6615,Customer6615,User6615,Other,1974-09-09,2024-11-17,1,Dine-in,Burgers,customer6615@example.com,3001474297
6616,Customer6616,User6616,Male,1975-04-08,2024-01-27,6,Dine-in,BBQ,customer6616@example.com,3001309244
6617,Customer6617,User6617,Female,1970-02-03,2024-12-27,8,Takeaway,Pizza,customer6617@example.com,3006959692
6618,Customer6618,User6618,Other,1974-10-05,2024-08-25,16,Takeaway,BBQ,customer6618@example.com,3005841707
6619,Customer6619,User6619,Male,1998-12-14,2024-05-11,13,Dine-in,Beverages,customer6619@example.com,3006205141
6620,Customer6620,User6620,Female,1976-06-23,2024-11-18,7,Takeaway,Sandwiches,customer6620@example.com,3006507870
6621,Customer6621,User6621,Other,1998-05-16,2024-01-21,19,Dine-in,BBQ,customer6621@example.com,3009646023
6622,Customer6622,User6622,Female,1977-10-06,2024-12-22,20,Dine-in,Beverages,customer6622@example.com,3004761948
6623,Customer6623,User6623,Male,2003-03-27,2024-12-13,12,Third-party Delivery,Pizza,customer6623@example.com,3008887067
6624,Customer6624,User6624,Other,1994-09-03,2024-03-13,13,Third-party Delivery,Salads,customer6624@example.com,3002982728
6625,Customer6625,User6625,Female,1980-12-23,2024-08-28,15,Dine-in,Beverages,customer6625@example.com,3008119054
6626,Customer6626,User6626,Other,1994-06-15,2024-05-18,14,Website/App,Salads,customer6626@example.com,3008548389
6627,Customer6627,User6627,Female,1990-10-15,2024-08-14,16,Takeaway,Beverages,customer6627@example.com,3001262972
6628,Customer6628,User6628,Male,1999-06-02,2024-12-27,14,Takeaway,Rice,customer6628@example.com,3005163886
6629,Customer6629,User6629,Female,1985-04-19,2024-04-09,15,Website/App,Pizza,customer6629@example.com,3003947966
6630,Customer6630,User6630,Female,2001-09-17,2024-07-27,11,Third-party Delivery,Burgers,customer6630@example.com,3008495335
6631,Customer6631,User6631,Male,2004-06-09,2024-07-01,12,Takeaway,Pizza,customer6631@example.com,3008716000
6632,Customer6632,User6632,Male,1978-02-08,2024-04-01,11,Third-party Delivery,Beverages,customer6632@example.com,3003809407
6633,Customer6633,User6633,Other,2002-09-01,2024-03-23,6,Website/App,Pasta,customer6633@example.com,3009387348
6634,Customer6634,User6634,Female,1983-01-17,2024-09-18,7,Third-party Delivery,Burgers,customer6634@example.com,3008359109
6635,Customer6635,User6635,Other,1974-12-22,2024-10-26,1,Third-party Delivery,Biryani,customer6635@example.com,3004161219
6636,Customer6636,User6636,Other,1975-06-24,2024-05-08,10,Website/App,Salads,customer6636@example.com,3002320971
6637,Customer6637,User6637,Other,2001-05-28,2024-08-01,18,Website/App,Beverages,customer6637@example.com,3007660559
6638,Customer6638,User6638,Female,1977-02-23,2024-08-25,6,Website/App,Salads,customer6638@example.com,3009865602
6639,Customer6639,User6639,Other,1990-10-13,2024-04-09,7,Third-party Delivery,Pasta,customer6639@example.com,3001788784
6640,Customer6640,User6640,Other,1986-02-14,2024-03-21,13,Third-party Delivery,Biryani,customer6640@example.com,3005462683
6641,Customer6641,User6641,Male,2002-10-13,2024-03-18,16,Dine-in,Pizza,customer6641@example.com,3005137128
6642,Customer6642,User6642,Male,1976-06-28,2024-07-14,15,Dine-in,Pizza,customer6642@example.com,3002285523
6643,Customer6643,User6643,Other,1999-02-15,2024-02-01,9,Website/App,Salads,customer6643@example.com,3003662503
6644,Customer6644,User6644,Other,1972-08-26,2024-02-17,20,Dine-in,Biryani,customer6644@example.com,3003893632
6645,Customer6645,User6645,Male,1985-02-18,2024-10-21,13,Dine-in,Pasta,customer6645@example.com,3001586312
6646,Customer6646,User6646,Male,1989-07-04,2024-11-03,16,Takeaway,BBQ,customer6646@example.com,3002508228
6647,Customer6647,User6647,Female,1986-02-09,2024-07-27,12,Website/App,BBQ,customer6647@example.com,3006497257
6648,Customer6648,User6648,Male,1981-04-28,2024-04-11,12,Dine-in,Sandwiches,customer6648@example.com,3006061591
6649,Customer6649,User6649,Other,1975-06-21,2024-07-13,7,Dine-in,Rice,customer6649@example.com,3007406326
6650,Customer6650,User6650,Male,1984-09-14,2024-12-10,17,Third-party Delivery,Pasta,customer6650@example.com,3001320045
6651,Customer6651,User6651,Male,1998-05-09,2024-04-11,6,Website/App,Burgers,customer6651@example.com,3002078795
6652,Customer6652,User6652,Other,1975-07-12,2024-04-13,9,Third-party Delivery,Burgers,customer6652@example.com,3007590653
6653,Customer6653,User6653,Other,1997-10-14,2024-11-25,16,Third-party Delivery,Beverages,customer6653@example.com,3002662361
6654,Customer6654,User6654,Male,1986-02-10,2024-06-05,9,Website/App,Beverages,customer6654@example.com,3008267899
6655,Customer6655,User6655,Female,1974-11-27,2024-06-07,12,Dine-in,Salads,customer6655@example.com,3001290420
6656,Customer6656,User6656,Other,1986-04-12,2024-12-25,3,Website/App,Burgers,customer6656@example.com,3007352145
6657,Customer6657,User6657,Male,1979-10-23,2024-05-21,13,Website/App,Pizza,customer6657@example.com,3004430179
6658,Customer6658,User6658,Male,1999-02-02,2024-01-10,20,Dine-in,Biryani,customer6658@example.com,3008201829
6659,Customer6659,User6659,Female,1985-09-09,2024-08-23,1,Dine-in,Salads,customer6659@example.com,3003654683
6660,Customer6660,User6660,Other,1971-06-02,2024-10-04,13,Takeaway,Rice,customer6660@example.com,3003540061
6661,Customer6661,User6661,Other,1985-07-05,2024-06-19,8,Takeaway,Beverages,customer6661@example.com,3008188969
6662,Customer6662,User6662,Female,2001-12-26,2024-02-04,20,Takeaway,BBQ,customer6662@example.com,3002814314
6663,Customer6663,User6663,Male,2002-12-25,2024-04-01,1,Third-party Delivery,Biryani,customer6663@example.com,3005009548
6664,Customer6664,User6664,Other,1977-09-07,2024-11-20,6,Website/App,Pasta,customer6664@example.com,3002945118
6665,Customer6665,User6665,Female,2001-10-03,2024-08-15,13,Dine-in,Salads,customer6665@example.com,3008326823
6666,Customer6666,User6666,Male,2001-10-26,2024-02-04,16,Takeaway,Salads,customer6666@example.com,3003505468
6667,Customer6667,User6667,Male,1984-12-11,2024-10-04,8,Takeaway,Pasta,customer6667@example.com,3004460441
6668,Customer6668,User6668,Male,1993-04-12,2024-07-06,18,Third-party Delivery,Biryani,customer6668@example.com,3006219336
6669,Customer6669,User6669,Female,1971-05-23,2024-12-01,19,Website/App,Pizza,customer6669@example.com,3005470435
6670,Customer6670,User6670,Female,2001-02-25,2024-07-18,6,Takeaway,Pizza,customer6670@example.com,3009995320
6671,Customer6671,User6671,Other,1978-05-10,2024-07-18,6,Dine-in,Sandwiches,customer6671@example.com,3004264695
6672,Customer6672,User6672,Female,1978-10-16,2024-01-07,17,Third-party Delivery,BBQ,customer6672@example.com,3008368703
6673,Customer6673,User6673,Male,1979-12-06,2024-04-05,5,Website/App,Biryani,customer6673@example.com,3008261120
6674,Customer6674,User6674,Male,1998-09-24,2024-04-13,17,Dine-in,Biryani,customer6674@example.com,3006711057
6675,Customer6675,User6675,Female,1976-05-11,2024-03-17,16,Website/App,Desserts,customer6675@example.com,3006824562
6676,Customer6676,User6676,Other,1970-05-09,2024-08-10,3,Third-party Delivery,Sandwiches,customer6676@example.com,3006237611
6677,Customer6677,User6677,Male,1987-05-03,2024-01-12,15,Website/App,Burgers,customer6677@example.com,3007487919
6678,Customer6678,User6678,Other,1990-03-25,2024-06-07,6,Takeaway,Biryani,customer6678@example.com,3005497719
6679,Customer6679,User6679,Female,1987-11-18,2024-04-09,12,Dine-in,Salads,customer6679@example.com,3007191540
6680,Customer6680,User6680,Female,1970-09-21,2024-12-20,15,Third-party Delivery,Pasta,customer6680@example.com,3005426451
6681,Customer6681,User6681,Female,1978-12-18,2024-02-24,11,Third-party Delivery,Burgers,customer6681@example.com,3008179576
6682,Customer6682,User6682,Female,1981-06-26,2024-12-01,4,Third-party Delivery,Biryani,customer6682@example.com,3004140688
6683,Customer6683,User6683,Male,1989-04-22,2024-08-15,4,Website/App,Salads,customer6683@example.com,3005785845
6684,Customer6684,User6684,Other,2000-03-10,2024-09-09,19,Takeaway,Sandwiches,customer6684@example.com,3002965470
6685,Customer6685,User6685,Female,1981-09-28,2024-11-22,8,Dine-in,Pasta,customer6685@example.com,3008129940
6686,Customer6686,User6686,Other,1978-12-02,2024-09-28,2,Takeaway,Burgers,customer6686@example.com,3008951252
6687,Customer6687,User6687,Other,2002-01-20,2024-09-17,6,Takeaway,Burgers,customer6687@example.com,3003170554
6688,Customer6688,User6688,Female,1981-11-04,2024-01-21,19,Website/App,Biryani,customer6688@example.com,3004280451
6689,Customer6689,User6689,Other,1992-11-09,2024-08-19,3,Takeaway,Burgers,customer6689@example.com,3003630950
6690,Customer6690,User6690,Female,1978-10-28,2024-10-01,6,Website/App,Pizza,customer6690@example.com,3001381682
6691,Customer6691,User6691,Male,1980-03-16,2024-10-18,5,Website/App,Desserts,customer6691@example.com,3009598476
6692,Customer6692,User6692,Other,1985-06-26,2024-10-23,9,Takeaway,Biryani,customer6692@example.com,3008234501
6693,Customer6693,User6693,Male,1984-03-27,2024-03-10,2,Dine-in,Desserts,customer6693@example.com,3008945804
6694,Customer6694,User6694,Other,1972-01-08,2024-08-25,18,Dine-in,Desserts,customer6694@example.com,3002775048
6695,Customer6695,User6695,Female,1973-07-18,2024-06-05,10,Third-party Delivery,Burgers,customer6695@example.com,3009493484
6696,Customer6696,User6696,Other,1993-10-06,2024-11-02,18,Website/App,Pizza,customer6696@example.com,3007008657
6697,Customer6697,User6697,Male,1981-03-21,2024-09-14,13,Dine-in,Burgers,customer6697@example.com,3008662433
6698,Customer6698,User6698,Other,1988-10-09,2024-02-04,15,Dine-in,Pasta,customer6698@example.com,3002047647
6699,Customer6699,User6699,Male,1995-05-27,2024-09-24,16,Takeaway,Desserts,customer6699@example.com,3003111109
6700,Customer6700,User6700,Other,1992-10-22,2024-11-25,1,Dine-in,Biryani,customer6700@example.com,3006303078
6701,Customer6701,User6701,Other,1997-09-09,2024-09-23,7,Website/App,Rice,customer6701@example.com,3003270109
6702,Customer6702,User6702,Other,1998-09-22,2024-07-21,16,Dine-in,Pasta,customer6702@example.com,3006238526
6703,Customer6703,User6703,Other,1981-12-27,2024-10-23,11,Website/App,Desserts,customer6703@example.com,3002371053
6704,Customer6704,User6704,Other,1989-08-22,2024-11-16,2,Dine-in,Desserts,customer6704@example.com,3002481471
6705,Customer6705,User6705,Other,1975-12-21,2024-12-24,2,Takeaway,Pasta,customer6705@example.com,3004165134
6706,Customer6706,User6706,Male,1995-04-12,2024-10-05,4,Third-party Delivery,Biryani,customer6706@example.com,3004388917
6707,Customer6707,User6707,Female,1970-06-25,2024-11-03,12,Website/App,Beverages,customer6707@example.com,3008279463
6708,Customer6708,User6708,Female,1985-02-22,2024-11-09,8,Third-party Delivery,Burgers,customer6708@example.com,3007297881
6709,Customer6709,User6709,Male,1974-06-10,2024-03-28,4,Dine-in,Beverages,customer6709@example.com,3009392378
6710,Customer6710,User6710,Other,1991-10-09,2024-10-23,4,Takeaway,Sandwiches,customer6710@example.com,3006456651
6711,Customer6711,User6711,Other,1991-02-16,2024-04-08,13,Third-party Delivery,Sandwiches,customer6711@example.com,3006124963
6712,Customer6712,User6712,Other,1977-05-08,2024-02-07,15,Website/App,Burgers,customer6712@example.com,3001010284
6713,Customer6713,User6713,Other,1975-10-18,2024-01-04,4,Dine-in,Sandwiches,customer6713@example.com,3005161026
6714,Customer6714,User6714,Other,1980-03-09,2024-05-08,6,Third-party Delivery,Pasta,customer6714@example.com,3005454493
6715,Customer6715,User6715,Other,1990-02-22,2024-09-20,17,Dine-in,Salads,customer6715@example.com,3009172494
6716,Customer6716,User6716,Other,1991-06-03,2024-08-20,4,Website/App,BBQ,customer6716@example.com,3005000320
6717,Customer6717,User6717,Female,1972-11-07,2024-05-12,20,Website/App,Beverages,customer6717@example.com,3004438012
6718,Customer6718,User6718,Male,1988-10-09,2024-01-17,2,Dine-in,Burgers,customer6718@example.com,3001096313
6719,Customer6719,User6719,Female,1990-07-20,2024-09-03,20,Takeaway,Rice,customer6719@example.com,3004198855
6720,Customer6720,User6720,Male,1995-08-19,2024-03-13,13,Website/App,Burgers,customer6720@example.com,3004987172
6721,Customer6721,User6721,Other,1973-08-12,2024-01-11,19,Dine-in,Sandwiches,customer6721@example.com,3005665561
6722,Customer6722,User6722,Male,2003-02-02,2024-07-15,4,Dine-in,Salads,customer6722@example.com,3002754181
6723,Customer6723,User6723,Female,1994-06-04,2024-01-26,11,Takeaway,Burgers,customer6723@example.com,3007417106
6724,Customer6724,User6724,Female,1983-12-16,2024-05-19,9,Website/App,Pasta,customer6724@example.com,3009941974
6725,Customer6725,User6725,Male,1982-02-17,2024-06-28,14,Third-party Delivery,Pasta,customer6725@example.com,3005296397
6726,Customer6726,User6726,Other,1985-05-15,2024-09-04,5,Third-party Delivery,Beverages,customer6726@example.com,3009622958
6727,Customer6727,User6727,Other,1977-01-16,2024-11-26,18,Third-party Delivery,Rice,customer6727@example.com,3003950047
6728,Customer6728,User6728,Male,1975-10-15,2024-01-21,7,Dine-in,Desserts,customer6728@example.com,3009812089
6729,Customer6729,User6729,Male,1999-12-14,2024-03-08,6,Website/App,Pasta,customer6729@example.com,3009910141
6730,Customer6730,User6730,Other,1977-02-21,2024-12-23,20,Dine-in,Biryani,customer6730@example.com,3008379885
6731,Customer6731,User6731,Female,1996-02-12,2024-02-18,1,Third-party Delivery,Beverages,customer6731@example.com,3005464210
6732,Customer6732,User6732,Female,1978-05-13,2024-08-14,1,Dine-in,BBQ,customer6732@example.com,3003331051
6733,Customer6733,User6733,Female,1998-07-11,2024-08-03,6,Website/App,BBQ,customer6733@example.com,3006003959
6734,Customer6734,User6734,Female,2004-05-26,2024-08-19,12,Dine-in,Salads,customer6734@example.com,3007558976
6735,Customer6735,User6735,Male,1986-10-28,2024-10-01,3,Website/App,Burgers,customer6735@example.com,3001360182
6736,Customer6736,User6736,Female,1989-11-10,2024-05-28,19,Third-party Delivery,Biryani,customer6736@example.com,3007277116
6737,Customer6737,User6737,Male,1977-07-12,2024-04-18,20,Third-party Delivery,Rice,customer6737@example.com,3001807886
6738,Customer6738,User6738,Female,1995-07-24,2024-07-16,12,Takeaway,BBQ,customer6738@example.com,3005991331
6739,Customer6739,User6739,Male,1970-04-04,2024-06-16,19,Third-party Delivery,Burgers,customer6739@example.com,3007784405
6740,Customer6740,User6740,Female,1974-02-05,2024-05-12,2,Third-party Delivery,Desserts,customer6740@example.com,3004922247
6741,Customer6741,User6741,Female,1984-06-02,2024-11-26,20,Third-party Delivery,Beverages,customer6741@example.com,3001818898
6742,Customer6742,User6742,Male,1978-03-15,2024-02-25,14,Third-party Delivery,Biryani,customer6742@example.com,3004461428
6743,Customer6743,User6743,Other,1984-06-06,2024-07-01,3,Third-party Delivery,Desserts,,3003909176
6744,Customer6744,User6744,Female,1991-06-17,2024-02-27,7,Takeaway,Sandwiches,customer6744@example.com,3002654037
6745,Customer6745,User6745,Male,1991-11-26,2024-05-05,15,Dine-in,Pizza,customer6745@example.com,3003147673
6746,Customer6746,User6746,Male,1982-11-25,2024-03-21,2,Dine-in,Biryani,customer6746@example.com,3006440774
6747,Customer6747,User6747,Other,1984-01-09,2024-12-13,16,Website/App,Burgers,customer6747@example.com,3008602836
6748,Customer6748,User6748,Male,2004-12-26,2024-06-08,8,Dine-in,Pizza,customer6748@example.com,3006706296
6749,Customer6749,User6749,Female,1988-12-17,2024-04-11,14,Takeaway,Beverages,customer6749@example.com,3008729987
6750,Customer6750,User6750,Female,1982-11-04,2024-09-09,18,Takeaway,Rice,customer6750@example.com,3007353487
6751,Customer6751,User6751,Female,1979-02-12,2024-03-27,19,Third-party Delivery,BBQ,customer6751@example.com,3007104286
6752,Customer6752,User6752,Other,1999-02-13,2024-07-07,20,Takeaway,Burgers,customer6752@example.com,3004481136
6753,Customer6753,User6753,Male,1980-02-14,2024-09-23,17,Dine-in,Desserts,customer6753@example.com,3001052413
6754,Customer6754,User6754,Male,2002-03-28,2024-02-27,11,Website/App,Desserts,customer6754@example.com,3005410015
6755,Customer6755,User6755,Other,1975-03-26,2024-06-04,6,Dine-in,Beverages,customer6755@example.com,3004194969
6756,Customer6756,User6756,Other,1982-05-01,2024-11-03,16,Dine-in,Salads,customer6756@example.com,3006102169
6757,Customer6757,User6757,Female,1991-11-12,2024-08-14,13,Third-party Delivery,Biryani,customer6757@example.com,3006768389
6758,Customer6758,User6758,Male,1996-08-27,2024-02-04,16,Dine-in,Biryani,customer6758@example.com,3001724848
6759,Customer6759,User6759,Male,1989-06-23,2024-08-23,9,Dine-in,Desserts,customer6759@example.com,3006717428
6760,Customer6760,User6760,Female,1992-10-24,2024-03-07,1,Dine-in,Biryani,customer6760@example.com,3004102368
6761,Customer6761,User6761,Female,1981-03-08,2024-08-03,13,Third-party Delivery,BBQ,customer6761@example.com,3004825067
6762,Customer6762,User6762,Male,1982-12-26,2024-12-12,3,Third-party Delivery,Biryani,customer6762@example.com,3002097882
6763,Customer6763,User6763,Male,1974-06-05,2024-10-06,15,Dine-in,Salads,customer6763@example.com,3004562095
6764,Customer6764,User6764,Other,1973-07-26,2024-08-14,9,Takeaway,Burgers,customer6764@example.com,3002956391
6765,Customer6765,User6765,Other,1975-08-25,2024-12-28,8,Dine-in,Burgers,customer6765@example.com,3002305151
6766,Customer6766,User6766,Male,1977-01-22,2024-05-13,2,Dine-in,Pasta,customer6766@example.com,3004119548
6767,Customer6767,User6767,Other,1972-05-19,2024-06-27,13,Third-party Delivery,Beverages,customer6767@example.com,3007719344
6768,Customer6768,User6768,Other,1992-02-01,2024-04-18,20,Website/App,Rice,customer6768@example.com,3008921810
6769,Customer6769,User6769,Other,1981-03-15,2024-12-25,17,Takeaway,Salads,customer6769@example.com,3004064535
6770,Customer6770,User6770,Other,1970-03-11,2024-04-06,10,Website/App,Beverages,customer6770@example.com,3001372804
6771,Customer6771,User6771,Female,1996-10-27,2024-12-23,14,Website/App,Desserts,customer6771@example.com,3008937591
6772,Customer6772,User6772,Female,1990-05-07,2024-10-12,20,Takeaway,Beverages,customer6772@example.com,3002677947
6773,Customer6773,User6773,Female,1997-04-25,2024-02-06,10,Website/App,Rice,customer6773@example.com,3005348144
6774,Customer6774,User6774,Female,1986-10-23,2024-11-28,3,Dine-in,Sandwiches,customer6774@example.com,3001571489
6775,Customer6775,User6775,Other,2002-05-22,2024-08-18,4,Takeaway,Biryani,customer6775@example.com,3003740628
6776,Customer6776,User6776,Male,1987-11-09,2024-11-19,10,Website/App,Desserts,customer6776@example.com,3006067992
6777,Customer6777,User6777,Other,1989-09-12,2024-11-13,20,Website/App,BBQ,customer6777@example.com,3006512493
6778,Customer6778,User6778,Male,1986-03-04,2024-11-12,15,Takeaway,Salads,customer6778@example.com,3002561132
6779,Customer6779,User6779,Female,1978-07-23,2024-01-16,3,Takeaway,Rice,customer6779@example.com,3002431404
6780,Customer6780,User6780,Female,1984-09-05,2024-08-13,10,Third-party Delivery,Pizza,customer6780@example.com,3003219721
6781,Customer6781,User6781,Male,1992-06-09,2024-06-24,5,Website/App,Salads,customer6781@example.com,3002875461
6782,Customer6782,User6782,Male,1998-03-27,2024-01-27,14,Third-party Delivery,Desserts,customer6782@example.com,3004653073
6783,Customer6783,User6783,Male,1999-09-01,2024-04-28,20,Takeaway,BBQ,customer6783@example.com,3007716483
6784,Customer6784,User6784,Other,1995-03-02,2024-12-16,11,Takeaway,Salads,customer6784@example.com,3002942006
6785,Customer6785,User6785,Other,1975-11-26,2024-11-19,7,Takeaway,Beverages,customer6785@example.com,3002406850
6786,Customer6786,User6786,Other,1983-12-11,2024-01-15,8,Website/App,Beverages,customer6786@example.com,3006399648
6787,Customer6787,User6787,Female,1970-06-02,2024-07-17,4,Website/App,Pizza,customer6787@example.com,3002453668
6788,Customer6788,User6788,Female,1996-03-15,2024-09-11,13,Third-party Delivery,Biryani,customer6788@example.com,3002197870
6789,Customer6789,User6789,Female,1995-03-22,2024-08-23,6,Website/App,Rice,customer6789@example.com,3009479191
6790,Customer6790,User6790,Male,1989-05-28,2024-06-14,12,Dine-in,BBQ,customer6790@example.com,3008589873
6791,Customer6791,User6791,Female,1983-11-02,2024-02-10,9,Third-party Delivery,Rice,customer6791@example.com,3005095520
6792,Customer6792,User6792,Other,1986-06-11,2024-05-11,1,Dine-in,Biryani,customer6792@example.com,3003387063
6793,Customer6793,User6793,Male,1974-10-22,2024-09-21,17,Website/App,Beverages,customer6793@example.com,3002679942
6794,Customer6794,User6794,Male,1975-03-02,2024-06-20,8,Dine-in,Beverages,customer6794@example.com,3009730874
6795,Customer6795,User6795,Other,1984-01-19,2024-12-05,6,Takeaway,Burgers,,3003766913
6796,Customer6796,User6796,Other,1989-02-26,2024-08-14,14,Third-party Delivery,Burgers,customer6796@example.com,3007775604
6797,Customer6797,User6797,Other,1982-12-18,2024-03-18,6,Third-party Delivery,Sandwiches,customer6797@example.com,3008522343
6798,Customer6798,User6798,Female,1973-11-01,2024-11-01,20,Third-party Delivery,Desserts,customer6798@example.com,3004714191
6799,Customer6799,User6799,Female,1988-10-22,2024-07-06,12,Website/App,Salads,customer6799@example.com,3001305715
6800,Customer6800,User6800,Other,1977-03-03,2024-04-12,11,Takeaway,Burgers,customer6800@example.com,3002982480
6801,Customer6801,User6801,Male,1991-04-09,2024-11-07,14,Website/App,Sandwiches,customer6801@example.com,3008206394
6802,Customer6802,User6802,Other,1984-08-02,2024-07-16,11,Third-party Delivery,BBQ,customer6802@example.com,3005873283
6803,Customer6803,User6803,Male,1983-11-03,2024-05-17,6,Takeaway,Pizza,customer6803@example.com,3002242209
6804,Customer6804,User6804,Other,1986-06-25,2024-12-16,6,Dine-in,Pasta,customer6804@example.com,3007291101
6805,Customer6805,User6805,Female,1984-03-04,2024-07-26,18,Website/App,Pasta,customer6805@example.com,3006321914
6806,Customer6806,User6806,Male,1979-07-27,2024-10-10,12,Dine-in,Pasta,customer6806@example.com,3009772076
6807,Customer6807,User6807,Male,1995-01-15,2024-03-05,18,Website/App,Salads,customer6807@example.com,3004343740
6808,Customer6808,User6808,Other,1979-12-27,2024-09-21,18,Third-party Delivery,Sandwiches,customer6808@example.com,3009479861
6809,Customer6809,User6809,Other,2003-01-04,2024-01-13,11,Takeaway,Beverages,customer6809@example.com,3006779479
6810,Customer6810,User6810,Female,1989-12-07,2024-01-11,6,Takeaway,Sandwiches,customer6810@example.com,3002731717
6811,Customer6811,User6811,Female,1976-07-27,2024-04-21,15,Dine-in,Desserts,customer6811@example.com,3003715665
6812,Customer6812,User6812,Female,1986-12-05,2024-01-02,12,Dine-in,Biryani,customer6812@example.com,3005929186
6813,Customer6813,User6813,Male,1998-10-20,2024-04-20,15,Third-party Delivery,Beverages,customer6813@example.com,3009599988
6814,Customer6814,User6814,Male,1973-05-17,2024-06-19,4,Website/App,Salads,customer6814@example.com,3001414873
6815,Customer6815,User6815,Other,1992-05-06,2024-05-18,15,Website/App,Burgers,customer6815@example.com,3006172651
6816,Customer6816,User6816,Male,1989-08-04,2024-05-01,17,Third-party Delivery,Desserts,customer6816@example.com,3006859744
6817,Customer6817,User6817,Male,1990-12-13,2024-10-19,6,Takeaway,Salads,customer6817@example.com,3002923280
6818,Customer6818,User6818,Other,1982-08-21,2024-10-02,3,Third-party Delivery,Beverages,customer6818@example.com,3009782849
6819,Customer6819,User6819,Female,1970-05-23,2024-08-28,13,Takeaway,Rice,customer6819@example.com,3001192383
6820,Customer6820,User6820,Other,1989-08-25,2024-11-20,4,Website/App,Pizza,customer6820@example.com,3006275507
6821,Customer6821,User6821,Other,1981-09-10,2024-03-15,13,Third-party Delivery,Desserts,customer6821@example.com,3005666807
6822,Customer6822,User6822,Male,1997-06-08,2024-08-09,14,Third-party Delivery,Desserts,customer6822@example.com,3006763526
6823,Customer6823,User6823,Female,1983-11-15,2024-02-13,10,Takeaway,Sandwiches,customer6823@example.com,3002141929
6824,Customer6824,User6824,Other,1977-02-13,2024-09-12,19,Website/App,Biryani,customer6824@example.com,3006212871
6825,Customer6825,User6825,Male,2001-02-14,2024-09-16,10,Third-party Delivery,Beverages,,3003750425
6826,Customer6826,User6826,Female,1996-11-08,2024-05-24,7,Takeaway,Pasta,customer6826@example.com,3002473103
6827,Customer6827,User6827,Male,1977-02-01,2024-03-22,18,Takeaway,Pizza,customer6827@example.com,3005495195
6828,Customer6828,User6828,Other,1974-05-03,2024-01-03,3,Takeaway,Burgers,customer6828@example.com,3002370124
6829,Customer6829,User6829,Other,1999-05-15,2024-05-23,18,Dine-in,Pasta,customer6829@example.com,3008970430
6830,Customer6830,User6830,Other,1997-02-19,2024-05-05,7,Dine-in,Biryani,customer6830@example.com,3002136461
6831,Customer6831,User6831,Male,1986-06-26,2024-12-18,5,Website/App,Desserts,customer6831@example.com,3001146783
6832,Customer6832,User6832,Other,1971-12-16,2024-01-19,6,Third-party Delivery,Beverages,customer6832@example.com,3007090721
6833,Customer6833,User6833,Female,1987-12-07,2024-07-23,10,Takeaway,Pasta,customer6833@example.com,3005605541
6834,Customer6834,User6834,Male,1989-11-15,2024-01-06,13,Dine-in,Pasta,customer6834@example.com,3005902673
6835,Customer6835,User6835,Female,1995-07-20,2024-11-05,1,Third-party Delivery,Biryani,customer6835@example.com,3008702631
6836,Customer6836,User6836,Male,1978-04-23,2024-02-24,17,Third-party Delivery,Burgers,customer6836@example.com,3009535800
6837,Customer6837,User6837,Female,1985-04-27,2024-05-25,9,Website/App,Rice,customer6837@example.com,3008373029
6838,Customer6838,User6838,Female,1972-09-06,2024-10-21,1,Takeaway,Beverages,customer6838@example.com,3006405242
6839,Customer6839,User6839,Female,2002-01-05,2024-09-10,9,Dine-in,Biryani,customer6839@example.com,3008562087
6840,Customer6840,User6840,Other,1982-07-23,2024-03-22,13,Website/App,Salads,customer6840@example.com,3005967363
6841,Customer6841,User6841,Male,1988-08-20,2024-01-09,10,Third-party Delivery,Pasta,customer6841@example.com,3002374816
6842,Customer6842,User6842,Female,1985-08-21,2024-10-06,13,Dine-in,Sandwiches,customer6842@example.com,3001353414
6843,Customer6843,User6843,Other,1978-04-22,2024-09-05,1,Dine-in,Burgers,customer6843@example.com,3003890542
6844,Customer6844,User6844,Other,2000-09-01,2024-07-21,16,Takeaway,BBQ,customer6844@example.com,3008078871
6845,Customer6845,User6845,Female,1990-04-01,2024-10-05,5,Takeaway,Biryani,customer6845@example.com,3003029088
6846,Customer6846,User6846,Male,2002-09-04,2024-07-20,1,Takeaway,Pasta,customer6846@example.com,3004641570
6847,Customer6847,User6847,Male,1979-04-06,2024-08-05,8,Website/App,BBQ,customer6847@example.com,3003318385
6848,Customer6848,User6848,Female,1974-07-28,2024-01-17,7,Dine-in,BBQ,customer6848@example.com,3005547063
6849,Customer6849,User6849,Other,1980-11-06,2024-04-22,7,Takeaway,Biryani,customer6849@example.com,3009424046
6850,Customer6850,User6850,Other,1989-07-25,2024-07-04,20,Third-party Delivery,Pizza,customer6850@example.com,3001761639
6851,Customer6851,User6851,Other,1976-09-13,2024-04-05,4,Takeaway,Rice,customer6851@example.com,3008484196
6852,Customer6852,User6852,Other,1990-12-22,2024-03-03,9,Website/App,Pasta,,3006065380
6853,Customer6853,User6853,Female,1998-03-05,2024-08-01,2,Website/App,Beverages,customer6853@example.com,3009261459
6854,Customer6854,User6854,Female,1986-03-06,2024-11-11,20,Third-party Delivery,Rice,customer6854@example.com,3001534232
6855,Customer6855,User6855,Male,2001-05-17,2024-06-21,2,Takeaway,Desserts,customer6855@example.com,3005510172
6856,Customer6856,User6856,Male,1979-12-02,2024-01-13,1,Takeaway,Burgers,customer6856@example.com,3008627280
6857,Customer6857,User6857,Female,1985-07-24,2024-11-13,16,Website/App,Beverages,customer6857@example.com,3006968141
6858,Customer6858,User6858,Other,2003-08-16,2024-02-24,11,Third-party Delivery,Rice,customer6858@example.com,3004796439
6859,Customer6859,User6859,Male,1991-04-17,2024-04-16,19,Dine-in,Biryani,customer6859@example.com,3005138019
6860,Customer6860,User6860,Other,1988-11-02,2024-06-14,20,Website/App,Desserts,customer6860@example.com,3007372250
6861,Customer6861,User6861,Male,1980-08-24,2024-09-04,5,Dine-in,Desserts,customer6861@example.com,3007724555
6862,Customer6862,User6862,Male,1987-09-02,2024-10-26,20,Website/App,Biryani,customer6862@example.com,3003682613
6863,Customer6863,User6863,Female,1978-08-11,2024-07-04,15,Takeaway,Desserts,customer6863@example.com,3003537181
6864,Customer6864,User6864,Male,1975-08-28,2024-12-23,1,Dine-in,Pizza,customer6864@example.com,3008486128
6865,Customer6865,User6865,Female,1991-06-23,2024-07-15,15,Website/App,Desserts,customer6865@example.com,3005157325
6866,Customer6866,User6866,Female,1977-01-14,2024-08-23,10,Website/App,BBQ,customer6866@example.com,3009524370
6867,Customer6867,User6867,Other,1972-12-16,2024-02-23,13,Third-party Delivery,Desserts,customer6867@example.com,3009713517
6868,Customer6868,User6868,Other,2002-01-08,2024-01-26,6,Website/App,Salads,customer6868@example.com,3003274128
6869,Customer6869,User6869,Male,1970-01-18,2024-04-08,10,Dine-in,Beverages,customer6869@example.com,3009049977
6870,Customer6870,User6870,Male,1990-12-11,2024-11-01,7,Takeaway,Burgers,customer6870@example.com,3004855555
6871,Customer6871,User6871,Other,1970-04-25,2024-06-09,7,Dine-in,Rice,customer6871@example.com,3008399129
6872,Customer6872,User6872,Other,1984-02-05,2024-12-19,12,Dine-in,BBQ,customer6872@example.com,3009637916
6873,Customer6873,User6873,Other,2004-02-25,2024-10-18,16,Website/App,Salads,customer6873@example.com,3008758888
6874,Customer6874,User6874,Male,1978-12-06,2024-11-19,5,Third-party Delivery,Beverages,customer6874@example.com,3001654211
6875,Customer6875,User6875,Other,1979-09-08,2024-12-22,19,Third-party Delivery,Rice,customer6875@example.com,3002579456
6876,Customer6876,User6876,Other,1972-07-06,2024-01-09,14,Third-party Delivery,Beverages,customer6876@example.com,3007958218
6877,Customer6877,User6877,Male,1972-04-18,2024-02-28,13,Dine-in,Salads,customer6877@example.com,3005319058
6878,Customer6878,User6878,Other,1995-08-02,2024-08-21,13,Third-party Delivery,BBQ,customer6878@example.com,3005572893
6879,Customer6879,User6879,Female,1974-02-18,2024-06-03,2,Dine-in,Pasta,customer6879@example.com,3005407764
6880,Customer6880,User6880,Other,1980-08-25,2024-03-11,11,Third-party Delivery,Rice,customer6880@example.com,3001247178
6881,Customer6881,User6881,Other,1976-09-24,2024-01-17,16,Takeaway,Pasta,customer6881@example.com,3009441646
6882,Customer6882,User6882,Female,1981-04-01,2024-03-06,16,Takeaway,Desserts,customer6882@example.com,3007246692
6883,Customer6883,User6883,Male,1977-11-12,2024-03-16,5,Takeaway,Pizza,customer6883@example.com,3003022707
6884,Customer6884,User6884,Other,1987-04-10,2024-02-24,13,Third-party Delivery,Rice,customer6884@example.com,3003662318
6885,Customer6885,User6885,Female,1999-08-25,2024-06-26,19,Third-party Delivery,Biryani,customer6885@example.com,3008803483
6886,Customer6886,User6886,Female,1999-02-21,2024-10-17,9,Third-party Delivery,Burgers,customer6886@example.com,3006914609
6887,Customer6887,User6887,Male,1989-07-24,2024-06-21,15,Website/App,Burgers,customer6887@example.com,3007391873
6888,Customer6888,User6888,Other,1984-05-23,2024-11-18,14,Third-party Delivery,Pizza,customer6888@example.com,3008165540
6889,Customer6889,User6889,Other,1988-07-26,2024-03-20,5,Dine-in,Desserts,customer6889@example.com,3009057887
6890,Customer6890,User6890,Male,1994-01-11,2024-04-25,20,Dine-in,Beverages,customer6890@example.com,3002079947
6891,Customer6891,User6891,Male,1970-01-02,2024-08-28,16,Takeaway,Pizza,customer6891@example.com,3009697555
6892,Customer6892,User6892,Male,1996-04-16,2024-11-09,3,Third-party Delivery,Burgers,customer6892@example.com,3004485910
6893,Customer6893,User6893,Male,1981-06-02,2024-12-17,3,Takeaway,Rice,customer6893@example.com,3003518067
6894,Customer6894,User6894,Male,2000-05-21,2024-05-28,12,Website/App,Pasta,customer6894@example.com,3005757898
6895,Customer6895,User6895,Female,2000-03-15,2024-09-16,20,Takeaway,BBQ,customer6895@example.com,3005742756
6896,Customer6896,User6896,Female,1999-02-15,2024-05-01,14,Third-party Delivery,Beverages,customer6896@example.com,3007500931
6897,Customer6897,User6897,Female,1986-03-28,2024-01-22,13,Dine-in,Rice,customer6897@example.com,3008925295
6898,Customer6898,User6898,Female,2004-03-07,2024-08-13,3,Takeaway,Pasta,customer6898@example.com,3004427662
6899,Customer6899,User6899,Male,2004-08-17,2024-08-19,1,Dine-in,Biryani,customer6899@example.com,3009393686
6900,Customer6900,User6900,Male,1981-02-06,2024-07-07,11,Dine-in,Pasta,customer6900@example.com,3008286799
6901,Customer6901,User6901,Female,1974-01-06,2024-07-06,6,Website/App,Pizza,customer6901@example.com,3004351713
6902,Customer6902,User6902,Male,1990-07-05,2024-09-28,10,Website/App,Rice,customer6902@example.com,3009175123
6903,Customer6903,User6903,Other,1981-09-06,2024-09-09,1,Dine-in,Biryani,customer6903@example.com,3006953156
6904,Customer6904,User6904,Other,1978-01-02,2024-05-08,6,Dine-in,Salads,customer6904@example.com,3002167158
6905,Customer6905,User6905,Other,1980-09-25,2024-11-04,5,Website/App,Desserts,customer6905@example.com,3007666231
6906,Customer6906,User6906,Other,1996-07-26,2024-11-15,17,Takeaway,Burgers,customer6906@example.com,3004233765
6907,Customer6907,User6907,Male,2001-03-20,2024-12-09,2,Takeaway,Desserts,customer6907@example.com,3006877311
6908,Customer6908,User6908,Male,1983-08-14,2024-11-18,9,Dine-in,BBQ,customer6908@example.com,3002706394
6909,Customer6909,User6909,Other,1994-08-19,2024-10-28,4,Website/App,Pasta,customer6909@example.com,3002145623
6910,Customer6910,User6910,Other,1979-01-17,2024-12-09,20,Third-party Delivery,Pasta,customer6910@example.com,3005189912
6911,Customer6911,User6911,Other,1991-02-19,2024-05-02,12,Third-party Delivery,Beverages,customer6911@example.com,3005865896
6912,Customer6912,User6912,Other,1992-11-26,2024-10-28,7,Website/App,Burgers,customer6912@example.com,3002664822
6913,Customer6913,User6913,Male,1999-06-28,2024-03-18,15,Third-party Delivery,Biryani,customer6913@example.com,3003335243
6914,Customer6914,User6914,Female,2000-12-22,2024-12-11,2,Takeaway,Biryani,customer6914@example.com,3006642622
6915,Customer6915,User6915,Other,1985-12-26,2024-02-22,6,Takeaway,Desserts,customer6915@example.com,3003831022
6916,Customer6916,User6916,Female,1987-05-22,2024-10-26,12,Website/App,Burgers,customer6916@example.com,3005148556
6917,Customer6917,User6917,Other,1970-08-19,2024-06-18,5,Website/App,BBQ,customer6917@example.com,3008179741
6918,Customer6918,User6918,Female,1998-03-08,2024-10-13,15,Third-party Delivery,Beverages,customer6918@example.com,3004208838
6919,Customer6919,User6919,Other,1970-08-11,2024-02-14,7,Dine-in,Sandwiches,customer6919@example.com,3008150662
6920,Customer6920,User6920,Male,1995-08-20,2024-05-01,20,Dine-in,Desserts,customer6920@example.com,3004500144
6921,Customer6921,User6921,Female,1978-03-20,2024-12-04,16,Third-party Delivery,BBQ,customer6921@example.com,3009939046
6922,Customer6922,User6922,Male,1983-07-03,2024-05-21,12,Website/App,BBQ,customer6922@example.com,3001425783
6923,Customer6923,User6923,Other,1981-10-03,2024-10-12,13,Website/App,Burgers,customer6923@example.com,3006450867
6924,Customer6924,User6924,Other,2003-05-18,2024-05-03,9,Takeaway,Biryani,customer6924@example.com,3004756768
6925,Customer6925,User6925,Female,1995-01-23,2024-03-05,19,Takeaway,Pasta,customer6925@example.com,3002074424
6926,Customer6926,User6926,Male,2001-05-17,2024-11-13,7,Third-party Delivery,Salads,customer6926@example.com,3005071080
6927,Customer6927,User6927,Other,1972-06-18,2024-05-13,2,Third-party Delivery,Burgers,customer6927@example.com,3005410046
6928,Customer6928,User6928,Male,1991-11-23,2024-02-16,12,Takeaway,Pizza,customer6928@example.com,3008340613
6929,Customer6929,User6929,Male,1997-02-02,2024-09-22,9,Website/App,Sandwiches,customer6929@example.com,3004371915
6930,Customer6930,User6930,Other,1974-05-15,2024-11-19,13,Dine-in,Biryani,customer6930@example.com,3008077221
6931,Customer6931,User6931,Female,1973-09-18,2024-12-20,20,Third-party Delivery,Pasta,customer6931@example.com,3006620527
6932,Customer6932,User6932,Other,1990-04-16,2024-10-20,16,Dine-in,Sandwiches,customer6932@example.com,3008033863
6933,Customer6933,User6933,Other,1972-10-13,2024-06-03,4,Third-party Delivery,BBQ,customer6933@example.com,3006079225
6934,Customer6934,User6934,Other,2000-04-26,2024-03-03,16,Third-party Delivery,Beverages,customer6934@example.com,3006418044
6935,Customer6935,User6935,Female,1990-08-10,2024-08-22,15,Dine-in,Sandwiches,customer6935@example.com,3001665351
6936,Customer6936,User6936,Other,1991-12-11,2024-09-24,17,Takeaway,BBQ,customer6936@example.com,3007262088
6937,Customer6937,User6937,Female,1988-12-08,2024-03-28,15,Website/App,BBQ,customer6937@example.com,3002380776
6938,Customer6938,User6938,Male,1990-07-12,2024-03-16,15,Dine-in,Pizza,customer6938@example.com,3006776103
6939,Customer6939,User6939,Female,1980-07-13,2024-10-19,18,Dine-in,Beverages,customer6939@example.com,3001953577
6940,Customer6940,User6940,Female,1978-08-26,2024-10-05,1,Dine-in,Beverages,customer6940@example.com,3006464893
6941,Customer6941,User6941,Female,1995-04-27,2024-02-14,9,Third-party Delivery,Burgers,customer6941@example.com,3007706275
6942,Customer6942,User6942,Other,1995-11-10,2024-10-25,7,Takeaway,Rice,customer6942@example.com,3009134482
6943,Customer6943,User6943,Female,1991-12-27,2024-09-07,17,Takeaway,Rice,customer6943@example.com,3004803995
6944,Customer6944,User6944,Other,1975-05-19,2024-04-21,5,Website/App,BBQ,customer6944@example.com,3009576779
6945,Customer6945,User6945,Female,1980-09-26,2024-11-06,1,Third-party Delivery,Sandwiches,customer6945@example.com,3008294265
6946,Customer6946,User6946,Female,1983-05-16,2024-10-15,3,Dine-in,Salads,customer6946@example.com,3001356851
6947,Customer6947,User6947,Male,1979-09-03,2024-01-02,1,Takeaway,Biryani,customer6947@example.com,3008015126
6948,Customer6948,User6948,Female,1996-02-15,2024-09-01,17,Third-party Delivery,BBQ,customer6948@example.com,3006174775
6949,Customer6949,User6949,Other,1974-07-05,2024-08-23,16,Third-party Delivery,Pasta,customer6949@example.com,3001059008
6950,Customer6950,User6950,Male,1988-03-12,2024-01-25,3,Takeaway,Biryani,customer6950@example.com,3002953385
6951,Customer6951,User6951,Female,1982-06-07,2024-08-11,19,Takeaway,Desserts,customer6951@example.com,3002225261
6952,Customer6952,User6952,Other,1999-07-24,2024-07-04,13,Takeaway,BBQ,customer6952@example.com,3003286693
6953,Customer6953,User6953,Other,1982-04-17,2024-01-04,2,Third-party Delivery,Burgers,customer6953@example.com,3002939048
6954,Customer6954,User6954,Female,1999-05-10,2024-07-01,18,Takeaway,BBQ,customer6954@example.com,3007295779
6955,Customer6955,User6955,Female,1977-08-24,2024-06-01,15,Takeaway,Pizza,customer6955@example.com,3003215070
6956,Customer6956,User6956,Male,1984-02-28,2024-06-28,8,Website/App,Salads,customer6956@example.com,3009366198
6957,Customer6957,User6957,Female,1981-02-27,2024-08-10,3,Dine-in,Rice,customer6957@example.com,3008592231
6958,Customer6958,User6958,Female,1976-05-04,2024-07-09,18,Third-party Delivery,Sandwiches,customer6958@example.com,3009862650
6959,Customer6959,User6959,Other,1981-04-20,2024-12-15,7,Takeaway,Desserts,customer6959@example.com,3009878019
6960,Customer6960,User6960,Female,1972-03-26,2024-09-10,20,Third-party Delivery,Rice,,3007037153
6961,Customer6961,User6961,Female,1992-11-22,2024-01-03,5,Dine-in,Salads,customer6961@example.com,3002358013
6962,Customer6962,User6962,Female,1992-03-11,2024-04-11,19,Website/App,Rice,customer6962@example.com,3001126685
6963,Customer6963,User6963,Male,1994-06-09,2024-10-24,16,Dine-in,Pasta,customer6963@example.com,3005864862
6964,Customer6964,User6964,Female,1993-11-22,2024-10-19,4,Website/App,Pasta,customer6964@example.com,3003479919
6965,Customer6965,User6965,Male,1970-03-02,2024-11-25,7,Third-party Delivery,Burgers,customer6965@example.com,3008583984
6966,Customer6966,User6966,Male,1985-12-21,2024-07-01,10,Takeaway,Pizza,customer6966@example.com,3003368783
6967,Customer6967,User6967,Male,1970-01-10,2024-07-18,16,Third-party Delivery,Pasta,customer6967@example.com,3003420431
6968,Customer6968,User6968,Male,1972-01-17,2024-05-18,14,Website/App,BBQ,customer6968@example.com,3003941024
6969,Customer6969,User6969,Female,1991-12-14,2024-12-17,13,Takeaway,Biryani,customer6969@example.com,3003774879
6970,Customer6970,User6970,Other,1973-12-21,2024-06-26,9,Website/App,Pizza,customer6970@example.com,3008717320
6971,Customer6971,User6971,Male,1971-06-28,2024-07-16,7,Takeaway,Salads,customer6971@example.com,3004632352
6972,Customer6972,User6972,Other,1996-10-27,2024-01-15,1,Third-party Delivery,BBQ,customer6972@example.com,3009662938
6973,Customer6973,User6973,Other,2001-03-23,2024-04-11,17,Takeaway,Beverages,customer6973@example.com,3006599952
6974,Customer6974,User6974,Male,1999-06-21,2024-03-02,10,Third-party Delivery,Desserts,customer6974@example.com,3001389299
6975,Customer6975,User6975,Male,1989-09-07,2024-12-01,15,Third-party Delivery,Biryani,customer6975@example.com,3008753550
6976,Customer6976,User6976,Male,1980-06-11,2024-04-18,6,Third-party Delivery,BBQ,customer6976@example.com,3004623749
6977,Customer6977,User6977,Other,1984-03-23,2024-07-25,6,Takeaway,Pasta,customer6977@example.com,3001979480
6978,Customer6978,User6978,Female,1983-05-17,2024-04-15,8,Takeaway,Rice,customer6978@example.com,3001047648
6979,Customer6979,User6979,Male,1986-07-09,2024-07-16,12,Dine-in,Rice,customer6979@example.com,3009895786
6980,Customer6980,User6980,Male,1990-12-10,2024-02-18,11,Takeaway,Burgers,customer6980@example.com,3004558326
6981,Customer6981,User6981,Other,2001-02-28,2024-01-27,4,Dine-in,BBQ,customer6981@example.com,3005536636
6982,Customer6982,User6982,Male,1983-01-12,2024-01-19,18,Dine-in,Salads,customer6982@example.com,3005050177
6983,Customer6983,User6983,Female,1972-11-19,2024-07-23,1,Dine-in,Beverages,customer6983@example.com,3009065534
6984,Customer6984,User6984,Female,2002-05-22,2024-09-13,12,Website/App,Beverages,customer6984@example.com,3006086468
6985,Customer6985,User6985,Male,1980-06-06,2024-08-15,13,Website/App,Desserts,customer6985@example.com,3006629939
6986,Customer6986,User6986,Female,1997-05-10,2024-03-19,6,Third-party Delivery,Desserts,customer6986@example.com,3006725673
6987,Customer6987,User6987,Male,1975-10-07,2024-03-26,12,Takeaway,Sandwiches,customer6987@example.com,3008402519
6988,Customer6988,User6988,Female,1987-03-28,2024-03-25,6,Dine-in,Sandwiches,customer6988@example.com,3007465579
6989,Customer6989,User6989,Male,1992-03-07,2024-09-26,4,Website/App,Salads,customer6989@example.com,3008551041
6990,Customer6990,User6990,Male,1988-03-24,2024-01-24,8,Website/App,Desserts,customer6990@example.com,3009367470
6991,Customer6991,User6991,Female,1984-02-06,2024-05-02,10,Takeaway,Beverages,customer6991@example.com,3007429908
6992,Customer6992,User6992,Other,1983-07-05,2024-04-03,16,Website/App,Pasta,customer6992@example.com,3004423948
6993,Customer6993,User6993,Male,1999-04-21,2024-05-16,15,Third-party Delivery,Rice,customer6993@example.com,3002046824
6994,Customer6994,User6994,Other,1997-06-18,2024-06-17,5,Third-party Delivery,Sandwiches,customer6994@example.com,3006975887
6995,Customer6995,User6995,Female,1994-10-19,2024-02-12,18,Third-party Delivery,Rice,customer6995@example.com,3001478699
6996,Customer6996,User6996,Other,1985-12-16,2024-09-11,17,Dine-in,BBQ,customer6996@example.com,3006233885
6997,Customer6997,User6997,Other,1978-10-17,2024-12-07,14,Third-party Delivery,Sandwiches,customer6997@example.com,3002920308
6998,Customer6998,User6998,Other,1971-08-11,2024-01-11,13,Dine-in,Pizza,customer6998@example.com,3006824051
6999,Customer6999,User6999,Female,1993-02-02,2024-08-10,20,Dine-in,Beverages,customer6999@example.com,3009744144
7000,Customer7000,User7000,Female,1994-02-03,2024-06-18,17,Dine-in,Pizza,customer7000@example.com,3009187248
7001,Customer7001,User7001,Male,2002-08-27,2024-03-19,15,Dine-in,Pizza,customer7001@example.com,3004122380
7002,Customer7002,User7002,Female,2002-04-21,2024-02-12,13,Takeaway,BBQ,customer7002@example.com,3004122533
7003,Customer7003,User7003,Male,1994-01-12,2024-11-03,4,Third-party Delivery,Salads,customer7003@example.com,3009077553
7004,Customer7004,User7004,Female,1970-06-09,2024-04-11,5,Third-party Delivery,Beverages,customer7004@example.com,3003103489
7005,Customer7005,User7005,Other,1974-10-27,2024-05-23,15,Dine-in,Salads,customer7005@example.com,3001020606
7006,Customer7006,User7006,Other,1978-11-08,2024-03-16,4,Dine-in,Desserts,customer7006@example.com,3005134249
7007,Customer7007,User7007,Male,1991-08-12,2024-10-27,5,Dine-in,Biryani,customer7007@example.com,3005028096
7008,Customer7008,User7008,Male,1982-05-17,2024-10-19,2,Website/App,Sandwiches,customer7008@example.com,3005215639
7009,Customer7009,User7009,Male,1975-08-05,2024-02-24,2,Website/App,Sandwiches,customer7009@example.com,3004515357
7010,Customer7010,User7010,Male,1974-09-23,2024-07-25,15,Dine-in,Pizza,customer7010@example.com,3009303632
7011,Customer7011,User7011,Other,1983-06-01,2024-11-11,10,Website/App,Pasta,customer7011@example.com,3004180234
7012,Customer7012,User7012,Male,1976-04-04,2024-03-12,10,Third-party Delivery,Burgers,customer7012@example.com,3009382373
7013,Customer7013,User7013,Male,1986-02-08,2024-06-21,1,Website/App,BBQ,customer7013@example.com,3001105716
7014,Customer7014,User7014,Female,1996-05-25,2024-08-04,18,Third-party Delivery,Biryani,customer7014@example.com,3005530167
7015,Customer7015,User7015,Male,1996-09-23,2024-02-07,3,Website/App,Pasta,customer7015@example.com,3004924251
7016,Customer7016,User7016,Other,1988-09-21,2024-01-25,15,Takeaway,Burgers,customer7016@example.com,3008392752
7017,Customer7017,User7017,Other,1986-12-12,2024-11-17,9,Website/App,Beverages,customer7017@example.com,3006055305
7018,Customer7018,User7018,Male,1981-03-06,2024-08-24,16,Third-party Delivery,Burgers,customer7018@example.com,3003174799
7019,Customer7019,User7019,Male,1973-07-25,2024-07-28,16,Takeaway,Pasta,customer7019@example.com,3003966870
7020,Customer7020,User7020,Female,1982-12-24,2024-05-09,9,Website/App,Pizza,customer7020@example.com,3001641541
7021,Customer7021,User7021,Female,1998-08-10,2024-11-05,3,Dine-in,Beverages,customer7021@example.com,3004225721
7022,Customer7022,User7022,Male,1996-04-24,2024-05-10,7,Third-party Delivery,Pizza,customer7022@example.com,3001325328
7023,Customer7023,User7023,Other,2003-05-06,2024-06-15,12,Website/App,Biryani,customer7023@example.com,3004843178
7024,Customer7024,User7024,Female,1985-06-07,2024-12-09,19,Third-party Delivery,Biryani,customer7024@example.com,3006226015
7025,Customer7025,User7025,Other,1996-09-20,2024-09-27,7,Takeaway,Biryani,customer7025@example.com,3006578127
7026,Customer7026,User7026,Male,1991-01-06,2024-03-15,15,Website/App,Sandwiches,customer7026@example.com,3001122968
7027,Customer7027,User7027,Male,1984-09-09,2024-08-28,4,Takeaway,Desserts,customer7027@example.com,3001159510
7028,Customer7028,User7028,Female,2003-08-22,2024-12-16,11,Takeaway,Biryani,customer7028@example.com,3004060601
7029,Customer7029,User7029,Male,1980-12-02,2024-01-24,10,Dine-in,Biryani,customer7029@example.com,3004603687
7030,Customer7030,User7030,Other,1987-03-02,2024-04-08,18,Third-party Delivery,Rice,customer7030@example.com,3006061867
7031,Customer7031,User7031,Female,1983-06-27,2024-01-26,2,Takeaway,Pizza,customer7031@example.com,3006265904
7032,Customer7032,User7032,Other,1996-04-18,2024-04-13,13,Third-party Delivery,Salads,customer7032@example.com,3005694644
7033,Customer7033,User7033,Other,1982-07-28,2024-06-17,13,Website/App,Salads,customer7033@example.com,3002189550
7034,Customer7034,User7034,Other,2000-09-23,2024-06-28,4,Takeaway,BBQ,customer7034@example.com,3005928424
7035,Customer7035,User7035,Female,1990-04-23,2024-03-20,13,Third-party Delivery,Desserts,customer7035@example.com,3004185820
7036,Customer7036,User7036,Female,1990-10-10,2024-03-18,7,Dine-in,Beverages,customer7036@example.com,3009813842
7037,Customer7037,User7037,Other,1995-02-13,2024-07-13,8,Takeaway,BBQ,customer7037@example.com,3004099954
7038,Customer7038,User7038,Other,1972-10-03,2024-02-11,9,Dine-in,Sandwiches,customer7038@example.com,3009567253
7039,Customer7039,User7039,Male,1988-10-26,2024-08-15,1,Website/App,BBQ,customer7039@example.com,3002909524
7040,Customer7040,User7040,Male,1986-01-28,2024-07-12,9,Third-party Delivery,Sandwiches,customer7040@example.com,3006928508
7041,Customer7041,User7041,Male,1981-07-16,2024-11-21,9,Dine-in,Desserts,customer7041@example.com,3006980501
7042,Customer7042,User7042,Male,1992-02-07,2024-09-08,9,Website/App,Sandwiches,customer7042@example.com,3003755921
7043,Customer7043,User7043,Other,1983-04-10,2024-11-20,11,Third-party Delivery,Pasta,customer7043@example.com,3002821909
7044,Customer7044,User7044,Female,2004-03-05,2024-12-07,2,Website/App,Desserts,customer7044@example.com,3007729577
7045,Customer7045,User7045,Male,1991-10-14,2024-08-14,12,Third-party Delivery,Pizza,customer7045@example.com,3003814761
7046,Customer7046,User7046,Female,1983-04-25,2024-05-09,4,Website/App,Sandwiches,customer7046@example.com,3009149675
7047,Customer7047,User7047,Other,1994-10-24,2024-12-25,7,Takeaway,Pasta,customer7047@example.com,3003768361
7048,Customer7048,User7048,Other,1976-05-21,2024-10-08,16,Takeaway,Pasta,customer7048@example.com,3003676933
7049,Customer7049,User7049,Other,1973-09-08,2024-02-25,3,Third-party Delivery,Beverages,customer7049@example.com,3008076798
7050,Customer7050,User7050,Female,1986-05-25,2024-08-17,14,Third-party Delivery,Rice,customer7050@example.com,3003200421
7051,Customer7051,User7051,Male,1999-02-18,2024-02-04,13,Website/App,BBQ,customer7051@example.com,3002923357
7052,Customer7052,User7052,Other,1979-07-25,2024-10-16,3,Third-party Delivery,Burgers,customer7052@example.com,3002910968
7053,Customer7053,User7053,Female,1984-12-19,2024-09-22,15,Website/App,Burgers,customer7053@example.com,3006884460
7054,Customer7054,User7054,Female,1974-10-03,2024-10-26,19,Website/App,Salads,customer7054@example.com,3009962505
7055,Customer7055,User7055,Other,1990-11-26,2024-02-28,4,Third-party Delivery,BBQ,customer7055@example.com,3003829896
7056,Customer7056,User7056,Female,1975-05-05,2024-03-15,10,Dine-in,BBQ,customer7056@example.com,3007004136
7057,Customer7057,User7057,Male,1980-03-17,2024-11-11,17,Takeaway,Desserts,customer7057@example.com,3001502532
7058,Customer7058,User7058,Other,1977-01-24,2024-04-12,15,Website/App,Rice,customer7058@example.com,3002465046
7059,Customer7059,User7059,Other,1977-01-01,2024-05-21,19,Takeaway,BBQ,customer7059@example.com,3007744743
7060,Customer7060,User7060,Male,1977-03-18,2024-11-12,9,Third-party Delivery,Biryani,customer7060@example.com,3007716725
7061,Customer7061,User7061,Male,1976-11-11,2024-01-17,3,Dine-in,Beverages,customer7061@example.com,3008295010
7062,Customer7062,User7062,Female,1998-01-09,2024-11-25,5,Website/App,Desserts,customer7062@example.com,3001309606
7063,Customer7063,User7063,Male,1990-05-22,2024-01-27,13,Website/App,Biryani,customer7063@example.com,3009862399
7064,Customer7064,User7064,Male,1984-06-19,2024-09-09,18,Third-party Delivery,Sandwiches,customer7064@example.com,3002320311
7065,Customer7065,User7065,Other,1996-05-25,2024-09-23,10,Dine-in,Biryani,customer7065@example.com,3002350212
7066,Customer7066,User7066,Male,1985-05-19,2024-07-02,12,Takeaway,Desserts,customer7066@example.com,3001710495
7067,Customer7067,User7067,Other,1995-03-15,2024-03-08,11,Takeaway,Sandwiches,customer7067@example.com,3005535937
7068,Customer7068,User7068,Other,1983-07-03,2024-02-08,17,Third-party Delivery,Burgers,customer7068@example.com,3006374140
7069,Customer7069,User7069,Female,1976-07-06,2024-10-17,9,Third-party Delivery,Pasta,customer7069@example.com,3006072618
7070,Customer7070,User7070,Other,2001-01-24,2024-01-19,14,Website/App,Sandwiches,customer7070@example.com,3002977370
7071,Customer7071,User7071,Female,1994-10-20,2024-05-17,8,Website/App,Sandwiches,customer7071@example.com,3001740603
7072,Customer7072,User7072,Male,1997-07-17,2024-06-18,14,Third-party Delivery,Desserts,customer7072@example.com,3009836828
7073,Customer7073,User7073,Other,1991-04-24,2024-03-10,20,Third-party Delivery,Pasta,customer7073@example.com,3004613364
7074,Customer7074,User7074,Other,1983-01-08,2024-11-13,3,Takeaway,Biryani,customer7074@example.com,3007343003
7075,Customer7075,User7075,Other,1971-04-26,2024-09-23,13,Dine-in,Pasta,customer7075@example.com,3008354796
7076,Customer7076,User7076,Other,1988-03-28,2024-12-07,13,Takeaway,Desserts,customer7076@example.com,3009799363
7077,Customer7077,User7077,Male,1983-08-03,2024-08-03,18,Third-party Delivery,Pasta,customer7077@example.com,3001358087
7078,Customer7078,User7078,Female,1988-07-26,2024-02-23,5,Dine-in,BBQ,customer7078@example.com,3007942125
7079,Customer7079,User7079,Female,1989-06-13,2024-06-14,13,Takeaway,Sandwiches,customer7079@example.com,3004519215
7080,Customer7080,User7080,Female,1982-12-18,2024-11-25,4,Takeaway,Salads,customer7080@example.com,3003398468
7081,Customer7081,User7081,Other,1978-03-07,2024-01-10,6,Dine-in,Burgers,customer7081@example.com,3004873995
7082,Customer7082,User7082,Female,1981-01-10,2024-11-18,15,Takeaway,Desserts,customer7082@example.com,3001770938
7083,Customer7083,User7083,Male,1981-04-07,2024-06-25,15,Takeaway,Desserts,customer7083@example.com,3008904597
7084,Customer7084,User7084,Other,1992-10-01,2024-02-06,20,Takeaway,Salads,customer7084@example.com,3003177444
7085,Customer7085,User7085,Other,1979-01-03,2024-04-07,15,Dine-in,BBQ,customer7085@example.com,3006387138
7086,Customer7086,User7086,Female,1987-12-01,2024-11-18,11,Dine-in,Desserts,customer7086@example.com,3005977821
7087,Customer7087,User7087,Other,1975-02-08,2024-10-05,18,Takeaway,Rice,customer7087@example.com,3007903583
7088,Customer7088,User7088,Other,1997-12-10,2024-10-08,18,Takeaway,Sandwiches,customer7088@example.com,3004762524
7089,Customer7089,User7089,Male,1985-09-01,2024-12-01,7,Takeaway,Beverages,customer7089@example.com,3004316940
7090,Customer7090,User7090,Male,1997-12-15,2024-12-25,7,Third-party Delivery,Pizza,customer7090@example.com,3006019335
7091,Customer7091,User7091,Other,1973-05-16,2024-11-14,3,Website/App,Pasta,customer7091@example.com,3008056599
7092,Customer7092,User7092,Male,1990-09-04,2024-09-04,3,Dine-in,Sandwiches,customer7092@example.com,3005839507
7093,Customer7093,User7093,Other,1979-10-06,2024-03-08,3,Third-party Delivery,Beverages,customer7093@example.com,3006753714
7094,Customer7094,User7094,Other,2003-10-07,2024-11-21,5,Dine-in,Pizza,customer7094@example.com,3001650391
7095,Customer7095,User7095,Other,2003-12-03,2024-01-16,6,Takeaway,Biryani,customer7095@example.com,3003376832
7096,Customer7096,User7096,Other,2001-05-24,2024-08-17,8,Dine-in,Pizza,customer7096@example.com,3006183858
7097,Customer7097,User7097,Female,1977-01-17,2024-09-07,10,Website/App,BBQ,customer7097@example.com,3003541254
7098,Customer7098,User7098,Female,1985-08-10,2024-03-09,20,Website/App,Pizza,customer7098@example.com,3009320312
7099,Customer7099,User7099,Other,1991-09-09,2024-08-24,16,Dine-in,Biryani,customer7099@example.com,3004609527
7100,Customer7100,User7100,Other,1978-09-22,2024-11-07,3,Dine-in,Salads,customer7100@example.com,3002103152
7101,Customer7101,User7101,Female,1998-02-20,2024-02-01,10,Takeaway,Salads,customer7101@example.com,3008459747
7102,Customer7102,User7102,Other,1981-04-10,2024-02-01,5,Website/App,Biryani,customer7102@example.com,3006841779
7103,Customer7103,User7103,Male,1990-10-22,2024-07-07,4,Dine-in,Sandwiches,customer7103@example.com,3003645235
7104,Customer7104,User7104,Female,1988-05-03,2024-09-15,15,Third-party Delivery,Beverages,customer7104@example.com,3007962906
7105,Customer7105,User7105,Male,2000-07-21,2024-09-15,6,Third-party Delivery,Biryani,customer7105@example.com,3001332910
7106,Customer7106,User7106,Female,1980-10-16,2024-06-26,18,Dine-in,Burgers,customer7106@example.com,3002568468
7107,Customer7107,User7107,Other,1989-02-02,2024-12-01,17,Takeaway,Pasta,customer7107@example.com,3004003006
7108,Customer7108,User7108,Male,1973-07-12,2024-02-04,16,Third-party Delivery,Beverages,customer7108@example.com,3003702047
7109,Customer7109,User7109,Female,1977-06-05,2024-09-17,1,Dine-in,BBQ,customer7109@example.com,3007988540
7110,Customer7110,User7110,Male,1993-05-14,2024-10-01,12,Dine-in,Beverages,customer7110@example.com,3006042717
7111,Customer7111,User7111,Other,1991-11-03,2024-08-24,1,Website/App,Biryani,customer7111@example.com,3001833770
7112,Customer7112,User7112,Female,2000-04-27,2024-01-17,15,Third-party Delivery,Pasta,customer7112@example.com,3003128658
7113,Customer7113,User7113,Female,1984-03-06,2024-12-17,9,Website/App,Pizza,customer7113@example.com,3004907940
7114,Customer7114,User7114,Male,1982-06-18,2024-11-02,6,Dine-in,Burgers,customer7114@example.com,3004620602
7115,Customer7115,User7115,Female,2000-01-01,2024-03-08,7,Website/App,Beverages,customer7115@example.com,3003338676
7116,Customer7116,User7116,Male,1991-01-14,2024-03-15,10,Dine-in,Pasta,customer7116@example.com,3008941687
7117,Customer7117,User7117,Male,2002-09-07,2024-03-17,13,Dine-in,BBQ,customer7117@example.com,3002606160
7118,Customer7118,User7118,Female,1976-05-08,2024-06-27,9,Takeaway,BBQ,,3002884108
7119,Customer7119,User7119,Other,2002-10-05,2024-05-27,12,Website/App,Desserts,customer7119@example.com,3005804186
7120,Customer7120,User7120,Other,1996-11-10,2024-12-08,7,Takeaway,Burgers,customer7120@example.com,3005567227
7121,Customer7121,User7121,Male,1983-01-22,2024-11-27,11,Dine-in,Beverages,customer7121@example.com,3002984618
7122,Customer7122,User7122,Female,2002-06-08,2024-06-01,14,Takeaway,Salads,customer7122@example.com,3003550124
7123,Customer7123,User7123,Female,2004-11-02,2024-12-24,20,Website/App,Salads,customer7123@example.com,3002057140
7124,Customer7124,User7124,Other,1986-04-15,2024-04-08,7,Dine-in,Biryani,customer7124@example.com,3004434029
7125,Customer7125,User7125,Other,2003-07-24,2024-06-11,13,Website/App,Burgers,customer7125@example.com,3003622793
7126,Customer7126,User7126,Male,1970-11-18,2024-01-12,7,Website/App,Desserts,customer7126@example.com,3003566569
7127,Customer7127,User7127,Female,1993-02-07,2024-03-25,9,Third-party Delivery,Pasta,customer7127@example.com,3002275337
7128,Customer7128,User7128,Other,1982-11-12,2024-10-04,9,Third-party Delivery,Pizza,customer7128@example.com,3003805851
7129,Customer7129,User7129,Male,1977-12-09,2024-01-24,15,Takeaway,BBQ,customer7129@example.com,3001305774
7130,Customer7130,User7130,Male,1998-08-26,2024-02-26,14,Dine-in,Pizza,customer7130@example.com,3001523016
7131,Customer7131,User7131,Other,1984-02-28,2024-08-26,8,Website/App,Salads,customer7131@example.com,3008221154
7132,Customer7132,User7132,Male,1981-02-12,2024-06-08,8,Third-party Delivery,Pasta,customer7132@example.com,3004389700
7133,Customer7133,User7133,Male,2001-06-05,2024-09-13,4,Takeaway,Biryani,customer7133@example.com,3005284463
7134,Customer7134,User7134,Male,1973-01-05,2024-06-19,7,Third-party Delivery,Pasta,customer7134@example.com,3002403104
7135,Customer7135,User7135,Other,1984-06-02,2024-11-02,6,Takeaway,Beverages,customer7135@example.com,3008934731
7136,Customer7136,User7136,Other,1987-01-22,2024-09-19,16,Website/App,Desserts,customer7136@example.com,3009670489
7137,Customer7137,User7137,Other,1986-03-08,2024-06-03,18,Dine-in,Biryani,customer7137@example.com,3008278271
7138,Customer7138,User7138,Female,1981-02-21,2024-05-19,5,Website/App,Pizza,customer7138@example.com,3007503782
7139,Customer7139,User7139,Other,1984-12-09,2024-05-16,15,Takeaway,Desserts,customer7139@example.com,3007980598
7140,Customer7140,User7140,Other,1982-10-22,2024-03-01,12,Website/App,Pizza,customer7140@example.com,3007154382
7141,Customer7141,User7141,Other,1999-01-26,2024-05-27,12,Takeaway,Rice,customer7141@example.com,3001186363
7142,Customer7142,User7142,Female,1984-05-20,2024-05-18,4,Website/App,Salads,customer7142@example.com,3009581801
7143,Customer7143,User7143,Male,1994-09-16,2024-05-10,8,Takeaway,Desserts,customer7143@example.com,3004460628
7144,Customer7144,User7144,Male,1986-11-01,2024-03-20,1,Takeaway,Burgers,customer7144@example.com,3001849794
7145,Customer7145,User7145,Other,1976-11-26,2024-01-08,20,Dine-in,Pizza,customer7145@example.com,3002948884
7146,Customer7146,User7146,Other,1989-01-16,2024-06-12,19,Third-party Delivery,Beverages,customer7146@example.com,3008330694
7147,Customer7147,User7147,Male,1974-07-07,2024-05-17,10,Website/App,Rice,customer7147@example.com,3001995740
7148,Customer7148,User7148,Female,1983-05-09,2024-11-16,11,Website/App,Burgers,customer7148@example.com,3009636545
7149,Customer7149,User7149,Male,1984-09-05,2024-09-21,18,Dine-in,Sandwiches,customer7149@example.com,3002345254
7150,Customer7150,User7150,Male,1999-11-03,2024-10-11,17,Dine-in,Desserts,customer7150@example.com,3004787208
7151,Customer7151,User7151,Male,2001-02-10,2024-07-08,12,Website/App,BBQ,customer7151@example.com,3003390714
7152,Customer7152,User7152,Other,1989-07-27,2024-09-27,14,Takeaway,Beverages,customer7152@example.com,3008447499
7153,Customer7153,User7153,Male,1973-04-28,2024-03-07,17,Takeaway,Biryani,customer7153@example.com,3003127578
7154,Customer7154,User7154,Female,1973-05-20,2024-05-08,5,Third-party Delivery,BBQ,customer7154@example.com,3001476678
7155,Customer7155,User7155,Male,1994-06-11,2024-09-11,20,Takeaway,BBQ,customer7155@example.com,3007152313
7156,Customer7156,User7156,Other,1973-03-08,2024-12-24,8,Dine-in,Burgers,customer7156@example.com,3009518262
7157,Customer7157,User7157,Male,2002-06-21,2024-05-24,18,Dine-in,Pasta,customer7157@example.com,3002558797
7158,Customer7158,User7158,Female,1985-11-17,2024-09-23,6,Third-party Delivery,Rice,customer7158@example.com,3009188536
7159,Customer7159,User7159,Other,1987-10-02,2024-10-19,9,Website/App,Desserts,customer7159@example.com,3002528939
7160,Customer7160,User7160,Other,1974-12-07,2024-03-10,2,Third-party Delivery,Biryani,customer7160@example.com,3002202799
7161,Customer7161,User7161,Other,1988-07-04,2024-04-07,12,Website/App,Desserts,customer7161@example.com,3004173164
7162,Customer7162,User7162,Other,1985-08-02,2024-03-28,11,Website/App,Pasta,customer7162@example.com,3007555499
7163,Customer7163,User7163,Male,1988-11-18,2024-02-09,4,Website/App,Desserts,customer7163@example.com,3008623790
7164,Customer7164,User7164,Other,1977-09-02,2024-12-15,9,Takeaway,Biryani,customer7164@example.com,3004162498
7165,Customer7165,User7165,Other,1997-07-12,2024-03-18,12,Dine-in,BBQ,customer7165@example.com,3002784021
7166,Customer7166,User7166,Other,1970-09-25,2024-03-25,15,Website/App,Pasta,customer7166@example.com,3008593694
7167,Customer7167,User7167,Female,1993-07-12,2024-10-21,20,Takeaway,Pasta,customer7167@example.com,3001298621
7168,Customer7168,User7168,Female,1997-04-08,2024-08-27,8,Third-party Delivery,BBQ,customer7168@example.com,3004375598
7169,Customer7169,User7169,Female,1984-08-04,2024-03-04,10,Third-party Delivery,Rice,customer7169@example.com,3001889811
7170,Customer7170,User7170,Female,1973-11-28,2024-01-20,11,Takeaway,Burgers,customer7170@example.com,3005317147
7171,Customer7171,User7171,Male,2004-07-07,2024-03-08,3,Dine-in,Biryani,customer7171@example.com,3007771181
7172,Customer7172,User7172,Female,1990-08-10,2024-08-09,10,Takeaway,Sandwiches,customer7172@example.com,3007601188
7173,Customer7173,User7173,Female,1984-06-05,2024-02-13,1,Takeaway,BBQ,customer7173@example.com,3001774753
7174,Customer7174,User7174,Male,2002-10-15,2024-05-25,1,Takeaway,Salads,customer7174@example.com,3004414674
7175,Customer7175,User7175,Female,1995-05-16,2024-10-07,12,Takeaway,Salads,customer7175@example.com,3006636552
7176,Customer7176,User7176,Female,1980-02-24,2024-06-10,5,Third-party Delivery,Biryani,customer7176@example.com,3007940318
7177,Customer7177,User7177,Female,1975-09-18,2024-10-27,6,Third-party Delivery,Desserts,customer7177@example.com,3002032008
7178,Customer7178,User7178,Male,1983-07-03,2024-10-03,14,Third-party Delivery,Desserts,customer7178@example.com,3004670582
7179,Customer7179,User7179,Male,1979-02-23,2024-12-21,15,Third-party Delivery,Pasta,customer7179@example.com,3005646615
7180,Customer7180,User7180,Male,1989-05-16,2024-08-24,6,Dine-in,BBQ,customer7180@example.com,3006731625
7181,Customer7181,User7181,Male,1984-08-24,2024-07-19,15,Dine-in,Sandwiches,customer7181@example.com,3003309164
7182,Customer7182,User7182,Female,1995-03-26,2024-05-08,19,Third-party Delivery,Burgers,customer7182@example.com,3007726120
7183,Customer7183,User7183,Male,1972-01-15,2024-10-17,6,Takeaway,Rice,customer7183@example.com,3002278892
7184,Customer7184,User7184,Female,2002-08-25,2024-04-22,12,Third-party Delivery,Rice,customer7184@example.com,3004105596
7185,Customer7185,User7185,Male,1976-09-15,2024-09-25,4,Third-party Delivery,Biryani,customer7185@example.com,3007427196
7186,Customer7186,User7186,Other,2003-08-15,2024-04-11,4,Dine-in,Pasta,customer7186@example.com,3008755463
7187,Customer7187,User7187,Male,1989-05-25,2024-07-17,11,Dine-in,Burgers,,3005935191
7188,Customer7188,User7188,Female,1986-08-25,2024-11-25,19,Takeaway,Salads,customer7188@example.com,3004927365
7189,Customer7189,User7189,Other,1995-11-04,2024-07-28,14,Takeaway,Salads,customer7189@example.com,3001680704
7190,Customer7190,User7190,Other,1998-10-05,2024-10-13,18,Third-party Delivery,Rice,customer7190@example.com,3008161806
7191,Customer7191,User7191,Other,2001-08-27,2024-07-08,20,Third-party Delivery,Sandwiches,customer7191@example.com,3004863778
7192,Customer7192,User7192,Female,1978-08-08,2024-07-01,1,Third-party Delivery,Pasta,customer7192@example.com,3007170418
7193,Customer7193,User7193,Male,1986-01-21,2024-09-09,4,Takeaway,Beverages,customer7193@example.com,3004882834
7194,Customer7194,User7194,Other,1973-02-03,2024-08-11,5,Takeaway,Burgers,customer7194@example.com,3008870858
7195,Customer7195,User7195,Other,1970-08-16,2024-11-19,17,Third-party Delivery,Pizza,customer7195@example.com,3009665254
7196,Customer7196,User7196,Male,1993-07-23,2024-02-14,14,Website/App,Burgers,customer7196@example.com,3003870511
7197,Customer7197,User7197,Other,1970-03-18,2024-01-05,6,Takeaway,BBQ,customer7197@example.com,3005935572
7198,Customer7198,User7198,Female,1997-02-23,2024-07-11,3,Third-party Delivery,Pasta,customer7198@example.com,3008262829
7199,Customer7199,User7199,Female,1996-03-28,2024-07-12,16,Dine-in,BBQ,customer7199@example.com,3004664018
7200,Customer7200,User7200,Other,2003-04-07,2024-10-06,7,Website/App,Burgers,customer7200@example.com,3002986535
7201,Customer7201,User7201,Male,1995-10-03,2024-08-13,9,Website/App,Desserts,customer7201@example.com,3008455871
7202,Customer7202,User7202,Female,1980-08-07,2024-06-19,18,Website/App,Burgers,customer7202@example.com,3008667453
7203,Customer7203,User7203,Male,1990-05-15,2024-03-02,20,Takeaway,Sandwiches,customer7203@example.com,3005494255
7204,Customer7204,User7204,Female,1990-03-19,2024-07-15,20,Website/App,Desserts,customer7204@example.com,3002858478
7205,Customer7205,User7205,Other,1974-12-14,2024-07-18,2,Third-party Delivery,Rice,customer7205@example.com,3002920993
7206,Customer7206,User7206,Other,1972-01-03,2024-08-19,16,Third-party Delivery,Sandwiches,customer7206@example.com,3007427336
7207,Customer7207,User7207,Other,1972-01-06,2024-03-01,1,Takeaway,Sandwiches,customer7207@example.com,3006166638
7208,Customer7208,User7208,Male,1983-09-06,2024-03-08,11,Website/App,Biryani,customer7208@example.com,3003365754
7209,Customer7209,User7209,Male,1989-02-06,2024-05-11,13,Takeaway,Pizza,customer7209@example.com,3003480833
7210,Customer7210,User7210,Other,1971-03-12,2024-05-27,1,Website/App,Pizza,customer7210@example.com,3002337494
7211,Customer7211,User7211,Male,1995-06-09,2024-06-06,11,Website/App,Pizza,customer7211@example.com,3008459906
7212,Customer7212,User7212,Female,1990-07-23,2024-10-18,8,Third-party Delivery,BBQ,customer7212@example.com,3006428734
7213,Customer7213,User7213,Male,1981-07-05,2024-09-20,16,Website/App,Desserts,customer7213@example.com,3003560348
7214,Customer7214,User7214,Male,1982-12-04,2024-05-23,7,Dine-in,Sandwiches,customer7214@example.com,3002697154
7215,Customer7215,User7215,Female,1985-03-17,2024-09-12,17,Website/App,Desserts,customer7215@example.com,3001655852
7216,Customer7216,User7216,Other,1971-07-20,2024-10-24,18,Dine-in,Beverages,customer7216@example.com,3003157474
7217,Customer7217,User7217,Male,2000-02-02,2024-05-10,19,Dine-in,Desserts,customer7217@example.com,3002613397
7218,Customer7218,User7218,Other,1976-04-22,2024-07-09,14,Dine-in,Sandwiches,customer7218@example.com,3009934326
7219,Customer7219,User7219,Other,1999-09-11,2024-09-01,7,Dine-in,Biryani,customer7219@example.com,3008727693
7220,Customer7220,User7220,Female,1972-06-07,2024-11-18,16,Website/App,Pizza,customer7220@example.com,3009507120
7221,Customer7221,User7221,Other,1991-04-24,2024-05-06,19,Third-party Delivery,Burgers,customer7221@example.com,3004856853
7222,Customer7222,User7222,Other,1999-12-25,2024-08-07,8,Dine-in,Burgers,customer7222@example.com,3005241058
7223,Customer7223,User7223,Male,1986-11-27,2024-04-06,14,Website/App,BBQ,customer7223@example.com,3003066440
7224,Customer7224,User7224,Male,1986-03-07,2024-03-01,2,Third-party Delivery,Pasta,customer7224@example.com,3007293912
7225,Customer7225,User7225,Male,1982-04-09,2024-09-16,17,Dine-in,Salads,customer7225@example.com,3004842459
7226,Customer7226,User7226,Female,1980-02-03,2024-05-15,10,Third-party Delivery,Desserts,customer7226@example.com,3006282227
7227,Customer7227,User7227,Female,1984-03-23,2024-06-03,9,Dine-in,Pasta,customer7227@example.com,3008042351
7228,Customer7228,User7228,Male,1999-04-28,2024-02-06,9,Takeaway,Biryani,customer7228@example.com,3002942852
7229,Customer7229,User7229,Other,1999-10-05,2024-05-16,13,Dine-in,Desserts,customer7229@example.com,3005594899
7230,Customer7230,User7230,Male,1984-06-21,2024-12-07,2,Dine-in,Pasta,customer7230@example.com,3007435201
7231,Customer7231,User7231,Other,1987-02-28,2024-08-05,16,Takeaway,BBQ,customer7231@example.com,3001935698
7232,Customer7232,User7232,Female,2001-06-09,2024-02-08,6,Third-party Delivery,Rice,customer7232@example.com,3001093743
7233,Customer7233,User7233,Other,1976-06-02,2024-09-21,19,Takeaway,Biryani,customer7233@example.com,3009462187
7234,Customer7234,User7234,Male,1972-10-05,2024-03-03,8,Takeaway,Desserts,customer7234@example.com,3001512246
7235,Customer7235,User7235,Female,1990-12-02,2024-04-21,17,Third-party Delivery,Burgers,customer7235@example.com,3009325415
7236,Customer7236,User7236,Male,1989-04-02,2024-07-05,17,Third-party Delivery,Rice,customer7236@example.com,3005603536
7237,Customer7237,User7237,Female,1977-03-19,2024-06-27,4,Third-party Delivery,Biryani,customer7237@example.com,3006635504
7238,Customer7238,User7238,Female,2004-07-16,2024-10-24,8,Dine-in,Sandwiches,customer7238@example.com,3001664488
7239,Customer7239,User7239,Other,1979-08-17,2024-07-07,10,Third-party Delivery,Sandwiches,customer7239@example.com,3007066344
7240,Customer7240,User7240,Other,1995-12-04,2024-03-17,2,Third-party Delivery,Salads,customer7240@example.com,3006848616
7241,Customer7241,User7241,Female,1980-02-04,2024-01-23,20,Website/App,Rice,customer7241@example.com,3002326806
7242,Customer7242,User7242,Female,1977-06-13,2024-07-16,18,Website/App,Salads,customer7242@example.com,3008442935
7243,Customer7243,User7243,Male,1983-05-03,2024-02-27,5,Takeaway,Beverages,customer7243@example.com,3009718551
7244,Customer7244,User7244,Male,1970-05-06,2024-04-18,11,Takeaway,BBQ,customer7244@example.com,3008565949
7245,Customer7245,User7245,Other,1995-06-23,2024-06-10,12,Dine-in,Beverages,customer7245@example.com,3006428033
7246,Customer7246,User7246,Female,1986-09-17,2024-06-20,17,Dine-in,Sandwiches,customer7246@example.com,3001843910
7247,Customer7247,User7247,Female,1985-10-26,2024-09-16,17,Website/App,Salads,customer7247@example.com,3006109075
7248,Customer7248,User7248,Female,1970-07-02,2024-03-26,13,Dine-in,Salads,customer7248@example.com,3007136916
7249,Customer7249,User7249,Other,1989-01-12,2024-11-21,5,Dine-in,Salads,customer7249@example.com,3009831121
7250,Customer7250,User7250,Other,1971-03-01,2024-08-15,16,Takeaway,Burgers,customer7250@example.com,3009944668
7251,Customer7251,User7251,Other,1975-06-08,2024-01-06,19,Takeaway,Rice,customer7251@example.com,3004403087
7252,Customer7252,User7252,Female,1999-08-02,2024-06-05,19,Third-party Delivery,Salads,customer7252@example.com,3003293630
7253,Customer7253,User7253,Female,1984-09-10,2024-02-23,5,Third-party Delivery,Salads,customer7253@example.com,3002744116
7254,Customer7254,User7254,Male,1979-06-08,2024-04-05,12,Website/App,Burgers,customer7254@example.com,3006097419
7255,Customer7255,User7255,Male,1997-03-16,2024-05-06,5,Dine-in,Biryani,customer7255@example.com,3002880387
7256,Customer7256,User7256,Male,1990-05-21,2024-05-10,17,Website/App,Burgers,customer7256@example.com,3003444740
7257,Customer7257,User7257,Other,1989-07-23,2024-02-01,3,Third-party Delivery,Beverages,customer7257@example.com,3002570519
7258,Customer7258,User7258,Male,2001-02-08,2024-08-16,19,Third-party Delivery,Rice,customer7258@example.com,3001248043
7259,Customer7259,User7259,Other,1991-02-23,2024-05-21,13,Dine-in,Desserts,customer7259@example.com,3004192687
7260,Customer7260,User7260,Female,1981-01-10,2024-01-08,6,Website/App,Burgers,customer7260@example.com,3005761074
7261,Customer7261,User7261,Female,1971-02-06,2024-02-15,18,Website/App,Sandwiches,customer7261@example.com,3004443319
7262,Customer7262,User7262,Other,1989-04-13,2024-02-09,11,Website/App,Burgers,customer7262@example.com,3002422486
7263,Customer7263,User7263,Male,1971-05-08,2024-02-06,17,Third-party Delivery,Beverages,customer7263@example.com,3008127697
7264,Customer7264,User7264,Female,1999-08-12,2024-07-10,13,Takeaway,Sandwiches,customer7264@example.com,3005061399
7265,Customer7265,User7265,Male,1979-01-19,2024-05-17,4,Third-party Delivery,Beverages,customer7265@example.com,3006950337
7266,Customer7266,User7266,Male,1975-10-19,2024-11-20,1,Third-party Delivery,Burgers,customer7266@example.com,3002128128
7267,Customer7267,User7267,Female,1994-02-17,2024-08-02,6,Third-party Delivery,Rice,customer7267@example.com,3003170953
7268,Customer7268,User7268,Female,1994-08-18,2024-04-03,10,Third-party Delivery,BBQ,customer7268@example.com,3003645608
7269,Customer7269,User7269,Female,1971-09-26,2024-09-24,6,Takeaway,Biryani,customer7269@example.com,3005442735
7270,Customer7270,User7270,Other,1982-10-14,2024-10-14,10,Third-party Delivery,Desserts,customer7270@example.com,3004573004
7271,Customer7271,User7271,Male,1985-08-06,2024-05-28,19,Takeaway,Salads,customer7271@example.com,3003779883
7272,Customer7272,User7272,Other,1975-04-08,2024-03-10,1,Third-party Delivery,Pizza,customer7272@example.com,3009674131
7273,Customer7273,User7273,Female,1988-07-01,2024-06-13,19,Takeaway,Desserts,customer7273@example.com,3005232747
7274,Customer7274,User7274,Female,1971-06-24,2024-12-14,20,Website/App,Beverages,customer7274@example.com,3003817144
7275,Customer7275,User7275,Female,1975-07-24,2024-10-04,7,Website/App,Rice,customer7275@example.com,3009763336
7276,Customer7276,User7276,Other,1974-03-25,2024-06-18,2,Takeaway,Pasta,customer7276@example.com,3007575459
7277,Customer7277,User7277,Male,1975-10-15,2024-05-16,14,Dine-in,BBQ,customer7277@example.com,3005983850
7278,Customer7278,User7278,Male,1989-03-09,2024-02-10,5,Third-party Delivery,Pasta,customer7278@example.com,3007294914
7279,Customer7279,User7279,Male,1997-02-28,2024-07-02,9,Third-party Delivery,BBQ,customer7279@example.com,3005131826
7280,Customer7280,User7280,Male,1971-08-06,2024-05-15,13,Third-party Delivery,Burgers,customer7280@example.com,3006988383
7281,Customer7281,User7281,Other,1983-02-27,2024-04-20,16,Takeaway,Desserts,customer7281@example.com,3005763025
7282,Customer7282,User7282,Female,1994-07-26,2024-12-20,8,Third-party Delivery,Desserts,customer7282@example.com,3009078434
7283,Customer7283,User7283,Male,1989-12-06,2024-05-06,16,Website/App,Pizza,customer7283@example.com,3003955533
7284,Customer7284,User7284,Other,2001-11-14,2024-02-05,17,Takeaway,Sandwiches,customer7284@example.com,3002771847
7285,Customer7285,User7285,Male,1987-12-19,2024-10-28,18,Third-party Delivery,Desserts,customer7285@example.com,3005807828
7286,Customer7286,User7286,Other,2002-02-19,2024-05-23,2,Third-party Delivery,Beverages,customer7286@example.com,3003043098
7287,Customer7287,User7287,Male,1999-06-13,2024-02-24,1,Website/App,Burgers,customer7287@example.com,3008136853
7288,Customer7288,User7288,Female,1982-03-11,2024-09-13,17,Website/App,Beverages,customer7288@example.com,3002203321
7289,Customer7289,User7289,Male,1994-03-09,2024-08-03,13,Website/App,Sandwiches,customer7289@example.com,3004258658
7290,Customer7290,User7290,Other,2004-12-14,2024-06-03,6,Dine-in,Pasta,customer7290@example.com,3005409651
7291,Customer7291,User7291,Male,1992-03-17,2024-01-24,16,Third-party Delivery,BBQ,customer7291@example.com,3008794203
7292,Customer7292,User7292,Female,1970-02-14,2024-10-13,5,Dine-in,Biryani,customer7292@example.com,3005016438
7293,Customer7293,User7293,Male,1994-03-16,2024-01-13,12,Takeaway,Beverages,customer7293@example.com,3002210599
7294,Customer7294,User7294,Male,2000-09-19,2024-06-13,5,Takeaway,Pasta,customer7294@example.com,3005942974
7295,Customer7295,User7295,Male,1993-11-03,2024-03-19,1,Website/App,Pasta,customer7295@example.com,3007972504
7296,Customer7296,User7296,Male,1992-10-12,2024-03-10,2,Website/App,Burgers,customer7296@example.com,3001959194
7297,Customer7297,User7297,Female,1990-02-24,2024-01-24,13,Third-party Delivery,Sandwiches,customer7297@example.com,3001212780
7298,Customer7298,User7298,Female,2002-01-19,2024-06-19,6,Website/App,Rice,customer7298@example.com,3009454062
7299,Customer7299,User7299,Male,1991-09-21,2024-09-08,6,Takeaway,Pasta,customer7299@example.com,3009205956
7300,Customer7300,User7300,Male,1980-02-04,2024-07-18,13,Third-party Delivery,Burgers,customer7300@example.com,3003696228
7301,Customer7301,User7301,Other,1981-09-28,2024-02-09,20,Third-party Delivery,Pasta,customer7301@example.com,3008289713
7302,Customer7302,User7302,Other,1976-12-16,2024-09-04,12,Website/App,Beverages,,3004154776
7303,Customer7303,User7303,Female,1975-12-25,2024-02-11,8,Takeaway,Rice,customer7303@example.com,3007339309
7304,Customer7304,User7304,Female,1989-05-19,2024-04-10,15,Website/App,Rice,customer7304@example.com,3001879904
7305,Customer7305,User7305,Male,1988-11-05,2024-07-15,18,Website/App,Pasta,customer7305@example.com,3007639235
7306,Customer7306,User7306,Female,1974-02-25,2024-06-12,13,Dine-in,Sandwiches,customer7306@example.com,3001056221
7307,Customer7307,User7307,Other,1994-05-22,2024-01-12,15,Third-party Delivery,Sandwiches,customer7307@example.com,3008004724
7308,Customer7308,User7308,Male,1974-08-18,2024-03-22,20,Third-party Delivery,Pizza,customer7308@example.com,3005769193
7309,Customer7309,User7309,Other,2000-04-01,2024-08-10,18,Dine-in,Biryani,customer7309@example.com,3008656986
7310,Customer7310,User7310,Other,2001-12-23,2024-12-05,16,Takeaway,Burgers,customer7310@example.com,3002876153
7311,Customer7311,User7311,Other,1997-10-26,2024-10-10,13,Website/App,Biryani,customer7311@example.com,3002773295
7312,Customer7312,User7312,Female,1988-06-21,2024-07-11,18,Website/App,Rice,customer7312@example.com,3008108762
7313,Customer7313,User7313,Other,1988-05-27,2024-04-23,18,Dine-in,Sandwiches,customer7313@example.com,3009766296
7314,Customer7314,User7314,Female,1976-05-12,2024-08-19,12,Website/App,Desserts,customer7314@example.com,3004305201
7315,Customer7315,User7315,Other,1974-06-21,2024-07-23,15,Third-party Delivery,Biryani,customer7315@example.com,3009882113
7316,Customer7316,User7316,Male,1992-07-03,2024-04-21,1,Takeaway,Rice,customer7316@example.com,3003703481
7317,Customer7317,User7317,Female,1995-04-20,2024-02-13,20,Website/App,Salads,customer7317@example.com,3009377761
7318,Customer7318,User7318,Male,1998-07-17,2024-08-22,13,Website/App,Salads,customer7318@example.com,3007853980
7319,Customer7319,User7319,Female,2001-02-18,2024-02-22,16,Website/App,Rice,customer7319@example.com,3005466216
7320,Customer7320,User7320,Male,1997-02-21,2024-10-21,20,Third-party Delivery,Pasta,customer7320@example.com,3002903678
7321,Customer7321,User7321,Male,2001-06-14,2024-04-27,10,Website/App,Burgers,customer7321@example.com,3007919812
7322,Customer7322,User7322,Male,1979-02-02,2024-10-04,13,Takeaway,Sandwiches,customer7322@example.com,3007967824
7323,Customer7323,User7323,Other,1996-08-06,2024-08-26,17,Takeaway,Rice,customer7323@example.com,3003937702
7324,Customer7324,User7324,Male,1994-04-16,2024-04-03,19,Third-party Delivery,Beverages,customer7324@example.com,3003924619
7325,Customer7325,User7325,Female,1982-07-19,2024-09-03,5,Dine-in,Burgers,customer7325@example.com,3008223096
7326,Customer7326,User7326,Female,1998-03-14,2024-08-04,12,Third-party Delivery,Salads,customer7326@example.com,3002447555
7327,Customer7327,User7327,Other,1989-12-23,2024-08-26,1,Dine-in,Biryani,customer7327@example.com,3004546586
7328,Customer7328,User7328,Other,1986-11-12,2024-05-03,13,Website/App,Sandwiches,customer7328@example.com,3001457272
7329,Customer7329,User7329,Female,1976-06-02,2024-01-14,13,Website/App,Biryani,customer7329@example.com,3006563821
7330,Customer7330,User7330,Male,1973-01-09,2024-06-12,16,Third-party Delivery,Beverages,customer7330@example.com,3006630115
7331,Customer7331,User7331,Other,1981-03-05,2024-03-28,2,Dine-in,Sandwiches,customer7331@example.com,3006812672
7332,Customer7332,User7332,Other,2000-11-15,2024-05-21,4,Website/App,BBQ,customer7332@example.com,3003273783
7333,Customer7333,User7333,Other,1973-02-17,2024-11-01,7,Website/App,Biryani,customer7333@example.com,3001021398
7334,Customer7334,User7334,Other,1994-12-18,2024-08-28,6,Dine-in,Desserts,customer7334@example.com,3001460458
7335,Customer7335,User7335,Female,1997-07-17,2024-08-21,1,Dine-in,Desserts,customer7335@example.com,3007506074
7336,Customer7336,User7336,Male,1977-02-14,2024-08-04,5,Takeaway,Burgers,customer7336@example.com,3005449790
7337,Customer7337,User7337,Female,1991-09-08,2024-07-26,12,Dine-in,Pizza,customer7337@example.com,3007817782
7338,Customer7338,User7338,Other,1996-06-18,2024-11-04,8,Third-party Delivery,Sandwiches,customer7338@example.com,3003746323
7339,Customer7339,User7339,Male,1979-01-18,2024-07-28,3,Dine-in,Biryani,customer7339@example.com,3002685683
7340,Customer7340,User7340,Male,1971-12-23,2024-06-01,19,Third-party Delivery,Rice,customer7340@example.com,3005366057
7341,Customer7341,User7341,Female,1982-05-17,2024-09-03,9,Third-party Delivery,Burgers,customer7341@example.com,3003440258
7342,Customer7342,User7342,Female,1998-05-01,2024-12-15,19,Website/App,Rice,customer7342@example.com,3006213542
7343,Customer7343,User7343,Female,1988-02-22,2024-08-27,12,Third-party Delivery,Sandwiches,customer7343@example.com,3007467813
7344,Customer7344,User7344,Male,1995-03-03,2024-04-06,8,Takeaway,Salads,customer7344@example.com,3007266344
7345,Customer7345,User7345,Male,1977-11-28,2024-10-16,13,Dine-in,Burgers,customer7345@example.com,3004260120
7346,Customer7346,User7346,Male,1976-07-11,2024-09-23,1,Third-party Delivery,Biryani,customer7346@example.com,3007349961
7347,Customer7347,User7347,Other,2000-11-02,2024-12-11,3,Dine-in,Salads,customer7347@example.com,3004764411
7348,Customer7348,User7348,Other,2004-04-22,2024-01-20,1,Website/App,Pasta,customer7348@example.com,3009566187
7349,Customer7349,User7349,Male,1995-11-16,2024-03-20,3,Takeaway,Burgers,customer7349@example.com,3005547791
7350,Customer7350,User7350,Male,1972-02-18,2024-06-19,2,Website/App,Biryani,customer7350@example.com,3009021673
7351,Customer7351,User7351,Male,1977-02-25,2024-09-15,13,Website/App,Sandwiches,customer7351@example.com,3009242309
7352,Customer7352,User7352,Male,1981-05-04,2024-03-17,13,Website/App,Burgers,customer7352@example.com,3005167075
7353,Customer7353,User7353,Other,1989-02-02,2024-02-22,19,Website/App,Salads,customer7353@example.com,3004133354
7354,Customer7354,User7354,Male,1981-05-19,2024-03-23,9,Website/App,BBQ,customer7354@example.com,3001459315
7355,Customer7355,User7355,Other,1995-07-03,2024-06-19,6,Takeaway,Biryani,customer7355@example.com,3001883833
7356,Customer7356,User7356,Other,2001-07-23,2024-11-09,18,Third-party Delivery,Pizza,customer7356@example.com,3004156153
7357,Customer7357,User7357,Other,1980-06-26,2024-06-23,19,Dine-in,BBQ,customer7357@example.com,3004680527
7358,Customer7358,User7358,Male,1974-02-23,2024-08-06,9,Website/App,Sandwiches,customer7358@example.com,3002016959
7359,Customer7359,User7359,Female,1974-09-06,2024-01-17,2,Third-party Delivery,Pizza,customer7359@example.com,3008581333
7360,Customer7360,User7360,Other,1970-09-16,2024-02-07,11,Takeaway,Beverages,customer7360@example.com,3006149331
7361,Customer7361,User7361,Female,1982-03-09,2024-03-02,12,Third-party Delivery,Burgers,customer7361@example.com,3004745930
7362,Customer7362,User7362,Female,1993-10-25,2024-06-19,6,Website/App,Desserts,customer7362@example.com,3001431773
7363,Customer7363,User7363,Female,1981-08-27,2024-11-24,19,Takeaway,Salads,customer7363@example.com,3001030805
7364,Customer7364,User7364,Other,1986-12-14,2024-12-19,20,Dine-in,Pizza,customer7364@example.com,3008340295
7365,Customer7365,User7365,Male,1975-11-08,2024-08-02,6,Third-party Delivery,Pizza,customer7365@example.com,3007424230
7366,Customer7366,User7366,Female,1975-07-23,2024-08-06,16,Dine-in,Biryani,customer7366@example.com,3003431849
7367,Customer7367,User7367,Other,1988-02-02,2024-03-14,6,Dine-in,Burgers,customer7367@example.com,3009967438
7368,Customer7368,User7368,Male,1970-09-07,2024-03-01,19,Dine-in,BBQ,customer7368@example.com,3004797818
7369,Customer7369,User7369,Other,1977-10-08,2024-09-26,9,Dine-in,Pasta,customer7369@example.com,3005159284
7370,Customer7370,User7370,Male,1974-12-17,2024-10-06,8,Dine-in,Desserts,customer7370@example.com,3004879146
7371,Customer7371,User7371,Male,1984-10-15,2024-03-19,18,Third-party Delivery,Biryani,customer7371@example.com,3009877351
7372,Customer7372,User7372,Female,1999-02-07,2024-12-02,10,Takeaway,Rice,customer7372@example.com,3009513851
7373,Customer7373,User7373,Female,1995-09-01,2024-12-19,1,Dine-in,Desserts,customer7373@example.com,3008699037
7374,Customer7374,User7374,Other,1997-05-06,2024-12-15,15,Dine-in,Salads,customer7374@example.com,3008759864
7375,Customer7375,User7375,Other,1993-03-12,2024-04-27,19,Dine-in,Rice,customer7375@example.com,3009782377
7376,Customer7376,User7376,Female,1989-02-08,2024-02-28,15,Website/App,BBQ,customer7376@example.com,3006622406
7377,Customer7377,User7377,Other,1977-10-12,2024-05-09,6,Takeaway,Rice,customer7377@example.com,3005365394
7378,Customer7378,User7378,Female,1972-03-12,2024-12-18,17,Website/App,Pasta,customer7378@example.com,3002066439
7379,Customer7379,User7379,Male,2003-09-20,2024-03-21,4,Third-party Delivery,Pizza,customer7379@example.com,3001023394
7380,Customer7380,User7380,Other,1998-05-18,2024-06-08,3,Website/App,Salads,customer7380@example.com,3008270479
7381,Customer7381,User7381,Female,1995-12-01,2024-09-24,15,Takeaway,Pasta,customer7381@example.com,3005209267
7382,Customer7382,User7382,Female,2001-08-11,2024-04-17,18,Dine-in,Desserts,customer7382@example.com,3008295976
7383,Customer7383,User7383,Other,1984-06-07,2024-03-09,16,Dine-in,Pizza,customer7383@example.com,3001193900
7384,Customer7384,User7384,Other,1977-07-05,2024-02-20,17,Third-party Delivery,BBQ,customer7384@example.com,3005780851
7385,Customer7385,User7385,Female,1982-02-14,2024-09-23,3,Website/App,Pizza,customer7385@example.com,3007515059
7386,Customer7386,User7386,Female,1977-12-20,2024-01-16,2,Website/App,BBQ,customer7386@example.com,3006724266
7387,Customer7387,User7387,Male,1994-05-27,2024-10-28,6,Takeaway,Burgers,customer7387@example.com,3007381979
7388,Customer7388,User7388,Other,1997-02-28,2024-10-01,4,Third-party Delivery,BBQ,customer7388@example.com,3009683812
7389,Customer7389,User7389,Female,1980-06-06,2024-05-28,14,Third-party Delivery,Pizza,customer7389@example.com,3004657593
7390,Customer7390,User7390,Male,1994-12-21,2024-05-27,16,Takeaway,Salads,customer7390@example.com,3001410547
7391,Customer7391,User7391,Other,2000-06-07,2024-06-18,19,Takeaway,Biryani,customer7391@example.com,3005584151
7392,Customer7392,User7392,Male,1991-11-20,2024-12-27,12,Dine-in,Rice,customer7392@example.com,3004200639
7393,Customer7393,User7393,Male,1974-12-14,2024-12-20,12,Website/App,Rice,customer7393@example.com,3003237808
7394,Customer7394,User7394,Male,1981-05-14,2024-10-08,12,Website/App,Pizza,customer7394@example.com,3008020153
7395,Customer7395,User7395,Other,2001-09-17,2024-04-22,16,Third-party Delivery,Desserts,customer7395@example.com,3003648698
7396,Customer7396,User7396,Male,1989-04-19,2024-08-28,4,Website/App,Biryani,customer7396@example.com,3008807734
7397,Customer7397,User7397,Male,1994-12-20,2024-07-11,14,Website/App,Pasta,customer7397@example.com,3007029324
7398,Customer7398,User7398,Other,1983-10-28,2024-03-17,9,Dine-in,Rice,customer7398@example.com,3005468465
7399,Customer7399,User7399,Female,1997-10-13,2024-05-24,12,Website/App,BBQ,customer7399@example.com,3001007435
7400,Customer7400,User7400,Female,1995-09-20,2024-10-24,10,Takeaway,Pasta,customer7400@example.com,3004636835
7401,Customer7401,User7401,Male,2002-04-13,2024-10-08,1,Dine-in,Pizza,customer7401@example.com,3002644876
7402,Customer7402,User7402,Other,2004-08-06,2024-02-21,7,Takeaway,Burgers,customer7402@example.com,3003758546
7403,Customer7403,User7403,Male,1971-06-14,2024-11-21,11,Third-party Delivery,Biryani,customer7403@example.com,3004404838
7404,Customer7404,User7404,Other,1997-11-04,2024-07-24,2,Dine-in,Beverages,customer7404@example.com,3008207885
7405,Customer7405,User7405,Male,1976-04-27,2024-12-28,14,Website/App,Burgers,customer7405@example.com,3007930801
7406,Customer7406,User7406,Other,1991-09-02,2024-06-24,3,Website/App,Burgers,customer7406@example.com,3005971050
7407,Customer7407,User7407,Other,2001-08-08,2024-06-02,8,Dine-in,Beverages,customer7407@example.com,3009873699
7408,Customer7408,User7408,Female,1999-05-03,2024-07-08,6,Takeaway,Beverages,customer7408@example.com,3006247174
7409,Customer7409,User7409,Female,1996-04-27,2024-04-14,14,Dine-in,Biryani,customer7409@example.com,3004742442
7410,Customer7410,User7410,Female,1979-12-26,2024-02-16,19,Takeaway,Pizza,customer7410@example.com,3002976317
7411,Customer7411,User7411,Other,1981-09-19,2024-02-08,1,Website/App,Pizza,customer7411@example.com,3001340178
7412,Customer7412,User7412,Male,1999-02-20,2024-01-12,17,Dine-in,BBQ,customer7412@example.com,3008713359
7413,Customer7413,User7413,Other,1996-11-02,2024-12-11,13,Takeaway,Rice,customer7413@example.com,3004639503
7414,Customer7414,User7414,Male,1986-08-19,2024-12-23,15,Third-party Delivery,Beverages,customer7414@example.com,3009836020
7415,Customer7415,User7415,Female,1987-04-09,2024-11-13,9,Website/App,Beverages,customer7415@example.com,3003610332
7416,Customer7416,User7416,Other,1990-05-13,2024-04-28,16,Takeaway,Rice,customer7416@example.com,3004684479
7417,Customer7417,User7417,Male,1972-04-24,2024-01-09,15,Dine-in,Sandwiches,customer7417@example.com,3007795198
7418,Customer7418,User7418,Male,1985-05-21,2024-03-12,8,Dine-in,Pizza,customer7418@example.com,3003109630
7419,Customer7419,User7419,Other,2003-11-26,2024-02-19,10,Dine-in,Burgers,customer7419@example.com,3002822189
7420,Customer7420,User7420,Male,1978-10-12,2024-03-02,16,Dine-in,Beverages,customer7420@example.com,3009305425
7421,Customer7421,User7421,Other,1988-02-10,2024-07-12,14,Third-party Delivery,Rice,customer7421@example.com,3008559538
7422,Customer7422,User7422,Male,2001-01-21,2024-05-25,8,Third-party Delivery,Rice,customer7422@example.com,3008649392
7423,Customer7423,User7423,Other,1993-02-09,2024-04-12,8,Website/App,Pasta,customer7423@example.com,3005408070
7424,Customer7424,User7424,Female,1980-03-05,2024-11-18,10,Third-party Delivery,Sandwiches,customer7424@example.com,3007492889
7425,Customer7425,User7425,Male,1973-10-16,2024-05-26,19,Dine-in,Salads,customer7425@example.com,3002530564
7426,Customer7426,User7426,Other,1979-07-04,2024-10-08,12,Dine-in,Pasta,customer7426@example.com,3002698350
7427,Customer7427,User7427,Female,1976-09-26,2024-06-20,10,Dine-in,Burgers,customer7427@example.com,3006214791
7428,Customer7428,User7428,Other,1995-06-14,2024-01-18,9,Third-party Delivery,Salads,customer7428@example.com,3007189931
7429,Customer7429,User7429,Female,1987-10-28,2024-06-13,19,Third-party Delivery,Desserts,customer7429@example.com,3007049142
7430,Customer7430,User7430,Female,1997-02-06,2024-04-10,1,Dine-in,Pizza,customer7430@example.com,3006500518
7431,Customer7431,User7431,Male,1981-10-01,2024-05-01,3,Website/App,Burgers,customer7431@example.com,3009098787
7432,Customer7432,User7432,Female,1980-10-23,2024-05-06,1,Dine-in,Biryani,customer7432@example.com,3002832512
7433,Customer7433,User7433,Female,1978-03-02,2024-10-10,8,Website/App,Biryani,customer7433@example.com,3004144547
7434,Customer7434,User7434,Male,2003-03-10,2024-02-22,20,Website/App,Desserts,customer7434@example.com,3008643056
7435,Customer7435,User7435,Other,2002-08-07,2024-05-04,8,Third-party Delivery,Biryani,customer7435@example.com,3004488387
7436,Customer7436,User7436,Male,1999-04-11,2024-08-04,7,Third-party Delivery,Pizza,customer7436@example.com,3009407689
7437,Customer7437,User7437,Female,1999-05-19,2024-08-17,19,Website/App,Rice,customer7437@example.com,3007098434
7438,Customer7438,User7438,Male,1990-09-11,2024-04-26,11,Website/App,Salads,customer7438@example.com,3006713841
7439,Customer7439,User7439,Male,1990-05-04,2024-05-08,14,Dine-in,BBQ,customer7439@example.com,3005024990
7440,Customer7440,User7440,Other,2001-03-10,2024-04-01,18,Website/App,Beverages,customer7440@example.com,3007784429
7441,Customer7441,User7441,Other,1972-07-28,2024-05-21,4,Website/App,BBQ,customer7441@example.com,3003587182
7442,Customer7442,User7442,Female,1973-10-28,2024-11-13,19,Takeaway,Rice,customer7442@example.com,3009336345
7443,Customer7443,User7443,Female,2001-10-22,2024-01-04,11,Website/App,Burgers,customer7443@example.com,3009878185
7444,Customer7444,User7444,Other,1970-07-07,2024-10-11,17,Website/App,Pasta,customer7444@example.com,3005555854
7445,Customer7445,User7445,Female,1970-11-11,2024-12-22,6,Third-party Delivery,Pasta,customer7445@example.com,3005008621
7446,Customer7446,User7446,Female,1972-05-16,2024-07-24,17,Dine-in,Salads,customer7446@example.com,3006940792
7447,Customer7447,User7447,Female,1985-06-02,2024-06-04,17,Takeaway,BBQ,customer7447@example.com,3006166951
7448,Customer7448,User7448,Male,1981-08-12,2024-06-09,16,Dine-in,Pizza,customer7448@example.com,3005629354
7449,Customer7449,User7449,Male,1991-01-08,2024-11-07,14,Takeaway,Sandwiches,customer7449@example.com,3004773521
7450,Customer7450,User7450,Female,1972-03-04,2024-02-01,9,Website/App,BBQ,customer7450@example.com,3009716644
7451,Customer7451,User7451,Male,1988-07-01,2024-07-12,7,Website/App,Salads,customer7451@example.com,3004572819
7452,Customer7452,User7452,Male,1997-07-28,2024-07-07,10,Dine-in,Sandwiches,customer7452@example.com,3007307445
7453,Customer7453,User7453,Male,1993-12-11,2024-08-15,7,Dine-in,BBQ,customer7453@example.com,3007019505
7454,Customer7454,User7454,Female,1988-04-14,2024-03-26,8,Takeaway,Pizza,customer7454@example.com,3004550264
7455,Customer7455,User7455,Male,1979-11-03,2024-12-02,18,Dine-in,Pizza,customer7455@example.com,3001682701
7456,Customer7456,User7456,Male,2004-08-16,2024-04-24,18,Dine-in,Burgers,customer7456@example.com,3008484986
7457,Customer7457,User7457,Other,2001-09-20,2024-09-04,19,Third-party Delivery,Beverages,customer7457@example.com,3008598149
7458,Customer7458,User7458,Male,1996-07-14,2024-09-22,17,Website/App,Rice,customer7458@example.com,3004292416
7459,Customer7459,User7459,Male,1997-06-02,2024-10-18,7,Takeaway,Beverages,customer7459@example.com,3002107746
7460,Customer7460,User7460,Other,1981-08-05,2024-05-20,2,Dine-in,BBQ,customer7460@example.com,3001913777
7461,Customer7461,User7461,Female,1989-04-20,2024-04-09,13,Website/App,Desserts,customer7461@example.com,3005114130
7462,Customer7462,User7462,Other,1988-04-19,2024-06-27,7,Third-party Delivery,Biryani,customer7462@example.com,3007165962
7463,Customer7463,User7463,Other,2003-01-03,2024-06-25,8,Website/App,Beverages,customer7463@example.com,3005719778
7464,Customer7464,User7464,Other,1996-03-28,2024-01-02,7,Takeaway,Rice,customer7464@example.com,3001592134
7465,Customer7465,User7465,Male,1970-02-24,2024-10-05,13,Third-party Delivery,Burgers,customer7465@example.com,3002853750
7466,Customer7466,User7466,Female,1984-09-12,2024-06-23,12,Website/App,Pasta,customer7466@example.com,3001827444
7467,Customer7467,User7467,Female,1976-11-18,2024-02-27,15,Third-party Delivery,Pizza,customer7467@example.com,3006047704
7468,Customer7468,User7468,Male,1994-07-05,2024-05-10,8,Third-party Delivery,Desserts,customer7468@example.com,3009010723
7469,Customer7469,User7469,Other,1970-05-21,2024-12-03,3,Dine-in,Beverages,customer7469@example.com,3001675614
7470,Customer7470,User7470,Male,1981-11-28,2024-07-09,20,Dine-in,Rice,customer7470@example.com,3006395843
7471,Customer7471,User7471,Other,2000-05-28,2024-09-19,12,Third-party Delivery,BBQ,customer7471@example.com,3003343048
7472,Customer7472,User7472,Female,1979-08-11,2024-12-07,3,Third-party Delivery,Desserts,customer7472@example.com,3002177396
7473,Customer7473,User7473,Male,1993-04-15,2024-03-12,14,Website/App,Sandwiches,customer7473@example.com,3004757969
7474,Customer7474,User7474,Male,2001-04-09,2024-04-28,10,Dine-in,Salads,customer7474@example.com,3002015456
7475,Customer7475,User7475,Male,1971-01-06,2024-05-06,1,Dine-in,Biryani,customer7475@example.com,3008537051
7476,Customer7476,User7476,Female,1994-01-13,2024-07-05,12,Website/App,Desserts,customer7476@example.com,3008924643
7477,Customer7477,User7477,Female,1989-02-04,2024-03-24,17,Website/App,Beverages,customer7477@example.com,3005815703
7478,Customer7478,User7478,Male,1975-08-24,2024-03-26,16,Website/App,Biryani,customer7478@example.com,3002305072
7479,Customer7479,User7479,Other,1986-01-22,2024-12-10,16,Dine-in,Rice,customer7479@example.com,3008256873
7480,Customer7480,User7480,Female,1977-07-03,2024-11-14,17,Website/App,Salads,customer7480@example.com,3009451057
7481,Customer7481,User7481,Other,1974-11-05,2024-07-28,8,Takeaway,Desserts,customer7481@example.com,3006176449
7482,Customer7482,User7482,Male,1989-06-21,2024-06-01,19,Third-party Delivery,Rice,customer7482@example.com,3004540114
7483,Customer7483,User7483,Male,1972-10-17,2024-08-02,8,Takeaway,BBQ,customer7483@example.com,3003851071
7484,Customer7484,User7484,Other,2004-06-24,2024-03-16,2,Website/App,Salads,customer7484@example.com,3008479306
7485,Customer7485,User7485,Other,1984-05-10,2024-05-27,13,Takeaway,BBQ,customer7485@example.com,3007424693
7486,Customer7486,User7486,Female,2000-05-19,2024-07-28,11,Dine-in,Rice,customer7486@example.com,3002654169
7487,Customer7487,User7487,Male,1970-02-25,2024-06-05,6,Dine-in,Beverages,customer7487@example.com,3002565010
7488,Customer7488,User7488,Female,1992-09-18,2024-02-06,7,Third-party Delivery,Beverages,customer7488@example.com,3009837903
7489,Customer7489,User7489,Female,1994-01-17,2024-11-18,6,Takeaway,Biryani,customer7489@example.com,3004979054
7490,Customer7490,User7490,Female,1976-02-08,2024-11-19,11,Takeaway,Biryani,customer7490@example.com,3006413777
7491,Customer7491,User7491,Other,1986-10-22,2024-05-12,15,Dine-in,Rice,customer7491@example.com,3002341633
7492,Customer7492,User7492,Female,1995-09-22,2024-02-02,3,Takeaway,Biryani,customer7492@example.com,3005667373
7493,Customer7493,User7493,Female,1973-08-07,2024-01-17,4,Website/App,Pizza,customer7493@example.com,3005653978
7494,Customer7494,User7494,Male,1984-08-12,2024-08-09,11,Website/App,Pasta,customer7494@example.com,3003054402
7495,Customer7495,User7495,Female,1984-11-07,2024-01-03,14,Website/App,BBQ,customer7495@example.com,3009519020
7496,Customer7496,User7496,Female,1995-06-15,2024-09-03,12,Dine-in,Sandwiches,customer7496@example.com,3007559723
7497,Customer7497,User7497,Female,1991-11-22,2024-02-26,15,Takeaway,Beverages,customer7497@example.com,3007490950
7498,Customer7498,User7498,Female,1979-02-25,2024-04-14,2,Dine-in,Desserts,customer7498@example.com,3002561037
7499,Customer7499,User7499,Female,2000-03-06,2024-11-05,20,Website/App,Pasta,customer7499@example.com,3004362795
7500,Customer7500,User7500,Male,1995-12-26,2024-06-03,13,Website/App,BBQ,customer7500@example.com,3002652284
7501,Customer7501,User7501,Other,1970-06-09,2024-01-01,17,Website/App,Rice,customer7501@example.com,3009686037
7502,Customer7502,User7502,Other,1970-11-22,2024-10-09,6,Dine-in,Desserts,customer7502@example.com,3007675247
7503,Customer7503,User7503,Other,1976-12-20,2024-10-02,20,Third-party Delivery,Salads,customer7503@example.com,3008146329
7504,Customer7504,User7504,Female,1975-04-04,2024-02-18,16,Dine-in,Beverages,customer7504@example.com,3008705152
7505,Customer7505,User7505,Other,1974-06-15,2024-05-23,19,Dine-in,Sandwiches,customer7505@example.com,3009153687
7506,Customer7506,User7506,Male,1997-06-14,2024-08-02,19,Third-party Delivery,Sandwiches,customer7506@example.com,3009258780
7507,Customer7507,User7507,Other,2004-06-04,2024-12-14,18,Takeaway,Burgers,customer7507@example.com,3004377369
7508,Customer7508,User7508,Other,1993-03-21,2024-09-12,15,Website/App,Burgers,customer7508@example.com,3002107086
7509,Customer7509,User7509,Female,1988-12-03,2024-11-12,1,Third-party Delivery,Beverages,customer7509@example.com,3006703097
7510,Customer7510,User7510,Male,1976-09-18,2024-11-03,3,Third-party Delivery,Desserts,customer7510@example.com,3009977294
7511,Customer7511,User7511,Female,1982-05-17,2024-01-18,11,Dine-in,BBQ,customer7511@example.com,3007774254
7512,Customer7512,User7512,Female,1998-06-15,2024-11-04,13,Website/App,BBQ,customer7512@example.com,3001407461
7513,Customer7513,User7513,Male,1982-02-26,2024-04-25,10,Takeaway,Sandwiches,customer7513@example.com,3004294606
7514,Customer7514,User7514,Other,1994-10-20,2024-06-15,4,Takeaway,Salads,customer7514@example.com,3006925744
7515,Customer7515,User7515,Female,1971-01-04,2024-07-18,10,Website/App,Pizza,customer7515@example.com,3003446995
7516,Customer7516,User7516,Male,1987-11-02,2024-03-08,17,Third-party Delivery,Beverages,customer7516@example.com,3004172570
7517,Customer7517,User7517,Male,1982-09-04,2024-05-24,15,Third-party Delivery,Burgers,customer7517@example.com,3005612911
7518,Customer7518,User7518,Male,1995-12-06,2024-12-14,5,Takeaway,Biryani,customer7518@example.com,3006864355
7519,Customer7519,User7519,Other,1992-04-15,2024-07-06,4,Dine-in,Salads,customer7519@example.com,3007034246
7520,Customer7520,User7520,Male,1981-12-15,2024-03-15,5,Dine-in,Sandwiches,customer7520@example.com,3007658890
7521,Customer7521,User7521,Female,1993-05-19,2024-11-01,12,Third-party Delivery,Rice,customer7521@example.com,3001277570
7522,Customer7522,User7522,Male,1999-06-22,2024-04-16,9,Website/App,Burgers,customer7522@example.com,3009499536
7523,Customer7523,User7523,Other,2003-04-01,2024-12-13,18,Takeaway,Salads,,3005368033
7524,Customer7524,User7524,Other,1977-08-02,2024-05-19,14,Third-party Delivery,Biryani,customer7524@example.com,3006009066
7525,Customer7525,User7525,Male,1998-12-20,2024-02-19,3,Third-party Delivery,Rice,customer7525@example.com,3008582977
7526,Customer7526,User7526,Other,2003-01-02,2024-05-25,15,Takeaway,Burgers,customer7526@example.com,3003795098
7527,Customer7527,User7527,Other,2003-09-18,2024-12-06,7,Third-party Delivery,Salads,customer7527@example.com,3009190792
7528,Customer7528,User7528,Male,1998-08-02,2024-02-11,6,Website/App,Biryani,customer7528@example.com,3005487678
7529,Customer7529,User7529,Female,1985-02-02,2024-03-20,19,Takeaway,Biryani,customer7529@example.com,3002587820
7530,Customer7530,User7530,Male,1983-07-16,2024-11-28,9,Dine-in,Burgers,customer7530@example.com,3004093451
7531,Customer7531,User7531,Other,1991-11-24,2024-05-05,16,Dine-in,Salads,customer7531@example.com,3009639008
7532,Customer7532,User7532,Male,1976-12-28,2024-09-28,4,Dine-in,Rice,customer7532@example.com,3005673529
7533,Customer7533,User7533,Male,1971-08-04,2024-05-27,18,Takeaway,Burgers,customer7533@example.com,3006545356
7534,Customer7534,User7534,Other,1989-06-01,2024-09-05,16,Website/App,Salads,customer7534@example.com,3007653694
7535,Customer7535,User7535,Other,1993-09-04,2024-10-16,9,Website/App,Sandwiches,customer7535@example.com,3008370940
7536,Customer7536,User7536,Female,2004-03-06,2024-04-06,18,Third-party Delivery,BBQ,customer7536@example.com,3003769628
7537,Customer7537,User7537,Female,1970-05-14,2024-05-15,3,Third-party Delivery,BBQ,customer7537@example.com,3003326880
7538,Customer7538,User7538,Female,1993-09-18,2024-05-02,14,Third-party Delivery,Pizza,customer7538@example.com,3003518765
7539,Customer7539,User7539,Female,1992-01-03,2024-02-14,2,Dine-in,Biryani,customer7539@example.com,3005537994
7540,Customer7540,User7540,Other,1977-09-04,2024-02-23,14,Dine-in,Desserts,customer7540@example.com,3007664320
7541,Customer7541,User7541,Male,1976-01-19,2024-07-20,6,Third-party Delivery,Biryani,customer7541@example.com,3002549552
7542,Customer7542,User7542,Female,1987-08-06,2024-12-01,6,Dine-in,Sandwiches,customer7542@example.com,3004270197
7543,Customer7543,User7543,Male,1989-02-26,2024-01-19,5,Website/App,BBQ,customer7543@example.com,3004596359
7544,Customer7544,User7544,Male,1992-12-10,2024-01-22,12,Third-party Delivery,Beverages,customer7544@example.com,3007552696
7545,Customer7545,User7545,Female,1979-10-26,2024-07-24,4,Third-party Delivery,Biryani,customer7545@example.com,3005648602
7546,Customer7546,User7546,Female,1978-08-22,2024-04-03,17,Third-party Delivery,Burgers,customer7546@example.com,3008283201
7547,Customer7547,User7547,Male,1989-05-13,2024-03-01,7,Third-party Delivery,BBQ,customer7547@example.com,3005832191
7548,Customer7548,User7548,Other,1992-08-03,2024-10-20,3,Third-party Delivery,Desserts,customer7548@example.com,3004354806
7549,Customer7549,User7549,Female,1979-11-03,2024-05-05,3,Dine-in,BBQ,customer7549@example.com,3001415011
7550,Customer7550,User7550,Female,1974-04-14,2024-11-13,10,Takeaway,Salads,customer7550@example.com,3001167688
7551,Customer7551,User7551,Female,1973-04-17,2024-04-28,19,Website/App,Biryani,customer7551@example.com,3008756015
7552,Customer7552,User7552,Male,1984-12-09,2024-03-10,16,Dine-in,Sandwiches,customer7552@example.com,3005988173
7553,Customer7553,User7553,Other,1978-03-27,2024-03-11,15,Dine-in,Sandwiches,customer7553@example.com,3005878553
7554,Customer7554,User7554,Male,1971-05-28,2024-09-23,19,Website/App,Biryani,customer7554@example.com,3005422564
7555,Customer7555,User7555,Male,1987-04-21,2024-05-26,12,Third-party Delivery,BBQ,customer7555@example.com,3007849158
7556,Customer7556,User7556,Female,1983-10-16,2024-02-27,17,Dine-in,Pizza,customer7556@example.com,3003339740
7557,Customer7557,User7557,Other,1972-07-07,2024-04-12,16,Website/App,Salads,customer7557@example.com,3009006818
7558,Customer7558,User7558,Other,1987-10-15,2024-06-13,15,Website/App,Sandwiches,customer7558@example.com,3005702943
7559,Customer7559,User7559,Female,1997-08-13,2024-07-15,9,Dine-in,Rice,customer7559@example.com,3006078736
7560,Customer7560,User7560,Other,2002-02-13,2024-10-25,9,Dine-in,Rice,customer7560@example.com,3003785545
7561,Customer7561,User7561,Female,1979-03-04,2024-07-23,9,Website/App,Rice,customer7561@example.com,3003278320
7562,Customer7562,User7562,Other,1988-12-10,2024-12-21,5,Dine-in,BBQ,customer7562@example.com,3007695928
7563,Customer7563,User7563,Male,1970-01-10,2024-10-17,7,Website/App,Salads,customer7563@example.com,3001719787
7564,Customer7564,User7564,Male,1991-09-04,2024-10-18,7,Third-party Delivery,Pasta,customer7564@example.com,3002267483
7565,Customer7565,User7565,Female,1995-10-02,2024-06-20,3,Takeaway,Desserts,customer7565@example.com,3007924597
7566,Customer7566,User7566,Female,1983-10-15,2024-10-25,2,Dine-in,Pasta,customer7566@example.com,3008697848
7567,Customer7567,User7567,Other,1983-05-03,2024-01-18,2,Third-party Delivery,Pasta,customer7567@example.com,3001602005
7568,Customer7568,User7568,Other,1991-01-22,2024-04-11,9,Website/App,Pizza,customer7568@example.com,3004514561
7569,Customer7569,User7569,Female,1987-01-05,2024-12-23,20,Website/App,Biryani,customer7569@example.com,3003504388
7570,Customer7570,User7570,Other,1972-11-22,2024-09-11,19,Website/App,Burgers,customer7570@example.com,3004207861
7571,Customer7571,User7571,Male,1979-12-27,2024-02-12,11,Website/App,Salads,customer7571@example.com,3007180332
7572,Customer7572,User7572,Other,1981-05-03,2024-10-23,15,Dine-in,Sandwiches,customer7572@example.com,3007566971
7573,Customer7573,User7573,Female,1990-04-13,2024-01-04,18,Dine-in,Pizza,customer7573@example.com,3008891918
7574,Customer7574,User7574,Male,1983-03-18,2024-01-22,8,Takeaway,Pasta,customer7574@example.com,3004373780
7575,Customer7575,User7575,Other,1982-07-03,2024-05-09,20,Dine-in,Desserts,customer7575@example.com,3003618261
7576,Customer7576,User7576,Male,1996-06-03,2024-05-27,18,Dine-in,Pizza,customer7576@example.com,3002669383
7577,Customer7577,User7577,Female,1996-09-16,2024-03-13,4,Dine-in,Desserts,customer7577@example.com,3004934990
7578,Customer7578,User7578,Female,1970-03-04,2024-06-07,18,Website/App,Pasta,customer7578@example.com,3001697583
7579,Customer7579,User7579,Male,1993-06-21,2024-10-20,13,Third-party Delivery,Rice,customer7579@example.com,3002476508
7580,Customer7580,User7580,Male,1976-03-04,2024-04-26,3,Takeaway,BBQ,customer7580@example.com,3004319766
7581,Customer7581,User7581,Female,1994-07-23,2024-07-05,20,Dine-in,Rice,customer7581@example.com,3007327376
7582,Customer7582,User7582,Male,1975-06-08,2024-10-09,9,Dine-in,Sandwiches,customer7582@example.com,3001037109
7583,Customer7583,User7583,Male,1988-07-24,2024-02-23,5,Dine-in,Pasta,customer7583@example.com,3005617487
7584,Customer7584,User7584,Other,1988-05-15,2024-06-08,20,Takeaway,Sandwiches,customer7584@example.com,3002034432
7585,Customer7585,User7585,Male,2000-05-17,2024-02-07,7,Website/App,Rice,customer7585@example.com,3004541901
7586,Customer7586,User7586,Other,1985-07-20,2024-05-03,15,Website/App,Pizza,customer7586@example.com,3009412315
7587,Customer7587,User7587,Male,1970-08-22,2024-06-13,12,Takeaway,Pasta,customer7587@example.com,3006501548
7588,Customer7588,User7588,Female,2002-12-08,2024-09-14,18,Third-party Delivery,Pizza,customer7588@example.com,3003363821
7589,Customer7589,User7589,Male,1991-09-16,2024-10-01,11,Dine-in,Desserts,customer7589@example.com,3004451592
7590,Customer7590,User7590,Male,1973-08-28,2024-03-19,9,Website/App,Sandwiches,customer7590@example.com,3005166189
7591,Customer7591,User7591,Female,1997-07-15,2024-04-04,7,Third-party Delivery,Biryani,customer7591@example.com,3009708483
7592,Customer7592,User7592,Female,1985-04-18,2024-10-15,11,Website/App,Desserts,customer7592@example.com,3001387687
7593,Customer7593,User7593,Male,1975-03-03,2024-05-07,12,Takeaway,Salads,customer7593@example.com,3004814129
7594,Customer7594,User7594,Other,1986-03-15,2024-03-17,5,Dine-in,Pasta,customer7594@example.com,3007990635
7595,Customer7595,User7595,Female,1994-01-10,2024-01-06,18,Third-party Delivery,BBQ,customer7595@example.com,3006117538
7596,Customer7596,User7596,Female,1999-01-13,2024-05-18,3,Takeaway,Rice,customer7596@example.com,3006657576
7597,Customer7597,User7597,Female,2003-03-20,2024-10-26,5,Website/App,BBQ,customer7597@example.com,3003192634
7598,Customer7598,User7598,Male,1990-01-13,2024-09-17,10,Takeaway,Salads,customer7598@example.com,3005157063
7599,Customer7599,User7599,Other,1984-11-27,2024-10-13,1,Third-party Delivery,Biryani,customer7599@example.com,3008084609
7600,Customer7600,User7600,Male,2004-12-05,2024-04-20,4,Takeaway,Salads,customer7600@example.com,3005960542
7601,Customer7601,User7601,Female,2002-11-22,2024-08-09,12,Website/App,Pasta,customer7601@example.com,3008040196
7602,Customer7602,User7602,Other,1970-04-22,2024-02-21,18,Third-party Delivery,Beverages,customer7602@example.com,3007468242
7603,Customer7603,User7603,Female,1981-08-20,2024-10-10,17,Dine-in,Biryani,customer7603@example.com,3007916351
7604,Customer7604,User7604,Female,1990-05-17,2024-03-15,16,Dine-in,Salads,customer7604@example.com,3006832076
7605,Customer7605,User7605,Other,1975-11-04,2024-10-24,19,Website/App,Pizza,customer7605@example.com,3004813626
7606,Customer7606,User7606,Female,1989-05-22,2024-08-16,6,Dine-in,Pizza,customer7606@example.com,3009430103
7607,Customer7607,User7607,Female,1989-01-24,2024-02-26,9,Third-party Delivery,Burgers,customer7607@example.com,3003966959
7608,Customer7608,User7608,Male,1975-11-19,2024-07-04,16,Takeaway,Pasta,customer7608@example.com,3009589974
7609,Customer7609,User7609,Other,1978-11-22,2024-09-09,9,Takeaway,Desserts,customer7609@example.com,3002967127
7610,Customer7610,User7610,Other,2002-01-09,2024-06-11,20,Dine-in,Biryani,customer7610@example.com,3007250732
7611,Customer7611,User7611,Male,1980-02-21,2024-11-16,10,Website/App,Desserts,customer7611@example.com,3007278419
7612,Customer7612,User7612,Female,1984-07-11,2024-02-28,17,Takeaway,Desserts,customer7612@example.com,3001395920
7613,Customer7613,User7613,Female,1999-01-23,2024-03-07,15,Dine-in,Biryani,customer7613@example.com,3007086329
7614,Customer7614,User7614,Male,1994-09-06,2024-02-24,5,Dine-in,Rice,customer7614@example.com,3007176177
7615,Customer7615,User7615,Other,1977-04-25,2024-10-21,15,Website/App,Pizza,customer7615@example.com,3008256992
7616,Customer7616,User7616,Other,1981-12-09,2024-06-05,9,Dine-in,Pasta,customer7616@example.com,3007076346
7617,Customer7617,User7617,Other,1999-03-08,2024-06-20,3,Website/App,Pasta,customer7617@example.com,3003626648
7618,Customer7618,User7618,Male,1979-10-15,2024-08-26,2,Takeaway,Pasta,customer7618@example.com,3005755881
7619,Customer7619,User7619,Female,1990-06-27,2024-05-05,6,Dine-in,Pasta,customer7619@example.com,3005939707
7620,Customer7620,User7620,Other,2002-12-15,2024-03-27,19,Dine-in,Biryani,customer7620@example.com,3009455188
7621,Customer7621,User7621,Other,1995-08-08,2024-04-21,12,Takeaway,Desserts,customer7621@example.com,3001479843
7622,Customer7622,User7622,Other,1997-12-07,2024-03-07,2,Dine-in,Pizza,customer7622@example.com,3008389265
7623,Customer7623,User7623,Male,1992-06-27,2024-08-26,14,Takeaway,Biryani,customer7623@example.com,3007277892
7624,Customer7624,User7624,Other,1977-07-28,2024-07-05,3,Website/App,Sandwiches,customer7624@example.com,3008931448
7625,Customer7625,User7625,Female,1994-04-16,2024-05-27,16,Dine-in,Rice,customer7625@example.com,3001273567
7626,Customer7626,User7626,Male,1996-07-08,2024-09-14,2,Takeaway,Sandwiches,customer7626@example.com,3009579192
7627,Customer7627,User7627,Female,1977-11-15,2024-06-17,9,Dine-in,Pasta,customer7627@example.com,3004798025
7628,Customer7628,User7628,Male,2004-11-18,2024-07-11,18,Website/App,Biryani,customer7628@example.com,3004127085
7629,Customer7629,User7629,Other,2002-11-16,2024-07-24,4,Third-party Delivery,Biryani,customer7629@example.com,3008753435
7630,Customer7630,User7630,Female,1996-01-01,2024-04-10,3,Dine-in,Pasta,customer7630@example.com,3003895425
7631,Customer7631,User7631,Other,1998-01-27,2024-04-12,3,Third-party Delivery,Pizza,customer7631@example.com,3005517084
7632,Customer7632,User7632,Other,1998-05-11,2024-01-28,1,Third-party Delivery,Burgers,customer7632@example.com,3008167914
7633,Customer7633,User7633,Female,1986-01-26,2024-12-16,3,Takeaway,Pasta,customer7633@example.com,3004837701
7634,Customer7634,User7634,Female,1996-02-04,2024-06-28,11,Website/App,Biryani,customer7634@example.com,3005365783
7635,Customer7635,User7635,Other,1971-03-15,2024-09-26,6,Dine-in,Pizza,customer7635@example.com,3007071787
7636,Customer7636,User7636,Other,1974-02-08,2024-01-17,8,Website/App,Rice,customer7636@example.com,3002866427
7637,Customer7637,User7637,Male,1997-11-20,2024-06-21,4,Website/App,Biryani,customer7637@example.com,3003464296
7638,Customer7638,User7638,Male,1986-06-26,2024-01-27,18,Third-party Delivery,Burgers,customer7638@example.com,3009057060
7639,Customer7639,User7639,Male,1983-08-28,2024-07-13,15,Dine-in,Beverages,customer7639@example.com,3002032394
7640,Customer7640,User7640,Female,1970-07-02,2024-06-23,2,Third-party Delivery,BBQ,customer7640@example.com,3001469376
7641,Customer7641,User7641,Female,1976-02-18,2024-04-06,18,Website/App,Burgers,customer7641@example.com,3002631680
7642,Customer7642,User7642,Other,1988-12-09,2024-01-15,20,Dine-in,BBQ,customer7642@example.com,3004391366
7643,Customer7643,User7643,Other,1982-06-08,2024-02-15,7,Takeaway,BBQ,customer7643@example.com,3008268680
7644,Customer7644,User7644,Male,1992-11-12,2024-03-05,10,Dine-in,Pizza,customer7644@example.com,3005163370
7645,Customer7645,User7645,Female,1975-05-18,2024-02-05,14,Takeaway,Sandwiches,customer7645@example.com,3007206191
7646,Customer7646,User7646,Other,1984-06-21,2024-03-16,8,Takeaway,Salads,customer7646@example.com,3007878296
7647,Customer7647,User7647,Other,2004-06-14,2024-01-23,14,Website/App,Pasta,customer7647@example.com,3007805871
7648,Customer7648,User7648,Other,1987-08-02,2024-10-28,7,Dine-in,Salads,customer7648@example.com,3007288172
7649,Customer7649,User7649,Female,1997-06-19,2024-02-06,8,Website/App,BBQ,customer7649@example.com,3005278214
7650,Customer7650,User7650,Other,1983-01-15,2024-11-23,18,Website/App,Pasta,customer7650@example.com,3008626441
7651,Customer7651,User7651,Other,1986-05-20,2024-11-24,2,Takeaway,Rice,customer7651@example.com,3001978974
7652,Customer7652,User7652,Female,2000-02-26,2024-05-21,13,Website/App,Burgers,customer7652@example.com,3003508712
7653,Customer7653,User7653,Other,1997-01-27,2024-02-03,17,Takeaway,Desserts,customer7653@example.com,3007854969
7654,Customer7654,User7654,Other,1974-01-17,2024-02-26,18,Dine-in,Rice,customer7654@example.com,3008931847
7655,Customer7655,User7655,Other,1973-02-04,2024-01-10,15,Dine-in,Beverages,customer7655@example.com,3005491072
7656,Customer7656,User7656,Female,1986-05-11,2024-04-25,5,Website/App,Sandwiches,customer7656@example.com,3008883937
7657,Customer7657,User7657,Male,1975-12-03,2024-10-22,11,Dine-in,Pizza,customer7657@example.com,3001127044
7658,Customer7658,User7658,Other,1987-06-24,2024-11-22,5,Third-party Delivery,Pasta,customer7658@example.com,3009813708
7659,Customer7659,User7659,Other,1978-02-14,2024-06-12,3,Website/App,Sandwiches,customer7659@example.com,3003896137
7660,Customer7660,User7660,Other,1970-01-01,2024-09-17,18,Third-party Delivery,Sandwiches,customer7660@example.com,3006005912
7661,Customer7661,User7661,Other,1976-05-08,2024-08-15,6,Takeaway,Biryani,customer7661@example.com,3009507268
7662,Customer7662,User7662,Female,1990-07-26,2024-10-24,7,Dine-in,BBQ,customer7662@example.com,3004886342
7663,Customer7663,User7663,Female,1988-09-18,2024-02-24,2,Third-party Delivery,Rice,customer7663@example.com,3003401218
7664,Customer7664,User7664,Female,1996-12-28,2024-02-19,20,Dine-in,Rice,customer7664@example.com,3008508497
7665,Customer7665,User7665,Female,1998-04-03,2024-02-01,6,Website/App,Rice,customer7665@example.com,3008626859
7666,Customer7666,User7666,Other,1990-10-08,2024-04-11,18,Website/App,Pizza,customer7666@example.com,3006820871
7667,Customer7667,User7667,Other,1974-11-10,2024-10-09,2,Dine-in,Desserts,customer7667@example.com,3005442678
7668,Customer7668,User7668,Female,2000-03-08,2024-10-15,20,Dine-in,Pizza,customer7668@example.com,3009804442
7669,Customer7669,User7669,Other,1979-02-25,2024-12-25,2,Third-party Delivery,Sandwiches,customer7669@example.com,3001538882
7670,Customer7670,User7670,Female,1993-06-18,2024-11-21,15,Dine-in,BBQ,customer7670@example.com,3003417547
7671,Customer7671,User7671,Female,1984-12-15,2024-08-14,19,Third-party Delivery,Desserts,customer7671@example.com,3005187178
7672,Customer7672,User7672,Male,1993-05-19,2024-07-13,1,Third-party Delivery,Burgers,customer7672@example.com,3003953043
7673,Customer7673,User7673,Other,2000-04-25,2024-08-27,5,Takeaway,Beverages,customer7673@example.com,3001477394
7674,Customer7674,User7674,Female,1999-02-05,2024-02-13,14,Takeaway,Salads,customer7674@example.com,3007449845
7675,Customer7675,User7675,Other,1994-09-21,2024-12-06,16,Takeaway,BBQ,customer7675@example.com,3003837175
7676,Customer7676,User7676,Other,1973-11-26,2024-05-06,13,Website/App,BBQ,customer7676@example.com,3005875390
7677,Customer7677,User7677,Female,1970-11-21,2024-11-23,13,Website/App,Beverages,customer7677@example.com,3005013424
7678,Customer7678,User7678,Male,1974-10-03,2024-11-27,8,Takeaway,Burgers,customer7678@example.com,3005662680
7679,Customer7679,User7679,Female,1978-02-16,2024-10-11,7,Website/App,Beverages,customer7679@example.com,3006810206
7680,Customer7680,User7680,Female,1986-06-24,2024-01-10,10,Third-party Delivery,Biryani,customer7680@example.com,3005332002
7681,Customer7681,User7681,Male,1989-11-25,2024-11-10,4,Third-party Delivery,Rice,customer7681@example.com,3002539049
7682,Customer7682,User7682,Female,1994-05-27,2024-02-16,2,Dine-in,Burgers,customer7682@example.com,3004703638
7683,Customer7683,User7683,Male,1998-10-01,2024-05-27,15,Website/App,Biryani,customer7683@example.com,3002959003
7684,Customer7684,User7684,Male,1972-07-26,2024-11-13,1,Website/App,Beverages,customer7684@example.com,3001438717
7685,Customer7685,User7685,Other,2004-06-14,2024-10-01,5,Dine-in,Desserts,customer7685@example.com,3001874608
7686,Customer7686,User7686,Other,2002-09-01,2024-08-26,5,Website/App,Biryani,customer7686@example.com,3002040561
7687,Customer7687,User7687,Female,1991-04-01,2024-09-23,15,Third-party Delivery,Biryani,customer7687@example.com,3003542124
7688,Customer7688,User7688,Female,1997-07-15,2024-04-09,20,Website/App,Beverages,customer7688@example.com,3008320155
7689,Customer7689,User7689,Male,1975-12-11,2024-12-02,2,Website/App,Beverages,customer7689@example.com,3006412482
7690,Customer7690,User7690,Female,1974-12-10,2024-12-13,12,Dine-in,Sandwiches,customer7690@example.com,3009327241
7691,Customer7691,User7691,Other,1980-02-05,2024-08-03,20,Website/App,Biryani,customer7691@example.com,3007807847
7692,Customer7692,User7692,Male,2000-02-17,2024-07-16,2,Third-party Delivery,Beverages,customer7692@example.com,3005031718
7693,Customer7693,User7693,Other,2000-03-01,2024-02-25,14,Website/App,Beverages,customer7693@example.com,3006284040
7694,Customer7694,User7694,Female,1999-02-08,2024-04-05,11,Dine-in,Salads,customer7694@example.com,3007845833
7695,Customer7695,User7695,Male,1986-09-03,2024-04-01,2,Website/App,Rice,customer7695@example.com,3007441255
7696,Customer7696,User7696,Male,1993-11-13,2024-10-04,11,Takeaway,Salads,customer7696@example.com,3005019314
7697,Customer7697,User7697,Male,1991-09-26,2024-02-18,16,Third-party Delivery,Biryani,customer7697@example.com,3005733314
7698,Customer7698,User7698,Male,1987-07-13,2024-02-01,3,Dine-in,Sandwiches,customer7698@example.com,3002091897
7699,Customer7699,User7699,Other,1992-12-17,2024-02-26,13,Dine-in,Beverages,customer7699@example.com,3004400815
7700,Customer7700,User7700,Other,1979-10-23,2024-09-14,11,Takeaway,Sandwiches,customer7700@example.com,3007457716
7701,Customer7701,User7701,Male,1989-06-01,2024-11-03,18,Dine-in,Beverages,customer7701@example.com,3009046032
7702,Customer7702,User7702,Other,1993-01-08,2024-08-10,7,Third-party Delivery,Pizza,customer7702@example.com,3003966271
7703,Customer7703,User7703,Female,1974-05-06,2024-11-22,13,Dine-in,Beverages,customer7703@example.com,3002334419
7704,Customer7704,User7704,Male,1989-02-11,2024-12-06,3,Takeaway,Pizza,customer7704@example.com,3005028767
7705,Customer7705,User7705,Male,2004-08-07,2024-01-02,13,Dine-in,Rice,customer7705@example.com,3003679651
7706,Customer7706,User7706,Other,1998-10-26,2024-12-12,15,Takeaway,Desserts,customer7706@example.com,3008744725
7707,Customer7707,User7707,Female,1997-12-24,2024-12-21,10,Dine-in,Burgers,customer7707@example.com,3006167749
7708,Customer7708,User7708,Female,1978-01-16,2024-03-25,11,Website/App,Burgers,customer7708@example.com,3004238638
7709,Customer7709,User7709,Female,1994-05-19,2024-05-23,3,Takeaway,Rice,customer7709@example.com,3001391240
7710,Customer7710,User7710,Other,2002-05-24,2024-06-12,5,Takeaway,Pasta,customer7710@example.com,3006431318
7711,Customer7711,User7711,Female,1986-03-06,2024-09-11,3,Website/App,Pizza,customer7711@example.com,3004943526
7712,Customer7712,User7712,Female,1982-03-12,2024-06-17,14,Dine-in,Rice,customer7712@example.com,3004541350
7713,Customer7713,User7713,Other,1982-11-07,2024-01-12,14,Dine-in,Rice,customer7713@example.com,3002810111
7714,Customer7714,User7714,Male,1977-11-21,2024-12-08,16,Takeaway,Rice,customer7714@example.com,3008053690
7715,Customer7715,User7715,Female,1973-09-06,2024-12-04,7,Website/App,Biryani,customer7715@example.com,3003547369
7716,Customer7716,User7716,Male,1977-02-04,2024-09-19,1,Takeaway,Burgers,customer7716@example.com,3009512289
7717,Customer7717,User7717,Female,1983-04-07,2024-01-20,3,Takeaway,Beverages,customer7717@example.com,3002383419
7718,Customer7718,User7718,Other,1997-01-06,2024-01-28,17,Takeaway,Beverages,customer7718@example.com,3007828557
7719,Customer7719,User7719,Other,2002-11-04,2024-09-04,9,Takeaway,Rice,customer7719@example.com,3006331765
7720,Customer7720,User7720,Other,2003-07-06,2024-09-08,12,Dine-in,Pasta,customer7720@example.com,3009802308
7721,Customer7721,User7721,Female,2001-11-27,2024-10-14,17,Dine-in,Desserts,customer7721@example.com,3007842672
7722,Customer7722,User7722,Other,2001-10-02,2024-03-09,10,Third-party Delivery,BBQ,customer7722@example.com,3005586507
7723,Customer7723,User7723,Male,1982-11-12,2024-10-17,13,Website/App,Beverages,customer7723@example.com,3005585959
7724,Customer7724,User7724,Male,1981-11-25,2024-08-01,5,Dine-in,Desserts,customer7724@example.com,3007251897
7725,Customer7725,User7725,Female,1979-03-21,2024-05-18,19,Dine-in,Pizza,customer7725@example.com,3006052852
7726,Customer7726,User7726,Female,1994-09-19,2024-09-25,7,Third-party Delivery,Rice,customer7726@example.com,3002807987
7727,Customer7727,User7727,Female,1995-06-25,2024-09-13,14,Dine-in,BBQ,customer7727@example.com,3001907043
7728,Customer7728,User7728,Male,1987-09-28,2024-05-11,9,Website/App,Rice,customer7728@example.com,3008069611
7729,Customer7729,User7729,Female,1982-11-25,2024-03-14,7,Takeaway,BBQ,customer7729@example.com,3006781144
7730,Customer7730,User7730,Other,1998-01-17,2024-11-03,3,Third-party Delivery,Pasta,customer7730@example.com,3007338467
7731,Customer7731,User7731,Female,1975-12-10,2024-05-22,14,Third-party Delivery,Pasta,customer7731@example.com,3009714517
7732,Customer7732,User7732,Other,1987-10-02,2024-09-23,20,Website/App,Desserts,customer7732@example.com,3003061779
7733,Customer7733,User7733,Male,2000-01-13,2024-02-04,9,Dine-in,Biryani,customer7733@example.com,3003797651
7734,Customer7734,User7734,Other,1983-11-11,2024-10-14,1,Third-party Delivery,Pasta,customer7734@example.com,3009741277
7735,Customer7735,User7735,Female,1992-03-06,2024-10-26,12,Dine-in,Salads,customer7735@example.com,3006048192
7736,Customer7736,User7736,Female,1983-07-01,2024-12-09,18,Website/App,Beverages,customer7736@example.com,3007625367
7737,Customer7737,User7737,Other,1974-09-04,2024-08-10,11,Third-party Delivery,Pasta,customer7737@example.com,3008401926
7738,Customer7738,User7738,Female,2003-03-14,2024-11-07,14,Dine-in,Burgers,customer7738@example.com,3009509533
7739,Customer7739,User7739,Other,2000-04-21,2024-01-08,14,Website/App,Salads,customer7739@example.com,3001587782
7740,Customer7740,User7740,Female,1999-05-14,2024-08-26,9,Takeaway,Rice,customer7740@example.com,3005990276
7741,Customer7741,User7741,Male,1999-01-11,2024-06-11,1,Dine-in,Rice,customer7741@example.com,3004466165
7742,Customer7742,User7742,Male,1988-04-24,2024-02-25,16,Takeaway,Desserts,customer7742@example.com,3005844001
7743,Customer7743,User7743,Other,1997-12-08,2024-02-17,17,Website/App,Rice,customer7743@example.com,3005317215
7744,Customer7744,User7744,Male,1979-07-04,2024-11-02,4,Website/App,Beverages,customer7744@example.com,3006366418
7745,Customer7745,User7745,Male,1994-04-06,2024-04-03,2,Third-party Delivery,Beverages,customer7745@example.com,3006644374
7746,Customer7746,User7746,Female,2000-09-23,2024-09-10,14,Takeaway,Burgers,customer7746@example.com,3007237430
7747,Customer7747,User7747,Female,1978-01-24,2024-12-03,3,Third-party Delivery,Sandwiches,customer7747@example.com,3009568507
7748,Customer7748,User7748,Male,2000-03-13,2024-04-24,10,Dine-in,Pizza,customer7748@example.com,3009545201
7749,Customer7749,User7749,Other,1975-05-19,2024-08-26,15,Website/App,Pizza,customer7749@example.com,3002251198
7750,Customer7750,User7750,Other,1978-08-03,2024-11-12,4,Takeaway,Pizza,customer7750@example.com,3005540241
7751,Customer7751,User7751,Other,1980-12-18,2024-09-25,5,Third-party Delivery,Sandwiches,customer7751@example.com,3004672938
7752,Customer7752,User7752,Female,1983-10-09,2024-07-08,12,Third-party Delivery,Pizza,customer7752@example.com,3009925405
7753,Customer7753,User7753,Other,2003-07-21,2024-09-25,7,Website/App,BBQ,customer7753@example.com,3008927481
7754,Customer7754,User7754,Male,1999-05-11,2024-08-04,10,Third-party Delivery,Biryani,customer7754@example.com,3008521236
7755,Customer7755,User7755,Female,1999-10-07,2024-02-23,20,Dine-in,Desserts,customer7755@example.com,3002243274
7756,Customer7756,User7756,Male,1985-04-14,2024-08-17,4,Takeaway,Pizza,customer7756@example.com,3006562543
7757,Customer7757,User7757,Female,1987-03-27,2024-04-15,8,Third-party Delivery,Desserts,customer7757@example.com,3001339750
7758,Customer7758,User7758,Female,1976-05-27,2024-12-11,18,Third-party Delivery,Pizza,customer7758@example.com,3004633517
7759,Customer7759,User7759,Female,1987-04-05,2024-04-12,19,Dine-in,Sandwiches,customer7759@example.com,3005065358
7760,Customer7760,User7760,Male,2002-08-15,2024-06-25,11,Website/App,Beverages,customer7760@example.com,3005798292
7761,Customer7761,User7761,Male,1970-05-05,2024-02-26,1,Third-party Delivery,Salads,customer7761@example.com,3009721009
7762,Customer7762,User7762,Other,1991-08-14,2024-12-01,3,Third-party Delivery,Sandwiches,customer7762@example.com,3007549845
7763,Customer7763,User7763,Other,1998-10-07,2024-10-19,6,Third-party Delivery,Beverages,customer7763@example.com,3004266259
7764,Customer7764,User7764,Female,1972-12-28,2024-08-19,17,Dine-in,Salads,customer7764@example.com,3009168817
7765,Customer7765,User7765,Other,2004-10-21,2024-03-27,1,Third-party Delivery,Salads,customer7765@example.com,3009582445
7766,Customer7766,User7766,Male,1985-09-03,2024-01-04,7,Third-party Delivery,Biryani,customer7766@example.com,3005705592
7767,Customer7767,User7767,Male,2002-12-07,2024-02-20,11,Takeaway,Sandwiches,customer7767@example.com,3005374663
7768,Customer7768,User7768,Female,2000-05-28,2024-05-11,14,Takeaway,Biryani,customer7768@example.com,3003425103
7769,Customer7769,User7769,Other,1991-01-12,2024-05-21,13,Third-party Delivery,Beverages,customer7769@example.com,3009734581
7770,Customer7770,User7770,Other,1988-09-28,2024-09-27,1,Website/App,Salads,customer7770@example.com,3006557247
7771,Customer7771,User7771,Female,2000-05-06,2024-01-01,5,Takeaway,Rice,customer7771@example.com,3006096567
7772,Customer7772,User7772,Male,1998-02-10,2024-03-28,10,Takeaway,Beverages,customer7772@example.com,3009619245
7773,Customer7773,User7773,Male,1977-04-24,2024-08-28,6,Website/App,Salads,customer7773@example.com,3003632552
7774,Customer7774,User7774,Other,1988-01-26,2024-12-26,19,Third-party Delivery,Salads,customer7774@example.com,3008034211
7775,Customer7775,User7775,Female,2001-04-17,2024-11-11,8,Third-party Delivery,Pasta,customer7775@example.com,3002830483
7776,Customer7776,User7776,Male,1979-01-16,2024-03-03,11,Dine-in,Pasta,customer7776@example.com,3007446117
7777,Customer7777,User7777,Male,1981-03-05,2024-05-16,2,Takeaway,Biryani,customer7777@example.com,3002410572
7778,Customer7778,User7778,Male,1982-08-18,2024-01-02,13,Website/App,Burgers,customer7778@example.com,3007861709
7779,Customer7779,User7779,Female,1979-10-27,2024-04-18,12,Website/App,Pasta,customer7779@example.com,3001659504
7780,Customer7780,User7780,Female,1982-03-25,2024-01-02,17,Takeaway,Biryani,customer7780@example.com,3006029814
7781,Customer7781,User7781,Female,1977-04-02,2024-11-13,4,Dine-in,Beverages,customer7781@example.com,3007224256
7782,Customer7782,User7782,Female,2001-01-09,2024-02-19,7,Third-party Delivery,BBQ,customer7782@example.com,3001030496
7783,Customer7783,User7783,Female,1987-02-12,2024-02-04,17,Takeaway,Biryani,customer7783@example.com,3003854637
7784,Customer7784,User7784,Female,1977-04-22,2024-12-28,6,Website/App,Burgers,customer7784@example.com,3002307160
7785,Customer7785,User7785,Male,1978-04-06,2024-04-24,6,Dine-in,Rice,customer7785@example.com,3003277420
7786,Customer7786,User7786,Other,2004-06-27,2024-09-04,10,Takeaway,Desserts,customer7786@example.com,3004916713
7787,Customer7787,User7787,Female,1972-03-05,2024-02-23,9,Dine-in,Sandwiches,customer7787@example.com,3002561928
7788,Customer7788,User7788,Male,1975-10-27,2024-10-11,8,Takeaway,Pizza,customer7788@example.com,3001001094
7789,Customer7789,User7789,Female,2000-09-21,2024-05-22,6,Dine-in,BBQ,customer7789@example.com,3005140826
7790,Customer7790,User7790,Other,1990-02-23,2024-11-20,10,Dine-in,Salads,customer7790@example.com,3008857165
7791,Customer7791,User7791,Other,2004-02-16,2024-07-08,1,Dine-in,Salads,customer7791@example.com,3002720320
7792,Customer7792,User7792,Male,1992-05-26,2024-04-24,4,Third-party Delivery,Desserts,customer7792@example.com,3001869854
7793,Customer7793,User7793,Male,1988-02-01,2024-05-22,18,Takeaway,Burgers,customer7793@example.com,3007818796
7794,Customer7794,User7794,Female,1992-07-05,2024-11-21,1,Dine-in,Salads,customer7794@example.com,3004161124
7795,Customer7795,User7795,Other,1981-12-16,2024-04-14,12,Takeaway,Salads,customer7795@example.com,3004432210
7796,Customer7796,User7796,Other,1999-03-12,2024-11-24,5,Dine-in,Pasta,customer7796@example.com,3007354119
7797,Customer7797,User7797,Female,1996-12-24,2024-08-20,4,Third-party Delivery,Desserts,customer7797@example.com,3002203557
7798,Customer7798,User7798,Male,1999-10-10,2024-05-23,1,Dine-in,Rice,customer7798@example.com,3001364669
7799,Customer7799,User7799,Female,1998-03-11,2024-04-08,6,Website/App,Salads,customer7799@example.com,3008627098
7800,Customer7800,User7800,Male,1999-11-07,2024-01-13,18,Third-party Delivery,Beverages,customer7800@example.com,3009549183
7801,Customer7801,User7801,Female,1997-02-19,2024-03-27,2,Takeaway,Biryani,customer7801@example.com,3006782010
7802,Customer7802,User7802,Female,1972-05-01,2024-03-13,3,Third-party Delivery,Sandwiches,customer7802@example.com,3009722028
7803,Customer7803,User7803,Other,1986-06-22,2024-01-04,11,Third-party Delivery,Biryani,customer7803@example.com,3003784400
7804,Customer7804,User7804,Female,2004-05-17,2024-02-20,1,Third-party Delivery,Burgers,customer7804@example.com,3005872402
7805,Customer7805,User7805,Female,2004-03-23,2024-08-18,3,Website/App,Desserts,customer7805@example.com,3001597163
7806,Customer7806,User7806,Female,1997-05-20,2024-08-22,4,Third-party Delivery,Biryani,customer7806@example.com,3003077920
7807,Customer7807,User7807,Male,1995-10-17,2024-02-11,8,Takeaway,BBQ,customer7807@example.com,3007028690
7808,Customer7808,User7808,Male,1982-09-10,2024-04-01,20,Takeaway,Sandwiches,customer7808@example.com,3008611907
7809,Customer7809,User7809,Other,2002-11-07,2024-04-04,2,Takeaway,Burgers,customer7809@example.com,3009445341
7810,Customer7810,User7810,Female,1979-01-21,2024-06-13,9,Website/App,Salads,customer7810@example.com,3009784464
7811,Customer7811,User7811,Male,1982-05-09,2024-01-11,18,Website/App,Sandwiches,customer7811@example.com,3006980371
7812,Customer7812,User7812,Other,1993-02-19,2024-08-24,9,Takeaway,Salads,customer7812@example.com,3006799536
7813,Customer7813,User7813,Male,1986-05-25,2024-12-22,10,Takeaway,Burgers,customer7813@example.com,3007241631
7814,Customer7814,User7814,Female,1990-06-09,2024-10-03,6,Takeaway,Pizza,customer7814@example.com,3002642473
7815,Customer7815,User7815,Female,1988-10-10,2024-05-05,6,Takeaway,Biryani,customer7815@example.com,3006621279
7816,Customer7816,User7816,Other,2002-08-28,2024-05-05,15,Third-party Delivery,Rice,customer7816@example.com,3001058925
7817,Customer7817,User7817,Female,1990-11-11,2024-01-19,10,Third-party Delivery,Beverages,customer7817@example.com,3007372604
7818,Customer7818,User7818,Other,1988-02-14,2024-04-18,18,Takeaway,Beverages,customer7818@example.com,3002065251
7819,Customer7819,User7819,Male,1991-12-27,2024-10-25,6,Website/App,Pizza,customer7819@example.com,3003754020
7820,Customer7820,User7820,Male,1977-09-19,2024-12-10,13,Takeaway,Rice,customer7820@example.com,3002766506
7821,Customer7821,User7821,Male,1997-07-12,2024-06-13,8,Third-party Delivery,Rice,customer7821@example.com,3001007682
7822,Customer7822,User7822,Male,1988-11-27,2024-04-07,11,Dine-in,Pizza,customer7822@example.com,3006845309
7823,Customer7823,User7823,Female,1988-01-15,2024-11-21,12,Website/App,Sandwiches,customer7823@example.com,3005793495
7824,Customer7824,User7824,Male,1986-07-24,2024-08-07,11,Takeaway,Beverages,customer7824@example.com,3004274449
7825,Customer7825,User7825,Other,1994-03-12,2024-08-28,15,Website/App,Pizza,customer7825@example.com,3007593922
7826,Customer7826,User7826,Male,1997-06-14,2024-11-13,11,Third-party Delivery,Sandwiches,customer7826@example.com,3006199910
7827,Customer7827,User7827,Male,1995-04-08,2024-07-12,11,Third-party Delivery,Pizza,customer7827@example.com,3008509743
7828,Customer7828,User7828,Male,1975-01-14,2024-10-27,14,Third-party Delivery,Salads,customer7828@example.com,3007545528
7829,Customer7829,User7829,Other,1984-10-06,2024-05-19,14,Takeaway,Rice,customer7829@example.com,3006221025
7830,Customer7830,User7830,Female,1982-07-20,2024-03-17,11,Dine-in,Pasta,customer7830@example.com,3007971976
7831,Customer7831,User7831,Male,2003-04-16,2024-10-25,10,Third-party Delivery,Desserts,customer7831@example.com,3005860335
7832,Customer7832,User7832,Male,2001-12-07,2024-04-23,8,Third-party Delivery,Burgers,customer7832@example.com,3002942338
7833,Customer7833,User7833,Male,2000-09-14,2024-08-13,2,Website/App,Rice,customer7833@example.com,3005743859
7834,Customer7834,User7834,Other,1991-01-07,2024-06-18,4,Third-party Delivery,Pasta,customer7834@example.com,3006189936
7835,Customer7835,User7835,Other,2004-11-21,2024-01-21,13,Dine-in,Beverages,customer7835@example.com,3006230211
7836,Customer7836,User7836,Female,1989-09-26,2024-08-13,1,Website/App,Desserts,customer7836@example.com,3007563853
7837,Customer7837,User7837,Female,1997-01-07,2024-07-07,6,Website/App,Biryani,customer7837@example.com,3008231636
7838,Customer7838,User7838,Female,1981-03-16,2024-02-20,5,Dine-in,Desserts,customer7838@example.com,3004753220
7839,Customer7839,User7839,Female,1994-12-11,2024-07-14,15,Takeaway,Salads,customer7839@example.com,3001937396
7840,Customer7840,User7840,Female,1972-08-06,2024-08-22,16,Takeaway,Rice,,3007937618
7841,Customer7841,User7841,Female,1998-07-03,2024-05-15,14,Third-party Delivery,Pasta,customer7841@example.com,3008878397
7842,Customer7842,User7842,Other,1977-07-09,2024-01-06,6,Third-party Delivery,Pizza,customer7842@example.com,3003133728
7843,Customer7843,User7843,Male,1986-10-23,2024-05-27,11,Third-party Delivery,Biryani,customer7843@example.com,3005473912
7844,Customer7844,User7844,Other,1986-10-03,2024-08-14,9,Takeaway,Sandwiches,customer7844@example.com,3002616735
7845,Customer7845,User7845,Female,2003-11-03,2024-01-19,20,Website/App,Desserts,customer7845@example.com,3009603878
7846,Customer7846,User7846,Male,1985-04-17,2024-11-25,1,Third-party Delivery,Burgers,customer7846@example.com,3004709300
7847,Customer7847,User7847,Other,1985-12-04,2024-06-13,14,Third-party Delivery,Burgers,customer7847@example.com,3006707318
7848,Customer7848,User7848,Male,1985-11-27,2024-11-02,18,Website/App,Pizza,customer7848@example.com,3009985243
7849,Customer7849,User7849,Male,2004-11-13,2024-01-13,19,Third-party Delivery,Biryani,customer7849@example.com,3006160445
7850,Customer7850,User7850,Other,1993-07-24,2024-10-03,3,Dine-in,Rice,customer7850@example.com,3001225710
7851,Customer7851,User7851,Other,1998-06-17,2024-07-07,18,Dine-in,BBQ,customer7851@example.com,3001922613
7852,Customer7852,User7852,Female,1987-02-13,2024-02-13,13,Dine-in,Rice,customer7852@example.com,3001059941
7853,Customer7853,User7853,Female,1982-06-10,2024-09-12,7,Third-party Delivery,Pizza,customer7853@example.com,3001216039
7854,Customer7854,User7854,Female,2002-01-17,2024-09-01,11,Third-party Delivery,BBQ,customer7854@example.com,3009770842
7855,Customer7855,User7855,Other,2001-06-17,2024-12-09,2,Takeaway,BBQ,customer7855@example.com,3005090725
7856,Customer7856,User7856,Other,1999-02-27,2024-04-18,20,Takeaway,Desserts,customer7856@example.com,3004857756
7857,Customer7857,User7857,Female,1988-05-22,2024-05-11,18,Dine-in,Pasta,customer7857@example.com,3008342597
7858,Customer7858,User7858,Male,1973-02-19,2024-12-20,11,Takeaway,Sandwiches,customer7858@example.com,3002257320
7859,Customer7859,User7859,Female,1992-11-15,2024-11-17,6,Website/App,Pasta,customer7859@example.com,3007741966
7860,Customer7860,User7860,Female,1984-07-07,2024-01-12,4,Takeaway,Beverages,customer7860@example.com,3002405928
7861,Customer7861,User7861,Female,1982-08-20,2024-10-14,8,Dine-in,Desserts,customer7861@example.com,3005065961
7862,Customer7862,User7862,Male,1982-09-27,2024-06-13,18,Takeaway,Sandwiches,customer7862@example.com,3006593952
7863,Customer7863,User7863,Female,1972-12-24,2024-11-02,4,Website/App,Burgers,customer7863@example.com,3005067111
7864,Customer7864,User7864,Female,1983-02-28,2024-07-05,20,Takeaway,Rice,customer7864@example.com,3006397751
7865,Customer7865,User7865,Female,1981-02-28,2024-04-09,7,Takeaway,Pasta,customer7865@example.com,3008496553
7866,Customer7866,User7866,Male,1981-01-11,2024-08-10,20,Takeaway,Pizza,customer7866@example.com,3004677591
7867,Customer7867,User7867,Other,2004-07-01,2024-07-17,6,Third-party Delivery,Biryani,customer7867@example.com,3009575670
7868,Customer7868,User7868,Female,1972-03-09,2024-06-13,10,Website/App,Rice,customer7868@example.com,3002999730
7869,Customer7869,User7869,Other,1973-08-13,2024-11-19,2,Third-party Delivery,Burgers,customer7869@example.com,3001251884
7870,Customer7870,User7870,Other,1994-01-18,2024-10-14,15,Website/App,BBQ,customer7870@example.com,3004822268
7871,Customer7871,User7871,Other,1990-10-25,2024-04-09,12,Third-party Delivery,Pizza,customer7871@example.com,3007819810
7872,Customer7872,User7872,Other,1977-06-21,2024-11-27,14,Takeaway,Rice,customer7872@example.com,3007531691
7873,Customer7873,User7873,Male,1996-11-03,2024-01-25,3,Takeaway,Biryani,customer7873@example.com,3004574422
7874,Customer7874,User7874,Male,1981-04-01,2024-04-13,16,Takeaway,Sandwiches,customer7874@example.com,3009451408
7875,Customer7875,User7875,Female,1998-04-02,2024-09-03,14,Dine-in,Rice,customer7875@example.com,3006748605
7876,Customer7876,User7876,Male,1983-12-24,2024-05-05,2,Third-party Delivery,Biryani,customer7876@example.com,3009516437
7877,Customer7877,User7877,Other,1991-12-17,2024-12-01,9,Takeaway,BBQ,customer7877@example.com,3006538054
7878,Customer7878,User7878,Male,1974-11-14,2024-09-24,18,Takeaway,Salads,customer7878@example.com,3003684325
7879,Customer7879,User7879,Male,1974-05-26,2024-04-21,13,Third-party Delivery,Beverages,customer7879@example.com,3006807734
7880,Customer7880,User7880,Other,1998-04-07,2024-12-22,9,Third-party Delivery,Sandwiches,customer7880@example.com,3009094549
7881,Customer7881,User7881,Female,1995-09-05,2024-10-07,2,Dine-in,Desserts,customer7881@example.com,3004502552
7882,Customer7882,User7882,Female,1970-04-17,2024-08-26,16,Website/App,Sandwiches,customer7882@example.com,3005508928
7883,Customer7883,User7883,Male,2002-11-11,2024-01-17,17,Takeaway,Pasta,customer7883@example.com,3008565826
7884,Customer7884,User7884,Male,1988-05-24,2024-06-25,12,Website/App,Biryani,customer7884@example.com,3005122746
7885,Customer7885,User7885,Female,2002-09-16,2024-11-09,6,Dine-in,Burgers,customer7885@example.com,3005471170
7886,Customer7886,User7886,Male,2004-01-12,2024-05-22,15,Website/App,Beverages,customer7886@example.com,3009573957
7887,Customer7887,User7887,Male,1970-02-17,2024-07-27,2,Dine-in,Desserts,customer7887@example.com,3007167525
7888,Customer7888,User7888,Other,1984-10-08,2024-11-23,19,Website/App,Sandwiches,customer7888@example.com,3008573835
7889,Customer7889,User7889,Female,1970-01-28,2024-12-09,6,Third-party Delivery,Burgers,customer7889@example.com,3009636449
7890,Customer7890,User7890,Male,1996-06-10,2024-12-27,17,Website/App,Rice,customer7890@example.com,3004627420
7891,Customer7891,User7891,Other,1970-12-12,2024-04-14,8,Website/App,Desserts,customer7891@example.com,3002334376
7892,Customer7892,User7892,Other,1994-08-17,2024-01-09,15,Dine-in,Pasta,customer7892@example.com,3006201472
7893,Customer7893,User7893,Female,1992-03-19,2024-03-12,17,Takeaway,BBQ,customer7893@example.com,3002804415
7894,Customer7894,User7894,Female,2004-01-18,2024-08-09,11,Takeaway,Pizza,customer7894@example.com,3009500934
7895,Customer7895,User7895,Other,1982-02-25,2024-12-02,12,Third-party Delivery,Sandwiches,customer7895@example.com,3009733424
7896,Customer7896,User7896,Female,1986-07-03,2024-09-09,3,Third-party Delivery,Pasta,customer7896@example.com,3009357201
7897,Customer7897,User7897,Male,1986-02-22,2024-08-18,15,Website/App,Pizza,customer7897@example.com,3001501797
7898,Customer7898,User7898,Female,1995-07-07,2024-03-14,6,Website/App,Sandwiches,customer7898@example.com,3004659356
7899,Customer7899,User7899,Male,1981-06-25,2024-12-22,16,Third-party Delivery,Pasta,customer7899@example.com,3004904272
7900,Customer7900,User7900,Female,2000-09-13,2024-07-13,15,Takeaway,Sandwiches,customer7900@example.com,3001471776
7901,Customer7901,User7901,Male,1979-02-04,2024-11-22,6,Website/App,Pasta,customer7901@example.com,3008205785
7902,Customer7902,User7902,Male,1992-05-16,2024-10-19,17,Website/App,BBQ,customer7902@example.com,3002699398
7903,Customer7903,User7903,Other,1992-02-20,2024-10-14,17,Takeaway,Biryani,customer7903@example.com,3009067436
7904,Customer7904,User7904,Other,1996-03-26,2024-09-19,2,Takeaway,Rice,customer7904@example.com,3009136466
7905,Customer7905,User7905,Male,1971-06-19,2024-07-01,6,Takeaway,Rice,customer7905@example.com,3009549537
7906,Customer7906,User7906,Male,1987-08-23,2024-04-05,16,Takeaway,Biryani,customer7906@example.com,3005574538
7907,Customer7907,User7907,Male,2001-06-18,2024-12-23,4,Dine-in,Sandwiches,customer7907@example.com,3003247746
7908,Customer7908,User7908,Female,1994-12-20,2024-12-28,15,Dine-in,Beverages,customer7908@example.com,3007179300
7909,Customer7909,User7909,Male,1977-05-22,2024-08-15,15,Dine-in,Sandwiches,customer7909@example.com,3004398391
7910,Customer7910,User7910,Male,1990-10-07,2024-09-02,20,Third-party Delivery,Biryani,customer7910@example.com,3008795152
7911,Customer7911,User7911,Other,1995-02-03,2024-09-24,19,Dine-in,Salads,customer7911@example.com,3003763853
7912,Customer7912,User7912,Other,1984-11-23,2024-05-25,9,Dine-in,Biryani,customer7912@example.com,3008276269
7913,Customer7913,User7913,Other,1972-11-17,2024-04-11,18,Third-party Delivery,BBQ,customer7913@example.com,3004562160
7914,Customer7914,User7914,Female,1989-01-28,2024-09-26,11,Website/App,Biryani,customer7914@example.com,3001023891
7915,Customer7915,User7915,Female,1993-11-09,2024-10-06,17,Third-party Delivery,Sandwiches,customer7915@example.com,3008845552
7916,Customer7916,User7916,Other,1991-07-15,2024-06-08,17,Third-party Delivery,Sandwiches,customer7916@example.com,3009673493
7917,Customer7917,User7917,Male,1989-06-21,2024-04-25,19,Takeaway,BBQ,customer7917@example.com,3002461831
7918,Customer7918,User7918,Male,1982-08-07,2024-04-26,6,Third-party Delivery,BBQ,customer7918@example.com,3001871235
7919,Customer7919,User7919,Other,1976-10-21,2024-05-10,10,Dine-in,Biryani,customer7919@example.com,3001400919
7920,Customer7920,User7920,Other,1988-03-26,2024-08-08,12,Dine-in,Salads,customer7920@example.com,3003144013
7921,Customer7921,User7921,Male,1990-08-22,2024-09-14,9,Website/App,Beverages,customer7921@example.com,3003737590
7922,Customer7922,User7922,Other,1997-02-26,2024-03-01,11,Takeaway,Beverages,customer7922@example.com,3008505394
7923,Customer7923,User7923,Male,1972-02-19,2024-01-13,6,Website/App,Sandwiches,customer7923@example.com,3007251481
7924,Customer7924,User7924,Male,1974-11-22,2024-03-28,5,Website/App,Sandwiches,customer7924@example.com,3003576628
7925,Customer7925,User7925,Female,1988-04-15,2024-07-26,5,Takeaway,Burgers,customer7925@example.com,3008110893
7926,Customer7926,User7926,Female,1992-05-12,2024-07-21,14,Third-party Delivery,Burgers,customer7926@example.com,3004181688
7927,Customer7927,User7927,Female,1973-08-02,2024-02-27,2,Website/App,Pasta,customer7927@example.com,3009113115
7928,Customer7928,User7928,Female,1984-09-17,2024-12-05,11,Third-party Delivery,Beverages,customer7928@example.com,3005276622
7929,Customer7929,User7929,Other,1983-08-03,2024-02-16,3,Website/App,Sandwiches,customer7929@example.com,3002793465
7930,Customer7930,User7930,Other,1974-12-24,2024-08-27,18,Dine-in,Beverages,customer7930@example.com,3009182224
7931,Customer7931,User7931,Female,2002-02-12,2024-09-19,4,Third-party Delivery,Biryani,customer7931@example.com,3004956892
7932,Customer7932,User7932,Other,1983-08-17,2024-05-02,17,Third-party Delivery,Pizza,customer7932@example.com,3007107778
7933,Customer7933,User7933,Female,1975-06-28,2024-07-27,6,Dine-in,Burgers,customer7933@example.com,3001819627
7934,Customer7934,User7934,Male,1986-08-23,2024-02-26,19,Website/App,Burgers,customer7934@example.com,3008284877
7935,Customer7935,User7935,Other,1991-07-17,2024-06-26,19,Dine-in,Burgers,customer7935@example.com,3004249575
7936,Customer7936,User7936,Female,1970-09-14,2024-02-10,14,Takeaway,Salads,customer7936@example.com,3002380602
7937,Customer7937,User7937,Male,1979-08-21,2024-05-06,7,Third-party Delivery,Beverages,customer7937@example.com,3004256390
7938,Customer7938,User7938,Female,1997-03-08,2024-02-24,9,Third-party Delivery,Burgers,customer7938@example.com,3002557299
7939,Customer7939,User7939,Male,1995-11-01,2024-12-12,14,Takeaway,Salads,customer7939@example.com,3003161123
7940,Customer7940,User7940,Female,1994-10-06,2024-04-13,5,Dine-in,Pizza,customer7940@example.com,3004894068
7941,Customer7941,User7941,Female,1979-02-09,2024-12-17,16,Third-party Delivery,Rice,customer7941@example.com,3001522326
7942,Customer7942,User7942,Male,2002-07-05,2024-09-04,3,Dine-in,Rice,customer7942@example.com,3003007851
7943,Customer7943,User7943,Other,1995-12-17,2024-09-11,7,Website/App,Salads,customer7943@example.com,3002157721
7944,Customer7944,User7944,Male,1992-09-06,2024-11-14,8,Third-party Delivery,BBQ,customer7944@example.com,3008493032
7945,Customer7945,User7945,Other,2003-12-17,2024-03-10,11,Dine-in,Salads,customer7945@example.com,3009736208
7946,Customer7946,User7946,Female,2004-02-24,2024-04-07,19,Dine-in,Desserts,customer7946@example.com,3003492785
7947,Customer7947,User7947,Male,1978-09-17,2024-03-21,8,Takeaway,Desserts,customer7947@example.com,3006362640
7948,Customer7948,User7948,Female,1975-04-17,2024-08-02,12,Website/App,BBQ,customer7948@example.com,3005722122
7949,Customer7949,User7949,Male,1991-12-10,2024-08-11,12,Takeaway,Biryani,customer7949@example.com,3005948602
7950,Customer7950,User7950,Male,1982-07-27,2024-10-02,16,Dine-in,Biryani,customer7950@example.com,3006022620
7951,Customer7951,User7951,Other,1977-05-22,2024-02-01,16,Dine-in,Desserts,customer7951@example.com,3008702809
7952,Customer7952,User7952,Other,1996-08-25,2024-06-24,7,Third-party Delivery,Burgers,customer7952@example.com,3001009172
7953,Customer7953,User7953,Female,1990-05-11,2024-08-20,10,Takeaway,Desserts,customer7953@example.com,3007203126
7954,Customer7954,User7954,Male,1999-04-15,2024-04-06,13,Website/App,Rice,customer7954@example.com,3008566817
7955,Customer7955,User7955,Male,1986-05-09,2024-10-16,4,Takeaway,Biryani,customer7955@example.com,3007336233
7956,Customer7956,User7956,Other,1990-02-10,2024-11-21,8,Third-party Delivery,Salads,customer7956@example.com,3003721158
7957,Customer7957,User7957,Male,1973-10-04,2024-03-12,17,Website/App,Rice,customer7957@example.com,3006234120
7958,Customer7958,User7958,Other,1973-03-20,2024-08-01,17,Website/App,Rice,customer7958@example.com,3009515904
7959,Customer7959,User7959,Other,2000-01-14,2024-11-09,2,Dine-in,Rice,customer7959@example.com,3009289190
7960,Customer7960,User7960,Female,1995-08-18,2024-03-14,8,Third-party Delivery,Sandwiches,customer7960@example.com,3003119933
7961,Customer7961,User7961,Female,1995-02-01,2024-06-24,19,Takeaway,Pizza,customer7961@example.com,3001386010
7962,Customer7962,User7962,Female,1989-08-20,2024-05-01,11,Dine-in,Pasta,customer7962@example.com,3002734882
7963,Customer7963,User7963,Female,1987-10-01,2024-07-25,2,Takeaway,Pasta,customer7963@example.com,3008043565
7964,Customer7964,User7964,Other,1980-08-01,2024-07-03,1,Website/App,Burgers,customer7964@example.com,3001976388
7965,Customer7965,User7965,Other,1976-08-26,2024-02-20,12,Takeaway,Desserts,customer7965@example.com,3003504698
7966,Customer7966,User7966,Other,1976-08-16,2024-12-09,1,Website/App,Desserts,customer7966@example.com,3008405736
7967,Customer7967,User7967,Female,1983-02-26,2024-11-24,4,Website/App,BBQ,customer7967@example.com,3006408469
7968,Customer7968,User7968,Other,1974-07-10,2024-04-24,8,Takeaway,Beverages,customer7968@example.com,3009968320
7969,Customer7969,User7969,Male,1994-08-01,2024-01-19,15,Website/App,Pizza,customer7969@example.com,3007964467
7970,Customer7970,User7970,Other,1978-09-22,2024-12-16,12,Third-party Delivery,Pizza,customer7970@example.com,3008714743
7971,Customer7971,User7971,Male,1982-01-22,2024-08-11,12,Third-party Delivery,Beverages,customer7971@example.com,3007825855
7972,Customer7972,User7972,Other,1976-07-11,2024-09-09,4,Takeaway,Burgers,customer7972@example.com,3001621003
7973,Customer7973,User7973,Other,1983-03-06,2024-01-14,10,Third-party Delivery,Biryani,customer7973@example.com,3001361007
7974,Customer7974,User7974,Female,1997-08-06,2024-10-17,8,Third-party Delivery,Pizza,customer7974@example.com,3006120935
7975,Customer7975,User7975,Other,1975-12-28,2024-01-06,17,Takeaway,Salads,customer7975@example.com,3007766484
7976,Customer7976,User7976,Male,2002-11-01,2024-03-14,10,Takeaway,Beverages,customer7976@example.com,3001915045
7977,Customer7977,User7977,Male,1974-06-04,2024-11-06,6,Third-party Delivery,Pasta,customer7977@example.com,3009828022
7978,Customer7978,User7978,Male,1998-08-06,2024-10-21,6,Website/App,Desserts,customer7978@example.com,3009912820
7979,Customer7979,User7979,Male,1997-04-14,2024-09-04,5,Takeaway,Burgers,customer7979@example.com,3006459087
7980,Customer7980,User7980,Other,1984-03-27,2024-06-05,14,Dine-in,Burgers,customer7980@example.com,3002148840
7981,Customer7981,User7981,Other,1975-09-21,2024-02-06,8,Dine-in,Desserts,customer7981@example.com,3004564362
7982,Customer7982,User7982,Other,2003-09-22,2024-01-27,3,Takeaway,Biryani,customer7982@example.com,3002464755
7983,Customer7983,User7983,Male,1986-11-07,2024-12-25,14,Website/App,Biryani,customer7983@example.com,3002596146
7984,Customer7984,User7984,Male,1974-01-15,2024-11-09,11,Takeaway,Burgers,customer7984@example.com,3006838757
7985,Customer7985,User7985,Other,1973-01-19,2024-10-03,3,Third-party Delivery,Pizza,customer7985@example.com,3006394860
7986,Customer7986,User7986,Other,1971-09-26,2024-06-21,4,Dine-in,Pizza,customer7986@example.com,3006416279
7987,Customer7987,User7987,Male,1989-02-06,2024-03-24,11,Dine-in,Pizza,customer7987@example.com,3002904751
7988,Customer7988,User7988,Male,2002-08-25,2024-06-02,17,Takeaway,Sandwiches,customer7988@example.com,3008843793
7989,Customer7989,User7989,Male,1982-10-02,2024-10-16,8,Dine-in,Desserts,customer7989@example.com,3002588809
7990,Customer7990,User7990,Female,1985-08-04,2024-10-03,2,Website/App,Pasta,customer7990@example.com,3002859407
7991,Customer7991,User7991,Female,1977-05-13,2024-12-18,17,Dine-in,Desserts,customer7991@example.com,3006336194
7992,Customer7992,User7992,Female,1974-01-19,2024-06-18,8,Website/App,Beverages,customer7992@example.com,3005016828
7993,Customer7993,User7993,Female,1974-03-15,2024-06-08,14,Takeaway,BBQ,customer7993@example.com,3008935730
7994,Customer7994,User7994,Other,1973-06-06,2024-04-22,7,Website/App,Desserts,,3006663911
7995,Customer7995,User7995,Male,1974-08-18,2024-04-12,14,Takeaway,Sandwiches,customer7995@example.com,3005532207
7996,Customer7996,User7996,Male,1993-09-11,2024-09-18,3,Dine-in,Beverages,customer7996@example.com,3007226123
7997,Customer7997,User7997,Female,1998-08-03,2024-08-01,15,Third-party Delivery,Pasta,customer7997@example.com,3008924836
7998,Customer7998,User7998,Female,1997-03-15,2024-02-02,13,Dine-in,Burgers,customer7998@example.com,3005782513
7999,Customer7999,User7999,Male,1972-04-01,2024-08-07,12,Takeaway,Beverages,customer7999@example.com,3007551927
8000,Customer8000,User8000,Other,1979-09-03,2024-06-20,15,Dine-in,Burgers,customer8000@example.com,3008833923
