inventory_id,restaurant_id,menu_item_id,inventory_date,opening_stock,received_quantity,sold_quantity,closing_stock,reorder_level,stock_status
1,5,145,2025-10-13,172,8,107,73,51,In Stock
2,17,77,2025-02-16,225,96,149,172,37,In Stock
3,10,110,2025-11-09,127,26,139,14,24,Low Stock
4,6,26,2025-10-10,67,16,82,1,54,Low Stock
5,5,145,2025-10-13,247,79,128,198,13,In Stock
6,9,29,2025-10-19,79,5,51,33,45,Low Stock
7,4,84,2025-02-05,226,122,57,291,39,In Stock
8,9,89,2025-12-19,75,69,19,125,58,In Stock
9,18,138,2025-09-12,110,137,16,231,43,In Stock
10,9,149,2025-03-25,123,108,73,158,60,In Stock
11,8,108,2025-12-06,126,90,80,136,34,In Stock
12,20,20,2025-06-22,112,147,94,165,54,In Stock
13,8,128,2025-01-17,81,115,136,60,18,In Stock
14,17,57,2025-04-04,240,15,85,170,47,In Stock
15,8,8,2025-12-10,137,130,73,194,56,In Stock
16,17,77,2025-01-25,214,42,13,243,58,In Stock
17,2,122,2025-11-28,60,64,99,25,44,Low Stock
18,15,75,2025-04-11,27,52,18,61,11,In Stock
19,8,48,2025-02-09,232,40,106,166,51,In Stock
20,5,5,2025-09-04,215,104,51,268,20,In Stock
21,15,55,2025-02-10,157,6,76,87,49,In Stock
22,14,14,2025-10-24,157,109,7,259,50,In Stock
23,5,145,2025-01-19,205,116,132,189,14,In Stock
24,19,99,2025-10-17,151,105,45,211,58,In Stock
25,7,87,2025-02-01,82,91,35,138,60,In Stock
26,19,79,2025-07-01,231,52,135,148,59,In Stock
27,2,2,2025-09-02,164,130,39,255,16,In Stock
28,18,138,2025-07-15,157,63,39,181,16,In Stock
29,2,122,2025-08-23,221,137,66,292,26,In Stock
30,10,110,2025-12-19,131,130,71,190,13,In Stock
31,3,103,2025-06-25,216,105,119,202,25,In Stock
32,17,17,2025-09-14,33,141,118,56,43,In Stock
33,4,24,2025-12-14,180,83,88,175,33,In Stock
34,15,15,2025-01-12,157,0,34,123,57,In Stock
35,12,72,2025-10-01,246,147,51,342,27,In Stock
36,1,21,2025-10-05,84,98,88,94,16,In Stock
37,9,149,2025-12-17,149,64,41,172,13,In Stock
38,11,91,2025-10-11,47,47,48,46,53,Low Stock
39,17,17,2025-09-26,228,139,139,228,58,In Stock
40,10,50,2025-02-11,102,73,56,119,46,In Stock
41,6,46,2025-03-18,230,5,1,234,54,In Stock
42,20,100,2025-06-18,234,101,129,206,51,In Stock
43,4,84,2025-06-19,120,69,84,105,14,In Stock
44,4,24,2025-05-25,38,74,87,25,38,Low Stock
45,18,98,2025-09-06,107,59,143,23,31,Low Stock
46,6,86,2025-01-27,172,130,17,285,40,In Stock
47,15,115,2025-08-25,56,127,5,178,20,In Stock
48,18,38,2025-07-13,95,77,70,102,23,In Stock
49,20,120,2025-02-18,48,117,107,58,60,Low Stock
50,10,130,2025-03-12,211,67,25,253,21,In Stock
51,12,12,2025-06-22,144,89,6,227,34,In Stock
52,5,25,2025-08-13,218,61,67,212,37,In Stock
53,7,7,2025-03-04,108,121,50,179,34,In Stock
54,5,65,2025-01-03,170,75,145,100,20,In Stock
55,13,113,2025-06-11,208,8,37,179,13,In Stock
56,14,134,2025-04-18,167,28,35,160,30,In Stock
57,8,28,2025-12-06,171,54,132,93,16,In Stock
58,18,118,2025-08-08,114,44,50,108,10,In Stock
59,6,86,2025-02-05,70,139,40,169,15,In Stock
60,3,83,2025-03-25,233,126,80,279,42,In Stock
61,14,54,2025-04-08,165,81,39,207,28,In Stock
62,9,109,2025-01-28,69,60,9,120,45,In Stock
63,8,148,2025-04-24,119,61,63,117,13,In Stock
64,8,128,2025-08-16,158,122,18,262,13,In Stock
65,9,49,2025-05-23,118,43,85,76,10,In Stock
66,2,22,2025-06-13,38,97,84,51,33,In Stock
67,18,38,2025-02-07,178,118,74,222,45,In Stock
68,18,18,2025-03-17,189,101,150,140,40,In Stock
69,16,96,2025-10-08,218,131,90,259,16,In Stock
70,5,105,2025-06-12,115,123,96,142,57,In Stock
71,16,116,2025-06-04,226,19,1,244,44,In Stock
72,19,79,2025-03-06,134,138,119,153,35,In Stock
73,9,89,2025-08-04,66,55,113,8,23,Low Stock
74,10,10,2025-01-28,108,79,128,59,26,In Stock
75,16,116,2025-01-13,250,113,67,296,28,In Stock
76,11,11,2025-02-05,226,90,18,298,16,In Stock
77,2,122,2025-02-16,199,135,43,291,20,In Stock
78,11,111,2025-09-17,222,87,19,290,48,In Stock
79,20,80,2025-12-11,129,132,53,208,18,In Stock
80,10,150,2025-10-27,35,71,102,4,48,Low Stock
81,5,5,2025-11-16,123,65,102,86,19,In Stock
82,19,119,2025-03-17,90,53,97,46,12,In Stock
83,8,88,2025-06-19,75,124,64,135,16,In Stock
84,1,41,2025-12-23,215,90,111,194,24,In Stock
85,19,79,2025-12-14,236,128,97,267,15,In Stock
86,2,102,2025-07-07,219,29,8,240,35,In Stock
87,5,85,2025-04-23,146,123,63,206,11,In Stock
88,7,127,2025-02-01,28,97,58,67,45,In Stock
89,15,55,2025-03-23,38,47,7,78,22,In Stock
90,4,44,2025-05-28,131,82,58,155,50,In Stock
91,10,50,2025-01-22,97,48,71,74,25,In Stock
92,19,39,2025-10-07,209,8,47,170,16,In Stock
93,2,62,2025-03-03,247,1,8,240,24,In Stock
94,6,66,2025-05-11,70,86,121,35,45,Low Stock
95,14,94,2025-06-25,20,110,102,28,23,In Stock
96,1,101,2025-05-15,118,19,101,36,19,In Stock
97,20,100,2025-09-14,126,133,136,123,18,In Stock
98,8,128,2025-10-16,111,95,60,146,24,In Stock
99,2,122,2025-04-15,113,53,99,67,46,In Stock
100,13,33,2025-04-07,131,129,122,138,55,In Stock
101,18,58,2025-08-02,154,86,148,92,58,In Stock
102,11,111,2025-11-27,148,9,5,152,58,In Stock
103,14,114,2025-02-12,28,112,125,15,17,Low Stock
104,18,38,2025-01-12,218,103,141,180,41,In Stock
105,13,13,2025-03-18,181,108,95,194,26,In Stock
106,12,112,2025-10-03,63,40,46,57,14,In Stock
107,12,92,2025-03-01,73,140,38,175,39,In Stock
108,3,143,2025-11-14,191,14,69,136,35,In Stock
109,3,83,2025-03-23,81,130,107,104,17,In Stock
110,10,50,2025-07-10,146,68,20,194,22,In Stock
111,16,136,2025-05-13,184,110,61,233,13,In Stock
112,18,98,2025-04-24,38,125,55,108,11,In Stock
113,8,8,2025-09-26,39,118,50,107,22,In Stock
114,7,27,2025-07-04,113,10,47,76,36,In Stock
115,16,96,2025-09-27,78,81,108,51,59,Low Stock
116,19,119,2025-12-07,150,106,149,107,32,In Stock
117,10,90,2025-09-04,127,17,12,132,21,In Stock
118,2,122,2025-02-12,217,110,103,224,52,In Stock
119,15,115,2025-06-01,165,93,61,197,52,In Stock
120,15,75,2025-12-08,136,109,27,218,15,In Stock
121,19,19,2025-05-13,87,137,52,172,46,In Stock
122,10,150,2025-04-22,55,33,7,81,44,In Stock
123,20,20,2025-03-12,216,42,142,116,27,In Stock
124,13,33,2025-08-12,198,71,84,185,45,In Stock
125,7,27,2025-02-15,114,28,16,126,37,In Stock
126,4,84,2025-07-02,89,106,74,121,10,In Stock
127,16,36,2025-02-02,203,2,43,162,32,In Stock
128,14,94,2025-07-24,157,121,34,244,30,In Stock
129,1,101,2025-11-10,86,54,128,12,19,Low Stock
130,8,108,2025-12-25,83,86,100,69,31,In Stock
131,5,125,2025-08-25,207,106,94,219,58,In Stock
132,8,148,2025-06-10,89,65,18,136,22,In Stock
133,3,143,2025-05-18,153,139,117,175,31,In Stock
134,10,70,2025-11-13,121,37,128,30,18,In Stock
135,9,89,2025-09-09,198,97,7,288,35,In Stock
136,9,89,2025-01-18,99,109,84,124,24,In Stock
137,12,92,2025-07-06,56,148,142,62,54,In Stock
138,11,71,2025-08-13,57,99,143,13,19,Low Stock
139,17,17,2025-12-16,82,111,96,97,18,In Stock
140,8,8,2025-01-16,233,119,86,266,39,In Stock
141,15,135,2025-02-25,180,113,44,249,16,In Stock
142,10,70,2025-11-23,180,55,101,134,41,In Stock
143,1,21,2025-07-16,170,140,146,164,12,In Stock
144,8,48,2025-06-09,159,116,114,161,29,In Stock
145,14,14,2025-10-06,92,16,21,87,16,In Stock
146,17,37,2025-06-03,45,131,96,80,50,In Stock
147,9,49,2025-09-05,117,26,94,49,34,In Stock
148,17,137,2025-09-05,178,125,16,287,42,In Stock
149,7,67,2025-04-02,137,150,126,161,17,In Stock
150,1,141,2025-03-07,34,35,23,46,19,In Stock
151,17,17,2025-06-12,188,96,39,245,51,In Stock
152,9,29,2025-12-23,196,21,39,178,57,In Stock
153,6,126,2025-07-10,48,86,24,110,22,In Stock
154,2,62,2025-07-05,241,113,47,307,51,In Stock
155,6,66,2025-01-20,232,64,105,191,41,In Stock
156,18,78,2025-08-13,121,148,90,179,26,In Stock
157,9,109,2025-04-12,177,22,119,80,23,In Stock
158,9,109,2025-10-25,81,21,58,44,57,Low Stock
159,20,100,2025-08-02,207,136,5,338,14,In Stock
160,5,105,2025-01-04,51,149,57,143,11,In Stock
161,20,20,2025-12-28,140,51,25,166,52,In Stock
162,14,114,2025-04-08,61,76,84,53,58,Low Stock
163,11,31,2025-12-19,157,143,30,270,32,In Stock
164,12,92,2025-03-28,250,94,12,332,50,In Stock
165,12,132,2025-03-03,128,145,106,167,42,In Stock
166,17,57,2025-09-18,220,71,75,216,14,In Stock
167,1,101,2025-08-13,171,64,114,121,18,In Stock
168,20,80,2025-03-04,121,16,37,100,25,In Stock
169,1,101,2025-10-04,211,146,103,254,59,In Stock
170,2,2,2025-12-28,237,149,39,347,45,In Stock
171,11,71,2025-12-02,76,141,121,96,42,In Stock
172,17,57,2025-11-25,77,138,85,130,38,In Stock
173,4,104,2025-01-23,43,9,24,28,23,In Stock
174,4,44,2025-05-28,246,20,127,139,38,In Stock
175,3,83,2025-06-02,118,94,145,67,56,In Stock
176,4,144,2025-03-14,146,27,142,31,25,In Stock
177,9,109,2025-01-04,215,129,98,246,10,In Stock
178,13,113,2025-11-08,188,137,80,245,51,In Stock
179,7,27,2025-05-09,59,2,2,59,34,In Stock
180,2,142,2025-01-28,132,66,95,103,34,In Stock
181,10,10,2025-12-11,32,131,3,160,51,In Stock
182,7,147,2025-06-23,53,43,46,50,37,In Stock
183,1,21,2025-06-24,198,51,122,127,20,In Stock
184,3,123,2025-02-02,224,22,75,171,15,In Stock
185,11,111,2025-01-16,65,120,26,159,36,In Stock
186,7,147,2025-06-21,205,119,54,270,32,In Stock
187,16,76,2025-05-23,189,78,41,226,51,In Stock
188,1,61,2025-03-20,221,133,137,217,29,In Stock
189,4,144,2025-09-24,148,139,92,195,45,In Stock
190,9,109,2025-02-19,135,9,12,132,28,In Stock
191,18,118,2025-06-03,207,90,79,218,47,In Stock
192,2,42,2025-10-01,217,75,37,255,42,In Stock
193,2,82,2025-03-10,205,123,77,251,29,In Stock
194,13,113,2025-11-27,206,98,113,191,56,In Stock
195,13,93,2025-02-03,67,69,46,90,15,In Stock
196,7,47,2025-04-13,76,24,64,36,27,In Stock
197,2,2,2025-01-05,236,148,7,377,17,In Stock
198,1,101,2025-12-07,238,114,128,224,14,In Stock
199,17,77,2025-03-14,99,8,8,99,14,In Stock
200,2,42,2025-04-15,152,13,61,104,59,In Stock
201,6,106,2025-09-20,229,47,132,144,57,In Stock
202,4,44,2025-03-21,125,87,13,199,22,In Stock
203,6,6,2025-10-28,64,141,128,77,50,In Stock
204,13,93,2025-01-23,42,140,23,159,38,In Stock
205,19,119,2025-05-24,238,74,105,207,25,In Stock
206,13,93,2025-12-06,85,84,128,41,54,Low Stock
207,9,109,2025-03-23,144,119,23,240,45,In Stock
208,1,101,2025-04-07,234,68,131,171,36,In Stock
209,3,63,2025-08-13,166,136,41,261,44,In Stock
210,7,7,2025-10-05,221,134,22,333,41,In Stock
211,19,119,2025-05-07,108,88,94,102,60,In Stock
212,15,135,2025-02-01,26,121,37,110,34,In Stock
213,16,76,2025-01-10,101,96,20,177,13,In Stock
214,17,17,2025-11-15,208,60,7,261,16,In Stock
215,10,110,2025-06-11,40,141,131,50,30,In Stock
216,10,10,2025-08-14,23,91,23,91,29,In Stock
217,20,60,2025-11-24,24,124,95,53,46,In Stock
218,9,89,2025-12-10,141,117,79,179,51,In Stock
219,1,1,2025-06-09,98,84,120,62,22,In Stock
220,5,25,2025-10-19,196,75,120,151,26,In Stock
221,5,65,2025-06-13,163,34,8,189,36,In Stock
222,10,10,2025-03-02,122,63,85,100,45,In Stock
223,8,68,2025-11-16,78,99,34,143,13,In Stock
224,17,137,2025-07-20,162,5,110,57,20,In Stock
225,6,6,2025-07-11,33,107,89,51,50,In Stock
226,9,89,2025-01-13,29,58,79,8,39,Low Stock
227,16,136,2025-03-20,66,112,30,148,57,In Stock
228,2,62,2025-02-20,137,131,42,226,36,In Stock
229,13,93,2025-10-01,140,150,2,288,31,In Stock
230,4,144,2025-09-26,147,150,34,263,18,In Stock
231,15,15,2025-03-08,243,19,73,189,19,In Stock
232,4,104,2025-12-18,240,14,3,251,17,In Stock
233,19,99,2025-09-06,148,110,124,134,41,In Stock
234,19,139,2025-08-26,217,98,34,281,13,In Stock
235,12,32,2025-10-15,43,90,71,62,60,In Stock
236,5,25,2025-05-13,229,46,27,248,48,In Stock
237,12,12,2025-04-09,66,45,82,29,18,In Stock
238,4,64,2025-04-08,194,69,138,125,38,In Stock
239,14,74,2025-10-15,159,124,37,246,53,In Stock
240,19,79,2025-07-04,231,88,71,248,14,In Stock
241,6,86,2025-09-01,106,85,132,59,51,In Stock
242,12,32,2025-05-04,198,123,22,299,42,In Stock
243,18,58,2025-05-28,228,1,127,102,39,In Stock
244,11,91,2025-09-05,159,53,72,140,39,In Stock
245,15,115,2025-06-01,235,5,23,217,14,In Stock
246,4,64,2025-05-13,77,35,42,70,10,In Stock
247,9,109,2025-11-17,80,107,61,126,10,In Stock
248,7,87,2025-01-26,105,61,74,92,13,In Stock
249,2,82,2025-09-05,143,42,91,94,48,In Stock
250,20,80,2025-05-12,154,90,11,233,29,In Stock
251,18,38,2025-04-05,63,120,86,97,14,In Stock
252,17,137,2025-07-19,89,71,18,142,49,In Stock
253,4,4,2025-12-14,87,140,82,145,42,In Stock
254,5,65,2025-08-09,79,122,79,122,38,In Stock
255,1,101,2025-07-14,156,124,55,225,56,In Stock
256,12,112,2025-01-06,201,42,87,156,12,In Stock
257,17,37,2025-08-07,250,100,121,229,59,In Stock
258,8,48,2025-05-09,48,71,79,40,24,In Stock
259,8,28,2025-05-23,112,22,88,46,35,In Stock
260,3,123,2025-09-16,237,147,55,329,23,In Stock
261,10,70,2025-07-11,211,114,43,282,55,In Stock
262,7,127,2025-12-09,229,67,120,176,56,In Stock
263,12,92,2025-03-13,130,53,130,53,21,In Stock
264,14,74,2025-06-14,219,26,88,157,43,In Stock
265,9,49,2025-03-20,250,138,6,382,10,In Stock
266,16,136,2025-07-19,38,65,96,7,32,Low Stock
267,20,140,2025-07-15,159,99,121,137,13,In Stock
268,18,58,2025-08-04,31,10,22,19,11,In Stock
269,11,131,2025-02-11,201,139,108,232,60,In Stock
270,1,121,2025-11-03,228,38,34,232,33,In Stock
271,10,10,2025-10-27,72,38,41,69,41,In Stock
272,10,30,2025-11-11,198,144,1,341,10,In Stock
273,7,87,2025-01-13,218,90,106,202,15,In Stock
274,1,61,2025-11-19,230,87,119,198,17,In Stock
275,18,78,2025-03-06,45,87,86,46,54,Low Stock
276,1,101,2025-02-12,147,133,29,251,60,In Stock
277,5,45,2025-09-15,108,10,37,81,49,In Stock
278,12,92,2025-12-12,89,86,23,152,32,In Stock
279,4,84,2025-08-23,161,141,137,165,19,In Stock
280,9,49,2025-08-16,63,135,107,91,33,In Stock
281,14,114,2025-03-04,58,81,130,9,26,Low Stock
282,2,82,2025-07-18,231,149,88,292,30,In Stock
283,19,39,2025-02-11,236,56,143,149,49,In Stock
284,15,75,2025-02-19,115,6,95,26,17,In Stock
285,16,56,2025-11-12,248,51,2,297,59,In Stock
286,18,118,2025-02-16,237,57,138,156,32,In Stock
287,3,43,2025-10-03,24,71,33,62,10,In Stock
288,2,102,2025-04-17,52,5,13,44,51,Low Stock
289,20,80,2025-03-02,143,47,85,105,24,In Stock
290,7,7,2025-04-09,218,92,96,214,40,In Stock
291,11,91,2025-10-15,75,25,93,7,34,Low Stock
292,19,39,2025-07-27,72,58,74,56,52,In Stock
293,10,10,2025-03-20,212,61,2,271,60,In Stock
294,7,87,2025-08-02,85,59,24,120,38,In Stock
295,5,125,2025-11-12,75,32,13,94,41,In Stock
296,14,74,2025-08-17,34,88,81,41,52,Low Stock
297,2,102,2025-08-21,219,94,84,229,60,In Stock
298,2,42,2025-10-08,131,28,94,65,15,In Stock
299,14,34,2025-01-04,137,65,117,85,47,In Stock
300,12,12,2025-07-06,178,93,81,190,58,In Stock
301,18,58,2025-06-06,146,37,28,155,21,In Stock
302,5,5,2025-12-18,135,10,37,108,36,In Stock
303,16,56,2025-08-22,23,66,79,10,52,Low Stock
304,8,148,2025-09-16,182,108,87,203,47,In Stock
305,17,17,2025-04-01,95,47,21,121,32,In Stock
306,1,21,2025-07-11,70,62,34,98,47,In Stock
307,16,96,2025-07-01,205,89,94,200,60,In Stock
308,4,84,2025-12-04,189,91,53,227,32,In Stock
309,16,16,2025-06-14,249,127,65,311,46,In Stock
310,5,85,2025-02-19,84,90,12,162,55,In Stock
311,6,66,2025-11-07,203,129,35,297,29,In Stock
312,9,109,2025-09-01,218,35,99,154,32,In Stock
313,18,118,2025-12-17,188,41,31,198,28,In Stock
314,4,4,2025-10-12,86,115,68,133,15,In Stock
315,7,127,2025-05-10,206,140,9,337,42,In Stock
316,17,137,2025-10-05,100,85,59,126,42,In Stock
317,9,129,2025-01-11,54,85,26,113,28,In Stock
318,10,150,2025-04-22,129,80,71,138,10,In Stock
319,3,83,2025-03-15,132,40,3,169,15,In Stock
320,10,10,2025-11-23,209,32,136,105,19,In Stock
321,14,54,2025-02-13,148,105,122,131,31,In Stock
322,20,20,2025-12-14,57,16,14,59,59,Low Stock
323,18,58,2025-02-04,206,110,65,251,47,In Stock
324,15,55,2025-07-02,158,56,22,192,38,In Stock
325,10,70,2025-09-25,38,75,32,81,24,In Stock
326,8,48,2025-06-20,95,22,112,5,46,Low Stock
327,13,113,2025-06-17,88,55,5,138,53,In Stock
328,9,149,2025-12-11,101,42,34,109,23,In Stock
329,17,117,2025-10-11,175,14,129,60,17,In Stock
330,4,144,2025-10-03,75,61,18,118,47,In Stock
331,5,125,2025-05-17,66,49,53,62,27,In Stock
332,9,69,2025-09-05,198,126,143,181,30,In Stock
333,10,10,2025-01-11,106,0,31,75,41,In Stock
334,14,54,2025-03-11,108,10,8,110,43,In Stock
335,2,22,2025-05-16,243,39,60,222,20,In Stock
336,6,26,2025-04-26,46,49,23,72,15,In Stock
337,17,97,2025-01-21,234,96,55,275,37,In Stock
338,19,59,2025-06-06,232,115,147,200,22,In Stock
339,4,144,2025-01-20,40,60,45,55,60,Low Stock
340,14,94,2025-03-06,47,132,14,165,28,In Stock
341,19,99,2025-03-27,138,46,85,99,51,In Stock
342,12,112,2025-10-28,215,120,120,215,50,In Stock
343,19,19,2025-10-16,117,74,107,84,26,In Stock
344,4,4,2025-04-16,131,146,24,253,29,In Stock
345,9,49,2025-08-11,202,95,138,159,39,In Stock
346,15,55,2025-11-22,197,52,102,147,56,In Stock
347,14,114,2025-03-26,77,108,103,82,42,In Stock
348,16,36,2025-11-04,97,121,39,179,39,In Stock
349,15,95,2025-02-13,70,32,46,56,21,In Stock
350,8,128,2025-06-02,163,23,47,139,25,In Stock
351,17,17,2025-10-14,54,99,0,153,48,In Stock
352,1,81,2025-03-05,201,51,65,187,58,In Stock
353,9,109,2025-09-25,177,141,110,208,19,In Stock
354,8,108,2025-11-21,125,118,91,152,60,In Stock
355,4,64,2025-12-03,140,40,139,41,52,Low Stock
356,9,69,2025-05-16,46,80,90,36,44,Low Stock
357,11,111,2025-11-18,87,6,90,3,10,Low Stock
358,16,36,2025-01-22,179,60,65,174,49,In Stock
359,4,64,2025-01-06,32,31,58,5,60,Low Stock
360,13,93,2025-10-25,185,40,76,149,53,In Stock
361,19,19,2025-02-27,148,69,93,124,47,In Stock
362,5,85,2025-12-18,188,35,138,85,31,In Stock
363,10,30,2025-10-23,178,89,139,128,35,In Stock
364,19,79,2025-03-19,202,54,101,155,23,In Stock
365,17,77,2025-09-18,97,132,121,108,56,In Stock
366,6,26,2025-09-17,229,134,119,244,60,In Stock
367,8,68,2025-04-07,147,11,17,141,28,In Stock
368,15,135,2025-02-19,108,133,83,158,17,In Stock
369,12,132,2025-01-22,119,31,73,77,20,In Stock
370,6,66,2025-09-07,144,100,90,154,39,In Stock
371,18,38,2025-06-05,57,51,65,43,10,In Stock
372,14,14,2025-07-27,73,73,75,71,50,In Stock
373,3,123,2025-04-21,44,98,104,38,57,Low Stock
374,9,129,2025-05-15,242,55,42,255,49,In Stock
375,7,67,2025-08-20,42,133,70,105,55,In Stock
376,6,66,2025-03-27,53,148,33,168,22,In Stock
377,5,45,2025-01-21,89,113,7,195,27,In Stock
378,5,5,2025-09-16,72,67,122,17,14,In Stock
379,2,122,2025-10-12,235,102,52,285,33,In Stock
380,1,141,2025-11-08,213,30,72,171,34,In Stock
381,20,100,2025-11-01,187,4,102,89,16,In Stock
382,20,120,2025-01-02,228,3,0,231,40,In Stock
383,17,137,2025-08-16,231,94,6,319,47,In Stock
384,14,94,2025-08-06,156,144,47,253,15,In Stock
385,5,105,2025-05-01,25,71,27,69,43,In Stock
386,9,89,2025-07-28,145,93,17,221,16,In Stock
387,1,81,2025-06-08,97,148,97,148,25,In Stock
388,3,143,2025-03-09,241,32,8,265,31,In Stock
389,3,143,2025-04-17,169,149,63,255,30,In Stock
390,8,48,2025-06-25,225,33,129,129,49,In Stock
391,10,50,2025-08-20,60,113,120,53,25,In Stock
392,8,88,2025-06-16,69,60,15,114,30,In Stock
393,17,17,2025-04-18,59,39,86,12,45,Low Stock
394,12,112,2025-02-03,184,48,74,158,14,In Stock
395,4,44,2025-08-15,139,42,86,95,44,In Stock
396,3,43,2025-08-11,227,57,105,179,31,In Stock
397,15,55,2025-04-28,22,132,12,142,34,In Stock
398,13,133,2025-06-28,111,29,27,113,46,In Stock
399,1,21,2025-01-26,106,66,91,81,47,In Stock
400,9,29,2025-07-09,179,122,125,176,30,In Stock
401,5,25,2025-02-01,168,123,132,159,29,In Stock
402,2,22,2025-04-12,43,142,60,125,10,In Stock
403,3,123,2025-01-14,109,63,120,52,47,In Stock
404,18,118,2025-01-18,235,128,45,318,23,In Stock
405,12,32,2025-06-18,154,94,1,247,60,In Stock
406,11,71,2025-10-01,249,94,47,296,34,In Stock
407,19,119,2025-06-27,46,17,5,58,56,In Stock
408,19,99,2025-10-12,82,15,47,50,40,In Stock
409,17,37,2025-07-26,71,143,23,191,27,In Stock
410,7,7,2025-03-07,57,130,102,85,14,In Stock
411,1,21,2025-12-24,228,19,64,183,26,In Stock
412,9,109,2025-06-10,205,38,142,101,18,In Stock
413,12,132,2025-06-04,236,83,124,195,20,In Stock
414,3,43,2025-07-07,25,94,61,58,21,In Stock
415,17,77,2025-11-26,78,125,145,58,38,In Stock
416,4,84,2025-03-20,215,120,15,320,18,In Stock
417,11,11,2025-11-12,158,117,74,201,32,In Stock
418,17,137,2025-12-18,44,43,48,39,38,In Stock
419,8,88,2025-01-15,24,35,36,23,16,In Stock
420,7,147,2025-08-28,241,100,50,291,44,In Stock
421,3,23,2025-08-14,26,65,52,39,60,Low Stock
422,4,64,2025-12-02,48,104,72,80,37,In Stock
423,18,118,2025-02-15,138,29,70,97,54,In Stock
424,11,91,2025-08-22,49,136,54,131,33,In Stock
425,9,129,2025-11-11,104,33,42,95,43,In Stock
426,5,105,2025-12-28,158,73,13,218,30,In Stock
427,5,25,2025-06-20,74,104,106,72,42,In Stock
428,18,118,2025-09-28,192,64,48,208,22,In Stock
429,19,99,2025-03-10,237,30,56,211,47,In Stock
430,20,60,2025-12-01,69,131,144,56,44,In Stock
431,7,27,2025-09-24,143,120,37,226,35,In Stock
432,17,77,2025-06-28,153,108,134,127,56,In Stock
433,11,131,2025-12-21,176,19,78,117,11,In Stock
434,11,51,2025-05-23,173,106,5,274,29,In Stock
435,20,120,2025-09-11,213,43,131,125,23,In Stock
436,14,94,2025-07-09,164,38,39,163,20,In Stock
437,13,53,2025-02-04,165,43,81,127,25,In Stock
438,5,125,2025-04-10,99,3,54,48,28,In Stock
439,20,80,2025-05-04,236,10,145,101,45,In Stock
440,7,27,2025-12-05,126,57,88,95,46,In Stock
441,13,133,2025-05-27,243,145,76,312,41,In Stock
442,9,129,2025-03-11,133,95,136,92,15,In Stock
443,8,128,2025-08-12,148,47,63,132,26,In Stock
444,7,27,2025-01-07,176,125,148,153,17,In Stock
445,12,132,2025-01-16,241,6,36,211,43,In Stock
446,15,95,2025-09-27,76,58,32,102,37,In Stock
447,9,9,2025-08-20,250,0,136,114,27,In Stock
448,13,13,2025-02-07,147,72,149,70,39,In Stock
449,20,20,2025-05-11,97,91,35,153,52,In Stock
450,7,87,2025-11-23,40,127,63,104,19,In Stock
451,7,7,2025-03-02,48,93,103,38,28,In Stock
452,16,36,2025-09-19,206,131,117,220,12,In Stock
453,10,70,2025-12-26,85,22,33,74,55,In Stock
454,8,148,2025-10-10,179,126,108,197,59,In Stock
455,17,77,2025-12-15,186,9,11,184,53,In Stock
456,10,150,2025-11-22,54,18,2,70,40,In Stock
457,10,50,2025-06-03,219,131,135,215,15,In Stock
458,9,9,2025-08-12,95,128,20,203,27,In Stock
459,15,135,2025-03-18,97,9,56,50,41,In Stock
460,6,6,2025-05-26,102,69,65,106,10,In Stock
461,4,84,2025-09-09,37,111,140,8,32,Low Stock
462,15,115,2025-09-10,110,8,37,81,42,In Stock
463,8,68,2025-09-26,68,103,76,95,39,In Stock
464,18,18,2025-01-01,64,86,85,65,20,In Stock
465,14,34,2025-02-14,61,107,144,24,15,In Stock
466,14,74,2025-02-25,32,143,63,112,60,In Stock
467,4,124,2025-12-19,87,9,2,94,34,In Stock
468,13,13,2025-01-07,195,98,38,255,55,In Stock
469,4,104,2025-07-04,215,17,10,222,35,In Stock
470,16,136,2025-08-21,245,105,32,318,30,In Stock
471,16,16,2025-10-20,239,67,89,217,57,In Stock
472,16,136,2025-06-27,163,28,19,172,31,In Stock
473,5,45,2025-04-08,166,144,115,195,26,In Stock
474,19,119,2025-01-26,169,16,10,175,43,In Stock
475,7,7,2025-03-16,240,59,134,165,57,In Stock
476,5,5,2025-05-26,202,107,38,271,55,In Stock
477,3,43,2025-03-03,93,131,13,211,55,In Stock
478,16,36,2025-07-23,108,37,123,22,22,Low Stock
479,11,91,2025-07-24,197,0,58,139,13,In Stock
480,6,66,2025-02-23,166,23,21,168,54,In Stock
481,1,141,2025-10-22,231,127,64,294,59,In Stock
482,2,42,2025-02-14,100,28,77,51,58,Low Stock
483,19,119,2025-02-18,43,24,44,23,35,Low Stock
484,16,76,2025-12-23,141,35,130,46,24,In Stock
485,10,50,2025-01-25,47,134,99,82,16,In Stock
486,18,138,2025-12-16,69,64,107,26,53,Low Stock
487,14,114,2025-04-06,109,129,26,212,42,In Stock
488,19,79,2025-12-28,168,106,91,183,39,In Stock
489,6,66,2025-05-10,201,105,34,272,51,In Stock
490,14,54,2025-11-07,208,102,31,279,18,In Stock
491,11,131,2025-03-26,83,19,0,102,54,In Stock
492,20,60,2025-11-21,89,103,67,125,54,In Stock
493,11,131,2025-07-09,246,61,138,169,51,In Stock
494,3,43,2025-05-23,125,48,101,72,54,In Stock
495,4,104,2025-12-12,106,130,148,88,57,In Stock
496,18,98,2025-11-02,41,116,146,11,25,Low Stock
497,16,16,2025-01-20,239,118,59,298,33,In Stock
498,19,99,2025-10-28,181,87,118,150,13,In Stock
499,19,99,2025-02-26,22,14,11,25,24,In Stock
500,11,111,2025-12-07,207,33,149,91,27,In Stock
501,5,25,2025-07-22,200,2,145,57,42,In Stock
502,3,3,2025-07-18,192,28,117,103,33,In Stock
503,11,11,2025-11-03,225,66,51,240,36,In Stock
504,20,100,2025-09-22,67,55,41,81,53,In Stock
505,8,48,2025-02-15,122,64,65,121,34,In Stock
506,6,6,2025-08-05,70,32,51,51,60,Low Stock
507,16,56,2025-11-12,23,17,29,11,60,Low Stock
508,19,119,2025-05-21,167,84,76,175,58,In Stock
509,3,63,2025-04-25,26,101,59,68,45,In Stock
510,10,10,2025-05-15,179,66,83,162,45,In Stock
511,13,33,2025-08-13,95,34,50,79,31,In Stock
512,5,105,2025-05-10,175,45,138,82,30,In Stock
513,3,143,2025-04-03,66,19,17,68,39,In Stock
514,13,133,2025-06-09,40,14,53,1,59,Low Stock
515,6,106,2025-07-16,165,134,19,280,31,In Stock
516,9,149,2025-02-14,95,143,134,104,53,In Stock
517,8,28,2025-05-24,31,57,15,73,28,In Stock
518,8,8,2025-08-15,21,88,89,20,59,Low Stock
519,10,110,2025-10-28,101,27,76,52,32,In Stock
520,20,100,2025-04-07,94,44,118,20,45,Low Stock
521,3,63,2025-07-20,226,96,115,207,19,In Stock
522,10,30,2025-05-21,180,127,99,208,26,In Stock
523,20,120,2025-04-27,159,144,98,205,35,In Stock
524,14,14,2025-02-06,51,143,36,158,33,In Stock
525,12,132,2025-03-08,36,89,100,25,15,In Stock
526,20,80,2025-10-21,68,48,63,53,39,In Stock
527,10,90,2025-10-05,185,85,143,127,29,In Stock
528,8,28,2025-10-05,45,83,112,16,33,Low Stock
529,17,77,2025-12-12,249,81,22,308,49,In Stock
530,8,8,2025-08-21,199,47,125,121,22,In Stock
531,9,129,2025-08-07,64,92,56,100,19,In Stock
532,15,75,2025-10-05,67,108,59,116,21,In Stock
533,8,128,2025-04-10,221,93,3,311,10,In Stock
534,2,122,2025-10-14,231,56,68,219,49,In Stock
535,1,81,2025-01-23,173,12,80,105,42,In Stock
536,12,12,2025-11-27,86,104,57,133,34,In Stock
537,12,32,2025-09-18,211,131,120,222,47,In Stock
538,3,23,2025-01-26,72,26,38,60,36,In Stock
539,19,59,2025-10-21,120,104,69,155,40,In Stock
540,5,65,2025-02-16,122,19,50,91,33,In Stock
541,9,109,2025-07-02,185,145,135,195,33,In Stock
542,16,96,2025-04-17,28,136,33,131,60,In Stock
543,18,98,2025-05-20,209,17,102,124,55,In Stock
544,16,96,2025-07-03,170,106,148,128,45,In Stock
545,6,46,2025-08-01,25,63,4,84,20,In Stock
546,1,41,2025-04-19,241,119,95,265,35,In Stock
547,13,113,2025-09-23,84,109,22,171,46,In Stock
548,8,48,2025-10-21,31,5,6,30,20,In Stock
549,10,50,2025-07-19,190,9,123,76,20,In Stock
550,17,137,2025-04-04,225,147,57,315,21,In Stock
551,14,34,2025-11-13,50,82,31,101,28,In Stock
552,3,123,2025-11-04,204,63,32,235,48,In Stock
553,14,54,2025-11-26,182,57,17,222,17,In Stock
554,5,85,2025-06-03,42,98,22,118,17,In Stock
555,7,7,2025-07-22,43,77,68,52,25,In Stock
556,18,98,2025-11-13,107,49,103,53,26,In Stock
557,6,126,2025-04-08,233,144,100,277,53,In Stock
558,8,68,2025-08-17,143,62,1,204,24,In Stock
559,9,29,2025-08-17,200,110,64,246,22,In Stock
560,11,131,2025-02-17,77,4,60,21,53,Low Stock
561,10,130,2025-02-11,202,0,74,128,17,In Stock
562,18,78,2025-05-22,142,90,31,201,60,In Stock
563,20,20,2025-01-05,35,88,17,106,50,In Stock
564,1,121,2025-04-21,116,134,27,223,45,In Stock
565,2,2,2025-05-01,119,57,78,98,14,In Stock
566,16,56,2025-09-15,208,39,93,154,55,In Stock
567,1,1,2025-09-10,204,59,97,166,41,In Stock
568,5,125,2025-04-26,37,129,129,37,31,In Stock
569,14,54,2025-08-02,187,34,35,186,27,In Stock
570,17,37,2025-07-18,91,19,87,23,32,Low Stock
571,9,149,2025-12-02,133,113,24,222,39,In Stock
572,17,17,2025-10-26,43,56,28,71,19,In Stock
573,1,121,2025-11-17,108,29,100,37,23,In Stock
574,4,44,2025-02-18,170,111,7,274,25,In Stock
575,12,112,2025-01-24,53,1,44,10,32,Low Stock
576,1,41,2025-03-14,248,92,105,235,22,In Stock
577,19,39,2025-09-13,145,132,7,270,50,In Stock
578,6,46,2025-04-24,228,134,59,303,48,In Stock
579,15,55,2025-10-15,25,79,15,89,25,In Stock
580,11,31,2025-08-01,248,125,7,366,51,In Stock
581,17,17,2025-03-11,20,38,31,27,42,Low Stock
582,16,76,2025-05-22,170,150,82,238,46,In Stock
583,3,23,2025-01-04,67,138,15,190,26,In Stock
584,2,142,2025-05-25,113,84,105,92,40,In Stock
585,16,36,2025-07-06,234,67,104,197,18,In Stock
586,7,147,2025-05-02,99,105,47,157,21,In Stock
587,20,120,2025-11-07,172,5,114,63,39,In Stock
588,20,20,2025-04-18,164,66,96,134,42,In Stock
589,9,89,2025-11-20,116,82,142,56,13,In Stock
590,4,124,2025-01-15,35,15,3,47,58,Low Stock
591,15,55,2025-10-06,161,41,85,117,17,In Stock
592,8,88,2025-01-04,161,25,88,98,25,In Stock
593,16,96,2025-03-09,58,142,100,100,25,In Stock
594,6,46,2025-01-21,206,87,131,162,46,In Stock
595,13,33,2025-06-28,100,36,4,132,30,In Stock
596,2,62,2025-05-05,195,93,73,215,60,In Stock
597,4,124,2025-11-13,146,28,95,79,52,In Stock
598,3,123,2025-02-02,164,107,81,190,50,In Stock
599,20,140,2025-05-19,142,105,134,113,48,In Stock
600,20,20,2025-03-11,75,150,52,173,18,In Stock
601,5,25,2025-02-14,105,42,67,80,58,In Stock
602,7,87,2025-01-10,238,15,108,145,24,In Stock
603,8,148,2025-10-26,127,129,75,181,21,In Stock
604,8,8,2025-01-27,29,80,0,109,25,In Stock
605,8,28,2025-03-14,211,129,13,327,33,In Stock
606,3,63,2025-06-13,167,73,94,146,38,In Stock
607,1,21,2025-08-04,47,85,77,55,37,In Stock
608,3,23,2025-10-21,216,76,130,162,36,In Stock
609,20,140,2025-12-16,133,132,85,180,54,In Stock
610,18,18,2025-06-16,185,126,114,197,36,In Stock
611,11,71,2025-11-04,188,91,137,142,24,In Stock
612,13,13,2025-05-17,59,116,116,59,27,In Stock
613,4,64,2025-08-04,131,40,107,64,30,In Stock
614,11,11,2025-08-14,31,114,102,43,16,In Stock
615,10,150,2025-08-13,174,80,74,180,38,In Stock
616,17,17,2025-10-10,120,130,80,170,27,In Stock
617,12,32,2025-01-20,47,48,49,46,20,In Stock
618,10,70,2025-01-16,214,66,104,176,43,In Stock
619,16,96,2025-10-27,114,121,121,114,55,In Stock
620,4,84,2025-07-15,44,148,17,175,38,In Stock
621,3,83,2025-10-02,179,148,124,203,10,In Stock
622,10,110,2025-02-09,89,20,86,23,33,Low Stock
623,13,93,2025-02-10,60,81,10,131,54,In Stock
624,6,6,2025-05-25,129,27,4,152,38,In Stock
625,9,49,2025-08-08,57,46,31,72,41,In Stock
626,3,83,2025-12-03,234,16,47,203,13,In Stock
627,14,94,2025-07-24,57,44,28,73,43,In Stock
628,12,92,2025-02-27,193,100,98,195,29,In Stock
629,20,80,2025-11-12,24,139,67,96,44,In Stock
630,3,143,2025-10-24,249,82,73,258,17,In Stock
631,15,75,2025-05-23,63,23,76,10,44,Low Stock
632,15,75,2025-04-24,76,36,109,3,34,Low Stock
633,15,115,2025-10-28,246,25,13,258,13,In Stock
634,7,47,2025-02-04,160,31,145,46,60,Low Stock
635,20,60,2025-08-21,51,24,18,57,24,In Stock
636,3,123,2025-12-25,62,29,81,10,57,Low Stock
637,14,54,2025-03-27,183,118,23,278,43,In Stock
638,1,101,2025-04-14,81,119,4,196,13,In Stock
639,10,110,2025-05-05,223,23,20,226,32,In Stock
640,8,108,2025-07-19,58,146,103,101,17,In Stock
641,19,99,2025-03-02,204,141,94,251,16,In Stock
642,18,78,2025-05-07,169,93,38,224,43,In Stock
643,19,39,2025-03-14,229,140,96,273,17,In Stock
644,5,25,2025-06-27,147,142,91,198,48,In Stock
645,10,90,2025-10-24,161,126,57,230,59,In Stock
646,9,69,2025-12-10,111,104,142,73,47,In Stock
647,2,42,2025-08-21,110,2,4,108,18,In Stock
648,9,129,2025-04-12,198,70,150,118,24,In Stock
649,4,124,2025-01-24,24,39,14,49,23,In Stock
650,10,150,2025-04-04,241,97,55,283,54,In Stock
651,14,114,2025-06-14,35,18,42,11,12,Low Stock
652,11,31,2025-09-27,104,18,65,57,60,Low Stock
653,2,82,2025-06-23,216,145,119,242,24,In Stock
654,5,65,2025-01-03,210,48,47,211,22,In Stock
655,11,71,2025-06-07,245,24,101,168,50,In Stock
656,18,98,2025-04-10,205,84,63,226,59,In Stock
657,20,20,2025-11-22,163,50,58,155,31,In Stock
658,16,16,2025-03-12,53,105,143,15,58,Low Stock
659,5,85,2025-04-21,100,110,111,99,41,In Stock
660,10,70,2025-03-20,246,124,127,243,10,In Stock
661,8,48,2025-12-28,196,7,36,167,15,In Stock
662,3,143,2025-03-06,157,28,68,117,18,In Stock
663,9,129,2025-10-13,119,143,62,200,19,In Stock
664,11,131,2025-07-08,144,143,101,186,12,In Stock
665,11,51,2025-11-24,127,7,67,67,53,In Stock
666,8,48,2025-09-14,234,38,134,138,54,In Stock
667,14,114,2025-11-28,212,81,37,256,24,In Stock
668,11,31,2025-03-03,82,37,85,34,58,Low Stock
669,19,119,2025-10-05,121,45,93,73,44,In Stock
670,13,133,2025-11-24,112,43,72,83,50,In Stock
671,10,50,2025-08-10,49,141,119,71,58,In Stock
672,5,45,2025-10-13,87,83,68,102,42,In Stock
673,16,16,2025-07-24,25,15,39,1,51,Low Stock
674,20,60,2025-03-28,36,124,143,17,40,Low Stock
675,3,83,2025-12-02,174,120,90,204,29,In Stock
676,6,86,2025-12-13,34,18,8,44,27,In Stock
677,7,27,2025-12-05,120,118,44,194,47,In Stock
678,4,64,2025-09-02,156,22,18,160,14,In Stock
679,9,69,2025-12-26,81,92,111,62,17,In Stock
680,19,59,2025-01-19,217,29,113,133,31,In Stock
681,13,93,2025-12-03,212,124,95,241,25,In Stock
682,11,111,2025-11-27,145,18,46,117,28,In Stock
683,10,130,2025-08-08,146,72,40,178,34,In Stock
684,18,138,2025-12-19,120,126,128,118,51,In Stock
685,8,108,2025-01-26,245,129,93,281,23,In Stock
686,10,50,2025-03-10,243,29,48,224,55,In Stock
687,19,39,2025-11-18,111,140,34,217,45,In Stock
688,10,110,2025-02-16,202,132,0,334,37,In Stock
689,7,87,2025-07-10,223,99,39,283,16,In Stock
690,7,47,2025-10-11,167,25,147,45,38,In Stock
691,20,80,2025-03-11,74,67,125,16,45,Low Stock
692,15,115,2025-08-04,155,60,51,164,26,In Stock
693,17,37,2025-12-16,84,78,72,90,43,In Stock
694,20,120,2025-09-09,154,112,142,124,25,In Stock
695,5,125,2025-12-12,242,100,8,334,16,In Stock
696,16,76,2025-06-15,220,52,67,205,17,In Stock
697,9,129,2025-07-26,182,105,145,142,22,In Stock
698,8,8,2025-12-22,237,138,110,265,54,In Stock
699,18,38,2025-05-20,243,110,44,309,34,In Stock
700,1,141,2025-05-21,149,138,111,176,51,In Stock
701,11,111,2025-03-19,87,127,53,161,55,In Stock
702,17,137,2025-10-09,65,128,107,86,16,In Stock
703,8,8,2025-11-18,233,38,50,221,40,In Stock
704,2,142,2025-02-05,120,98,93,125,59,In Stock
705,17,17,2025-07-04,177,143,92,228,57,In Stock
706,2,2,2025-11-18,130,23,16,137,22,In Stock
707,8,8,2025-08-19,170,37,89,118,16,In Stock
708,17,137,2025-07-05,249,42,54,237,40,In Stock
709,13,93,2025-07-06,222,138,89,271,60,In Stock
710,10,70,2025-12-03,71,56,14,113,16,In Stock
711,15,55,2025-11-15,218,12,69,161,39,In Stock
712,18,78,2025-01-15,128,14,34,108,12,In Stock
713,1,121,2025-11-12,167,11,30,148,35,In Stock
714,7,47,2025-02-17,206,138,111,233,10,In Stock
715,3,143,2025-12-13,74,108,141,41,27,In Stock
716,10,90,2025-06-27,183,108,87,204,12,In Stock
717,20,80,2025-04-10,167,26,84,109,52,In Stock
718,11,51,2025-03-17,83,25,95,13,41,Low Stock
719,10,70,2025-06-14,50,17,48,19,38,Low Stock
720,17,137,2025-05-21,131,92,64,159,30,In Stock
721,8,88,2025-11-12,22,141,119,44,40,In Stock
722,6,26,2025-04-21,177,8,81,104,18,In Stock
723,9,29,2025-11-07,153,47,21,179,38,In Stock
724,6,146,2025-11-13,135,12,143,4,18,Low Stock
725,8,8,2025-05-21,224,1,115,110,14,In Stock
726,18,18,2025-05-03,124,32,147,9,18,Low Stock
727,2,62,2025-12-18,26,116,64,78,19,In Stock
728,17,77,2025-05-12,238,70,91,217,35,In Stock
729,5,105,2025-03-05,190,80,16,254,28,In Stock
730,11,111,2025-07-22,153,30,24,159,40,In Stock
731,12,92,2025-03-09,178,148,122,204,59,In Stock
732,15,75,2025-09-27,63,78,106,35,41,Low Stock
733,12,112,2025-11-03,160,46,10,196,13,In Stock
734,1,141,2025-02-05,35,36,71,0,17,Out of Stock
735,15,75,2025-05-21,110,41,139,12,32,Low Stock
736,1,141,2025-08-06,135,134,27,242,42,In Stock
737,19,39,2025-05-11,180,134,84,230,25,In Stock
738,11,131,2025-04-08,58,104,1,161,21,In Stock
739,17,37,2025-09-15,71,89,54,106,22,In Stock
740,3,23,2025-03-16,203,137,90,250,11,In Stock
741,18,18,2025-03-08,153,35,64,124,43,In Stock
742,2,22,2025-03-08,67,125,117,75,44,In Stock
743,15,95,2025-12-14,142,60,131,71,35,In Stock
744,2,82,2025-11-17,117,123,71,169,27,In Stock
745,19,39,2025-05-14,235,141,43,333,47,In Stock
746,18,118,2025-11-24,147,41,137,51,11,In Stock
747,9,49,2025-02-26,177,111,125,163,36,In Stock
748,4,124,2025-01-14,238,46,88,196,36,In Stock
749,4,84,2025-03-13,54,93,117,30,40,Low Stock
750,6,86,2025-04-06,146,45,9,182,58,In Stock
751,4,84,2025-06-10,231,75,134,172,44,In Stock
752,6,126,2025-05-01,246,76,77,245,52,In Stock
753,14,114,2025-04-04,32,71,32,71,11,In Stock
754,12,72,2025-06-10,100,133,62,171,38,In Stock
755,1,121,2025-02-19,82,95,10,167,19,In Stock
756,12,12,2025-07-27,235,146,72,309,22,In Stock
757,8,68,2025-08-17,131,38,61,108,59,In Stock
758,10,150,2025-11-14,82,56,86,52,10,In Stock
759,5,125,2025-07-11,223,130,82,271,20,In Stock
760,11,51,2025-09-12,163,14,133,44,46,Low Stock
761,10,150,2025-06-05,25,104,118,11,32,Low Stock
762,17,117,2025-02-10,26,147,44,129,17,In Stock
763,7,67,2025-09-24,161,68,60,169,30,In Stock
764,19,139,2025-09-24,241,91,48,284,56,In Stock
765,3,63,2025-02-01,21,76,68,29,44,Low Stock
766,4,4,2025-07-13,144,30,94,80,21,In Stock
767,14,54,2025-10-03,67,38,77,28,29,Low Stock
768,3,43,2025-08-18,234,77,2,309,35,In Stock
769,3,143,2025-10-24,33,81,29,85,12,In Stock
770,6,46,2025-02-03,81,137,122,96,25,In Stock
771,18,18,2025-02-17,250,76,59,267,40,In Stock
772,1,121,2025-05-27,182,128,24,286,21,In Stock
773,6,66,2025-08-05,91,69,107,53,31,In Stock
774,12,72,2025-12-01,133,126,76,183,43,In Stock
775,12,32,2025-11-15,53,47,49,51,19,In Stock
776,10,50,2025-07-09,145,70,102,113,16,In Stock
777,10,30,2025-06-03,99,61,113,47,28,In Stock
778,3,3,2025-01-20,208,49,0,257,48,In Stock
779,15,35,2025-02-01,158,70,85,143,18,In Stock
780,4,44,2025-05-18,96,53,39,110,17,In Stock
781,15,75,2025-08-13,118,25,29,114,47,In Stock
782,18,38,2025-01-07,169,53,8,214,42,In Stock
783,14,34,2025-10-05,35,29,39,25,53,Low Stock
784,1,141,2025-06-01,86,122,148,60,32,In Stock
785,2,42,2025-10-04,197,76,38,235,45,In Stock
786,1,141,2025-12-25,187,13,52,148,13,In Stock
787,19,59,2025-12-08,246,126,46,326,52,In Stock
788,3,143,2025-09-26,245,90,11,324,45,In Stock
789,15,75,2025-01-23,73,5,78,0,16,Out of Stock
790,2,122,2025-03-16,87,112,55,144,39,In Stock
791,6,146,2025-02-27,94,45,46,93,43,In Stock
792,15,75,2025-09-28,38,141,104,75,50,In Stock
793,14,34,2025-03-28,157,139,53,243,52,In Stock
794,16,56,2025-01-02,166,26,45,147,17,In Stock
795,5,105,2025-07-13,92,43,32,103,50,In Stock
796,7,67,2025-04-14,114,21,125,10,48,Low Stock
797,13,73,2025-05-01,106,108,54,160,28,In Stock
798,11,31,2025-09-19,112,125,81,156,10,In Stock
799,4,144,2025-03-06,20,128,68,80,10,In Stock
800,14,94,2025-03-03,134,113,36,211,14,In Stock
801,16,96,2025-04-15,246,18,1,263,35,In Stock
802,7,87,2025-11-21,90,58,107,41,59,Low Stock
803,18,18,2025-09-12,186,137,9,314,39,In Stock
804,16,36,2025-11-10,130,55,89,96,51,In Stock
805,6,86,2025-12-12,20,79,98,1,47,Low Stock
806,18,18,2025-05-17,171,142,90,223,29,In Stock
807,17,37,2025-09-22,165,47,20,192,46,In Stock
808,10,90,2025-05-04,72,20,17,75,33,In Stock
809,7,7,2025-06-11,165,1,100,66,56,In Stock
810,17,37,2025-07-27,175,53,92,136,27,In Stock
811,4,124,2025-08-08,39,84,95,28,57,Low Stock
812,9,29,2025-01-09,125,33,147,11,30,Low Stock
813,3,123,2025-09-05,134,58,43,149,60,In Stock
814,10,30,2025-11-22,49,92,85,56,56,Low Stock
815,4,24,2025-05-04,76,3,54,25,56,Low Stock
816,1,141,2025-10-20,245,65,7,303,44,In Stock
817,6,146,2025-09-03,152,119,44,227,34,In Stock
818,2,122,2025-03-23,209,64,113,160,28,In Stock
819,15,95,2025-07-14,179,104,8,275,20,In Stock
820,19,99,2025-12-19,34,6,32,8,24,Low Stock
821,18,138,2025-01-25,152,91,50,193,28,In Stock
822,9,129,2025-10-18,190,74,30,234,43,In Stock
823,6,86,2025-03-08,221,31,12,240,31,In Stock
824,2,122,2025-12-13,107,98,1,204,49,In Stock
825,16,116,2025-04-01,26,85,15,96,53,In Stock
826,10,70,2025-11-20,46,75,84,37,43,Low Stock
827,14,114,2025-03-20,70,105,21,154,40,In Stock
828,5,65,2025-09-17,94,22,41,75,31,In Stock
829,17,37,2025-12-01,214,24,148,90,13,In Stock
830,16,56,2025-09-12,248,120,8,360,37,In Stock
831,13,53,2025-01-01,141,71,23,189,10,In Stock
832,11,131,2025-10-18,185,8,67,126,50,In Stock
833,11,51,2025-12-19,25,126,112,39,40,Low Stock
834,5,85,2025-07-02,150,17,14,153,54,In Stock
835,1,21,2025-01-20,185,64,29,220,40,In Stock
836,18,58,2025-07-23,52,5,47,10,16,Low Stock
837,19,19,2025-01-28,42,119,73,88,55,In Stock
838,4,104,2025-07-06,43,21,7,57,46,In Stock
839,18,118,2025-06-08,105,93,42,156,16,In Stock
840,14,34,2025-02-11,162,16,51,127,44,In Stock
841,6,46,2025-11-16,238,89,96,231,29,In Stock
842,9,69,2025-10-14,28,96,118,6,57,Low Stock
843,8,28,2025-02-16,240,56,138,158,10,In Stock
844,16,96,2025-01-15,149,84,135,98,15,In Stock
845,19,39,2025-03-27,50,65,39,76,57,In Stock
846,7,7,2025-10-18,85,1,49,37,42,Low Stock
847,7,27,2025-04-24,81,1,72,10,20,Low Stock
848,1,121,2025-08-13,234,35,145,124,22,In Stock
849,2,142,2025-08-25,165,82,108,139,22,In Stock
850,15,35,2025-08-13,73,143,74,142,35,In Stock
851,1,101,2025-03-03,148,59,91,116,40,In Stock
852,18,38,2025-08-03,22,96,87,31,28,In Stock
853,15,95,2025-11-25,195,121,145,171,38,In Stock
854,5,25,2025-06-28,67,25,88,4,49,Low Stock
855,8,68,2025-10-27,23,41,3,61,26,In Stock
856,16,36,2025-10-14,70,102,61,111,11,In Stock
857,14,14,2025-08-04,216,124,48,292,60,In Stock
858,18,18,2025-10-21,96,19,52,63,58,In Stock
859,10,50,2025-08-12,219,50,30,239,32,In Stock
860,11,11,2025-01-05,43,71,60,54,15,In Stock
861,4,124,2025-05-14,125,129,25,229,42,In Stock
862,5,65,2025-07-02,215,111,41,285,27,In Stock
863,19,19,2025-03-12,223,114,33,304,13,In Stock
864,19,99,2025-10-15,150,92,103,139,55,In Stock
865,12,132,2025-06-11,103,96,128,71,15,In Stock
866,20,80,2025-08-09,207,146,29,324,35,In Stock
867,8,8,2025-08-24,184,135,25,294,35,In Stock
868,7,47,2025-12-10,122,26,70,78,28,In Stock
869,17,57,2025-10-22,52,39,62,29,24,In Stock
870,15,35,2025-12-15,231,55,8,278,19,In Stock
871,17,17,2025-11-12,137,136,57,216,31,In Stock
872,3,23,2025-03-04,22,132,54,100,16,In Stock
873,4,144,2025-11-25,230,117,34,313,43,In Stock
874,20,40,2025-11-06,173,143,136,180,58,In Stock
875,3,143,2025-11-14,173,67,5,235,45,In Stock
876,1,121,2025-07-28,238,110,109,239,55,In Stock
877,8,108,2025-06-08,195,85,57,223,23,In Stock
878,4,84,2025-02-19,216,133,115,234,32,In Stock
879,2,122,2025-07-27,118,16,4,130,37,In Stock
880,6,86,2025-08-26,230,68,136,162,48,In Stock
881,7,67,2025-11-02,76,2,77,1,50,Low Stock
882,12,112,2025-11-20,66,124,77,113,26,In Stock
883,15,115,2025-07-25,91,9,70,30,40,Low Stock
884,19,119,2025-05-07,213,0,99,114,51,In Stock
885,6,6,2025-12-12,241,34,28,247,42,In Stock
886,3,103,2025-12-05,81,6,16,71,25,In Stock
887,11,111,2025-05-02,79,47,37,89,54,In Stock
888,11,11,2025-12-13,130,135,107,158,44,In Stock
889,3,123,2025-12-14,181,149,85,245,48,In Stock
890,10,110,2025-03-23,199,33,80,152,14,In Stock
891,18,118,2025-01-25,49,124,76,97,17,In Stock
892,7,47,2025-06-04,85,2,9,78,52,In Stock
893,6,146,2025-01-04,149,120,138,131,45,In Stock
894,18,38,2025-07-25,240,126,1,365,56,In Stock
895,10,90,2025-12-28,150,12,110,52,15,In Stock
896,3,3,2025-08-02,187,93,69,211,23,In Stock
897,16,76,2025-04-26,200,94,137,157,33,In Stock
898,14,94,2025-02-01,70,116,111,75,33,In Stock
899,13,93,2025-07-25,54,32,78,8,42,Low Stock
900,8,108,2025-07-25,169,133,129,173,44,In Stock
901,11,111,2025-03-15,250,103,72,281,40,In Stock
902,18,18,2025-05-25,197,38,33,202,56,In Stock
903,14,114,2025-09-24,106,49,95,60,15,In Stock
904,16,36,2025-09-07,64,36,69,31,19,In Stock
905,16,76,2025-11-11,243,40,120,163,43,In Stock
906,17,57,2025-06-22,174,148,90,232,27,In Stock
907,6,126,2025-06-17,38,81,11,108,41,In Stock
908,7,87,2025-06-13,216,140,62,294,50,In Stock
909,2,22,2025-01-11,92,106,0,198,15,In Stock
910,2,102,2025-01-16,202,100,115,187,26,In Stock
911,18,58,2025-04-24,239,46,30,255,25,In Stock
912,10,10,2025-10-26,230,74,38,266,10,In Stock
913,20,40,2025-11-21,211,57,30,238,44,In Stock
914,1,1,2025-08-12,191,98,26,263,20,In Stock
915,17,17,2025-11-28,121,1,1,121,60,In Stock
916,10,110,2025-09-10,138,58,93,103,28,In Stock
917,18,38,2025-06-09,144,132,118,158,12,In Stock
918,4,124,2025-11-17,43,15,27,31,49,Low Stock
919,3,143,2025-09-28,69,95,74,90,25,In Stock
920,1,41,2025-04-17,196,39,109,126,36,In Stock
921,10,30,2025-08-24,68,64,4,128,43,In Stock
922,4,44,2025-04-06,148,24,11,161,19,In Stock
923,12,112,2025-06-22,237,14,101,150,10,In Stock
924,14,94,2025-11-14,215,104,28,291,28,In Stock
925,12,112,2025-11-17,39,71,65,45,26,In Stock
926,15,55,2025-07-21,219,85,7,297,12,In Stock
927,7,67,2025-08-04,176,100,1,275,10,In Stock
928,11,71,2025-01-20,155,53,93,115,27,In Stock
929,12,72,2025-02-01,47,14,40,21,23,Low Stock
930,8,88,2025-08-17,142,52,47,147,56,In Stock
931,4,104,2025-03-03,168,150,77,241,60,In Stock
932,8,128,2025-06-21,220,19,23,216,53,In Stock
933,12,12,2025-04-15,117,113,125,105,52,In Stock
934,10,90,2025-07-14,76,105,10,171,24,In Stock
935,3,83,2025-05-23,93,6,53,46,17,In Stock
936,10,90,2025-03-05,26,135,33,128,15,In Stock
937,3,103,2025-10-21,40,124,31,133,35,In Stock
938,18,18,2025-08-26,248,64,108,204,16,In Stock
939,11,71,2025-01-10,170,135,86,219,59,In Stock
940,9,49,2025-08-10,62,8,17,53,12,In Stock
941,4,4,2025-12-16,65,49,101,13,26,Low Stock
942,3,103,2025-01-03,138,61,118,81,31,In Stock
943,16,96,2025-04-06,144,50,65,129,43,In Stock
944,5,85,2025-06-14,127,86,141,72,29,In Stock
945,18,38,2025-10-02,33,0,2,31,26,In Stock
946,16,76,2025-12-21,121,63,36,148,25,In Stock
947,9,149,2025-08-21,116,94,121,89,41,In Stock
948,19,59,2025-11-17,109,48,77,80,19,In Stock
949,2,62,2025-09-10,62,82,89,55,16,In Stock
950,15,35,2025-11-10,192,107,54,245,22,In Stock
951,3,3,2025-11-09,83,50,89,44,20,In Stock
952,15,35,2025-02-18,62,68,0,130,27,In Stock
953,8,128,2025-07-03,40,128,137,31,23,In Stock
954,11,11,2025-11-26,186,63,35,214,49,In Stock
955,2,102,2025-12-24,101,51,1,151,43,In Stock
956,12,72,2025-03-02,238,37,65,210,35,In Stock
957,14,14,2025-04-26,247,131,31,347,16,In Stock
958,15,115,2025-03-25,102,107,76,133,23,In Stock
959,18,118,2025-11-28,109,133,145,97,17,In Stock
960,10,10,2025-04-18,66,90,76,80,22,In Stock
961,18,18,2025-04-24,113,136,141,108,33,In Stock
962,9,29,2025-08-24,223,63,149,137,18,In Stock
963,15,15,2025-08-20,61,111,87,85,54,In Stock
964,20,100,2025-06-08,97,17,42,72,10,In Stock
965,5,145,2025-03-02,141,94,50,185,15,In Stock
966,19,19,2025-04-07,55,36,19,72,39,In Stock
967,8,88,2025-08-03,49,136,51,134,11,In Stock
968,18,118,2025-02-13,201,49,60,190,24,In Stock
969,13,113,2025-09-11,122,84,100,106,26,In Stock
970,3,23,2025-11-07,155,4,146,13,16,Low Stock
971,19,19,2025-09-18,200,67,20,247,50,In Stock
972,4,44,2025-11-15,190,77,83,184,34,In Stock
973,11,71,2025-08-09,153,62,99,116,29,In Stock
974,16,96,2025-02-04,132,141,48,225,14,In Stock
975,1,1,2025-02-27,189,54,30,213,46,In Stock
976,13,53,2025-08-21,47,33,70,10,22,Low Stock
977,2,122,2025-11-18,82,147,33,196,20,In Stock
978,2,62,2025-03-10,201,110,127,184,48,In Stock
979,13,93,2025-04-17,165,43,13,195,35,In Stock
980,19,139,2025-05-11,189,29,91,127,36,In Stock
981,18,98,2025-06-05,106,112,118,100,29,In Stock
982,20,80,2025-07-12,235,41,98,178,55,In Stock
983,5,45,2025-06-22,190,9,91,108,59,In Stock
984,16,96,2025-07-21,50,18,66,2,42,Low Stock
985,17,77,2025-05-28,49,80,62,67,26,In Stock
986,17,37,2025-06-03,100,52,59,93,17,In Stock
987,8,68,2025-12-12,169,127,16,280,43,In Stock
988,17,77,2025-06-13,125,129,150,104,12,In Stock
989,9,49,2025-12-20,78,145,20,203,36,In Stock
990,8,28,2025-04-24,74,118,129,63,53,In Stock
991,9,49,2025-07-13,21,87,40,68,39,In Stock
992,3,123,2025-06-23,97,149,125,121,54,In Stock
993,20,80,2025-04-13,137,87,103,121,52,In Stock
994,17,97,2025-01-17,123,130,146,107,60,In Stock
995,20,120,2025-10-09,63,16,24,55,37,In Stock
996,12,12,2025-02-15,79,132,141,70,14,In Stock
997,14,74,2025-11-11,180,47,47,180,13,In Stock
998,11,131,2025-07-18,109,129,45,193,50,In Stock
999,8,8,2025-05-12,210,7,53,164,30,In Stock
1000,2,142,2025-01-13,211,71,45,237,53,In Stock
1001,1,41,2025-04-25,73,108,54,127,38,In Stock
1002,18,38,2025-11-13,177,61,13,225,35,In Stock
1003,14,54,2025-08-28,203,101,34,270,59,In Stock
1004,3,3,2025-05-03,86,35,28,93,34,In Stock
1005,2,102,2025-02-06,237,145,50,332,32,In Stock
1006,13,93,2025-10-07,194,45,80,159,36,In Stock
1007,3,43,2025-03-12,53,38,4,87,30,In Stock
1008,11,71,2025-10-02,58,22,73,7,60,Low Stock
1009,20,140,2025-03-24,74,51,75,50,39,In Stock
1010,6,6,2025-06-24,20,75,1,94,20,In Stock
1011,12,72,2025-03-28,57,127,70,114,14,In Stock
1012,10,70,2025-04-05,82,147,66,163,44,In Stock
1013,15,75,2025-12-18,83,26,67,42,15,In Stock
1014,14,54,2025-04-13,214,56,91,179,37,In Stock
1015,16,56,2025-11-13,34,9,42,1,21,Low Stock
1016,14,94,2025-06-18,193,115,40,268,39,In Stock
1017,6,86,2025-06-02,195,121,95,221,32,In Stock
1018,19,79,2025-09-12,168,5,99,74,45,In Stock
1019,1,121,2025-05-12,124,82,87,119,58,In Stock
1020,10,10,2025-03-24,21,74,83,12,40,Low Stock
1021,11,111,2025-01-02,93,35,0,128,34,In Stock
1022,2,142,2025-12-26,35,27,4,58,19,In Stock
1023,18,78,2025-07-25,239,48,54,233,38,In Stock
1024,10,150,2025-12-25,55,51,52,54,23,In Stock
1025,1,41,2025-08-24,89,11,20,80,50,In Stock
1026,20,140,2025-11-12,242,85,98,229,35,In Stock
1027,16,136,2025-12-21,249,132,50,331,42,In Stock
1028,15,95,2025-11-19,247,138,8,377,29,In Stock
1029,12,12,2025-10-06,133,23,121,35,25,In Stock
1030,14,14,2025-07-03,144,40,43,141,24,In Stock
1031,20,80,2025-02-08,36,42,76,2,14,Low Stock
1032,14,54,2025-01-09,224,81,55,250,53,In Stock
1033,1,101,2025-07-02,21,73,94,0,55,Out of Stock
1034,3,123,2025-05-07,87,57,56,88,46,In Stock
1035,11,111,2025-07-09,118,71,5,184,18,In Stock
1036,15,55,2025-01-03,231,113,148,196,21,In Stock
1037,8,68,2025-05-23,246,71,88,229,22,In Stock
1038,19,99,2025-07-17,230,86,141,175,41,In Stock
1039,18,118,2025-07-22,140,16,113,43,21,In Stock
1040,4,124,2025-08-06,199,146,112,233,38,In Stock
1041,3,23,2025-08-21,118,46,137,27,41,Low Stock
1042,2,102,2025-02-08,95,68,84,79,56,In Stock
1043,12,92,2025-08-09,200,39,58,181,17,In Stock
1044,3,103,2025-02-15,156,38,90,104,21,In Stock
1045,15,95,2025-01-19,245,60,88,217,19,In Stock
1046,5,5,2025-05-23,223,59,34,248,18,In Stock
1047,5,145,2025-07-03,92,26,68,50,22,In Stock
1048,16,36,2025-10-14,150,145,69,226,17,In Stock
1049,9,129,2025-07-26,73,105,31,147,42,In Stock
1050,6,106,2025-05-04,242,40,101,181,50,In Stock
1051,20,60,2025-11-01,169,127,27,269,14,In Stock
1052,18,98,2025-12-04,128,147,88,187,10,In Stock
1053,1,41,2025-02-19,233,118,34,317,38,In Stock
1054,16,116,2025-03-04,30,89,66,53,26,In Stock
1055,12,92,2025-07-09,244,75,30,289,19,In Stock
1056,3,43,2025-01-04,154,116,40,230,50,In Stock
1057,16,16,2025-05-06,102,35,95,42,43,Low Stock
1058,20,20,2025-06-10,59,93,119,33,12,In Stock
1059,5,105,2025-12-20,75,52,32,95,28,In Stock
1060,3,123,2025-02-27,182,51,117,116,21,In Stock
1061,10,90,2025-10-01,56,65,80,41,47,Low Stock
1062,2,82,2025-12-27,181,126,140,167,43,In Stock
1063,2,82,2025-02-17,36,29,8,57,21,In Stock
1064,10,10,2025-02-16,250,116,52,314,16,In Stock
1065,3,83,2025-01-03,135,6,77,64,18,In Stock
1066,5,125,2025-09-15,91,99,147,43,54,Low Stock
1067,10,150,2025-04-24,177,50,41,186,52,In Stock
1068,2,122,2025-05-03,245,148,142,251,51,In Stock
1069,7,47,2025-07-19,93,74,119,48,19,In Stock
1070,1,141,2025-06-11,147,71,15,203,56,In Stock
1071,14,34,2025-04-04,89,116,95,110,37,In Stock
1072,6,6,2025-02-19,199,94,1,292,11,In Stock
1073,5,65,2025-02-24,30,48,49,29,60,Low Stock
1074,20,140,2025-08-04,20,4,0,24,12,In Stock
1075,13,13,2025-08-18,237,3,98,142,50,In Stock
1076,14,114,2025-05-11,214,43,92,165,13,In Stock
1077,17,57,2025-03-28,54,11,22,43,52,Low Stock
1078,11,51,2025-03-16,38,52,57,33,13,In Stock
1079,19,119,2025-08-18,216,82,21,277,45,In Stock
1080,10,10,2025-07-15,229,103,92,240,22,In Stock
1081,16,76,2025-05-03,190,15,71,134,13,In Stock
1082,17,17,2025-06-07,97,83,31,149,49,In Stock
1083,6,46,2025-06-08,161,8,2,167,56,In Stock
1084,20,20,2025-09-19,94,62,139,17,38,Low Stock
1085,6,106,2025-06-04,119,29,122,26,12,In Stock
1086,15,55,2025-05-13,119,12,53,78,30,In Stock
1087,2,122,2025-08-23,100,90,89,101,29,In Stock
1088,5,125,2025-11-26,20,108,128,0,57,Out of Stock
1089,12,32,2025-11-21,123,114,47,190,13,In Stock
1090,20,60,2025-07-28,203,2,66,139,16,In Stock
1091,2,82,2025-07-08,241,123,104,260,26,In Stock
1092,15,135,2025-04-17,186,52,6,232,50,In Stock
1093,12,72,2025-12-04,242,1,110,133,24,In Stock
1094,10,150,2025-02-26,131,54,113,72,15,In Stock
1095,17,57,2025-10-12,217,78,98,197,26,In Stock
1096,12,92,2025-11-11,236,116,121,231,25,In Stock
1097,3,103,2025-06-19,99,77,91,85,33,In Stock
1098,11,91,2025-11-27,142,129,60,211,53,In Stock
1099,20,100,2025-12-09,61,85,122,24,24,Low Stock
1100,6,26,2025-10-16,174,38,4,208,16,In Stock
1101,10,70,2025-09-23,59,13,46,26,28,Low Stock
1102,12,132,2025-10-27,22,102,111,13,31,Low Stock
1103,18,38,2025-06-06,43,47,77,13,22,Low Stock
1104,12,32,2025-07-20,161,83,99,145,53,In Stock
1105,15,55,2025-11-01,23,79,43,59,37,In Stock
1106,20,40,2025-11-02,55,117,102,70,53,In Stock
1107,17,137,2025-05-11,153,137,90,200,42,In Stock
1108,10,130,2025-12-10,126,129,133,122,47,In Stock
1109,20,60,2025-03-11,66,51,113,4,22,Low Stock
1110,9,9,2025-07-23,30,116,19,127,17,In Stock
1111,1,101,2025-10-23,240,121,94,267,32,In Stock
1112,11,71,2025-05-24,86,22,78,30,58,Low Stock
1113,18,98,2025-10-17,165,101,34,232,48,In Stock
1114,14,114,2025-03-09,81,51,130,2,23,Low Stock
1115,15,135,2025-11-18,152,68,143,77,42,In Stock
1116,19,79,2025-10-17,180,22,58,144,43,In Stock
1117,3,83,2025-08-20,203,16,108,111,12,In Stock
1118,2,22,2025-05-13,26,92,32,86,60,In Stock
1119,11,91,2025-08-14,117,38,111,44,20,In Stock
1120,10,130,2025-08-08,175,0,74,101,49,In Stock
1121,4,4,2025-07-04,221,116,95,242,43,In Stock
1122,10,110,2025-03-10,240,71,33,278,56,In Stock
1123,16,56,2025-06-17,204,116,12,308,25,In Stock
1124,17,137,2025-09-04,181,123,48,256,39,In Stock
1125,17,117,2025-01-18,208,51,13,246,47,In Stock
1126,2,82,2025-07-01,28,29,24,33,42,Low Stock
1127,20,140,2025-02-21,106,48,100,54,18,In Stock
1128,3,103,2025-03-23,169,79,129,119,36,In Stock
1129,12,132,2025-10-13,47,59,82,24,27,Low Stock
1130,7,47,2025-10-19,108,76,75,109,32,In Stock
1131,11,111,2025-08-27,238,62,53,247,42,In Stock
1132,13,93,2025-01-19,145,149,74,220,27,In Stock
1133,17,117,2025-06-19,146,65,146,65,15,In Stock
1134,5,65,2025-08-26,62,103,85,80,19,In Stock
1135,5,25,2025-12-13,234,17,84,167,60,In Stock
1136,5,25,2025-07-19,108,53,64,97,15,In Stock
1137,2,102,2025-04-25,166,37,4,199,16,In Stock
1138,15,35,2025-09-23,45,149,135,59,39,In Stock
1139,9,69,2025-12-05,122,85,101,106,30,In Stock
1140,17,77,2025-04-20,116,68,40,144,13,In Stock
1141,1,101,2025-07-23,76,55,106,25,26,Low Stock
1142,7,107,2025-10-16,46,97,49,94,10,In Stock
1143,17,77,2025-03-21,127,88,143,72,11,In Stock
1144,8,108,2025-10-09,25,81,6,100,18,In Stock
1145,5,45,2025-05-01,185,25,66,144,46,In Stock
1146,3,3,2025-12-28,195,67,62,200,23,In Stock
1147,8,68,2025-06-02,39,98,61,76,36,In Stock
1148,20,80,2025-09-04,30,34,18,46,60,Low Stock
1149,5,5,2025-11-03,200,49,45,204,50,In Stock
1150,6,66,2025-08-17,193,13,62,144,12,In Stock
1151,6,26,2025-12-07,155,86,101,140,29,In Stock
1152,2,142,2025-08-17,28,41,45,24,36,Low Stock
1153,9,129,2025-09-11,67,85,116,36,39,Low Stock
1154,5,125,2025-06-05,235,94,19,310,40,In Stock
1155,3,123,2025-02-28,56,26,17,65,52,In Stock
1156,18,138,2025-04-22,115,39,125,29,53,Low Stock
1157,9,49,2025-01-20,161,41,64,138,31,In Stock
1158,3,3,2025-09-01,172,64,108,128,42,In Stock
1159,15,95,2025-09-28,41,140,127,54,37,In Stock
1160,10,150,2025-06-09,58,14,4,68,11,In Stock
1161,4,4,2025-11-25,170,96,37,229,31,In Stock
1162,12,132,2025-01-15,69,19,63,25,27,Low Stock
1163,9,29,2025-06-05,187,121,75,233,13,In Stock
1164,10,30,2025-07-20,157,29,109,77,28,In Stock
1165,8,148,2025-01-23,51,39,60,30,44,Low Stock
1166,5,105,2025-02-18,230,115,8,337,50,In Stock
1167,17,17,2025-05-02,29,57,67,19,29,Low Stock
1168,12,52,2025-07-17,75,119,129,65,40,In Stock
1169,11,11,2025-12-25,102,64,133,33,42,Low Stock
1170,11,111,2025-10-28,215,75,0,290,24,In Stock
1171,12,32,2025-07-05,163,89,137,115,10,In Stock
1172,14,114,2025-03-26,167,127,80,214,59,In Stock
1173,14,134,2025-05-22,116,102,14,204,48,In Stock
1174,13,133,2025-03-13,158,40,62,136,26,In Stock
1175,16,116,2025-09-26,61,79,20,120,44,In Stock
1176,12,52,2025-02-03,30,28,31,27,58,Low Stock
1177,4,104,2025-07-26,110,10,42,78,15,In Stock
1178,5,25,2025-11-02,132,20,9,143,59,In Stock
1179,7,27,2025-02-17,84,21,16,89,15,In Stock
1180,19,19,2025-01-22,183,71,80,174,15,In Stock
1181,16,56,2025-02-23,210,102,83,229,22,In Stock
1182,8,128,2025-02-14,183,98,128,153,56,In Stock
1183,10,90,2025-11-12,155,91,31,215,52,In Stock
1184,5,125,2025-10-05,221,66,124,163,30,In Stock
1185,12,12,2025-10-27,197,135,140,192,13,In Stock
1186,4,44,2025-07-01,236,121,91,266,43,In Stock
1187,16,96,2025-04-15,62,27,84,5,55,Low Stock
1188,14,34,2025-01-02,120,58,33,145,44,In Stock
1189,6,106,2025-01-07,186,27,90,123,46,In Stock
1190,2,62,2025-02-12,144,62,114,92,57,In Stock
1191,17,37,2025-01-17,114,64,36,142,35,In Stock
1192,20,60,2025-08-06,48,44,37,55,20,In Stock
1193,3,63,2025-03-15,115,33,88,60,60,Low Stock
1194,18,78,2025-01-21,237,79,44,272,25,In Stock
1195,15,115,2025-10-26,53,29,61,21,54,Low Stock
1196,9,9,2025-08-07,161,55,83,133,32,In Stock
1197,5,85,2025-10-01,20,50,13,57,32,In Stock
1198,8,28,2025-02-18,56,19,30,45,12,In Stock
1199,17,117,2025-08-20,207,105,80,232,44,In Stock
1200,14,74,2025-04-28,22,46,47,21,29,Low Stock
1201,15,95,2025-11-23,20,50,67,3,55,Low Stock
1202,19,139,2025-10-22,117,94,136,75,35,In Stock
1203,20,120,2025-07-07,206,116,1,321,54,In Stock
1204,4,44,2025-06-21,27,124,36,115,42,In Stock
1205,3,63,2025-04-13,194,120,24,290,35,In Stock
1206,1,81,2025-11-01,237,133,19,351,12,In Stock
1207,12,112,2025-07-27,149,62,3,208,44,In Stock
1208,10,30,2025-08-21,41,101,61,81,39,In Stock
1209,16,136,2025-01-03,56,23,31,48,18,In Stock
1210,5,145,2025-01-15,249,51,95,205,11,In Stock
1211,10,130,2025-09-11,193,88,150,131,44,In Stock
1212,13,53,2025-03-21,105,76,74,107,42,In Stock
1213,2,142,2025-06-12,121,5,38,88,52,In Stock
1214,6,46,2025-06-11,217,87,35,269,49,In Stock
1215,12,132,2025-10-04,236,141,148,229,21,In Stock
1216,20,60,2025-10-06,105,131,56,180,24,In Stock
1217,6,146,2025-07-24,229,133,105,257,13,In Stock
1218,18,78,2025-06-14,86,60,72,74,51,In Stock
1219,8,128,2025-03-19,123,93,96,120,24,In Stock
1220,2,42,2025-04-04,57,109,147,19,46,Low Stock
1221,3,3,2025-04-13,179,36,90,125,56,In Stock
1222,16,76,2025-05-11,134,136,6,264,47,In Stock
1223,12,52,2025-04-28,160,104,103,161,43,In Stock
1224,6,6,2025-02-01,70,56,22,104,18,In Stock
1225,2,62,2025-07-19,175,128,144,159,58,In Stock
1226,2,82,2025-02-16,126,130,101,155,14,In Stock
1227,1,121,2025-10-27,158,59,55,162,28,In Stock
1228,20,140,2025-09-16,165,145,26,284,33,In Stock
1229,8,88,2025-07-27,84,98,70,112,12,In Stock
1230,10,90,2025-11-06,21,51,18,54,31,In Stock
1231,13,13,2025-02-28,72,89,112,49,55,Low Stock
1232,5,145,2025-02-05,238,39,90,187,39,In Stock
1233,4,4,2025-01-09,141,70,82,129,23,In Stock
1234,15,75,2025-06-18,118,22,36,104,57,In Stock
1235,17,37,2025-02-24,108,33,8,133,47,In Stock
1236,4,4,2025-11-10,155,14,137,32,21,In Stock
1237,8,28,2025-05-05,20,49,39,30,35,Low Stock
1238,10,150,2025-03-15,87,122,0,209,60,In Stock
1239,13,53,2025-02-27,228,14,14,228,11,In Stock
1240,1,1,2025-12-22,130,84,94,120,25,In Stock
1241,1,61,2025-04-07,21,102,3,120,48,In Stock
1242,17,37,2025-06-26,138,141,117,162,50,In Stock
1243,14,74,2025-01-18,113,61,43,131,44,In Stock
1244,8,8,2025-06-20,76,7,61,22,47,Low Stock
1245,17,117,2025-05-05,225,77,28,274,54,In Stock
1246,7,67,2025-08-19,27,121,55,93,58,In Stock
1247,8,8,2025-01-05,58,74,108,24,32,Low Stock
1248,11,11,2025-02-26,244,63,96,211,60,In Stock
1249,9,109,2025-12-08,185,123,113,195,22,In Stock
1250,20,100,2025-05-05,176,107,44,239,52,In Stock
1251,8,28,2025-03-26,110,110,78,142,23,In Stock
1252,9,89,2025-10-20,245,119,135,229,41,In Stock
1253,1,61,2025-09-02,83,58,109,32,44,Low Stock
1254,1,21,2025-10-13,208,45,9,244,36,In Stock
1255,20,20,2025-04-26,99,29,3,125,45,In Stock
1256,18,38,2025-01-19,35,61,77,19,60,Low Stock
1257,5,105,2025-08-07,185,23,42,166,51,In Stock
1258,8,28,2025-08-25,40,65,70,35,46,Low Stock
1259,11,31,2025-07-15,185,96,5,276,52,In Stock
1260,2,22,2025-08-25,103,43,126,20,19,In Stock
1261,18,18,2025-06-06,113,14,23,104,25,In Stock
1262,1,81,2025-03-16,63,12,51,24,53,Low Stock
1263,7,47,2025-05-07,34,119,84,69,55,In Stock
1264,15,75,2025-10-28,248,111,86,273,56,In Stock
1265,19,39,2025-02-07,174,36,23,187,53,In Stock
1266,16,16,2025-04-27,242,129,16,355,28,In Stock
1267,17,57,2025-09-11,95,54,141,8,46,Low Stock
1268,14,14,2025-05-07,201,88,6,283,34,In Stock
1269,5,65,2025-03-26,40,136,42,134,10,In Stock
1270,20,100,2025-05-03,171,13,60,124,17,In Stock
1271,7,27,2025-10-28,63,90,40,113,56,In Stock
1272,6,146,2025-11-05,185,83,108,160,16,In Stock
1273,5,85,2025-02-23,224,73,143,154,35,In Stock
1274,18,18,2025-05-18,56,48,71,33,47,Low Stock
1275,5,65,2025-11-05,132,27,55,104,51,In Stock
1276,7,67,2025-12-09,249,24,146,127,14,In Stock
1277,2,82,2025-07-05,201,1,25,177,19,In Stock
1278,17,137,2025-11-17,194,60,65,189,41,In Stock
1279,11,11,2025-04-28,137,109,58,188,12,In Stock
1280,16,96,2025-01-07,215,73,38,250,15,In Stock
1281,6,26,2025-04-25,80,31,36,75,56,In Stock
1282,4,144,2025-03-20,234,72,61,245,22,In Stock
1283,6,126,2025-02-15,56,76,103,29,54,Low Stock
1284,2,2,2025-11-01,151,103,25,229,44,In Stock
1285,8,88,2025-01-28,155,129,116,168,13,In Stock
1286,3,103,2025-08-12,94,81,61,114,25,In Stock
1287,15,135,2025-04-17,55,96,0,151,39,In Stock
1288,17,57,2025-11-19,78,60,129,9,27,Low Stock
1289,3,3,2025-02-03,218,63,37,244,47,In Stock
1290,7,127,2025-07-21,86,97,70,113,49,In Stock
1291,20,100,2025-01-08,202,111,38,275,33,In Stock
1292,18,38,2025-11-11,249,90,136,203,24,In Stock
1293,19,99,2025-07-16,130,59,117,72,18,In Stock
1294,20,80,2025-08-02,20,67,3,84,21,In Stock
1295,10,50,2025-11-25,79,94,51,122,58,In Stock
1296,11,111,2025-12-05,92,63,150,5,11,Low Stock
1297,3,83,2025-08-24,227,54,32,249,26,In Stock
1298,9,129,2025-08-21,158,34,11,181,42,In Stock
1299,3,23,2025-08-06,113,101,128,86,47,In Stock
1300,9,109,2025-04-25,74,103,114,63,32,In Stock
1301,4,4,2025-02-11,64,79,128,15,24,Low Stock
1302,19,79,2025-06-07,226,142,80,288,33,In Stock
1303,10,50,2025-08-02,122,7,120,9,40,Low Stock
1304,11,91,2025-09-25,147,66,96,117,53,In Stock
1305,17,77,2025-06-21,81,100,124,57,37,In Stock
1306,20,140,2025-01-14,144,120,40,224,45,In Stock
1307,9,29,2025-02-09,192,53,64,181,58,In Stock
1308,15,135,2025-08-01,35,49,37,47,60,Low Stock
1309,10,130,2025-08-18,239,128,142,225,60,In Stock
1310,6,86,2025-11-22,60,139,58,141,27,In Stock
1311,15,95,2025-04-05,24,67,22,69,48,In Stock
1312,6,126,2025-07-07,36,71,81,26,60,Low Stock
1313,20,140,2025-02-03,209,1,31,179,50,In Stock
1314,9,9,2025-07-12,186,143,54,275,48,In Stock
1315,18,58,2025-01-07,80,8,14,74,51,In Stock
1316,14,74,2025-11-24,235,85,65,255,41,In Stock
1317,19,59,2025-10-13,188,40,7,221,60,In Stock
1318,2,102,2025-11-28,88,120,11,197,50,In Stock
1319,3,3,2025-08-17,72,148,129,91,23,In Stock
1320,10,90,2025-10-21,28,137,3,162,49,In Stock
1321,3,43,2025-08-28,220,51,92,179,27,In Stock
1322,15,75,2025-05-19,100,75,109,66,16,In Stock
1323,15,135,2025-06-22,54,142,84,112,59,In Stock
1324,1,121,2025-08-25,199,134,107,226,23,In Stock
1325,10,90,2025-04-17,21,145,19,147,33,In Stock
1326,8,128,2025-11-19,174,118,24,268,10,In Stock
1327,2,122,2025-12-26,181,131,13,299,57,In Stock
1328,20,40,2025-08-16,170,64,2,232,22,In Stock
1329,13,93,2025-06-27,97,96,108,85,32,In Stock
1330,14,134,2025-09-22,216,101,41,276,46,In Stock
1331,18,58,2025-12-20,68,100,53,115,43,In Stock
1332,11,11,2025-02-23,91,82,37,136,18,In Stock
1333,10,130,2025-01-05,187,30,63,154,24,In Stock
1334,6,66,2025-06-08,247,114,28,333,43,In Stock
1335,20,140,2025-11-18,124,15,43,96,17,In Stock
1336,3,3,2025-01-05,84,20,0,104,31,In Stock
1337,4,84,2025-04-23,203,72,15,260,12,In Stock
1338,5,25,2025-02-04,170,104,77,197,18,In Stock
1339,14,34,2025-06-25,155,32,62,125,30,In Stock
1340,13,73,2025-06-26,202,0,0,202,34,In Stock
1341,15,115,2025-10-18,248,39,88,199,41,In Stock
1342,6,126,2025-12-21,127,115,25,217,20,In Stock
1343,17,137,2025-02-02,169,5,136,38,52,Low Stock
1344,5,125,2025-05-09,150,14,30,134,30,In Stock
1345,4,24,2025-11-09,105,51,133,23,60,Low Stock
1346,18,118,2025-01-06,117,80,17,180,14,In Stock
1347,19,19,2025-04-17,243,74,89,228,38,In Stock
1348,6,146,2025-12-17,246,53,141,158,36,In Stock
1349,4,124,2025-03-22,137,144,60,221,24,In Stock
1350,14,74,2025-05-15,179,0,99,80,51,In Stock
1351,6,106,2025-01-26,178,28,67,139,14,In Stock
1352,18,118,2025-06-08,196,52,116,132,39,In Stock
1353,6,146,2025-01-23,173,14,77,110,42,In Stock
1354,11,31,2025-04-05,83,22,95,10,29,Low Stock
1355,6,26,2025-07-06,213,31,123,121,16,In Stock
1356,8,148,2025-12-25,103,21,12,112,32,In Stock
1357,5,145,2025-03-24,47,140,75,112,42,In Stock
1358,6,46,2025-11-25,68,130,112,86,46,In Stock
1359,15,95,2025-12-23,173,29,27,175,27,In Stock
1360,9,109,2025-08-20,103,94,90,107,53,In Stock
1361,19,99,2025-01-01,137,144,115,166,29,In Stock
1362,16,96,2025-03-02,179,38,127,90,45,In Stock
1363,18,38,2025-03-08,26,52,68,10,53,Low Stock
1364,10,150,2025-09-16,109,107,136,80,19,In Stock
1365,19,99,2025-03-27,142,44,6,180,17,In Stock
1366,13,93,2025-07-09,246,108,129,225,60,In Stock
1367,19,59,2025-12-06,117,58,81,94,53,In Stock
1368,8,128,2025-04-01,229,116,6,339,38,In Stock
1369,9,29,2025-07-06,199,44,117,126,55,In Stock
1370,6,26,2025-06-01,224,91,130,185,35,In Stock
1371,15,35,2025-07-05,128,37,80,85,54,In Stock
1372,9,89,2025-05-07,94,63,63,94,27,In Stock
1373,18,98,2025-02-05,153,120,107,166,50,In Stock
1374,2,42,2025-11-27,82,139,112,109,22,In Stock
1375,11,51,2025-03-17,103,138,120,121,30,In Stock
1376,11,11,2025-10-11,97,110,57,150,47,In Stock
1377,14,74,2025-05-01,209,105,7,307,51,In Stock
1378,9,89,2025-03-27,60,124,16,168,40,In Stock
1379,1,61,2025-12-02,175,26,143,58,43,In Stock
1380,19,59,2025-01-21,93,29,106,16,35,Low Stock
1381,14,54,2025-09-27,134,119,109,144,44,In Stock
1382,10,70,2025-03-28,229,32,103,158,54,In Stock
1383,5,25,2025-06-28,41,44,8,77,33,In Stock
1384,9,69,2025-04-01,236,78,125,189,51,In Stock
1385,9,29,2025-08-14,82,114,23,173,60,In Stock
1386,10,150,2025-07-05,155,128,37,246,33,In Stock
1387,18,118,2025-05-04,83,115,33,165,48,In Stock
1388,8,68,2025-08-18,152,27,0,179,31,In Stock
1389,19,79,2025-12-25,157,81,114,124,26,In Stock
1390,9,129,2025-11-08,79,108,47,140,28,In Stock
1391,5,85,2025-12-14,222,58,55,225,48,In Stock
1392,15,35,2025-01-02,234,10,141,103,34,In Stock
1393,6,46,2025-04-27,168,37,104,101,24,In Stock
1394,3,123,2025-03-12,190,114,120,184,53,In Stock
1395,1,141,2025-02-23,47,114,95,66,27,In Stock
1396,10,110,2025-12-23,41,68,93,16,11,In Stock
1397,10,10,2025-11-08,250,113,49,314,13,In Stock
1398,3,103,2025-08-07,146,34,67,113,24,In Stock
1399,5,145,2025-10-24,33,107,97,43,31,In Stock
1400,17,77,2025-01-21,239,85,130,194,33,In Stock
1401,13,93,2025-05-22,184,57,43,198,34,In Stock
1402,16,36,2025-07-05,108,73,8,173,42,In Stock
1403,12,52,2025-12-20,25,92,112,5,15,Low Stock
1404,16,56,2025-04-07,73,41,5,109,55,In Stock
1405,7,147,2025-09-24,187,76,38,225,29,In Stock
1406,13,13,2025-10-20,227,25,150,102,32,In Stock
1407,7,87,2025-07-09,139,15,67,87,12,In Stock
1408,11,71,2025-10-01,24,13,16,21,39,Low Stock
1409,11,111,2025-02-21,41,81,2,120,53,In Stock
1410,18,138,2025-01-17,130,90,44,176,12,In Stock
1411,15,15,2025-03-11,127,77,42,162,57,In Stock
1412,1,61,2025-06-14,232,109,88,253,29,In Stock
1413,2,102,2025-05-23,186,15,47,154,22,In Stock
1414,17,57,2025-11-27,76,76,37,115,36,In Stock
1415,19,59,2025-06-18,116,104,87,133,37,In Stock
1416,19,59,2025-06-11,83,25,107,1,26,Low Stock
1417,4,144,2025-01-04,101,93,68,126,11,In Stock
1418,10,130,2025-08-22,158,133,142,149,10,In Stock
1419,16,56,2025-03-25,184,17,138,63,28,In Stock
1420,13,133,2025-06-15,67,22,9,80,37,In Stock
1421,6,26,2025-03-15,93,94,108,79,12,In Stock
1422,6,6,2025-09-14,25,64,86,3,16,Low Stock
1423,15,135,2025-08-10,193,38,22,209,47,In Stock
1424,19,119,2025-04-25,106,24,34,96,54,In Stock
1425,10,150,2025-04-22,211,71,104,178,60,In Stock
1426,16,16,2025-02-28,190,133,128,195,43,In Stock
1427,2,22,2025-11-11,26,31,5,52,38,In Stock
1428,16,116,2025-08-11,140,123,17,246,44,In Stock
1429,6,106,2025-05-14,21,136,100,57,44,In Stock
1430,11,131,2025-04-08,185,33,65,153,29,In Stock
1431,15,75,2025-12-24,37,139,145,31,16,In Stock
1432,20,60,2025-02-03,236,63,110,189,20,In Stock
1433,16,76,2025-09-17,206,95,119,182,25,In Stock
1434,19,79,2025-03-06,167,142,97,212,21,In Stock
1435,11,131,2025-02-18,84,123,74,133,37,In Stock
1436,13,33,2025-03-13,109,34,129,14,51,Low Stock
1437,19,39,2025-09-02,143,83,29,197,40,In Stock
1438,5,85,2025-06-27,61,36,53,44,59,Low Stock
1439,7,7,2025-02-11,152,14,71,95,49,In Stock
1440,10,130,2025-10-21,71,143,16,198,17,In Stock
1441,15,135,2025-12-18,72,127,141,58,15,In Stock
1442,17,117,2025-06-22,186,52,138,100,20,In Stock
1443,12,72,2025-02-14,30,4,18,16,12,In Stock
1444,6,126,2025-07-18,164,111,22,253,33,In Stock
1445,12,112,2025-10-01,91,44,52,83,50,In Stock
1446,8,128,2025-12-21,104,67,23,148,49,In Stock
1447,13,53,2025-02-23,180,37,84,133,11,In Stock
1448,10,30,2025-09-09,165,11,18,158,43,In Stock
1449,20,60,2025-09-28,164,93,83,174,18,In Stock
1450,17,57,2025-09-03,242,25,20,247,36,In Stock
1451,13,33,2025-04-10,107,21,107,21,14,In Stock
1452,16,56,2025-02-16,149,51,99,101,23,In Stock
1453,6,126,2025-04-22,215,77,64,228,15,In Stock
1454,18,18,2025-03-18,143,101,52,192,14,In Stock
1455,1,101,2025-12-14,42,61,79,24,51,Low Stock
1456,15,115,2025-08-17,82,76,65,93,17,In Stock
1457,3,103,2025-11-12,158,67,108,117,28,In Stock
1458,7,147,2025-08-11,203,138,60,281,48,In Stock
1459,14,54,2025-01-14,20,130,19,131,17,In Stock
1460,20,20,2025-01-28,68,58,82,44,44,Low Stock
1461,19,19,2025-09-05,75,150,132,93,37,In Stock
1462,5,85,2025-08-26,172,138,130,180,26,In Stock
1463,14,14,2025-05-24,148,126,0,274,56,In Stock
1464,13,93,2025-02-01,225,32,57,200,12,In Stock
1465,14,34,2025-10-16,197,39,103,133,27,In Stock
1466,20,20,2025-03-28,209,1,7,203,14,In Stock
1467,5,125,2025-07-18,202,40,66,176,52,In Stock
1468,17,77,2025-12-05,24,65,62,27,14,In Stock
1469,5,25,2025-03-12,37,147,94,90,49,In Stock
1470,14,54,2025-12-27,140,60,82,118,59,In Stock
1471,16,36,2025-07-09,235,140,123,252,21,In Stock
1472,10,70,2025-01-27,121,57,23,155,16,In Stock
1473,6,86,2025-05-23,135,139,94,180,56,In Stock
1474,12,112,2025-01-23,36,137,123,50,47,In Stock
1475,4,104,2025-06-08,40,100,116,24,53,Low Stock
1476,9,129,2025-04-18,63,145,92,116,46,In Stock
1477,11,51,2025-04-09,65,44,4,105,25,In Stock
1478,20,60,2025-09-22,209,39,48,200,58,In Stock
1479,11,51,2025-03-20,137,146,83,200,34,In Stock
1480,20,140,2025-12-02,186,101,136,151,13,In Stock
1481,19,59,2025-01-26,76,57,107,26,28,Low Stock
1482,13,73,2025-07-18,45,14,29,30,58,Low Stock
1483,10,70,2025-03-09,30,21,7,44,52,Low Stock
1484,13,133,2025-06-13,205,131,125,211,47,In Stock
1485,16,56,2025-03-12,24,50,68,6,24,Low Stock
1486,2,2,2025-08-01,57,40,40,57,26,In Stock
1487,7,27,2025-05-18,233,21,98,156,55,In Stock
1488,2,42,2025-12-20,38,138,132,44,56,Low Stock
1489,14,14,2025-01-03,143,99,97,145,23,In Stock
1490,1,41,2025-06-19,186,102,70,218,13,In Stock
1491,13,73,2025-05-12,180,63,13,230,12,In Stock
1492,20,120,2025-05-08,220,136,120,236,21,In Stock
1493,9,129,2025-07-22,234,89,139,184,54,In Stock
1494,11,91,2025-10-21,24,148,20,152,17,In Stock
1495,16,16,2025-10-01,179,71,93,157,36,In Stock
1496,4,64,2025-07-02,98,71,130,39,10,In Stock
1497,9,9,2025-04-04,26,16,19,23,18,In Stock
1498,19,19,2025-04-24,34,75,93,16,58,Low Stock
1499,4,124,2025-11-25,64,69,87,46,60,Low Stock
1500,10,30,2025-03-26,153,144,100,197,18,In Stock
1501,9,129,2025-01-05,110,145,42,213,21,In Stock
1502,6,126,2025-11-05,155,145,34,266,56,In Stock
1503,12,72,2025-09-17,243,92,16,319,44,In Stock
1504,15,15,2025-09-17,123,113,3,233,54,In Stock
1505,8,8,2025-04-27,214,102,13,303,17,In Stock
1506,10,10,2025-05-13,51,23,42,32,49,Low Stock
1507,10,150,2025-02-20,159,67,99,127,22,In Stock
1508,18,138,2025-08-22,85,7,68,24,24,Low Stock
1509,6,126,2025-03-28,66,17,47,36,14,In Stock
1510,10,70,2025-03-09,35,55,74,16,46,Low Stock
1511,5,105,2025-02-18,108,9,77,40,16,In Stock
1512,9,29,2025-05-08,225,90,77,238,33,In Stock
1513,4,44,2025-04-21,197,92,91,198,32,In Stock
1514,6,146,2025-08-17,46,130,70,106,28,In Stock
1515,7,27,2025-10-27,170,108,68,210,53,In Stock
1516,18,18,2025-02-28,113,130,62,181,28,In Stock
1517,1,41,2025-08-13,249,21,108,162,14,In Stock
1518,13,113,2025-02-08,30,107,90,47,45,In Stock
1519,4,84,2025-03-28,155,103,57,201,16,In Stock
1520,13,33,2025-07-13,154,13,38,129,29,In Stock
1521,7,107,2025-08-24,44,93,120,17,18,Low Stock
1522,20,120,2025-09-12,164,1,93,72,46,In Stock
1523,3,3,2025-10-27,144,61,0,205,38,In Stock
1524,2,42,2025-02-02,87,147,131,103,60,In Stock
1525,16,56,2025-09-04,81,103,131,53,47,In Stock
1526,13,93,2025-09-11,201,90,114,177,31,In Stock
1527,7,87,2025-01-19,206,9,2,213,12,In Stock
1528,5,25,2025-11-24,248,139,147,240,54,In Stock
1529,3,83,2025-01-28,211,1,96,116,60,In Stock
1530,15,75,2025-01-01,67,10,5,72,22,In Stock
1531,18,138,2025-05-27,213,107,147,173,53,In Stock
1532,13,113,2025-02-23,183,14,126,71,10,In Stock
1533,6,26,2025-02-02,209,82,21,270,59,In Stock
1534,17,17,2025-01-02,35,148,32,151,36,In Stock
1535,8,108,2025-09-08,89,42,114,17,60,Low Stock
1536,9,109,2025-08-20,96,8,21,83,24,In Stock
1537,10,90,2025-02-27,69,37,66,40,49,Low Stock
1538,15,35,2025-12-22,64,8,5,67,16,In Stock
1539,6,66,2025-03-21,245,71,84,232,23,In Stock
1540,14,34,2025-04-04,44,87,27,104,41,In Stock
1541,11,11,2025-11-16,168,72,137,103,22,In Stock
1542,19,139,2025-05-14,73,20,87,6,48,Low Stock
1543,4,84,2025-01-01,95,123,124,94,57,In Stock
1544,9,29,2025-08-11,183,21,9,195,36,In Stock
1545,11,31,2025-03-13,88,96,63,121,10,In Stock
1546,20,120,2025-06-07,226,86,65,247,31,In Stock
1547,2,42,2025-10-14,23,49,24,48,29,In Stock
1548,13,13,2025-07-26,195,131,13,313,55,In Stock
1549,11,111,2025-05-10,99,125,81,143,47,In Stock
1550,19,39,2025-10-12,244,80,53,271,50,In Stock
1551,6,146,2025-01-25,184,72,81,175,29,In Stock
1552,19,39,2025-06-02,37,93,66,64,41,In Stock
1553,6,106,2025-08-26,133,54,130,57,34,In Stock
1554,11,131,2025-04-10,230,34,16,248,40,In Stock
1555,8,108,2025-02-16,250,110,93,267,13,In Stock
1556,8,128,2025-11-23,65,68,86,47,28,In Stock
1557,7,47,2025-10-24,20,89,86,23,57,Low Stock
1558,4,144,2025-08-25,211,73,25,259,48,In Stock
1559,13,53,2025-06-14,172,86,47,211,34,In Stock
1560,3,23,2025-06-20,171,10,133,48,29,In Stock
1561,9,9,2025-10-28,81,118,39,160,54,In Stock
1562,12,112,2025-04-21,163,12,113,62,10,In Stock
1563,11,51,2025-11-02,37,59,0,96,38,In Stock
1564,2,122,2025-07-11,196,27,150,73,22,In Stock
1565,13,33,2025-12-12,238,110,32,316,34,In Stock
1566,6,6,2025-01-17,181,74,94,161,24,In Stock
1567,8,48,2025-07-16,216,42,15,243,20,In Stock
1568,1,1,2025-01-21,45,9,52,2,53,Low Stock
1569,10,50,2025-03-07,30,76,61,45,13,In Stock
1570,1,141,2025-09-18,122,126,105,143,60,In Stock
1571,9,69,2025-09-04,164,48,76,136,35,In Stock
1572,5,45,2025-02-12,86,143,20,209,11,In Stock
1573,20,100,2025-09-10,176,81,37,220,57,In Stock
1574,3,43,2025-06-15,22,42,64,0,25,Out of Stock
1575,19,79,2025-04-17,93,43,31,105,45,In Stock
1576,9,89,2025-01-20,76,39,24,91,54,In Stock
1577,6,66,2025-03-08,44,79,108,15,52,Low Stock
1578,15,95,2025-09-04,227,105,144,188,16,In Stock
1579,17,17,2025-10-06,104,97,21,180,15,In Stock
1580,14,94,2025-02-10,99,115,4,210,28,In Stock
1581,8,88,2025-11-06,32,93,114,11,52,Low Stock
1582,19,99,2025-03-02,60,117,100,77,37,In Stock
1583,2,62,2025-08-14,212,134,138,208,34,In Stock
1584,2,82,2025-04-05,32,130,65,97,49,In Stock
1585,20,80,2025-11-03,89,128,25,192,11,In Stock
1586,12,112,2025-02-07,206,98,135,169,58,In Stock
1587,2,62,2025-05-12,88,77,133,32,45,Low Stock
1588,4,4,2025-11-02,34,136,144,26,16,In Stock
1589,16,16,2025-04-07,56,127,92,91,47,In Stock
1590,9,89,2025-06-27,191,125,87,229,58,In Stock
1591,1,61,2025-08-24,50,68,71,47,54,Low Stock
1592,19,139,2025-02-28,121,140,62,199,43,In Stock
1593,3,43,2025-08-04,78,101,24,155,59,In Stock
1594,9,49,2025-03-05,47,75,55,67,12,In Stock
1595,6,106,2025-09-22,164,123,145,142,29,In Stock
1596,10,90,2025-11-07,197,13,55,155,39,In Stock
1597,13,113,2025-01-02,168,71,107,132,20,In Stock
1598,6,46,2025-07-06,149,137,18,268,25,In Stock
1599,20,20,2025-06-10,24,4,25,3,58,Low Stock
1600,16,36,2025-02-17,59,13,20,52,30,In Stock
1601,4,24,2025-06-12,233,124,108,249,46,In Stock
1602,14,14,2025-01-06,228,28,120,136,32,In Stock
1603,15,135,2025-08-16,66,0,10,56,60,Low Stock
1604,7,127,2025-11-04,51,149,98,102,12,In Stock
1605,2,2,2025-08-15,103,59,74,88,50,In Stock
1606,2,22,2025-01-01,231,21,38,214,33,In Stock
1607,9,9,2025-11-23,116,12,21,107,56,In Stock
1608,5,125,2025-03-03,108,77,66,119,22,In Stock
1609,11,111,2025-02-19,37,78,28,87,12,In Stock
1610,14,134,2025-09-04,160,50,32,178,29,In Stock
1611,1,101,2025-10-06,145,143,132,156,40,In Stock
1612,17,17,2025-05-26,64,104,64,104,55,In Stock
1613,13,53,2025-10-25,65,61,65,61,25,In Stock
1614,14,74,2025-04-10,78,25,24,79,26,In Stock
1615,15,55,2025-03-14,144,68,92,120,24,In Stock
1616,3,143,2025-08-25,145,0,82,63,20,In Stock
1617,19,59,2025-11-02,46,43,56,33,34,Low Stock
1618,18,98,2025-01-24,142,85,26,201,49,In Stock
1619,2,2,2025-02-11,38,87,108,17,41,Low Stock
1620,18,138,2025-06-25,164,8,12,160,32,In Stock
1621,4,124,2025-10-26,65,58,73,50,26,In Stock
1622,15,135,2025-06-25,25,8,26,7,30,Low Stock
1623,7,67,2025-08-03,100,107,134,73,57,In Stock
1624,10,110,2025-06-05,72,32,71,33,41,Low Stock
1625,15,95,2025-04-20,172,112,143,141,19,In Stock
1626,3,83,2025-05-23,216,31,20,227,19,In Stock
1627,2,122,2025-01-02,217,59,142,134,17,In Stock
1628,6,6,2025-10-01,88,129,58,159,55,In Stock
1629,11,11,2025-12-18,85,77,143,19,25,Low Stock
1630,2,22,2025-10-22,213,18,55,176,29,In Stock
1631,6,46,2025-06-03,212,127,57,282,47,In Stock
1632,4,64,2025-09-25,59,130,27,162,51,In Stock
1633,17,37,2025-10-04,144,32,50,126,12,In Stock
1634,4,4,2025-03-21,155,8,136,27,55,Low Stock
1635,8,88,2025-10-10,221,24,46,199,42,In Stock
1636,3,83,2025-06-28,240,105,139,206,23,In Stock
1637,11,31,2025-09-04,35,43,42,36,30,In Stock
1638,7,7,2025-09-04,220,18,58,180,39,In Stock
1639,18,58,2025-09-20,53,79,84,48,56,Low Stock
1640,5,85,2025-02-07,104,99,8,195,23,In Stock
1641,12,112,2025-05-16,62,72,69,65,11,In Stock
1642,19,59,2025-01-18,43,109,38,114,49,In Stock
1643,5,145,2025-08-23,151,124,145,130,57,In Stock
1644,8,88,2025-07-23,104,82,27,159,37,In Stock
1645,13,73,2025-11-07,89,133,17,205,38,In Stock
1646,18,138,2025-11-12,58,26,51,33,48,Low Stock
1647,15,135,2025-02-07,212,90,6,296,12,In Stock
1648,10,30,2025-07-08,71,92,51,112,39,In Stock
1649,4,4,2025-10-18,67,107,125,49,35,In Stock
1650,7,27,2025-11-25,115,150,9,256,50,In Stock
1651,10,70,2025-06-04,150,94,140,104,57,In Stock
1652,12,72,2025-01-26,33,65,92,6,16,Low Stock
1653,15,75,2025-05-25,178,87,46,219,51,In Stock
1654,20,120,2025-07-21,54,130,104,80,21,In Stock
1655,4,64,2025-01-21,64,20,44,40,17,In Stock
1656,10,130,2025-03-19,167,141,1,307,44,In Stock
1657,17,117,2025-07-23,82,21,39,64,50,In Stock
1658,10,150,2025-06-27,197,15,131,81,28,In Stock
1659,7,127,2025-03-25,89,123,37,175,57,In Stock
1660,3,83,2025-10-06,146,86,120,112,39,In Stock
1661,1,1,2025-10-13,37,90,44,83,34,In Stock
1662,10,90,2025-02-14,250,65,87,228,58,In Stock
1663,4,4,2025-10-18,104,35,16,123,27,In Stock
1664,19,59,2025-02-19,222,114,21,315,13,In Stock
1665,4,24,2025-11-21,119,26,73,72,53,In Stock
1666,8,88,2025-03-27,48,136,7,177,25,In Stock
1667,6,146,2025-02-14,87,13,66,34,31,In Stock
1668,9,29,2025-03-25,95,8,30,73,39,In Stock
1669,18,18,2025-04-18,235,117,127,225,25,In Stock
1670,19,19,2025-10-10,193,148,122,219,47,In Stock
1671,15,15,2025-05-18,217,89,59,247,28,In Stock
1672,6,106,2025-04-07,120,89,6,203,11,In Stock
1673,9,29,2025-01-13,111,68,58,121,31,In Stock
1674,2,2,2025-07-08,56,62,108,10,51,Low Stock
1675,5,125,2025-12-20,40,90,65,65,53,In Stock
1676,5,5,2025-01-21,156,26,57,125,45,In Stock
1677,19,59,2025-09-20,26,119,135,10,32,Low Stock
1678,3,23,2025-10-18,174,107,144,137,51,In Stock
1679,19,79,2025-08-14,82,41,1,122,20,In Stock
1680,10,150,2025-02-19,158,57,29,186,57,In Stock
1681,13,133,2025-02-08,232,90,79,243,52,In Stock
1682,3,103,2025-10-27,44,63,66,41,33,In Stock
1683,2,82,2025-02-26,183,29,98,114,16,In Stock
1684,6,86,2025-10-01,191,107,129,169,44,In Stock
1685,8,8,2025-04-14,120,60,93,87,28,In Stock
1686,11,131,2025-03-28,126,93,101,118,16,In Stock
1687,17,77,2025-08-06,153,114,20,247,60,In Stock
1688,13,33,2025-06-08,58,106,79,85,28,In Stock
1689,2,102,2025-09-25,239,89,11,317,50,In Stock
1690,16,16,2025-04-06,238,16,133,121,10,In Stock
1691,13,93,2025-06-12,178,99,90,187,56,In Stock
1692,5,85,2025-05-15,83,23,61,45,60,Low Stock
1693,11,31,2025-02-07,100,22,102,20,30,Low Stock
1694,14,134,2025-10-03,124,102,11,215,42,In Stock
1695,2,22,2025-04-18,102,82,131,53,58,Low Stock
1696,9,109,2025-07-16,21,90,40,71,35,In Stock
1697,11,11,2025-04-09,173,65,109,129,46,In Stock
1698,14,94,2025-01-13,225,24,4,245,13,In Stock
1699,13,133,2025-12-18,102,124,126,100,41,In Stock
1700,10,30,2025-09-22,242,114,0,356,43,In Stock
1701,9,129,2025-12-18,177,25,97,105,48,In Stock
1702,9,109,2025-06-27,116,96,31,181,37,In Stock
1703,15,115,2025-09-15,132,45,16,161,18,In Stock
1704,11,31,2025-01-06,223,7,96,134,38,In Stock
1705,2,82,2025-08-03,120,128,97,151,24,In Stock
1706,4,64,2025-03-02,78,84,11,151,47,In Stock
1707,18,18,2025-02-12,218,122,51,289,17,In Stock
1708,1,41,2025-11-05,42,24,46,20,55,Low Stock
1709,10,150,2025-11-20,57,101,68,90,44,In Stock
1710,8,68,2025-02-01,201,39,29,211,49,In Stock
1711,18,138,2025-12-12,227,119,69,277,28,In Stock
1712,10,70,2025-09-14,134,117,48,203,38,In Stock
1713,6,86,2025-01-18,125,143,7,261,39,In Stock
1714,9,129,2025-04-26,242,51,70,223,53,In Stock
1715,16,76,2025-09-11,205,135,1,339,32,In Stock
1716,6,86,2025-07-22,195,44,100,139,32,In Stock
1717,13,73,2025-12-09,135,112,66,181,36,In Stock
1718,18,58,2025-04-16,26,20,0,46,24,In Stock
1719,9,29,2025-05-28,66,31,27,70,28,In Stock
1720,10,90,2025-02-02,65,138,66,137,51,In Stock
1721,20,120,2025-04-09,48,135,131,52,48,In Stock
1722,17,117,2025-10-27,53,127,23,157,50,In Stock
1723,3,143,2025-07-28,210,121,79,252,44,In Stock
1724,10,50,2025-02-23,160,137,2,295,53,In Stock
1725,18,58,2025-03-01,128,145,129,144,20,In Stock
1726,8,88,2025-09-07,186,73,109,150,46,In Stock
1727,7,47,2025-12-24,149,99,22,226,52,In Stock
1728,4,64,2025-05-18,73,29,2,100,32,In Stock
1729,8,128,2025-04-09,123,11,117,17,60,Low Stock
1730,14,94,2025-03-21,79,129,18,190,23,In Stock
1731,12,132,2025-11-26,235,98,112,221,47,In Stock
1732,8,68,2025-10-20,141,21,45,117,10,In Stock
1733,16,116,2025-04-02,68,78,104,42,39,In Stock
1734,15,35,2025-11-02,186,134,132,188,26,In Stock
1735,20,40,2025-01-09,248,35,123,160,40,In Stock
1736,7,27,2025-01-02,174,76,23,227,60,In Stock
1737,15,135,2025-06-04,86,76,124,38,14,In Stock
1738,16,116,2025-05-03,99,16,60,55,38,In Stock
1739,13,113,2025-06-21,197,56,57,196,34,In Stock
1740,17,77,2025-08-10,103,2,38,67,16,In Stock
1741,3,83,2025-07-08,74,116,84,106,25,In Stock
1742,11,111,2025-08-04,91,5,42,54,51,In Stock
1743,18,98,2025-01-06,38,117,125,30,20,In Stock
1744,9,9,2025-07-27,105,137,70,172,37,In Stock
1745,16,36,2025-02-07,188,128,132,184,54,In Stock
1746,2,62,2025-05-16,146,19,133,32,34,Low Stock
1747,3,103,2025-12-08,89,20,4,105,35,In Stock
1748,12,132,2025-02-07,30,80,67,43,10,In Stock
1749,6,26,2025-06-04,150,2,124,28,27,In Stock
1750,19,99,2025-12-23,194,2,142,54,56,Low Stock
1751,17,57,2025-03-20,148,53,59,142,43,In Stock
1752,12,132,2025-02-22,66,142,105,103,42,In Stock
1753,15,115,2025-12-20,143,137,102,178,26,In Stock
1754,13,53,2025-05-16,222,14,130,106,33,In Stock
1755,6,6,2025-02-01,159,94,27,226,33,In Stock
1756,12,12,2025-03-28,237,143,18,362,43,In Stock
1757,19,99,2025-01-21,143,40,118,65,38,In Stock
1758,11,51,2025-11-07,46,77,68,55,25,In Stock
1759,2,82,2025-06-01,132,16,112,36,39,Low Stock
1760,2,142,2025-08-18,94,50,50,94,32,In Stock
1761,6,86,2025-03-13,87,137,56,168,48,In Stock
1762,6,126,2025-05-27,57,140,40,157,23,In Stock
1763,7,27,2025-04-23,145,142,15,272,52,In Stock
1764,6,106,2025-04-10,153,109,13,249,15,In Stock
1765,6,106,2025-02-02,176,146,33,289,39,In Stock
1766,9,69,2025-01-07,167,110,34,243,42,In Stock
1767,7,7,2025-01-14,196,81,109,168,59,In Stock
1768,7,27,2025-03-09,166,0,25,141,48,In Stock
1769,3,143,2025-05-24,32,42,60,14,35,Low Stock
1770,14,14,2025-12-28,139,123,133,129,35,In Stock
1771,5,65,2025-01-18,82,142,48,176,58,In Stock
1772,2,142,2025-04-12,171,113,20,264,47,In Stock
1773,8,148,2025-05-03,129,45,134,40,41,Low Stock
1774,4,144,2025-08-02,63,34,94,3,26,Low Stock
1775,20,100,2025-05-14,228,35,29,234,16,In Stock
1776,1,21,2025-07-20,35,61,3,93,53,In Stock
1777,1,21,2025-12-01,120,52,17,155,21,In Stock
1778,4,124,2025-02-21,238,98,40,296,56,In Stock
1779,5,5,2025-06-17,237,62,109,190,14,In Stock
1780,9,9,2025-03-21,155,0,18,137,44,In Stock
1781,1,81,2025-04-27,25,38,6,57,13,In Stock
1782,4,64,2025-09-26,91,86,79,98,19,In Stock
1783,7,107,2025-01-16,237,109,142,204,52,In Stock
1784,20,120,2025-04-04,28,84,93,19,32,Low Stock
1785,14,14,2025-02-24,210,142,47,305,50,In Stock
1786,4,44,2025-07-17,235,99,97,237,44,In Stock
1787,14,134,2025-01-16,185,139,70,254,56,In Stock
1788,14,54,2025-07-24,94,65,60,99,16,In Stock
1789,13,93,2025-07-05,235,51,34,252,34,In Stock
1790,19,139,2025-07-19,155,6,9,152,36,In Stock
1791,20,20,2025-12-08,218,95,130,183,38,In Stock
1792,3,143,2025-06-19,179,118,56,241,46,In Stock
1793,2,22,2025-06-11,48,7,30,25,34,Low Stock
1794,18,138,2025-08-01,24,26,45,5,33,Low Stock
1795,20,40,2025-04-15,178,119,131,166,40,In Stock
1796,11,51,2025-03-27,23,19,3,39,54,Low Stock
1797,9,9,2025-10-01,153,14,106,61,23,In Stock
1798,1,121,2025-01-06,189,59,133,115,38,In Stock
1799,17,77,2025-07-04,172,93,138,127,40,In Stock
1800,11,11,2025-07-23,29,58,85,2,17,Low Stock
1801,19,39,2025-05-10,46,59,80,25,23,In Stock
1802,19,19,2025-09-04,228,92,115,205,15,In Stock
1803,17,97,2025-09-08,57,137,118,76,44,In Stock
1804,16,136,2025-02-07,153,145,24,274,59,In Stock
1805,15,95,2025-07-10,53,114,139,28,50,Low Stock
1806,5,105,2025-06-05,57,54,111,0,30,Out of Stock
1807,12,132,2025-11-10,216,78,122,172,51,In Stock
1808,6,6,2025-08-01,171,131,136,166,30,In Stock
1809,16,56,2025-02-21,187,107,100,194,10,In Stock
1810,9,89,2025-05-15,200,149,68,281,40,In Stock
1811,19,59,2025-04-07,235,40,26,249,53,In Stock
1812,7,47,2025-10-15,188,108,112,184,17,In Stock
1813,17,17,2025-06-21,169,108,53,224,59,In Stock
1814,9,149,2025-09-11,217,150,50,317,46,In Stock
1815,6,66,2025-05-10,43,97,2,138,43,In Stock
1816,20,20,2025-06-01,86,30,25,91,16,In Stock
1817,6,86,2025-07-20,107,70,14,163,30,In Stock
1818,10,150,2025-03-21,26,116,88,54,15,In Stock
1819,18,138,2025-03-10,91,144,19,216,23,In Stock
1820,13,13,2025-05-17,131,68,134,65,34,In Stock
1821,20,140,2025-01-06,45,115,120,40,55,Low Stock
1822,2,42,2025-04-02,222,35,124,133,51,In Stock
1823,2,2,2025-07-22,119,142,61,200,25,In Stock
1824,5,65,2025-12-19,81,131,22,190,48,In Stock
1825,1,81,2025-02-03,55,46,82,19,29,Low Stock
1826,17,137,2025-12-20,32,89,112,9,38,Low Stock
1827,15,115,2025-08-27,237,7,70,174,29,In Stock
1828,3,83,2025-07-05,150,102,71,181,32,In Stock
1829,9,69,2025-01-13,230,37,132,135,19,In Stock
1830,12,112,2025-08-01,78,82,23,137,40,In Stock
1831,2,2,2025-10-05,41,104,111,34,25,In Stock
1832,9,49,2025-08-28,212,117,47,282,34,In Stock
1833,10,150,2025-03-07,25,73,44,54,28,In Stock
1834,13,53,2025-02-09,175,112,7,280,52,In Stock
1835,17,37,2025-08-16,132,93,83,142,39,In Stock
1836,4,104,2025-05-25,118,24,141,1,31,Low Stock
1837,4,84,2025-11-12,137,138,7,268,29,In Stock
1838,3,143,2025-08-14,170,141,70,241,21,In Stock
1839,10,10,2025-09-19,114,8,63,59,31,In Stock
1840,14,54,2025-07-15,247,64,16,295,57,In Stock
1841,3,143,2025-04-10,155,73,111,117,35,In Stock
1842,18,18,2025-11-01,104,105,14,195,15,In Stock
1843,18,58,2025-04-10,216,22,65,173,60,In Stock
1844,15,35,2025-12-09,223,39,11,251,36,In Stock
1845,5,45,2025-09-03,96,62,87,71,42,In Stock
1846,10,130,2025-10-12,140,12,107,45,19,In Stock
1847,5,45,2025-09-28,31,102,39,94,43,In Stock
1848,8,68,2025-09-23,81,141,3,219,12,In Stock
1849,16,76,2025-02-21,146,45,51,140,60,In Stock
1850,7,67,2025-02-24,239,105,16,328,25,In Stock
1851,20,80,2025-03-28,132,150,128,154,21,In Stock
1852,4,104,2025-12-02,208,149,73,284,51,In Stock
1853,13,93,2025-01-20,95,62,36,121,13,In Stock
1854,19,59,2025-08-19,28,48,44,32,23,In Stock
1855,5,105,2025-09-10,50,48,67,31,22,In Stock
1856,13,133,2025-10-20,41,102,74,69,11,In Stock
1857,17,17,2025-09-24,156,18,83,91,52,In Stock
1858,5,145,2025-08-13,24,91,36,79,18,In Stock
1859,7,127,2025-11-07,56,61,3,114,25,In Stock
1860,9,149,2025-02-06,193,83,11,265,22,In Stock
1861,16,36,2025-11-09,160,20,79,101,57,In Stock
1862,13,133,2025-04-20,224,105,67,262,43,In Stock
1863,20,40,2025-11-19,150,59,138,71,26,In Stock
1864,5,25,2025-08-28,38,113,134,17,36,Low Stock
1865,2,2,2025-04-13,157,26,93,90,16,In Stock
1866,8,108,2025-04-09,125,22,76,71,57,In Stock
1867,5,145,2025-07-11,22,82,7,97,25,In Stock
1868,7,67,2025-05-19,130,57,116,71,35,In Stock
1869,20,140,2025-01-19,39,66,65,40,37,In Stock
1870,6,126,2025-07-12,207,58,77,188,50,In Stock
1871,7,47,2025-07-18,29,13,5,37,31,In Stock
1872,10,30,2025-04-17,91,43,127,7,37,Low Stock
1873,17,97,2025-02-10,236,146,97,285,46,In Stock
1874,14,14,2025-04-16,234,98,64,268,47,In Stock
1875,9,9,2025-09-24,44,146,99,91,35,In Stock
1876,12,92,2025-03-13,200,123,40,283,58,In Stock
1877,10,10,2025-03-22,118,97,53,162,46,In Stock
1878,7,127,2025-07-04,197,103,124,176,21,In Stock
1879,9,69,2025-09-15,157,123,13,267,34,In Stock
1880,13,33,2025-11-08,89,94,21,162,22,In Stock
1881,18,98,2025-12-06,102,4,81,25,21,In Stock
1882,5,25,2025-01-23,246,22,42,226,43,In Stock
1883,4,4,2025-01-04,185,51,35,201,40,In Stock
1884,4,104,2025-03-28,221,77,134,164,26,In Stock
1885,3,63,2025-08-13,150,136,6,280,36,In Stock
1886,1,21,2025-06-02,228,77,36,269,32,In Stock
1887,8,148,2025-07-25,82,113,103,92,50,In Stock
1888,16,96,2025-05-02,176,70,29,217,11,In Stock
1889,15,35,2025-06-28,24,129,75,78,40,In Stock
1890,4,144,2025-11-05,190,60,79,171,24,In Stock
1891,11,111,2025-11-16,142,5,132,15,36,Low Stock
1892,10,30,2025-08-02,185,42,0,227,11,In Stock
1893,13,53,2025-07-23,135,16,93,58,33,In Stock
1894,3,23,2025-07-16,76,60,56,80,51,In Stock
1895,19,39,2025-01-25,139,104,86,157,46,In Stock
1896,7,127,2025-09-11,218,47,69,196,42,In Stock
1897,2,82,2025-12-27,205,54,150,109,52,In Stock
1898,12,52,2025-04-04,127,110,17,220,34,In Stock
1899,3,143,2025-01-16,210,125,90,245,46,In Stock
1900,1,41,2025-12-07,114,46,115,45,36,In Stock
1901,8,48,2025-01-10,119,113,143,89,10,In Stock
1902,18,138,2025-04-05,157,2,0,159,28,In Stock
1903,11,51,2025-07-19,183,103,1,285,10,In Stock
1904,1,21,2025-02-01,157,82,5,234,18,In Stock
1905,20,60,2025-08-10,162,18,149,31,59,Low Stock
1906,20,140,2025-01-08,26,55,60,21,57,Low Stock
1907,10,90,2025-11-27,64,81,13,132,12,In Stock
1908,7,47,2025-11-28,238,83,58,263,32,In Stock
1909,16,16,2025-05-24,199,119,102,216,20,In Stock
1910,15,15,2025-06-23,173,124,142,155,48,In Stock
1911,10,150,2025-05-01,173,118,99,192,45,In Stock
1912,4,64,2025-09-07,135,141,77,199,59,In Stock
1913,19,39,2025-09-08,213,123,105,231,37,In Stock
1914,14,34,2025-04-13,117,77,74,120,33,In Stock
1915,17,97,2025-07-08,206,113,117,202,56,In Stock
1916,18,98,2025-07-27,73,134,21,186,40,In Stock
1917,15,95,2025-03-26,138,134,58,214,44,In Stock
1918,6,146,2025-01-15,237,94,66,265,53,In Stock
1919,19,99,2025-06-08,171,150,94,227,18,In Stock
1920,9,49,2025-06-16,156,91,61,186,31,In Stock
1921,9,149,2025-08-16,142,145,101,186,55,In Stock
1922,8,108,2025-02-23,210,149,140,219,15,In Stock
1923,2,122,2025-06-08,215,3,52,166,39,In Stock
1924,8,128,2025-10-01,103,129,36,196,32,In Stock
1925,6,6,2025-01-07,99,27,45,81,33,In Stock
1926,1,41,2025-01-18,201,51,59,193,15,In Stock
1927,1,61,2025-06-18,144,90,105,129,32,In Stock
1928,20,60,2025-09-23,22,0,1,21,38,Low Stock
1929,12,72,2025-02-26,237,75,67,245,47,In Stock
1930,15,35,2025-07-03,195,18,73,140,37,In Stock
1931,15,135,2025-07-26,21,62,16,67,59,In Stock
1932,17,137,2025-01-22,200,69,53,216,56,In Stock
1933,13,53,2025-11-13,102,31,119,14,41,Low Stock
1934,8,108,2025-06-10,107,146,66,187,16,In Stock
1935,10,130,2025-07-19,244,47,90,201,13,In Stock
1936,8,128,2025-10-19,146,140,28,258,36,In Stock
1937,16,56,2025-09-18,205,118,63,260,39,In Stock
1938,3,3,2025-09-16,189,20,97,112,17,In Stock
1939,15,55,2025-06-12,86,58,10,134,18,In Stock
1940,14,74,2025-10-15,122,95,34,183,23,In Stock
1941,7,67,2025-03-21,128,137,51,214,54,In Stock
1942,12,52,2025-05-21,31,48,13,66,13,In Stock
1943,10,50,2025-06-25,153,48,101,100,31,In Stock
1944,10,10,2025-04-01,180,23,18,185,32,In Stock
1945,12,72,2025-04-20,63,112,97,78,37,In Stock
1946,13,73,2025-10-24,43,61,45,59,13,In Stock
1947,9,29,2025-10-12,160,108,114,154,46,In Stock
1948,1,41,2025-04-16,98,82,25,155,22,In Stock
1949,9,9,2025-11-07,240,1,67,174,23,In Stock
1950,11,131,2025-09-24,157,61,84,134,17,In Stock
1951,8,68,2025-01-13,159,117,76,200,53,In Stock
1952,17,77,2025-09-17,21,30,32,19,35,Low Stock
1953,3,23,2025-10-19,144,29,40,133,12,In Stock
1954,18,138,2025-12-07,64,88,11,141,24,In Stock
1955,1,21,2025-10-23,187,8,36,159,59,In Stock
1956,6,146,2025-07-28,174,132,149,157,17,In Stock
1957,2,82,2025-06-14,33,119,116,36,43,Low Stock
1958,5,5,2025-10-26,223,91,128,186,21,In Stock
1959,20,120,2025-08-16,126,68,123,71,24,In Stock
1960,3,23,2025-09-15,71,28,12,87,56,In Stock
1961,6,46,2025-05-27,39,127,39,127,38,In Stock
1962,3,63,2025-04-22,249,41,100,190,30,In Stock
1963,2,22,2025-08-20,179,111,87,203,40,In Stock
1964,10,70,2025-10-14,144,133,15,262,12,In Stock
1965,8,148,2025-01-25,193,10,67,136,31,In Stock
1966,6,106,2025-03-28,97,65,21,141,41,In Stock
1967,14,34,2025-12-17,221,69,23,267,23,In Stock
1968,16,116,2025-02-14,176,147,117,206,56,In Stock
1969,7,107,2025-08-11,138,92,81,149,41,In Stock
1970,8,68,2025-03-12,53,32,27,58,10,In Stock
1971,2,62,2025-05-28,67,43,110,0,27,Out of Stock
1972,5,145,2025-11-12,28,36,27,37,15,In Stock
1973,18,58,2025-06-25,107,117,108,116,20,In Stock
1974,20,80,2025-01-01,206,115,84,237,15,In Stock
1975,7,127,2025-07-25,133,136,12,257,16,In Stock
1976,17,97,2025-09-28,166,111,47,230,45,In Stock
1977,13,93,2025-01-21,56,106,137,25,16,In Stock
1978,5,25,2025-12-20,151,62,127,86,45,In Stock
1979,2,42,2025-12-23,52,23,48,27,46,Low Stock
1980,15,35,2025-07-13,87,68,106,49,54,Low Stock
1981,19,139,2025-08-02,39,100,70,69,25,In Stock
1982,19,59,2025-10-17,23,67,36,54,48,In Stock
1983,5,45,2025-01-16,23,80,8,95,43,In Stock
1984,17,57,2025-05-19,246,87,69,264,36,In Stock
1985,15,95,2025-03-08,80,62,137,5,26,Low Stock
1986,13,33,2025-08-09,168,10,123,55,14,In Stock
1987,20,20,2025-12-16,239,145,94,290,32,In Stock
1988,18,78,2025-05-05,191,134,132,193,21,In Stock
1989,13,53,2025-11-20,131,63,51,143,25,In Stock
1990,5,125,2025-04-10,44,117,115,46,28,In Stock
1991,4,24,2025-11-08,59,108,33,134,38,In Stock
1992,7,87,2025-10-17,201,95,59,237,47,In Stock
1993,20,20,2025-01-04,213,73,69,217,58,In Stock
1994,12,52,2025-06-19,156,61,54,163,48,In Stock
1995,8,128,2025-02-11,78,47,34,91,48,In Stock
1996,12,52,2025-06-21,63,100,136,27,47,Low Stock
1997,11,71,2025-10-05,66,34,33,67,48,In Stock
1998,8,148,2025-08-13,220,46,91,175,10,In Stock
1999,5,85,2025-12-18,55,100,5,150,42,In Stock
2000,7,107,2025-10-28,115,22,124,13,46,Low Stock
2001,10,10,2025-12-20,33,113,51,95,13,In Stock
2002,14,74,2025-05-07,182,5,121,66,57,In Stock
2003,2,42,2025-04-19,219,118,20,317,27,In Stock
2004,13,53,2025-04-11,171,63,40,194,20,In Stock
2005,4,44,2025-10-10,97,54,92,59,11,In Stock
2006,3,3,2025-03-15,183,63,102,144,41,In Stock
2007,10,10,2025-05-08,148,125,134,139,37,In Stock
2008,16,76,2025-08-04,192,125,107,210,35,In Stock
2009,1,21,2025-04-16,162,54,116,100,13,In Stock
2010,5,25,2025-06-01,141,0,60,81,17,In Stock
2011,4,4,2025-02-27,130,130,69,191,13,In Stock
2012,1,61,2025-11-21,194,99,121,172,24,In Stock
2013,16,116,2025-04-27,195,35,65,165,56,In Stock
2014,7,7,2025-01-03,190,95,64,221,59,In Stock
2015,6,126,2025-07-22,215,141,127,229,42,In Stock
2016,9,49,2025-01-21,201,75,54,222,24,In Stock
2017,8,68,2025-06-09,60,45,53,52,10,In Stock
2018,6,146,2025-11-23,244,3,131,116,19,In Stock
2019,1,61,2025-01-21,71,113,67,117,27,In Stock
2020,15,75,2025-05-03,157,66,138,85,44,In Stock
2021,1,61,2025-04-12,154,4,30,128,26,In Stock
2022,15,135,2025-11-05,41,123,131,33,22,In Stock
2023,18,138,2025-09-26,100,68,17,151,54,In Stock
2024,8,48,2025-07-19,244,103,41,306,56,In Stock
2025,6,6,2025-07-03,85,69,121,33,59,Low Stock
2026,2,122,2025-07-10,77,49,67,59,41,In Stock
2027,3,63,2025-10-22,157,132,16,273,32,In Stock
2028,3,23,2025-01-24,143,80,53,170,35,In Stock
2029,17,37,2025-02-25,154,147,19,282,46,In Stock
2030,3,123,2025-08-07,32,58,24,66,43,In Stock
2031,13,133,2025-12-04,198,84,48,234,59,In Stock
2032,18,18,2025-12-28,248,33,46,235,44,In Stock
2033,20,40,2025-12-24,127,101,15,213,41,In Stock
2034,10,70,2025-02-27,65,59,2,122,46,In Stock
2035,8,8,2025-05-09,65,89,54,100,27,In Stock
2036,5,25,2025-01-10,198,141,5,334,22,In Stock
2037,16,36,2025-07-11,123,26,139,10,35,Low Stock
2038,7,127,2025-06-01,199,26,45,180,35,In Stock
2039,13,33,2025-03-17,150,54,49,155,46,In Stock
2040,14,114,2025-02-28,25,45,2,68,55,In Stock
2041,4,104,2025-08-07,71,139,132,78,18,In Stock
2042,5,105,2025-12-06,93,60,88,65,48,In Stock
2043,14,94,2025-06-22,173,119,14,278,10,In Stock
2044,3,3,2025-07-12,195,128,22,301,42,In Stock
2045,16,36,2025-02-17,52,68,65,55,37,In Stock
2046,9,89,2025-08-03,209,37,77,169,34,In Stock
2047,7,127,2025-10-02,67,12,31,48,56,Low Stock
2048,1,41,2025-11-25,38,131,106,63,16,In Stock
2049,1,1,2025-08-11,217,70,134,153,37,In Stock
2050,1,121,2025-09-25,53,74,55,72,50,In Stock
2051,5,145,2025-09-12,176,52,72,156,35,In Stock
2052,8,68,2025-01-09,106,7,66,47,40,In Stock
2053,1,81,2025-02-07,62,40,45,57,24,In Stock
2054,6,6,2025-01-01,35,104,97,42,45,Low Stock
2055,19,39,2025-12-06,120,140,56,204,54,In Stock
2056,11,11,2025-11-17,120,54,79,95,43,In Stock
2057,16,96,2025-10-08,55,126,138,43,14,In Stock
2058,5,65,2025-09-03,185,41,144,82,52,In Stock
2059,5,125,2025-02-03,111,19,122,8,20,Low Stock
2060,6,66,2025-04-15,100,10,11,99,10,In Stock
2061,15,115,2025-03-08,33,50,65,18,60,Low Stock
2062,19,39,2025-04-22,44,95,74,65,50,In Stock
2063,2,2,2025-06-26,148,96,116,128,45,In Stock
2064,6,6,2025-09-22,71,141,135,77,52,In Stock
2065,1,41,2025-07-28,210,52,59,203,33,In Stock
2066,18,78,2025-01-12,31,85,92,24,50,Low Stock
2067,10,70,2025-04-22,121,145,32,234,49,In Stock
2068,1,141,2025-03-27,55,75,90,40,17,In Stock
2069,18,78,2025-07-24,225,112,93,244,16,In Stock
2070,6,66,2025-10-02,164,141,77,228,29,In Stock
2071,15,135,2025-09-03,85,120,51,154,24,In Stock
2072,2,2,2025-05-05,28,49,25,52,24,In Stock
2073,11,131,2025-06-20,236,28,112,152,24,In Stock
2074,4,104,2025-04-18,183,27,53,157,60,In Stock
2075,8,68,2025-04-15,121,89,14,196,45,In Stock
2076,9,129,2025-12-10,192,114,42,264,10,In Stock
2077,14,134,2025-05-26,214,142,56,300,27,In Stock
2078,17,57,2025-12-08,218,14,63,169,45,In Stock
2079,8,28,2025-11-10,205,84,49,240,58,In Stock
2080,6,46,2025-07-03,198,142,3,337,55,In Stock
2081,7,87,2025-11-24,154,40,140,54,45,In Stock
2082,10,90,2025-02-18,214,145,9,350,56,In Stock
2083,12,72,2025-01-10,67,58,65,60,53,In Stock
2084,13,133,2025-10-08,238,126,97,267,36,In Stock
2085,1,21,2025-07-19,80,61,140,1,21,Low Stock
2086,3,83,2025-03-06,170,29,111,88,49,In Stock
2087,2,142,2025-07-22,74,109,86,97,36,In Stock
2088,12,132,2025-12-26,114,83,39,158,13,In Stock
2089,9,69,2025-09-16,63,96,113,46,23,In Stock
2090,6,86,2025-02-26,56,76,69,63,10,In Stock
2091,9,69,2025-01-09,72,99,136,35,23,In Stock
2092,4,44,2025-02-10,113,95,26,182,26,In Stock
2093,2,42,2025-07-02,95,96,48,143,43,In Stock
2094,19,39,2025-12-13,132,92,120,104,51,In Stock
2095,3,23,2025-06-22,48,0,27,21,20,In Stock
2096,1,21,2025-04-06,33,98,101,30,25,In Stock
2097,8,28,2025-09-05,186,72,121,137,37,In Stock
2098,18,118,2025-06-15,144,91,45,190,54,In Stock
2099,18,38,2025-02-03,226,41,72,195,12,In Stock
2100,6,6,2025-03-22,220,66,79,207,10,In Stock
2101,6,106,2025-05-13,189,118,6,301,60,In Stock
2102,5,145,2025-01-04,63,106,88,81,24,In Stock
2103,1,141,2025-08-19,238,87,24,301,55,In Stock
2104,19,79,2025-03-18,151,88,69,170,10,In Stock
2105,11,31,2025-08-19,236,30,148,118,45,In Stock
2106,2,82,2025-08-08,92,11,77,26,28,Low Stock
2107,4,144,2025-03-25,91,128,67,152,36,In Stock
2108,7,7,2025-05-12,56,101,63,94,57,In Stock
2109,12,112,2025-11-27,120,104,138,86,39,In Stock
2110,12,32,2025-10-20,168,45,145,68,12,In Stock
2111,11,51,2025-09-24,212,107,12,307,54,In Stock
2112,12,12,2025-09-14,146,82,80,148,35,In Stock
2113,7,7,2025-10-08,162,112,138,136,56,In Stock
2114,8,28,2025-12-20,215,37,138,114,19,In Stock
2115,17,57,2025-04-17,55,52,47,60,21,In Stock
2116,12,72,2025-01-20,52,11,50,13,13,Low Stock
2117,16,16,2025-06-09,90,146,51,185,23,In Stock
2118,3,3,2025-10-18,105,73,115,63,30,In Stock
2119,8,8,2025-12-20,227,143,119,251,42,In Stock
2120,7,47,2025-07-21,35,73,17,91,40,In Stock
2121,17,117,2025-07-24,137,7,60,84,57,In Stock
2122,7,87,2025-02-03,127,122,103,146,55,In Stock
2123,13,73,2025-05-18,85,59,77,67,50,In Stock
2124,11,31,2025-09-16,116,45,91,70,52,In Stock
2125,18,98,2025-06-26,48,50,1,97,56,In Stock
2126,15,55,2025-06-17,119,81,81,119,47,In Stock
2127,20,140,2025-11-18,165,52,56,161,30,In Stock
2128,10,30,2025-12-07,189,133,48,274,60,In Stock
2129,2,82,2025-03-15,210,76,132,154,43,In Stock
2130,4,104,2025-11-09,166,125,85,206,60,In Stock
2131,12,12,2025-02-08,117,140,91,166,12,In Stock
2132,12,132,2025-01-03,215,79,54,240,28,In Stock
2133,18,18,2025-04-23,48,97,49,96,58,In Stock
2134,14,114,2025-10-03,46,0,26,20,34,Low Stock
2135,16,96,2025-01-19,66,55,39,82,27,In Stock
2136,7,107,2025-06-25,79,32,106,5,47,Low Stock
2137,4,104,2025-11-19,110,86,33,163,60,In Stock
2138,8,48,2025-05-11,197,69,121,145,29,In Stock
2139,6,6,2025-05-01,113,149,119,143,51,In Stock
2140,19,59,2025-03-20,209,101,104,206,29,In Stock
2141,14,34,2025-01-21,85,61,132,14,32,Low Stock
2142,6,46,2025-06-09,115,99,125,89,44,In Stock
2143,19,99,2025-03-18,26,1,12,15,59,Low Stock
2144,18,58,2025-11-11,39,81,72,48,50,Low Stock
2145,18,38,2025-04-22,166,110,101,175,40,In Stock
2146,8,88,2025-06-11,210,61,59,212,37,In Stock
2147,19,119,2025-08-18,234,37,90,181,42,In Stock
2148,5,45,2025-05-13,239,147,99,287,57,In Stock
2149,18,118,2025-05-05,230,66,30,266,15,In Stock
2150,6,6,2025-08-13,248,129,139,238,36,In Stock
2151,14,94,2025-03-19,173,18,127,64,11,In Stock
2152,2,82,2025-02-12,113,26,20,119,12,In Stock
2153,7,7,2025-04-03,121,60,82,99,46,In Stock
2154,8,128,2025-06-14,42,63,58,47,29,In Stock
2155,13,113,2025-10-10,139,22,104,57,50,In Stock
2156,8,28,2025-11-17,141,9,20,130,48,In Stock
2157,12,32,2025-12-02,118,114,53,179,10,In Stock
2158,4,104,2025-09-11,55,102,55,102,31,In Stock
2159,4,44,2025-04-18,82,113,102,93,35,In Stock
2160,1,41,2025-10-11,91,76,87,80,47,In Stock
2161,4,24,2025-06-04,45,18,49,14,43,Low Stock
2162,2,142,2025-08-09,215,120,114,221,33,In Stock
2163,4,84,2025-11-22,228,45,50,223,51,In Stock
2164,7,107,2025-12-25,160,101,0,261,30,In Stock
2165,16,36,2025-07-24,46,62,32,76,49,In Stock
2166,12,132,2025-07-19,228,68,48,248,45,In Stock
2167,5,125,2025-11-06,137,137,82,192,13,In Stock
2168,12,132,2025-01-08,118,67,119,66,30,In Stock
2169,9,29,2025-11-27,131,86,79,138,37,In Stock
2170,17,117,2025-06-23,171,100,140,131,33,In Stock
2171,12,32,2025-10-20,203,42,116,129,18,In Stock
2172,7,67,2025-08-05,145,36,64,117,55,In Stock
2173,10,150,2025-12-14,92,89,67,114,53,In Stock
2174,9,149,2025-08-06,116,13,63,66,46,In Stock
2175,19,139,2025-02-27,45,88,126,7,55,Low Stock
2176,10,110,2025-03-03,40,121,90,71,53,In Stock
2177,7,127,2025-05-17,216,86,38,264,33,In Stock
2178,16,96,2025-10-18,39,126,114,51,58,Low Stock
2179,7,27,2025-02-04,62,7,40,29,48,Low Stock
2180,16,136,2025-07-12,195,47,101,141,29,In Stock
2181,16,56,2025-12-14,60,110,52,118,11,In Stock
2182,12,52,2025-05-10,250,134,75,309,30,In Stock
2183,19,59,2025-10-07,155,45,5,195,55,In Stock
2184,6,66,2025-09-11,217,19,1,235,55,In Stock
2185,16,136,2025-05-06,91,132,30,193,19,In Stock
2186,3,123,2025-01-11,249,18,36,231,40,In Stock
2187,12,32,2025-12-10,217,97,8,306,16,In Stock
2188,6,106,2025-12-11,237,9,4,242,52,In Stock
2189,13,73,2025-01-17,170,71,74,167,38,In Stock
2190,8,108,2025-01-06,40,64,70,34,23,In Stock
2191,6,126,2025-02-24,168,50,68,150,54,In Stock
2192,9,129,2025-06-21,134,101,123,112,52,In Stock
2193,9,9,2025-11-04,56,80,132,4,46,Low Stock
2194,14,94,2025-12-24,91,134,52,173,47,In Stock
2195,1,21,2025-05-27,30,98,10,118,36,In Stock
2196,19,99,2025-11-28,188,114,120,182,34,In Stock
2197,5,5,2025-10-13,152,119,63,208,54,In Stock
2198,13,33,2025-08-08,233,144,115,262,53,In Stock
2199,19,99,2025-04-15,93,41,82,52,34,In Stock
2200,2,2,2025-04-03,47,13,19,41,35,In Stock
2201,20,40,2025-11-19,241,36,31,246,57,In Stock
2202,11,11,2025-02-09,23,35,51,7,50,Low Stock
2203,10,50,2025-11-14,157,131,32,256,29,In Stock
2204,10,10,2025-10-12,150,68,1,217,38,In Stock
2205,17,57,2025-11-24,190,115,129,176,34,In Stock
2206,11,131,2025-09-14,213,11,18,206,48,In Stock
2207,4,44,2025-06-01,223,138,33,328,29,In Stock
2208,9,69,2025-10-15,58,10,8,60,27,In Stock
2209,19,79,2025-05-21,112,48,143,17,35,Low Stock
2210,3,43,2025-09-11,154,45,149,50,30,In Stock
2211,7,127,2025-10-25,85,57,35,107,23,In Stock
2212,9,69,2025-01-11,64,17,81,0,10,Out of Stock
2213,5,45,2025-04-14,52,125,34,143,52,In Stock
2214,5,85,2025-07-04,95,129,38,186,28,In Stock
2215,1,101,2025-10-19,40,16,40,16,28,Low Stock
2216,16,16,2025-07-24,230,89,82,237,51,In Stock
2217,19,119,2025-12-06,233,132,38,327,25,In Stock
2218,13,133,2025-11-21,21,102,117,6,22,Low Stock
2219,2,2,2025-05-17,98,9,28,79,33,In Stock
2220,15,115,2025-12-22,115,98,0,213,29,In Stock
2221,5,5,2025-10-21,122,148,127,143,10,In Stock
2222,6,126,2025-07-01,33,139,46,126,42,In Stock
2223,1,141,2025-06-23,71,18,79,10,43,Low Stock
2224,19,39,2025-08-16,171,12,78,105,58,In Stock
2225,11,51,2025-09-10,245,143,105,283,45,In Stock
2226,13,73,2025-05-17,209,36,64,181,48,In Stock
2227,15,75,2025-10-04,25,65,51,39,11,In Stock
2228,20,40,2025-04-05,195,55,141,109,57,In Stock
2229,13,33,2025-08-28,172,105,118,159,18,In Stock
2230,10,110,2025-01-23,89,50,86,53,33,In Stock
2231,17,77,2025-12-07,157,105,82,180,31,In Stock
2232,5,85,2025-02-05,59,21,27,53,45,In Stock
2233,1,61,2025-05-08,35,69,69,35,38,Low Stock
2234,2,42,2025-09-21,62,69,26,105,27,In Stock
2235,9,9,2025-10-12,54,90,83,61,17,In Stock
2236,4,104,2025-09-14,119,144,42,221,55,In Stock
2237,2,142,2025-08-10,132,67,100,99,52,In Stock
2238,1,101,2025-09-28,207,126,121,212,38,In Stock
2239,17,17,2025-07-05,166,118,57,227,10,In Stock
2240,16,16,2025-03-27,42,10,29,23,44,Low Stock
2241,12,52,2025-07-01,204,128,73,259,16,In Stock
2242,16,116,2025-02-28,133,7,94,46,44,In Stock
2243,18,78,2025-07-13,205,89,142,152,14,In Stock
2244,8,48,2025-02-11,117,126,43,200,11,In Stock
2245,4,104,2025-07-26,82,85,141,26,40,Low Stock
2246,6,66,2025-09-17,24,121,57,88,23,In Stock
2247,6,6,2025-12-04,208,57,9,256,32,In Stock
2248,11,51,2025-05-18,169,19,141,47,56,Low Stock
2249,5,125,2025-07-07,112,119,135,96,32,In Stock
2250,11,111,2025-02-27,93,57,45,105,26,In Stock
2251,13,113,2025-08-09,135,76,123,88,12,In Stock
2252,10,90,2025-09-06,27,90,95,22,22,Low Stock
2253,9,69,2025-01-02,36,93,89,40,54,Low Stock
2254,6,86,2025-02-18,127,115,141,101,22,In Stock
2255,1,41,2025-12-15,191,96,46,241,53,In Stock
2256,6,126,2025-01-26,199,17,14,202,34,In Stock
2257,1,61,2025-03-17,99,38,35,102,16,In Stock
2258,4,144,2025-04-14,180,1,30,151,45,In Stock
2259,18,78,2025-06-11,247,139,124,262,20,In Stock
2260,4,84,2025-06-12,98,78,2,174,23,In Stock
2261,19,39,2025-09-08,108,8,87,29,35,Low Stock
2262,10,150,2025-09-21,225,70,116,179,28,In Stock
2263,20,40,2025-01-12,38,131,83,86,24,In Stock
2264,3,103,2025-11-16,225,68,138,155,26,In Stock
2265,9,89,2025-05-23,198,118,59,257,30,In Stock
2266,15,75,2025-07-05,26,113,7,132,42,In Stock
2267,16,16,2025-04-15,41,103,28,116,56,In Stock
2268,4,64,2025-08-04,163,4,52,115,37,In Stock
2269,17,117,2025-01-15,164,117,0,281,49,In Stock
2270,7,147,2025-09-17,48,5,33,20,44,Low Stock
2271,3,23,2025-05-22,45,54,9,90,49,In Stock
2272,19,59,2025-04-14,180,125,116,189,59,In Stock
2273,2,82,2025-04-18,98,8,97,9,56,Low Stock
2274,20,140,2025-09-21,86,77,66,97,29,In Stock
2275,20,20,2025-06-07,148,18,97,69,12,In Stock
2276,14,54,2025-04-21,130,109,44,195,27,In Stock
2277,3,83,2025-10-18,212,71,8,275,52,In Stock
2278,7,47,2025-06-11,40,1,7,34,13,In Stock
2279,20,60,2025-10-10,86,87,58,115,29,In Stock
2280,3,103,2025-01-04,79,3,64,18,20,Low Stock
2281,8,68,2025-01-12,86,41,119,8,21,Low Stock
2282,16,36,2025-09-27,191,44,130,105,28,In Stock
2283,2,82,2025-07-23,97,60,11,146,43,In Stock
2284,19,79,2025-01-02,215,13,96,132,26,In Stock
2285,5,105,2025-06-17,126,80,123,83,53,In Stock
2286,16,16,2025-11-14,99,129,126,102,39,In Stock
2287,3,123,2025-02-28,188,68,105,151,40,In Stock
2288,2,102,2025-12-23,227,30,46,211,27,In Stock
2289,16,16,2025-04-17,210,11,42,179,54,In Stock
2290,1,1,2025-08-11,179,38,17,200,43,In Stock
2291,9,9,2025-11-21,210,8,60,158,37,In Stock
2292,1,1,2025-03-25,161,88,7,242,35,In Stock
2293,3,143,2025-10-19,30,143,81,92,47,In Stock
2294,7,87,2025-03-17,150,130,32,248,37,In Stock
2295,5,65,2025-08-19,220,12,78,154,54,In Stock
2296,17,77,2025-02-12,24,3,7,20,60,Low Stock
2297,2,2,2025-10-22,120,11,50,81,53,In Stock
2298,20,80,2025-06-09,152,116,103,165,17,In Stock
2299,4,144,2025-12-04,109,65,82,92,36,In Stock
2300,10,150,2025-11-04,221,96,23,294,22,In Stock
2301,3,103,2025-09-19,97,101,107,91,44,In Stock
2302,8,28,2025-09-07,150,29,39,140,13,In Stock
2303,13,113,2025-04-24,203,6,144,65,14,In Stock
2304,20,20,2025-03-05,226,17,11,232,51,In Stock
2305,15,55,2025-09-23,51,137,139,49,37,In Stock
2306,16,96,2025-03-20,22,85,87,20,59,Low Stock
2307,16,36,2025-10-08,57,25,46,36,59,Low Stock
2308,5,105,2025-02-03,144,62,102,104,36,In Stock
2309,20,80,2025-04-14,152,130,114,168,38,In Stock
2310,19,39,2025-05-18,125,29,90,64,16,In Stock
2311,4,84,2025-03-02,60,88,54,94,47,In Stock
2312,15,35,2025-09-04,135,90,128,97,44,In Stock
2313,4,124,2025-07-09,78,121,148,51,48,In Stock
2314,11,11,2025-03-19,208,0,9,199,16,In Stock
2315,20,100,2025-07-04,148,64,143,69,20,In Stock
2316,17,57,2025-07-08,199,0,41,158,20,In Stock
2317,19,79,2025-05-26,24,102,107,19,44,Low Stock
2318,7,87,2025-08-10,98,39,79,58,13,In Stock
2319,13,13,2025-08-14,92,31,114,9,56,Low Stock
2320,3,83,2025-07-21,225,19,65,179,13,In Stock
2321,18,78,2025-02-16,83,19,64,38,55,Low Stock
2322,2,82,2025-03-22,148,104,148,104,53,In Stock
2323,8,108,2025-06-01,243,138,73,308,10,In Stock
2324,4,44,2025-07-19,211,63,44,230,14,In Stock
2325,8,108,2025-11-27,54,109,55,108,20,In Stock
2326,2,102,2025-05-24,37,74,2,109,23,In Stock
2327,4,144,2025-10-25,85,125,83,127,13,In Stock
2328,4,64,2025-02-28,23,95,93,25,33,Low Stock
2329,13,93,2025-03-04,228,104,98,234,50,In Stock
2330,20,60,2025-11-04,116,8,25,99,12,In Stock
2331,9,89,2025-11-20,174,41,125,90,17,In Stock
2332,5,45,2025-08-21,132,36,47,121,17,In Stock
2333,4,104,2025-06-02,156,47,76,127,31,In Stock
2334,2,142,2025-03-17,65,68,56,77,47,In Stock
2335,1,81,2025-06-08,135,97,65,167,36,In Stock
2336,8,108,2025-02-21,182,101,127,156,37,In Stock
2337,16,96,2025-09-03,98,104,52,150,26,In Stock
2338,11,131,2025-11-04,194,39,123,110,59,In Stock
2339,15,55,2025-02-07,206,48,54,200,40,In Stock
2340,20,40,2025-08-21,145,92,2,235,53,In Stock
2341,11,111,2025-04-19,113,134,128,119,54,In Stock
2342,5,105,2025-01-28,220,137,141,216,23,In Stock
2343,8,88,2025-12-04,106,50,67,89,55,In Stock
2344,15,115,2025-05-14,54,22,11,65,37,In Stock
2345,11,51,2025-02-22,163,86,118,131,46,In Stock
2346,2,102,2025-08-02,166,131,146,151,53,In Stock
2347,13,53,2025-09-04,139,99,128,110,38,In Stock
2348,18,98,2025-09-19,247,64,104,207,17,In Stock
2349,14,74,2025-05-18,237,79,93,223,32,In Stock
2350,11,31,2025-02-14,75,143,140,78,56,In Stock
2351,8,68,2025-01-19,76,95,75,96,50,In Stock
2352,8,148,2025-12-13,136,52,10,178,41,In Stock
2353,17,117,2025-06-03,193,135,40,288,19,In Stock
2354,5,85,2025-03-05,152,48,21,179,37,In Stock
2355,8,148,2025-04-18,48,35,44,39,11,In Stock
2356,17,17,2025-12-24,233,67,45,255,22,In Stock
2357,10,10,2025-03-25,133,59,103,89,26,In Stock
2358,4,144,2025-08-17,182,138,64,256,35,In Stock
2359,9,69,2025-04-22,107,141,140,108,49,In Stock
2360,9,29,2025-07-02,44,146,143,47,23,In Stock
2361,6,6,2025-07-27,73,58,15,116,41,In Stock
2362,11,111,2025-01-12,183,51,144,90,47,In Stock
2363,16,136,2025-01-24,58,109,108,59,43,In Stock
2364,12,72,2025-03-28,182,133,117,198,40,In Stock
2365,1,41,2025-06-18,191,80,47,224,12,In Stock
2366,3,43,2025-12-12,53,27,44,36,59,Low Stock
2367,10,30,2025-12-27,169,112,40,241,30,In Stock
2368,2,82,2025-09-11,177,50,129,98,37,In Stock
2369,8,28,2025-10-11,23,148,134,37,14,In Stock
2370,5,45,2025-01-17,168,149,145,172,13,In Stock
2371,19,59,2025-01-27,120,68,128,60,39,In Stock
2372,11,71,2025-03-01,213,136,94,255,36,In Stock
2373,6,106,2025-09-19,159,45,69,135,40,In Stock
2374,4,124,2025-07-21,25,22,7,40,10,In Stock
2375,16,136,2025-10-05,43,21,26,38,41,Low Stock
2376,8,108,2025-07-16,73,144,82,135,33,In Stock
2377,2,22,2025-01-22,49,70,30,89,20,In Stock
2378,12,12,2025-06-17,47,57,10,94,19,In Stock
2379,16,96,2025-05-19,167,18,41,144,22,In Stock
2380,3,3,2025-01-12,75,87,129,33,34,Low Stock
2381,5,45,2025-11-19,224,92,60,256,52,In Stock
2382,12,12,2025-08-15,229,109,71,267,26,In Stock
2383,3,3,2025-08-18,199,35,25,209,35,In Stock
2384,3,103,2025-07-20,47,138,141,44,14,In Stock
2385,19,119,2025-09-02,91,59,109,41,33,In Stock
2386,4,4,2025-09-15,154,10,37,127,13,In Stock
2387,19,139,2025-07-02,143,118,20,241,31,In Stock
2388,14,74,2025-03-06,132,47,43,136,11,In Stock
2389,6,146,2025-01-25,91,57,31,117,27,In Stock
2390,7,87,2025-04-27,166,56,78,144,34,In Stock
2391,13,33,2025-11-24,164,69,0,233,10,In Stock
2392,20,60,2025-11-14,145,51,89,107,40,In Stock
2393,15,55,2025-04-28,31,109,84,56,60,Low Stock
2394,18,98,2025-02-03,31,148,3,176,32,In Stock
2395,5,65,2025-04-17,93,12,63,42,34,In Stock
2396,2,42,2025-12-04,122,9,47,84,29,In Stock
2397,18,38,2025-05-03,27,138,70,95,19,In Stock
2398,10,110,2025-01-05,226,132,125,233,12,In Stock
2399,10,150,2025-12-08,220,144,107,257,43,In Stock
2400,17,137,2025-05-28,32,95,31,96,52,In Stock
2401,16,116,2025-02-06,134,129,136,127,59,In Stock
2402,7,87,2025-10-16,185,77,80,182,42,In Stock
2403,3,103,2025-07-24,185,43,140,88,58,In Stock
2404,3,123,2025-01-22,105,32,91,46,51,Low Stock
2405,7,127,2025-02-07,236,114,14,336,28,In Stock
2406,18,118,2025-08-28,142,71,136,77,50,In Stock
2407,20,80,2025-01-20,196,109,81,224,23,In Stock
2408,5,85,2025-11-27,55,69,60,64,33,In Stock
2409,1,141,2025-05-07,44,11,32,23,46,Low Stock
2410,1,21,2025-08-17,74,117,64,127,28,In Stock
2411,4,124,2025-02-20,25,105,4,126,32,In Stock
2412,5,85,2025-12-16,155,30,25,160,49,In Stock
2413,9,9,2025-06-23,232,11,116,127,27,In Stock
2414,11,91,2025-07-25,155,77,119,113,33,In Stock
2415,13,133,2025-09-17,39,19,24,34,60,Low Stock
2416,20,140,2025-02-13,41,99,70,70,44,In Stock
2417,17,97,2025-05-11,120,29,102,47,28,In Stock
2418,15,75,2025-12-21,51,4,54,1,34,Low Stock
2419,5,65,2025-10-18,48,150,70,128,52,In Stock
2420,4,124,2025-02-12,156,52,90,118,30,In Stock
2421,18,118,2025-01-01,198,98,85,211,49,In Stock
2422,19,19,2025-12-20,239,136,58,317,48,In Stock
2423,13,73,2025-11-20,149,113,14,248,55,In Stock
2424,6,6,2025-03-03,240,38,133,145,51,In Stock
2425,13,73,2025-09-06,195,125,24,296,10,In Stock
2426,13,33,2025-10-23,242,9,150,101,43,In Stock
2427,13,73,2025-09-03,80,39,117,2,10,Low Stock
2428,4,144,2025-10-11,172,109,18,263,60,In Stock
2429,9,149,2025-05-01,167,111,3,275,14,In Stock
2430,11,11,2025-02-24,114,47,28,133,35,In Stock
2431,11,71,2025-02-06,161,103,76,188,29,In Stock
2432,12,132,2025-01-22,227,124,83,268,54,In Stock
2433,10,130,2025-06-08,177,48,93,132,50,In Stock
2434,1,21,2025-04-10,43,113,61,95,36,In Stock
2435,6,46,2025-11-28,108,130,142,96,50,In Stock
2436,2,22,2025-05-15,210,123,53,280,42,In Stock
2437,13,53,2025-03-08,223,27,57,193,10,In Stock
2438,3,43,2025-11-17,105,58,119,44,13,In Stock
2439,7,87,2025-02-10,144,51,143,52,28,In Stock
2440,11,31,2025-08-14,96,6,12,90,22,In Stock
2441,4,144,2025-06-04,202,59,6,255,32,In Stock
2442,3,3,2025-04-05,174,1,107,68,28,In Stock
2443,6,86,2025-01-19,138,32,42,128,31,In Stock
2444,3,23,2025-02-05,22,51,57,16,43,Low Stock
2445,18,38,2025-01-05,48,31,53,26,27,Low Stock
2446,8,88,2025-10-15,128,64,144,48,54,Low Stock
2447,6,66,2025-11-14,111,48,53,106,21,In Stock
2448,5,125,2025-10-26,242,120,108,254,15,In Stock
2449,15,55,2025-12-20,167,78,114,131,24,In Stock
2450,8,108,2025-10-03,146,11,69,88,59,In Stock
2451,15,135,2025-11-24,75,40,100,15,16,Low Stock
2452,11,11,2025-02-03,95,18,73,40,29,In Stock
2453,8,8,2025-07-05,122,35,42,115,56,In Stock
2454,16,96,2025-09-21,237,132,73,296,10,In Stock
2455,10,70,2025-06-21,203,147,118,232,29,In Stock
2456,1,101,2025-08-28,195,109,140,164,28,In Stock
2457,1,1,2025-08-21,58,19,25,52,58,Low Stock
2458,11,11,2025-04-17,119,138,143,114,47,In Stock
2459,7,7,2025-03-08,106,88,46,148,32,In Stock
2460,14,134,2025-12-01,243,21,57,207,51,In Stock
2461,17,117,2025-05-09,197,33,87,143,24,In Stock
2462,13,13,2025-06-02,246,129,116,259,21,In Stock
2463,5,45,2025-08-12,84,79,62,101,36,In Stock
2464,16,116,2025-05-03,54,41,3,92,58,In Stock
2465,10,50,2025-05-22,210,46,10,246,36,In Stock
2466,4,124,2025-06-11,118,42,128,32,25,In Stock
2467,19,59,2025-09-16,217,37,144,110,27,In Stock
2468,1,121,2025-09-05,167,87,66,188,45,In Stock
2469,18,138,2025-07-18,173,142,142,173,60,In Stock
2470,4,24,2025-07-18,203,28,68,163,14,In Stock
2471,11,11,2025-09-20,139,86,72,153,51,In Stock
2472,5,125,2025-06-22,216,28,7,237,53,In Stock
2473,14,94,2025-12-01,64,0,44,20,57,Low Stock
2474,3,83,2025-03-18,23,120,5,138,42,In Stock
2475,8,48,2025-07-01,111,107,82,136,13,In Stock
2476,18,18,2025-08-21,159,8,57,110,50,In Stock
2477,15,135,2025-06-27,66,70,8,128,40,In Stock
2478,9,109,2025-06-24,155,123,64,214,12,In Stock
2479,1,81,2025-10-09,235,148,124,259,35,In Stock
2480,14,54,2025-09-04,75,81,141,15,16,Low Stock
2481,20,100,2025-07-22,27,115,62,80,54,In Stock
2482,15,55,2025-01-03,170,111,36,245,53,In Stock
2483,2,42,2025-03-16,44,23,64,3,21,Low Stock
2484,20,60,2025-07-06,77,79,0,156,11,In Stock
2485,16,56,2025-02-11,154,15,92,77,19,In Stock
2486,2,22,2025-05-01,96,146,35,207,56,In Stock
2487,10,110,2025-01-03,147,119,59,207,14,In Stock
2488,14,34,2025-12-26,23,27,23,27,28,Low Stock
2489,10,70,2025-08-10,232,98,125,205,37,In Stock
2490,5,25,2025-06-05,231,57,69,219,17,In Stock
2491,15,35,2025-02-05,208,139,6,341,10,In Stock
2492,7,7,2025-10-03,232,77,147,162,43,In Stock
2493,5,5,2025-12-17,233,47,33,247,14,In Stock
2494,19,99,2025-02-01,21,146,77,90,39,In Stock
2495,9,89,2025-03-08,150,108,99,159,53,In Stock
2496,16,136,2025-02-07,21,116,86,51,32,In Stock
2497,7,107,2025-06-22,168,90,111,147,46,In Stock
2498,3,103,2025-08-09,182,94,16,260,43,In Stock
2499,5,65,2025-08-16,226,83,12,297,25,In Stock
2500,8,68,2025-04-05,127,57,63,121,14,In Stock
2501,6,126,2025-11-20,110,45,36,119,31,In Stock
2502,2,102,2025-10-13,172,36,62,146,19,In Stock
2503,15,75,2025-01-20,45,132,5,172,28,In Stock
2504,4,64,2025-06-01,243,21,104,160,14,In Stock
2505,7,27,2025-06-24,122,0,71,51,26,In Stock
2506,11,111,2025-12-26,128,39,128,39,11,In Stock
2507,16,96,2025-07-09,122,26,21,127,19,In Stock
2508,12,32,2025-07-15,63,19,34,48,27,In Stock
2509,18,78,2025-06-01,99,101,79,121,17,In Stock
2510,10,130,2025-11-06,226,100,119,207,16,In Stock
2511,17,57,2025-09-08,167,22,109,80,31,In Stock
2512,14,114,2025-07-10,84,43,46,81,39,In Stock
2513,3,43,2025-01-27,21,90,22,89,14,In Stock
2514,5,125,2025-03-09,49,87,97,39,13,In Stock
2515,19,139,2025-12-09,90,65,105,50,36,In Stock
2516,10,90,2025-02-13,153,3,99,57,26,In Stock
2517,11,111,2025-11-24,185,89,29,245,41,In Stock
2518,4,24,2025-08-07,102,117,33,186,24,In Stock
2519,5,105,2025-11-06,227,121,8,340,55,In Stock
2520,19,99,2025-12-14,199,53,89,163,21,In Stock
2521,4,64,2025-07-05,192,37,103,126,48,In Stock
2522,11,131,2025-04-27,238,20,134,124,36,In Stock
2523,17,77,2025-09-14,137,42,150,29,55,Low Stock
2524,5,45,2025-04-09,101,127,143,85,29,In Stock
2525,3,83,2025-02-23,146,103,127,122,41,In Stock
2526,17,37,2025-05-11,88,0,0,88,22,In Stock
2527,20,40,2025-09-01,227,87,145,169,57,In Stock
2528,5,145,2025-02-27,242,138,115,265,35,In Stock
2529,12,112,2025-02-10,182,35,97,120,27,In Stock
2530,10,110,2025-05-21,214,97,57,254,25,In Stock
2531,8,8,2025-02-02,179,34,107,106,21,In Stock
2532,1,1,2025-04-08,29,23,34,18,38,Low Stock
2533,18,138,2025-11-16,20,23,1,42,13,In Stock
2534,7,27,2025-01-16,237,16,55,198,47,In Stock
2535,16,16,2025-07-27,126,80,143,63,53,In Stock
2536,17,57,2025-03-19,167,124,112,179,56,In Stock
2537,6,6,2025-07-14,80,59,28,111,10,In Stock
2538,6,146,2025-06-15,112,30,120,22,37,Low Stock
2539,17,97,2025-11-07,186,141,10,317,58,In Stock
2540,9,29,2025-11-21,205,30,56,179,50,In Stock
2541,10,130,2025-01-17,37,145,116,66,15,In Stock
2542,9,129,2025-08-16,154,92,117,129,24,In Stock
2543,1,101,2025-12-20,182,122,125,179,18,In Stock
2544,8,68,2025-10-04,231,76,131,176,28,In Stock
2545,15,95,2025-07-05,22,102,22,102,41,In Stock
2546,9,69,2025-02-09,76,12,26,62,25,In Stock
2547,10,150,2025-07-02,101,74,124,51,49,In Stock
2548,20,140,2025-11-20,169,92,20,241,30,In Stock
2549,17,117,2025-11-03,143,0,36,107,46,In Stock
2550,4,144,2025-09-07,218,106,56,268,21,In Stock
2551,4,64,2025-04-23,149,139,140,148,44,In Stock
2552,13,33,2025-03-18,208,128,39,297,14,In Stock
2553,5,85,2025-11-10,189,42,75,156,42,In Stock
2554,13,133,2025-05-28,127,1,41,87,60,In Stock
2555,7,87,2025-04-22,91,90,142,39,15,In Stock
2556,16,56,2025-03-03,176,97,52,221,52,In Stock
2557,18,118,2025-01-07,138,123,57,204,21,In Stock
2558,8,88,2025-12-11,235,1,12,224,33,In Stock
2559,2,22,2025-05-04,221,97,114,204,19,In Stock
2560,9,29,2025-07-22,138,123,50,211,60,In Stock
2561,15,135,2025-04-18,25,133,148,10,47,Low Stock
2562,18,138,2025-02-04,172,130,101,201,30,In Stock
2563,4,24,2025-06-24,20,87,15,92,55,In Stock
2564,9,69,2025-08-20,53,38,50,41,53,Low Stock
2565,20,20,2025-05-12,175,32,32,175,10,In Stock
2566,10,130,2025-02-16,89,4,0,93,18,In Stock
2567,7,67,2025-05-07,111,5,13,103,52,In Stock
2568,19,39,2025-10-01,162,115,88,189,51,In Stock
2569,10,150,2025-02-06,84,138,94,128,26,In Stock
2570,2,142,2025-08-26,162,12,133,41,15,In Stock
2571,7,147,2025-09-14,72,97,1,168,13,In Stock
2572,17,97,2025-10-05,97,107,73,131,60,In Stock
2573,16,136,2025-10-01,108,88,18,178,10,In Stock
2574,15,35,2025-08-25,161,137,143,155,29,In Stock
2575,7,127,2025-07-27,141,129,111,159,14,In Stock
2576,20,60,2025-12-11,124,142,86,180,20,In Stock
2577,11,131,2025-10-14,230,36,10,256,26,In Stock
2578,3,123,2025-06-26,168,50,27,191,44,In Stock
2579,18,98,2025-11-27,89,34,119,4,54,Low Stock
2580,13,53,2025-07-04,121,146,104,163,37,In Stock
2581,2,22,2025-03-10,232,64,90,206,41,In Stock
2582,12,132,2025-01-19,233,120,15,338,16,In Stock
2583,8,108,2025-08-14,170,67,103,134,30,In Stock
2584,3,43,2025-10-13,75,75,120,30,25,In Stock
2585,18,138,2025-01-27,233,94,30,297,12,In Stock
2586,9,29,2025-04-25,196,113,87,222,43,In Stock
2587,13,73,2025-11-27,62,150,131,81,21,In Stock
2588,19,59,2025-10-03,224,138,17,345,38,In Stock
2589,16,16,2025-03-05,160,99,8,251,53,In Stock
2590,18,78,2025-09-16,162,80,26,216,39,In Stock
2591,20,100,2025-02-10,86,54,6,134,48,In Stock
2592,10,130,2025-03-06,155,41,123,73,58,In Stock
2593,12,112,2025-06-17,195,72,144,123,15,In Stock
2594,13,53,2025-10-20,135,94,19,210,17,In Stock
2595,18,78,2025-03-06,188,35,141,82,33,In Stock
2596,13,113,2025-08-23,191,142,42,291,34,In Stock
2597,19,39,2025-06-24,181,85,75,191,35,In Stock
2598,18,98,2025-04-02,236,41,28,249,44,In Stock
2599,6,26,2025-01-20,39,51,46,44,50,Low Stock
2600,19,59,2025-11-11,72,98,4,166,45,In Stock
2601,12,52,2025-10-06,107,17,101,23,23,Low Stock
2602,6,106,2025-03-08,34,55,86,3,35,Low Stock
2603,19,59,2025-05-11,108,34,3,139,25,In Stock
2604,9,89,2025-07-16,71,12,31,52,20,In Stock
2605,19,119,2025-09-19,64,146,58,152,39,In Stock
2606,12,112,2025-11-02,52,9,54,7,58,Low Stock
2607,17,37,2025-04-01,134,75,0,209,44,In Stock
2608,16,136,2025-11-05,97,42,74,65,34,In Stock
2609,9,129,2025-11-27,141,141,132,150,31,In Stock
2610,6,126,2025-06-21,115,67,49,133,53,In Stock
2611,13,73,2025-02-22,61,46,77,30,26,In Stock
2612,1,1,2025-09-04,225,84,56,253,32,In Stock
2613,7,147,2025-06-20,47,108,121,34,51,Low Stock
2614,1,61,2025-09-28,132,1,88,45,37,In Stock
2615,5,25,2025-07-04,49,33,0,82,41,In Stock
2616,15,15,2025-12-24,153,120,18,255,11,In Stock
2617,15,75,2025-04-10,60,125,61,124,12,In Stock
2618,15,135,2025-03-22,214,114,112,216,59,In Stock
2619,5,45,2025-11-07,50,68,105,13,44,Low Stock
2620,3,43,2025-12-10,34,79,61,52,12,In Stock
2621,17,57,2025-04-25,155,49,100,104,56,In Stock
2622,4,104,2025-06-02,145,2,99,48,15,In Stock
2623,8,148,2025-10-13,191,53,104,140,49,In Stock
2624,15,75,2025-05-06,47,140,131,56,16,In Stock
2625,10,150,2025-01-15,202,42,130,114,19,In Stock
2626,17,137,2025-02-10,182,8,117,73,57,In Stock
2627,2,62,2025-07-09,248,16,89,175,47,In Stock
2628,1,21,2025-08-03,174,93,46,221,29,In Stock
2629,1,141,2025-04-12,128,28,99,57,21,In Stock
2630,14,14,2025-10-20,70,79,64,85,22,In Stock
2631,2,22,2025-06-09,79,130,150,59,15,In Stock
2632,14,14,2025-01-12,238,130,116,252,44,In Stock
2633,8,28,2025-02-05,211,47,132,126,26,In Stock
2634,9,9,2025-01-17,239,4,60,183,14,In Stock
2635,1,101,2025-05-15,162,0,45,117,16,In Stock
2636,17,97,2025-11-20,168,108,13,263,29,In Stock
2637,10,70,2025-07-01,104,150,106,148,45,In Stock
2638,5,145,2025-11-28,87,77,31,133,57,In Stock
2639,14,74,2025-09-12,58,80,69,69,21,In Stock
2640,5,25,2025-08-23,194,45,141,98,35,In Stock
2641,15,135,2025-10-23,43,17,27,33,14,In Stock
2642,17,17,2025-06-01,134,56,141,49,45,In Stock
2643,11,91,2025-03-15,155,8,67,96,12,In Stock
2644,3,103,2025-10-11,148,24,16,156,19,In Stock
2645,10,110,2025-01-16,66,31,41,56,17,In Stock
2646,16,96,2025-05-15,74,8,5,77,17,In Stock
2647,7,7,2025-02-01,134,119,81,172,27,In Stock
2648,2,82,2025-09-26,34,106,11,129,40,In Stock
2649,12,52,2025-12-25,117,49,100,66,37,In Stock
2650,1,61,2025-08-24,40,69,82,27,13,In Stock
2651,20,20,2025-02-24,190,41,71,160,33,In Stock
2652,9,109,2025-02-10,98,47,105,40,20,In Stock
2653,15,95,2025-01-08,218,51,74,195,28,In Stock
2654,2,62,2025-09-01,202,113,68,247,57,In Stock
2655,9,149,2025-02-24,173,142,66,249,14,In Stock
2656,3,23,2025-08-05,185,149,86,248,32,In Stock
2657,14,134,2025-07-16,210,97,24,283,12,In Stock
2658,12,112,2025-03-04,41,44,32,53,37,In Stock
2659,7,27,2025-08-03,201,34,104,131,12,In Stock
2660,18,98,2025-02-20,202,125,5,322,21,In Stock
2661,9,89,2025-04-19,100,96,31,165,17,In Stock
2662,14,94,2025-01-05,95,95,29,161,10,In Stock
2663,2,122,2025-12-02,154,141,69,226,30,In Stock
2664,5,65,2025-10-24,23,0,15,8,25,Low Stock
2665,8,68,2025-06-25,246,87,144,189,49,In Stock
2666,20,80,2025-04-03,110,70,124,56,11,In Stock
2667,6,126,2025-05-20,87,130,56,161,15,In Stock
2668,2,82,2025-11-18,132,21,111,42,57,Low Stock
2669,18,58,2025-02-25,53,105,47,111,39,In Stock
2670,12,92,2025-02-24,210,140,146,204,58,In Stock
2671,10,90,2025-12-07,86,60,87,59,15,In Stock
2672,1,81,2025-01-11,50,55,72,33,32,In Stock
2673,8,48,2025-02-17,179,128,47,260,30,In Stock
2674,1,81,2025-04-02,26,45,69,2,22,Low Stock
2675,12,132,2025-10-23,248,144,107,285,35,In Stock
2676,15,95,2025-05-07,95,98,29,164,13,In Stock
2677,7,7,2025-05-16,65,82,113,34,13,In Stock
2678,17,37,2025-02-20,65,130,15,180,37,In Stock
2679,12,92,2025-10-11,172,135,35,272,28,In Stock
2680,18,138,2025-07-10,21,89,44,66,60,In Stock
2681,17,137,2025-06-04,137,30,102,65,16,In Stock
2682,7,127,2025-08-27,250,85,111,224,40,In Stock
2683,2,122,2025-01-15,34,43,64,13,21,Low Stock
2684,20,80,2025-03-20,178,71,100,149,22,In Stock
2685,3,63,2025-10-21,237,124,77,284,39,In Stock
2686,4,64,2025-09-07,179,69,97,151,26,In Stock
2687,11,51,2025-05-08,171,44,74,141,41,In Stock
2688,15,115,2025-06-05,122,95,47,170,46,In Stock
2689,17,137,2025-07-22,27,12,36,3,46,Low Stock
2690,4,84,2025-10-04,127,86,112,101,40,In Stock
2691,5,105,2025-07-06,26,64,30,60,16,In Stock
2692,16,76,2025-11-25,41,128,83,86,19,In Stock
2693,8,128,2025-04-08,22,40,41,21,42,Low Stock
2694,20,60,2025-05-09,155,126,117,164,54,In Stock
2695,7,27,2025-09-08,129,65,133,61,41,In Stock
2696,7,7,2025-08-23,142,52,28,166,52,In Stock
2697,3,63,2025-02-26,152,21,115,58,49,In Stock
2698,8,88,2025-07-11,167,101,48,220,25,In Stock
2699,19,59,2025-03-03,23,58,13,68,48,In Stock
2700,17,117,2025-08-11,33,44,42,35,24,In Stock
2701,2,42,2025-08-10,178,77,117,138,28,In Stock
2702,8,28,2025-04-11,146,4,136,14,47,Low Stock
2703,18,38,2025-05-19,102,17,28,91,53,In Stock
2704,7,27,2025-06-28,184,61,4,241,38,In Stock
2705,11,11,2025-01-21,208,126,140,194,32,In Stock
2706,12,92,2025-08-22,83,120,143,60,27,In Stock
2707,11,71,2025-12-03,184,128,32,280,15,In Stock
2708,1,121,2025-05-02,217,134,147,204,49,In Stock
2709,12,112,2025-11-18,28,81,46,63,41,In Stock
2710,1,141,2025-05-22,168,109,46,231,13,In Stock
2711,20,100,2025-01-24,151,86,49,188,47,In Stock
2712,7,107,2025-04-08,50,49,88,11,31,Low Stock
2713,5,85,2025-11-08,194,20,45,169,46,In Stock
2714,17,97,2025-02-01,87,99,77,109,58,In Stock
2715,17,137,2025-12-08,48,41,71,18,47,Low Stock
2716,14,134,2025-02-18,134,43,102,75,40,In Stock
2717,18,78,2025-03-24,197,68,119,146,41,In Stock
2718,6,66,2025-07-10,77,26,49,54,15,In Stock
2719,4,44,2025-05-25,167,139,123,183,52,In Stock
2720,12,132,2025-12-22,206,150,78,278,46,In Stock
2721,19,59,2025-05-15,184,30,144,70,38,In Stock
2722,15,115,2025-08-19,206,66,141,131,20,In Stock
2723,14,14,2025-08-18,218,132,103,247,46,In Stock
2724,4,144,2025-09-21,235,2,34,203,36,In Stock
2725,14,94,2025-04-20,140,73,109,104,26,In Stock
2726,5,145,2025-06-14,117,83,73,127,58,In Stock
2727,10,90,2025-01-09,235,30,120,145,60,In Stock
2728,7,147,2025-04-09,125,94,114,105,14,In Stock
2729,13,13,2025-04-22,102,31,49,84,10,In Stock
2730,7,147,2025-12-17,239,136,68,307,40,In Stock
2731,6,6,2025-05-08,163,128,91,200,33,In Stock
2732,5,145,2025-01-16,122,97,102,117,39,In Stock
2733,9,69,2025-08-22,217,79,3,293,24,In Stock
2734,3,123,2025-02-22,249,82,108,223,30,In Stock
2735,10,90,2025-12-11,58,69,69,58,47,In Stock
2736,7,67,2025-09-25,235,72,16,291,14,In Stock
2737,1,121,2025-03-11,138,141,43,236,45,In Stock
2738,14,14,2025-10-19,247,85,103,229,57,In Stock
2739,2,142,2025-04-02,210,81,97,194,14,In Stock
2740,16,16,2025-04-01,26,34,16,44,13,In Stock
2741,7,47,2025-06-19,181,31,37,175,12,In Stock
2742,4,124,2025-12-07,90,95,103,82,13,In Stock
2743,1,1,2025-07-09,156,45,86,115,47,In Stock
2744,4,124,2025-10-21,138,126,13,251,45,In Stock
2745,19,139,2025-12-18,37,55,4,88,20,In Stock
2746,3,83,2025-12-06,149,17,5,161,32,In Stock
2747,2,102,2025-09-25,217,135,10,342,52,In Stock
2748,16,76,2025-05-09,224,1,31,194,21,In Stock
2749,1,61,2025-01-05,35,82,16,101,21,In Stock
2750,20,20,2025-02-04,32,105,25,112,38,In Stock
2751,6,86,2025-06-19,85,75,66,94,42,In Stock
2752,15,35,2025-07-22,236,51,103,184,12,In Stock
2753,10,50,2025-03-16,145,131,57,219,20,In Stock
2754,4,44,2025-08-27,169,81,7,243,28,In Stock
2755,20,80,2025-11-09,158,0,43,115,49,In Stock
2756,6,146,2025-07-27,57,104,0,161,30,In Stock
2757,3,83,2025-09-14,150,9,18,141,32,In Stock
2758,20,140,2025-10-03,62,0,30,32,17,In Stock
2759,9,69,2025-03-18,32,112,110,34,31,In Stock
2760,15,115,2025-04-06,75,75,130,20,39,Low Stock
2761,16,16,2025-01-01,177,10,6,181,20,In Stock
2762,5,125,2025-12-19,237,40,56,221,40,In Stock
2763,11,71,2025-12-05,199,12,150,61,28,In Stock
2764,4,144,2025-04-24,135,80,17,198,10,In Stock
2765,11,51,2025-02-17,130,100,71,159,32,In Stock
2766,8,8,2025-03-24,54,37,6,85,46,In Stock
2767,16,16,2025-01-24,148,145,113,180,17,In Stock
2768,12,52,2025-06-17,180,31,114,97,51,In Stock
2769,11,51,2025-08-17,84,9,88,5,55,Low Stock
2770,20,20,2025-01-14,170,124,99,195,48,In Stock
2771,13,73,2025-10-02,229,18,4,243,50,In Stock
2772,5,85,2025-06-23,21,107,108,20,45,Low Stock
2773,13,113,2025-09-20,50,107,115,42,30,In Stock
2774,5,85,2025-01-18,113,84,147,50,29,In Stock
2775,11,71,2025-05-21,50,122,87,85,34,In Stock
2776,17,17,2025-07-03,82,112,21,173,41,In Stock
2777,16,76,2025-06-18,106,63,93,76,15,In Stock
2778,16,76,2025-09-05,188,119,84,223,21,In Stock
2779,10,110,2025-11-24,33,3,3,33,16,In Stock
2780,1,141,2025-08-13,220,68,82,206,31,In Stock
2781,6,86,2025-08-10,115,71,33,153,36,In Stock
2782,20,100,2025-06-08,140,103,14,229,27,In Stock
2783,15,115,2025-09-20,233,52,104,181,59,In Stock
2784,7,27,2025-06-28,168,79,133,114,20,In Stock
2785,3,103,2025-01-18,201,15,103,113,17,In Stock
2786,16,56,2025-01-13,78,123,112,89,47,In Stock
2787,12,32,2025-05-20,242,114,28,328,30,In Stock
2788,9,29,2025-10-13,25,2,23,4,49,Low Stock
2789,4,104,2025-12-28,166,26,134,58,16,In Stock
2790,15,15,2025-09-06,243,87,63,267,59,In Stock
2791,20,120,2025-05-23,128,13,138,3,48,Low Stock
2792,20,60,2025-09-22,229,51,120,160,47,In Stock
2793,11,51,2025-01-24,208,80,10,278,55,In Stock
2794,19,19,2025-09-08,47,47,49,45,43,In Stock
2795,18,98,2025-01-01,214,36,55,195,48,In Stock
2796,6,106,2025-11-21,239,15,57,197,40,In Stock
2797,4,64,2025-04-14,188,78,32,234,43,In Stock
2798,19,19,2025-05-10,112,130,141,101,33,In Stock
2799,13,113,2025-02-02,22,46,40,28,33,Low Stock
2800,6,146,2025-12-23,66,16,48,34,54,Low Stock
2801,4,104,2025-12-25,36,143,82,97,52,In Stock
2802,9,129,2025-05-27,100,88,25,163,27,In Stock
2803,17,37,2025-12-27,177,148,51,274,17,In Stock
2804,19,99,2025-03-20,193,22,143,72,53,In Stock
2805,11,71,2025-10-21,34,11,9,36,23,In Stock
2806,17,137,2025-02-01,22,11,17,16,42,Low Stock
2807,9,89,2025-11-14,186,23,29,180,32,In Stock
2808,2,42,2025-05-09,95,129,139,85,18,In Stock
2809,12,12,2025-09-02,185,145,150,180,37,In Stock
2810,4,104,2025-04-23,139,49,112,76,10,In Stock
2811,6,66,2025-08-20,207,60,49,218,55,In Stock
2812,5,25,2025-04-11,191,1,107,85,50,In Stock
2813,19,19,2025-01-16,238,35,20,253,47,In Stock
2814,5,125,2025-05-17,117,115,125,107,54,In Stock
2815,6,146,2025-01-03,230,42,74,198,24,In Stock
2816,1,101,2025-02-03,77,142,106,113,45,In Stock
2817,3,103,2025-01-10,228,136,124,240,38,In Stock
2818,11,31,2025-02-19,53,149,64,138,43,In Stock
2819,18,58,2025-06-01,133,141,104,170,41,In Stock
2820,17,57,2025-01-16,27,55,59,23,40,Low Stock
2821,11,51,2025-03-21,21,121,99,43,33,In Stock
2822,10,130,2025-12-25,34,104,114,24,35,Low Stock
2823,1,21,2025-07-26,226,3,68,161,33,In Stock
2824,9,69,2025-08-01,184,55,68,171,11,In Stock
2825,8,68,2025-10-09,134,12,31,115,51,In Stock
2826,17,37,2025-09-04,236,96,91,241,41,In Stock
2827,11,91,2025-10-19,25,91,33,83,51,In Stock
2828,10,10,2025-07-17,93,34,6,121,54,In Stock
2829,3,103,2025-01-06,62,99,82,79,34,In Stock
2830,19,79,2025-02-27,48,59,50,57,55,In Stock
2831,13,33,2025-02-15,130,12,102,40,37,In Stock
2832,1,101,2025-03-09,180,124,55,249,38,In Stock
2833,1,21,2025-11-05,228,42,92,178,44,In Stock
2834,12,132,2025-04-10,96,117,78,135,43,In Stock
2835,7,147,2025-09-22,246,127,145,228,45,In Stock
2836,7,127,2025-02-26,186,50,31,205,25,In Stock
2837,6,6,2025-11-08,41,129,146,24,31,Low Stock
2838,12,12,2025-08-04,144,118,54,208,41,In Stock
2839,2,122,2025-02-21,94,9,50,53,51,In Stock
2840,13,93,2025-12-12,58,89,29,118,55,In Stock
2841,15,35,2025-04-27,22,63,82,3,12,Low Stock
2842,10,10,2025-06-19,118,66,38,146,25,In Stock
2843,3,123,2025-07-18,123,105,114,114,37,In Stock
2844,20,100,2025-03-15,106,68,68,106,15,In Stock
2845,15,95,2025-05-24,92,140,126,106,47,In Stock
2846,15,95,2025-04-15,73,120,24,169,55,In Stock
2847,1,1,2025-10-21,167,121,107,181,18,In Stock
2848,7,87,2025-11-12,184,131,81,234,56,In Stock
2849,9,129,2025-07-10,209,150,133,226,57,In Stock
2850,5,145,2025-11-21,145,53,125,73,12,In Stock
2851,8,108,2025-08-17,244,110,116,238,52,In Stock
2852,1,141,2025-06-08,157,135,1,291,31,In Stock
2853,19,99,2025-09-09,110,46,115,41,16,In Stock
2854,15,35,2025-06-28,170,100,41,229,27,In Stock
2855,15,55,2025-01-20,66,50,102,14,15,Low Stock
2856,9,29,2025-03-02,53,140,138,55,36,In Stock
2857,11,111,2025-06-14,200,39,108,131,59,In Stock
2858,3,23,2025-01-01,97,102,104,95,33,In Stock
2859,9,69,2025-01-26,101,132,100,133,25,In Stock
2860,18,38,2025-03-11,107,121,123,105,31,In Stock
2861,7,107,2025-08-24,158,90,15,233,50,In Stock
2862,5,145,2025-09-02,124,12,106,30,59,Low Stock
2863,10,50,2025-07-27,241,51,54,238,57,In Stock
2864,2,2,2025-01-28,224,53,46,231,28,In Stock
2865,12,112,2025-08-16,56,2,26,32,17,In Stock
2866,11,131,2025-03-17,166,4,146,24,15,In Stock
2867,11,91,2025-03-23,140,147,17,270,54,In Stock
2868,20,140,2025-12-01,110,25,35,100,51,In Stock
2869,18,78,2025-05-03,23,137,37,123,51,In Stock
2870,10,50,2025-12-17,122,17,110,29,50,Low Stock
2871,15,15,2025-08-25,173,146,44,275,40,In Stock
2872,11,31,2025-11-16,158,32,23,167,50,In Stock
2873,2,22,2025-01-17,208,38,9,237,57,In Stock
2874,7,127,2025-06-24,236,27,39,224,50,In Stock
2875,20,20,2025-08-15,43,7,12,38,36,In Stock
2876,7,47,2025-12-20,147,148,49,246,55,In Stock
2877,3,143,2025-05-22,155,35,29,161,37,In Stock
2878,11,91,2025-12-28,203,32,14,221,49,In Stock
2879,11,131,2025-11-16,151,140,38,253,50,In Stock
2880,5,25,2025-01-08,110,28,112,26,15,In Stock
2881,4,104,2025-07-10,222,12,144,90,30,In Stock
2882,3,123,2025-06-04,101,57,148,10,44,Low Stock
2883,5,125,2025-11-12,172,42,43,171,48,In Stock
2884,20,140,2025-07-13,198,116,144,170,46,In Stock
2885,10,70,2025-06-06,141,42,122,61,59,In Stock
2886,4,64,2025-02-03,42,132,2,172,16,In Stock
2887,12,132,2025-12-23,87,106,143,50,29,In Stock
2888,1,21,2025-06-27,229,24,34,219,60,In Stock
2889,12,12,2025-06-01,57,72,87,42,36,In Stock
2890,6,46,2025-10-05,246,6,62,190,16,In Stock
2891,5,105,2025-04-03,45,18,29,34,28,In Stock
2892,10,70,2025-12-05,89,120,42,167,39,In Stock
2893,14,14,2025-03-17,181,18,36,163,46,In Stock
2894,4,64,2025-03-09,22,55,7,70,43,In Stock
2895,2,62,2025-03-22,59,43,75,27,45,Low Stock
2896,7,67,2025-09-24,249,118,52,315,13,In Stock
2897,19,19,2025-05-07,241,106,111,236,27,In Stock
2898,13,73,2025-09-23,71,119,57,133,47,In Stock
2899,19,19,2025-10-07,74,112,26,160,42,In Stock
2900,9,109,2025-02-08,39,105,127,17,59,Low Stock
2901,11,71,2025-12-02,22,86,46,62,43,In Stock
2902,14,134,2025-06-06,192,65,80,177,55,In Stock
2903,7,27,2025-01-11,238,84,129,193,14,In Stock
2904,9,29,2025-01-01,43,65,55,53,55,Low Stock
2905,17,117,2025-01-07,99,73,108,64,30,In Stock
2906,19,139,2025-03-28,201,79,66,214,51,In Stock
2907,5,145,2025-04-07,198,34,9,223,27,In Stock
2908,8,68,2025-04-17,181,79,33,227,59,In Stock
2909,11,11,2025-03-21,112,103,44,171,12,In Stock
2910,10,70,2025-12-02,214,94,25,283,51,In Stock
2911,18,118,2025-09-28,54,81,12,123,53,In Stock
2912,18,58,2025-08-24,48,11,2,57,39,In Stock
2913,1,21,2025-07-27,55,6,40,21,46,Low Stock
2914,6,86,2025-01-24,241,138,129,250,43,In Stock
2915,14,74,2025-07-20,234,16,99,151,60,In Stock
2916,6,106,2025-09-26,25,113,7,131,21,In Stock
2917,6,46,2025-05-28,100,67,120,47,51,Low Stock
2918,7,147,2025-03-18,103,144,95,152,30,In Stock
2919,20,120,2025-11-26,236,118,113,241,52,In Stock
2920,15,95,2025-10-18,21,21,33,9,16,Low Stock
2921,7,87,2025-05-27,62,22,35,49,45,In Stock
2922,11,11,2025-12-03,33,109,141,1,46,Low Stock
2923,8,28,2025-05-16,238,8,63,183,58,In Stock
2924,20,100,2025-05-02,183,55,53,185,12,In Stock
2925,11,11,2025-12-19,121,138,8,251,42,In Stock
2926,11,51,2025-05-05,192,142,104,230,29,In Stock
2927,13,113,2025-07-22,85,1,48,38,11,In Stock
2928,20,20,2025-03-14,240,55,84,211,33,In Stock
2929,1,141,2025-03-25,218,108,54,272,47,In Stock
2930,14,134,2025-02-21,91,19,46,64,54,In Stock
2931,5,85,2025-01-21,201,10,18,193,16,In Stock
2932,16,96,2025-11-18,177,11,97,91,43,In Stock
2933,15,15,2025-10-26,68,128,102,94,21,In Stock
2934,4,64,2025-06-17,163,49,79,133,40,In Stock
2935,7,27,2025-10-27,81,124,60,145,39,In Stock
2936,9,49,2025-12-17,180,37,6,211,40,In Stock
2937,10,70,2025-01-17,131,34,22,143,23,In Stock
2938,19,39,2025-07-05,133,72,92,113,28,In Stock
2939,15,55,2025-07-24,213,105,89,229,56,In Stock
2940,13,93,2025-07-12,92,109,21,180,52,In Stock
2941,3,23,2025-04-04,49,27,64,12,20,Low Stock
2942,13,93,2025-01-03,52,120,117,55,37,In Stock
2943,10,90,2025-03-12,37,71,37,71,28,In Stock
2944,12,132,2025-10-17,60,114,55,119,54,In Stock
2945,1,1,2025-10-20,89,93,109,73,25,In Stock
2946,7,67,2025-07-19,235,56,36,255,46,In Stock
2947,9,69,2025-11-16,184,96,92,188,43,In Stock
2948,15,75,2025-07-20,209,95,78,226,60,In Stock
2949,10,90,2025-03-02,73,69,25,117,52,In Stock
2950,4,24,2025-11-21,237,18,51,204,32,In Stock
2951,16,96,2025-12-28,245,65,36,274,33,In Stock
2952,4,124,2025-09-03,71,50,110,11,31,Low Stock
2953,10,50,2025-07-05,166,115,92,189,33,In Stock
2954,2,142,2025-11-10,199,45,107,137,48,In Stock
2955,20,120,2025-12-11,223,107,26,304,59,In Stock
2956,2,22,2025-05-11,30,53,64,19,16,In Stock
2957,16,56,2025-08-09,223,96,117,202,25,In Stock
2958,6,6,2025-07-01,241,90,70,261,31,In Stock
2959,9,29,2025-08-20,179,150,31,298,29,In Stock
2960,9,49,2025-03-14,66,140,143,63,13,In Stock
2961,14,34,2025-11-23,56,146,47,155,27,In Stock
2962,1,121,2025-03-05,79,52,51,80,34,In Stock
2963,4,24,2025-03-23,60,146,48,158,37,In Stock
2964,4,84,2025-07-03,228,85,129,184,29,In Stock
2965,3,123,2025-10-24,91,110,139,62,26,In Stock
2966,16,76,2025-12-07,22,143,128,37,11,In Stock
2967,6,26,2025-01-28,44,142,80,106,25,In Stock
2968,5,145,2025-11-14,186,138,82,242,38,In Stock
2969,5,5,2025-07-23,161,91,114,138,10,In Stock
2970,3,63,2025-04-03,63,84,47,100,57,In Stock
2971,13,33,2025-08-27,175,99,104,170,50,In Stock
2972,18,18,2025-11-10,231,11,118,124,11,In Stock
2973,13,13,2025-01-22,166,60,130,96,57,In Stock
2974,20,60,2025-06-12,175,6,38,143,35,In Stock
2975,4,24,2025-04-01,190,126,63,253,54,In Stock
2976,14,34,2025-09-28,173,141,97,217,51,In Stock
2977,12,112,2025-05-10,225,140,19,346,30,In Stock
2978,18,38,2025-07-06,241,2,53,190,22,In Stock
2979,9,109,2025-04-28,24,123,79,68,52,In Stock
2980,3,83,2025-08-17,36,70,100,6,60,Low Stock
2981,14,34,2025-02-14,116,127,136,107,29,In Stock
2982,3,63,2025-12-28,188,11,92,107,37,In Stock
2983,3,83,2025-11-20,32,94,19,107,49,In Stock
2984,19,119,2025-02-19,181,147,90,238,49,In Stock
2985,13,113,2025-01-13,54,4,55,3,40,Low Stock
2986,6,26,2025-07-25,93,9,35,67,31,In Stock
2987,2,142,2025-12-22,70,122,31,161,16,In Stock
2988,7,7,2025-11-15,230,24,35,219,24,In Stock
2989,3,23,2025-07-24,244,45,6,283,40,In Stock
2990,1,121,2025-11-16,114,112,109,117,36,In Stock
2991,12,12,2025-12-26,51,7,0,58,35,In Stock
2992,19,119,2025-01-04,203,36,112,127,14,In Stock
2993,10,10,2025-11-28,41,36,46,31,49,Low Stock
2994,19,139,2025-04-11,182,74,106,150,14,In Stock
2995,19,99,2025-10-24,148,7,88,67,12,In Stock
2996,8,88,2025-12-28,206,97,92,211,50,In Stock
2997,6,146,2025-06-28,203,115,60,258,30,In Stock
2998,8,8,2025-05-11,162,137,126,173,41,In Stock
2999,3,83,2025-06-27,189,2,102,89,11,In Stock
3000,19,59,2025-07-25,91,50,103,38,34,In Stock
3001,4,24,2025-08-16,234,20,68,186,24,In Stock
3002,20,140,2025-04-20,63,9,63,9,13,Low Stock
3003,3,143,2025-11-23,126,87,4,209,39,In Stock
3004,12,92,2025-01-23,160,65,43,182,58,In Stock
3005,7,27,2025-04-13,92,110,101,101,14,In Stock
3006,10,130,2025-10-21,51,46,84,13,24,Low Stock
3007,15,35,2025-09-15,137,28,99,66,33,In Stock
3008,5,145,2025-03-21,119,75,0,194,37,In Stock
3009,5,45,2025-08-18,189,148,81,256,35,In Stock
3010,13,133,2025-02-16,209,71,44,236,21,In Stock
3011,19,139,2025-01-11,115,39,111,43,30,In Stock
3012,12,112,2025-08-25,67,64,38,93,12,In Stock
3013,18,118,2025-04-27,218,61,74,205,26,In Stock
3014,16,16,2025-01-25,160,54,16,198,38,In Stock
3015,17,77,2025-11-27,107,31,35,103,33,In Stock
3016,7,127,2025-11-23,223,54,63,214,59,In Stock
3017,12,12,2025-10-01,71,34,73,32,26,In Stock
3018,19,139,2025-02-18,135,70,132,73,53,In Stock
3019,5,45,2025-12-17,230,27,41,216,53,In Stock
3020,18,138,2025-12-15,100,130,53,177,14,In Stock
3021,3,43,2025-10-21,126,13,129,10,33,Low Stock
3022,6,66,2025-09-20,20,59,32,47,27,In Stock
3023,14,14,2025-02-24,176,139,120,195,31,In Stock
3024,15,35,2025-03-08,233,26,45,214,29,In Stock
3025,18,58,2025-08-13,114,71,100,85,60,In Stock
3026,10,130,2025-12-18,102,59,85,76,37,In Stock
3027,5,85,2025-10-26,83,150,149,84,50,In Stock
3028,5,145,2025-08-21,161,134,61,234,57,In Stock
3029,5,125,2025-11-19,248,91,89,250,22,In Stock
3030,7,127,2025-04-09,135,42,105,72,18,In Stock
3031,7,67,2025-07-03,64,54,8,110,17,In Stock
3032,15,75,2025-03-18,169,118,62,225,11,In Stock
3033,10,50,2025-02-07,202,132,44,290,57,In Stock
3034,9,49,2025-09-21,55,147,11,191,54,In Stock
3035,10,110,2025-06-01,54,135,106,83,38,In Stock
3036,7,67,2025-07-19,245,91,122,214,57,In Stock
3037,13,133,2025-02-02,115,108,123,100,33,In Stock
3038,11,31,2025-08-09,177,114,93,198,47,In Stock
3039,15,15,2025-10-20,50,111,144,17,47,Low Stock
3040,16,76,2025-05-16,234,30,58,206,35,In Stock
3041,8,8,2025-08-03,135,122,79,178,58,In Stock
3042,12,12,2025-01-01,237,10,107,140,26,In Stock
3043,2,142,2025-06-11,211,136,121,226,12,In Stock
3044,7,27,2025-10-26,224,79,87,216,15,In Stock
3045,20,20,2025-02-09,70,112,101,81,37,In Stock
3046,11,111,2025-12-12,158,144,70,232,34,In Stock
3047,17,137,2025-12-24,193,103,63,233,27,In Stock
3048,1,101,2025-01-25,223,125,76,272,41,In Stock
3049,20,80,2025-04-20,115,69,110,74,41,In Stock
3050,8,128,2025-09-03,90,133,133,90,29,In Stock
3051,12,132,2025-12-25,48,38,70,16,41,Low Stock
3052,7,47,2025-03-28,49,16,46,19,41,Low Stock
3053,15,35,2025-08-27,222,82,27,277,14,In Stock
3054,10,10,2025-10-13,37,117,3,151,23,In Stock
3055,1,21,2025-08-10,207,14,4,217,17,In Stock
3056,9,109,2025-08-04,107,141,31,217,26,In Stock
3057,16,36,2025-04-09,72,72,108,36,46,Low Stock
3058,3,103,2025-06-05,68,90,14,144,53,In Stock
3059,18,18,2025-09-14,99,85,43,141,37,In Stock
3060,16,96,2025-12-16,219,51,25,245,53,In Stock
3061,14,14,2025-08-17,160,42,0,202,20,In Stock
3062,9,129,2025-06-04,243,11,135,119,26,In Stock
3063,9,149,2025-04-13,114,133,119,128,13,In Stock
3064,18,98,2025-11-13,220,54,12,262,22,In Stock
3065,17,57,2025-09-19,136,83,103,116,46,In Stock
3066,2,102,2025-04-01,143,132,93,182,25,In Stock
3067,14,14,2025-07-22,175,8,118,65,10,In Stock
3068,16,16,2025-09-18,204,70,115,159,55,In Stock
3069,3,123,2025-01-13,95,31,77,49,53,Low Stock
3070,10,150,2025-08-24,88,89,119,58,39,In Stock
3071,19,19,2025-08-25,144,28,65,107,38,In Stock
3072,5,125,2025-08-23,78,68,69,77,56,In Stock
3073,16,116,2025-12-27,142,83,146,79,19,In Stock
3074,18,118,2025-12-01,150,126,1,275,19,In Stock
3075,6,46,2025-10-22,240,21,67,194,24,In Stock
3076,19,19,2025-07-24,149,127,8,268,32,In Stock
3077,3,3,2025-02-08,191,87,61,217,14,In Stock
3078,8,88,2025-09-08,118,104,132,90,24,In Stock
3079,11,131,2025-12-03,138,48,71,115,15,In Stock
3080,18,138,2025-05-21,234,38,99,173,28,In Stock
3081,4,124,2025-01-25,195,15,93,117,59,In Stock
3082,2,102,2025-08-19,232,15,110,137,43,In Stock
3083,9,129,2025-09-18,39,129,94,74,53,In Stock
3084,4,44,2025-08-27,242,114,101,255,21,In Stock
3085,11,111,2025-09-06,134,35,146,23,58,Low Stock
3086,18,138,2025-04-16,237,72,32,277,19,In Stock
3087,3,63,2025-12-28,222,47,136,133,57,In Stock
3088,15,95,2025-12-24,116,18,96,38,39,Low Stock
3089,17,117,2025-04-08,32,124,89,67,45,In Stock
3090,6,46,2025-03-03,41,6,35,12,43,Low Stock
3091,17,137,2025-01-13,167,22,134,55,35,In Stock
3092,6,86,2025-06-22,98,6,0,104,22,In Stock
3093,6,86,2025-08-24,233,142,78,297,26,In Stock
3094,7,67,2025-08-18,105,135,37,203,54,In Stock
3095,12,32,2025-11-06,35,46,29,52,28,In Stock
3096,13,53,2025-12-07,89,112,113,88,28,In Stock
3097,18,118,2025-07-02,123,89,128,84,31,In Stock
3098,7,67,2025-02-11,44,115,144,15,17,Low Stock
3099,14,74,2025-05-08,162,36,9,189,60,In Stock
3100,3,43,2025-12-05,159,93,126,126,52,In Stock
3101,17,137,2025-10-25,186,58,41,203,30,In Stock
3102,9,129,2025-06-21,91,104,112,83,48,In Stock
3103,2,22,2025-08-22,160,69,122,107,12,In Stock
3104,15,135,2025-07-26,20,49,28,41,12,In Stock
3105,11,51,2025-12-18,66,80,140,6,39,Low Stock
3106,18,18,2025-10-21,104,83,80,107,40,In Stock
3107,15,75,2025-11-25,217,40,126,131,26,In Stock
3108,20,40,2025-06-04,250,125,28,347,12,In Stock
3109,4,4,2025-12-01,49,84,33,100,36,In Stock
3110,10,10,2025-08-25,20,65,5,80,55,In Stock
3111,12,72,2025-11-14,171,71,30,212,14,In Stock
3112,12,32,2025-01-02,208,145,21,332,48,In Stock
3113,13,93,2025-05-04,195,82,104,173,59,In Stock
3114,13,33,2025-02-24,80,78,91,67,26,In Stock
3115,6,146,2025-03-07,94,141,134,101,40,In Stock
3116,16,36,2025-12-18,62,49,78,33,60,Low Stock
3117,5,25,2025-03-27,187,132,129,190,22,In Stock
3118,8,108,2025-08-15,123,14,78,59,27,In Stock
3119,13,73,2025-02-27,35,19,42,12,59,Low Stock
3120,2,122,2025-05-28,211,58,67,202,49,In Stock
3121,11,131,2025-05-20,84,134,2,216,60,In Stock
3122,14,74,2025-09-06,40,79,71,48,52,Low Stock
3123,7,127,2025-08-06,215,67,8,274,39,In Stock
3124,10,150,2025-03-15,48,31,36,43,21,In Stock
3125,17,97,2025-06-03,199,11,0,210,16,In Stock
3126,17,57,2025-05-18,148,84,116,116,56,In Stock
3127,17,117,2025-03-18,121,120,88,153,29,In Stock
3128,16,56,2025-11-18,245,3,56,192,42,In Stock
3129,11,31,2025-08-17,179,22,121,80,58,In Stock
3130,9,9,2025-04-28,212,36,48,200,40,In Stock
3131,6,106,2025-05-13,106,129,40,195,34,In Stock
3132,15,95,2025-11-15,105,48,109,44,25,In Stock
3133,12,52,2025-05-16,58,8,18,48,15,In Stock
3134,13,113,2025-11-28,123,119,10,232,23,In Stock
3135,8,48,2025-02-02,199,56,74,181,23,In Stock
3136,8,128,2025-04-19,48,43,87,4,45,Low Stock
3137,13,133,2025-07-11,21,119,115,25,32,Low Stock
3138,16,96,2025-06-16,239,114,118,235,35,In Stock
3139,7,107,2025-02-17,197,110,30,277,11,In Stock
3140,20,120,2025-03-09,173,40,7,206,21,In Stock
3141,10,150,2025-07-16,146,65,22,189,54,In Stock
3142,17,97,2025-07-12,129,87,141,75,39,In Stock
3143,6,146,2025-07-21,106,87,30,163,37,In Stock
3144,18,98,2025-05-10,35,102,62,75,56,In Stock
3145,12,72,2025-04-24,237,6,32,211,16,In Stock
3146,9,49,2025-12-26,181,29,97,113,19,In Stock
3147,13,113,2025-01-25,227,77,29,275,20,In Stock
3148,1,61,2025-01-16,74,26,36,64,11,In Stock
3149,2,62,2025-03-04,110,16,48,78,31,In Stock
3150,15,75,2025-01-09,74,48,104,18,28,Low Stock
3151,17,77,2025-09-02,167,85,79,173,38,In Stock
3152,16,56,2025-03-01,99,115,79,135,46,In Stock
3153,19,19,2025-08-14,219,4,75,148,43,In Stock
3154,7,147,2025-02-28,65,23,28,60,43,In Stock
3155,5,25,2025-03-08,97,43,84,56,15,In Stock
3156,11,71,2025-03-25,162,128,138,152,37,In Stock
3157,6,26,2025-11-27,201,60,75,186,23,In Stock
3158,7,27,2025-01-18,45,101,6,140,39,In Stock
3159,12,92,2025-09-12,156,145,22,279,27,In Stock
3160,19,19,2025-03-22,227,122,40,309,37,In Stock
3161,13,13,2025-09-14,231,141,138,234,21,In Stock
3162,9,9,2025-04-13,250,15,141,124,27,In Stock
3163,11,71,2025-03-15,52,143,109,86,11,In Stock
3164,5,5,2025-12-13,144,19,125,38,48,Low Stock
3165,2,102,2025-07-28,180,16,52,144,53,In Stock
3166,9,49,2025-07-19,174,25,0,199,33,In Stock
3167,18,98,2025-09-24,164,18,47,135,49,In Stock
3168,6,146,2025-09-28,41,47,69,19,27,Low Stock
3169,18,138,2025-08-12,98,62,125,35,16,In Stock
3170,7,7,2025-05-22,123,94,123,94,26,In Stock
3171,16,96,2025-01-04,119,128,87,160,58,In Stock
3172,20,40,2025-08-05,91,81,91,81,39,In Stock
3173,1,81,2025-03-25,210,69,47,232,39,In Stock
3174,10,70,2025-09-03,55,83,50,88,41,In Stock
3175,18,98,2025-04-27,93,9,17,85,35,In Stock
3176,1,81,2025-11-14,247,91,29,309,46,In Stock
3177,2,62,2025-06-16,34,94,97,31,12,In Stock
3178,18,98,2025-10-13,30,25,4,51,23,In Stock
3179,1,21,2025-12-24,125,35,1,159,15,In Stock
3180,18,18,2025-07-28,153,76,93,136,35,In Stock
3181,20,140,2025-07-11,42,49,14,77,20,In Stock
3182,5,45,2025-01-15,102,68,66,104,24,In Stock
3183,3,43,2025-03-26,200,22,28,194,37,In Stock
3184,10,50,2025-05-06,176,0,115,61,56,In Stock
3185,15,115,2025-03-22,81,53,9,125,14,In Stock
3186,4,44,2025-06-24,68,19,52,35,32,In Stock
3187,18,138,2025-05-08,33,47,6,74,36,In Stock
3188,10,50,2025-06-17,100,72,132,40,16,In Stock
3189,3,123,2025-05-25,71,54,37,88,11,In Stock
3190,13,113,2025-10-17,87,0,65,22,40,Low Stock
3191,14,14,2025-12-08,146,150,106,190,13,In Stock
3192,17,57,2025-08-04,229,115,78,266,44,In Stock
3193,20,120,2025-09-06,56,123,143,36,52,Low Stock
3194,16,56,2025-11-07,82,22,49,55,56,Low Stock
3195,10,150,2025-04-15,228,29,16,241,17,In Stock
3196,1,61,2025-08-06,90,106,26,170,40,In Stock
3197,18,38,2025-04-17,57,31,40,48,48,Low Stock
3198,20,40,2025-01-11,112,39,5,146,16,In Stock
3199,15,75,2025-06-03,72,3,28,47,60,Low Stock
3200,11,111,2025-12-17,26,26,45,7,49,Low Stock
3201,2,122,2025-02-26,192,2,143,51,37,In Stock
3202,8,128,2025-10-03,249,16,81,184,16,In Stock
3203,5,85,2025-11-15,28,11,4,35,20,In Stock
3204,1,81,2025-05-27,140,105,19,226,52,In Stock
3205,9,149,2025-08-13,249,141,40,350,36,In Stock
3206,2,142,2025-10-13,231,100,80,251,17,In Stock
3207,16,136,2025-10-18,68,16,40,44,37,In Stock
3208,16,56,2025-05-03,220,94,105,209,20,In Stock
3209,16,96,2025-07-25,21,135,96,60,35,In Stock
3210,16,76,2025-02-26,245,47,126,166,26,In Stock
3211,10,110,2025-02-23,101,42,107,36,60,Low Stock
3212,7,7,2025-08-12,209,38,148,99,15,In Stock
3213,7,147,2025-10-28,194,32,137,89,18,In Stock
3214,12,52,2025-08-15,88,103,8,183,30,In Stock
3215,13,13,2025-01-07,142,48,30,160,10,In Stock
3216,4,124,2025-03-11,141,39,102,78,20,In Stock
3217,20,60,2025-12-17,207,51,36,222,47,In Stock
3218,10,10,2025-06-28,184,15,57,142,39,In Stock
3219,19,19,2025-02-24,152,81,66,167,27,In Stock
3220,15,135,2025-08-13,24,4,8,20,39,Low Stock
3221,19,79,2025-10-19,164,35,137,62,56,In Stock
3222,12,92,2025-07-26,174,93,22,245,27,In Stock
3223,1,21,2025-11-16,94,62,29,127,23,In Stock
3224,8,8,2025-04-07,234,27,118,143,48,In Stock
3225,18,38,2025-09-12,120,132,67,185,25,In Stock
3226,10,150,2025-09-02,34,125,137,22,10,In Stock
3227,4,124,2025-12-04,94,88,64,118,33,In Stock
3228,12,112,2025-02-16,71,64,32,103,49,In Stock
3229,9,9,2025-04-23,207,137,90,254,47,In Stock
3230,11,111,2025-01-17,41,148,60,129,45,In Stock
3231,1,1,2025-01-16,154,96,77,173,31,In Stock
3232,19,59,2025-09-04,36,86,104,18,35,Low Stock
3233,9,29,2025-02-09,155,72,35,192,21,In Stock
3234,19,19,2025-04-05,138,19,22,135,41,In Stock
3235,2,122,2025-10-08,193,97,142,148,59,In Stock
3236,8,68,2025-02-16,31,29,18,42,47,Low Stock
3237,14,54,2025-03-05,37,124,94,67,50,In Stock
3238,15,135,2025-11-12,105,12,75,42,26,In Stock
3239,17,37,2025-12-02,52,112,148,16,53,Low Stock
3240,14,114,2025-07-20,229,34,150,113,49,In Stock
3241,3,23,2025-02-03,242,61,34,269,13,In Stock
3242,6,66,2025-08-27,210,130,13,327,37,In Stock
3243,18,98,2025-12-21,212,122,134,200,15,In Stock
3244,11,11,2025-08-05,229,142,120,251,21,In Stock
3245,8,8,2025-07-19,217,30,82,165,32,In Stock
3246,16,96,2025-04-13,44,28,9,63,46,In Stock
3247,10,10,2025-04-02,68,49,26,91,32,In Stock
3248,5,85,2025-10-25,94,140,77,157,37,In Stock
3249,6,66,2025-06-12,247,116,7,356,13,In Stock
3250,17,37,2025-06-10,229,117,122,224,12,In Stock
3251,5,5,2025-08-18,141,0,6,135,10,In Stock
3252,15,35,2025-06-17,88,103,110,81,27,In Stock
3253,17,57,2025-03-23,26,3,1,28,44,Low Stock
3254,6,146,2025-08-14,68,98,84,82,45,In Stock
3255,11,91,2025-03-09,160,27,116,71,37,In Stock
3256,5,125,2025-04-26,243,142,42,343,22,In Stock
3257,10,110,2025-08-20,101,66,44,123,11,In Stock
3258,7,7,2025-08-16,83,5,12,76,15,In Stock
3259,6,66,2025-08-23,91,113,31,173,27,In Stock
3260,11,11,2025-07-20,185,128,107,206,23,In Stock
3261,12,32,2025-01-09,97,84,52,129,10,In Stock
3262,11,91,2025-05-02,181,125,135,171,55,In Stock
3263,19,39,2025-05-12,181,76,129,128,37,In Stock
3264,9,149,2025-05-07,130,38,30,138,14,In Stock
3265,20,20,2025-07-08,152,56,110,98,34,In Stock
3266,3,3,2025-04-16,25,14,5,34,24,In Stock
3267,2,62,2025-07-14,77,103,80,100,56,In Stock
3268,2,62,2025-01-13,30,3,0,33,51,Low Stock
3269,1,101,2025-10-10,136,117,108,145,28,In Stock
3270,6,26,2025-10-15,170,1,95,76,22,In Stock
3271,8,128,2025-02-25,72,9,78,3,30,Low Stock
3272,10,150,2025-03-23,241,73,110,204,10,In Stock
3273,20,80,2025-06-13,218,76,112,182,36,In Stock
3274,15,135,2025-04-21,31,0,12,19,49,Low Stock
3275,16,76,2025-01-27,134,27,99,62,57,In Stock
3276,15,135,2025-04-27,160,53,126,87,46,In Stock
3277,14,94,2025-10-10,43,50,46,47,21,In Stock
3278,14,14,2025-11-22,198,84,114,168,21,In Stock
3279,12,12,2025-04-22,161,142,11,292,35,In Stock
3280,9,49,2025-06-26,168,101,18,251,34,In Stock
3281,16,56,2025-08-26,169,85,121,133,29,In Stock
3282,6,66,2025-05-17,226,124,52,298,27,In Stock
3283,5,65,2025-05-12,249,112,0,361,55,In Stock
3284,16,76,2025-06-23,157,22,22,157,14,In Stock
3285,10,110,2025-07-13,213,34,64,183,45,In Stock
3286,3,143,2025-04-08,49,90,120,19,39,Low Stock
3287,8,88,2025-08-03,111,39,83,67,28,In Stock
3288,15,15,2025-03-19,203,35,23,215,50,In Stock
3289,16,136,2025-01-22,87,133,113,107,25,In Stock
3290,17,117,2025-04-01,153,59,84,128,18,In Stock
3291,11,11,2025-06-21,171,88,86,173,17,In Stock
3292,14,14,2025-07-13,217,101,86,232,26,In Stock
3293,3,43,2025-08-03,184,66,7,243,44,In Stock
3294,8,108,2025-05-09,82,60,59,83,28,In Stock
3295,5,45,2025-03-27,132,134,112,154,15,In Stock
3296,6,46,2025-07-01,218,50,110,158,24,In Stock
3297,10,130,2025-02-23,215,101,66,250,11,In Stock
3298,3,123,2025-11-15,186,21,129,78,46,In Stock
3299,17,97,2025-03-13,113,74,138,49,20,In Stock
3300,17,17,2025-02-26,94,40,43,91,27,In Stock
3301,15,15,2025-01-03,56,48,50,54,59,Low Stock
3302,2,122,2025-02-14,169,64,100,133,19,In Stock
3303,5,85,2025-07-05,169,106,109,166,35,In Stock
3304,18,18,2025-08-26,26,108,28,106,45,In Stock
3305,10,50,2025-01-23,20,87,18,89,12,In Stock
3306,3,123,2025-02-06,229,135,123,241,28,In Stock
3307,9,149,2025-04-25,36,76,12,100,21,In Stock
3308,1,101,2025-04-02,28,104,37,95,21,In Stock
3309,1,1,2025-01-12,132,82,33,181,34,In Stock
3310,15,35,2025-07-13,166,68,19,215,19,In Stock
3311,12,52,2025-08-25,58,12,64,6,48,Low Stock
3312,1,1,2025-12-17,51,43,41,53,49,In Stock
3313,15,35,2025-11-28,220,136,146,210,26,In Stock
3314,13,13,2025-01-14,31,71,69,33,15,In Stock
3315,12,112,2025-01-12,187,16,117,86,18,In Stock
3316,1,121,2025-02-04,227,109,99,237,24,In Stock
3317,8,88,2025-06-05,92,67,93,66,56,In Stock
3318,15,55,2025-08-05,239,39,121,157,26,In Stock
3319,7,87,2025-03-04,165,148,90,223,12,In Stock
3320,14,34,2025-07-06,232,87,26,293,13,In Stock
3321,13,73,2025-08-07,41,122,127,36,44,Low Stock
3322,9,129,2025-04-13,159,37,73,123,51,In Stock
3323,16,36,2025-10-13,74,114,47,141,46,In Stock
3324,5,65,2025-12-18,132,84,140,76,31,In Stock
3325,4,44,2025-08-03,250,94,56,288,31,In Stock
3326,9,29,2025-09-09,21,130,0,151,10,In Stock
3327,14,54,2025-08-06,156,40,147,49,57,Low Stock
3328,14,34,2025-11-18,224,3,95,132,19,In Stock
3329,9,29,2025-07-05,116,57,144,29,54,Low Stock
3330,1,121,2025-07-07,43,36,22,57,11,In Stock
3331,3,43,2025-11-28,220,110,91,239,21,In Stock
3332,19,39,2025-05-09,199,129,79,249,53,In Stock
3333,7,67,2025-04-26,58,11,31,38,54,Low Stock
3334,1,101,2025-03-26,48,22,53,17,12,In Stock
3335,15,135,2025-01-09,141,144,10,275,41,In Stock
3336,1,141,2025-10-09,26,75,13,88,34,In Stock
3337,7,7,2025-07-16,111,6,83,34,59,Low Stock
3338,13,13,2025-10-02,245,76,2,319,10,In Stock
3339,12,92,2025-11-28,236,110,3,343,57,In Stock
3340,12,92,2025-09-26,191,123,106,208,33,In Stock
3341,16,36,2025-06-03,179,143,108,214,25,In Stock
3342,3,63,2025-06-19,23,17,4,36,33,In Stock
3343,15,115,2025-01-05,112,91,117,86,49,In Stock
3344,19,79,2025-01-22,107,78,49,136,20,In Stock
3345,17,77,2025-02-27,193,7,62,138,41,In Stock
3346,8,108,2025-09-08,174,92,130,136,53,In Stock
3347,16,96,2025-08-01,174,118,113,179,33,In Stock
3348,2,42,2025-12-25,23,44,58,9,26,Low Stock
3349,12,132,2025-10-14,164,46,9,201,55,In Stock
3350,16,96,2025-02-23,175,57,67,165,44,In Stock
3351,3,143,2025-03-21,45,28,25,48,11,In Stock
3352,15,95,2025-02-16,25,149,73,101,26,In Stock
3353,18,78,2025-02-16,221,125,121,225,44,In Stock
3354,17,17,2025-04-01,163,36,104,95,60,In Stock
3355,7,107,2025-10-26,79,49,122,6,12,Low Stock
3356,3,83,2025-05-28,74,44,29,89,33,In Stock
3357,1,21,2025-03-27,25,60,30,55,17,In Stock
3358,13,13,2025-11-09,194,128,52,270,30,In Stock
3359,8,148,2025-02-25,195,17,2,210,10,In Stock
3360,5,45,2025-04-26,245,9,40,214,32,In Stock
3361,7,67,2025-03-04,181,35,136,80,60,In Stock
3362,13,33,2025-06-25,22,142,136,28,46,Low Stock
3363,11,51,2025-04-27,53,75,121,7,17,Low Stock
3364,4,84,2025-08-04,64,73,69,68,16,In Stock
3365,8,128,2025-01-25,119,33,114,38,23,In Stock
3366,12,112,2025-07-17,25,35,39,21,20,In Stock
3367,14,34,2025-03-12,236,82,108,210,57,In Stock
3368,8,128,2025-04-23,141,117,90,168,53,In Stock
3369,5,105,2025-11-11,122,150,32,240,26,In Stock
3370,9,29,2025-06-13,171,106,78,199,19,In Stock
3371,2,42,2025-12-16,120,9,41,88,44,In Stock
3372,6,46,2025-07-18,35,85,80,40,59,Low Stock
3373,7,47,2025-05-20,41,55,89,7,60,Low Stock
3374,12,32,2025-10-07,80,82,95,67,55,In Stock
3375,2,102,2025-08-27,65,3,25,43,31,In Stock
3376,8,128,2025-06-08,199,114,29,284,59,In Stock
3377,1,21,2025-09-24,151,121,138,134,53,In Stock
3378,16,96,2025-03-15,227,48,60,215,31,In Stock
3379,4,124,2025-12-25,191,104,17,278,58,In Stock
3380,5,125,2025-03-27,223,53,71,205,55,In Stock
3381,11,131,2025-02-14,94,58,43,109,23,In Stock
3382,2,62,2025-04-14,113,82,0,195,42,In Stock
3383,5,125,2025-05-11,231,54,140,145,49,In Stock
3384,7,127,2025-09-25,86,133,99,120,57,In Stock
3385,15,35,2025-05-13,89,121,69,141,31,In Stock
3386,1,81,2025-03-21,110,57,33,134,32,In Stock
3387,15,95,2025-08-19,93,60,47,106,43,In Stock
3388,16,136,2025-07-05,187,89,128,148,42,In Stock
3389,10,10,2025-10-01,173,56,125,104,58,In Stock
3390,5,65,2025-09-14,40,149,144,45,14,In Stock
3391,11,131,2025-03-24,153,77,17,213,13,In Stock
3392,7,67,2025-09-02,204,27,139,92,54,In Stock
3393,6,126,2025-01-20,184,28,41,171,36,In Stock
3394,5,145,2025-02-25,82,136,92,126,33,In Stock
3395,4,144,2025-08-13,169,25,104,90,30,In Stock
3396,14,34,2025-07-22,44,91,134,1,12,Low Stock
3397,2,102,2025-08-04,36,89,120,5,48,Low Stock
3398,17,17,2025-11-24,82,146,115,113,43,In Stock
3399,16,56,2025-05-08,203,133,145,191,16,In Stock
3400,16,36,2025-04-27,142,10,150,2,53,Low Stock
3401,2,142,2025-07-19,41,58,22,77,42,In Stock
3402,3,123,2025-09-16,104,94,66,132,14,In Stock
3403,2,142,2025-05-24,30,8,37,1,29,Low Stock
3404,13,113,2025-06-09,57,94,133,18,13,In Stock
3405,15,135,2025-06-05,113,53,59,107,12,In Stock
3406,18,38,2025-03-08,130,66,78,118,34,In Stock
3407,6,126,2025-08-04,146,140,1,285,36,In Stock
3408,13,133,2025-11-19,126,140,53,213,25,In Stock
3409,10,50,2025-03-27,199,5,149,55,27,In Stock
3410,18,138,2025-02-25,147,69,79,137,50,In Stock
3411,10,50,2025-07-24,38,138,98,78,58,In Stock
3412,10,30,2025-01-26,143,96,131,108,59,In Stock
3413,20,40,2025-08-04,59,132,36,155,45,In Stock
3414,8,48,2025-05-09,58,82,94,46,41,In Stock
3415,2,2,2025-09-18,223,15,123,115,29,In Stock
3416,11,31,2025-04-28,183,13,95,101,11,In Stock
3417,18,98,2025-05-15,70,69,112,27,20,In Stock
3418,20,60,2025-02-14,171,49,88,132,18,In Stock
3419,2,2,2025-04-06,152,123,49,226,58,In Stock
3420,14,134,2025-03-04,132,26,40,118,26,In Stock
3421,16,136,2025-08-25,224,113,54,283,36,In Stock
3422,18,138,2025-01-13,63,17,59,21,34,Low Stock
3423,18,18,2025-05-03,226,43,71,198,52,In Stock
3424,7,147,2025-05-16,214,75,56,233,19,In Stock
3425,7,27,2025-07-19,114,37,53,98,31,In Stock
3426,20,40,2025-07-01,145,142,49,238,24,In Stock
3427,6,86,2025-09-24,102,100,98,104,19,In Stock
3428,5,145,2025-03-02,161,43,36,168,14,In Stock
3429,13,93,2025-01-18,126,76,41,161,21,In Stock
3430,3,23,2025-09-10,28,63,55,36,57,Low Stock
3431,6,66,2025-08-23,196,12,70,138,49,In Stock
3432,15,95,2025-06-12,105,130,86,149,38,In Stock
3433,5,25,2025-07-20,217,120,108,229,37,In Stock
3434,7,67,2025-01-12,141,76,6,211,42,In Stock
3435,13,13,2025-07-24,146,44,79,111,26,In Stock
3436,19,139,2025-09-21,34,84,110,8,52,Low Stock
3437,4,84,2025-08-24,215,141,136,220,32,In Stock
3438,3,103,2025-08-18,54,44,18,80,41,In Stock
3439,8,68,2025-06-03,235,106,125,216,30,In Stock
3440,9,29,2025-08-11,164,29,8,185,43,In Stock
3441,1,141,2025-05-20,221,111,141,191,48,In Stock
3442,6,86,2025-02-19,231,67,46,252,10,In Stock
3443,16,16,2025-01-11,128,5,5,128,39,In Stock
3444,19,139,2025-04-11,179,69,50,198,24,In Stock
3445,19,79,2025-06-09,244,90,103,231,49,In Stock
3446,16,76,2025-01-04,64,47,67,44,15,In Stock
3447,20,60,2025-08-25,221,132,89,264,59,In Stock
3448,10,10,2025-02-13,170,144,60,254,53,In Stock
3449,3,43,2025-10-14,58,81,126,13,10,In Stock
3450,5,125,2025-07-03,85,48,114,19,30,Low Stock
3451,14,114,2025-09-27,238,32,83,187,59,In Stock
3452,13,73,2025-06-28,155,35,142,48,17,In Stock
3453,14,114,2025-04-27,215,87,134,168,36,In Stock
3454,9,49,2025-04-26,101,31,68,64,55,In Stock
3455,17,137,2025-05-12,150,37,107,80,18,In Stock
3456,19,99,2025-06-28,245,131,41,335,44,In Stock
3457,7,107,2025-04-26,84,78,39,123,51,In Stock
3458,11,131,2025-07-21,167,125,81,211,12,In Stock
3459,12,12,2025-12-25,116,46,144,18,19,Low Stock
3460,10,110,2025-05-23,166,36,141,61,30,In Stock
3461,8,48,2025-01-18,220,99,135,184,49,In Stock
3462,12,12,2025-05-21,188,69,131,126,40,In Stock
3463,1,1,2025-11-22,86,54,130,10,54,Low Stock
3464,11,51,2025-07-05,180,131,26,285,40,In Stock
3465,9,69,2025-03-12,240,24,115,149,56,In Stock
3466,4,24,2025-08-18,59,145,57,147,12,In Stock
3467,9,49,2025-10-15,166,51,144,73,40,In Stock
3468,20,20,2025-07-06,50,78,115,13,35,Low Stock
3469,3,123,2025-11-21,240,4,88,156,34,In Stock
3470,2,2,2025-11-15,231,149,11,369,53,In Stock
3471,4,124,2025-12-26,172,55,30,197,57,In Stock
3472,19,99,2025-11-15,226,80,66,240,31,In Stock
3473,16,136,2025-08-03,70,83,138,15,39,Low Stock
3474,10,70,2025-09-03,121,44,100,65,13,In Stock
3475,10,90,2025-11-08,205,52,22,235,31,In Stock
3476,6,46,2025-12-01,31,104,101,34,38,Low Stock
3477,12,132,2025-05-15,122,0,67,55,43,In Stock
3478,1,121,2025-06-07,66,92,131,27,29,Low Stock
3479,6,66,2025-03-17,100,42,131,11,27,Low Stock
3480,15,55,2025-01-24,222,56,21,257,58,In Stock
3481,9,109,2025-12-26,187,98,91,194,22,In Stock
3482,11,31,2025-01-11,81,84,145,20,44,Low Stock
3483,11,11,2025-05-22,148,3,140,11,11,Low Stock
3484,20,40,2025-08-26,71,138,60,149,44,In Stock
3485,16,36,2025-12-19,238,91,122,207,57,In Stock
3486,7,47,2025-07-10,184,47,83,148,18,In Stock
3487,15,95,2025-08-01,40,87,35,92,13,In Stock
3488,15,75,2025-10-25,208,133,141,200,55,In Stock
3489,12,32,2025-04-19,43,20,46,17,49,Low Stock
3490,14,14,2025-09-12,215,0,1,214,36,In Stock
3491,18,138,2025-09-26,75,122,115,82,22,In Stock
3492,13,53,2025-07-23,95,66,130,31,36,Low Stock
3493,11,11,2025-11-22,98,71,86,83,17,In Stock
3494,5,45,2025-07-25,235,134,74,295,21,In Stock
3495,10,10,2025-04-03,51,146,91,106,30,In Stock
3496,1,41,2025-04-22,103,128,33,198,15,In Stock
3497,8,108,2025-12-06,110,53,120,43,55,Low Stock
3498,10,110,2025-10-09,185,87,9,263,49,In Stock
3499,18,98,2025-01-11,183,140,56,267,42,In Stock
3500,8,28,2025-01-19,202,137,130,209,52,In Stock
3501,16,56,2025-12-05,164,66,146,84,40,In Stock
3502,17,137,2025-07-20,93,28,19,102,40,In Stock
3503,7,47,2025-08-05,204,105,84,225,12,In Stock
3504,17,37,2025-10-05,48,56,50,54,42,In Stock
3505,9,129,2025-05-13,152,40,4,188,38,In Stock
3506,7,87,2025-12-10,248,2,106,144,43,In Stock
3507,5,45,2025-01-11,184,22,21,185,53,In Stock
3508,8,128,2025-09-18,97,118,57,158,38,In Stock
3509,15,35,2025-03-20,219,65,0,284,48,In Stock
3510,12,92,2025-02-11,190,2,125,67,16,In Stock
3511,5,45,2025-11-09,22,46,60,8,35,Low Stock
3512,19,99,2025-06-20,208,55,48,215,26,In Stock
3513,17,77,2025-04-18,25,41,37,29,28,In Stock
3514,20,140,2025-09-26,239,141,79,301,35,In Stock
3515,10,10,2025-11-14,118,132,147,103,15,In Stock
3516,13,13,2025-02-24,132,2,47,87,38,In Stock
3517,8,8,2025-07-10,199,19,146,72,44,In Stock
3518,18,118,2025-07-13,59,148,77,130,20,In Stock
3519,19,59,2025-01-04,112,109,91,130,48,In Stock
3520,16,56,2025-06-25,212,47,78,181,16,In Stock
3521,20,80,2025-09-23,174,142,6,310,52,In Stock
3522,12,112,2025-04-12,73,124,100,97,10,In Stock
3523,15,55,2025-01-06,147,54,42,159,54,In Stock
3524,10,110,2025-04-07,237,20,69,188,10,In Stock
3525,9,69,2025-12-24,232,35,111,156,20,In Stock
3526,9,149,2025-03-24,247,19,84,182,41,In Stock
3527,11,111,2025-07-16,78,128,30,176,60,In Stock
3528,4,124,2025-08-11,36,10,5,41,55,Low Stock
3529,19,39,2025-11-09,225,10,59,176,59,In Stock
3530,2,2,2025-08-23,141,120,22,239,26,In Stock
3531,9,69,2025-12-11,62,139,135,66,12,In Stock
3532,9,29,2025-03-02,183,79,22,240,48,In Stock
3533,6,26,2025-10-02,26,139,103,62,18,In Stock
3534,17,137,2025-09-27,149,19,8,160,54,In Stock
3535,19,59,2025-04-28,243,73,120,196,35,In Stock
3536,3,83,2025-06-05,145,13,91,67,37,In Stock
3537,17,57,2025-12-20,75,80,57,98,11,In Stock
3538,15,115,2025-09-25,36,98,44,90,58,In Stock
3539,16,16,2025-07-16,197,16,97,116,22,In Stock
3540,9,129,2025-12-18,106,115,82,139,40,In Stock
3541,9,29,2025-05-03,150,14,4,160,58,In Stock
3542,15,15,2025-01-03,169,127,32,264,20,In Stock
3543,3,3,2025-02-17,108,23,72,59,22,In Stock
3544,2,42,2025-03-27,171,100,60,211,24,In Stock
3545,14,14,2025-01-14,32,107,52,87,51,In Stock
3546,10,30,2025-02-20,176,104,36,244,39,In Stock
3547,8,148,2025-09-19,46,18,17,47,54,Low Stock
3548,7,147,2025-08-03,77,45,0,122,12,In Stock
3549,3,63,2025-08-10,214,78,81,211,42,In Stock
3550,16,96,2025-01-02,34,86,119,1,28,Low Stock
3551,2,82,2025-01-03,45,54,42,57,57,Low Stock
3552,7,127,2025-12-16,75,25,30,70,59,In Stock
3553,4,64,2025-02-04,71,115,95,91,53,In Stock
3554,4,24,2025-12-27,180,80,107,153,31,In Stock
3555,4,104,2025-05-21,109,96,4,201,19,In Stock
3556,4,24,2025-10-09,169,2,10,161,59,In Stock
3557,19,59,2025-10-27,207,37,131,113,34,In Stock
3558,18,58,2025-10-01,85,30,82,33,58,Low Stock
3559,18,38,2025-07-03,192,8,149,51,33,In Stock
3560,10,110,2025-04-08,145,48,39,154,41,In Stock
3561,20,20,2025-10-11,175,105,27,253,16,In Stock
3562,12,132,2025-03-04,78,50,124,4,13,Low Stock
3563,7,47,2025-12-25,210,19,111,118,26,In Stock
3564,5,105,2025-03-14,47,118,98,67,40,In Stock
3565,16,76,2025-02-16,184,109,77,216,19,In Stock
3566,14,34,2025-05-06,239,141,116,264,46,In Stock
3567,1,41,2025-08-27,86,130,82,134,16,In Stock
3568,14,14,2025-05-11,246,86,49,283,41,In Stock
3569,10,110,2025-01-27,27,83,49,61,52,In Stock
3570,19,59,2025-10-11,46,32,43,35,38,Low Stock
3571,19,99,2025-04-17,27,34,16,45,34,In Stock
3572,17,57,2025-08-22,186,112,9,289,30,In Stock
3573,14,114,2025-03-09,118,102,25,195,57,In Stock
3574,16,56,2025-07-17,124,23,14,133,14,In Stock
3575,10,110,2025-03-13,216,106,18,304,31,In Stock
3576,20,120,2025-11-08,69,5,53,21,30,Low Stock
3577,15,75,2025-06-05,127,130,86,171,10,In Stock
3578,7,87,2025-07-20,206,14,121,99,32,In Stock
3579,5,5,2025-08-26,134,68,48,154,26,In Stock
3580,10,150,2025-09-03,31,92,57,66,12,In Stock
3581,6,126,2025-04-04,172,71,84,159,58,In Stock
3582,5,5,2025-11-25,106,51,20,137,39,In Stock
3583,11,91,2025-10-04,238,119,48,309,42,In Stock
3584,14,34,2025-01-03,227,126,55,298,58,In Stock
3585,14,74,2025-08-19,68,23,2,89,13,In Stock
3586,1,121,2025-11-15,171,150,80,241,35,In Stock
3587,16,96,2025-02-26,240,22,129,133,21,In Stock
3588,13,93,2025-05-27,207,34,123,118,60,In Stock
3589,4,144,2025-08-28,169,29,56,142,60,In Stock
3590,2,102,2025-12-26,150,53,94,109,23,In Stock
3591,9,89,2025-10-02,250,87,8,329,47,In Stock
3592,15,75,2025-03-24,237,82,23,296,30,In Stock
3593,9,109,2025-02-03,180,133,114,199,31,In Stock
3594,17,37,2025-09-26,165,123,6,282,20,In Stock
3595,1,41,2025-06-17,117,30,62,85,23,In Stock
3596,10,50,2025-10-16,224,40,11,253,10,In Stock
3597,16,136,2025-09-05,170,107,101,176,12,In Stock
3598,4,84,2025-07-07,237,30,60,207,24,In Stock
3599,10,110,2025-07-17,154,56,38,172,51,In Stock
3600,19,139,2025-12-23,80,37,6,111,20,In Stock
3601,8,88,2025-04-18,148,119,62,205,33,In Stock
3602,12,52,2025-04-21,103,5,40,68,29,In Stock
3603,3,23,2025-12-20,207,12,132,87,48,In Stock
3604,3,3,2025-02-22,244,72,87,229,15,In Stock
3605,18,38,2025-12-27,59,55,39,75,39,In Stock
3606,19,99,2025-06-16,22,119,34,107,33,In Stock
3607,15,15,2025-07-11,45,41,59,27,41,Low Stock
3608,20,60,2025-06-09,97,134,147,84,57,In Stock
3609,4,84,2025-06-07,80,137,62,155,55,In Stock
3610,5,45,2025-09-16,133,34,17,150,21,In Stock
3611,15,115,2025-05-28,87,108,109,86,57,In Stock
3612,19,19,2025-10-03,175,15,90,100,10,In Stock
3613,2,142,2025-08-03,162,79,40,201,13,In Stock
3614,11,71,2025-07-05,201,148,43,306,34,In Stock
3615,7,127,2025-08-28,193,138,150,181,35,In Stock
3616,1,81,2025-02-08,162,77,139,100,19,In Stock
3617,12,112,2025-02-08,119,24,68,75,25,In Stock
3618,4,24,2025-07-01,59,53,74,38,20,In Stock
3619,1,61,2025-06-07,211,149,12,348,19,In Stock
3620,18,18,2025-12-20,114,12,12,114,17,In Stock
3621,16,136,2025-10-11,87,140,22,205,51,In Stock
3622,19,139,2025-09-06,96,4,98,2,35,Low Stock
3623,8,148,2025-11-06,231,4,106,129,12,In Stock
3624,7,127,2025-11-20,20,56,58,18,17,In Stock
3625,4,24,2025-10-11,154,128,83,199,57,In Stock
3626,14,94,2025-09-18,77,5,13,69,54,In Stock
3627,4,4,2025-11-06,85,39,39,85,30,In Stock
3628,3,23,2025-09-23,24,136,60,100,24,In Stock
3629,10,70,2025-06-17,152,144,62,234,49,In Stock
3630,20,100,2025-05-03,178,88,33,233,35,In Stock
3631,2,102,2025-06-14,122,125,100,147,38,In Stock
3632,7,27,2025-02-09,50,135,73,112,46,In Stock
3633,14,114,2025-01-15,180,92,51,221,12,In Stock
3634,8,68,2025-02-28,141,15,26,130,23,In Stock
3635,1,81,2025-10-09,159,22,43,138,43,In Stock
3636,9,129,2025-10-11,27,139,150,16,47,Low Stock
3637,6,146,2025-02-06,32,92,100,24,53,Low Stock
3638,10,30,2025-02-10,92,38,50,80,44,In Stock
3639,7,87,2025-05-26,75,99,118,56,20,In Stock
3640,17,137,2025-12-25,105,34,42,97,49,In Stock
3641,7,67,2025-07-03,28,82,95,15,31,Low Stock
3642,7,47,2025-03-10,109,135,136,108,39,In Stock
3643,15,135,2025-06-16,80,111,54,137,11,In Stock
3644,5,85,2025-08-09,21,132,14,139,22,In Stock
3645,7,87,2025-03-15,124,14,25,113,55,In Stock
3646,7,87,2025-05-09,67,105,4,168,23,In Stock
3647,16,16,2025-11-09,88,146,90,144,60,In Stock
3648,3,123,2025-05-21,248,132,49,331,24,In Stock
3649,13,93,2025-05-24,159,150,97,212,26,In Stock
3650,8,48,2025-10-24,150,25,8,167,25,In Stock
3651,1,121,2025-05-02,78,50,44,84,54,In Stock
3652,14,14,2025-10-05,35,135,135,35,19,In Stock
3653,7,7,2025-01-23,53,62,1,114,37,In Stock
3654,11,71,2025-08-13,84,88,136,36,49,Low Stock
3655,13,13,2025-02-15,45,121,38,128,42,In Stock
3656,17,137,2025-10-25,194,118,2,310,26,In Stock
3657,13,113,2025-08-21,122,19,45,96,50,In Stock
3658,13,113,2025-10-18,51,58,95,14,58,Low Stock
3659,13,133,2025-09-06,119,8,56,71,22,In Stock
3660,9,149,2025-08-24,133,147,128,152,49,In Stock
3661,10,130,2025-08-04,141,122,31,232,47,In Stock
3662,1,41,2025-06-01,134,87,47,174,22,In Stock
3663,9,149,2025-09-11,154,44,17,181,43,In Stock
3664,2,42,2025-04-20,138,54,30,162,33,In Stock
3665,16,36,2025-06-14,162,48,60,150,16,In Stock
3666,3,83,2025-03-11,102,3,105,0,43,Out of Stock
3667,6,26,2025-10-13,27,124,63,88,46,In Stock
3668,7,147,2025-12-02,77,10,36,51,40,In Stock
3669,3,63,2025-04-25,108,78,34,152,12,In Stock
3670,15,135,2025-11-11,194,81,130,145,59,In Stock
3671,11,111,2025-08-02,220,25,58,187,11,In Stock
3672,13,53,2025-06-16,227,81,57,251,52,In Stock
3673,2,22,2025-06-05,208,130,37,301,38,In Stock
3674,5,125,2025-10-01,225,10,22,213,10,In Stock
3675,4,104,2025-04-21,126,126,25,227,56,In Stock
3676,8,148,2025-09-14,240,33,106,167,38,In Stock
3677,3,3,2025-10-25,111,12,28,95,13,In Stock
3678,13,73,2025-08-03,65,78,5,138,53,In Stock
3679,17,57,2025-09-25,181,52,13,220,18,In Stock
3680,18,118,2025-11-27,250,102,53,299,60,In Stock
3681,11,51,2025-05-26,106,133,130,109,45,In Stock
3682,9,49,2025-12-20,20,56,44,32,25,In Stock
3683,9,49,2025-01-20,222,132,90,264,41,In Stock
3684,3,123,2025-09-22,105,82,22,165,18,In Stock
3685,12,112,2025-02-18,37,77,46,68,54,In Stock
3686,19,139,2025-05-22,152,50,147,55,16,In Stock
3687,2,82,2025-07-04,238,117,143,212,27,In Stock
3688,7,67,2025-09-16,88,48,75,61,43,In Stock
3689,17,77,2025-12-01,187,80,111,156,36,In Stock
3690,5,45,2025-02-02,146,107,15,238,33,In Stock
3691,20,60,2025-10-05,211,1,62,150,37,In Stock
3692,5,25,2025-10-27,248,146,104,290,36,In Stock
3693,16,76,2025-03-28,213,22,122,113,26,In Stock
3694,6,86,2025-08-16,39,118,92,65,30,In Stock
3695,4,64,2025-03-01,214,6,103,117,34,In Stock
3696,18,58,2025-10-10,222,112,82,252,19,In Stock
3697,1,121,2025-11-07,250,29,39,240,36,In Stock
3698,3,43,2025-11-05,28,44,65,7,24,Low Stock
3699,6,26,2025-03-05,189,115,139,165,30,In Stock
3700,20,120,2025-07-07,54,9,23,40,17,In Stock
3701,16,116,2025-10-02,144,68,112,100,58,In Stock
3702,7,27,2025-03-09,201,89,36,254,53,In Stock
3703,19,79,2025-03-21,228,118,106,240,16,In Stock
3704,10,130,2025-09-12,163,9,123,49,45,In Stock
3705,5,65,2025-10-11,98,60,5,153,31,In Stock
3706,16,96,2025-02-27,204,86,145,145,52,In Stock
3707,20,40,2025-10-22,33,128,125,36,60,Low Stock
3708,1,121,2025-08-13,154,105,31,228,25,In Stock
3709,19,39,2025-02-13,70,149,33,186,55,In Stock
3710,3,43,2025-08-22,159,83,72,170,18,In Stock
3711,2,22,2025-06-04,214,117,5,326,33,In Stock
3712,13,133,2025-03-09,202,100,94,208,58,In Stock
3713,17,37,2025-02-13,30,139,124,45,36,In Stock
3714,8,8,2025-01-10,231,76,15,292,44,In Stock
3715,13,13,2025-03-23,222,81,71,232,35,In Stock
3716,15,115,2025-06-23,228,149,130,247,38,In Stock
3717,1,81,2025-10-10,216,9,40,185,20,In Stock
3718,15,15,2025-01-06,100,116,115,101,50,In Stock
3719,4,84,2025-11-03,146,67,94,119,30,In Stock
3720,6,6,2025-08-18,204,77,86,195,39,In Stock
3721,13,33,2025-11-25,22,79,85,16,28,Low Stock
3722,18,38,2025-08-02,137,65,50,152,10,In Stock
3723,17,37,2025-12-27,150,63,36,177,24,In Stock
3724,10,70,2025-04-14,128,75,113,90,50,In Stock
3725,3,63,2025-08-20,197,8,64,141,60,In Stock
3726,12,72,2025-09-03,141,93,129,105,11,In Stock
3727,1,1,2025-11-08,184,58,73,169,26,In Stock
3728,6,66,2025-07-19,169,107,6,270,42,In Stock
3729,14,14,2025-06-11,203,84,94,193,13,In Stock
3730,2,142,2025-12-06,123,114,107,130,20,In Stock
3731,9,149,2025-01-02,151,19,19,151,25,In Stock
3732,1,81,2025-04-04,155,55,141,69,22,In Stock
3733,1,1,2025-11-26,58,113,110,61,41,In Stock
3734,8,48,2025-02-07,107,42,41,108,54,In Stock
3735,9,149,2025-12-03,20,16,9,27,33,Low Stock
3736,13,133,2025-12-26,146,59,88,117,10,In Stock
3737,9,109,2025-04-09,70,134,102,102,36,In Stock
3738,16,16,2025-11-03,181,74,149,106,22,In Stock
3739,17,77,2025-02-18,146,102,55,193,34,In Stock
3740,5,65,2025-05-04,179,147,120,206,24,In Stock
3741,12,112,2025-07-25,102,136,6,232,54,In Stock
3742,17,117,2025-04-19,108,95,130,73,53,In Stock
3743,10,130,2025-09-07,236,40,93,183,48,In Stock
3744,20,60,2025-06-14,156,124,36,244,22,In Stock
3745,18,58,2025-01-23,198,50,117,131,29,In Stock
3746,12,12,2025-08-17,173,4,19,158,49,In Stock
3747,19,119,2025-06-23,207,73,132,148,32,In Stock
3748,5,105,2025-09-13,92,100,84,108,41,In Stock
3749,14,14,2025-03-11,69,96,137,28,11,In Stock
3750,17,137,2025-06-03,135,114,103,146,48,In Stock
3751,7,127,2025-03-04,97,55,109,43,35,In Stock
3752,14,54,2025-08-24,189,97,34,252,51,In Stock
3753,3,143,2025-03-16,226,133,104,255,25,In Stock
3754,10,30,2025-04-22,72,99,135,36,36,Low Stock
3755,8,128,2025-08-26,132,91,127,96,25,In Stock
3756,2,22,2025-01-18,183,0,77,106,22,In Stock
3757,13,33,2025-02-15,184,13,145,52,58,Low Stock
3758,11,31,2025-06-06,112,87,90,109,55,In Stock
3759,19,39,2025-02-27,169,80,117,132,43,In Stock
3760,2,2,2025-01-05,51,62,72,41,20,In Stock
3761,5,45,2025-07-22,139,62,85,116,23,In Stock
3762,10,30,2025-01-01,68,37,99,6,31,Low Stock
3763,11,111,2025-10-18,100,88,100,88,20,In Stock
3764,6,86,2025-12-14,58,97,68,87,55,In Stock
3765,5,25,2025-06-28,54,41,25,70,19,In Stock
3766,17,57,2025-02-27,44,113,96,61,21,In Stock
3767,19,139,2025-08-01,61,96,23,134,25,In Stock
3768,15,55,2025-01-10,98,68,12,154,39,In Stock
3769,14,54,2025-05-21,122,95,33,184,27,In Stock
3770,3,83,2025-03-20,145,27,65,107,31,In Stock
3771,1,101,2025-01-23,214,30,112,132,34,In Stock
3772,7,127,2025-10-11,83,112,60,135,38,In Stock
3773,19,139,2025-02-28,142,145,113,174,16,In Stock
3774,14,34,2025-02-13,202,130,44,288,47,In Stock
3775,14,54,2025-01-05,66,70,73,63,27,In Stock
3776,1,21,2025-09-11,85,57,51,91,38,In Stock
3777,5,45,2025-07-23,68,78,97,49,39,In Stock
3778,2,22,2025-07-03,207,57,147,117,53,In Stock
3779,15,95,2025-10-16,132,16,88,60,18,In Stock
3780,13,53,2025-06-24,25,127,61,91,28,In Stock
3781,13,33,2025-10-18,126,128,142,112,12,In Stock
3782,13,13,2025-02-07,109,57,92,74,45,In Stock
3783,1,41,2025-10-13,61,119,107,73,50,In Stock
3784,12,132,2025-05-27,90,18,35,73,31,In Stock
3785,1,141,2025-11-22,208,134,31,311,28,In Stock
3786,11,91,2025-02-03,115,25,64,76,47,In Stock
3787,12,12,2025-01-08,156,29,76,109,34,In Stock
3788,12,52,2025-08-18,105,123,33,195,13,In Stock
3789,3,83,2025-10-17,163,45,39,169,28,In Stock
3790,8,48,2025-05-14,51,70,105,16,51,Low Stock
3791,2,122,2025-10-11,84,133,108,109,22,In Stock
3792,10,130,2025-08-16,245,24,89,180,47,In Stock
3793,7,7,2025-12-02,189,97,87,199,30,In Stock
3794,15,95,2025-03-27,89,122,62,149,14,In Stock
3795,14,14,2025-12-09,54,3,50,7,20,Low Stock
3796,8,48,2025-05-10,141,21,35,127,21,In Stock
3797,13,113,2025-02-03,129,53,12,170,60,In Stock
3798,9,9,2025-06-12,176,29,10,195,28,In Stock
3799,20,80,2025-07-05,203,23,107,119,15,In Stock
3800,13,13,2025-10-04,156,87,116,127,40,In Stock
3801,16,136,2025-09-09,159,51,19,191,57,In Stock
3802,10,130,2025-01-19,24,145,11,158,32,In Stock
3803,9,129,2025-12-26,117,11,48,80,30,In Stock
3804,4,4,2025-04-13,98,37,105,30,14,In Stock
3805,8,68,2025-03-03,29,29,41,17,48,Low Stock
3806,12,132,2025-07-18,94,14,71,37,57,Low Stock
3807,2,42,2025-04-13,32,83,17,98,16,In Stock
3808,13,93,2025-06-24,242,68,129,181,32,In Stock
3809,5,45,2025-08-24,50,23,32,41,22,In Stock
3810,15,95,2025-06-14,163,127,75,215,34,In Stock
3811,15,95,2025-04-02,84,86,129,41,45,Low Stock
3812,9,69,2025-04-17,182,145,135,192,42,In Stock
3813,5,85,2025-11-05,170,98,15,253,26,In Stock
3814,17,137,2025-07-28,176,91,87,180,47,In Stock
3815,2,42,2025-02-12,132,13,62,83,36,In Stock
3816,20,60,2025-07-12,208,6,97,117,52,In Stock
3817,6,106,2025-08-23,43,40,83,0,53,Out of Stock
3818,14,114,2025-12-24,248,71,85,234,19,In Stock
3819,5,105,2025-07-07,178,57,72,163,39,In Stock
3820,5,105,2025-02-03,148,12,7,153,56,In Stock
3821,8,8,2025-02-27,116,41,134,23,33,Low Stock
3822,13,133,2025-05-22,240,83,42,281,35,In Stock
3823,13,113,2025-06-26,232,84,25,291,43,In Stock
3824,7,7,2025-07-18,122,106,105,123,41,In Stock
3825,14,34,2025-08-16,91,123,144,70,43,In Stock
3826,7,47,2025-07-23,138,139,86,191,37,In Stock
3827,4,44,2025-06-20,175,127,105,197,22,In Stock
3828,5,125,2025-10-07,148,72,144,76,57,In Stock
3829,11,51,2025-06-06,30,138,65,103,41,In Stock
3830,1,1,2025-10-02,151,140,133,158,45,In Stock
3831,5,125,2025-04-13,128,63,83,108,22,In Stock
3832,14,134,2025-05-24,141,45,61,125,37,In Stock
3833,19,59,2025-06-24,199,53,35,217,22,In Stock
3834,1,81,2025-05-23,219,64,103,180,34,In Stock
3835,4,84,2025-04-23,73,118,113,78,55,In Stock
3836,17,77,2025-10-03,47,135,11,171,19,In Stock
3837,18,98,2025-07-17,25,134,77,82,43,In Stock
3838,8,148,2025-08-08,81,132,107,106,17,In Stock
3839,4,44,2025-01-22,132,98,69,161,41,In Stock
3840,19,19,2025-04-23,113,131,7,237,56,In Stock
3841,18,138,2025-01-21,206,1,117,90,58,In Stock
3842,10,110,2025-06-27,172,106,106,172,15,In Stock
3843,1,101,2025-06-25,216,127,28,315,22,In Stock
3844,11,131,2025-11-13,130,47,85,92,52,In Stock
3845,17,37,2025-06-17,46,111,25,132,47,In Stock
3846,12,92,2025-03-11,158,83,111,130,48,In Stock
3847,16,76,2025-05-12,135,49,71,113,50,In Stock
3848,16,136,2025-09-24,220,114,43,291,16,In Stock
3849,10,150,2025-06-24,110,12,42,80,12,In Stock
3850,2,82,2025-04-18,96,37,24,109,54,In Stock
3851,14,94,2025-12-15,122,101,73,150,43,In Stock
3852,1,61,2025-02-03,60,1,21,40,36,In Stock
3853,3,123,2025-03-07,117,75,61,131,40,In Stock
3854,17,117,2025-09-13,32,85,73,44,36,In Stock
3855,13,133,2025-11-11,172,82,101,153,27,In Stock
3856,11,31,2025-02-26,211,133,79,265,25,In Stock
3857,13,73,2025-06-09,168,85,5,248,15,In Stock
3858,20,20,2025-11-08,35,66,12,89,60,In Stock
3859,10,90,2025-09-21,209,30,8,231,20,In Stock
3860,4,64,2025-06-19,49,122,106,65,15,In Stock
3861,15,35,2025-07-05,168,61,150,79,16,In Stock
3862,17,17,2025-05-12,86,27,99,14,54,Low Stock
3863,6,6,2025-06-17,212,54,100,166,47,In Stock
3864,7,107,2025-08-28,174,32,95,111,47,In Stock
3865,11,31,2025-02-02,247,112,69,290,24,In Stock
3866,6,146,2025-01-11,212,63,50,225,37,In Stock
3867,1,121,2025-06-16,246,70,34,282,11,In Stock
3868,7,127,2025-06-16,241,20,112,149,31,In Stock
3869,4,4,2025-11-12,87,30,42,75,18,In Stock
3870,17,77,2025-05-26,230,51,147,134,11,In Stock
3871,15,35,2025-04-03,220,74,34,260,19,In Stock
3872,8,68,2025-08-02,164,107,20,251,35,In Stock
3873,6,66,2025-08-11,164,60,39,185,18,In Stock
3874,16,96,2025-01-08,171,49,34,186,52,In Stock
3875,10,110,2025-07-26,23,55,25,53,15,In Stock
3876,5,5,2025-09-24,141,15,134,22,37,Low Stock
3877,7,27,2025-12-23,148,37,95,90,43,In Stock
3878,17,97,2025-07-11,66,28,71,23,59,Low Stock
3879,4,84,2025-06-04,115,83,104,94,17,In Stock
3880,15,135,2025-05-21,169,114,137,146,21,In Stock
3881,11,131,2025-09-03,239,119,79,279,18,In Stock
3882,2,2,2025-04-20,133,150,121,162,24,In Stock
3883,3,43,2025-07-03,97,16,1,112,13,In Stock
3884,9,89,2025-10-27,205,40,102,143,42,In Stock
3885,4,144,2025-03-07,168,116,124,160,21,In Stock
3886,16,16,2025-09-14,34,123,6,151,52,In Stock
3887,10,10,2025-11-21,105,77,117,65,39,In Stock
3888,5,5,2025-03-23,110,4,65,49,13,In Stock
3889,10,50,2025-03-27,193,94,59,228,33,In Stock
3890,6,66,2025-07-06,226,23,1,248,54,In Stock
3891,17,97,2025-02-08,227,55,33,249,15,In Stock
3892,17,97,2025-07-07,214,127,101,240,31,In Stock
3893,11,111,2025-06-21,216,30,130,116,37,In Stock
3894,12,52,2025-04-01,221,17,17,221,45,In Stock
3895,17,57,2025-06-20,42,118,2,158,24,In Stock
3896,16,136,2025-09-26,210,41,76,175,23,In Stock
3897,5,145,2025-07-19,151,138,0,289,24,In Stock
3898,19,139,2025-10-05,102,47,56,93,34,In Stock
3899,4,4,2025-01-27,47,17,1,63,48,In Stock
3900,6,6,2025-08-06,114,87,138,63,52,In Stock
3901,4,104,2025-04-05,94,84,30,148,48,In Stock
3902,4,144,2025-11-23,205,89,67,227,16,In Stock
3903,1,41,2025-02-22,53,41,58,36,54,Low Stock
3904,3,43,2025-06-18,99,37,133,3,47,Low Stock
3905,8,88,2025-09-22,187,31,36,182,28,In Stock
3906,6,26,2025-09-17,68,32,100,0,32,Out of Stock
3907,14,34,2025-09-13,229,80,114,195,30,In Stock
3908,20,80,2025-03-27,84,106,75,115,47,In Stock
3909,13,73,2025-05-13,228,83,24,287,27,In Stock
3910,9,29,2025-06-16,133,131,105,159,19,In Stock
3911,4,44,2025-05-09,171,110,11,270,34,In Stock
3912,3,103,2025-05-06,129,57,47,139,54,In Stock
3913,17,37,2025-07-17,42,62,44,60,34,In Stock
3914,16,16,2025-05-03,22,115,28,109,27,In Stock
3915,11,71,2025-07-10,231,70,83,218,32,In Stock
3916,8,148,2025-04-15,215,141,108,248,25,In Stock
3917,12,92,2025-01-15,161,106,148,119,17,In Stock
3918,11,11,2025-07-06,66,35,10,91,20,In Stock
3919,14,54,2025-09-10,203,148,136,215,60,In Stock
3920,12,32,2025-01-23,214,78,82,210,36,In Stock
3921,5,65,2025-05-19,171,21,97,95,26,In Stock
3922,10,50,2025-06-07,34,27,59,2,53,Low Stock
3923,18,18,2025-11-18,103,60,137,26,53,Low Stock
3924,16,136,2025-10-06,23,129,16,136,34,In Stock
3925,16,56,2025-10-12,175,50,145,80,45,In Stock
3926,17,77,2025-12-04,113,81,33,161,44,In Stock
3927,20,40,2025-02-02,222,84,109,197,41,In Stock
3928,3,63,2025-06-22,130,33,44,119,54,In Stock
3929,11,111,2025-02-17,195,119,71,243,36,In Stock
3930,11,111,2025-09-09,41,56,53,44,47,Low Stock
3931,18,18,2025-04-04,249,98,25,322,58,In Stock
3932,19,119,2025-04-15,212,45,40,217,23,In Stock
3933,7,127,2025-02-12,58,66,87,37,39,Low Stock
3934,7,147,2025-12-13,191,124,67,248,49,In Stock
3935,20,20,2025-11-10,104,124,94,134,44,In Stock
3936,12,112,2025-06-03,59,110,148,21,25,Low Stock
3937,1,61,2025-03-10,225,99,68,256,13,In Stock
3938,2,102,2025-04-11,189,62,35,216,41,In Stock
3939,20,60,2025-08-18,37,69,29,77,40,In Stock
3940,16,16,2025-01-21,61,4,54,11,24,Low Stock
3941,12,52,2025-04-14,54,53,79,28,15,In Stock
3942,3,23,2025-11-12,87,62,107,42,25,In Stock
3943,20,20,2025-12-21,191,130,23,298,38,In Stock
3944,20,120,2025-10-17,22,105,34,93,48,In Stock
3945,1,101,2025-12-11,76,69,27,118,10,In Stock
3946,10,150,2025-09-11,38,96,95,39,22,In Stock
3947,20,120,2025-10-07,47,13,37,23,50,Low Stock
3948,14,134,2025-08-12,115,127,112,130,38,In Stock
3949,8,108,2025-05-17,21,112,60,73,37,In Stock
3950,10,90,2025-12-21,155,8,51,112,35,In Stock
3951,4,144,2025-02-26,238,140,71,307,36,In Stock
3952,2,102,2025-02-10,204,127,80,251,35,In Stock
3953,9,9,2025-09-04,54,45,77,22,59,Low Stock
3954,6,66,2025-05-07,97,91,26,162,53,In Stock
3955,17,57,2025-02-02,161,19,125,55,50,In Stock
3956,16,96,2025-04-02,241,70,94,217,38,In Stock
3957,3,63,2025-08-08,243,51,97,197,36,In Stock
3958,18,118,2025-10-06,69,68,64,73,19,In Stock
3959,13,133,2025-06-20,232,90,97,225,35,In Stock
3960,10,90,2025-03-18,131,48,96,83,50,In Stock
3961,4,144,2025-06-10,132,138,65,205,18,In Stock
3962,13,73,2025-05-03,175,125,129,171,19,In Stock
3963,12,72,2025-04-09,33,52,79,6,42,Low Stock
3964,9,49,2025-10-24,176,67,94,149,26,In Stock
3965,2,82,2025-08-10,158,80,23,215,59,In Stock
3966,9,9,2025-08-24,55,126,73,108,59,In Stock
3967,7,127,2025-08-13,214,105,139,180,40,In Stock
3968,2,142,2025-03-08,24,48,58,14,35,Low Stock
3969,19,59,2025-02-19,56,143,84,115,13,In Stock
3970,2,22,2025-02-13,241,75,123,193,17,In Stock
3971,7,87,2025-07-17,173,90,95,168,29,In Stock
3972,5,145,2025-01-14,173,72,130,115,14,In Stock
3973,20,40,2025-07-11,49,113,2,160,55,In Stock
3974,13,133,2025-06-16,100,136,47,189,17,In Stock
3975,1,1,2025-12-08,208,34,43,199,45,In Stock
3976,7,47,2025-08-12,245,122,106,261,13,In Stock
3977,20,60,2025-08-22,219,8,89,138,28,In Stock
3978,10,130,2025-09-03,192,97,91,198,44,In Stock
3979,16,56,2025-04-25,230,6,7,229,14,In Stock
3980,17,17,2025-03-03,202,109,10,301,25,In Stock
3981,7,147,2025-05-14,152,149,64,237,32,In Stock
3982,3,103,2025-11-16,229,35,104,160,55,In Stock
3983,14,74,2025-10-03,127,66,36,157,18,In Stock
3984,20,40,2025-08-01,110,32,35,107,47,In Stock
3985,13,133,2025-08-23,164,36,68,132,60,In Stock
3986,6,26,2025-03-24,176,144,83,237,34,In Stock
3987,11,71,2025-10-05,80,72,10,142,24,In Stock
3988,1,61,2025-01-02,113,100,6,207,13,In Stock
3989,3,123,2025-01-07,37,41,68,10,25,Low Stock
3990,12,72,2025-11-01,59,125,53,131,23,In Stock
3991,15,15,2025-10-16,106,57,38,125,53,In Stock
3992,12,72,2025-04-20,203,123,20,306,24,In Stock
3993,3,23,2025-04-12,63,61,69,55,28,In Stock
3994,14,74,2025-03-03,117,47,77,87,53,In Stock
3995,7,7,2025-06-24,139,76,95,120,49,In Stock
3996,9,49,2025-11-26,55,54,5,104,22,In Stock
3997,3,43,2025-01-06,154,129,75,208,35,In Stock
3998,6,46,2025-06-18,63,89,75,77,24,In Stock
3999,15,15,2025-08-11,222,13,56,179,21,In Stock
4000,9,149,2025-12-18,108,97,137,68,10,In Stock
4001,2,42,2025-05-02,64,15,50,29,23,In Stock
4002,4,64,2025-08-02,221,66,72,215,35,In Stock
4003,1,41,2025-12-09,176,96,143,129,24,In Stock
4004,17,137,2025-07-03,202,102,55,249,32,In Stock
4005,8,68,2025-10-04,62,67,5,124,29,In Stock
4006,1,141,2025-02-03,52,91,97,46,54,Low Stock
4007,10,50,2025-04-11,122,3,51,74,38,In Stock
4008,13,73,2025-09-16,170,60,64,166,34,In Stock
4009,11,111,2025-12-10,208,76,128,156,44,In Stock
4010,8,88,2025-12-27,149,100,38,211,26,In Stock
4011,3,23,2025-11-21,248,71,82,237,40,In Stock
4012,19,119,2025-06-26,77,64,79,62,51,In Stock
4013,5,85,2025-11-20,250,49,126,173,11,In Stock
4014,14,54,2025-05-10,129,87,72,144,35,In Stock
4015,3,63,2025-12-15,246,93,40,299,50,In Stock
4016,5,145,2025-06-12,154,29,73,110,41,In Stock
4017,7,127,2025-02-13,156,4,30,130,12,In Stock
4018,20,140,2025-09-19,103,34,129,8,49,Low Stock
4019,12,52,2025-10-02,152,107,56,203,12,In Stock
4020,14,94,2025-02-03,225,58,64,219,23,In Stock
4021,13,73,2025-04-06,113,136,29,220,32,In Stock
4022,11,91,2025-08-20,248,58,148,158,38,In Stock
4023,4,4,2025-06-24,147,23,20,150,10,In Stock
4024,6,106,2025-05-01,232,4,24,212,24,In Stock
4025,8,88,2025-12-06,43,150,70,123,12,In Stock
4026,18,38,2025-12-17,111,13,22,102,41,In Stock
4027,5,45,2025-04-02,215,15,103,127,23,In Stock
4028,5,45,2025-01-16,76,143,150,69,23,In Stock
4029,1,81,2025-03-20,222,1,74,149,31,In Stock
4030,1,1,2025-08-16,160,108,19,249,25,In Stock
4031,10,110,2025-02-07,106,119,25,200,25,In Stock
4032,8,128,2025-04-14,217,38,145,110,47,In Stock
4033,4,104,2025-02-24,45,132,36,141,51,In Stock
4034,13,133,2025-08-25,54,55,30,79,11,In Stock
4035,13,53,2025-07-03,165,84,125,124,56,In Stock
4036,13,133,2025-01-14,121,42,1,162,34,In Stock
4037,2,2,2025-03-23,204,56,90,170,32,In Stock
4038,18,58,2025-03-08,115,34,93,56,46,In Stock
4039,12,92,2025-04-20,249,25,51,223,19,In Stock
4040,19,139,2025-03-06,230,14,115,129,16,In Stock
4041,1,121,2025-01-13,211,106,118,199,33,In Stock
4042,19,59,2025-02-02,149,101,92,158,38,In Stock
4043,9,149,2025-11-18,47,145,102,90,18,In Stock
4044,16,56,2025-03-02,216,142,32,326,51,In Stock
4045,8,128,2025-07-28,207,58,130,135,47,In Stock
4046,13,33,2025-05-10,20,35,8,47,45,In Stock
4047,17,77,2025-12-19,204,42,139,107,25,In Stock
4048,14,14,2025-06-26,162,112,83,191,60,In Stock
4049,16,136,2025-08-25,122,76,95,103,15,In Stock
4050,9,129,2025-04-07,247,66,131,182,23,In Stock
4051,13,93,2025-04-25,76,49,115,10,20,Low Stock
4052,4,24,2025-03-23,181,27,128,80,19,In Stock
4053,11,91,2025-04-12,38,77,15,100,23,In Stock
4054,12,92,2025-10-17,131,3,88,46,60,Low Stock
4055,8,88,2025-03-01,131,71,118,84,31,In Stock
4056,11,71,2025-02-19,181,86,103,164,27,In Stock
4057,15,15,2025-01-11,50,0,46,4,37,Low Stock
4058,20,100,2025-03-23,228,0,137,91,19,In Stock
4059,15,35,2025-12-16,170,125,0,295,23,In Stock
4060,11,91,2025-11-14,30,17,9,38,40,Low Stock
4061,18,98,2025-07-25,229,147,121,255,55,In Stock
4062,16,76,2025-12-03,244,54,16,282,10,In Stock
4063,9,109,2025-12-20,204,1,113,92,32,In Stock
4064,4,4,2025-10-02,100,110,40,170,17,In Stock
4065,9,109,2025-02-21,210,61,147,124,34,In Stock
4066,16,36,2025-05-12,155,104,72,187,43,In Stock
4067,6,146,2025-05-23,219,118,133,204,23,In Stock
4068,20,80,2025-11-14,115,85,63,137,17,In Stock
4069,1,141,2025-11-25,90,39,77,52,17,In Stock
4070,1,81,2025-06-10,148,33,127,54,28,In Stock
4071,18,18,2025-01-16,187,91,31,247,52,In Stock
4072,17,77,2025-12-04,93,52,116,29,54,Low Stock
4073,17,97,2025-01-18,183,140,6,317,28,In Stock
4074,9,69,2025-08-02,210,141,149,202,25,In Stock
4075,7,27,2025-02-28,25,36,15,46,37,In Stock
4076,15,75,2025-05-21,209,122,143,188,51,In Stock
4077,16,76,2025-12-15,225,54,35,244,46,In Stock
4078,19,99,2025-09-15,139,27,131,35,33,In Stock
4079,7,47,2025-08-13,250,105,91,264,13,In Stock
4080,14,114,2025-05-04,228,89,55,262,42,In Stock
4081,2,122,2025-10-27,45,14,7,52,31,In Stock
4082,18,78,2025-10-14,69,122,14,177,22,In Stock
4083,16,16,2025-10-28,108,20,99,29,32,Low Stock
4084,2,142,2025-09-20,69,124,25,168,37,In Stock
4085,20,100,2025-08-24,209,74,59,224,10,In Stock
4086,17,37,2025-11-18,30,102,77,55,25,In Stock
4087,11,91,2025-06-21,81,47,90,38,14,In Stock
4088,11,71,2025-05-25,88,22,11,99,17,In Stock
4089,1,21,2025-06-02,84,140,68,156,57,In Stock
4090,7,147,2025-02-07,130,52,59,123,23,In Stock
4091,9,9,2025-04-14,179,29,1,207,25,In Stock
4092,9,89,2025-08-07,85,16,94,7,28,Low Stock
4093,16,116,2025-08-19,214,51,14,251,38,In Stock
4094,14,14,2025-10-01,139,22,5,156,20,In Stock
4095,6,126,2025-08-22,27,146,47,126,56,In Stock
4096,7,147,2025-01-07,172,23,21,174,25,In Stock
4097,18,18,2025-11-02,97,92,114,75,28,In Stock
4098,4,64,2025-06-19,124,102,100,126,39,In Stock
4099,3,63,2025-02-19,243,101,108,236,51,In Stock
4100,17,77,2025-10-01,61,146,85,122,27,In Stock
4101,14,74,2025-02-12,185,104,60,229,19,In Stock
4102,2,42,2025-06-16,162,132,108,186,15,In Stock
4103,1,101,2025-02-11,174,138,144,168,59,In Stock
4104,2,82,2025-03-06,246,59,108,197,32,In Stock
4105,9,9,2025-03-14,159,101,81,179,42,In Stock
4106,2,102,2025-08-06,94,82,36,140,35,In Stock
4107,13,53,2025-02-26,162,41,43,160,59,In Stock
4108,3,63,2025-01-15,201,106,61,246,57,In Stock
4109,7,87,2025-09-22,88,32,30,90,47,In Stock
4110,9,149,2025-03-25,235,68,124,179,30,In Stock
4111,2,142,2025-03-28,224,15,73,166,18,In Stock
4112,4,44,2025-11-28,176,116,64,228,17,In Stock
4113,4,124,2025-07-09,35,25,59,1,55,Low Stock
4114,1,141,2025-06-24,173,41,98,116,14,In Stock
4115,18,78,2025-06-25,29,146,80,95,34,In Stock
4116,4,144,2025-05-13,70,3,63,10,39,Low Stock
4117,19,79,2025-01-12,245,9,132,122,58,In Stock
4118,5,65,2025-01-18,167,62,11,218,36,In Stock
4119,18,58,2025-04-12,83,142,32,193,33,In Stock
4120,17,117,2025-05-04,54,84,64,74,23,In Stock
4121,14,114,2025-07-13,128,89,30,187,54,In Stock
4122,4,24,2025-01-02,161,68,42,187,53,In Stock
4123,5,105,2025-02-07,222,85,65,242,37,In Stock
4124,3,83,2025-11-22,45,60,31,74,41,In Stock
4125,8,68,2025-08-26,224,17,140,101,47,In Stock
4126,15,95,2025-06-22,237,118,101,254,47,In Stock
4127,8,88,2025-05-24,34,73,17,90,30,In Stock
4128,11,31,2025-05-10,189,77,21,245,42,In Stock
4129,12,132,2025-02-07,32,70,50,52,41,In Stock
4130,12,72,2025-12-10,128,63,10,181,45,In Stock
4131,4,144,2025-10-22,202,1,12,191,29,In Stock
4132,11,111,2025-11-03,28,88,60,56,36,In Stock
4133,14,134,2025-07-18,45,62,50,57,12,In Stock
4134,4,44,2025-05-25,41,82,24,99,54,In Stock
4135,1,101,2025-06-03,54,94,47,101,15,In Stock
4136,16,56,2025-04-26,237,88,33,292,47,In Stock
4137,18,38,2025-07-13,182,38,136,84,27,In Stock
4138,1,61,2025-11-07,85,86,24,147,37,In Stock
4139,14,54,2025-05-04,159,104,8,255,19,In Stock
4140,3,83,2025-08-12,180,43,34,189,27,In Stock
4141,17,97,2025-04-23,177,140,86,231,53,In Stock
4142,7,67,2025-02-22,200,31,10,221,21,In Stock
4143,11,31,2025-02-09,164,124,47,241,23,In Stock
4144,4,144,2025-05-26,243,88,146,185,26,In Stock
4145,7,107,2025-08-23,214,83,86,211,57,In Stock
4146,3,63,2025-07-26,219,118,134,203,22,In Stock
4147,5,85,2025-08-26,109,140,7,242,45,In Stock
4148,12,72,2025-03-19,247,12,51,208,47,In Stock
4149,9,89,2025-07-24,118,81,21,178,30,In Stock
4150,15,95,2025-01-19,134,18,78,74,11,In Stock
4151,4,104,2025-03-05,160,14,58,116,32,In Stock
4152,11,51,2025-10-15,134,94,139,89,40,In Stock
4153,5,5,2025-07-26,86,122,97,111,48,In Stock
4154,10,130,2025-11-24,57,131,49,139,53,In Stock
4155,10,90,2025-12-15,248,14,49,213,14,In Stock
4156,13,113,2025-03-09,160,136,150,146,50,In Stock
4157,18,38,2025-03-23,123,146,24,245,14,In Stock
4158,10,150,2025-06-28,69,134,25,178,52,In Stock
4159,5,85,2025-07-13,67,148,87,128,33,In Stock
4160,5,105,2025-05-15,199,105,86,218,20,In Stock
4161,6,86,2025-08-24,34,39,60,13,46,Low Stock
4162,11,31,2025-04-04,85,98,91,92,41,In Stock
4163,7,127,2025-02-07,147,116,5,258,21,In Stock
4164,4,64,2025-12-03,250,145,99,296,50,In Stock
4165,15,55,2025-04-08,243,104,23,324,48,In Stock
4166,8,148,2025-08-23,238,126,113,251,33,In Stock
4167,2,82,2025-04-11,208,70,96,182,13,In Stock
4168,19,39,2025-11-12,206,140,64,282,46,In Stock
4169,20,80,2025-04-13,178,39,47,170,55,In Stock
4170,8,128,2025-12-06,167,50,64,153,25,In Stock
4171,12,132,2025-12-03,133,55,78,110,28,In Stock
4172,18,58,2025-12-28,221,51,78,194,36,In Stock
4173,5,125,2025-06-26,236,138,24,350,44,In Stock
4174,15,35,2025-01-16,37,46,39,44,41,In Stock
4175,18,38,2025-06-06,123,139,99,163,54,In Stock
4176,7,67,2025-12-03,124,114,36,202,56,In Stock
4177,19,139,2025-06-02,75,62,10,127,40,In Stock
4178,7,47,2025-10-09,87,29,45,71,60,In Stock
4179,8,148,2025-06-21,42,150,52,140,23,In Stock
4180,10,110,2025-04-14,38,5,9,34,44,Low Stock
4181,3,23,2025-08-26,152,65,146,71,30,In Stock
4182,7,7,2025-11-09,144,80,117,107,51,In Stock
4183,12,112,2025-12-19,26,10,0,36,47,Low Stock
4184,16,76,2025-12-05,130,144,51,223,32,In Stock
4185,3,43,2025-08-18,36,102,52,86,44,In Stock
4186,6,86,2025-11-20,124,119,15,228,14,In Stock
4187,4,84,2025-05-21,32,20,2,50,28,In Stock
4188,8,108,2025-12-19,197,87,11,273,27,In Stock
4189,8,8,2025-05-15,175,72,41,206,51,In Stock
4190,17,37,2025-10-23,65,41,8,98,46,In Stock
4191,17,137,2025-02-11,27,133,42,118,41,In Stock
4192,5,145,2025-07-06,142,17,60,99,51,In Stock
4193,19,59,2025-04-11,163,65,86,142,45,In Stock
4194,17,137,2025-01-07,101,11,67,45,48,Low Stock
4195,17,137,2025-05-25,26,78,45,59,22,In Stock
4196,9,129,2025-08-01,150,61,65,146,47,In Stock
4197,11,11,2025-11-06,73,55,0,128,35,In Stock
4198,17,17,2025-03-05,43,14,34,23,50,Low Stock
4199,7,107,2025-01-23,20,84,56,48,26,In Stock
4200,17,97,2025-08-23,116,107,31,192,14,In Stock
4201,10,30,2025-08-25,225,14,128,111,38,In Stock
4202,8,148,2025-08-24,28,56,81,3,33,Low Stock
4203,19,19,2025-12-17,125,89,82,132,42,In Stock
4204,9,149,2025-08-09,74,117,148,43,36,In Stock
4205,6,66,2025-01-16,120,14,73,61,34,In Stock
4206,7,67,2025-09-06,237,38,66,209,35,In Stock
4207,2,142,2025-01-27,23,5,16,12,57,Low Stock
4208,2,142,2025-10-03,124,102,112,114,49,In Stock
4209,4,44,2025-11-11,88,149,123,114,50,In Stock
4210,1,141,2025-05-13,213,148,93,268,56,In Stock
4211,9,109,2025-03-13,56,118,97,77,58,In Stock
4212,9,89,2025-10-19,74,0,70,4,59,Low Stock
4213,12,12,2025-08-05,81,20,88,13,14,Low Stock
4214,6,26,2025-10-21,94,116,55,155,49,In Stock
4215,20,60,2025-08-27,178,7,106,79,60,In Stock
4216,14,54,2025-02-13,118,2,27,93,21,In Stock
4217,8,68,2025-11-04,171,52,30,193,24,In Stock
4218,3,23,2025-06-02,124,61,48,137,11,In Stock
4219,14,14,2025-02-03,118,68,49,137,20,In Stock
4220,12,32,2025-07-04,61,100,127,34,30,In Stock
4221,1,141,2025-05-19,86,53,14,125,17,In Stock
4222,12,12,2025-02-17,190,58,59,189,45,In Stock
4223,8,48,2025-07-23,163,114,88,189,38,In Stock
4224,20,20,2025-12-27,177,42,122,97,56,In Stock
4225,1,101,2025-08-27,172,22,10,184,18,In Stock
4226,1,1,2025-04-12,167,9,103,73,13,In Stock
4227,17,37,2025-08-17,142,88,115,115,51,In Stock
4228,4,44,2025-01-03,105,130,109,126,36,In Stock
4229,3,43,2025-03-28,37,74,93,18,28,Low Stock
4230,5,45,2025-05-15,157,26,101,82,19,In Stock
4231,1,141,2025-03-22,85,93,145,33,32,In Stock
4232,3,43,2025-08-16,58,52,29,81,47,In Stock
4233,9,9,2025-04-05,21,133,135,19,44,Low Stock
4234,20,140,2025-12-03,109,148,142,115,38,In Stock
4235,4,4,2025-02-15,196,94,143,147,46,In Stock
4236,10,130,2025-06-09,211,46,95,162,18,In Stock
4237,6,6,2025-09-02,133,77,128,82,47,In Stock
4238,18,118,2025-03-14,47,145,135,57,39,In Stock
4239,15,75,2025-10-01,135,118,8,245,37,In Stock
4240,12,92,2025-05-19,138,143,33,248,39,In Stock
4241,16,136,2025-03-06,154,66,11,209,28,In Stock
4242,18,78,2025-04-01,109,51,43,117,11,In Stock
4243,1,121,2025-08-09,34,136,41,129,33,In Stock
4244,16,116,2025-07-12,123,102,114,111,46,In Stock
4245,6,146,2025-05-26,222,30,116,136,40,In Stock
4246,16,56,2025-10-14,187,21,30,178,22,In Stock
4247,4,64,2025-09-14,99,131,27,203,40,In Stock
4248,2,42,2025-12-15,20,104,46,78,36,In Stock
4249,2,82,2025-08-02,52,93,6,139,33,In Stock
4250,10,50,2025-09-26,134,7,114,27,27,Low Stock
4251,1,101,2025-11-24,73,79,112,40,42,Low Stock
4252,2,2,2025-06-23,96,99,142,53,20,In Stock
4253,5,85,2025-05-04,165,150,126,189,58,In Stock
4254,11,91,2025-06-01,134,67,110,91,10,In Stock
4255,4,44,2025-10-17,171,33,10,194,24,In Stock
4256,13,133,2025-04-11,50,132,72,110,45,In Stock
4257,1,21,2025-07-13,140,44,7,177,15,In Stock
4258,4,124,2025-08-01,85,101,77,109,28,In Stock
4259,2,142,2025-05-02,169,17,59,127,27,In Stock
4260,9,129,2025-10-22,76,93,100,69,22,In Stock
4261,18,18,2025-12-03,58,79,5,132,35,In Stock
4262,6,86,2025-07-05,235,87,95,227,25,In Stock
4263,5,45,2025-11-12,158,102,93,167,21,In Stock
4264,18,138,2025-11-01,90,15,65,40,47,Low Stock
4265,8,88,2025-02-04,194,109,52,251,57,In Stock
4266,17,17,2025-11-25,141,76,56,161,24,In Stock
4267,18,98,2025-02-07,25,103,44,84,49,In Stock
4268,6,106,2025-10-10,193,130,119,204,19,In Stock
4269,12,32,2025-09-22,195,146,29,312,58,In Stock
4270,4,104,2025-01-26,63,116,106,73,16,In Stock
4271,15,15,2025-07-23,210,137,81,266,47,In Stock
4272,4,24,2025-11-26,54,30,39,45,51,Low Stock
4273,11,91,2025-07-01,32,116,68,80,11,In Stock
4274,6,26,2025-05-08,195,2,14,183,45,In Stock
4275,12,12,2025-12-15,114,122,133,103,48,In Stock
4276,7,27,2025-09-28,81,38,47,72,53,In Stock
4277,15,75,2025-11-12,106,133,26,213,35,In Stock
4278,4,104,2025-12-11,107,96,45,158,52,In Stock
4279,3,43,2025-09-21,63,48,61,50,33,In Stock
4280,11,71,2025-08-04,45,27,60,12,12,Low Stock
4281,1,81,2025-01-26,104,133,97,140,20,In Stock
4282,4,64,2025-05-20,42,114,67,89,31,In Stock
4283,3,3,2025-11-03,174,9,26,157,36,In Stock
4284,16,116,2025-01-04,132,26,39,119,59,In Stock
4285,19,99,2025-04-24,138,33,11,160,34,In Stock
4286,2,62,2025-07-07,56,150,128,78,15,In Stock
4287,12,132,2025-01-04,176,73,44,205,22,In Stock
4288,9,49,2025-07-27,143,108,78,173,54,In Stock
4289,11,111,2025-01-10,29,49,41,37,20,In Stock
4290,4,64,2025-01-19,129,35,13,151,60,In Stock
4291,1,41,2025-02-21,221,98,80,239,45,In Stock
4292,20,100,2025-09-26,77,130,8,199,29,In Stock
4293,19,79,2025-01-20,73,38,22,89,24,In Stock
4294,5,85,2025-04-03,230,53,132,151,37,In Stock
4295,12,12,2025-07-06,192,26,101,117,48,In Stock
4296,6,46,2025-04-23,149,89,63,175,39,In Stock
4297,17,37,2025-04-18,127,16,64,79,35,In Stock
4298,12,92,2025-04-27,140,49,81,108,11,In Stock
4299,19,39,2025-11-06,154,13,116,51,21,In Stock
4300,11,111,2025-12-20,71,56,52,75,52,In Stock
4301,13,133,2025-03-18,223,137,72,288,40,In Stock
4302,9,29,2025-11-02,175,90,144,121,55,In Stock
4303,17,57,2025-08-19,212,148,27,333,37,In Stock
4304,14,14,2025-09-01,103,47,99,51,55,Low Stock
4305,15,55,2025-11-01,224,115,91,248,40,In Stock
4306,9,29,2025-03-13,110,90,97,103,43,In Stock
4307,13,133,2025-03-01,102,130,96,136,54,In Stock
4308,18,58,2025-07-26,92,104,3,193,13,In Stock
4309,5,45,2025-07-18,57,88,20,125,15,In Stock
4310,4,24,2025-11-01,37,71,87,21,40,Low Stock
4311,16,96,2025-11-16,137,96,8,225,56,In Stock
4312,14,94,2025-12-17,149,11,45,115,49,In Stock
4313,1,81,2025-03-23,97,36,81,52,11,In Stock
4314,8,88,2025-07-18,45,106,125,26,53,Low Stock
4315,4,4,2025-10-24,115,82,101,96,45,In Stock
4316,13,13,2025-09-26,86,119,1,204,47,In Stock
4317,11,71,2025-04-12,118,56,62,112,54,In Stock
4318,2,82,2025-08-20,38,86,123,1,33,Low Stock
4319,18,118,2025-03-20,93,18,46,65,29,In Stock
4320,18,118,2025-06-24,175,123,114,184,15,In Stock
4321,5,25,2025-02-02,233,146,120,259,30,In Stock
4322,13,33,2025-07-11,109,147,25,231,12,In Stock
4323,11,11,2025-08-01,131,34,117,48,57,Low Stock
4324,2,2,2025-06-24,64,136,12,188,30,In Stock
4325,19,99,2025-06-05,225,124,48,301,17,In Stock
4326,15,55,2025-08-07,246,95,139,202,27,In Stock
4327,12,92,2025-03-04,142,65,46,161,26,In Stock
4328,15,15,2025-06-03,109,106,39,176,42,In Stock
4329,6,86,2025-12-24,152,19,23,148,13,In Stock
4330,1,121,2025-10-02,46,28,8,66,32,In Stock
4331,2,42,2025-01-04,218,31,109,140,42,In Stock
4332,16,16,2025-06-07,198,12,88,122,27,In Stock
4333,5,45,2025-04-14,234,140,24,350,44,In Stock
4334,16,96,2025-04-14,68,63,10,121,21,In Stock
4335,8,68,2025-09-10,204,27,6,225,58,In Stock
4336,14,34,2025-02-11,201,52,121,132,42,In Stock
4337,12,12,2025-02-22,143,139,23,259,58,In Stock
4338,6,66,2025-12-19,213,50,95,168,18,In Stock
4339,15,75,2025-06-13,89,36,45,80,34,In Stock
4340,8,128,2025-10-04,27,59,86,0,50,Out of Stock
4341,1,1,2025-03-10,81,10,26,65,45,In Stock
4342,10,110,2025-01-20,157,79,102,134,11,In Stock
4343,16,16,2025-12-21,58,150,150,58,47,In Stock
4344,4,124,2025-07-25,142,118,7,253,28,In Stock
4345,15,75,2025-07-09,127,37,38,126,53,In Stock
4346,18,118,2025-01-10,166,103,109,160,46,In Stock
4347,9,149,2025-02-20,216,6,51,171,39,In Stock
4348,9,129,2025-09-07,53,38,3,88,41,In Stock
4349,6,46,2025-04-28,145,24,75,94,32,In Stock
4350,17,17,2025-12-10,210,48,74,184,21,In Stock
4351,13,93,2025-09-07,189,138,144,183,21,In Stock
4352,8,108,2025-10-11,73,125,119,79,16,In Stock
4353,12,12,2025-07-04,110,72,29,153,41,In Stock
4354,13,13,2025-01-24,229,87,11,305,26,In Stock
4355,11,131,2025-01-21,37,22,10,49,19,In Stock
4356,17,137,2025-03-26,132,134,9,257,10,In Stock
4357,14,94,2025-03-19,114,55,97,72,29,In Stock
4358,7,27,2025-04-23,136,75,149,62,42,In Stock
4359,5,125,2025-10-25,144,130,9,265,20,In Stock
4360,5,125,2025-09-02,174,76,20,230,15,In Stock
4361,5,5,2025-12-12,78,94,19,153,20,In Stock
4362,9,149,2025-02-21,113,2,14,101,44,In Stock
4363,5,85,2025-09-19,227,141,74,294,50,In Stock
4364,19,19,2025-09-25,123,78,107,94,36,In Stock
4365,8,48,2025-03-25,116,108,136,88,28,In Stock
4366,1,81,2025-02-03,131,60,38,153,18,In Stock
4367,9,69,2025-07-05,205,108,88,225,46,In Stock
4368,12,132,2025-06-01,108,69,94,83,56,In Stock
4369,13,13,2025-04-02,48,89,134,3,16,Low Stock
4370,6,66,2025-04-15,95,10,38,67,25,In Stock
4371,1,61,2025-05-28,195,60,126,129,23,In Stock
4372,10,30,2025-07-13,43,9,45,7,34,Low Stock
4373,11,91,2025-09-03,210,55,150,115,47,In Stock
4374,10,50,2025-04-07,124,3,104,23,27,Low Stock
4375,7,27,2025-01-09,184,124,139,169,37,In Stock
4376,14,74,2025-12-25,160,21,65,116,41,In Stock
4377,13,13,2025-05-22,67,69,89,47,33,In Stock
4378,5,5,2025-02-23,120,137,63,194,57,In Stock
4379,9,109,2025-08-16,105,28,104,29,11,In Stock
4380,4,4,2025-01-19,125,7,71,61,27,In Stock
4381,10,30,2025-06-05,24,125,57,92,34,In Stock
4382,4,24,2025-07-09,185,107,54,238,12,In Stock
4383,6,126,2025-08-23,213,50,71,192,14,In Stock
4384,11,51,2025-09-14,181,84,68,197,17,In Stock
4385,17,137,2025-05-25,153,25,36,142,30,In Stock
4386,17,37,2025-03-16,204,8,141,71,29,In Stock
4387,15,55,2025-05-28,208,90,7,291,14,In Stock
4388,5,5,2025-06-25,174,114,132,156,22,In Stock
4389,9,89,2025-07-24,221,59,108,172,36,In Stock
4390,2,142,2025-06-17,48,139,79,108,52,In Stock
4391,13,13,2025-07-12,183,80,55,208,31,In Stock
4392,17,117,2025-01-21,237,62,25,274,59,In Stock
4393,9,9,2025-08-02,213,100,23,290,26,In Stock
4394,3,103,2025-12-24,42,93,128,7,29,Low Stock
4395,9,109,2025-03-26,22,60,62,20,40,Low Stock
4396,10,30,2025-10-07,117,7,45,79,54,In Stock
4397,10,10,2025-03-12,195,13,126,82,41,In Stock
4398,2,102,2025-02-16,152,112,12,252,49,In Stock
4399,6,86,2025-07-06,106,117,64,159,24,In Stock
4400,11,111,2025-09-10,92,129,64,157,26,In Stock
4401,16,116,2025-05-13,138,70,62,146,52,In Stock
4402,15,95,2025-08-03,143,37,54,126,52,In Stock
4403,10,70,2025-04-14,166,1,56,111,49,In Stock
4404,6,86,2025-04-11,215,24,63,176,55,In Stock
4405,16,36,2025-07-17,114,149,64,199,26,In Stock
4406,7,87,2025-09-28,91,23,6,108,34,In Stock
4407,15,75,2025-07-05,34,111,79,66,23,In Stock
4408,18,138,2025-09-21,229,82,18,293,53,In Stock
4409,9,149,2025-01-20,162,124,25,261,29,In Stock
4410,6,146,2025-05-14,131,28,0,159,48,In Stock
4411,8,128,2025-09-05,92,23,17,98,28,In Stock
4412,2,42,2025-07-18,64,3,57,10,41,Low Stock
4413,4,64,2025-10-17,138,74,78,134,48,In Stock
4414,18,138,2025-05-11,53,80,101,32,23,In Stock
4415,15,55,2025-07-19,227,130,45,312,24,In Stock
4416,14,134,2025-01-25,237,126,67,296,18,In Stock
4417,2,42,2025-08-21,80,35,84,31,35,Low Stock
4418,3,43,2025-01-24,75,88,44,119,28,In Stock
4419,19,19,2025-07-10,112,35,38,109,21,In Stock
4420,19,59,2025-05-27,151,132,110,173,26,In Stock
4421,13,33,2025-01-22,110,76,9,177,27,In Stock
4422,19,19,2025-02-19,167,48,37,178,59,In Stock
4423,11,131,2025-01-17,187,74,1,260,19,In Stock
4424,17,77,2025-05-12,165,87,39,213,51,In Stock
4425,10,110,2025-09-14,238,71,145,164,15,In Stock
4426,19,19,2025-06-21,243,61,119,185,45,In Stock
4427,8,148,2025-12-16,192,103,74,221,55,In Stock
4428,10,10,2025-05-18,70,88,59,99,34,In Stock
4429,5,85,2025-09-26,238,10,71,177,26,In Stock
4430,1,61,2025-02-09,67,75,49,93,13,In Stock
4431,2,102,2025-09-25,80,27,8,99,16,In Stock
4432,13,93,2025-09-23,227,43,16,254,18,In Stock
4433,2,22,2025-06-12,56,103,46,113,39,In Stock
4434,15,95,2025-04-20,133,65,87,111,17,In Stock
4435,5,65,2025-01-07,190,42,133,99,42,In Stock
4436,9,9,2025-12-22,100,84,131,53,58,Low Stock
4437,7,47,2025-08-13,142,63,36,169,17,In Stock
4438,16,116,2025-09-01,183,65,87,161,37,In Stock
4439,11,91,2025-03-15,170,57,77,150,55,In Stock
4440,18,38,2025-11-19,169,109,9,269,32,In Stock
4441,14,54,2025-09-19,59,139,69,129,17,In Stock
4442,2,62,2025-01-19,72,10,3,79,19,In Stock
4443,12,32,2025-10-04,232,57,74,215,20,In Stock
4444,1,1,2025-07-05,93,76,42,127,22,In Stock
4445,4,104,2025-05-15,176,149,80,245,56,In Stock
4446,5,25,2025-10-19,48,36,24,60,22,In Stock
4447,13,33,2025-02-05,231,105,60,276,54,In Stock
4448,6,26,2025-06-24,151,39,57,133,48,In Stock
4449,20,120,2025-05-21,28,41,69,0,14,Out of Stock
4450,16,96,2025-01-22,53,108,146,15,25,Low Stock
4451,7,87,2025-07-05,185,76,138,123,25,In Stock
4452,17,137,2025-01-16,84,75,79,80,44,In Stock
4453,17,17,2025-06-01,27,115,85,57,34,In Stock
4454,6,106,2025-04-16,171,58,85,144,21,In Stock
4455,4,64,2025-03-18,52,23,55,20,31,Low Stock
4456,7,147,2025-03-25,158,30,142,46,35,In Stock
4457,18,78,2025-09-20,133,145,21,257,14,In Stock
4458,7,127,2025-09-12,58,134,86,106,16,In Stock
4459,8,28,2025-02-10,39,104,43,100,31,In Stock
4460,13,93,2025-09-21,137,123,90,170,24,In Stock
4461,10,10,2025-12-16,26,38,25,39,46,Low Stock
4462,13,73,2025-04-28,67,150,116,101,53,In Stock
4463,5,5,2025-06-14,218,139,1,356,47,In Stock
4464,19,99,2025-05-27,135,72,83,124,41,In Stock
4465,6,146,2025-02-09,141,90,19,212,41,In Stock
4466,20,140,2025-07-04,116,121,61,176,57,In Stock
4467,15,15,2025-04-03,130,5,58,77,27,In Stock
4468,19,99,2025-03-15,207,26,8,225,24,In Stock
4469,9,69,2025-08-06,209,52,42,219,26,In Stock
4470,15,15,2025-12-21,96,41,129,8,10,Low Stock
4471,6,66,2025-10-13,97,138,102,133,19,In Stock
4472,7,7,2025-05-04,35,59,78,16,35,Low Stock
4473,4,124,2025-01-17,60,67,43,84,25,In Stock
4474,11,111,2025-06-09,175,47,11,211,10,In Stock
4475,9,69,2025-11-05,191,136,86,241,37,In Stock
4476,13,93,2025-02-05,38,134,118,54,36,In Stock
4477,15,35,2025-03-10,103,64,123,44,43,In Stock
4478,5,25,2025-04-03,132,107,33,206,43,In Stock
4479,10,10,2025-04-05,183,11,143,51,55,Low Stock
4480,11,31,2025-05-22,72,3,58,17,16,In Stock
4481,7,107,2025-03-19,194,110,98,206,14,In Stock
4482,8,48,2025-03-05,156,34,132,58,48,In Stock
4483,4,104,2025-01-10,120,116,72,164,31,In Stock
4484,16,56,2025-01-18,74,148,103,119,19,In Stock
4485,4,24,2025-07-16,165,133,112,186,14,In Stock
4486,17,37,2025-07-02,36,78,82,32,59,Low Stock
4487,10,90,2025-08-14,108,30,91,47,22,In Stock
4488,1,101,2025-03-27,200,139,64,275,47,In Stock
4489,1,121,2025-02-09,180,75,136,119,40,In Stock
4490,9,89,2025-12-18,139,140,142,137,31,In Stock
4491,2,22,2025-04-04,143,94,9,228,45,In Stock
4492,4,144,2025-03-19,97,106,100,103,41,In Stock
4493,1,1,2025-08-07,182,46,9,219,47,In Stock
4494,6,66,2025-04-11,226,2,77,151,60,In Stock
4495,18,58,2025-07-09,164,23,145,42,35,In Stock
4496,12,132,2025-07-04,89,69,26,132,34,In Stock
4497,19,39,2025-01-24,148,39,95,92,16,In Stock
4498,6,126,2025-11-15,38,67,73,32,48,Low Stock
4499,18,58,2025-08-02,20,53,42,31,46,Low Stock
4500,14,14,2025-07-27,47,146,118,75,44,In Stock
4501,9,9,2025-09-02,84,17,41,60,26,In Stock
4502,5,5,2025-03-23,169,132,92,209,20,In Stock
4503,18,98,2025-06-23,116,104,3,217,11,In Stock
4504,13,33,2025-11-27,79,107,15,171,25,In Stock
4505,20,80,2025-09-14,134,67,68,133,28,In Stock
4506,5,145,2025-01-03,240,63,34,269,45,In Stock
4507,17,117,2025-03-10,40,56,4,92,49,In Stock
4508,1,61,2025-06-25,163,145,129,179,42,In Stock
4509,10,90,2025-06-13,147,96,69,174,14,In Stock
4510,18,38,2025-07-18,30,112,61,81,28,In Stock
4511,6,126,2025-01-28,160,64,50,174,21,In Stock
4512,2,62,2025-03-26,108,86,65,129,15,In Stock
4513,8,108,2025-04-08,67,62,100,29,41,Low Stock
4514,11,11,2025-07-09,153,10,137,26,23,In Stock
4515,11,131,2025-03-03,210,58,68,200,52,In Stock
4516,7,107,2025-02-28,106,21,9,118,23,In Stock
4517,19,119,2025-04-14,184,111,33,262,54,In Stock
4518,1,121,2025-06-06,138,71,5,204,24,In Stock
4519,6,86,2025-12-14,46,146,53,139,35,In Stock
4520,18,38,2025-11-13,80,88,78,90,16,In Stock
4521,6,106,2025-06-05,186,45,95,136,46,In Stock
4522,10,110,2025-07-10,119,80,13,186,55,In Stock
4523,4,24,2025-05-13,158,98,9,247,27,In Stock
4524,2,22,2025-02-03,213,134,128,219,56,In Stock
4525,10,150,2025-12-23,21,108,0,129,34,In Stock
4526,12,92,2025-04-22,215,72,3,284,60,In Stock
4527,15,35,2025-06-10,44,108,47,105,20,In Stock
4528,15,35,2025-09-01,42,65,63,44,33,In Stock
4529,14,94,2025-05-09,165,122,124,163,41,In Stock
4530,3,43,2025-05-04,201,65,22,244,48,In Stock
4531,6,6,2025-03-17,115,84,13,186,24,In Stock
4532,17,37,2025-08-01,224,142,103,263,32,In Stock
4533,11,51,2025-07-15,88,126,79,135,45,In Stock
4534,4,124,2025-05-11,60,82,49,93,60,In Stock
4535,10,70,2025-04-17,129,102,107,124,13,In Stock
4536,14,34,2025-08-14,118,115,134,99,19,In Stock
4537,17,77,2025-06-20,234,2,59,177,16,In Stock
4538,3,103,2025-02-01,193,122,90,225,38,In Stock
4539,20,80,2025-02-15,143,83,32,194,50,In Stock
4540,3,43,2025-08-21,48,121,112,57,51,In Stock
4541,12,92,2025-12-28,111,136,82,165,47,In Stock
4542,10,50,2025-03-22,26,129,62,93,44,In Stock
4543,18,118,2025-03-05,216,85,93,208,32,In Stock
4544,20,20,2025-10-14,122,88,103,107,42,In Stock
4545,4,104,2025-03-21,202,4,101,105,60,In Stock
4546,20,120,2025-06-25,131,98,73,156,13,In Stock
4547,13,93,2025-09-05,111,133,16,228,53,In Stock
4548,8,68,2025-12-11,147,102,146,103,19,In Stock
4549,9,49,2025-07-02,107,80,35,152,40,In Stock
4550,7,87,2025-12-07,171,119,136,154,32,In Stock
4551,1,141,2025-07-04,24,65,56,33,17,In Stock
4552,18,98,2025-04-07,126,134,59,201,41,In Stock
4553,3,103,2025-01-18,47,82,61,68,16,In Stock
4554,2,142,2025-10-15,233,114,1,346,37,In Stock
4555,6,146,2025-08-13,47,46,40,53,60,Low Stock
4556,13,73,2025-01-16,68,32,9,91,57,In Stock
4557,18,18,2025-10-26,119,101,145,75,32,In Stock
4558,8,88,2025-02-15,236,98,148,186,10,In Stock
4559,7,67,2025-06-17,64,49,99,14,14,Low Stock
4560,19,39,2025-12-02,99,112,26,185,48,In Stock
4561,3,3,2025-08-27,52,28,49,31,53,Low Stock
4562,10,150,2025-09-24,81,51,54,78,20,In Stock
4563,2,2,2025-04-14,111,44,53,102,20,In Stock
4564,20,140,2025-07-19,233,97,132,198,37,In Stock
4565,4,24,2025-02-25,80,117,50,147,19,In Stock
4566,8,148,2025-09-22,232,12,33,211,35,In Stock
4567,17,117,2025-04-09,69,2,6,65,33,In Stock
4568,4,84,2025-12-02,106,71,68,109,36,In Stock
4569,19,119,2025-07-10,93,135,98,130,48,In Stock
4570,6,146,2025-07-07,220,72,108,184,60,In Stock
4571,5,145,2025-05-10,240,38,97,181,22,In Stock
4572,10,110,2025-10-02,36,10,45,1,51,Low Stock
4573,8,48,2025-07-06,242,64,16,290,14,In Stock
4574,18,118,2025-05-16,55,140,111,84,32,In Stock
4575,4,84,2025-05-23,70,19,25,64,16,In Stock
4576,11,71,2025-06-02,66,110,9,167,12,In Stock
4577,12,112,2025-08-05,248,27,16,259,25,In Stock
4578,17,137,2025-02-25,20,4,16,8,54,Low Stock
4579,15,15,2025-09-19,188,45,51,182,22,In Stock
4580,14,134,2025-02-08,200,126,97,229,29,In Stock
4581,18,58,2025-09-13,243,59,118,184,19,In Stock
4582,6,126,2025-04-08,226,136,138,224,16,In Stock
4583,8,128,2025-02-19,172,20,7,185,50,In Stock
4584,8,68,2025-02-19,114,27,110,31,50,Low Stock
4585,9,69,2025-02-06,111,137,107,141,49,In Stock
4586,19,59,2025-04-07,100,8,54,54,12,In Stock
4587,16,96,2025-08-22,222,85,103,204,25,In Stock
4588,13,113,2025-06-17,105,14,15,104,12,In Stock
4589,19,119,2025-08-25,38,130,116,52,42,In Stock
4590,20,20,2025-01-09,20,51,9,62,42,In Stock
4591,3,23,2025-10-08,132,110,71,171,41,In Stock
4592,2,22,2025-04-09,54,77,32,99,53,In Stock
4593,6,66,2025-11-28,108,131,45,194,21,In Stock
4594,2,102,2025-11-07,165,68,85,148,29,In Stock
4595,1,41,2025-04-12,245,40,54,231,32,In Stock
4596,14,34,2025-05-25,181,85,5,261,52,In Stock
4597,11,111,2025-03-17,177,144,108,213,41,In Stock
4598,20,140,2025-02-07,168,20,60,128,53,In Stock
4599,19,39,2025-12-23,36,41,75,2,15,Low Stock
4600,5,105,2025-06-13,203,32,127,108,29,In Stock
4601,8,68,2025-03-21,165,11,122,54,25,In Stock
4602,14,74,2025-04-24,93,31,95,29,26,In Stock
4603,16,36,2025-06-03,73,142,90,125,42,In Stock
4604,19,39,2025-02-20,195,27,133,89,20,In Stock
4605,4,4,2025-01-27,135,117,115,137,54,In Stock
4606,1,61,2025-11-12,69,26,29,66,21,In Stock
4607,4,104,2025-06-12,70,106,115,61,34,In Stock
4608,20,100,2025-09-03,162,60,72,150,43,In Stock
4609,9,109,2025-01-09,154,20,105,69,54,In Stock
4610,12,112,2025-07-22,86,34,67,53,23,In Stock
4611,3,143,2025-08-17,133,38,101,70,56,In Stock
4612,18,58,2025-09-22,243,22,35,230,16,In Stock
4613,15,115,2025-11-22,96,129,80,145,35,In Stock
4614,2,2,2025-01-27,123,29,123,29,51,Low Stock
4615,14,114,2025-03-12,228,15,80,163,57,In Stock
4616,8,128,2025-10-02,57,78,25,110,60,In Stock
4617,1,61,2025-11-03,216,93,39,270,18,In Stock
4618,17,117,2025-09-14,224,56,18,262,41,In Stock
4619,18,118,2025-05-04,57,91,118,30,53,Low Stock
4620,5,25,2025-12-07,62,6,54,14,38,Low Stock
4621,9,109,2025-03-14,236,33,144,125,34,In Stock
4622,2,22,2025-11-28,203,39,37,205,53,In Stock
4623,4,104,2025-02-18,189,30,100,119,55,In Stock
4624,3,83,2025-02-21,101,13,27,87,25,In Stock
4625,7,147,2025-05-28,162,63,99,126,36,In Stock
4626,11,51,2025-06-26,208,82,34,256,15,In Stock
4627,16,76,2025-08-04,72,42,91,23,36,Low Stock
4628,13,113,2025-12-14,247,97,18,326,37,In Stock
4629,19,139,2025-12-18,174,72,101,145,47,In Stock
4630,12,92,2025-05-06,128,128,79,177,29,In Stock
4631,7,47,2025-03-09,143,137,44,236,44,In Stock
4632,8,108,2025-12-28,90,127,137,80,20,In Stock
4633,7,87,2025-08-01,201,16,148,69,17,In Stock
4634,13,113,2025-09-11,163,53,27,189,48,In Stock
4635,16,96,2025-10-04,194,95,19,270,18,In Stock
4636,2,62,2025-07-03,86,126,127,85,47,In Stock
4637,14,134,2025-07-11,22,78,57,43,36,In Stock
4638,17,17,2025-02-13,74,57,120,11,36,Low Stock
4639,2,22,2025-03-22,95,12,20,87,56,In Stock
4640,15,135,2025-07-15,229,124,21,332,41,In Stock
4641,9,89,2025-06-11,21,127,121,27,50,Low Stock
4642,6,86,2025-01-19,114,34,31,117,50,In Stock
4643,12,52,2025-06-20,149,99,32,216,32,In Stock
4644,4,144,2025-12-15,91,2,17,76,54,In Stock
4645,15,15,2025-01-14,160,140,48,252,26,In Stock
4646,13,133,2025-03-20,90,20,97,13,48,Low Stock
4647,17,77,2025-06-27,31,119,3,147,47,In Stock
4648,17,77,2025-10-06,100,128,25,203,50,In Stock
4649,12,112,2025-08-04,39,57,28,68,30,In Stock
4650,7,47,2025-09-12,38,57,15,80,40,In Stock
4651,2,122,2025-07-05,203,47,122,128,44,In Stock
4652,13,33,2025-10-17,234,37,75,196,40,In Stock
4653,6,46,2025-06-21,57,68,56,69,48,In Stock
4654,12,12,2025-03-22,21,68,37,52,31,In Stock
4655,2,142,2025-08-22,147,86,47,186,48,In Stock
4656,7,47,2025-04-14,47,57,89,15,44,Low Stock
4657,3,123,2025-11-21,244,122,42,324,49,In Stock
4658,2,102,2025-10-11,194,69,62,201,60,In Stock
4659,19,99,2025-08-23,36,126,125,37,43,Low Stock
4660,17,137,2025-10-01,156,28,61,123,56,In Stock
4661,5,65,2025-10-02,121,118,40,199,55,In Stock
4662,10,150,2025-06-13,205,139,38,306,30,In Stock
4663,8,108,2025-12-05,164,106,21,249,11,In Stock
4664,12,52,2025-02-03,248,111,21,338,44,In Stock
4665,2,62,2025-10-04,242,4,12,234,48,In Stock
4666,2,142,2025-01-09,211,18,91,138,53,In Stock
4667,4,124,2025-02-17,171,24,114,81,44,In Stock
4668,12,112,2025-10-21,166,82,123,125,58,In Stock
4669,4,44,2025-03-01,32,23,54,1,23,Low Stock
4670,4,84,2025-09-26,184,127,65,246,50,In Stock
4671,5,145,2025-07-20,188,103,144,147,28,In Stock
4672,7,47,2025-11-09,75,137,86,126,30,In Stock
4673,3,83,2025-06-02,86,51,113,24,58,Low Stock
4674,15,55,2025-06-11,214,107,46,275,18,In Stock
4675,20,120,2025-04-18,165,80,119,126,37,In Stock
4676,10,110,2025-01-20,147,86,42,191,51,In Stock
4677,19,79,2025-01-27,228,41,53,216,14,In Stock
4678,6,66,2025-09-22,187,114,40,261,16,In Stock
4679,20,20,2025-10-23,149,93,129,113,11,In Stock
4680,5,145,2025-06-17,146,126,16,256,28,In Stock
4681,4,84,2025-04-08,228,57,25,260,39,In Stock
4682,19,39,2025-01-27,246,31,47,230,54,In Stock
4683,4,24,2025-08-25,171,114,125,160,39,In Stock
4684,1,101,2025-01-09,67,39,8,98,18,In Stock
4685,16,116,2025-06-05,153,83,106,130,27,In Stock
4686,9,49,2025-02-27,122,85,76,131,21,In Stock
4687,16,56,2025-08-24,91,52,40,103,35,In Stock
4688,6,146,2025-03-09,184,149,56,277,25,In Stock
4689,2,22,2025-07-14,91,108,49,150,48,In Stock
4690,4,144,2025-04-24,105,49,78,76,35,In Stock
4691,11,11,2025-11-26,24,27,45,6,53,Low Stock
4692,3,43,2025-03-28,201,69,79,191,13,In Stock
4693,18,98,2025-12-07,169,67,68,168,13,In Stock
4694,18,118,2025-04-19,187,29,145,71,34,In Stock
4695,10,50,2025-12-15,165,138,120,183,41,In Stock
4696,10,50,2025-03-24,245,129,136,238,43,In Stock
4697,2,62,2025-08-06,225,135,48,312,51,In Stock
4698,3,103,2025-02-23,45,8,4,49,37,In Stock
4699,13,133,2025-01-24,155,15,30,140,30,In Stock
4700,7,67,2025-08-27,111,129,21,219,26,In Stock
4701,15,15,2025-10-06,161,100,31,230,51,In Stock
4702,7,87,2025-12-15,54,43,64,33,57,Low Stock
4703,15,115,2025-01-12,47,112,115,44,55,Low Stock
4704,16,16,2025-03-18,100,15,26,89,52,In Stock
4705,9,69,2025-03-07,187,19,3,203,44,In Stock
4706,1,141,2025-02-01,133,56,85,104,16,In Stock
4707,6,106,2025-11-15,37,89,79,47,47,Low Stock
4708,9,49,2025-11-20,213,22,44,191,27,In Stock
4709,6,66,2025-07-22,114,4,78,40,23,In Stock
4710,9,89,2025-11-04,159,136,111,184,54,In Stock
4711,18,118,2025-01-12,178,118,63,233,11,In Stock
4712,9,149,2025-01-27,193,12,122,83,15,In Stock
4713,18,38,2025-02-10,213,128,3,338,51,In Stock
4714,19,79,2025-11-27,84,17,19,82,21,In Stock
4715,15,15,2025-05-06,23,91,70,44,57,Low Stock
4716,8,88,2025-02-11,208,41,91,158,51,In Stock
4717,9,149,2025-10-21,210,38,5,243,45,In Stock
4718,17,17,2025-07-22,166,47,40,173,39,In Stock
4719,15,75,2025-04-13,120,39,34,125,49,In Stock
4720,17,17,2025-12-06,64,86,86,64,36,In Stock
4721,15,135,2025-01-25,166,119,47,238,53,In Stock
4722,8,108,2025-04-23,108,53,139,22,25,Low Stock
4723,16,96,2025-10-13,95,13,59,49,48,In Stock
4724,10,150,2025-04-03,121,65,74,112,16,In Stock
4725,1,1,2025-02-02,135,97,111,121,19,In Stock
4726,6,46,2025-04-03,51,60,40,71,17,In Stock
4727,10,110,2025-12-16,217,142,28,331,21,In Stock
4728,2,22,2025-11-27,44,88,129,3,35,Low Stock
4729,11,31,2025-06-16,86,43,13,116,42,In Stock
4730,5,145,2025-08-19,116,53,38,131,24,In Stock
4731,11,11,2025-03-18,71,67,74,64,41,In Stock
4732,4,84,2025-01-25,117,138,126,129,29,In Stock
4733,18,98,2025-07-27,181,13,81,113,54,In Stock
4734,16,76,2025-05-23,46,15,36,25,36,Low Stock
4735,12,132,2025-12-27,27,107,43,91,30,In Stock
4736,1,41,2025-02-20,115,107,5,217,35,In Stock
4737,20,120,2025-04-11,122,24,50,96,41,In Stock
4738,20,140,2025-03-05,108,56,2,162,55,In Stock
4739,16,76,2025-04-11,61,103,37,127,44,In Stock
4740,6,146,2025-07-27,50,131,48,133,26,In Stock
4741,12,12,2025-01-16,227,36,68,195,11,In Stock
4742,11,91,2025-05-12,143,51,128,66,19,In Stock
4743,1,81,2025-08-08,118,19,58,79,45,In Stock
4744,12,12,2025-12-21,139,142,57,224,27,In Stock
4745,20,20,2025-04-15,131,51,27,155,37,In Stock
4746,7,27,2025-12-27,45,120,138,27,40,Low Stock
4747,6,126,2025-11-16,124,69,139,54,39,In Stock
4748,10,70,2025-05-22,41,18,17,42,58,Low Stock
4749,18,98,2025-10-06,207,104,138,173,23,In Stock
4750,16,136,2025-07-17,221,88,67,242,34,In Stock
4751,11,11,2025-04-16,76,65,131,10,54,Low Stock
4752,7,7,2025-08-01,22,102,24,100,24,In Stock
4753,17,57,2025-02-20,104,90,104,90,45,In Stock
4754,1,121,2025-04-14,215,91,117,189,54,In Stock
4755,5,45,2025-10-08,250,56,17,289,53,In Stock
4756,12,72,2025-01-11,219,130,116,233,30,In Stock
4757,10,110,2025-02-17,220,107,25,302,53,In Stock
4758,4,144,2025-12-25,128,0,48,80,17,In Stock
4759,2,22,2025-07-12,30,45,24,51,44,In Stock
4760,15,95,2025-03-09,235,38,60,213,41,In Stock
4761,20,100,2025-02-01,25,54,60,19,29,Low Stock
4762,6,106,2025-04-10,87,104,109,82,18,In Stock
4763,5,145,2025-11-10,158,84,87,155,14,In Stock
4764,3,83,2025-09-04,198,21,89,130,56,In Stock
4765,5,45,2025-02-12,124,33,101,56,59,Low Stock
4766,13,33,2025-09-02,224,22,144,102,46,In Stock
4767,15,55,2025-07-20,107,117,36,188,17,In Stock
4768,20,100,2025-03-18,130,58,25,163,36,In Stock
4769,13,133,2025-02-03,194,32,109,117,16,In Stock
4770,14,14,2025-02-09,84,123,131,76,54,In Stock
4771,17,77,2025-03-01,203,61,111,153,12,In Stock
4772,17,57,2025-09-23,68,84,77,75,44,In Stock
4773,18,78,2025-05-13,156,53,97,112,21,In Stock
4774,6,26,2025-09-04,193,13,46,160,26,In Stock
4775,19,139,2025-09-17,43,141,46,138,37,In Stock
4776,14,14,2025-08-10,233,57,15,275,26,In Stock
4777,11,111,2025-03-05,193,65,81,177,56,In Stock
4778,20,40,2025-08-14,100,3,16,87,48,In Stock
4779,16,36,2025-09-22,191,7,58,140,13,In Stock
4780,1,141,2025-11-05,191,123,126,188,10,In Stock
4781,20,60,2025-12-24,250,102,150,202,11,In Stock
4782,19,39,2025-11-24,145,143,79,209,10,In Stock
4783,16,136,2025-02-05,180,144,84,240,58,In Stock
4784,11,111,2025-04-15,219,12,58,173,43,In Stock
4785,14,94,2025-06-02,82,95,111,66,40,In Stock
4786,1,101,2025-05-27,57,2,11,48,51,Low Stock
4787,15,115,2025-06-28,169,83,150,102,57,In Stock
4788,1,1,2025-07-17,159,68,108,119,42,In Stock
4789,13,113,2025-09-09,213,66,133,146,46,In Stock
4790,15,115,2025-03-03,113,64,96,81,27,In Stock
4791,9,69,2025-02-01,159,84,149,94,56,In Stock
4792,3,123,2025-03-19,214,26,86,154,35,In Stock
4793,2,142,2025-12-16,42,148,141,49,37,In Stock
4794,15,115,2025-03-18,159,104,69,194,40,In Stock
4795,14,34,2025-03-27,33,123,72,84,46,In Stock
4796,16,56,2025-12-15,227,12,64,175,48,In Stock
4797,11,91,2025-08-02,250,17,145,122,47,In Stock
4798,2,122,2025-01-10,214,143,32,325,49,In Stock
4799,15,55,2025-11-03,138,69,9,198,56,In Stock
4800,6,146,2025-09-14,39,144,36,147,44,In Stock
4801,20,120,2025-01-15,85,14,19,80,29,In Stock
4802,2,62,2025-03-27,100,75,91,84,48,In Stock
4803,19,39,2025-01-08,240,12,5,247,60,In Stock
4804,19,79,2025-08-11,158,102,0,260,49,In Stock
4805,16,136,2025-05-22,197,105,82,220,23,In Stock
4806,13,133,2025-03-25,133,84,64,153,18,In Stock
4807,5,25,2025-04-02,22,40,19,43,23,In Stock
4808,8,148,2025-01-26,54,103,140,17,22,Low Stock
4809,10,10,2025-02-28,245,84,105,224,51,In Stock
4810,17,117,2025-05-06,200,66,117,149,30,In Stock
4811,7,47,2025-06-11,141,111,108,144,60,In Stock
4812,2,42,2025-07-18,208,93,43,258,51,In Stock
4813,13,13,2025-01-08,77,134,109,102,44,In Stock
4814,6,106,2025-06-20,223,28,57,194,40,In Stock
4815,7,127,2025-01-28,103,77,63,117,30,In Stock
4816,16,36,2025-09-27,43,129,94,78,29,In Stock
4817,6,146,2025-05-22,63,114,16,161,33,In Stock
4818,16,116,2025-04-26,59,80,52,87,28,In Stock
4819,9,149,2025-08-03,196,148,73,271,51,In Stock
4820,13,93,2025-03-04,97,23,119,1,32,Low Stock
4821,5,65,2025-04-06,148,54,138,64,19,In Stock
4822,7,67,2025-10-09,218,138,72,284,35,In Stock
4823,12,72,2025-03-09,204,146,18,332,20,In Stock
4824,14,34,2025-07-21,69,31,47,53,26,In Stock
4825,6,46,2025-09-12,33,121,27,127,41,In Stock
4826,9,89,2025-04-21,185,89,110,164,57,In Stock
4827,5,125,2025-12-15,248,137,130,255,24,In Stock
4828,15,115,2025-06-05,127,88,54,161,20,In Stock
4829,1,21,2025-12-28,181,133,46,268,56,In Stock
4830,16,16,2025-12-22,214,26,107,133,38,In Stock
4831,7,47,2025-04-10,147,2,120,29,17,In Stock
4832,15,115,2025-07-04,83,71,19,135,23,In Stock
4833,9,9,2025-06-12,169,86,81,174,11,In Stock
4834,2,122,2025-01-27,163,69,53,179,17,In Stock
4835,12,72,2025-07-27,234,106,62,278,10,In Stock
4836,7,87,2025-02-20,152,68,91,129,37,In Stock
4837,8,128,2025-10-24,185,62,16,231,36,In Stock
4838,5,145,2025-03-02,99,4,60,43,22,In Stock
4839,15,35,2025-05-16,71,127,85,113,39,In Stock
4840,10,110,2025-01-18,145,20,7,158,11,In Stock
4841,15,75,2025-08-17,112,9,23,98,21,In Stock
4842,8,28,2025-02-12,204,63,70,197,33,In Stock
4843,16,56,2025-04-23,89,11,20,80,53,In Stock
4844,12,32,2025-06-01,97,116,119,94,59,In Stock
4845,2,102,2025-02-23,56,69,85,40,10,In Stock
4846,1,101,2025-07-18,55,108,125,38,59,Low Stock
4847,7,87,2025-05-26,124,72,119,77,27,In Stock
4848,2,22,2025-11-04,197,71,1,267,45,In Stock
4849,9,129,2025-12-06,39,138,103,74,43,In Stock
4850,2,82,2025-11-01,193,28,21,200,19,In Stock
4851,10,70,2025-01-19,244,61,73,232,33,In Stock
4852,19,59,2025-09-15,75,135,62,148,20,In Stock
4853,15,55,2025-11-14,155,114,121,148,45,In Stock
4854,3,3,2025-10-05,220,104,19,305,50,In Stock
4855,8,128,2025-11-25,167,82,57,192,59,In Stock
4856,3,43,2025-11-02,221,145,90,276,20,In Stock
4857,1,141,2025-10-15,141,1,54,88,12,In Stock
4858,2,142,2025-02-24,218,98,106,210,38,In Stock
4859,15,95,2025-12-09,176,120,67,229,48,In Stock
4860,19,59,2025-09-16,84,44,109,19,44,Low Stock
4861,20,40,2025-11-22,208,11,104,115,19,In Stock
4862,20,20,2025-06-03,186,23,61,148,56,In Stock
4863,7,7,2025-01-08,96,53,71,78,28,In Stock
4864,16,16,2025-01-21,170,142,20,292,47,In Stock
4865,17,137,2025-09-27,71,89,116,44,18,In Stock
4866,17,97,2025-10-26,184,58,108,134,60,In Stock
4867,17,17,2025-02-10,126,43,131,38,46,Low Stock
4868,3,83,2025-04-13,28,54,55,27,25,In Stock
4869,19,59,2025-03-16,46,132,39,139,23,In Stock
4870,7,147,2025-12-05,116,100,52,164,14,In Stock
4871,12,52,2025-10-23,213,83,126,170,28,In Stock
4872,5,85,2025-02-20,159,25,149,35,33,In Stock
4873,9,109,2025-06-06,83,46,27,102,36,In Stock
4874,18,58,2025-05-10,56,34,1,89,11,In Stock
4875,4,44,2025-03-26,120,12,43,89,22,In Stock
4876,11,131,2025-01-05,186,36,137,85,57,In Stock
4877,15,55,2025-03-28,98,61,89,70,58,In Stock
4878,18,18,2025-03-18,66,17,74,9,22,Low Stock
4879,3,23,2025-06-14,163,118,59,222,52,In Stock
4880,1,41,2025-02-12,184,122,83,223,11,In Stock
4881,12,12,2025-03-07,231,91,140,182,15,In Stock
4882,19,59,2025-08-03,167,98,17,248,58,In Stock
4883,1,121,2025-07-28,205,4,78,131,44,In Stock
4884,19,139,2025-02-27,222,0,87,135,19,In Stock
4885,13,73,2025-12-04,123,128,95,156,55,In Stock
4886,10,30,2025-07-08,119,95,149,65,16,In Stock
4887,3,3,2025-11-23,200,123,81,242,46,In Stock
4888,6,146,2025-03-27,31,124,108,47,43,In Stock
4889,2,42,2025-11-07,106,126,47,185,38,In Stock
4890,5,5,2025-09-21,205,120,79,246,34,In Stock
4891,16,136,2025-10-12,209,25,60,174,29,In Stock
4892,13,53,2025-02-03,24,45,38,31,23,In Stock
4893,18,18,2025-02-18,225,36,26,235,40,In Stock
4894,6,26,2025-12-02,109,13,40,82,34,In Stock
4895,10,30,2025-05-01,56,36,31,61,25,In Stock
4896,9,109,2025-09-11,75,28,79,24,59,Low Stock
4897,11,31,2025-08-16,218,130,8,340,58,In Stock
4898,15,115,2025-02-22,125,59,5,179,35,In Stock
4899,2,82,2025-10-24,207,87,88,206,22,In Stock
4900,1,121,2025-06-18,165,68,31,202,17,In Stock
4901,18,118,2025-05-15,95,129,50,174,27,In Stock
4902,6,26,2025-05-17,20,34,52,2,21,Low Stock
4903,2,82,2025-02-09,98,70,22,146,16,In Stock
4904,20,100,2025-08-02,106,23,57,72,36,In Stock
4905,14,14,2025-06-17,200,92,81,211,60,In Stock
4906,1,121,2025-12-05,190,10,36,164,43,In Stock
4907,1,1,2025-09-05,218,10,34,194,30,In Stock
4908,17,97,2025-11-26,234,140,118,256,59,In Stock
4909,19,39,2025-01-22,107,93,75,125,16,In Stock
4910,7,107,2025-10-26,171,70,118,123,25,In Stock
4911,19,19,2025-09-18,32,7,1,38,14,In Stock
4912,12,32,2025-12-23,75,111,87,99,24,In Stock
4913,19,59,2025-02-15,246,131,59,318,39,In Stock
4914,8,8,2025-02-11,233,83,33,283,58,In Stock
4915,1,41,2025-12-16,183,122,85,220,16,In Stock
4916,13,133,2025-01-01,186,71,24,233,10,In Stock
4917,14,34,2025-09-24,207,88,78,217,33,In Stock
4918,2,142,2025-01-20,209,4,77,136,26,In Stock
4919,12,32,2025-07-09,207,60,20,247,51,In Stock
4920,12,12,2025-08-21,91,86,142,35,34,In Stock
4921,16,56,2025-08-12,42,134,13,163,11,In Stock
4922,20,140,2025-08-24,208,108,105,211,14,In Stock
4923,13,13,2025-12-25,140,45,109,76,18,In Stock
4924,11,31,2025-12-16,156,116,89,183,45,In Stock
4925,6,106,2025-07-05,154,127,26,255,48,In Stock
4926,17,117,2025-08-05,95,96,131,60,16,In Stock
4927,12,92,2025-11-01,211,79,79,211,19,In Stock
4928,1,121,2025-03-10,32,130,64,98,54,In Stock
4929,18,78,2025-08-02,99,106,3,202,42,In Stock
4930,2,142,2025-12-14,33,105,28,110,50,In Stock
4931,11,71,2025-02-19,110,73,61,122,57,In Stock
4932,16,136,2025-10-24,225,26,127,124,28,In Stock
4933,19,119,2025-10-27,196,27,98,125,60,In Stock
4934,19,39,2025-10-16,98,53,146,5,60,Low Stock
4935,11,51,2025-03-28,28,80,93,15,24,Low Stock
4936,11,31,2025-05-27,199,80,45,234,10,In Stock
4937,11,91,2025-01-14,93,114,2,205,18,In Stock
4938,20,60,2025-01-12,171,15,116,70,38,In Stock
4939,19,99,2025-08-14,99,15,91,23,26,Low Stock
4940,20,100,2025-05-02,193,103,53,243,17,In Stock
4941,5,125,2025-08-02,156,19,14,161,53,In Stock
4942,6,46,2025-04-06,95,13,92,16,31,Low Stock
4943,2,142,2025-03-16,228,96,123,201,50,In Stock
4944,6,86,2025-06-22,20,68,32,56,10,In Stock
4945,4,24,2025-11-27,151,141,49,243,30,In Stock
4946,17,117,2025-10-01,238,108,22,324,33,In Stock
4947,4,104,2025-11-20,151,54,54,151,20,In Stock
4948,8,8,2025-07-20,229,85,29,285,12,In Stock
4949,15,135,2025-09-15,172,41,70,143,19,In Stock
4950,13,33,2025-05-21,99,62,81,80,28,In Stock
4951,8,68,2025-05-05,61,77,118,20,47,Low Stock
4952,15,135,2025-05-24,156,20,13,163,47,In Stock
4953,18,58,2025-12-14,202,109,138,173,40,In Stock
4954,14,94,2025-02-06,104,25,52,77,30,In Stock
4955,1,21,2025-05-10,37,98,125,10,56,Low Stock
4956,16,16,2025-06-23,193,97,116,174,39,In Stock
4957,19,19,2025-03-09,247,124,48,323,54,In Stock
4958,14,14,2025-01-09,185,72,50,207,57,In Stock
4959,15,15,2025-01-24,222,16,13,225,37,In Stock
4960,5,45,2025-05-11,230,44,123,151,53,In Stock
4961,2,62,2025-02-11,126,22,12,136,17,In Stock
4962,2,42,2025-11-21,96,38,98,36,58,Low Stock
4963,3,23,2025-04-11,114,125,137,102,42,In Stock
4964,15,55,2025-01-07,38,85,111,12,23,Low Stock
4965,4,24,2025-04-17,151,150,83,218,60,In Stock
4966,1,101,2025-12-24,38,148,106,80,22,In Stock
4967,4,84,2025-07-25,173,28,95,106,26,In Stock
4968,19,99,2025-05-04,173,143,76,240,41,In Stock
4969,16,56,2025-05-14,214,24,98,140,58,In Stock
4970,17,37,2025-05-14,103,112,62,153,47,In Stock
4971,18,98,2025-01-21,244,44,64,224,44,In Stock
4972,2,122,2025-05-13,182,148,84,246,18,In Stock
4973,17,17,2025-07-11,198,73,15,256,41,In Stock
4974,12,92,2025-11-07,121,103,77,147,30,In Stock
4975,2,2,2025-11-01,20,149,119,50,45,In Stock
4976,7,27,2025-07-02,229,96,119,206,26,In Stock
4977,18,78,2025-09-14,46,21,52,15,29,Low Stock
4978,2,42,2025-10-26,57,79,20,116,18,In Stock
4979,9,89,2025-12-10,95,32,75,52,10,In Stock
4980,7,87,2025-12-17,69,111,18,162,60,In Stock
4981,16,56,2025-05-25,172,2,15,159,56,In Stock
4982,14,74,2025-11-13,163,33,15,181,48,In Stock
4983,10,150,2025-12-21,94,125,87,132,56,In Stock
4984,9,109,2025-08-16,97,138,125,110,16,In Stock
4985,5,25,2025-08-18,138,92,131,99,32,In Stock
4986,5,45,2025-11-17,230,53,15,268,38,In Stock
4987,12,52,2025-06-13,224,36,82,178,41,In Stock
4988,10,90,2025-04-28,222,102,0,324,24,In Stock
4989,7,7,2025-05-05,147,61,135,73,28,In Stock
4990,5,125,2025-08-15,187,90,15,262,38,In Stock
4991,10,10,2025-11-10,35,138,89,84,38,In Stock
4992,18,138,2025-05-10,209,57,101,165,22,In Stock
4993,1,21,2025-12-28,52,48,26,74,22,In Stock
4994,20,40,2025-09-12,182,82,3,261,41,In Stock
4995,17,137,2025-06-14,37,44,78,3,35,Low Stock
4996,8,128,2025-12-20,131,97,94,134,45,In Stock
4997,4,104,2025-05-06,91,98,15,174,45,In Stock
4998,3,83,2025-01-06,106,52,145,13,50,Low Stock
4999,14,94,2025-04-24,62,9,35,36,36,Low Stock
5000,19,99,2025-08-10,198,86,7,277,57,In Stock
5001,3,43,2025-08-12,117,52,49,120,32,In Stock
5002,8,88,2025-11-07,81,119,14,186,43,In Stock
5003,5,125,2025-04-15,141,57,138,60,34,In Stock
5004,6,66,2025-10-16,192,73,51,214,59,In Stock
5005,6,126,2025-11-27,118,115,34,199,28,In Stock
5006,13,93,2025-04-10,163,46,148,61,15,In Stock
5007,6,6,2025-01-27,180,133,37,276,45,In Stock
5008,14,14,2025-12-26,95,114,46,163,18,In Stock
5009,9,69,2025-01-19,163,63,25,201,13,In Stock
5010,4,24,2025-12-04,43,84,54,73,16,In Stock
5011,13,53,2025-02-02,35,103,6,132,30,In Stock
5012,7,67,2025-12-03,30,91,42,79,18,In Stock
5013,17,37,2025-06-17,126,79,11,194,45,In Stock
5014,13,113,2025-12-18,46,53,72,27,49,Low Stock
5015,15,35,2025-05-14,102,31,77,56,42,In Stock
5016,10,10,2025-05-28,56,4,35,25,21,In Stock
5017,9,9,2025-08-22,234,56,61,229,25,In Stock
5018,10,30,2025-04-21,247,31,29,249,55,In Stock
5019,5,105,2025-09-09,90,94,140,44,45,Low Stock
5020,7,7,2025-11-12,239,14,150,103,15,In Stock
5021,18,98,2025-01-24,95,125,132,88,39,In Stock
5022,1,121,2025-06-20,132,44,59,117,27,In Stock
5023,2,122,2025-03-03,39,23,56,6,34,Low Stock
5024,15,75,2025-07-27,187,20,13,194,18,In Stock
5025,5,45,2025-09-28,197,139,63,273,55,In Stock
5026,19,19,2025-09-20,222,20,98,144,22,In Stock
5027,17,97,2025-08-14,156,150,80,226,18,In Stock
5028,1,61,2025-07-05,76,78,145,9,44,Low Stock
5029,13,13,2025-10-18,192,58,46,204,21,In Stock
5030,19,59,2025-01-10,34,27,5,56,55,In Stock
5031,16,16,2025-02-24,75,105,85,95,58,In Stock
5032,19,79,2025-03-16,179,56,110,125,39,In Stock
5033,5,65,2025-05-12,34,126,63,97,24,In Stock
5034,5,65,2025-01-22,89,95,69,115,49,In Stock
5035,10,130,2025-12-15,115,33,61,87,45,In Stock
5036,13,133,2025-09-11,240,129,15,354,46,In Stock
5037,3,143,2025-07-10,29,43,19,53,39,In Stock
5038,9,89,2025-11-27,195,1,120,76,19,In Stock
5039,1,61,2025-08-16,63,53,7,109,44,In Stock
5040,7,47,2025-08-15,241,24,96,169,40,In Stock
5041,5,5,2025-03-20,135,6,27,114,60,In Stock
5042,12,92,2025-08-11,192,59,137,114,21,In Stock
5043,8,48,2025-09-26,148,120,125,143,49,In Stock
5044,18,38,2025-11-21,79,85,23,141,60,In Stock
5045,10,70,2025-11-13,206,101,33,274,50,In Stock
5046,10,50,2025-12-04,198,110,46,262,14,In Stock
5047,7,7,2025-06-03,114,56,78,92,43,In Stock
5048,8,128,2025-06-27,40,60,11,89,37,In Stock
5049,10,130,2025-09-19,169,15,116,68,40,In Stock
5050,13,53,2025-07-11,221,135,87,269,44,In Stock
5051,19,39,2025-08-08,242,131,140,233,30,In Stock
5052,19,99,2025-09-23,89,110,59,140,37,In Stock
5053,3,43,2025-01-16,244,112,45,311,15,In Stock
5054,5,45,2025-06-26,201,64,18,247,33,In Stock
5055,16,16,2025-02-13,103,29,122,10,22,Low Stock
5056,8,28,2025-03-01,143,20,8,155,47,In Stock
5057,17,77,2025-07-11,227,4,29,202,56,In Stock
5058,13,113,2025-02-22,243,125,115,253,28,In Stock
5059,11,11,2025-07-28,218,104,22,300,38,In Stock
5060,12,112,2025-01-18,170,106,41,235,22,In Stock
5061,7,67,2025-06-06,125,101,47,179,28,In Stock
5062,13,13,2025-09-16,171,125,31,265,21,In Stock
5063,19,19,2025-02-09,104,126,110,120,24,In Stock
5064,5,5,2025-03-05,116,143,10,249,48,In Stock
5065,10,70,2025-04-14,185,90,32,243,32,In Stock
5066,14,74,2025-09-02,179,30,137,72,54,In Stock
5067,13,13,2025-10-05,33,90,19,104,32,In Stock
5068,14,94,2025-01-13,250,40,128,162,37,In Stock
5069,7,107,2025-04-04,106,125,34,197,25,In Stock
5070,14,74,2025-11-24,128,119,123,124,16,In Stock
5071,20,100,2025-08-23,109,40,34,115,19,In Stock
5072,10,90,2025-07-11,111,73,39,145,13,In Stock
5073,12,52,2025-10-03,183,144,87,240,39,In Stock
5074,12,92,2025-01-15,181,127,1,307,26,In Stock
5075,9,129,2025-09-05,170,54,15,209,59,In Stock
5076,5,65,2025-07-17,236,116,99,253,46,In Stock
5077,7,67,2025-08-20,113,34,11,136,58,In Stock
5078,7,27,2025-06-14,212,139,75,276,44,In Stock
5079,14,14,2025-02-12,91,27,87,31,55,Low Stock
5080,17,137,2025-10-01,41,37,55,23,49,Low Stock
5081,11,131,2025-02-24,98,119,13,204,25,In Stock
5082,20,140,2025-09-20,121,59,143,37,43,Low Stock
5083,13,13,2025-06-10,32,150,78,104,15,In Stock
5084,6,146,2025-04-03,139,25,34,130,15,In Stock
5085,11,71,2025-11-21,99,70,16,153,28,In Stock
5086,12,72,2025-11-12,92,17,24,85,32,In Stock
5087,6,146,2025-07-01,38,85,122,1,30,Low Stock
5088,11,51,2025-03-11,174,90,120,144,41,In Stock
5089,4,104,2025-09-28,20,90,84,26,17,In Stock
5090,12,12,2025-05-25,194,78,25,247,53,In Stock
5091,1,101,2025-07-13,247,3,6,244,44,In Stock
5092,9,49,2025-05-17,145,33,61,117,20,In Stock
5093,13,13,2025-04-14,54,81,30,105,22,In Stock
5094,16,76,2025-10-12,171,31,15,187,35,In Stock
5095,17,117,2025-11-28,213,39,25,227,24,In Stock
5096,9,149,2025-09-16,183,15,65,133,28,In Stock
5097,3,123,2025-11-17,203,55,53,205,29,In Stock
5098,10,50,2025-07-03,250,34,13,271,32,In Stock
5099,4,24,2025-02-05,249,136,112,273,21,In Stock
5100,4,144,2025-12-18,152,70,135,87,44,In Stock
5101,3,143,2025-04-20,67,111,103,75,17,In Stock
5102,15,35,2025-09-09,60,89,52,97,27,In Stock
5103,2,42,2025-09-04,199,29,144,84,52,In Stock
5104,8,28,2025-07-02,152,75,108,119,38,In Stock
5105,12,112,2025-11-02,99,143,107,135,21,In Stock
5106,11,31,2025-06-21,145,125,37,233,60,In Stock
5107,6,126,2025-07-08,63,98,71,90,38,In Stock
5108,6,6,2025-04-07,35,49,84,0,48,Out of Stock
5109,14,94,2025-01-05,114,0,114,0,53,Out of Stock
5110,11,131,2025-10-13,65,69,103,31,19,In Stock
5111,8,28,2025-04-18,102,65,78,89,24,In Stock
5112,1,41,2025-12-12,130,43,34,139,49,In Stock
5113,1,121,2025-10-11,29,60,3,86,57,In Stock
5114,4,24,2025-08-18,138,11,109,40,15,In Stock
5115,20,140,2025-02-20,222,21,120,123,23,In Stock
5116,11,51,2025-08-25,218,6,58,166,15,In Stock
5117,7,27,2025-10-08,131,24,65,90,51,In Stock
5118,6,66,2025-01-08,242,4,82,164,42,In Stock
5119,4,84,2025-02-11,238,134,81,291,44,In Stock
5120,16,16,2025-06-12,113,123,146,90,13,In Stock
5121,18,58,2025-11-12,228,0,3,225,29,In Stock
5122,12,132,2025-09-14,74,117,44,147,16,In Stock
5123,14,114,2025-06-04,250,146,44,352,23,In Stock
5124,15,35,2025-10-28,160,74,107,127,16,In Stock
5125,18,138,2025-04-28,180,111,83,208,25,In Stock
5126,10,10,2025-07-23,30,113,43,100,12,In Stock
5127,19,99,2025-08-04,247,108,149,206,22,In Stock
5128,20,40,2025-02-24,245,70,28,287,15,In Stock
5129,10,110,2025-10-06,118,44,133,29,53,Low Stock
5130,1,121,2025-05-22,54,2,4,52,35,In Stock
5131,19,99,2025-09-21,65,49,75,39,29,In Stock
5132,14,134,2025-01-16,58,36,67,27,16,In Stock
5133,15,75,2025-05-12,248,115,125,238,43,In Stock
5134,10,110,2025-05-25,241,27,3,265,10,In Stock
5135,17,17,2025-03-15,189,24,57,156,18,In Stock
5136,11,91,2025-05-14,220,51,99,172,12,In Stock
5137,9,89,2025-03-12,206,1,10,197,33,In Stock
5138,8,48,2025-10-10,122,27,56,93,23,In Stock
5139,13,93,2025-06-08,198,87,63,222,35,In Stock
5140,13,33,2025-03-12,91,129,42,178,29,In Stock
5141,13,53,2025-04-10,53,6,59,0,26,Out of Stock
5142,5,85,2025-12-02,158,48,100,106,58,In Stock
5143,6,126,2025-01-28,106,52,24,134,19,In Stock
5144,2,142,2025-01-25,223,102,117,208,15,In Stock
5145,6,66,2025-03-24,215,30,143,102,35,In Stock
5146,20,120,2025-02-04,35,12,12,35,42,Low Stock
5147,16,116,2025-05-14,87,141,52,176,56,In Stock
5148,11,71,2025-08-27,138,118,58,198,52,In Stock
5149,20,40,2025-09-26,218,76,16,278,22,In Stock
5150,11,11,2025-05-27,25,90,91,24,18,In Stock
5151,5,25,2025-11-07,203,3,99,107,33,In Stock
5152,15,15,2025-12-02,96,35,4,127,39,In Stock
5153,13,33,2025-09-02,40,148,12,176,11,In Stock
5154,8,88,2025-05-23,33,75,104,4,27,Low Stock
5155,10,110,2025-09-24,86,24,30,80,36,In Stock
5156,12,52,2025-04-13,55,46,71,30,46,Low Stock
5157,11,11,2025-11-14,59,132,30,161,35,In Stock
5158,20,120,2025-01-17,171,73,1,243,35,In Stock
5159,2,42,2025-02-15,197,98,144,151,14,In Stock
5160,7,7,2025-05-19,141,14,112,43,44,Low Stock
5161,12,12,2025-01-26,171,91,95,167,36,In Stock
5162,10,10,2025-07-17,188,74,63,199,51,In Stock
5163,11,31,2025-10-07,209,129,124,214,19,In Stock
5164,17,97,2025-10-10,121,121,48,194,34,In Stock
5165,4,144,2025-06-16,175,94,139,130,22,In Stock
5166,14,54,2025-06-11,40,104,129,15,36,Low Stock
5167,8,148,2025-04-02,226,38,92,172,17,In Stock
5168,9,89,2025-10-26,199,94,142,151,51,In Stock
5169,16,16,2025-05-21,32,54,38,48,28,In Stock
5170,20,20,2025-09-26,122,29,82,69,44,In Stock
5171,7,127,2025-10-28,195,85,66,214,28,In Stock
5172,4,144,2025-08-18,227,52,74,205,46,In Stock
5173,19,19,2025-09-06,72,44,5,111,30,In Stock
5174,8,8,2025-01-09,45,69,13,101,15,In Stock
5175,8,28,2025-04-01,99,133,84,148,53,In Stock
5176,10,70,2025-01-06,131,138,100,169,25,In Stock
5177,8,48,2025-11-04,151,136,91,196,47,In Stock
5178,1,1,2025-05-25,59,72,7,124,39,In Stock
5179,20,20,2025-11-02,79,129,110,98,21,In Stock
5180,5,45,2025-12-26,98,124,48,174,55,In Stock
5181,19,39,2025-06-18,87,26,0,113,44,In Stock
5182,3,43,2025-02-22,142,102,51,193,40,In Stock
5183,8,28,2025-09-06,200,7,51,156,48,In Stock
5184,15,15,2025-09-23,149,8,22,135,24,In Stock
5185,18,58,2025-05-22,239,38,82,195,30,In Stock
5186,7,147,2025-04-04,85,72,59,98,24,In Stock
5187,20,80,2025-05-03,184,68,11,241,38,In Stock
5188,6,66,2025-04-27,221,92,51,262,20,In Stock
5189,16,116,2025-12-10,187,20,22,185,18,In Stock
5190,20,40,2025-06-22,111,120,10,221,17,In Stock
5191,10,30,2025-07-18,38,128,139,27,59,Low Stock
5192,16,16,2025-07-20,167,97,89,175,12,In Stock
5193,10,150,2025-11-02,144,101,16,229,34,In Stock
5194,18,58,2025-12-13,159,33,77,115,24,In Stock
5195,14,74,2025-12-18,190,51,103,138,27,In Stock
5196,5,45,2025-06-23,210,113,125,198,13,In Stock
5197,13,113,2025-03-06,154,85,146,93,21,In Stock
5198,19,79,2025-10-16,249,64,48,265,36,In Stock
5199,6,26,2025-11-11,155,146,135,166,39,In Stock
5200,6,66,2025-11-24,159,92,56,195,52,In Stock
5201,4,44,2025-01-12,141,51,79,113,58,In Stock
5202,18,18,2025-08-04,248,82,45,285,21,In Stock
5203,6,126,2025-01-08,73,39,95,17,47,Low Stock
5204,16,56,2025-12-11,50,137,143,44,37,In Stock
5205,12,132,2025-07-03,103,141,96,148,40,In Stock
5206,11,91,2025-06-01,91,107,68,130,41,In Stock
5207,12,132,2025-07-22,52,25,40,37,48,Low Stock
5208,2,42,2025-12-19,78,71,52,97,22,In Stock
5209,10,70,2025-05-04,136,33,83,86,33,In Stock
5210,13,73,2025-10-07,122,47,54,115,40,In Stock
5211,20,60,2025-11-25,246,33,6,273,29,In Stock
5212,16,16,2025-05-10,122,29,97,54,36,In Stock
5213,10,10,2025-04-26,229,44,32,241,12,In Stock
5214,2,62,2025-12-06,39,145,46,138,20,In Stock
5215,4,44,2025-11-05,167,9,148,28,25,In Stock
5216,7,107,2025-11-12,53,67,115,5,26,Low Stock
5217,19,119,2025-11-22,113,23,8,128,51,In Stock
5218,16,96,2025-10-11,130,36,111,55,28,In Stock
5219,14,54,2025-06-21,113,27,87,53,47,In Stock
5220,10,150,2025-05-22,126,86,72,140,47,In Stock
5221,19,39,2025-10-09,175,137,98,214,30,In Stock
5222,5,45,2025-06-17,176,73,145,104,32,In Stock
5223,12,92,2025-02-05,217,104,85,236,55,In Stock
5224,11,31,2025-12-19,207,136,133,210,53,In Stock
5225,2,142,2025-01-19,247,144,89,302,59,In Stock
5226,16,136,2025-06-01,130,127,134,123,59,In Stock
5227,9,29,2025-01-09,26,66,68,24,48,Low Stock
5228,7,27,2025-10-03,55,128,2,181,37,In Stock
5229,4,104,2025-07-17,25,120,64,81,37,In Stock
5230,1,81,2025-09-23,213,60,67,206,17,In Stock
5231,9,109,2025-05-13,66,67,120,13,21,Low Stock
5232,10,130,2025-01-02,201,104,26,279,60,In Stock
5233,11,91,2025-02-27,50,97,140,7,11,Low Stock
5234,16,56,2025-06-08,119,150,4,265,55,In Stock
5235,9,49,2025-05-14,187,119,9,297,30,In Stock
5236,11,71,2025-08-22,98,85,89,94,13,In Stock
5237,5,5,2025-01-18,192,61,58,195,46,In Stock
5238,13,73,2025-12-06,229,111,38,302,57,In Stock
5239,11,71,2025-01-12,185,144,47,282,40,In Stock
5240,8,108,2025-03-08,160,80,77,163,18,In Stock
5241,14,34,2025-10-23,155,13,1,167,31,In Stock
5242,1,141,2025-12-08,163,114,32,245,12,In Stock
5243,1,41,2025-08-21,102,16,107,11,11,Low Stock
5244,9,29,2025-09-03,61,20,23,58,24,In Stock
5245,14,134,2025-03-20,245,40,29,256,33,In Stock
5246,6,126,2025-11-01,94,65,141,18,24,Low Stock
5247,16,36,2025-06-16,209,134,117,226,32,In Stock
5248,10,130,2025-03-02,55,123,29,149,17,In Stock
5249,13,33,2025-08-25,229,124,32,321,41,In Stock
5250,9,69,2025-08-05,22,118,17,123,26,In Stock
5251,6,126,2025-03-17,57,148,59,146,28,In Stock
5252,17,57,2025-08-06,48,11,20,39,56,Low Stock
5253,16,76,2025-02-22,155,4,122,37,22,In Stock
5254,17,37,2025-09-21,137,86,38,185,59,In Stock
5255,18,78,2025-03-02,101,82,139,44,53,Low Stock
5256,20,20,2025-05-09,70,17,48,39,29,In Stock
5257,15,135,2025-06-06,86,86,7,165,41,In Stock
5258,17,77,2025-10-02,80,64,86,58,36,In Stock
5259,7,127,2025-03-16,142,104,39,207,52,In Stock
5260,1,101,2025-09-14,87,3,40,50,38,In Stock
5261,10,90,2025-01-19,191,59,104,146,21,In Stock
5262,2,82,2025-10-01,48,1,36,13,54,Low Stock
5263,5,145,2025-09-05,211,144,105,250,36,In Stock
5264,1,141,2025-01-26,82,144,84,142,22,In Stock
5265,14,94,2025-02-12,231,142,62,311,26,In Stock
5266,1,121,2025-05-27,191,79,140,130,50,In Stock
5267,17,77,2025-01-23,124,84,127,81,33,In Stock
5268,17,37,2025-04-12,70,146,7,209,35,In Stock
5269,8,88,2025-08-11,207,127,136,198,55,In Stock
5270,20,20,2025-02-05,174,0,71,103,40,In Stock
5271,18,118,2025-05-06,189,129,139,179,30,In Stock
5272,18,18,2025-12-16,180,101,1,280,47,In Stock
5273,7,27,2025-07-02,147,112,133,126,53,In Stock
5274,9,69,2025-02-06,215,148,36,327,45,In Stock
5275,10,150,2025-11-23,174,25,31,168,31,In Stock
5276,9,49,2025-02-28,105,74,134,45,44,In Stock
5277,15,95,2025-11-13,116,94,142,68,14,In Stock
5278,8,28,2025-11-28,59,2,1,60,36,In Stock
5279,12,92,2025-02-12,39,35,28,46,51,Low Stock
5280,2,82,2025-09-24,110,146,144,112,12,In Stock
5281,7,7,2025-04-21,159,119,17,261,11,In Stock
5282,6,26,2025-02-02,162,7,119,50,31,In Stock
5283,11,11,2025-05-12,237,52,130,159,34,In Stock
5284,13,113,2025-04-14,226,87,129,184,45,In Stock
5285,7,67,2025-11-10,205,47,50,202,33,In Stock
5286,17,97,2025-12-04,81,96,85,92,21,In Stock
5287,14,94,2025-07-21,133,150,8,275,17,In Stock
5288,10,50,2025-01-15,221,116,85,252,58,In Stock
5289,3,123,2025-08-26,194,80,4,270,43,In Stock
5290,19,59,2025-02-26,117,116,43,190,37,In Stock
5291,13,33,2025-05-27,148,71,50,169,29,In Stock
5292,17,77,2025-01-21,237,103,143,197,14,In Stock
5293,5,105,2025-04-28,49,35,72,12,55,Low Stock
5294,8,28,2025-12-07,82,111,123,70,44,In Stock
5295,4,4,2025-04-05,108,35,14,129,58,In Stock
5296,3,3,2025-05-27,162,38,19,181,37,In Stock
5297,7,7,2025-06-27,156,134,10,280,28,In Stock
5298,1,21,2025-07-25,54,17,66,5,57,Low Stock
5299,3,143,2025-04-12,84,2,5,81,39,In Stock
5300,20,20,2025-04-26,242,132,70,304,26,In Stock
5301,2,42,2025-02-14,148,67,21,194,19,In Stock
5302,6,106,2025-04-04,35,117,122,30,45,Low Stock
5303,7,127,2025-05-21,200,137,76,261,31,In Stock
5304,18,18,2025-11-07,57,116,61,112,37,In Stock
5305,16,96,2025-06-12,248,72,62,258,36,In Stock
5306,7,7,2025-06-23,127,146,115,158,51,In Stock
5307,17,137,2025-07-06,72,131,78,125,51,In Stock
5308,16,116,2025-12-06,154,144,5,293,52,In Stock
5309,7,27,2025-02-16,83,108,86,105,39,In Stock
5310,17,77,2025-12-20,34,28,11,51,17,In Stock
5311,15,55,2025-11-06,27,15,29,13,16,Low Stock
5312,5,25,2025-01-26,98,97,19,176,52,In Stock
5313,8,68,2025-06-13,203,3,38,168,49,In Stock
5314,6,86,2025-04-05,231,34,109,156,22,In Stock
5315,12,32,2025-05-20,188,86,24,250,40,In Stock
5316,13,93,2025-02-01,247,23,136,134,27,In Stock
5317,9,109,2025-01-03,60,62,41,81,14,In Stock
5318,12,52,2025-06-13,109,67,108,68,57,In Stock
5319,16,36,2025-10-02,60,71,103,28,10,In Stock
5320,10,50,2025-10-18,104,58,10,152,54,In Stock
5321,14,54,2025-03-11,87,139,102,124,22,In Stock
5322,9,9,2025-06-22,224,134,82,276,33,In Stock
5323,8,68,2025-09-28,24,4,10,18,34,Low Stock
5324,13,93,2025-04-03,107,25,103,29,43,Low Stock
5325,14,134,2025-10-26,120,34,96,58,19,In Stock
5326,3,43,2025-12-11,92,118,49,161,15,In Stock
5327,18,118,2025-01-28,178,84,95,167,51,In Stock
5328,2,142,2025-02-01,238,135,68,305,30,In Stock
5329,17,77,2025-03-15,122,8,13,117,57,In Stock
5330,17,137,2025-12-22,92,108,134,66,45,In Stock
5331,10,110,2025-07-18,72,19,3,88,59,In Stock
5332,11,111,2025-01-08,155,23,116,62,12,In Stock
5333,1,121,2025-04-18,79,94,96,77,26,In Stock
5334,14,134,2025-07-15,73,19,9,83,57,In Stock
5335,8,128,2025-04-15,101,34,55,80,46,In Stock
5336,7,87,2025-11-22,206,116,111,211,34,In Stock
5337,13,133,2025-02-08,55,54,98,11,30,Low Stock
5338,18,78,2025-04-27,236,7,111,132,39,In Stock
5339,10,90,2025-06-03,30,143,59,114,35,In Stock
5340,10,150,2025-03-16,195,117,4,308,48,In Stock
5341,4,24,2025-08-18,46,5,41,10,24,Low Stock
5342,11,71,2025-01-02,100,44,95,49,16,In Stock
5343,6,106,2025-10-10,248,141,54,335,56,In Stock
5344,10,70,2025-01-23,106,55,15,146,48,In Stock
5345,7,67,2025-04-25,245,29,137,137,37,In Stock
5346,18,38,2025-11-06,96,26,92,30,15,In Stock
5347,2,102,2025-08-23,44,96,113,27,26,In Stock
5348,17,37,2025-01-16,40,9,40,9,24,Low Stock
5349,2,62,2025-12-23,45,99,1,143,21,In Stock
5350,16,16,2025-12-09,104,6,11,99,22,In Stock
5351,10,90,2025-12-01,61,3,56,8,37,Low Stock
5352,6,66,2025-10-13,123,91,125,89,23,In Stock
5353,11,51,2025-03-01,214,116,86,244,49,In Stock
5354,11,51,2025-02-19,126,136,17,245,38,In Stock
5355,2,62,2025-10-17,32,66,14,84,31,In Stock
5356,14,54,2025-10-18,45,19,40,24,10,In Stock
5357,4,104,2025-07-04,82,120,43,159,48,In Stock
5358,7,67,2025-10-26,171,19,142,48,43,In Stock
5359,12,112,2025-11-24,31,139,43,127,17,In Stock
5360,4,104,2025-07-03,228,18,98,148,34,In Stock
5361,10,70,2025-02-18,61,74,0,135,32,In Stock
5362,18,38,2025-07-11,154,36,62,128,13,In Stock
5363,10,110,2025-10-08,163,24,105,82,19,In Stock
5364,1,141,2025-06-28,105,0,101,4,43,Low Stock
5365,6,126,2025-06-15,184,83,142,125,35,In Stock
5366,12,72,2025-04-11,153,4,115,42,55,Low Stock
5367,19,59,2025-08-09,120,89,41,168,36,In Stock
5368,12,32,2025-12-20,145,90,80,155,55,In Stock
5369,11,131,2025-04-23,32,3,32,3,28,Low Stock
5370,3,103,2025-06-25,215,101,58,258,51,In Stock
5371,5,45,2025-01-17,176,33,31,178,31,In Stock
5372,10,50,2025-06-01,207,47,13,241,44,In Stock
5373,10,150,2025-04-14,104,119,131,92,56,In Stock
5374,2,122,2025-10-25,187,54,33,208,11,In Stock
5375,14,74,2025-09-22,136,56,125,67,12,In Stock
5376,19,99,2025-04-05,33,87,15,105,59,In Stock
5377,7,147,2025-08-02,137,17,120,34,14,In Stock
5378,7,7,2025-09-03,89,58,36,111,18,In Stock
5379,17,17,2025-01-06,95,112,2,205,19,In Stock
5380,5,65,2025-07-24,246,99,145,200,11,In Stock
5381,6,106,2025-11-21,209,133,78,264,23,In Stock
5382,20,60,2025-06-03,113,55,80,88,30,In Stock
5383,18,38,2025-01-16,250,109,26,333,23,In Stock
5384,2,102,2025-07-11,84,100,71,113,30,In Stock
5385,4,144,2025-07-28,238,115,117,236,39,In Stock
5386,1,101,2025-01-24,103,109,89,123,47,In Stock
5387,4,44,2025-06-15,234,137,51,320,46,In Stock
5388,5,45,2025-09-09,106,137,98,145,17,In Stock
5389,4,124,2025-02-27,163,145,109,199,25,In Stock
5390,15,75,2025-03-03,145,145,29,261,28,In Stock
5391,20,80,2025-08-11,24,85,93,16,14,In Stock
5392,7,147,2025-12-14,239,18,29,228,15,In Stock
5393,5,25,2025-02-17,207,86,119,174,46,In Stock
5394,14,114,2025-03-20,249,27,102,174,22,In Stock
5395,13,73,2025-01-01,212,101,121,192,30,In Stock
5396,4,84,2025-05-26,87,96,30,153,56,In Stock
5397,19,99,2025-09-21,143,101,16,228,47,In Stock
5398,11,131,2025-08-14,21,93,49,65,52,In Stock
5399,20,140,2025-01-15,241,96,75,262,15,In Stock
5400,6,106,2025-09-11,179,110,67,222,58,In Stock
5401,8,68,2025-12-14,122,108,6,224,51,In Stock
5402,19,59,2025-03-24,159,150,113,196,34,In Stock
5403,2,22,2025-01-23,25,16,36,5,43,Low Stock
5404,14,94,2025-07-10,88,20,87,21,11,In Stock
5405,13,93,2025-03-06,22,29,14,37,59,Low Stock
5406,16,76,2025-01-05,23,45,43,25,11,In Stock
5407,13,113,2025-06-07,218,104,131,191,30,In Stock
5408,16,16,2025-05-09,44,115,7,152,22,In Stock
5409,13,113,2025-03-11,239,23,58,204,37,In Stock
5410,3,3,2025-09-26,152,54,44,162,59,In Stock
5411,9,129,2025-07-20,244,59,53,250,46,In Stock
5412,7,87,2025-11-25,124,133,92,165,60,In Stock
5413,20,20,2025-04-28,235,123,86,272,36,In Stock
5414,20,120,2025-07-18,125,19,33,111,57,In Stock
5415,7,7,2025-09-11,21,31,52,0,50,Out of Stock
5416,13,73,2025-02-17,55,17,20,52,58,Low Stock
5417,20,20,2025-12-04,47,137,121,63,20,In Stock
5418,3,83,2025-08-23,80,8,48,40,36,In Stock
5419,10,30,2025-05-17,21,82,77,26,21,In Stock
5420,5,85,2025-07-16,207,117,136,188,31,In Stock
5421,9,49,2025-09-17,129,22,76,75,53,In Stock
5422,1,141,2025-12-12,206,108,86,228,56,In Stock
5423,11,11,2025-05-26,124,26,12,138,22,In Stock
5424,5,65,2025-06-12,125,78,3,200,32,In Stock
5425,17,37,2025-03-07,52,54,34,72,46,In Stock
5426,15,75,2025-02-26,113,79,67,125,32,In Stock
5427,20,40,2025-10-15,47,9,54,2,45,Low Stock
5428,17,117,2025-03-26,190,38,70,158,23,In Stock
5429,20,40,2025-07-20,133,133,96,170,45,In Stock
5430,12,112,2025-03-06,245,6,32,219,41,In Stock
5431,6,86,2025-07-07,144,133,0,277,13,In Stock
5432,14,94,2025-12-07,139,120,113,146,17,In Stock
5433,3,83,2025-08-08,181,96,81,196,53,In Stock
5434,20,60,2025-04-18,56,119,130,45,19,In Stock
5435,5,85,2025-10-26,93,64,81,76,43,In Stock
5436,17,137,2025-10-17,100,129,74,155,31,In Stock
5437,15,95,2025-02-03,181,99,109,171,33,In Stock
5438,6,6,2025-02-03,79,100,97,82,21,In Stock
5439,9,69,2025-09-23,87,44,106,25,57,Low Stock
5440,9,149,2025-05-01,40,119,135,24,17,In Stock
5441,11,11,2025-08-27,162,97,68,191,35,In Stock
5442,14,54,2025-06-20,83,54,10,127,10,In Stock
5443,5,25,2025-05-19,151,145,148,148,31,In Stock
5444,5,85,2025-10-25,55,21,39,37,45,Low Stock
5445,13,133,2025-10-23,224,41,17,248,33,In Stock
5446,2,2,2025-11-28,79,79,26,132,41,In Stock
5447,9,149,2025-08-24,22,149,7,164,19,In Stock
5448,9,29,2025-05-26,180,125,67,238,26,In Stock
5449,8,28,2025-03-07,223,142,141,224,29,In Stock
5450,16,136,2025-09-11,204,126,93,237,16,In Stock
5451,13,33,2025-02-20,137,35,95,77,30,In Stock
5452,13,73,2025-06-01,52,6,54,4,41,Low Stock
5453,18,38,2025-01-27,110,36,84,62,45,In Stock
5454,20,140,2025-03-17,45,66,32,79,21,In Stock
5455,10,30,2025-08-03,73,111,48,136,32,In Stock
5456,17,137,2025-10-01,120,26,58,88,49,In Stock
5457,19,139,2025-02-02,100,126,63,163,60,In Stock
5458,15,115,2025-07-20,203,16,98,121,14,In Stock
5459,8,88,2025-09-02,89,76,89,76,52,In Stock
5460,9,69,2025-09-05,47,49,76,20,27,Low Stock
5461,5,45,2025-10-13,131,145,89,187,14,In Stock
5462,12,92,2025-02-07,124,104,49,179,48,In Stock
5463,15,115,2025-09-05,30,149,61,118,56,In Stock
5464,10,10,2025-01-06,99,114,117,96,10,In Stock
5465,7,47,2025-07-09,246,145,27,364,60,In Stock
5466,2,122,2025-07-12,198,20,64,154,19,In Stock
5467,4,24,2025-10-22,27,83,57,53,40,In Stock
5468,10,130,2025-12-09,120,54,32,142,29,In Stock
5469,8,48,2025-02-05,28,99,5,122,17,In Stock
5470,13,73,2025-01-06,82,32,73,41,18,In Stock
5471,1,61,2025-08-13,179,130,112,197,21,In Stock
5472,17,137,2025-07-13,226,44,123,147,14,In Stock
5473,10,10,2025-04-27,93,6,47,52,19,In Stock
5474,10,70,2025-12-08,210,146,7,349,36,In Stock
5475,13,13,2025-06-12,168,136,121,183,21,In Stock
5476,1,81,2025-11-13,243,4,15,232,30,In Stock
5477,8,68,2025-02-11,165,64,75,154,21,In Stock
5478,9,69,2025-06-09,73,3,65,11,35,Low Stock
5479,5,25,2025-04-09,156,61,53,164,48,In Stock
5480,3,143,2025-05-01,32,107,100,39,39,Low Stock
5481,20,80,2025-04-09,83,25,17,91,15,In Stock
5482,1,121,2025-04-20,27,135,81,81,36,In Stock
5483,16,116,2025-05-04,22,34,54,2,55,Low Stock
5484,9,49,2025-09-23,159,107,123,143,10,In Stock
5485,19,119,2025-03-10,182,132,37,277,34,In Stock
5486,3,83,2025-02-16,142,65,70,137,13,In Stock
5487,13,133,2025-04-26,206,142,133,215,12,In Stock
5488,9,9,2025-04-24,97,95,57,135,30,In Stock
5489,8,8,2025-12-24,211,30,4,237,12,In Stock
5490,17,77,2025-09-14,234,111,142,203,30,In Stock
5491,12,12,2025-04-13,26,7,31,2,10,Low Stock
5492,3,63,2025-11-11,237,99,107,229,24,In Stock
5493,16,36,2025-05-15,98,66,5,159,42,In Stock
5494,14,54,2025-08-10,238,16,16,238,35,In Stock
5495,1,121,2025-09-03,187,47,49,185,41,In Stock
5496,17,17,2025-05-13,148,36,149,35,30,In Stock
5497,3,23,2025-11-22,88,103,59,132,26,In Stock
5498,18,138,2025-05-09,84,136,141,79,28,In Stock
5499,14,14,2025-08-28,41,72,101,12,38,Low Stock
5500,10,30,2025-04-13,61,149,4,206,40,In Stock
5501,13,93,2025-04-25,164,38,57,145,36,In Stock
5502,12,112,2025-01-12,96,139,38,197,46,In Stock
5503,18,118,2025-01-08,27,6,2,31,40,Low Stock
5504,16,16,2025-06-11,245,35,99,181,14,In Stock
5505,12,32,2025-06-19,143,115,29,229,60,In Stock
5506,2,62,2025-12-22,43,128,118,53,52,In Stock
5507,2,22,2025-11-19,97,138,36,199,60,In Stock
5508,15,75,2025-05-15,46,105,131,20,15,In Stock
5509,16,76,2025-06-19,199,90,93,196,53,In Stock
5510,13,113,2025-01-20,196,65,149,112,29,In Stock
5511,11,51,2025-11-09,92,88,71,109,40,In Stock
5512,13,33,2025-09-04,226,71,19,278,15,In Stock
5513,12,132,2025-12-16,147,100,75,172,30,In Stock
5514,7,147,2025-01-11,93,24,28,89,60,In Stock
5515,11,11,2025-03-08,234,48,107,175,32,In Stock
5516,5,5,2025-10-03,42,120,128,34,56,Low Stock
5517,10,10,2025-09-11,201,63,116,148,11,In Stock
5518,9,69,2025-03-19,42,87,110,19,40,Low Stock
5519,3,103,2025-07-23,113,92,10,195,36,In Stock
5520,19,119,2025-02-13,104,20,115,9,54,Low Stock
5521,14,134,2025-05-01,180,15,30,165,15,In Stock
5522,4,84,2025-11-05,169,114,98,185,32,In Stock
5523,15,35,2025-03-12,31,61,46,46,47,Low Stock
5524,15,55,2025-03-01,44,134,81,97,21,In Stock
5525,20,40,2025-03-21,43,63,101,5,10,Low Stock
5526,17,117,2025-07-19,50,69,111,8,56,Low Stock
5527,8,128,2025-07-08,99,150,133,116,14,In Stock
5528,7,87,2025-10-02,209,144,1,352,16,In Stock
5529,10,150,2025-12-09,150,70,58,162,36,In Stock
5530,6,86,2025-02-26,75,46,71,50,45,In Stock
5531,4,24,2025-05-23,83,65,35,113,21,In Stock
5532,11,31,2025-01-22,144,46,121,69,55,In Stock
5533,14,34,2025-02-08,177,35,79,133,34,In Stock
5534,9,9,2025-10-12,210,104,74,240,53,In Stock
5535,7,67,2025-05-26,133,137,28,242,37,In Stock
5536,1,81,2025-02-27,99,38,65,72,23,In Stock
5537,2,122,2025-06-01,47,133,126,54,30,In Stock
5538,14,54,2025-01-01,139,45,59,125,16,In Stock
5539,9,69,2025-10-22,111,14,46,79,33,In Stock
5540,20,60,2025-03-20,57,61,111,7,41,Low Stock
5541,20,40,2025-03-01,142,14,88,68,34,In Stock
5542,18,18,2025-05-06,218,100,116,202,12,In Stock
5543,11,131,2025-02-02,162,44,17,189,28,In Stock
5544,16,136,2025-06-13,167,112,98,181,14,In Stock
5545,12,72,2025-11-25,245,52,141,156,53,In Stock
5546,5,125,2025-12-20,44,96,82,58,35,In Stock
5547,4,124,2025-12-17,82,138,63,157,54,In Stock
5548,4,84,2025-07-25,205,40,17,228,41,In Stock
5549,8,68,2025-11-20,31,106,10,127,11,In Stock
5550,6,106,2025-03-20,109,34,50,93,54,In Stock
5551,18,58,2025-02-08,114,127,102,139,57,In Stock
5552,1,41,2025-02-09,125,117,43,199,45,In Stock
5553,13,133,2025-06-26,168,53,87,134,33,In Stock
5554,7,67,2025-12-24,166,72,132,106,37,In Stock
5555,8,88,2025-03-01,114,59,121,52,48,In Stock
5556,13,133,2025-07-07,58,90,73,75,34,In Stock
5557,6,46,2025-11-03,116,115,45,186,44,In Stock
5558,19,119,2025-02-18,103,78,15,166,30,In Stock
5559,7,67,2025-09-21,130,127,6,251,56,In Stock
5560,3,3,2025-09-09,203,72,48,227,18,In Stock
5561,19,119,2025-04-11,62,82,64,80,10,In Stock
5562,16,36,2025-06-09,179,70,93,156,59,In Stock
5563,5,145,2025-11-14,197,55,135,117,30,In Stock
5564,19,119,2025-02-18,228,98,58,268,52,In Stock
5565,7,7,2025-02-22,56,133,144,45,56,Low Stock
5566,11,51,2025-08-01,231,91,38,284,31,In Stock
5567,8,68,2025-03-16,170,36,75,131,33,In Stock
5568,2,122,2025-07-13,68,86,28,126,52,In Stock
5569,5,5,2025-07-05,92,117,139,70,40,In Stock
5570,12,12,2025-05-18,91,97,0,188,48,In Stock
5571,12,132,2025-04-16,198,121,98,221,17,In Stock
5572,5,5,2025-12-12,103,71,133,41,60,Low Stock
5573,8,108,2025-04-10,73,81,57,97,18,In Stock
5574,17,57,2025-07-28,87,3,81,9,14,Low Stock
5575,7,47,2025-10-21,64,92,39,117,14,In Stock
5576,7,87,2025-11-10,59,104,40,123,12,In Stock
5577,17,97,2025-01-19,123,134,77,180,12,In Stock
5578,10,70,2025-09-16,141,113,131,123,20,In Stock
5579,4,144,2025-12-18,35,65,25,75,36,In Stock
5580,6,66,2025-11-06,225,8,15,218,46,In Stock
5581,8,88,2025-05-08,27,143,3,167,38,In Stock
5582,10,110,2025-06-10,128,114,65,177,25,In Stock
5583,4,84,2025-05-26,218,59,3,274,30,In Stock
5584,14,134,2025-11-15,202,139,82,259,50,In Stock
5585,5,85,2025-09-28,216,54,36,234,37,In Stock
5586,9,9,2025-12-06,117,6,83,40,34,In Stock
5587,14,74,2025-04-07,144,127,125,146,57,In Stock
5588,6,86,2025-09-07,209,57,5,261,42,In Stock
5589,17,77,2025-11-25,121,128,116,133,42,In Stock
5590,1,61,2025-03-07,85,140,6,219,45,In Stock
5591,12,32,2025-11-21,202,62,94,170,11,In Stock
5592,13,33,2025-05-12,201,130,124,207,41,In Stock
5593,10,130,2025-09-18,195,138,123,210,20,In Stock
5594,7,27,2025-11-18,212,148,97,263,57,In Stock
5595,12,12,2025-10-10,74,63,4,133,24,In Stock
5596,11,71,2025-04-21,47,127,57,117,42,In Stock
5597,11,131,2025-01-03,91,5,44,52,28,In Stock
5598,1,81,2025-10-01,212,16,23,205,33,In Stock
5599,3,63,2025-11-23,79,134,34,179,46,In Stock
5600,16,96,2025-11-24,218,48,145,121,15,In Stock
5601,4,124,2025-08-20,126,148,75,199,31,In Stock
5602,10,30,2025-01-23,246,133,78,301,17,In Stock
5603,1,141,2025-08-07,240,128,0,368,18,In Stock
5604,12,72,2025-10-06,92,48,111,29,27,In Stock
5605,7,127,2025-07-27,203,111,25,289,57,In Stock
5606,17,77,2025-06-08,137,49,118,68,36,In Stock
5607,19,119,2025-10-03,181,131,112,200,48,In Stock
5608,14,34,2025-04-06,162,51,76,137,31,In Stock
5609,10,90,2025-10-17,155,9,144,20,41,Low Stock
5610,13,53,2025-11-04,132,91,1,222,11,In Stock
5611,8,148,2025-07-05,193,150,129,214,40,In Stock
5612,17,137,2025-09-18,193,27,30,190,45,In Stock
5613,5,45,2025-01-18,171,50,67,154,18,In Stock
5614,12,12,2025-02-20,21,46,46,21,54,Low Stock
5615,8,28,2025-12-22,103,131,68,166,23,In Stock
5616,4,124,2025-02-28,57,118,35,140,36,In Stock
5617,14,114,2025-11-09,223,23,95,151,13,In Stock
5618,13,53,2025-05-12,59,105,126,38,51,Low Stock
5619,2,2,2025-10-13,133,116,3,246,30,In Stock
5620,4,24,2025-08-07,100,148,137,111,22,In Stock
5621,20,60,2025-03-05,142,41,55,128,58,In Stock
5622,4,104,2025-01-26,159,100,81,178,37,In Stock
5623,7,107,2025-03-23,21,26,32,15,46,Low Stock
5624,3,63,2025-12-02,162,123,41,244,16,In Stock
5625,19,79,2025-05-15,29,73,23,79,50,In Stock
5626,6,6,2025-09-11,160,72,144,88,11,In Stock
5627,7,127,2025-08-06,121,109,91,139,55,In Stock
5628,7,147,2025-01-13,111,9,31,89,48,In Stock
5629,3,23,2025-04-25,244,118,10,352,21,In Stock
5630,11,91,2025-02-15,44,11,43,12,36,Low Stock
5631,1,81,2025-09-27,81,97,102,76,35,In Stock
5632,15,15,2025-06-12,72,7,62,17,26,Low Stock
5633,14,134,2025-01-18,247,61,53,255,41,In Stock
5634,8,148,2025-12-09,63,113,142,34,17,In Stock
5635,9,49,2025-12-14,154,122,84,192,56,In Stock
5636,17,57,2025-05-28,249,44,113,180,48,In Stock
5637,1,21,2025-01-19,233,109,1,341,57,In Stock
5638,11,51,2025-05-06,169,46,55,160,25,In Stock
5639,5,145,2025-02-17,205,135,58,282,16,In Stock
5640,12,52,2025-10-24,210,59,28,241,18,In Stock
5641,16,76,2025-08-04,179,77,42,214,35,In Stock
5642,10,90,2025-12-16,144,78,141,81,56,In Stock
5643,17,137,2025-08-14,49,62,94,17,60,Low Stock
5644,18,38,2025-04-23,79,131,33,177,27,In Stock
5645,6,46,2025-07-27,161,90,96,155,10,In Stock
5646,2,122,2025-05-27,34,33,13,54,47,In Stock
5647,4,24,2025-07-15,173,16,129,60,12,In Stock
5648,20,80,2025-07-13,143,82,33,192,45,In Stock
5649,15,15,2025-08-02,193,0,83,110,20,In Stock
5650,3,103,2025-07-26,108,10,85,33,46,Low Stock
5651,16,136,2025-06-20,231,143,144,230,18,In Stock
5652,14,134,2025-12-20,119,82,52,149,29,In Stock
5653,7,47,2025-02-05,208,17,87,138,13,In Stock
5654,14,74,2025-04-02,89,84,124,49,41,In Stock
5655,6,46,2025-06-28,85,60,107,38,45,Low Stock
5656,1,21,2025-05-18,221,51,48,224,45,In Stock
5657,6,6,2025-04-04,239,76,54,261,48,In Stock
5658,3,123,2025-06-17,65,88,88,65,12,In Stock
5659,13,73,2025-07-28,195,13,33,175,42,In Stock
5660,2,102,2025-06-21,103,125,146,82,18,In Stock
5661,8,108,2025-05-09,179,34,90,123,13,In Stock
5662,1,121,2025-08-08,93,74,118,49,35,In Stock
5663,4,124,2025-01-03,44,33,0,77,27,In Stock
5664,14,114,2025-05-26,57,111,2,166,10,In Stock
5665,9,69,2025-06-26,88,53,16,125,49,In Stock
5666,9,29,2025-01-06,24,69,39,54,50,In Stock
5667,13,93,2025-01-27,74,145,145,74,51,In Stock
5668,11,71,2025-02-13,57,94,143,8,50,Low Stock
5669,13,73,2025-08-07,164,5,130,39,37,In Stock
5670,4,44,2025-01-08,111,10,29,92,28,In Stock
5671,2,142,2025-08-09,72,123,132,63,38,In Stock
5672,14,34,2025-05-15,170,33,113,90,11,In Stock
5673,8,148,2025-05-06,81,125,105,101,42,In Stock
5674,19,19,2025-04-07,222,42,87,177,37,In Stock
5675,17,137,2025-09-05,48,31,0,79,35,In Stock
5676,15,75,2025-03-25,95,51,92,54,12,In Stock
5677,12,12,2025-03-01,29,107,84,52,29,In Stock
5678,18,38,2025-10-02,118,114,47,185,53,In Stock
5679,8,48,2025-02-02,246,98,49,295,60,In Stock
5680,10,30,2025-09-14,213,10,133,90,44,In Stock
5681,19,119,2025-01-28,178,106,20,264,24,In Stock
5682,17,37,2025-08-27,111,140,128,123,26,In Stock
5683,3,23,2025-05-12,221,147,146,222,12,In Stock
5684,5,145,2025-05-28,243,19,40,222,21,In Stock
5685,8,88,2025-08-01,55,53,50,58,44,In Stock
5686,20,140,2025-09-06,22,28,38,12,45,Low Stock
5687,9,109,2025-01-09,193,146,50,289,22,In Stock
5688,14,14,2025-10-09,61,127,41,147,36,In Stock
5689,20,20,2025-11-10,85,69,39,115,53,In Stock
5690,5,25,2025-11-01,192,18,5,205,40,In Stock
5691,15,55,2025-08-12,25,108,85,48,47,In Stock
5692,18,38,2025-10-22,206,61,108,159,33,In Stock
5693,16,136,2025-05-22,63,114,57,120,46,In Stock
5694,11,51,2025-03-18,137,78,133,82,30,In Stock
5695,5,145,2025-11-11,69,46,90,25,47,Low Stock
5696,2,42,2025-11-01,105,69,2,172,57,In Stock
5697,1,81,2025-10-01,189,32,12,209,13,In Stock
5698,8,28,2025-09-15,190,49,81,158,51,In Stock
5699,15,75,2025-04-23,76,49,110,15,11,In Stock
5700,14,54,2025-02-21,171,64,104,131,57,In Stock
5701,6,146,2025-05-23,66,46,5,107,44,In Stock
5702,8,48,2025-07-03,27,25,4,48,15,In Stock
5703,13,93,2025-04-26,84,72,42,114,34,In Stock
5704,1,41,2025-08-01,184,85,119,150,36,In Stock
5705,3,63,2025-02-02,48,116,13,151,52,In Stock
5706,20,140,2025-06-12,120,72,27,165,34,In Stock
5707,5,5,2025-07-07,175,16,3,188,16,In Stock
5708,1,121,2025-04-10,193,114,19,288,11,In Stock
5709,16,56,2025-01-17,208,97,1,304,42,In Stock
5710,19,79,2025-06-06,133,71,138,66,10,In Stock
5711,5,125,2025-09-21,223,103,17,309,35,In Stock
5712,13,53,2025-11-12,91,107,38,160,24,In Stock
5713,14,14,2025-06-23,159,107,81,185,25,In Stock
5714,16,36,2025-07-05,28,18,24,22,49,Low Stock
5715,17,77,2025-09-10,127,74,9,192,40,In Stock
5716,3,43,2025-01-05,88,123,81,130,47,In Stock
5717,13,13,2025-05-23,31,98,89,40,46,Low Stock
5718,3,143,2025-07-10,27,95,57,65,37,In Stock
5719,14,34,2025-07-06,147,99,150,96,22,In Stock
5720,18,138,2025-04-08,59,36,40,55,45,In Stock
5721,10,50,2025-11-24,99,27,110,16,47,Low Stock
5722,15,15,2025-10-09,109,45,105,49,31,In Stock
5723,6,66,2025-03-22,236,95,101,230,11,In Stock
5724,20,40,2025-11-21,85,148,58,175,57,In Stock
5725,7,127,2025-02-02,237,79,96,220,55,In Stock
5726,20,100,2025-03-23,174,132,7,299,19,In Stock
5727,7,67,2025-11-12,118,54,23,149,12,In Stock
5728,3,3,2025-10-28,190,58,46,202,60,In Stock
5729,4,44,2025-06-11,80,117,141,56,34,In Stock
5730,7,7,2025-11-07,48,16,59,5,15,Low Stock
5731,4,64,2025-08-18,201,90,146,145,46,In Stock
5732,7,7,2025-04-02,168,127,109,186,57,In Stock
5733,18,138,2025-11-03,49,111,72,88,52,In Stock
5734,4,104,2025-06-12,146,35,70,111,46,In Stock
5735,11,131,2025-09-15,184,19,18,185,44,In Stock
5736,3,23,2025-05-23,185,71,66,190,55,In Stock
5737,13,133,2025-05-01,62,15,65,12,45,Low Stock
5738,8,68,2025-09-27,50,6,54,2,54,Low Stock
5739,5,5,2025-12-12,90,76,21,145,52,In Stock
5740,11,111,2025-07-06,230,118,107,241,32,In Stock
5741,18,118,2025-04-26,123,72,108,87,57,In Stock
5742,17,37,2025-10-05,183,32,114,101,50,In Stock
5743,16,116,2025-10-11,97,107,126,78,17,In Stock
5744,19,39,2025-09-20,22,80,49,53,40,In Stock
5745,14,94,2025-08-15,86,34,98,22,21,In Stock
5746,5,85,2025-04-11,27,22,44,5,35,Low Stock
5747,12,72,2025-03-23,138,86,127,97,43,In Stock
5748,2,2,2025-05-15,108,71,24,155,55,In Stock
5749,11,31,2025-01-28,58,144,108,94,36,In Stock
5750,17,17,2025-09-10,166,111,90,187,53,In Stock
5751,1,121,2025-06-11,191,84,85,190,57,In Stock
5752,6,106,2025-04-10,150,57,7,200,50,In Stock
5753,6,66,2025-05-01,229,29,127,131,32,In Stock
5754,19,59,2025-04-08,209,147,46,310,43,In Stock
5755,8,108,2025-12-21,28,114,98,44,33,In Stock
5756,14,34,2025-08-14,170,76,22,224,14,In Stock
5757,20,60,2025-05-19,159,149,17,291,24,In Stock
5758,6,46,2025-02-01,146,143,69,220,38,In Stock
5759,15,75,2025-10-09,192,80,125,147,55,In Stock
5760,11,11,2025-01-23,151,30,135,46,59,Low Stock
5761,20,140,2025-12-10,183,35,58,160,35,In Stock
5762,5,5,2025-06-15,148,91,39,200,54,In Stock
5763,12,32,2025-07-24,98,147,95,150,60,In Stock
5764,13,53,2025-07-15,157,106,23,240,26,In Stock
5765,14,114,2025-04-23,189,99,23,265,20,In Stock
5766,1,141,2025-12-13,97,143,146,94,35,In Stock
5767,5,105,2025-08-15,37,27,42,22,34,Low Stock
5768,1,61,2025-04-03,45,36,14,67,27,In Stock
5769,12,132,2025-03-23,229,45,119,155,37,In Stock
5770,8,28,2025-03-08,240,99,71,268,52,In Stock
5771,4,124,2025-04-26,81,83,21,143,25,In Stock
5772,15,95,2025-08-01,247,68,55,260,50,In Stock
5773,3,63,2025-04-26,195,87,25,257,18,In Stock
5774,6,106,2025-05-05,66,22,54,34,57,Low Stock
5775,10,150,2025-05-03,170,108,54,224,55,In Stock
5776,1,61,2025-03-05,149,88,47,190,32,In Stock
5777,10,130,2025-05-18,98,97,109,86,26,In Stock
5778,16,116,2025-09-12,180,141,127,194,27,In Stock
5779,13,33,2025-10-28,84,77,142,19,22,Low Stock
5780,14,134,2025-04-08,66,18,37,47,53,Low Stock
5781,6,146,2025-08-21,97,93,93,97,46,In Stock
5782,10,30,2025-10-13,38,6,2,42,18,In Stock
5783,7,107,2025-12-05,155,69,85,139,26,In Stock
5784,17,37,2025-04-03,152,81,148,85,19,In Stock
5785,20,40,2025-09-20,89,44,51,82,48,In Stock
5786,6,126,2025-07-26,140,59,92,107,29,In Stock
5787,3,43,2025-02-19,204,49,95,158,52,In Stock
5788,11,131,2025-12-17,156,83,125,114,49,In Stock
5789,12,132,2025-11-10,171,38,59,150,36,In Stock
5790,19,59,2025-08-10,137,128,81,184,33,In Stock
5791,20,120,2025-03-01,174,6,4,176,34,In Stock
5792,9,89,2025-07-21,193,92,24,261,33,In Stock
5793,5,65,2025-06-11,83,125,12,196,22,In Stock
5794,14,114,2025-12-18,232,11,27,216,46,In Stock
5795,3,43,2025-07-12,27,64,80,11,50,Low Stock
5796,17,77,2025-08-07,207,130,88,249,27,In Stock
5797,3,123,2025-01-25,110,47,57,100,18,In Stock
5798,1,1,2025-04-15,94,141,2,233,58,In Stock
5799,12,132,2025-07-13,37,126,136,27,21,In Stock
5800,5,65,2025-04-09,35,136,74,97,33,In Stock
5801,13,133,2025-01-15,219,84,5,298,20,In Stock
5802,4,64,2025-01-20,247,12,22,237,10,In Stock
5803,9,9,2025-12-20,95,103,12,186,16,In Stock
5804,7,107,2025-07-24,125,29,61,93,21,In Stock
5805,19,19,2025-07-28,186,87,120,153,40,In Stock
5806,6,46,2025-09-27,150,47,51,146,20,In Stock
5807,8,128,2025-10-26,41,124,105,60,13,In Stock
5808,1,81,2025-03-03,219,51,80,190,53,In Stock
5809,10,70,2025-04-22,67,64,82,49,19,In Stock
5810,17,77,2025-09-21,86,149,93,142,36,In Stock
5811,14,14,2025-05-17,30,3,8,25,30,Low Stock
5812,10,30,2025-06-06,208,18,35,191,42,In Stock
5813,12,92,2025-02-21,144,82,117,109,20,In Stock
5814,10,50,2025-02-14,194,75,97,172,55,In Stock
5815,2,42,2025-01-09,45,146,30,161,59,In Stock
5816,10,50,2025-10-01,153,98,39,212,41,In Stock
5817,2,62,2025-04-08,113,44,104,53,54,Low Stock
5818,19,79,2025-07-01,164,43,109,98,29,In Stock
5819,20,40,2025-12-07,97,72,108,61,41,In Stock
5820,20,120,2025-07-16,157,63,110,110,39,In Stock
5821,10,150,2025-12-26,41,26,67,0,34,Out of Stock
5822,11,11,2025-07-26,103,39,142,0,57,Out of Stock
5823,6,66,2025-07-24,233,71,107,197,52,In Stock
5824,14,114,2025-09-28,54,109,29,134,25,In Stock
5825,9,89,2025-03-24,178,86,116,148,48,In Stock
5826,14,34,2025-03-11,191,66,140,117,36,In Stock
5827,6,146,2025-04-07,34,48,26,56,52,In Stock
5828,8,108,2025-01-23,195,60,48,207,26,In Stock
5829,14,94,2025-04-19,37,46,74,9,30,Low Stock
5830,9,149,2025-10-09,180,8,34,154,53,In Stock
5831,6,126,2025-10-25,161,112,113,160,36,In Stock
5832,7,127,2025-11-26,126,99,26,199,18,In Stock
5833,6,46,2025-07-28,61,85,126,20,16,In Stock
5834,1,101,2025-07-14,160,36,134,62,17,In Stock
5835,14,134,2025-01-09,111,28,44,95,39,In Stock
5836,12,72,2025-03-24,228,29,31,226,25,In Stock
5837,9,109,2025-07-15,245,90,20,315,28,In Stock
5838,4,24,2025-02-27,222,23,125,120,14,In Stock
5839,9,89,2025-11-08,52,69,46,75,38,In Stock
5840,7,7,2025-10-23,33,59,1,91,48,In Stock
5841,17,77,2025-06-08,86,139,109,116,30,In Stock
5842,15,35,2025-10-03,237,102,24,315,48,In Stock
5843,4,24,2025-12-14,232,90,33,289,48,In Stock
5844,2,2,2025-08-20,198,139,60,277,23,In Stock
5845,17,137,2025-08-26,209,150,137,222,26,In Stock
5846,20,120,2025-06-02,27,59,42,44,49,Low Stock
5847,1,41,2025-08-08,102,97,60,139,19,In Stock
5848,8,148,2025-12-26,70,27,48,49,60,Low Stock
5849,12,132,2025-01-03,124,94,82,136,23,In Stock
5850,19,139,2025-06-08,91,68,44,115,12,In Stock
5851,9,129,2025-05-11,62,112,76,98,36,In Stock
5852,12,132,2025-11-19,164,105,125,144,55,In Stock
5853,6,86,2025-02-09,105,82,27,160,28,In Stock
5854,10,50,2025-05-09,61,96,98,59,44,In Stock
5855,11,71,2025-08-16,55,26,72,9,60,Low Stock
5856,20,100,2025-12-21,214,12,7,219,49,In Stock
5857,14,94,2025-05-03,212,105,113,204,56,In Stock
5858,19,139,2025-12-11,48,66,19,95,57,In Stock
5859,2,2,2025-03-02,128,119,110,137,41,In Stock
5860,3,43,2025-05-22,113,112,133,92,21,In Stock
5861,5,145,2025-02-26,241,111,82,270,38,In Stock
5862,3,23,2025-12-12,248,0,22,226,56,In Stock
5863,8,148,2025-06-18,68,7,22,53,28,In Stock
5864,10,10,2025-09-23,28,128,81,75,27,In Stock
5865,8,48,2025-08-15,201,90,88,203,30,In Stock
5866,2,82,2025-05-14,180,80,134,126,55,In Stock
5867,11,31,2025-10-13,140,33,4,169,50,In Stock
5868,3,63,2025-01-03,40,113,26,127,27,In Stock
5869,8,8,2025-06-15,98,3,60,41,24,In Stock
5870,16,116,2025-09-01,230,144,123,251,13,In Stock
5871,17,97,2025-11-17,24,116,29,111,26,In Stock
5872,15,75,2025-07-10,118,36,90,64,56,In Stock
5873,12,52,2025-11-08,163,55,26,192,44,In Stock
5874,19,39,2025-06-12,169,45,19,195,21,In Stock
5875,4,64,2025-10-08,214,106,134,186,53,In Stock
5876,2,42,2025-01-12,81,29,90,20,38,Low Stock
5877,18,138,2025-10-21,169,8,16,161,58,In Stock
5878,17,57,2025-08-26,212,117,135,194,37,In Stock
5879,7,27,2025-05-04,242,150,95,297,36,In Stock
5880,11,71,2025-02-11,39,80,119,0,40,Out of Stock
5881,14,114,2025-12-15,225,128,84,269,12,In Stock
5882,13,133,2025-03-14,199,78,128,149,56,In Stock
5883,11,91,2025-10-06,53,85,47,91,21,In Stock
5884,5,5,2025-11-02,80,101,33,148,39,In Stock
5885,18,98,2025-11-21,133,83,116,100,22,In Stock
5886,8,68,2025-07-15,31,46,34,43,44,Low Stock
5887,6,6,2025-09-13,243,3,144,102,48,In Stock
5888,19,139,2025-12-18,76,66,130,12,40,Low Stock
5889,2,42,2025-12-20,170,124,102,192,46,In Stock
5890,17,57,2025-12-10,59,93,71,81,60,In Stock
5891,20,100,2025-06-13,22,96,38,80,19,In Stock
5892,5,145,2025-01-09,36,67,90,13,24,Low Stock
5893,7,87,2025-08-17,197,144,53,288,13,In Stock
5894,7,67,2025-02-09,209,99,136,172,16,In Stock
5895,3,43,2025-04-13,121,103,150,74,26,In Stock
5896,2,42,2025-05-20,164,117,43,238,31,In Stock
5897,14,34,2025-03-15,161,66,39,188,13,In Stock
5898,4,104,2025-04-16,183,88,25,246,14,In Stock
5899,6,106,2025-02-24,74,22,35,61,49,In Stock
5900,6,106,2025-09-18,129,110,56,183,29,In Stock
5901,5,125,2025-07-06,154,142,141,155,29,In Stock
5902,8,128,2025-01-16,62,150,83,129,11,In Stock
5903,15,95,2025-03-03,157,7,48,116,44,In Stock
5904,16,36,2025-09-10,99,102,113,88,34,In Stock
5905,16,36,2025-07-12,23,78,82,19,44,Low Stock
5906,16,116,2025-02-20,142,15,83,74,43,In Stock
5907,19,99,2025-11-15,96,119,143,72,45,In Stock
5908,5,145,2025-05-01,156,109,64,201,52,In Stock
5909,11,11,2025-01-18,20,116,103,33,41,Low Stock
5910,15,55,2025-06-19,110,85,126,69,55,In Stock
5911,19,19,2025-09-20,234,10,33,211,19,In Stock
5912,19,59,2025-08-16,145,8,56,97,45,In Stock
5913,12,112,2025-07-14,116,98,54,160,24,In Stock
5914,2,142,2025-08-08,216,48,108,156,60,In Stock
5915,15,15,2025-07-02,35,85,102,18,42,Low Stock
5916,7,67,2025-01-04,118,148,51,215,23,In Stock
5917,15,15,2025-12-26,168,129,24,273,45,In Stock
5918,3,143,2025-05-25,139,89,140,88,40,In Stock
5919,16,16,2025-05-12,143,116,102,157,38,In Stock
5920,4,84,2025-08-15,232,48,117,163,60,In Stock
5921,11,51,2025-02-06,227,127,92,262,45,In Stock
5922,3,3,2025-03-24,187,52,73,166,46,In Stock
5923,6,46,2025-05-03,64,20,66,18,36,Low Stock
5924,7,27,2025-02-10,175,85,143,117,56,In Stock
5925,6,106,2025-12-02,126,144,139,131,21,In Stock
5926,19,19,2025-09-06,193,7,89,111,57,In Stock
5927,7,47,2025-08-25,131,135,102,164,57,In Stock
5928,19,79,2025-11-16,200,126,76,250,35,In Stock
5929,8,48,2025-03-19,218,86,64,240,14,In Stock
5930,10,150,2025-02-08,198,57,30,225,43,In Stock
5931,3,23,2025-07-21,212,1,129,84,49,In Stock
5932,20,80,2025-11-27,177,31,71,137,25,In Stock
5933,2,22,2025-02-19,174,55,100,129,39,In Stock
5934,9,49,2025-01-09,139,46,3,182,15,In Stock
5935,2,102,2025-09-06,56,32,80,8,56,Low Stock
5936,14,54,2025-05-27,68,39,105,2,35,Low Stock
5937,12,12,2025-03-28,33,32,38,27,36,Low Stock
5938,1,101,2025-05-03,115,35,148,2,20,Low Stock
5939,10,70,2025-01-26,117,34,122,29,56,Low Stock
5940,17,97,2025-12-14,208,91,27,272,29,In Stock
5941,15,35,2025-03-27,226,23,14,235,39,In Stock
5942,12,52,2025-02-14,206,78,90,194,51,In Stock
5943,11,51,2025-07-06,228,148,36,340,26,In Stock
5944,20,60,2025-08-28,220,35,148,107,59,In Stock
5945,8,28,2025-05-14,83,37,26,94,12,In Stock
5946,3,43,2025-04-21,163,140,46,257,33,In Stock
5947,14,34,2025-09-11,30,3,28,5,27,Low Stock
5948,10,30,2025-09-05,105,73,9,169,24,In Stock
5949,13,73,2025-09-20,96,143,19,220,27,In Stock
5950,16,76,2025-03-22,62,13,52,23,32,Low Stock
5951,7,7,2025-06-07,201,28,53,176,32,In Stock
5952,15,95,2025-06-22,218,99,102,215,28,In Stock
5953,16,96,2025-08-21,121,70,43,148,15,In Stock
5954,2,42,2025-05-20,83,49,26,106,16,In Stock
5955,14,14,2025-01-25,26,53,78,1,23,Low Stock
5956,3,123,2025-09-26,185,0,81,104,48,In Stock
5957,13,53,2025-03-20,201,37,106,132,37,In Stock
5958,7,147,2025-04-23,242,110,67,285,18,In Stock
5959,19,19,2025-06-12,86,58,78,66,42,In Stock
5960,6,126,2025-06-03,87,69,88,68,19,In Stock
5961,8,28,2025-01-09,74,82,115,41,25,In Stock
5962,20,140,2025-06-20,67,12,79,0,30,Out of Stock
5963,4,4,2025-08-23,223,79,74,228,56,In Stock
5964,7,147,2025-06-07,191,88,134,145,36,In Stock
5965,5,145,2025-05-23,48,108,54,102,27,In Stock
5966,19,119,2025-03-16,43,110,129,24,15,In Stock
5967,10,150,2025-10-21,240,117,56,301,15,In Stock
5968,13,53,2025-07-05,106,22,29,99,13,In Stock
5969,20,80,2025-06-05,120,55,83,92,55,In Stock
5970,7,127,2025-05-27,72,140,141,71,51,In Stock
5971,18,58,2025-05-04,33,144,90,87,24,In Stock
5972,2,2,2025-10-07,29,38,33,34,26,In Stock
5973,16,16,2025-03-14,70,139,52,157,21,In Stock
5974,17,17,2025-02-19,231,61,112,180,51,In Stock
5975,11,111,2025-01-10,140,37,20,157,55,In Stock
5976,20,60,2025-05-02,38,57,28,67,51,In Stock
5977,2,142,2025-02-12,40,39,55,24,35,Low Stock
5978,7,27,2025-08-10,59,45,6,98,20,In Stock
5979,8,128,2025-11-28,112,121,21,212,60,In Stock
5980,4,24,2025-08-21,80,7,70,17,41,Low Stock
5981,19,139,2025-08-22,207,48,120,135,28,In Stock
5982,12,12,2025-08-09,158,4,17,145,57,In Stock
5983,4,84,2025-08-24,106,37,39,104,11,In Stock
5984,16,116,2025-07-11,83,15,37,61,53,In Stock
5985,11,71,2025-09-15,90,108,19,179,54,In Stock
5986,1,61,2025-04-15,244,20,22,242,53,In Stock
5987,8,68,2025-10-18,72,127,83,116,53,In Stock
5988,3,83,2025-07-20,82,109,33,158,50,In Stock
5989,11,111,2025-01-20,193,14,146,61,10,In Stock
5990,6,66,2025-05-03,233,32,108,157,12,In Stock
5991,4,4,2025-05-17,137,125,2,260,50,In Stock
5992,19,99,2025-03-06,173,140,91,222,52,In Stock
5993,2,102,2025-04-17,142,30,28,144,21,In Stock
5994,6,146,2025-04-17,80,68,101,47,44,In Stock
5995,7,147,2025-06-28,59,41,83,17,26,Low Stock
5996,15,55,2025-09-16,50,51,40,61,48,In Stock
5997,10,10,2025-01-17,225,120,144,201,55,In Stock
5998,5,25,2025-04-19,213,67,109,171,19,In Stock
5999,5,45,2025-05-01,167,14,5,176,18,In Stock
6000,7,87,2025-02-08,129,17,61,85,30,In Stock
6001,18,98,2025-06-26,41,70,54,57,24,In Stock
6002,6,106,2025-09-07,187,11,35,163,50,In Stock
6003,18,38,2025-08-06,232,22,85,169,32,In Stock
6004,17,137,2025-12-27,23,42,24,41,49,Low Stock
6005,2,2,2025-12-22,106,42,59,89,51,In Stock
6006,8,28,2025-02-09,193,137,26,304,49,In Stock
6007,9,89,2025-08-04,57,107,129,35,23,In Stock
6008,9,49,2025-06-17,225,41,34,232,41,In Stock
6009,17,137,2025-10-06,193,131,110,214,55,In Stock
6010,8,68,2025-01-03,207,111,139,179,36,In Stock
6011,17,37,2025-01-03,52,63,65,50,21,In Stock
6012,7,147,2025-04-08,158,41,110,89,47,In Stock
6013,10,70,2025-12-25,44,16,51,9,44,Low Stock
6014,15,75,2025-12-20,185,149,148,186,53,In Stock
6015,5,125,2025-05-09,163,38,34,167,11,In Stock
6016,10,90,2025-08-22,210,98,27,281,39,In Stock
6017,19,19,2025-05-01,183,130,95,218,45,In Stock
6018,6,46,2025-08-05,91,113,113,91,28,In Stock
6019,5,125,2025-01-20,238,79,11,306,17,In Stock
6020,6,146,2025-05-28,216,68,129,155,12,In Stock
6021,4,104,2025-07-04,146,140,8,278,53,In Stock
6022,20,80,2025-03-21,42,81,49,74,37,In Stock
6023,19,59,2025-06-28,196,140,84,252,16,In Stock
6024,9,129,2025-09-07,54,35,71,18,42,Low Stock
6025,19,79,2025-07-25,135,149,29,255,24,In Stock
6026,5,145,2025-03-20,186,61,47,200,45,In Stock
6027,11,71,2025-05-12,160,9,44,125,30,In Stock
6028,7,147,2025-07-08,90,7,25,72,41,In Stock
6029,6,86,2025-07-24,52,99,78,73,53,In Stock
6030,14,134,2025-12-09,86,115,17,184,15,In Stock
6031,11,31,2025-08-01,73,69,83,59,42,In Stock
6032,10,70,2025-04-03,115,82,134,63,59,In Stock
6033,15,95,2025-04-01,91,141,0,232,45,In Stock
6034,6,6,2025-06-07,144,104,97,151,21,In Stock
6035,9,129,2025-11-15,185,37,112,110,14,In Stock
6036,9,109,2025-11-10,221,147,122,246,47,In Stock
6037,2,62,2025-03-08,77,109,83,103,16,In Stock
6038,6,66,2025-11-12,168,10,40,138,47,In Stock
6039,6,126,2025-08-28,107,69,121,55,42,In Stock
6040,14,134,2025-08-12,110,139,122,127,34,In Stock
6041,10,70,2025-02-08,41,10,23,28,46,Low Stock
6042,6,26,2025-06-18,94,74,144,24,57,Low Stock
6043,17,57,2025-12-10,131,144,97,178,43,In Stock
6044,1,1,2025-03-23,220,122,48,294,38,In Stock
6045,18,138,2025-06-12,29,8,3,34,14,In Stock
6046,6,26,2025-11-14,89,96,29,156,13,In Stock
6047,9,89,2025-12-23,240,24,6,258,53,In Stock
6048,8,128,2025-04-08,34,130,134,30,54,Low Stock
6049,14,54,2025-12-22,215,119,149,185,24,In Stock
6050,12,112,2025-09-26,94,85,104,75,33,In Stock
6051,16,76,2025-10-07,122,148,87,183,32,In Stock
6052,6,126,2025-12-24,220,73,147,146,58,In Stock
6053,14,134,2025-05-18,87,99,129,57,49,In Stock
6054,14,14,2025-11-10,187,115,98,204,22,In Stock
6055,20,40,2025-07-27,49,125,134,40,35,In Stock
6056,14,34,2025-11-18,139,81,12,208,42,In Stock
6057,15,55,2025-10-08,143,120,52,211,13,In Stock
6058,7,47,2025-11-08,137,116,24,229,53,In Stock
6059,9,109,2025-08-04,49,96,78,67,51,In Stock
6060,3,103,2025-01-17,174,124,74,224,31,In Stock
6061,10,70,2025-10-20,182,94,117,159,58,In Stock
6062,16,16,2025-06-08,118,83,121,80,21,In Stock
6063,16,16,2025-04-07,159,108,18,249,42,In Stock
6064,2,122,2025-03-19,104,89,67,126,16,In Stock
6065,1,1,2025-02-22,200,115,98,217,40,In Stock
6066,3,123,2025-02-15,44,124,112,56,17,In Stock
6067,3,23,2025-11-25,143,121,79,185,44,In Stock
6068,9,89,2025-05-07,56,128,89,95,22,In Stock
6069,18,18,2025-10-16,242,108,97,253,50,In Stock
6070,13,33,2025-03-25,234,135,118,251,39,In Stock
6071,6,6,2025-10-01,127,54,33,148,20,In Stock
6072,19,79,2025-09-08,201,85,99,187,56,In Stock
6073,13,133,2025-07-06,94,95,14,175,24,In Stock
6074,12,72,2025-09-17,29,89,7,111,51,In Stock
6075,8,128,2025-04-11,38,17,23,32,11,In Stock
6076,20,100,2025-09-07,205,26,106,125,21,In Stock
6077,17,117,2025-01-07,211,136,98,249,31,In Stock
6078,9,69,2025-07-23,170,137,35,272,33,In Stock
6079,14,74,2025-09-16,244,119,150,213,58,In Stock
6080,16,56,2025-07-20,121,59,70,110,27,In Stock
6081,6,46,2025-06-12,153,132,35,250,56,In Stock
6082,1,41,2025-11-08,43,112,66,89,44,In Stock
6083,6,26,2025-04-23,150,19,31,138,36,In Stock
6084,12,52,2025-09-17,224,108,120,212,44,In Stock
6085,7,27,2025-02-06,99,144,62,181,24,In Stock
6086,3,63,2025-10-25,131,53,50,134,47,In Stock
6087,10,90,2025-04-19,77,50,26,101,41,In Stock
6088,3,83,2025-12-09,118,51,34,135,39,In Stock
6089,7,47,2025-09-10,96,149,19,226,24,In Stock
6090,12,12,2025-04-24,142,107,138,111,35,In Stock
6091,4,4,2025-06-18,103,52,27,128,24,In Stock
6092,3,3,2025-11-09,69,124,103,90,48,In Stock
6093,18,118,2025-12-01,86,31,25,92,46,In Stock
6094,9,109,2025-05-28,197,94,85,206,53,In Stock
6095,11,91,2025-09-09,77,87,101,63,13,In Stock
6096,3,63,2025-01-06,92,115,59,148,14,In Stock
6097,3,103,2025-02-28,240,38,136,142,56,In Stock
6098,9,49,2025-08-05,226,75,61,240,38,In Stock
6099,2,42,2025-05-08,185,141,125,201,37,In Stock
6100,7,107,2025-09-04,210,93,95,208,19,In Stock
6101,4,44,2025-02-09,174,58,27,205,50,In Stock
6102,10,50,2025-01-28,139,83,55,167,44,In Stock
6103,15,115,2025-06-03,221,111,64,268,14,In Stock
6104,3,43,2025-08-09,52,106,12,146,39,In Stock
6105,17,57,2025-04-10,152,119,79,192,56,In Stock
6106,16,136,2025-07-27,242,3,143,102,36,In Stock
6107,3,23,2025-12-12,245,85,143,187,30,In Stock
6108,15,75,2025-02-01,193,145,107,231,42,In Stock
6109,12,112,2025-01-15,182,70,128,124,20,In Stock
6110,3,23,2025-12-06,48,52,70,30,23,In Stock
6111,6,146,2025-09-14,189,25,16,198,23,In Stock
6112,19,39,2025-05-22,78,34,12,100,57,In Stock
6113,1,81,2025-05-05,96,1,19,78,55,In Stock
6114,12,32,2025-01-16,230,132,146,216,28,In Stock
6115,7,47,2025-09-12,177,112,11,278,34,In Stock
6116,1,121,2025-01-10,111,108,39,180,56,In Stock
6117,2,82,2025-01-18,224,76,80,220,36,In Stock
6118,13,73,2025-02-04,118,27,70,75,38,In Stock
6119,4,84,2025-02-01,109,75,89,95,13,In Stock
6120,5,85,2025-07-12,53,40,50,43,18,In Stock
6121,11,111,2025-01-01,230,115,85,260,39,In Stock
6122,13,13,2025-02-02,156,114,17,253,26,In Stock
6123,1,141,2025-04-17,195,44,29,210,31,In Stock
6124,18,78,2025-08-28,164,80,79,165,19,In Stock
6125,16,96,2025-11-21,41,12,47,6,50,Low Stock
6126,13,133,2025-06-03,79,146,150,75,35,In Stock
6127,13,13,2025-09-17,22,65,82,5,14,Low Stock
6128,8,128,2025-03-13,96,33,80,49,12,In Stock
6129,5,45,2025-06-07,156,58,129,85,28,In Stock
6130,1,141,2025-03-06,34,118,22,130,37,In Stock
6131,13,113,2025-05-24,158,60,109,109,38,In Stock
6132,16,136,2025-10-26,172,149,55,266,52,In Stock
6133,12,12,2025-12-14,210,96,8,298,54,In Stock
6134,1,101,2025-08-04,248,140,127,261,22,In Stock
6135,18,138,2025-11-27,222,104,1,325,37,In Stock
6136,10,110,2025-05-22,33,112,112,33,26,In Stock
6137,2,82,2025-04-16,214,33,59,188,44,In Stock
6138,10,70,2025-01-27,51,114,1,164,37,In Stock
6139,2,42,2025-06-07,108,140,59,189,33,In Stock
6140,17,97,2025-08-16,173,10,135,48,25,In Stock
6141,13,33,2025-11-03,94,66,125,35,26,In Stock
6142,18,18,2025-11-10,56,64,79,41,35,In Stock
6143,9,9,2025-10-07,63,119,1,181,23,In Stock
6144,12,72,2025-11-02,71,48,48,71,34,In Stock
6145,7,67,2025-01-08,124,103,101,126,55,In Stock
6146,4,4,2025-02-28,142,38,13,167,23,In Stock
6147,2,62,2025-07-19,81,57,75,63,16,In Stock
6148,5,45,2025-05-12,123,67,5,185,54,In Stock
6149,5,25,2025-01-17,30,133,41,122,39,In Stock
6150,17,97,2025-11-09,249,32,104,177,20,In Stock
6151,16,116,2025-08-05,97,52,32,117,39,In Stock
6152,16,16,2025-03-20,153,6,105,54,35,In Stock
6153,5,65,2025-11-10,112,42,90,64,48,In Stock
6154,3,3,2025-05-23,140,136,0,276,38,In Stock
6155,20,140,2025-07-15,102,101,113,90,50,In Stock
6156,20,100,2025-11-19,50,2,12,40,15,In Stock
6157,2,82,2025-10-11,80,12,20,72,23,In Stock
6158,7,7,2025-02-14,41,100,100,41,26,In Stock
6159,7,107,2025-06-19,190,54,51,193,55,In Stock
6160,5,45,2025-01-05,204,118,23,299,24,In Stock
6161,4,84,2025-08-23,89,63,127,25,42,Low Stock
6162,1,121,2025-04-15,142,144,107,179,16,In Stock
6163,12,92,2025-09-16,73,97,129,41,28,In Stock
6164,15,55,2025-02-09,93,4,21,76,20,In Stock
6165,13,33,2025-01-02,27,132,73,86,42,In Stock
6166,8,8,2025-11-22,162,56,148,70,43,In Stock
6167,8,88,2025-09-14,64,49,80,33,25,In Stock
6168,18,58,2025-07-03,176,76,112,140,58,In Stock
6169,15,55,2025-08-01,183,39,123,99,40,In Stock
6170,9,9,2025-11-08,136,54,40,150,33,In Stock
6171,1,41,2025-06-23,205,10,79,136,58,In Stock
6172,2,22,2025-09-02,115,116,5,226,33,In Stock
6173,8,48,2025-02-02,234,23,8,249,28,In Stock
6174,11,11,2025-10-26,221,137,52,306,43,In Stock
6175,13,53,2025-10-17,47,99,102,44,57,Low Stock
6176,1,61,2025-06-06,101,89,97,93,29,In Stock
6177,15,35,2025-12-17,94,65,113,46,34,In Stock
6178,3,43,2025-04-22,27,117,24,120,15,In Stock
6179,4,84,2025-04-19,47,51,72,26,57,Low Stock
6180,12,52,2025-03-08,32,67,26,73,23,In Stock
6181,16,116,2025-12-24,190,131,133,188,30,In Stock
6182,14,94,2025-03-12,161,63,49,175,46,In Stock
6183,7,127,2025-04-25,239,54,65,228,44,In Stock
6184,7,67,2025-10-23,155,67,146,76,29,In Stock
6185,5,105,2025-07-06,127,150,9,268,48,In Stock
6186,12,32,2025-11-19,103,132,18,217,46,In Stock
6187,6,26,2025-12-02,239,17,127,129,49,In Stock
6188,3,63,2025-08-06,226,115,73,268,30,In Stock
6189,13,73,2025-03-06,109,33,137,5,34,Low Stock
6190,20,40,2025-08-08,126,59,87,98,55,In Stock
6191,6,106,2025-02-25,47,149,0,196,45,In Stock
6192,2,82,2025-06-17,183,133,57,259,23,In Stock
6193,3,123,2025-08-04,226,2,137,91,34,In Stock
6194,7,127,2025-05-02,61,24,37,48,49,Low Stock
6195,17,17,2025-01-22,39,116,14,141,38,In Stock
6196,3,103,2025-04-17,220,19,144,95,20,In Stock
6197,16,36,2025-04-08,38,59,22,75,54,In Stock
6198,2,122,2025-04-05,102,6,60,48,32,In Stock
6199,15,55,2025-12-28,51,134,60,125,51,In Stock
6200,15,95,2025-01-02,145,18,70,93,46,In Stock
6201,20,20,2025-05-23,108,127,76,159,56,In Stock
6202,13,73,2025-06-16,82,50,74,58,14,In Stock
6203,19,99,2025-09-14,28,65,15,78,56,In Stock
6204,5,25,2025-02-12,123,93,117,99,43,In Stock
6205,9,129,2025-11-25,187,149,147,189,17,In Stock
6206,16,96,2025-03-04,215,114,27,302,18,In Stock
6207,5,5,2025-07-05,183,47,81,149,23,In Stock
6208,9,9,2025-05-27,37,41,47,31,10,In Stock
6209,20,60,2025-01-21,166,3,98,71,23,In Stock
6210,19,19,2025-10-24,45,117,93,69,17,In Stock
6211,14,134,2025-03-19,219,85,119,185,22,In Stock
6212,3,63,2025-09-19,50,28,65,13,25,Low Stock
6213,14,134,2025-04-24,103,109,49,163,44,In Stock
6214,17,77,2025-03-15,40,140,149,31,43,Low Stock
6215,13,53,2025-08-26,232,76,77,231,33,In Stock
6216,8,68,2025-04-26,236,143,14,365,48,In Stock
6217,14,54,2025-06-05,62,111,43,130,42,In Stock
6218,14,34,2025-05-04,63,31,48,46,55,Low Stock
6219,11,71,2025-03-11,157,86,12,231,21,In Stock
6220,14,14,2025-07-22,100,111,69,142,55,In Stock
6221,16,56,2025-12-03,230,24,123,131,59,In Stock
6222,7,7,2025-12-02,102,127,97,132,28,In Stock
6223,5,5,2025-07-13,52,8,56,4,38,Low Stock
6224,6,146,2025-09-27,43,14,1,56,38,In Stock
6225,7,107,2025-07-06,160,131,98,193,14,In Stock
6226,5,85,2025-04-11,153,58,2,209,15,In Stock
6227,15,95,2025-03-03,141,119,5,255,31,In Stock
6228,8,88,2025-02-21,235,145,48,332,28,In Stock
6229,13,133,2025-10-04,186,123,51,258,19,In Stock
6230,11,111,2025-06-19,117,119,137,99,49,In Stock
6231,16,76,2025-08-13,212,11,41,182,13,In Stock
6232,19,99,2025-07-15,46,45,59,32,56,Low Stock
6233,10,50,2025-09-13,186,133,100,219,16,In Stock
6234,1,141,2025-09-18,172,82,28,226,23,In Stock
6235,5,125,2025-10-05,27,129,12,144,20,In Stock
6236,10,110,2025-05-03,124,67,123,68,53,In Stock
6237,7,87,2025-11-03,72,144,46,170,51,In Stock
6238,10,30,2025-09-06,106,130,115,121,36,In Stock
6239,19,119,2025-10-15,226,14,60,180,43,In Stock
6240,2,62,2025-11-24,174,30,132,72,24,In Stock
6241,16,136,2025-08-05,93,34,116,11,53,Low Stock
6242,10,90,2025-11-04,227,66,127,166,54,In Stock
6243,8,88,2025-06-12,229,10,85,154,25,In Stock
6244,1,61,2025-09-15,48,43,32,59,49,In Stock
6245,19,139,2025-07-07,22,136,145,13,20,Low Stock
6246,2,82,2025-03-07,76,66,56,86,35,In Stock
6247,7,147,2025-05-09,173,146,21,298,27,In Stock
6248,17,77,2025-05-16,130,98,39,189,30,In Stock
6249,8,88,2025-08-07,212,130,75,267,19,In Stock
6250,9,129,2025-08-03,176,113,140,149,24,In Stock
6251,4,64,2025-10-18,203,74,30,247,51,In Stock
6252,15,135,2025-04-02,211,124,106,229,34,In Stock
6253,10,130,2025-09-14,241,108,54,295,54,In Stock
6254,2,102,2025-05-05,219,34,62,191,16,In Stock
6255,3,63,2025-10-02,50,109,90,69,59,In Stock
6256,8,28,2025-11-27,57,91,122,26,13,In Stock
6257,8,108,2025-12-23,229,37,0,266,17,In Stock
6258,19,39,2025-10-12,66,59,39,86,17,In Stock
6259,8,148,2025-05-09,37,88,55,70,16,In Stock
6260,16,56,2025-04-11,150,53,24,179,58,In Stock
6261,3,43,2025-11-02,171,62,144,89,34,In Stock
6262,19,119,2025-02-12,228,3,23,208,20,In Stock
6263,13,133,2025-01-14,33,17,12,38,60,Low Stock
6264,16,56,2025-01-04,88,73,79,82,22,In Stock
6265,9,9,2025-12-09,149,139,133,155,31,In Stock
6266,13,113,2025-10-17,195,5,124,76,32,In Stock
6267,7,87,2025-06-15,189,73,53,209,25,In Stock
6268,20,60,2025-06-20,231,127,139,219,29,In Stock
6269,12,132,2025-12-12,106,87,149,44,60,Low Stock
6270,12,112,2025-10-20,207,140,118,229,33,In Stock
6271,16,56,2025-07-13,116,109,6,219,31,In Stock
6272,19,99,2025-11-17,62,124,65,121,43,In Stock
6273,8,8,2025-04-07,88,122,88,122,39,In Stock
6274,6,46,2025-10-13,133,119,130,122,25,In Stock
6275,4,104,2025-07-02,124,15,115,24,46,Low Stock
6276,14,114,2025-06-06,21,121,32,110,40,In Stock
6277,6,26,2025-03-16,50,40,40,50,25,In Stock
6278,2,82,2025-07-17,86,12,85,13,34,Low Stock
6279,4,104,2025-05-21,204,119,8,315,60,In Stock
6280,1,21,2025-10-17,64,82,46,100,52,In Stock
6281,16,96,2025-04-01,244,13,0,257,19,In Stock
6282,20,120,2025-12-22,173,45,105,113,26,In Stock
6283,18,138,2025-05-22,171,81,100,152,27,In Stock
6284,11,31,2025-08-11,243,27,56,214,15,In Stock
6285,3,83,2025-08-05,175,71,48,198,40,In Stock
6286,3,83,2025-05-05,247,132,141,238,39,In Stock
6287,3,63,2025-07-08,87,128,135,80,10,In Stock
6288,9,109,2025-09-11,97,93,53,137,41,In Stock
6289,12,92,2025-10-01,28,58,75,11,29,Low Stock
6290,8,108,2025-09-06,35,118,56,97,55,In Stock
6291,13,93,2025-05-17,163,99,149,113,12,In Stock
6292,16,36,2025-08-23,215,50,65,200,26,In Stock
6293,4,24,2025-03-24,29,3,27,5,10,Low Stock
6294,17,77,2025-03-09,107,17,124,0,14,Out of Stock
6295,19,39,2025-06-22,93,146,19,220,25,In Stock
6296,9,149,2025-04-01,42,1,41,2,38,Low Stock
6297,15,115,2025-07-19,88,136,37,187,30,In Stock
6298,19,79,2025-05-13,82,115,79,118,59,In Stock
6299,20,140,2025-05-18,33,22,30,25,12,In Stock
6300,3,83,2025-12-05,35,96,105,26,54,Low Stock
6301,17,97,2025-02-25,180,110,30,260,10,In Stock
6302,10,10,2025-10-26,55,52,12,95,37,In Stock
6303,12,112,2025-09-02,20,79,35,64,45,In Stock
6304,11,31,2025-03-10,24,42,45,21,20,In Stock
6305,4,84,2025-10-07,169,63,126,106,31,In Stock
6306,5,25,2025-06-27,209,96,65,240,52,In Stock
6307,11,131,2025-03-16,155,148,2,301,33,In Stock
6308,10,30,2025-05-22,148,60,150,58,16,In Stock
6309,1,141,2025-04-21,147,87,38,196,50,In Stock
6310,20,140,2025-12-28,203,40,86,157,55,In Stock
6311,18,78,2025-03-17,26,53,30,49,42,In Stock
6312,12,92,2025-05-02,31,140,65,106,49,In Stock
6313,20,60,2025-12-21,205,116,90,231,34,In Stock
6314,17,117,2025-01-10,203,96,17,282,17,In Stock
6315,17,97,2025-09-12,187,8,131,64,36,In Stock
6316,11,51,2025-05-28,105,43,39,109,49,In Stock
6317,19,79,2025-06-21,66,80,124,22,59,Low Stock
6318,12,52,2025-07-11,228,96,73,251,13,In Stock
6319,7,47,2025-06-12,218,70,100,188,15,In Stock
6320,7,47,2025-06-14,234,73,138,169,14,In Stock
6321,15,35,2025-08-28,98,35,106,27,20,In Stock
6322,3,23,2025-04-14,239,80,9,310,51,In Stock
6323,8,48,2025-10-14,121,43,67,97,13,In Stock
6324,2,2,2025-07-03,118,74,108,84,58,In Stock
6325,15,35,2025-05-21,49,120,38,131,25,In Stock
6326,1,121,2025-12-19,249,141,61,329,26,In Stock
6327,7,47,2025-10-11,24,12,34,2,55,Low Stock
6328,3,3,2025-03-22,110,66,23,153,43,In Stock
6329,2,102,2025-06-12,21,82,100,3,54,Low Stock
6330,20,120,2025-02-17,142,101,70,173,51,In Stock
6331,15,135,2025-01-15,57,141,1,197,36,In Stock
6332,17,77,2025-06-16,33,78,110,1,31,Low Stock
6333,1,41,2025-03-09,98,128,98,128,19,In Stock
6334,19,19,2025-08-05,250,22,124,148,17,In Stock
6335,15,135,2025-06-02,130,113,50,193,57,In Stock
6336,18,78,2025-12-13,67,11,17,61,53,In Stock
6337,1,41,2025-09-10,101,10,109,2,48,Low Stock
6338,7,147,2025-06-17,73,50,75,48,14,In Stock
6339,15,55,2025-05-12,40,122,34,128,12,In Stock
6340,4,64,2025-05-08,155,128,24,259,37,In Stock
6341,18,138,2025-04-18,87,127,57,157,55,In Stock
6342,8,108,2025-06-10,194,59,101,152,41,In Stock
6343,19,119,2025-08-20,59,18,23,54,39,In Stock
6344,10,10,2025-11-15,25,57,26,56,33,In Stock
6345,9,89,2025-04-24,218,106,97,227,51,In Stock
6346,8,28,2025-04-14,131,52,67,116,43,In Stock
6347,11,11,2025-01-27,202,65,115,152,38,In Stock
6348,6,26,2025-10-05,186,110,44,252,50,In Stock
6349,10,30,2025-09-19,247,29,66,210,52,In Stock
6350,6,66,2025-02-11,68,143,137,74,15,In Stock
6351,4,144,2025-06-16,150,129,38,241,58,In Stock
6352,17,117,2025-09-02,66,6,0,72,60,In Stock
6353,6,26,2025-05-04,191,54,134,111,20,In Stock
6354,10,70,2025-09-22,174,117,6,285,29,In Stock
6355,10,90,2025-01-25,189,142,111,220,22,In Stock
6356,1,41,2025-01-14,191,136,58,269,41,In Stock
6357,3,63,2025-03-25,56,2,58,0,43,Out of Stock
6358,18,78,2025-11-15,63,55,3,115,48,In Stock
6359,5,65,2025-01-17,31,19,22,28,52,Low Stock
6360,11,51,2025-10-21,225,75,118,182,15,In Stock
6361,3,43,2025-06-02,163,100,92,171,45,In Stock
6362,6,86,2025-06-23,246,108,102,252,33,In Stock
6363,16,116,2025-05-19,140,57,4,193,34,In Stock
6364,17,77,2025-11-21,199,94,16,277,40,In Stock
6365,6,26,2025-06-08,158,42,90,110,39,In Stock
6366,19,139,2025-07-22,71,22,61,32,52,Low Stock
6367,16,116,2025-05-11,61,4,0,65,37,In Stock
6368,15,35,2025-09-23,99,6,38,67,31,In Stock
6369,16,76,2025-08-06,134,55,5,184,60,In Stock
6370,8,48,2025-04-20,163,115,77,201,16,In Stock
6371,8,68,2025-07-25,183,36,26,193,30,In Stock
6372,17,137,2025-11-19,199,132,64,267,41,In Stock
6373,18,138,2025-12-18,183,132,109,206,54,In Stock
6374,6,46,2025-04-11,59,104,41,122,53,In Stock
6375,20,140,2025-03-25,29,122,23,128,55,In Stock
6376,6,86,2025-09-23,69,121,28,162,49,In Stock
6377,19,59,2025-03-02,29,94,57,66,49,In Stock
6378,16,96,2025-07-20,201,73,142,132,31,In Stock
6379,16,96,2025-09-14,219,144,134,229,42,In Stock
6380,6,66,2025-05-14,205,37,51,191,10,In Stock
6381,12,12,2025-02-06,148,38,133,53,29,In Stock
6382,2,122,2025-04-22,37,118,27,128,52,In Stock
6383,8,48,2025-09-04,72,12,77,7,55,Low Stock
6384,6,26,2025-01-20,69,149,66,152,26,In Stock
6385,6,86,2025-06-27,188,86,40,234,21,In Stock
6386,4,64,2025-03-24,234,4,123,115,60,In Stock
6387,19,139,2025-09-21,124,95,82,137,19,In Stock
6388,17,37,2025-12-12,174,99,85,188,46,In Stock
6389,2,142,2025-06-17,133,68,9,192,17,In Stock
6390,15,115,2025-06-19,57,39,85,11,51,Low Stock
6391,3,63,2025-04-06,178,65,110,133,25,In Stock
6392,8,48,2025-10-05,101,31,36,96,28,In Stock
6393,7,27,2025-12-27,60,118,126,52,25,In Stock
6394,12,32,2025-07-17,135,98,97,136,10,In Stock
6395,14,134,2025-08-26,158,137,71,224,42,In Stock
6396,8,108,2025-11-17,103,40,4,139,58,In Stock
6397,1,61,2025-11-11,210,140,81,269,45,In Stock
6398,8,8,2025-09-18,119,79,120,78,12,In Stock
6399,4,4,2025-01-09,113,97,54,156,16,In Stock
6400,4,44,2025-09-11,132,112,42,202,41,In Stock
6401,8,8,2025-06-10,115,139,89,165,19,In Stock
6402,12,32,2025-11-14,60,39,48,51,10,In Stock
6403,5,145,2025-01-10,76,76,67,85,10,In Stock
6404,5,85,2025-02-08,162,114,29,247,20,In Stock
6405,10,110,2025-04-20,164,76,8,232,57,In Stock
6406,1,61,2025-08-03,46,86,84,48,37,In Stock
6407,9,69,2025-11-28,236,111,104,243,22,In Stock
6408,15,115,2025-05-24,148,69,138,79,33,In Stock
6409,4,144,2025-07-07,83,13,71,25,12,In Stock
6410,14,94,2025-05-15,227,141,143,225,41,In Stock
6411,1,61,2025-07-21,155,34,9,180,35,In Stock
6412,9,89,2025-06-15,135,60,0,195,59,In Stock
6413,8,128,2025-02-17,190,63,49,204,28,In Stock
6414,18,78,2025-01-12,86,139,111,114,56,In Stock
6415,16,116,2025-08-24,96,38,131,3,60,Low Stock
6416,8,68,2025-02-12,57,67,95,29,48,Low Stock
6417,17,77,2025-08-08,238,150,33,355,37,In Stock
6418,9,129,2025-03-04,192,38,54,176,57,In Stock
6419,7,147,2025-02-01,218,63,97,184,33,In Stock
6420,10,50,2025-01-27,70,56,120,6,60,Low Stock
6421,10,130,2025-10-26,57,62,12,107,35,In Stock
6422,14,54,2025-09-11,156,72,86,142,57,In Stock
6423,1,121,2025-10-13,99,38,61,76,19,In Stock
6424,6,146,2025-10-09,158,71,82,147,25,In Stock
6425,3,83,2025-04-10,173,141,6,308,55,In Stock
6426,14,34,2025-10-17,82,23,81,24,20,In Stock
6427,14,54,2025-10-04,33,105,78,60,18,In Stock
6428,14,54,2025-03-26,227,36,121,142,24,In Stock
6429,19,39,2025-08-10,183,131,121,193,11,In Stock
6430,14,14,2025-06-15,225,26,125,126,28,In Stock
6431,7,87,2025-11-28,210,33,9,234,41,In Stock
6432,6,126,2025-03-26,40,134,10,164,36,In Stock
6433,11,91,2025-09-18,209,92,65,236,14,In Stock
6434,11,51,2025-07-22,195,5,69,131,36,In Stock
6435,4,64,2025-06-21,106,98,69,135,27,In Stock
6436,9,9,2025-05-25,113,137,140,110,60,In Stock
6437,15,95,2025-05-08,231,105,19,317,16,In Stock
6438,8,128,2025-09-07,62,44,41,65,56,In Stock
6439,1,1,2025-04-05,58,80,127,11,54,Low Stock
6440,8,8,2025-02-26,96,15,5,106,11,In Stock
6441,14,134,2025-06-21,86,39,91,34,46,Low Stock
6442,14,134,2025-10-03,98,78,133,43,36,In Stock
6443,19,19,2025-12-23,84,32,39,77,27,In Stock
6444,8,8,2025-05-16,49,100,139,10,20,Low Stock
6445,9,9,2025-10-11,132,59,41,150,12,In Stock
6446,12,12,2025-07-01,54,59,9,104,48,In Stock
6447,18,18,2025-09-20,112,85,134,63,57,In Stock
6448,12,32,2025-10-04,245,59,83,221,50,In Stock
6449,15,115,2025-02-04,206,97,28,275,51,In Stock
6450,2,82,2025-08-15,63,79,35,107,22,In Stock
6451,5,45,2025-06-13,177,132,119,190,30,In Stock
6452,3,123,2025-05-17,147,146,31,262,12,In Stock
6453,20,20,2025-04-06,240,54,100,194,19,In Stock
6454,19,99,2025-02-21,53,63,37,79,42,In Stock
6455,17,137,2025-10-25,213,2,19,196,32,In Stock
6456,10,50,2025-06-16,97,23,95,25,25,Low Stock
6457,16,76,2025-05-23,165,140,115,190,56,In Stock
6458,6,66,2025-11-09,218,1,28,191,32,In Stock
6459,20,140,2025-06-15,88,138,110,116,35,In Stock
6460,14,134,2025-05-23,84,87,148,23,49,Low Stock
6461,17,77,2025-04-03,28,20,23,25,15,In Stock
6462,14,34,2025-03-01,218,107,54,271,27,In Stock
6463,10,130,2025-10-13,55,98,86,67,46,In Stock
6464,7,27,2025-06-09,156,93,39,210,49,In Stock
6465,18,38,2025-02-25,74,54,54,74,36,In Stock
6466,6,66,2025-06-08,67,149,49,167,56,In Stock
6467,18,138,2025-08-14,104,98,143,59,45,In Stock
6468,12,132,2025-12-28,165,39,104,100,12,In Stock
6469,5,105,2025-09-24,214,58,41,231,41,In Stock
6470,11,51,2025-09-10,96,40,24,112,26,In Stock
6471,12,32,2025-04-22,136,106,69,173,12,In Stock
6472,9,49,2025-07-06,217,13,132,98,38,In Stock
6473,5,45,2025-12-17,187,6,101,92,56,In Stock
6474,17,37,2025-07-28,244,49,135,158,16,In Stock
6475,15,75,2025-11-21,22,75,17,80,54,In Stock
6476,1,21,2025-06-22,167,119,142,144,43,In Stock
6477,12,112,2025-05-11,120,94,68,146,36,In Stock
6478,1,21,2025-12-18,167,61,135,93,30,In Stock
6479,9,129,2025-11-14,137,77,70,144,23,In Stock
6480,3,83,2025-08-10,86,129,12,203,37,In Stock
6481,17,37,2025-12-24,29,66,71,24,28,Low Stock
6482,8,108,2025-01-22,69,109,5,173,13,In Stock
6483,5,105,2025-05-01,25,71,83,13,24,Low Stock
6484,13,113,2025-02-23,40,109,95,54,50,In Stock
6485,1,121,2025-11-01,22,147,131,38,51,Low Stock
6486,9,109,2025-05-04,249,26,14,261,32,In Stock
6487,6,106,2025-08-11,62,44,29,77,52,In Stock
6488,8,88,2025-12-20,118,27,72,73,25,In Stock
6489,12,52,2025-04-23,210,97,31,276,47,In Stock
6490,9,149,2025-06-11,43,48,8,83,58,In Stock
6491,18,18,2025-01-21,95,94,136,53,35,In Stock
6492,12,92,2025-01-12,223,121,50,294,24,In Stock
6493,7,47,2025-04-08,24,120,74,70,45,In Stock
6494,19,119,2025-03-14,188,104,27,265,21,In Stock
6495,2,22,2025-12-22,214,109,136,187,23,In Stock
6496,13,93,2025-06-24,55,108,38,125,30,In Stock
6497,4,124,2025-03-19,128,28,109,47,27,In Stock
6498,8,128,2025-02-28,93,0,85,8,27,Low Stock
6499,7,87,2025-01-24,54,89,97,46,43,In Stock
6500,20,120,2025-03-04,144,0,116,28,31,Low Stock
6501,2,82,2025-11-06,121,113,75,159,23,In Stock
6502,14,34,2025-02-07,179,9,11,177,18,In Stock
6503,17,77,2025-02-26,39,74,50,63,33,In Stock
6504,11,51,2025-06-24,194,95,114,175,59,In Stock
6505,5,25,2025-07-25,159,143,76,226,16,In Stock
6506,15,95,2025-06-14,177,14,75,116,27,In Stock
6507,2,42,2025-11-01,140,15,68,87,59,In Stock
6508,10,90,2025-12-24,153,26,128,51,10,In Stock
6509,2,142,2025-11-25,129,88,106,111,11,In Stock
6510,18,98,2025-09-27,156,93,31,218,14,In Stock
6511,11,91,2025-09-15,178,3,16,165,31,In Stock
6512,10,150,2025-04-16,38,136,53,121,58,In Stock
6513,4,4,2025-05-16,147,59,102,104,36,In Stock
6514,15,115,2025-10-21,35,56,24,67,54,In Stock
6515,19,139,2025-12-25,163,67,28,202,13,In Stock
6516,8,8,2025-12-08,104,80,70,114,10,In Stock
6517,12,72,2025-05-20,90,47,9,128,60,In Stock
6518,8,48,2025-03-25,244,4,32,216,32,In Stock
6519,7,27,2025-12-25,84,6,53,37,22,In Stock
6520,2,42,2025-11-16,185,35,147,73,14,In Stock
6521,10,150,2025-03-03,189,69,6,252,22,In Stock
6522,15,55,2025-12-27,129,1,74,56,57,Low Stock
6523,11,111,2025-03-08,64,95,15,144,47,In Stock
6524,1,101,2025-02-13,86,64,74,76,31,In Stock
6525,7,127,2025-07-25,145,40,23,162,52,In Stock
6526,2,102,2025-05-24,133,72,137,68,53,In Stock
6527,14,94,2025-11-07,141,54,48,147,16,In Stock
6528,5,5,2025-01-12,57,76,103,30,12,In Stock
6529,10,50,2025-10-15,64,7,3,68,45,In Stock
6530,13,113,2025-01-10,103,13,33,83,34,In Stock
6531,12,112,2025-02-07,190,114,98,206,10,In Stock
6532,11,51,2025-07-11,119,120,101,138,34,In Stock
6533,13,133,2025-08-24,141,14,20,135,38,In Stock
6534,18,98,2025-08-19,117,10,10,117,11,In Stock
6535,5,125,2025-07-28,192,1,72,121,49,In Stock
6536,8,28,2025-05-15,216,57,42,231,22,In Stock
6537,17,77,2025-10-13,170,5,67,108,25,In Stock
6538,18,18,2025-06-12,79,83,93,69,53,In Stock
6539,5,65,2025-12-03,120,113,68,165,29,In Stock
6540,16,96,2025-09-15,40,136,139,37,46,Low Stock
6541,5,105,2025-11-12,162,106,63,205,44,In Stock
6542,5,65,2025-08-06,122,123,6,239,11,In Stock
6543,11,91,2025-07-07,220,37,34,223,24,In Stock
6544,8,28,2025-06-07,34,34,67,1,20,Low Stock
6545,5,105,2025-03-15,180,146,62,264,55,In Stock
6546,12,32,2025-06-08,116,145,76,185,53,In Stock
6547,7,47,2025-10-17,137,14,113,38,44,Low Stock
6548,7,67,2025-01-10,159,120,139,140,51,In Stock
6549,12,52,2025-04-22,193,133,101,225,31,In Stock
6550,18,118,2025-08-19,124,90,49,165,19,In Stock
6551,7,7,2025-12-11,176,124,122,178,50,In Stock
6552,3,3,2025-01-22,189,75,84,180,22,In Stock
6553,1,141,2025-06-15,52,112,63,101,58,In Stock
6554,15,75,2025-11-24,34,110,91,53,34,In Stock
6555,2,82,2025-08-10,209,4,120,93,47,In Stock
6556,7,27,2025-06-12,115,16,125,6,14,Low Stock
6557,16,116,2025-06-24,69,2,24,47,16,In Stock
6558,5,85,2025-07-16,148,60,76,132,54,In Stock
6559,19,39,2025-06-15,220,49,76,193,41,In Stock
6560,1,121,2025-12-21,125,90,73,142,52,In Stock
6561,17,137,2025-01-05,136,49,112,73,11,In Stock
6562,8,148,2025-09-16,60,84,127,17,51,Low Stock
6563,10,150,2025-10-14,100,5,28,77,55,In Stock
6564,4,124,2025-01-15,29,87,105,11,15,Low Stock
6565,12,52,2025-11-14,243,42,83,202,46,In Stock
6566,8,48,2025-09-24,195,37,134,98,18,In Stock
6567,7,87,2025-10-20,25,150,11,164,25,In Stock
6568,15,15,2025-02-28,211,85,106,190,24,In Stock
6569,9,49,2025-03-17,75,92,110,57,54,In Stock
6570,14,94,2025-09-05,168,78,77,169,47,In Stock
6571,10,150,2025-03-17,243,128,128,243,11,In Stock
6572,14,14,2025-05-27,245,66,11,300,34,In Stock
6573,18,38,2025-03-18,43,61,64,40,28,In Stock
6574,12,12,2025-09-27,223,144,57,310,13,In Stock
6575,7,127,2025-08-02,166,120,17,269,49,In Stock
6576,17,97,2025-08-09,193,136,21,308,53,In Stock
6577,15,135,2025-03-12,197,147,59,285,49,In Stock
6578,6,106,2025-12-20,146,136,61,221,52,In Stock
6579,14,134,2025-09-12,78,104,111,71,17,In Stock
6580,17,137,2025-06-21,33,136,146,23,13,In Stock
6581,2,22,2025-12-22,124,17,64,77,49,In Stock
6582,19,139,2025-02-26,24,7,11,20,18,In Stock
6583,5,125,2025-08-27,66,138,136,68,59,In Stock
6584,13,93,2025-05-28,32,69,49,52,40,In Stock
6585,13,113,2025-08-26,71,105,120,56,48,In Stock
6586,8,148,2025-08-04,145,18,46,117,18,In Stock
6587,15,15,2025-05-10,140,11,15,136,52,In Stock
6588,11,91,2025-11-22,86,8,82,12,43,Low Stock
6589,15,115,2025-04-22,65,41,101,5,49,Low Stock
6590,14,54,2025-02-05,241,83,76,248,19,In Stock
6591,14,54,2025-01-25,98,150,45,203,33,In Stock
6592,1,101,2025-06-12,34,63,81,16,32,Low Stock
6593,11,31,2025-10-25,229,34,68,195,31,In Stock
6594,20,80,2025-07-28,91,124,93,122,32,In Stock
6595,11,51,2025-10-01,51,18,20,49,14,In Stock
6596,2,122,2025-05-22,241,12,62,191,16,In Stock
6597,14,74,2025-10-19,96,5,2,99,24,In Stock
6598,17,117,2025-11-10,180,13,43,150,42,In Stock
6599,20,140,2025-08-24,133,46,64,115,20,In Stock
6600,8,88,2025-10-13,150,97,138,109,41,In Stock
6601,11,91,2025-07-23,53,89,38,104,29,In Stock
6602,8,88,2025-09-15,198,37,96,139,30,In Stock
6603,8,88,2025-09-26,80,88,93,75,44,In Stock
6604,14,14,2025-02-08,103,15,103,15,39,Low Stock
6605,4,44,2025-03-19,77,53,110,20,15,In Stock
6606,14,114,2025-12-27,221,127,114,234,40,In Stock
6607,6,146,2025-08-23,132,38,61,109,10,In Stock
6608,11,111,2025-08-18,33,93,96,30,42,Low Stock
6609,12,72,2025-02-01,39,107,35,111,24,In Stock
6610,2,102,2025-07-22,223,100,61,262,13,In Stock
6611,20,80,2025-05-07,152,123,39,236,30,In Stock
6612,20,140,2025-08-12,216,43,104,155,57,In Stock
6613,14,94,2025-03-15,134,130,68,196,17,In Stock
6614,9,129,2025-03-09,56,129,27,158,60,In Stock
6615,7,47,2025-04-13,165,71,102,134,26,In Stock
6616,1,81,2025-11-10,241,3,150,94,32,In Stock
6617,15,75,2025-01-16,135,47,72,110,17,In Stock
6618,8,128,2025-08-06,153,141,43,251,35,In Stock
6619,17,17,2025-03-01,192,0,0,192,34,In Stock
6620,5,65,2025-04-15,106,136,50,192,19,In Stock
6621,18,78,2025-05-10,172,94,40,226,19,In Stock
6622,15,135,2025-05-22,172,131,20,283,60,In Stock
6623,12,112,2025-02-04,160,113,21,252,23,In Stock
6624,1,121,2025-12-15,102,108,52,158,57,In Stock
6625,5,85,2025-08-25,151,26,74,103,13,In Stock
6626,15,75,2025-11-20,102,45,71,76,21,In Stock
6627,13,33,2025-02-21,70,44,98,16,18,Low Stock
6628,3,103,2025-07-19,90,94,68,116,47,In Stock
6629,15,15,2025-12-24,116,104,45,175,44,In Stock
6630,8,88,2025-03-24,194,99,29,264,50,In Stock
6631,8,68,2025-11-02,204,0,43,161,51,In Stock
6632,12,12,2025-01-09,91,33,35,89,28,In Stock
6633,20,80,2025-11-20,206,4,30,180,44,In Stock
6634,5,85,2025-06-03,146,25,60,111,50,In Stock
6635,20,40,2025-03-05,38,36,41,33,27,In Stock
6636,7,107,2025-08-01,172,91,134,129,10,In Stock
6637,11,31,2025-02-04,164,2,20,146,33,In Stock
6638,13,13,2025-08-16,211,57,145,123,55,In Stock
6639,9,89,2025-07-18,218,143,141,220,52,In Stock
6640,16,96,2025-04-06,84,115,54,145,15,In Stock
6641,8,88,2025-11-28,129,50,129,50,56,Low Stock
6642,7,87,2025-09-25,201,12,122,91,46,In Stock
6643,5,45,2025-09-22,205,72,143,134,55,In Stock
6644,18,58,2025-06-06,84,105,131,58,29,In Stock
6645,4,144,2025-12-05,76,123,43,156,29,In Stock
6646,8,28,2025-09-10,185,28,13,200,45,In Stock
6647,7,87,2025-04-10,164,69,11,222,46,In Stock
6648,7,127,2025-11-11,185,87,105,167,36,In Stock
6649,12,52,2025-02-28,132,119,52,199,34,In Stock
6650,3,3,2025-08-05,103,83,30,156,31,In Stock
6651,16,116,2025-07-04,20,66,7,79,36,In Stock
6652,18,38,2025-08-09,153,45,79,119,17,In Stock
6653,13,113,2025-05-03,130,51,119,62,36,In Stock
6654,14,134,2025-08-07,182,56,75,163,31,In Stock
6655,10,90,2025-10-09,62,92,122,32,29,In Stock
6656,10,70,2025-12-23,113,139,78,174,40,In Stock
6657,1,21,2025-12-17,153,16,81,88,46,In Stock
6658,9,149,2025-04-23,181,43,90,134,36,In Stock
6659,3,123,2025-02-12,30,40,9,61,51,In Stock
6660,4,144,2025-12-05,80,45,64,61,25,In Stock
6661,5,5,2025-07-23,26,82,45,63,12,In Stock
6662,7,127,2025-08-23,236,36,59,213,41,In Stock
6663,13,33,2025-10-15,228,119,139,208,47,In Stock
6664,19,59,2025-03-13,38,35,15,58,51,In Stock
6665,1,41,2025-09-25,113,31,67,77,23,In Stock
6666,3,103,2025-12-22,235,134,145,224,56,In Stock
6667,16,96,2025-06-13,199,119,100,218,58,In Stock
6668,4,84,2025-01-28,172,28,97,103,43,In Stock
6669,4,64,2025-02-27,37,140,49,128,44,In Stock
6670,10,70,2025-06-03,237,93,89,241,15,In Stock
6671,12,72,2025-12-18,78,29,69,38,11,In Stock
6672,7,47,2025-02-15,47,8,10,45,20,In Stock
6673,16,76,2025-11-11,168,72,89,151,54,In Stock
6674,10,110,2025-03-06,163,20,64,119,45,In Stock
6675,11,131,2025-08-23,192,103,148,147,36,In Stock
6676,4,84,2025-12-13,156,34,65,125,13,In Stock
6677,3,103,2025-12-18,20,44,12,52,59,Low Stock
6678,18,98,2025-04-14,176,25,42,159,29,In Stock
6679,10,70,2025-11-17,61,146,143,64,25,In Stock
6680,10,10,2025-08-12,126,0,119,7,22,Low Stock
6681,16,136,2025-11-28,222,97,14,305,36,In Stock
6682,15,95,2025-09-10,54,147,137,64,31,In Stock
6683,12,32,2025-09-17,101,78,64,115,34,In Stock
6684,6,66,2025-03-22,46,20,31,35,59,Low Stock
6685,11,11,2025-02-11,27,126,148,5,55,Low Stock
6686,5,65,2025-08-17,112,85,98,99,26,In Stock
6687,15,135,2025-10-21,211,63,31,243,57,In Stock
6688,6,46,2025-01-14,207,108,79,236,35,In Stock
6689,3,143,2025-11-06,132,30,104,58,44,In Stock
6690,10,130,2025-06-22,166,66,18,214,10,In Stock
6691,12,72,2025-02-12,94,77,70,101,29,In Stock
6692,16,56,2025-10-20,105,101,71,135,60,In Stock
6693,15,55,2025-02-18,245,95,76,264,26,In Stock
6694,8,68,2025-07-23,169,29,120,78,37,In Stock
6695,1,21,2025-10-13,230,35,127,138,55,In Stock
6696,12,32,2025-12-24,134,78,100,112,34,In Stock
6697,2,62,2025-10-08,207,132,117,222,58,In Stock
6698,4,144,2025-10-19,237,146,51,332,45,In Stock
6699,19,99,2025-02-16,183,119,15,287,31,In Stock
6700,15,75,2025-11-09,51,124,131,44,42,In Stock
6701,3,43,2025-10-08,94,98,33,159,35,In Stock
6702,16,16,2025-02-17,78,19,41,56,60,Low Stock
6703,4,104,2025-09-05,172,110,99,183,59,In Stock
6704,6,86,2025-10-28,24,111,65,70,58,In Stock
6705,8,128,2025-05-13,116,149,34,231,32,In Stock
6706,20,100,2025-05-03,165,50,130,85,52,In Stock
6707,1,41,2025-11-06,109,11,43,77,38,In Stock
6708,1,21,2025-04-26,57,44,55,46,50,Low Stock
6709,13,133,2025-03-28,169,25,20,174,45,In Stock
6710,4,84,2025-02-14,220,42,22,240,23,In Stock
6711,6,66,2025-07-19,220,145,134,231,59,In Stock
6712,17,37,2025-11-17,188,9,24,173,31,In Stock
6713,5,45,2025-08-10,235,98,15,318,15,In Stock
6714,16,136,2025-09-10,168,12,124,56,28,In Stock
6715,7,47,2025-02-02,191,143,116,218,32,In Stock
6716,15,115,2025-09-08,179,124,73,230,28,In Stock
6717,19,119,2025-02-23,98,139,123,114,46,In Stock
6718,16,16,2025-08-14,89,84,141,32,27,In Stock
6719,11,71,2025-05-03,26,34,41,19,10,In Stock
6720,2,2,2025-06-09,122,1,107,16,32,Low Stock
6721,18,78,2025-04-23,125,83,86,122,56,In Stock
6722,5,5,2025-07-27,20,16,12,24,59,Low Stock
6723,11,111,2025-11-17,190,123,91,222,31,In Stock
6724,11,31,2025-04-02,40,70,61,49,46,In Stock
6725,15,15,2025-07-15,65,128,140,53,16,In Stock
6726,10,30,2025-11-24,45,149,15,179,36,In Stock
6727,13,113,2025-03-11,140,134,106,168,21,In Stock
6728,12,132,2025-05-24,76,40,15,101,14,In Stock
6729,3,43,2025-08-02,188,113,135,166,52,In Stock
6730,15,75,2025-06-12,159,108,47,220,14,In Stock
6731,17,77,2025-01-07,102,12,30,84,43,In Stock
6732,16,36,2025-02-02,183,148,38,293,35,In Stock
6733,16,16,2025-02-15,175,78,0,253,14,In Stock
6734,7,67,2025-07-26,137,16,142,11,59,Low Stock
6735,4,4,2025-09-18,211,55,132,134,12,In Stock
6736,3,63,2025-11-01,152,124,44,232,37,In Stock
6737,4,124,2025-07-17,130,133,134,129,52,In Stock
6738,4,144,2025-02-05,174,1,105,70,29,In Stock
6739,14,54,2025-03-12,154,102,37,219,44,In Stock
6740,1,121,2025-06-04,221,85,113,193,56,In Stock
6741,3,143,2025-10-20,34,146,142,38,25,In Stock
6742,6,46,2025-10-04,223,65,125,163,15,In Stock
6743,13,73,2025-11-10,57,130,46,141,22,In Stock
6744,1,101,2025-04-07,222,23,28,217,43,In Stock
6745,19,19,2025-09-13,61,48,42,67,57,In Stock
6746,1,41,2025-02-10,171,101,97,175,45,In Stock
6747,10,70,2025-11-07,234,81,108,207,58,In Stock
6748,13,33,2025-09-23,200,123,39,284,24,In Stock
6749,6,66,2025-01-14,211,30,146,95,30,In Stock
6750,16,56,2025-12-23,128,97,110,115,34,In Stock
6751,14,54,2025-10-28,99,83,6,176,19,In Stock
6752,11,91,2025-10-14,184,146,147,183,12,In Stock
6753,4,124,2025-01-17,228,24,113,139,27,In Stock
6754,3,63,2025-05-25,71,112,147,36,42,Low Stock
6755,19,59,2025-10-05,232,98,46,284,20,In Stock
6756,19,139,2025-08-02,105,104,61,148,58,In Stock
6757,17,37,2025-11-16,224,96,70,250,32,In Stock
6758,9,149,2025-09-24,89,149,78,160,47,In Stock
6759,20,60,2025-01-23,182,15,95,102,16,In Stock
6760,8,68,2025-07-18,239,14,105,148,35,In Stock
6761,1,21,2025-11-14,35,142,57,120,37,In Stock
6762,5,85,2025-10-11,235,28,139,124,16,In Stock
6763,14,134,2025-07-01,135,62,79,118,43,In Stock
6764,9,49,2025-08-11,81,46,68,59,24,In Stock
6765,19,139,2025-02-10,53,86,120,19,41,Low Stock
6766,12,72,2025-07-17,164,84,34,214,37,In Stock
6767,1,41,2025-05-24,197,138,119,216,40,In Stock
6768,2,62,2025-06-05,129,23,43,109,18,In Stock
6769,13,133,2025-11-18,91,97,109,79,44,In Stock
6770,1,121,2025-10-03,31,41,15,57,39,In Stock
6771,16,136,2025-02-28,57,32,17,72,35,In Stock
6772,8,68,2025-09-26,133,53,129,57,35,In Stock
6773,9,149,2025-11-04,57,81,35,103,15,In Stock
6774,19,59,2025-03-21,168,127,93,202,39,In Stock
6775,14,34,2025-09-12,181,144,7,318,49,In Stock
6776,8,68,2025-07-16,123,88,147,64,32,In Stock
6777,7,87,2025-09-24,135,24,80,79,14,In Stock
6778,3,43,2025-02-04,66,28,22,72,45,In Stock
6779,9,89,2025-10-08,107,1,94,14,29,Low Stock
6780,5,65,2025-04-09,148,98,21,225,37,In Stock
6781,6,146,2025-06-26,200,48,20,228,11,In Stock
6782,3,63,2025-09-27,98,39,0,137,10,In Stock
6783,19,119,2025-02-04,93,97,49,141,15,In Stock
6784,10,50,2025-02-17,154,134,100,188,46,In Stock
6785,6,46,2025-11-05,174,136,149,161,32,In Stock
6786,9,69,2025-02-21,239,6,139,106,51,In Stock
6787,16,96,2025-09-23,129,71,14,186,25,In Stock
6788,17,57,2025-09-26,52,34,63,23,53,Low Stock
6789,8,48,2025-04-06,94,133,6,221,11,In Stock
6790,8,108,2025-10-16,230,40,11,259,39,In Stock
6791,1,81,2025-07-04,62,75,32,105,43,In Stock
6792,1,1,2025-08-16,241,98,41,298,24,In Stock
6793,12,132,2025-03-17,219,79,2,296,52,In Stock
6794,7,67,2025-04-03,217,4,36,185,48,In Stock
6795,11,111,2025-02-10,95,74,80,89,36,In Stock
6796,14,134,2025-02-08,200,138,29,309,18,In Stock
6797,12,32,2025-03-18,180,86,79,187,16,In Stock
6798,19,139,2025-10-10,50,19,47,22,56,Low Stock
6799,20,40,2025-05-26,57,98,13,142,16,In Stock
6800,12,112,2025-09-15,231,107,62,276,37,In Stock
6801,13,33,2025-08-01,54,7,47,14,32,Low Stock
6802,6,126,2025-08-27,154,38,91,101,13,In Stock
6803,11,91,2025-10-02,26,103,41,88,39,In Stock
6804,19,99,2025-06-09,75,43,16,102,29,In Stock
6805,19,99,2025-12-03,113,77,39,151,58,In Stock
6806,10,70,2025-08-12,246,13,141,118,57,In Stock
6807,3,63,2025-03-24,220,18,80,158,57,In Stock
6808,2,142,2025-04-24,201,141,25,317,23,In Stock
6809,13,133,2025-03-02,181,62,99,144,31,In Stock
6810,14,74,2025-07-13,150,93,144,99,43,In Stock
6811,18,98,2025-04-09,50,82,60,72,14,In Stock
6812,17,97,2025-07-11,96,59,12,143,31,In Stock
6813,16,96,2025-01-10,168,116,131,153,19,In Stock
6814,9,9,2025-06-16,55,38,11,82,13,In Stock
6815,15,15,2025-06-16,174,40,86,128,44,In Stock
6816,18,38,2025-04-19,43,3,29,17,52,Low Stock
6817,14,94,2025-04-06,113,98,69,142,11,In Stock
6818,10,90,2025-04-07,143,52,53,142,46,In Stock
6819,4,124,2025-02-07,189,141,94,236,21,In Stock
6820,6,146,2025-05-05,72,81,40,113,14,In Stock
6821,7,7,2025-03-01,182,122,89,215,15,In Stock
6822,1,41,2025-08-23,144,131,121,154,51,In Stock
6823,8,128,2025-09-15,162,8,69,101,13,In Stock
6824,18,138,2025-07-15,149,65,138,76,48,In Stock
6825,17,137,2025-04-15,49,24,11,62,19,In Stock
6826,2,142,2025-10-14,210,61,147,124,27,In Stock
6827,14,134,2025-04-02,52,59,40,71,41,In Stock
6828,12,132,2025-12-09,52,106,16,142,52,In Stock
6829,9,109,2025-10-28,182,26,66,142,27,In Stock
6830,19,19,2025-01-26,40,13,10,43,20,In Stock
6831,9,129,2025-11-10,24,149,83,90,26,In Stock
6832,15,15,2025-08-27,213,124,25,312,43,In Stock
6833,11,131,2025-03-02,195,92,25,262,38,In Stock
6834,13,113,2025-08-05,219,125,5,339,31,In Stock
6835,5,65,2025-01-26,26,36,45,17,31,Low Stock
6836,3,43,2025-06-11,245,115,40,320,53,In Stock
6837,11,91,2025-06-26,143,105,83,165,35,In Stock
6838,20,120,2025-07-11,234,37,90,181,51,In Stock
6839,20,100,2025-09-12,45,48,89,4,31,Low Stock
6840,2,22,2025-08-22,171,82,145,108,53,In Stock
6841,3,3,2025-12-03,190,1,146,45,43,In Stock
6842,20,40,2025-08-11,197,54,37,214,25,In Stock
6843,8,68,2025-07-20,114,101,108,107,18,In Stock
6844,9,69,2025-09-05,88,104,25,167,46,In Stock
6845,16,96,2025-08-28,21,37,53,5,50,Low Stock
6846,10,10,2025-02-13,246,52,109,189,46,In Stock
6847,20,140,2025-12-06,123,62,142,43,28,In Stock
6848,16,56,2025-09-19,140,25,75,90,24,In Stock
6849,3,123,2025-03-23,213,9,24,198,27,In Stock
6850,11,71,2025-08-15,192,147,24,315,25,In Stock
6851,10,90,2025-02-15,159,40,13,186,27,In Stock
6852,15,75,2025-11-20,105,1,34,72,46,In Stock
6853,1,1,2025-03-12,63,134,58,139,32,In Stock
6854,8,128,2025-11-13,78,17,6,89,46,In Stock
6855,12,92,2025-12-06,32,30,58,4,12,Low Stock
6856,3,83,2025-01-03,227,137,12,352,41,In Stock
6857,1,141,2025-01-08,135,82,62,155,30,In Stock
6858,20,120,2025-04-23,194,96,79,211,17,In Stock
6859,19,39,2025-05-11,169,106,60,215,31,In Stock
6860,3,43,2025-06-02,24,122,16,130,60,In Stock
6861,20,120,2025-08-16,55,116,51,120,26,In Stock
6862,2,22,2025-10-19,181,46,125,102,12,In Stock
6863,3,123,2025-06-27,164,62,35,191,41,In Stock
6864,7,27,2025-05-02,93,17,38,72,57,In Stock
6865,9,9,2025-05-26,81,78,92,67,31,In Stock
6866,12,12,2025-02-10,246,35,84,197,45,In Stock
6867,12,132,2025-12-05,175,49,127,97,29,In Stock
6868,5,105,2025-04-06,218,36,147,107,42,In Stock
6869,12,132,2025-04-10,74,78,118,34,54,Low Stock
6870,12,32,2025-08-02,69,129,72,126,56,In Stock
6871,3,143,2025-11-27,34,141,133,42,53,Low Stock
6872,9,89,2025-03-21,245,77,52,270,23,In Stock
6873,8,148,2025-08-10,226,69,138,157,17,In Stock
6874,4,124,2025-02-28,209,118,121,206,18,In Stock
6875,20,20,2025-08-20,108,58,52,114,35,In Stock
6876,16,116,2025-06-14,153,144,69,228,37,In Stock
6877,18,138,2025-08-08,127,63,22,168,42,In Stock
6878,1,1,2025-09-15,20,102,53,69,14,In Stock
6879,4,124,2025-03-08,213,65,14,264,54,In Stock
6880,6,146,2025-10-23,50,60,73,37,15,In Stock
6881,15,35,2025-03-07,230,105,117,218,25,In Stock
6882,13,113,2025-03-07,140,125,92,173,33,In Stock
6883,6,46,2025-04-02,100,141,78,163,50,In Stock
6884,9,49,2025-03-03,205,66,121,150,48,In Stock
6885,20,60,2025-11-18,243,55,142,156,15,In Stock
6886,1,21,2025-12-12,212,57,110,159,25,In Stock
6887,14,54,2025-03-04,163,124,34,253,37,In Stock
6888,6,46,2025-11-13,118,11,77,52,11,In Stock
6889,18,138,2025-10-26,100,55,2,153,53,In Stock
6890,13,133,2025-06-25,113,113,115,111,31,In Stock
6891,8,48,2025-03-06,79,80,56,103,19,In Stock
6892,20,80,2025-05-05,246,44,115,175,50,In Stock
6893,14,74,2025-04-08,162,117,109,170,33,In Stock
6894,10,90,2025-06-05,138,61,87,112,38,In Stock
6895,3,143,2025-08-16,66,109,122,53,18,In Stock
6896,18,58,2025-01-17,76,126,149,53,22,In Stock
6897,10,50,2025-10-24,83,149,86,146,46,In Stock
6898,3,43,2025-06-07,75,81,102,54,42,In Stock
6899,7,107,2025-10-16,24,92,113,3,56,Low Stock
6900,16,116,2025-12-16,227,142,144,225,55,In Stock
6901,3,43,2025-04-16,63,36,7,92,20,In Stock
6902,6,6,2025-10-27,48,14,49,13,24,Low Stock
6903,11,111,2025-10-06,112,72,120,64,25,In Stock
6904,17,137,2025-04-04,193,10,112,91,23,In Stock
6905,10,10,2025-06-21,172,92,128,136,10,In Stock
6906,11,11,2025-03-28,52,62,76,38,23,In Stock
6907,5,25,2025-10-16,163,82,35,210,34,In Stock
6908,3,83,2025-03-26,136,130,130,136,31,In Stock
6909,7,27,2025-01-06,104,92,74,122,48,In Stock
6910,17,137,2025-08-19,50,76,123,3,32,Low Stock
6911,4,24,2025-10-23,85,36,61,60,13,In Stock
6912,9,89,2025-11-21,165,129,125,169,56,In Stock
6913,6,86,2025-07-23,114,96,116,94,49,In Stock
6914,1,1,2025-07-11,54,130,54,130,53,In Stock
6915,5,85,2025-06-22,141,146,128,159,25,In Stock
6916,3,63,2025-06-17,247,144,122,269,36,In Stock
6917,1,61,2025-11-11,233,131,140,224,55,In Stock
6918,13,13,2025-08-03,172,4,85,91,47,In Stock
6919,4,124,2025-10-13,192,110,16,286,13,In Stock
6920,7,7,2025-05-28,90,139,103,126,14,In Stock
6921,17,57,2025-11-24,134,123,88,169,17,In Stock
6922,1,21,2025-08-05,135,131,74,192,54,In Stock
6923,16,16,2025-07-26,71,87,103,55,12,In Stock
6924,20,40,2025-05-12,208,149,94,263,53,In Stock
6925,16,36,2025-09-14,55,122,40,137,39,In Stock
6926,2,102,2025-04-19,22,101,44,79,38,In Stock
6927,9,69,2025-02-19,50,139,17,172,58,In Stock
6928,2,122,2025-09-12,248,141,66,323,16,In Stock
6929,20,140,2025-10-25,106,111,140,77,45,In Stock
6930,19,139,2025-03-13,48,70,57,61,35,In Stock
6931,6,26,2025-08-18,207,119,137,189,37,In Stock
6932,5,45,2025-10-19,136,89,64,161,48,In Stock
6933,3,23,2025-06-01,115,103,62,156,20,In Stock
6934,11,11,2025-10-15,80,143,1,222,39,In Stock
6935,8,108,2025-12-18,233,117,49,301,22,In Stock
6936,4,104,2025-04-02,198,29,14,213,49,In Stock
6937,7,87,2025-10-07,111,77,30,158,52,In Stock
6938,14,14,2025-08-09,116,71,126,61,23,In Stock
6939,1,1,2025-07-22,72,106,115,63,52,In Stock
6940,7,87,2025-08-01,209,12,15,206,47,In Stock
6941,18,118,2025-01-25,33,20,28,25,32,Low Stock
6942,13,73,2025-08-01,188,46,138,96,42,In Stock
6943,16,116,2025-07-18,192,76,47,221,13,In Stock
6944,6,146,2025-09-28,170,106,109,167,16,In Stock
6945,1,81,2025-08-20,235,101,96,240,30,In Stock
6946,7,147,2025-02-11,78,67,49,96,34,In Stock
6947,13,53,2025-08-14,167,29,53,143,52,In Stock
6948,5,5,2025-02-17,238,12,52,198,32,In Stock
6949,11,31,2025-05-15,35,45,57,23,31,Low Stock
6950,2,22,2025-12-25,220,59,107,172,47,In Stock
6951,1,101,2025-09-02,207,56,23,240,40,In Stock
6952,15,135,2025-01-06,211,96,53,254,17,In Stock
6953,11,111,2025-05-14,133,132,128,137,29,In Stock
6954,17,117,2025-05-23,167,148,115,200,31,In Stock
6955,5,85,2025-05-02,181,55,53,183,46,In Stock
6956,8,148,2025-08-03,133,33,120,46,27,In Stock
6957,2,2,2025-10-22,102,1,83,20,45,Low Stock
6958,12,52,2025-06-06,219,66,30,255,37,In Stock
6959,17,77,2025-06-08,212,4,81,135,26,In Stock
6960,10,90,2025-02-13,121,39,68,92,10,In Stock
6961,18,118,2025-10-03,81,27,76,32,13,In Stock
6962,5,65,2025-04-12,159,146,91,214,18,In Stock
6963,8,28,2025-05-06,106,111,40,177,11,In Stock
6964,3,103,2025-06-03,65,34,23,76,23,In Stock
6965,19,39,2025-10-04,179,119,15,283,17,In Stock
6966,16,76,2025-01-18,244,110,5,349,11,In Stock
6967,8,8,2025-11-28,153,145,82,216,25,In Stock
6968,10,90,2025-06-26,171,111,71,211,49,In Stock
6969,18,78,2025-09-21,114,53,109,58,50,In Stock
6970,20,140,2025-03-05,214,13,22,205,47,In Stock
6971,13,113,2025-06-18,96,37,102,31,48,Low Stock
6972,16,56,2025-02-26,122,20,89,53,32,In Stock
6973,20,80,2025-06-02,160,98,40,218,28,In Stock
6974,16,16,2025-07-22,202,15,61,156,17,In Stock
6975,14,94,2025-02-21,77,60,11,126,14,In Stock
6976,5,85,2025-09-20,108,10,34,84,59,In Stock
6977,16,116,2025-01-14,143,2,79,66,39,In Stock
6978,17,77,2025-07-15,20,94,12,102,30,In Stock
6979,9,149,2025-10-11,197,78,141,134,31,In Stock
6980,14,74,2025-07-27,154,85,0,239,14,In Stock
6981,13,73,2025-02-02,148,17,67,98,56,In Stock
6982,7,127,2025-09-09,108,52,16,144,20,In Stock
6983,11,11,2025-04-23,94,44,15,123,27,In Stock
6984,20,120,2025-02-02,227,39,42,224,45,In Stock
6985,7,127,2025-07-03,108,50,101,57,34,In Stock
6986,19,99,2025-09-24,79,59,96,42,46,Low Stock
6987,15,75,2025-12-10,246,12,24,234,46,In Stock
6988,9,9,2025-07-28,206,91,43,254,56,In Stock
6989,18,18,2025-02-09,46,105,89,62,43,In Stock
6990,7,67,2025-11-24,129,7,48,88,58,In Stock
6991,4,4,2025-04-01,236,45,127,154,50,In Stock
6992,16,96,2025-11-02,39,27,15,51,60,Low Stock
6993,12,12,2025-01-17,97,18,51,64,32,In Stock
6994,2,62,2025-08-18,38,149,81,106,45,In Stock
6995,9,149,2025-07-26,105,137,18,224,38,In Stock
6996,5,105,2025-02-10,110,13,40,83,30,In Stock
6997,20,40,2025-12-04,163,90,50,203,55,In Stock
6998,2,22,2025-05-20,131,109,6,234,27,In Stock
6999,9,9,2025-07-19,48,116,114,50,26,In Stock
7000,19,139,2025-04-13,89,47,66,70,52,In Stock
7001,18,18,2025-06-09,169,49,14,204,51,In Stock
7002,9,109,2025-01-10,146,147,66,227,46,In Stock
7003,13,113,2025-04-21,93,44,128,9,56,Low Stock
7004,18,118,2025-01-12,47,1,35,13,54,Low Stock
7005,6,126,2025-05-25,37,65,51,51,20,In Stock
7006,10,70,2025-04-07,91,142,58,175,18,In Stock
7007,17,57,2025-11-08,134,57,55,136,39,In Stock
7008,10,10,2025-08-16,248,138,52,334,42,In Stock
7009,11,51,2025-07-27,198,33,14,217,30,In Stock
7010,13,53,2025-05-18,245,93,133,205,40,In Stock
7011,16,76,2025-04-12,185,25,38,172,32,In Stock
7012,2,122,2025-04-25,198,135,86,247,29,In Stock
7013,3,63,2025-04-14,238,112,47,303,26,In Stock
7014,7,47,2025-11-16,111,138,137,112,11,In Stock
7015,15,75,2025-10-18,26,124,59,91,32,In Stock
7016,1,61,2025-05-01,120,125,115,130,45,In Stock
7017,7,47,2025-02-08,161,81,69,173,34,In Stock
7018,17,97,2025-11-04,106,70,119,57,43,In Stock
7019,17,37,2025-06-15,199,51,134,116,24,In Stock
7020,10,90,2025-08-13,244,32,70,206,44,In Stock
7021,6,106,2025-02-08,144,31,86,89,49,In Stock
7022,1,61,2025-10-28,167,123,127,163,40,In Stock
7023,3,23,2025-02-24,77,36,83,30,60,Low Stock
7024,8,68,2025-07-10,179,94,130,143,43,In Stock
7025,1,21,2025-02-02,240,38,73,205,55,In Stock
7026,16,116,2025-01-23,35,113,86,62,52,In Stock
7027,20,100,2025-08-26,181,122,17,286,10,In Stock
7028,13,133,2025-01-14,94,60,65,89,13,In Stock
7029,9,129,2025-12-08,168,117,76,209,35,In Stock
7030,10,10,2025-06-01,29,137,48,118,29,In Stock
7031,19,19,2025-01-01,78,125,80,123,23,In Stock
7032,7,127,2025-08-09,102,111,119,94,16,In Stock
7033,2,102,2025-08-09,40,57,16,81,60,In Stock
7034,6,106,2025-05-04,84,25,29,80,36,In Stock
7035,14,114,2025-09-10,78,109,34,153,19,In Stock
7036,11,71,2025-02-26,147,102,87,162,37,In Stock
7037,13,113,2025-04-14,169,136,86,219,25,In Stock
7038,16,16,2025-05-15,21,112,53,80,42,In Stock
7039,3,23,2025-09-16,213,92,12,293,43,In Stock
7040,17,77,2025-06-21,188,111,143,156,58,In Stock
7041,10,70,2025-11-12,21,10,31,0,44,Out of Stock
7042,4,24,2025-05-09,211,66,25,252,57,In Stock
7043,11,11,2025-05-04,102,79,14,167,31,In Stock
7044,8,68,2025-12-27,224,139,132,231,28,In Stock
7045,3,123,2025-07-14,47,83,74,56,51,In Stock
7046,1,81,2025-04-09,209,23,41,191,30,In Stock
7047,1,61,2025-03-15,180,88,97,171,29,In Stock
7048,4,44,2025-10-04,48,134,119,63,28,In Stock
7049,12,12,2025-01-14,89,145,15,219,60,In Stock
7050,13,133,2025-02-26,167,134,149,152,16,In Stock
7051,6,26,2025-01-15,54,31,24,61,27,In Stock
7052,6,106,2025-06-26,221,62,52,231,26,In Stock
7053,2,42,2025-02-24,90,65,140,15,34,Low Stock
7054,13,73,2025-05-03,112,13,44,81,48,In Stock
7055,2,142,2025-08-19,90,103,17,176,13,In Stock
7056,18,38,2025-02-27,160,134,16,278,56,In Stock
7057,8,28,2025-08-19,24,138,56,106,42,In Stock
7058,2,2,2025-12-24,119,15,101,33,55,Low Stock
7059,6,46,2025-11-05,186,149,113,222,50,In Stock
7060,10,10,2025-11-18,128,98,30,196,21,In Stock
7061,5,145,2025-10-06,170,128,62,236,52,In Stock
7062,3,103,2025-10-16,163,133,67,229,21,In Stock
7063,5,145,2025-04-03,78,79,23,134,44,In Stock
7064,10,130,2025-11-13,105,110,37,178,59,In Stock
7065,10,50,2025-10-28,186,27,125,88,54,In Stock
7066,1,101,2025-05-26,68,147,18,197,31,In Stock
7067,15,75,2025-02-09,117,27,143,1,19,Low Stock
7068,1,101,2025-02-20,24,20,2,42,11,In Stock
7069,14,74,2025-08-22,145,120,35,230,40,In Stock
7070,9,9,2025-02-28,97,75,55,117,38,In Stock
7071,4,64,2025-03-24,37,89,45,81,28,In Stock
7072,17,77,2025-12-02,80,47,48,79,18,In Stock
7073,1,1,2025-09-09,93,144,130,107,14,In Stock
7074,10,130,2025-03-06,53,75,109,19,53,Low Stock
7075,18,78,2025-03-08,117,6,50,73,53,In Stock
7076,6,66,2025-04-13,106,134,25,215,10,In Stock
7077,14,54,2025-09-20,71,71,142,0,52,Out of Stock
7078,19,39,2025-04-20,50,0,0,50,48,In Stock
7079,9,109,2025-07-21,77,95,129,43,32,In Stock
7080,17,137,2025-04-06,148,107,86,169,55,In Stock
7081,12,92,2025-10-27,122,113,8,227,39,In Stock
7082,1,101,2025-11-20,244,27,46,225,20,In Stock
7083,5,65,2025-10-28,91,67,121,37,57,Low Stock
7084,12,72,2025-11-09,88,23,51,60,59,In Stock
7085,12,72,2025-08-12,233,105,26,312,55,In Stock
7086,3,123,2025-04-21,66,97,27,136,31,In Stock
7087,15,135,2025-01-19,47,92,137,2,15,Low Stock
7088,9,109,2025-08-28,250,57,21,286,22,In Stock
7089,1,61,2025-04-18,75,45,70,50,38,In Stock
7090,10,110,2025-10-12,85,94,64,115,44,In Stock
7091,8,148,2025-05-05,113,135,111,137,49,In Stock
7092,9,69,2025-10-15,145,89,121,113,42,In Stock
7093,6,146,2025-05-21,44,125,35,134,28,In Stock
7094,17,117,2025-08-14,175,124,10,289,53,In Stock
7095,16,76,2025-03-16,27,144,78,93,20,In Stock
7096,15,75,2025-08-12,126,25,142,9,29,Low Stock
7097,4,84,2025-10-06,240,8,150,98,54,In Stock
7098,6,106,2025-12-07,249,108,32,325,56,In Stock
7099,8,128,2025-12-22,81,55,25,111,18,In Stock
7100,8,88,2025-05-15,210,95,1,304,55,In Stock
7101,10,90,2025-12-12,65,48,53,60,14,In Stock
7102,19,99,2025-11-21,49,3,15,37,15,In Stock
7103,16,56,2025-10-12,86,14,3,97,60,In Stock
7104,5,65,2025-12-19,214,8,127,95,11,In Stock
7105,4,144,2025-09-25,191,99,133,157,50,In Stock
7106,9,49,2025-11-28,202,99,91,210,41,In Stock
7107,8,8,2025-07-27,133,89,127,95,10,In Stock
7108,7,67,2025-03-20,109,59,140,28,10,In Stock
7109,4,104,2025-03-28,201,136,79,258,16,In Stock
7110,4,84,2025-05-11,186,74,6,254,55,In Stock
7111,9,69,2025-02-25,182,123,133,172,55,In Stock
7112,7,67,2025-05-05,248,104,125,227,33,In Stock
7113,10,90,2025-09-16,101,122,78,145,47,In Stock
7114,3,23,2025-04-16,154,14,8,160,38,In Stock
7115,19,139,2025-11-02,146,82,148,80,40,In Stock
7116,10,50,2025-02-23,175,11,49,137,34,In Stock
7117,5,145,2025-10-01,100,46,30,116,45,In Stock
7118,13,113,2025-07-23,23,67,32,58,60,Low Stock
7119,1,121,2025-02-28,205,50,87,168,28,In Stock
7120,11,91,2025-07-03,128,44,10,162,38,In Stock
7121,17,97,2025-05-12,180,101,78,203,13,In Stock
7122,10,90,2025-07-24,123,83,74,132,17,In Stock
7123,8,68,2025-04-11,211,17,115,113,51,In Stock
7124,11,111,2025-04-27,22,88,57,53,16,In Stock
7125,5,5,2025-09-24,142,144,69,217,46,In Stock
7126,4,84,2025-12-18,249,59,126,182,59,In Stock
7127,19,19,2025-11-20,133,114,111,136,58,In Stock
7128,9,89,2025-10-08,175,63,136,102,49,In Stock
7129,8,148,2025-08-22,84,34,78,40,34,In Stock
7130,10,10,2025-02-17,143,132,112,163,24,In Stock
7131,18,58,2025-02-13,238,94,63,269,13,In Stock
7132,1,141,2025-05-08,214,49,66,197,37,In Stock
7133,8,8,2025-07-07,141,27,135,33,40,Low Stock
7134,7,127,2025-08-15,53,127,99,81,13,In Stock
7135,13,73,2025-02-22,80,145,40,185,55,In Stock
7136,14,114,2025-02-26,89,148,2,235,54,In Stock
7137,13,73,2025-06-11,103,109,119,93,28,In Stock
7138,10,10,2025-01-23,154,23,79,98,45,In Stock
7139,6,86,2025-04-17,206,68,17,257,12,In Stock
7140,16,76,2025-08-08,227,12,113,126,44,In Stock
7141,10,70,2025-02-01,240,48,99,189,32,In Stock
7142,19,19,2025-02-17,163,25,117,71,48,In Stock
7143,8,48,2025-02-13,152,35,110,77,31,In Stock
7144,6,66,2025-04-07,199,104,65,238,35,In Stock
7145,6,26,2025-02-22,24,81,71,34,35,Low Stock
7146,12,132,2025-01-18,242,80,9,313,49,In Stock
7147,18,58,2025-03-27,23,97,101,19,59,Low Stock
7148,13,13,2025-11-04,110,35,77,68,46,In Stock
7149,10,10,2025-08-20,181,49,99,131,47,In Stock
7150,16,36,2025-12-14,120,125,66,179,24,In Stock
7151,5,105,2025-08-21,184,113,103,194,59,In Stock
7152,3,23,2025-03-16,75,19,53,41,11,In Stock
7153,3,103,2025-11-10,52,7,22,37,37,Low Stock
7154,9,149,2025-10-12,209,81,46,244,34,In Stock
7155,8,148,2025-12-13,227,137,141,223,19,In Stock
7156,14,94,2025-09-04,46,38,15,69,44,In Stock
7157,5,5,2025-09-27,84,143,62,165,10,In Stock
7158,10,150,2025-08-24,30,130,126,34,42,Low Stock
7159,17,117,2025-10-12,152,22,14,160,42,In Stock
7160,10,130,2025-01-07,207,132,113,226,40,In Stock
7161,16,136,2025-10-10,207,123,41,289,54,In Stock
7162,14,94,2025-07-09,214,6,132,88,13,In Stock
7163,7,27,2025-12-12,70,16,72,14,48,Low Stock
7164,5,125,2025-11-27,106,0,66,40,48,Low Stock
7165,15,15,2025-12-01,138,50,56,132,53,In Stock
7166,20,140,2025-06-06,162,24,121,65,25,In Stock
7167,16,136,2025-03-23,105,57,62,100,33,In Stock
7168,20,100,2025-05-01,50,36,3,83,29,In Stock
7169,19,39,2025-02-19,216,54,60,210,11,In Stock
7170,2,2,2025-12-27,119,100,43,176,52,In Stock
7171,9,149,2025-09-25,175,128,78,225,40,In Stock
7172,19,99,2025-03-11,210,0,116,94,30,In Stock
7173,1,121,2025-08-12,81,21,82,20,56,Low Stock
7174,4,24,2025-12-11,56,11,56,11,51,Low Stock
7175,16,96,2025-10-11,229,139,135,233,52,In Stock
7176,7,107,2025-01-16,71,40,101,10,13,Low Stock
7177,13,133,2025-03-17,151,23,118,56,18,In Stock
7178,16,116,2025-01-16,52,102,127,27,37,Low Stock
7179,19,19,2025-03-08,183,27,0,210,33,In Stock
7180,5,85,2025-07-16,161,134,47,248,35,In Stock
7181,13,13,2025-04-18,244,124,130,238,28,In Stock
7182,15,75,2025-04-26,42,112,92,62,60,In Stock
7183,9,109,2025-12-10,233,4,149,88,10,In Stock
7184,16,56,2025-01-02,216,150,41,325,26,In Stock
7185,2,42,2025-05-01,99,73,20,152,25,In Stock
7186,2,102,2025-01-26,181,28,28,181,11,In Stock
7187,17,57,2025-11-08,143,139,24,258,23,In Stock
7188,12,92,2025-04-08,147,102,127,122,30,In Stock
7189,1,1,2025-06-12,51,94,32,113,22,In Stock
7190,3,103,2025-04-27,65,119,46,138,25,In Stock
7191,6,106,2025-03-15,167,32,95,104,13,In Stock
7192,17,137,2025-05-11,43,106,73,76,40,In Stock
7193,6,46,2025-06-17,108,89,61,136,52,In Stock
7194,18,18,2025-02-21,60,34,87,7,17,Low Stock
7195,17,97,2025-12-04,145,31,70,106,51,In Stock
7196,13,53,2025-03-27,153,134,131,156,49,In Stock
7197,14,14,2025-05-04,187,14,81,120,33,In Stock
7198,10,110,2025-08-11,135,126,140,121,55,In Stock
7199,3,103,2025-03-21,80,26,17,89,49,In Stock
7200,5,45,2025-09-02,196,39,35,200,34,In Stock
7201,20,20,2025-12-17,171,107,46,232,52,In Stock
7202,20,100,2025-09-14,82,110,19,173,45,In Stock
7203,6,6,2025-09-27,54,84,22,116,18,In Stock
7204,5,25,2025-09-09,118,108,53,173,11,In Stock
7205,6,146,2025-12-01,209,86,82,213,13,In Stock
7206,2,102,2025-07-02,212,98,14,296,51,In Stock
7207,15,95,2025-02-10,66,38,12,92,46,In Stock
7208,4,4,2025-04-06,36,143,53,126,31,In Stock
7209,12,32,2025-05-16,125,6,22,109,39,In Stock
7210,16,76,2025-11-14,37,118,43,112,22,In Stock
7211,13,113,2025-12-13,239,123,132,230,19,In Stock
7212,7,67,2025-10-02,221,107,85,243,32,In Stock
7213,7,7,2025-09-12,165,119,94,190,34,In Stock
7214,16,16,2025-04-09,129,28,109,48,53,Low Stock
7215,17,117,2025-08-20,72,114,57,129,49,In Stock
7216,16,96,2025-08-24,132,49,27,154,43,In Stock
7217,6,126,2025-09-12,41,128,117,52,22,In Stock
7218,10,90,2025-06-08,148,75,147,76,51,In Stock
7219,14,54,2025-11-12,145,63,140,68,17,In Stock
7220,17,37,2025-01-08,107,71,0,178,15,In Stock
7221,7,127,2025-05-23,114,58,127,45,17,In Stock
7222,9,9,2025-10-14,83,122,2,203,59,In Stock
7223,2,82,2025-04-12,47,116,140,23,51,Low Stock
7224,18,98,2025-07-18,113,132,136,109,11,In Stock
7225,9,129,2025-03-02,67,150,127,90,50,In Stock
7226,14,34,2025-12-22,240,103,79,264,17,In Stock
7227,5,5,2025-11-10,129,66,111,84,50,In Stock
7228,3,103,2025-02-28,140,89,83,146,39,In Stock
7229,10,10,2025-01-25,169,2,22,149,52,In Stock
7230,5,125,2025-07-20,122,17,3,136,50,In Stock
7231,7,67,2025-01-10,26,57,45,38,51,Low Stock
7232,17,17,2025-12-19,54,26,17,63,29,In Stock
7233,20,20,2025-06-27,137,3,90,50,48,In Stock
7234,17,137,2025-02-08,65,143,47,161,34,In Stock
7235,5,85,2025-05-16,155,73,150,78,42,In Stock
7236,8,68,2025-08-16,87,98,78,107,22,In Stock
7237,2,122,2025-05-20,246,89,55,280,51,In Stock
7238,9,49,2025-06-13,114,119,83,150,10,In Stock
7239,2,42,2025-12-28,136,101,82,155,16,In Stock
7240,12,132,2025-08-18,26,76,6,96,10,In Stock
7241,5,65,2025-02-05,48,123,3,168,47,In Stock
7242,1,121,2025-04-27,167,37,122,82,59,In Stock
7243,6,106,2025-10-01,193,12,27,178,36,In Stock
7244,2,122,2025-01-05,94,5,77,22,12,In Stock
7245,20,120,2025-04-19,31,31,46,16,43,Low Stock
7246,8,8,2025-10-24,201,25,97,129,27,In Stock
7247,19,119,2025-05-07,208,12,54,166,15,In Stock
7248,20,60,2025-08-05,121,9,72,58,60,Low Stock
7249,5,125,2025-03-07,27,36,1,62,46,In Stock
7250,18,138,2025-07-15,39,76,54,61,60,In Stock
7251,10,150,2025-06-25,24,117,121,20,32,Low Stock
7252,4,104,2025-03-21,37,99,106,30,18,In Stock
7253,1,121,2025-09-02,79,131,120,90,15,In Stock
7254,18,18,2025-04-25,90,55,142,3,58,Low Stock
7255,5,125,2025-10-17,53,83,39,97,37,In Stock
7256,15,55,2025-06-08,165,47,99,113,15,In Stock
7257,11,31,2025-06-16,159,121,100,180,16,In Stock
7258,8,128,2025-07-27,183,128,15,296,15,In Stock
7259,14,114,2025-03-19,55,107,119,43,18,In Stock
7260,9,89,2025-09-22,110,15,5,120,59,In Stock
7261,10,50,2025-04-08,64,103,80,87,28,In Stock
7262,2,102,2025-06-01,250,72,76,246,47,In Stock
7263,5,125,2025-07-11,98,123,76,145,60,In Stock
7264,17,137,2025-02-11,46,100,1,145,33,In Stock
7265,16,36,2025-12-11,121,135,56,200,14,In Stock
7266,12,92,2025-10-05,39,97,57,79,13,In Stock
7267,10,130,2025-02-05,187,122,77,232,54,In Stock
7268,5,45,2025-05-18,34,23,29,28,17,In Stock
7269,2,142,2025-02-04,80,92,72,100,26,In Stock
7270,11,131,2025-05-25,113,74,15,172,18,In Stock
7271,13,93,2025-01-18,101,61,3,159,46,In Stock
7272,14,114,2025-11-09,205,75,59,221,60,In Stock
7273,15,115,2025-11-22,162,18,52,128,24,In Stock
7274,9,129,2025-04-04,171,54,79,146,18,In Stock
7275,13,13,2025-04-09,185,30,67,148,19,In Stock
7276,18,118,2025-09-05,44,7,35,16,38,Low Stock
7277,18,58,2025-05-09,58,149,77,130,51,In Stock
7278,18,118,2025-12-26,161,55,124,92,59,In Stock
7279,2,22,2025-01-15,244,30,48,226,37,In Stock
7280,1,121,2025-10-18,153,28,46,135,58,In Stock
7281,7,127,2025-08-12,239,20,106,153,25,In Stock
7282,5,65,2025-01-13,127,81,18,190,10,In Stock
7283,17,57,2025-12-14,231,98,100,229,45,In Stock
7284,3,83,2025-11-09,209,57,19,247,29,In Stock
7285,10,150,2025-02-07,141,63,94,110,33,In Stock
7286,7,67,2025-01-07,72,13,37,48,19,In Stock
7287,5,145,2025-03-28,35,88,32,91,32,In Stock
7288,12,132,2025-08-13,25,145,25,145,18,In Stock
7289,16,36,2025-06-10,27,22,8,41,51,Low Stock
7290,11,71,2025-12-23,245,74,139,180,53,In Stock
7291,20,60,2025-11-19,46,41,7,80,23,In Stock
7292,10,50,2025-02-01,46,83,85,44,45,Low Stock
7293,13,133,2025-09-23,136,116,98,154,44,In Stock
7294,9,49,2025-06-24,52,47,84,15,37,Low Stock
7295,5,145,2025-12-09,107,106,69,144,35,In Stock
7296,15,55,2025-07-19,46,111,49,108,19,In Stock
7297,1,101,2025-05-01,140,62,67,135,54,In Stock
7298,13,53,2025-12-02,61,107,74,94,22,In Stock
7299,7,107,2025-07-12,129,33,91,71,18,In Stock
7300,16,16,2025-08-15,150,87,97,140,40,In Stock
7301,13,93,2025-05-25,184,9,37,156,14,In Stock
7302,2,102,2025-11-17,159,59,78,140,27,In Stock
7303,6,126,2025-11-26,212,142,148,206,60,In Stock
7304,7,47,2025-10-28,46,74,28,92,55,In Stock
7305,1,101,2025-02-23,45,56,74,27,16,In Stock
7306,14,114,2025-11-07,149,84,72,161,60,In Stock
7307,8,108,2025-02-13,187,112,21,278,29,In Stock
7308,14,54,2025-04-17,52,135,71,116,27,In Stock
7309,17,137,2025-02-13,99,140,127,112,27,In Stock
7310,9,9,2025-05-14,187,81,4,264,43,In Stock
7311,3,83,2025-01-21,182,38,95,125,59,In Stock
7312,4,44,2025-07-02,138,65,49,154,17,In Stock
7313,1,121,2025-10-15,181,47,21,207,52,In Stock
7314,2,102,2025-03-18,72,85,102,55,43,In Stock
7315,14,134,2025-07-19,111,41,143,9,13,Low Stock
7316,1,1,2025-01-13,250,21,39,232,10,In Stock
7317,5,105,2025-05-02,179,54,110,123,32,In Stock
7318,3,143,2025-01-27,240,48,36,252,29,In Stock
7319,9,9,2025-08-02,62,84,89,57,34,In Stock
7320,16,16,2025-02-03,36,126,128,34,42,Low Stock
7321,14,74,2025-10-18,146,142,105,183,55,In Stock
7322,2,82,2025-06-02,95,133,50,178,46,In Stock
7323,20,60,2025-01-14,231,108,123,216,39,In Stock
7324,15,55,2025-10-06,142,92,96,138,49,In Stock
7325,7,7,2025-07-21,188,90,7,271,43,In Stock
7326,17,77,2025-11-10,176,45,55,166,41,In Stock
7327,3,43,2025-12-19,174,94,142,126,41,In Stock
7328,15,35,2025-11-12,24,44,17,51,52,Low Stock
7329,16,16,2025-05-05,73,74,13,134,28,In Stock
7330,7,127,2025-08-22,103,9,76,36,52,Low Stock
7331,6,86,2025-11-06,51,115,77,89,42,In Stock
7332,3,63,2025-02-19,81,27,57,51,15,In Stock
7333,19,99,2025-04-06,224,100,66,258,52,In Stock
7334,9,69,2025-04-16,162,62,43,181,47,In Stock
7335,18,118,2025-04-15,120,66,110,76,22,In Stock
7336,9,149,2025-02-15,177,105,71,211,58,In Stock
7337,20,100,2025-03-10,71,23,35,59,32,In Stock
7338,6,106,2025-09-06,111,93,21,183,32,In Stock
7339,6,66,2025-06-19,41,148,8,181,60,In Stock
7340,19,99,2025-03-24,152,148,64,236,34,In Stock
7341,7,87,2025-04-16,91,136,87,140,49,In Stock
7342,1,81,2025-05-14,108,14,77,45,43,In Stock
7343,4,144,2025-11-13,203,5,11,197,16,In Stock
7344,8,28,2025-06-03,182,4,137,49,12,In Stock
7345,10,70,2025-11-13,155,20,60,115,43,In Stock
7346,11,91,2025-03-13,234,134,90,278,41,In Stock
7347,11,131,2025-11-13,223,103,138,188,52,In Stock
7348,4,44,2025-06-22,107,50,40,117,38,In Stock
7349,7,147,2025-03-22,57,59,49,67,18,In Stock
7350,2,62,2025-07-11,184,63,107,140,16,In Stock
7351,19,139,2025-04-25,100,22,58,64,35,In Stock
7352,14,54,2025-08-14,115,104,43,176,15,In Stock
7353,18,58,2025-03-23,53,75,38,90,20,In Stock
7354,18,18,2025-03-09,230,33,70,193,31,In Stock
7355,17,77,2025-05-20,232,14,57,189,56,In Stock
7356,1,21,2025-08-02,30,73,83,20,12,In Stock
7357,1,41,2025-08-28,33,56,10,79,25,In Stock
7358,11,91,2025-06-12,97,126,94,129,47,In Stock
7359,18,18,2025-04-17,157,10,88,79,24,In Stock
7360,5,125,2025-12-01,24,98,94,28,45,Low Stock
7361,5,5,2025-07-04,151,73,20,204,16,In Stock
7362,20,120,2025-09-03,54,55,91,18,53,Low Stock
7363,4,104,2025-01-12,235,22,114,143,17,In Stock
7364,10,10,2025-09-24,146,44,96,94,35,In Stock
7365,13,133,2025-03-17,143,25,111,57,58,Low Stock
7366,3,103,2025-12-07,226,5,36,195,36,In Stock
7367,2,22,2025-04-12,235,88,78,245,23,In Stock
7368,7,127,2025-09-21,76,29,40,65,11,In Stock
7369,6,66,2025-07-25,72,16,42,46,29,In Stock
7370,5,145,2025-04-14,89,30,89,30,36,Low Stock
7371,16,76,2025-10-25,158,70,148,80,10,In Stock
7372,9,69,2025-01-09,73,40,104,9,59,Low Stock
7373,5,105,2025-02-11,88,103,70,121,28,In Stock
7374,8,108,2025-12-21,127,126,28,225,55,In Stock
7375,8,108,2025-09-17,168,87,32,223,60,In Stock
7376,2,22,2025-10-06,29,99,95,33,56,Low Stock
7377,12,32,2025-12-17,117,101,84,134,17,In Stock
7378,12,112,2025-03-07,28,42,37,33,27,In Stock
7379,10,10,2025-12-28,91,61,78,74,46,In Stock
7380,15,75,2025-04-08,202,74,139,137,51,In Stock
7381,15,115,2025-08-27,138,50,122,66,16,In Stock
7382,9,89,2025-03-12,166,2,6,162,22,In Stock
7383,15,95,2025-11-07,83,140,33,190,16,In Stock
7384,17,117,2025-10-16,67,20,15,72,51,In Stock
7385,2,102,2025-02-15,230,34,123,141,34,In Stock
7386,5,45,2025-10-09,169,79,97,151,15,In Stock
7387,11,131,2025-10-09,124,4,94,34,48,Low Stock
7388,9,9,2025-11-23,114,137,81,170,37,In Stock
7389,1,41,2025-12-04,205,63,96,172,16,In Stock
7390,2,82,2025-09-02,28,122,4,146,13,In Stock
7391,3,103,2025-04-10,148,83,46,185,52,In Stock
7392,17,97,2025-01-11,76,42,90,28,49,Low Stock
7393,16,16,2025-12-08,206,66,85,187,29,In Stock
7394,17,17,2025-11-16,208,115,139,184,57,In Stock
7395,3,23,2025-02-21,209,94,0,303,38,In Stock
7396,15,115,2025-07-09,178,1,70,109,24,In Stock
7397,16,136,2025-04-23,107,41,85,63,33,In Stock
7398,18,138,2025-12-17,228,89,34,283,23,In Stock
7399,17,17,2025-01-01,214,13,84,143,56,In Stock
7400,10,130,2025-03-10,190,59,42,207,49,In Stock
7401,1,81,2025-03-14,88,142,94,136,28,In Stock
7402,11,71,2025-07-15,191,138,9,320,28,In Stock
7403,4,4,2025-11-18,115,31,59,87,38,In Stock
7404,5,85,2025-05-09,159,68,103,124,50,In Stock
7405,20,60,2025-04-04,64,54,41,77,24,In Stock
7406,10,130,2025-07-09,199,23,89,133,36,In Stock
7407,2,122,2025-11-10,51,18,28,41,60,Low Stock
7408,15,75,2025-02-25,230,20,42,208,45,In Stock
7409,10,150,2025-05-25,162,143,99,206,38,In Stock
7410,15,15,2025-05-07,200,33,141,92,44,In Stock
7411,20,140,2025-12-18,208,128,60,276,31,In Stock
7412,13,53,2025-12-24,166,31,94,103,16,In Stock
7413,12,32,2025-12-17,46,66,33,79,55,In Stock
7414,18,98,2025-05-20,229,88,82,235,22,In Stock
7415,3,3,2025-07-02,183,120,31,272,55,In Stock
7416,8,148,2025-03-25,79,114,135,58,20,In Stock
7417,18,38,2025-03-13,52,68,87,33,20,In Stock
7418,4,84,2025-07-11,50,125,33,142,12,In Stock
7419,14,134,2025-11-23,180,74,5,249,31,In Stock
7420,19,19,2025-04-06,102,68,15,155,42,In Stock
7421,8,8,2025-02-15,38,133,84,87,51,In Stock
7422,19,19,2025-02-02,177,34,43,168,56,In Stock
7423,12,132,2025-11-02,75,100,84,91,48,In Stock
7424,17,117,2025-09-17,117,67,57,127,34,In Stock
7425,13,133,2025-02-05,72,72,81,63,21,In Stock
7426,15,75,2025-11-22,35,70,1,104,57,In Stock
7427,5,5,2025-06-02,194,112,39,267,59,In Stock
7428,9,149,2025-05-07,225,32,90,167,12,In Stock
7429,1,121,2025-06-04,110,147,80,177,26,In Stock
7430,18,58,2025-10-21,54,62,49,67,52,In Stock
7431,11,31,2025-12-10,157,75,64,168,29,In Stock
7432,9,9,2025-03-28,62,101,78,85,51,In Stock
7433,13,133,2025-04-19,61,47,30,78,57,In Stock
7434,2,62,2025-05-01,37,130,107,60,13,In Stock
7435,7,47,2025-06-02,146,46,111,81,16,In Stock
7436,8,128,2025-10-02,83,78,97,64,57,In Stock
7437,8,148,2025-11-17,108,11,118,1,24,Low Stock
7438,18,18,2025-11-21,36,53,31,58,42,In Stock
7439,13,33,2025-02-17,205,126,15,316,12,In Stock
7440,18,18,2025-03-18,142,42,92,92,44,In Stock
7441,19,19,2025-03-14,184,28,83,129,17,In Stock
7442,18,18,2025-11-07,243,28,49,222,46,In Stock
7443,18,118,2025-11-13,220,86,130,176,59,In Stock
7444,6,26,2025-10-03,150,137,128,159,44,In Stock
7445,14,14,2025-06-12,237,3,79,161,53,In Stock
7446,3,103,2025-04-14,34,137,73,98,16,In Stock
7447,11,111,2025-12-07,115,41,38,118,24,In Stock
7448,16,76,2025-12-17,164,105,34,235,44,In Stock
7449,1,61,2025-03-27,117,83,136,64,29,In Stock
7450,18,138,2025-10-07,24,58,31,51,56,Low Stock
7451,14,74,2025-05-18,136,7,103,40,34,In Stock
7452,7,107,2025-07-17,55,10,28,37,27,In Stock
7453,20,140,2025-09-19,106,113,54,165,10,In Stock
7454,18,78,2025-02-16,146,3,4,145,50,In Stock
7455,15,55,2025-11-28,191,146,81,256,43,In Stock
7456,8,88,2025-11-23,137,39,91,85,47,In Stock
7457,12,132,2025-02-08,243,89,92,240,30,In Stock
7458,10,10,2025-04-17,188,93,95,186,35,In Stock
7459,17,17,2025-04-27,229,9,54,184,34,In Stock
7460,13,113,2025-09-20,127,16,104,39,38,In Stock
7461,17,17,2025-02-08,50,16,49,17,45,Low Stock
7462,16,136,2025-05-20,139,122,111,150,14,In Stock
7463,1,101,2025-11-16,105,22,66,61,58,In Stock
7464,5,25,2025-03-07,69,9,20,58,23,In Stock
7465,20,60,2025-06-17,128,32,18,142,47,In Stock
7466,4,144,2025-10-25,209,45,130,124,54,In Stock
7467,12,92,2025-10-28,207,29,127,109,17,In Stock
7468,6,126,2025-02-03,241,55,51,245,12,In Stock
7469,20,120,2025-05-04,91,13,44,60,28,In Stock
7470,8,68,2025-01-25,134,97,43,188,29,In Stock
7471,16,56,2025-06-06,22,64,86,0,29,Out of Stock
7472,14,114,2025-01-25,197,102,16,283,10,In Stock
7473,20,60,2025-03-28,28,131,91,68,11,In Stock
7474,6,66,2025-07-06,35,37,32,40,17,In Stock
7475,15,135,2025-02-03,165,102,57,210,20,In Stock
7476,1,21,2025-10-22,184,83,32,235,34,In Stock
7477,16,76,2025-01-06,246,149,83,312,51,In Stock
7478,7,7,2025-04-03,100,150,15,235,38,In Stock
7479,3,123,2025-09-23,218,81,124,175,57,In Stock
7480,19,119,2025-05-10,183,95,133,145,30,In Stock
7481,20,140,2025-10-05,64,86,23,127,21,In Stock
7482,1,81,2025-10-16,206,147,24,329,54,In Stock
7483,18,98,2025-07-03,129,83,146,66,40,In Stock
7484,5,85,2025-04-16,30,111,122,19,34,Low Stock
7485,3,143,2025-06-05,65,114,1,178,23,In Stock
7486,19,119,2025-07-01,238,87,55,270,33,In Stock
7487,10,90,2025-11-26,78,131,103,106,50,In Stock
7488,4,144,2025-04-22,100,4,99,5,38,Low Stock
7489,18,118,2025-04-28,75,111,30,156,33,In Stock
7490,11,111,2025-02-22,102,128,2,228,42,In Stock
7491,19,139,2025-07-04,99,97,10,186,45,In Stock
7492,9,89,2025-12-11,176,76,104,148,34,In Stock
7493,4,24,2025-09-12,104,102,27,179,45,In Stock
7494,5,105,2025-04-18,242,83,147,178,52,In Stock
7495,17,57,2025-06-03,72,118,20,170,32,In Stock
7496,4,64,2025-08-16,171,37,137,71,49,In Stock
7497,10,30,2025-11-08,96,117,131,82,37,In Stock
7498,10,50,2025-02-09,181,13,125,69,44,In Stock
7499,7,67,2025-12-27,82,143,1,224,33,In Stock
7500,15,15,2025-04-13,70,146,6,210,44,In Stock
7501,6,126,2025-11-18,116,32,36,112,32,In Stock
7502,6,106,2025-07-04,96,43,66,73,48,In Stock
7503,1,61,2025-05-27,217,52,78,191,40,In Stock
7504,6,106,2025-10-26,115,29,36,108,60,In Stock
7505,17,117,2025-05-11,85,126,25,186,55,In Stock
7506,6,26,2025-02-27,216,24,64,176,50,In Stock
7507,3,103,2025-08-26,79,58,103,34,17,In Stock
7508,6,106,2025-03-05,188,113,90,211,41,In Stock
7509,7,67,2025-10-20,116,120,95,141,25,In Stock
7510,14,134,2025-03-10,93,98,93,98,57,In Stock
7511,2,82,2025-05-19,93,110,140,63,27,In Stock
7512,15,95,2025-01-11,197,130,120,207,38,In Stock
7513,4,84,2025-03-18,170,92,115,147,54,In Stock
7514,9,129,2025-05-27,186,31,50,167,48,In Stock
7515,6,106,2025-04-03,245,130,141,234,20,In Stock
7516,16,56,2025-08-15,220,21,77,164,50,In Stock
7517,4,124,2025-09-14,69,73,127,15,27,Low Stock
7518,8,108,2025-10-08,64,67,31,100,13,In Stock
7519,7,27,2025-01-15,108,136,126,118,30,In Stock
7520,8,148,2025-03-20,34,132,46,120,14,In Stock
7521,1,21,2025-02-15,124,127,54,197,19,In Stock
7522,18,98,2025-05-09,61,77,67,71,22,In Stock
7523,10,90,2025-01-23,172,71,50,193,45,In Stock
7524,6,6,2025-08-03,191,87,81,197,33,In Stock
7525,19,119,2025-02-06,222,138,146,214,38,In Stock
7526,9,69,2025-08-27,129,57,108,78,24,In Stock
7527,9,129,2025-07-02,161,83,61,183,32,In Stock
7528,16,116,2025-10-09,117,3,2,118,58,In Stock
7529,7,7,2025-08-07,103,13,40,76,11,In Stock
7530,16,76,2025-07-23,190,15,143,62,53,In Stock
7531,8,88,2025-06-28,24,4,15,13,42,Low Stock
7532,16,36,2025-06-21,146,134,80,200,49,In Stock
7533,6,26,2025-08-18,46,114,150,10,24,Low Stock
7534,8,28,2025-11-12,196,17,147,66,32,In Stock
7535,10,70,2025-08-01,77,11,5,83,17,In Stock
7536,20,20,2025-02-05,71,111,138,44,51,Low Stock
7537,3,3,2025-05-06,30,66,67,29,36,Low Stock
7538,16,76,2025-05-05,30,145,32,143,36,In Stock
7539,10,10,2025-01-08,92,19,87,24,41,Low Stock
7540,6,66,2025-02-19,234,140,91,283,29,In Stock
7541,13,33,2025-06-28,200,5,137,68,18,In Stock
7542,20,80,2025-11-26,126,131,103,154,54,In Stock
7543,3,23,2025-03-07,126,54,147,33,37,Low Stock
7544,15,75,2025-05-24,212,73,78,207,21,In Stock
7545,17,37,2025-06-04,102,25,123,4,18,Low Stock
7546,6,106,2025-08-22,194,93,55,232,17,In Stock
7547,11,91,2025-12-13,127,82,86,123,36,In Stock
7548,7,127,2025-01-14,70,146,58,158,33,In Stock
7549,16,136,2025-08-10,156,28,80,104,10,In Stock
7550,1,81,2025-09-01,216,33,27,222,60,In Stock
7551,12,72,2025-11-04,183,145,29,299,21,In Stock
7552,7,107,2025-09-14,175,138,21,292,19,In Stock
7553,9,29,2025-06-28,149,98,104,143,29,In Stock
7554,5,85,2025-03-21,39,118,35,122,13,In Stock
7555,9,49,2025-10-01,192,94,13,273,54,In Stock
7556,20,40,2025-12-27,248,19,5,262,53,In Stock
7557,18,78,2025-09-27,180,46,29,197,24,In Stock
7558,15,55,2025-11-16,121,150,35,236,57,In Stock
7559,6,126,2025-06-16,168,117,82,203,29,In Stock
7560,4,4,2025-10-24,97,46,19,124,55,In Stock
7561,11,71,2025-08-28,89,21,103,7,24,Low Stock
7562,13,73,2025-11-27,110,64,70,104,21,In Stock
7563,12,32,2025-01-28,208,21,89,140,51,In Stock
7564,7,67,2025-11-23,20,57,9,68,57,In Stock
7565,12,52,2025-11-01,174,140,41,273,45,In Stock
7566,7,47,2025-04-28,162,136,133,165,44,In Stock
7567,9,89,2025-03-01,201,7,97,111,33,In Stock
7568,3,63,2025-12-13,187,125,16,296,30,In Stock
7569,13,13,2025-04-21,235,54,146,143,19,In Stock
7570,5,65,2025-05-12,171,127,64,234,22,In Stock
7571,11,111,2025-09-18,166,11,109,68,14,In Stock
7572,6,46,2025-03-15,36,101,8,129,22,In Stock
7573,18,38,2025-07-23,49,1,32,18,51,Low Stock
7574,11,111,2025-07-20,142,100,139,103,10,In Stock
7575,4,124,2025-04-22,30,85,69,46,28,In Stock
7576,1,101,2025-09-16,81,141,24,198,46,In Stock
7577,16,36,2025-05-19,193,41,124,110,37,In Stock
7578,19,19,2025-07-17,54,8,32,30,11,In Stock
7579,1,121,2025-06-01,209,102,120,191,53,In Stock
7580,14,34,2025-10-20,59,55,79,35,39,Low Stock
7581,17,77,2025-10-03,127,50,90,87,18,In Stock
7582,14,114,2025-03-05,184,131,115,200,37,In Stock
7583,19,19,2025-02-07,240,81,17,304,28,In Stock
7584,16,96,2025-12-02,152,19,133,38,17,In Stock
7585,20,80,2025-02-14,160,33,136,57,17,In Stock
7586,2,62,2025-11-07,208,137,69,276,51,In Stock
7587,4,64,2025-09-12,90,33,117,6,18,Low Stock
7588,14,134,2025-01-07,25,19,22,22,50,Low Stock
7589,11,51,2025-09-19,223,39,131,131,31,In Stock
7590,5,125,2025-05-05,20,142,100,62,47,In Stock
7591,18,138,2025-02-12,232,38,121,149,60,In Stock
7592,4,144,2025-08-26,116,21,11,126,18,In Stock
7593,13,93,2025-11-28,240,127,140,227,49,In Stock
7594,10,90,2025-10-02,25,67,29,63,25,In Stock
7595,14,114,2025-12-06,50,138,121,67,18,In Stock
7596,6,106,2025-03-15,204,128,3,329,42,In Stock
7597,13,33,2025-07-27,27,103,68,62,41,In Stock
7598,19,119,2025-04-26,200,39,126,113,45,In Stock
7599,14,34,2025-03-01,26,109,12,123,53,In Stock
7600,14,134,2025-07-20,49,105,112,42,17,In Stock
7601,15,95,2025-09-09,134,149,43,240,19,In Stock
7602,7,27,2025-09-14,87,74,32,129,26,In Stock
7603,2,142,2025-03-08,196,33,141,88,19,In Stock
7604,6,86,2025-04-03,236,44,90,190,19,In Stock
7605,7,127,2025-07-01,28,5,13,20,39,Low Stock
7606,14,14,2025-01-18,127,38,72,93,39,In Stock
7607,5,125,2025-02-23,98,74,29,143,20,In Stock
7608,17,137,2025-11-28,99,88,42,145,26,In Stock
7609,18,118,2025-02-12,202,67,118,151,48,In Stock
7610,10,50,2025-01-02,88,23,32,79,40,In Stock
7611,2,62,2025-04-28,213,98,26,285,57,In Stock
7612,11,91,2025-09-08,235,45,43,237,26,In Stock
7613,6,126,2025-01-17,90,96,62,124,38,In Stock
7614,14,54,2025-11-11,105,103,71,137,44,In Stock
7615,13,13,2025-01-24,39,120,56,103,25,In Stock
7616,12,32,2025-06-13,249,135,25,359,46,In Stock
7617,18,98,2025-01-20,119,62,101,80,30,In Stock
7618,3,123,2025-12-21,196,97,8,285,22,In Stock
7619,4,24,2025-09-21,166,25,139,52,28,In Stock
7620,11,111,2025-11-18,29,114,15,128,40,In Stock
7621,12,12,2025-01-06,209,72,94,187,32,In Stock
7622,19,99,2025-12-18,92,124,65,151,59,In Stock
7623,18,58,2025-06-03,246,77,138,185,37,In Stock
7624,3,43,2025-03-09,203,127,20,310,16,In Stock
7625,11,71,2025-06-16,126,81,59,148,54,In Stock
7626,14,114,2025-02-26,101,47,3,145,11,In Stock
7627,5,85,2025-08-03,80,100,95,85,50,In Stock
7628,9,129,2025-03-08,225,142,5,362,28,In Stock
7629,6,6,2025-10-25,105,0,40,65,20,In Stock
7630,14,94,2025-12-19,250,25,123,152,30,In Stock
7631,13,13,2025-01-26,234,5,22,217,16,In Stock
7632,17,137,2025-09-21,156,83,57,182,52,In Stock
7633,7,7,2025-02-12,183,113,40,256,21,In Stock
7634,2,122,2025-11-17,92,36,10,118,35,In Stock
7635,2,82,2025-05-11,212,79,107,184,42,In Stock
7636,17,37,2025-07-06,154,23,101,76,34,In Stock
7637,3,123,2025-06-12,170,129,62,237,32,In Stock
7638,17,17,2025-11-05,244,13,88,169,35,In Stock
7639,9,29,2025-12-10,199,124,84,239,42,In Stock
7640,4,4,2025-10-07,215,78,63,230,22,In Stock
7641,9,149,2025-01-14,65,13,31,47,11,In Stock
7642,8,48,2025-09-06,153,132,118,167,46,In Stock
7643,17,57,2025-10-11,60,147,23,184,59,In Stock
7644,9,149,2025-06-07,210,85,88,207,52,In Stock
7645,1,21,2025-02-08,87,31,53,65,25,In Stock
7646,5,85,2025-11-26,166,61,78,149,28,In Stock
7647,1,61,2025-09-10,220,44,1,263,55,In Stock
7648,19,139,2025-08-26,231,82,1,312,37,In Stock
7649,1,41,2025-04-23,224,23,44,203,19,In Stock
7650,17,37,2025-05-01,103,90,12,181,43,In Stock
7651,8,108,2025-06-17,225,93,90,228,48,In Stock
7652,2,102,2025-08-03,98,49,56,91,51,In Stock
7653,14,74,2025-04-04,233,94,63,264,14,In Stock
7654,8,48,2025-07-26,201,54,106,149,51,In Stock
7655,3,143,2025-02-28,57,132,138,51,27,In Stock
7656,15,135,2025-07-16,42,129,145,26,41,Low Stock
7657,1,121,2025-10-07,156,118,7,267,34,In Stock
7658,5,105,2025-10-02,36,7,42,1,51,Low Stock
7659,17,17,2025-12-01,232,131,40,323,52,In Stock
7660,15,15,2025-09-12,191,69,60,200,12,In Stock
7661,5,85,2025-05-18,171,103,131,143,52,In Stock
7662,5,145,2025-07-23,31,119,65,85,47,In Stock
7663,4,44,2025-07-18,81,119,133,67,57,In Stock
7664,5,45,2025-08-06,141,62,115,88,22,In Stock
7665,8,128,2025-01-23,228,143,15,356,12,In Stock
7666,11,31,2025-09-25,147,87,27,207,50,In Stock
7667,3,83,2025-01-11,154,128,47,235,14,In Stock
7668,16,16,2025-09-22,95,55,141,9,27,Low Stock
7669,17,117,2025-04-12,248,7,149,106,13,In Stock
7670,2,82,2025-05-22,158,61,123,96,44,In Stock
7671,14,134,2025-05-27,24,84,15,93,12,In Stock
7672,3,23,2025-03-12,73,112,15,170,13,In Stock
7673,17,117,2025-09-03,146,104,19,231,30,In Stock
7674,3,143,2025-04-03,128,106,125,109,36,In Stock
7675,15,95,2025-09-05,160,140,29,271,51,In Stock
7676,9,89,2025-07-03,232,134,30,336,56,In Stock
7677,6,126,2025-05-16,81,61,21,121,16,In Stock
7678,19,139,2025-07-02,163,98,12,249,14,In Stock
7679,3,23,2025-04-02,118,50,8,160,23,In Stock
7680,12,32,2025-05-28,163,92,77,178,33,In Stock
7681,12,72,2025-12-07,161,64,108,117,36,In Stock
7682,15,15,2025-07-06,152,127,61,218,26,In Stock
7683,5,65,2025-09-21,132,147,87,192,41,In Stock
7684,4,84,2025-05-24,105,35,7,133,57,In Stock
7685,13,113,2025-09-13,242,30,119,153,17,In Stock
7686,10,50,2025-12-19,215,113,140,188,54,In Stock
7687,2,122,2025-03-07,227,17,143,101,60,In Stock
7688,3,143,2025-11-01,244,140,51,333,40,In Stock
7689,2,62,2025-09-18,104,7,2,109,60,In Stock
7690,6,106,2025-06-02,235,83,14,304,29,In Stock
7691,15,75,2025-08-05,186,105,67,224,25,In Stock
7692,9,89,2025-12-08,49,134,64,119,50,In Stock
7693,9,89,2025-08-14,78,110,126,62,16,In Stock
7694,6,106,2025-03-15,223,132,27,328,43,In Stock
7695,12,92,2025-11-20,116,13,76,53,54,Low Stock
7696,7,87,2025-08-01,175,99,112,162,26,In Stock
7697,8,148,2025-03-08,187,31,114,104,54,In Stock
7698,2,142,2025-11-02,161,51,23,189,40,In Stock
7699,1,1,2025-08-26,55,53,55,53,39,In Stock
7700,6,146,2025-11-13,35,122,64,93,49,In Stock
7701,4,64,2025-04-12,227,59,131,155,25,In Stock
7702,2,142,2025-06-03,225,147,6,366,33,In Stock
7703,12,112,2025-01-08,54,44,8,90,12,In Stock
7704,16,36,2025-05-20,137,104,47,194,32,In Stock
7705,10,70,2025-04-21,150,133,148,135,26,In Stock
7706,6,6,2025-08-02,44,93,70,67,14,In Stock
7707,10,70,2025-08-15,82,84,127,39,11,In Stock
7708,16,136,2025-04-11,132,109,48,193,41,In Stock
7709,7,7,2025-06-24,248,2,41,209,57,In Stock
7710,3,43,2025-05-12,78,137,83,132,18,In Stock
7711,5,125,2025-06-03,53,96,93,56,45,In Stock
7712,10,50,2025-06-21,104,6,94,16,27,Low Stock
7713,6,66,2025-04-03,160,36,119,77,27,In Stock
7714,19,99,2025-10-16,202,84,45,241,16,In Stock
7715,2,2,2025-12-24,48,104,109,43,16,In Stock
7716,9,9,2025-09-10,182,110,66,226,10,In Stock
7717,8,108,2025-01-23,34,60,42,52,56,Low Stock
7718,9,109,2025-11-13,104,136,80,160,55,In Stock
7719,10,150,2025-02-01,134,120,145,109,56,In Stock
7720,18,98,2025-02-12,68,24,64,28,46,Low Stock
7721,11,91,2025-06-21,44,80,80,44,58,Low Stock
7722,7,87,2025-06-26,52,39,43,48,51,Low Stock
7723,18,138,2025-07-14,67,15,7,75,55,In Stock
7724,2,42,2025-07-22,249,46,146,149,26,In Stock
7725,19,139,2025-12-04,163,77,147,93,22,In Stock
7726,5,145,2025-05-08,88,147,46,189,59,In Stock
7727,9,49,2025-02-28,28,11,4,35,42,Low Stock
7728,11,51,2025-08-02,48,47,5,90,33,In Stock
7729,10,30,2025-02-07,246,52,19,279,33,In Stock
7730,9,129,2025-02-03,246,112,55,303,35,In Stock
7731,1,61,2025-04-14,210,94,95,209,14,In Stock
7732,2,42,2025-04-19,79,46,109,16,32,Low Stock
7733,2,102,2025-07-16,207,102,70,239,11,In Stock
7734,3,3,2025-06-20,138,5,141,2,19,Low Stock
7735,3,43,2025-03-10,86,109,140,55,13,In Stock
7736,18,138,2025-02-04,55,42,32,65,26,In Stock
7737,16,136,2025-01-05,87,108,7,188,49,In Stock
7738,18,118,2025-04-03,26,31,17,40,28,In Stock
7739,8,128,2025-05-20,204,87,144,147,39,In Stock
7740,16,116,2025-12-09,215,107,9,313,20,In Stock
7741,6,86,2025-06-28,150,94,89,155,21,In Stock
7742,2,122,2025-04-10,240,62,61,241,36,In Stock
7743,9,109,2025-11-27,159,27,49,137,44,In Stock
7744,20,100,2025-04-09,56,127,103,80,22,In Stock
7745,9,109,2025-02-28,102,142,126,118,37,In Stock
7746,2,2,2025-05-17,28,123,77,74,43,In Stock
7747,19,79,2025-08-04,197,111,79,229,37,In Stock
7748,16,76,2025-02-12,30,135,86,79,19,In Stock
7749,15,115,2025-08-10,145,133,115,163,34,In Stock
7750,4,4,2025-09-08,115,77,39,153,48,In Stock
7751,19,119,2025-07-13,139,137,85,191,26,In Stock
7752,5,5,2025-04-08,226,94,99,221,33,In Stock
7753,15,35,2025-12-22,116,95,31,180,43,In Stock
7754,15,75,2025-09-26,38,98,73,63,30,In Stock
7755,10,70,2025-08-02,148,129,120,157,16,In Stock
7756,5,125,2025-05-12,145,123,98,170,12,In Stock
7757,2,42,2025-06-17,188,87,106,169,26,In Stock
7758,12,12,2025-12-02,165,27,46,146,16,In Stock
7759,1,61,2025-03-14,41,37,63,15,35,Low Stock
7760,17,137,2025-05-27,53,2,19,36,16,In Stock
7761,14,134,2025-03-03,25,23,41,7,57,Low Stock
7762,18,18,2025-07-23,191,78,142,127,47,In Stock
7763,18,78,2025-02-06,89,134,110,113,19,In Stock
7764,16,16,2025-09-19,224,33,96,161,39,In Stock
7765,5,45,2025-08-08,160,28,142,46,58,Low Stock
7766,18,18,2025-11-28,73,141,5,209,29,In Stock
7767,16,16,2025-02-22,92,141,126,107,53,In Stock
7768,3,63,2025-04-07,129,101,89,141,35,In Stock
7769,7,107,2025-12-26,42,56,44,54,18,In Stock
7770,2,42,2025-04-12,214,63,7,270,46,In Stock
7771,7,7,2025-12-28,195,42,87,150,11,In Stock
7772,14,34,2025-04-27,225,142,50,317,48,In Stock
7773,5,145,2025-10-05,101,139,101,139,28,In Stock
7774,17,137,2025-01-11,30,103,113,20,44,Low Stock
7775,14,14,2025-10-22,149,105,90,164,40,In Stock
7776,1,21,2025-07-21,130,94,49,175,55,In Stock
7777,5,5,2025-12-23,38,144,85,97,21,In Stock
7778,11,31,2025-09-25,136,131,49,218,45,In Stock
7779,17,37,2025-09-24,206,39,3,242,52,In Stock
7780,3,103,2025-05-11,175,91,138,128,25,In Stock
7781,11,131,2025-08-24,178,54,121,111,39,In Stock
7782,7,127,2025-04-20,28,37,65,0,44,Out of Stock
7783,17,77,2025-06-13,55,47,43,59,16,In Stock
7784,10,130,2025-02-08,151,126,75,202,53,In Stock
7785,2,42,2025-10-27,74,18,70,22,27,Low Stock
7786,3,103,2025-01-16,161,81,43,199,52,In Stock
7787,7,127,2025-10-03,129,5,60,74,48,In Stock
7788,13,53,2025-06-08,151,98,21,228,52,In Stock
7789,3,83,2025-01-23,215,44,39,220,53,In Stock
7790,5,145,2025-12-21,162,78,89,151,41,In Stock
7791,2,122,2025-11-01,155,134,46,243,24,In Stock
7792,6,66,2025-12-23,54,121,95,80,55,In Stock
7793,15,95,2025-01-25,210,101,54,257,14,In Stock
7794,18,138,2025-10-08,94,144,127,111,15,In Stock
7795,16,16,2025-12-08,218,90,63,245,42,In Stock
7796,3,43,2025-06-14,31,10,13,28,26,In Stock
7797,4,64,2025-08-03,98,51,3,146,11,In Stock
7798,15,35,2025-03-27,191,58,143,106,48,In Stock
7799,8,88,2025-10-08,219,98,117,200,55,In Stock
7800,20,140,2025-09-25,122,11,4,129,34,In Stock
7801,5,125,2025-04-20,141,42,44,139,54,In Stock
7802,6,106,2025-06-09,46,112,146,12,39,Low Stock
7803,14,54,2025-11-06,94,7,1,100,36,In Stock
7804,18,98,2025-09-17,60,12,48,24,30,Low Stock
7805,5,125,2025-02-27,81,40,11,110,40,In Stock
7806,15,15,2025-10-19,155,139,102,192,37,In Stock
7807,19,139,2025-12-17,35,140,87,88,29,In Stock
7808,8,68,2025-03-06,200,126,78,248,40,In Stock
7809,4,124,2025-09-12,225,82,102,205,59,In Stock
7810,1,101,2025-12-26,127,145,15,257,26,In Stock
7811,10,50,2025-04-13,239,127,38,328,44,In Stock
7812,10,50,2025-07-18,82,94,44,132,36,In Stock
7813,20,100,2025-10-03,219,60,141,138,49,In Stock
7814,14,114,2025-11-15,209,147,78,278,32,In Stock
7815,14,34,2025-01-26,22,20,6,36,18,In Stock
7816,9,49,2025-11-27,189,19,64,144,20,In Stock
7817,9,109,2025-12-16,112,118,24,206,17,In Stock
7818,19,79,2025-04-17,240,80,97,223,60,In Stock
7819,3,3,2025-07-16,196,47,3,240,22,In Stock
7820,9,29,2025-09-17,20,44,3,61,24,In Stock
7821,9,109,2025-11-06,159,66,138,87,33,In Stock
7822,3,23,2025-09-09,125,46,141,30,42,Low Stock
7823,10,70,2025-06-20,172,20,43,149,38,In Stock
7824,11,111,2025-12-23,23,108,12,119,39,In Stock
7825,4,104,2025-08-05,115,149,54,210,12,In Stock
7826,10,130,2025-11-17,236,82,58,260,52,In Stock
7827,11,111,2025-03-17,164,33,119,78,59,In Stock
7828,12,112,2025-07-01,130,30,89,71,21,In Stock
7829,8,108,2025-10-18,123,90,28,185,16,In Stock
7830,1,81,2025-01-24,64,109,26,147,54,In Stock
7831,8,108,2025-06-20,70,6,59,17,37,Low Stock
7832,14,74,2025-10-08,20,123,79,64,51,In Stock
7833,17,37,2025-03-22,237,49,45,241,29,In Stock
7834,10,70,2025-04-21,58,51,54,55,10,In Stock
7835,11,131,2025-02-18,210,46,14,242,52,In Stock
7836,19,99,2025-02-06,105,4,109,0,44,Out of Stock
7837,16,36,2025-01-19,179,97,131,145,18,In Stock
7838,9,9,2025-05-18,31,36,27,40,54,Low Stock
7839,5,25,2025-10-24,205,29,76,158,56,In Stock
7840,7,27,2025-02-05,69,71,51,89,58,In Stock
7841,5,125,2025-10-22,109,59,49,119,51,In Stock
7842,12,132,2025-01-26,76,131,133,74,16,In Stock
7843,4,104,2025-01-06,66,70,56,80,36,In Stock
7844,4,104,2025-10-15,197,74,142,129,17,In Stock
7845,4,104,2025-01-26,72,27,9,90,33,In Stock
7846,8,108,2025-03-21,210,62,90,182,51,In Stock
7847,5,5,2025-09-21,154,130,27,257,48,In Stock
7848,17,17,2025-09-09,163,14,118,59,18,In Stock
7849,1,41,2025-06-16,60,74,69,65,35,In Stock
7850,5,145,2025-10-08,79,114,23,170,18,In Stock
7851,17,117,2025-11-20,196,65,139,122,16,In Stock
7852,6,6,2025-01-25,68,66,4,130,32,In Stock
7853,8,88,2025-05-04,223,113,67,269,23,In Stock
7854,15,115,2025-01-28,215,147,116,246,60,In Stock
7855,10,110,2025-06-19,244,4,67,181,13,In Stock
7856,16,56,2025-03-08,240,59,84,215,32,In Stock
7857,16,56,2025-04-23,232,55,50,237,34,In Stock
7858,5,45,2025-05-09,194,120,62,252,56,In Stock
7859,12,132,2025-01-18,49,28,28,49,17,In Stock
7860,2,122,2025-06-02,113,131,72,172,44,In Stock
7861,5,145,2025-05-19,174,146,77,243,32,In Stock
7862,17,97,2025-06-08,107,119,11,215,52,In Stock
7863,10,10,2025-01-23,114,23,88,49,18,In Stock
7864,3,103,2025-02-26,104,72,89,87,54,In Stock
7865,4,64,2025-11-01,70,142,70,142,31,In Stock
7866,15,135,2025-07-16,57,80,48,89,56,In Stock
7867,5,105,2025-06-17,127,47,23,151,13,In Stock
7868,20,40,2025-04-13,68,86,53,101,22,In Stock
7869,10,10,2025-12-04,234,83,63,254,13,In Stock
7870,16,16,2025-11-12,201,121,75,247,12,In Stock
7871,6,6,2025-06-07,184,31,115,100,34,In Stock
7872,5,85,2025-12-17,76,73,145,4,24,Low Stock
7873,2,82,2025-09-08,91,99,135,55,59,Low Stock
7874,18,98,2025-04-18,89,126,107,108,47,In Stock
7875,2,62,2025-04-15,242,36,18,260,59,In Stock
7876,12,112,2025-01-16,79,114,145,48,58,Low Stock
7877,4,24,2025-03-17,194,47,115,126,49,In Stock
7878,13,73,2025-09-26,39,79,18,100,44,In Stock
7879,5,105,2025-12-03,25,86,44,67,51,In Stock
7880,15,35,2025-05-23,148,64,31,181,33,In Stock
7881,10,90,2025-10-10,164,23,135,52,19,In Stock
7882,10,50,2025-03-21,88,61,132,17,34,Low Stock
7883,4,24,2025-09-23,213,127,29,311,51,In Stock
7884,4,64,2025-04-18,244,68,73,239,57,In Stock
7885,14,74,2025-08-09,223,113,104,232,22,In Stock
7886,6,26,2025-10-13,123,10,47,86,57,In Stock
7887,14,34,2025-07-28,157,91,123,125,10,In Stock
7888,14,74,2025-07-10,161,30,138,53,17,In Stock
7889,11,111,2025-10-19,75,39,86,28,25,In Stock
7890,18,78,2025-07-11,74,9,10,73,16,In Stock
7891,20,80,2025-07-24,121,102,120,103,59,In Stock
7892,5,45,2025-09-01,134,49,80,103,20,In Stock
7893,8,68,2025-03-24,107,101,144,64,33,In Stock
7894,15,15,2025-09-12,128,77,150,55,42,In Stock
7895,9,29,2025-09-11,189,92,19,262,35,In Stock
7896,15,75,2025-07-14,123,2,21,104,17,In Stock
7897,8,88,2025-09-14,160,77,80,157,11,In Stock
7898,11,11,2025-10-07,168,13,41,140,41,In Stock
7899,8,148,2025-10-23,43,40,30,53,15,In Stock
7900,13,133,2025-11-18,112,129,94,147,34,In Stock
7901,12,52,2025-05-22,33,133,119,47,47,Low Stock
7902,6,26,2025-05-10,157,79,69,167,48,In Stock
7903,9,149,2025-05-06,41,129,31,139,21,In Stock
7904,17,117,2025-02-15,220,59,5,274,19,In Stock
7905,7,87,2025-07-15,184,101,94,191,54,In Stock
7906,6,126,2025-06-27,84,125,120,89,22,In Stock
7907,9,49,2025-03-23,188,70,13,245,32,In Stock
7908,2,62,2025-05-22,239,89,74,254,56,In Stock
7909,19,119,2025-04-20,130,102,120,112,25,In Stock
7910,13,133,2025-11-15,56,110,69,97,16,In Stock
7911,7,7,2025-01-26,158,30,31,157,54,In Stock
7912,11,71,2025-07-01,43,108,115,36,11,In Stock
7913,10,130,2025-06-08,60,77,118,19,34,Low Stock
7914,10,110,2025-10-21,148,136,71,213,55,In Stock
7915,11,11,2025-12-18,131,100,75,156,46,In Stock
7916,2,142,2025-01-13,66,93,24,135,49,In Stock
7917,9,69,2025-10-06,74,78,82,70,56,In Stock
7918,6,6,2025-02-28,173,66,59,180,32,In Stock
7919,15,95,2025-10-05,182,23,12,193,14,In Stock
7920,10,70,2025-12-22,250,128,69,309,55,In Stock
7921,4,84,2025-04-26,151,72,4,219,25,In Stock
7922,13,93,2025-05-13,28,65,32,61,34,In Stock
7923,12,132,2025-02-28,165,4,5,164,57,In Stock
7924,16,36,2025-12-16,43,89,2,130,11,In Stock
7925,6,6,2025-05-03,30,55,42,43,26,In Stock
7926,14,114,2025-12-09,132,146,41,237,10,In Stock
7927,11,131,2025-12-20,249,33,103,179,37,In Stock
7928,5,105,2025-09-13,143,71,132,82,16,In Stock
7929,7,127,2025-11-03,149,53,45,157,31,In Stock
7930,11,31,2025-06-22,48,63,89,22,40,Low Stock
7931,16,16,2025-03-04,152,43,82,113,31,In Stock
7932,6,126,2025-01-12,180,136,41,275,49,In Stock
7933,8,48,2025-02-11,41,130,1,170,60,In Stock
7934,13,33,2025-11-14,110,114,32,192,15,In Stock
7935,2,62,2025-07-17,177,69,138,108,48,In Stock
7936,15,95,2025-11-09,97,108,52,153,60,In Stock
7937,12,12,2025-07-13,203,137,54,286,34,In Stock
7938,8,48,2025-08-12,105,85,46,144,42,In Stock
7939,6,146,2025-11-20,116,89,66,139,17,In Stock
7940,9,9,2025-11-22,193,56,44,205,34,In Stock
7941,18,118,2025-07-23,190,4,37,157,26,In Stock
7942,1,1,2025-03-02,48,22,58,12,16,Low Stock
7943,6,46,2025-02-12,52,109,50,111,35,In Stock
7944,5,5,2025-05-02,32,97,7,122,37,In Stock
7945,8,128,2025-12-12,99,20,17,102,57,In Stock
7946,18,118,2025-10-26,232,15,0,247,40,In Stock
7947,18,118,2025-07-19,83,40,34,89,52,In Stock
7948,19,19,2025-08-18,186,9,113,82,37,In Stock
7949,16,136,2025-02-05,200,31,95,136,22,In Stock
7950,4,4,2025-11-24,219,115,78,256,46,In Stock
7951,16,16,2025-06-17,115,93,143,65,54,In Stock
7952,7,107,2025-01-04,63,5,14,54,56,Low Stock
7953,5,45,2025-04-21,197,3,136,64,54,In Stock
7954,9,29,2025-03-24,71,63,98,36,26,In Stock
7955,17,57,2025-12-09,94,148,121,121,36,In Stock
7956,6,86,2025-12-08,183,76,86,173,26,In Stock
7957,15,35,2025-11-22,51,112,24,139,32,In Stock
7958,3,83,2025-11-05,191,72,89,174,32,In Stock
7959,15,55,2025-07-06,43,14,32,25,47,Low Stock
7960,17,97,2025-08-05,231,37,71,197,57,In Stock
7961,5,25,2025-06-07,89,6,72,23,15,In Stock
7962,6,66,2025-11-02,173,93,31,235,27,In Stock
7963,4,24,2025-07-07,163,74,28,209,22,In Stock
7964,7,47,2025-02-01,216,95,38,273,43,In Stock
7965,16,56,2025-07-25,71,108,123,56,23,In Stock
7966,12,112,2025-03-24,242,119,34,327,31,In Stock
7967,20,40,2025-10-10,235,79,33,281,28,In Stock
7968,7,147,2025-02-12,180,24,5,199,18,In Stock
7969,5,65,2025-10-02,20,12,18,14,10,In Stock
7970,18,138,2025-09-09,51,110,142,19,59,Low Stock
7971,4,44,2025-06-11,209,16,38,187,44,In Stock
7972,19,139,2025-05-19,129,87,89,127,54,In Stock
7973,19,79,2025-09-04,108,41,18,131,53,In Stock
7974,2,62,2025-09-16,170,77,74,173,52,In Stock
7975,19,119,2025-01-06,185,40,60,165,43,In Stock
7976,6,126,2025-03-12,197,27,35,189,13,In Stock
7977,11,111,2025-02-22,145,6,44,107,46,In Stock
7978,8,48,2025-11-20,120,84,10,194,14,In Stock
7979,18,38,2025-08-09,162,18,90,90,40,In Stock
7980,17,97,2025-05-02,79,34,81,32,45,Low Stock
7981,19,99,2025-08-03,170,100,117,153,46,In Stock
7982,5,65,2025-01-02,200,32,52,180,26,In Stock
7983,1,21,2025-11-03,26,60,69,17,20,Low Stock
7984,3,63,2025-03-18,48,31,8,71,35,In Stock
7985,13,133,2025-12-03,240,97,76,261,56,In Stock
7986,16,76,2025-02-20,83,93,34,142,50,In Stock
7987,18,138,2025-05-15,241,63,50,254,32,In Stock
7988,18,98,2025-07-03,246,106,80,272,27,In Stock
7989,18,58,2025-03-28,52,82,11,123,24,In Stock
7990,20,80,2025-02-18,100,64,24,140,26,In Stock
7991,20,20,2025-03-23,67,93,122,38,48,Low Stock
7992,18,118,2025-05-17,193,68,33,228,39,In Stock
7993,9,129,2025-03-03,27,54,40,41,56,Low Stock
7994,4,24,2025-02-28,232,122,13,341,53,In Stock
7995,9,9,2025-06-14,90,37,93,34,55,Low Stock
7996,7,107,2025-06-22,197,84,135,146,40,In Stock
7997,11,31,2025-08-07,245,18,25,238,44,In Stock
7998,6,86,2025-07-13,201,128,12,317,55,In Stock
7999,15,75,2025-05-10,72,4,8,68,56,In Stock
8000,15,115,2025-04-14,102,79,105,76,36,In Stock
8001,9,89,2025-12-16,107,97,65,139,50,In Stock
8002,15,95,2025-06-16,55,64,72,47,23,In Stock
8003,7,147,2025-06-04,144,42,103,83,36,In Stock
8004,18,38,2025-12-03,117,61,134,44,45,Low Stock
8005,19,19,2025-08-02,198,139,121,216,13,In Stock
8006,5,5,2025-11-22,201,100,62,239,53,In Stock
8007,8,28,2025-01-14,136,139,15,260,47,In Stock
8008,1,101,2025-01-07,147,23,108,62,51,In Stock
8009,12,52,2025-06-25,103,39,8,134,33,In Stock
8010,6,26,2025-01-28,238,57,111,184,19,In Stock
8011,2,142,2025-02-01,184,111,105,190,50,In Stock
8012,5,5,2025-10-14,42,90,24,108,58,In Stock
8013,9,149,2025-11-11,137,107,94,150,36,In Stock
8014,6,46,2025-06-26,220,81,20,281,21,In Stock
8015,17,117,2025-12-12,212,143,118,237,10,In Stock
8016,11,131,2025-05-13,146,32,73,105,40,In Stock
8017,2,82,2025-09-10,245,66,113,198,43,In Stock
8018,9,129,2025-12-14,125,84,28,181,24,In Stock
8019,14,34,2025-08-04,48,117,37,128,10,In Stock
8020,19,119,2025-08-12,91,33,123,1,60,Low Stock
8021,11,11,2025-03-22,42,14,26,30,39,Low Stock
8022,9,149,2025-03-07,147,109,53,203,46,In Stock
8023,13,33,2025-07-03,244,11,37,218,43,In Stock
8024,15,115,2025-06-08,70,130,37,163,13,In Stock
8025,6,126,2025-11-11,58,49,13,94,33,In Stock
8026,10,150,2025-03-05,155,122,56,221,23,In Stock
8027,11,11,2025-02-19,208,143,131,220,11,In Stock
8028,11,91,2025-08-23,195,50,61,184,12,In Stock
8029,20,60,2025-11-01,250,109,1,358,10,In Stock
8030,11,11,2025-09-17,21,54,21,54,40,In Stock
8031,5,145,2025-12-05,176,66,89,153,40,In Stock
8032,2,122,2025-10-07,168,139,119,188,29,In Stock
8033,10,50,2025-07-20,224,119,82,261,22,In Stock
8034,13,133,2025-02-01,230,110,135,205,58,In Stock
8035,10,50,2025-10-05,105,106,148,63,41,In Stock
8036,9,149,2025-11-01,26,140,27,139,48,In Stock
8037,13,133,2025-10-23,211,31,142,100,30,In Stock
8038,2,62,2025-09-06,220,33,94,159,56,In Stock
8039,15,135,2025-09-26,119,45,73,91,47,In Stock
8040,8,68,2025-10-13,98,64,92,70,58,In Stock
8041,9,129,2025-02-25,178,66,4,240,27,In Stock
8042,4,64,2025-11-23,34,141,52,123,25,In Stock
8043,16,56,2025-07-01,168,122,121,169,23,In Stock
8044,13,93,2025-04-13,232,80,40,272,16,In Stock
8045,14,34,2025-09-07,234,92,100,226,60,In Stock
8046,12,32,2025-05-26,28,39,46,21,50,Low Stock
8047,1,41,2025-04-19,38,102,42,98,27,In Stock
8048,17,57,2025-05-06,52,30,27,55,42,In Stock
8049,13,33,2025-12-07,199,128,92,235,56,In Stock
8050,5,85,2025-12-05,45,137,121,61,36,In Stock
8051,5,145,2025-03-09,84,101,57,128,22,In Stock
8052,8,28,2025-03-19,139,99,86,152,12,In Stock
8053,13,53,2025-11-22,134,22,33,123,46,In Stock
8054,18,98,2025-08-27,241,100,115,226,48,In Stock
8055,19,119,2025-12-23,171,7,129,49,42,In Stock
8056,1,41,2025-10-15,134,52,4,182,32,In Stock
8057,20,120,2025-12-06,140,148,111,177,56,In Stock
8058,12,92,2025-05-01,237,7,92,152,44,In Stock
8059,16,76,2025-12-28,226,99,10,315,37,In Stock
8060,18,58,2025-06-11,146,99,145,100,27,In Stock
8061,12,112,2025-11-09,196,82,29,249,20,In Stock
8062,6,146,2025-12-15,219,121,111,229,10,In Stock
8063,10,50,2025-01-05,25,43,38,30,56,Low Stock
8064,3,103,2025-08-06,220,114,92,242,60,In Stock
8065,4,24,2025-08-10,136,70,96,110,55,In Stock
8066,15,95,2025-04-08,239,54,100,193,38,In Stock
8067,6,46,2025-09-01,249,95,102,242,43,In Stock
8068,14,114,2025-08-14,235,109,119,225,46,In Stock
8069,14,134,2025-04-23,183,103,115,171,11,In Stock
8070,16,76,2025-04-10,218,33,65,186,26,In Stock
8071,15,35,2025-04-10,198,114,84,228,59,In Stock
8072,7,47,2025-10-05,191,118,17,292,30,In Stock
8073,10,30,2025-04-10,250,7,122,135,57,In Stock
8074,13,133,2025-04-04,35,21,18,38,38,Low Stock
8075,12,132,2025-07-26,204,75,96,183,51,In Stock
8076,7,87,2025-08-15,193,27,21,199,18,In Stock
8077,11,71,2025-08-26,74,16,49,41,49,Low Stock
8078,13,33,2025-09-06,181,134,124,191,52,In Stock
8079,11,91,2025-12-03,181,49,102,128,41,In Stock
8080,1,121,2025-06-27,99,68,62,105,57,In Stock
8081,12,112,2025-12-07,70,64,20,114,36,In Stock
8082,8,48,2025-03-17,116,51,139,28,24,In Stock
8083,3,143,2025-03-09,106,104,124,86,23,In Stock
8084,2,2,2025-06-19,232,100,136,196,13,In Stock
8085,4,24,2025-10-20,146,120,75,191,36,In Stock
8086,18,18,2025-08-18,89,34,2,121,21,In Stock
8087,13,113,2025-09-27,153,52,73,132,24,In Stock
8088,14,94,2025-09-28,246,82,6,322,50,In Stock
8089,8,48,2025-06-27,115,68,147,36,16,In Stock
8090,3,123,2025-10-16,233,68,20,281,59,In Stock
8091,15,15,2025-05-13,236,7,85,158,50,In Stock
8092,20,20,2025-04-10,135,41,26,150,33,In Stock
8093,12,72,2025-11-07,226,110,84,252,27,In Stock
8094,3,103,2025-03-20,30,83,77,36,14,In Stock
8095,2,2,2025-03-10,204,148,27,325,43,In Stock
8096,10,130,2025-06-26,87,133,86,134,28,In Stock
8097,14,134,2025-01-07,158,126,79,205,14,In Stock
8098,8,148,2025-01-23,122,8,27,103,28,In Stock
8099,18,18,2025-01-19,34,78,112,0,52,Out of Stock
8100,10,50,2025-05-04,236,84,118,202,51,In Stock
8101,11,71,2025-09-19,162,99,31,230,54,In Stock
8102,15,95,2025-11-21,171,121,74,218,24,In Stock
8103,15,55,2025-10-01,28,19,19,28,44,Low Stock
8104,10,10,2025-01-23,155,81,140,96,41,In Stock
8105,1,81,2025-03-26,153,63,29,187,34,In Stock
8106,18,78,2025-02-09,143,141,75,209,25,In Stock
8107,9,49,2025-06-28,80,41,49,72,40,In Stock
8108,2,102,2025-06-07,223,87,7,303,30,In Stock
8109,17,37,2025-05-24,39,76,74,41,56,Low Stock
8110,19,59,2025-11-27,146,52,24,174,30,In Stock
8111,5,145,2025-02-16,250,68,28,290,47,In Stock
8112,4,4,2025-01-01,238,78,148,168,13,In Stock
8113,16,16,2025-09-17,148,121,71,198,51,In Stock
8114,10,10,2025-04-03,51,22,24,49,12,In Stock
8115,15,95,2025-04-26,196,124,93,227,50,In Stock
8116,3,43,2025-06-27,227,139,142,224,50,In Stock
8117,18,118,2025-05-27,100,81,148,33,42,Low Stock
8118,9,149,2025-12-03,210,98,142,166,20,In Stock
8119,1,21,2025-03-28,246,49,78,217,22,In Stock
8120,16,136,2025-07-05,176,85,143,118,55,In Stock
8121,3,3,2025-09-02,50,75,103,22,32,Low Stock
8122,1,141,2025-04-13,246,45,60,231,33,In Stock
8123,17,137,2025-05-20,138,67,89,116,13,In Stock
8124,5,65,2025-08-26,48,54,16,86,55,In Stock
8125,13,53,2025-12-18,55,52,54,53,18,In Stock
8126,6,86,2025-12-14,150,97,99,148,46,In Stock
8127,4,24,2025-07-09,189,140,94,235,15,In Stock
8128,6,126,2025-03-05,35,86,72,49,60,Low Stock
8129,2,42,2025-11-17,216,96,57,255,28,In Stock
8130,1,1,2025-08-23,179,68,36,211,22,In Stock
8131,2,42,2025-11-17,56,145,141,60,51,In Stock
8132,2,142,2025-08-13,48,100,123,25,45,Low Stock
8133,2,122,2025-11-01,240,144,105,279,50,In Stock
8134,11,91,2025-04-01,140,14,47,107,26,In Stock
8135,5,85,2025-12-11,128,80,112,96,41,In Stock
8136,9,9,2025-09-19,147,106,7,246,27,In Stock
8137,18,98,2025-02-16,147,145,150,142,11,In Stock
8138,18,58,2025-09-11,128,79,31,176,13,In Stock
8139,9,109,2025-11-19,181,42,91,132,39,In Stock
8140,14,114,2025-06-08,139,31,68,102,26,In Stock
8141,5,25,2025-04-04,174,25,134,65,24,In Stock
8142,13,113,2025-02-23,33,46,53,26,30,Low Stock
8143,9,69,2025-10-19,42,98,69,71,46,In Stock
8144,8,128,2025-12-05,127,122,48,201,39,In Stock
8145,13,73,2025-11-15,154,60,1,213,14,In Stock
8146,6,146,2025-11-15,47,98,108,37,31,In Stock
8147,13,73,2025-01-11,40,103,137,6,10,Low Stock
8148,7,27,2025-06-24,132,49,78,103,42,In Stock
8149,16,116,2025-09-19,110,146,95,161,34,In Stock
8150,5,145,2025-11-07,179,51,18,212,54,In Stock
8151,8,128,2025-07-17,87,108,19,176,27,In Stock
8152,15,115,2025-03-10,77,45,101,21,12,In Stock
8153,20,140,2025-12-11,48,138,28,158,56,In Stock
8154,7,67,2025-12-17,172,111,128,155,27,In Stock
8155,13,73,2025-08-01,75,80,3,152,34,In Stock
8156,19,59,2025-12-03,186,59,98,147,30,In Stock
8157,6,146,2025-08-06,233,104,38,299,33,In Stock
8158,2,122,2025-10-28,237,21,127,131,59,In Stock
8159,8,68,2025-06-01,86,9,57,38,37,In Stock
8160,8,48,2025-08-26,199,48,109,138,57,In Stock
8161,20,120,2025-02-01,223,132,75,280,32,In Stock
8162,14,74,2025-09-08,104,126,149,81,57,In Stock
8163,2,122,2025-01-17,227,81,134,174,19,In Stock
8164,3,103,2025-04-12,153,22,95,80,59,In Stock
8165,14,74,2025-08-01,109,144,79,174,52,In Stock
8166,20,120,2025-11-01,234,97,99,232,59,In Stock
8167,20,80,2025-05-01,106,142,148,100,47,In Stock
8168,7,127,2025-07-06,250,2,112,140,43,In Stock
8169,6,106,2025-09-17,110,35,35,110,29,In Stock
8170,6,6,2025-01-04,111,82,139,54,45,In Stock
8171,17,37,2025-05-16,198,102,98,202,40,In Stock
8172,6,6,2025-10-25,217,63,68,212,25,In Stock
8173,11,51,2025-04-11,40,94,105,29,26,In Stock
8174,9,9,2025-06-26,66,54,98,22,16,In Stock
8175,5,45,2025-08-06,117,41,123,35,23,In Stock
8176,3,143,2025-05-08,95,60,23,132,44,In Stock
8177,11,31,2025-01-06,56,122,16,162,25,In Stock
8178,12,132,2025-07-03,70,128,23,175,55,In Stock
8179,7,107,2025-07-14,91,127,26,192,37,In Stock
8180,8,48,2025-05-11,173,112,117,168,40,In Stock
8181,18,58,2025-07-26,43,11,45,9,19,Low Stock
8182,17,57,2025-08-27,246,121,56,311,53,In Stock
8183,11,111,2025-05-26,123,132,57,198,37,In Stock
8184,12,112,2025-09-07,92,53,40,105,25,In Stock
8185,2,22,2025-01-16,200,9,137,72,44,In Stock
8186,7,27,2025-03-14,181,24,111,94,24,In Stock
8187,20,80,2025-12-06,150,51,113,88,23,In Stock
8188,2,142,2025-10-02,221,125,45,301,28,In Stock
8189,18,118,2025-04-07,79,150,47,182,47,In Stock
8190,8,48,2025-03-16,234,21,83,172,15,In Stock
8191,16,96,2025-08-25,244,5,149,100,29,In Stock
8192,4,84,2025-07-03,161,20,147,34,47,Low Stock
8193,13,93,2025-06-11,170,128,52,246,57,In Stock
8194,19,99,2025-02-02,167,42,56,153,55,In Stock
8195,7,87,2025-05-16,210,75,34,251,41,In Stock
8196,2,82,2025-02-28,108,69,101,76,56,In Stock
8197,4,24,2025-03-07,200,69,85,184,27,In Stock
8198,6,66,2025-06-10,28,70,53,45,60,Low Stock
8199,6,26,2025-09-26,65,50,2,113,27,In Stock
8200,11,11,2025-09-18,55,108,121,42,31,In Stock
8201,20,60,2025-11-17,78,72,47,103,58,In Stock
8202,3,123,2025-12-03,81,74,110,45,25,In Stock
8203,19,39,2025-04-01,157,37,56,138,22,In Stock
8204,4,84,2025-01-09,162,120,112,170,11,In Stock
8205,9,9,2025-06-28,189,13,64,138,13,In Stock
8206,12,52,2025-06-01,24,104,99,29,58,Low Stock
8207,17,97,2025-09-21,94,126,126,94,16,In Stock
8208,3,23,2025-02-05,130,94,16,208,53,In Stock
8209,10,150,2025-01-11,241,31,37,235,13,In Stock
8210,18,18,2025-03-03,199,127,65,261,18,In Stock
8211,9,29,2025-08-15,39,130,144,25,41,Low Stock
8212,16,76,2025-08-18,194,92,24,262,56,In Stock
8213,18,18,2025-10-07,91,18,42,67,35,In Stock
8214,11,111,2025-09-16,133,45,129,49,20,In Stock
8215,12,112,2025-02-13,211,14,39,186,11,In Stock
8216,6,26,2025-04-07,135,94,4,225,48,In Stock
8217,3,23,2025-08-14,69,84,65,88,57,In Stock
8218,3,83,2025-07-11,37,71,93,15,26,Low Stock
8219,5,65,2025-10-16,122,83,7,198,55,In Stock
8220,14,54,2025-12-20,20,84,68,36,50,Low Stock
8221,16,96,2025-02-19,67,93,106,54,31,In Stock
8222,20,20,2025-07-02,21,16,22,15,12,In Stock
8223,19,99,2025-04-23,197,14,52,159,45,In Stock
8224,19,119,2025-09-09,115,88,86,117,59,In Stock
8225,19,59,2025-09-03,223,126,58,291,28,In Stock
8226,8,128,2025-02-19,181,14,94,101,32,In Stock
8227,17,117,2025-07-01,80,119,61,138,40,In Stock
8228,4,64,2025-10-27,157,140,87,210,47,In Stock
8229,16,96,2025-07-04,94,149,60,183,37,In Stock
8230,3,63,2025-12-10,164,77,8,233,52,In Stock
8231,17,117,2025-08-01,164,133,139,158,18,In Stock
8232,10,10,2025-06-02,41,48,32,57,37,In Stock
8233,5,45,2025-10-25,170,84,116,138,17,In Stock
8234,19,119,2025-08-02,216,111,19,308,56,In Stock
8235,4,64,2025-12-21,134,3,18,119,27,In Stock
8236,3,143,2025-12-15,158,27,87,98,22,In Stock
8237,2,22,2025-04-28,231,95,111,215,20,In Stock
8238,3,3,2025-07-10,216,73,77,212,59,In Stock
8239,3,23,2025-12-12,74,22,53,43,45,Low Stock
8240,13,33,2025-11-02,190,33,47,176,40,In Stock
8241,5,45,2025-04-27,196,35,73,158,49,In Stock
8242,3,83,2025-01-24,154,62,72,144,54,In Stock
8243,4,44,2025-09-26,168,19,52,135,34,In Stock
8244,3,143,2025-06-17,236,142,83,295,21,In Stock
8245,18,138,2025-11-25,77,106,106,77,37,In Stock
8246,14,34,2025-01-05,139,65,65,139,44,In Stock
8247,9,149,2025-03-06,101,72,126,47,41,In Stock
8248,1,21,2025-09-28,50,36,78,8,49,Low Stock
8249,19,79,2025-07-11,250,132,80,302,21,In Stock
8250,18,138,2025-12-04,207,120,73,254,23,In Stock
8251,13,33,2025-12-16,235,109,133,211,23,In Stock
8252,1,121,2025-06-06,170,14,119,65,36,In Stock
8253,6,46,2025-07-07,216,121,105,232,39,In Stock
8254,17,77,2025-10-10,57,39,21,75,36,In Stock
8255,1,21,2025-09-19,129,51,62,118,60,In Stock
8256,18,138,2025-06-27,216,47,27,236,44,In Stock
8257,11,131,2025-04-24,30,65,55,40,25,In Stock
8258,19,119,2025-09-06,248,31,114,165,37,In Stock
8259,10,150,2025-03-11,82,42,1,123,38,In Stock
8260,9,49,2025-02-27,47,101,124,24,60,Low Stock
8261,20,20,2025-01-04,223,107,83,247,36,In Stock
8262,9,29,2025-04-26,171,0,96,75,54,In Stock
8263,16,76,2025-02-18,196,109,113,192,32,In Stock
8264,11,11,2025-08-01,61,91,66,86,55,In Stock
8265,14,74,2025-07-24,59,118,11,166,24,In Stock
8266,12,92,2025-01-28,73,42,16,99,17,In Stock
8267,2,122,2025-04-09,41,135,17,159,51,In Stock
8268,17,37,2025-12-03,198,43,12,229,23,In Stock
8269,3,3,2025-09-01,233,138,129,242,28,In Stock
8270,9,49,2025-06-09,228,79,143,164,43,In Stock
8271,3,143,2025-01-01,235,78,88,225,30,In Stock
8272,17,97,2025-08-12,133,106,48,191,12,In Stock
8273,16,56,2025-04-07,102,89,69,122,55,In Stock
8274,7,147,2025-12-26,21,101,66,56,52,In Stock
8275,11,11,2025-07-02,39,49,24,64,56,In Stock
8276,15,55,2025-02-10,82,108,114,76,41,In Stock
8277,6,86,2025-11-22,35,7,14,28,17,In Stock
8278,18,118,2025-01-28,149,1,30,120,14,In Stock
8279,5,65,2025-11-01,199,91,100,190,28,In Stock
8280,5,85,2025-09-02,198,39,22,215,30,In Stock
8281,2,22,2025-03-12,144,146,81,209,55,In Stock
8282,15,115,2025-04-03,161,111,9,263,48,In Stock
8283,10,70,2025-11-23,129,96,119,106,37,In Stock
8284,9,29,2025-06-06,123,90,0,213,14,In Stock
8285,15,55,2025-01-14,250,58,124,184,12,In Stock
8286,5,125,2025-01-14,31,115,12,134,56,In Stock
8287,5,25,2025-03-14,239,41,82,198,12,In Stock
8288,18,138,2025-12-05,53,96,142,7,33,Low Stock
8289,17,137,2025-01-20,76,80,93,63,40,In Stock
8290,12,92,2025-07-28,171,116,37,250,51,In Stock
8291,19,19,2025-08-15,148,73,43,178,26,In Stock
8292,17,117,2025-11-28,248,8,13,243,41,In Stock
8293,14,14,2025-02-01,34,140,145,29,16,In Stock
8294,16,136,2025-06-28,41,132,87,86,22,In Stock
8295,8,148,2025-01-07,173,72,77,168,21,In Stock
8296,19,39,2025-11-28,78,19,78,19,53,Low Stock
8297,19,39,2025-02-08,163,61,110,114,45,In Stock
8298,4,84,2025-12-19,225,133,9,349,33,In Stock
8299,16,16,2025-04-03,179,118,132,165,39,In Stock
8300,7,7,2025-10-17,225,53,78,200,34,In Stock
8301,4,124,2025-04-24,171,106,99,178,44,In Stock
8302,5,125,2025-08-28,75,33,36,72,53,In Stock
8303,12,52,2025-10-18,203,144,47,300,48,In Stock
8304,20,140,2025-06-12,207,21,56,172,26,In Stock
8305,1,101,2025-11-11,47,34,29,52,17,In Stock
8306,14,14,2025-04-10,154,139,55,238,19,In Stock
8307,10,110,2025-09-11,237,54,9,282,55,In Stock
8308,3,143,2025-05-07,194,32,93,133,29,In Stock
8309,4,84,2025-11-12,50,133,43,140,46,In Stock
8310,14,94,2025-09-27,96,32,16,112,41,In Stock
8311,7,7,2025-03-01,61,114,53,122,45,In Stock
8312,17,77,2025-02-13,36,117,73,80,27,In Stock
8313,6,126,2025-09-23,114,138,64,188,24,In Stock
8314,7,147,2025-11-10,179,137,115,201,58,In Stock
8315,16,96,2025-03-15,65,46,62,49,36,In Stock
8316,4,64,2025-02-24,245,45,112,178,36,In Stock
8317,11,91,2025-08-05,51,19,27,43,26,In Stock
8318,19,39,2025-11-14,202,119,67,254,41,In Stock
8319,16,76,2025-10-22,212,1,98,115,20,In Stock
8320,7,87,2025-01-26,181,57,23,215,40,In Stock
8321,20,140,2025-02-25,141,18,84,75,51,In Stock
8322,18,138,2025-06-21,128,83,3,208,43,In Stock
8323,20,120,2025-07-13,235,115,94,256,24,In Stock
8324,19,139,2025-03-12,166,142,29,279,42,In Stock
8325,15,115,2025-02-27,53,2,30,25,45,Low Stock
8326,20,80,2025-12-28,213,36,110,139,32,In Stock
8327,4,44,2025-12-04,249,142,31,360,22,In Stock
8328,11,111,2025-12-24,197,47,133,111,50,In Stock
8329,6,86,2025-08-01,187,13,115,85,55,In Stock
8330,10,50,2025-01-08,112,27,135,4,59,Low Stock
8331,17,57,2025-07-18,42,141,91,92,16,In Stock
8332,5,105,2025-06-02,193,18,85,126,41,In Stock
8333,2,102,2025-04-16,117,59,89,87,34,In Stock
8334,1,81,2025-02-26,36,143,130,49,42,In Stock
8335,12,32,2025-01-18,231,5,74,162,56,In Stock
8336,6,126,2025-12-04,199,67,96,170,54,In Stock
8337,19,39,2025-12-07,204,109,143,170,15,In Stock
8338,10,50,2025-05-23,218,119,7,330,29,In Stock
8339,7,87,2025-12-03,184,96,79,201,34,In Stock
8340,8,88,2025-06-02,222,60,57,225,42,In Stock
8341,13,53,2025-09-01,206,106,39,273,15,In Stock
8342,9,49,2025-09-20,45,98,16,127,56,In Stock
8343,19,59,2025-11-04,73,114,111,76,27,In Stock
8344,1,81,2025-01-05,199,65,68,196,55,In Stock
8345,8,108,2025-10-27,137,41,81,97,30,In Stock
8346,2,42,2025-09-01,230,89,3,316,41,In Stock
8347,14,54,2025-12-12,73,140,16,197,52,In Stock
8348,6,46,2025-09-09,186,119,10,295,14,In Stock
8349,14,54,2025-06-24,167,117,116,168,12,In Stock
8350,3,123,2025-02-22,155,150,72,233,47,In Stock
8351,5,105,2025-06-09,115,149,23,241,35,In Stock
8352,7,147,2025-05-07,95,23,0,118,53,In Stock
8353,15,15,2025-02-12,152,29,52,129,45,In Stock
8354,15,75,2025-02-17,196,98,51,243,32,In Stock
8355,12,52,2025-10-04,98,23,112,9,47,Low Stock
8356,17,17,2025-05-09,45,85,118,12,12,Low Stock
8357,19,19,2025-08-06,154,80,20,214,23,In Stock
8358,14,34,2025-06-04,203,88,47,244,29,In Stock
8359,11,91,2025-05-03,182,67,33,216,33,In Stock
8360,9,149,2025-08-13,34,148,137,45,32,In Stock
8361,11,31,2025-03-10,142,56,65,133,19,In Stock
8362,16,116,2025-01-09,48,30,38,40,45,Low Stock
8363,1,41,2025-05-03,206,36,103,139,12,In Stock
8364,14,134,2025-09-28,245,89,8,326,37,In Stock
8365,12,32,2025-09-06,74,129,74,129,51,In Stock
8366,14,74,2025-11-23,165,108,52,221,35,In Stock
8367,8,28,2025-04-19,99,28,61,66,26,In Stock
8368,15,115,2025-09-08,101,97,124,74,31,In Stock
8369,8,88,2025-04-21,139,35,96,78,22,In Stock
8370,18,58,2025-08-17,29,0,14,15,42,Low Stock
8371,2,42,2025-08-06,191,79,24,246,26,In Stock
8372,4,64,2025-01-08,151,11,5,157,13,In Stock
8373,20,80,2025-08-23,77,126,57,146,45,In Stock
8374,17,137,2025-07-18,104,85,42,147,12,In Stock
8375,14,94,2025-03-01,41,67,71,37,37,Low Stock
8376,16,136,2025-03-18,60,109,135,34,25,In Stock
8377,5,45,2025-08-21,211,7,55,163,45,In Stock
8378,15,75,2025-10-25,233,17,20,230,50,In Stock
8379,1,41,2025-08-12,237,64,106,195,24,In Stock
8380,7,67,2025-09-05,124,65,143,46,34,In Stock
8381,15,135,2025-12-18,117,130,25,222,45,In Stock
8382,17,57,2025-08-04,159,24,57,126,57,In Stock
8383,10,70,2025-05-20,145,148,56,237,28,In Stock
8384,5,25,2025-12-16,130,88,14,204,31,In Stock
8385,19,39,2025-02-28,82,133,93,122,47,In Stock
8386,14,34,2025-09-25,176,7,74,109,38,In Stock
8387,17,97,2025-12-05,138,79,105,112,29,In Stock
8388,14,94,2025-05-15,186,148,83,251,24,In Stock
8389,15,135,2025-05-22,226,117,45,298,10,In Stock
8390,17,97,2025-05-09,157,44,115,86,29,In Stock
8391,19,79,2025-12-22,97,130,110,117,16,In Stock
8392,6,26,2025-10-14,112,127,4,235,35,In Stock
8393,1,41,2025-11-20,44,139,74,109,41,In Stock
8394,2,62,2025-12-20,164,103,134,133,34,In Stock
8395,5,105,2025-12-25,149,61,63,147,40,In Stock
8396,2,82,2025-06-18,95,147,139,103,14,In Stock
8397,3,23,2025-03-21,105,94,115,84,15,In Stock
8398,16,56,2025-12-27,129,90,37,182,60,In Stock
8399,16,116,2025-05-08,89,9,19,79,33,In Stock
8400,8,68,2025-12-08,160,20,75,105,30,In Stock
8401,10,130,2025-10-16,231,99,75,255,43,In Stock
8402,10,110,2025-04-17,230,10,39,201,52,In Stock
8403,10,30,2025-05-18,156,139,35,260,38,In Stock
8404,13,133,2025-11-19,119,22,36,105,59,In Stock
8405,12,72,2025-11-22,242,19,41,220,32,In Stock
8406,17,77,2025-03-06,112,79,134,57,17,In Stock
8407,9,29,2025-02-17,139,8,89,58,16,In Stock
8408,8,88,2025-03-19,208,85,99,194,46,In Stock
8409,8,108,2025-08-17,78,80,25,133,30,In Stock
8410,17,57,2025-02-16,220,137,115,242,44,In Stock
8411,7,87,2025-06-01,166,7,31,142,35,In Stock
8412,2,2,2025-06-15,210,28,16,222,41,In Stock
8413,18,138,2025-01-28,94,123,65,152,29,In Stock
8414,10,130,2025-12-23,195,96,81,210,49,In Stock
8415,4,144,2025-09-17,32,113,120,25,43,Low Stock
8416,6,26,2025-07-14,40,93,21,112,15,In Stock
8417,19,119,2025-04-02,35,112,111,36,29,In Stock
8418,20,40,2025-05-26,54,48,55,47,24,In Stock
8419,6,6,2025-02-03,181,106,146,141,54,In Stock
8420,19,59,2025-11-09,33,60,1,92,30,In Stock
8421,16,136,2025-03-17,81,144,28,197,25,In Stock
8422,9,49,2025-11-09,37,65,32,70,58,In Stock
8423,15,55,2025-01-11,64,11,41,34,33,In Stock
8424,10,130,2025-09-11,94,112,48,158,12,In Stock
8425,8,68,2025-11-11,128,31,83,76,54,In Stock
8426,20,140,2025-11-19,104,72,21,155,52,In Stock
8427,6,126,2025-06-09,36,10,31,15,43,Low Stock
8428,20,140,2025-11-02,122,86,139,69,22,In Stock
8429,3,103,2025-10-17,93,1,80,14,25,Low Stock
8430,6,106,2025-05-18,203,51,55,199,16,In Stock
8431,5,5,2025-11-02,85,59,115,29,26,In Stock
8432,5,85,2025-10-22,23,63,63,23,10,In Stock
8433,14,34,2025-03-09,130,95,49,176,39,In Stock
8434,11,11,2025-02-05,81,138,62,157,29,In Stock
8435,3,83,2025-11-14,84,70,12,142,29,In Stock
8436,17,77,2025-11-18,133,67,6,194,50,In Stock
8437,14,94,2025-03-13,237,1,133,105,54,In Stock
8438,3,23,2025-01-12,129,84,139,74,38,In Stock
8439,14,34,2025-12-09,245,29,135,139,10,In Stock
8440,18,98,2025-04-10,178,101,28,251,36,In Stock
8441,13,33,2025-09-15,70,83,77,76,49,In Stock
8442,12,52,2025-04-16,196,47,148,95,53,In Stock
8443,11,51,2025-05-01,135,87,19,203,32,In Stock
8444,17,137,2025-08-02,204,62,20,246,11,In Stock
8445,2,142,2025-05-03,215,11,34,192,46,In Stock
8446,8,8,2025-08-22,27,135,77,85,23,In Stock
8447,10,130,2025-09-12,103,43,67,79,52,In Stock
8448,10,50,2025-01-20,150,6,142,14,42,Low Stock
8449,4,144,2025-04-08,235,77,87,225,44,In Stock
8450,1,41,2025-12-05,50,21,5,66,44,In Stock
8451,8,148,2025-06-03,188,78,119,147,19,In Stock
8452,16,56,2025-03-01,51,20,57,14,40,Low Stock
8453,1,41,2025-01-24,170,150,130,190,27,In Stock
8454,10,90,2025-03-01,148,107,111,144,40,In Stock
8455,12,92,2025-10-04,103,57,111,49,59,Low Stock
8456,19,79,2025-07-01,77,101,11,167,60,In Stock
8457,10,10,2025-10-19,52,149,124,77,45,In Stock
8458,15,115,2025-06-26,55,53,54,54,41,In Stock
8459,19,99,2025-09-25,244,22,90,176,50,In Stock
8460,4,124,2025-04-13,35,85,55,65,14,In Stock
8461,13,113,2025-07-10,158,150,20,288,42,In Stock
8462,6,66,2025-08-03,144,74,25,193,57,In Stock
8463,18,118,2025-03-11,243,79,147,175,33,In Stock
8464,1,101,2025-07-18,43,35,27,51,49,In Stock
8465,3,43,2025-04-08,21,41,41,21,35,Low Stock
8466,8,108,2025-08-28,39,96,11,124,42,In Stock
8467,6,146,2025-05-20,218,144,9,353,49,In Stock
8468,6,66,2025-07-21,73,83,57,99,12,In Stock
8469,17,17,2025-08-05,40,37,34,43,49,Low Stock
8470,1,21,2025-12-25,53,46,85,14,29,Low Stock
8471,16,116,2025-06-15,91,112,92,111,24,In Stock
8472,20,100,2025-04-20,164,56,46,174,10,In Stock
8473,12,132,2025-05-13,172,48,74,146,45,In Stock
8474,5,45,2025-05-27,46,59,86,19,27,Low Stock
8475,4,124,2025-03-02,133,125,108,150,56,In Stock
8476,2,122,2025-02-06,137,7,52,92,21,In Stock
8477,19,39,2025-04-14,66,142,35,173,14,In Stock
8478,14,114,2025-08-25,66,104,84,86,27,In Stock
8479,5,45,2025-09-26,45,117,81,81,58,In Stock
8480,10,90,2025-06-14,45,148,41,152,15,In Stock
8481,14,94,2025-11-16,33,146,31,148,22,In Stock
8482,8,128,2025-10-21,112,146,69,189,46,In Stock
8483,8,8,2025-06-08,74,7,70,11,49,Low Stock
8484,4,44,2025-07-04,27,11,2,36,27,In Stock
8485,20,40,2025-11-07,70,80,62,88,36,In Stock
8486,10,30,2025-10-13,141,63,147,57,22,In Stock
8487,20,20,2025-09-04,46,109,149,6,25,Low Stock
8488,18,58,2025-03-03,213,35,145,103,52,In Stock
8489,7,47,2025-07-20,112,38,117,33,35,Low Stock
8490,3,43,2025-11-26,118,83,28,173,36,In Stock
8491,3,3,2025-10-14,172,67,148,91,31,In Stock
8492,5,65,2025-06-04,118,19,23,114,53,In Stock
8493,14,94,2025-10-11,216,11,91,136,51,In Stock
8494,5,45,2025-12-12,200,93,61,232,30,In Stock
8495,9,89,2025-04-17,222,94,60,256,41,In Stock
8496,20,140,2025-02-22,180,53,14,219,15,In Stock
8497,8,48,2025-03-10,208,56,38,226,47,In Stock
8498,8,148,2025-01-11,145,1,12,134,51,In Stock
8499,19,119,2025-04-07,227,109,67,269,17,In Stock
8500,20,60,2025-06-16,67,18,47,38,23,In Stock
8501,7,7,2025-04-23,57,142,4,195,33,In Stock
8502,4,24,2025-05-19,153,116,96,173,26,In Stock
8503,18,58,2025-07-13,241,46,82,205,13,In Stock
8504,3,3,2025-01-13,47,94,46,95,11,In Stock
8505,2,102,2025-07-28,78,92,48,122,25,In Stock
8506,10,50,2025-02-10,217,82,59,240,52,In Stock
8507,16,116,2025-12-20,185,25,126,84,56,In Stock
8508,17,37,2025-10-11,229,114,42,301,36,In Stock
8509,4,24,2025-02-20,120,98,44,174,13,In Stock
8510,17,77,2025-04-19,39,52,76,15,33,Low Stock
8511,14,74,2025-05-26,128,148,37,239,38,In Stock
8512,16,16,2025-10-21,113,144,46,211,15,In Stock
8513,19,59,2025-06-24,213,131,56,288,46,In Stock
8514,3,143,2025-11-15,152,128,110,170,53,In Stock
8515,17,57,2025-01-27,149,38,123,64,55,In Stock
8516,12,72,2025-06-26,222,108,50,280,17,In Stock
8517,5,45,2025-10-02,66,52,113,5,44,Low Stock
8518,20,60,2025-05-17,59,143,11,191,10,In Stock
8519,9,29,2025-09-16,213,149,40,322,35,In Stock
8520,1,21,2025-12-04,128,31,4,155,47,In Stock
8521,2,142,2025-09-28,233,145,100,278,11,In Stock
8522,10,50,2025-10-27,86,68,14,140,44,In Stock
8523,2,62,2025-03-09,60,32,65,27,37,Low Stock
8524,7,87,2025-12-08,169,65,42,192,16,In Stock
8525,4,144,2025-11-14,34,11,24,21,50,Low Stock
8526,18,18,2025-07-13,63,3,30,36,23,In Stock
8527,1,21,2025-10-15,211,138,17,332,40,In Stock
8528,2,82,2025-08-24,53,11,42,22,54,Low Stock
8529,11,11,2025-09-27,166,132,4,294,58,In Stock
8530,1,121,2025-05-14,247,145,30,362,32,In Stock
8531,17,137,2025-07-27,135,60,118,77,22,In Stock
8532,11,111,2025-04-17,43,125,91,77,38,In Stock
8533,5,25,2025-06-25,91,47,87,51,49,In Stock
8534,8,148,2025-01-17,218,65,102,181,46,In Stock
8535,9,69,2025-07-14,228,144,132,240,32,In Stock
8536,19,119,2025-04-05,67,102,10,159,18,In Stock
8537,3,23,2025-12-24,211,69,74,206,43,In Stock
8538,5,65,2025-05-23,79,150,5,224,45,In Stock
8539,9,9,2025-11-16,40,56,17,79,33,In Stock
8540,16,116,2025-09-16,119,25,7,137,23,In Stock
8541,12,12,2025-10-25,40,132,128,44,54,Low Stock
8542,17,17,2025-06-02,208,48,0,256,31,In Stock
8543,13,113,2025-11-16,48,36,70,14,46,Low Stock
8544,8,88,2025-08-17,122,141,81,182,26,In Stock
8545,2,102,2025-07-04,168,75,102,141,16,In Stock
8546,7,87,2025-07-07,23,94,81,36,32,In Stock
8547,7,87,2025-02-13,248,134,144,238,35,In Stock
8548,10,150,2025-08-16,149,46,4,191,23,In Stock
8549,15,95,2025-12-23,99,79,29,149,27,In Stock
8550,8,88,2025-02-03,217,118,10,325,13,In Stock
8551,20,140,2025-01-22,90,1,77,14,34,Low Stock
8552,17,97,2025-11-20,145,30,125,50,33,In Stock
8553,16,16,2025-07-01,182,113,25,270,46,In Stock
8554,18,138,2025-12-11,116,14,32,98,35,In Stock
8555,20,60,2025-11-10,134,106,147,93,59,In Stock
8556,19,119,2025-04-15,190,54,106,138,26,In Stock
8557,10,110,2025-06-25,132,8,52,88,30,In Stock
8558,10,50,2025-02-20,42,92,52,82,38,In Stock
8559,19,59,2025-10-13,123,26,134,15,32,Low Stock
8560,16,116,2025-11-21,24,22,1,45,27,In Stock
8561,17,97,2025-04-07,47,134,118,63,52,In Stock
8562,17,57,2025-05-24,189,120,105,204,15,In Stock
8563,19,59,2025-11-09,144,106,52,198,34,In Stock
8564,9,89,2025-06-14,39,113,115,37,22,In Stock
8565,4,144,2025-08-23,218,101,35,284,16,In Stock
8566,6,146,2025-08-28,231,73,66,238,53,In Stock
8567,7,107,2025-11-14,37,99,112,24,52,Low Stock
8568,3,83,2025-10-12,240,4,11,233,25,In Stock
8569,2,142,2025-09-15,165,11,131,45,53,Low Stock
8570,18,98,2025-04-27,65,132,41,156,29,In Stock
8571,19,59,2025-10-22,178,30,136,72,45,In Stock
8572,16,56,2025-11-07,26,18,25,19,47,Low Stock
8573,8,108,2025-02-25,112,124,130,106,59,In Stock
8574,7,87,2025-02-15,149,87,63,173,10,In Stock
8575,13,113,2025-03-19,226,33,133,126,55,In Stock
8576,14,134,2025-05-20,112,35,54,93,12,In Stock
8577,12,52,2025-12-24,236,9,16,229,30,In Stock
8578,10,70,2025-10-04,188,56,9,235,51,In Stock
8579,11,11,2025-09-04,180,117,13,284,47,In Stock
8580,14,54,2025-12-20,183,96,5,274,46,In Stock
8581,8,108,2025-07-26,188,45,84,149,55,In Stock
8582,14,54,2025-04-17,244,72,81,235,25,In Stock
8583,19,79,2025-04-13,186,18,135,69,55,In Stock
8584,9,29,2025-05-27,180,92,58,214,59,In Stock
8585,14,54,2025-10-16,182,107,4,285,50,In Stock
8586,3,83,2025-06-08,93,102,42,153,17,In Stock
8587,8,108,2025-10-13,227,18,61,184,21,In Stock
8588,8,128,2025-03-01,60,82,84,58,49,In Stock
8589,4,44,2025-07-27,90,3,48,45,11,In Stock
8590,14,94,2025-04-21,64,86,147,3,40,Low Stock
8591,11,131,2025-06-24,89,7,54,42,40,In Stock
8592,8,68,2025-04-15,147,42,99,90,55,In Stock
8593,14,94,2025-08-03,204,131,117,218,54,In Stock
8594,15,15,2025-04-10,139,62,53,148,55,In Stock
8595,4,84,2025-01-01,177,50,97,130,27,In Stock
8596,3,23,2025-02-04,163,58,10,211,59,In Stock
8597,13,113,2025-08-13,208,3,119,92,48,In Stock
8598,3,143,2025-08-16,185,104,150,139,10,In Stock
8599,17,77,2025-04-12,122,51,87,86,54,In Stock
8600,9,69,2025-12-11,66,63,89,40,27,In Stock
8601,12,32,2025-11-07,184,0,22,162,51,In Stock
8602,6,66,2025-02-12,145,88,6,227,49,In Stock
8603,2,142,2025-08-04,89,143,109,123,44,In Stock
8604,20,20,2025-05-01,154,14,113,55,37,In Stock
8605,7,127,2025-07-22,211,136,118,229,26,In Stock
8606,12,52,2025-12-06,165,20,111,74,31,In Stock
8607,17,97,2025-09-26,238,18,8,248,54,In Stock
8608,6,86,2025-08-27,161,92,144,109,27,In Stock
8609,1,61,2025-06-07,215,120,139,196,38,In Stock
8610,5,25,2025-01-04,148,82,74,156,50,In Stock
8611,7,147,2025-12-10,114,69,67,116,55,In Stock
8612,13,13,2025-01-08,169,64,10,223,46,In Stock
8613,5,65,2025-08-21,53,22,19,56,49,In Stock
8614,7,147,2025-04-25,37,27,32,32,10,In Stock
8615,6,46,2025-12-17,171,106,27,250,44,In Stock
8616,17,17,2025-09-26,52,90,104,38,29,In Stock
8617,6,146,2025-04-22,32,51,16,67,26,In Stock
8618,20,140,2025-10-22,200,93,110,183,51,In Stock
8619,2,82,2025-09-26,85,79,103,61,49,In Stock
8620,10,50,2025-05-24,227,130,30,327,21,In Stock
8621,7,87,2025-05-23,104,85,108,81,51,In Stock
8622,13,113,2025-12-09,59,3,3,59,55,In Stock
8623,5,45,2025-10-14,130,30,122,38,35,In Stock
8624,5,45,2025-05-12,219,114,2,331,20,In Stock
8625,13,53,2025-07-07,205,26,13,218,34,In Stock
8626,7,147,2025-05-05,84,96,88,92,50,In Stock
8627,5,65,2025-10-16,208,121,51,278,14,In Stock
8628,11,91,2025-01-24,68,57,30,95,31,In Stock
8629,10,130,2025-05-19,79,30,39,70,53,In Stock
8630,13,113,2025-03-13,126,42,19,149,11,In Stock
8631,18,58,2025-01-06,179,131,56,254,10,In Stock
8632,12,112,2025-02-19,40,66,106,0,15,Out of Stock
8633,9,29,2025-11-06,154,139,14,279,23,In Stock
8634,3,63,2025-02-04,49,12,40,21,30,Low Stock
8635,14,14,2025-01-06,110,137,91,156,25,In Stock
8636,3,63,2025-08-22,196,38,148,86,55,In Stock
8637,11,131,2025-01-27,43,76,47,72,55,In Stock
8638,18,58,2025-07-24,98,91,126,63,10,In Stock
8639,13,113,2025-08-04,193,70,36,227,50,In Stock
8640,8,148,2025-07-19,89,53,132,10,60,Low Stock
8641,14,134,2025-11-24,219,32,1,250,56,In Stock
8642,8,128,2025-07-24,66,52,34,84,59,In Stock
8643,2,142,2025-05-16,20,31,20,31,52,Low Stock
8644,10,150,2025-05-27,123,78,111,90,36,In Stock
8645,5,145,2025-08-02,176,68,31,213,24,In Stock
8646,5,85,2025-02-09,42,41,48,35,38,Low Stock
8647,5,25,2025-08-05,211,105,6,310,49,In Stock
8648,4,144,2025-07-23,195,92,33,254,44,In Stock
8649,2,42,2025-06-27,21,91,14,98,24,In Stock
8650,15,15,2025-05-04,35,54,33,56,21,In Stock
8651,7,7,2025-05-27,80,2,25,57,31,In Stock
8652,18,18,2025-07-13,39,58,73,24,34,Low Stock
8653,4,84,2025-03-06,33,70,18,85,30,In Stock
8654,2,22,2025-04-22,168,91,20,239,13,In Stock
8655,7,7,2025-04-11,218,4,56,166,33,In Stock
8656,12,72,2025-07-15,53,89,46,96,50,In Stock
8657,9,29,2025-09-26,155,102,14,243,39,In Stock
8658,17,17,2025-05-10,237,124,46,315,13,In Stock
8659,8,28,2025-06-11,226,107,31,302,28,In Stock
8660,17,37,2025-01-07,189,81,56,214,19,In Stock
8661,5,85,2025-05-04,83,65,50,98,33,In Stock
8662,1,121,2025-08-28,241,7,63,185,53,In Stock
8663,5,125,2025-05-24,212,101,80,233,34,In Stock
8664,16,36,2025-12-03,78,70,125,23,32,Low Stock
8665,17,137,2025-03-08,47,18,15,50,14,In Stock
8666,1,1,2025-03-18,85,88,96,77,46,In Stock
8667,2,122,2025-05-20,73,150,118,105,23,In Stock
8668,18,18,2025-05-05,41,111,53,99,57,In Stock
8669,20,80,2025-04-14,78,51,86,43,50,Low Stock
8670,3,63,2025-06-28,98,143,37,204,45,In Stock
8671,20,40,2025-03-17,215,150,136,229,26,In Stock
8672,7,147,2025-01-15,230,100,127,203,43,In Stock
8673,6,6,2025-11-14,211,125,128,208,51,In Stock
8674,2,42,2025-12-17,235,66,97,204,59,In Stock
8675,13,73,2025-12-06,51,6,8,49,50,Low Stock
8676,15,35,2025-06-26,176,29,107,98,34,In Stock
8677,7,127,2025-05-02,124,6,105,25,44,Low Stock
8678,2,122,2025-10-04,229,92,35,286,30,In Stock
8679,13,13,2025-09-01,237,40,120,157,26,In Stock
8680,13,73,2025-10-16,195,147,128,214,43,In Stock
8681,1,101,2025-02-23,94,144,14,224,43,In Stock
8682,4,124,2025-03-07,226,0,50,176,34,In Stock
8683,1,1,2025-02-18,106,9,60,55,24,In Stock
8684,2,62,2025-12-14,196,60,74,182,48,In Stock
8685,17,37,2025-07-20,214,73,84,203,53,In Stock
8686,20,120,2025-09-23,60,66,89,37,14,In Stock
8687,2,62,2025-06-28,60,105,136,29,44,Low Stock
8688,18,58,2025-10-08,140,108,69,179,22,In Stock
8689,8,8,2025-11-24,35,43,72,6,49,Low Stock
8690,1,61,2025-04-14,88,28,107,9,29,Low Stock
8691,17,17,2025-04-07,212,12,43,181,52,In Stock
8692,13,113,2025-02-18,215,4,124,95,13,In Stock
8693,10,150,2025-01-10,103,139,31,211,51,In Stock
8694,8,48,2025-04-11,199,134,12,321,24,In Stock
8695,11,11,2025-07-06,193,86,136,143,15,In Stock
8696,15,15,2025-09-07,184,93,141,136,59,In Stock
8697,14,74,2025-04-01,80,8,31,57,34,In Stock
8698,11,11,2025-04-14,42,39,26,55,20,In Stock
8699,19,139,2025-09-22,52,20,71,1,48,Low Stock
8700,9,29,2025-10-27,223,9,58,174,24,In Stock
8701,13,133,2025-09-21,23,68,70,21,27,Low Stock
8702,3,103,2025-04-01,31,82,103,10,39,Low Stock
8703,13,93,2025-01-21,75,91,90,76,50,In Stock
8704,9,109,2025-11-19,83,147,74,156,52,In Stock
8705,11,71,2025-05-17,153,80,4,229,57,In Stock
8706,14,54,2025-04-12,64,78,98,44,50,Low Stock
8707,6,26,2025-02-10,231,90,32,289,19,In Stock
8708,2,82,2025-01-04,145,49,62,132,22,In Stock
8709,7,7,2025-06-14,205,74,22,257,19,In Stock
8710,18,18,2025-09-11,195,67,52,210,45,In Stock
8711,7,47,2025-02-07,26,121,147,0,57,Out of Stock
8712,6,46,2025-10-20,129,30,58,101,53,In Stock
8713,2,82,2025-01-01,241,143,43,341,18,In Stock
8714,12,52,2025-10-03,194,137,139,192,56,In Stock
8715,4,24,2025-07-25,150,28,77,101,36,In Stock
8716,11,11,2025-06-24,51,21,52,20,52,Low Stock
8717,9,129,2025-07-14,250,96,53,293,41,In Stock
8718,5,145,2025-01-09,139,91,110,120,46,In Stock
8719,12,12,2025-05-17,115,9,32,92,41,In Stock
8720,18,118,2025-01-15,191,122,21,292,20,In Stock
8721,8,108,2025-08-07,175,146,118,203,34,In Stock
8722,2,122,2025-11-19,189,28,42,175,18,In Stock
8723,14,94,2025-07-22,76,114,34,156,34,In Stock
8724,17,57,2025-07-11,221,41,0,262,30,In Stock
8725,17,57,2025-07-26,44,85,109,20,52,Low Stock
8726,16,56,2025-11-18,108,29,5,132,17,In Stock
8727,3,103,2025-09-24,75,1,53,23,49,Low Stock
8728,17,137,2025-05-16,184,126,19,291,46,In Stock
8729,8,68,2025-01-12,38,76,24,90,60,In Stock
8730,11,11,2025-09-10,41,43,66,18,41,Low Stock
8731,18,38,2025-02-08,213,30,77,166,54,In Stock
8732,16,136,2025-03-01,244,85,93,236,31,In Stock
8733,10,10,2025-04-02,203,60,68,195,59,In Stock
8734,5,85,2025-12-14,183,62,115,130,11,In Stock
8735,11,131,2025-07-28,165,78,120,123,35,In Stock
8736,4,4,2025-01-18,91,37,19,109,33,In Stock
8737,20,80,2025-07-12,37,90,110,17,49,Low Stock
8738,13,133,2025-08-12,68,42,108,2,23,Low Stock
8739,18,58,2025-04-15,203,120,98,225,52,In Stock
8740,2,142,2025-12-17,77,69,74,72,37,In Stock
8741,1,101,2025-04-21,49,65,17,97,29,In Stock
8742,10,130,2025-01-25,221,92,90,223,20,In Stock
8743,10,30,2025-08-13,159,111,56,214,16,In Stock
8744,8,108,2025-06-05,158,104,16,246,33,In Stock
8745,2,42,2025-05-21,204,88,132,160,37,In Stock
8746,7,87,2025-08-13,148,113,145,116,21,In Stock
8747,18,18,2025-01-16,241,70,105,206,60,In Stock
8748,14,54,2025-04-16,174,54,66,162,59,In Stock
8749,13,73,2025-07-13,209,124,116,217,55,In Stock
8750,6,86,2025-01-08,172,102,47,227,43,In Stock
8751,13,13,2025-08-04,221,121,94,248,19,In Stock
8752,3,63,2025-08-16,84,142,12,214,57,In Stock
8753,19,39,2025-07-05,193,116,32,277,51,In Stock
8754,15,35,2025-02-21,121,54,48,127,38,In Stock
8755,20,120,2025-11-15,121,104,60,165,24,In Stock
8756,15,35,2025-06-04,70,87,148,9,55,Low Stock
8757,6,46,2025-12-06,122,124,15,231,36,In Stock
8758,12,12,2025-04-26,188,50,144,94,14,In Stock
8759,5,105,2025-04-01,152,41,148,45,14,In Stock
8760,12,72,2025-08-09,188,142,57,273,39,In Stock
8761,9,29,2025-09-09,57,54,25,86,17,In Stock
8762,20,20,2025-02-11,199,41,26,214,26,In Stock
8763,10,90,2025-06-06,245,79,40,284,38,In Stock
8764,20,100,2025-09-28,47,56,42,61,21,In Stock
8765,13,53,2025-09-28,248,117,114,251,51,In Stock
8766,4,44,2025-05-18,161,24,43,142,14,In Stock
8767,17,17,2025-11-14,134,45,34,145,37,In Stock
8768,7,67,2025-12-16,57,80,0,137,27,In Stock
8769,10,150,2025-02-13,199,56,140,115,26,In Stock
8770,7,27,2025-05-20,239,43,130,152,11,In Stock
8771,13,133,2025-08-16,97,117,30,184,24,In Stock
8772,8,28,2025-02-18,186,67,11,242,41,In Stock
8773,6,26,2025-05-14,121,18,102,37,27,In Stock
8774,6,126,2025-12-10,100,107,1,206,52,In Stock
8775,20,140,2025-07-06,241,77,100,218,46,In Stock
8776,2,122,2025-02-12,166,28,81,113,45,In Stock
8777,1,81,2025-12-03,45,135,72,108,47,In Stock
8778,4,144,2025-10-05,152,33,101,84,56,In Stock
8779,6,146,2025-05-05,228,37,39,226,60,In Stock
8780,5,45,2025-11-14,64,1,10,55,55,Low Stock
8781,11,71,2025-08-06,199,44,139,104,32,In Stock
8782,7,27,2025-10-01,241,75,84,232,20,In Stock
8783,2,102,2025-12-13,164,35,43,156,21,In Stock
8784,19,99,2025-09-04,202,79,79,202,31,In Stock
8785,2,142,2025-07-27,57,87,116,28,12,In Stock
8786,10,30,2025-09-14,156,81,70,167,47,In Stock
8787,3,103,2025-04-27,78,81,23,136,49,In Stock
8788,16,136,2025-08-14,188,74,54,208,57,In Stock
8789,8,28,2025-06-21,214,127,135,206,18,In Stock
8790,20,120,2025-04-20,99,10,34,75,14,In Stock
8791,14,14,2025-11-20,218,89,16,291,37,In Stock
8792,12,72,2025-10-21,120,89,143,66,27,In Stock
8793,17,97,2025-12-03,159,118,135,142,25,In Stock
8794,8,48,2025-06-13,250,41,7,284,42,In Stock
8795,20,100,2025-09-14,144,42,101,85,24,In Stock
8796,5,25,2025-11-11,151,136,80,207,37,In Stock
8797,18,118,2025-09-05,64,77,19,122,21,In Stock
8798,8,28,2025-05-18,99,95,95,99,16,In Stock
8799,18,78,2025-02-28,131,119,138,112,37,In Stock
8800,9,69,2025-11-07,29,121,92,58,49,In Stock
8801,18,58,2025-10-25,131,82,5,208,21,In Stock
8802,18,118,2025-09-07,50,111,44,117,16,In Stock
8803,11,71,2025-01-10,246,118,67,297,39,In Stock
8804,16,116,2025-08-16,56,45,81,20,60,Low Stock
8805,1,101,2025-11-07,132,74,41,165,26,In Stock
8806,11,131,2025-11-10,55,120,119,56,16,In Stock
8807,9,69,2025-06-14,137,57,120,74,27,In Stock
8808,13,73,2025-06-08,182,39,51,170,17,In Stock
8809,19,99,2025-05-18,76,120,97,99,43,In Stock
8810,10,10,2025-03-06,73,73,81,65,48,In Stock
8811,4,144,2025-07-01,184,87,147,124,51,In Stock
8812,3,43,2025-11-11,36,66,71,31,28,In Stock
8813,7,87,2025-02-23,177,54,20,211,27,In Stock
8814,16,76,2025-01-14,120,104,25,199,50,In Stock
8815,1,41,2025-06-16,102,67,135,34,52,Low Stock
8816,11,91,2025-11-04,21,75,81,15,38,Low Stock
8817,6,6,2025-12-04,23,76,47,52,24,In Stock
8818,6,66,2025-09-10,181,71,117,135,50,In Stock
8819,6,66,2025-12-23,50,131,150,31,30,In Stock
8820,2,82,2025-11-25,191,64,54,201,29,In Stock
8821,11,131,2025-03-11,209,105,69,245,33,In Stock
8822,5,125,2025-11-08,209,40,92,157,37,In Stock
8823,8,88,2025-08-05,59,84,20,123,28,In Stock
8824,12,72,2025-07-05,113,94,12,195,30,In Stock
8825,6,6,2025-05-26,26,54,51,29,50,Low Stock
8826,15,15,2025-09-13,224,35,85,174,44,In Stock
8827,11,71,2025-09-28,148,117,10,255,55,In Stock
8828,3,3,2025-01-13,180,10,136,54,42,In Stock
8829,10,70,2025-12-23,91,117,97,111,19,In Stock
8830,17,57,2025-10-14,112,40,86,66,39,In Stock
8831,17,97,2025-07-22,161,3,148,16,39,Low Stock
8832,8,28,2025-05-27,76,118,145,49,39,In Stock
8833,17,17,2025-06-10,31,16,22,25,10,In Stock
8834,2,122,2025-05-08,224,144,22,346,38,In Stock
8835,2,42,2025-02-14,39,87,19,107,34,In Stock
8836,11,11,2025-11-23,179,143,72,250,57,In Stock
8837,17,77,2025-11-04,44,69,32,81,51,In Stock
8838,2,22,2025-11-24,110,71,87,94,59,In Stock
8839,16,56,2025-10-25,148,18,54,112,18,In Stock
8840,6,106,2025-04-28,109,75,81,103,33,In Stock
8841,2,2,2025-09-04,31,120,30,121,19,In Stock
8842,4,124,2025-11-02,165,100,52,213,43,In Stock
8843,12,12,2025-07-04,168,120,68,220,33,In Stock
8844,2,2,2025-12-20,222,86,33,275,35,In Stock
8845,9,149,2025-09-22,200,35,109,126,16,In Stock
8846,5,145,2025-10-05,74,21,92,3,44,Low Stock
8847,5,85,2025-11-13,165,55,49,171,51,In Stock
8848,18,38,2025-01-08,177,53,97,133,28,In Stock
8849,8,28,2025-01-28,117,95,69,143,36,In Stock
8850,4,104,2025-10-23,220,102,124,198,44,In Stock
8851,18,38,2025-03-11,162,56,103,115,51,In Stock
8852,4,124,2025-07-10,241,144,42,343,59,In Stock
8853,2,22,2025-06-24,66,35,73,28,50,Low Stock
8854,18,98,2025-04-15,62,66,115,13,43,Low Stock
8855,18,98,2025-02-13,136,37,92,81,34,In Stock
8856,10,50,2025-08-13,204,57,72,189,28,In Stock
8857,20,60,2025-01-18,198,22,7,213,22,In Stock
8858,11,11,2025-10-04,212,129,63,278,19,In Stock
8859,1,41,2025-04-14,242,32,50,224,29,In Stock
8860,19,119,2025-11-13,59,40,13,86,46,In Stock
8861,15,15,2025-10-16,75,113,138,50,57,Low Stock
8862,13,133,2025-06-12,83,1,82,2,31,Low Stock
8863,11,11,2025-11-28,29,72,42,59,52,In Stock
8864,6,26,2025-11-20,72,46,41,77,38,In Stock
8865,6,46,2025-04-09,104,136,78,162,49,In Stock
8866,6,146,2025-04-17,140,110,67,183,21,In Stock
8867,3,103,2025-05-10,137,65,81,121,34,In Stock
8868,6,146,2025-05-12,91,142,126,107,22,In Stock
8869,9,9,2025-10-12,29,130,1,158,47,In Stock
8870,7,107,2025-07-04,67,146,87,126,57,In Stock
8871,10,110,2025-06-28,87,46,45,88,23,In Stock
8872,12,112,2025-07-05,178,144,144,178,32,In Stock
8873,4,104,2025-10-27,84,123,74,133,42,In Stock
8874,17,97,2025-07-21,50,43,10,83,31,In Stock
8875,18,58,2025-11-01,37,14,51,0,53,Out of Stock
8876,19,99,2025-10-03,29,111,33,107,23,In Stock
8877,20,80,2025-09-12,77,124,50,151,44,In Stock
8878,18,118,2025-10-11,227,66,30,263,41,In Stock
8879,4,104,2025-03-23,100,76,44,132,36,In Stock
8880,15,55,2025-04-11,234,132,123,243,30,In Stock
8881,18,138,2025-11-07,229,44,85,188,40,In Stock
8882,12,12,2025-06-18,70,60,41,89,54,In Stock
8883,16,116,2025-08-21,154,10,110,54,44,In Stock
8884,19,59,2025-01-02,97,51,65,83,14,In Stock
8885,11,91,2025-03-25,88,70,12,146,13,In Stock
8886,3,83,2025-08-17,46,102,83,65,60,In Stock
8887,8,68,2025-11-01,111,135,139,107,45,In Stock
8888,15,135,2025-12-13,94,43,101,36,45,Low Stock
8889,2,22,2025-01-24,39,45,31,53,41,In Stock
8890,20,80,2025-09-05,157,117,122,152,53,In Stock
8891,1,81,2025-11-01,109,40,106,43,31,In Stock
8892,9,49,2025-02-07,67,120,86,101,55,In Stock
8893,11,11,2025-03-10,153,16,137,32,38,Low Stock
8894,4,64,2025-06-09,29,30,52,7,33,Low Stock
8895,5,145,2025-01-09,133,138,97,174,49,In Stock
8896,3,3,2025-07-07,122,132,7,247,33,In Stock
8897,1,21,2025-03-26,73,108,104,77,23,In Stock
8898,1,121,2025-04-13,224,79,91,212,48,In Stock
8899,7,147,2025-08-18,226,44,10,260,40,In Stock
8900,3,143,2025-04-07,191,130,114,207,44,In Stock
8901,10,30,2025-04-19,169,72,115,126,22,In Stock
8902,3,63,2025-07-19,28,100,121,7,48,Low Stock
8903,9,69,2025-07-28,62,74,90,46,36,In Stock
8904,19,99,2025-02-06,209,56,11,254,14,In Stock
8905,8,108,2025-06-21,134,17,7,144,32,In Stock
8906,19,99,2025-09-23,74,137,17,194,48,In Stock
8907,20,100,2025-03-02,194,48,119,123,43,In Stock
8908,13,33,2025-02-16,67,44,9,102,49,In Stock
8909,8,108,2025-02-28,161,99,31,229,46,In Stock
8910,20,20,2025-10-13,134,37,32,139,25,In Stock
8911,9,129,2025-07-10,239,75,9,305,50,In Stock
8912,15,15,2025-01-02,53,120,64,109,10,In Stock
8913,4,124,2025-01-06,134,104,4,234,49,In Stock
8914,6,6,2025-01-26,163,49,11,201,21,In Stock
8915,8,28,2025-05-18,236,111,104,243,13,In Stock
8916,10,70,2025-11-17,180,22,74,128,55,In Stock
8917,8,28,2025-05-07,23,7,22,8,11,Low Stock
8918,8,128,2025-08-24,235,115,88,262,28,In Stock
8919,6,106,2025-05-05,88,77,38,127,42,In Stock
8920,14,114,2025-01-06,51,99,46,104,20,In Stock
8921,5,45,2025-08-27,243,1,20,224,35,In Stock
8922,3,143,2025-04-26,69,63,19,113,23,In Stock
8923,15,35,2025-05-06,58,31,69,20,43,Low Stock
8924,13,73,2025-12-07,159,65,62,162,36,In Stock
8925,20,80,2025-01-10,111,49,96,64,28,In Stock
8926,11,51,2025-01-23,23,118,126,15,58,Low Stock
8927,18,18,2025-07-03,81,35,20,96,56,In Stock
8928,10,90,2025-04-24,248,107,105,250,22,In Stock
8929,3,123,2025-03-05,248,138,67,319,48,In Stock
8930,12,72,2025-12-05,236,73,107,202,59,In Stock
8931,14,134,2025-07-21,150,76,87,139,18,In Stock
8932,6,46,2025-04-19,126,146,61,211,46,In Stock
8933,11,111,2025-08-21,36,86,21,101,28,In Stock
8934,20,100,2025-02-04,106,126,27,205,59,In Stock
8935,17,117,2025-08-26,215,119,67,267,14,In Stock
8936,3,3,2025-10-26,38,26,6,58,28,In Stock
8937,18,38,2025-06-10,158,49,139,68,23,In Stock
8938,16,36,2025-07-09,221,87,23,285,48,In Stock
8939,17,37,2025-03-27,217,112,90,239,25,In Stock
8940,9,29,2025-04-05,131,123,17,237,23,In Stock
8941,12,52,2025-01-05,215,122,55,282,18,In Stock
8942,4,84,2025-04-27,227,60,99,188,32,In Stock
8943,7,147,2025-04-21,50,28,76,2,50,Low Stock
8944,4,104,2025-03-19,161,8,85,84,44,In Stock
8945,17,37,2025-06-22,138,60,76,122,26,In Stock
8946,9,69,2025-03-06,146,113,56,203,17,In Stock
8947,7,87,2025-07-10,116,39,130,25,15,In Stock
8948,16,116,2025-04-01,246,57,139,164,21,In Stock
8949,18,98,2025-12-08,250,102,117,235,15,In Stock
8950,6,46,2025-04-01,102,68,3,167,34,In Stock
8951,9,89,2025-05-18,50,129,102,77,10,In Stock
8952,5,65,2025-12-25,162,103,90,175,10,In Stock
8953,17,17,2025-09-11,98,60,39,119,20,In Stock
8954,17,37,2025-09-07,223,10,35,198,16,In Stock
8955,19,39,2025-06-25,52,78,20,110,31,In Stock
8956,9,149,2025-08-27,98,123,126,95,54,In Stock
8957,3,43,2025-03-04,75,145,138,82,30,In Stock
8958,19,139,2025-07-10,159,34,37,156,53,In Stock
8959,11,131,2025-04-15,191,41,47,185,19,In Stock
8960,8,68,2025-02-14,22,97,25,94,53,In Stock
8961,17,97,2025-05-05,125,130,95,160,12,In Stock
8962,19,19,2025-01-03,163,110,80,193,41,In Stock
8963,2,2,2025-01-23,105,20,107,18,56,Low Stock
8964,18,98,2025-09-12,36,11,17,30,28,In Stock
8965,3,83,2025-01-27,63,47,94,16,25,Low Stock
8966,11,91,2025-02-16,95,52,42,105,58,In Stock
8967,11,71,2025-12-08,152,92,141,103,21,In Stock
8968,12,72,2025-03-08,47,61,27,81,52,In Stock
8969,18,58,2025-04-01,142,38,42,138,24,In Stock
8970,17,77,2025-01-11,211,42,33,220,40,In Stock
8971,10,10,2025-02-22,95,66,137,24,24,Low Stock
8972,11,111,2025-06-10,65,67,48,84,46,In Stock
8973,4,124,2025-08-18,174,97,12,259,38,In Stock
8974,7,27,2025-05-27,230,2,111,121,41,In Stock
8975,15,95,2025-02-17,40,10,14,36,39,Low Stock
8976,8,108,2025-10-13,75,12,77,10,12,Low Stock
8977,16,36,2025-02-03,158,83,13,228,40,In Stock
8978,1,41,2025-08-15,212,44,2,254,11,In Stock
8979,10,110,2025-04-21,135,24,21,138,31,In Stock
8980,8,108,2025-12-02,160,112,65,207,57,In Stock
8981,6,6,2025-06-20,51,115,83,83,22,In Stock
8982,20,60,2025-03-25,155,144,133,166,54,In Stock
8983,19,59,2025-01-06,244,52,57,239,30,In Stock
8984,16,76,2025-02-01,157,83,147,93,30,In Stock
8985,20,60,2025-02-04,171,85,137,119,15,In Stock
8986,6,26,2025-11-27,94,20,102,12,57,Low Stock
8987,19,99,2025-02-01,154,11,45,120,22,In Stock
8988,2,2,2025-08-17,112,34,136,10,11,Low Stock
8989,15,55,2025-10-09,91,49,138,2,27,Low Stock
8990,2,82,2025-05-23,161,79,83,157,20,In Stock
8991,10,50,2025-02-12,119,3,116,6,50,Low Stock
8992,7,107,2025-07-07,181,115,99,197,13,In Stock
8993,5,65,2025-04-10,194,135,84,245,12,In Stock
8994,7,67,2025-04-09,55,115,123,47,15,In Stock
8995,15,35,2025-11-13,147,119,53,213,10,In Stock
8996,11,111,2025-12-22,131,114,6,239,11,In Stock
8997,4,124,2025-09-27,90,114,33,171,41,In Stock
8998,1,81,2025-11-05,32,28,2,58,18,In Stock
8999,17,97,2025-06-28,180,141,21,300,44,In Stock
9000,16,16,2025-02-06,179,94,41,232,26,In Stock
9001,7,27,2025-02-07,217,14,3,228,27,In Stock
9002,13,33,2025-04-18,233,14,86,161,34,In Stock
9003,3,143,2025-08-12,165,17,24,158,14,In Stock
9004,9,89,2025-12-01,213,43,57,199,48,In Stock
9005,4,144,2025-01-13,39,73,58,54,16,In Stock
9006,18,58,2025-11-02,21,90,38,73,58,In Stock
9007,1,81,2025-07-19,36,28,18,46,14,In Stock
9008,7,27,2025-09-03,126,66,71,121,33,In Stock
9009,2,62,2025-03-04,142,35,64,113,47,In Stock
9010,3,43,2025-05-11,201,24,99,126,12,In Stock
9011,9,129,2025-11-14,108,33,135,6,40,Low Stock
9012,6,106,2025-06-12,134,69,26,177,57,In Stock
9013,7,27,2025-03-19,62,114,138,38,51,Low Stock
9014,3,23,2025-11-25,236,7,133,110,31,In Stock
9015,10,50,2025-10-10,35,57,28,64,52,In Stock
9016,6,86,2025-08-27,162,32,1,193,30,In Stock
9017,16,96,2025-04-18,152,74,66,160,41,In Stock
9018,4,44,2025-06-23,177,144,53,268,15,In Stock
9019,6,66,2025-04-02,28,11,17,22,60,Low Stock
9020,1,101,2025-05-24,121,114,6,229,20,In Stock
9021,14,114,2025-05-18,232,67,2,297,29,In Stock
9022,5,105,2025-12-11,214,103,140,177,52,In Stock
9023,8,88,2025-10-25,77,145,95,127,28,In Stock
9024,16,16,2025-09-18,75,14,24,65,28,In Stock
9025,14,94,2025-06-03,117,124,101,140,15,In Stock
9026,5,85,2025-06-14,247,6,62,191,40,In Stock
9027,17,77,2025-09-04,182,29,47,164,54,In Stock
9028,14,54,2025-03-06,77,2,69,10,22,Low Stock
9029,18,78,2025-05-04,93,128,60,161,32,In Stock
9030,1,61,2025-06-20,71,95,13,153,60,In Stock
9031,7,127,2025-03-26,202,21,47,176,48,In Stock
9032,1,141,2025-12-09,223,132,86,269,19,In Stock
9033,8,88,2025-01-15,48,62,58,52,53,Low Stock
9034,4,84,2025-10-25,173,145,149,169,34,In Stock
9035,14,74,2025-10-23,147,90,120,117,21,In Stock
9036,7,147,2025-04-15,160,101,48,213,40,In Stock
9037,6,126,2025-08-07,208,74,66,216,33,In Stock
9038,4,104,2025-04-19,119,135,99,155,51,In Stock
9039,15,55,2025-04-21,205,18,47,176,27,In Stock
9040,1,1,2025-09-01,132,82,21,193,44,In Stock
9041,19,139,2025-05-20,242,132,94,280,20,In Stock
9042,1,141,2025-08-16,82,5,12,75,10,In Stock
9043,11,71,2025-12-25,212,49,61,200,44,In Stock
9044,12,72,2025-07-13,227,117,150,194,49,In Stock
9045,7,127,2025-07-10,175,133,2,306,45,In Stock
9046,4,84,2025-09-19,68,142,108,102,39,In Stock
9047,15,115,2025-02-13,105,49,98,56,29,In Stock
9048,8,128,2025-05-08,168,129,18,279,51,In Stock
9049,5,65,2025-06-07,30,40,34,36,39,Low Stock
9050,4,124,2025-02-12,194,148,20,322,49,In Stock
9051,2,102,2025-08-17,87,113,60,140,56,In Stock
9052,1,61,2025-06-14,193,144,89,248,11,In Stock
9053,9,49,2025-03-24,195,118,135,178,48,In Stock
9054,6,6,2025-07-10,241,25,109,157,60,In Stock
9055,2,82,2025-10-06,172,25,50,147,46,In Stock
9056,4,144,2025-02-14,145,131,142,134,40,In Stock
9057,5,65,2025-06-28,225,15,28,212,29,In Stock
9058,7,47,2025-07-22,64,120,61,123,18,In Stock
9059,12,52,2025-08-11,34,70,62,42,34,In Stock
9060,15,55,2025-06-09,133,32,128,37,36,In Stock
9061,3,3,2025-11-20,73,63,32,104,55,In Stock
9062,18,58,2025-06-05,79,45,35,89,33,In Stock
9063,16,56,2025-08-11,109,122,89,142,43,In Stock
9064,11,31,2025-06-10,218,40,86,172,33,In Stock
9065,3,23,2025-01-22,152,64,143,73,12,In Stock
9066,8,128,2025-06-08,50,10,49,11,20,Low Stock
9067,13,113,2025-12-16,104,29,95,38,26,In Stock
9068,2,82,2025-09-20,229,0,144,85,35,In Stock
9069,20,140,2025-03-18,146,72,143,75,31,In Stock
9070,13,53,2025-05-18,197,115,99,213,30,In Stock
9071,9,149,2025-10-26,202,68,143,127,27,In Stock
9072,10,150,2025-06-16,37,57,89,5,16,Low Stock
9073,3,63,2025-02-05,44,112,74,82,56,In Stock
9074,18,78,2025-03-09,193,109,60,242,59,In Stock
9075,2,142,2025-09-17,81,89,88,82,16,In Stock
9076,15,55,2025-01-09,204,72,13,263,32,In Stock
9077,17,17,2025-04-06,143,33,42,134,49,In Stock
9078,10,50,2025-06-22,132,82,90,124,32,In Stock
9079,3,3,2025-11-07,33,100,129,4,46,Low Stock
9080,11,71,2025-04-07,202,81,35,248,53,In Stock
9081,2,22,2025-02-11,46,76,107,15,22,Low Stock
9082,12,12,2025-07-10,57,115,13,159,30,In Stock
9083,10,110,2025-12-08,153,52,131,74,60,In Stock
9084,5,25,2025-10-24,197,43,127,113,28,In Stock
9085,4,44,2025-12-19,218,124,25,317,42,In Stock
9086,12,112,2025-06-04,245,74,139,180,45,In Stock
9087,19,99,2025-12-22,193,48,26,215,24,In Stock
9088,6,106,2025-05-06,121,25,104,42,41,In Stock
9089,16,136,2025-01-10,56,74,68,62,50,In Stock
9090,18,18,2025-12-13,80,11,70,21,20,In Stock
9091,14,74,2025-07-15,87,102,52,137,51,In Stock
9092,8,108,2025-10-27,70,70,130,10,35,Low Stock
9093,11,11,2025-09-28,193,69,125,137,12,In Stock
9094,19,19,2025-02-11,180,145,47,278,33,In Stock
9095,5,145,2025-06-07,218,141,89,270,57,In Stock
9096,1,41,2025-12-15,64,44,3,105,11,In Stock
9097,7,7,2025-12-04,231,99,126,204,19,In Stock
9098,6,146,2025-03-12,167,73,87,153,58,In Stock
9099,4,4,2025-10-27,172,136,112,196,31,In Stock
9100,10,50,2025-10-06,163,39,56,146,27,In Stock
9101,1,41,2025-09-26,197,41,36,202,48,In Stock
9102,19,99,2025-01-24,83,139,9,213,31,In Stock
9103,3,143,2025-02-28,214,13,146,81,12,In Stock
9104,9,9,2025-03-06,23,41,16,48,16,In Stock
9105,16,116,2025-03-03,105,61,91,75,42,In Stock
9106,19,79,2025-10-02,112,75,120,67,27,In Stock
9107,12,112,2025-09-10,148,130,123,155,54,In Stock
9108,2,62,2025-03-01,193,87,35,245,54,In Stock
9109,5,105,2025-09-02,73,31,44,60,30,In Stock
9110,15,135,2025-01-15,153,64,32,185,50,In Stock
9111,14,134,2025-09-26,174,20,106,88,20,In Stock
9112,1,101,2025-07-16,141,65,56,150,50,In Stock
9113,2,42,2025-11-05,106,54,97,63,36,In Stock
9114,8,148,2025-08-12,118,128,111,135,52,In Stock
9115,15,35,2025-05-19,35,88,82,41,45,Low Stock
9116,15,55,2025-08-15,184,66,8,242,32,In Stock
9117,19,59,2025-09-07,102,94,131,65,48,In Stock
9118,18,38,2025-02-24,173,71,135,109,12,In Stock
9119,11,11,2025-03-19,201,122,89,234,50,In Stock
9120,1,141,2025-12-20,30,61,74,17,35,Low Stock
9121,15,115,2025-11-28,245,84,63,266,47,In Stock
9122,14,94,2025-05-12,62,23,81,4,51,Low Stock
9123,14,54,2025-02-26,80,43,89,34,20,In Stock
9124,5,25,2025-10-11,174,130,68,236,21,In Stock
9125,14,14,2025-02-13,228,86,35,279,44,In Stock
9126,7,147,2025-06-12,101,48,82,67,47,In Stock
9127,13,93,2025-07-13,84,69,13,140,14,In Stock
9128,12,12,2025-10-16,103,80,60,123,57,In Stock
9129,13,13,2025-01-14,172,11,17,166,49,In Stock
9130,16,96,2025-05-22,160,10,35,135,49,In Stock
9131,17,137,2025-07-24,93,95,128,60,29,In Stock
9132,19,59,2025-06-25,69,132,31,170,56,In Stock
9133,15,95,2025-04-03,247,109,60,296,33,In Stock
9134,11,31,2025-06-14,146,61,93,114,50,In Stock
9135,3,3,2025-05-22,129,42,78,93,45,In Stock
9136,14,94,2025-07-27,244,86,38,292,13,In Stock
9137,9,9,2025-08-16,43,90,109,24,15,In Stock
9138,7,87,2025-05-06,250,112,110,252,26,In Stock
9139,16,136,2025-03-10,204,71,67,208,41,In Stock
9140,4,124,2025-02-21,175,144,150,169,24,In Stock
9141,9,149,2025-12-24,183,111,50,244,26,In Stock
9142,4,104,2025-02-27,134,102,94,142,49,In Stock
9143,11,91,2025-04-27,237,2,95,144,32,In Stock
9144,2,22,2025-03-10,230,43,112,161,24,In Stock
9145,6,106,2025-02-12,222,0,75,147,43,In Stock
9146,7,107,2025-08-05,230,144,136,238,17,In Stock
9147,12,32,2025-04-27,121,82,86,117,36,In Stock
9148,1,141,2025-11-04,199,121,49,271,12,In Stock
9149,11,71,2025-11-03,83,60,78,65,39,In Stock
9150,16,96,2025-05-20,160,8,55,113,40,In Stock
9151,1,141,2025-03-08,45,123,14,154,56,In Stock
9152,17,37,2025-11-01,162,105,40,227,24,In Stock
9153,5,145,2025-12-18,164,71,121,114,60,In Stock
9154,17,97,2025-07-22,229,131,108,252,11,In Stock
9155,11,51,2025-10-25,195,58,122,131,10,In Stock
9156,14,34,2025-11-14,62,66,68,60,55,In Stock
9157,15,95,2025-10-06,227,104,42,289,24,In Stock
9158,18,58,2025-11-19,71,15,56,30,11,In Stock
9159,5,45,2025-02-20,218,116,42,292,25,In Stock
9160,2,42,2025-02-14,57,78,12,123,49,In Stock
9161,8,48,2025-12-11,44,64,3,105,25,In Stock
9162,20,80,2025-01-06,53,84,36,101,32,In Stock
9163,3,83,2025-02-02,123,2,82,43,21,In Stock
9164,9,129,2025-03-17,226,141,28,339,50,In Stock
9165,14,94,2025-05-16,216,129,113,232,11,In Stock
9166,15,55,2025-07-25,237,33,78,192,23,In Stock
9167,11,131,2025-08-04,247,43,125,165,45,In Stock
9168,10,30,2025-04-12,225,140,23,342,25,In Stock
9169,13,133,2025-11-19,102,42,133,11,57,Low Stock
9170,15,115,2025-10-14,104,64,44,124,54,In Stock
9171,5,125,2025-06-28,237,59,37,259,32,In Stock
9172,19,79,2025-10-16,35,115,38,112,16,In Stock
9173,9,129,2025-06-08,127,64,31,160,23,In Stock
9174,8,108,2025-03-15,208,80,43,245,51,In Stock
9175,2,22,2025-10-25,129,125,130,124,26,In Stock
9176,1,61,2025-11-16,148,6,115,39,20,In Stock
9177,1,21,2025-03-17,134,16,52,98,56,In Stock
9178,18,138,2025-02-20,65,92,139,18,42,Low Stock
9179,8,28,2025-05-01,128,62,66,124,26,In Stock
9180,16,56,2025-06-03,107,26,66,67,13,In Stock
9181,2,122,2025-11-22,99,105,28,176,56,In Stock
9182,13,133,2025-06-23,226,7,146,87,59,In Stock
9183,9,49,2025-08-28,214,80,77,217,26,In Stock
9184,6,66,2025-10-03,116,35,52,99,50,In Stock
9185,19,99,2025-09-25,244,0,29,215,36,In Stock
9186,2,82,2025-04-16,94,70,118,46,13,In Stock
9187,18,118,2025-11-03,161,21,67,115,23,In Stock
9188,8,48,2025-07-28,59,62,11,110,12,In Stock
9189,8,68,2025-07-28,41,20,4,57,26,In Stock
9190,18,98,2025-05-04,154,84,20,218,16,In Stock
9191,13,33,2025-09-28,24,102,36,90,24,In Stock
9192,18,18,2025-11-21,122,107,134,95,17,In Stock
9193,19,139,2025-11-22,147,5,114,38,15,In Stock
9194,3,63,2025-10-02,53,4,32,25,32,Low Stock
9195,7,47,2025-05-14,23,147,33,137,38,In Stock
9196,13,93,2025-08-10,243,15,133,125,10,In Stock
9197,12,112,2025-02-17,111,69,125,55,43,In Stock
9198,13,113,2025-10-27,27,17,1,43,11,In Stock
9199,3,23,2025-09-02,172,34,49,157,32,In Stock
9200,3,83,2025-03-20,239,117,30,326,36,In Stock
9201,10,130,2025-10-23,215,102,149,168,34,In Stock
9202,5,45,2025-01-15,175,62,122,115,56,In Stock
9203,7,127,2025-01-16,203,95,92,206,48,In Stock
9204,6,86,2025-08-13,226,150,1,375,49,In Stock
9205,3,63,2025-11-21,181,23,142,62,31,In Stock
9206,5,45,2025-07-14,51,80,77,54,45,In Stock
9207,19,99,2025-08-27,100,118,118,100,12,In Stock
9208,4,44,2025-04-18,81,20,73,28,32,Low Stock
9209,19,119,2025-01-02,171,146,12,305,38,In Stock
9210,16,56,2025-09-13,130,105,17,218,20,In Stock
9211,10,30,2025-09-10,99,49,18,130,58,In Stock
9212,10,130,2025-02-06,59,106,96,69,51,In Stock
9213,7,67,2025-05-16,33,139,13,159,58,In Stock
9214,19,119,2025-07-25,183,89,82,190,26,In Stock
9215,6,146,2025-06-26,43,123,9,157,33,In Stock
9216,20,40,2025-12-25,178,121,66,233,51,In Stock
9217,17,117,2025-10-13,110,97,27,180,44,In Stock
9218,2,82,2025-09-22,173,129,113,189,37,In Stock
9219,5,25,2025-01-12,102,61,47,116,45,In Stock
9220,3,23,2025-10-26,131,93,49,175,12,In Stock
9221,7,147,2025-11-23,163,84,2,245,34,In Stock
9222,10,30,2025-06-03,175,44,72,147,29,In Stock
9223,8,128,2025-02-04,62,10,56,16,38,Low Stock
9224,15,75,2025-07-13,236,54,98,192,44,In Stock
9225,14,134,2025-12-08,132,44,73,103,20,In Stock
9226,19,99,2025-08-28,134,5,132,7,21,Low Stock
9227,18,18,2025-10-09,48,69,48,69,18,In Stock
9228,11,11,2025-08-28,242,46,2,286,56,In Stock
9229,15,35,2025-01-11,136,32,89,79,32,In Stock
9230,1,21,2025-06-12,108,22,75,55,44,In Stock
9231,19,59,2025-04-02,68,71,51,88,48,In Stock
9232,6,126,2025-06-12,77,123,114,86,11,In Stock
9233,1,141,2025-10-27,23,150,97,76,50,In Stock
9234,18,18,2025-09-04,109,21,126,4,19,Low Stock
9235,12,72,2025-06-28,201,76,17,260,40,In Stock
9236,3,83,2025-03-14,52,100,1,151,59,In Stock
9237,20,80,2025-11-14,37,20,41,16,31,Low Stock
9238,13,133,2025-02-09,56,137,122,71,30,In Stock
9239,16,16,2025-11-09,180,97,30,247,29,In Stock
9240,19,79,2025-06-12,61,124,104,81,41,In Stock
9241,20,120,2025-10-24,154,65,56,163,31,In Stock
9242,9,89,2025-09-08,26,112,138,0,11,Out of Stock
9243,7,67,2025-09-01,167,109,4,272,23,In Stock
9244,6,126,2025-07-27,88,4,8,84,28,In Stock
9245,1,81,2025-03-22,93,73,139,27,56,Low Stock
9246,17,97,2025-06-05,34,130,89,75,56,In Stock
9247,1,1,2025-01-20,119,96,116,99,11,In Stock
9248,3,83,2025-03-07,148,6,39,115,57,In Stock
9249,8,28,2025-05-14,82,46,104,24,13,In Stock
9250,6,86,2025-01-02,130,91,149,72,14,In Stock
9251,4,84,2025-06-20,49,92,91,50,19,In Stock
9252,7,107,2025-11-01,39,107,137,9,50,Low Stock
9253,12,52,2025-06-20,61,54,56,59,21,In Stock
9254,17,77,2025-11-28,89,83,82,90,13,In Stock
9255,12,92,2025-12-23,228,5,52,181,28,In Stock
9256,8,108,2025-07-21,88,33,73,48,54,Low Stock
9257,7,7,2025-10-03,127,123,0,250,19,In Stock
9258,12,92,2025-07-24,151,99,61,189,13,In Stock
9259,4,104,2025-05-28,39,68,92,15,21,Low Stock
9260,15,75,2025-03-20,43,132,103,72,45,In Stock
9261,9,149,2025-04-07,242,127,87,282,35,In Stock
9262,4,64,2025-01-20,222,22,131,113,38,In Stock
9263,2,142,2025-11-09,121,51,1,171,50,In Stock
9264,3,83,2025-01-23,209,67,95,181,53,In Stock
9265,11,31,2025-02-06,118,91,122,87,46,In Stock
9266,8,48,2025-03-10,213,127,68,272,16,In Stock
9267,9,49,2025-11-04,192,61,99,154,35,In Stock
9268,19,19,2025-01-07,38,10,3,45,18,In Stock
9269,3,83,2025-05-03,211,150,25,336,45,In Stock
9270,12,52,2025-10-28,108,109,141,76,14,In Stock
9271,10,90,2025-08-15,201,19,139,81,33,In Stock
9272,14,54,2025-07-12,35,142,126,51,13,In Stock
9273,16,76,2025-01-04,177,49,141,85,20,In Stock
9274,4,44,2025-04-25,216,144,28,332,39,In Stock
9275,17,137,2025-04-20,116,36,28,124,19,In Stock
9276,9,89,2025-03-26,172,33,131,74,46,In Stock
9277,18,58,2025-11-24,184,110,109,185,48,In Stock
9278,18,38,2025-09-27,237,128,91,274,44,In Stock
9279,4,124,2025-12-09,51,51,84,18,59,Low Stock
9280,9,9,2025-11-24,184,74,123,135,51,In Stock
9281,2,82,2025-07-06,167,125,7,285,52,In Stock
9282,3,103,2025-09-28,194,74,84,184,27,In Stock
9283,1,101,2025-11-28,211,115,72,254,15,In Stock
9284,8,148,2025-09-16,46,124,113,57,43,In Stock
9285,11,11,2025-02-03,201,16,145,72,47,In Stock
9286,11,11,2025-08-14,222,58,55,225,31,In Stock
9287,4,84,2025-09-08,136,51,143,44,13,In Stock
9288,1,41,2025-12-25,61,15,57,19,31,Low Stock
9289,11,71,2025-01-05,248,71,95,224,56,In Stock
9290,13,93,2025-12-07,56,61,64,53,14,In Stock
9291,4,4,2025-05-19,194,35,54,175,58,In Stock
9292,13,33,2025-05-27,64,69,52,81,54,In Stock
9293,8,8,2025-01-25,179,6,77,108,10,In Stock
9294,14,94,2025-03-23,102,5,82,25,17,In Stock
9295,19,39,2025-03-18,60,75,43,92,32,In Stock
9296,5,85,2025-04-02,235,98,91,242,51,In Stock
9297,2,22,2025-02-16,186,117,127,176,25,In Stock
9298,7,147,2025-10-04,225,117,2,340,44,In Stock
9299,1,141,2025-04-12,38,147,140,45,39,In Stock
9300,3,103,2025-03-15,64,137,148,53,14,In Stock
9301,14,14,2025-07-24,31,112,48,95,13,In Stock
9302,12,12,2025-02-15,245,68,112,201,15,In Stock
9303,18,78,2025-11-12,215,8,99,124,12,In Stock
9304,12,112,2025-12-05,141,143,147,137,37,In Stock
9305,2,2,2025-09-06,206,29,102,133,42,In Stock
9306,16,36,2025-05-23,122,129,54,197,33,In Stock
9307,11,111,2025-05-10,141,120,130,131,20,In Stock
9308,10,10,2025-12-02,60,3,21,42,15,In Stock
9309,16,56,2025-12-02,58,136,17,177,17,In Stock
9310,4,24,2025-06-12,112,10,78,44,27,In Stock
9311,2,102,2025-09-09,92,0,17,75,49,In Stock
9312,4,44,2025-01-08,136,51,56,131,14,In Stock
9313,15,35,2025-11-08,178,50,132,96,55,In Stock
9314,15,135,2025-03-23,226,87,45,268,42,In Stock
9315,20,120,2025-09-05,103,6,90,19,50,Low Stock
9316,19,119,2025-11-26,97,91,69,119,27,In Stock
9317,4,104,2025-10-09,51,71,34,88,50,In Stock
9318,5,145,2025-11-17,112,5,29,88,31,In Stock
9319,5,125,2025-11-12,170,71,112,129,19,In Stock
9320,20,120,2025-01-20,59,13,6,66,10,In Stock
9321,10,150,2025-11-18,63,12,48,27,60,Low Stock
9322,20,120,2025-07-08,173,103,46,230,38,In Stock
9323,14,34,2025-09-17,30,114,16,128,28,In Stock
9324,18,98,2025-05-04,23,58,27,54,35,In Stock
9325,17,37,2025-08-25,29,89,63,55,13,In Stock
9326,4,144,2025-11-28,160,0,149,11,16,Low Stock
9327,5,5,2025-11-18,116,4,106,14,26,Low Stock
9328,2,102,2025-06-25,61,29,32,58,34,In Stock
9329,4,4,2025-08-15,149,149,16,282,60,In Stock
9330,11,51,2025-03-25,203,130,135,198,30,In Stock
9331,1,81,2025-09-03,62,140,4,198,31,In Stock
9332,7,7,2025-04-24,145,125,10,260,60,In Stock
9333,10,10,2025-05-07,134,132,142,124,23,In Stock
9334,3,43,2025-08-16,56,22,18,60,15,In Stock
9335,19,119,2025-04-01,228,21,13,236,49,In Stock
9336,3,143,2025-03-24,188,51,24,215,44,In Stock
9337,9,9,2025-10-15,144,144,29,259,23,In Stock
9338,9,109,2025-11-17,83,14,74,23,24,Low Stock
9339,19,59,2025-01-01,138,54,9,183,56,In Stock
9340,3,63,2025-10-03,234,106,81,259,19,In Stock
9341,9,89,2025-06-07,153,135,31,257,24,In Stock
9342,2,122,2025-07-03,20,7,13,14,47,Low Stock
9343,13,73,2025-10-06,39,12,39,12,46,Low Stock
9344,2,142,2025-01-16,54,142,4,192,12,In Stock
9345,8,28,2025-06-07,21,75,40,56,38,In Stock
9346,13,33,2025-07-06,147,26,0,173,40,In Stock
9347,8,8,2025-02-17,168,1,13,156,50,In Stock
9348,9,69,2025-03-02,52,107,22,137,47,In Stock
9349,12,112,2025-03-24,160,64,96,128,48,In Stock
9350,9,149,2025-02-03,181,60,66,175,47,In Stock
9351,2,42,2025-07-20,52,40,44,48,49,Low Stock
9352,8,28,2025-02-01,98,9,68,39,27,In Stock
9353,4,144,2025-07-21,243,48,57,234,35,In Stock
9354,4,104,2025-01-03,50,127,106,71,43,In Stock
9355,6,106,2025-11-28,100,86,97,89,50,In Stock
9356,15,75,2025-12-04,32,43,37,38,46,Low Stock
9357,8,148,2025-01-11,83,35,76,42,38,In Stock
9358,11,131,2025-05-14,160,148,26,282,43,In Stock
9359,8,148,2025-01-07,161,54,0,215,24,In Stock
9360,16,16,2025-03-01,149,141,139,151,26,In Stock
9361,1,21,2025-11-24,94,121,32,183,17,In Stock
9362,13,113,2025-12-17,246,31,1,276,50,In Stock
9363,1,21,2025-03-21,156,20,18,158,13,In Stock
9364,15,115,2025-03-24,89,16,90,15,37,Low Stock
9365,18,58,2025-08-21,116,17,47,86,43,In Stock
9366,8,48,2025-01-03,99,96,19,176,20,In Stock
9367,11,51,2025-03-03,70,107,52,125,23,In Stock
9368,19,119,2025-02-22,44,80,27,97,27,In Stock
9369,11,91,2025-09-04,35,124,105,54,11,In Stock
9370,1,21,2025-02-24,128,80,75,133,47,In Stock
9371,20,100,2025-12-01,216,47,94,169,49,In Stock
9372,20,120,2025-10-14,34,146,8,172,40,In Stock
9373,5,25,2025-12-06,114,135,112,137,56,In Stock
9374,5,5,2025-01-02,230,63,37,256,38,In Stock
9375,1,41,2025-11-05,98,104,106,96,24,In Stock
9376,18,78,2025-11-21,161,68,51,178,29,In Stock
9377,20,40,2025-12-28,190,91,84,197,42,In Stock
9378,20,140,2025-07-28,187,36,130,93,57,In Stock
9379,15,75,2025-05-14,219,39,49,209,26,In Stock
9380,4,4,2025-12-13,114,36,0,150,48,In Stock
9381,7,147,2025-05-08,135,147,45,237,33,In Stock
9382,10,150,2025-07-22,233,25,44,214,30,In Stock
9383,19,99,2025-10-17,93,123,122,94,32,In Stock
9384,12,52,2025-04-27,159,146,82,223,27,In Stock
9385,2,102,2025-11-08,177,25,9,193,39,In Stock
9386,11,91,2025-10-01,80,97,137,40,11,In Stock
9387,10,50,2025-02-24,131,127,69,189,10,In Stock
9388,7,107,2025-08-16,168,15,125,58,10,In Stock
9389,3,3,2025-08-08,232,87,102,217,27,In Stock
9390,19,59,2025-10-15,99,1,98,2,21,Low Stock
9391,3,3,2025-01-18,55,81,133,3,55,Low Stock
9392,10,130,2025-04-06,227,18,10,235,32,In Stock
9393,5,105,2025-03-22,145,115,38,222,18,In Stock
9394,2,42,2025-04-25,212,137,27,322,10,In Stock
9395,12,112,2025-10-06,162,133,125,170,57,In Stock
9396,17,37,2025-04-22,118,121,55,184,41,In Stock
9397,3,63,2025-08-24,207,55,133,129,25,In Stock
9398,6,146,2025-01-01,170,53,50,173,21,In Stock
9399,11,131,2025-09-21,103,0,14,89,59,In Stock
9400,16,16,2025-04-23,151,121,149,123,14,In Stock
9401,15,115,2025-04-28,23,95,56,62,56,In Stock
9402,2,62,2025-11-08,157,90,120,127,23,In Stock
9403,18,118,2025-11-11,78,101,52,127,27,In Stock
9404,8,68,2025-02-25,54,137,90,101,17,In Stock
9405,20,100,2025-01-25,188,30,61,157,56,In Stock
9406,2,42,2025-11-20,227,114,108,233,17,In Stock
9407,14,134,2025-04-13,123,51,115,59,60,Low Stock
9408,13,53,2025-05-02,208,58,134,132,57,In Stock
9409,14,34,2025-05-15,174,120,75,219,36,In Stock
9410,14,54,2025-08-27,238,36,95,179,32,In Stock
9411,18,78,2025-03-07,53,101,46,108,55,In Stock
9412,19,139,2025-07-07,218,88,109,197,57,In Stock
9413,12,112,2025-02-24,70,23,5,88,17,In Stock
9414,7,147,2025-05-24,96,17,43,70,35,In Stock
9415,16,36,2025-10-06,184,69,20,233,15,In Stock
9416,12,72,2025-03-27,54,81,81,54,12,In Stock
9417,20,120,2025-10-26,20,3,22,1,17,Low Stock
9418,11,111,2025-08-06,190,137,145,182,50,In Stock
9419,17,137,2025-09-11,187,9,6,190,54,In Stock
9420,9,149,2025-09-05,178,25,26,177,20,In Stock
9421,20,60,2025-10-15,100,4,3,101,40,In Stock
9422,17,117,2025-04-07,194,40,55,179,58,In Stock
9423,1,1,2025-04-02,62,57,114,5,19,Low Stock
9424,10,10,2025-03-08,55,24,28,51,19,In Stock
9425,12,72,2025-05-11,246,24,119,151,17,In Stock
9426,14,34,2025-03-28,81,113,15,179,43,In Stock
9427,1,61,2025-08-06,46,37,24,59,25,In Stock
9428,16,16,2025-03-08,57,9,61,5,14,Low Stock
9429,11,131,2025-10-18,152,106,53,205,46,In Stock
9430,20,120,2025-06-28,219,92,35,276,39,In Stock
9431,9,29,2025-06-17,132,81,59,154,43,In Stock
9432,10,110,2025-11-01,156,143,60,239,28,In Stock
9433,4,4,2025-02-13,20,63,50,33,51,Low Stock
9434,9,109,2025-11-06,248,95,77,266,52,In Stock
9435,17,97,2025-05-14,44,124,46,122,50,In Stock
9436,14,114,2025-07-14,241,131,57,315,41,In Stock
9437,6,26,2025-03-19,49,47,29,67,36,In Stock
9438,7,7,2025-01-18,119,94,4,209,37,In Stock
9439,19,39,2025-08-24,157,98,91,164,11,In Stock
9440,16,96,2025-10-21,246,57,129,174,10,In Stock
9441,5,145,2025-04-02,149,135,98,186,23,In Stock
9442,5,145,2025-06-01,55,48,92,11,36,Low Stock
9443,13,53,2025-02-22,161,90,28,223,41,In Stock
9444,17,17,2025-05-01,99,3,74,28,53,Low Stock
9445,5,145,2025-02-14,153,125,83,195,18,In Stock
9446,16,56,2025-08-03,221,110,61,270,44,In Stock
9447,7,87,2025-07-11,203,81,83,201,31,In Stock
9448,12,72,2025-02-24,22,78,54,46,49,Low Stock
9449,2,2,2025-02-14,165,124,29,260,58,In Stock
9450,19,79,2025-01-12,59,109,123,45,19,In Stock
9451,16,56,2025-04-21,49,7,8,48,17,In Stock
9452,19,99,2025-07-19,83,20,40,63,10,In Stock
9453,11,31,2025-06-14,27,125,90,62,28,In Stock
9454,5,105,2025-03-24,79,67,110,36,27,In Stock
9455,4,4,2025-04-07,172,71,141,102,42,In Stock
9456,6,6,2025-11-07,86,146,52,180,50,In Stock
9457,15,75,2025-06-15,29,44,30,43,19,In Stock
9458,16,96,2025-04-08,227,44,123,148,42,In Stock
9459,10,150,2025-09-25,198,143,13,328,42,In Stock
9460,4,124,2025-04-01,230,5,144,91,55,In Stock
9461,1,81,2025-09-14,241,86,143,184,37,In Stock
9462,12,92,2025-11-19,111,47,108,50,20,In Stock
9463,18,98,2025-05-26,183,47,46,184,23,In Stock
9464,11,71,2025-07-27,28,27,29,26,33,Low Stock
9465,1,141,2025-10-28,154,10,94,70,36,In Stock
9466,3,63,2025-08-25,246,13,129,130,25,In Stock
9467,8,68,2025-10-23,237,70,86,221,25,In Stock
9468,17,117,2025-05-26,80,66,144,2,54,Low Stock
9469,9,129,2025-02-26,236,140,74,302,40,In Stock
9470,9,9,2025-11-21,242,120,146,216,60,In Stock
9471,9,29,2025-05-13,225,141,8,358,48,In Stock
9472,13,33,2025-03-06,43,0,38,5,54,Low Stock
9473,3,123,2025-07-03,187,116,10,293,39,In Stock
9474,17,77,2025-06-18,115,117,51,181,52,In Stock
9475,2,42,2025-07-10,27,121,19,129,42,In Stock
9476,5,145,2025-11-15,177,76,137,116,52,In Stock
9477,9,129,2025-06-15,220,147,33,334,28,In Stock
9478,7,27,2025-04-21,136,87,132,91,36,In Stock
9479,17,57,2025-06-03,114,56,4,166,27,In Stock
9480,6,6,2025-09-04,62,4,50,16,54,Low Stock
9481,13,133,2025-07-06,112,108,126,94,20,In Stock
9482,7,127,2025-06-14,96,139,0,235,40,In Stock
9483,8,8,2025-12-18,205,55,58,202,43,In Stock
9484,18,78,2025-07-01,125,83,4,204,51,In Stock
9485,5,5,2025-09-15,205,9,79,135,15,In Stock
9486,18,118,2025-04-09,178,14,131,61,17,In Stock
9487,2,62,2025-09-18,117,60,134,43,21,In Stock
9488,16,96,2025-01-02,248,145,15,378,25,In Stock
9489,10,70,2025-06-23,158,97,91,164,50,In Stock
9490,12,132,2025-12-22,125,23,23,125,16,In Stock
9491,4,144,2025-04-21,201,63,115,149,45,In Stock
9492,11,111,2025-06-22,37,140,132,45,37,In Stock
9493,5,105,2025-11-22,93,64,53,104,45,In Stock
9494,17,137,2025-04-17,87,60,115,32,10,In Stock
9495,7,127,2025-11-13,76,142,145,73,55,In Stock
9496,7,67,2025-12-25,119,6,50,75,40,In Stock
9497,5,45,2025-03-06,200,146,143,203,36,In Stock
9498,17,117,2025-06-08,85,118,8,195,52,In Stock
9499,2,82,2025-11-06,232,63,112,183,31,In Stock
9500,15,115,2025-05-15,225,56,62,219,28,In Stock
9501,15,95,2025-03-23,171,142,145,168,32,In Stock
9502,17,97,2025-08-11,235,3,108,130,16,In Stock
9503,17,137,2025-06-20,147,86,81,152,40,In Stock
9504,2,22,2025-10-13,217,122,23,316,40,In Stock
9505,16,76,2025-05-05,117,93,20,190,28,In Stock
9506,10,110,2025-02-22,201,115,30,286,20,In Stock
9507,19,19,2025-02-08,239,113,14,338,15,In Stock
9508,4,44,2025-07-15,172,113,67,218,30,In Stock
9509,4,124,2025-04-07,92,6,32,66,20,In Stock
9510,1,141,2025-05-27,158,141,94,205,28,In Stock
9511,7,27,2025-12-08,51,113,64,100,13,In Stock
9512,9,69,2025-11-27,34,72,43,63,48,In Stock
9513,8,68,2025-11-20,120,58,21,157,55,In Stock
9514,12,132,2025-12-16,90,79,21,148,55,In Stock
9515,13,93,2025-03-11,193,121,24,290,25,In Stock
9516,15,115,2025-01-05,56,20,11,65,28,In Stock
9517,20,60,2025-07-17,122,84,95,111,32,In Stock
9518,8,48,2025-09-18,119,85,50,154,16,In Stock
9519,17,117,2025-12-03,100,22,117,5,43,Low Stock
9520,20,140,2025-05-25,193,131,140,184,11,In Stock
9521,10,70,2025-05-18,178,94,142,130,47,In Stock
9522,20,100,2025-11-23,179,102,12,269,36,In Stock
9523,4,44,2025-02-20,152,18,6,164,15,In Stock
9524,13,13,2025-07-15,95,80,143,32,43,Low Stock
9525,14,94,2025-08-26,39,92,1,130,49,In Stock
9526,8,48,2025-02-06,92,84,112,64,48,In Stock
9527,1,41,2025-04-12,156,126,83,199,10,In Stock
9528,5,85,2025-05-23,20,114,134,0,56,Out of Stock
9529,14,54,2025-09-05,108,48,41,115,58,In Stock
9530,18,18,2025-10-22,231,138,34,335,21,In Stock
9531,4,84,2025-12-09,219,134,29,324,23,In Stock
9532,4,24,2025-06-13,44,148,111,81,29,In Stock
9533,15,95,2025-05-26,188,5,42,151,23,In Stock
9534,2,2,2025-06-15,157,39,136,60,30,In Stock
9535,9,9,2025-10-22,219,120,97,242,44,In Stock
9536,9,109,2025-11-22,175,57,98,134,22,In Stock
9537,4,84,2025-01-09,115,37,96,56,46,In Stock
9538,5,145,2025-08-22,51,144,65,130,59,In Stock
9539,2,62,2025-12-06,212,5,144,73,23,In Stock
9540,19,79,2025-05-25,67,117,5,179,31,In Stock
9541,18,118,2025-09-03,186,89,10,265,11,In Stock
9542,2,22,2025-10-25,153,69,127,95,16,In Stock
9543,8,148,2025-07-13,144,41,46,139,58,In Stock
9544,5,145,2025-06-10,160,90,125,125,55,In Stock
9545,13,73,2025-12-27,204,128,8,324,24,In Stock
9546,7,127,2025-01-22,166,15,148,33,22,In Stock
9547,11,51,2025-07-12,84,122,107,99,14,In Stock
9548,9,109,2025-03-09,170,100,62,208,46,In Stock
9549,18,18,2025-05-10,154,143,79,218,32,In Stock
9550,4,144,2025-03-04,178,63,73,168,29,In Stock
9551,16,56,2025-03-25,170,94,51,213,13,In Stock
9552,4,124,2025-09-24,111,37,34,114,33,In Stock
9553,13,13,2025-04-01,197,53,99,151,16,In Stock
9554,10,130,2025-04-14,122,47,126,43,50,Low Stock
9555,9,49,2025-01-28,89,141,30,200,15,In Stock
9556,6,146,2025-04-13,102,131,90,143,34,In Stock
9557,2,102,2025-12-09,68,33,53,48,40,In Stock
9558,14,74,2025-01-04,184,55,65,174,42,In Stock
9559,3,3,2025-03-24,169,136,12,293,60,In Stock
9560,9,69,2025-02-14,104,49,41,112,58,In Stock
9561,7,47,2025-10-25,218,103,20,301,60,In Stock
9562,8,48,2025-12-16,127,21,118,30,49,Low Stock
9563,17,77,2025-12-21,154,30,95,89,21,In Stock
9564,13,133,2025-08-20,217,139,126,230,11,In Stock
9565,14,54,2025-09-20,36,35,70,1,43,Low Stock
9566,12,132,2025-07-10,249,134,119,264,25,In Stock
9567,14,14,2025-07-27,93,94,39,148,33,In Stock
9568,9,129,2025-03-11,33,84,24,93,34,In Stock
9569,20,120,2025-04-02,87,60,105,42,58,Low Stock
9570,15,75,2025-11-05,83,144,130,97,54,In Stock
9571,1,61,2025-08-02,103,73,137,39,57,Low Stock
9572,2,142,2025-04-26,191,119,83,227,32,In Stock
9573,1,21,2025-06-27,191,57,127,121,24,In Stock
9574,19,59,2025-02-13,82,6,47,41,39,In Stock
9575,4,144,2025-11-07,188,7,84,111,32,In Stock
9576,3,43,2025-05-03,140,48,73,115,43,In Stock
9577,20,60,2025-12-27,182,121,51,252,57,In Stock
9578,20,40,2025-06-01,33,138,32,139,43,In Stock
9579,9,29,2025-07-06,203,136,46,293,47,In Stock
9580,12,92,2025-12-11,32,6,36,2,30,Low Stock
9581,4,4,2025-11-26,32,123,39,116,50,In Stock
9582,17,77,2025-02-27,162,56,10,208,54,In Stock
9583,17,57,2025-02-12,136,36,102,70,22,In Stock
9584,12,112,2025-07-03,89,150,94,145,46,In Stock
9585,11,71,2025-04-06,173,25,146,52,54,Low Stock
9586,15,75,2025-12-07,200,12,70,142,35,In Stock
9587,15,55,2025-10-24,102,107,49,160,36,In Stock
9588,10,130,2025-10-19,49,1,9,41,23,In Stock
9589,19,39,2025-11-21,119,54,35,138,31,In Stock
9590,10,70,2025-05-23,97,41,24,114,28,In Stock
9591,10,50,2025-02-22,108,46,115,39,20,In Stock
9592,3,83,2025-01-06,166,106,6,266,47,In Stock
9593,7,7,2025-01-01,222,91,16,297,14,In Stock
9594,11,71,2025-05-10,98,36,19,115,36,In Stock
9595,19,59,2025-06-28,96,41,55,82,52,In Stock
9596,1,81,2025-10-15,88,63,119,32,24,In Stock
9597,17,77,2025-08-22,132,66,31,167,23,In Stock
9598,9,49,2025-06-12,50,80,76,54,49,In Stock
9599,11,11,2025-04-04,194,111,100,205,19,In Stock
9600,20,20,2025-09-27,166,0,136,30,51,Low Stock
9601,2,142,2025-09-16,29,23,0,52,51,In Stock
9602,11,131,2025-09-24,85,4,12,77,46,In Stock
9603,8,68,2025-01-16,53,141,93,101,39,In Stock
9604,3,43,2025-11-18,148,65,44,169,29,In Stock
9605,4,104,2025-09-19,33,97,75,55,32,In Stock
9606,10,50,2025-07-06,80,94,13,161,48,In Stock
9607,7,67,2025-10-07,108,82,134,56,32,In Stock
9608,9,9,2025-10-27,189,147,4,332,46,In Stock
9609,17,17,2025-03-28,108,124,66,166,45,In Stock
9610,20,80,2025-09-19,62,70,62,70,18,In Stock
9611,19,39,2025-10-12,208,114,42,280,44,In Stock
9612,3,143,2025-04-19,216,45,104,157,15,In Stock
9613,8,128,2025-05-03,249,136,100,285,21,In Stock
9614,13,53,2025-06-15,244,40,73,211,29,In Stock
9615,10,10,2025-07-16,209,49,123,135,18,In Stock
9616,8,128,2025-03-25,24,45,64,5,25,Low Stock
9617,6,86,2025-08-14,244,60,71,233,40,In Stock
9618,13,33,2025-06-10,196,6,54,148,34,In Stock
9619,14,14,2025-10-16,161,72,82,151,42,In Stock
9620,14,114,2025-05-24,216,71,100,187,40,In Stock
9621,12,32,2025-07-04,224,141,23,342,15,In Stock
9622,4,104,2025-03-20,128,45,108,65,12,In Stock
9623,10,50,2025-08-05,88,71,20,139,37,In Stock
9624,16,116,2025-06-25,88,105,141,52,50,In Stock
9625,14,54,2025-01-27,232,54,80,206,38,In Stock
9626,14,54,2025-07-28,208,101,12,297,41,In Stock
9627,8,148,2025-02-11,53,97,128,22,29,Low Stock
9628,12,12,2025-05-13,137,64,51,150,24,In Stock
9629,7,107,2025-12-16,194,115,11,298,10,In Stock
9630,1,101,2025-08-17,108,69,145,32,46,Low Stock
9631,8,88,2025-10-26,243,59,33,269,23,In Stock
9632,19,39,2025-10-17,29,72,81,20,58,Low Stock
9633,10,130,2025-02-26,133,109,25,217,21,In Stock
9634,15,55,2025-04-13,230,124,44,310,33,In Stock
9635,11,51,2025-07-02,202,126,104,224,15,In Stock
9636,11,71,2025-04-08,124,69,50,143,46,In Stock
9637,6,106,2025-04-23,132,142,47,227,15,In Stock
9638,14,94,2025-07-09,158,52,110,100,43,In Stock
9639,10,130,2025-01-22,192,143,96,239,21,In Stock
9640,19,59,2025-06-16,127,124,122,129,59,In Stock
9641,5,65,2025-11-01,120,147,14,253,35,In Stock
9642,16,116,2025-08-02,118,37,1,154,49,In Stock
9643,15,15,2025-02-01,51,120,143,28,53,Low Stock
9644,9,9,2025-04-26,180,79,51,208,38,In Stock
9645,2,42,2025-03-02,78,17,42,53,14,In Stock
9646,5,125,2025-03-12,220,118,8,330,17,In Stock
9647,20,60,2025-04-09,177,113,142,148,58,In Stock
9648,3,103,2025-05-01,183,75,123,135,41,In Stock
9649,7,87,2025-01-28,195,121,71,245,58,In Stock
9650,18,38,2025-04-01,216,2,62,156,41,In Stock
9651,2,2,2025-06-17,108,89,51,146,43,In Stock
9652,1,81,2025-04-07,212,18,115,115,24,In Stock
9653,17,97,2025-08-15,79,46,98,27,55,Low Stock
9654,3,143,2025-10-04,149,14,150,13,14,Low Stock
9655,8,148,2025-10-14,167,143,85,225,25,In Stock
9656,5,85,2025-09-24,112,7,68,51,35,In Stock
9657,20,140,2025-01-07,91,33,89,35,56,Low Stock
9658,14,54,2025-05-03,131,21,91,61,30,In Stock
9659,5,5,2025-01-10,51,119,20,150,22,In Stock
9660,3,143,2025-02-22,238,9,149,98,13,In Stock
9661,1,61,2025-03-15,231,120,113,238,32,In Stock
9662,9,69,2025-06-23,29,119,73,75,59,In Stock
9663,17,57,2025-04-03,23,125,6,142,50,In Stock
9664,15,115,2025-12-08,125,144,102,167,40,In Stock
9665,8,68,2025-11-16,122,116,137,101,33,In Stock
9666,20,100,2025-01-11,127,55,93,89,35,In Stock
9667,10,30,2025-06-24,72,17,55,34,57,Low Stock
9668,5,145,2025-10-04,159,16,79,96,23,In Stock
9669,7,67,2025-01-07,31,69,56,44,45,Low Stock
9670,1,41,2025-08-25,44,4,14,34,50,Low Stock
9671,18,38,2025-01-05,46,129,121,54,49,In Stock
9672,17,117,2025-11-03,220,96,51,265,49,In Stock
9673,11,71,2025-12-02,209,64,7,266,33,In Stock
9674,4,44,2025-12-21,231,1,10,222,56,In Stock
9675,11,131,2025-05-10,199,90,128,161,24,In Stock
9676,4,24,2025-01-25,37,141,100,78,53,In Stock
9677,8,128,2025-06-07,158,104,61,201,49,In Stock
9678,10,110,2025-03-21,71,77,79,69,14,In Stock
9679,16,36,2025-03-01,133,46,128,51,43,In Stock
9680,2,2,2025-07-07,153,119,114,158,54,In Stock
9681,7,7,2025-08-12,35,119,87,67,41,In Stock
9682,4,84,2025-03-12,234,78,48,264,26,In Stock
9683,16,116,2025-06-18,129,124,43,210,33,In Stock
9684,3,123,2025-09-20,210,85,150,145,60,In Stock
9685,11,11,2025-07-08,195,86,149,132,47,In Stock
9686,4,4,2025-07-15,211,93,138,166,26,In Stock
9687,2,62,2025-01-12,250,133,131,252,40,In Stock
9688,2,142,2025-11-02,199,22,92,129,28,In Stock
9689,16,36,2025-11-07,80,136,109,107,13,In Stock
9690,4,144,2025-01-15,115,16,127,4,41,Low Stock
9691,5,125,2025-05-08,137,105,47,195,28,In Stock
9692,15,95,2025-07-09,66,4,51,19,54,Low Stock
9693,5,25,2025-02-01,79,4,13,70,22,In Stock
9694,5,125,2025-05-21,219,57,69,207,18,In Stock
9695,13,73,2025-05-18,134,43,87,90,44,In Stock
9696,6,46,2025-07-25,186,6,70,122,14,In Stock
9697,16,56,2025-09-08,99,140,40,199,49,In Stock
9698,12,52,2025-07-17,173,150,51,272,15,In Stock
9699,10,110,2025-04-10,126,52,11,167,51,In Stock
9700,16,116,2025-07-28,53,29,71,11,40,Low Stock
9701,14,94,2025-12-05,142,39,137,44,14,In Stock
9702,1,121,2025-02-02,135,59,100,94,17,In Stock
9703,7,27,2025-07-04,37,52,10,79,55,In Stock
9704,9,69,2025-08-14,195,108,60,243,50,In Stock
9705,20,140,2025-11-10,102,105,27,180,37,In Stock
9706,3,143,2025-03-12,206,2,9,199,34,In Stock
9707,10,30,2025-04-07,87,56,2,141,14,In Stock
9708,20,120,2025-12-04,168,76,82,162,47,In Stock
9709,15,55,2025-06-28,102,51,90,63,25,In Stock
9710,13,93,2025-04-28,97,19,62,54,20,In Stock
9711,2,2,2025-08-02,114,54,42,126,45,In Stock
9712,8,8,2025-05-05,189,105,145,149,52,In Stock
9713,9,49,2025-01-22,107,0,98,9,59,Low Stock
9714,19,99,2025-10-11,145,56,102,99,54,In Stock
9715,19,139,2025-10-25,153,108,102,159,16,In Stock
9716,10,10,2025-03-20,72,83,127,28,50,Low Stock
9717,6,106,2025-12-24,245,76,102,219,39,In Stock
9718,12,92,2025-10-10,88,32,8,112,20,In Stock
9719,19,19,2025-08-13,214,40,9,245,12,In Stock
9720,8,8,2025-05-10,103,25,26,102,27,In Stock
9721,19,79,2025-02-12,231,48,8,271,50,In Stock
9722,3,63,2025-08-09,227,48,15,260,23,In Stock
9723,12,12,2025-07-05,139,139,34,244,11,In Stock
9724,17,37,2025-05-27,194,139,28,305,34,In Stock
9725,14,54,2025-05-24,205,35,132,108,28,In Stock
9726,8,128,2025-10-24,204,42,79,167,32,In Stock
9727,3,3,2025-01-05,241,78,9,310,52,In Stock
9728,15,75,2025-08-06,63,107,70,100,21,In Stock
9729,9,149,2025-06-20,147,110,89,168,35,In Stock
9730,15,95,2025-04-05,213,70,70,213,12,In Stock
9731,4,144,2025-12-14,245,110,115,240,57,In Stock
9732,16,76,2025-09-05,121,39,146,14,36,Low Stock
9733,15,35,2025-11-11,187,9,98,98,10,In Stock
9734,5,85,2025-01-07,105,112,122,95,47,In Stock
9735,14,134,2025-07-03,78,24,69,33,49,Low Stock
9736,9,9,2025-02-24,88,139,133,94,11,In Stock
9737,19,139,2025-09-11,156,18,13,161,32,In Stock
9738,16,96,2025-12-18,137,76,121,92,48,In Stock
9739,20,100,2025-08-14,228,20,37,211,37,In Stock
9740,10,50,2025-02-23,205,72,110,167,40,In Stock
9741,11,131,2025-12-26,192,59,9,242,12,In Stock
9742,12,12,2025-12-28,119,86,131,74,22,In Stock
9743,1,61,2025-06-20,79,95,40,134,15,In Stock
9744,2,122,2025-09-22,91,56,114,33,55,Low Stock
9745,2,142,2025-01-20,200,1,116,85,57,In Stock
9746,5,105,2025-08-08,210,5,85,130,15,In Stock
9747,5,105,2025-10-20,48,135,5,178,38,In Stock
9748,16,36,2025-05-03,169,75,5,239,28,In Stock
9749,4,104,2025-12-24,89,134,132,91,48,In Stock
9750,1,121,2025-03-11,209,72,126,155,29,In Stock
9751,14,34,2025-02-15,173,41,58,156,60,In Stock
9752,4,124,2025-08-11,163,125,75,213,33,In Stock
9753,18,98,2025-11-06,194,77,44,227,24,In Stock
9754,5,125,2025-11-05,211,98,148,161,22,In Stock
9755,14,74,2025-05-09,85,148,119,114,24,In Stock
9756,2,42,2025-03-03,209,68,94,183,13,In Stock
9757,9,69,2025-09-13,212,23,105,130,42,In Stock
9758,7,107,2025-10-26,239,76,82,233,58,In Stock
9759,6,106,2025-03-22,44,66,5,105,17,In Stock
9760,4,24,2025-03-18,83,104,2,185,28,In Stock
9761,14,54,2025-04-02,47,20,23,44,55,Low Stock
9762,5,25,2025-04-04,225,93,132,186,50,In Stock
9763,1,1,2025-01-24,74,9,29,54,16,In Stock
9764,12,92,2025-03-07,93,87,98,82,53,In Stock
9765,7,127,2025-12-12,182,18,24,176,47,In Stock
9766,14,54,2025-10-02,143,44,14,173,42,In Stock
9767,20,100,2025-03-06,72,64,60,76,28,In Stock
9768,10,10,2025-05-18,98,55,32,121,27,In Stock
9769,10,50,2025-11-21,58,116,66,108,45,In Stock
9770,16,116,2025-09-15,106,77,33,150,24,In Stock
9771,10,110,2025-10-14,47,30,30,47,43,In Stock
9772,16,36,2025-04-08,234,140,75,299,57,In Stock
9773,6,26,2025-01-07,34,52,70,16,22,Low Stock
9774,8,88,2025-02-03,24,98,80,42,51,Low Stock
9775,16,76,2025-06-28,248,122,41,329,47,In Stock
9776,17,37,2025-05-04,49,28,43,34,47,Low Stock
9777,12,12,2025-08-23,31,62,29,64,32,In Stock
9778,16,136,2025-11-12,187,149,126,210,40,In Stock
9779,2,82,2025-12-26,210,3,56,157,24,In Stock
9780,11,111,2025-09-26,57,79,1,135,59,In Stock
9781,10,130,2025-03-15,56,63,3,116,45,In Stock
9782,3,3,2025-07-27,56,133,35,154,33,In Stock
9783,8,8,2025-04-05,181,133,90,224,46,In Stock
9784,8,68,2025-09-16,177,20,148,49,14,In Stock
9785,18,38,2025-04-28,47,29,33,43,40,In Stock
9786,10,50,2025-05-16,249,118,115,252,29,In Stock
9787,13,33,2025-01-25,151,10,62,99,33,In Stock
9788,17,17,2025-11-03,125,114,8,231,31,In Stock
9789,12,12,2025-02-27,237,97,45,289,35,In Stock
9790,15,135,2025-08-15,184,100,83,201,54,In Stock
9791,6,6,2025-11-02,80,22,34,68,17,In Stock
9792,2,102,2025-01-27,165,12,124,53,18,In Stock
9793,11,31,2025-05-17,158,10,140,28,28,Low Stock
9794,2,42,2025-08-21,56,122,67,111,58,In Stock
9795,15,75,2025-03-15,70,7,0,77,16,In Stock
9796,4,24,2025-04-11,52,141,131,62,34,In Stock
9797,8,88,2025-08-10,208,150,120,238,16,In Stock
9798,13,53,2025-04-08,121,121,106,136,46,In Stock
9799,10,10,2025-01-08,189,19,14,194,38,In Stock
9800,19,19,2025-07-26,147,107,47,207,38,In Stock
9801,16,56,2025-07-08,131,70,4,197,21,In Stock
9802,15,135,2025-04-04,23,146,95,74,25,In Stock
9803,14,34,2025-05-25,36,142,30,148,41,In Stock
9804,3,103,2025-07-10,93,111,123,81,30,In Stock
9805,5,45,2025-07-28,32,103,25,110,26,In Stock
9806,12,72,2025-08-28,119,115,149,85,42,In Stock
9807,16,16,2025-09-03,183,125,116,192,16,In Stock
9808,2,102,2025-08-23,32,141,119,54,49,In Stock
9809,9,29,2025-07-13,34,37,20,51,34,In Stock
9810,15,55,2025-12-05,154,65,51,168,31,In Stock
9811,13,73,2025-07-17,64,33,42,55,58,Low Stock
9812,14,54,2025-03-21,235,14,144,105,26,In Stock
9813,1,81,2025-07-19,103,0,92,11,10,In Stock
9814,4,84,2025-10-16,97,42,101,38,36,In Stock
9815,4,124,2025-03-26,68,119,65,122,14,In Stock
9816,6,126,2025-10-15,142,116,18,240,25,In Stock
9817,9,89,2025-11-01,200,88,117,171,25,In Stock
9818,12,92,2025-06-28,20,49,19,50,45,In Stock
9819,3,3,2025-05-23,69,42,71,40,28,In Stock
9820,9,89,2025-01-23,69,87,7,149,60,In Stock
9821,3,63,2025-03-01,250,34,113,171,30,In Stock
9822,3,3,2025-12-02,178,67,0,245,47,In Stock
9823,19,19,2025-04-07,165,30,43,152,36,In Stock
9824,16,76,2025-07-12,32,50,29,53,11,In Stock
9825,1,41,2025-09-15,192,146,23,315,41,In Stock
9826,1,1,2025-01-17,116,95,125,86,14,In Stock
9827,2,22,2025-10-22,191,122,50,263,44,In Stock
9828,18,98,2025-01-05,221,39,72,188,55,In Stock
9829,1,81,2025-05-18,128,92,56,164,43,In Stock
9830,12,112,2025-06-03,172,32,150,54,46,In Stock
9831,5,25,2025-07-09,48,10,37,21,54,Low Stock
9832,5,65,2025-05-28,159,22,70,111,28,In Stock
9833,9,109,2025-02-16,65,147,20,192,50,In Stock
9834,6,6,2025-09-01,90,89,131,48,16,In Stock
9835,14,14,2025-12-18,30,15,38,7,41,Low Stock
9836,12,92,2025-11-26,235,33,121,147,12,In Stock
9837,14,14,2025-08-25,248,56,150,154,50,In Stock
9838,14,54,2025-01-10,146,88,16,218,55,In Stock
9839,12,32,2025-04-24,41,58,28,71,21,In Stock
9840,6,126,2025-09-06,212,127,136,203,52,In Stock
9841,13,93,2025-11-24,198,131,0,329,31,In Stock
9842,19,139,2025-07-01,56,52,108,0,17,Out of Stock
9843,13,13,2025-06-21,49,127,8,168,50,In Stock
9844,12,92,2025-02-20,39,71,45,65,23,In Stock
9845,11,131,2025-06-10,160,138,3,295,17,In Stock
9846,11,111,2025-04-27,239,149,44,344,11,In Stock
9847,7,87,2025-09-27,28,55,65,18,54,Low Stock
9848,12,92,2025-04-03,63,36,63,36,42,Low Stock
9849,20,20,2025-11-15,206,88,32,262,36,In Stock
9850,4,44,2025-10-16,215,36,45,206,31,In Stock
9851,10,110,2025-08-11,116,20,101,35,20,In Stock
9852,1,101,2025-07-28,158,1,63,96,54,In Stock
9853,3,43,2025-11-22,29,147,32,144,59,In Stock
9854,18,138,2025-10-18,152,44,138,58,14,In Stock
9855,13,93,2025-02-07,93,76,91,78,11,In Stock
9856,5,25,2025-11-25,176,118,52,242,54,In Stock
9857,20,40,2025-07-13,55,87,91,51,19,In Stock
9858,4,44,2025-02-04,70,45,24,91,55,In Stock
9859,20,100,2025-05-16,118,94,42,170,20,In Stock
9860,18,58,2025-01-08,118,141,98,161,31,In Stock
9861,11,111,2025-05-04,218,15,49,184,24,In Stock
9862,20,100,2025-06-06,201,77,60,218,56,In Stock
9863,12,92,2025-09-15,200,53,66,187,17,In Stock
9864,8,108,2025-07-10,212,41,13,240,13,In Stock
9865,7,127,2025-03-26,194,63,44,213,58,In Stock
9866,8,88,2025-12-15,66,3,29,40,18,In Stock
9867,12,52,2025-08-23,162,120,13,269,56,In Stock
9868,5,45,2025-12-02,119,22,133,8,59,Low Stock
9869,8,88,2025-01-13,37,79,21,95,17,In Stock
9870,16,76,2025-03-18,144,10,101,53,51,In Stock
9871,12,132,2025-01-02,216,63,93,186,31,In Stock
9872,19,39,2025-06-09,71,9,41,39,56,Low Stock
9873,7,107,2025-12-12,153,122,122,153,15,In Stock
9874,9,89,2025-11-02,126,128,105,149,11,In Stock
9875,4,104,2025-10-13,113,82,94,101,16,In Stock
9876,9,109,2025-11-07,90,58,57,91,52,In Stock
9877,19,59,2025-11-03,174,136,27,283,46,In Stock
9878,7,47,2025-02-05,153,51,59,145,20,In Stock
9879,18,58,2025-04-26,168,85,12,241,18,In Stock
9880,8,108,2025-09-11,199,145,71,273,52,In Stock
9881,14,54,2025-09-19,107,46,103,50,18,In Stock
9882,18,98,2025-11-19,152,54,85,121,25,In Stock
9883,3,3,2025-05-07,73,15,52,36,38,Low Stock
9884,9,89,2025-05-05,28,57,67,18,29,Low Stock
9885,16,36,2025-11-12,174,112,40,246,16,In Stock
9886,9,69,2025-05-23,100,13,99,14,25,Low Stock
9887,3,123,2025-06-12,60,17,44,33,29,In Stock
9888,11,11,2025-06-28,129,116,33,212,43,In Stock
9889,7,147,2025-04-09,83,60,138,5,20,Low Stock
9890,1,141,2025-06-13,215,147,104,258,32,In Stock
9891,2,62,2025-02-10,61,102,78,85,37,In Stock
9892,2,62,2025-01-07,185,108,67,226,24,In Stock
9893,16,16,2025-11-17,54,76,86,44,40,In Stock
9894,12,52,2025-10-23,221,60,127,154,48,In Stock
9895,8,148,2025-10-08,31,122,60,93,52,In Stock
9896,16,56,2025-05-25,29,135,37,127,16,In Stock
9897,20,80,2025-08-19,72,100,112,60,10,In Stock
9898,1,41,2025-10-10,201,115,92,224,13,In Stock
9899,13,53,2025-09-18,212,102,26,288,35,In Stock
9900,5,85,2025-08-24,210,39,98,151,48,In Stock
9901,6,146,2025-03-22,100,46,67,79,45,In Stock
9902,6,66,2025-10-13,71,7,39,39,26,In Stock
9903,5,145,2025-10-15,95,51,25,121,12,In Stock
9904,2,42,2025-02-05,122,42,43,121,40,In Stock
9905,3,83,2025-06-21,20,67,3,84,28,In Stock
9906,4,44,2025-11-01,34,131,66,99,36,In Stock
9907,1,141,2025-10-04,140,18,48,110,22,In Stock
9908,1,1,2025-04-02,79,32,64,47,12,In Stock
9909,8,88,2025-05-19,188,1,87,102,44,In Stock
9910,20,100,2025-07-02,37,122,95,64,11,In Stock
9911,13,133,2025-11-11,146,46,135,57,31,In Stock
9912,17,17,2025-11-12,81,56,112,25,13,In Stock
9913,4,24,2025-10-09,94,51,66,79,29,In Stock
9914,3,143,2025-06-07,192,80,22,250,19,In Stock
9915,7,67,2025-02-17,98,49,24,123,60,In Stock
9916,14,54,2025-10-26,218,23,128,113,13,In Stock
9917,14,94,2025-01-01,36,71,36,71,56,In Stock
9918,14,54,2025-01-03,110,16,105,21,17,In Stock
9919,13,93,2025-04-28,96,142,31,207,40,In Stock
9920,18,78,2025-08-17,85,144,127,102,15,In Stock
9921,16,56,2025-05-02,184,142,91,235,54,In Stock
9922,3,123,2025-03-11,219,73,88,204,41,In Stock
9923,19,19,2025-08-05,62,77,33,106,16,In Stock
9924,6,126,2025-02-12,112,21,52,81,10,In Stock
9925,20,60,2025-03-26,162,7,100,69,40,In Stock
9926,4,24,2025-05-24,196,12,67,141,40,In Stock
9927,11,71,2025-10-24,128,125,103,150,60,In Stock
9928,7,27,2025-08-01,22,58,29,51,51,Low Stock
9929,12,112,2025-09-05,143,6,122,27,10,In Stock
9930,9,89,2025-12-01,86,104,16,174,36,In Stock
9931,12,52,2025-10-12,236,31,31,236,16,In Stock
9932,7,147,2025-07-17,70,125,30,165,35,In Stock
9933,16,16,2025-05-25,53,140,133,60,17,In Stock
9934,12,12,2025-02-07,190,101,62,229,31,In Stock
9935,18,138,2025-06-17,220,12,32,200,59,In Stock
9936,18,118,2025-06-27,195,88,66,217,21,In Stock
9937,18,118,2025-10-25,239,98,102,235,42,In Stock
9938,19,99,2025-12-16,237,11,98,150,14,In Stock
9939,6,66,2025-01-09,100,51,122,29,25,In Stock
9940,17,17,2025-03-28,84,103,117,70,59,In Stock
9941,16,36,2025-04-03,218,42,104,156,54,In Stock
9942,8,88,2025-05-12,232,59,82,209,54,In Stock
9943,1,61,2025-04-14,78,82,89,71,36,In Stock
9944,2,2,2025-02-07,72,42,35,79,58,In Stock
9945,2,102,2025-05-05,154,15,71,98,40,In Stock
9946,20,140,2025-09-02,27,34,13,48,13,In Stock
9947,7,127,2025-11-20,64,105,14,155,14,In Stock
9948,12,52,2025-09-03,93,54,4,143,53,In Stock
9949,6,126,2025-02-19,43,141,139,45,22,In Stock
9950,13,113,2025-01-03,97,6,65,38,50,Low Stock
9951,12,32,2025-01-12,36,66,72,30,48,Low Stock
9952,7,7,2025-03-06,246,122,83,285,26,In Stock
9953,4,24,2025-11-06,102,59,129,32,43,Low Stock
9954,17,137,2025-12-15,113,30,13,130,56,In Stock
9955,5,25,2025-01-11,58,32,56,34,28,In Stock
9956,3,83,2025-06-13,95,132,56,171,14,In Stock
9957,11,51,2025-04-03,22,138,15,145,19,In Stock
9958,16,96,2025-04-12,75,35,110,0,23,Out of Stock
9959,9,89,2025-12-22,71,104,116,59,12,In Stock
9960,5,125,2025-01-17,29,145,79,95,29,In Stock
9961,14,74,2025-09-06,144,3,7,140,29,In Stock
9962,17,117,2025-04-19,123,111,62,172,38,In Stock
9963,3,3,2025-03-16,144,117,97,164,32,In Stock
9964,7,27,2025-02-02,56,120,38,138,26,In Stock
9965,11,111,2025-12-23,87,12,52,47,27,In Stock
9966,10,110,2025-12-09,141,14,58,97,15,In Stock
9967,8,28,2025-05-02,119,99,114,104,28,In Stock
9968,12,72,2025-04-25,56,51,103,4,45,Low Stock
9969,9,29,2025-10-14,25,23,0,48,35,In Stock
9970,13,93,2025-03-03,69,115,114,70,12,In Stock
9971,9,149,2025-01-25,162,49,91,120,56,In Stock
9972,14,94,2025-03-14,239,74,57,256,55,In Stock
9973,19,139,2025-04-24,134,83,51,166,15,In Stock
9974,6,66,2025-02-23,61,79,29,111,38,In Stock
9975,1,141,2025-09-24,28,9,24,13,14,Low Stock
9976,9,49,2025-04-28,98,120,127,91,55,In Stock
9977,16,76,2025-06-19,240,148,91,297,29,In Stock
9978,3,23,2025-09-05,25,74,62,37,54,Low Stock
9979,14,114,2025-06-09,243,16,3,256,56,In Stock
9980,10,70,2025-08-13,95,58,91,62,37,In Stock
9981,17,117,2025-09-06,250,36,147,139,24,In Stock
9982,12,12,2025-11-26,160,9,143,26,13,In Stock
9983,4,4,2025-10-13,150,2,21,131,25,In Stock
9984,3,143,2025-11-11,206,2,54,154,37,In Stock
9985,13,93,2025-04-27,221,69,120,170,26,In Stock
9986,13,133,2025-06-08,68,121,96,93,46,In Stock
9987,5,105,2025-04-05,53,69,122,0,14,Out of Stock
9988,7,127,2025-12-25,164,17,30,151,47,In Stock
9989,11,91,2025-04-19,176,56,98,134,50,In Stock
9990,6,106,2025-04-23,152,113,39,226,31,In Stock
9991,11,31,2025-06-08,193,117,71,239,54,In Stock
9992,6,126,2025-10-25,128,117,128,117,53,In Stock
9993,7,7,2025-10-10,53,25,17,61,54,In Stock
9994,14,74,2025-09-26,97,59,124,32,28,In Stock
9995,15,115,2025-10-05,38,64,94,8,34,Low Stock
9996,17,137,2025-04-05,121,72,109,84,25,In Stock
9997,15,115,2025-07-03,239,115,87,267,10,In Stock
9998,10,130,2025-11-08,239,104,148,195,34,In Stock
9999,14,94,2025-09-07,172,122,124,170,11,In Stock
10000,14,74,2025-11-08,79,5,13,71,59,In Stock
