customer_id,churn_risk,churn_probability,recency_days,total_orders,total_spend,average_order_value,customer_value_segment
7976,High,1.0,129,1.0,8466.74,8466.74,Low Activity
7975,High,1.0,75,2.0,31886.69,15943.345,Low Activity
7973,High,1.0,101,2.0,34197.03,17098.515,Low Activity
7970,High,1.0,103,2.0,23013.84,11506.92,Low Activity
7967,High,1.0,77,2.0,16057.56,8028.78,Low Activity
7965,High,1.0,135,5.0,64277.74,12855.548,High Value
7963,High,1.0,282,1.0,8328.5,8328.5,Low Activity
7962,High,1.0,116,2.0,23053.49,11526.745,Low Activity
7960,High,1.0,121,4.0,50149.35,12537.3375,High Value
39,High,1.0,206,3.0,37916.67,12638.89,Regular
38,High,1.0,88,2.0,11391.35,5695.675,Low Activity
37,High,1.0,312,1.0,3457.64,3457.64,Low Activity
35,High,1.0,73,3.0,33370.22,11123.406666666668,Regular
31,High,1.0,162,1.0,10280.33,10280.33,Low Activity
30,High,1.0,231,4.0,35295.81,8823.9525,Regular
25,High,1.0,204,1.0,6569.78,6569.78,Low Activity
22,High,1.0,207,2.0,17827.36,8913.68,Low Activity
58,High,1.0,119,3.0,24551.66,8183.886666666666,Regular
56,High,1.0,314,1.0,10495.82,10495.82,Low Activity
52,High,1.0,231,2.0,21401.59,10700.795,Low Activity
51,High,1.0,243,2.0,25391.39,12695.695,Low Activity
50,High,1.0,78,4.0,47992.73,11998.1825,High Value
49,High,1.0,237,2.0,38799.23,19399.615,Low Activity
48,High,1.0,234,1.0,14330.67,14330.67,Low Activity
45,High,1.0,196,3.0,31572.59,10524.196666666669,Regular
44,High,1.0,191,3.0,40438.93,13479.643333333332,Regular
43,High,1.0,128,2.0,29474.01,14737.005,Low Activity
41,High,1.0,359,1.0,15931.16,15931.16,Low Activity
7954,High,1.0,153,1.0,14242.02,14242.02,Low Activity
7953,High,1.0,326,1.0,4692.45,4692.45,Low Activity
7948,High,1.0,73,1.0,14592.66,14592.66,Low Activity
7946,High,1.0,189,1.0,2754.72,2754.72,Low Activity
7945,High,1.0,200,1.0,10196.86,10196.86,Low Activity
7944,High,1.0,309,1.0,5607.91,5607.91,Low Activity
7943,High,1.0,242,3.0,23658.41,7886.136666666666,Regular
7939,High,1.0,118,1.0,16731.98,16731.98,Low Activity
75,High,1.0,192,1.0,7077.67,7077.67,Low Activity
72,High,1.0,94,5.0,68096.74,13619.348000000002,High Value
70,High,1.0,230,1.0,9118.61,9118.61,Low Activity
67,High,1.0,333,1.0,10134.61,10134.61,Low Activity
66,High,1.0,247,3.0,56039.31,18679.77,High Value
65,High,1.0,186,1.0,18604.16,18604.16,Low Activity
64,High,1.0,90,3.0,33921.740000000005,11307.246666666668,Regular
61,High,1.0,187,2.0,24406.0,12203.0,Low Activity
60,High,1.0,157,2.0,19252.34,9626.17,Low Activity
7938,High,1.0,138,3.0,35563.54000000001,11854.513333333336,Regular
7936,High,1.0,362,1.0,8301.97,8301.97,Low Activity
7935,High,1.0,97,2.0,23139.06,11569.53,Low Activity
7934,High,1.0,252,2.0,22844.17,11422.085,Low Activity
7933,High,1.0,281,2.0,19601.46,9800.73,Low Activity
7931,High,1.0,94,1.0,27099.62,27099.62,Low Activity
7930,High,1.0,205,3.0,25702.84,8567.613333333333,Regular
7929,High,1.0,325,2.0,16775.62,8387.81,Low Activity
7925,High,1.0,243,1.0,7716.15,7716.15,Low Activity
7924,High,1.0,227,2.0,31327.85,15663.925,Low Activity
7923,High,1.0,322,1.0,6722.18,6722.18,Low Activity
92,High,1.0,113,3.0,26229.31,8743.103333333333,Regular
91,High,1.0,164,2.0,43981.02,21990.51,Low Activity
90,High,1.0,215,1.0,26944.93,26944.93,Low Activity
88,High,1.0,88,1.0,11222.17,11222.17,Low Activity
87,High,1.0,340,1.0,10335.18,10335.18,Low Activity
86,High,1.0,112,3.0,33141.68,11047.226666666667,Regular
84,High,1.0,167,2.0,18823.38,9411.69,Low Activity
82,High,1.0,298,1.0,8801.1,8801.1,Low Activity
80,High,1.0,155,2.0,16783.88,8391.94,Low Activity
109,High,1.0,89,2.0,22204.04,11102.02,Low Activity
108,High,1.0,114,2.0,28581.140000000003,14290.570000000002,Low Activity
107,High,1.0,119,3.0,31276.73,10425.576666666666,Regular
106,High,1.0,102,2.0,18939.4,9469.7,Low Activity
103,High,1.0,156,2.0,20041.71,10020.855,Low Activity
100,High,1.0,348,1.0,13133.46,13133.46,Low Activity
98,High,1.0,132,1.0,8946.26,8946.26,Low Activity
96,High,1.0,170,3.0,14931.21,4977.07,Regular
7921,High,1.0,76,1.0,12198.5,12198.5,Low Activity
7919,High,1.0,76,2.0,14103.95,7051.975,Low Activity
7918,High,1.0,169,3.0,26692.77,8897.589999999998,Regular
7914,High,1.0,144,2.0,29783.46,14891.73,Low Activity
7913,High,1.0,198,1.0,4349.94,4349.94,Low Activity
7910,High,1.0,307,1.0,15855.42,15855.42,Low Activity
7908,High,1.0,167,1.0,17348.69,17348.69,Low Activity
7907,High,1.0,200,1.0,10480.65,10480.65,Low Activity
7906,High,1.0,253,1.0,15781.92,15781.92,Low Activity
126,High,1.0,75,3.0,42045.32,14015.106666666668,Regular
124,High,1.0,74,4.0,61038.06,15259.515,High Value
120,High,1.0,208,1.0,18107.93,18107.93,Low Activity
117,High,1.0,158,3.0,35069.61,11689.87,Regular
113,High,1.0,103,1.0,7988.02,7988.02,Low Activity
111,High,1.0,321,1.0,22607.52,22607.52,Low Activity
7904,High,1.0,139,3.0,36868.83,12289.61,Regular
7903,High,1.0,214,1.0,13164.93,13164.93,Low Activity
7900,High,1.0,86,2.0,19781.29,9890.645,Low Activity
7899,High,1.0,90,4.0,63297.02,15824.255,High Value
7896,High,1.0,290,1.0,10303.45,10303.45,Low Activity
7895,High,1.0,89,2.0,28492.15,14246.075,Low Activity
7891,High,1.0,214,3.0,31081.05,10360.35,Regular
7887,High,1.0,254,1.0,4608.31,4608.31,Low Activity
7886,High,1.0,120,2.0,18046.88,9023.44,Low Activity
143,High,1.0,82,5.0,63941.19,12788.238,High Value
141,High,1.0,83,2.0,29276.93,14638.465,Low Activity
139,High,1.0,143,2.0,33581.39,16790.695,Low Activity
138,High,1.0,176,1.0,10921.62,10921.62,Low Activity
137,High,1.0,318,1.0,15634.95,15634.95,Low Activity
135,High,1.0,192,1.0,27604.68,27604.68,Low Activity
132,High,1.0,170,3.0,28990.35,9663.45,Regular
130,High,1.0,157,2.0,15938.96,7969.48,Low Activity
129,High,1.0,167,2.0,17967.9,8983.95,Low Activity
128,High,1.0,137,2.0,20990.01,10495.005,Low Activity
127,High,1.0,145,2.0,35560.37,17780.185,Low Activity
7885,High,1.0,310,1.0,10605.1,10605.1,Low Activity
7884,High,1.0,76,1.0,19457.58,19457.58,Low Activity
7883,High,1.0,235,2.0,22453.14,11226.57,Low Activity
7882,High,1.0,233,2.0,13281.67,6640.835,Low Activity
7880,High,1.0,101,4.0,59296.15,14824.0375,High Value
7879,High,1.0,144,3.0,47191.46,15730.486666666666,High Value
7877,High,1.0,136,3.0,20432.2,6810.733333333334,Regular
7876,High,1.0,167,1.0,16399.34,16399.34,Low Activity
7875,High,1.0,221,1.0,12041.7,12041.7,Low Activity
7874,High,1.0,160,2.0,17572.980000000003,8786.490000000002,Low Activity
7873,High,1.0,133,2.0,21082.61,10541.305,Low Activity
7870,High,1.0,194,1.0,8221.71,8221.71,Low Activity
7868,High,1.0,151,2.0,20100.7,10050.35,Low Activity
7867,High,1.0,108,2.0,18696.3,9348.15,Low Activity
162,High,1.0,177,1.0,19172.13,19172.13,Low Activity
161,High,1.0,246,1.0,10098.88,10098.88,Low Activity
158,High,1.0,143,2.0,11240.94,5620.469999999999,Low Activity
156,High,1.0,83,5.0,46176.15,9235.23,High Value
155,High,1.0,178,4.0,50226.28,12556.57,High Value
153,High,1.0,314,1.0,10149.54,10149.54,Low Activity
151,High,1.0,328,1.0,9583.28,9583.28,Low Activity
149,High,1.0,242,1.0,11550.89,11550.89,Low Activity
146,High,1.0,296,1.0,6696.74,6696.74,Low Activity
178,High,1.0,81,3.0,49043.91,16347.97,High Value
171,High,1.0,209,1.0,21907.57,21907.57,Low Activity
169,High,1.0,136,4.0,58047.12,14511.78,High Value
166,High,1.0,116,5.0,65898.95999999999,13179.791999999998,High Value
7865,High,1.0,286,1.0,7786.71,7786.71,Low Activity
7864,High,1.0,164,1.0,13232.4,13232.4,Low Activity
7858,High,1.0,224,2.0,43234.74,21617.37,Low Activity
7857,High,1.0,160,2.0,18087.05,9043.525,Low Activity
7855,High,1.0,254,1.0,13814.03,13814.03,Low Activity
7853,High,1.0,112,2.0,23460.78,11730.39,Low Activity
7849,High,1.0,175,1.0,7212.32,7212.32,Low Activity
7847,High,1.0,257,2.0,19701.3,9850.65,Low Activity
7845,High,1.0,118,1.0,8626.24,8626.24,Low Activity
7844,High,1.0,81,1.0,13635.01,13635.01,Low Activity
7838,High,1.0,74,3.0,43585.16,14528.386666666667,Regular
7836,High,1.0,123,3.0,26220.22,8740.073333333334,Regular
7835,High,1.0,171,1.0,14415.47,14415.47,Low Activity
7829,High,1.0,74,2.0,20775.53,10387.765,Low Activity
198,High,1.0,155,1.0,2983.4,2983.4,Low Activity
196,High,1.0,213,1.0,5251.88,5251.88,Low Activity
195,High,1.0,284,1.0,25078.6,25078.6,Low Activity
193,High,1.0,98,2.0,8349.32,4174.66,Low Activity
192,High,1.0,158,6.0,82083.01,13680.501666666663,High Value
185,High,1.0,158,1.0,11601.6,11601.6,Low Activity
184,High,1.0,75,3.0,22129.730000000003,7376.576666666668,Regular
183,High,1.0,181,3.0,29224.53,9741.51,Regular
182,High,1.0,84,3.0,42754.71,14251.57,Regular
7826,High,1.0,311,1.0,10238.03,10238.03,Low Activity
7824,High,1.0,333,1.0,17451.46,17451.46,Low Activity
7821,High,1.0,134,2.0,27150.47,13575.235,Low Activity
7818,High,1.0,104,5.0,43947.4,8789.48,Regular
7817,High,1.0,75,4.0,55840.28,13960.07,High Value
7814,High,1.0,309,2.0,15990.53,7995.264999999999,Low Activity
7812,High,1.0,137,1.0,12764.84,12764.84,Low Activity
7810,High,1.0,153,5.0,46405.46,9281.092,High Value
7809,High,1.0,105,2.0,17267.78,8633.89,Low Activity
7807,High,1.0,184,2.0,17800.65,8900.325,Low Activity
220,High,1.0,88,1.0,21930.81,21930.81,Low Activity
218,High,1.0,167,3.0,23619.88,7873.293333333334,Regular
213,High,1.0,255,1.0,9373.54,9373.54,Low Activity
211,High,1.0,249,1.0,7493.24,7493.24,Low Activity
208,High,1.0,99,3.0,29954.39,9984.796666666669,Regular
207,High,1.0,296,1.0,10027.75,10027.75,Low Activity
206,High,1.0,85,2.0,27221.01,13610.505,Low Activity
202,High,1.0,205,4.0,51980.62,12995.155,High Value
7806,High,1.0,244,2.0,13451.01,6725.505,Low Activity
7804,High,1.0,162,1.0,12740.55,12740.55,Low Activity
7802,High,1.0,187,1.0,13066.49,13066.49,Low Activity
7801,High,1.0,159,1.0,13189.2,13189.2,Low Activity
7797,High,1.0,165,2.0,27061.25,13530.625,Low Activity
7796,High,1.0,342,1.0,15995.32,15995.32,Low Activity
7794,High,1.0,103,4.0,57964.01,14491.0025,High Value
7792,High,1.0,92,3.0,19684.79,6561.596666666667,Regular
7789,High,1.0,124,2.0,19241.07,9620.535,Low Activity
7787,High,1.0,318,1.0,4344.49,4344.49,Low Activity
238,High,1.0,175,2.0,23278.38,11639.19,Low Activity
237,High,1.0,107,3.0,27681.71,9227.236666666666,Regular
236,High,1.0,129,1.0,13513.59,13513.59,Low Activity
234,High,1.0,76,1.0,6010.56,6010.56,Low Activity
233,High,1.0,310,1.0,5230.37,5230.37,Low Activity
229,High,1.0,73,1.0,4648.61,4648.61,Low Activity
227,High,1.0,212,2.0,20232.86,10116.43,Low Activity
225,High,1.0,167,2.0,20880.0,10440.0,Low Activity
222,High,1.0,144,1.0,7701.92,7701.92,Low Activity
257,High,1.0,75,1.0,4527.23,4527.23,Low Activity
256,High,1.0,80,3.0,28658.71,9552.903333333334,Regular
255,High,1.0,82,4.0,49238.97,12309.7425,High Value
254,High,1.0,241,2.0,19233.62,9616.81,Low Activity
252,High,1.0,355,1.0,14813.15,14813.15,Low Activity
251,High,1.0,197,2.0,20469.46,10234.73,Low Activity
249,High,1.0,192,3.0,40575.880000000005,13525.293333333337,Regular
245,High,1.0,363,1.0,4216.02,4216.02,Low Activity
244,High,1.0,74,5.0,68414.72,13682.944,High Value
242,High,1.0,197,1.0,6022.51,6022.51,Low Activity
239,High,1.0,125,4.0,30007.95,7501.987499999999,Regular
7785,High,1.0,73,2.0,15679.15,7839.575000000001,Low Activity
7784,High,1.0,249,1.0,9385.57,9385.57,Low Activity
7777,High,1.0,236,2.0,18502.55,9251.275,Low Activity
7775,High,1.0,172,2.0,22152.5,11076.25,Low Activity
7774,High,1.0,85,1.0,10882.16,10882.16,Low Activity
7773,High,1.0,160,1.0,7543.92,7543.92,Low Activity
271,High,1.0,299,1.0,8637.24,8637.24,Low Activity
270,High,1.0,109,4.0,52170.810000000005,13042.7025,High Value
269,High,1.0,234,1.0,10619.89,10619.89,Low Activity
268,High,1.0,173,4.0,31855.32,7963.83,Regular
266,High,1.0,110,1.0,15559.76,15559.76,Low Activity
264,High,1.0,124,1.0,5167.61,5167.61,Low Activity
263,High,1.0,133,4.0,40605.56,10151.39,Regular
261,High,1.0,163,2.0,17796.28,8898.14,Low Activity
260,High,1.0,119,2.0,14577.64,7288.82,Low Activity
259,High,1.0,165,2.0,20084.39,10042.195,Low Activity
258,High,1.0,122,2.0,30464.49,15232.245,Low Activity
7769,High,1.0,82,4.0,38835.12,9708.78,Regular
7768,High,1.0,78,2.0,22079.31,11039.655,Low Activity
7767,High,1.0,153,2.0,13810.18,6905.09,Low Activity
7764,High,1.0,216,5.0,79164.48999999999,15832.897999999996,High Value
7762,High,1.0,223,2.0,18116.0,9058.0,Low Activity
7760,High,1.0,80,2.0,12681.41,6340.705,Low Activity
7759,High,1.0,242,2.0,14814.16,7407.08,Low Activity
7757,High,1.0,83,3.0,45169.29,15056.43,Regular
7755,High,1.0,227,2.0,19100.21,9550.105,Low Activity
288,High,1.0,211,2.0,19627.34,9813.67,Low Activity
287,High,1.0,130,5.0,49326.45,9865.29,High Value
284,High,1.0,364,1.0,8679.31,8679.31,Low Activity
283,High,1.0,197,1.0,14599.08,14599.08,Low Activity
280,High,1.0,168,2.0,22958.08,11479.04,Low Activity
275,High,1.0,142,2.0,22275.21,11137.605,Low Activity
274,High,1.0,105,3.0,33579.01,11193.003333333334,Regular
7750,High,1.0,315,1.0,7869.94,7869.94,Low Activity
7749,High,1.0,213,1.0,10320.13,10320.13,Low Activity
7748,High,1.0,108,4.0,45467.54,11366.885,Regular
7747,High,1.0,215,1.0,7458.61,7458.61,Low Activity
7746,High,1.0,80,2.0,19396.85,9698.425,Low Activity
7742,High,1.0,122,2.0,30246.08,15123.04,Low Activity
7741,High,1.0,200,2.0,10027.73,5013.865,Low Activity
7734,High,1.0,162,3.0,39902.29,13300.763333333334,Regular
305,High,1.0,123,2.0,30329.65,15164.825,Low Activity
301,High,1.0,325,1.0,21426.38,21426.38,Low Activity
298,High,1.0,92,1.0,19807.39,19807.39,Low Activity
297,High,1.0,163,3.0,50135.8,16711.933333333334,High Value
296,High,1.0,98,1.0,9744.36,9744.36,Low Activity
295,High,1.0,101,1.0,20120.94,20120.94,Low Activity
293,High,1.0,330,1.0,5365.36,5365.36,Low Activity
291,High,1.0,300,2.0,24769.96,12384.98,Low Activity
7729,High,1.0,179,5.0,67959.69,13591.938,High Value
7727,High,1.0,320,3.0,39786.78,13262.26,Regular
7726,High,1.0,143,2.0,26040.9,13020.45,Low Activity
7724,High,1.0,220,2.0,11268.259999999998,5634.129999999999,Low Activity
7721,High,1.0,299,1.0,11995.63,11995.63,Low Activity
7715,High,1.0,82,4.0,44634.07,11158.5175,Regular
7713,High,1.0,214,1.0,14544.2,14544.2,Low Activity
7712,High,1.0,303,1.0,3931.34,3931.34,Low Activity
329,High,1.0,169,3.0,26959.52,8986.506666666666,Regular
325,High,1.0,124,1.0,13427.89,13427.89,Low Activity
323,High,1.0,81,4.0,50928.66,12732.165,High Value
321,High,1.0,153,3.0,41668.84,13889.613333333333,Regular
320,High,1.0,97,3.0,38738.52,12912.840000000002,Regular
319,High,1.0,90,3.0,47034.17,15678.056666666664,High Value
318,High,1.0,105,3.0,46862.36,15620.786666666669,High Value
316,High,1.0,108,1.0,11364.53,11364.53,Low Activity
315,High,1.0,232,1.0,26162.35,26162.35,Low Activity
7710,High,1.0,148,2.0,34241.04,17120.52,Low Activity
7709,High,1.0,123,3.0,25587.34,8529.113333333333,Regular
7707,High,1.0,116,1.0,15681.85,15681.85,Low Activity
7703,High,1.0,96,2.0,9396.33,4698.165,Low Activity
7701,High,1.0,297,1.0,5634.32,5634.32,Low Activity
7700,High,1.0,224,1.0,26621.89,26621.89,Low Activity
7699,High,1.0,77,1.0,14403.31,14403.31,Low Activity
7698,High,1.0,295,2.0,26624.45,13312.225,Low Activity
7697,High,1.0,193,1.0,3723.85,3723.85,Low Activity
7695,High,1.0,319,1.0,6731.76,6731.76,Low Activity
348,High,1.0,249,1.0,25663.67,25663.67,Low Activity
344,High,1.0,158,2.0,17818.24,8909.12,Low Activity
340,High,1.0,203,1.0,9717.58,9717.58,Low Activity
338,High,1.0,73,1.0,5555.5,5555.5,Low Activity
336,High,1.0,189,2.0,21542.76,10771.38,Low Activity
335,High,1.0,85,2.0,32795.44,16397.72,Low Activity
334,High,1.0,186,4.0,42426.95,10606.7375,Regular
331,High,1.0,74,2.0,18475.64,9237.82,Low Activity
370,High,1.0,139,2.0,28979.72,14489.86,Low Activity
368,High,1.0,239,1.0,6893.51,6893.51,Low Activity
367,High,1.0,328,1.0,16266.11,16266.11,Low Activity
366,High,1.0,91,1.0,10345.35,10345.35,Low Activity
362,High,1.0,233,4.0,35617.2,8904.3,Regular
360,High,1.0,143,3.0,35425.05,11808.35,Regular
353,High,1.0,209,2.0,24016.410000000003,12008.205000000002,Low Activity
351,High,1.0,136,1.0,12422.44,12422.44,Low Activity
7688,High,1.0,271,1.0,32420.01,32420.01,Low Activity
7683,High,1.0,197,1.0,3085.62,3085.62,Low Activity
7681,High,1.0,140,2.0,25631.0,12815.5,Low Activity
7673,High,1.0,108,2.0,23103.06,11551.53,Low Activity
7669,High,1.0,163,3.0,30589.56,10196.52,Regular
7668,High,1.0,235,2.0,14229.12,7114.56,Low Activity
7665,High,1.0,199,2.0,25877.92,12938.96,Low Activity
7663,High,1.0,225,1.0,5708.17,5708.17,Low Activity
7662,High,1.0,345,1.0,7307.08,7307.08,Low Activity
7660,High,1.0,89,3.0,25828.660000000003,8609.553333333335,Regular
7659,High,1.0,94,3.0,29544.74,9848.246666666666,Regular
7657,High,1.0,177,3.0,32174.51,10724.836666666668,Regular
382,High,1.0,300,1.0,11211.85,11211.85,Low Activity
380,High,1.0,351,1.0,8032.23,8032.23,Low Activity
377,High,1.0,291,1.0,14416.25,14416.25,Low Activity
376,High,1.0,135,1.0,6848.59,6848.59,Low Activity
372,High,1.0,104,1.0,14600.92,14600.92,Low Activity
7651,High,1.0,117,2.0,15359.27,7679.635,Low Activity
7649,High,1.0,257,1.0,9567.01,9567.01,Low Activity
7647,High,1.0,97,4.0,40477.850000000006,10119.4625,Regular
7646,High,1.0,190,1.0,9742.18,9742.18,Low Activity
7643,High,1.0,168,1.0,7721.52,7721.52,Low Activity
7640,High,1.0,184,2.0,35055.649999999994,17527.824999999997,Low Activity
7638,High,1.0,76,4.0,40448.4,10112.1,Regular
7637,High,1.0,150,1.0,18007.34,18007.34,Low Activity
7634,High,1.0,220,3.0,26650.71,8883.57,Regular
7631,High,1.0,81,4.0,70927.44,17731.86,High Value
406,High,1.0,281,1.0,7302.49,7302.49,Low Activity
405,High,1.0,99,5.0,53869.59,10773.918,High Value
404,High,1.0,102,3.0,51401.82,17133.94,High Value
402,High,1.0,302,2.0,19993.08,9996.54,Low Activity
401,High,1.0,77,1.0,13631.39,13631.39,Low Activity
400,High,1.0,221,1.0,7385.62,7385.62,Low Activity
398,High,1.0,116,3.0,35046.44,11682.146666666667,Regular
396,High,1.0,238,3.0,23500.2,7833.399999999999,Regular
395,High,1.0,173,2.0,28637.91,14318.955,Low Activity
394,High,1.0,124,2.0,21773.15,10886.575,Low Activity
393,High,1.0,141,2.0,17155.21,8577.605,Low Activity
7630,High,1.0,157,4.0,53510.27,13377.5675,High Value
7629,High,1.0,272,1.0,6350.97,6350.97,Low Activity
7621,High,1.0,272,2.0,15460.830000000002,7730.415000000001,Low Activity
7620,High,1.0,280,2.0,25475.7,12737.85,Low Activity
7618,High,1.0,145,4.0,42327.46,10581.865,Regular
7617,High,1.0,247,1.0,19283.07,19283.07,Low Activity
7614,High,1.0,334,2.0,22586.1,11293.05,Low Activity
7613,High,1.0,236,1.0,12509.89,12509.89,Low Activity
7612,High,1.0,291,1.0,23156.61,23156.61,Low Activity
424,High,1.0,242,1.0,10011.94,10011.94,Low Activity
421,High,1.0,103,2.0,22841.300000000003,11420.65,Low Activity
420,High,1.0,139,2.0,20424.86,10212.43,Low Activity
418,High,1.0,83,3.0,44120.15,14706.716666666667,Regular
417,High,1.0,112,3.0,35431.73,11810.576666666668,Regular
416,High,1.0,111,2.0,30780.03,15390.015,Low Activity
411,High,1.0,338,2.0,14954.3,7477.150000000001,Low Activity
409,High,1.0,290,1.0,6582.32,6582.32,Low Activity
407,High,1.0,224,1.0,7673.46,7673.46,Low Activity
441,High,1.0,79,3.0,27217.69,9072.563333333334,Regular
440,High,1.0,236,2.0,33863.84,16931.92,Low Activity
438,High,1.0,320,1.0,4450.19,4450.19,Low Activity
436,High,1.0,130,5.0,75859.73,15171.946,High Value
435,High,1.0,145,4.0,41823.47,10455.8675,Regular
434,High,1.0,165,1.0,17925.31,17925.31,Low Activity
433,High,1.0,308,1.0,13660.33,13660.33,Low Activity
432,High,1.0,172,4.0,49402.53,12350.6325,High Value
431,High,1.0,118,4.0,64570.2,16142.55,High Value
430,High,1.0,124,2.0,26338.36,13169.18,Low Activity
429,High,1.0,208,4.0,41315.91,10328.9775,Regular
428,High,1.0,195,1.0,12641.7,12641.7,Low Activity
7602,High,1.0,201,2.0,13022.52,6511.26,Low Activity
7601,High,1.0,116,2.0,17623.309999999998,8811.654999999999,Low Activity
7599,High,1.0,94,2.0,15327.17,7663.585,Low Activity
7598,High,1.0,229,2.0,9000.73,4500.365,Low Activity
7597,High,1.0,161,2.0,18820.03,9410.015,Low Activity
7596,High,1.0,346,1.0,14107.2,14107.2,Low Activity
7595,High,1.0,324,1.0,12827.1,12827.1,Low Activity
7594,High,1.0,180,2.0,15575.44,7787.72,Low Activity
7593,High,1.0,243,2.0,19134.26,9567.13,Low Activity
7591,High,1.0,279,1.0,9533.6,9533.6,Low Activity
7590,High,1.0,256,1.0,14991.71,14991.71,Low Activity
461,High,1.0,211,1.0,3388.01,3388.01,Low Activity
460,High,1.0,113,2.0,22383.77,11191.885,Low Activity
459,High,1.0,188,3.0,32896.46,10965.486666666666,Regular
458,High,1.0,323,1.0,9787.54,9787.54,Low Activity
457,High,1.0,212,3.0,41592.99,13864.33,Regular
454,High,1.0,174,2.0,20917.32,10458.66,Low Activity
453,High,1.0,121,1.0,17810.98,17810.98,Low Activity
452,High,1.0,105,3.0,50085.11,16695.036666666667,High Value
450,High,1.0,304,1.0,12730.64,12730.64,Low Activity
449,High,1.0,110,3.0,31585.69,10528.563333333334,Regular
448,High,1.0,139,4.0,41012.73,10253.1825,Regular
446,High,1.0,98,1.0,20794.97,20794.97,Low Activity
480,High,1.0,170,1.0,3488.72,3488.72,Low Activity
475,High,1.0,332,1.0,9464.54,9464.54,Low Activity
474,High,1.0,173,1.0,19504.5,19504.5,Low Activity
473,High,1.0,109,4.0,40004.04,10001.01,Regular
472,High,1.0,191,2.0,19943.18,9971.59,Low Activity
471,High,1.0,224,2.0,19883.54,9941.77,Low Activity
468,High,1.0,184,1.0,6476.5,6476.5,Low Activity
464,High,1.0,295,2.0,24368.69,12184.345,Low Activity
463,High,1.0,362,1.0,16499.78,16499.78,Low Activity
7588,High,1.0,263,1.0,22065.73,22065.73,Low Activity
7587,High,1.0,81,3.0,20070.19,6690.063333333333,Regular
7586,High,1.0,332,2.0,35982.19,17991.095,Low Activity
7585,High,1.0,335,1.0,10375.86,10375.86,Low Activity
7584,High,1.0,191,2.0,21993.7,10996.85,Low Activity
7582,High,1.0,119,1.0,10273.74,10273.74,Low Activity
7580,High,1.0,166,2.0,23663.1,11831.55,Low Activity
7578,High,1.0,277,2.0,14319.67,7159.835,Low Activity
7576,High,1.0,129,1.0,8215.18,8215.18,Low Activity
7575,High,1.0,265,1.0,4927.02,4927.02,Low Activity
7574,High,1.0,197,2.0,24754.42,12377.21,Low Activity
499,High,1.0,110,5.0,42147.11,8429.422,Regular
498,High,1.0,166,1.0,21027.72,21027.72,Low Activity
497,High,1.0,109,1.0,4404.24,4404.24,Low Activity
495,High,1.0,180,1.0,5741.25,5741.25,Low Activity
493,High,1.0,153,1.0,10475.07,10475.07,Low Activity
492,High,1.0,168,5.0,54071.22,10814.244,High Value
490,High,1.0,130,2.0,17918.02,8959.01,Low Activity
488,High,1.0,191,3.0,29982.96,9994.32,Regular
485,High,1.0,81,3.0,45044.69,15014.896666666667,Regular
484,High,1.0,347,1.0,12704.29,12704.29,Low Activity
481,High,1.0,153,1.0,10362.44,10362.44,Low Activity
517,High,1.0,344,2.0,23004.42,11502.21,Low Activity
515,High,1.0,153,1.0,9130.18,9130.18,Low Activity
513,High,1.0,176,1.0,16062.01,16062.01,Low Activity
512,High,1.0,310,1.0,13953.81,13953.81,Low Activity
508,High,1.0,172,2.0,19135.3,9567.65,Low Activity
507,High,1.0,205,3.0,42342.15,14114.05,Regular
506,High,1.0,310,2.0,15171.85,7585.925,Low Activity
505,High,1.0,197,1.0,6118.64,6118.64,Low Activity
504,High,1.0,172,5.0,53442.39,10688.478,High Value
503,High,1.0,245,1.0,7387.47,7387.47,Low Activity
502,High,1.0,152,2.0,25851.75,12925.875,Low Activity
500,High,1.0,317,1.0,14605.86,14605.86,Low Activity
7572,High,1.0,89,2.0,12630.14,6315.07,Low Activity
7571,High,1.0,133,1.0,9451.52,9451.52,Low Activity
7570,High,1.0,95,3.0,30911.090000000004,10303.696666666669,Regular
7567,High,1.0,170,3.0,24800.72,8266.906666666668,Regular
7561,High,1.0,349,1.0,25142.42,25142.42,Low Activity
7560,High,1.0,172,2.0,12918.420000000002,6459.210000000001,Low Activity
7558,High,1.0,188,3.0,27604.97,9201.656666666668,Regular
7554,High,1.0,105,3.0,30299.17,10099.723333333332,Regular
7553,High,1.0,87,1.0,16036.99,16036.99,Low Activity
536,High,1.0,137,4.0,34569.48,8642.37,Regular
535,High,1.0,96,3.0,30177.88,10059.293333333331,Regular
534,High,1.0,139,2.0,28022.51,14011.255,Low Activity
529,High,1.0,136,4.0,41449.0,10362.25,Regular
527,High,1.0,73,2.0,21226.61,10613.305,Low Activity
523,High,1.0,199,1.0,30930.03,30930.03,Low Activity
521,High,1.0,238,1.0,9082.43,9082.43,Low Activity
7552,High,1.0,188,1.0,12491.35,12491.35,Low Activity
7551,High,1.0,312,1.0,11979.62,11979.62,Low Activity
7550,High,1.0,192,1.0,9390.9,9390.9,Low Activity
7544,High,1.0,109,1.0,5778.22,5778.22,Low Activity
7538,High,1.0,220,2.0,20291.47,10145.735,Low Activity
7536,High,1.0,95,2.0,20273.16,10136.58,Low Activity
554,High,1.0,81,2.0,9233.25,4616.625,Low Activity
552,High,1.0,87,3.0,23729.21,7909.736666666667,Regular
551,High,1.0,201,1.0,10050.67,10050.67,Low Activity
548,High,1.0,183,2.0,28207.22,14103.61,Low Activity
546,High,1.0,194,2.0,26393.54,13196.77,Low Activity
545,High,1.0,121,2.0,21649.87,10824.935,Low Activity
544,High,1.0,214,2.0,24746.0,12373.0,Low Activity
542,High,1.0,88,2.0,22915.39,11457.695,Low Activity
538,High,1.0,184,2.0,24899.52,12449.76,Low Activity
537,High,1.0,92,2.0,18292.4,9146.2,Low Activity
7535,High,1.0,197,1.0,7585.58,7585.58,Low Activity
7534,High,1.0,184,3.0,21724.59,7241.53,Regular
7533,High,1.0,155,2.0,26156.16,13078.08,Low Activity
7530,High,1.0,300,1.0,11974.56,11974.56,Low Activity
7528,High,1.0,125,1.0,17408.46,17408.46,Low Activity
7526,High,1.0,194,2.0,24226.1,12113.05,Low Activity
7524,High,1.0,226,1.0,9276.36,9276.36,Low Activity
7522,High,1.0,145,1.0,7394.17,7394.17,Low Activity
7520,High,1.0,188,1.0,7369.4,7369.4,Low Activity
7519,High,1.0,236,2.0,26262.29,13131.145,Low Activity
7517,High,1.0,303,1.0,4289.26,4289.26,Low Activity
570,High,1.0,170,1.0,7436.92,7436.92,Low Activity
567,High,1.0,180,3.0,24761.99,8253.996666666668,Regular
565,High,1.0,173,1.0,6603.43,6603.43,Low Activity
564,High,1.0,91,2.0,34947.5,17473.75,Low Activity
563,High,1.0,182,2.0,25387.84,12693.92,Low Activity
562,High,1.0,136,4.0,35485.86,8871.465,Regular
561,High,1.0,237,2.0,17624.56,8812.28,Low Activity
557,High,1.0,73,2.0,17528.49,8764.245,Low Activity
588,High,1.0,174,1.0,6059.37,6059.37,Low Activity
586,High,1.0,108,2.0,19109.52,9554.76,Low Activity
584,High,1.0,129,3.0,48309.22,16103.073333333334,High Value
583,High,1.0,98,3.0,39298.31,13099.436666666666,Regular
582,High,1.0,336,1.0,11318.23,11318.23,Low Activity
581,High,1.0,165,2.0,18272.49,9136.245,Low Activity
580,High,1.0,200,1.0,5787.6,5787.6,Low Activity
578,High,1.0,110,3.0,23550.58,7850.193333333334,Regular
577,High,1.0,194,1.0,10325.48,10325.48,Low Activity
575,High,1.0,134,3.0,33096.78,11032.26,Regular
574,High,1.0,88,1.0,14550.18,14550.18,Low Activity
573,High,1.0,233,2.0,11010.16,5505.08,Low Activity
7516,High,1.0,82,7.0,71373.31999999999,10196.18857142857,High Value
7515,High,1.0,75,3.0,41619.83,13873.276666666668,Regular
7514,High,1.0,226,2.0,22491.09,11245.545,Low Activity
7513,High,1.0,158,2.0,21441.84,10720.92,Low Activity
7512,High,1.0,95,2.0,29385.72,14692.86,Low Activity
7510,High,1.0,136,2.0,20439.98,10219.99,Low Activity
7508,High,1.0,139,1.0,5422.0,5422.0,Low Activity
7503,High,1.0,76,4.0,56210.16,14052.54,High Value
7500,High,1.0,224,1.0,16543.28,16543.28,Low Activity
7498,High,1.0,95,2.0,24315.44,12157.72,Low Activity
7497,High,1.0,213,1.0,5241.89,5241.89,Low Activity
604,High,1.0,102,3.0,39238.29,13079.43,Regular
603,High,1.0,345,1.0,18005.84,18005.84,Low Activity
601,High,1.0,80,2.0,18233.27,9116.635,Low Activity
595,High,1.0,351,1.0,2942.8,2942.8,Low Activity
594,High,1.0,270,1.0,17963.52,17963.52,Low Activity
593,High,1.0,190,1.0,4149.08,4149.08,Low Activity
590,High,1.0,260,3.0,26882.41,8960.803333333333,Regular
626,High,1.0,255,2.0,33453.5,16726.75,Low Activity
621,High,1.0,149,4.0,36616.47,9154.1175,Regular
615,High,1.0,134,1.0,5405.27,5405.27,Low Activity
613,High,1.0,105,6.0,60695.58,10115.93,High Value
609,High,1.0,276,2.0,40761.21,20380.605,Low Activity
608,High,1.0,112,5.0,64318.84,12863.768,High Value
606,High,1.0,157,1.0,5224.77,5224.77,Low Activity
7495,High,1.0,127,1.0,9091.55,9091.55,Low Activity
7494,High,1.0,329,1.0,11748.98,11748.98,Low Activity
7490,High,1.0,221,1.0,9700.91,9700.91,Low Activity
7489,High,1.0,154,2.0,15197.03,7598.515,Low Activity
7488,High,1.0,128,2.0,22515.22,11257.61,Low Activity
7486,High,1.0,153,4.0,53504.43,13376.1075,High Value
7485,High,1.0,288,1.0,18342.52,18342.52,Low Activity
7484,High,1.0,321,1.0,3870.91,3870.91,Low Activity
7482,High,1.0,85,5.0,47888.17,9577.634,High Value
7477,High,1.0,78,1.0,6846.03,6846.03,Low Activity
644,High,1.0,110,2.0,31228.19,15614.095,Low Activity
643,High,1.0,331,2.0,22103.42,11051.71,Low Activity
641,High,1.0,116,3.0,36662.79,12220.93,Regular
640,High,1.0,272,2.0,24454.870000000003,12227.435,Low Activity
639,High,1.0,250,1.0,7018.16,7018.16,Low Activity
637,High,1.0,156,2.0,22573.800000000003,11286.9,Low Activity
635,High,1.0,291,1.0,10428.87,10428.87,Low Activity
634,High,1.0,82,1.0,13727.27,13727.27,Low Activity
632,High,1.0,143,4.0,24516.68,6129.17,Regular
630,High,1.0,216,1.0,7910.76,7910.76,Low Activity
628,High,1.0,97,2.0,20069.47,10034.735,Low Activity
7472,High,1.0,163,1.0,3721.72,3721.72,Low Activity
7471,High,1.0,154,3.0,40074.21,13358.07,Regular
7470,High,1.0,247,1.0,31012.19,31012.19,Low Activity
7469,High,1.0,182,1.0,7580.45,7580.45,Low Activity
7467,High,1.0,95,3.0,37062.54,12354.18,Regular
7465,High,1.0,135,2.0,32631.99,16315.995,Low Activity
7464,High,1.0,130,2.0,17195.78,8597.89,Low Activity
7463,High,1.0,252,2.0,14417.88,7208.94,Low Activity
7459,High,1.0,166,2.0,37077.97,18538.985,Low Activity
7457,High,1.0,148,1.0,8579.83,8579.83,Low Activity
7456,High,1.0,116,3.0,35922.79,11974.263333333334,Regular
7455,High,1.0,271,1.0,11265.36,11265.36,Low Activity
664,High,1.0,174,1.0,10981.83,10981.83,Low Activity
661,High,1.0,241,1.0,9075.87,9075.87,Low Activity
660,High,1.0,205,3.0,27832.13,9277.376666666669,Regular
659,High,1.0,198,4.0,47300.76,11825.19,High Value
656,High,1.0,76,1.0,16448.01,16448.01,Low Activity
655,High,1.0,281,1.0,16191.8,16191.8,Low Activity
653,High,1.0,242,1.0,18815.62,18815.62,Low Activity
651,High,1.0,96,2.0,13424.61,6712.305,Low Activity
650,High,1.0,186,3.0,37859.3,12619.766666666668,Regular
678,High,1.0,300,1.0,5845.39,5845.39,Low Activity
677,High,1.0,83,3.0,44495.61,14831.87,Regular
676,High,1.0,149,1.0,10238.37,10238.37,Low Activity
672,High,1.0,157,3.0,32517.67,10839.223333333332,Regular
670,High,1.0,203,1.0,9042.48,9042.48,Low Activity
668,High,1.0,152,1.0,5962.96,5962.96,Low Activity
665,High,1.0,134,2.0,9700.47,4850.235,Low Activity
7453,High,1.0,87,2.0,18746.33,9373.165,Low Activity
7452,High,1.0,208,2.0,29757.56,14878.78,Low Activity
7451,High,1.0,199,1.0,20284.11,20284.11,Low Activity
7449,High,1.0,198,2.0,12918.83,6459.415,Low Activity
7448,High,1.0,94,2.0,25530.78,12765.39,Low Activity
7447,High,1.0,178,2.0,30072.09,15036.045,Low Activity
7445,High,1.0,274,1.0,6288.45,6288.45,Low Activity
7444,High,1.0,78,2.0,21068.48,10534.24,Low Activity
7443,High,1.0,340,1.0,12193.38,12193.38,Low Activity
7442,High,1.0,143,2.0,23405.980000000003,11702.990000000002,Low Activity
7441,High,1.0,354,1.0,11918.69,11918.69,Low Activity
7440,High,1.0,85,4.0,36156.68,9039.17,Regular
7439,High,1.0,144,1.0,5306.38,5306.38,Low Activity
7438,High,1.0,189,2.0,27399.22,13699.61,Low Activity
702,High,1.0,88,4.0,36971.83,9242.9575,Regular
698,High,1.0,77,1.0,14381.71,14381.71,Low Activity
696,High,1.0,134,2.0,19731.79,9865.895,Low Activity
692,High,1.0,228,1.0,16962.48,16962.48,Low Activity
691,High,1.0,119,2.0,18996.2,9498.1,Low Activity
690,High,1.0,116,2.0,13109.57,6554.785,Low Activity
689,High,1.0,86,4.0,58944.02,14736.005,High Value
687,High,1.0,120,2.0,33355.75,16677.875,Low Activity
686,High,1.0,233,1.0,3466.32,3466.32,Low Activity
682,High,1.0,219,2.0,22118.6,11059.3,Low Activity
723,High,1.0,353,1.0,8024.86,8024.86,Low Activity
722,High,1.0,121,3.0,35041.1,11680.366666666669,Regular
720,High,1.0,193,2.0,22657.61,11328.805,Low Activity
719,High,1.0,171,1.0,4780.63,4780.63,Low Activity
718,High,1.0,193,3.0,39327.37,13109.123333333331,Regular
717,High,1.0,274,3.0,43887.64,14629.213333333331,Regular
716,High,1.0,352,1.0,13993.51,13993.51,Low Activity
713,High,1.0,206,1.0,9694.76,9694.76,Low Activity
711,High,1.0,165,2.0,16764.11,8382.055,Low Activity
708,High,1.0,136,3.0,30527.64,10175.88,Regular
706,High,1.0,74,3.0,32367.81,10789.27,Regular
7436,High,1.0,222,3.0,44838.65,14946.216666666664,Regular
7433,High,1.0,169,1.0,9299.96,9299.96,Low Activity
7431,High,1.0,196,1.0,7304.29,7304.29,Low Activity
7430,High,1.0,92,5.0,47458.06,9491.612,High Value
7428,High,1.0,205,4.0,46647.630000000005,11661.9075,High Value
7427,High,1.0,226,2.0,16772.14,8386.07,Low Activity
7426,High,1.0,301,3.0,20889.59,6963.196666666667,Regular
7424,High,1.0,89,1.0,5183.05,5183.05,Low Activity
7423,High,1.0,79,4.0,49796.95,12449.2375,High Value
7421,High,1.0,207,2.0,13140.1,6570.049999999999,Low Activity
7420,High,1.0,186,1.0,12088.81,12088.81,Low Activity
740,High,1.0,210,1.0,16095.63,16095.63,Low Activity
738,High,1.0,202,1.0,14834.05,14834.05,Low Activity
737,High,1.0,84,2.0,26783.9,13391.95,Low Activity
736,High,1.0,161,2.0,39745.88,19872.94,Low Activity
735,High,1.0,139,5.0,69728.49,13945.698,High Value
734,High,1.0,106,1.0,3098.96,3098.96,Low Activity
732,High,1.0,145,2.0,23914.23,11957.115,Low Activity
729,High,1.0,86,2.0,20534.98,10267.49,Low Activity
727,High,1.0,300,1.0,17355.24,17355.24,Low Activity
726,High,1.0,79,1.0,5881.66,5881.66,Low Activity
725,High,1.0,125,1.0,19559.13,19559.13,Low Activity
724,High,1.0,205,1.0,8773.58,8773.58,Low Activity
761,High,1.0,95,2.0,23348.27,11674.135,Low Activity
759,High,1.0,123,1.0,15868.9,15868.9,Low Activity
758,High,1.0,103,2.0,13033.61,6516.804999999999,Low Activity
756,High,1.0,166,1.0,11445.91,11445.91,Low Activity
753,High,1.0,169,1.0,10031.88,10031.88,Low Activity
751,High,1.0,171,2.0,20750.35,10375.175,Low Activity
749,High,1.0,198,1.0,18364.87,18364.87,Low Activity
748,High,1.0,359,1.0,11211.54,11211.54,Low Activity
746,High,1.0,346,1.0,7768.31,7768.31,Low Activity
745,High,1.0,236,1.0,4029.55,4029.55,Low Activity
7419,High,1.0,291,1.0,13185.33,13185.33,Low Activity
7417,High,1.0,197,1.0,10001.12,10001.12,Low Activity
7414,High,1.0,206,2.0,14334.89,7167.445,Low Activity
7413,High,1.0,103,6.0,58649.8,9774.966666666667,High Value
7411,High,1.0,255,1.0,4187.12,4187.12,Low Activity
7408,High,1.0,75,3.0,17514.92,5838.306666666666,Regular
7406,High,1.0,227,3.0,30101.08,10033.693333333336,Regular
7404,High,1.0,234,1.0,3252.47,3252.47,Low Activity
7403,High,1.0,80,3.0,32543.9,10847.966666666667,Regular
779,High,1.0,173,1.0,17921.09,17921.09,Low Activity
778,High,1.0,169,1.0,16184.76,16184.76,Low Activity
776,High,1.0,329,1.0,12121.19,12121.19,Low Activity
775,High,1.0,123,2.0,18162.74,9081.37,Low Activity
771,High,1.0,178,3.0,24274.57,8091.523333333333,Regular
770,High,1.0,319,1.0,17097.79,17097.79,Low Activity
768,High,1.0,311,1.0,7415.81,7415.81,Low Activity
767,High,1.0,130,2.0,37872.89,18936.445,Low Activity
764,High,1.0,344,2.0,14455.43,7227.715,Low Activity
7400,High,1.0,131,4.0,49030.48,12257.62,High Value
7399,High,1.0,251,1.0,15578.13,15578.13,Low Activity
7398,High,1.0,120,2.0,15949.52,7974.76,Low Activity
7397,High,1.0,81,5.0,47338.36,9467.672,High Value
7396,High,1.0,134,2.0,30511.31,15255.655,Low Activity
7395,High,1.0,152,2.0,18695.88,9347.94,Low Activity
7394,High,1.0,156,1.0,6625.34,6625.34,Low Activity
7393,High,1.0,80,1.0,4132.01,4132.01,Low Activity
7392,High,1.0,355,1.0,16928.4,16928.4,Low Activity
7390,High,1.0,163,4.0,37711.22,9427.805,Regular
7389,High,1.0,308,1.0,7929.74,7929.74,Low Activity
7388,High,1.0,160,1.0,11091.06,11091.06,Low Activity
7387,High,1.0,223,1.0,18145.83,18145.83,Low Activity
7386,High,1.0,307,2.0,15597.57,7798.785,Low Activity
796,High,1.0,231,2.0,30884.44,15442.22,Low Activity
795,High,1.0,160,2.0,8645.810000000001,4322.905000000001,Low Activity
794,High,1.0,85,1.0,4663.55,4663.55,Low Activity
793,High,1.0,101,2.0,30667.84,15333.92,Low Activity
790,High,1.0,208,1.0,17055.1,17055.1,Low Activity
789,High,1.0,148,1.0,8246.99,8246.99,Low Activity
788,High,1.0,251,1.0,7970.17,7970.17,Low Activity
786,High,1.0,216,2.0,21407.74,10703.87,Low Activity
785,High,1.0,91,1.0,8756.46,8756.46,Low Activity
784,High,1.0,179,4.0,55409.8,13852.45,High Value
782,High,1.0,206,3.0,17633.91,5877.97,Regular
781,High,1.0,269,1.0,11960.4,11960.4,Low Activity
780,High,1.0,185,2.0,22621.14,11310.57,Low Activity
813,High,1.0,253,1.0,9554.17,9554.17,Low Activity
812,High,1.0,361,1.0,13266.63,13266.63,Low Activity
810,High,1.0,236,1.0,11673.28,11673.28,Low Activity
805,High,1.0,106,1.0,3119.3,3119.3,Low Activity
802,High,1.0,99,1.0,8585.7,8585.7,Low Activity
801,High,1.0,347,1.0,7723.5,7723.5,Low Activity
800,High,1.0,99,2.0,28048.98,14024.49,Low Activity
799,High,1.0,231,2.0,20914.74,10457.37,Low Activity
798,High,1.0,106,1.0,7071.9,7071.9,Low Activity
797,High,1.0,185,1.0,14996.53,14996.53,Low Activity
829,High,1.0,168,3.0,38619.73,12873.243333333334,Regular
828,High,1.0,241,2.0,22826.11,11413.055,Low Activity
827,High,1.0,220,2.0,22783.050000000003,11391.525,Low Activity
826,High,1.0,136,3.0,30820.32,10273.44,Regular
823,High,1.0,105,3.0,45908.04,15302.68,Regular
821,High,1.0,120,1.0,12348.96,12348.96,Low Activity
819,High,1.0,178,2.0,20353.24,10176.62,Low Activity
818,High,1.0,138,2.0,14913.11,7456.554999999999,Low Activity
815,High,1.0,312,1.0,16050.55,16050.55,Low Activity
7382,High,1.0,290,1.0,6344.5,6344.5,Low Activity
7380,High,1.0,149,2.0,19233.47,9616.735,Low Activity
7379,High,1.0,179,3.0,24739.09,8246.363333333333,Regular
7378,High,1.0,271,1.0,3623.34,3623.34,Low Activity
7377,High,1.0,281,1.0,11198.24,11198.24,Low Activity
7376,High,1.0,92,1.0,5625.45,5625.45,Low Activity
7373,High,1.0,80,2.0,24938.32,12469.16,Low Activity
7372,High,1.0,186,3.0,28513.48,9504.493333333334,Regular
7371,High,1.0,264,1.0,20204.68,20204.68,Low Activity
7369,High,1.0,177,4.0,39320.2,9830.05,Regular
7368,High,1.0,134,2.0,21633.120000000003,10816.56,Low Activity
848,High,1.0,166,1.0,17964.79,17964.79,Low Activity
847,High,1.0,206,2.0,31931.7,15965.85,Low Activity
841,High,1.0,198,1.0,6854.03,6854.03,Low Activity
840,High,1.0,189,1.0,13058.38,13058.38,Low Activity
839,High,1.0,97,2.0,28654.92,14327.46,Low Activity
837,High,1.0,187,1.0,15907.83,15907.83,Low Activity
836,High,1.0,349,1.0,3955.63,3955.63,Low Activity
835,High,1.0,135,3.0,22679.41,7559.803333333333,Regular
833,High,1.0,189,1.0,13855.16,13855.16,Low Activity
867,High,1.0,155,5.0,52029.48,10405.896,High Value
863,High,1.0,195,1.0,13253.22,13253.22,Low Activity
862,High,1.0,243,1.0,5425.35,5425.35,Low Activity
861,High,1.0,117,2.0,33294.35,16647.175,Low Activity
860,High,1.0,164,1.0,11064.14,11064.14,Low Activity
859,High,1.0,206,2.0,14212.420000000002,7106.210000000001,Low Activity
856,High,1.0,90,1.0,21087.66,21087.66,Low Activity
855,High,1.0,135,2.0,28158.17,14079.085,Low Activity
853,High,1.0,102,3.0,31655.79,10551.93,Regular
7366,High,1.0,178,1.0,18766.39,18766.39,Low Activity
7364,High,1.0,90,4.0,44497.21,11124.3025,Regular
7362,High,1.0,98,3.0,34849.85,11616.616666666669,Regular
7360,High,1.0,212,1.0,8705.98,8705.98,Low Activity
7359,High,1.0,213,3.0,35281.86,11760.62,Regular
7357,High,1.0,92,3.0,26505.91,8835.303333333333,Regular
7356,High,1.0,89,1.0,8331.63,8331.63,Low Activity
7354,High,1.0,315,1.0,10223.79,10223.79,Low Activity
7353,High,1.0,84,4.0,43799.31,10949.8275,Regular
889,High,1.0,205,1.0,6552.28,6552.28,Low Activity
887,High,1.0,113,1.0,21379.25,21379.25,Low Activity
886,High,1.0,331,1.0,7286.34,7286.34,Low Activity
878,High,1.0,254,2.0,24149.99,12074.995,Low Activity
876,High,1.0,143,2.0,18581.85,9290.925,Low Activity
875,High,1.0,81,4.0,26057.41,6514.3525,Regular
874,High,1.0,239,1.0,5813.71,5813.71,Low Activity
873,High,1.0,137,1.0,6754.16,6754.16,Low Activity
872,High,1.0,79,2.0,30140.29,15070.145,Low Activity
871,High,1.0,127,4.0,41605.32,10401.33,Regular
870,High,1.0,98,2.0,29531.36,14765.68,Low Activity
869,High,1.0,316,1.0,13175.1,13175.1,Low Activity
868,High,1.0,99,2.0,18011.07,9005.535,Low Activity
7348,High,1.0,145,3.0,22386.59,7462.196666666667,Regular
7346,High,1.0,133,3.0,21883.99,7294.663333333333,Regular
7342,High,1.0,284,1.0,11072.33,11072.33,Low Activity
7341,High,1.0,208,1.0,6430.46,6430.46,Low Activity
7336,High,1.0,87,2.0,30054.95,15027.475,Low Activity
7335,High,1.0,190,2.0,27187.81,13593.905,Low Activity
7334,High,1.0,165,2.0,13175.64,6587.82,Low Activity
906,High,1.0,142,3.0,35244.990000000005,11748.330000000002,Regular
905,High,1.0,361,1.0,11129.49,11129.49,Low Activity
903,High,1.0,95,2.0,35163.45,17581.725,Low Activity
902,High,1.0,219,1.0,14254.08,14254.08,Low Activity
901,High,1.0,203,2.0,22442.35,11221.175,Low Activity
900,High,1.0,120,3.0,24808.65,8269.550000000001,Regular
898,High,1.0,160,2.0,16472.18,8236.09,Low Activity
897,High,1.0,88,1.0,11232.42,11232.42,Low Activity
895,High,1.0,117,2.0,29992.39,14996.195,Low Activity
894,High,1.0,128,2.0,22715.69,11357.845,Low Activity
893,High,1.0,165,2.0,15536.47,7768.235000000001,Low Activity
891,High,1.0,138,4.0,54641.4,13660.35,High Value
890,High,1.0,138,3.0,34063.33,11354.443333333336,Regular
921,High,1.0,171,2.0,30031.9,15015.95,Low Activity
917,High,1.0,130,1.0,7564.64,7564.64,Low Activity
916,High,1.0,239,1.0,19299.16,19299.16,Low Activity
915,High,1.0,89,1.0,13104.5,13104.5,Low Activity
914,High,1.0,76,1.0,9332.61,9332.61,Low Activity
912,High,1.0,150,1.0,4638.47,4638.47,Low Activity
911,High,1.0,279,1.0,7414.4,7414.4,Low Activity
7333,High,1.0,186,2.0,18252.56,9126.28,Low Activity
7332,High,1.0,200,2.0,28692.89,14346.445,Low Activity
7329,High,1.0,260,1.0,7157.71,7157.71,Low Activity
7327,High,1.0,161,2.0,43823.880000000005,21911.94,Low Activity
7326,High,1.0,185,2.0,18312.49,9156.245,Low Activity
7323,High,1.0,89,2.0,21070.48,10535.24,Low Activity
7322,High,1.0,214,1.0,6547.86,6547.86,Low Activity
7318,High,1.0,267,2.0,24527.06,12263.53,Low Activity
7317,High,1.0,178,3.0,29878.61,9959.536666666669,Regular
7316,High,1.0,148,2.0,33349.82,16674.91,Low Activity
7315,High,1.0,285,1.0,7040.92,7040.92,Low Activity
939,High,1.0,170,1.0,14527.56,14527.56,Low Activity
938,High,1.0,181,3.0,26448.67,8816.223333333333,Regular
937,High,1.0,114,3.0,31248.06,10416.02,Regular
936,High,1.0,254,2.0,20435.22,10217.61,Low Activity
935,High,1.0,127,1.0,8522.5,8522.5,Low Activity
933,High,1.0,116,1.0,3027.02,3027.02,Low Activity
932,High,1.0,149,3.0,20500.94,6833.6466666666665,Regular
931,High,1.0,200,3.0,31163.95,10387.983333333332,Regular
930,High,1.0,259,2.0,16774.01,8387.005,Low Activity
929,High,1.0,265,1.0,18320.69,18320.69,Low Activity
928,High,1.0,178,2.0,15991.61,7995.805,Low Activity
927,High,1.0,314,1.0,11398.46,11398.46,Low Activity
925,High,1.0,283,1.0,18242.56,18242.56,Low Activity
959,High,1.0,200,4.0,45360.75,11340.1875,Regular
958,High,1.0,115,3.0,26131.08,8710.36,Regular
957,High,1.0,170,2.0,19083.58,9541.79,Low Activity
954,High,1.0,106,2.0,15085.11,7542.555,Low Activity
953,High,1.0,77,2.0,16947.3,8473.65,Low Activity
950,High,1.0,200,2.0,15326.42,7663.21,Low Activity
948,High,1.0,154,1.0,12975.96,12975.96,Low Activity
947,High,1.0,341,1.0,10699.72,10699.72,Low Activity
943,High,1.0,134,2.0,29260.44,14630.22,Low Activity
7313,High,1.0,88,2.0,17893.010000000002,8946.505000000001,Low Activity
7312,High,1.0,198,1.0,11627.52,11627.52,Low Activity
7311,High,1.0,182,2.0,24448.27,12224.135,Low Activity
7309,High,1.0,188,1.0,20523.99,20523.99,Low Activity
7308,High,1.0,203,1.0,4559.58,4559.58,Low Activity
7307,High,1.0,200,3.0,26689.47,8896.49,Regular
7306,High,1.0,140,3.0,23035.81,7678.603333333333,Regular
7305,High,1.0,273,2.0,7922.210000000001,3961.105000000001,Low Activity
7304,High,1.0,114,3.0,37447.41,12482.47,Regular
7298,High,1.0,157,2.0,21910.59,10955.295,Low Activity
977,High,1.0,94,4.0,35070.51,8767.6275,Regular
975,High,1.0,331,1.0,12629.25,12629.25,Low Activity
969,High,1.0,255,1.0,8108.62,8108.62,Low Activity
966,High,1.0,114,2.0,20829.32,10414.66,Low Activity
965,High,1.0,289,1.0,14243.12,14243.12,Low Activity
964,High,1.0,245,1.0,23251.74,23251.74,Low Activity
963,High,1.0,236,3.0,33908.53,11302.843333333332,Regular
962,High,1.0,213,4.0,42601.11,10650.2775,Regular
961,High,1.0,88,2.0,27415.84,13707.92,Low Activity
7295,High,1.0,331,1.0,19274.96,19274.96,Low Activity
7294,High,1.0,95,5.0,83212.2,16642.44,High Value
7292,High,1.0,108,4.0,52501.11,13125.2775,High Value
7291,High,1.0,90,5.0,61434.35,12286.87,High Value
7289,High,1.0,82,1.0,3150.84,3150.84,Low Activity
7287,High,1.0,122,1.0,15805.14,15805.14,Low Activity
7281,High,1.0,300,1.0,17879.69,17879.69,Low Activity
997,High,1.0,179,2.0,17623.510000000002,8811.755000000001,Low Activity
994,High,1.0,77,3.0,50868.22,16956.073333333334,High Value
993,High,1.0,357,1.0,10185.01,10185.01,Low Activity
992,High,1.0,202,1.0,6655.06,6655.06,Low Activity
990,High,1.0,189,2.0,20836.95,10418.475,Low Activity
982,High,1.0,216,2.0,19692.76,9846.38,Low Activity
981,High,1.0,87,1.0,10986.41,10986.41,Low Activity
979,High,1.0,95,5.0,62186.25,12437.25,High Value
7280,High,1.0,109,3.0,50769.97,16923.323333333334,High Value
7278,High,1.0,141,1.0,13412.91,13412.91,Low Activity
7277,High,1.0,73,1.0,6712.28,6712.28,Low Activity
7276,High,1.0,252,1.0,5269.98,5269.98,Low Activity
7275,High,1.0,177,2.0,19232.16,9616.08,Low Activity
7273,High,1.0,200,3.0,27502.86,9167.62,Regular
7271,High,1.0,131,1.0,7349.23,7349.23,Low Activity
7269,High,1.0,102,3.0,48570.47,16190.156666666668,High Value
7268,High,1.0,348,1.0,8521.53,8521.53,Low Activity
7267,High,1.0,79,2.0,35377.88,17688.94,Low Activity
7265,High,1.0,208,2.0,50415.33,25207.665,High Value
7264,High,1.0,204,2.0,27377.6,13688.8,Low Activity
1013,High,1.0,110,1.0,17566.42,17566.42,Low Activity
1012,High,1.0,205,1.0,5899.05,5899.05,Low Activity
1005,High,1.0,138,1.0,3027.54,3027.54,Low Activity
1002,High,1.0,164,1.0,24093.53,24093.53,Low Activity
1001,High,1.0,95,5.0,58097.32,11619.464,High Value
7263,High,1.0,123,1.0,8659.25,8659.25,Low Activity
7260,High,1.0,180,2.0,24757.25,12378.625,Low Activity
7259,High,1.0,169,2.0,22995.09,11497.545,Low Activity
7258,High,1.0,139,2.0,25334.730000000003,12667.365000000002,Low Activity
7256,High,1.0,361,2.0,16188.48,8094.24,Low Activity
7255,High,1.0,73,3.0,53459.74,17819.913333333334,High Value
7253,High,1.0,281,1.0,7855.58,7855.58,Low Activity
7251,High,1.0,88,2.0,17885.71,8942.855,Low Activity
7248,High,1.0,137,3.0,56397.19,18799.06333333333,High Value
1032,High,1.0,95,1.0,10000.95,10000.95,Low Activity
1027,High,1.0,212,2.0,24188.84,12094.42,Low Activity
1026,High,1.0,212,1.0,22832.95,22832.95,Low Activity
1025,High,1.0,141,1.0,10702.49,10702.49,Low Activity
1023,High,1.0,102,2.0,16730.0,8365.0,Low Activity
1022,High,1.0,211,2.0,28944.96,14472.48,Low Activity
1021,High,1.0,89,2.0,23699.95,11849.975,Low Activity
1019,High,1.0,113,1.0,9960.16,9960.16,Low Activity
1017,High,1.0,108,2.0,19647.19,9823.595,Low Activity
1014,High,1.0,90,5.0,62009.83,12401.966,High Value
1050,High,1.0,85,3.0,17294.54,5764.846666666667,Regular
1049,High,1.0,117,2.0,30899.47,15449.735,Low Activity
1046,High,1.0,147,2.0,17702.629999999997,8851.314999999999,Low Activity
1045,High,1.0,207,1.0,13591.41,13591.41,Low Activity
1043,High,1.0,160,2.0,17021.04,8510.52,Low Activity
1039,High,1.0,146,1.0,4440.55,4440.55,Low Activity
1038,High,1.0,107,4.0,54102.91,13525.7275,High Value
7246,High,1.0,136,1.0,5190.91,5190.91,Low Activity
7244,High,1.0,197,2.0,23181.59,11590.795,Low Activity
7243,High,1.0,227,1.0,11592.04,11592.04,Low Activity
7242,High,1.0,133,2.0,28049.35,14024.675,Low Activity
7241,High,1.0,332,1.0,5854.46,5854.46,Low Activity
7239,High,1.0,144,2.0,15788.5,7894.25,Low Activity
7237,High,1.0,329,1.0,20746.64,20746.64,Low Activity
7235,High,1.0,222,1.0,3130.03,3130.03,Low Activity
7234,High,1.0,130,1.0,9847.77,9847.77,Low Activity
7231,High,1.0,291,1.0,6297.79,6297.79,Low Activity
7230,High,1.0,107,2.0,26158.87,13079.435,Low Activity
1065,High,1.0,169,3.0,37671.9,12557.3,Regular
1063,High,1.0,278,3.0,37189.76,12396.586666666668,Regular
1061,High,1.0,238,2.0,36807.8,18403.9,Low Activity
1060,High,1.0,106,2.0,21012.2,10506.1,Low Activity
1057,High,1.0,94,1.0,3893.43,3893.43,Low Activity
1056,High,1.0,352,1.0,14256.28,14256.28,Low Activity
1054,High,1.0,235,1.0,9560.59,9560.59,Low Activity
1053,High,1.0,161,2.0,18708.2,9354.1,Low Activity
7226,High,1.0,162,3.0,47195.130000000005,15731.71,High Value
7225,High,1.0,99,4.0,56791.990000000005,14197.9975,High Value
7224,High,1.0,114,3.0,24415.95,8138.649999999999,Regular
7223,High,1.0,93,4.0,36837.42,9209.355,Regular
7222,High,1.0,204,2.0,20336.81,10168.405,Low Activity
7221,High,1.0,298,1.0,17814.73,17814.73,Low Activity
7220,High,1.0,95,1.0,15840.5,15840.5,Low Activity
7219,High,1.0,346,1.0,8855.26,8855.26,Low Activity
7216,High,1.0,122,2.0,12014.72,6007.36,Low Activity
7214,High,1.0,90,1.0,3207.66,3207.66,Low Activity
1086,High,1.0,241,3.0,42203.08,14067.693333333336,Regular
1084,High,1.0,99,3.0,48173.91,16057.97,High Value
1083,High,1.0,82,2.0,15980.91,7990.455,Low Activity
1081,High,1.0,82,3.0,32603.73,10867.91,Regular
1080,High,1.0,284,1.0,8906.31,8906.31,Low Activity
1078,High,1.0,139,3.0,42251.73,14083.910000000002,Regular
1075,High,1.0,314,2.0,27248.59,13624.295,Low Activity
1073,High,1.0,81,1.0,6657.4,6657.4,Low Activity
7209,High,1.0,166,1.0,14910.28,14910.28,Low Activity
7206,High,1.0,196,1.0,11138.1,11138.1,Low Activity
7205,High,1.0,88,1.0,9879.25,9879.25,Low Activity
7204,High,1.0,166,1.0,10460.11,10460.11,Low Activity
7202,High,1.0,218,1.0,7663.49,7663.49,Low Activity
7201,High,1.0,116,2.0,21617.48,10808.74,Low Activity
7200,High,1.0,218,2.0,29709.17,14854.585,Low Activity
7198,High,1.0,299,1.0,7842.92,7842.92,Low Activity
7197,High,1.0,88,1.0,6709.18,6709.18,Low Activity
7196,High,1.0,221,2.0,27602.58,13801.29,Low Activity
7194,High,1.0,108,2.0,29174.95,14587.475,Low Activity
7193,High,1.0,204,1.0,18702.74,18702.74,Low Activity
7192,High,1.0,194,2.0,20887.04,10443.52,Low Activity
1105,High,1.0,186,2.0,19243.46,9621.73,Low Activity
1100,High,1.0,132,3.0,39430.69,13143.563333333334,Regular
1098,High,1.0,358,1.0,16862.03,16862.03,Low Activity
1096,High,1.0,155,3.0,15805.23,5268.41,Regular
1095,High,1.0,76,4.0,37824.52,9456.13,Regular
1092,High,1.0,103,2.0,32106.28,16053.14,Low Activity
1091,High,1.0,111,1.0,13583.61,13583.61,Low Activity
1090,High,1.0,102,3.0,23338.42,7779.473333333332,Regular
1089,High,1.0,173,2.0,21453.92,10726.96,Low Activity
1088,High,1.0,93,4.0,48527.46,12131.865,High Value
1122,High,1.0,275,1.0,13540.64,13540.64,Low Activity
1118,High,1.0,328,2.0,28315.36,14157.68,Low Activity
1116,High,1.0,170,1.0,15570.68,15570.68,Low Activity
1115,High,1.0,129,2.0,16380.61,8190.305,Low Activity
1114,High,1.0,75,3.0,24869.18,8289.726666666667,Regular
1113,High,1.0,188,2.0,21795.29,10897.645,Low Activity
1111,High,1.0,80,2.0,21568.66,10784.33,Low Activity
1109,High,1.0,155,1.0,29653.4,29653.4,Low Activity
1108,High,1.0,249,2.0,24393.17,12196.585,Low Activity
1107,High,1.0,211,1.0,7002.64,7002.64,Low Activity
1106,High,1.0,157,1.0,16046.34,16046.34,Low Activity
7190,High,1.0,116,3.0,32463.8,10821.266666666666,Regular
7189,High,1.0,138,3.0,38657.4,12885.8,Regular
7188,High,1.0,152,2.0,16236.8,8118.4,Low Activity
7186,High,1.0,271,1.0,11094.91,11094.91,Low Activity
7185,High,1.0,363,1.0,18144.61,18144.61,Low Activity
7182,High,1.0,135,2.0,30713.95,15356.975,Low Activity
7180,High,1.0,188,2.0,9987.23,4993.615,Low Activity
7179,High,1.0,173,2.0,21234.6,10617.3,Low Activity
7178,High,1.0,168,1.0,9468.4,9468.4,Low Activity
7176,High,1.0,78,1.0,8680.69,8680.69,Low Activity
7175,High,1.0,135,3.0,34246.93,11415.643333333332,Regular
1143,High,1.0,290,1.0,7418.73,7418.73,Low Activity
1142,High,1.0,145,6.0,89602.27,14933.711666666668,High Value
1141,High,1.0,150,3.0,44463.02,14821.006666666668,Regular
1140,High,1.0,157,2.0,16915.190000000002,8457.595000000001,Low Activity
1138,High,1.0,256,1.0,12048.83,12048.83,Low Activity
1137,High,1.0,129,3.0,22022.65,7340.883333333334,Regular
1136,High,1.0,87,2.0,24783.47,12391.735,Low Activity
1135,High,1.0,164,2.0,18702.62,9351.31,Low Activity
1134,High,1.0,73,3.0,44907.8,14969.266666666665,Regular
1133,High,1.0,185,2.0,38930.96,19465.48,Low Activity
1125,High,1.0,90,2.0,14531.19,7265.594999999999,Low Activity
1157,High,1.0,180,1.0,18980.77,18980.77,Low Activity
1156,High,1.0,85,4.0,41341.95,10335.4875,Regular
1155,High,1.0,266,1.0,17563.48,17563.48,Low Activity
1153,High,1.0,274,1.0,15527.82,15527.82,Low Activity
1152,High,1.0,118,2.0,17490.79,8745.395,Low Activity
1151,High,1.0,200,2.0,23247.07,11623.535,Low Activity
1149,High,1.0,228,2.0,31655.75,15827.875,Low Activity
1148,High,1.0,170,1.0,11732.86,11732.86,Low Activity
1147,High,1.0,138,2.0,17519.23,8759.615,Low Activity
1146,High,1.0,259,2.0,17626.309999999998,8813.154999999999,Low Activity
1144,High,1.0,122,2.0,12269.14,6134.57,Low Activity
1179,High,1.0,93,1.0,3374.0,3374.0,Low Activity
1178,High,1.0,135,2.0,21324.19,10662.095,Low Activity
1177,High,1.0,253,2.0,20166.99,10083.495,Low Activity
1176,High,1.0,238,2.0,11125.04,5562.52,Low Activity
1175,High,1.0,224,4.0,52413.01,13103.2525,High Value
1172,High,1.0,83,3.0,29251.3,9750.433333333332,Regular
1170,High,1.0,100,3.0,15993.63,5331.21,Regular
1169,High,1.0,121,2.0,25790.01,12895.005,Low Activity
1165,High,1.0,304,1.0,12184.07,12184.07,Low Activity
1163,High,1.0,144,2.0,17483.59,8741.795,Low Activity
1162,High,1.0,179,2.0,16557.16,8278.58,Low Activity
7172,High,1.0,342,1.0,9230.35,9230.35,Low Activity
7171,High,1.0,297,1.0,8420.53,8420.53,Low Activity
7169,High,1.0,116,2.0,17815.21,8907.605,Low Activity
7165,High,1.0,360,1.0,6109.99,6109.99,Low Activity
7164,High,1.0,112,1.0,17539.32,17539.32,Low Activity
7161,High,1.0,142,2.0,9384.95,4692.475,Low Activity
7159,High,1.0,257,1.0,10852.38,10852.38,Low Activity
7158,High,1.0,156,1.0,4976.87,4976.87,Low Activity
7157,High,1.0,199,1.0,21953.78,21953.78,Low Activity
7155,High,1.0,290,1.0,13694.27,13694.27,Low Activity
1196,High,1.0,137,4.0,24287.16,6071.79,Regular
1194,High,1.0,206,3.0,17061.3,5687.099999999999,Regular
1192,High,1.0,215,1.0,10389.68,10389.68,Low Activity
1191,High,1.0,159,3.0,44614.24,14871.413333333332,Regular
1190,High,1.0,75,2.0,8263.82,4131.91,Low Activity
1189,High,1.0,74,2.0,31827.45,15913.725,Low Activity
1188,High,1.0,97,2.0,31915.46,15957.73,Low Activity
1186,High,1.0,343,1.0,3808.44,3808.44,Low Activity
1185,High,1.0,165,2.0,32512.55,16256.275,Low Activity
7153,High,1.0,116,1.0,9151.16,9151.16,Low Activity
7152,High,1.0,135,3.0,36898.59,12299.53,Regular
7151,High,1.0,160,2.0,26738.55,13369.275,Low Activity
7150,High,1.0,258,3.0,41743.74,13914.58,Regular
7149,High,1.0,210,1.0,9173.73,9173.73,Low Activity
7148,High,1.0,93,4.0,38482.5,9620.625,Regular
7146,High,1.0,121,4.0,27998.69,6999.672500000001,Regular
7144,High,1.0,191,3.0,39086.47,13028.823333333334,Regular
7142,High,1.0,248,2.0,40410.72,20205.36,Low Activity
7141,High,1.0,104,1.0,6478.3,6478.3,Low Activity
7139,High,1.0,74,3.0,29193.4,9731.133333333331,Regular
7138,High,1.0,210,1.0,19317.79,19317.79,Low Activity
1216,High,1.0,208,1.0,11676.93,11676.93,Low Activity
1215,High,1.0,150,2.0,12214.12,6107.06,Low Activity
1214,High,1.0,149,1.0,7461.42,7461.42,Low Activity
1207,High,1.0,240,1.0,9164.87,9164.87,Low Activity
1206,High,1.0,272,1.0,13669.95,13669.95,Low Activity
1204,High,1.0,79,4.0,39899.91,9974.9775,Regular
1203,High,1.0,244,1.0,2940.52,2940.52,Low Activity
1201,High,1.0,73,2.0,13325.02,6662.51,Low Activity
1199,High,1.0,216,3.0,26569.4,8856.466666666667,Regular
1198,High,1.0,99,2.0,17703.77,8851.885,Low Activity
1237,High,1.0,122,3.0,38416.94,12805.646666666667,Regular
1236,High,1.0,199,2.0,30648.56,15324.28,Low Activity
1233,High,1.0,88,2.0,18211.17,9105.585,Low Activity
1228,High,1.0,276,1.0,5844.5,5844.5,Low Activity
1227,High,1.0,103,1.0,10522.76,10522.76,Low Activity
1225,High,1.0,233,1.0,7205.48,7205.48,Low Activity
1223,High,1.0,145,1.0,17132.85,17132.85,Low Activity
1221,High,1.0,91,1.0,29245.53,29245.53,Low Activity
1220,High,1.0,290,1.0,7853.54,7853.54,Low Activity
7135,High,1.0,189,1.0,7420.47,7420.47,Low Activity
7134,High,1.0,203,1.0,5226.6,5226.6,Low Activity
7130,High,1.0,315,2.0,34379.119999999995,17189.559999999998,Low Activity
7129,High,1.0,341,1.0,11516.79,11516.79,Low Activity
7127,High,1.0,120,2.0,21997.25,10998.625,Low Activity
7125,High,1.0,209,2.0,40954.77,20477.385,Low Activity
7124,High,1.0,156,4.0,24106.620000000003,6026.655000000001,Regular
7121,High,1.0,228,2.0,31611.95,15805.975,Low Activity
7120,High,1.0,178,3.0,32330.65,10776.883333333331,Regular
7119,High,1.0,153,2.0,34717.84,17358.92,Low Activity
1255,High,1.0,278,1.0,5893.71,5893.71,Low Activity
1254,High,1.0,156,1.0,7508.12,7508.12,Low Activity
1253,High,1.0,109,1.0,18867.6,18867.6,Low Activity
1250,High,1.0,110,2.0,12589.68,6294.84,Low Activity
1248,High,1.0,142,2.0,21359.17,10679.585,Low Activity
1247,High,1.0,200,2.0,26358.4,13179.2,Low Activity
1245,High,1.0,78,3.0,25949.02,8649.673333333332,Regular
1244,High,1.0,238,3.0,29229.28,9743.093333333332,Regular
1243,High,1.0,99,2.0,19579.64,9789.82,Low Activity
1242,High,1.0,298,1.0,16448.92,16448.92,Low Activity
1240,High,1.0,141,1.0,8651.38,8651.38,Low Activity
1271,High,1.0,178,2.0,49342.83,24671.415,High Value
1269,High,1.0,182,2.0,24926.300000000003,12463.15,Low Activity
1268,High,1.0,322,1.0,9575.0,9575.0,Low Activity
1267,High,1.0,149,1.0,8262.32,8262.32,Low Activity
1266,High,1.0,146,3.0,25430.91,8476.97,Regular
1264,High,1.0,158,1.0,4691.97,4691.97,Low Activity
1259,High,1.0,121,2.0,24507.42,12253.71,Low Activity
1258,High,1.0,80,1.0,16505.31,16505.31,Low Activity
1256,High,1.0,215,2.0,15976.78,7988.389999999999,Low Activity
7114,High,1.0,262,1.0,20924.54,20924.54,Low Activity
7103,High,1.0,134,4.0,49811.61,12452.9025,High Value
7101,High,1.0,242,2.0,15527.55,7763.775000000001,Low Activity
7100,High,1.0,174,2.0,25936.35,12968.175,Low Activity
7098,High,1.0,121,2.0,26281.67,13140.835,Low Activity
7096,High,1.0,114,2.0,29126.08,14563.04,Low Activity
7093,High,1.0,122,2.0,28129.050000000003,14064.525,Low Activity
7091,High,1.0,220,3.0,26879.38,8959.793333333333,Regular
7090,High,1.0,288,1.0,12676.87,12676.87,Low Activity
7083,High,1.0,100,2.0,18637.41,9318.705,Low Activity
1293,High,1.0,246,2.0,21487.67,10743.835,Low Activity
1288,High,1.0,210,2.0,23907.11,11953.555,Low Activity
1286,High,1.0,116,1.0,15145.64,15145.64,Low Activity
1285,High,1.0,149,1.0,14263.52,14263.52,Low Activity
1283,High,1.0,161,2.0,27040.96,13520.48,Low Activity
1282,High,1.0,85,3.0,35639.79,11879.93,Regular
1279,High,1.0,335,2.0,18953.35,9476.675,Low Activity
1278,High,1.0,182,2.0,27333.46,13666.73,Low Activity
1276,High,1.0,234,2.0,25312.11,12656.055,Low Activity
1275,High,1.0,144,4.0,46117.15,11529.2875,High Value
7080,High,1.0,141,2.0,7048.24,3524.12,Low Activity
7079,High,1.0,105,2.0,19519.5,9759.75,Low Activity
7073,High,1.0,220,2.0,19473.2,9736.6,Low Activity
7070,High,1.0,181,3.0,33809.31,11269.77,Regular
7069,High,1.0,80,4.0,50758.77,12689.6925,High Value
7068,High,1.0,77,3.0,42860.5,14286.833333333334,Regular
7066,High,1.0,139,3.0,31972.68,10657.56,Regular
7065,High,1.0,265,1.0,18569.59,18569.59,Low Activity
1309,High,1.0,238,2.0,38882.12,19441.06,Low Activity
1308,High,1.0,76,1.0,6435.39,6435.39,Low Activity
1307,High,1.0,99,2.0,24767.89,12383.945,Low Activity
1305,High,1.0,150,3.0,24298.43,8099.476666666666,Regular
1302,High,1.0,114,2.0,22955.82,11477.91,Low Activity
1298,High,1.0,232,1.0,6331.25,6331.25,Low Activity
7062,High,1.0,130,4.0,50366.52,12591.63,High Value
7059,High,1.0,352,1.0,5278.59,5278.59,Low Activity
7058,High,1.0,172,3.0,39664.490000000005,13221.496666666668,Regular
7055,High,1.0,135,1.0,10052.18,10052.18,Low Activity
7053,High,1.0,108,2.0,23958.620000000003,11979.31,Low Activity
7052,High,1.0,150,5.0,65487.9,13097.58,High Value
7050,High,1.0,109,2.0,18415.27,9207.635,Low Activity
7049,High,1.0,133,4.0,72467.23,18116.8075,High Value
7048,High,1.0,98,2.0,24778.77,12389.385,Low Activity
1328,High,1.0,199,1.0,12093.41,12093.41,Low Activity
1327,High,1.0,264,1.0,15858.19,15858.19,Low Activity
1326,High,1.0,124,3.0,52369.67,17456.556666666667,High Value
1324,High,1.0,274,2.0,25066.76,12533.38,Low Activity
1323,High,1.0,115,3.0,29665.51,9888.503333333332,Regular
1320,High,1.0,100,3.0,33562.88,11187.626666666663,Regular
1319,High,1.0,88,1.0,10963.48,10963.48,Low Activity
1317,High,1.0,170,2.0,17322.809999999998,8661.404999999999,Low Activity
1312,High,1.0,297,1.0,15699.79,15699.79,Low Activity
1311,High,1.0,128,3.0,27502.17,9167.39,Regular
1344,High,1.0,231,1.0,12847.13,12847.13,Low Activity
1341,High,1.0,241,1.0,19581.13,19581.13,Low Activity
1338,High,1.0,211,1.0,14654.24,14654.24,Low Activity
1337,High,1.0,138,3.0,37686.48,12562.159999999998,Regular
1335,High,1.0,276,2.0,15212.68,7606.34,Low Activity
1334,High,1.0,141,2.0,18720.89,9360.445,Low Activity
1332,High,1.0,101,1.0,4618.48,4618.48,Low Activity
1331,High,1.0,311,1.0,13227.7,13227.7,Low Activity
1330,High,1.0,268,2.0,22961.17,11480.585,Low Activity
1329,High,1.0,338,1.0,15221.67,15221.67,Low Activity
7047,High,1.0,258,1.0,18850.57,18850.57,Low Activity
7046,High,1.0,325,1.0,14038.9,14038.9,Low Activity
7044,High,1.0,136,1.0,6740.66,6740.66,Low Activity
7043,High,1.0,238,1.0,13364.12,13364.12,Low Activity
7042,High,1.0,238,2.0,28164.28,14082.14,Low Activity
7041,High,1.0,201,1.0,12977.49,12977.49,Low Activity
7040,High,1.0,108,2.0,12025.35,6012.674999999999,Low Activity
7039,High,1.0,319,2.0,28441.26,14220.63,Low Activity
7036,High,1.0,89,2.0,31881.81,15940.905,Low Activity
7035,High,1.0,107,3.0,32910.83,10970.276666666668,Regular
7034,High,1.0,85,3.0,47825.55,15941.85,High Value
7033,High,1.0,347,1.0,6100.09,6100.09,Low Activity
1364,High,1.0,257,1.0,9942.87,9942.87,Low Activity
1362,High,1.0,239,2.0,13154.47,6577.235000000001,Low Activity
1360,High,1.0,236,1.0,17367.75,17367.75,Low Activity
1355,High,1.0,181,2.0,17989.91,8994.955,Low Activity
1352,High,1.0,178,1.0,10476.63,10476.63,Low Activity
1351,High,1.0,166,2.0,15084.65,7542.325,Low Activity
1350,High,1.0,230,2.0,28371.47,14185.735,Low Activity
1349,High,1.0,216,1.0,11617.39,11617.39,Low Activity
1347,High,1.0,198,3.0,28765.09,9588.363333333333,Regular
1346,High,1.0,161,1.0,5392.85,5392.85,Low Activity
1383,High,1.0,158,1.0,9644.39,9644.39,Low Activity
1382,High,1.0,136,1.0,10850.38,10850.38,Low Activity
1379,High,1.0,212,2.0,25040.97,12520.485,Low Activity
1374,High,1.0,193,1.0,15395.25,15395.25,Low Activity
1373,High,1.0,345,1.0,8269.17,8269.17,Low Activity
1372,High,1.0,86,1.0,3271.58,3271.58,Low Activity
1370,High,1.0,124,3.0,31425.81,10475.27,Regular
1368,High,1.0,104,1.0,4680.87,4680.87,Low Activity
1367,High,1.0,76,6.0,57725.82,9620.97,High Value
7028,High,1.0,130,4.0,30586.75,7646.6875,Regular
7024,High,1.0,93,2.0,25351.5,12675.75,Low Activity
7022,High,1.0,212,2.0,27830.68,13915.34,Low Activity
7020,High,1.0,162,1.0,12126.9,12126.9,Low Activity
7019,High,1.0,164,2.0,15133.36,7566.68,Low Activity
7015,High,1.0,336,1.0,11531.77,11531.77,Low Activity
7014,High,1.0,226,2.0,13337.11,6668.555,Low Activity
7013,High,1.0,347,1.0,11325.24,11325.24,Low Activity
7011,High,1.0,347,1.0,8212.69,8212.69,Low Activity
1399,High,1.0,122,2.0,21909.99,10954.995,Low Activity
1396,High,1.0,286,1.0,9454.65,9454.65,Low Activity
1394,High,1.0,344,1.0,5844.92,5844.92,Low Activity
1392,High,1.0,106,1.0,8303.39,8303.39,Low Activity
1391,High,1.0,298,2.0,18493.4,9246.7,Low Activity
1389,High,1.0,140,3.0,32791.22,10930.406666666668,Regular
1387,High,1.0,196,1.0,8444.51,8444.51,Low Activity
1385,High,1.0,80,2.0,13062.52,6531.26,Low Activity
7008,High,1.0,81,3.0,42522.91,14174.303333333335,Regular
7007,High,1.0,122,2.0,11754.6,5877.3,Low Activity
7006,High,1.0,141,3.0,31521.8,10507.266666666666,Regular
7003,High,1.0,105,3.0,27858.69,9286.23,Regular
7001,High,1.0,141,2.0,21215.19,10607.595,Low Activity
7000,High,1.0,357,1.0,12992.25,12992.25,Low Activity
6999,High,1.0,140,2.0,44990.34,22495.17,Low Activity
6998,High,1.0,154,2.0,28134.82,14067.41,Low Activity
6995,High,1.0,74,4.0,43549.75,10887.4375,Regular
6991,High,1.0,79,4.0,24103.34,6025.835,Regular
6988,High,1.0,102,2.0,26566.59,13283.295,Low Activity
1422,High,1.0,186,1.0,7980.5,7980.5,Low Activity
1420,High,1.0,87,2.0,39369.62,19684.81,Low Activity
1418,High,1.0,221,2.0,31215.93,15607.965,Low Activity
1414,High,1.0,168,4.0,55896.75,13974.1875,High Value
1413,High,1.0,215,3.0,24111.97,8037.323333333334,Regular
1410,High,1.0,132,1.0,14077.88,14077.88,Low Activity
1405,High,1.0,146,1.0,12191.82,12191.82,Low Activity
1404,High,1.0,75,3.0,30861.26,10287.086666666668,Regular
6987,High,1.0,276,1.0,9124.1,9124.1,Low Activity
6985,High,1.0,141,1.0,6855.92,6855.92,Low Activity
6984,High,1.0,182,2.0,24151.23,12075.615,Low Activity
6981,High,1.0,338,1.0,9024.88,9024.88,Low Activity
6980,High,1.0,126,1.0,13823.78,13823.78,Low Activity
6977,High,1.0,157,2.0,14854.88,7427.44,Low Activity
6975,High,1.0,112,2.0,29022.63,14511.315,Low Activity
6973,High,1.0,206,2.0,23139.48,11569.74,Low Activity
6972,High,1.0,219,2.0,16592.35,8296.175,Low Activity
1441,High,1.0,142,1.0,7773.92,7773.92,Low Activity
1440,High,1.0,129,3.0,17638.86,5879.62,Regular
1438,High,1.0,268,1.0,21768.14,21768.14,Low Activity
1431,High,1.0,172,3.0,24839.18,8279.726666666667,Regular
1430,High,1.0,156,2.0,11150.51,5575.255,Low Activity
1429,High,1.0,353,1.0,7624.91,7624.91,Low Activity
1428,High,1.0,248,1.0,17771.24,17771.24,Low Activity
1424,High,1.0,256,1.0,6377.8,6377.8,Low Activity
6967,High,1.0,242,1.0,16202.88,16202.88,Low Activity
6964,High,1.0,224,1.0,6646.01,6646.01,Low Activity
6963,High,1.0,87,2.0,22956.76,11478.38,Low Activity
6959,High,1.0,194,1.0,6207.0,6207.0,Low Activity
6958,High,1.0,345,1.0,11357.98,11357.98,Low Activity
6957,High,1.0,319,1.0,18079.56,18079.56,Low Activity
6955,High,1.0,288,1.0,10393.07,10393.07,Low Activity
6954,High,1.0,93,1.0,12748.34,12748.34,Low Activity
6953,High,1.0,284,1.0,14772.41,14772.41,Low Activity
1459,High,1.0,142,5.0,52384.44,10476.888,High Value
1457,High,1.0,331,1.0,24817.95,24817.95,Low Activity
1449,High,1.0,130,2.0,17372.25,8686.125,Low Activity
1448,High,1.0,130,3.0,33191.8,11063.933333333334,Regular
1445,High,1.0,278,3.0,28572.67,9524.223333333332,Regular
1444,High,1.0,125,3.0,36283.86,12094.62,Regular
1443,High,1.0,150,3.0,18142.98,6047.66,Regular
1442,High,1.0,352,1.0,10160.87,10160.87,Low Activity
6951,High,1.0,104,2.0,30289.93,15144.965,Low Activity
6949,High,1.0,136,2.0,32252.98,16126.49,Low Activity
6948,High,1.0,247,1.0,9725.71,9725.71,Low Activity
6947,High,1.0,118,2.0,22927.34,11463.67,Low Activity
6946,High,1.0,136,3.0,35100.33,11700.11,Regular
6945,High,1.0,167,1.0,8944.96,8944.96,Low Activity
6943,High,1.0,167,3.0,48413.65,16137.883333333331,High Value
6940,High,1.0,139,2.0,18994.36,9497.18,Low Activity
6938,High,1.0,138,3.0,28622.74,9540.913333333332,Regular
1477,High,1.0,124,2.0,20279.39,10139.695,Low Activity
1474,High,1.0,129,1.0,9952.78,9952.78,Low Activity
1473,High,1.0,280,1.0,2648.03,2648.03,Low Activity
1470,High,1.0,195,1.0,7431.93,7431.93,Low Activity
1469,High,1.0,203,1.0,25093.95,25093.95,Low Activity
1466,High,1.0,251,2.0,27904.9,13952.45,Low Activity
1465,High,1.0,288,1.0,19844.25,19844.25,Low Activity
1462,High,1.0,94,1.0,11058.14,11058.14,Low Activity
1461,High,1.0,143,3.0,22030.65,7343.55,Regular
1460,High,1.0,230,1.0,18287.8,18287.8,Low Activity
1496,High,1.0,180,1.0,13341.49,13341.49,Low Activity
1495,High,1.0,223,1.0,11996.03,11996.03,Low Activity
1493,High,1.0,115,3.0,35316.71,11772.236666666666,Regular
1492,High,1.0,217,1.0,19506.72,19506.72,Low Activity
1491,High,1.0,154,4.0,60203.28,15050.82,High Value
1490,High,1.0,235,2.0,17269.309999999998,8634.654999999999,Low Activity
1488,High,1.0,107,3.0,40091.71,13363.903333333334,Regular
1486,High,1.0,151,2.0,22609.61,11304.805,Low Activity
1485,High,1.0,143,1.0,6457.01,6457.01,Low Activity
1484,High,1.0,195,2.0,15065.45,7532.725,Low Activity
1483,High,1.0,354,1.0,18937.19,18937.19,Low Activity
1479,High,1.0,196,4.0,51778.45,12944.6125,High Value
1478,High,1.0,158,1.0,8070.46,8070.46,Low Activity
6935,High,1.0,319,1.0,4193.71,4193.71,Low Activity
6934,High,1.0,138,1.0,7271.42,7271.42,Low Activity
6933,High,1.0,117,2.0,20873.89,10436.945,Low Activity
6929,High,1.0,124,2.0,21681.8,10840.9,Low Activity
6928,High,1.0,136,2.0,31736.02,15868.01,Low Activity
6927,High,1.0,297,1.0,24399.99,24399.99,Low Activity
6925,High,1.0,139,1.0,6405.87,6405.87,Low Activity
6924,High,1.0,136,3.0,43287.32,14429.106666666668,Regular
6923,High,1.0,97,4.0,32346.77,8086.692499999999,Regular
6920,High,1.0,76,3.0,39276.55,13092.183333333334,Regular
1514,High,1.0,139,1.0,8513.31,8513.31,Low Activity
1511,High,1.0,153,1.0,2614.34,2614.34,Low Activity
1508,High,1.0,130,1.0,2617.76,2617.76,Low Activity
1507,High,1.0,179,1.0,10170.97,10170.97,Low Activity
1505,High,1.0,89,3.0,34987.07,11662.356666666668,Regular
1504,High,1.0,364,1.0,12794.03,12794.03,Low Activity
1501,High,1.0,74,2.0,14788.11,7394.055,Low Activity
1500,High,1.0,121,1.0,17988.66,17988.66,Low Activity
1535,High,1.0,266,1.0,26773.73,26773.73,Low Activity
1534,High,1.0,82,5.0,66923.57,13384.714000000002,High Value
1529,High,1.0,298,1.0,16106.99,16106.99,Low Activity
1528,High,1.0,194,4.0,58476.94,14619.235,High Value
1526,High,1.0,106,1.0,10971.97,10971.97,Low Activity
1523,High,1.0,331,1.0,5145.44,5145.44,Low Activity
1521,High,1.0,300,1.0,3349.74,3349.74,Low Activity
1520,High,1.0,235,1.0,12967.04,12967.04,Low Activity
1519,High,1.0,190,1.0,9390.52,9390.52,Low Activity
1518,High,1.0,162,2.0,34864.77,17432.385,Low Activity
1516,High,1.0,352,2.0,23849.19,11924.595,Low Activity
1515,High,1.0,180,2.0,34075.18,17037.59,Low Activity
6918,High,1.0,129,1.0,10456.68,10456.68,Low Activity
6914,High,1.0,221,1.0,10253.76,10253.76,Low Activity
6911,High,1.0,222,1.0,20398.82,20398.82,Low Activity
6907,High,1.0,117,4.0,30438.47,7609.6175,Regular
6904,High,1.0,239,1.0,7114.33,7114.33,Low Activity
6902,High,1.0,284,3.0,22698.59,7566.196666666667,Regular
1552,High,1.0,125,1.0,9550.19,9550.19,Low Activity
1550,High,1.0,75,1.0,21172.07,21172.07,Low Activity
1547,High,1.0,279,2.0,22968.46,11484.23,Low Activity
1545,High,1.0,96,1.0,12870.25,12870.25,Low Activity
1540,High,1.0,88,3.0,45986.08,15328.693333333336,High Value
1539,High,1.0,171,2.0,36204.02,18102.01,Low Activity
1538,High,1.0,74,1.0,4969.77,4969.77,Low Activity
1536,High,1.0,292,1.0,6229.17,6229.17,Low Activity
6899,High,1.0,130,2.0,23025.56,11512.78,Low Activity
6898,High,1.0,213,5.0,50563.29,10112.658,High Value
6894,High,1.0,130,1.0,8109.71,8109.71,Low Activity
6892,High,1.0,186,2.0,27738.9,13869.45,Low Activity
6891,High,1.0,147,1.0,7348.47,7348.47,Low Activity
6887,High,1.0,231,2.0,13448.899999999998,6724.449999999999,Low Activity
6886,High,1.0,83,1.0,11466.79,11466.79,Low Activity
6884,High,1.0,127,4.0,48336.5,12084.125,High Value
6883,High,1.0,244,2.0,17008.61,8504.305,Low Activity
1572,High,1.0,77,1.0,8016.61,8016.61,Low Activity
1568,High,1.0,358,1.0,5588.35,5588.35,Low Activity
1567,High,1.0,118,3.0,32634.86,10878.286666666669,Regular
1566,High,1.0,235,1.0,17725.14,17725.14,Low Activity
1565,High,1.0,193,1.0,4304.28,4304.28,Low Activity
1562,High,1.0,87,2.0,30442.01,15221.005,Low Activity
1560,High,1.0,180,1.0,17519.94,17519.94,Low Activity
1559,High,1.0,154,4.0,42967.33,10741.8325,Regular
1557,High,1.0,140,3.0,35302.59,11767.53,Regular
6882,High,1.0,99,3.0,28805.55,9601.85,Regular
6879,High,1.0,178,3.0,35430.86,11810.286666666669,Regular
6878,High,1.0,214,1.0,4129.26,4129.26,Low Activity
6875,High,1.0,170,1.0,14061.17,14061.17,Low Activity
6874,High,1.0,90,2.0,28586.52,14293.259999999998,Low Activity
6872,High,1.0,126,3.0,38248.3,12749.433333333334,Regular
6870,High,1.0,170,1.0,10103.99,10103.99,Low Activity
6868,High,1.0,111,3.0,33625.19,11208.396666666667,Regular
6867,High,1.0,183,3.0,43812.63,14604.21,Regular
6862,High,1.0,125,4.0,47044.27,11761.0675,High Value
1589,High,1.0,77,2.0,27505.51,13752.755,Low Activity
1588,High,1.0,95,3.0,46076.14,15358.713333333331,High Value
1584,High,1.0,246,1.0,15706.1,15706.1,Low Activity
1583,High,1.0,250,1.0,14043.02,14043.02,Low Activity
1581,High,1.0,192,2.0,9771.78,4885.89,Low Activity
1579,High,1.0,251,4.0,23438.51,5859.6275000000005,Regular
1578,High,1.0,75,2.0,12850.0,6425.0,Low Activity
1577,High,1.0,138,1.0,6405.89,6405.89,Low Activity
1575,High,1.0,100,2.0,24460.27,12230.135,Low Activity
1574,High,1.0,93,3.0,32128.73,10709.576666666666,Regular
1607,High,1.0,215,2.0,21101.41,10550.705,Low Activity
1606,High,1.0,147,3.0,23966.45,7988.816666666667,Regular
1605,High,1.0,109,2.0,36969.28,18484.64,Low Activity
1601,High,1.0,150,1.0,8684.97,8684.97,Low Activity
1600,High,1.0,211,1.0,5151.83,5151.83,Low Activity
1595,High,1.0,135,3.0,44752.33,14917.44333333333,Regular
1594,High,1.0,88,1.0,12780.11,12780.11,Low Activity
1593,High,1.0,185,1.0,15016.07,15016.07,Low Activity
1592,High,1.0,211,2.0,29691.42,14845.71,Low Activity
6859,High,1.0,186,3.0,34369.23,11456.409999999998,Regular
6855,High,1.0,116,2.0,22348.85,11174.425,Low Activity
6854,High,1.0,194,1.0,7430.42,7430.42,Low Activity
6850,High,1.0,124,2.0,18176.23,9088.115,Low Activity
6848,High,1.0,104,2.0,26946.78,13473.39,Low Activity
6847,High,1.0,75,4.0,37380.29,9345.0725,Regular
1624,High,1.0,136,2.0,24418.97,12209.485,Low Activity
1623,High,1.0,156,4.0,41032.77,10258.1925,Regular
1621,High,1.0,75,1.0,12102.42,12102.42,Low Activity
1620,High,1.0,218,2.0,16536.510000000002,8268.255000000001,Low Activity
1618,High,1.0,337,1.0,11397.46,11397.46,Low Activity
1616,High,1.0,81,1.0,4662.38,4662.38,Low Activity
1615,High,1.0,99,3.0,38824.01,12941.336666666668,Regular
1614,High,1.0,333,1.0,14060.47,14060.47,Low Activity
1612,High,1.0,222,4.0,37479.08,9369.77,Regular
1611,High,1.0,81,3.0,44175.26,14725.086666666664,Regular
1610,High,1.0,150,2.0,24455.33,12227.665,Low Activity
1609,High,1.0,155,1.0,6116.97,6116.97,Low Activity
6845,High,1.0,193,2.0,17331.97,8665.985,Low Activity
6842,High,1.0,283,1.0,10213.91,10213.91,Low Activity
6839,High,1.0,95,2.0,10934.37,5467.185,Low Activity
6837,High,1.0,250,2.0,24442.75,12221.375,Low Activity
6835,High,1.0,266,1.0,10128.53,10128.53,Low Activity
6834,High,1.0,297,1.0,13955.82,13955.82,Low Activity
6831,High,1.0,245,1.0,14805.78,14805.78,Low Activity
6830,High,1.0,209,2.0,21455.7,10727.85,Low Activity
6827,High,1.0,206,3.0,45957.41,15319.136666666667,High Value
6826,High,1.0,272,1.0,10912.59,10912.59,Low Activity
1642,High,1.0,157,2.0,26816.93,13408.465,Low Activity
1639,High,1.0,128,3.0,41690.630000000005,13896.876666666669,Regular
1638,High,1.0,199,2.0,16222.71,8111.355,Low Activity
1636,High,1.0,103,1.0,8450.82,8450.82,Low Activity
1635,High,1.0,323,1.0,14337.61,14337.61,Low Activity
1633,High,1.0,93,2.0,32676.5,16338.25,Low Activity
1632,High,1.0,330,1.0,18358.68,18358.68,Low Activity
1631,High,1.0,175,2.0,18092.82,9046.41,Low Activity
1630,High,1.0,119,4.0,39464.2,9866.05,Regular
1628,High,1.0,314,1.0,16990.42,16990.42,Low Activity
1627,High,1.0,104,4.0,43608.62,10902.155,Regular
1626,High,1.0,155,1.0,4781.37,4781.37,Low Activity
1663,High,1.0,124,1.0,5175.58,5175.58,Low Activity
1660,High,1.0,142,4.0,49557.37,12389.3425,High Value
1658,High,1.0,80,2.0,21524.99,10762.495,Low Activity
1655,High,1.0,101,2.0,20464.61,10232.305,Low Activity
1653,High,1.0,320,1.0,28482.67,28482.67,Low Activity
1652,High,1.0,79,4.0,56044.4,14011.1,High Value
1648,High,1.0,193,2.0,18065.59,9032.795,Low Activity
1647,High,1.0,99,2.0,36329.76,18164.88,Low Activity
1646,High,1.0,181,2.0,25116.01,12558.005,Low Activity
6825,High,1.0,276,1.0,11218.35,11218.35,Low Activity
6824,High,1.0,117,3.0,25273.0,8424.333333333334,Regular
6821,High,1.0,234,1.0,9843.87,9843.87,Low Activity
6819,High,1.0,208,3.0,36731.57,12243.856666666668,Regular
6818,High,1.0,73,3.0,39918.06,13306.02,Regular
6815,High,1.0,202,2.0,24547.81,12273.905,Low Activity
6806,High,1.0,74,4.0,48574.78999999999,12143.697499999998,High Value
1681,High,1.0,204,2.0,19238.76,9619.38,Low Activity
1680,High,1.0,140,2.0,23804.78,11902.39,Low Activity
1678,High,1.0,149,1.0,16245.55,16245.55,Low Activity
1677,High,1.0,102,1.0,9399.57,9399.57,Low Activity
1673,High,1.0,236,1.0,7673.21,7673.21,Low Activity
1670,High,1.0,308,1.0,13397.97,13397.97,Low Activity
1668,High,1.0,234,1.0,22249.31,22249.31,Low Activity
6805,High,1.0,202,3.0,27544.57,9181.523333333333,Regular
6803,High,1.0,86,1.0,10116.92,10116.92,Low Activity
6800,High,1.0,136,7.0,80399.38,11485.625714285716,High Value
6795,High,1.0,233,2.0,24805.42,12402.71,Low Activity
6794,High,1.0,349,1.0,14187.9,14187.9,Low Activity
6792,High,1.0,238,1.0,12815.77,12815.77,Low Activity
6790,High,1.0,248,1.0,16940.08,16940.08,Low Activity
6789,High,1.0,248,1.0,7183.24,7183.24,Low Activity
6788,High,1.0,282,2.0,24504.78,12252.39,Low Activity
1698,High,1.0,98,1.0,15212.97,15212.97,Low Activity
1696,High,1.0,81,2.0,16401.8,8200.9,Low Activity
1694,High,1.0,332,1.0,4795.87,4795.87,Low Activity
1693,High,1.0,248,2.0,41039.64,20519.82,Low Activity
1692,High,1.0,168,2.0,12954.2,6477.1,Low Activity
1690,High,1.0,97,1.0,6306.09,6306.09,Low Activity
1686,High,1.0,97,3.0,57571.49,19190.496666666662,High Value
1685,High,1.0,192,1.0,7766.1,7766.1,Low Activity
1684,High,1.0,199,2.0,19060.47,9530.235,Low Activity
1683,High,1.0,288,1.0,10174.3,10174.3,Low Activity
1682,High,1.0,153,1.0,14267.08,14267.08,Low Activity
6785,High,1.0,79,1.0,18705.34,18705.34,Low Activity
6783,High,1.0,107,4.0,49578.38,12394.595,High Value
6781,High,1.0,313,1.0,19246.43,19246.43,Low Activity
6780,High,1.0,75,2.0,29448.75,14724.375,Low Activity
6772,High,1.0,247,2.0,16711.89,8355.945,Low Activity
6771,High,1.0,86,5.0,77713.75,15542.75,High Value
6770,High,1.0,255,1.0,14917.2,14917.2,Low Activity
6769,High,1.0,234,1.0,9994.96,9994.96,Low Activity
1721,High,1.0,78,1.0,16476.29,16476.29,Low Activity
1717,High,1.0,200,2.0,16370.59,8185.295,Low Activity
1716,High,1.0,224,1.0,15395.54,15395.54,Low Activity
1714,High,1.0,231,1.0,19650.76,19650.76,Low Activity
1713,High,1.0,133,3.0,36273.19,12091.063333333334,Regular
1712,High,1.0,208,1.0,16767.31,16767.31,Low Activity
1708,High,1.0,99,3.0,40480.23,13493.410000000002,Regular
1706,High,1.0,196,2.0,8917.84,4458.92,Low Activity
1704,High,1.0,129,4.0,35438.119999999995,8859.529999999999,Regular
1703,High,1.0,264,3.0,39879.26,13293.086666666668,Regular
1701,High,1.0,120,1.0,7919.15,7919.15,Low Activity
1699,High,1.0,210,1.0,15096.07,15096.07,Low Activity
1739,High,1.0,227,3.0,26746.21,8915.403333333334,Regular
1738,High,1.0,238,1.0,11483.31,11483.31,Low Activity
1737,High,1.0,222,3.0,27061.86,9020.62,Regular
1736,High,1.0,138,1.0,6990.34,6990.34,Low Activity
1734,High,1.0,289,1.0,10482.12,10482.12,Low Activity
1731,High,1.0,132,2.0,22103.09,11051.545,Low Activity
1730,High,1.0,96,2.0,31662.730000000003,15831.365000000002,Low Activity
1727,High,1.0,103,2.0,14271.05,7135.525,Low Activity
1725,High,1.0,243,2.0,24891.43,12445.715,Low Activity
6762,High,1.0,132,3.0,47926.0,15975.333333333334,High Value
6761,High,1.0,228,4.0,32196.980000000003,8049.245000000001,Regular
6759,High,1.0,99,1.0,20547.63,20547.63,Low Activity
6758,High,1.0,152,1.0,15899.76,15899.76,Low Activity
6757,High,1.0,208,1.0,5953.02,5953.02,Low Activity
6756,High,1.0,91,4.0,37977.91,9494.4775,Regular
6755,High,1.0,310,1.0,18816.79,18816.79,Low Activity
6752,High,1.0,215,1.0,7685.37,7685.37,Low Activity
6751,High,1.0,283,1.0,13828.22,13828.22,Low Activity
6749,High,1.0,206,1.0,5208.3,5208.3,Low Activity
1751,High,1.0,164,2.0,28582.69,14291.345,Low Activity
1750,High,1.0,229,1.0,6221.63,6221.63,Low Activity
1749,High,1.0,145,3.0,33214.94,11071.646666666667,Regular
1748,High,1.0,136,3.0,29130.88,9710.293333333331,Regular
1746,High,1.0,214,1.0,20683.47,20683.47,Low Activity
1745,High,1.0,83,3.0,34638.13,11546.043333333331,Regular
1741,High,1.0,210,2.0,19086.67,9543.335,Low Activity
1740,High,1.0,326,2.0,18069.39,9034.695,Low Activity
6746,High,1.0,163,3.0,29973.25,9991.083333333334,Regular
6744,High,1.0,213,1.0,10372.76,10372.76,Low Activity
6742,High,1.0,186,2.0,17064.35,8532.175,Low Activity
6741,High,1.0,74,4.0,39371.8,9842.95,Regular
6736,High,1.0,242,3.0,39186.42,13062.14,Regular
6734,High,1.0,139,4.0,51101.58,12775.395,High Value
6732,High,1.0,76,2.0,30116.38,15058.19,Low Activity
6731,High,1.0,318,2.0,19516.27,9758.135,Low Activity
6730,High,1.0,152,1.0,14592.57,14592.57,Low Activity
6729,High,1.0,137,3.0,26158.09,8719.363333333333,Regular
6727,High,1.0,191,3.0,30863.93,10287.976666666667,Regular
6725,High,1.0,124,1.0,6470.75,6470.75,Low Activity
1775,High,1.0,223,2.0,23740.61,11870.305,Low Activity
1774,High,1.0,77,1.0,3004.24,3004.24,Low Activity
1771,High,1.0,138,4.0,60589.98,15147.495,High Value
1769,High,1.0,155,2.0,13119.080000000002,6559.540000000001,Low Activity
1767,High,1.0,79,2.0,16371.26,8185.63,Low Activity
1764,High,1.0,295,1.0,11657.39,11657.39,Low Activity
1759,High,1.0,157,3.0,25348.05,8449.35,Regular
6724,High,1.0,224,1.0,4045.25,4045.25,Low Activity
6723,High,1.0,141,4.0,42184.15,10546.0375,Regular
6722,High,1.0,138,3.0,33123.91,11041.303333333335,Regular
6721,High,1.0,171,2.0,23128.67,11564.335,Low Activity
6718,High,1.0,155,1.0,12706.91,12706.91,Low Activity
6709,High,1.0,136,7.0,84260.03,12037.147142857142,High Value
1799,High,1.0,107,2.0,23902.79,11951.395,Low Activity
1798,High,1.0,87,3.0,26949.77,8983.256666666666,Regular
1794,High,1.0,131,2.0,14874.51,7437.255,Low Activity
1788,High,1.0,125,4.0,32692.93,8173.2325,Regular
1787,High,1.0,150,1.0,3080.9,3080.9,Low Activity
1782,High,1.0,103,2.0,22382.57,11191.285,Low Activity
1780,High,1.0,175,2.0,20659.07,10329.535,Low Activity
1779,High,1.0,119,2.0,18247.65,9123.825,Low Activity
6706,High,1.0,84,1.0,8346.35,8346.35,Low Activity
6702,High,1.0,289,1.0,7847.7,7847.7,Low Activity
6701,High,1.0,116,2.0,13190.37,6595.185,Low Activity
6698,High,1.0,161,2.0,24347.54,12173.77,Low Activity
6697,High,1.0,83,2.0,27025.35,13512.675,Low Activity
6695,High,1.0,293,1.0,8843.47,8843.47,Low Activity
6694,High,1.0,94,4.0,45478.58,11369.645,Regular
6692,High,1.0,167,2.0,18821.67,9410.835,Low Activity
6690,High,1.0,120,2.0,29951.61,14975.805,Low Activity
1817,High,1.0,277,1.0,7589.75,7589.75,Low Activity
1815,High,1.0,293,1.0,14457.67,14457.67,Low Activity
1814,High,1.0,76,1.0,8211.42,8211.42,Low Activity
1812,High,1.0,230,2.0,22922.86,11461.43,Low Activity
1811,High,1.0,140,1.0,23685.54,23685.54,Low Activity
1808,High,1.0,92,5.0,50299.5,10059.9,High Value
1805,High,1.0,107,2.0,20251.96,10125.98,Low Activity
1804,High,1.0,93,3.0,26692.54,8897.513333333334,Regular
1801,High,1.0,160,2.0,34495.7,17247.85,Low Activity
1800,High,1.0,175,1.0,8900.76,8900.76,Low Activity
1833,High,1.0,191,3.0,54360.01,18120.00333333333,High Value
1832,High,1.0,131,3.0,25734.52,8578.173333333334,Regular
1831,High,1.0,343,1.0,10537.22,10537.22,Low Activity
1828,High,1.0,123,2.0,17685.78,8842.89,Low Activity
1827,High,1.0,78,1.0,15871.55,15871.55,Low Activity
1826,High,1.0,179,1.0,11570.05,11570.05,Low Activity
1825,High,1.0,99,4.0,32811.270000000004,8202.817500000001,Regular
1824,High,1.0,96,2.0,34768.75,17384.375,Low Activity
1823,High,1.0,201,3.0,32615.32,10871.773333333333,Regular
1822,High,1.0,297,1.0,10382.91,10382.91,Low Activity
1818,High,1.0,141,1.0,13424.56,13424.56,Low Activity
6688,High,1.0,196,2.0,24355.8,12177.9,Low Activity
6684,High,1.0,167,2.0,19609.12,9804.56,Low Activity
6683,High,1.0,207,2.0,13894.51,6947.255,Low Activity
6679,High,1.0,169,1.0,16171.83,16171.83,Low Activity
6676,High,1.0,115,2.0,12048.46,6024.23,Low Activity
6675,High,1.0,149,1.0,2901.82,2901.82,Low Activity
6674,High,1.0,182,1.0,5520.04,5520.04,Low Activity
6672,High,1.0,165,2.0,21721.620000000003,10860.81,Low Activity
1852,High,1.0,151,2.0,10916.01,5458.005,Low Activity
1849,High,1.0,153,1.0,14813.47,14813.47,Low Activity
1846,High,1.0,324,1.0,6552.01,6552.01,Low Activity
1842,High,1.0,307,1.0,12854.85,12854.85,Low Activity
1841,High,1.0,185,2.0,17924.92,8962.46,Low Activity
1839,High,1.0,89,2.0,30137.870000000003,15068.935,Low Activity
1838,High,1.0,79,3.0,34979.71,11659.903333333334,Regular
6670,High,1.0,144,3.0,31467.77,10489.256666666666,Regular
6669,High,1.0,77,3.0,32303.79,10767.93,Regular
6668,High,1.0,335,2.0,25912.51,12956.255,Low Activity
6666,High,1.0,170,3.0,41941.24,13980.413333333332,Regular
6662,High,1.0,163,3.0,45407.72,15135.906666666668,Regular
6661,High,1.0,127,1.0,11817.45,11817.45,Low Activity
6657,High,1.0,213,1.0,5593.27,5593.27,Low Activity
6656,High,1.0,222,1.0,17683.94,17683.94,Low Activity
6654,High,1.0,122,2.0,18846.7,9423.35,Low Activity
1874,High,1.0,87,3.0,31138.58,10379.526666666668,Regular
1872,High,1.0,139,3.0,28540.34,9513.446666666669,Regular
1868,High,1.0,110,3.0,19962.14,6654.046666666666,Regular
1867,High,1.0,364,1.0,23238.95,23238.95,Low Activity
1862,High,1.0,270,1.0,6855.0,6855.0,Low Activity
1861,High,1.0,144,3.0,45446.95,15148.983333333332,Regular
1860,High,1.0,217,1.0,22552.8,22552.8,Low Activity
1859,High,1.0,134,5.0,66265.35,13253.070000000002,High Value
1858,High,1.0,123,2.0,25315.88,12657.94,Low Activity
6653,High,1.0,148,3.0,29661.2,9887.066666666668,Regular
6650,High,1.0,220,2.0,15052.570000000002,7526.285000000001,Low Activity
6649,High,1.0,275,1.0,27138.7,27138.7,Low Activity
6647,High,1.0,174,1.0,7680.19,7680.19,Low Activity
6646,High,1.0,305,1.0,11703.37,11703.37,Low Activity
6645,High,1.0,135,2.0,18106.14,9053.07,Low Activity
6643,High,1.0,309,1.0,7765.96,7765.96,Low Activity
6641,High,1.0,150,1.0,14257.61,14257.61,Low Activity
6639,High,1.0,105,2.0,19990.0,9995.0,Low Activity
6636,High,1.0,108,4.0,51050.77,12762.6925,High Value
1891,High,1.0,252,1.0,10195.75,10195.75,Low Activity
1890,High,1.0,134,3.0,31518.46,10506.153333333334,Regular
1887,High,1.0,141,1.0,16754.29,16754.29,Low Activity
1886,High,1.0,125,5.0,48253.28,9650.656,High Value
1882,High,1.0,87,3.0,29500.61,9833.536666666669,Regular
1880,High,1.0,225,2.0,26545.89,13272.945,Low Activity
1877,High,1.0,76,4.0,38307.45,9576.8625,Regular
6633,High,1.0,254,1.0,4901.42,4901.42,Low Activity
6629,High,1.0,331,1.0,10233.41,10233.41,Low Activity
6628,High,1.0,85,4.0,56749.94,14187.485,High Value
6627,High,1.0,94,3.0,34919.22,11639.74,Regular
6623,High,1.0,360,1.0,3475.36,3475.36,Low Activity
6621,High,1.0,107,4.0,37276.19,9319.0475,Regular
6620,High,1.0,96,3.0,20136.2,6712.066666666667,Regular
6619,High,1.0,276,1.0,18728.3,18728.3,Low Activity
6618,High,1.0,197,2.0,28669.66,14334.83,Low Activity
6616,High,1.0,273,1.0,8320.47,8320.47,Low Activity
6615,High,1.0,92,2.0,23866.85,11933.425,Low Activity
6614,High,1.0,316,2.0,28015.1,14007.55,Low Activity
1914,High,1.0,144,2.0,20836.05,10418.025,Low Activity
1913,High,1.0,114,5.0,36012.61,7202.522,Regular
1911,High,1.0,113,1.0,7159.56,7159.56,Low Activity
1904,High,1.0,241,3.0,20831.58,6943.86,Regular
1903,High,1.0,132,1.0,18758.68,18758.68,Low Activity
1902,High,1.0,234,2.0,29614.74,14807.37,Low Activity
1901,High,1.0,179,1.0,10720.76,10720.76,Low Activity
1900,High,1.0,262,1.0,22549.65,22549.65,Low Activity
1897,High,1.0,130,2.0,22077.230000000003,11038.615000000002,Low Activity
1895,High,1.0,284,1.0,6956.12,6956.12,Low Activity
1894,High,1.0,153,1.0,26040.06,26040.06,Low Activity
1934,High,1.0,184,5.0,87526.74,17505.348,High Value
1933,High,1.0,168,1.0,6686.38,6686.38,Low Activity
1929,High,1.0,228,1.0,13397.79,13397.79,Low Activity
1923,High,1.0,153,1.0,23388.64,23388.64,Low Activity
1920,High,1.0,175,3.0,26468.01,8822.67,Regular
1919,High,1.0,114,4.0,52149.76,13037.44,High Value
1918,High,1.0,199,1.0,12815.67,12815.67,Low Activity
1917,High,1.0,82,2.0,15894.09,7947.045,Low Activity
1915,High,1.0,269,3.0,52179.49,17393.163333333334,High Value
6613,High,1.0,243,2.0,19352.25,9676.125,Low Activity
6611,High,1.0,175,1.0,5736.97,5736.97,Low Activity
6610,High,1.0,73,1.0,13421.32,13421.32,Low Activity
6608,High,1.0,160,2.0,23085.050000000003,11542.525,Low Activity
6599,High,1.0,185,1.0,19202.05,19202.05,Low Activity
6598,High,1.0,263,2.0,18332.9,9166.45,Low Activity
6594,High,1.0,92,4.0,43394.48,10848.62,Regular
1954,High,1.0,94,2.0,18409.95,9204.975,Low Activity
1953,High,1.0,283,1.0,12885.05,12885.05,Low Activity
1952,High,1.0,227,1.0,16431.01,16431.01,Low Activity
1951,High,1.0,186,2.0,20056.45,10028.225,Low Activity
1949,High,1.0,242,1.0,5892.82,5892.82,Low Activity
1948,High,1.0,82,2.0,25170.57,12585.285,Low Activity
1939,High,1.0,285,1.0,11507.03,11507.03,Low Activity
1938,High,1.0,210,2.0,24551.59,12275.795,Low Activity
1937,High,1.0,117,1.0,9357.16,9357.16,Low Activity
6593,High,1.0,127,1.0,5862.67,5862.67,Low Activity
6592,High,1.0,245,2.0,13516.86,6758.43,Low Activity
6591,High,1.0,196,1.0,7875.39,7875.39,Low Activity
6589,High,1.0,242,3.0,44162.95,14720.983333333332,Regular
6588,High,1.0,107,2.0,18854.22,9427.11,Low Activity
6587,High,1.0,104,3.0,21266.51,7088.836666666667,Regular
6586,High,1.0,184,2.0,20592.21,10296.105,Low Activity
6583,High,1.0,220,1.0,5486.94,5486.94,Low Activity
6582,High,1.0,83,4.0,56233.11,14058.2775,High Value
6579,High,1.0,163,1.0,6164.95,6164.95,Low Activity
6578,High,1.0,104,3.0,25670.050000000003,8556.683333333334,Regular
6575,High,1.0,87,2.0,16958.52,8479.26,Low Activity
1970,High,1.0,82,2.0,25067.06,12533.53,Low Activity
1967,High,1.0,267,2.0,30754.73,15377.365,Low Activity
1965,High,1.0,128,1.0,12803.42,12803.42,Low Activity
1964,High,1.0,110,1.0,14870.46,14870.46,Low Activity
1963,High,1.0,73,1.0,22408.05,22408.05,Low Activity
1961,High,1.0,97,2.0,26717.25,13358.625,Low Activity
1958,High,1.0,261,3.0,27114.63,9038.21,Regular
1957,High,1.0,280,1.0,7248.0,7248.0,Low Activity
1956,High,1.0,83,3.0,38509.74,12836.58,Regular
1986,High,1.0,352,1.0,7385.73,7385.73,Low Activity
1984,High,1.0,124,2.0,21418.81,10709.405,Low Activity
1982,High,1.0,127,1.0,4076.25,4076.25,Low Activity
1980,High,1.0,235,1.0,16243.74,16243.74,Low Activity
1979,High,1.0,129,1.0,5228.95,5228.95,Low Activity
1977,High,1.0,89,1.0,13753.48,13753.48,Low Activity
1975,High,1.0,115,2.0,21938.7,10969.35,Low Activity
1974,High,1.0,74,2.0,23938.09,11969.045,Low Activity
6572,High,1.0,198,1.0,6200.21,6200.21,Low Activity
6570,High,1.0,225,1.0,9999.99,9999.99,Low Activity
6569,High,1.0,327,1.0,12828.99,12828.99,Low Activity
6566,High,1.0,171,2.0,19442.12,9721.06,Low Activity
6562,High,1.0,249,1.0,11808.65,11808.65,Low Activity
6558,High,1.0,82,2.0,23003.58,11501.79,Low Activity
6557,High,1.0,98,1.0,19464.67,19464.67,Low Activity
6555,High,1.0,298,1.0,6474.69,6474.69,Low Activity
6554,High,1.0,272,2.0,31516.020000000004,15758.010000000002,Low Activity
2007,High,1.0,114,1.0,12490.07,12490.07,Low Activity
2003,High,1.0,136,3.0,40010.43,13336.81,Regular
2001,High,1.0,135,4.0,44345.09,11086.2725,Regular
2000,High,1.0,262,1.0,8791.55,8791.55,Low Activity
1992,High,1.0,179,2.0,16545.41,8272.705,Low Activity
1991,High,1.0,174,2.0,31751.37,15875.685,Low Activity
1990,High,1.0,101,2.0,32208.23,16104.114999999998,Low Activity
1989,High,1.0,182,1.0,10725.67,10725.67,Low Activity
6553,High,1.0,122,2.0,31451.49,15725.745,Low Activity
6552,High,1.0,316,1.0,10483.88,10483.88,Low Activity
6549,High,1.0,95,3.0,52622.44,17540.813333333335,High Value
6548,High,1.0,87,2.0,14743.55,7371.775,Low Activity
6546,High,1.0,96,4.0,51056.9,12764.225,High Value
6544,High,1.0,176,1.0,7711.84,7711.84,Low Activity
6543,High,1.0,74,1.0,16531.57,16531.57,Low Activity
6540,High,1.0,138,2.0,20708.63,10354.315,Low Activity
6538,High,1.0,154,1.0,10549.48,10549.48,Low Activity
2029,High,1.0,152,1.0,11757.03,11757.03,Low Activity
2027,High,1.0,97,1.0,15336.2,15336.2,Low Activity
2023,High,1.0,116,2.0,22565.94,11282.97,Low Activity
2022,High,1.0,234,3.0,26119.09,8706.363333333333,Regular
2019,High,1.0,258,3.0,27557.47,9185.823333333334,Regular
2018,High,1.0,151,1.0,14534.46,14534.46,Low Activity
2017,High,1.0,249,4.0,60139.23,15034.8075,High Value
2012,High,1.0,326,1.0,8748.73,8748.73,Low Activity
2011,High,1.0,317,1.0,10606.77,10606.77,Low Activity
6533,High,1.0,334,1.0,8333.44,8333.44,Low Activity
6531,High,1.0,139,2.0,18201.59,9100.795,Low Activity
6530,High,1.0,177,1.0,17271.09,17271.09,Low Activity
6527,High,1.0,150,2.0,24821.18,12410.59,Low Activity
6526,High,1.0,309,1.0,12982.78,12982.78,Low Activity
6525,High,1.0,346,1.0,5060.07,5060.07,Low Activity
6524,High,1.0,242,2.0,25951.32,12975.66,Low Activity
6522,High,1.0,213,1.0,8177.77,8177.77,Low Activity
6521,High,1.0,204,1.0,3953.18,3953.18,Low Activity
2048,High,1.0,201,2.0,40454.79,20227.395,Low Activity
2044,High,1.0,157,2.0,7271.4,3635.7,Low Activity
2043,High,1.0,88,1.0,11884.35,11884.35,Low Activity
2037,High,1.0,309,3.0,44914.0,14971.333333333334,Regular
2036,High,1.0,116,2.0,30538.61,15269.305,Low Activity
2032,High,1.0,114,2.0,18792.96,9396.48,Low Activity
2031,High,1.0,169,1.0,12681.13,12681.13,Low Activity
6517,High,1.0,270,3.0,36648.68,12216.226666666667,Regular
6515,High,1.0,293,2.0,17454.72,8727.36,Low Activity
6507,High,1.0,146,2.0,21778.86,10889.43,Low Activity
6506,High,1.0,251,2.0,20882.66,10441.33,Low Activity
6504,High,1.0,261,1.0,9073.42,9073.42,Low Activity
6503,High,1.0,163,2.0,25249.56,12624.78,Low Activity
6502,High,1.0,74,4.0,48101.27,12025.3175,High Value
2068,High,1.0,129,2.0,25213.07,12606.535,Low Activity
2067,High,1.0,172,3.0,21135.29,7045.096666666667,Regular
2066,High,1.0,214,1.0,10300.26,10300.26,Low Activity
2064,High,1.0,234,1.0,11000.87,11000.87,Low Activity
2062,High,1.0,111,1.0,18501.74,18501.74,Low Activity
2060,High,1.0,237,1.0,10152.67,10152.67,Low Activity
2059,High,1.0,76,3.0,35941.44,11980.48,Regular
2053,High,1.0,76,3.0,33370.72,11123.573333333334,Regular
2049,High,1.0,197,1.0,7992.31,7992.31,Low Activity
6500,High,1.0,220,2.0,26177.09,13088.545,Low Activity
6498,High,1.0,91,3.0,39092.61,13030.87,Regular
6497,High,1.0,292,1.0,17542.7,17542.7,Low Activity
6491,High,1.0,247,1.0,19889.86,19889.86,Low Activity
6490,High,1.0,126,2.0,41988.19,20994.095,Low Activity
6489,High,1.0,116,2.0,15322.66,7661.33,Low Activity
6485,High,1.0,87,3.0,30110.97,10036.99,Regular
6483,High,1.0,97,2.0,31360.86,15680.43,Low Activity
2087,High,1.0,139,1.0,3808.64,3808.64,Low Activity
2085,High,1.0,231,2.0,13900.55,6950.275,Low Activity
2084,High,1.0,167,1.0,6574.49,6574.49,Low Activity
2083,High,1.0,109,3.0,31419.81,10473.27,Regular
2079,High,1.0,126,2.0,28225.27,14112.635,Low Activity
2077,High,1.0,178,2.0,8087.059999999999,4043.53,Low Activity
2075,High,1.0,343,1.0,3934.94,3934.94,Low Activity
6477,High,1.0,125,4.0,45742.15,11435.5375,Regular
6476,High,1.0,156,5.0,73422.89,14684.578,High Value
6474,High,1.0,130,3.0,21026.13,7008.71,Regular
6469,High,1.0,346,1.0,19290.38,19290.38,Low Activity
6466,High,1.0,202,2.0,25584.11,12792.055,Low Activity
2103,High,1.0,209,1.0,10557.18,10557.18,Low Activity
2102,High,1.0,99,1.0,8336.87,8336.87,Low Activity
2101,High,1.0,79,1.0,13771.94,13771.94,Low Activity
2100,High,1.0,317,1.0,11866.76,11866.76,Low Activity
2099,High,1.0,254,4.0,54653.15,13663.2875,High Value
2098,High,1.0,195,1.0,11150.29,11150.29,Low Activity
2096,High,1.0,169,1.0,14490.58,14490.58,Low Activity
2092,High,1.0,241,2.0,23575.550000000003,11787.775,Low Activity
2090,High,1.0,267,2.0,23327.0,11663.5,Low Activity
2089,High,1.0,197,1.0,9778.77,9778.77,Low Activity
2088,High,1.0,164,2.0,17369.62,8684.81,Low Activity
6448,High,1.0,82,1.0,12045.16,12045.16,Low Activity
6446,High,1.0,362,1.0,9572.77,9572.77,Low Activity
6444,High,1.0,182,2.0,15132.76,7566.38,Low Activity
6441,High,1.0,133,4.0,48768.43,12192.1075,High Value
6438,High,1.0,228,1.0,7780.51,7780.51,Low Activity
6437,High,1.0,209,1.0,18530.65,18530.65,Low Activity
6435,High,1.0,226,5.0,44239.45,8847.89,Regular
6434,High,1.0,174,1.0,8812.2,8812.2,Low Activity
6433,High,1.0,118,6.0,64529.51,10754.918333333331,High Value
6432,High,1.0,226,1.0,10920.6,10920.6,Low Activity
6427,High,1.0,198,3.0,29610.550000000003,9870.183333333334,Regular
2115,High,1.0,176,4.0,40489.01,10122.2525,Regular
2114,High,1.0,179,2.0,22195.79,11097.895,Low Activity
2113,High,1.0,254,1.0,6085.17,6085.17,Low Activity
2110,High,1.0,209,1.0,13533.07,13533.07,Low Activity
2109,High,1.0,92,1.0,8270.47,8270.47,Low Activity
2107,High,1.0,172,1.0,4813.12,4813.12,Low Activity
2106,High,1.0,240,1.0,13024.54,13024.54,Low Activity
6426,High,1.0,82,2.0,16233.85,8116.925,Low Activity
6424,High,1.0,107,2.0,20794.22,10397.11,Low Activity
6423,High,1.0,252,1.0,6043.31,6043.31,Low Activity
6422,High,1.0,171,1.0,9468.39,9468.39,Low Activity
6416,High,1.0,161,3.0,40422.04,13474.013333333334,Regular
6410,High,1.0,160,1.0,13341.44,13341.44,Low Activity
2138,High,1.0,132,2.0,29711.38,14855.69,Low Activity
2137,High,1.0,238,1.0,4776.63,4776.63,Low Activity
2136,High,1.0,79,1.0,15625.58,15625.58,Low Activity
2134,High,1.0,299,1.0,8667.5,8667.5,Low Activity
2133,High,1.0,94,3.0,34528.94,11509.646666666667,Regular
2132,High,1.0,233,1.0,12911.68,12911.68,Low Activity
2129,High,1.0,90,4.0,55008.73,13752.1825,High Value
2128,High,1.0,98,1.0,4788.53,4788.53,Low Activity
2126,High,1.0,256,3.0,15375.830000000002,5125.276666666668,Regular
2125,High,1.0,100,3.0,35276.89,11758.963333333331,Regular
2121,High,1.0,171,3.0,23859.75,7953.25,Regular
6407,High,1.0,120,1.0,7372.67,7372.67,Low Activity
6405,High,1.0,191,4.0,43117.37,10779.3425,Regular
6404,High,1.0,73,5.0,49882.34,9976.468,High Value
6400,High,1.0,143,2.0,31628.800000000003,15814.4,Low Activity
6397,High,1.0,341,1.0,6880.91,6880.91,Low Activity
6394,High,1.0,126,3.0,53894.37,17964.79,High Value
6393,High,1.0,157,2.0,31486.02,15743.009999999998,Low Activity
6392,High,1.0,129,4.0,28062.36,7015.59,Regular
2156,High,1.0,213,2.0,21040.870000000003,10520.435,Low Activity
2154,High,1.0,92,1.0,21408.53,21408.53,Low Activity
2153,High,1.0,132,1.0,14503.56,14503.56,Low Activity
2152,High,1.0,235,2.0,21272.72,10636.36,Low Activity
2151,High,1.0,95,1.0,15486.99,15486.99,Low Activity
2148,High,1.0,84,2.0,26013.36,13006.68,Low Activity
2146,High,1.0,310,2.0,16676.36,8338.18,Low Activity
2144,High,1.0,90,1.0,12177.06,12177.06,Low Activity
2143,High,1.0,209,2.0,16900.17,8450.085,Low Activity
2141,High,1.0,166,1.0,5735.9,5735.9,Low Activity
2140,High,1.0,82,2.0,24814.89,12407.445,Low Activity
2172,High,1.0,355,1.0,6282.31,6282.31,Low Activity
2171,High,1.0,74,5.0,62158.15,12431.63,High Value
2170,High,1.0,297,2.0,19543.27,9771.635,Low Activity
2169,High,1.0,120,3.0,51702.32,17234.106666666667,High Value
2168,High,1.0,112,1.0,19738.52,19738.52,Low Activity
2167,High,1.0,83,4.0,64800.57,16200.1425,High Value
2166,High,1.0,117,6.0,54493.18000000001,9082.196666666669,High Value
2163,High,1.0,74,3.0,23508.59,7836.196666666667,Regular
2162,High,1.0,131,1.0,8830.67,8830.67,Low Activity
2161,High,1.0,174,3.0,24744.85,8248.283333333333,Regular
2160,High,1.0,171,2.0,13340.0,6670.0,Low Activity
2159,High,1.0,125,3.0,32764.620000000003,10921.54,Regular
2158,High,1.0,270,1.0,3117.08,3117.08,Low Activity
2157,High,1.0,126,1.0,10957.1,10957.1,Low Activity
2191,High,1.0,225,1.0,15803.61,15803.61,Low Activity
2190,High,1.0,199,2.0,30082.19,15041.095,Low Activity
2188,High,1.0,240,2.0,15135.25,7567.625,Low Activity
2187,High,1.0,190,2.0,32261.09,16130.545,Low Activity
2185,High,1.0,123,1.0,6357.62,6357.62,Low Activity
2184,High,1.0,257,3.0,34974.27,11658.089999999998,Regular
2181,High,1.0,158,2.0,32435.83,16217.915,Low Activity
2178,High,1.0,150,2.0,27250.73,13625.365,Low Activity
2175,High,1.0,143,2.0,30215.6,15107.8,Low Activity
2173,High,1.0,149,4.0,22989.34,5747.335,Regular
6389,High,1.0,114,3.0,37677.59,12559.196666666665,Regular
6386,High,1.0,111,3.0,37757.76,12585.919999999998,Regular
6385,High,1.0,94,2.0,34232.81,17116.405,Low Activity
6384,High,1.0,165,2.0,36985.1,18492.55,Low Activity
6383,High,1.0,206,2.0,7292.5,3646.25,Low Activity
6381,High,1.0,135,3.0,37390.84,12463.613333333333,Regular
6380,High,1.0,194,2.0,23906.85,11953.425,Low Activity
6378,High,1.0,261,1.0,21586.37,21586.37,Low Activity
6377,High,1.0,213,3.0,43017.46,14339.153333333334,Regular
6376,High,1.0,106,2.0,26805.51,13402.755,Low Activity
2206,High,1.0,129,3.0,32767.61,10922.536666666669,Regular
2204,High,1.0,200,2.0,14675.28,7337.64,Low Activity
2203,High,1.0,77,4.0,48568.92,12142.23,High Value
2202,High,1.0,108,1.0,13039.08,13039.08,Low Activity
2197,High,1.0,208,3.0,20687.08,6895.693333333334,Regular
2196,High,1.0,90,1.0,11692.15,11692.15,Low Activity
2195,High,1.0,337,1.0,12179.88,12179.88,Low Activity
2194,High,1.0,346,1.0,5964.84,5964.84,Low Activity
2193,High,1.0,327,1.0,10880.4,10880.4,Low Activity
6375,High,1.0,204,1.0,19296.14,19296.14,Low Activity
6373,High,1.0,169,2.0,8024.42,4012.21,Low Activity
6372,High,1.0,86,2.0,29414.71,14707.355,Low Activity
6366,High,1.0,199,2.0,26279.77,13139.885,Low Activity
6365,High,1.0,235,2.0,18717.64,9358.82,Low Activity
6364,High,1.0,298,1.0,19845.66,19845.66,Low Activity
6362,High,1.0,107,4.0,54839.54,13709.885,High Value
6360,High,1.0,162,3.0,30239.7,10079.9,Regular
2227,High,1.0,154,3.0,16726.34,5575.446666666667,Regular
2226,High,1.0,177,1.0,11047.68,11047.68,Low Activity
2225,High,1.0,240,1.0,7340.58,7340.58,Low Activity
2222,High,1.0,222,2.0,23712.72,11856.36,Low Activity
2221,High,1.0,104,1.0,7780.02,7780.02,Low Activity
2220,High,1.0,238,1.0,12545.58,12545.58,Low Activity
2219,High,1.0,135,3.0,38083.59,12694.53,Regular
2218,High,1.0,174,2.0,16328.92,8164.46,Low Activity
2214,High,1.0,77,2.0,27840.800000000003,13920.4,Low Activity
2212,High,1.0,297,1.0,16836.73,16836.73,Low Activity
6357,High,1.0,277,1.0,4882.1,4882.1,Low Activity
6355,High,1.0,315,3.0,39913.01,13304.336666666668,Regular
6351,High,1.0,131,5.0,36698.02,7339.604000000001,Regular
6350,High,1.0,231,1.0,2743.6,2743.6,Low Activity
6349,High,1.0,314,1.0,5288.24,5288.24,Low Activity
6344,High,1.0,278,1.0,7491.96,7491.96,Low Activity
6343,High,1.0,192,2.0,18320.47,9160.235,Low Activity
6341,High,1.0,125,4.0,42446.740000000005,10611.685,Regular
6340,High,1.0,304,3.0,27440.15,9146.716666666667,Regular
2245,High,1.0,302,2.0,10748.06,5374.03,Low Activity
2243,High,1.0,317,1.0,11371.37,11371.37,Low Activity
2241,High,1.0,248,1.0,11905.77,11905.77,Low Activity
2240,High,1.0,269,1.0,3470.41,3470.41,Low Activity
2239,High,1.0,157,1.0,12979.21,12979.21,Low Activity
2238,High,1.0,109,2.0,15889.03,7944.514999999999,Low Activity
2235,High,1.0,113,4.0,42180.47,10545.1175,Regular
2231,High,1.0,146,2.0,15349.15,7674.575000000001,Low Activity
2229,High,1.0,219,2.0,28868.45,14434.225,Low Activity
2263,High,1.0,332,1.0,15384.17,15384.17,Low Activity
2261,High,1.0,210,3.0,37869.65,12623.216666666667,Regular
2260,High,1.0,202,2.0,19577.53,9788.765,Low Activity
2257,High,1.0,82,2.0,41060.67,20530.335,Low Activity
2256,High,1.0,299,2.0,24679.51,12339.755,Low Activity
2255,High,1.0,96,4.0,36250.37,9062.5925,Regular
2254,High,1.0,81,2.0,14480.4,7240.2,Low Activity
2253,High,1.0,134,3.0,22024.1,7341.366666666666,Regular
2249,High,1.0,304,1.0,14121.74,14121.74,Low Activity
2246,High,1.0,327,1.0,8121.48,8121.48,Low Activity
6337,High,1.0,312,1.0,15991.91,15991.91,Low Activity
6336,High,1.0,254,2.0,13855.18,6927.59,Low Activity
6335,High,1.0,97,3.0,37984.94,12661.646666666667,Regular
6334,High,1.0,79,4.0,32189.11,8047.2775,Regular
6331,High,1.0,201,3.0,23690.730000000003,7896.910000000001,Regular
6330,High,1.0,292,1.0,8832.41,8832.41,Low Activity
6329,High,1.0,127,3.0,35865.6,11955.2,Regular
6326,High,1.0,172,1.0,11469.44,11469.44,Low Activity
6324,High,1.0,251,2.0,20004.53,10002.265,Low Activity
6323,High,1.0,196,1.0,7461.95,7461.95,Low Activity
6322,High,1.0,253,1.0,13570.88,13570.88,Low Activity
6321,High,1.0,156,3.0,22038.1,7346.033333333333,Regular
6320,High,1.0,105,1.0,25252.99,25252.99,Low Activity
2280,High,1.0,278,1.0,15777.37,15777.37,Low Activity
2277,High,1.0,124,4.0,54501.06,13625.265,High Value
2272,High,1.0,117,1.0,4071.93,4071.93,Low Activity
2270,High,1.0,78,1.0,16856.1,16856.1,Low Activity
2269,High,1.0,115,2.0,21842.63,10921.315,Low Activity
2268,High,1.0,95,2.0,16284.330000000002,8142.165000000001,Low Activity
2267,High,1.0,134,1.0,9962.96,9962.96,Low Activity
2266,High,1.0,159,4.0,40856.82,10214.205,Regular
2265,High,1.0,218,1.0,12690.25,12690.25,Low Activity
2264,High,1.0,140,3.0,46763.97,15587.99,High Value
2298,High,1.0,339,1.0,10778.71,10778.71,Low Activity
2297,High,1.0,257,2.0,12843.31,6421.655,Low Activity
2296,High,1.0,88,1.0,20652.58,20652.58,Low Activity
2293,High,1.0,159,2.0,15072.95,7536.475,Low Activity
2292,High,1.0,210,1.0,11373.74,11373.74,Low Activity
2289,High,1.0,167,4.0,54617.08,13654.27,High Value
2287,High,1.0,266,2.0,30526.51,15263.255,Low Activity
2285,High,1.0,104,1.0,9657.59,9657.59,Low Activity
2283,High,1.0,151,2.0,19914.24,9957.12,Low Activity
2281,High,1.0,168,2.0,20749.19,10374.595,Low Activity
6319,High,1.0,82,4.0,38213.61,9553.4025,Regular
6317,High,1.0,235,1.0,7636.52,7636.52,Low Activity
6313,High,1.0,126,3.0,40657.1,13552.366666666669,Regular
6311,High,1.0,240,1.0,9407.19,9407.19,Low Activity
2318,High,1.0,76,1.0,10093.11,10093.11,Low Activity
2317,High,1.0,132,3.0,20070.76,6690.253333333334,Regular
2316,High,1.0,197,2.0,12322.37,6161.185,Low Activity
2314,High,1.0,125,3.0,23159.81,7719.936666666666,Regular
2310,High,1.0,97,2.0,21883.87,10941.935,Low Activity
2309,High,1.0,153,4.0,37545.41,9386.3525,Regular
2306,High,1.0,180,1.0,9380.58,9380.58,Low Activity
2305,High,1.0,132,2.0,41527.81999999999,20763.91,Low Activity
2303,High,1.0,89,4.0,30507.37,7626.8425,Regular
2300,High,1.0,87,3.0,36512.64,12170.88,Regular
2299,High,1.0,109,2.0,15100.990000000002,7550.495000000001,Low Activity
6301,High,1.0,84,1.0,12833.15,12833.15,Low Activity
6299,High,1.0,178,1.0,8246.31,8246.31,Low Activity
6298,High,1.0,256,1.0,18987.56,18987.56,Low Activity
6297,High,1.0,230,1.0,14137.37,14137.37,Low Activity
6296,High,1.0,173,2.0,23883.04,11941.52,Low Activity
6295,High,1.0,198,1.0,15285.3,15285.3,Low Activity
6293,High,1.0,143,4.0,59006.55,14751.6375,High Value
6291,High,1.0,109,2.0,52112.66,26056.33,High Value
6287,High,1.0,80,3.0,20005.76,6668.586666666667,Regular
2333,High,1.0,269,2.0,18900.0,9450.0,Low Activity
2332,High,1.0,229,1.0,12395.84,12395.84,Low Activity
2329,High,1.0,164,3.0,24491.27,8163.756666666667,Regular
2328,High,1.0,160,2.0,22345.18,11172.59,Low Activity
2323,High,1.0,101,1.0,8717.86,8717.86,Low Activity
2322,High,1.0,228,1.0,12695.84,12695.84,Low Activity
2319,High,1.0,96,5.0,52894.86,10578.972,High Value
6285,High,1.0,229,4.0,52744.81,13186.2025,High Value
6283,High,1.0,169,2.0,9498.2,4749.1,Low Activity
6282,High,1.0,77,1.0,12422.22,12422.22,Low Activity
6279,High,1.0,162,1.0,7824.51,7824.51,Low Activity
6278,High,1.0,123,2.0,15472.67,7736.335,Low Activity
6277,High,1.0,185,3.0,28045.34,9348.446666666669,Regular
6275,High,1.0,230,1.0,19801.6,19801.6,Low Activity
6274,High,1.0,209,1.0,18553.21,18553.21,Low Activity
6272,High,1.0,238,1.0,7710.52,7710.52,Low Activity
2352,High,1.0,144,1.0,9482.67,9482.67,Low Activity
2351,High,1.0,191,1.0,13295.98,13295.98,Low Activity
2348,High,1.0,76,2.0,17158.45,8579.225,Low Activity
2347,High,1.0,249,1.0,11052.02,11052.02,Low Activity
2346,High,1.0,154,1.0,23860.95,23860.95,Low Activity
2345,High,1.0,288,1.0,4501.43,4501.43,Low Activity
2344,High,1.0,184,1.0,20990.17,20990.17,Low Activity
2339,High,1.0,355,1.0,6710.74,6710.74,Low Activity
2336,High,1.0,112,2.0,17973.72,8986.86,Low Activity
2335,High,1.0,342,1.0,22719.73,22719.73,Low Activity
6262,High,1.0,136,4.0,46196.78,11549.195,High Value
6258,High,1.0,171,3.0,43694.65,14564.883333333331,Regular
6252,High,1.0,124,3.0,38122.3,12707.433333333334,Regular
6251,High,1.0,140,1.0,7795.32,7795.32,Low Activity
6249,High,1.0,234,3.0,50329.27,16776.423333333336,High Value
6248,High,1.0,133,4.0,44229.76,11057.44,Regular
6247,High,1.0,227,3.0,25117.78,8372.593333333332,Regular
2367,High,1.0,183,2.0,30973.42,15486.71,Low Activity
2366,High,1.0,124,3.0,22748.07,7582.69,Regular
2365,High,1.0,110,2.0,21308.44,10654.22,Low Activity
2363,High,1.0,334,1.0,9036.59,9036.59,Low Activity
2359,High,1.0,237,3.0,46764.22,15588.073333333334,High Value
2357,High,1.0,275,1.0,14302.98,14302.98,Low Activity
2356,High,1.0,128,2.0,22455.06,11227.53,Low Activity
2355,High,1.0,199,1.0,11995.18,11995.18,Low Activity
2353,High,1.0,140,2.0,23704.49,11852.245,Low Activity
6244,High,1.0,326,1.0,2813.49,2813.49,Low Activity
6242,High,1.0,128,1.0,7791.58,7791.58,Low Activity
6240,High,1.0,265,1.0,10624.39,10624.39,Low Activity
6238,High,1.0,78,3.0,32870.369999999995,10956.79,Regular
6234,High,1.0,204,3.0,34725.719999999994,11575.239999999998,Regular
6232,High,1.0,340,1.0,3962.41,3962.41,Low Activity
6231,High,1.0,325,3.0,43589.15,14529.716666666667,Regular
6229,High,1.0,299,1.0,7615.68,7615.68,Low Activity
6227,High,1.0,153,2.0,25230.09,12615.045,Low Activity
2385,High,1.0,167,1.0,9708.87,9708.87,Low Activity
2384,High,1.0,144,2.0,14646.82,7323.41,Low Activity
2383,High,1.0,227,1.0,13644.06,13644.06,Low Activity
2382,High,1.0,178,3.0,35881.66,11960.553333333335,Regular
2379,High,1.0,74,5.0,38342.39,7668.478,Regular
2378,High,1.0,182,1.0,10803.72,10803.72,Low Activity
2377,High,1.0,237,2.0,20672.67,10336.335,Low Activity
2374,High,1.0,119,3.0,37149.82,12383.273333333333,Regular
2372,High,1.0,141,1.0,7290.32,7290.32,Low Activity
2371,High,1.0,224,2.0,17359.059999999998,8679.529999999999,Low Activity
2402,High,1.0,159,1.0,7721.72,7721.72,Low Activity
2401,High,1.0,217,1.0,8946.57,8946.57,Low Activity
2400,High,1.0,81,2.0,14854.580000000002,7427.290000000001,Low Activity
2399,High,1.0,227,1.0,16782.07,16782.07,Low Activity
2396,High,1.0,165,1.0,10387.39,10387.39,Low Activity
2395,High,1.0,76,2.0,26194.58,13097.29,Low Activity
2392,High,1.0,74,4.0,36467.56,9116.89,Regular
2391,High,1.0,212,2.0,25127.16,12563.58,Low Activity
2390,High,1.0,222,2.0,29533.06,14766.53,Low Activity
2388,High,1.0,142,5.0,46517.29,9303.458,High Value
6226,High,1.0,212,1.0,15385.1,15385.1,Low Activity
6225,High,1.0,169,1.0,6422.98,6422.98,Low Activity
6223,High,1.0,252,2.0,26222.0,13111.0,Low Activity
6222,High,1.0,153,2.0,13663.19,6831.594999999999,Low Activity
6220,High,1.0,96,4.0,26582.41,6645.6025,Regular
6218,High,1.0,91,3.0,21215.18,7071.7266666666665,Regular
6217,High,1.0,132,2.0,18578.22,9289.11,Low Activity
6216,High,1.0,79,1.0,12558.54,12558.54,Low Activity
6215,High,1.0,147,2.0,13477.47,6738.735000000001,Low Activity
6214,High,1.0,155,5.0,53056.04,10611.208,High Value
6213,High,1.0,159,1.0,7723.32,7723.32,Low Activity
6211,High,1.0,138,2.0,23306.24,11653.12,Low Activity
2423,High,1.0,171,2.0,30180.48,15090.24,Low Activity
2420,High,1.0,187,1.0,17390.56,17390.56,Low Activity
2417,High,1.0,193,1.0,9686.07,9686.07,Low Activity
2415,High,1.0,247,1.0,10514.18,10514.18,Low Activity
2413,High,1.0,166,1.0,3861.26,3861.26,Low Activity
2412,High,1.0,151,2.0,11351.24,5675.62,Low Activity
2411,High,1.0,225,1.0,15398.57,15398.57,Low Activity
2410,High,1.0,179,1.0,7887.3,7887.3,Low Activity
2408,High,1.0,167,3.0,37582.880000000005,12527.626666666669,Regular
2443,High,1.0,151,2.0,15496.240000000002,7748.120000000001,Low Activity
2441,High,1.0,239,1.0,9000.62,9000.62,Low Activity
2437,High,1.0,208,1.0,8265.12,8265.12,Low Activity
2433,High,1.0,197,2.0,20608.38,10304.19,Low Activity
2432,High,1.0,144,1.0,6017.14,6017.14,Low Activity
2430,High,1.0,100,2.0,14358.55,7179.275,Low Activity
2429,High,1.0,245,2.0,19357.84,9678.92,Low Activity
6207,High,1.0,81,3.0,30756.93,10252.31,Regular
6204,High,1.0,117,2.0,28177.43,14088.715,Low Activity
6200,High,1.0,241,3.0,50638.9,16879.633333333335,High Value
6199,High,1.0,134,3.0,32885.25,10961.75,Regular
6198,High,1.0,223,2.0,15537.64,7768.82,Low Activity
6196,High,1.0,91,1.0,7906.66,7906.66,Low Activity
6195,High,1.0,363,1.0,12233.05,12233.05,Low Activity
6192,High,1.0,146,1.0,3829.41,3829.41,Low Activity
6191,High,1.0,210,1.0,5994.37,5994.37,Low Activity
6190,High,1.0,188,1.0,3947.04,3947.04,Low Activity
2459,High,1.0,97,2.0,24839.98,12419.99,Low Activity
2458,High,1.0,119,1.0,5910.12,5910.12,Low Activity
2457,High,1.0,158,3.0,33762.19,11254.063333333334,Regular
2456,High,1.0,77,3.0,17093.46,5697.82,Regular
2453,High,1.0,83,2.0,27107.69,13553.845,Low Activity
2451,High,1.0,138,2.0,9809.88,4904.9400000000005,Low Activity
2449,High,1.0,362,1.0,6144.53,6144.53,Low Activity
2448,High,1.0,165,2.0,24272.76,12136.38,Low Activity
2444,High,1.0,178,2.0,35104.97,17552.485,Low Activity
6188,High,1.0,204,1.0,11148.52,11148.52,Low Activity
6187,High,1.0,87,2.0,20981.86,10490.93,Low Activity
6185,High,1.0,150,1.0,8728.16,8728.16,Low Activity
6183,High,1.0,176,1.0,18441.24,18441.24,Low Activity
6182,High,1.0,163,2.0,14477.34,7238.67,Low Activity
6178,High,1.0,177,3.0,35079.58,11693.193333333336,Regular
6177,High,1.0,88,6.0,73132.44,12188.74,High Value
6175,High,1.0,259,1.0,7966.93,7966.93,Low Activity
6172,High,1.0,254,2.0,19535.09,9767.545,Low Activity
6171,High,1.0,122,1.0,11115.83,11115.83,Low Activity
2476,High,1.0,123,2.0,31509.79,15754.895,Low Activity
2475,High,1.0,260,2.0,16534.91,8267.455,Low Activity
2473,High,1.0,132,5.0,50197.77,10039.554,High Value
2472,High,1.0,189,1.0,9631.81,9631.81,Low Activity
2471,High,1.0,80,2.0,21947.22,10973.61,Low Activity
2470,High,1.0,96,2.0,21795.53,10897.765,Low Activity
2469,High,1.0,140,3.0,34879.12,11626.373333333337,Regular
2467,High,1.0,86,1.0,4431.59,4431.59,Low Activity
2466,High,1.0,207,2.0,28795.88,14397.94,Low Activity
2465,High,1.0,170,1.0,8198.95,8198.95,Low Activity
6169,High,1.0,158,2.0,16810.98,8405.49,Low Activity
6167,High,1.0,157,3.0,37052.76,12350.92,Regular
6165,High,1.0,183,2.0,13286.11,6643.055,Low Activity
6162,High,1.0,153,2.0,33991.55,16995.775,Low Activity
6159,High,1.0,139,1.0,6281.81,6281.81,Low Activity
6158,High,1.0,220,2.0,39420.12,19710.06,Low Activity
6157,High,1.0,96,3.0,28936.86,9645.62,Regular
6156,High,1.0,142,2.0,30559.24,15279.62,Low Activity
6154,High,1.0,270,1.0,9854.23,9854.23,Low Activity
2494,High,1.0,119,2.0,15425.09,7712.545,Low Activity
2490,High,1.0,146,1.0,7346.72,7346.72,Low Activity
2488,High,1.0,293,1.0,6833.19,6833.19,Low Activity
2483,High,1.0,152,3.0,45278.83,15092.94333333333,Regular
2482,High,1.0,87,1.0,5177.93,5177.93,Low Activity
2481,High,1.0,133,2.0,18650.31,9325.155,Low Activity
6152,High,1.0,138,1.0,18279.48,18279.48,Low Activity
6151,High,1.0,206,1.0,6588.13,6588.13,Low Activity
6148,High,1.0,209,1.0,12907.66,12907.66,Low Activity
6142,High,1.0,180,2.0,16702.09,8351.045,Low Activity
6141,High,1.0,159,3.0,15941.93,5313.9766666666665,Regular
6139,High,1.0,179,2.0,18693.93,9346.965,Low Activity
6138,High,1.0,135,2.0,31661.19,15830.595,Low Activity
6135,High,1.0,249,2.0,39336.37,19668.185,Low Activity
2515,High,1.0,83,3.0,20023.86,6674.62,Regular
2513,High,1.0,154,3.0,27591.58,9197.193333333333,Regular
2512,High,1.0,177,5.0,51658.86,10331.772,High Value
2511,High,1.0,236,1.0,6368.1,6368.1,Low Activity
2510,High,1.0,152,2.0,31782.57,15891.285,Low Activity
2508,High,1.0,263,1.0,11197.62,11197.62,Low Activity
2507,High,1.0,334,1.0,11391.06,11391.06,Low Activity
2506,High,1.0,358,1.0,9128.5,9128.5,Low Activity
2505,High,1.0,89,4.0,41071.21000000001,10267.802500000002,Regular
2504,High,1.0,201,1.0,10180.89,10180.89,Low Activity
2502,High,1.0,307,2.0,16025.9,8012.95,Low Activity
2500,High,1.0,161,2.0,18449.37,9224.685,Low Activity
2499,High,1.0,248,2.0,20181.63,10090.815,Low Activity
2497,High,1.0,202,2.0,11347.78,5673.89,Low Activity
2532,High,1.0,156,2.0,19308.81,9654.405,Low Activity
2531,High,1.0,276,1.0,7676.43,7676.43,Low Activity
2530,High,1.0,204,2.0,19279.64,9639.82,Low Activity
2528,High,1.0,97,1.0,15106.32,15106.32,Low Activity
2523,High,1.0,82,4.0,47540.84,11885.21,High Value
2520,High,1.0,254,1.0,13682.96,13682.96,Low Activity
2519,High,1.0,88,3.0,27242.68,9080.893333333332,Regular
2518,High,1.0,212,4.0,42187.21,10546.8025,Regular
6133,High,1.0,183,2.0,33658.67,16829.335,Low Activity
6125,High,1.0,269,1.0,6825.62,6825.62,Low Activity
6123,High,1.0,173,3.0,43130.5,14376.833333333334,Regular
6122,High,1.0,163,1.0,9679.5,9679.5,Low Activity
6121,High,1.0,204,2.0,19856.0,9928.0,Low Activity
6120,High,1.0,85,1.0,6370.72,6370.72,Low Activity
6119,High,1.0,105,2.0,20296.74,10148.37,Low Activity
6118,High,1.0,148,1.0,14369.41,14369.41,Low Activity
2554,High,1.0,77,2.0,17348.9,8674.45,Low Activity
2553,High,1.0,246,1.0,10189.75,10189.75,Low Activity
2552,High,1.0,168,4.0,55565.86,13891.465,High Value
2551,High,1.0,99,2.0,20156.39,10078.195,Low Activity
2550,High,1.0,268,2.0,12969.49,6484.745,Low Activity
2549,High,1.0,132,1.0,14417.13,14417.13,Low Activity
2547,High,1.0,346,1.0,14814.12,14814.12,Low Activity
2546,High,1.0,305,1.0,9513.77,9513.77,Low Activity
2543,High,1.0,222,2.0,17454.75,8727.375,Low Activity
2541,High,1.0,178,1.0,5495.82,5495.82,Low Activity
2538,High,1.0,285,1.0,12670.32,12670.32,Low Activity
2537,High,1.0,125,3.0,29778.48,9926.16,Regular
2535,High,1.0,77,3.0,46802.96,15600.986666666666,High Value
2570,High,1.0,143,5.0,61981.75,12396.35,High Value
2569,High,1.0,179,1.0,23748.41,23748.41,Low Activity
2567,High,1.0,310,3.0,24147.79,8049.263333333333,Regular
2557,High,1.0,73,3.0,47840.84,15946.946666666665,High Value
2556,High,1.0,356,1.0,21624.95,21624.95,Low Activity
6113,High,1.0,154,1.0,14456.54,14456.54,Low Activity
6111,High,1.0,77,2.0,24138.05,12069.025,Low Activity
6110,High,1.0,144,2.0,25407.72,12703.86,Low Activity
6107,High,1.0,99,3.0,27580.55,9193.516666666666,Regular
6105,High,1.0,196,2.0,34580.1,17290.05,Low Activity
6102,High,1.0,115,3.0,37786.98,12595.659999999998,Regular
6101,High,1.0,129,1.0,13728.32,13728.32,Low Activity
6098,High,1.0,262,1.0,6884.72,6884.72,Low Activity
6096,High,1.0,263,2.0,22106.97,11053.485,Low Activity
6095,High,1.0,241,1.0,16182.47,16182.47,Low Activity
6093,High,1.0,121,1.0,3575.7,3575.7,Low Activity
6092,High,1.0,222,2.0,32671.19,16335.595,Low Activity
6091,High,1.0,229,1.0,10363.54,10363.54,Low Activity
6089,High,1.0,125,2.0,12712.8,6356.4,Low Activity
6088,High,1.0,252,1.0,13763.0,13763.0,Low Activity
6087,High,1.0,289,1.0,16261.65,16261.65,Low Activity
6086,High,1.0,229,3.0,34826.17,11608.723333333332,Regular
6084,High,1.0,340,1.0,14668.44,14668.44,Low Activity
6082,High,1.0,151,2.0,18754.0,9377.0,Low Activity
6081,High,1.0,145,5.0,46012.84,9202.568,High Value
6080,High,1.0,355,1.0,12116.83,12116.83,Low Activity
2590,High,1.0,249,2.0,17407.34,8703.67,Low Activity
2589,High,1.0,115,3.0,29572.49,9857.496666666666,Regular
2588,High,1.0,288,1.0,9465.28,9465.28,Low Activity
2587,High,1.0,94,4.0,34925.43,8731.3575,Regular
2585,High,1.0,305,1.0,8236.11,8236.11,Low Activity
2583,High,1.0,102,2.0,23052.5,11526.25,Low Activity
2580,High,1.0,225,2.0,33959.619999999995,16979.809999999998,Low Activity
2577,High,1.0,149,3.0,34967.31,11655.77,Regular
2576,High,1.0,142,3.0,28098.76,9366.253333333334,Regular
2610,High,1.0,326,1.0,9847.3,9847.3,Low Activity
2609,High,1.0,206,2.0,28680.28,14340.14,Low Activity
2608,High,1.0,202,2.0,29395.36,14697.68,Low Activity
2607,High,1.0,108,1.0,3346.99,3346.99,Low Activity
2606,High,1.0,246,2.0,12851.95,6425.975,Low Activity
2605,High,1.0,281,1.0,16613.27,16613.27,Low Activity
2604,High,1.0,299,1.0,11302.95,11302.95,Low Activity
2603,High,1.0,101,2.0,20639.4,10319.7,Low Activity
2602,High,1.0,150,2.0,16698.309999999998,8349.154999999999,Low Activity
2597,High,1.0,194,1.0,4964.77,4964.77,Low Activity
6078,High,1.0,114,1.0,4536.06,4536.06,Low Activity
6077,High,1.0,169,2.0,16639.4,8319.7,Low Activity
6075,High,1.0,171,2.0,21046.63,10523.315,Low Activity
6072,High,1.0,121,2.0,18327.87,9163.935,Low Activity
6071,High,1.0,328,1.0,21125.84,21125.84,Low Activity
6069,High,1.0,331,1.0,12771.11,12771.11,Low Activity
6067,High,1.0,129,2.0,28127.19,14063.595,Low Activity
6066,High,1.0,241,2.0,26888.12,13444.06,Low Activity
6065,High,1.0,236,1.0,19534.61,19534.61,Low Activity
6062,High,1.0,119,4.0,41454.57,10363.6425,Regular
2630,High,1.0,264,1.0,7381.86,7381.86,Low Activity
2621,High,1.0,97,3.0,18466.12,6155.373333333333,Regular
2620,High,1.0,242,2.0,23604.24,11802.12,Low Activity
2619,High,1.0,283,1.0,15631.27,15631.27,Low Activity
2617,High,1.0,154,1.0,6834.56,6834.56,Low Activity
2615,High,1.0,146,1.0,5458.71,5458.71,Low Activity
2614,High,1.0,116,2.0,17138.67,8569.335,Low Activity
2612,High,1.0,311,1.0,15663.1,15663.1,Low Activity
6057,High,1.0,196,1.0,16223.07,16223.07,Low Activity
6056,High,1.0,308,1.0,22496.52,22496.52,Low Activity
6053,High,1.0,146,2.0,10070.22,5035.11,Low Activity
6051,High,1.0,358,1.0,9065.9,9065.9,Low Activity
6046,High,1.0,187,2.0,14386.88,7193.4400000000005,Low Activity
6042,High,1.0,145,1.0,15325.23,15325.23,Low Activity
6041,High,1.0,164,3.0,31854.35,10618.116666666669,Regular
2650,High,1.0,297,1.0,11170.77,11170.77,Low Activity
2649,High,1.0,181,3.0,45678.07,15226.023333333333,Regular
2646,High,1.0,108,4.0,40712.78999999999,10178.197499999998,Regular
2645,High,1.0,261,1.0,14947.62,14947.62,Low Activity
2644,High,1.0,86,3.0,23011.54,7670.513333333333,Regular
2638,High,1.0,275,2.0,28870.78,14435.39,Low Activity
2637,High,1.0,102,3.0,42380.8,14126.933333333334,Regular
2636,High,1.0,77,3.0,28588.49,9529.496666666668,Regular
2634,High,1.0,173,1.0,8431.24,8431.24,Low Activity
6040,High,1.0,80,3.0,31914.22,10638.073333333334,Regular
6037,High,1.0,111,1.0,5406.53,5406.53,Low Activity
6036,High,1.0,195,2.0,17145.54,8572.77,Low Activity
6035,High,1.0,141,3.0,49954.52,16651.506666666668,High Value
6034,High,1.0,333,1.0,8292.2,8292.2,Low Activity
6030,High,1.0,222,2.0,28169.15,14084.575,Low Activity
6029,High,1.0,192,2.0,17489.52,8744.76,Low Activity
6027,High,1.0,85,1.0,23655.19,23655.19,Low Activity
6026,High,1.0,115,1.0,26289.88,26289.88,Low Activity
2668,High,1.0,94,4.0,54203.0,13550.75,High Value
2661,High,1.0,112,2.0,25743.7,12871.85,Low Activity
2658,High,1.0,107,1.0,26038.84,26038.84,Low Activity
2656,High,1.0,95,4.0,45598.1,11399.525,Regular
2655,High,1.0,297,1.0,2826.79,2826.79,Low Activity
2651,High,1.0,283,1.0,13355.69,13355.69,Low Activity
6023,High,1.0,222,3.0,24942.32,8314.106666666667,Regular
6022,High,1.0,357,1.0,4496.73,4496.73,Low Activity
6020,High,1.0,240,1.0,10227.03,10227.03,Low Activity
6019,High,1.0,145,3.0,23034.04,7678.013333333333,Regular
6018,High,1.0,77,5.0,38522.37,7704.473999999999,Regular
6017,High,1.0,78,2.0,18384.91,9192.455,Low Activity
6016,High,1.0,114,1.0,3444.93,3444.93,Low Activity
6011,High,1.0,180,2.0,14652.4,7326.2,Low Activity
6009,High,1.0,143,4.0,43269.93,10817.4825,Regular
6007,High,1.0,248,2.0,21767.550000000003,10883.775,Low Activity
6005,High,1.0,180,2.0,17948.95,8974.475,Low Activity
2687,High,1.0,156,1.0,7456.31,7456.31,Low Activity
2686,High,1.0,115,5.0,61927.19,12385.438,High Value
2681,High,1.0,173,1.0,4942.18,4942.18,Low Activity
2678,High,1.0,349,1.0,14313.86,14313.86,Low Activity
2677,High,1.0,79,3.0,36366.49,12122.163333333332,Regular
2675,High,1.0,107,3.0,32020.74,10673.58,Regular
2673,High,1.0,120,3.0,49736.87,16578.956666666665,High Value
2671,High,1.0,87,2.0,20634.96,10317.48,Low Activity
2706,High,1.0,151,2.0,20005.92,10002.96,Low Activity
2705,High,1.0,126,2.0,32902.11,16451.055,Low Activity
2704,High,1.0,109,4.0,50517.57,12629.3925,High Value
2699,High,1.0,214,1.0,9941.1,9941.1,Low Activity
2697,High,1.0,80,1.0,10942.56,10942.56,Low Activity
2693,High,1.0,82,2.0,18430.89,9215.445,Low Activity
2689,High,1.0,191,2.0,16061.74,8030.87,Low Activity
2688,High,1.0,74,2.0,38684.51,19342.255,Low Activity
6003,High,1.0,90,6.0,83994.45999999999,13999.076666666666,High Value
6002,High,1.0,175,3.0,24191.91,8063.97,Regular
6001,High,1.0,101,2.0,32039.93,16019.965,Low Activity
6000,High,1.0,190,2.0,29839.300000000003,14919.65,Low Activity
5999,High,1.0,297,1.0,19554.27,19554.27,Low Activity
5998,High,1.0,214,2.0,32357.27,16178.634999999998,Low Activity
5997,High,1.0,237,1.0,11340.18,11340.18,Low Activity
5993,High,1.0,276,1.0,16113.59,16113.59,Low Activity
5991,High,1.0,88,2.0,41460.9,20730.45,Low Activity
5990,High,1.0,302,1.0,2814.04,2814.04,Low Activity
2722,High,1.0,228,1.0,13342.5,13342.5,Low Activity
2720,High,1.0,117,3.0,19819.28,6606.426666666666,Regular
2719,High,1.0,137,3.0,40590.86,13530.286666666669,Regular
2717,High,1.0,237,3.0,33435.02,11145.006666666666,Regular
2715,High,1.0,258,1.0,10894.09,10894.09,Low Activity
2713,High,1.0,153,5.0,54136.11,10827.222,High Value
2712,High,1.0,95,2.0,22952.44,11476.22,Low Activity
2710,High,1.0,207,3.0,25727.120000000003,8575.706666666667,Regular
2709,High,1.0,94,2.0,19261.89,9630.945,Low Activity
2707,High,1.0,175,3.0,30443.34,10147.78,Regular
5983,High,1.0,364,1.0,12732.69,12732.69,Low Activity
5978,High,1.0,110,2.0,29236.46,14618.23,Low Activity
5976,High,1.0,193,2.0,23467.29,11733.645,Low Activity
5972,High,1.0,94,1.0,3598.94,3598.94,Low Activity
5971,High,1.0,131,2.0,23604.4,11802.2,Low Activity
5968,High,1.0,201,1.0,16381.94,16381.94,Low Activity
2742,High,1.0,84,3.0,18193.24,6064.413333333333,Regular
2740,High,1.0,92,4.0,49736.57,12434.1425,High Value
2738,High,1.0,202,2.0,12700.1,6350.05,Low Activity
2737,High,1.0,201,2.0,37440.03,18720.015,Low Activity
2733,High,1.0,215,2.0,25124.01,12562.005,Low Activity
2732,High,1.0,80,2.0,37805.01,18902.505,Low Activity
2728,High,1.0,287,1.0,16333.93,16333.93,Low Activity
2726,High,1.0,140,1.0,19516.86,19516.86,Low Activity
2725,High,1.0,78,1.0,16167.49,16167.49,Low Activity
5962,High,1.0,320,1.0,19606.98,19606.98,Low Activity
5959,High,1.0,185,3.0,42079.13,14026.376666666663,Regular
5958,High,1.0,182,1.0,8027.81,8027.81,Low Activity
5956,High,1.0,180,1.0,16547.32,16547.32,Low Activity
5954,High,1.0,119,1.0,5977.78,5977.78,Low Activity
5953,High,1.0,119,3.0,29745.07,9915.023333333333,Regular
5949,High,1.0,150,2.0,17449.940000000002,8724.970000000001,Low Activity
2767,High,1.0,337,1.0,11144.75,11144.75,Low Activity
2766,High,1.0,176,2.0,11138.77,5569.385,Low Activity
2761,High,1.0,115,2.0,25236.94,12618.47,Low Activity
2759,High,1.0,173,3.0,30696.87,10232.29,Regular
2758,High,1.0,237,2.0,15317.12,7658.559999999999,Low Activity
2757,High,1.0,206,3.0,32684.27,10894.756666666666,Regular
2755,High,1.0,200,3.0,46364.59,15454.863333333333,High Value
2754,High,1.0,87,2.0,20656.08,10328.04,Low Activity
2753,High,1.0,181,1.0,11662.95,11662.95,Low Activity
2751,High,1.0,88,3.0,28990.6,9663.533333333333,Regular
2750,High,1.0,105,3.0,37295.75,12431.916666666666,Regular
2749,High,1.0,210,2.0,21753.16,10876.58,Low Activity
2745,High,1.0,158,3.0,52491.76,17497.253333333334,High Value
2743,High,1.0,87,1.0,10672.1,10672.1,Low Activity
2778,High,1.0,114,2.0,24369.89,12184.945,Low Activity
2777,High,1.0,205,2.0,30988.93,15494.465,Low Activity
2774,High,1.0,133,3.0,20950.77,6983.589999999999,Regular
2773,High,1.0,134,4.0,64136.59,16034.1475,High Value
2772,High,1.0,227,3.0,40330.09,13443.363333333333,Regular
2771,High,1.0,77,2.0,8142.469999999999,4071.235,Low Activity
2770,High,1.0,180,3.0,43325.04,14441.68,Regular
2769,High,1.0,194,2.0,14883.45,7441.724999999999,Low Activity
2768,High,1.0,283,1.0,10687.59,10687.59,Low Activity
5948,High,1.0,165,2.0,12416.5,6208.25,Low Activity
5944,High,1.0,199,1.0,14823.78,14823.78,Low Activity
5943,High,1.0,116,2.0,32032.68,16016.34,Low Activity
5941,High,1.0,194,2.0,15570.32,7785.16,Low Activity
5940,High,1.0,80,1.0,13973.83,13973.83,Low Activity
5936,High,1.0,185,1.0,16793.52,16793.52,Low Activity
5935,High,1.0,190,3.0,24986.24,8328.746666666666,Regular
5934,High,1.0,176,1.0,8219.07,8219.07,Low Activity
5932,High,1.0,261,2.0,12276.35,6138.175,Low Activity
5931,High,1.0,310,2.0,9192.77,4596.385,Low Activity
2801,High,1.0,80,2.0,30248.64,15124.32,Low Activity
2799,High,1.0,160,3.0,49773.0,16591.0,High Value
2798,High,1.0,99,3.0,46061.85,15353.95,High Value
2795,High,1.0,150,2.0,23250.21,11625.105,Low Activity
2794,High,1.0,123,2.0,15970.93,7985.465,Low Activity
2793,High,1.0,134,1.0,6975.47,6975.47,Low Activity
2792,High,1.0,78,2.0,27422.92,13711.46,Low Activity
2787,High,1.0,94,3.0,20756.53,6918.843333333333,Regular
2786,High,1.0,214,1.0,7029.07,7029.07,Low Activity
2785,High,1.0,346,2.0,10538.59,5269.295,Low Activity
2784,High,1.0,74,5.0,62036.85,12407.37,High Value
5930,High,1.0,302,1.0,4949.71,4949.71,Low Activity
5929,High,1.0,81,2.0,12210.25,6105.125,Low Activity
5928,High,1.0,272,1.0,23652.69,23652.69,Low Activity
5924,High,1.0,165,3.0,20741.25,6913.75,Regular
5923,High,1.0,264,2.0,21918.25,10959.125,Low Activity
5920,High,1.0,101,2.0,23559.57,11779.785,Low Activity
5917,High,1.0,287,1.0,18528.44,18528.44,Low Activity
5916,High,1.0,245,1.0,13301.45,13301.45,Low Activity
2823,High,1.0,106,6.0,77274.66,12879.11,High Value
2819,High,1.0,117,4.0,72217.31,18054.3275,High Value
2815,High,1.0,320,1.0,7961.96,7961.96,Low Activity
2810,High,1.0,178,2.0,24704.96,12352.48,Low Activity
2809,High,1.0,351,1.0,4857.57,4857.57,Low Activity
2808,High,1.0,297,1.0,15585.51,15585.51,Low Activity
2806,High,1.0,135,4.0,86130.01,21532.5025,High Value
2805,High,1.0,172,2.0,15571.55,7785.775000000001,Low Activity
2803,High,1.0,198,2.0,42155.490000000005,21077.745000000003,Low Activity
2802,High,1.0,74,2.0,19254.25,9627.125,Low Activity
2841,High,1.0,298,1.0,10321.67,10321.67,Low Activity
2839,High,1.0,199,2.0,24600.11,12300.055,Low Activity
2837,High,1.0,84,2.0,20312.69,10156.345,Low Activity
2835,High,1.0,223,1.0,7306.38,7306.38,Low Activity
2834,High,1.0,180,2.0,19317.13,9658.565,Low Activity
2833,High,1.0,178,1.0,12369.42,12369.42,Low Activity
2829,High,1.0,96,1.0,17646.54,17646.54,Low Activity
2828,High,1.0,215,1.0,4450.13,4450.13,Low Activity
2827,High,1.0,96,2.0,22159.07,11079.535,Low Activity
2825,High,1.0,77,3.0,29782.57,9927.523333333333,Regular
2824,High,1.0,115,2.0,34822.25,17411.125,Low Activity
5911,High,1.0,221,1.0,5146.84,5146.84,Low Activity
5908,High,1.0,234,2.0,17532.35,8766.175,Low Activity
5906,High,1.0,139,2.0,11384.22,5692.11,Low Activity
5905,High,1.0,219,3.0,40213.03,13404.343333333332,Regular
5903,High,1.0,190,1.0,8904.0,8904.0,Low Activity
5902,High,1.0,73,2.0,19470.45,9735.225,Low Activity
5901,High,1.0,160,2.0,44425.880000000005,22212.94,Low Activity
5899,High,1.0,133,3.0,20639.08,6879.693333333334,Regular
5895,High,1.0,90,4.0,56392.31,14098.0775,High Value
5894,High,1.0,249,4.0,47932.0,11983.0,High Value
2860,High,1.0,341,1.0,10974.31,10974.31,Low Activity
2857,High,1.0,256,1.0,15599.26,15599.26,Low Activity
2855,High,1.0,109,2.0,25359.46,12679.73,Low Activity
2854,High,1.0,303,1.0,4160.29,4160.29,Low Activity
2853,High,1.0,95,3.0,33867.990000000005,11289.330000000002,Regular
2852,High,1.0,166,4.0,44750.15,11187.5375,Regular
2849,High,1.0,115,3.0,40295.51,13431.836666666664,Regular
2843,High,1.0,187,2.0,29549.24,14774.62,Low Activity
2842,High,1.0,183,3.0,30632.04,10210.68,Regular
5893,High,1.0,311,1.0,9924.45,9924.45,Low Activity
5892,High,1.0,73,3.0,30054.42,10018.14,Regular
5890,High,1.0,104,1.0,12842.68,12842.68,Low Activity
5888,High,1.0,345,1.0,9568.78,9568.78,Low Activity
5883,High,1.0,110,4.0,32679.71,8169.9275,Regular
5882,High,1.0,147,1.0,8256.36,8256.36,Low Activity
5881,High,1.0,139,2.0,23028.42,11514.21,Low Activity
5878,High,1.0,329,1.0,16332.46,16332.46,Low Activity
5877,High,1.0,139,3.0,24161.34,8053.78,Regular
2875,High,1.0,77,1.0,12710.13,12710.13,Low Activity
2874,High,1.0,251,1.0,7695.5,7695.5,Low Activity
2872,High,1.0,98,2.0,16307.41,8153.705,Low Activity
2871,High,1.0,336,1.0,4629.84,4629.84,Low Activity
2870,High,1.0,88,1.0,12635.16,12635.16,Low Activity
2869,High,1.0,142,2.0,12683.34,6341.67,Low Activity
2868,High,1.0,154,1.0,20429.09,20429.09,Low Activity
2867,High,1.0,116,1.0,11592.28,11592.28,Low Activity
2866,High,1.0,130,1.0,12490.47,12490.47,Low Activity
2864,High,1.0,348,1.0,4824.18,4824.18,Low Activity
2863,High,1.0,214,2.0,17930.16,8965.08,Low Activity
2862,High,1.0,229,2.0,23658.01,11829.005,Low Activity
2896,High,1.0,208,1.0,9964.56,9964.56,Low Activity
2895,High,1.0,151,2.0,20340.79,10170.395,Low Activity
2893,High,1.0,301,1.0,7353.22,7353.22,Low Activity
2892,High,1.0,248,1.0,10175.14,10175.14,Low Activity
2888,High,1.0,94,1.0,14201.36,14201.36,Low Activity
2886,High,1.0,166,2.0,21482.93,10741.465,Low Activity
2885,High,1.0,175,2.0,19476.04,9738.02,Low Activity
2884,High,1.0,143,1.0,7065.97,7065.97,Low Activity
2882,High,1.0,294,1.0,13964.37,13964.37,Low Activity
2881,High,1.0,166,3.0,39191.19,13063.73,Regular
2880,High,1.0,115,1.0,11620.98,11620.98,Low Activity
2879,High,1.0,348,1.0,12043.76,12043.76,Low Activity
2878,High,1.0,283,3.0,36051.43,12017.143333333332,Regular
2915,High,1.0,206,1.0,2921.46,2921.46,Low Activity
2913,High,1.0,91,3.0,36375.12,12125.04,Regular
2911,High,1.0,242,1.0,17799.87,17799.87,Low Activity
2910,High,1.0,141,2.0,24867.4,12433.7,Low Activity
2908,High,1.0,254,1.0,6507.95,6507.95,Low Activity
2907,High,1.0,162,2.0,25856.69,12928.345,Low Activity
2905,High,1.0,177,1.0,5397.17,5397.17,Low Activity
2904,High,1.0,152,2.0,21742.76,10871.38,Low Activity
2903,High,1.0,358,1.0,7518.47,7518.47,Low Activity
2902,High,1.0,76,2.0,19315.12,9657.56,Low Activity
2901,High,1.0,150,4.0,44235.87,11058.9675,Regular
2899,High,1.0,212,1.0,10895.57,10895.57,Low Activity
5875,High,1.0,171,2.0,16694.75,8347.375,Low Activity
5874,High,1.0,197,2.0,15230.580000000002,7615.290000000001,Low Activity
5873,High,1.0,92,2.0,26489.73,13244.865,Low Activity
5872,High,1.0,190,2.0,29920.15,14960.075,Low Activity
5871,High,1.0,119,1.0,3397.44,3397.44,Low Activity
5869,High,1.0,101,1.0,7744.87,7744.87,Low Activity
5868,High,1.0,151,1.0,3542.76,3542.76,Low Activity
5867,High,1.0,326,1.0,18011.88,18011.88,Low Activity
5866,High,1.0,79,1.0,5064.41,5064.41,Low Activity
5860,High,1.0,216,1.0,8104.54,8104.54,Low Activity
5859,High,1.0,188,2.0,14563.240000000002,7281.620000000001,Low Activity
5858,High,1.0,100,3.0,47342.24,15780.746666666666,High Value
2935,High,1.0,91,3.0,47624.23,15874.743333333332,High Value
2934,High,1.0,333,1.0,22522.21,22522.21,Low Activity
2930,High,1.0,308,1.0,12351.32,12351.32,Low Activity
2929,High,1.0,81,3.0,44945.52,14981.840000000002,Regular
2928,High,1.0,119,5.0,49582.9,9916.58,High Value
2926,High,1.0,266,1.0,3568.23,3568.23,Low Activity
2924,High,1.0,76,3.0,14973.14,4991.046666666666,Regular
2923,High,1.0,73,2.0,14727.01,7363.505,Low Activity
2922,High,1.0,75,3.0,34827.92,11609.306666666664,Regular
2917,High,1.0,181,2.0,38174.82,19087.41,Low Activity
2955,High,1.0,186,4.0,33627.66,8406.915,Regular
2954,High,1.0,160,1.0,16365.7,16365.7,Low Activity
2953,High,1.0,298,2.0,17287.83,8643.915,Low Activity
2952,High,1.0,73,4.0,58423.9,14605.975,High Value
2950,High,1.0,136,4.0,61819.48,15454.87,High Value
2949,High,1.0,151,1.0,11024.94,11024.94,Low Activity
2947,High,1.0,220,2.0,20121.41,10060.705,Low Activity
2945,High,1.0,194,2.0,29195.94,14597.97,Low Activity
2941,High,1.0,156,3.0,36328.22,12109.406666666668,Regular
2938,High,1.0,174,2.0,19560.24,9780.12,Low Activity
5857,High,1.0,96,1.0,12806.51,12806.51,Low Activity
5854,High,1.0,74,2.0,19932.82,9966.41,Low Activity
5850,High,1.0,135,2.0,11984.05,5992.025,Low Activity
5849,High,1.0,163,1.0,12751.87,12751.87,Low Activity
5848,High,1.0,345,2.0,10260.75,5130.375,Low Activity
5847,High,1.0,102,3.0,40988.79,13662.93,Regular
5845,High,1.0,78,1.0,6090.79,6090.79,Low Activity
5844,High,1.0,123,1.0,6105.86,6105.86,Low Activity
5842,High,1.0,237,2.0,19205.78,9602.89,Low Activity
2971,High,1.0,288,1.0,3826.25,3826.25,Low Activity
2968,High,1.0,152,1.0,19052.79,19052.79,Low Activity
2967,High,1.0,116,2.0,27251.03,13625.515,Low Activity
2966,High,1.0,117,1.0,6549.0,6549.0,Low Activity
2965,High,1.0,357,1.0,22477.43,22477.43,Low Activity
2964,High,1.0,106,3.0,44256.74,14752.246666666666,Regular
2962,High,1.0,111,3.0,54255.63,18085.21,High Value
2961,High,1.0,92,2.0,17149.010000000002,8574.505000000001,Low Activity
2960,High,1.0,263,1.0,23482.39,23482.39,Low Activity
2959,High,1.0,167,2.0,25800.42,12900.21,Low Activity
2957,High,1.0,209,1.0,14759.28,14759.28,Low Activity
2956,High,1.0,163,4.0,38315.44,9578.86,Regular
2991,High,1.0,77,2.0,15951.58,7975.79,Low Activity
2988,High,1.0,101,3.0,30617.11,10205.703333333331,Regular
2986,High,1.0,126,2.0,36055.72,18027.86,Low Activity
2985,High,1.0,176,2.0,19540.12,9770.06,Low Activity
2983,High,1.0,74,2.0,27615.91,13807.955,Low Activity
2982,High,1.0,203,1.0,7648.54,7648.54,Low Activity
2976,High,1.0,126,1.0,15748.46,15748.46,Low Activity
2974,High,1.0,136,1.0,6048.64,6048.64,Low Activity
5840,High,1.0,195,3.0,51302.73,17100.91,High Value
5838,High,1.0,362,1.0,9657.15,9657.15,Low Activity
5837,High,1.0,225,1.0,14862.93,14862.93,Low Activity
5835,High,1.0,191,2.0,19247.89,9623.945,Low Activity
5831,High,1.0,179,4.0,54253.32,13563.33,High Value
5829,High,1.0,103,2.0,16369.93,8184.965,Low Activity
5827,High,1.0,328,1.0,5954.83,5954.83,Low Activity
3011,High,1.0,160,1.0,5425.46,5425.46,Low Activity
3008,High,1.0,363,1.0,12091.87,12091.87,Low Activity
3007,High,1.0,106,2.0,15559.7,7779.85,Low Activity
3006,High,1.0,102,2.0,28658.15,14329.075,Low Activity
3000,High,1.0,95,4.0,47880.59,11970.1475,High Value
2999,High,1.0,79,4.0,41791.04,10447.76,Regular
2997,High,1.0,324,1.0,12306.3,12306.3,Low Activity
2994,High,1.0,152,3.0,21958.96,7319.653333333333,Regular
5815,High,1.0,132,2.0,22107.56,11053.78,Low Activity
5814,High,1.0,245,1.0,13747.88,13747.88,Low Activity
5813,High,1.0,281,1.0,3736.75,3736.75,Low Activity
5812,High,1.0,76,1.0,7252.07,7252.07,Low Activity
5811,High,1.0,82,6.0,52949.87,8824.978333333334,High Value
5807,High,1.0,191,2.0,25334.57,12667.285,Low Activity
5806,High,1.0,147,1.0,11783.73,11783.73,Low Activity
5804,High,1.0,136,2.0,30760.34,15380.17,Low Activity
3029,High,1.0,74,2.0,20600.53,10300.265,Low Activity
3027,High,1.0,96,3.0,22613.77,7537.923333333333,Regular
3023,High,1.0,219,1.0,14204.63,14204.63,Low Activity
3020,High,1.0,144,3.0,40294.37,13431.456666666663,Regular
3019,High,1.0,128,3.0,44295.08,14765.026666666668,Regular
3018,High,1.0,154,3.0,32389.35,10796.45,Regular
3015,High,1.0,147,2.0,22732.59,11366.295,Low Activity
3014,High,1.0,157,2.0,29230.870000000003,14615.435,Low Activity
3012,High,1.0,118,5.0,76306.31,15261.262,High Value
5801,High,1.0,99,1.0,10511.61,10511.61,Low Activity
5799,High,1.0,106,1.0,9971.56,9971.56,Low Activity
5798,High,1.0,80,1.0,21007.9,21007.9,Low Activity
5796,High,1.0,363,1.0,15576.39,15576.39,Low Activity
5795,High,1.0,172,2.0,18618.59,9309.295,Low Activity
5794,High,1.0,236,2.0,25745.08,12872.54,Low Activity
5792,High,1.0,131,3.0,49176.26,16392.086666666666,High Value
5791,High,1.0,170,2.0,32540.68,16270.34,Low Activity
3047,High,1.0,178,4.0,49943.03,12485.7575,High Value
3040,High,1.0,83,2.0,35145.350000000006,17572.675000000003,Low Activity
3038,High,1.0,73,3.0,29766.68,9922.226666666667,Regular
3034,High,1.0,317,1.0,8444.53,8444.53,Low Activity
3033,High,1.0,162,2.0,11584.68,5792.34,Low Activity
3031,High,1.0,246,2.0,34052.2,17026.1,Low Activity
5785,High,1.0,203,1.0,8052.16,8052.16,Low Activity
5784,High,1.0,228,1.0,13071.19,13071.19,Low Activity
5783,High,1.0,104,3.0,46734.63,15578.21,High Value
5782,High,1.0,338,1.0,11182.03,11182.03,Low Activity
5781,High,1.0,123,1.0,14738.21,14738.21,Low Activity
5780,High,1.0,240,1.0,11266.04,11266.04,Low Activity
5779,High,1.0,211,3.0,21903.87,7301.29,Regular
5775,High,1.0,191,2.0,21399.88,10699.94,Low Activity
5773,High,1.0,100,2.0,22967.19,11483.595,Low Activity
5772,High,1.0,300,3.0,36544.36,12181.453333333331,Regular
5770,High,1.0,154,2.0,9433.23,4716.615,Low Activity
5767,High,1.0,328,1.0,6446.01,6446.01,Low Activity
3066,High,1.0,142,2.0,20754.98,10377.49,Low Activity
3063,High,1.0,228,1.0,8187.76,8187.76,Low Activity
3062,High,1.0,341,1.0,5339.75,5339.75,Low Activity
3060,High,1.0,224,1.0,6486.65,6486.65,Low Activity
3059,High,1.0,306,1.0,24701.03,24701.03,Low Activity
3055,High,1.0,129,2.0,26438.98,13219.49,Low Activity
3054,High,1.0,97,1.0,28032.77,28032.77,Low Activity
3051,High,1.0,161,3.0,35129.83,11709.943333333336,Regular
3049,High,1.0,215,1.0,10190.73,10190.73,Low Activity
3048,High,1.0,117,1.0,13342.19,13342.19,Low Activity
5765,High,1.0,122,3.0,26388.13,8796.043333333333,Regular
5764,High,1.0,113,2.0,34013.98,17006.989999999998,Low Activity
5763,High,1.0,163,1.0,11302.13,11302.13,Low Activity
5760,High,1.0,75,4.0,63431.05,15857.7625,High Value
5759,High,1.0,288,1.0,13234.88,13234.88,Low Activity
5758,High,1.0,201,2.0,19556.05,9778.025,Low Activity
5749,High,1.0,247,1.0,6529.95,6529.95,Low Activity
3090,High,1.0,216,4.0,49351.13,12337.7825,High Value
3089,High,1.0,286,2.0,18443.56,9221.78,Low Activity
3083,High,1.0,254,1.0,7199.7,7199.7,Low Activity
3082,High,1.0,179,2.0,25757.58,12878.79,Low Activity
3081,High,1.0,192,1.0,7295.41,7295.41,Low Activity
3080,High,1.0,153,1.0,14920.22,14920.22,Low Activity
3079,High,1.0,101,8.0,115070.75,14383.84375,High Value
3078,High,1.0,150,1.0,22365.97,22365.97,Low Activity
3077,High,1.0,183,1.0,10641.8,10641.8,Low Activity
3076,High,1.0,337,1.0,12604.48,12604.48,Low Activity
3075,High,1.0,137,4.0,31213.5,7803.375,Regular
3070,High,1.0,109,2.0,31764.13,15882.065,Low Activity
3109,High,1.0,77,1.0,10654.91,10654.91,Low Activity
3108,High,1.0,187,1.0,14004.0,14004.0,Low Activity
3107,High,1.0,179,1.0,10071.41,10071.41,Low Activity
3106,High,1.0,102,2.0,20547.2,10273.6,Low Activity
3104,High,1.0,149,1.0,5723.5,5723.5,Low Activity
3103,High,1.0,256,1.0,9704.51,9704.51,Low Activity
3101,High,1.0,184,2.0,13500.68,6750.34,Low Activity
3100,High,1.0,357,1.0,4514.9,4514.9,Low Activity
3097,High,1.0,95,2.0,8488.19,4244.095,Low Activity
3092,High,1.0,138,2.0,24540.01,12270.005,Low Activity
3091,High,1.0,163,2.0,18156.55,9078.275,Low Activity
5745,High,1.0,79,3.0,40047.39,13349.13,Regular
5744,High,1.0,320,1.0,5020.74,5020.74,Low Activity
5743,High,1.0,88,2.0,26732.87,13366.435,Low Activity
5742,High,1.0,114,1.0,9410.99,9410.99,Low Activity
5737,High,1.0,210,2.0,32707.39,16353.695,Low Activity
5732,High,1.0,92,2.0,15198.96,7599.48,Low Activity
5731,High,1.0,219,3.0,24163.34,8054.446666666667,Regular
5730,High,1.0,184,3.0,29940.58,9980.193333333336,Regular
5727,High,1.0,230,1.0,14399.48,14399.48,Low Activity
3131,High,1.0,363,1.0,14211.1,14211.1,Low Activity
3129,High,1.0,179,1.0,18395.63,18395.63,Low Activity
3128,High,1.0,119,2.0,15547.39,7773.695000000001,Low Activity
3123,High,1.0,108,2.0,9752.24,4876.12,Low Activity
3120,High,1.0,189,2.0,29033.77,14516.885,Low Activity
3117,High,1.0,155,1.0,8014.76,8014.76,Low Activity
3115,High,1.0,147,4.0,35099.32,8774.83,Regular
3114,High,1.0,137,3.0,29289.7,9763.233333333334,Regular
5725,High,1.0,172,1.0,18289.49,18289.49,Low Activity
5724,High,1.0,267,1.0,17513.04,17513.04,Low Activity
5721,High,1.0,144,2.0,19368.24,9684.12,Low Activity
5719,High,1.0,83,1.0,10445.65,10445.65,Low Activity
5716,High,1.0,116,5.0,57410.17999999999,11482.035999999998,High Value
5715,High,1.0,161,4.0,40925.25,10231.3125,Regular
5709,High,1.0,136,2.0,28075.38,14037.69,Low Activity
5707,High,1.0,173,2.0,24998.9,12499.45,Low Activity
3150,High,1.0,157,3.0,24419.46,8139.82,Regular
3149,High,1.0,89,3.0,53528.07,17842.69,High Value
3148,High,1.0,195,1.0,10717.78,10717.78,Low Activity
3147,High,1.0,111,3.0,38056.27,12685.423333333332,Regular
3146,High,1.0,276,2.0,20085.23,10042.615,Low Activity
3144,High,1.0,144,1.0,14993.24,14993.24,Low Activity
3141,High,1.0,170,1.0,5929.59,5929.59,Low Activity
3140,High,1.0,216,1.0,10712.62,10712.62,Low Activity
3138,High,1.0,201,2.0,29559.550000000003,14779.775,Low Activity
3136,High,1.0,92,3.0,34126.48,11375.493333333332,Regular
3135,High,1.0,294,1.0,12735.4,12735.4,Low Activity
3134,High,1.0,157,3.0,25374.75,8458.25,Regular
3133,High,1.0,97,1.0,9714.43,9714.43,Low Activity
3166,High,1.0,347,1.0,19078.11,19078.11,Low Activity
3165,High,1.0,149,1.0,19222.08,19222.08,Low Activity
3161,High,1.0,140,3.0,25052.120000000003,8350.706666666667,Regular
3156,High,1.0,139,2.0,9727.71,4863.855,Low Activity
3153,High,1.0,148,1.0,16804.47,16804.47,Low Activity
5706,High,1.0,261,4.0,43286.18,10821.545,Regular
5705,High,1.0,82,5.0,44333.11,8866.622,Regular
5704,High,1.0,354,1.0,18998.33,18998.33,Low Activity
5701,High,1.0,88,5.0,48065.34,9613.068,High Value
5698,High,1.0,138,5.0,66251.81,13250.362,High Value
5697,High,1.0,159,1.0,9564.17,9564.17,Low Activity
5692,High,1.0,153,2.0,19726.56,9863.28,Low Activity
5689,High,1.0,300,1.0,8446.68,8446.68,Low Activity
5687,High,1.0,216,2.0,41846.93,20923.465,Low Activity
3185,High,1.0,153,2.0,24693.300000000003,12346.65,Low Activity
3184,High,1.0,115,5.0,45990.94,9198.188,High Value
3180,High,1.0,80,2.0,11918.11,5959.055,Low Activity
3179,High,1.0,234,1.0,8460.07,8460.07,Low Activity
3178,High,1.0,98,3.0,24511.35,8170.45,Regular
3177,High,1.0,145,1.0,12582.58,12582.58,Low Activity
3176,High,1.0,213,1.0,4709.65,4709.65,Low Activity
3175,High,1.0,93,5.0,40871.32,8174.264,Regular
3173,High,1.0,229,1.0,4498.66,4498.66,Low Activity
3172,High,1.0,273,1.0,6759.19,6759.19,Low Activity
3171,High,1.0,235,1.0,6171.92,6171.92,Low Activity
3170,High,1.0,275,2.0,22636.44,11318.22,Low Activity
5685,High,1.0,184,2.0,17393.7,8696.85,Low Activity
5684,High,1.0,76,2.0,9489.15,4744.575,Low Activity
5679,High,1.0,174,2.0,19710.71,9855.355,Low Activity
5677,High,1.0,246,1.0,10223.61,10223.61,Low Activity
5675,High,1.0,146,2.0,21662.98,10831.49,Low Activity
5673,High,1.0,112,2.0,29013.65,14506.825,Low Activity
5671,High,1.0,153,1.0,17499.97,17499.97,Low Activity
3203,High,1.0,137,2.0,34458.520000000004,17229.260000000002,Low Activity
3202,High,1.0,268,1.0,9982.01,9982.01,Low Activity
3200,High,1.0,281,1.0,7556.67,7556.67,Low Activity
3198,High,1.0,260,1.0,9462.42,9462.42,Low Activity
3197,High,1.0,181,1.0,16119.01,16119.01,Low Activity
3196,High,1.0,147,6.0,61779.72,10296.62,High Value
3194,High,1.0,114,2.0,13852.63,6926.3150000000005,Low Activity
3193,High,1.0,325,1.0,8986.59,8986.59,Low Activity
3192,High,1.0,208,1.0,19443.38,19443.38,Low Activity
3190,High,1.0,124,2.0,30797.3,15398.65,Low Activity
3187,High,1.0,170,2.0,26822.2,13411.1,Low Activity
5669,High,1.0,165,4.0,34678.22,8669.555,Regular
5668,High,1.0,134,2.0,33790.6,16895.3,Low Activity
5666,High,1.0,146,3.0,28362.5,9454.166666666666,Regular
5663,High,1.0,199,1.0,6288.13,6288.13,Low Activity
5662,High,1.0,195,3.0,33279.66,11093.22,Regular
5659,High,1.0,79,3.0,21239.66,7079.886666666666,Regular
5658,High,1.0,312,1.0,11298.5,11298.5,Low Activity
5657,High,1.0,181,1.0,7703.36,7703.36,Low Activity
5654,High,1.0,120,3.0,37357.41,12452.47,Regular
5652,High,1.0,362,1.0,15288.2,15288.2,Low Activity
3222,High,1.0,293,1.0,10100.08,10100.08,Low Activity
3220,High,1.0,113,2.0,12051.9,6025.95,Low Activity
3218,High,1.0,92,1.0,11646.42,11646.42,Low Activity
3216,High,1.0,201,1.0,8818.06,8818.06,Low Activity
3213,High,1.0,177,2.0,17041.95,8520.975,Low Activity
3208,High,1.0,211,4.0,39106.100000000006,9776.525,Regular
3204,High,1.0,193,2.0,14054.15,7027.075000000001,Low Activity
5650,High,1.0,142,4.0,49699.59,12424.8975,High Value
5649,High,1.0,80,2.0,23819.2,11909.6,Low Activity
5647,High,1.0,85,2.0,26617.79,13308.895,Low Activity
5646,High,1.0,86,1.0,18925.26,18925.26,Low Activity
5643,High,1.0,132,1.0,3394.9,3394.9,Low Activity
5642,High,1.0,161,2.0,17428.55,8714.275,Low Activity
5641,High,1.0,290,2.0,40589.11,20294.555,Low Activity
5640,High,1.0,189,2.0,26825.86,13412.93,Low Activity
5636,High,1.0,177,4.0,52578.72,13144.68,High Value
5634,High,1.0,83,3.0,26634.050000000003,8878.016666666668,Regular
3241,High,1.0,119,4.0,27793.03,6948.2575,Regular
3237,High,1.0,194,2.0,18141.22,9070.61,Low Activity
3236,High,1.0,196,2.0,35782.14,17891.07,Low Activity
3232,High,1.0,120,1.0,14171.76,14171.76,Low Activity
3229,High,1.0,92,2.0,24641.96,12320.98,Low Activity
3227,High,1.0,152,2.0,14742.23,7371.115,Low Activity
3226,High,1.0,181,3.0,33031.66,11010.553333333335,Regular
3224,High,1.0,122,5.0,50972.41,10194.482,High Value
3258,High,1.0,153,2.0,16932.64,8466.32,Low Activity
3256,High,1.0,119,2.0,25537.66,12768.83,Low Activity
3254,High,1.0,298,1.0,7311.73,7311.73,Low Activity
3253,High,1.0,294,1.0,14876.95,14876.95,Low Activity
3248,High,1.0,97,1.0,5354.48,5354.48,Low Activity
3246,High,1.0,91,5.0,66105.65,13221.13,High Value
3245,High,1.0,171,1.0,9586.88,9586.88,Low Activity
3244,High,1.0,123,3.0,29067.92,9689.306666666664,Regular
3242,High,1.0,277,1.0,13114.0,13114.0,Low Activity
5633,High,1.0,216,3.0,11915.94,3971.98,Regular
5632,High,1.0,271,1.0,13203.19,13203.19,Low Activity
5631,High,1.0,133,2.0,30792.82,15396.41,Low Activity
5630,High,1.0,94,2.0,11464.11,5732.055,Low Activity
5628,High,1.0,315,1.0,9585.24,9585.24,Low Activity
5625,High,1.0,183,2.0,24255.82,12127.91,Low Activity
5622,High,1.0,128,4.0,33655.0,8413.75,Regular
5619,High,1.0,146,1.0,4657.72,4657.72,Low Activity
5618,High,1.0,313,1.0,11183.22,11183.22,Low Activity
5616,High,1.0,225,3.0,38210.58,12736.86,Regular
3278,High,1.0,281,1.0,13762.33,13762.33,Low Activity
3277,High,1.0,269,2.0,31408.02,15704.01,Low Activity
3276,High,1.0,117,2.0,28244.1,14122.05,Low Activity
3274,High,1.0,197,1.0,7855.03,7855.03,Low Activity
3271,High,1.0,84,2.0,29505.77,14752.884999999998,Low Activity
3267,High,1.0,100,2.0,27846.69,13923.345,Low Activity
3266,High,1.0,214,2.0,23355.35,11677.675,Low Activity
3263,High,1.0,262,2.0,34654.29,17327.145,Low Activity
3262,High,1.0,92,3.0,33543.47,11181.156666666668,Regular
3261,High,1.0,214,1.0,13732.55,13732.55,Low Activity
3260,High,1.0,110,4.0,58506.740000000005,14626.685,High Value
3259,High,1.0,164,2.0,23691.22,11845.61,Low Activity
3295,High,1.0,209,1.0,15975.67,15975.67,Low Activity
3294,High,1.0,114,1.0,11412.71,11412.71,Low Activity
3291,High,1.0,118,2.0,18578.35,9289.175,Low Activity
3289,High,1.0,189,2.0,31194.06,15597.03,Low Activity
3288,High,1.0,210,2.0,18146.9,9073.45,Low Activity
3285,High,1.0,236,1.0,10917.83,10917.83,Low Activity
3283,High,1.0,166,3.0,20933.61,6977.87,Regular
3282,High,1.0,104,3.0,28894.75,9631.583333333334,Regular
3281,High,1.0,81,2.0,16011.85,8005.924999999999,Low Activity
3280,High,1.0,177,1.0,11900.71,11900.71,Low Activity
3279,High,1.0,186,2.0,23329.81,11664.905,Low Activity
5614,High,1.0,162,1.0,4379.75,4379.75,Low Activity
5613,High,1.0,216,4.0,36467.33,9116.8325,Regular
5611,High,1.0,98,3.0,30846.94,10282.313333333334,Regular
5606,High,1.0,198,2.0,31694.72,15847.36,Low Activity
5605,High,1.0,190,2.0,43583.15,21791.575,Low Activity
5604,High,1.0,273,1.0,8646.11,8646.11,Low Activity
5599,High,1.0,313,1.0,11104.64,11104.64,Low Activity
5597,High,1.0,192,1.0,10984.05,10984.05,Low Activity
3313,High,1.0,185,3.0,40015.33,13338.443333333336,Regular
3304,High,1.0,131,1.0,5197.88,5197.88,Low Activity
3303,High,1.0,123,3.0,64644.130000000005,21548.04333333333,High Value
3302,High,1.0,273,1.0,8674.52,8674.52,Low Activity
3300,High,1.0,110,3.0,37349.94,12449.98,Regular
3299,High,1.0,182,2.0,20185.9,10092.95,Low Activity
3296,High,1.0,253,2.0,13858.96,6929.48,Low Activity
5595,High,1.0,328,1.0,7024.82,7024.82,Low Activity
5593,High,1.0,73,4.0,41159.19,10289.7975,Regular
5591,High,1.0,339,1.0,22079.18,22079.18,Low Activity
5590,High,1.0,164,2.0,19946.87,9973.435,Low Activity
5589,High,1.0,74,4.0,39962.84,9990.71,Regular
5586,High,1.0,97,1.0,5817.48,5817.48,Low Activity
5583,High,1.0,164,2.0,11678.89,5839.445,Low Activity
5582,High,1.0,120,3.0,13722.12,4574.04,Regular
3330,High,1.0,112,2.0,20236.77,10118.385,Low Activity
3329,High,1.0,140,4.0,44276.78999999999,11069.197499999998,Regular
3328,High,1.0,133,2.0,22601.480000000003,11300.740000000002,Low Activity
3325,High,1.0,106,1.0,3607.66,3607.66,Low Activity
3324,High,1.0,91,2.0,25147.68,12573.84,Low Activity
3323,High,1.0,123,1.0,14810.43,14810.43,Low Activity
3322,High,1.0,105,2.0,28741.73,14370.865,Low Activity
3321,High,1.0,348,1.0,8183.31,8183.31,Low Activity
3320,High,1.0,76,2.0,30133.91,15066.954999999998,Low Activity
3318,High,1.0,109,3.0,35186.62,11728.873333333337,Regular
3317,High,1.0,174,1.0,14404.58,14404.58,Low Activity
3316,High,1.0,87,2.0,16104.18,8052.09,Low Activity
3315,High,1.0,204,3.0,32532.75,10844.25,Regular
3314,High,1.0,216,1.0,9772.7,9772.7,Low Activity
3345,High,1.0,82,1.0,8005.83,8005.83,Low Activity
3344,High,1.0,165,2.0,27612.300000000003,13806.15,Low Activity
3343,High,1.0,119,6.0,65521.72,10920.286666666669,High Value
3341,High,1.0,122,2.0,29680.58,14840.29,Low Activity
3338,High,1.0,149,4.0,32160.16,8040.04,Regular
3336,High,1.0,128,1.0,15783.59,15783.59,Low Activity
3334,High,1.0,211,1.0,6680.79,6680.79,Low Activity
5577,High,1.0,253,2.0,30983.7,15491.85,Low Activity
5576,High,1.0,326,2.0,18682.62,9341.31,Low Activity
5575,High,1.0,160,2.0,28117.620000000003,14058.81,Low Activity
5571,High,1.0,340,1.0,7192.93,7192.93,Low Activity
5570,High,1.0,202,1.0,8318.99,8318.99,Low Activity
5569,High,1.0,259,1.0,19529.11,19529.11,Low Activity
5568,High,1.0,85,2.0,31491.34,15745.67,Low Activity
5567,High,1.0,81,3.0,32870.270000000004,10956.756666666668,Regular
5564,High,1.0,301,2.0,16329.19,8164.594999999999,Low Activity
5562,High,1.0,100,2.0,23349.98,11674.99,Low Activity
5561,High,1.0,321,1.0,12656.59,12656.59,Low Activity
3365,High,1.0,186,2.0,23411.49,11705.745,Low Activity
3363,High,1.0,113,3.0,35222.03,11740.676666666666,Regular
3361,High,1.0,319,2.0,20055.51,10027.755,Low Activity
3360,High,1.0,234,2.0,21083.19,10541.595,Low Activity
3358,High,1.0,98,3.0,37278.66,12426.22,Regular
3355,High,1.0,152,3.0,24706.44,8235.480000000001,Regular
3354,High,1.0,269,2.0,17020.440000000002,8510.220000000001,Low Activity
3353,High,1.0,217,3.0,30391.300000000003,10130.433333333334,Regular
3352,High,1.0,92,2.0,23868.41,11934.205,Low Activity
3350,High,1.0,82,1.0,13300.81,13300.81,Low Activity
3349,High,1.0,321,1.0,16987.85,16987.85,Low Activity
5559,High,1.0,221,3.0,23331.32,7777.106666666667,Regular
5554,High,1.0,153,2.0,9956.52,4978.26,Low Activity
5552,High,1.0,112,3.0,37714.18,12571.393333333332,Regular
5550,High,1.0,256,1.0,8297.56,8297.56,Low Activity
5547,High,1.0,266,1.0,20720.7,20720.7,Low Activity
5546,High,1.0,95,2.0,29449.57,14724.785,Low Activity
5545,High,1.0,213,2.0,30206.21,15103.105,Low Activity
5543,High,1.0,253,3.0,36013.75,12004.583333333334,Regular
5542,High,1.0,90,3.0,44272.8,14757.6,Regular
5541,High,1.0,120,2.0,21852.050000000003,10926.025,Low Activity
3385,High,1.0,199,3.0,28926.42,9642.14,Regular
3382,High,1.0,138,1.0,6328.3,6328.3,Low Activity
3379,High,1.0,353,1.0,9493.54,9493.54,Low Activity
3377,High,1.0,170,3.0,31768.5,10589.5,Regular
3373,High,1.0,167,1.0,13381.63,13381.63,Low Activity
3372,High,1.0,221,2.0,34711.64,17355.82,Low Activity
3371,High,1.0,103,2.0,26687.1,13343.55,Low Activity
3370,High,1.0,244,1.0,18291.48,18291.48,Low Activity
3367,High,1.0,200,2.0,20670.97,10335.485,Low Activity
3404,High,1.0,109,1.0,11727.15,11727.15,Low Activity
3400,High,1.0,210,1.0,12489.76,12489.76,Low Activity
3399,High,1.0,258,1.0,17518.71,17518.71,Low Activity
3395,High,1.0,88,2.0,18746.89,9373.445,Low Activity
3392,High,1.0,194,5.0,51882.94,10376.588,High Value
3390,High,1.0,211,1.0,2374.29,2374.29,Low Activity
3388,High,1.0,92,2.0,21678.12,10839.06,Low Activity
3387,High,1.0,160,1.0,9040.38,9040.38,Low Activity
3386,High,1.0,89,2.0,29599.83,14799.915,Low Activity
5540,High,1.0,206,2.0,24315.2,12157.6,Low Activity
5537,High,1.0,232,1.0,14698.32,14698.32,Low Activity
5533,High,1.0,173,2.0,32574.59,16287.294999999998,Low Activity
5530,High,1.0,130,2.0,12394.8,6197.4,Low Activity
5529,High,1.0,99,1.0,9418.91,9418.91,Low Activity
5523,High,1.0,264,1.0,6657.71,6657.71,Low Activity
5522,High,1.0,167,1.0,14135.86,14135.86,Low Activity
5521,High,1.0,191,1.0,6815.01,6815.01,Low Activity
5520,High,1.0,79,3.0,46310.82,15436.94,High Value
5518,High,1.0,332,1.0,8329.17,8329.17,Low Activity
5517,High,1.0,98,2.0,18893.12,9446.56,Low Activity
5516,High,1.0,160,3.0,23398.48,7799.493333333333,Regular
5511,High,1.0,304,1.0,8528.59,8528.59,Low Activity
5510,High,1.0,294,1.0,7274.02,7274.02,Low Activity
5509,High,1.0,83,4.0,42358.25,10589.5625,Regular
5505,High,1.0,245,1.0,11534.11,11534.11,Low Activity
5502,High,1.0,299,1.0,4084.02,4084.02,Low Activity
3425,High,1.0,241,2.0,15051.09,7525.545,Low Activity
3423,High,1.0,243,1.0,10223.29,10223.29,Low Activity
3422,High,1.0,161,2.0,22324.66,11162.33,Low Activity
3421,High,1.0,132,1.0,18251.19,18251.19,Low Activity
3417,High,1.0,76,2.0,21951.68,10975.84,Low Activity
3415,High,1.0,179,2.0,17723.31,8861.655,Low Activity
3414,High,1.0,85,1.0,7887.4,7887.4,Low Activity
3413,High,1.0,136,1.0,8319.87,8319.87,Low Activity
3410,High,1.0,173,1.0,17819.56,17819.56,Low Activity
3406,High,1.0,82,1.0,8326.6,8326.6,Low Activity
3445,High,1.0,188,2.0,23716.2,11858.1,Low Activity
3444,High,1.0,123,3.0,37252.06,12417.353333333333,Regular
3443,High,1.0,220,1.0,5994.93,5994.93,Low Activity
3442,High,1.0,86,2.0,28971.25,14485.625,Low Activity
3437,High,1.0,103,1.0,14911.35,14911.35,Low Activity
3436,High,1.0,207,1.0,13173.32,13173.32,Low Activity
3432,High,1.0,91,3.0,20771.26,6923.753333333334,Regular
3430,High,1.0,77,4.0,41485.41,10371.3525,Regular
3428,High,1.0,124,4.0,51920.52,12980.13,High Value
5501,High,1.0,122,3.0,32108.1,10702.7,Regular
5500,High,1.0,270,2.0,24535.0,12267.5,Low Activity
5498,High,1.0,179,3.0,37870.24,12623.413333333332,Regular
5496,High,1.0,151,1.0,3689.68,3689.68,Low Activity
5493,High,1.0,193,2.0,23568.92,11784.46,Low Activity
5490,High,1.0,210,1.0,21763.25,21763.25,Low Activity
5489,High,1.0,175,2.0,13809.8,6904.9,Low Activity
3462,High,1.0,109,1.0,7847.62,7847.62,Low Activity
3461,High,1.0,102,6.0,58359.22,9726.536666666669,High Value
3458,High,1.0,127,3.0,33429.5,11143.166666666666,Regular
3456,High,1.0,234,2.0,19592.93,9796.465,Low Activity
3453,High,1.0,180,3.0,33253.8,11084.6,Regular
3451,High,1.0,81,3.0,26850.11,8950.036666666667,Regular
3450,High,1.0,108,3.0,36810.16,12270.053333333335,Regular
3448,High,1.0,255,1.0,9331.36,9331.36,Low Activity
3447,High,1.0,134,3.0,17539.6,5846.533333333333,Regular
3446,High,1.0,133,2.0,30361.71,15180.855,Low Activity
5485,High,1.0,134,3.0,33744.46,11248.153333333334,Regular
5484,High,1.0,101,3.0,18078.55,6026.183333333333,Regular
5483,High,1.0,231,1.0,6391.38,6391.38,Low Activity
5480,High,1.0,115,4.0,37430.43,9357.6075,Regular
5478,High,1.0,84,3.0,49380.41,16460.13666666667,High Value
5477,High,1.0,93,3.0,24057.89,8019.296666666666,Regular
5476,High,1.0,294,1.0,12069.69,12069.69,Low Activity
5475,High,1.0,222,2.0,13660.44,6830.22,Low Activity
5473,High,1.0,162,2.0,15770.82,7885.41,Low Activity
3481,High,1.0,220,2.0,27497.980000000003,13748.990000000002,Low Activity
3480,High,1.0,257,2.0,12920.12,6460.06,Low Activity
3478,High,1.0,170,2.0,20407.89,10203.945,Low Activity
3477,High,1.0,353,1.0,8297.64,8297.64,Low Activity
3475,High,1.0,165,3.0,33121.14,11040.38,Regular
3474,High,1.0,164,1.0,8700.22,8700.22,Low Activity
3472,High,1.0,267,1.0,9540.06,9540.06,Low Activity
3471,High,1.0,91,4.0,45132.49,11283.1225,Regular
3469,High,1.0,95,1.0,19232.59,19232.59,Low Activity
3468,High,1.0,83,1.0,5408.99,5408.99,Low Activity
3465,High,1.0,272,1.0,20082.39,20082.39,Low Activity
3501,High,1.0,255,2.0,37705.78,18852.89,Low Activity
3500,High,1.0,123,2.0,18697.6,9348.8,Low Activity
3499,High,1.0,212,1.0,24227.37,24227.37,Low Activity
3498,High,1.0,305,2.0,13097.350000000002,6548.675000000001,Low Activity
3497,High,1.0,175,2.0,19174.56,9587.28,Low Activity
3491,High,1.0,234,1.0,8586.99,8586.99,Low Activity
3488,High,1.0,100,3.0,49320.59,16440.196666666667,High Value
3487,High,1.0,180,1.0,12323.15,12323.15,Low Activity
3486,High,1.0,292,1.0,5161.6,5161.6,Low Activity
3484,High,1.0,260,1.0,9635.25,9635.25,Low Activity
3483,High,1.0,129,2.0,13544.99,6772.495,Low Activity
5468,High,1.0,333,1.0,16099.49,16099.49,Low Activity
5464,High,1.0,359,1.0,11920.45,11920.45,Low Activity
5463,High,1.0,262,2.0,28951.52,14475.76,Low Activity
5461,High,1.0,130,3.0,23277.22,7759.073333333334,Regular
5456,High,1.0,177,2.0,14253.29,7126.645,Low Activity
5455,High,1.0,248,1.0,3780.38,3780.38,Low Activity
5454,High,1.0,235,1.0,14938.28,14938.28,Low Activity
5452,High,1.0,104,4.0,43499.97,10874.9925,Regular
5449,High,1.0,175,2.0,40799.98,20399.99,Low Activity
3518,High,1.0,101,1.0,4397.19,4397.19,Low Activity
3517,High,1.0,177,1.0,5766.18,5766.18,Low Activity
3511,High,1.0,221,3.0,31014.5,10338.166666666666,Regular
3510,High,1.0,204,2.0,30514.13,15257.065,Low Activity
3508,High,1.0,123,2.0,20014.89,10007.445,Low Activity
3504,High,1.0,115,1.0,7929.13,7929.13,Low Activity
3503,High,1.0,202,1.0,10066.83,10066.83,Low Activity
5446,High,1.0,83,2.0,23938.87,11969.435,Low Activity
5445,High,1.0,157,2.0,21405.28,10702.64,Low Activity
5444,High,1.0,109,2.0,16683.98,8341.99,Low Activity
5442,High,1.0,171,1.0,20954.5,20954.5,Low Activity
5440,High,1.0,198,1.0,13234.02,13234.02,Low Activity
5439,High,1.0,133,3.0,48044.97,16014.989999999998,High Value
5436,High,1.0,144,1.0,3431.4,3431.4,Low Activity
5435,High,1.0,199,2.0,19239.38,9619.69,Low Activity
5434,High,1.0,161,3.0,23880.78,7960.259999999999,Regular
5431,High,1.0,285,1.0,7102.13,7102.13,Low Activity
3540,High,1.0,220,4.0,40264.75,10066.1875,Regular
3532,High,1.0,202,2.0,15806.62,7903.31,Low Activity
3530,High,1.0,237,1.0,17255.95,17255.95,Low Activity
3526,High,1.0,116,3.0,28040.65,9346.883333333331,Regular
3525,High,1.0,117,1.0,12911.99,12911.99,Low Activity
3524,High,1.0,138,2.0,12440.95,6220.475,Low Activity
3523,High,1.0,156,2.0,34952.03999999999,17476.019999999997,Low Activity
3522,High,1.0,132,3.0,41420.97,13806.99,Regular
5427,High,1.0,136,2.0,9663.95,4831.975,Low Activity
5426,High,1.0,171,3.0,44247.64,14749.213333333331,Regular
5423,High,1.0,241,2.0,16722.79,8361.395,Low Activity
5418,High,1.0,169,2.0,17824.28,8912.14,Low Activity
5415,High,1.0,134,1.0,11475.74,11475.74,Low Activity
5414,High,1.0,109,3.0,36031.54,12010.513333333334,Regular
5413,High,1.0,339,1.0,13865.86,13865.86,Low Activity
5411,High,1.0,234,4.0,49899.57,12474.8925,High Value
3558,High,1.0,285,1.0,10644.36,10644.36,Low Activity
3554,High,1.0,206,1.0,13595.87,13595.87,Low Activity
3553,High,1.0,179,1.0,14463.94,14463.94,Low Activity
3550,High,1.0,173,2.0,13279.3,6639.65,Low Activity
3546,High,1.0,170,1.0,9407.31,9407.31,Low Activity
3545,High,1.0,101,3.0,42320.08,14106.693333333336,Regular
3543,High,1.0,162,1.0,15063.7,15063.7,Low Activity
3542,High,1.0,89,4.0,47316.3,11829.075,High Value
3541,High,1.0,163,5.0,38405.8,7681.160000000001,Regular
3575,High,1.0,285,1.0,13126.52,13126.52,Low Activity
3573,High,1.0,126,3.0,21605.57,7201.856666666667,Regular
3572,High,1.0,170,3.0,40739.98,13579.993333333332,Regular
3571,High,1.0,223,2.0,16069.12,8034.559999999999,Low Activity
3566,High,1.0,100,3.0,30772.980000000003,10257.660000000002,Regular
3565,High,1.0,182,2.0,31929.6,15964.8,Low Activity
3563,High,1.0,283,2.0,16699.129999999997,8349.564999999999,Low Activity
3562,High,1.0,120,1.0,9653.47,9653.47,Low Activity
3559,High,1.0,84,5.0,55410.08,11082.016,High Value
5408,High,1.0,85,2.0,17827.0,8913.5,Low Activity
5407,High,1.0,81,2.0,18611.81,9305.905,Low Activity
5406,High,1.0,75,4.0,48572.8,12143.2,High Value
5404,High,1.0,73,2.0,26014.52,13007.26,Low Activity
5402,High,1.0,192,3.0,32400.370000000003,10800.123333333337,Regular
5401,High,1.0,206,1.0,13525.72,13525.72,Low Activity
5400,High,1.0,101,2.0,51197.93,25598.965,High Value
5399,High,1.0,117,2.0,27339.51,13669.755,Low Activity
5394,High,1.0,148,4.0,35072.78,8768.195,Regular
5393,High,1.0,84,4.0,56548.71,14137.1775,High Value
5392,High,1.0,214,1.0,16701.28,16701.28,Low Activity
3593,High,1.0,155,5.0,62622.33,12524.466,High Value
3591,High,1.0,328,1.0,13132.72,13132.72,Low Activity
3590,High,1.0,123,4.0,49500.31,12375.0775,High Value
3589,High,1.0,150,1.0,8990.6,8990.6,Low Activity
3588,High,1.0,165,3.0,53607.65,17869.216666666667,High Value
3587,High,1.0,85,4.0,31839.49,7959.872499999999,Regular
3586,High,1.0,78,3.0,20253.63,6751.209999999999,Regular
3585,High,1.0,311,2.0,31560.07,15780.035,Low Activity
3584,High,1.0,242,3.0,30806.5,10268.833333333334,Regular
3582,High,1.0,171,3.0,26523.75,8841.25,Regular
3581,High,1.0,243,3.0,40894.61,13631.536666666669,Regular
3580,High,1.0,108,1.0,5349.28,5349.28,Low Activity
3579,High,1.0,105,2.0,22507.01,11253.505,Low Activity
3578,High,1.0,212,1.0,7084.51,7084.51,Low Activity
3577,High,1.0,254,1.0,13909.7,13909.7,Low Activity
3609,High,1.0,100,1.0,15062.92,15062.92,Low Activity
3608,High,1.0,97,1.0,8524.9,8524.9,Low Activity
3606,High,1.0,152,1.0,5149.17,5149.17,Low Activity
3603,High,1.0,293,1.0,18854.89,18854.89,Low Activity
3602,High,1.0,307,1.0,8782.02,8782.02,Low Activity
3599,High,1.0,116,1.0,11629.91,11629.91,Low Activity
3598,High,1.0,311,1.0,8004.34,8004.34,Low Activity
3595,High,1.0,289,1.0,4707.51,4707.51,Low Activity
3594,High,1.0,340,1.0,22135.6,22135.6,Low Activity
5391,High,1.0,73,3.0,24458.82,8152.94,Regular
5387,High,1.0,173,2.0,12817.45,6408.725,Low Activity
5386,High,1.0,163,6.0,66469.76999999999,11078.294999999998,High Value
5383,High,1.0,192,1.0,11562.63,11562.63,Low Activity
5380,High,1.0,93,2.0,13661.43,6830.715,Low Activity
5379,High,1.0,137,2.0,37383.76,18691.88,Low Activity
5378,High,1.0,204,2.0,30559.18,15279.59,Low Activity
5376,High,1.0,126,2.0,27011.34,13505.67,Low Activity
5375,High,1.0,214,1.0,13993.25,13993.25,Low Activity
5374,High,1.0,330,1.0,9394.05,9394.05,Low Activity
5373,High,1.0,335,1.0,20083.54,20083.54,Low Activity
3629,High,1.0,171,2.0,13161.79,6580.895,Low Activity
3627,High,1.0,272,1.0,12586.09,12586.09,Low Activity
3626,High,1.0,79,2.0,7767.57,3883.785,Low Activity
3625,High,1.0,183,3.0,37585.25,12528.416666666666,Regular
3623,High,1.0,166,2.0,31686.1,15843.05,Low Activity
3622,High,1.0,82,3.0,41003.92,13667.973333333332,Regular
3620,High,1.0,95,2.0,21631.29,10815.645,Low Activity
3619,High,1.0,125,1.0,19259.51,19259.51,Low Activity
3616,High,1.0,101,2.0,27010.49,13505.245,Low Activity
3648,High,1.0,83,3.0,29331.22,9777.073333333334,Regular
3645,High,1.0,98,4.0,42561.49,10640.3725,Regular
3643,High,1.0,74,4.0,48363.77,12090.9425,High Value
3640,High,1.0,119,2.0,29981.85,14990.925,Low Activity
3639,High,1.0,305,1.0,15020.55,15020.55,Low Activity
3637,High,1.0,253,1.0,10001.84,10001.84,Low Activity
3636,High,1.0,236,3.0,41390.15,13796.716666666667,Regular
3635,High,1.0,188,2.0,41717.33,20858.665,Low Activity
3633,High,1.0,89,3.0,27387.61,9129.203333333331,Regular
5371,High,1.0,262,1.0,11978.06,11978.06,Low Activity
5370,High,1.0,152,4.0,47067.83,11766.9575,High Value
5369,High,1.0,116,2.0,32397.6,16198.8,Low Activity
5367,High,1.0,157,2.0,21639.24,10819.62,Low Activity
5364,High,1.0,346,1.0,8776.14,8776.14,Low Activity
5363,High,1.0,166,1.0,8711.21,8711.21,Low Activity
5362,High,1.0,145,3.0,26400.81,8800.27,Regular
5361,High,1.0,157,3.0,30488.009999999995,10162.669999999998,Regular
5360,High,1.0,199,1.0,19879.79,19879.79,Low Activity
5359,High,1.0,120,2.0,20539.6,10269.8,Low Activity
5355,High,1.0,176,1.0,12097.51,12097.51,Low Activity
3670,High,1.0,180,1.0,25240.97,25240.97,Low Activity
3669,High,1.0,169,3.0,51441.9,17147.3,High Value
3665,High,1.0,182,1.0,20865.26,20865.26,Low Activity
3660,High,1.0,98,1.0,8163.42,8163.42,Low Activity
3659,High,1.0,306,2.0,9612.24,4806.12,Low Activity
3658,High,1.0,139,2.0,22432.17,11216.085,Low Activity
3656,High,1.0,209,3.0,35558.97,11852.99,Regular
3653,High,1.0,140,2.0,23624.84,11812.42,Low Activity
5347,High,1.0,235,1.0,15844.67,15844.67,Low Activity
5346,High,1.0,200,2.0,28728.37,14364.185,Low Activity
5344,High,1.0,228,1.0,16070.69,16070.69,Low Activity
5341,High,1.0,158,1.0,20438.12,20438.12,Low Activity
5339,High,1.0,245,2.0,11565.51,5782.755,Low Activity
5337,High,1.0,150,1.0,9533.59,9533.59,Low Activity
5336,High,1.0,166,2.0,9394.14,4697.07,Low Activity
5335,High,1.0,219,3.0,40283.62,13427.873333333337,Regular
3687,High,1.0,80,3.0,22419.87,7473.29,Regular
3686,High,1.0,255,1.0,10960.88,10960.88,Low Activity
3684,High,1.0,237,1.0,7278.51,7278.51,Low Activity
3683,High,1.0,258,2.0,15648.22,7824.11,Low Activity
3680,High,1.0,274,2.0,13340.55,6670.275,Low Activity
3677,High,1.0,85,3.0,39715.37,13238.456666666669,Regular
3675,High,1.0,108,1.0,4203.63,4203.63,Low Activity
3672,High,1.0,277,1.0,7857.69,7857.69,Low Activity
5332,High,1.0,314,1.0,8603.57,8603.57,Low Activity
5331,High,1.0,179,1.0,6039.31,6039.31,Low Activity
5330,High,1.0,99,2.0,20660.14,10330.07,Low Activity
5329,High,1.0,221,1.0,9397.74,9397.74,Low Activity
5327,High,1.0,213,1.0,18379.53,18379.53,Low Activity
5326,High,1.0,143,1.0,14215.55,14215.55,Low Activity
5325,High,1.0,147,2.0,10112.64,5056.32,Low Activity
5324,High,1.0,98,2.0,20201.47,10100.735,Low Activity
5320,High,1.0,102,4.0,37065.09,9266.2725,Regular
5318,High,1.0,107,3.0,36269.18,12089.726666666667,Regular
3706,High,1.0,220,2.0,13703.62,6851.81,Low Activity
3705,High,1.0,96,1.0,12434.23,12434.23,Low Activity
3704,High,1.0,101,2.0,19204.92,9602.46,Low Activity
3702,High,1.0,201,2.0,32459.79,16229.895,Low Activity
3700,High,1.0,258,1.0,11000.57,11000.57,Low Activity
3699,High,1.0,116,2.0,22292.44,11146.22,Low Activity
3698,High,1.0,143,3.0,40658.8,13552.933333333334,Regular
3696,High,1.0,198,2.0,26900.51,13450.255,Low Activity
3694,High,1.0,136,5.0,57733.7,11546.74,High Value
3692,High,1.0,297,1.0,4506.77,4506.77,Low Activity
3690,High,1.0,164,3.0,25889.76,8629.92,Regular
3725,High,1.0,319,1.0,9571.08,9571.08,Low Activity
3723,High,1.0,300,1.0,14037.73,14037.73,Low Activity
3722,High,1.0,93,2.0,18507.22,9253.61,Low Activity
3721,High,1.0,202,2.0,11682.04,5841.02,Low Activity
3718,High,1.0,96,2.0,29221.81,14610.905,Low Activity
3717,High,1.0,80,3.0,37066.83,12355.61,Regular
3716,High,1.0,140,3.0,42450.63,14150.21,Regular
3715,High,1.0,345,1.0,15600.2,15600.2,Low Activity
3712,High,1.0,91,1.0,14189.83,14189.83,Low Activity
3711,High,1.0,86,3.0,31260.01,10420.003333333332,Regular
3710,High,1.0,87,1.0,7676.91,7676.91,Low Activity
3709,High,1.0,281,1.0,14407.11,14407.11,Low Activity
5317,High,1.0,129,2.0,25834.5,12917.25,Low Activity
5316,High,1.0,81,2.0,19479.81,9739.905,Low Activity
5313,High,1.0,219,2.0,31098.85,15549.425,Low Activity
5312,High,1.0,150,3.0,39408.76,13136.253333333334,Regular
5311,High,1.0,80,3.0,53885.74,17961.913333333334,High Value
5309,High,1.0,203,2.0,19482.59,9741.295,Low Activity
5306,High,1.0,207,1.0,12536.17,12536.17,Low Activity
5305,High,1.0,81,3.0,30281.76,10093.92,Regular
5304,High,1.0,193,2.0,18713.62,9356.81,Low Activity
5303,High,1.0,192,1.0,7847.91,7847.91,Low Activity
3742,High,1.0,91,2.0,16944.1,8472.05,Low Activity
3739,High,1.0,142,1.0,8438.36,8438.36,Low Activity
3738,High,1.0,130,1.0,15656.81,15656.81,Low Activity
3735,High,1.0,188,2.0,20902.550000000003,10451.275,Low Activity
3734,High,1.0,289,1.0,12488.95,12488.95,Low Activity
3732,High,1.0,74,5.0,52128.3,10425.66,High Value
3730,High,1.0,87,1.0,9996.39,9996.39,Low Activity
3729,High,1.0,86,4.0,49608.73,12402.1825,High Value
5294,High,1.0,95,2.0,13697.23,6848.615,Low Activity
5293,High,1.0,345,1.0,11943.13,11943.13,Low Activity
5290,High,1.0,282,2.0,18258.46,9129.23,Low Activity
5287,High,1.0,216,2.0,26594.24,13297.12,Low Activity
5286,High,1.0,289,1.0,18416.99,18416.99,Low Activity
5284,High,1.0,363,1.0,6209.23,6209.23,Low Activity
5283,High,1.0,161,1.0,12405.39,12405.39,Low Activity
3762,High,1.0,182,1.0,23551.16,23551.16,Low Activity
3761,High,1.0,248,2.0,9308.56,4654.28,Low Activity
3760,High,1.0,184,1.0,7769.03,7769.03,Low Activity
3759,High,1.0,181,3.0,44813.76,14937.92,Regular
3758,High,1.0,214,1.0,16649.97,16649.97,Low Activity
3756,High,1.0,148,2.0,25693.91,12846.955,Low Activity
3751,High,1.0,109,2.0,11773.9,5886.950000000001,Low Activity
3749,High,1.0,135,2.0,16932.739999999998,8466.369999999999,Low Activity
3747,High,1.0,206,1.0,19577.86,19577.86,Low Activity
5279,High,1.0,97,3.0,31656.99,10552.33,Regular
5275,High,1.0,356,1.0,16714.4,16714.4,Low Activity
5274,High,1.0,217,1.0,9028.25,9028.25,Low Activity
5273,High,1.0,343,1.0,5097.12,5097.12,Low Activity
5272,High,1.0,126,2.0,21414.46,10707.23,Low Activity
5271,High,1.0,203,1.0,12824.11,12824.11,Low Activity
5270,High,1.0,230,2.0,25717.28,12858.64,Low Activity
5269,High,1.0,143,3.0,47735.3,15911.766666666668,High Value
5268,High,1.0,99,2.0,17772.45,8886.225,Low Activity
5267,High,1.0,138,3.0,35092.63,11697.543333333331,Regular
5266,High,1.0,122,2.0,13949.37,6974.685,Low Activity
5263,High,1.0,125,1.0,14773.9,14773.9,Low Activity
3781,High,1.0,116,1.0,12852.6,12852.6,Low Activity
3778,High,1.0,112,1.0,17652.55,17652.55,Low Activity
3775,High,1.0,289,1.0,6763.52,6763.52,Low Activity
3774,High,1.0,140,2.0,20409.120000000003,10204.56,Low Activity
3773,High,1.0,213,2.0,26001.5,13000.75,Low Activity
3772,High,1.0,74,3.0,32962.0,10987.333333333334,Regular
3769,High,1.0,177,2.0,25089.52,12544.76,Low Activity
3768,High,1.0,106,1.0,17984.88,17984.88,Low Activity
3766,High,1.0,192,1.0,8865.69,8865.69,Low Activity
3765,High,1.0,118,3.0,23246.15,7748.716666666666,Regular
3764,High,1.0,264,2.0,20726.22,10363.11,Low Activity
3802,High,1.0,125,2.0,20609.43,10304.715,Low Activity
3799,High,1.0,193,1.0,3135.1,3135.1,Low Activity
3794,High,1.0,102,3.0,56976.93,18992.31,High Value
3793,High,1.0,83,3.0,23683.45,7894.483333333333,Regular
3792,High,1.0,103,2.0,32364.17,16182.085,Low Activity
3791,High,1.0,214,2.0,22032.120000000003,11016.06,Low Activity
3790,High,1.0,322,2.0,24118.2,12059.1,Low Activity
3788,High,1.0,97,5.0,45256.65,9051.33,Regular
3785,High,1.0,270,3.0,23336.72,7778.906666666667,Regular
3783,High,1.0,111,1.0,13636.61,13636.61,Low Activity
3819,High,1.0,140,1.0,29258.83,29258.83,Low Activity
3818,High,1.0,263,2.0,28216.95,14108.475,Low Activity
3816,High,1.0,251,3.0,23038.25,7679.416666666667,Regular
3815,High,1.0,208,1.0,7044.44,7044.44,Low Activity
3812,High,1.0,104,3.0,53197.27,17732.423333333332,High Value
3811,High,1.0,318,1.0,15466.74,15466.74,Low Activity
3810,High,1.0,124,1.0,13096.05,13096.05,Low Activity
3809,High,1.0,315,1.0,3186.62,3186.62,Low Activity
3808,High,1.0,88,2.0,18504.44,9252.22,Low Activity
3806,High,1.0,90,2.0,21319.86,10659.93,Low Activity
3805,High,1.0,188,3.0,34216.96,11405.653333333334,Regular
3804,High,1.0,186,3.0,34333.34,11444.446666666665,Regular
5261,High,1.0,88,2.0,23472.42,11736.21,Low Activity
5260,High,1.0,160,1.0,11000.45,11000.45,Low Activity
5258,High,1.0,246,1.0,14815.27,14815.27,Low Activity
5253,High,1.0,129,1.0,9562.75,9562.75,Low Activity
5251,High,1.0,115,2.0,13594.52,6797.26,Low Activity
5250,High,1.0,321,1.0,10799.97,10799.97,Low Activity
5248,High,1.0,300,1.0,9567.11,9567.11,Low Activity
5247,High,1.0,170,2.0,34441.25,17220.625,Low Activity
5245,High,1.0,81,1.0,8255.1,8255.1,Low Activity
5244,High,1.0,249,1.0,16625.31,16625.31,Low Activity
5242,High,1.0,210,1.0,5989.34,5989.34,Low Activity
3835,High,1.0,328,1.0,9152.52,9152.52,Low Activity
3834,High,1.0,299,2.0,27421.46,13710.73,Low Activity
3832,High,1.0,88,3.0,37601.98,12533.993333333332,Regular
3831,High,1.0,146,4.0,63184.17,15796.0425,High Value
3830,High,1.0,315,1.0,20557.21,20557.21,Low Activity
3828,High,1.0,131,2.0,29539.58,14769.79,Low Activity
3826,High,1.0,134,3.0,34857.87,11619.29,Regular
3825,High,1.0,315,1.0,7059.23,7059.23,Low Activity
3824,High,1.0,277,1.0,13325.8,13325.8,Low Activity
3854,High,1.0,314,1.0,3943.13,3943.13,Low Activity
3853,High,1.0,144,4.0,54066.11,13516.5275,High Value
3851,High,1.0,152,2.0,12343.52,6171.76,Low Activity
3849,High,1.0,79,1.0,4216.91,4216.91,Low Activity
3844,High,1.0,151,1.0,4783.14,4783.14,Low Activity
3841,High,1.0,137,1.0,14894.27,14894.27,Low Activity
3839,High,1.0,74,2.0,32644.59,16322.295,Low Activity
3838,High,1.0,216,2.0,25241.87,12620.935,Low Activity
5241,High,1.0,88,1.0,13380.69,13380.69,Low Activity
5236,High,1.0,220,1.0,12151.5,12151.5,Low Activity
5234,High,1.0,240,1.0,10472.09,10472.09,Low Activity
5233,High,1.0,113,2.0,27625.53,13812.765,Low Activity
5228,High,1.0,311,2.0,22884.52,11442.26,Low Activity
5227,High,1.0,190,3.0,42429.58,14143.193333333336,Regular
5225,High,1.0,214,2.0,19148.33,9574.165,Low Activity
5224,High,1.0,207,1.0,3269.52,3269.52,Low Activity
5222,High,1.0,114,1.0,12210.04,12210.04,Low Activity
5221,High,1.0,167,1.0,10207.69,10207.69,Low Activity
5217,High,1.0,123,2.0,27899.620000000003,13949.81,Low Activity
5216,High,1.0,73,2.0,21553.66,10776.83,Low Activity
5215,High,1.0,78,3.0,37860.18,12620.06,Regular
5214,High,1.0,157,2.0,13174.73,6587.365,Low Activity
5213,High,1.0,85,2.0,29122.84,14561.419999999998,Low Activity
5212,High,1.0,192,4.0,49584.65,12396.1625,High Value
5211,High,1.0,97,3.0,17817.4,5939.133333333334,Regular
5210,High,1.0,109,3.0,36749.21,12249.736666666666,Regular
5207,High,1.0,351,1.0,6440.34,6440.34,Low Activity
3874,High,1.0,107,4.0,37844.4,9461.1,Regular
3873,High,1.0,173,2.0,13867.39,6933.695,Low Activity
3872,High,1.0,194,1.0,7958.57,7958.57,Low Activity
3871,High,1.0,227,2.0,12330.35,6165.175,Low Activity
3869,High,1.0,207,1.0,9007.23,9007.23,Low Activity
3867,High,1.0,329,1.0,8579.12,8579.12,Low Activity
3866,High,1.0,99,3.0,58689.87,19563.29,High Value
3865,High,1.0,90,3.0,21587.94,7195.98,Regular
3861,High,1.0,218,1.0,7754.52,7754.52,Low Activity
3858,High,1.0,122,4.0,69022.84000000001,17255.710000000003,High Value
3857,High,1.0,162,1.0,13098.77,13098.77,Low Activity
3892,High,1.0,74,2.0,23800.67,11900.335,Low Activity
3891,High,1.0,114,2.0,19979.46,9989.73,Low Activity
3889,High,1.0,141,1.0,19637.36,19637.36,Low Activity
3888,High,1.0,160,2.0,20136.74,10068.37,Low Activity
3887,High,1.0,345,1.0,14690.92,14690.92,Low Activity
3886,High,1.0,242,4.0,44916.68,11229.17,Regular
3884,High,1.0,146,2.0,12595.39,6297.695,Low Activity
3883,High,1.0,79,2.0,18223.45,9111.725,Low Activity
3882,High,1.0,158,3.0,39958.91,13319.636666666667,Regular
3881,High,1.0,144,4.0,45455.25,11363.8125,Regular
3876,High,1.0,197,1.0,5557.32,5557.32,Low Activity
3908,High,1.0,340,1.0,11002.12,11002.12,Low Activity
3905,High,1.0,80,3.0,30042.97,10014.323333333334,Regular
3903,High,1.0,189,3.0,24083.04,8027.68,Regular
3900,High,1.0,273,1.0,9022.69,9022.69,Low Activity
3899,High,1.0,299,1.0,5815.75,5815.75,Low Activity
3898,High,1.0,165,2.0,10183.68,5091.84,Low Activity
3897,High,1.0,333,1.0,4461.33,4461.33,Low Activity
3895,High,1.0,305,1.0,12027.97,12027.97,Low Activity
3893,High,1.0,76,5.0,43706.4,8741.28,Regular
5203,High,1.0,148,2.0,30558.39,15279.195,Low Activity
5200,High,1.0,123,2.0,24230.800000000003,12115.4,Low Activity
5199,High,1.0,225,2.0,20842.82,10421.41,Low Activity
5198,High,1.0,221,1.0,15364.91,15364.91,Low Activity
5196,High,1.0,204,2.0,20423.45,10211.725,Low Activity
5195,High,1.0,343,1.0,21900.93,21900.93,Low Activity
5193,High,1.0,123,3.0,41944.48,13981.493333333332,Regular
5189,High,1.0,278,1.0,13014.98,13014.98,Low Activity
5188,High,1.0,154,2.0,25638.61,12819.305,Low Activity
5187,High,1.0,253,1.0,7888.24,7888.24,Low Activity
3925,High,1.0,254,1.0,5865.82,5865.82,Low Activity
3918,High,1.0,206,1.0,7035.09,7035.09,Low Activity
3917,High,1.0,167,2.0,21958.87,10979.435,Low Activity
3916,High,1.0,162,3.0,38759.57,12919.856666666668,Regular
3914,High,1.0,157,1.0,12779.98,12779.98,Low Activity
3911,High,1.0,131,2.0,22181.03,11090.515,Low Activity
3909,High,1.0,344,1.0,12277.78,12277.78,Low Activity
5185,High,1.0,110,2.0,26884.5,13442.25,Low Activity
5184,High,1.0,200,1.0,17155.95,17155.95,Low Activity
5181,High,1.0,181,2.0,20033.76,10016.88,Low Activity
5180,High,1.0,272,1.0,14508.17,14508.17,Low Activity
5178,High,1.0,291,2.0,22563.68,11281.84,Low Activity
5176,High,1.0,92,2.0,30465.75,15232.875,Low Activity
5175,High,1.0,100,2.0,23445.96,11722.98,Low Activity
5174,High,1.0,130,2.0,23643.1,11821.55,Low Activity
5173,High,1.0,328,1.0,16232.28,16232.28,Low Activity
5169,High,1.0,270,3.0,26417.63,8805.876666666667,Regular
3944,High,1.0,97,3.0,26241.07,8747.023333333333,Regular
3940,High,1.0,150,2.0,31447.82,15723.91,Low Activity
3938,High,1.0,153,1.0,8257.91,8257.91,Low Activity
3937,High,1.0,164,2.0,25533.370000000003,12766.685,Low Activity
3935,High,1.0,94,4.0,42622.52,10655.63,Regular
3934,High,1.0,310,3.0,29842.550000000003,9947.516666666668,Regular
3933,High,1.0,158,2.0,10866.07,5433.035,Low Activity
3932,High,1.0,241,2.0,17298.21,8649.105,Low Activity
3929,High,1.0,237,1.0,7037.87,7037.87,Low Activity
3928,High,1.0,167,1.0,4563.14,4563.14,Low Activity
3927,High,1.0,175,1.0,3179.46,3179.46,Low Activity
3961,High,1.0,80,3.0,20774.1,6924.7,Regular
3960,High,1.0,174,1.0,12188.43,12188.43,Low Activity
3958,High,1.0,234,3.0,39138.31,13046.103333333333,Regular
3955,High,1.0,149,2.0,21541.96,10770.98,Low Activity
3952,High,1.0,154,4.0,47032.78,11758.195,High Value
3951,High,1.0,90,3.0,40735.84,13578.613333333333,Regular
3950,High,1.0,101,1.0,6025.96,6025.96,Low Activity
3945,High,1.0,153,4.0,23587.17,5896.7925,Regular
5166,High,1.0,190,2.0,9294.8,4647.4,Low Activity
5164,High,1.0,179,1.0,14523.55,14523.55,Low Activity
5160,High,1.0,201,2.0,24586.71,12293.355,Low Activity
5159,High,1.0,99,3.0,40914.22,13638.073333333334,Regular
5158,High,1.0,152,2.0,20935.31,10467.655,Low Activity
5153,High,1.0,138,1.0,16823.73,16823.73,Low Activity
5151,High,1.0,85,1.0,13279.41,13279.41,Low Activity
5149,High,1.0,98,3.0,37556.740000000005,12518.913333333336,Regular
5147,High,1.0,73,3.0,37137.76,12379.253333333334,Regular
5146,High,1.0,164,4.0,39247.05,9811.7625,Regular
5145,High,1.0,229,2.0,35634.13,17817.065,Low Activity
5143,High,1.0,149,1.0,6328.83,6328.83,Low Activity
5142,High,1.0,102,1.0,9495.9,9495.9,Low Activity
5140,High,1.0,208,3.0,16302.37,5434.123333333334,Regular
5139,High,1.0,113,2.0,33061.520000000004,16530.760000000002,Low Activity
5136,High,1.0,107,4.0,30166.16,7541.54,Regular
5133,High,1.0,206,2.0,34657.37,17328.685,Low Activity
3980,High,1.0,142,2.0,19819.31,9909.655,Low Activity
3978,High,1.0,251,2.0,21211.3,10605.65,Low Activity
3977,High,1.0,171,3.0,48943.64,16314.546666666669,High Value
3974,High,1.0,112,3.0,18920.82,6306.94,Regular
3971,High,1.0,82,3.0,36376.97,12125.656666666668,Regular
3970,High,1.0,83,2.0,15025.06,7512.530000000001,Low Activity
3967,High,1.0,185,1.0,6375.65,6375.65,Low Activity
3963,High,1.0,316,1.0,7688.02,7688.02,Low Activity
3998,High,1.0,187,2.0,33339.65,16669.825,Low Activity
3997,High,1.0,104,1.0,8379.54,8379.54,Low Activity
3996,High,1.0,235,1.0,12341.88,12341.88,Low Activity
3995,High,1.0,81,3.0,28005.17,9335.056666666667,Regular
3993,High,1.0,226,2.0,30022.52,15011.26,Low Activity
3991,High,1.0,222,1.0,12980.04,12980.04,Low Activity
3987,High,1.0,179,1.0,10867.42,10867.42,Low Activity
3986,High,1.0,231,1.0,6665.25,6665.25,Low Activity
3983,High,1.0,108,2.0,25657.6,12828.8,Low Activity
3982,High,1.0,239,1.0,16281.45,16281.45,Low Activity
3981,High,1.0,121,1.0,6540.04,6540.04,Low Activity
5132,High,1.0,92,3.0,38666.46,12888.82,Regular
5130,High,1.0,166,2.0,10157.57,5078.785,Low Activity
5128,High,1.0,90,2.0,9800.96,4900.48,Low Activity
5127,High,1.0,220,1.0,11381.63,11381.63,Low Activity
5126,High,1.0,123,2.0,19269.11,9634.555,Low Activity
5121,High,1.0,85,3.0,28984.06,9661.353333333334,Regular
5119,High,1.0,155,3.0,41036.06,13678.686666666666,Regular
5116,High,1.0,297,1.0,6379.42,6379.42,Low Activity
5114,High,1.0,265,4.0,49409.39,12352.3475,High Value
4016,High,1.0,354,1.0,15430.15,15430.15,Low Activity
4014,High,1.0,118,2.0,28820.19,14410.095,Low Activity
4013,High,1.0,102,1.0,9567.02,9567.02,Low Activity
4012,High,1.0,90,3.0,28349.120000000003,9449.706666666669,Regular
4011,High,1.0,192,2.0,31582.31,15791.155,Low Activity
4009,High,1.0,361,1.0,10258.22,10258.22,Low Activity
4008,High,1.0,78,4.0,57817.82,14454.455,High Value
4007,High,1.0,215,1.0,9783.69,9783.69,Low Activity
4006,High,1.0,73,1.0,22738.98,22738.98,Low Activity
4004,High,1.0,294,1.0,10511.12,10511.12,Low Activity
4001,High,1.0,102,3.0,33882.05,11294.016666666668,Regular
4000,High,1.0,108,2.0,32800.08,16400.04,Low Activity
3999,High,1.0,204,2.0,19334.96,9667.48,Low Activity
4033,High,1.0,145,3.0,22147.13,7382.376666666666,Regular
4031,High,1.0,93,1.0,6366.45,6366.45,Low Activity
4028,High,1.0,201,2.0,35164.24,17582.12,Low Activity
4027,High,1.0,188,3.0,44604.6,14868.2,Regular
4026,High,1.0,104,1.0,16169.13,16169.13,Low Activity
4023,High,1.0,330,1.0,17378.95,17378.95,Low Activity
4022,High,1.0,95,2.0,29941.07,14970.535,Low Activity
4021,High,1.0,128,3.0,20818.75,6939.583333333333,Regular
4017,High,1.0,242,2.0,22893.36,11446.68,Low Activity
5111,High,1.0,189,1.0,14672.42,14672.42,Low Activity
5110,High,1.0,169,1.0,18123.72,18123.72,Low Activity
5109,High,1.0,143,3.0,20128.6,6709.533333333333,Regular
5105,High,1.0,224,2.0,19878.09,9939.045,Low Activity
5104,High,1.0,91,4.0,41287.33,10321.8325,Regular
5101,High,1.0,255,1.0,8002.5,8002.5,Low Activity
5099,High,1.0,111,5.0,74787.43000000001,14957.486,High Value
5098,High,1.0,103,3.0,49495.18,16498.393333333333,High Value
4051,High,1.0,79,3.0,24061.41,8020.47,Regular
4050,High,1.0,98,3.0,36406.68,12135.56,Regular
4048,High,1.0,198,1.0,13304.39,13304.39,Low Activity
4047,High,1.0,110,1.0,13937.58,13937.58,Low Activity
4046,High,1.0,74,5.0,55285.04,11057.008,High Value
4044,High,1.0,74,2.0,28458.13,14229.065,Low Activity
4041,High,1.0,280,2.0,17931.34,8965.67,Low Activity
4039,High,1.0,87,3.0,34225.96,11408.653333333334,Regular
4038,High,1.0,226,2.0,24515.26,12257.63,Low Activity
4037,High,1.0,185,1.0,6885.84,6885.84,Low Activity
4035,High,1.0,202,1.0,9700.17,9700.17,Low Activity
5094,High,1.0,339,1.0,25026.89,25026.89,Low Activity
5092,High,1.0,96,2.0,26980.68,13490.34,Low Activity
5091,High,1.0,162,4.0,48127.21,12031.8025,High Value
5090,High,1.0,247,2.0,19783.01,9891.505,Low Activity
5088,High,1.0,294,1.0,10107.59,10107.59,Low Activity
5085,High,1.0,75,2.0,27071.45,13535.725,Low Activity
5082,High,1.0,360,1.0,19883.61,19883.61,Low Activity
5080,High,1.0,157,2.0,15678.55,7839.275,Low Activity
4068,High,1.0,139,2.0,26503.57,13251.785,Low Activity
4067,High,1.0,169,2.0,25854.48,12927.24,Low Activity
4066,High,1.0,348,1.0,10547.39,10547.39,Low Activity
4065,High,1.0,235,1.0,8531.3,8531.3,Low Activity
4063,High,1.0,122,3.0,30245.25,10081.75,Regular
4061,High,1.0,288,1.0,18137.67,18137.67,Low Activity
4060,High,1.0,186,4.0,42638.41,10659.6025,Regular
4059,High,1.0,307,1.0,21371.28,21371.28,Low Activity
4058,High,1.0,127,3.0,22485.24,7495.079999999999,Regular
4057,High,1.0,79,1.0,17549.5,17549.5,Low Activity
4055,High,1.0,170,3.0,37446.63,12482.21,Regular
4054,High,1.0,240,1.0,17956.34,17956.34,Low Activity
4052,High,1.0,352,1.0,6606.08,6606.08,Low Activity
4089,High,1.0,80,2.0,18926.74,9463.37,Low Activity
4087,High,1.0,242,6.0,52834.99,8805.831666666667,High Value
4086,High,1.0,216,2.0,20582.07,10291.035,Low Activity
4083,High,1.0,95,3.0,41385.05,13795.016666666668,Regular
4080,High,1.0,302,3.0,38032.65,12677.55,Regular
4077,High,1.0,171,2.0,13045.0,6522.5,Low Activity
4070,High,1.0,271,1.0,10195.69,10195.69,Low Activity
5076,High,1.0,159,4.0,47881.34,11970.335,High Value
5073,High,1.0,82,1.0,17270.97,17270.97,Low Activity
5071,High,1.0,334,1.0,8591.21,8591.21,Low Activity
5070,High,1.0,232,2.0,33417.6,16708.8,Low Activity
5069,High,1.0,197,1.0,6921.74,6921.74,Low Activity
5068,High,1.0,210,2.0,23939.08,11969.54,Low Activity
5060,High,1.0,355,1.0,7494.48,7494.48,Low Activity
4104,High,1.0,131,2.0,24608.050000000003,12304.025,Low Activity
4103,High,1.0,178,1.0,16791.12,16791.12,Low Activity
4102,High,1.0,341,2.0,14508.51,7254.255,Low Activity
4099,High,1.0,289,2.0,28488.41,14244.205,Low Activity
4095,High,1.0,287,1.0,12624.99,12624.99,Low Activity
4092,High,1.0,241,1.0,9535.0,9535.0,Low Activity
4091,High,1.0,151,3.0,37234.630000000005,12411.543333333337,Regular
4090,High,1.0,269,1.0,12696.1,12696.1,Low Activity
5059,High,1.0,232,2.0,13791.49,6895.745,Low Activity
5058,High,1.0,108,5.0,46505.73,9301.146,High Value
5057,High,1.0,130,2.0,12059.04,6029.52,Low Activity
5056,High,1.0,97,4.0,67360.41,16840.1025,High Value
5054,High,1.0,114,2.0,25941.53,12970.765,Low Activity
5053,High,1.0,87,4.0,30921.94,7730.485,Regular
5052,High,1.0,113,4.0,52892.77,13223.1925,High Value
5047,High,1.0,213,1.0,6473.42,6473.42,Low Activity
5045,High,1.0,81,2.0,25434.07,12717.035,Low Activity
5044,High,1.0,113,1.0,5467.34,5467.34,Low Activity
5042,High,1.0,136,4.0,34992.42,8748.105,Regular
4129,High,1.0,183,2.0,30684.39,15342.195,Low Activity
4128,High,1.0,278,2.0,33865.44,16932.72,Low Activity
4126,High,1.0,190,1.0,9899.05,9899.05,Low Activity
4125,High,1.0,185,3.0,41819.47,13939.823333333334,Regular
4122,High,1.0,104,5.0,62627.85,12525.57,High Value
4121,High,1.0,248,1.0,9996.67,9996.67,Low Activity
4119,High,1.0,84,3.0,32027.75,10675.916666666666,Regular
4118,High,1.0,329,1.0,11819.57,11819.57,Low Activity
4115,High,1.0,272,1.0,10065.32,10065.32,Low Activity
4114,High,1.0,144,2.0,27260.23,13630.115,Low Activity
4112,High,1.0,237,2.0,19727.8,9863.9,Low Activity
5041,High,1.0,173,2.0,22811.93,11405.965,Low Activity
5038,High,1.0,76,2.0,45255.62,22627.81,Low Activity
5037,High,1.0,110,1.0,18510.9,18510.9,Low Activity
5036,High,1.0,82,1.0,5247.13,5247.13,Low Activity
5035,High,1.0,208,1.0,12113.5,12113.5,Low Activity
5032,High,1.0,332,1.0,12463.11,12463.11,Low Activity
5029,High,1.0,264,2.0,12959.73,6479.865,Low Activity
5028,High,1.0,209,1.0,10121.78,10121.78,Low Activity
5026,High,1.0,138,5.0,74420.37,14884.074,High Value
4149,High,1.0,137,3.0,21815.77,7271.923333333333,Regular
4146,High,1.0,267,3.0,38122.31,12707.436666666666,Regular
4144,High,1.0,73,2.0,13939.18,6969.59,Low Activity
4141,High,1.0,320,2.0,8153.99,4076.995,Low Activity
4140,High,1.0,129,3.0,23754.82,7918.273333333333,Regular
4138,High,1.0,107,3.0,48126.31,16042.103333333333,High Value
4134,High,1.0,266,1.0,13422.78,13422.78,Low Activity
4133,High,1.0,91,5.0,47187.69,9437.538,High Value
4131,High,1.0,188,1.0,13138.71,13138.71,Low Activity
4130,High,1.0,299,2.0,20774.79,10387.395,Low Activity
4162,High,1.0,149,1.0,6955.17,6955.17,Low Activity
4161,High,1.0,213,2.0,35291.85,17645.925,Low Activity
4160,High,1.0,139,1.0,5464.76,5464.76,Low Activity
4158,High,1.0,112,6.0,76197.23999999999,12699.54,High Value
4157,High,1.0,164,1.0,15233.35,15233.35,Low Activity
4155,High,1.0,143,1.0,21269.82,21269.82,Low Activity
4154,High,1.0,262,2.0,22798.99,11399.495,Low Activity
4153,High,1.0,357,1.0,12826.22,12826.22,Low Activity
4151,High,1.0,80,2.0,18266.28,9133.14,Low Activity
5025,High,1.0,172,3.0,37425.37,12475.123333333331,Regular
5024,High,1.0,129,2.0,24959.79,12479.895,Low Activity
5023,High,1.0,283,2.0,28572.67,14286.335,Low Activity
5019,High,1.0,106,3.0,20957.57,6985.856666666667,Regular
5017,High,1.0,292,3.0,33889.53,11296.51,Regular
5013,High,1.0,138,1.0,10383.32,10383.32,Low Activity
5012,High,1.0,158,2.0,29131.97,14565.985,Low Activity
5008,High,1.0,216,2.0,24561.14,12280.57,Low Activity
5007,High,1.0,141,2.0,28323.27,14161.634999999998,Low Activity
5006,High,1.0,319,1.0,11606.69,11606.69,Low Activity
5005,High,1.0,130,2.0,18672.75,9336.375,Low Activity
4191,High,1.0,214,2.0,14919.83,7459.915,Low Activity
4190,High,1.0,143,2.0,25348.98,12674.49,Low Activity
4186,High,1.0,159,4.0,34452.92,8613.23,Regular
4183,High,1.0,93,3.0,34357.4,11452.466666666667,Regular
4182,High,1.0,234,2.0,12590.19,6295.095,Low Activity
4181,High,1.0,92,1.0,10692.55,10692.55,Low Activity
4177,High,1.0,186,1.0,12062.03,12062.03,Low Activity
4175,High,1.0,224,2.0,13990.4,6995.200000000001,Low Activity
4172,High,1.0,350,1.0,7296.48,7296.48,Low Activity
5004,High,1.0,347,1.0,9312.91,9312.91,Low Activity
4999,High,1.0,150,5.0,52132.630000000005,10426.526000000002,High Value
4997,High,1.0,119,2.0,22431.43,11215.715,Low Activity
4996,High,1.0,245,2.0,21018.74,10509.37,Low Activity
4995,High,1.0,322,2.0,25440.69,12720.345,Low Activity
4993,High,1.0,302,1.0,14518.46,14518.46,Low Activity
4992,High,1.0,99,1.0,10972.16,10972.16,Low Activity
4991,High,1.0,168,2.0,21075.21,10537.605,Low Activity
4990,High,1.0,358,1.0,14189.07,14189.07,Low Activity
4989,High,1.0,144,2.0,15345.79,7672.895,Low Activity
4210,High,1.0,95,2.0,12371.49,6185.745,Low Activity
4209,High,1.0,256,1.0,8056.07,8056.07,Low Activity
4208,High,1.0,106,3.0,29641.83,9880.61,Regular
4207,High,1.0,97,3.0,37118.56,12372.853333333333,Regular
4206,High,1.0,92,2.0,21177.63,10588.815,Low Activity
4205,High,1.0,105,2.0,12902.15,6451.075,Low Activity
4203,High,1.0,213,2.0,16366.05,8183.025,Low Activity
4199,High,1.0,202,1.0,6233.6,6233.6,Low Activity
4198,High,1.0,75,5.0,49080.79,9816.158,High Value
4196,High,1.0,139,2.0,25790.5,12895.25,Low Activity
4195,High,1.0,263,1.0,11453.73,11453.73,Low Activity
4194,High,1.0,164,3.0,16220.57,5406.856666666667,Regular
4192,High,1.0,258,1.0,5550.23,5550.23,Low Activity
4227,High,1.0,207,1.0,13942.09,13942.09,Low Activity
4226,High,1.0,115,6.0,75104.37000000001,12517.395000000002,High Value
4225,High,1.0,283,1.0,13685.09,13685.09,Low Activity
4224,High,1.0,147,1.0,6861.72,6861.72,Low Activity
4220,High,1.0,146,2.0,27700.4,13850.2,Low Activity
4218,High,1.0,322,2.0,19544.54,9772.27,Low Activity
4217,High,1.0,242,1.0,9705.11,9705.11,Low Activity
4216,High,1.0,143,2.0,14781.05,7390.525,Low Activity
4211,High,1.0,134,2.0,20720.54,10360.27,Low Activity
4988,High,1.0,83,1.0,23325.05,23325.05,Low Activity
4986,High,1.0,83,4.0,26791.7,6697.925,Regular
4983,High,1.0,270,1.0,12051.27,12051.27,Low Activity
4981,High,1.0,308,1.0,4805.54,4805.54,Low Activity
4980,High,1.0,140,1.0,16588.73,16588.73,Low Activity
4976,High,1.0,286,2.0,15609.14,7804.570000000001,Low Activity
4975,High,1.0,354,1.0,9595.15,9595.15,Low Activity
4974,High,1.0,89,3.0,42449.72,14149.906666666668,Regular
4972,High,1.0,208,2.0,13532.06,6766.030000000001,Low Activity
4245,High,1.0,269,1.0,20049.33,20049.33,Low Activity
4240,High,1.0,354,1.0,13556.7,13556.7,Low Activity
4235,High,1.0,178,2.0,22689.99,11344.995,Low Activity
4233,High,1.0,259,2.0,17931.559999999998,8965.779999999999,Low Activity
4232,High,1.0,219,1.0,9105.12,9105.12,Low Activity
4231,High,1.0,76,2.0,31097.92,15548.96,Low Activity
4969,High,1.0,189,2.0,22677.300000000003,11338.65,Low Activity
4968,High,1.0,171,2.0,30633.340000000004,15316.670000000002,Low Activity
4967,High,1.0,341,1.0,18217.09,18217.09,Low Activity
4966,High,1.0,338,1.0,15402.14,15402.14,Low Activity
4955,High,1.0,326,1.0,12584.96,12584.96,Low Activity
4954,High,1.0,350,1.0,11785.99,11785.99,Low Activity
4953,High,1.0,268,1.0,16676.46,16676.46,Low Activity
4266,High,1.0,247,1.0,23558.2,23558.2,Low Activity
4263,High,1.0,188,2.0,36757.39,18378.695,Low Activity
4260,High,1.0,185,3.0,22702.0,7567.333333333333,Regular
4259,High,1.0,100,3.0,16597.9,5532.633333333334,Regular
4258,High,1.0,109,1.0,13123.55,13123.55,Low Activity
4257,High,1.0,96,3.0,19786.69,6595.563333333333,Regular
4254,High,1.0,267,2.0,27941.38,13970.69,Low Activity
4251,High,1.0,117,2.0,26341.78,13170.89,Low Activity
4250,High,1.0,145,1.0,4067.33,4067.33,Low Activity
4950,High,1.0,278,1.0,8363.95,8363.95,Low Activity
4949,High,1.0,193,3.0,29976.42,9992.14,Regular
4948,High,1.0,196,4.0,38648.55,9662.1375,Regular
4947,High,1.0,200,2.0,25424.14,12712.07,Low Activity
4946,High,1.0,119,3.0,33045.83,11015.276666666668,Regular
4945,High,1.0,140,2.0,15810.759999999998,7905.379999999999,Low Activity
4944,High,1.0,152,2.0,21244.18,10622.09,Low Activity
4943,High,1.0,105,4.0,30201.63,7550.4075,Regular
4941,High,1.0,207,2.0,15009.32,7504.66,Low Activity
4939,High,1.0,334,1.0,11615.79,11615.79,Low Activity
4937,High,1.0,290,2.0,12437.72,6218.860000000001,Low Activity
4935,High,1.0,189,1.0,14388.86,14388.86,Low Activity
4284,High,1.0,123,2.0,16405.010000000002,8202.505000000001,Low Activity
4282,High,1.0,111,2.0,14434.63,7217.315,Low Activity
4281,High,1.0,146,1.0,19845.54,19845.54,Low Activity
4280,High,1.0,216,3.0,28883.18,9627.726666666667,Regular
4279,High,1.0,135,2.0,28981.39,14490.695,Low Activity
4275,High,1.0,75,3.0,44171.92,14723.973333333332,Regular
4273,High,1.0,153,1.0,6072.28,6072.28,Low Activity
4271,High,1.0,76,3.0,25326.66,8442.22,Regular
4269,High,1.0,110,3.0,31538.7,10512.9,Regular
4267,High,1.0,209,5.0,57497.48,11499.496,High Value
4301,High,1.0,152,2.0,26143.88,13071.94,Low Activity
4300,High,1.0,242,2.0,26439.35,13219.675,Low Activity
4299,High,1.0,122,2.0,9721.52,4860.76,Low Activity
4297,High,1.0,197,2.0,22025.26,11012.63,Low Activity
4296,High,1.0,193,4.0,36549.85,9137.4625,Regular
4295,High,1.0,87,5.0,44273.71,8854.742,Regular
4294,High,1.0,141,2.0,19875.89,9937.945,Low Activity
4292,High,1.0,134,2.0,9692.06,4846.03,Low Activity
4291,High,1.0,144,5.0,52009.24,10401.848,High Value
4290,High,1.0,140,2.0,27633.84,13816.92,Low Activity
4287,High,1.0,120,2.0,31976.54,15988.27,Low Activity
4285,High,1.0,207,1.0,19802.38,19802.38,Low Activity
4320,High,1.0,157,1.0,13383.34,13383.34,Low Activity
4316,High,1.0,120,3.0,23107.8,7702.599999999999,Regular
4313,High,1.0,301,1.0,16621.1,16621.1,Low Activity
4312,High,1.0,93,1.0,7002.22,7002.22,Low Activity
4310,High,1.0,362,1.0,11383.07,11383.07,Low Activity
4308,High,1.0,191,1.0,9688.85,9688.85,Low Activity
4307,High,1.0,161,2.0,17394.42,8697.21,Low Activity
4303,High,1.0,154,3.0,36405.53,12135.176666666666,Regular
4302,High,1.0,154,3.0,45142.22,15047.406666666668,Regular
4933,High,1.0,138,3.0,23737.81,7912.603333333333,Regular
4931,High,1.0,115,2.0,18053.15,9026.575,Low Activity
4928,High,1.0,169,2.0,29403.9,14701.95,Low Activity
4926,High,1.0,238,2.0,30353.73,15176.865,Low Activity
4925,High,1.0,130,3.0,32455.96,10818.653333333334,Regular
4922,High,1.0,157,2.0,15217.36,7608.68,Low Activity
4920,High,1.0,148,1.0,11544.84,11544.84,Low Activity
4919,High,1.0,139,2.0,12009.86,6004.93,Low Activity
4336,High,1.0,74,2.0,20882.44,10441.22,Low Activity
4335,High,1.0,185,2.0,18542.52,9271.26,Low Activity
4334,High,1.0,220,2.0,11528.27,5764.135,Low Activity
4333,High,1.0,86,2.0,9405.09,4702.545,Low Activity
4332,High,1.0,156,2.0,27444.0,13722.0,Low Activity
4331,High,1.0,133,4.0,28957.19,7239.2975,Regular
4330,High,1.0,235,2.0,32495.95,16247.975,Low Activity
4329,High,1.0,121,5.0,56012.08,11202.416,High Value
4328,High,1.0,87,3.0,35712.11,11904.036666666669,Regular
4327,High,1.0,129,2.0,9112.08,4556.04,Low Activity
4324,High,1.0,108,2.0,14043.18,7021.59,Low Activity
4321,High,1.0,131,1.0,11355.93,11355.93,Low Activity
4917,High,1.0,148,1.0,6169.43,6169.43,Low Activity
4915,High,1.0,75,2.0,20020.370000000003,10010.185,Low Activity
4914,High,1.0,312,1.0,10230.0,10230.0,Low Activity
4909,High,1.0,361,1.0,13110.8,13110.8,Low Activity
4908,High,1.0,255,2.0,14593.82,7296.91,Low Activity
4907,High,1.0,305,1.0,3226.51,3226.51,Low Activity
4906,High,1.0,147,1.0,8305.28,8305.28,Low Activity
4905,High,1.0,107,2.0,25579.5,12789.75,Low Activity
4904,High,1.0,130,4.0,51661.76,12915.44,High Value
4902,High,1.0,285,2.0,21038.54,10519.27,Low Activity
4901,High,1.0,220,3.0,45755.67,15251.89,Regular
4898,High,1.0,149,2.0,15048.65,7524.325000000001,Low Activity
4355,High,1.0,229,1.0,15762.17,15762.17,Low Activity
4352,High,1.0,263,1.0,3934.58,3934.58,Low Activity
4351,High,1.0,75,4.0,45956.96,11489.24,High Value
4350,High,1.0,81,2.0,14485.99,7242.995,Low Activity
4349,High,1.0,88,2.0,19438.23,9719.115,Low Activity
4348,High,1.0,80,2.0,19473.93,9736.965,Low Activity
4345,High,1.0,192,3.0,26619.56,8873.186666666666,Regular
4342,High,1.0,83,4.0,39425.27,9856.3175,Regular
4337,High,1.0,314,1.0,16453.47,16453.47,Low Activity
4373,High,1.0,184,3.0,20707.870000000003,6902.623333333334,Regular
4372,High,1.0,281,1.0,18854.8,18854.8,Low Activity
4371,High,1.0,147,1.0,8196.25,8196.25,Low Activity
4370,High,1.0,140,4.0,30090.14,7522.535,Regular
4368,High,1.0,268,1.0,13329.46,13329.46,Low Activity
4364,High,1.0,76,3.0,24839.19,8279.730000000001,Regular
4363,High,1.0,143,2.0,11016.8,5508.4,Low Activity
4362,High,1.0,217,3.0,30939.07,10313.023333333333,Regular
4361,High,1.0,131,3.0,39954.130000000005,13318.043333333337,Regular
4897,High,1.0,119,4.0,25816.33,6454.0825,Regular
4896,High,1.0,361,1.0,14997.9,14997.9,Low Activity
4893,High,1.0,91,1.0,7520.7,7520.7,Low Activity
4889,High,1.0,147,1.0,17498.39,17498.39,Low Activity
4887,High,1.0,115,2.0,21335.55,10667.775,Low Activity
4886,High,1.0,186,2.0,21072.3,10536.15,Low Activity
4884,High,1.0,114,3.0,21948.96,7316.32,Regular
4881,High,1.0,103,2.0,24907.56,12453.78,Low Activity
4880,High,1.0,215,1.0,12171.06,12171.06,Low Activity
4879,High,1.0,122,2.0,25192.24,12596.12,Low Activity
4878,High,1.0,116,2.0,23232.05,11616.025,Low Activity
4391,High,1.0,101,2.0,20194.41,10097.205,Low Activity
4388,High,1.0,291,1.0,11969.95,11969.95,Low Activity
4386,High,1.0,242,1.0,16781.38,16781.38,Low Activity
4383,High,1.0,258,1.0,5728.49,5728.49,Low Activity
4382,High,1.0,221,1.0,9916.08,9916.08,Low Activity
4381,High,1.0,126,2.0,13401.33,6700.665,Low Activity
4376,High,1.0,135,2.0,29116.69,14558.345,Low Activity
4374,High,1.0,258,2.0,28061.76,14030.88,Low Activity
4874,High,1.0,75,2.0,22691.54,11345.77,Low Activity
4873,High,1.0,317,1.0,6975.08,6975.08,Low Activity
4871,High,1.0,161,1.0,6926.97,6926.97,Low Activity
4868,High,1.0,115,3.0,37803.66,12601.22,Regular
4866,High,1.0,123,5.0,67404.09999999999,13480.819999999998,High Value
4861,High,1.0,151,2.0,34970.48,17485.239999999998,Low Activity
4859,High,1.0,82,2.0,15876.84,7938.42,Low Activity
4858,High,1.0,80,3.0,38053.31,12684.436666666666,Regular
4857,High,1.0,261,2.0,22170.99,11085.495,Low Activity
4411,High,1.0,121,2.0,15488.87,7744.435,Low Activity
4409,High,1.0,201,1.0,11192.23,11192.23,Low Activity
4408,High,1.0,133,2.0,37493.76,18746.88,Low Activity
4405,High,1.0,165,2.0,16365.27,8182.635,Low Activity
4403,High,1.0,76,5.0,67916.19,13583.238,High Value
4399,High,1.0,160,1.0,12848.81,12848.81,Low Activity
4398,High,1.0,258,1.0,11282.38,11282.38,Low Activity
4397,High,1.0,113,2.0,27662.73,13831.365,Low Activity
4394,High,1.0,125,4.0,47727.64,11931.91,High Value
4429,High,1.0,112,1.0,9452.7,9452.7,Low Activity
4428,High,1.0,164,2.0,25945.97,12972.985,Low Activity
4425,High,1.0,130,4.0,38825.08,9706.27,Regular
4423,High,1.0,119,6.0,61112.98,10185.496666666668,High Value
4416,High,1.0,152,1.0,11184.66,11184.66,Low Activity
4415,High,1.0,294,1.0,14804.93,14804.93,Low Activity
4414,High,1.0,115,4.0,50615.84,12653.96,High Value
4413,High,1.0,115,5.0,53663.76,10732.752,High Value
4412,High,1.0,159,3.0,37334.630000000005,12444.876666666669,Regular
4855,High,1.0,75,2.0,23268.18,11634.09,Low Activity
4850,High,1.0,138,2.0,17759.11,8879.555,Low Activity
4849,High,1.0,138,2.0,25907.02,12953.509999999998,Low Activity
4846,High,1.0,251,2.0,18895.0,9447.5,Low Activity
4844,High,1.0,104,2.0,21763.15,10881.575,Low Activity
4843,High,1.0,135,1.0,8877.07,8877.07,Low Activity
4835,High,1.0,115,1.0,7953.03,7953.03,Low Activity
4834,High,1.0,314,1.0,9381.91,9381.91,Low Activity
4448,High,1.0,290,1.0,12603.46,12603.46,Low Activity
4446,High,1.0,271,1.0,9143.64,9143.64,Low Activity
4441,High,1.0,220,1.0,11328.25,11328.25,Low Activity
4438,High,1.0,131,2.0,24043.62,12021.81,Low Activity
4437,High,1.0,77,2.0,26772.870000000003,13386.435,Low Activity
4435,High,1.0,174,3.0,37141.37,12380.456666666663,Regular
4433,High,1.0,151,1.0,12652.11,12652.11,Low Activity
4432,High,1.0,202,2.0,29157.09,14578.545,Low Activity
4833,High,1.0,160,1.0,13762.48,13762.48,Low Activity
4831,High,1.0,133,1.0,12130.45,12130.45,Low Activity
4830,High,1.0,247,1.0,16059.53,16059.53,Low Activity
4829,High,1.0,231,3.0,36195.35,12065.116666666669,Regular
4826,High,1.0,265,1.0,19662.98,19662.98,Low Activity
4825,High,1.0,155,2.0,21035.82,10517.91,Low Activity
4823,High,1.0,137,2.0,14072.47,7036.235,Low Activity
4822,High,1.0,305,1.0,8612.31,8612.31,Low Activity
4821,High,1.0,79,1.0,9728.95,9728.95,Low Activity
4820,High,1.0,128,2.0,29987.120000000003,14993.56,Low Activity
4818,High,1.0,80,3.0,35973.36,11991.12,Regular
4463,High,1.0,127,3.0,30325.57,10108.523333333333,Regular
4458,High,1.0,109,3.0,35162.97,11720.99,Regular
4457,High,1.0,130,1.0,11763.03,11763.03,Low Activity
4452,High,1.0,77,2.0,30734.88,15367.44,Low Activity
4451,High,1.0,350,1.0,2832.54,2832.54,Low Activity
4814,High,1.0,174,1.0,5097.27,5097.27,Low Activity
4810,High,1.0,194,3.0,30857.25,10285.75,Regular
4809,High,1.0,355,1.0,8896.93,8896.93,Low Activity
4807,High,1.0,237,4.0,33327.8,8331.95,Regular
4805,High,1.0,139,3.0,26870.79,8956.93,Regular
4804,High,1.0,118,3.0,29533.0,9844.333333333334,Regular
4803,High,1.0,161,1.0,18454.53,18454.53,Low Activity
4802,High,1.0,149,1.0,13637.9,13637.9,Low Activity
4801,High,1.0,165,3.0,15357.24,5119.08,Regular
4800,High,1.0,124,1.0,14097.77,14097.77,Low Activity
4482,High,1.0,160,1.0,19889.27,19889.27,Low Activity
4481,High,1.0,220,1.0,5849.31,5849.31,Low Activity
4480,High,1.0,130,1.0,8204.28,8204.28,Low Activity
4479,High,1.0,92,3.0,37571.28999999999,12523.76333333333,Regular
4478,High,1.0,119,3.0,27437.57,9145.856666666668,Regular
4475,High,1.0,165,1.0,8557.79,8557.79,Low Activity
4468,High,1.0,253,1.0,21091.02,21091.02,Low Activity
4466,High,1.0,263,1.0,13046.29,13046.29,Low Activity
4798,High,1.0,251,1.0,5147.55,5147.55,Low Activity
4797,High,1.0,183,1.0,6444.41,6444.41,Low Activity
4796,High,1.0,172,1.0,5497.63,5497.63,Low Activity
4795,High,1.0,110,1.0,5778.56,5778.56,Low Activity
4792,High,1.0,146,3.0,46235.130000000005,15411.71,High Value
4791,High,1.0,122,3.0,52953.9,17651.3,High Value
4790,High,1.0,94,1.0,10824.99,10824.99,Low Activity
4789,High,1.0,171,2.0,24769.89,12384.945,Low Activity
4787,High,1.0,267,1.0,4881.62,4881.62,Low Activity
4786,High,1.0,168,1.0,17554.13,17554.13,Low Activity
4783,High,1.0,137,1.0,7334.34,7334.34,Low Activity
4782,High,1.0,86,2.0,22498.66,11249.33,Low Activity
4781,High,1.0,263,1.0,12123.63,12123.63,Low Activity
4780,High,1.0,151,1.0,8918.24,8918.24,Low Activity
4503,High,1.0,215,3.0,28481.85,9493.95,Regular
4500,High,1.0,128,1.0,10973.62,10973.62,Low Activity
4498,High,1.0,108,2.0,20590.8,10295.4,Low Activity
4496,High,1.0,79,1.0,6025.18,6025.18,Low Activity
4495,High,1.0,93,2.0,28179.08,14089.54,Low Activity
4494,High,1.0,119,1.0,12553.83,12553.83,Low Activity
4493,High,1.0,157,1.0,16257.9,16257.9,Low Activity
4490,High,1.0,87,4.0,39056.84,9764.21,Regular
4489,High,1.0,193,1.0,17441.03,17441.03,Low Activity
4486,High,1.0,146,3.0,46561.13,15520.376666666663,High Value
4485,High,1.0,159,4.0,53933.380000000005,13483.345,High Value
4484,High,1.0,209,1.0,3646.07,3646.07,Low Activity
4520,High,1.0,115,2.0,36400.98,18200.49,Low Activity
4515,High,1.0,90,1.0,16158.73,16158.73,Low Activity
4511,High,1.0,118,3.0,41966.06,13988.686666666666,Regular
4509,High,1.0,255,2.0,16675.27,8337.635,Low Activity
4506,High,1.0,105,6.0,57556.7,9592.783333333333,High Value
4505,High,1.0,321,1.0,6252.7,6252.7,Low Activity
4779,High,1.0,147,2.0,20637.27,10318.635,Low Activity
4776,High,1.0,92,2.0,21004.59,10502.295,Low Activity
4775,High,1.0,73,1.0,9658.7,9658.7,Low Activity
4773,High,1.0,74,2.0,26550.1,13275.05,Low Activity
4772,High,1.0,258,4.0,35654.0,8913.5,Regular
4771,High,1.0,108,1.0,23723.44,23723.44,Low Activity
4770,High,1.0,227,1.0,11550.69,11550.69,Low Activity
4769,High,1.0,224,1.0,12914.16,12914.16,Low Activity
4767,High,1.0,150,1.0,9377.95,9377.95,Low Activity
4541,High,1.0,119,1.0,11596.81,11596.81,Low Activity
4540,High,1.0,73,2.0,30249.55,15124.775,Low Activity
4537,High,1.0,199,2.0,16603.239999999998,8301.619999999999,Low Activity
4536,High,1.0,116,4.0,31940.98,7985.245,Regular
4532,High,1.0,81,2.0,26702.120000000003,13351.06,Low Activity
4531,High,1.0,143,1.0,4648.05,4648.05,Low Activity
4530,High,1.0,222,1.0,12967.2,12967.2,Low Activity
4529,High,1.0,173,2.0,22141.02,11070.51,Low Activity
4526,High,1.0,130,2.0,21222.06,10611.03,Low Activity
4525,High,1.0,118,3.0,27718.9,9239.633333333331,Regular
4524,High,1.0,84,1.0,7603.88,7603.88,Low Activity
4523,High,1.0,198,2.0,17155.06,8577.53,Low Activity
4559,High,1.0,116,4.0,40708.12,10177.03,Regular
4557,High,1.0,223,1.0,9876.36,9876.36,Low Activity
4556,High,1.0,115,2.0,15138.55,7569.275,Low Activity
4555,High,1.0,137,2.0,28615.82,14307.91,Low Activity
4554,High,1.0,93,1.0,13085.54,13085.54,Low Activity
4553,High,1.0,74,2.0,30215.69,15107.845,Low Activity
4552,High,1.0,124,2.0,14396.75,7198.375,Low Activity
4551,High,1.0,174,2.0,38694.05,19347.025,Low Activity
4550,High,1.0,164,3.0,43315.9,14438.633333333331,Regular
4547,High,1.0,206,1.0,12196.47,12196.47,Low Activity
4545,High,1.0,112,3.0,28512.83,9504.276666666668,Regular
4543,High,1.0,129,2.0,10595.38,5297.6900000000005,Low Activity
4542,High,1.0,223,1.0,6556.41,6556.41,Low Activity
4763,High,1.0,133,4.0,54382.4,13595.6,High Value
4762,High,1.0,263,2.0,25327.050000000003,12663.525,Low Activity
4760,High,1.0,253,2.0,25726.56,12863.28,Low Activity
4758,High,1.0,75,2.0,25502.21,12751.105,Low Activity
4757,High,1.0,122,3.0,51177.42,17059.14,High Value
4753,High,1.0,92,1.0,10763.4,10763.4,Low Activity
4752,High,1.0,97,3.0,14326.73,4775.576666666667,Regular
4749,High,1.0,173,2.0,21878.33,10939.165,Low Activity
4748,High,1.0,142,1.0,23528.52,23528.52,Low Activity
4747,High,1.0,164,1.0,10960.22,10960.22,Low Activity
4577,High,1.0,215,2.0,17394.93,8697.465,Low Activity
4576,High,1.0,99,3.0,33668.06,11222.686666666666,Regular
4575,High,1.0,333,1.0,21604.62,21604.62,Low Activity
4574,High,1.0,92,3.0,21888.69,7296.23,Regular
4571,High,1.0,84,3.0,29604.78,9868.26,Regular
4569,High,1.0,95,2.0,34112.25,17056.125,Low Activity
4568,High,1.0,267,1.0,3754.29,3754.29,Low Activity
4566,High,1.0,214,1.0,9195.46,9195.46,Low Activity
4565,High,1.0,200,2.0,14971.01,7485.505,Low Activity
4595,High,1.0,310,1.0,8839.49,8839.49,Low Activity
4594,High,1.0,148,3.0,36338.66,12112.886666666664,Regular
4593,High,1.0,193,3.0,26791.26,8930.42,Regular
4591,High,1.0,159,2.0,41061.42,20530.71,Low Activity
4590,High,1.0,98,1.0,14665.48,14665.48,Low Activity
4589,High,1.0,292,1.0,11256.83,11256.83,Low Activity
4588,High,1.0,74,2.0,15827.84,7913.92,Low Activity
4586,High,1.0,282,1.0,23618.88,23618.88,Low Activity
4584,High,1.0,140,2.0,18742.04,9371.02,Low Activity
4582,High,1.0,143,2.0,12464.16,6232.08,Low Activity
4744,High,1.0,130,1.0,4727.98,4727.98,Low Activity
4743,High,1.0,145,2.0,32146.29,16073.145,Low Activity
4741,High,1.0,83,4.0,57285.01,14321.2525,High Value
4740,High,1.0,144,1.0,8619.52,8619.52,Low Activity
4738,High,1.0,98,2.0,38020.98,19010.49,Low Activity
4737,High,1.0,180,2.0,23523.08,11761.54,Low Activity
4736,High,1.0,169,3.0,25343.47,8447.823333333334,Regular
4735,High,1.0,146,3.0,34416.21,11472.07,Regular
4733,High,1.0,261,2.0,20987.36,10493.68,Low Activity
4731,High,1.0,342,1.0,10347.38,10347.38,Low Activity
4612,High,1.0,164,1.0,12505.78,12505.78,Low Activity
4611,High,1.0,109,3.0,20784.96,6928.32,Regular
4610,High,1.0,260,2.0,20559.26,10279.63,Low Activity
4609,High,1.0,230,2.0,24074.88,12037.44,Low Activity
4607,High,1.0,208,3.0,35409.21,11803.07,Regular
4606,High,1.0,109,3.0,31945.31,10648.436666666666,Regular
4603,High,1.0,98,2.0,15758.47,7879.235000000001,Low Activity
4602,High,1.0,353,1.0,13444.11,13444.11,Low Activity
4601,High,1.0,331,1.0,13982.81,13982.81,Low Activity
4597,High,1.0,211,1.0,12178.73,12178.73,Low Activity
4729,High,1.0,86,3.0,41655.78,13885.26,Regular
4728,High,1.0,193,1.0,7723.71,7723.71,Low Activity
4727,High,1.0,216,2.0,15569.69,7784.844999999999,Low Activity
4726,High,1.0,90,1.0,11538.96,11538.96,Low Activity
4724,High,1.0,176,2.0,12664.63,6332.315,Low Activity
4721,High,1.0,269,1.0,10106.42,10106.42,Low Activity
4718,High,1.0,363,1.0,11448.08,11448.08,Low Activity
4716,High,1.0,173,1.0,15696.05,15696.05,Low Activity
4715,High,1.0,135,1.0,2933.52,2933.52,Low Activity
4714,High,1.0,124,2.0,24132.29,12066.145,Low Activity
4713,High,1.0,244,1.0,4649.26,4649.26,Low Activity
4632,High,1.0,88,3.0,40851.45,13617.15,Regular
4631,High,1.0,340,1.0,20791.86,20791.86,Low Activity
4630,High,1.0,276,2.0,39076.59,19538.295,Low Activity
4628,High,1.0,193,2.0,20663.33,10331.665,Low Activity
4626,High,1.0,98,1.0,4185.87,4185.87,Low Activity
4623,High,1.0,256,1.0,17648.97,17648.97,Low Activity
4622,High,1.0,89,3.0,32410.26,10803.42,Regular
4619,High,1.0,92,3.0,36421.92,12140.64,Regular
4618,High,1.0,123,2.0,28919.05,14459.525,Low Activity
4651,High,1.0,257,1.0,12515.07,12515.07,Low Activity
4649,High,1.0,135,4.0,37214.36,9303.59,Regular
4648,High,1.0,144,1.0,5186.59,5186.59,Low Activity
4646,High,1.0,133,2.0,22957.0,11478.5,Low Activity
4643,High,1.0,177,1.0,14232.97,14232.97,Low Activity
4642,High,1.0,171,1.0,13906.44,13906.44,Low Activity
4641,High,1.0,94,1.0,7512.09,7512.09,Low Activity
4639,High,1.0,131,3.0,22200.18,7400.06,Regular
4638,High,1.0,326,1.0,16601.25,16601.25,Low Activity
4637,High,1.0,296,1.0,16423.58,16423.58,Low Activity
4636,High,1.0,129,1.0,13054.05,13054.05,Low Activity
4634,High,1.0,269,1.0,14024.5,14024.5,Low Activity
4708,High,1.0,97,2.0,23664.73,11832.365,Low Activity
4706,High,1.0,90,2.0,31182.71,15591.355,Low Activity
4705,High,1.0,154,4.0,47137.29,11784.3225,High Value
4703,High,1.0,363,1.0,12589.08,12589.08,Low Activity
4702,High,1.0,212,2.0,11030.64,5515.32,Low Activity
4699,High,1.0,81,3.0,42070.53,14023.51,Regular
4698,High,1.0,132,3.0,31197.84,10399.28,Regular
4697,High,1.0,146,3.0,50223.83,16741.27666666667,High Value
4695,High,1.0,361,1.0,9354.36,9354.36,Low Activity
4694,High,1.0,92,2.0,16709.1,8354.55,Low Activity
4670,High,1.0,77,2.0,19965.89,9982.945,Low Activity
4669,High,1.0,161,2.0,25704.64,12852.32,Low Activity
4667,High,1.0,88,4.0,45888.85,11472.2125,Regular
4666,High,1.0,301,1.0,8720.31,8720.31,Low Activity
4665,High,1.0,200,2.0,18319.94,9159.97,Low Activity
4664,High,1.0,172,3.0,56958.94,18986.31333333333,High Value
4662,High,1.0,182,1.0,4639.43,4639.43,Low Activity
4657,High,1.0,341,1.0,12427.66,12427.66,Low Activity
4653,High,1.0,167,1.0,7028.53,7028.53,Low Activity
4652,High,1.0,101,3.0,37403.04,12467.68,Regular
4692,High,1.0,267,2.0,12911.51,6455.755,Low Activity
4687,High,1.0,230,1.0,10025.55,10025.55,Low Activity
4685,High,1.0,185,1.0,7649.76,7649.76,Low Activity
4683,High,1.0,107,4.0,47136.19,11784.0475,High Value
4682,High,1.0,359,1.0,6838.64,6838.64,Low Activity
4681,High,1.0,167,3.0,27326.59,9108.863333333333,Regular
4680,High,1.0,93,2.0,30765.95,15382.975,Low Activity
4679,High,1.0,165,2.0,14852.26,7426.13,Low Activity
4676,High,1.0,162,2.0,15656.05,7828.025,Low Activity
4674,High,1.0,267,1.0,13530.44,13530.44,Low Activity
7996,High,1.0,111,1.0,11700.72,11700.72,Low Activity
7995,High,1.0,326,1.0,13039.23,13039.23,Low Activity
7994,High,1.0,356,1.0,9423.38,9423.38,Low Activity
7993,High,1.0,283,1.0,10289.56,10289.56,Low Activity
7992,High,1.0,169,2.0,23481.300000000003,11740.65,Low Activity
7991,High,1.0,134,5.0,73786.73,14757.346,High Value
7984,High,1.0,90,5.0,53519.17,10703.834,High Value
7983,High,1.0,137,3.0,35297.25,11765.75,Regular
7981,High,1.0,103,2.0,22062.64,11031.32,Low Activity
7980,High,1.0,97,4.0,45698.26,11424.565,Regular
19,High,1.0,214,3.0,24858.74,8286.246666666666,Regular
17,High,1.0,132,4.0,50974.19,12743.5475,High Value
15,High,1.0,99,2.0,18419.65,9209.825,Low Activity
14,High,1.0,298,1.0,11565.65,11565.65,Low Activity
12,High,1.0,186,2.0,31262.08,15631.04,Low Activity
11,High,1.0,142,5.0,45740.26,9148.052,Regular
9,High,1.0,141,5.0,67081.53,13416.306,High Value
8,High,1.0,145,4.0,38243.76,9560.94,Regular
7,High,1.0,214,3.0,32901.05,10967.016666666668,Regular
6609,High,0.9999999999999998,73,4.0,42406.81,10601.7025,Regular
4863,High,0.9999999999999987,72,3.0,50021.95,16673.983333333334,High Value
5077,High,0.9999999999999987,72,3.0,37189.42,12396.473333333332,Regular
3125,High,0.9999999999999984,72,3.0,38500.54,12833.513333333334,Regular
6134,High,0.9999999999999984,72,3.0,31590.04,10530.013333333334,Regular
273,High,0.9999999999999984,72,5.0,50983.72,10196.744,High Value
2055,High,0.9999999999999984,72,1.0,12070.44,12070.44,Low Activity
6412,High,0.9999999999999984,72,2.0,26277.69,13138.845,Low Activity
2274,High,0.9999999999999984,72,3.0,34242.55,11414.183333333334,Regular
2898,High,0.9999999999999984,72,2.0,24740.86,12370.43,Low Activity
93,High,0.9999999999999984,72,2.0,18053.32,9026.66,Low Activity
1597,High,0.9999999999999984,72,3.0,41635.25,13878.416666666666,Regular
1689,High,0.9999999999999984,72,3.0,37989.43,12663.143333333332,Regular
4462,High,0.9999999999999984,72,3.0,36921.78,12307.26,Regular
7504,High,0.9999999999999984,72,4.0,48652.95,12163.2375,High Value
7097,High,0.9999999999999984,72,4.0,47202.42,11800.605,High Value
5862,High,0.9999999999999982,72,2.0,15785.44,7892.719999999999,Low Activity
3850,High,0.9999999999999982,72,4.0,27280.97,6820.2425,Regular
7655,High,0.9999999999999982,72,1.0,10101.96,10101.96,Low Activity
5756,High,0.9999999999999982,72,1.0,7928.88,7928.88,Low Activity
7085,High,0.999999999999998,72,1.0,4767.19,4767.19,Low Activity
638,High,0.999999999999998,72,4.0,35194.41,8798.6025,Regular
6168,High,0.999999999999998,72,2.0,18093.21,9046.605,Low Activity
2848,High,0.999999999999998,72,1.0,6194.95,6194.95,Low Activity
3556,High,0.9999999999999976,72,1.0,3386.68,3386.68,Low Activity
112,High,0.9999999999999727,71,3.0,35605.0,11868.333333333334,Regular
7245,High,0.9999999999999725,71,3.0,23349.01,7783.003333333334,Regular
6822,High,0.9999999999999705,71,2.0,25516.24,12758.12,Low Activity
971,High,0.9999999999999702,71,1.0,12421.83,12421.83,Low Activity
6286,High,0.9999999999999702,71,1.0,12438.91,12438.91,Low Activity
4924,High,0.9999999999999691,71,5.0,53132.87,10626.574,High Value
4236,High,0.9999999999999691,71,4.0,35502.36,8875.59,Regular
2200,High,0.9999999999999691,71,3.0,32537.94,10845.98,Regular
6471,High,0.9999999999999689,71,1.0,10553.92,10553.92,Low Activity
2724,High,0.999999999999968,71,2.0,17793.53,8896.765,Low Activity
3912,High,0.999999999999968,71,4.0,48826.91,12206.7275,High Value
3551,High,0.9999999999999678,71,4.0,44122.78,11030.695,Regular
1613,High,0.9999999999999676,71,2.0,24121.13,12060.565,Low Activity
241,High,0.9999999999999674,71,5.0,61371.16,12274.232,High Value
4447,High,0.9999999999999669,71,2.0,15717.8,7858.9,Low Activity
5288,High,0.9999999999999667,71,3.0,16016.82,5338.94,Regular
390,High,0.9999999999999665,71,3.0,35991.36,11997.12,Regular
4587,High,0.9999999999999662,71,3.0,22814.95,7604.983333333334,Regular
2989,High,0.9999999999999654,71,3.0,30403.39,10134.463333333331,Regular
7437,High,0.9999999999999654,71,2.0,19090.0,9545.0,Low Activity
7772,High,0.9999999999999645,71,1.0,6212.94,6212.94,Low Activity
6936,High,0.9999999999999638,71,2.0,15719.37,7859.684999999999,Low Activity
2095,High,0.9999999999994955,70,1.0,23694.29,23694.29,Low Activity
3801,High,0.9999999999994884,70,1.0,17318.98,17318.98,Low Activity
3174,High,0.9999999999994849,70,2.0,31855.370000000003,15927.685,Low Activity
6076,High,0.9999999999994758,70,2.0,29918.29,14959.145,Low Activity
4750,High,0.9999999999994564,70,2.0,27276.56,13638.28,Low Activity
1997,High,0.9999999999994522,70,3.0,29535.09,9845.03,Regular
6798,High,0.9999999999994511,70,3.0,30280.71,10093.57,Regular
6712,High,0.9999999999994325,70,2.0,25186.51,12593.255,Low Activity
6418,High,0.9999999999994307,70,4.0,39672.17,9918.0425,Regular
3217,High,0.9999999999994242,70,4.0,37468.11,9367.0275,Regular
2665,High,0.9999999999994216,70,6.0,59717.01,9952.835,High Value
456,High,0.9999999999994191,70,3.0,46402.21,15467.403333333334,High Value
654,High,0.9999999999994165,70,5.0,57654.39,11530.878,High Value
7843,High,0.9999999999994009,70,2.0,19434.79,9717.395,Low Activity
2993,High,0.9999999999993978,70,3.0,42211.02,14070.340000000002,Regular
267,High,0.9999999999993898,70,3.0,40404.89,13468.296666666669,Regular
164,High,0.999999999999388,70,3.0,28429.22,9476.406666666668,Regular
5548,High,0.9999999999993818,70,1.0,9151.2,9151.2,Low Activity
3904,High,0.9999999999993794,70,1.0,9157.82,9157.82,Low Activity
4136,High,0.9999999999993749,70,4.0,42069.02,10517.255,Regular
6596,High,0.9999999999993521,70,2.0,15438.64,7719.32,Low Activity
970,High,0.999999999999349,70,4.0,48822.36,12205.59,High Value
3238,High,0.9999999999993483,70,4.0,34235.18,8558.795,Regular
1960,High,0.9999999999993312,70,6.0,46952.72,7825.453333333334,High Value
6990,High,0.9999999999992153,70,2.0,9341.9,4670.95,Low Activity
6534,High,0.9999999999913263,69,2.0,33410.93,16705.465,Low Activity
6395,High,0.999999999990896,69,2.0,41749.71,20874.855,Low Activity
7092,High,0.999999999990866,69,2.0,42254.83,21127.415,Low Activity
7671,High,0.9999999999902878,69,4.0,57661.55,14415.3875,High Value
62,High,0.9999999999899849,69,1.0,16319.88,16319.88,Low Activity
7156,High,0.999999999989738,69,5.0,76153.37,15230.674,High Value
6671,High,0.9999999999896347,69,1.0,14605.7,14605.7,Low Activity
591,High,0.9999999999890967,69,3.0,50106.75,16702.25,High Value
5231,High,0.9999999999889262,69,3.0,48332.600000000006,16110.866666666669,High Value
7799,High,0.9999999999888878,69,2.0,25331.33,12665.665,Low Activity
3803,High,0.999999999988624,69,2.0,28225.25,14112.625,Low Activity
7434,High,0.9999999999885583,69,1.0,10599.25,10599.25,Low Activity
3695,High,0.9999999999885338,69,4.0,48150.600000000006,12037.65,High Value
7009,High,0.999999999988348,69,2.0,37360.55,18680.275,Low Activity
77,High,0.9999999999882776,69,3.0,28537.460000000003,9512.486666666668,Regular
808,High,0.9999999999881304,69,1.0,9245.23,9245.23,Low Activity
5651,High,0.9999999999881146,69,3.0,28828.35,9609.45,Regular
6857,High,0.9999999999878486,69,2.0,15299.36,7649.68,Low Activity
7106,High,0.9999999999877216,69,5.0,55236.09,11047.218,High Value
4806,High,0.9999999999875819,69,2.0,22834.69,11417.345,Low Activity
6180,High,0.9999999999869369,69,4.0,30084.16,7521.04,Regular
3116,High,0.9999999999868383,69,6.0,63020.350000000006,10503.391666666668,High Value
5674,High,0.9999999999868048,69,2.0,18125.4,9062.7,Low Activity
5491,High,0.9999999999863791,69,5.0,36545.17,7309.034,Regular
2509,High,0.9999999999863167,69,1.0,9939.8,9939.8,Low Activity
6354,High,0.9999999999861384,69,4.0,34576.83,8644.2075,Regular
3921,High,0.999999999985635,69,2.0,8071.95,4035.975,Low Activity
6652,High,0.9999999999840177,69,1.0,4026.98,4026.98,Low Activity
2633,High,0.99999999983608,68,1.0,24464.57,24464.57,Low Activity
1489,High,0.9999999998249085,68,1.0,20914.78,20914.78,Low Activity
4318,High,0.999999999796743,68,4.0,43601.47,10900.3675,Regular
1102,High,0.9999999997957032,68,3.0,27442.52,9147.506666666666,Regular
339,High,0.9999999997928031,68,5.0,62373.15,12474.63,High Value
6804,High,0.9999999997913598,68,6.0,64250.53,10708.421666666669,High Value
1907,High,0.9999999997901892,68,3.0,26051.05,8683.683333333332,Regular
6715,High,0.9999999997872948,68,4.0,38533.17,9633.2925,Regular
6306,High,0.999999999786505,68,2.0,23029.45,11514.725,Low Activity
445,High,0.9999999997836646,68,2.0,22428.19,11214.095,Low Activity
1916,High,0.9999999997808813,68,3.0,31382.82,10460.94,Regular
4150,High,0.9999999997799989,68,3.0,30857.09,10285.696666666665,Regular
4573,High,0.9999999997793112,68,3.0,30792.82,10264.273333333333,Regular
3001,High,0.9999999997781381,68,4.0,49481.9,12370.475,High Value
6809,High,0.9999999997754143,68,3.0,18646.61,6215.536666666667,Regular
7240,High,0.9999999997725859,68,3.0,29214.15,9738.05,Regular
247,High,0.9999999997722755,68,1.0,9118.62,9118.62,Low Activity
2683,High,0.9999999997661804,68,3.0,24686.3,8228.766666666666,Regular
1103,High,0.9999999997625044,68,3.0,33235.96,11078.653333333334,Regular
7350,High,0.9999999997612461,68,3.0,24242.81,8080.936666666666,Regular
6363,High,0.9999999997603402,68,1.0,11562.1,11562.1,Low Activity
7680,High,0.9999999997576141,68,1.0,7163.48,7163.48,Low Activity
669,High,0.9999999997499884,68,1.0,6262.23,6262.23,Low Activity
3284,High,0.9999999997406297,68,4.0,25875.51,6468.8775000000005,Regular
55,High,0.9999999997374667,68,3.0,22658.93,7552.976666666666,Regular
2622,High,0.9999999996678073,68,1.0,2708.62,2708.62,Low Activity
3964,High,0.9999999971120179,67,2.0,43369.76,21684.88,Low Activity
5826,High,0.999999996827833,67,1.0,23943.91,23943.91,Low Activity
5066,High,0.9999999967236899,67,2.0,42359.89,21179.945,Low Activity
1892,High,0.9999999964241109,67,1.0,17571.47,17571.47,Low Activity
3347,High,0.9999999963772015,67,1.0,25357.48,25357.48,Low Activity
6968,High,0.999999996229862,67,2.0,28587.270000000004,14293.635000000002,Low Activity
5833,High,0.9999999961376003,67,4.0,62619.43,15654.8575,High Value
5739,High,0.9999999961255202,67,4.0,44834.8,11208.7,Regular
399,High,0.9999999961234232,67,2.0,26168.21,13084.105,Low Activity
4430,High,0.9999999960494461,67,3.0,40859.2,13619.733333333332,Regular
5328,High,0.9999999960466857,67,3.0,29438.03,9812.676666666666,Regular
3505,High,0.9999999960223229,67,2.0,32948.24,16474.12,Low Activity
883,High,0.9999999959780552,67,3.0,38690.28,12896.76,Regular
2398,High,0.9999999959572223,67,2.0,24350.82,12175.41,Low Activity
5528,High,0.9999999959507138,67,4.0,56182.62,14045.655,High Value
5504,High,0.9999999959125458,67,2.0,21277.71,10638.855,Low Activity
5031,High,0.9999999959093846,67,1.0,11680.21,11680.21,Low Activity
4108,High,0.9999999958952803,67,3.0,34307.35,11435.783333333333,Regular
1945,High,0.9999999958759118,67,3.0,23866.15,7955.383333333334,Regular
4056,High,0.9999999958250425,67,2.0,20161.92,10080.96,Low Activity
5422,High,0.9999999958145951,67,2.0,19715.04,9857.52,Low Activity
6960,High,0.9999999957852905,67,3.0,31189.37,10396.456666666669,Regular
2804,High,0.9999999957210692,67,1.0,9840.25,9840.25,Low Activity
2739,High,0.9999999957082089,67,4.0,46245.5,11561.375,High Value
675,High,0.999999995619612,67,2.0,16670.86,8335.43,Low Activity
4872,High,0.9999999954434204,67,5.0,53838.19,10767.638,High Value
7272,High,0.9999999954369545,67,3.0,22369.89,7456.63,Regular
7842,High,0.999999995396601,67,4.0,34244.65,8561.1625,Regular
7547,High,0.9999999953922234,67,3.0,22439.43,7479.81,Regular
1776,High,0.9999999953863674,67,1.0,7381.32,7381.32,Low Activity
721,High,0.9999999953364407,67,2.0,19320.85,9660.425,Low Activity
5197,High,0.9999999953215613,67,4.0,31183.42,7795.855,Regular
5950,High,0.9999999952474385,67,3.0,19254.47,6418.156666666667,Regular
5240,High,0.9999999951752185,67,4.0,27629.56,6907.39,Regular
7722,High,0.9999999950969185,67,3.0,35533.81,11844.603333333333,Regular
4419,High,0.9999999950827503,67,3.0,26607.88,8869.293333333333,Regular
2992,High,0.9999999950373073,67,2.0,15253.56,7626.78,Low Activity
1274,High,0.9999999948678342,67,1.0,4550.87,4550.87,Low Activity
1884,High,0.9999999944731575,67,3.0,24284.870000000003,8094.956666666668,Regular
5482,High,0.9999999410546722,66,3.0,58311.4,19437.13333333333,High Value
6976,High,0.9999999392088949,66,2.0,33726.73,16863.364999999998,Low Activity
7656,High,0.9999999288188126,66,4.0,51382.47,12845.6175,High Value
1667,High,0.9999999268232227,66,1.0,14634.48,14634.48,Low Activity
4507,High,0.9999999259556892,66,3.0,28362.73,9454.243333333334,Regular
7937,High,0.9999999241544091,66,4.0,40638.52,10159.63,Regular
140,High,0.9999999238405941,66,1.0,12888.05,12888.05,Low Activity
6146,High,0.9999999235937539,66,2.0,23534.79,11767.395,Low Activity
3555,High,0.9999999225792922,66,3.0,36401.36,12133.786666666669,Regular
2831,High,0.9999999222013266,66,2.0,22304.77,11152.385,Low Activity
857,High,0.9999999219028947,66,2.0,21386.87,10693.435,Low Activity
6276,High,0.9999999206004692,66,1.0,11132.28,11132.28,Low Activity
5177,High,0.999999920527887,66,3.0,47776.12,15925.373333333331,High Value
4528,High,0.9999999191266719,66,3.0,31044.47,10348.156666666668,Regular
2914,High,0.9999999183655248,66,4.0,45848.18,11462.045,Regular
18,High,0.9999999179228639,66,3.0,32569.51,10856.503333333334,Regular
6280,High,0.9999999152576601,66,3.0,27603.0,9201.0,Regular
4813,High,0.9999999140520942,66,1.0,12618.53,12618.53,Low Activity
7460,High,0.9999999129994537,66,3.0,24531.37,8177.123333333333,Regular
5179,High,0.9999999128911521,66,2.0,15812.22,7906.110000000001,Low Activity
1408,High,0.9999999119732081,66,2.0,14998.13,7499.065,Low Activity
2139,High,0.9999999078204763,66,3.0,27183.68,9061.226666666667,Regular
605,High,0.9999999077331966,66,4.0,29043.59,7260.8975,Regular
951,High,0.9999999062852875,66,1.0,9263.66,9263.66,Low Activity
5162,High,0.9999999060509328,66,4.0,39033.34,9758.335,Regular
2695,High,0.9999999036374476,66,2.0,15467.73,7733.865,Low Activity
6561,High,0.9999999028788354,66,1.0,4814.18,4814.18,Low Activity
1786,High,0.9999999020854125,66,1.0,7856.04,7856.04,Low Activity
1487,High,0.9999999013301535,66,1.0,8947.92,8947.92,Low Activity
3463,High,0.9999987339511357,65,1.0,19568.47,19568.47,Low Activity
6224,High,0.9999987318308057,65,2.0,39375.72,19687.86,Low Activity
2406,High,0.9999987058249797,65,2.0,24498.69,12249.345,Low Activity
7738,High,0.9999986008425407,65,5.0,72246.33,14449.266,High Value
6597,High,0.9999985946281582,65,3.0,44443.380000000005,14814.46,Regular
4171,High,0.9999985750249054,65,4.0,43732.85,10933.2125,Regular
7685,High,0.9999985302666575,65,2.0,15246.06,7623.03,Low Activity
1604,High,0.999998528561723,65,3.0,26375.19,8791.730000000001,Regular
7717,High,0.9999985187193488,65,6.0,59244.36,9874.06,High Value
5587,High,0.9999985175554423,65,3.0,25273.72,8424.573333333334,Regular
4228,High,0.9999985017036555,65,3.0,35129.18,11709.726666666667,Regular
1987,High,0.9999984841878831,65,2.0,31509.82,15754.91,Low Activity
6861,High,0.9999984441893817,65,5.0,70706.62,14141.324,High Value
1235,High,0.9999984423174201,65,3.0,30433.74,10144.58,Regular
3094,High,0.9999984365781551,65,1.0,10154.84,10154.84,Low Activity
410,High,0.9999984331155398,65,2.0,18803.33,9401.665,Low Activity
5297,High,0.9999983754111673,65,2.0,16240.36,8120.18,Low Activity
1182,High,0.9999983688230996,65,1.0,8638.2,8638.2,Low Activity
2927,High,0.9999983683157924,65,4.0,39074.09,9768.5225,Regular
5898,High,0.999998345754331,65,4.0,37420.11,9355.0275,Regular
387,High,0.9999983447450814,65,4.0,36604.66,9151.165,Regular
5608,High,0.9999983136938736,65,4.0,36147.53,9036.8825,Regular
3037,High,0.9999983107406324,65,3.0,34166.0,11388.666666666666,Regular
3875,High,0.9999982985969553,65,2.0,19936.33,9968.165,Low Activity
79,High,0.9999982821134722,65,6.0,73607.47,12267.911666666669,High Value
6346,High,0.9999982709604747,65,4.0,48807.28,12201.82,High Value
1018,High,0.9999982497327055,65,2.0,18050.25,9025.125,Low Activity
3913,High,0.9999982371511328,65,3.0,27707.61,9235.87,Regular
349,High,0.9999982340002113,65,3.0,27479.12,9159.706666666669,Regular
4793,High,0.9999982292805423,65,2.0,11028.92,5514.46,Low Activity
1844,High,0.9999982206430622,65,1.0,13529.0,13529.0,Low Activity
5828,High,0.9999982169616477,65,4.0,28942.3,7235.575,Regular
63,High,0.9999981873988631,65,2.0,15731.02,7865.51,Low Activity
7056,High,0.9999981434181106,65,2.0,20838.38,10419.19,Low Activity
6982,High,0.9999981323617513,65,1.0,4772.26,4772.26,Low Activity
2586,High,0.9999980541532227,65,1.0,3894.89,3894.89,Low Activity
501,High,0.9999778751341829,64,2.0,34788.06,17394.03,Low Activity
2198,High,0.9999770499541534,64,2.0,33444.69,16722.345,Low Activity
6073,High,0.9999756771593469,64,1.0,21786.22,21786.22,Low Activity
1789,High,0.9999754852289188,64,2.0,36026.33,18013.165,Low Activity
6039,High,0.9999744062620777,64,3.0,48876.72,16292.24,High Value
7266,High,0.9999723075323702,64,1.0,13339.95,13339.95,Low Activity
4942,High,0.9999722001012427,64,4.0,42217.68,10554.42,Regular
2461,High,0.9999719484054604,64,4.0,57014.01,14253.5025,High Value
2436,High,0.9999719149980555,64,1.0,12623.74,12623.74,Low Activity
6470,High,0.9999713043605636,64,2.0,21894.81,10947.405,Low Activity
6996,High,0.9999712819233897,64,2.0,30190.23,15095.115,Low Activity
4455,High,0.9999712527035104,64,2.0,30122.22,15061.11,Low Activity
209,High,0.9999708031054558,64,3.0,32145.5,10715.166666666666,Regular
587,High,0.9999706998185497,64,2.0,28653.39,14326.695,Low Activity
2320,High,0.9999705522082444,64,1.0,10716.77,10716.77,Low Activity
2072,High,0.999970400626999,64,5.0,50831.51,10166.302,High Value
885,High,0.9999700134416944,64,1.0,14777.35,14777.35,Low Activity
7324,High,0.9999698724176949,64,1.0,9857.5,9857.5,Low Activity
1067,High,0.9999698108519911,64,3.0,30696.92,10232.306666666664,Regular
667,High,0.999969208740653,64,2.0,16947.18,8473.59,Low Activity
6814,High,0.9999691920782844,64,3.0,27118.64,9039.546666666669,Regular
7143,High,0.9999686151164573,64,2.0,15292.59,7646.295,Low Activity
2147,High,0.9999684628092418,64,3.0,24494.17,8164.723333333332,Regular
7627,High,0.9999679836049281,64,3.0,23190.45,7730.150000000001,Regular
5884,High,0.9999674840115854,64,1.0,7366.8,7366.8,Low Activity
5964,High,0.9999671998017452,64,2.0,19588.77,9794.384999999998,Low Activity
4514,High,0.9999668347700081,64,4.0,30021.53,7505.3825,Regular
7496,High,0.9999667564161996,64,2.0,12109.75,6054.875,Low Activity
6529,High,0.9999663850475833,64,1.0,11788.53,11788.53,Low Activity
157,High,0.9999662136358091,64,3.0,17664.6,5888.2,Regular
5106,High,0.9999661352890779,64,3.0,27451.33,9150.443333333336,Regular
2097,High,0.999962421754354,64,1.0,3750.22,3750.22,Low Activity
2701,High,0.999961376613295,64,3.0,16605.510000000002,5535.170000000001,Regular
673,High,0.9999562062784244,64,1.0,4955.71,4955.71,Low Activity
710,High,0.9995190341931944,63,1.0,17745.62,17745.62,Low Activity
6595,High,0.9995051761076298,63,2.0,30852.910000000003,15426.455000000002,Low Activity
3163,High,0.9995001067179202,63,1.0,16025.96,16025.96,Low Activity
5762,High,0.999486672409368,63,1.0,14802.88,14802.88,Low Activity
2327,High,0.9994734474877208,63,1.0,13615.16,13615.16,Low Activity
3631,High,0.9994669064762081,63,3.0,28170.28,9390.093333333332,Regular
7827,High,0.999464313455642,63,3.0,27576.66,9192.22,Regular
6678,High,0.9994522641205215,63,4.0,53480.79,13370.1975,High Value
2890,High,0.9994389458383119,63,6.0,77962.15,12993.691666666666,High Value
5420,High,0.9994336816123292,63,2.0,19824.28,9912.14,Low Activity
4404,High,0.9994240949493249,63,5.0,48538.53,9707.706,High Value
2364,High,0.999418150279304,63,1.0,9619.33,9619.33,Low Activity
3674,High,0.9994095620900725,63,2.0,16508.629999999997,8254.314999999999,Low Activity
4764,High,0.9994085058478985,63,3.0,28425.4,9475.133333333331,Regular
1272,High,0.9994058798360917,63,2.0,25633.48,12816.74,Low Activity
2776,High,0.9994048341735033,63,1.0,8863.4,8863.4,Low Activity
714,High,0.9994036926591708,63,4.0,26310.22,6577.555,Regular
2981,High,0.9993996771655645,63,3.0,25568.63,8522.876666666667,Regular
4929,High,0.9993914028539612,63,3.0,25679.04,8559.68,Regular
2244,High,0.9993836574390759,63,3.0,33261.36,11087.12,Regular
7331,High,0.9993829788454522,63,2.0,15525.79,7762.894999999999,Low Activity
6387,High,0.9993667778792947,63,1.0,6872.47,6872.47,Low Activity
1,High,0.9993447993270278,63,2.0,16719.55,8359.775,Low Activity
2796,High,0.9993420473084862,63,2.0,16252.02,8126.01,Low Activity
5753,High,0.999338646276409,63,1.0,10774.21,10774.21,Low Activity
1055,High,0.9992691060292963,63,1.0,6011.52,6011.52,Low Activity
709,High,0.9910015139507077,62,4.0,61919.58,15479.895,High Value
3093,High,0.9907893880383756,62,2.0,32917.95,16458.975,Low Activity
1238,High,0.990748979691722,62,3.0,51525.23,17175.076666666664,High Value
5800,High,0.9903698260218766,62,1.0,15370.84,15370.84,Low Activity
7321,High,0.9900881328368297,62,1.0,13999.52,13999.52,Low Activity
3251,High,0.9900280713188946,62,2.0,27706.03,13853.015,Low Activity
6061,High,0.9894723368039591,62,2.0,21419.94,10709.97,Low Activity
6560,High,0.9893778787306916,62,2.0,20482.99,10241.495,Low Activity
5084,High,0.9893717592735227,62,1.0,11111.61,11111.61,Low Activity
566,High,0.9893613200680867,62,2.0,28932.25,14466.125,Low Activity
5768,High,0.9892508959701312,62,5.0,50365.14,10073.028,High Value
6004,High,0.9892463194339918,62,2.0,19774.45,9887.225,Low Activity
648,High,0.9891801559855259,62,3.0,32631.02,10877.006666666666,Regular
6896,High,0.9888097696668035,62,1.0,9071.92,9071.92,Low Activity
6382,High,0.9885953752615171,62,3.0,35892.48,11964.160000000002,Regular
7370,High,0.9885927662434917,62,1.0,12400.69,12400.69,Low Activity
7957,High,0.9885700926390937,62,2.0,24135.85,12067.925,Low Activity
465,High,0.9883690837934037,62,2.0,21177.26,10588.63,Low Activity
7168,High,0.9876487273911574,62,2.0,16559.809999999998,8279.904999999999,Low Activity
5912,High,0.9872884138475927,62,3.0,15726.28,5242.093333333333,Regular
3401,High,0.987212080266929,62,4.0,23551.31,5887.827499999999,Regular
4426,High,0.9871835507100419,62,1.0,5019.76,5019.76,Low Activity
5680,High,0.9870629002082375,62,1.0,4861.13,4861.13,Low Activity
1184,High,0.9869774070370744,62,2.0,13545.89,6772.945,Low Activity
4608,High,0.9861501760072052,62,1.0,5932.27,5932.27,Low Activity
757,High,0.9859380300952606,62,1.0,5569.94,5569.94,Low Activity
3726,High,0.9822502978049136,62,1.0,3499.25,3499.25,Low Activity
1752,High,0.85755328705633,61,6.0,85544.85,14257.475,High Value
6691,High,0.850644482173983,61,2.0,34213.24,17106.62,Low Activity
3662,High,0.8475468305895779,61,2.0,22234.03,11117.015,Low Activity
2571,High,0.8468865666237534,61,1.0,16806.33,16806.33,Low Activity
5985,High,0.846077366597495,61,3.0,34763.009999999995,11587.669999999998,Regular
5131,High,0.8453191415527079,61,2.0,32370.08,16185.04,Low Activity
556,High,0.8432354007415397,61,4.0,50062.01,12515.5025,High Value
4470,High,0.8425033553239029,61,2.0,29966.870000000003,14983.435,Low Activity
1747,High,0.8401873749696359,61,2.0,28227.85,14113.925,Low Activity
1661,High,0.8378518768637725,61,3.0,27875.83,9291.943333333336,Regular
7527,High,0.8376399177320252,61,2.0,27321.79,13660.895,Low Activity
6150,High,0.8355236274278774,61,2.0,24220.47,12110.235,Low Activity
6997,High,0.834363974268354,61,6.0,65455.26,10909.21,High Value
7213,High,0.8339533626010971,61,2.0,22833.19,11416.595,Low Activity
7384,High,0.831565283593336,61,3.0,36403.66,12134.553333333335,Regular
1003,High,0.8298205086125905,61,4.0,50704.780000000006,12676.195000000002,High Value
3868,High,0.8294748690743258,61,2.0,14418.16,7209.08,Low Activity
5527,High,0.8293997473906745,61,6.0,54646.73,9107.788333333332,High Value
4696,High,0.8269014110144429,61,3.0,34618.25,11539.416666666666,Regular
4673,High,0.826410499622559,61,3.0,29832.15,9944.05,Regular
1375,High,0.8209481737937355,61,2.0,16423.85,8211.925,Low Activity
7752,High,0.8202081418406983,61,1.0,8807.21,8807.21,Low Activity
7780,High,0.8194694168552219,61,4.0,39101.68,9775.42,Regular
5003,High,0.8189207184000945,61,4.0,37932.58,9483.145,Regular
3650,High,0.8185083099025687,61,1.0,8416.57,8416.57,Low Activity
1340,High,0.8177243152157535,61,3.0,16745.870000000003,5581.956666666668,Regular
345,High,0.8166360878140487,61,2.0,21631.19,10815.595,Low Activity
5573,High,0.8128385239223487,61,1.0,11313.79,11313.79,Low Activity
160,High,0.8098295435483132,61,1.0,6625.16,6625.16,Low Activity
5620,High,0.8061804704854563,61,2.0,10573.51,5286.755,Low Activity
1978,High,0.7966986111248652,61,1.0,4509.18,4509.18,Low Activity
326,High,0.7910510275580623,61,1.0,9847.62,9847.62,Low Activity
7117,High,0.7715930922325249,61,1.0,2604.71,2604.71,Low Activity
7416,Low,0.23452785913112362,60,1.0,19782.92,19782.92,Low Activity
3822,Low,0.22657184584985113,60,2.0,33138.22,16569.11,Low Activity
6852,Low,0.22080741000739001,60,3.0,47622.44,15874.146666666667,High Value
1232,Low,0.21868518444088555,60,3.0,32036.370000000003,10678.79,Regular
5610,Low,0.21834868102271313,60,2.0,28707.99,14353.995,Low Activity
4774,Low,0.21522809629720804,60,3.0,45053.31,15017.77,Regular
4148,Low,0.21268841943913974,60,3.0,42782.58,14260.86,Regular
34,Low,0.20851134058368379,60,1.0,12706.93,12706.93,Low Activity
1873,Low,0.20282715393313067,60,1.0,11233.89,11233.89,Low Activity
6634,Low,0.20112182459521827,60,2.0,21636.83,10818.415,Low Activity
6129,Low,0.2009590336851008,60,2.0,20149.8,10074.9,Low Activity
2484,Low,0.20061714762194124,60,2.0,21527.44,10763.72,Low Activity
4684,Low,0.19973962853335506,60,4.0,47687.52,11921.88,High Value
89,Low,0.19758756677103928,60,2.0,27733.65,13866.825,Low Activity
5966,Low,0.19646202308289967,60,3.0,30573.01,10191.003333333332,Regular
4689,Low,0.19587319887876098,60,7.0,73679.84999999999,10525.692857142856,High Value
7016,Low,0.19378521463093806,60,3.0,18886.56,6295.52,Regular
2004,Low,0.19104588280280557,60,4.0,40940.58,10235.145,Regular
3046,Low,0.19014258945870036,60,4.0,38834.130000000005,9708.5325,Regular
2635,Low,0.18646189329459675,60,2.0,13465.03,6732.514999999999,Low Activity
4519,Low,0.18486604667304446,60,1.0,7241.13,7241.13,Low Activity
5083,Low,0.18438881322082215,60,2.0,14463.49,7231.745,Low Activity
4624,Low,0.18349247565412405,60,2.0,13691.52,6845.76,Low Activity
6048,Low,0.17685446696381193,60,2.0,17510.03,8755.015,Low Activity
2078,Low,0.1754962212098845,60,5.0,40926.34,8185.267999999999,Regular
3957,Low,0.17366521653809444,60,2.0,9192.64,4596.32,Low Activity
3305,Low,0.17362373460906722,60,5.0,37335.79,7467.158,Regular
7137,Low,0.1697653310786358,60,1.0,4454.16,4454.16,Low Activity
6602,Low,0.14652410727080672,60,1.0,3967.27,3967.27,Low Activity
6871,Low,0.01587365544344435,59,3.0,46221.13,15407.043333333331,High Value
1848,Low,0.015793151742691712,59,4.0,66262.23,16565.5575,High Value
4513,Low,0.015178326768624519,59,2.0,33753.22,16876.61,Low Activity
1451,Low,0.014821481401778011,59,2.0,31187.94,15593.97,Low Activity
3782,Low,0.014755322859486842,59,1.0,16505.97,16505.97,Low Activity
4832,Low,0.014701138431944457,59,2.0,30579.88,15289.94,Low Activity
1159,Low,0.014515491417974466,59,5.0,59766.03,11953.206,High Value
386,Low,0.014099875172625509,59,4.0,48469.16,12117.29,High Value
844,Low,0.013875026701260834,59,3.0,41972.52,13990.840000000002,Regular
1402,Low,0.013770573869462375,59,3.0,41943.9,13981.3,Regular
4700,Low,0.013472791102175412,59,2.0,22999.1,11499.55,Low Activity
1164,Low,0.013397196253783638,59,1.0,12154.89,12154.89,Low Activity
4390,Low,0.013392858257919422,59,3.0,38131.22,12710.406666666668,Regular
7075,Low,0.013235390779751345,59,3.0,36671.81,12223.936666666666,Regular
6254,Low,0.013062615729982956,59,2.0,20550.15,10275.075,Low Activity
122,Low,0.01295944163076671,59,2.0,21708.45,10854.225,Low Activity
6547,Low,0.012881759561958936,59,3.0,23198.26,7732.753333333333,Regular
5409,Low,0.012832535724837413,59,3.0,31142.5,10380.833333333334,Regular
3915,Low,0.01281852479283794,59,3.0,30921.56,10307.186666666666,Regular
3536,Low,0.012756583819164554,59,2.0,19085.04,9542.52,Low Activity
494,Low,0.012689516683814977,59,2.0,18635.37,9317.685,Low Activity
3396,Low,0.01230823061942476,59,2.0,24114.6,12057.3,Low Activity
7207,Low,0.012225652738530997,59,5.0,58035.93,11607.186,High Value
6467,Low,0.012179491566580566,59,4.0,40175.54,10043.885,Regular
6673,Low,0.012163951596977404,59,2.0,17236.46,8618.23,Low Activity
2916,Low,0.012160434592403487,59,1.0,12867.09,12867.09,Low Activity
1927,Low,0.012150524383866686,59,3.0,26898.98,8966.326666666666,Regular
1289,Low,0.012038570430074745,59,3.0,24189.69,8063.23,Regular
230,Low,0.011972524286756676,59,6.0,57793.11,9632.185,High Value
7401,Low,0.011936762747060382,59,3.0,24765.28,8255.093333333332,Regular
3369,Low,0.011928300628188278,59,3.0,14569.58,4856.526666666667,Regular
671,Low,0.011897678953329181,59,2.0,16906.010000000002,8453.005000000001,Low Activity
3513,Low,0.01181113819726075,59,4.0,48501.9,12125.475,High Value
7099,Low,0.011775333961036211,59,2.0,14587.62,7293.809999999999,Low Activity
3959,Low,0.011625455845317576,59,3.0,20274.4,6758.133333333334,Regular
356,Low,0.01148680280812454,59,1.0,12312.76,12312.76,Low Activity
5925,Low,0.011365659443383956,59,3.0,28229.42,9409.806666666664,Regular
3188,Low,0.010784272098557314,59,4.0,36236.69,9059.1725,Regular
5125,Low,0.010568816834122863,59,2.0,14637.2,7318.6,Low Activity
6778,Low,0.01053568894807742,59,1.0,7461.18,7461.18,Low Activity
5093,Low,0.010212043976787523,59,1.0,6492.49,6492.49,Low Activity
3375,Low,0.009739676074921997,59,1.0,3734.82,3734.82,Low Activity
3214,Low,0.0008534499876347167,58,2.0,28776.15,14388.075,Low Activity
7848,Low,0.0008451011393836485,58,3.0,60364.98,20121.66,High Value
5574,Low,0.0008358205958485363,58,2.0,37165.29,18582.645,Low Activity
5720,Low,0.0008192204712564351,58,2.0,25191.11,12595.555,Low Activity
4064,Low,0.0007949498857088565,58,3.0,37433.28,12477.76,Regular
1856,Low,0.0007524948311901336,58,2.0,27818.09,13909.045,Low Activity
3340,Low,0.0007463290283303207,58,2.0,36760.15,18380.075,Low Activity
7573,Low,0.0007405617480028917,58,2.0,26377.18,13188.59,Low Activity
7546,Low,0.0007349549652527169,58,3.0,41782.51,13927.503333333332,Regular
5793,Low,0.0007314575781561547,58,2.0,25406.730000000003,12703.365000000002,Low Activity
477,Low,0.000726391395503491,58,5.0,64460.55,12892.11,High Value
7964,Low,0.0007225487609427815,58,2.0,24272.57,12136.285,Low Activity
6797,Low,0.0007210481717030523,58,3.0,37219.07,12406.356666666668,Regular
4410,Low,0.000720666174960287,58,4.0,56846.95,14211.7375,High Value
533,Low,0.000716614559793163,58,1.0,17979.58,17979.58,Low Activity
6921,Low,0.000699904656962079,58,5.0,55214.4,11042.88,High Value
1946,Low,0.0006978507533701442,58,3.0,22952.81,7650.936666666666,Regular
5660,Low,0.0006894208114299845,58,2.0,21801.6,10900.8,Low Activity
265,Low,0.0006681998274989731,58,3.0,29413.48,9804.493333333334,Regular
6421,Low,0.0006680868058206723,58,5.0,47842.79,9568.558,High Value
6164,Low,0.0006531480284221449,58,3.0,28836.07,9612.023333333333,Regular
4483,Low,0.0006503840462215349,58,3.0,26035.72,8678.573333333334,Regular
4734,Low,0.0006206278753039383,58,1.0,11509.1,11509.1,Low Activity
5802,Low,0.0006204904029778077,58,3.0,22195.590000000004,7398.530000000002,Regular
6289,Low,0.0006191766345018357,58,4.0,48050.740000000005,12012.685,High Value
4018,Low,0.0005570238578744208,58,2.0,7772.280000000001,3886.14,Low Activity
5846,Low,0.0005460471202180505,58,2.0,19540.48,9770.24,Low Activity
4535,Low,0.0005378571228758659,58,2.0,18673.61,9336.805,Low Activity
5822,Low,0.0005306274706727479,58,1.0,6256.4,6256.4,Low Activity
6250,Low,4.5546367121699666e-05,57,1.0,31152.7,31152.7,Low Activity
4564,Low,4.3614849171338464e-05,57,5.0,70986.63,14197.326,High Value
3044,Low,4.2104267619516766e-05,57,2.0,34508.869999999995,17254.434999999998,Low Activity
1070,Low,4.093668608368738e-05,57,2.0,31279.84,15639.919999999998,Low Activity
3495,Low,4.042947085658291e-05,57,2.0,42586.14,21293.07,Low Activity
3651,Low,3.995545195023776e-05,57,2.0,39188.29,19594.145,Low Activity
5752,Low,3.8947179714303983e-05,57,2.0,26958.22,13479.11,Low Activity
1543,Low,3.870365041566575e-05,57,2.0,26454.300000000003,13227.15,Low Activity
6194,Low,3.860435374842267e-05,57,2.0,37753.85,18876.925,Low Activity
1837,Low,3.858464885301615e-05,57,4.0,44503.0,11125.75,Regular
5168,Low,3.740221069141691e-05,57,1.0,12531.45,12531.45,Low Activity
6327,Low,3.6907234504255916e-05,57,2.0,31272.84,15636.42,Low Activity
7711,Low,3.6867079475755544e-05,57,3.0,37903.03,12634.343333333332,Regular
5910,Low,3.679561679725604e-05,57,3.0,35617.520000000004,11872.506666666668,Regular
7270,Low,3.632206947161658e-05,57,4.0,35722.46,8930.615,Regular
681,Low,3.631196921178213e-05,57,5.0,54148.07,10829.614,High Value
1010,Low,3.605924123567548e-05,57,3.0,33537.46,11179.153333333334,Regular
6203,Low,3.5909675832468816e-05,57,3.0,32740.61,10913.536666666669,Regular
4464,Low,3.5894873635464555e-05,57,1.0,15992.38,15992.38,Low Activity
4548,Low,3.55839060762635e-05,57,6.0,52303.56,8717.26,High Value
5065,Low,3.5433284627509513e-05,57,2.0,19566.97,9783.485,Low Activity
6550,Low,3.444137229542504e-05,57,2.0,17421.86,8710.93,Low Activity
3941,Low,3.399065612376157e-05,57,2.0,16425.68,8212.84,Low Activity
3902,Low,3.351243836492963e-05,57,5.0,77353.08,15470.616,High Value
522,Low,3.334568291749748e-05,57,5.0,56155.64,11231.128,High Value
59,Low,3.329942949735099e-05,57,3.0,38918.96,12972.986666666666,Regular
2477,Low,3.3226922065750816e-05,57,2.0,14614.05,7307.025,Low Activity
3521,Low,3.318275163307651e-05,57,4.0,37602.78,9400.695,Regular
6810,Low,3.215038158654968e-05,57,1.0,13045.21,13045.21,Low Activity
3666,Low,3.211519638243657e-05,57,1.0,7168.18,7168.18,Low Activity
5220,Low,3.1546145320168394e-05,57,1.0,12360.4,12360.4,Low Activity
6450,Low,3.1010374051058115e-05,57,4.0,29805.03,7451.257500000001,Regular
6339,Low,3.0127143158009333e-05,57,1.0,5394.85,5394.85,Low Activity
133,Low,2.9502915352144626e-05,57,4.0,34591.68,8647.92,Regular
6396,Low,2.8344443775949817e-05,57,3.0,18714.47,6238.156666666667,Regular
571,Low,2.8030963154917473e-05,57,7.0,64766.32000000001,9252.33142857143,High Value
3708,Low,2.785091985477941e-05,57,2.0,11982.18,5991.09,Low Activity
5204,Low,2.3259985832790693e-06,56,2.0,28960.01,14480.005,Low Activity
4424,Low,2.2557087968305234e-06,56,1.0,19489.62,19489.62,Low Activity
5981,Low,2.212095165686649e-06,56,1.0,18368.14,18368.14,Low Activity
6309,Low,2.183138546021348e-06,56,4.0,60323.31,15080.8275,High Value
4375,Low,2.178876591189248e-06,56,1.0,17622.42,17622.42,Low Activity
3557,Low,2.0987194463383557e-06,56,2.0,30097.52,15048.76,Low Activity
998,Low,2.0899623500833657e-06,56,4.0,52644.86,13161.215,High Value
5122,Low,2.0174516419032577e-06,56,3.0,28518.5,9506.166666666666,Regular
5834,Low,1.966893231948629e-06,56,4.0,41229.95,10307.4875,Regular
4693,Low,1.9465753929453407e-06,56,3.0,26855.1,8951.699999999999,Regular
4073,Low,1.945422808976406e-06,56,2.0,23569.410000000003,11784.705000000002,Low Activity
1792,Low,1.9292543958209254e-06,56,1.0,12245.32,12245.32,Low Activity
6108,Low,1.9069885041465618e-06,56,3.0,23275.03,7758.343333333333,Regular
1476,Low,1.8569095547889588e-06,56,4.0,47300.68,11825.17,High Value
3160,Low,1.8477136916953561e-06,56,1.0,10479.26,10479.26,Low Activity
1816,Low,1.827270726551997e-06,56,1.0,10060.67,10060.67,Low Activity
3234,Low,1.806184291543756e-06,56,1.0,9681.76,9681.76,Low Activity
3058,Low,1.7803345458997465e-06,56,1.0,13796.29,13796.29,Low Activity
923,Low,1.7692313974929806e-06,56,5.0,43281.85,8656.369999999999,Regular
1644,Low,1.763832935543156e-06,56,2.0,15754.28,7877.139999999999,Low Activity
4847,Low,1.7249027588354744e-06,56,2.0,16351.93,8175.965,Low Activity
2493,Low,1.7218162256968545e-06,56,2.0,14778.67,7389.335,Low Activity
5467,Low,1.6166625327121092e-06,56,4.0,41366.8,10341.7,Regular
4036,Low,1.5310413101462025e-06,56,1.0,4735.48,4735.48,Low Activity
1971,Low,1.4803325596697577e-06,56,3.0,19010.22,6336.740000000001,Regular
3268,Low,1.3791335524478772e-06,56,1.0,3525.95,3525.95,Low Activity
2623,Low,1.1832620096722727e-07,55,1.0,19773.84,19773.84,Low Activity
7610,Low,1.1530927358875491e-07,55,3.0,39853.19,13284.396666666667,Regular
1622,Low,1.1440436773668558e-07,55,2.0,34221.3,17110.65,Low Activity
3668,Low,1.1128913216885998e-07,55,4.0,58811.18,14702.795,High Value
4842,Low,1.035294434359838e-07,55,2.0,26974.47,13487.235,Low Activity
3182,Low,1.0194396949288012e-07,55,4.0,56411.92,14102.98,High Value
7299,Low,1.0129786523018222e-07,55,2.0,32017.1,16008.55,Low Activity
7708,Low,9.680741377303524e-08,55,5.0,51795.29,10359.058,High Value
6480,Low,9.447670983295303e-08,55,3.0,29109.270000000004,9703.090000000002,Regular
5823,Low,9.435414972857899e-08,55,2.0,27649.87,13824.935,Low Activity
1803,Low,9.249362474539036e-08,55,9.0,95559.56,10617.728888888889,High Value
4460,Low,8.973555696780074e-08,55,2.0,21195.5,10597.75,Low Activity
3549,Low,8.812723335206246e-08,55,5.0,34552.850000000006,6910.5700000000015,Regular
6689,Low,8.676544958278782e-08,55,3.0,20129.550000000003,6709.850000000001,Regular
2534,Low,8.616348416743066e-08,55,5.0,48921.76,9784.352,High Value
5191,Low,8.5258020271143e-08,55,3.0,20368.870000000003,6789.623333333334,Regular
7363,Low,8.021145659758024e-08,55,1.0,7975.88,7975.88,Low Activity
4688,Low,7.98224211188706e-08,55,3.0,14756.0,4918.666666666667,Regular
4422,Low,7.844814306374058e-08,55,1.0,4366.35,4366.35,Low Activity
5994,Low,5.644593386166095e-09,54,2.0,28895.76,14447.88,Low Activity
5314,Low,5.53598804152892e-09,54,4.0,34080.7,8520.175,Regular
3221,Low,5.426299045632188e-09,54,1.0,13529.32,13529.32,Low Activity
5161,Low,5.36880409467774e-09,54,3.0,39040.23,13013.410000000002,Regular
2069,Low,5.359616062618372e-09,54,2.0,33463.05,16731.525,Low Activity
3212,Low,5.34628493747749e-09,54,1.0,18325.66,18325.66,Low Activity
7462,Low,5.313446481380757e-09,54,1.0,12747.63,12747.63,Low Activity
23,Low,5.310164857783776e-09,54,3.0,37585.19,12528.396666666667,Regular
6310,Low,5.3094716057653376e-09,54,3.0,39798.4,13266.133333333331,Regular
7672,Low,5.298507032136072e-09,54,5.0,63200.02,12640.004,High Value
4869,Low,5.277435909303336e-09,54,4.0,38921.8,9730.45,Regular
762,Low,5.2696171011933476e-09,54,3.0,50018.350000000006,16672.783333333336,High Value
7501,Low,5.0495560113230476e-09,54,3.0,31588.300000000003,10529.433333333334,Regular
7783,Low,5.0343785788814475e-09,54,2.0,19279.78,9639.89,Low Activity
114,Low,4.93819122426863e-09,54,4.0,45628.7,11407.175,Regular
2780,Low,4.785384815097092e-09,54,3.0,40728.380000000005,13576.126666666669,Regular
6106,Low,4.678231528176354e-09,54,3.0,36015.05,12005.016666666668,Regular
4215,Low,4.568805466362687e-09,54,4.0,34922.32,8730.58,Regular
2416,Low,4.528465803237402e-09,54,3.0,30131.5,10043.833333333334,Regular
6705,Low,4.49146560732386e-09,54,3.0,29727.81,9909.27,Regular
2790,Low,4.454681949217533e-09,54,3.0,21725.74,7241.913333333334,Regular
5323,Low,4.421908717895334e-09,54,2.0,17031.33,8515.665,Low Activity
4219,Low,4.414027529280923e-09,54,1.0,6153.48,6153.48,Low Activity
6316,Low,4.247824651717362e-09,54,2.0,15048.8,7524.4,Low Activity
2308,Low,4.206061354953234e-09,54,3.0,24093.06,8031.019999999999,Regular
4367,Low,3.416184944320357e-10,53,3.0,52638.7,17546.233333333334,High Value
1906,Low,3.185318588948631e-10,53,5.0,69321.92,13864.384,High Value
5396,Low,2.9255667245759095e-10,53,2.0,28283.9,14141.95,Low Activity
2452,Low,2.809859687570381e-10,53,4.0,43569.36,10892.34,Regular
4298,Low,2.7894044797622995e-10,53,1.0,13016.5,13016.5,Low Activity
3736,Low,2.751884241539338e-10,53,1.0,12392.32,12392.32,Low Activity
4998,Low,2.7082121879584124e-10,53,2.0,21879.06,10939.53,Low Activity
976,Low,2.6616375034731566e-10,53,3.0,33055.13,11018.376666666663,Regular
7076,Low,2.6475872586984057e-10,53,2.0,20211.36,10105.68,Low Activity
5635,Low,2.6453369874471884e-10,53,2.0,19945.46,9972.73,Low Activity
4751,Low,2.590156502592352e-10,53,2.0,18701.33,9350.665,Low Activity
763,Low,2.587048211642363e-10,53,2.0,18630.66,9315.33,Low Activity
2657,Low,2.585673776374777e-10,53,2.0,18343.87,9171.935,Low Activity
5302,Low,2.577459914633229e-10,53,3.0,31018.97,10339.656666666668,Regular
7779,Low,2.55475877890781e-10,53,1.0,9552.42,9552.42,Low Activity
5947,Low,2.53093248638835e-10,53,3.0,27572.160000000003,9190.72,Regular
3990,Low,2.530784635140604e-10,53,3.0,40898.52,13632.839999999998,Regular
7689,Low,2.493178178134647e-10,53,2.0,23346.99,11673.495,Low Activity
1509,Low,2.476457757272158e-10,53,2.0,24815.25,12407.625,Low Activity
7078,Low,2.475721534776234e-10,53,5.0,57423.42,11484.684,High Value
7661,Low,2.41627725970362e-10,53,6.0,55318.89,9219.815,High Value
541,Low,2.399718770457652e-10,53,2.0,20277.65,10138.825,Low Activity
1380,Low,2.366097581937678e-10,53,5.0,48274.66,9654.932,High Value
6292,Low,2.3514533637287364e-10,53,2.0,13552.36,6776.18,Low Activity
3821,Low,2.345609269591983e-10,53,2.0,20320.33,10160.165,Low Activity
2446,Low,2.3391636331111127e-10,53,2.0,20072.85,10036.425,Low Activity
755,Low,2.2991362229839105e-10,53,2.0,18890.97,9445.485,Low Activity
5851,Low,2.2851801728964387e-10,53,1.0,5906.11,5906.11,Low Activity
6006,Low,2.2491014159645895e-10,53,2.0,17455.379999999997,8727.689999999999,Low Activity
4139,Low,2.2458620875039145e-10,53,3.0,28148.79,9382.93,Regular
1599,Low,2.2416262039938652e-10,53,3.0,25010.68,8336.893333333333,Regular
5638,Low,2.2147760589068715e-10,53,2.0,14811.28,7405.639999999999,Low Activity
7927,Low,2.1739397232117407e-10,53,2.0,13630.76,6815.38,Low Activity
1654,Low,2.0649486931065028e-10,53,5.0,61220.93,12244.186,High Value
7999,Low,1.6085234994991578e-11,52,5.0,62233.32,12446.664,High Value
7133,Low,1.544618616591231e-11,52,6.0,78972.55,13162.091666666667,High Value
3257,Low,1.4962146447679412e-11,52,3.0,44523.83,14841.276666666668,Regular
858,Low,1.487670110025785e-11,52,2.0,37635.79,18817.895,Low Activity
7319,Low,1.4868115995055878e-11,52,5.0,50150.31,10030.062,High Value
1941,Low,1.4702253427053404e-11,52,1.0,13460.72,13460.72,Low Activity
2207,Low,1.4683044677108014e-11,52,3.0,39301.1,13100.366666666669,Regular
6050,Low,1.4634206307584248e-11,52,5.0,44460.89,8892.178,Regular
6916,Low,1.4472700817599185e-11,52,2.0,23674.300000000003,11837.15,Low Activity
695,Low,1.4285603049403675e-11,52,3.0,38109.96,12703.32,Regular
2696,Low,1.4258746124298286e-11,52,4.0,54087.39,13521.8475,High Value
175,Low,1.4212628468239066e-11,52,3.0,35816.68,11938.893333333332,Regular
285,Low,1.4126076705462387e-11,52,3.0,36973.74,12324.58,Regular
3167,Low,1.3723992924306652e-11,52,3.0,32281.06,10760.353333333333,Regular
4159,Low,1.3701128480732773e-11,52,1.0,12276.25,12276.25,Low Activity
5987,Low,1.3700827197013299e-11,52,1.0,12171.54,12171.54,Low Activity
6429,Low,1.3675729259408551e-11,52,3.0,34813.86,11604.62,Regular
3720,Low,1.3664170281863414e-11,52,1.0,14910.07,14910.07,Low Activity
5172,Low,1.3598317466839807e-11,52,3.0,29664.07,9888.023333333333,Regular
2734,Low,1.357274203800018e-11,52,2.0,11757.14,5878.57,Low Activity
6900,Low,1.3487011181998243e-11,52,1.0,9941.68,9941.68,Low Activity
5352,Low,1.3440999921792155e-11,52,4.0,45832.94,11458.235,Regular
7778,Low,1.3426659828093807e-11,52,1.0,9663.36,9663.36,Low Activity
6358,Low,1.3416283247611617e-11,52,2.0,29924.93,14962.465,Low Activity
3403,Low,1.3306268461671619e-11,52,3.0,29792.8,9930.933333333332,Regular
5922,Low,1.3214865946870995e-11,52,3.0,27394.61,9131.536666666669,Regular
6707,Low,1.3180724547800908e-11,52,3.0,27042.49,9014.163333333332,Regular
5050,Low,1.2991715883269898e-11,52,4.0,41086.4,10271.6,Regular
5974,Low,1.29737094097727e-11,52,3.0,35278.74,11759.58,Regular
1645,Low,1.2952130486325441e-11,52,2.0,15630.36,7815.18,Low Activity
842,Low,1.2697311187704896e-11,52,3.0,33213.92,11071.306666666664,Regular
1263,Low,1.2620157686453458e-11,52,2.0,14168.77,7084.385,Low Activity
1697,Low,1.2611800477781356e-11,52,3.0,33079.82,11026.606666666668,Regular
2727,Low,1.2584125155826302e-11,52,2.0,13786.86,6893.43,Low Activity
6624,Low,1.2484314625475031e-11,52,2.0,21747.1,10873.55,Low Activity
5580,Low,1.243950122457503e-11,52,3.0,31022.51,10340.836666666668,Regular
7979,Low,1.2287876412102823e-11,52,5.0,49981.89,9996.378,High Value
5821,Low,1.2162075942089544e-11,52,2.0,13112.43,6556.215,Low Activity
7478,Low,1.212439915439252e-11,52,3.0,20169.09,6723.03,Regular
530,Low,1.2095487011291726e-11,52,1.0,10099.96,10099.96,Low Activity
1388,Low,1.2062479681441791e-11,52,3.0,29555.33,9851.776666666668,Regular
6680,Low,1.1890186140487263e-11,52,4.0,42280.66,10570.165,Regular
2716,Low,1.1664128601778256e-11,52,2.0,22517.0,11258.5,Low Activity
5601,Low,1.0598556037040908e-11,52,3.0,26260.56,8753.519999999999,Regular
3235,Low,1.0188778652414052e-11,52,3.0,30581.59,10193.863333333333,Regular
3972,Low,1.0102059183789682e-11,52,1.0,10774.1,10774.1,Low Activity
6024,Low,9.80851288962096e-13,51,2.0,48862.880000000005,24431.44,High Value
4560,Low,9.163737508770651e-13,51,4.0,54272.1,13568.025,High Value
3009,Low,9.068079829635818e-13,51,6.0,86286.43,14381.071666666665,High Value
3327,Low,8.702859899341639e-13,51,2.0,26170.85,13085.425,Low Activity
3205,Low,8.467970474737053e-13,51,2.0,27638.58,13819.29,Low Activity
3113,Low,8.323435526246011e-13,51,1.0,17153.56,17153.56,Low Activity
5001,Low,8.256119353130762e-13,51,4.0,55347.12,13836.78,High Value
2517,Low,8.001017652358388e-13,51,1.0,15351.49,15351.49,Low Activity
987,Low,7.876139404329721e-13,51,5.0,68406.71,13681.342,High Value
5933,Low,7.77136426500298e-13,51,2.0,26476.36,13238.18,Low Activity
2020,Low,7.509829966756314e-13,51,3.0,39184.28,13061.426666666666,Regular
4579,Low,7.435190848345954e-13,51,2.0,22683.2,11341.6,Low Activity
5729,Low,7.430510948452143e-13,51,3.0,35718.0,11906.0,Regular
1294,Low,7.339395196674655e-13,51,3.0,34549.43,11516.476666666667,Regular
6054,Low,7.240364193161464e-13,51,3.0,34860.630000000005,11620.21,Regular
1688,Low,7.190162146138057e-13,51,2.0,12598.18,6299.09,Low Activity
4921,Low,7.130973535366999e-13,51,2.0,22942.28,11471.14,Low Activity
1187,Low,7.122462746542616e-13,51,4.0,49098.52,12274.63,High Value
1781,Low,7.055615582204717e-13,51,3.0,31925.49,10641.83,Regular
3628,Low,6.956327518644053e-13,51,5.0,63080.94,12616.188,High Value
2111,Low,6.854654347082053e-13,51,3.0,26798.02,8932.673333333334,Regular
6479,Low,6.801601121703699e-13,51,6.0,61545.1,10257.516666666666,High Value
4270,Low,6.700537914088501e-13,51,6.0,57913.19,9652.198333333334,High Value
3025,Low,6.663784007698996e-13,51,2.0,14844.57,7422.285,Low Activity
5996,Low,6.660863690950123e-13,51,2.0,14929.46,7464.73,Low Activity
4132,Low,6.613545370479636e-13,51,2.0,8458.39,4229.195,Low Activity
772,Low,6.493922362813352e-13,51,1.0,7234.22,7234.22,Low Activity
6915,Low,6.485240404344171e-13,51,2.0,19692.300000000003,9846.15,Low Activity
168,Low,6.480030088774156e-13,51,2.0,14394.28,7197.139999999999,Low Activity
4074,Low,6.395546758350161e-13,51,3.0,29489.56,9829.853333333334,Regular
3654,Low,6.387446952804037e-13,51,4.0,32840.009999999995,8210.002499999999,Regular
6161,Low,6.354950858265958e-13,51,2.0,18449.15,9224.575,Low Activity
286,Low,6.322940432929282e-13,51,1.0,6406.83,6406.83,Low Activity
413,Low,6.234829741371757e-13,51,3.0,27135.63,9045.21,Regular
4585,Low,6.165220648953329e-13,51,3.0,26017.33,8672.443333333335,Regular
6153,Low,5.487101224617279e-13,51,1.0,6976.04,6976.04,Low Activity
6658,Low,5.46311065706037e-13,51,2.0,9491.27,4745.635,Low Activity
1761,Low,5.265019081446609e-13,51,3.0,31143.96,10381.32,Regular
6417,Low,4.811241167270063e-13,51,1.0,3017.42,3017.42,Low Activity
5075,Low,4.328033243451635e-14,50,1.0,17062.35,17062.35,Low Activity
553,Low,4.105759831978141e-14,50,1.0,14546.01,14546.01,Low Activity
3013,Low,4.0812265346354834e-14,50,6.0,72220.92,12036.82,High Value
4400,Low,4.055678520771574e-14,50,2.0,17464.78,8732.39,Low Activity
4512,Low,4.041233992807289e-14,50,2.0,27867.51,13933.755,Low Activity
1513,Low,3.984050301334368e-14,50,4.0,41537.77,10384.4425,Regular
5735,Low,3.947825195675774e-14,50,3.0,25922.33,8640.776666666667,Regular
5699,Low,3.9308939543430444e-14,50,2.0,15399.49,7699.745,Low Activity
652,Low,3.906972093224933e-14,50,2.0,23327.0,11663.5,Low Activity
7982,Low,3.89135641411455e-14,50,2.0,30908.45,15454.225,Low Activity
5771,Low,3.8872594463593734e-14,50,2.0,22584.2,11292.1,Low Activity
7064,Low,3.8736828674210087e-14,50,2.0,22258.68,11129.34,Low Activity
6642,Low,3.866071502448452e-14,50,2.0,24246.86,12123.43,Low Activity
4444,Low,3.8549902609669935e-14,50,3.0,37518.34,12506.113333333333,Regular
2250,Low,3.803748943843348e-14,50,4.0,35137.76,8784.44,Regular
4213,Low,3.677630672953788e-14,50,3.0,30030.550000000003,10010.183333333334,Regular
792,Low,3.656622460734015e-14,50,5.0,49208.8,9841.76,High Value
3449,Low,3.655761032436255e-14,50,4.0,61154.11,15288.5275,High Value
1851,Low,3.5582089151619976e-14,50,1.0,10494.16,10494.16,Low Activity
1556,Low,3.517749255549251e-14,50,3.0,26371.460000000003,8790.486666666668,Regular
6941,Low,3.479344684986611e-14,50,2.0,21895.47,10947.735,Low Activity
83,Low,3.469267048566635e-14,50,4.0,38624.92,9656.23,Regular
423,Low,3.410523323007214e-14,50,2.0,14924.78,7462.389999999999,Low Activity
4882,Low,3.408770694641158e-14,50,5.0,36139.33,7227.866,Regular
4272,Low,3.4075372047471325e-14,50,5.0,36546.4,7309.280000000001,Regular
5856,Low,3.388740015710821e-14,50,2.0,19944.41,9972.205,Low Activity
2611,Low,3.330459711573424e-14,50,2.0,18706.59,9353.295,Low Activity
3630,Low,3.304235849239365e-14,50,4.0,43784.17,10946.0425,Regular
4222,Low,3.2863033843495646e-14,50,1.0,7725.76,7725.76,Low Activity
5711,Low,3.2049726008888883e-14,50,3.0,19286.71,6428.903333333333,Regular
2562,Low,3.136347725238558e-14,50,2.0,10381.42,5190.71,Low Activity
2641,Low,3.102492049422175e-14,50,1.0,9587.59,9587.59,Low Activity
995,Low,3.0550968548091175e-14,50,3.0,20942.120000000003,6980.706666666668,Regular
5645,Low,2.8543851013333086e-14,50,5.0,56725.42,11345.084,High Value
6952,Low,2.350244975402272e-15,49,1.0,19043.86,19043.86,Low Activity
6930,Low,2.2512592712712185e-15,49,2.0,34197.58,17098.79,Low Activity
7339,Low,2.2323111093680632e-15,49,1.0,16520.63,16520.63,Low Activity
1454,Low,2.231248948080136e-15,49,1.0,16366.65,16366.65,Low Activity
5357,Low,2.2191671633139067e-15,49,2.0,30524.96,15262.48,Low Activity
4242,Low,2.1925885712519245e-15,49,2.0,29455.07,14727.535,Low Activity
5503,Low,2.1146845966945622e-15,49,1.0,13915.11,13915.11,Low Activity
7131,Low,2.0713876504734944e-15,49,2.0,26431.74,13215.87,Low Activity
610,Low,2.070944252707937e-15,49,5.0,61755.99,12351.198,High Value
5137,Low,2.062545026053799e-15,49,3.0,40505.82,13501.94,Regular
6025,Low,2.055646741326031e-15,49,6.0,91207.02,15201.17,High Value
6777,Low,2.0500337690243084e-15,49,1.0,12698.36,12698.36,Low Activity
3848,Low,2.0406996509089325e-15,49,3.0,39147.39,13049.13,Regular
2259,Low,2.0140865071279257e-15,49,2.0,30844.12,15422.06,Low Activity
5154,Low,2.012780648236934e-15,49,2.0,21956.6,10978.3,Low Activity
4732,Low,1.948321723776443e-15,49,2.0,19798.43,9899.215,Low Activity
3298,Low,1.946411802148459e-15,49,3.0,31563.700000000004,10521.233333333335,Regular
924,Low,1.942265102591223e-15,49,2.0,12192.74,6096.37,Low Activity
1314,Low,1.941435176610793e-15,49,4.0,47046.45,11761.6125,High Value
558,Low,1.8877427341394613e-15,49,1.0,9376.62,9376.62,Low Activity
1417,Low,1.8728809308446602e-15,49,3.0,26918.71,8972.903333333334,Regular
7347,Low,1.867590963372846e-15,49,1.0,8940.69,8940.69,Low Activity
5027,Low,1.8597387680941747e-15,49,2.0,23651.4,11825.7,Low Activity
7674,Low,1.8529330878200288e-15,49,2.0,16024.55,8012.275,Low Activity
354,Low,1.823962566359597e-15,49,3.0,35316.630000000005,11772.21,Regular
6052,Low,1.8135197686275118e-15,49,2.0,22007.29,11003.645,Low Activity
946,Low,1.8018186444930654e-15,49,4.0,36318.22,9079.555,Regular
7540,Low,1.7469494091587507e-15,49,2.0,12549.52,6274.76,Low Activity
830,Low,1.7182111925051824e-15,49,1.0,6446.13,6446.13,Low Activity
5975,Low,1.6761654722567845e-15,49,6.0,62086.62,10347.77,High Value
1195,Low,1.6266645970255464e-15,49,2.0,15343.32,7671.66,Low Activity
5488,Low,1.6160095065756541e-15,49,1.0,5948.78,5948.78,Low Activity
6720,Low,1.5738357729297644e-15,49,7.0,73638.26000000001,10519.75142857143,High Value
5914,Low,1.4027819754688953e-15,49,1.0,4261.82,4261.82,Low Activity
2334,Low,1.40260770329477e-15,49,1.0,4278.96,4278.96,Low Activity
6917,Low,1.2834045498796102e-16,48,3.0,49585.91,16528.636666666665,High Value
99,Low,1.1281746665256463e-16,48,1.0,14919.69,14919.69,Low Activity
2041,Low,1.1021587687334333e-16,48,3.0,41506.57,13835.523333333333,Regular
6677,Low,1.0953980794491719e-16,48,3.0,40223.67,13407.89,Regular
7694,Low,1.0854350950973445e-16,48,7.0,99972.74,14281.820000000002,High Value
6580,Low,1.0648927054597125e-16,48,3.0,37138.62,12379.54,Regular
5048,Low,1.0637010569200725e-16,48,3.0,37242.79,12414.263333333334,Regular
5787,Low,1.0519577132371418e-16,48,2.0,23986.94,11993.47,Low Activity
6716,Low,1.04249377052966e-16,48,7.0,87470.76,12495.822857142855,High Value
186,Low,1.0401504877815594e-16,48,2.0,21035.25,10517.625,Low Activity
1885,Low,1.0393717415987594e-16,48,2.0,22592.3,11296.15,Low Activity
6428,Low,1.0310441240189496e-16,48,3.0,33226.58,11075.526666666668,Regular
5333,Low,1.007463557245162e-16,48,4.0,49667.55,12416.8875,High Value
2389,Low,1.0004810866509593e-16,48,2.0,20348.49,10174.245,Low Activity
989,Low,9.993069934096248e-17,48,3.0,42706.17,14235.39,Regular
4661,Low,9.975750535599103e-17,48,2.0,18181.94,9090.97,Low Activity
7407,Low,9.960082166400891e-17,48,1.0,9890.19,9890.19,Low Activity
647,Low,9.80921311591117e-17,48,2.0,16798.88,8399.44,Low Activity
3770,Low,9.806684683629276e-17,48,2.0,18745.27,9372.635,Low Activity
5678,Low,9.711419265713032e-17,48,1.0,8983.41,8983.41,Low Activity
2919,Low,9.688943206650021e-17,48,2.0,17879.11,8939.555,Low Activity
5165,Low,9.658535223549398e-17,48,5.0,58696.02,11739.204,High Value
6843,Low,9.349040247746118e-17,48,5.0,56056.81,11211.362,High Value
1202,Low,9.146919699784303e-17,48,4.0,35538.53,8884.6325,Regular
6060,Low,9.007821060804905e-17,48,4.0,45999.91,11499.9775,High Value
6812,Low,8.81535753036889e-17,48,2.0,16802.72,8401.36,Low Activity
6170,Low,8.651820821663601e-17,48,2.0,9969.33,4984.665,Low Activity
277,Low,8.432923235682936e-17,48,1.0,8097.77,8097.77,Low Activity
6908,Low,8.4227220178755e-17,48,2.0,14029.58,7014.79,Low Activity
2340,Low,8.066075306494915e-17,48,1.0,6643.69,6643.69,Low Activity
1386,Low,6.540940227723118e-18,47,3.0,45146.68,15048.893333333332,Regular
3949,Low,6.376520510256469e-18,47,1.0,21064.61,21064.61,Low Activity
6518,Low,6.263995488743119e-18,47,2.0,35847.68,17923.84,Low Activity
3779,Low,6.261778951450525e-18,47,2.0,33445.29,16722.645,Low Activity
1541,Low,6.17218950448275e-18,47,4.0,56012.45,14003.1125,High Value
3514,Low,6.120324755787202e-18,47,2.0,31480.64,15740.32,Low Activity
2431,Low,6.074281548556356e-18,47,2.0,32993.08,16496.54,Low Activity
7745,Low,5.7789209683614676e-18,47,1.0,14225.24,14225.24,Low Activity
5134,Low,5.660824478741074e-18,47,5.0,84243.19,16848.638,High Value
6130,Low,5.636076733228402e-18,47,1.0,13015.62,13015.62,Low Activity
1229,Low,5.5808742975858516e-18,47,1.0,12716.19,12716.19,Low Activity
838,Low,5.574895915404649e-18,47,2.0,23695.69,11847.845,Low Activity
489,Low,5.533703563837123e-18,47,4.0,55798.61,13949.6525,High Value
3143,Low,5.308059148466204e-18,47,4.0,48244.35,12061.0875,High Value
5534,Low,5.223872294156906e-18,47,6.0,73799.90000000001,12299.983333333335,High Value
3464,Low,5.160071082391479e-18,47,3.0,40042.99,13347.663333333332,Regular
5441,Low,5.139370907447172e-18,47,1.0,11136.96,11136.96,Low Activity
3441,Low,5.12962161353745e-18,47,3.0,19740.15,6580.05,Regular
347,Low,5.0752810411447225e-18,47,2.0,16582.14,8291.07,Low Activity
3531,Low,5.062883736506742e-18,47,3.0,26115.74,8705.246666666666,Regular
6932,Low,5.060147632236725e-18,47,5.0,45544.7,9108.94,Regular
7893,Low,5.0023351642951076e-18,47,3.0,25522.94,8507.646666666667,Regular
6564,Low,4.968237123216525e-18,47,1.0,12681.78,12681.78,Low Activity
7012,Low,4.9453142402182655e-18,47,3.0,38381.63,12793.876666666663,Regular
3931,Low,4.8380175355644295e-18,47,3.0,32397.74,10799.246666666666,Regular
279,Low,4.7711968380594205e-18,47,4.0,33322.28,8330.57,Regular
2489,Low,4.657850526464046e-18,47,4.0,59641.17,14910.2925,High Value
2584,Low,4.479248543776283e-18,47,2.0,14965.6,7482.8,Low Activity
7892,Low,4.397264503933602e-18,47,4.0,33245.19,8311.2975,Regular
3378,Low,4.336286010132706e-18,47,7.0,75985.84,10855.12,High Value
1553,Low,4.315249148107008e-18,47,5.0,48078.65,9615.73,High Value
5644,Low,3.547750876349371e-19,46,5.0,84670.6,16934.120000000003,High Value
2582,Low,3.253415922229768e-19,46,1.0,17794.11,17794.11,Low Activity
2676,Low,3.218508401078085e-19,46,1.0,17268.17,17268.17,Low Activity
2496,Low,3.150364523721666e-19,46,5.0,56902.41,11380.482,High Value
4865,Low,3.1487897777671744e-19,46,1.0,16221.14,16221.14,Low Activity
4106,Low,3.0962754373292005e-19,46,2.0,28527.08,14263.54,Low Activity
4956,Low,3.082610751472115e-19,46,2.0,29959.44,14979.72,Low Activity
5183,Low,3.0037128224332005e-19,46,1.0,14065.34,14065.34,Low Activity
2326,Low,2.918349697730443e-19,46,3.0,16107.21,5369.07,Regular
7409,Low,2.9163600168782265e-19,46,6.0,65311.02,10885.17,High Value
5585,Low,2.881764882666225e-19,46,4.0,54415.05,13603.7625,High Value
3787,Low,2.80111035359038e-19,46,3.0,34322.41,11440.803333333335,Regular
2131,Low,2.717621756602594e-19,46,2.0,18592.1,9296.05,Low Activity
1117,Low,2.7035901925410426e-19,46,2.0,17989.65,8994.825,Low Activity
3308,Low,2.6936644302363825e-19,46,2.0,21039.34,10519.67,Low Activity
6776,Low,2.6929774162141696e-19,46,3.0,28552.7,9517.566666666668,Regular
262,Low,2.679335109464437e-19,46,2.0,19073.47,9536.735,Low Activity
7732,Low,2.6705088698753885e-19,46,1.0,9197.17,9197.17,Low Activity
6844,Low,2.659710181406378e-19,46,1.0,9163.09,9163.09,Low Activity
5816,Low,2.6308972138144453e-19,46,3.0,39075.16,13025.053333333335,Regular
4510,Low,2.6306943106350415e-19,46,3.0,16503.32,5501.106666666667,Regular
4640,Low,2.627161585139087e-19,46,6.0,61654.68,10275.78,High Value
7841,Low,2.622392636671895e-19,46,4.0,38978.3,9744.575,Regular
7154,Low,2.5750748075330777e-19,46,3.0,24086.45,8028.816666666667,Regular
3570,Low,2.566321407650781e-19,46,2.0,14627.4,7313.700000000001,Low Activity
7786,Low,2.527173061569634e-19,46,3.0,34188.03,11396.01,Regular
1369,Low,2.4629831197635996e-19,46,3.0,12440.55,4146.849999999999,Regular
2375,Low,2.461842040024457e-19,46,3.0,28860.92,9620.306666666664,Regular
383,Low,2.368613508143576e-19,46,2.0,17409.0,8704.5,Low Activity
4499,Low,2.3547814577177013e-19,46,2.0,22581.31,11290.655,Low Activity
5495,Low,2.3206264026885286e-19,46,3.0,24424.91,8141.636666666666,Regular
6070,Low,2.2894584015707677e-19,46,2.0,8327.68,4163.84,Low Activity
4201,Low,2.0818806357886048e-19,46,1.0,8257.21,8257.21,Low Activity
5437,Low,2.0231681548682884e-19,46,3.0,14007.08,4669.026666666667,Regular
569,Low,1.8769707938442288e-20,45,3.0,52208.35,17402.783333333333,High Value
4938,Low,1.766233714880696e-20,45,1.0,19795.21,19795.21,Low Activity
5556,Low,1.713888992827529e-20,45,3.0,39014.95,13004.983333333332,Regular
3728,Low,1.707999307504232e-20,45,1.0,18108.1,18108.1,Low Activity
662,Low,1.7024304436370004e-20,45,2.0,35928.7,17964.35,Low Activity
4110,Low,1.6946459300373543e-20,45,4.0,57704.58,14426.145,High Value
3348,Low,1.6726908328806788e-20,45,2.0,31633.27,15816.635,Low Activity
2578,Low,1.6424414177963693e-20,45,3.0,50557.18,16852.393333333333,High Value
3339,Low,1.632290469803135e-20,45,2.0,29935.13,14967.565,Low Activity
1126,Low,1.6285210356467835e-20,45,1.0,15818.42,15818.42,Low Activity
5741,Low,1.6191925720881448e-20,45,2.0,29204.88,14602.44,Low Activity
2883,Low,1.5904949631043493e-20,45,3.0,43933.74,14644.58,Regular
3405,Low,1.5794328517643188e-20,45,5.0,67998.48999999999,13599.698,High Value
3870,Low,1.5747632490324143e-20,45,2.0,26892.6,13446.3,Low Activity
4723,Low,1.53594051289028e-20,45,4.0,44712.79,11178.1975,Regular
7082,Low,1.5244504343968602e-20,45,4.0,58631.19,14657.7975,High Value
2123,Low,1.4976123623534124e-20,45,2.0,22491.78,11245.89,Low Activity
2987,Low,1.4878979087085295e-20,45,3.0,35050.2,11683.4,Regular
7088,Low,1.4610367787162252e-20,45,4.0,48732.93,12183.2325,High Value
5970,Low,1.4582579574194552e-20,45,3.0,32722.76,10907.586666666668,Regular
6288,Low,1.4552801340457714e-20,45,2.0,20288.6,10144.3,Low Activity
1532,Low,1.4418632249016268e-20,45,2.0,19656.77,9828.385,Low Activity
602,Low,1.4193846211333947e-20,45,2.0,26364.27,13182.135,Low Activity
7623,Low,1.4168368621089972e-20,45,1.0,9806.46,9806.46,Low Activity
7051,Low,1.4045929832041886e-20,45,3.0,19805.5,6601.833333333333,Regular
2984,Low,1.3793290264558155e-20,45,1.0,9003.45,9003.45,Low Activity
7250,Low,1.378567873951526e-20,45,1.0,10628.17,10628.17,Low Activity
7126,Low,1.3767173392862165e-20,45,5.0,60712.04,12142.408,High Value
5209,Low,1.3623119171097634e-20,45,1.0,8482.39,8482.39,Low Activity
6243,Low,1.3432810997762205e-20,45,2.0,14916.11,7458.055,Low Activity
221,Low,1.330047024926501e-20,45,3.0,22850.0,7616.666666666667,Regular
1333,Low,1.3005966296911034e-20,45,2.0,22782.4,11391.2,Low Activity
3618,Low,1.288308022662886e-20,45,1.0,6807.05,6807.05,Low Activity
3021,Low,1.2829054695659033e-20,45,5.0,45915.740000000005,9183.148,Regular
5307,Low,1.2629039143648453e-20,45,1.0,6238.11,6238.11,Low Activity
7429,Low,1.2520910713574368e-20,45,4.0,30474.93,7618.7325,Regular
4241,Low,1.2388874884510073e-20,45,2.0,10311.43,5155.715,Low Activity
7632,Low,1.2353205443103701e-20,45,3.0,25117.53,8372.51,Regular
6079,Low,1.2190259475233667e-20,45,3.0,26582.01,8860.67,Regular
223,Low,1.2039570460125759e-20,45,1.0,5005.9,5005.9,Low Activity
1662,Low,1.2007135428342796e-20,45,3.0,22646.86,7548.953333333334,Regular
5100,Low,1.1861511520956855e-20,45,4.0,34739.22,8684.805,Regular
2325,Low,1.1807142953469102e-20,45,1.0,9162.89,9162.89,Low Activity
3676,Low,1.1191275175538242e-20,45,1.0,4261.99,4261.99,Low Activity
3393,Low,1.1070011783722432e-20,45,1.0,3283.77,3283.77,Low Activity
3211,Low,1.0413350934968055e-20,45,1.0,6828.33,6828.33,Low Activity
597,Low,9.437071003176132e-21,45,1.0,6887.2,6887.2,Low Activity
7506,Low,1.0241732743033142e-21,44,2.0,38754.45,19377.225,Low Activity
5051,Low,8.418177087444025e-22,44,3.0,47842.43,15947.476666666667,High Value
3124,Low,8.031420832585765e-22,44,4.0,60448.18,15112.045,High Value
4580,Low,7.990694190577121e-22,44,4.0,41227.46000000001,10306.865000000002,Regular
3855,Low,7.961314060554405e-22,44,5.0,63105.380000000005,12621.076,High Value
4341,Low,7.940931460746376e-22,44,4.0,59275.75,14818.9375,High Value
6264,Low,7.873977558809148e-22,44,3.0,24969.87,8323.289999999999,Regular
3473,Low,7.858166868039591e-22,44,4.0,39454.41,9863.6025,Regular
1711,Low,7.779816828525662e-22,44,2.0,30934.07,15467.035,Low Activity
4712,Low,7.769364269268893e-22,44,4.0,40930.22,10232.555,Regular
5805,Low,7.698601354559944e-22,44,3.0,24552.5,8184.166666666667,Regular
3168,Low,7.569991357271733e-22,44,1.0,12580.54,12580.54,Low Activity
6625,Low,7.566801878408873e-22,44,2.0,28285.31,14142.655,Low Activity
3750,Low,7.553054316766726e-22,44,2.0,23594.92,11797.46,Low Activity
3435,Low,7.501541141104981e-22,44,5.0,49136.2,9827.24,High Value
7609,Low,7.04032652286561e-22,44,2.0,22160.4,11080.2,Low Activity
371,Low,6.974127286314501e-22,44,4.0,22983.92,5745.98,Regular
6063,Low,6.887375820342311e-22,44,2.0,20624.37,10312.185,Low Activity
2116,Low,6.853208713743247e-22,44,4.0,36104.94,9026.235,Regular
1570,Low,6.810084436798949e-22,44,1.0,20389.18,20389.18,Low Activity
3664,Low,6.713720906927305e-22,44,2.0,8744.25,4372.125,Low Activity
525,Low,6.662800151895315e-22,44,2.0,17959.71,8979.855,Low Activity
3252,Low,6.614053068443812e-22,44,2.0,19368.74,9684.37,Low Activity
4647,Low,6.588750860645867e-22,44,1.0,6205.23,6205.23,Low Activity
6090,Low,6.33711666995477e-22,44,4.0,38082.21,9520.5525,Regular
5886,Low,6.019184391943098e-22,44,1.0,10413.13,10413.13,Low Activity
3233,Low,5.884791873176896e-22,44,5.0,40251.57,8050.314,Regular
1834,Low,5.881804585847724e-22,44,2.0,10725.11,5362.555,Low Activity
663,Low,5.692511634794973e-22,44,1.0,3842.94,3842.94,Low Activity
5803,Low,5.398297330285379e-22,44,1.0,2905.79,2905.79,Low Activity
7987,Low,4.892026297487267e-23,43,2.0,39276.02,19638.01,Low Activity
2008,Low,4.495785147668201e-23,43,1.0,22269.27,22269.27,Low Activity
1393,Low,4.420620575159756e-23,43,2.0,29419.61,14709.805,Low Activity
3894,Low,4.397792482980217e-23,43,3.0,45850.97,15283.656666666668,Regular
2189,Low,4.360871510572705e-23,43,3.0,20224.02,6741.34,Regular
7915,Low,4.221736677721609e-23,43,2.0,27363.36,13681.68,Low Activity
3574,Low,4.163348133423639e-23,43,2.0,24108.9,12054.45,Low Activity
2199,Low,4.0849420529511334e-23,43,2.0,22680.25,11340.125,Low Activity
5494,Low,4.078949805190464e-23,43,1.0,12172.81,12172.81,Low Activity
378,Low,4.056279665151673e-23,43,2.0,22415.36,11207.68,Low Activity
5538,Low,4.0186004961345985e-23,43,5.0,55693.22,11138.644,High Value
4079,Low,4.012195102591801e-23,43,4.0,38827.18,9706.795,Regular
854,Low,3.981894891036273e-23,43,3.0,35133.34,11711.113333333333,Regular
3307,Low,3.91378394013839e-23,43,4.0,47681.58,11920.395,High Value
744,Low,3.8956530651670873e-23,43,1.0,15187.19,15187.19,Low Activity
3230,Low,3.8881337623862756e-23,43,2.0,18831.34,9415.67,Low Activity
511,Low,3.839964758712721e-23,43,2.0,17946.32,8973.16,Low Activity
5356,Low,3.8056606242203475e-23,43,2.0,17082.22,8541.11,Low Activity
5609,Low,3.7614205580801426e-23,43,4.0,40747.76,10186.94,Regular
7545,Low,3.696607848544278e-23,43,2.0,22882.37,11441.185,Low Activity
4101,Low,3.6657453190830886e-23,43,3.0,24133.07,8044.356666666667,Regular
1757,Low,3.6005459720456943e-23,43,2.0,20996.52,10498.26,Low Activity
4024,Low,3.5542888241487715e-23,43,2.0,14429.92,7214.96,Low Activity
3507,Low,3.533945119802295e-23,43,2.0,27293.9,13646.95,Low Activity
4117,Low,3.518323346106644e-23,43,2.0,20652.01,10326.005,Low Activity
999,Low,3.397850220191156e-23,43,2.0,11989.93,5994.965,Low Activity
2228,Low,3.3570192986723614e-23,43,3.0,26580.660000000003,8860.220000000001,Regular
312,Low,3.262272449479002e-23,43,2.0,8931.19,4465.595,Low Activity
5960,Low,2.726525360927481e-24,42,2.0,34275.7,17137.85,Low Activity
2575,Low,2.377581207892226e-24,42,3.0,39295.850000000006,13098.616666666669,Regular
4952,Low,2.367197334843194e-24,42,2.0,34014.34,17007.17,Low Activity
6542,Low,2.3420827092070977e-24,42,3.0,50053.89,16684.63,High Value
6880,Low,2.3359605127380682e-24,42,2.0,30346.550000000003,15173.275,Low Activity
3576,Low,2.328302523338813e-24,42,4.0,54162.78,13540.695,High Value
4853,Low,2.308358352783364e-24,42,3.0,34924.57,11641.523333333333,Regular
8000,Low,2.240336085692945e-24,42,1.0,14386.66,14386.66,Low Activity
4246,Low,2.2302194010187132e-24,42,2.0,26687.93,13343.965,Low Activity
7905,Low,2.2125323641025505e-24,42,3.0,39737.83,13245.943333333336,Regular
7355,Low,2.1839093251032138e-24,42,1.0,13268.53,13268.53,Low Activity
7549,Low,2.1808821143261447e-24,42,3.0,43254.08,14418.026666666668,Regular
491,Low,2.1760574073123585e-24,42,2.0,23880.050000000003,11940.025,Low Activity
2951,Low,2.1639436715223172e-24,42,5.0,42667.68,8533.536,Regular
3247,Low,2.1529600924879626e-24,42,3.0,37816.49,12605.496666666666,Regular
3086,Low,2.137299078292325e-24,42,2.0,24485.78,12242.89,Low Activity
7816,Low,2.1021924562625906e-24,42,2.0,21790.33,10895.165,Low Activity
1358,Low,2.0641349252394863e-24,42,5.0,53107.25,10621.45,High Value
2030,Low,2.04721593103673e-24,42,3.0,33251.0,11083.666666666666,Regular
7140,Low,2.031181341295517e-24,42,3.0,21458.63,7152.876666666666,Regular
7077,Low,2.0167878552762043e-24,42,3.0,29963.79,9987.93,Regular
4848,Low,1.97826251023311e-24,42,3.0,38803.64,12934.546666666669,Regular
4596,Low,1.9778694001046042e-24,42,2.0,17383.38,8691.69,Low Activity
7037,Low,1.954768960220662e-24,42,4.0,40957.85,10239.4625,Regular
555,Low,1.9489672589163406e-24,42,4.0,40753.58,10188.395,Regular
147,Low,1.924224585907752e-24,42,4.0,38502.88,9625.72,Regular
1968,Low,1.9106398498419997e-24,42,1.0,8172.97,8172.97,Low Activity
3561,Low,1.9028974081947798e-24,42,4.0,36790.73,9197.6825,Regular
4964,Low,1.8881518364062773e-24,42,5.0,39246.71,7849.342,Regular
1222,Low,1.846300825585834e-24,42,5.0,50232.06,10046.412,High Value
2230,Low,1.8426679108761373e-24,42,2.0,19336.63,9668.315,Low Activity
6414,Low,1.836461267116633e-24,42,2.0,14026.62,7013.31,Low Activity
6750,Low,1.8024746237862232e-24,42,3.0,29645.43,9881.81,Regular
3780,Low,1.7918209871496945e-24,42,3.0,10884.94,3628.3133333333335,Regular
5064,Low,1.790941720701055e-24,42,1.0,9905.93,9905.93,Low Activity
730,Low,1.781880504301242e-24,42,2.0,10969.81,5484.905000000001,Low Activity
3516,Low,1.7814599173981055e-24,42,1.0,9688.26,9688.26,Low Activity
1586,Low,1.7735152542328566e-24,42,1.0,13572.23,13572.23,Low Activity
6665,Low,1.68443698068495e-24,42,1.0,4608.83,4608.83,Low Activity
5438,Low,1.6710834755648132e-24,42,1.0,8946.05,8946.05,Low Activity
6391,Low,1.666135288375178e-24,42,2.0,8937.03,4468.515,Low Activity
4377,Low,1.6420551630462233e-24,42,1.0,10486.97,10486.97,Low Activity
4615,Low,1.6063552273442828e-24,42,1.0,4594.14,4594.14,Low Activity
20,Low,1.5972048400714565e-24,42,3.0,25190.62,8396.873333333333,Regular
4598,Low,1.4930956654256199e-24,42,5.0,46328.19,9265.638,High Value
6449,Low,1.3053927406666217e-25,41,1.0,19698.46,19698.46,Low Activity
510,Low,1.284179876489391e-25,41,2.0,35452.240000000005,17726.120000000003,Low Activity
2142,Low,1.1968365707462884e-25,41,3.0,34149.98,11383.326666666668,Regular
2284,Low,1.1860037415641821e-25,41,3.0,44287.87,14762.623333333337,Regular
2906,Low,1.18110666833362e-25,41,1.0,14863.15,14863.15,Low Activity
7383,Low,1.170824618457395e-25,41,2.0,26892.61,13446.305,Low Activity
7978,Low,1.1481906977423268e-25,41,3.0,40346.68,13448.893333333332,Regular
6465,Low,1.1450024881858326e-25,41,4.0,43053.78,10763.445,Regular
1421,Low,1.1128214278551129e-25,41,3.0,36702.62,12234.206666666663,Regular
2093,Low,1.0961470517015258e-25,41,1.0,16786.98,16786.98,Low Activity
5655,Low,1.0912350182411954e-25,41,4.0,53864.97,13466.2425,High Value
4380,Low,1.0905205141948897e-25,41,3.0,33836.46,11278.82,Regular
2462,Low,1.0810951481830373e-25,41,4.0,50975.47,12743.8675,High Value
6478,Low,1.0704051130537284e-25,41,4.0,35801.91,8950.4775,Regular
6181,Low,1.0587464631877623e-25,41,5.0,67625.29000000001,13525.058,High Value
6117,Low,1.0342436291228706e-25,41,3.0,29752.49,9917.496666666666,Regular
942,Low,1.0177512790618059e-25,41,3.0,26513.26,8837.753333333334,Regular
3492,Low,9.993352797780372e-26,41,2.0,16357.67,8178.835,Low Activity
4168,Low,9.983996783035718e-26,41,3.0,27524.85,9174.95,Regular
1313,Low,9.645375549202274e-26,41,1.0,7097.01,7097.01,Low Activity
4276,Low,9.620351921937937e-26,41,3.0,13907.22,4635.74,Regular
6516,Low,9.53188779094817e-26,41,2.0,18745.6,9372.8,Low Activity
7679,Low,9.464546711073376e-26,41,2.0,11955.94,5977.97,Low Activity
4815,Low,9.338021620583649e-26,41,1.0,13871.29,13871.29,Low Activity
5728,Low,9.279190984482322e-26,41,4.0,40987.31,10246.8275,Regular
2851,Low,9.135360201532871e-26,41,1.0,5611.66,5611.66,Low Activity
1722,Low,9.007181822148903e-26,41,1.0,5255.04,5255.04,Low Activity
5385,Low,8.988724270353832e-26,41,3.0,24957.42,8319.140000000001,Regular
5089,Low,8.804853067775473e-26,41,2.0,13677.6,6838.799999999999,Low Activity
7531,Low,8.790461721849558e-26,41,2.0,13640.24,6820.12,Low Activity
6622,Low,6.88016880465554e-27,40,5.0,98714.11,19742.822,High Value
5939,Low,6.77526943951165e-27,40,1.0,19441.02,19441.02,Low Activity
1295,Low,6.68545542504476e-27,40,2.0,24877.78,12438.89,Low Activity
2063,Low,6.3398839118109835e-27,40,4.0,52381.24,13095.31,High Value
3052,Low,6.300854403906973e-27,40,3.0,48284.28,16094.76,High Value
3154,Low,6.1452631828114406e-27,40,2.0,29349.37,14674.685,Low Activity
2973,Low,5.95221394311315e-27,40,2.0,26959.29,13479.645,Low Activity
7565,Low,5.920218435638929e-27,40,1.0,13105.33,13105.33,Low Activity
5107,Low,5.904671945260853e-27,40,3.0,37895.65,12631.883333333331,Regular
7911,Low,5.87203756861653e-27,40,4.0,56777.69,14194.4225,High Value
1052,Low,5.8521980881039184e-27,40,2.0,15259.65,7629.825000000001,Low Activity
4599,Low,5.8457812043917094e-27,40,2.0,22775.51,11387.755,Low Activity
6551,Low,5.819429569362356e-27,40,2.0,24480.63,12240.315,Low Activity
1924,Low,5.5659826321502934e-27,40,5.0,49710.6,9942.12,High Value
4978,Low,5.527260953494624e-27,40,4.0,46253.68,11563.42,High Value
5579,Low,5.5091610086172666e-27,40,2.0,19979.76,9989.88,Low Activity
5926,Low,5.4083465288798404e-27,40,3.0,39934.15,13311.383333333331,Regular
6853,Low,5.317056213988466e-27,40,4.0,42614.42,10653.605,Regular
5156,Low,5.229361195861717e-27,40,3.0,24541.05,8180.349999999999,Regular
6451,Low,5.2213641742685165e-27,40,2.0,15193.75,7596.875,Low Activity
1435,Low,5.117697783225499e-27,40,1.0,7662.25,7662.25,Low Activity
5889,Low,5.080300342007757e-27,40,4.0,50430.77,12607.6925,High Value
2091,Low,5.057944492986826e-27,40,4.0,20930.99,5232.7475,Regular
612,Low,4.9438794735420686e-27,40,1.0,12169.78,12169.78,Low Activity
7283,Low,4.9096835348732945e-27,40,2.0,11729.97,5864.985,Low Activity
4243,Low,4.888979550260243e-27,40,3.0,38487.84,12829.28,Regular
6545,Low,4.881194825912875e-27,40,3.0,21126.73,7042.243333333333,Regular
7160,Low,4.6481337496492386e-27,40,2.0,14327.259999999998,7163.629999999999,Low Activity
3807,Low,4.056407586575787e-28,39,2.0,39014.28,19507.14,Low Activity
2694,Low,3.5185147248865026e-28,39,3.0,44088.26,14696.086666666668,Regular
6179,Low,3.4611350837794753e-28,39,2.0,37064.64,18532.32,Low Activity
4082,Low,3.4395850340182303e-28,39,2.0,34363.36,17181.68,Low Activity
3376,Low,3.3312493405314528e-28,39,2.0,31212.42,15606.21,Low Activity
5055,Low,3.261337476086936e-28,39,4.0,52100.05,13025.0125,High Value
5086,Low,3.2478766084038503e-28,39,3.0,31659.05,10553.016666666666,Regular
7808,Low,3.166941587326803e-28,39,3.0,41378.59,13792.863333333336,Regular
5665,Low,3.156718121099108e-28,39,1.0,15982.5,15982.5,Low Activity
2047,Low,3.128423688287402e-28,39,3.0,29548.550000000003,9849.516666666668,Regular
6726,Low,3.019467944172926e-28,39,1.0,12160.27,12160.27,Low Activity
76,Low,3.0083969656808136e-28,39,2.0,21609.390000000003,10804.695000000002,Low Activity
3311,Low,2.9833314420050554e-28,39,4.0,52554.75,13138.6875,High Value
5774,Low,2.904827976517178e-28,39,1.0,10453.72,10453.72,Low Activity
7054,Low,2.9013275120837582e-28,39,4.0,47952.51,11988.1275,High Value
2865,Low,2.9007108100696576e-28,39,2.0,21394.22,10697.11,Low Activity
4278,Low,2.897441115698747e-28,39,1.0,10524.24,10524.24,Low Activity
5186,Low,2.8710420181360873e-28,39,2.0,28574.94,14287.47,Low Activity
6905,Low,2.815162356599925e-28,39,3.0,27114.83,9038.276666666668,Regular
6015,Low,2.776638531617514e-28,39,5.0,60502.15,12100.43,High Value
7559,Low,2.7711085153122804e-28,39,2.0,16242.48,8121.24,Low Activity
3183,Low,2.7595204026710424e-28,39,1.0,13214.6,13214.6,Low Activity
4427,Low,2.7368341464362227e-28,39,2.0,17019.35,8509.675,Low Activity
6205,Low,2.7180917554971877e-28,39,4.0,36662.01,9165.5025,Regular
3969,Low,2.6953925314148913e-28,39,2.0,15847.36,7923.68,Low Activity
5033,Low,2.6859986682577246e-28,39,1.0,7857.29,7857.29,Low Activity
6979,Low,2.679240923570191e-28,39,1.0,7776.48,7776.48,Low Activity
7763,Low,2.6790568411029787e-28,39,3.0,22853.46,7617.82,Regular
4501,Low,2.671538801125897e-28,39,1.0,7684.76,7684.76,Low Activity
3962,Low,2.6543828176004405e-28,39,3.0,32243.9,10747.966666666664,Regular
3045,Low,2.64941859923514e-28,39,1.0,7423.66,7423.66,Low Activity
5432,Low,2.555944080370965e-28,39,2.0,11629.15,5814.575,Low Activity
4600,Low,2.546949130425001e-28,39,4.0,44099.17,11024.7925,Regular
5239,Low,2.4899631605384494e-28,39,4.0,27592.63,6898.1575,Regular
5809,Low,2.4505263697476144e-28,39,4.0,24587.28,6146.82,Regular
308,Low,2.4346098795915143e-28,39,2.0,16039.67,8019.835,Low Activity
6314,Low,2.307026051948797e-28,39,1.0,6708.11,6708.11,Low Activity
2674,Low,1.9829538761006566e-29,38,1.0,23275.77,23275.77,Low Activity
5712,Low,1.7793496291964138e-29,38,2.0,23189.36,11594.68,Low Activity
2275,Low,1.7541775343105624e-29,38,2.0,22071.46,11035.73,Low Activity
6116,Low,1.702586977579922e-29,38,2.0,29163.58,14581.79,Low Activity
7977,Low,1.6988609900004504e-29,38,4.0,69357.55,17339.3875,High Value
1257,Low,1.6544518132979294e-29,38,1.0,14207.88,14207.88,Low Activity
7337,Low,1.6483149592655833e-29,38,2.0,26333.53,13166.765,Low Activity
7720,Low,1.6431809035181693e-29,38,3.0,32380.88,10793.626666666663,Regular
1580,Low,1.623955683244138e-29,38,2.0,26971.28,13485.64,Low Activity
7367,Low,1.6091232314935087e-29,38,3.0,50838.83,16946.27666666667,High Value
1400,Low,1.5962982038537885e-29,38,1.0,12532.15,12532.15,Low Activity
804,Low,1.5597629117462196e-29,38,4.0,52940.88,13235.22,High Value
4407,Low,1.5579164842688563e-29,38,1.0,11713.06,11713.06,Low Activity
3737,Low,1.557775051675314e-29,38,2.0,21715.96,10857.98,Low Activity
820,Low,1.5569857017102602e-29,38,3.0,34732.4,11577.466666666667,Regular
884,Low,1.556808675072114e-29,38,2.0,21722.1,10861.05,Low Activity
5458,Low,1.5486893755796668e-29,38,5.0,53646.38,10729.276,High Value
5513,Low,1.5365296342795398e-29,38,5.0,52834.47,10566.894,High Value
5167,Low,1.5344682148732184e-29,38,5.0,51238.71,10247.742,High Value
447,Low,1.5195923631867074e-29,38,2.0,19954.92,9977.46,Low Activity
991,Low,1.5163924334820197e-29,38,3.0,46024.53,15341.51,High Value
6359,Low,1.503959132152197e-29,38,3.0,30592.18,10197.393333333332,Regular
7523,Low,1.4862619578459823e-29,38,3.0,29312.3,9770.766666666666,Regular
7340,Low,1.478521705874934e-29,38,4.0,29575.28,7393.82,Regular
5138,Low,1.4655162897759206e-29,38,2.0,26498.73,13249.365,Low Activity
7285,Low,1.45739186650635e-29,38,3.0,28827.78,9609.26,Regular
1353,Low,1.4569773062730452e-29,38,2.0,25982.11,12991.055,Low Activity
4156,Low,1.4319001055989362e-29,38,4.0,54748.0,13687.0,High Value
4635,Low,1.4081139840152312e-29,38,3.0,34115.01,11371.67,Regular
7184,Low,1.4069980186257993e-29,38,2.0,16141.34,8070.67,Low Activity
7705,Low,1.4018613866087105e-29,38,4.0,35591.66,8897.915,Regular
3538,Low,1.3931515704300185e-29,38,2.0,22709.78,11354.89,Low Activity
7926,Low,1.3861123035008544e-29,38,2.0,14779.09,7389.545,Low Activity
5515,Low,1.3624283575256485e-29,38,3.0,30517.64,10172.546666666669,Regular
6876,Low,1.3591513677288015e-29,38,5.0,68252.94,13650.588,High Value
6719,Low,1.299247536894171e-29,38,1.0,9128.94,9128.94,Low Activity
3973,Low,1.2840159480543753e-29,38,2.0,15221.56,7610.780000000001,Low Activity
6605,Low,1.2746809922120043e-29,38,1.0,8434.04,8434.04,Low Activity
2025,Low,1.2743730745756036e-29,38,5.0,56001.02,11200.204,High Value
5301,Low,1.2282885230142983e-29,38,1.0,10758.38,10758.38,Low Activity
1036,Low,1.2062222070043046e-29,38,3.0,19333.61,6444.536666666667,Regular
7776,Low,1.1652418814924036e-29,38,1.0,5701.23,5701.23,Low Activity
5170,Low,9.942466937758703e-31,37,1.0,21090.0,21090.0,Low Activity
806,Low,9.533145243195974e-31,37,3.0,55267.2,18422.4,High Value
1512,Low,9.124230120450102e-31,37,3.0,23897.07,7965.69,Regular
3112,Low,8.911191284264045e-31,37,2.0,29524.11,14762.055,Low Activity
2094,Low,8.501736452422195e-31,37,3.0,27874.68,9291.56,Regular
7869,Low,8.463942627040189e-31,37,1.0,18801.52,18801.52,Low Activity
2729,Low,8.393905333283273e-31,37,4.0,58203.380000000005,14550.845,High Value
3489,Low,8.392693727737937e-31,37,1.0,18079.8,18079.8,Low Activity
4567,Low,8.371627123855002e-31,37,3.0,25907.01,8635.67,Regular
7733,Low,8.267165172137996e-31,37,3.0,37050.73,12350.243333333332,Regular
1297,Low,8.19433219240484e-31,37,3.0,37764.77,12588.256666666668,Regular
1972,Low,8.18795640050628e-31,37,4.0,54397.91,13599.4775,High Value
2234,Low,8.166215948009047e-31,37,2.0,22125.68,11062.84,Low Activity
36,Low,8.00741344244363e-31,37,4.0,51891.25,12972.8125,High Value
4650,Low,8.006394382841638e-31,37,1.0,11066.84,11066.84,Low Activity
2977,Low,8.005439629028721e-31,37,2.0,31109.78,15554.89,Low Activity
7989,Low,7.999499081172136e-31,37,2.0,22473.63,11236.815,Low Activity
5150,Low,7.958166147686574e-31,37,1.0,12686.44,12686.44,Low Activity
2086,Low,7.924274729120608e-31,37,3.0,32680.79,10893.596666666666,Regular
2215,Low,7.898284187321633e-31,37,2.0,19679.77,9839.885,Low Activity
6094,Low,7.786964130182017e-31,37,2.0,12648.96,6324.48,Low Activity
5232,Low,7.694393767439037e-31,37,3.0,42062.14,14020.713333333331,Regular
115,Low,7.680001618536403e-31,37,3.0,30010.42,10003.473333333332,Regular
5308,Low,7.660554345325831e-31,37,5.0,68453.16,13690.632,High Value
5598,Low,7.600091139360165e-31,37,4.0,44478.85,11119.7125,Regular
5321,Low,7.4066138329074455e-31,37,2.0,30749.36,15374.68,Low Activity
540,Low,7.28126039647141e-31,37,1.0,7647.18,7647.18,Low Activity
5000,Low,7.233688086556779e-31,37,3.0,32549.15,10849.716666666667,Regular
2501,Low,7.1941924552979055e-31,37,4.0,34943.78,8735.945,Regular
2354,Low,7.083673093830018e-31,37,1.0,6807.54,6807.54,Low Activity
3667,Low,6.751544222512146e-31,37,3.0,17465.75,5821.916666666667,Regular
6463,Low,6.5929241308161195e-31,37,4.0,25574.41,6393.6025,Regular
5479,Low,6.454132754980449e-31,37,4.0,32086.57,8021.6425,Regular
215,Low,6.4215877053323064e-31,37,1.0,10606.31,10606.31,Low Activity
646,Low,4.9919894690209776e-31,37,1.0,2043.1,2043.1,Low Activity
1200,Low,5.590368281044052e-32,36,3.0,57746.34,19248.78,High Value
7344,Low,5.016766789363631e-32,36,3.0,57238.4,19079.466666666667,High Value
5474,Low,4.9189025028936887e-32,36,7.0,97517.08,13931.011428571428,High Value
5397,Low,4.8300113552573615e-32,36,4.0,57797.6,14449.4,High Value
1426,Low,4.708289913150887e-32,36,2.0,21008.2,10504.1,Low Activity
1896,Low,4.57544536473873e-32,36,4.0,48002.71,12000.6775,High Value
6760,Low,4.51287014327998e-32,36,2.0,26972.46,13486.23,Low Activity
5237,Low,4.479620045544081e-32,36,3.0,41684.95,13894.983333333332,Regular
3632,Low,4.4401461379198274e-32,36,2.0,25442.68,12721.34,Low Activity
7025,Low,4.434988137845571e-32,36,3.0,40423.18,13474.393333333332,Regular
4025,Low,4.4340089666784004e-32,36,2.0,26903.94,13451.97,Low Activity
6455,Low,4.4056367320035725e-32,36,2.0,26570.77,13285.385,Low Activity
6600,Low,4.405184005489151e-32,36,3.0,39441.23,13147.076666666666,Regular
3936,Low,4.3203323631279675e-32,36,2.0,22888.29,11444.145,Low Activity
1463,Low,4.3036250593633487e-32,36,5.0,58424.7,11684.94,High Value
4867,Low,4.2346316678008795e-32,36,3.0,47313.060000000005,15771.020000000002,High Value
5938,Low,4.233661215315127e-32,36,5.0,38605.32,7721.064,Regular
4852,Low,4.189592034914527e-32,36,3.0,35396.52,11798.839999999998,Regular
3976,Low,4.186261402873928e-32,36,1.0,13008.09,13008.09,Low Activity
26,Low,4.158610773310532e-32,36,3.0,21586.78,7195.593333333333,Regular
4739,Low,4.121793023069418e-32,36,7.0,76976.8,10996.685714285715,High Value
7195,Low,4.111775814741858e-32,36,2.0,20761.94,10380.97,Low Activity
2782,Low,4.0750614107992736e-32,36,2.0,20085.660000000003,10042.830000000002,Low Activity
4436,Low,4.070939136087182e-32,36,3.0,31414.33,10471.443333333336,Regular
6097,Low,4.070928973409662e-32,36,3.0,43797.09,14599.03,Regular
3740,Low,4.0483591714931837e-32,36,1.0,9829.62,9829.62,Low Activity
550,Low,3.9557762339356655e-32,36,4.0,40901.83,10225.4575,Regular
7432,Low,3.9366928796702894e-32,36,3.0,25971.6,8657.199999999999,Regular
4145,Low,3.9322082389126214e-32,36,2.0,23900.62,11950.31,Low Activity
2791,Low,3.8966250105779604e-32,36,3.0,38379.41,12793.136666666667,Regular
5876,Low,3.837040376113263e-32,36,1.0,7972.81,7972.81,Low Activity
1384,Low,3.831175620449312e-32,36,4.0,36539.24,9134.81,Regular
2942,Low,3.8168741722252423e-32,36,4.0,52631.66,13157.915,High Value
7297,Low,3.7926539917243857e-32,36,5.0,51887.65,10377.53,High Value
5769,Low,3.681815320391514e-32,36,1.0,10649.61,10649.61,Low Activity
3840,Low,3.606576429103983e-32,36,2.0,11322.6,5661.3,Low Activity
6273,Low,3.53483515889655e-32,36,4.0,39968.990000000005,9992.2475,Regular
2643,Low,3.495417374336146e-32,36,2.0,15303.46,7651.73,Low Activity
4784,Low,3.425903824393953e-32,36,2.0,15432.12,7716.06,Low Activity
7113,Low,3.424145723474806e-32,36,1.0,5997.37,5997.37,Low Activity
2574,Low,3.373388154370061e-32,36,2.0,19435.71,9717.855,Low Activity
6486,Low,3.345007934399655e-32,36,6.0,73185.16,12197.526666666668,High Value
5563,Low,3.296436276510167e-32,36,3.0,29395.2,9798.4,Regular
3032,Low,2.800981153492875e-33,35,2.0,45510.24,22755.12,Low Activity
4440,Low,2.5521000168878755e-33,35,3.0,40912.35,13637.45,Regular
4766,Low,2.376944258712558e-33,35,4.0,64435.67,16108.9175,High Value
1004,Low,2.3018929235672073e-33,35,3.0,39699.01,13233.003333333332,Regular
6906,Low,2.2926804310358654e-33,35,3.0,39089.17,13029.723333333332,Regular
1756,Low,2.2861464407633274e-33,35,2.0,24578.22,12289.11,Low Activity
4570,Low,2.230298079439701e-33,35,2.0,21729.92,10864.96,Low Activity
1988,Low,2.1658789400946893e-33,35,3.0,22134.410000000003,7378.136666666668,Regular
3646,Low,2.1654556572085957e-33,35,2.0,20123.83,10061.915,Low Activity
1042,Low,2.1107148897442944e-33,35,3.0,29379.24,9793.08,Regular
6462,Low,2.0994346046917606e-33,35,4.0,44802.87,11200.7175,Regular
4127,Low,2.089153859621935e-33,35,2.0,18825.75,9412.875,Low Activity
2845,Low,2.0392310657881042e-33,35,6.0,44464.63,7410.771666666666,Regular
4179,Low,2.027837587091015e-33,35,2.0,15429.59,7714.795,Low Activity
5465,Low,2.0274091443811475e-33,35,3.0,35717.82,11905.94,Regular
385,Low,1.9712783566036514e-33,35,6.0,54951.09,9158.515,High Value
6144,Low,1.9707034971144883e-33,35,2.0,16479.0,8239.5,Low Activity
5351,Low,1.9302713066125875e-33,35,1.0,8330.97,8330.97,Low Activity
2397,Low,1.9082244679064208e-33,35,6.0,48356.56,8059.426666666666,High Value
5410,Low,1.8966476382107444e-33,35,1.0,6342.67,6342.67,Low Activity
7677,Low,1.8847997798939066e-33,35,2.0,17502.47,8751.235,Low Activity
5292,Low,1.854217254017056e-33,35,2.0,10493.25,5246.625,Low Activity
1726,Low,1.842460975105525e-33,35,5.0,43447.91,8689.581999999999,Regular
1439,Low,1.7073244791944878e-33,35,3.0,19379.43,6459.81,Regular
589,Low,1.6541445236246703e-33,35,2.0,9952.55,4976.275000000001,Low Activity
2516,Low,1.3261665841278605e-34,34,4.0,58930.65,14732.6625,High Value
4456,Low,1.2951844232996166e-34,34,4.0,56929.59,14232.3975,High Value
2628,Low,1.2394422032454322e-34,34,2.0,27861.16,13930.58,Low Activity
6399,Low,1.215580600053165e-34,34,5.0,49862.73,9972.545999999998,High Value
1876,Low,1.2103377235958893e-34,34,4.0,47790.54,11947.635,High Value
2341,Low,1.1985423330170602e-34,34,4.0,60508.41,15127.1025,High Value
1304,Low,1.1620214403007614e-34,34,3.0,37682.61,12560.87,Regular
1231,Low,1.139738474292734e-34,34,1.0,11058.33,11058.33,Low Activity
6753,Low,1.1395946041681517e-34,34,3.0,45658.56,15219.52,Regular
2294,Low,1.1276564459745005e-34,34,1.0,12623.54,12623.54,Low Activity
1008,Low,1.1179552089593336e-34,34,1.0,10481.86,10481.86,Low Activity
6236,Low,1.1070654970332104e-34,34,3.0,29941.95,9980.65,Regular
2692,Low,1.101055399313284e-34,34,2.0,18375.39,9187.695,Low Activity
1700,Low,1.1001826623512617e-34,34,2.0,18040.71,9020.355,Low Activity
1558,Low,1.0542072628556195e-34,34,4.0,37925.0,9481.25,Regular
3287,Low,1.0531459656262955e-34,34,2.0,14950.17,7475.085,Low Activity
742,Low,1.0516501790167275e-34,34,2.0,22237.870000000003,11118.935,Low Activity
518,Low,1.0298446226311725e-34,34,4.0,34505.58,8626.395,Regular
3151,Low,1.0294036147485851e-34,34,3.0,22553.41,7517.803333333333,Regular
4765,Low,9.99986214666154e-35,34,1.0,10649.85,10649.85,Low Activity
2672,Low,9.940849890609554e-35,34,2.0,11989.52,5994.76,Low Activity
6461,Low,9.841926928115985e-35,34,4.0,45905.83,11476.4575,Regular
3763,Low,9.722146517951196e-35,34,2.0,18121.16,9060.58,Low Activity
7183,Low,9.573978005660168e-35,34,6.0,59735.17,9955.861666666666,High Value
4105,Low,9.518812109424021e-35,34,2.0,16565.559999999998,8282.779999999999,Low Activity
118,Low,9.409810074380532e-35,34,3.0,24853.73,8284.576666666666,Regular
4032,Low,9.309150413937524e-35,34,3.0,34113.18,11371.06,Regular
3968,Low,7.150802674387716e-36,33,1.0,19649.63,19649.63,Low Activity
4234,Low,6.928015379202907e-36,33,1.0,17845.34,17845.34,Low Activity
1145,Low,6.72182729826118e-36,33,2.0,43314.97,21657.485,Low Activity
7123,Low,6.715690720923632e-36,33,3.0,51054.95,17018.316666666666,High Value
121,Low,6.629967501893102e-36,33,3.0,33963.96,11321.32,Regular
1755,Low,6.629044762351915e-36,33,2.0,29978.88,14989.44,Low Activity
3823,Low,6.601509177782859e-36,33,2.0,19974.9,9987.45,Low Activity
6419,Low,6.549440683079453e-36,33,3.0,47648.880000000005,15882.96,High Value
560,Low,6.51387286908943e-36,33,3.0,33156.65,11052.216666666667,Regular
7642,Low,6.424927045358264e-36,33,3.0,42673.09,14224.363333333333,Regular
7116,Low,6.296429230663828e-36,33,3.0,40287.6,13429.2,Regular
6413,Low,6.2929256158569e-36,33,4.0,60128.89,15032.2225,High Value
1947,Low,6.290294386457845e-36,33,3.0,40262.79,13420.93,Regular
4957,Low,6.21436503508148e-36,33,1.0,12860.4,12860.4,Low Activity
7365,Low,6.173292779962846e-36,33,3.0,26997.730000000003,8999.243333333334,Regular
3727,Low,6.11774046415334e-36,33,2.0,26128.08,13064.04,Low Activity
3827,Low,6.038774872658672e-36,33,1.0,11854.01,11854.01,Low Activity
1590,Low,6.019140543049585e-36,33,4.0,36577.55,9144.3875,Regular
2781,Low,5.9489701495964164e-36,33,3.0,33481.53,11160.51,Regular
4604,Low,5.9382466450348557e-36,33,2.0,28858.74,14429.37,Low Activity
4885,Low,5.9140805671655265e-36,33,3.0,32940.62,10980.206666666669,Regular
2711,Low,5.8867325693289144e-36,33,5.0,52409.29,10481.858,High Value
170,Low,5.639842707602073e-36,33,3.0,29063.63,9687.876666666663,Regular
1217,Low,5.620975259720481e-36,33,1.0,8978.57,8978.57,Low Activity
105,Low,5.589992816283114e-36,33,2.0,25562.14,12781.07,Low Activity
5918,Low,5.535511925873697e-36,33,5.0,58424.52,11684.904,High Value
5713,Low,5.4620373835068294e-36,33,1.0,8011.37,8011.37,Low Activity
6841,Low,5.347673702839803e-36,33,2.0,13543.87,6771.935,Low Activity
6487,Low,4.919943304710282e-36,33,3.0,24767.3,8255.766666666666,Regular
1270,Low,4.9101365782768154e-36,33,3.0,26432.91,8810.97,Regular
3309,Low,4.622366289927801e-36,33,2.0,17082.07,8541.035,Low Activity
2478,Low,3.5456312418110968e-37,32,3.0,35977.96,11992.653333333334,Regular
3159,Low,3.544063153322361e-37,32,2.0,31842.01,15921.005,Low Activity
4476,Low,3.519152893589158e-37,32,3.0,49518.7,16506.233333333334,High Value
5016,Low,3.4925781231091635e-37,32,1.0,16406.45,16406.45,Low Activity
5747,Low,3.4421415104269655e-37,32,3.0,46227.17,15409.056666666664,High Value
4936,Low,3.3812346667154737e-37,32,3.0,46623.96,15541.32,High Value
3127,Low,3.3536762634850184e-37,32,4.0,66645.73,16661.4325,High Value
1966,Low,3.35331532462598e-37,32,1.0,20070.3,20070.3,Low Activity
1796,Low,3.3148671464989593e-37,32,3.0,40538.83,13512.943333333336,Regular
1343,Low,3.2917795221092747e-37,32,3.0,40867.130000000005,13622.376666666669,Regular
7894,Low,3.262623174847668e-37,32,5.0,44508.85,8901.77,Regular
1468,Low,3.247264580710967e-37,32,2.0,26402.67,13201.335,Low Activity
7952,Low,3.2451483167671233e-37,32,5.0,62415.5,12483.1,High Value
1754,Low,3.2412769657556635e-37,32,3.0,38306.09,12768.696666666665,Regular
6686,Low,3.22945137377361e-37,32,1.0,12886.12,12886.12,Low Activity
5891,Low,3.219759195545652e-37,32,2.0,23158.19,11579.095,Low Activity
3592,Low,3.196614332872246e-37,32,2.0,23289.82,11644.91,Low Activity
4930,Low,3.185887481647057e-37,32,2.0,23055.5,11527.75,Low Activity
5338,Low,3.1814605292603586e-37,32,5.0,42777.53,8555.506,Regular
3939,Low,3.1642128012028327e-37,32,5.0,56419.16,11283.832,High Value
1120,Low,3.1377887890783974e-37,32,4.0,37892.39,9473.0975,Regular
1161,Low,3.0947100555263287e-37,32,3.0,45255.83,15085.276666666668,Regular
2331,Low,3.090909523573994e-37,32,7.0,81196.9,11599.557142857142,High Value
817,Low,3.085688891075087e-37,32,3.0,32860.54,10953.513333333334,Regular
3269,Low,3.0770615908129323e-37,32,3.0,33600.94,11200.313333333334,Regular
1097,Low,3.0461908993265703e-37,32,4.0,49614.48,12403.62,High Value
7737,Low,3.0360965192528586e-37,32,1.0,15275.97,15275.97,Low Activity
7850,Low,3.0355576709287513e-37,32,2.0,20873.9,10436.95,Low Activity
5443,Low,3.0121466815594097e-37,32,7.0,75321.29000000001,10760.184285714287,High Value
294,Low,3.0112605918548135e-37,32,1.0,9994.44,9994.44,Low Activity
1015,Low,2.98439642523206e-37,32,3.0,40551.09,13517.03,Regular
1883,Low,2.982191124284249e-37,32,2.0,19561.48,9780.74,Low Activity
5861,Low,2.9806128567078976e-37,32,2.0,18126.18,9063.09,Low Activity
1452,Low,2.9629456278453304e-37,32,4.0,31143.04,7785.76,Regular
2179,Low,2.9534416215051184e-37,32,4.0,44112.36,11028.09,Regular
2491,Low,2.9507145395054477e-37,32,1.0,9356.15,9356.15,Low Activity
4030,Low,2.947914999992743e-37,32,1.0,18737.37,18737.37,Low Activity
6849,Low,2.947527067844324e-37,32,2.0,17221.61,8610.805,Low Activity
4719,Low,2.9107466823504605e-37,32,2.0,25730.47,12865.235,Low Activity
6436,Low,2.8937317408318307e-37,32,4.0,39716.31,9929.0775,Regular
7492,Low,2.893103083289717e-37,32,3.0,25297.69,8432.563333333334,Regular
4252,Low,2.871342966594627e-37,32,4.0,38517.78,9629.445,Regular
6147,Low,2.8536135504961653e-37,32,2.0,25987.06,12993.53,Low Activity
2122,Low,2.8332438361832895e-37,32,4.0,23475.09,5868.7725,Regular
5079,Low,2.8304168459410575e-37,32,5.0,55443.0,11088.6,High Value
7233,Low,2.8191468452324943e-37,32,3.0,33559.35,11186.45,Regular
2105,Low,2.744105693365694e-37,32,3.0,22022.17,7340.723333333332,Regular
4755,Low,2.72029372092757e-37,32,4.0,31587.27,7896.8175,Regular
7589,Low,2.7171310272577583e-37,32,2.0,20036.13,10018.065,Low Activity
2670,Low,2.7113015466841986e-37,32,1.0,6621.71,6621.71,Low Activity
5194,Low,2.7023191440630745e-37,32,1.0,10387.5,10387.5,Low Activity
3132,Low,2.695602212213009e-37,32,4.0,31464.19,7866.0475,Regular
5694,Low,2.6486028590100856e-37,32,4.0,28743.59,7185.8975,Regular
3195,Low,2.463096708601797e-37,32,2.0,13614.84,6807.42,Low Activity
2811,Low,2.307340266244924e-37,32,6.0,54412.04,9068.673333333334,High Value
4163,Low,2.180557705119712e-37,32,1.0,4018.48,4018.48,Low Activity
2324,Low,2.1150946268936258e-38,31,3.0,54733.72,18244.573333333334,High Value
6913,Low,2.1078007477294288e-38,31,6.0,102954.48,17159.079999999998,High Value
7805,Low,1.9106867154219647e-38,31,2.0,35547.25,17773.625,Low Activity
5746,Low,1.89540197613325e-38,31,3.0,40409.7,13469.9,Regular
2394,Low,1.882891259194394e-38,31,2.0,33459.24,16729.62,Low Activity
330,Low,1.8406427426743498e-38,31,3.0,35953.4,11984.466666666667,Regular
4339,Low,1.7780041592259394e-38,31,4.0,49325.64,12331.41,High Value
1922,Low,1.7710202957596854e-38,31,1.0,14962.05,14962.05,Low Activity
33,Low,1.758230330633638e-38,31,2.0,27553.08,13776.54,Low Activity
3433,Low,1.7203537936494693e-38,31,3.0,29468.19,9822.73,Regular
642,Low,1.6854331359617724e-38,31,3.0,41913.23,13971.076666666666,Regular
3402,Low,1.6788227155736973e-38,31,5.0,62233.0,12446.6,High Value
3158,Low,1.6030929464792387e-38,31,1.0,15400.36,15400.36,Low Activity
598,Low,1.5895928618574663e-38,31,2.0,18832.91,9416.455,Low Activity
3061,Low,1.5749374888828048e-38,31,2.0,18665.77,9332.885,Low Activity
1371,Low,1.551886705971026e-38,31,5.0,63874.22,12774.844,High Value
6687,Low,1.55168412366211e-38,31,4.0,46232.27,11558.0675,High Value
2242,Low,1.5450600117759456e-38,31,2.0,24998.65,12499.325,Low Activity
5388,Low,1.512365969894431e-38,31,3.0,25393.99,8464.663333333334,Regular
1640,Low,1.5083501503763126e-38,31,3.0,25873.73,8624.576666666666,Regular
4356,Low,1.4596412281377376e-38,31,1.0,7531.88,7531.88,Low Activity
3652,Low,1.4512653350431545e-38,31,1.0,7352.19,7352.19,Low Activity
6793,Low,1.4416467208591935e-38,31,6.0,52016.58,8669.43,High Value
2435,Low,1.4023747013595238e-38,31,3.0,19671.73,6557.243333333333,Regular
622,Low,1.3963710084966106e-38,31,3.0,19747.56,6582.52,Regular
2826,Low,1.3855333210413802e-38,31,4.0,41066.66,10266.665,Regular
2248,Low,1.377521213150302e-38,31,1.0,7110.47,7110.47,Low Activity
940,Low,1.3760970058349125e-38,31,2.0,16320.39,8160.195,Low Activity
231,Low,1.372899763992879e-38,31,2.0,17948.38,8974.19,Low Activity
201,Low,1.3198839681215247e-38,31,1.0,8061.99,8061.99,Low Activity
7145,Low,1.310802671558272e-38,31,1.0,7816.03,7816.03,Low Activity
6495,Low,1.1342073392577225e-38,31,1.0,6491.7,6491.7,Low Activity
1666,Low,1.0966857146798923e-38,31,1.0,5590.1,5590.1,Low Activity
4237,Low,1.0790564038944961e-38,31,1.0,3920.72,3920.72,Low Activity
6748,Low,1.0319631887980965e-39,30,2.0,38607.69,19303.845,Low Activity
1085,Low,9.590441997451169e-40,30,1.0,16838.36,16838.36,Low Activity
2464,Low,9.520488055440555e-40,30,2.0,31044.35,15522.175,Low Activity
1047,Low,9.507884224101182e-40,30,2.0,21153.92,10576.96,Low Activity
3459,Low,9.285410855638119e-40,30,2.0,30689.43,15344.715,Low Activity
5957,Low,9.276446806073374e-40,30,4.0,69570.51,17392.6275,High Value
5034,Low,9.155654586765157e-40,30,3.0,45126.09,15042.03,Regular
4166,Low,9.133192944938417e-40,30,3.0,43231.17,14410.39,Regular
3601,Low,9.082228449288382e-40,30,5.0,50297.04,10059.408,High Value
2756,Low,9.049587467031922e-40,30,4.0,46499.1,11624.775,High Value
7215,Low,8.984001056327055e-40,30,3.0,29414.58,9804.86,Regular
7026,Low,8.980536717058202e-40,30,2.0,18514.5,9257.25,Low Activity
7579,Low,8.909310449379133e-40,30,3.0,41419.49,13806.496666666666,Regular
1130,Low,8.771412203446931e-40,30,3.0,25784.57,8594.856666666667,Regular
2164,Low,8.665121619539335e-40,30,4.0,54952.25,13738.0625,High Value
6851,Low,8.58690992521428e-40,30,3.0,35316.95,11772.316666666666,Regular
3419,Low,8.578934488615796e-40,30,3.0,35561.42,11853.806666666664,Regular
5453,Low,8.543238922040936e-40,30,4.0,35542.26,8885.565,Regular
403,Low,8.432137030496047e-40,30,2.0,20795.35,10397.675,Low Activity
7920,Low,8.268120914146372e-40,30,2.0,19259.47,9629.735,Low Activity
4286,Low,8.23485849804889e-40,30,3.0,21379.07,7126.356666666667,Regular
3137,Low,8.125406145764694e-40,30,3.0,30545.94,10181.98,Regular
1219,Low,8.120829765877842e-40,30,3.0,30494.45,10164.816666666668,Regular
6,Low,8.10108036391636e-40,30,3.0,27992.45,9330.816666666666,Regular
3744,Low,8.031367016646203e-40,30,3.0,29208.35,9736.116666666669,Regular
807,Low,7.94593481611931e-40,30,1.0,8941.54,8941.54,Low Activity
2659,Low,7.945560138356564e-40,30,5.0,41643.96,8328.792,Regular
7217,Low,7.931000885785646e-40,30,4.0,26638.26,6659.5650000000005,Regular
2565,Low,7.822068928985673e-40,30,2.0,17053.78,8526.89,Low Activity
688,Low,7.796328616298006e-40,30,6.0,58465.0,9744.166666666666,High Value
3992,Low,7.784106477399235e-40,30,2.0,15316.22,7658.110000000001,Low Activity
2312,Low,7.682924763851555e-40,30,3.0,24605.33,8201.776666666667,Regular
7782,Low,7.587515218581533e-40,30,3.0,34224.43,11408.143333333332,Regular
2664,Low,7.547581480599442e-40,30,4.0,33768.22,8442.055,Regular
6112,Low,7.52030383943251e-40,30,5.0,50118.01,10023.602,High Value
7475,Low,7.463344568904185e-40,30,3.0,19938.18,6646.06,Regular
7358,Low,7.454287202299596e-40,30,2.0,18894.56,9447.28,Low Activity
1365,Low,7.335618798577706e-40,30,1.0,10193.06,10193.06,Low Activity
3814,Low,7.2557221502013815e-40,30,3.0,27442.5,9147.5,Regular
2183,Low,7.0476082003390575e-40,30,2.0,15372.38,7686.19,Low Activity
3502,Low,6.956402202730455e-40,30,3.0,16214.18,5404.7266666666665,Regular
1381,Low,6.663460502136792e-40,30,2.0,18172.24,9086.12,Low Activity
4836,Low,5.795734984490638e-41,29,1.0,24461.41,24461.41,Low Activity
4633,Low,5.652136549744034e-41,29,3.0,53845.18,17948.393333333333,High Value
1306,Low,5.271119960208631e-41,29,6.0,72739.14,12123.19,High Value
5291,Low,4.944064165159795e-41,29,4.0,52726.35,13181.5875,High Value
6014,Low,4.894676824934141e-41,29,3.0,46899.21,15633.07,High Value
176,Low,4.866684709645892e-41,29,2.0,29162.91,14581.454999999998,Low Activity
2858,Low,4.865164889040644e-41,29,4.0,49010.13,12252.5325,High Value
6440,Low,4.815185744332924e-41,29,2.0,28306.94,14153.47,Low Activity
3162,Low,4.759204400382624e-41,29,4.0,48141.37,12035.3425,High Value
5282,Low,4.6993158131672e-41,29,2.0,35514.98,17757.489999999998,Low Activity
2442,Low,4.685502317088391e-41,29,5.0,65870.35,13174.070000000002,High Value
750,Low,4.664943803583427e-41,29,1.0,13445.23,13445.23,Low Activity
1071,Low,4.625475244436324e-41,29,2.0,33652.67,16826.335,Low Activity
300,Low,4.598181888466738e-41,29,3.0,39674.04,13224.68,Regular
1249,Low,4.5171233395362135e-41,29,3.0,37224.66,12408.22,Regular
6032,Low,4.5067871138880743e-41,29,3.0,14985.85,4995.283333333334,Regular
4347,Low,4.4786545974094126e-41,29,3.0,34626.68,11542.226666666667,Regular
2321,Low,4.4532043514388183e-41,29,3.0,49183.5,16394.5,High Value
54,Low,4.443297008137626e-41,29,2.0,21589.120000000003,10794.56,Low Activity
5062,Low,4.4144685644155003e-41,29,2.0,31709.9,15854.95,Low Activity
24,Low,4.3725196313921595e-41,29,1.0,10854.39,10854.39,Low Activity
1287,Low,4.3336920908022484e-41,29,3.0,32382.04,10794.013333333334,Regular
949,Low,4.3146497583113005e-41,29,2.0,19529.03,9764.515,Low Activity
476,Low,4.2982735909071125e-41,29,3.0,30494.2,10164.733333333334,Regular
1281,Low,4.2579137490739357e-41,29,2.0,18455.99,9227.995,Low Activity
1835,Low,4.2286624816015695e-41,29,2.0,17599.86,8799.93,Low Activity
6765,Low,4.188226913961993e-41,29,4.0,42374.83,10593.7075,Regular
3714,Low,4.179068193092555e-41,29,3.0,29149.66,9716.553333333331,Regular
1158,Low,4.162131539438678e-41,29,3.0,38323.21000000001,12774.403333333335,Regular
5281,Low,4.122910853692339e-41,29,3.0,37214.1,12404.7,Regular
5995,Low,4.0882224384748703e-41,29,2.0,15646.92,7823.46,Low Activity
1475,Low,4.0530645689231804e-41,29,2.0,21761.34,10880.67,Low Activity
825,Low,3.972904342231785e-41,29,4.0,36230.06,9057.515,Regular
7483,Low,3.9683099343287956e-41,29,3.0,22443.06,7481.019999999999,Regular
7751,Low,3.96611480595602e-41,29,5.0,37388.31,7477.661999999999,Regular
1845,Low,3.9380300447640596e-41,29,1.0,7265.43,7265.43,Low Activity
5353,Low,3.9142134210500406e-41,29,3.0,21077.37,7025.79,Regular
7566,Low,3.888077299387103e-41,29,2.0,12490.4,6245.2,Low Activity
3533,Low,3.820783246797098e-41,29,1.0,10143.49,10143.49,Low Activity
3837,Low,3.672955408731704e-41,29,5.0,55193.73,11038.746,High Value
7955,Low,3.5741123495176643e-41,29,2.0,20098.18,10049.09,Low Activity
6660,Low,3.563213602421496e-41,29,2.0,13458.18,6729.09,Low Activity
7635,Low,3.535682729026571e-41,29,2.0,19328.52,9664.26,Low Activity
3907,Low,3.453407552972247e-41,29,3.0,18770.28,6256.760000000001,Regular
6115,Low,3.405645899420013e-41,29,1.0,3649.45,3649.45,Low Activity
3155,Low,3.3125132226646616e-41,29,3.0,33721.42,11240.473333333332,Regular
1051,Low,3.0634426201373464e-41,29,1.0,6311.73,6311.73,Low Activity
4002,Low,2.70304142284959e-42,28,2.0,37165.77,18582.885,Low Activity
5252,Low,2.6598364482440593e-42,28,2.0,33379.07,16689.535,Low Activity
6782,Low,2.620118944175657e-42,28,3.0,38482.16,12827.386666666667,Regular
2104,Low,2.5807574826081334e-42,28,2.0,21026.97,10513.485,Low Activity
783,Low,2.5619075056905076e-42,28,3.0,48676.39,16225.463333333331,High Value
559,Low,2.5440755399846284e-42,28,6.0,79351.40000000001,13225.233333333335,High Value
311,Low,2.540825767458612e-42,28,4.0,50233.87,12558.4675,High Value
2730,Low,2.5255341272124427e-42,28,4.0,66972.73000000001,16743.182500000003,High Value
5661,Low,2.5020553263046318e-42,28,3.0,46341.78,15447.26,High Value
212,Low,2.4854154865862775e-42,28,2.0,26813.11,13406.555,Low Activity
1524,Low,2.4506582250509237e-42,28,2.0,26220.53,13110.265,Low Activity
7288,Low,2.3802599015435227e-42,28,2.0,23447.92,11723.96,Low Activity
1672,Low,2.343388556844396e-42,28,3.0,35720.75,11906.916666666666,Regular
1766,Low,2.3287642577360565e-42,28,2.0,21675.33,10837.665,Low Activity
4098,Low,2.324124299677036e-42,28,2.0,21710.4,10855.2,Low Activity
2626,Low,2.317708172126006e-42,28,7.0,81541.20999999999,11648.744285714283,High Value
5334,Low,2.2946408361899574e-42,28,2.0,20774.55,10387.275,Low Activity
4799,Low,2.2385011940090394e-42,28,1.0,10194.19,10194.19,Low Activity
7833,Low,2.209182320377048e-42,28,3.0,29158.230000000003,9719.410000000002,Regular
1112,Low,2.1982821437545145e-42,28,5.0,47860.7,9572.14,High Value
980,Low,2.1799366567657984e-42,28,3.0,27229.19,9076.396666666667,Regular
4617,Low,2.1766225371674206e-42,28,1.0,9065.39,9065.39,Low Activity
2975,Low,2.1365978280964447e-42,28,3.0,27234.29,9078.096666666666,Regular
2291,Low,2.1350032919082372e-42,28,4.0,40582.880000000005,10145.72,Regular
177,Low,2.1276475319248952e-42,28,4.0,40474.56,10118.64,Regular
3713,Low,2.117543254228315e-42,28,3.0,23815.21,7938.403333333333,Regular
5696,Low,2.106440908692156e-42,28,1.0,8012.06,8012.06,Low Activity
2278,Low,2.104849722841528e-42,28,4.0,36447.04,9111.76,Regular
4704,Low,2.101645188035483e-42,28,3.0,23628.74,7876.246666666666,Regular
1778,Low,2.0985884643976888e-42,28,1.0,12002.14,12002.14,Low Activity
470,Low,2.0913595412172286e-42,28,2.0,14405.78,7202.889999999999,Low Activity
5295,Low,2.068232635415989e-42,28,2.0,13779.16,6889.58,Low Activity
68,Low,2.0643690212506078e-42,28,3.0,23631.77,7877.256666666665,Regular
219,Low,2.052421771322692e-42,28,3.0,21245.3,7081.766666666666,Regular
4449,Low,2.0485290777902486e-42,28,5.0,50044.03,10008.806,High Value
6801,Low,2.024567553780076e-42,28,5.0,46835.49,9367.098,High Value
1345,Low,2.0124568733651795e-42,28,1.0,10528.37,10528.37,Low Activity
3655,Low,1.999752196362622e-42,28,3.0,28280.72,9426.906666666666,Regular
6888,Low,1.9942771314292056e-42,28,4.0,30001.15,7500.287499999999,Regular
1665,Low,1.9723114029514765e-42,28,1.0,6002.16,6002.16,Low Activity
2208,Low,1.9559477514484032e-42,28,2.0,10793.04,5396.52,Low Activity
2564,Low,1.7765168898331744e-42,28,1.0,6462.91,6462.91,Low Activity
6520,Low,1.4982697326534177e-43,27,2.0,43663.23,21831.615,Low Activity
426,Low,1.3950203759118913e-43,27,2.0,36019.08,18009.54,Low Activity
4454,Low,1.3572917621372061e-43,27,1.0,18896.79,18896.79,Low Activity
1836,Low,1.3081302464866949e-43,27,5.0,71321.95999999999,14264.391999999998,High Value
7648,Low,1.2816809146710777e-43,27,4.0,49113.13,12278.2825,High Value
1079,Low,1.2673977177898393e-43,27,3.0,40141.7,13380.566666666666,Regular
7862,Low,1.2666214249541852e-43,27,4.0,60206.34,15051.585,High Value
4777,Low,1.2569446738812006e-43,27,3.0,40885.89,13628.63,Regular
2980,Low,1.2486102409010739e-43,27,4.0,40010.7,10002.675,Regular
7619,Low,1.234005145151388e-43,27,1.0,17427.24,17427.24,Low Activity
6304,Low,1.2333203955074901e-43,27,3.0,36786.58,12262.193333333336,Regular
4518,Low,1.2308285541832729e-43,27,5.0,59279.36,11855.872,High Value
1423,Low,1.2229324873425855e-43,27,3.0,37525.55,12508.516666666668,Regular
5123,Low,1.2069159900788413e-43,27,3.0,33922.32,11307.44,Regular
5810,Low,1.2061388126584632e-43,27,1.0,11499.24,11499.24,Low Activity
5163,Low,1.2037049219379596e-43,27,5.0,55675.83,11135.166,High Value
5372,Low,1.188481205650515e-43,27,1.0,15731.35,15731.35,Low Activity
7045,Low,1.1808711940387306e-43,27,3.0,43827.74,14609.246666666666,Regular
6663,Low,1.1732130162638211e-43,27,2.0,19288.49,9644.245,Low Activity
191,Low,1.1706432224171614e-43,27,1.0,10172.46,10172.46,Low Activity
2887,Low,1.1694897675169862e-43,27,4.0,49116.36,12279.09,High Value
3416,Low,1.1672562446692884e-43,27,3.0,30194.59,10064.863333333333,Regular
6473,Low,1.1623143201670676e-43,27,1.0,24850.9,24850.9,Low Activity
290,Low,1.1534078019391418e-43,27,4.0,46240.84,11560.21,High Value
7998,Low,1.1519752960686403e-43,27,3.0,29068.93,9689.643333333332,Regular
5018,Low,1.148772693934047e-43,27,2.0,25503.730000000003,12751.865000000002,Low Activity
3703,Low,1.1463263074191556e-43,27,2.0,17334.47,8667.235,Low Activity
7060,Low,1.1461635181848687e-43,27,3.0,43122.33,14374.11,Regular
4015,Low,1.133366847724108e-43,27,3.0,28904.050000000003,9634.683333333334,Regular
6290,Low,1.1306774100335881e-43,27,4.0,27264.55,6816.1375,Regular
4923,Low,1.1077444916393083e-43,27,3.0,26044.95,8681.65,Regular
845,Low,1.1071392363008878e-43,27,8.0,87649.38,10956.1725,High Value
5425,Low,1.0875868276810856e-43,27,5.0,52071.09,10414.218,High Value
2313,Low,1.0873659760649702e-43,27,3.0,33334.13,11111.376666666663,Regular
5648,Low,1.0828941060057707e-43,27,5.0,35656.96,7131.392,Regular
5681,Low,1.0743441190633601e-43,27,6.0,75208.04000000001,12534.673333333334,High Value
3901,Low,1.0530806629889983e-43,27,2.0,18684.58,9342.29,Low Activity
1527,Low,1.0457586768074007e-43,27,1.0,10285.19,10285.19,Low Activity
4546,Low,1.0404454229150362e-43,27,6.0,67307.92,11217.986666666666,High Value
2542,Low,1.0173380700557002e-43,27,5.0,42002.600000000006,8400.52,Regular
3455,Low,1.0109478918247204e-43,27,2.0,15912.21,7956.105,Low Activity
7507,Low,9.902686539831292e-44,27,3.0,14418.259999999998,4806.086666666666,Regular
381,Low,9.895912072542622e-44,27,5.0,53243.7,10648.740000000002,High Value
4326,Low,9.704046490725103e-44,27,1.0,4659.82,4659.82,Low Activity
6468,Low,9.35005718268619e-44,27,7.0,69392.89,9913.27,High Value
2046,Low,9.15241846279379e-44,27,1.0,6069.86,6069.86,Low Activity
4170,Low,8.388074856725397e-44,27,1.0,6389.93,6389.93,Low Activity
6202,Low,7.220038585604612e-45,26,5.0,87937.19,17587.438000000002,High Value
190,Low,6.982674738398814e-45,26,2.0,30082.370000000003,15041.185,Low Activity
7303,Low,6.968476640372981e-45,26,4.0,52075.31,13018.8275,High Value
765,Low,6.821726271209028e-45,26,3.0,44529.31,14843.103333333333,Regular
3685,Low,6.811232208906085e-45,26,3.0,31791.48,10597.16,Regular
4384,Low,6.781823614639774e-45,26,3.0,43329.92,14443.306666666664,Regular
7568,Low,6.7803781328463e-45,26,4.0,66782.06999999999,16695.517499999998,High Value
6708,Low,6.651367361788505e-45,26,3.0,29732.550000000003,9910.85,Regular
568,Low,6.574513358747161e-45,26,3.0,39644.96,13214.986666666666,Regular
6447,Low,6.501406255343127e-45,26,1.0,12847.81,12847.81,Low Activity
3351,Low,6.400669091358476e-45,26,1.0,13987.45,13987.45,Low Activity
53,Low,6.22564441049895e-45,26,5.0,52255.17,10451.034,High Value
3270,Low,6.126915120393832e-45,26,1.0,22267.85,22267.85,Low Activity
2718,Low,6.042740816525248e-45,26,4.0,46338.68,11584.67,High Value
6155,Low,6.024038317101015e-45,26,4.0,29467.95,7366.9875,Regular
6703,Low,5.86025167223059e-45,26,4.0,41189.6,10297.4,Regular
4020,Low,5.672409924098305e-45,26,3.0,32946.4,10982.133333333331,Regular
532,Low,5.625767514453138e-45,26,2.0,20565.02,10282.51,Low Activity
2555,Low,5.602241261810604e-45,26,4.0,35443.08,8860.77,Regular
1820,Low,5.599606414390432e-45,26,4.0,49753.52,12438.38,High Value
7798,Low,5.594123852023275e-45,26,1.0,7328.19,7328.19,Low Activity
6838,Low,5.5912576155817845e-45,26,6.0,73707.08,12284.513333333334,High Value
1321,Low,5.5795537171520067e-45,26,3.0,31495.46,10498.486666666666,Regular
7866,Low,5.571573725831349e-45,26,3.0,32883.600000000006,10961.200000000004,Regular
5113,Low,5.514004208308845e-45,26,1.0,6892.26,6892.26,Low Activity
5049,Low,5.502691042959318e-45,26,1.0,10688.53,10688.53,Low Activity
3795,Low,5.3943503741996973e-45,26,3.0,29211.590000000004,9737.196666666669,Regular
6442,Low,5.3534378431816035e-45,26,5.0,60841.490000000005,12168.298,High Value
2015,Low,5.2899705423702745e-45,26,2.0,16113.73,8056.865,Low Activity
3688,Low,5.253150914414574e-45,26,3.0,25014.300000000003,8338.1,Regular
1498,Low,4.882408532399245e-45,26,3.0,27298.11,9099.37,Regular
2016,Low,4.175998196619517e-45,26,1.0,3127.61,3127.61,Low Activity
6459,Low,4.235442469855342e-46,25,2.0,44733.8,22366.9,Low Activity
5982,Low,3.6589610887122725e-46,25,3.0,34216.25,11405.416666666666,Regular
3028,Low,3.635345672114071e-46,25,4.0,51216.06,12804.015,High Value
596,Low,3.634684330566056e-46,25,3.0,47257.25,15752.416666666666,High Value
3614,Low,3.62026694517845e-46,25,3.0,36464.17,12154.723333333332,Regular
6926,Low,3.611009486098105e-46,25,4.0,49533.43,12383.3575,High Value
843,Low,3.5463072752510595e-46,25,1.0,14803.66,14803.66,Low Activity
6390,Low,3.528459224050128e-46,25,5.0,73468.55,14693.71,High Value
3357,Low,3.527149682305946e-46,25,1.0,14435.23,14435.23,Low Activity
2847,Low,3.5269478790423374e-46,25,2.0,36714.48,18357.24,Low Activity
4453,Low,3.524663685887421e-46,25,2.0,36399.04,18199.52,Low Activity
2948,Low,3.506000611481676e-46,25,2.0,26854.56,13427.28,Low Activity
3466,Low,3.4629695356461162e-46,25,5.0,66343.81999999999,13268.764,High Value
6131,Low,3.3632063007952096e-46,25,3.0,37308.16,12436.053333333335,Regular
1744,Low,3.3336798394893643e-46,25,3.0,36018.18,12006.06,Regular
6431,Low,3.2985282871617082e-46,25,3.0,34909.07,11636.356666666668,Regular
4754,Low,3.273157022227497e-46,25,4.0,52857.27,13214.3175,High Value
7247,Low,3.239167729838571e-46,25,4.0,50770.16,12692.54,High Value
6910,Low,3.2324893105348267e-46,25,4.0,49071.14,12267.785,High Value
2192,Low,3.2322026472277377e-46,25,3.0,32177.35,10725.783333333333,Regular
6043,Low,3.2256991039632365e-46,25,3.0,33768.63,11256.21,Regular
3800,Low,3.176917543812528e-46,25,2.0,18997.94,9498.97,Low Activity
7415,Low,3.166436113930941e-46,25,4.0,45371.97,11342.9925,Regular
4184,Low,3.1545614109424984e-46,25,3.0,41303.52,13767.839999999998,Regular
3624,Low,3.129458635094916e-46,25,3.0,42096.29,14032.096666666666,Regular
6406,Low,3.116474422097208e-46,25,3.0,28498.55,9499.516666666666,Regular
6235,Low,3.116089181744658e-46,25,3.0,41879.83,13959.943333333336,Regular
2233,Low,3.1102155568008702e-46,25,2.0,17519.14,8759.57,Low Activity
526,Low,3.1087638067363608e-46,25,4.0,44789.49,11197.3725,Regular
359,Low,3.0904928145355202e-46,25,1.0,9132.29,9132.29,Low Activity
6631,Low,3.0691464330877722e-46,25,2.0,16530.65,8265.325,Low Activity
1925,Low,3.0492136544788618e-46,25,5.0,63142.04,12628.408,High Value
1671,Low,3.0448167925814694e-46,25,5.0,40819.52,8163.903999999999,Regular
4985,Low,3.039781682345609e-46,25,5.0,40411.02,8082.204,Regular
1871,Low,3.0160703202675208e-46,25,1.0,17253.68,17253.68,Low Activity
1044,Low,3.01394630540258e-46,25,2.0,16741.35,8370.675,Low Activity
7351,Low,3.0114548759649982e-46,25,2.0,24450.85,12225.425,Low Activity
5201,Low,2.9999239400216883e-46,25,4.0,37577.48,9394.37,Regular
5405,Low,2.9940944512592406e-46,25,5.0,56959.97,11391.994,High Value
1763,Low,2.9902544759757396e-46,25,5.0,38267.66,7653.532000000001,Regular
4293,Low,2.9750327313306917e-46,25,2.0,14714.09,7357.045,Low Activity
1011,Low,2.970533363435744e-46,25,3.0,24242.050000000003,8080.683333333334,Regular
1072,Low,2.9647483078823913e-46,25,2.0,14354.31,7177.155,Low Activity
1239,Low,2.949338577005207e-46,25,3.0,22743.74,7581.246666666667,Regular
3813,Low,2.896239390473682e-46,25,3.0,21082.62,7027.54,Regular
6699,Low,2.895513620065577e-46,25,3.0,20444.7,6814.900000000001,Regular
1619,Low,2.8920724614014207e-46,25,2.0,14219.16,7109.58,Low Activity
1029,Low,2.8661956851207062e-46,25,4.0,47052.47,11763.1175,High Value
7174,Low,2.863216167468268e-46,25,2.0,13529.3,6764.65,Low Activity
1596,Low,2.852374492377874e-46,25,3.0,19731.79,6577.263333333333,Regular
1262,Low,2.8450289204478554e-46,25,4.0,31976.3,7994.075,Regular
7781,Low,2.831452845885429e-46,25,3.0,31533.800000000003,10511.266666666668,Regular
6047,Low,2.8262909405803646e-46,25,2.0,17929.32,8964.66,Low Activity
6136,Low,2.7980822571528037e-46,25,2.0,16998.53,8499.265,Low Activity
3755,Low,2.7452110535056105e-46,25,1.0,5599.34,5599.34,Low Activity
2282,Low,2.7332521562770382e-46,25,2.0,9990.62,4995.31,Low Activity
467,Low,2.7248699563903956e-46,25,2.0,9414.12,4707.06,Low Activity
199,Low,2.5686260800588975e-46,25,1.0,6999.87,6999.87,Low Activity
4504,Low,2.3266628671675814e-46,25,2.0,7413.12,3706.56,Low Activity
3042,Low,2.470492991087561e-47,24,5.0,91872.93,18374.586000000003,High Value
2970,Low,2.0826040666006983e-47,24,2.0,28116.01,14058.005,Low Activity
5285,Low,2.0237016972401965e-47,24,2.0,36108.33,18054.165,Low Activity
3457,Low,2.001814747810955e-47,24,2.0,24724.67,12362.335,Low Activity
165,Low,1.972331363806939e-47,24,2.0,33453.84,16726.92,Low Activity
1174,Low,1.9210623260516702e-47,24,2.0,32983.14,16491.57,Low Activity
2595,Low,1.8722576298025039e-47,24,4.0,68593.52,17148.38,High Value
337,Low,1.8579280912448175e-47,24,4.0,47452.85,11863.2125,High Value
5695,Low,1.8536012827591653e-47,24,6.0,74768.11,12461.351666666667,High Value
4894,Low,1.8517478918133836e-47,24,3.0,45924.76,15308.253333333334,Regular
2812,Low,1.836360525334311e-47,24,2.0,27008.06,13504.03,Low Activity
21,Low,1.7834840961271466e-47,24,2.0,24555.56,12277.78,Low Activity
1241,Low,1.7817763226980085e-47,24,2.0,24388.82,12194.41,Low Activity
7605,Low,1.7753354007254082e-47,24,2.0,24331.63,12165.815,Low Activity
7548,Low,1.7656851757369632e-47,24,2.0,32233.2,16116.6,Low Activity
7236,Low,1.761995710045183e-47,24,5.0,84207.23999999999,16841.447999999997,High Value
1099,Low,1.7590838312834798e-47,24,2.0,23475.85,11737.925,Low Activity
4502,Low,1.7565519994118894e-47,24,3.0,37163.74,12387.913333333332,Regular
1571,Low,1.7462359488868034e-47,24,1.0,12302.22,12302.22,Low Activity
5103,Low,1.717063700284054e-47,24,4.0,52151.75,13037.9375,High Value
1810,Low,1.7084386107486726e-47,24,1.0,11413.45,11413.45,Low Activity
1006,Low,1.7039655552577426e-47,24,6.0,78110.23,13018.371666666666,High Value
5412,Low,1.6771085171731062e-47,24,1.0,10520.49,10520.49,Low Activity
1555,Low,1.669268679525097e-47,24,2.0,27505.74,13752.87,Low Activity
3757,Low,1.6625310406561716e-47,24,4.0,46910.97,11727.7425,High Value
618,Low,1.6537066602909771e-47,24,3.0,29972.68,9990.893333333332,Regular
4389,Low,1.6506857612955415e-47,24,7.0,75557.15,10793.878571428571,High Value
3374,Low,1.64318185500846e-47,24,4.0,44355.46,11088.865,Regular
4229,Low,1.6428804076498322e-47,24,4.0,33791.31,8447.8275,Regular
6302,Low,1.6406257649677786e-47,24,4.0,44797.6,11199.4,Regular
3064,Low,1.6372968828479288e-47,24,6.0,67443.27,11240.545,High Value
4899,Low,1.635141853538238e-47,24,3.0,28409.61,9469.87,Regular
766,Low,1.6299690934851351e-47,24,2.0,34072.380000000005,17036.190000000002,Low Activity
5497,Low,1.6171572303266088e-47,24,4.0,44366.35,11091.5875,Regular
7532,Low,1.6072452853851863e-47,24,4.0,29050.63,7262.6575,Regular
3088,Low,1.586001214575518e-47,24,2.0,15465.82,7732.91,Low Activity
1762,Low,1.582646060521281e-47,24,1.0,12959.36,12959.36,Low Activity
6496,Low,1.5755558189420085e-47,24,4.0,38106.990000000005,9526.7475,Regular
1398,Low,1.573766275055832e-47,24,5.0,58714.29,11742.858,High Value
3906,Low,1.563957426245659e-47,24,1.0,14244.27,14244.27,Low Activity
4338,Low,1.5147763379984902e-47,24,3.0,20928.89,6976.296666666666,Regular
2418,Low,1.5137887528010048e-47,24,4.0,32488.94,8122.235000000001,Regular
5074,Low,1.5127436102089144e-47,24,1.0,10990.09,10990.09,Low Activity
5830,Low,1.5114844094197085e-47,24,2.0,13016.29,6508.145,Low Activity
4378,Low,1.4784367894226451e-47,24,2.0,11722.21,5861.105,Low Activity
4445,Low,1.4654111104280487e-47,24,4.0,30116.050000000003,7529.012500000001,Regular
6013,Low,1.4616930980838025e-47,24,1.0,6069.26,6069.26,Low Activity
2817,Low,1.4608298156463907e-47,24,1.0,7287.18,7287.18,Low Activity
4223,Low,1.448743205981237e-47,24,7.0,63468.36,9066.908571428572,High Value
1735,Low,1.4446461983327144e-47,24,2.0,10568.18,5284.09,Low Activity
3145,Low,1.444189879183441e-47,24,2.0,10486.37,5243.185,Low Activity
4053,Low,1.4038775725261567e-47,24,4.0,50663.63,12665.9075,High Value
397,Low,1.4020201784629918e-47,24,1.0,13821.24,13821.24,Low Activity
2276,Low,1.3985715012043062e-47,24,3.0,15955.82,5318.606666666667,Regular
3440,Low,1.38895795004499e-47,24,1.0,7917.21,7917.21,Low Activity
7756,Low,1.2113089710769834e-47,24,1.0,4383.43,4383.43,Low Activity
2479,Low,1.1166427415703235e-48,23,1.0,21878.94,21878.94,Low Activity
2558,Low,1.0861229301670978e-48,23,3.0,45334.28,15111.426666666666,Regular
1261,Low,1.053838312270376e-48,23,4.0,64626.83,16156.7075,High Value
5526,Low,1.0219742248248811e-48,23,3.0,52179.3,17393.100000000002,High Value
1664,Low,1.0088110070295485e-48,23,1.0,22731.75,22731.75,Low Activity
7511,Low,1.0028791813685299e-48,23,4.0,53840.78,13460.195,High Value
5751,Low,9.425697635369934e-49,23,3.0,39869.33,13289.776666666668,Regular
7454,Low,9.269851360237023e-49,23,1.0,12918.71,12918.71,Low Activity
5603,Low,9.011213690740126e-49,23,1.0,13691.0,13691.0,Low Activity
1996,Low,8.910907115947872e-49,23,2.0,24530.6,12265.3,Low Activity
5955,Low,8.868146177877773e-49,23,2.0,20949.47,10474.735,Low Activity
6368,Low,8.842916066803548e-49,23,4.0,51717.27,12929.3175,High Value
3984,Low,8.754168675111024e-49,23,1.0,15244.33,15244.33,Low Activity
1180,Low,8.728172652390727e-49,23,3.0,43592.94,14530.98,Regular
4916,Low,8.64990303662552e-49,23,3.0,29545.71,9848.57,Regular
2349,Low,8.63865851713518e-49,23,2.0,26847.69,13423.845,Low Activity
4402,Low,8.442965421014357e-49,23,1.0,13943.07,13943.07,Low Activity
7257,Low,8.426931563059422e-49,23,2.0,24690.34,12345.17,Low Activity
3306,Low,8.423866265798238e-49,23,5.0,64056.45,12811.29,High Value
2533,Low,8.368601811722699e-49,23,2.0,23952.72,11976.36,Low Activity
1363,Low,8.320068980794988e-49,23,1.0,8808.53,8808.53,Low Activity
6186,Low,8.210841327785225e-49,23,6.0,88937.82,14822.97,High Value
1821,Low,8.148203810262856e-49,23,4.0,37050.07,9262.5175,Regular
4932,Low,8.098196002599024e-49,23,3.0,23278.15,7759.383333333332,Regular
3470,Low,7.933812150798838e-49,23,3.0,21841.72,7280.573333333334,Regular
7555,Low,7.913644039213736e-49,23,1.0,7222.87,7222.87,Low Activity
5572,Low,7.89259134686821e-49,23,5.0,68515.99,13703.198,High Value
5676,Low,7.875672775597668e-49,23,1.0,7076.98,7076.98,Low Activity
3946,Low,7.800908995179415e-49,23,3.0,29778.67,9926.223333333332,Regular
5319,Low,7.771744266452783e-49,23,2.0,18455.19,9227.595,Low Activity
2844,Low,7.60776516476537e-49,23,2.0,17252.54,8626.27,Low Activity
5499,Low,7.592221517694898e-49,23,5.0,42657.5,8531.5,Regular
6137,Low,7.533572202219555e-49,23,4.0,28289.64,7072.41,Regular
1733,Low,7.518711613341638e-49,23,2.0,23243.13,11621.565,Low Activity
5581,Low,7.22473480186568e-49,23,7.0,75394.56999999999,10770.652857142855,High Value
2434,Low,6.991746847962241e-49,23,7.0,70687.16,10098.165714285717,High Value
6255,Low,6.973251849785331e-49,23,4.0,41826.74,10456.685,Regular
7815,Low,6.818714580756818e-49,23,2.0,11830.419999999998,5915.209999999999,Low Activity
4592,Low,6.6012193749208474e-49,23,2.0,14095.09,7047.545,Low Activity
2424,Low,6.091656474469088e-50,22,2.0,45844.69,22922.345,Low Activity
4934,Low,5.75148674708162e-50,22,1.0,21353.56,21353.56,Low Activity
3930,Low,5.616424493391533e-50,22,2.0,27326.91,13663.455,Low Activity
6931,Low,5.483335886052182e-50,22,2.0,35751.33,17875.665,Low Activity
7081,Low,5.139197517572497e-50,22,4.0,34647.19,8661.7975,Regular
7608,Low,5.061866295817182e-50,22,1.0,14928.53,14928.53,Low Activity
7828,Low,5.024540766819713e-50,22,3.0,43411.89,14470.63,Regular
3544,Low,4.871617663573124e-50,22,5.0,62564.94,12512.988,High Value
7132,Low,4.866398283415966e-50,22,4.0,42289.06,10572.265,Regular
6775,Low,4.813553617932386e-50,22,4.0,59457.45,14864.3625,High Value
3682,Low,4.80291548154453e-50,22,3.0,38874.26,12958.086666666668,Regular
6873,Low,4.757871598859927e-50,22,1.0,12354.95,12354.95,Low Activity
6114,Low,4.750026600163688e-50,22,3.0,35865.54,11955.18,Regular
1401,Low,4.723182142285376e-50,22,3.0,50745.76,16915.253333333334,High Value
3111,Low,4.71457123103114e-50,22,3.0,35278.03,11759.343333333332,Regular
6246,Low,4.689556454902085e-50,22,1.0,11585.13,11585.13,Low Activity
2840,Low,4.6570467517556505e-50,22,3.0,34096.16,11365.386666666664,Regular
4369,Low,4.588453109466773e-50,22,1.0,10897.94,10897.94,Low Activity
4625,Low,4.548339194849126e-50,22,4.0,47544.3,11886.075,High Value
3119,Low,4.505311408594486e-50,22,1.0,10199.86,10199.86,Low Activity
2421,Low,4.490114721461005e-50,22,2.0,20429.7,10214.85,Low Activity
5102,Low,4.4252308250632315e-50,22,6.0,67887.8,11314.633333333331,High Value
3065,Low,4.417995320181961e-50,22,2.0,17615.05,8807.525,Low Activity
4994,Low,4.410141968446923e-50,22,3.0,27903.77,9301.256666666666,Regular
3331,Low,4.352393757509218e-50,22,2.0,24019.46,12009.73,Low Activity
5350,Low,4.350859116834353e-50,22,5.0,43309.33,8661.866,Regular
4562,Low,4.347574490669447e-50,22,3.0,28141.74,9380.58,Regular
4824,Low,4.312073530340041e-50,22,1.0,8587.18,8587.18,Low Activity
2936,Low,4.2443139321858207e-50,22,3.0,25014.3,8338.1,Regular
2654,Low,4.2379124151268445e-50,22,2.0,14691.77,7345.885,Low Activity
3953,Low,3.866699451435995e-50,22,4.0,37041.84,9260.46,Regular
2051,Low,3.7992257679493205e-50,22,3.0,22866.77,7622.256666666667,Regular
7109,Low,3.7589401947794733e-50,22,1.0,7921.4,7921.4,Low Activity
1132,Low,3.736572553143386e-50,22,1.0,7757.35,7757.35,Low Activity
1110,Low,3.534685977811483e-50,22,1.0,3466.97,3466.97,Low Activity
5980,Low,3.53047598150068e-50,22,3.0,16072.52,5357.506666666667,Regular
3022,Low,3.2756564682916434e-50,22,1.0,4248.88,4248.88,Low Activity
3798,Low,3.095193044544204e-51,21,3.0,52464.81999999999,17488.27333333333,High Value
173,Low,2.875309605030809e-51,21,1.0,19156.74,19156.74,Low Activity
6452,Low,2.754251302852411e-51,21,2.0,32272.64,16136.32,Low Activity
7107,Low,2.721129583015945e-51,21,3.0,34953.98,11651.326666666666,Regular
2807,Low,2.7052789272672036e-51,21,5.0,77016.19,15403.238,High Value
6268,Low,2.6614993456632413e-51,21,7.0,86926.47,12418.067142857142,High Value
7072,Low,2.6245702174016896e-51,21,5.0,92284.19,18456.838,High Value
302,Low,2.624302887292999e-51,21,4.0,49293.27,12323.3175,High Value
6430,Low,2.4928577190167684e-51,21,3.0,26507.75,8835.916666666666,Regular
7227,Low,2.4797480300008035e-51,21,1.0,12318.32,12318.32,Low Activity
272,Low,2.4500635049042486e-51,21,2.0,21721.97,10860.985,Low Activity
7718,Low,2.4446766325602428e-51,21,1.0,11735.49,11735.49,Low Activity
694,Low,2.4437463883539883e-51,21,2.0,21563.68,10781.84,Low Activity
7228,Low,2.4430481988891995e-51,21,2.0,32495.83,16247.915,Low Activity
7863,Low,2.4302318155873645e-51,21,3.0,36099.31,12033.103333333333,Regular
7330,Low,2.3879263557826347e-51,21,1.0,10756.21,10756.21,Low Activity
6163,Low,2.3726336440556765e-51,21,1.0,10559.52,10559.52,Low Activity
2876,Low,2.3680030739539236e-51,21,3.0,32584.42,10861.473333333332,Regular
7032,Low,2.3324092152523512e-51,21,3.0,41233.55,13744.516666666668,Regular
341,Low,2.322405755066113e-51,21,2.0,17957.489999999998,8978.744999999999,Low Activity
3152,Low,2.3177843927912996e-51,21,7.0,69826.23,9975.175714285711,High Value
78,Low,2.3133811764536215e-51,21,2.0,25703.83,12851.915,Low Activity
317,Low,2.312130977699584e-51,21,4.0,43119.56,10779.89,Regular
7577,Low,2.3070546880819256e-51,21,2.0,17693.06,8846.53,Low Activity
3767,Low,2.3037224106434694e-51,21,1.0,9466.56,9466.56,Low Activity
2337,Low,2.2960113732312342e-51,21,4.0,29733.980000000003,7433.495000000001,Regular
235,Low,2.2644849143535727e-51,21,4.0,26340.81,6585.202499999999,Regular
846,Low,2.2239898677862854e-51,21,2.0,14774.33,7387.165,Low Activity
1033,Low,2.2051871343636653e-51,21,2.0,14712.59,7356.295,Low Activity
304,Low,2.185626570659566e-51,21,3.0,22780.16,7593.386666666666,Regular
5289,Low,2.1533715455002616e-51,21,4.0,34982.15,8745.5375,Regular
6536,Low,2.151913702238089e-51,21,1.0,7201.18,7201.18,Low Activity
909,Low,2.0855916807018833e-51,21,3.0,27969.48,9323.16,Regular
204,Low,2.0363213402430783e-51,21,1.0,9158.42,9158.42,Low Activity
3528,Low,2.035807721354997e-51,21,3.0,38026.55,12675.516666666668,Regular
4671,Low,1.9961748811485143e-51,21,1.0,8372.88,8372.88,Low Activity
352,Low,1.9811343106649994e-51,21,4.0,24428.11,6107.0275,Regular
1315,Low,1.9651075279424895e-51,21,2.0,20276.49,10138.245,Low Activity
1300,Low,1.9532908224370186e-51,21,1.0,11431.1,11431.1,Low Activity
2440,Low,1.9299130555271067e-51,21,1.0,4311.01,4311.01,Low Activity
918,Low,1.9080000275424433e-51,21,2.0,8140.33,4070.165,Low Activity
2593,Low,1.9029375218928592e-51,21,2.0,11874.99,5937.495,Low Activity
5979,Low,1.8798614633570167e-51,21,3.0,18101.0,6033.666666666667,Regular
2679,Low,1.7873497647776664e-51,21,1.0,6384.98,6384.98,Low Activity
6332,Low,1.5812399594211444e-52,20,2.0,41675.39,20837.695,Low Activity
6885,Low,1.5128498070137716e-52,20,4.0,50190.26,12547.565,High Value
5507,Low,1.4138024377816472e-52,20,4.0,54353.81,13588.4525,High Value
7301,Low,1.4028298407367633e-52,20,3.0,33889.35,11296.45,Regular
2040,Low,1.3987805939485573e-52,20,4.0,36119.72,9029.93,Regular
3479,Low,1.3748796913796997e-52,20,5.0,70985.96,14197.192,High Value
4274,Low,1.369999728141395e-52,20,1.0,20417.6,20417.6,Low Activity
7766,Low,1.3673564752731958e-52,20,2.0,27748.03,13874.015,Low Activity
4539,Low,1.3581429873349795e-52,20,4.0,45996.2,11499.05,High Value
592,Low,1.3507284414327822e-52,20,2.0,26514.47,13257.235,Low Activity
3691,Low,1.3497042611523493e-52,20,2.0,26571.03,13285.515,Low Activity
6453,Low,1.3291894164157367e-52,20,2.0,24998.29,12499.145,Low Activity
7087,Low,1.3214727195265002e-52,20,3.0,39212.62,13070.873333333331,Regular
741,Low,1.321055028793991e-52,20,1.0,13086.5,13086.5,Low Activity
1853,Low,1.29545674506275e-52,20,2.0,22636.26,11318.13,Low Activity
1041,Low,1.2924041941728222e-52,20,3.0,38679.240000000005,12893.080000000002,Regular
7105,Low,1.252838209901827e-52,20,3.0,33992.47,11330.823333333334,Regular
1909,Low,1.2506627177931066e-52,20,3.0,31627.99,10542.663333333334,Regular
3039,Low,1.2408405833802375e-52,20,1.0,10657.12,10657.12,Low Activity
7897,Low,1.2275640615647875e-52,20,4.0,32300.52,8075.129999999999,Regular
69,Low,1.2162198149712708e-52,20,4.0,46289.72,11572.43,High Value
5887,Low,1.1988903092091847e-52,20,2.0,16896.83,8448.415,Low Activity
4176,Low,1.198475397552324e-52,20,3.0,27710.21,9236.736666666666,Regular
4816,Low,1.1856705219289582e-52,20,3.0,28349.64,9449.88,Regular
3310,Low,1.167984625219887e-52,20,5.0,39504.89,7900.978,Regular
5451,Low,1.144846283467871e-52,20,3.0,33474.02,11158.006666666666,Regular
2682,Low,1.139622643919965e-52,20,2.0,20742.75,10371.375,Low Activity
2998,Low,1.134425088126717e-52,20,2.0,15074.89,7537.445,Low Activity
2124,Low,1.131281612666981e-52,20,3.0,32221.84,10740.613333333333,Regular
2252,Low,1.1291663967331224e-52,20,4.0,36928.82,9232.205,Regular
1303,Low,1.110082313774054e-52,20,4.0,32945.770000000004,8236.442500000001,Regular
6714,Low,1.1068737707487973e-52,20,2.0,18646.24,9323.12,Low Activity
5700,Low,1.0924298861975973e-52,20,3.0,29860.63,9953.543333333331,Regular
1669,Low,1.0855728687671181e-52,20,1.0,6190.58,6190.58,Low Activity
4212,Low,1.0603522526363694e-52,20,1.0,5598.24,5598.24,Low Activity
3411,Low,1.0518751771365385e-52,20,3.0,25818.62,8606.206666666667,Regular
600,Low,1.051504457726802e-52,20,4.0,52130.68,13032.67,High Value
2639,Low,1.0508304902034749e-52,20,5.0,54814.17,10962.834,High Value
5097,Low,1.0348675492900979e-52,20,1.0,4995.43,4995.43,Low Activity
864,Low,9.45295774076438e-53,20,2.0,9288.08,4644.04,Low Activity
5718,Low,9.130395135358669e-53,20,4.0,20211.63,5052.9075,Regular
907,Low,7.955553238659611e-54,19,3.0,44329.35,14776.45,Regular
5557,Low,7.7194947640782e-54,19,2.0,35015.03,17507.515,Low Activity
94,Low,7.464600953097658e-54,19,5.0,59321.28,11864.256,High Value
2213,Low,7.390805300993235e-54,19,2.0,30789.33,15394.665,Low Activity
6528,Low,7.336520812115064e-54,19,1.0,16018.03,16018.03,Low Activity
629,Low,7.152128627552836e-54,19,1.0,14645.31,14645.31,Low Activity
7038,Low,7.123934669733356e-54,19,4.0,48492.75,12123.1875,High Value
6353,Low,7.016489017695051e-54,19,3.0,41857.15,13952.383333333331,Regular
1502,Low,6.950964224391626e-54,19,4.0,44470.65,11117.6625,Regular
6253,Low,6.948163873388979e-54,19,2.0,25263.44,12631.72,Low Activity
6456,Low,6.92938114892408e-54,19,4.0,44296.8,11074.2,Regular
5257,Low,6.921598010148417e-54,19,5.0,66649.23000000001,13329.846,High Value
3384,Low,6.768384270804765e-54,19,5.0,60470.12,12094.024,High Value
7951,Low,6.691255745204721e-54,19,2.0,22311.11,11155.555,Low Activity
3439,Low,6.629780687820072e-54,19,5.0,39080.73,7816.146000000001,Regular
6897,Low,6.603753246579641e-54,19,1.0,13282.51,13282.51,Low Activity
3016,Low,6.59605771390006e-54,19,2.0,21309.94,10654.97,Low Activity
3615,Low,6.58143854304203e-54,19,3.0,35153.56,11717.853333333333,Regular
3829,Low,6.575191485185359e-54,19,3.0,34704.03,11568.01,Regular
2897,Low,6.54026125458723e-54,19,3.0,33173.47,11057.823333333334,Regular
1310,Low,6.515843572841176e-54,19,1.0,10913.03,10913.03,Low Activity
3846,Low,6.30180789196726e-54,19,2.0,17579.15,8789.575,Low Activity
3679,Low,6.295896200737093e-54,19,2.0,25364.05,12682.025,Low Activity
531,Low,6.271247334016086e-54,19,2.0,25079.24,12539.62,Low Activity
6813,Low,6.261908879475689e-54,19,3.0,27068.49,9022.83,Regular
1675,Low,6.252397269182816e-54,19,1.0,9372.41,9372.41,Low Activity
4987,Low,6.025846619214715e-54,19,4.0,24122.37,6030.5925,Regular
6221,Low,5.991489553618345e-54,19,5.0,54825.93,10965.186,High Value
6505,Low,5.967227371816553e-54,19,3.0,33025.9,11008.633333333331,Regular
6338,Low,5.888434044897002e-54,19,3.0,23354.66,7784.886666666666,Regular
4544,Low,5.882883786054965e-54,19,4.0,33036.33,8259.0825,Regular
5789,Low,5.832807900428769e-54,19,2.0,21355.96,10677.98,Low Activity
1981,Low,5.780293607507844e-54,19,4.0,31183.200000000004,7795.800000000001,Regular
7820,Low,5.725131336788691e-54,19,5.0,46060.17,9212.034,High Value
7191,Low,5.714357790689466e-54,19,4.0,42984.11,10746.0275,Regular
6612,Low,5.671483939050099e-54,19,2.0,24455.83,12227.915,Low Activity
6260,Low,5.666732286126086e-54,19,2.0,11376.66,5688.33,Low Activity
2042,Low,5.611196363986901e-54,19,1.0,5940.95,5940.95,Low Activity
2165,Low,5.540806962065529e-54,19,2.0,10203.73,5101.865,Low Activity
2342,Low,5.534199878371684e-54,19,1.0,5540.48,5540.48,Low Activity
4725,Low,5.463172678697263e-54,19,1.0,10145.8,10145.8,Low Activity
2405,Low,5.373544439317512e-54,19,8.0,83255.35,10406.91875,High Value
6912,Low,5.314591786139043e-54,19,4.0,32848.84,8212.21,Regular
6767,Low,5.259239321313029e-54,19,6.0,49895.58,8315.93,High Value
6966,Low,4.377645035152793e-55,18,2.0,33837.73,16918.864999999998,Low Activity
6482,Low,4.365778453471465e-55,18,3.0,51191.880000000005,17063.960000000003,High Value
4656,Low,4.0527759208710214e-55,18,4.0,64479.67,16119.9175,High Value
1292,Low,3.95733552936084e-55,18,2.0,32946.32,16473.16,Low Activity
307,Low,3.926722562587797e-55,18,5.0,62903.17,12580.634,High Value
4875,Low,3.924960422330324e-55,18,2.0,24269.6,12134.8,Low Activity
1551,Low,3.90065542534004e-55,18,1.0,16921.87,16921.87,Low Activity
2120,Low,3.8295703223305775e-55,18,2.0,32204.31,16102.155,Low Activity
5469,Low,3.803525915351805e-55,18,1.0,15729.5,15729.5,Low Activity
6971,Low,3.791609983302483e-55,18,3.0,45756.09,15252.03,Regular
1569,Low,3.769458296129804e-55,18,2.0,28685.97,14342.985,Low Activity
3249,Low,3.698000745195323e-55,18,3.0,30158.04,10052.68,Regular
4746,Low,3.595289919572058e-55,18,1.0,15075.23,15075.23,Low Activity
7529,Low,3.572469616543524e-55,18,3.0,39581.23,13193.743333333332,Regular
5626,Low,3.56442563111232e-55,18,2.0,23921.870000000003,11960.935,Low Activity
1121,Low,3.554741308043453e-55,18,3.0,37875.42,12625.14,Regular
4860,Low,3.5010616513132265e-55,18,3.0,37161.98,12387.326666666666,Regular
3600,Low,3.496557705396983e-55,18,2.0,30690.62,15345.31,Low Activity
2236,Low,3.4665532760264294e-55,18,4.0,36120.97,9030.2425,Regular
6189,Low,3.4590655882646086e-55,18,3.0,36601.6,12200.533333333333,Regular
4439,Low,3.432669536405171e-55,18,4.0,36112.08,9028.02,Regular
5433,Low,3.431407067086353e-55,18,3.0,33595.21,11198.403333333334,Regular
6099,Low,3.371635675114719e-55,18,2.0,27503.43,13751.715,Low Activity
6300,Low,3.351175739020482e-55,18,2.0,27330.730000000003,13665.365000000002,Low Activity
6445,Low,3.3463783395869725e-55,18,3.0,32217.42,10739.14,Regular
7690,Low,3.3298901363308085e-55,18,3.0,29855.45,9951.816666666668,Regular
6820,Low,3.30623600490041e-55,18,6.0,68665.39,11444.231666666668,High Value
276,Low,3.3061389048713826e-55,18,4.0,61804.82,15451.205,High Value
2972,Low,3.269454920007998e-55,18,3.0,27933.95,9311.316666666668,Regular
803,Low,3.2556089807441724e-55,18,4.0,41682.94,10420.735,Regular
3326,Low,3.2298395707738983e-55,18,4.0,41322.26,10330.565,Regular
7581,Low,3.228639669927104e-55,18,1.0,8860.94,8860.94,Low Activity
5549,Low,3.2256320577312317e-55,18,2.0,15922.16,7961.08,Low Activity
6212,Low,3.209670887589377e-55,18,2.0,16172.9,8086.450000000001,Low Activity
4534,Low,3.208036880253037e-55,18,1.0,13140.87,13140.87,Low Activity
4261,Low,3.2048462781472492e-55,18,4.0,39630.62,9907.655,Regular
4078,Low,3.1740714180387537e-55,18,2.0,16997.22,8498.61,Low Activity
624,Low,3.1239739824483738e-55,18,4.0,36279.57,9069.8925,Regular
1472,Low,3.1201140977295264e-55,18,1.0,11998.31,11998.31,Low Activity
4010,Low,3.106860340206769e-55,18,2.0,21211.1,10605.55,Low Activity
4111,Low,3.1044334024756975e-55,18,1.0,11872.02,11872.02,Low Activity
733,Low,3.0884393648570016e-55,18,5.0,51823.14,10364.628,High Value
3748,Low,3.036677365702576e-55,18,1.0,10731.84,10731.84,Low Activity
6950,Low,3.001987029566285e-55,18,2.0,18415.39,9207.695,Low Activity
7300,Low,2.9852456468403204e-55,18,1.0,6522.64,6522.64,Low Activity
6318,Low,2.9229373315629842e-55,18,1.0,9548.56,9548.56,Low Activity
5863,Low,2.8719597707280277e-55,18,1.0,8678.79,8678.79,Low Activity
4492,Low,2.8300236430146503e-55,18,2.0,10382.08,5191.04,Low Activity
2563,Low,2.8019352198937523e-55,18,1.0,8080.88,8080.88,Low Activity
2439,Low,2.6575896522955374e-55,18,1.0,3751.35,3751.35,Low Activity
3988,Low,2.5202669418500683e-55,18,3.0,15911.23,5303.743333333333,Regular
1208,Low,2.4876183101138833e-55,18,3.0,21672.17,7224.056666666666,Regular
2703,Low,2.42543131988484e-55,18,1.0,4228.47,4228.47,Low Activity
145,Low,2.267719328772604e-56,17,3.0,54740.21000000001,18246.736666666668,High Value
2741,Low,2.1733330048069517e-56,17,1.0,20206.88,20206.88,Low Activity
4366,Low,2.0856846039550537e-56,17,4.0,59797.85,14949.4625,High Value
4856,Low,2.0765400868189425e-56,17,4.0,58286.16,14571.54,High Value
2846,Low,2.061993889721038e-56,17,3.0,39951.740000000005,13317.246666666668,Regular
1336,Low,2.0095593335084726e-56,17,2.0,30364.4,15182.2,Low Activity
1807,Low,2.0077972397054452e-56,17,2.0,30604.36,15302.18,Low Activity
7653,Low,1.9735080289516512e-56,17,3.0,44901.27,14967.090000000002,Regular
4474,Low,1.9696547519139001e-56,17,4.0,51397.34,12849.335,High Value
7692,Low,1.8949994717653526e-56,17,2.0,25387.75,12693.875,Low Activity
2211,Low,1.8909092249572643e-56,17,6.0,66019.13,11003.188333333334,High Value
6519,Low,1.882785671389871e-56,17,2.0,24987.39,12493.695,Low Activity
4959,Low,1.8755622720736382e-56,17,3.0,39148.46,13049.486666666666,Regular
3240,Low,1.8755408849726794e-56,17,2.0,26504.64,13252.32,Low Activity
6514,Low,1.8629477876581575e-56,17,1.0,12738.52,12738.52,Low Activity
1009,Low,1.861297548523538e-56,17,2.0,25326.35,12663.175,Low Activity
1850,Low,1.8541605875974346e-56,17,2.0,23846.17,11923.085,Low Activity
2155,Low,1.825755502816645e-56,17,2.0,22516.48,11258.24,Low Activity
6638,Low,1.8140700967085811e-56,17,3.0,36341.3,12113.766666666668,Regular
1591,Low,1.81027493693465e-56,17,3.0,34812.05,11604.016666666668,Regular
6704,Low,1.7996962640422493e-56,17,1.0,11391.41,11391.41,Low Activity
2877,Low,1.7988053135720567e-56,17,3.0,46829.15,15609.716666666667,High Value
908,Low,1.7949162988825508e-56,17,4.0,36696.84,9174.21,Regular
4971,Low,1.7938601506562957e-56,17,5.0,53622.17,10724.434,High Value
2338,Low,1.7808859552284156e-56,17,3.0,32520.36,10840.12,Regular
700,Low,1.7504226678978995e-56,17,2.0,19106.91,9553.455,Low Activity
6581,Low,1.735289675156748e-56,17,1.0,9929.46,9929.46,Low Activity
7102,Low,1.7196543841740258e-56,17,1.0,14439.15,14439.15,Low Activity
7966,Low,1.710389870181871e-56,17,3.0,27852.07,9284.023333333333,Regular
2450,Low,1.7020658146907127e-56,17,2.0,28915.120000000003,14457.56,Low Activity
2404,Low,1.6935346882757945e-56,17,4.0,42136.02,10534.005,Regular
5481,Low,1.691888733401362e-56,17,4.0,41972.98,10493.245,Regular
6889,Low,1.6900324213190085e-56,17,2.0,18332.39,9166.195,Low Activity
1376,Low,1.6735861111888788e-56,17,3.0,16593.72,5531.240000000001,Regular
5627,Low,1.6687112930634814e-56,17,5.0,59069.71000000001,11813.942,High Value
831,Low,1.6583215629771542e-56,17,5.0,59254.44,11850.888,High Value
7758,Low,1.6365711232632322e-56,17,5.0,38422.36,7684.472,Regular
4288,Low,1.6330627844271058e-56,17,4.0,37576.58,9394.145,Regular
1234,Low,1.6315589753736119e-56,17,2.0,21661.5,10830.75,Low Activity
7293,Low,1.6287429370592517e-56,17,1.0,12153.88,12153.88,Low Activity
7338,Low,1.62271327022398e-56,17,4.0,36264.67,9066.1675,Regular
514,Low,1.5971786872488384e-56,17,3.0,22900.84,7633.613333333334,Regular
5808,Low,1.5961399090954696e-56,17,5.0,51493.73,10298.746,High Value
3069,Low,1.5907807907910248e-56,17,4.0,33102.77,8275.6925,Regular
2560,Low,1.5772250823271558e-56,17,2.0,12656.32,6328.16,Low Activity
3199,Low,1.5709340492917524e-56,17,3.0,21509.22,7169.740000000001,Regular
5621,Low,1.5587436112776348e-56,17,5.0,46309.74,9261.948,High Value
6786,Low,1.5367926424827388e-56,17,6.0,63938.63,10656.438333333334,High Value
645,Low,1.527777913979889e-56,17,2.0,16942.45,8471.225,Low Activity
7985,Low,1.4417745803376682e-56,17,1.0,7617.34,7617.34,Low Activity
7118,Low,1.4412072965774235e-56,17,2.0,19444.67,9722.335,Low Activity
125,Low,1.3998368170639243e-56,17,2.0,11504.11,5752.055,Low Activity
4660,Low,1.3940683316174337e-56,17,3.0,20621.85,6873.95,Regular
6717,Low,1.3549135523343545e-56,17,1.0,5878.01,5878.01,Low Activity
973,Low,1.27413405254936e-56,17,1.0,4378.14,4378.14,Low Activity
2002,Low,1.3416072376581335e-57,16,3.0,69907.07,23302.35666666667,High Value
5368,Low,1.1950081613932244e-57,16,2.0,43364.04,21682.02,Low Activity
6269,Low,1.1753601464231156e-57,16,3.0,50506.85,16835.616666666665,High Value
5389,Low,1.124345461404512e-57,16,2.0,37333.78,18666.89,Low Activity
4962,Low,1.1081328839183493e-57,16,1.0,19042.14,19042.14,Low Activity
2223,Low,1.0667021701023588e-57,16,4.0,74004.06999999999,18501.0175,High Value
2005,Low,1.0600649437603441e-57,16,2.0,31630.24,15815.12,Low Activity
2307,Low,1.0434076689154818e-57,16,3.0,47351.06,15783.686666666666,High Value
3010,Low,1.042854551357032e-57,16,3.0,47258.26,15752.753333333332,High Value
7562,Low,1.0042063302858023e-57,16,1.0,14293.88,14293.88,Low Activity
3948,Low,9.903035248191924e-58,16,5.0,64732.01,12946.401999999998,High Value
1765,Low,9.797125536848903e-58,16,2.0,26803.45,13401.725,Low Activity
3333,Low,9.76906254087144e-58,16,2.0,26322.2,13161.1,Low Activity
579,Low,9.757845349927261e-58,16,4.0,41018.35,10254.5875,Regular
6132,Low,9.620981887978891e-58,16,4.0,39156.09,9789.0225,Regular
2920,Low,9.458600368074183e-58,16,3.0,36075.75,12025.25,Regular
2369,Low,9.346020793729327e-58,16,4.0,52355.44,13088.86,High Value
2081,Low,9.238925098366062e-58,16,5.0,50174.68,10034.936,High Value
1676,Low,9.235221465246725e-58,16,3.0,31305.82,10435.273333333333,Regular
3342,Low,9.22000709795875e-58,16,1.0,15608.57,15608.57,Low Activity
5819,Low,9.040712658660937e-58,16,2.0,18444.49,9222.245,Low Activity
1361,Low,8.934700103560842e-58,16,2.0,17587.03,8793.515,Low Activity
6420,Low,8.696614465826974e-58,16,3.0,25881.050000000003,8627.016666666668,Regular
5824,Low,8.660373401992264e-58,16,2.0,15410.54,7705.27,Low Activity
1863,Low,8.608851994908932e-58,16,4.0,38051.67,9512.9175,Regular
5208,Low,8.562681815456059e-58,16,6.0,59046.69,9841.115,High Value
5014,Low,8.522637606091104e-58,16,4.0,38354.68,9588.67,Regular
1944,Low,8.47507161786313e-58,16,4.0,37365.19,9341.2975,Regular
4120,Low,8.426969571450019e-58,16,2.0,13490.71,6745.355,Low Activity
289,Low,8.356838580969032e-58,16,2.0,13429.81,6714.905,Low Activity
6342,Low,8.311620453839299e-58,16,1.0,11301.13,11301.13,Low Activity
7290,Low,8.231360254926044e-58,16,2.0,18559.53,9279.765,Low Activity
3515,Low,8.227755262411542e-58,16,2.0,13894.49,6947.245,Low Activity
2708,Low,8.223172864897095e-58,16,3.0,33290.78,11096.926666666666,Regular
5820,Low,8.197447478194383e-58,16,1.0,14974.51,14974.51,Low Activity
7840,Low,8.133076571204986e-58,16,1.0,6556.76,6556.76,Low Activity
4045,Low,8.116712974316564e-58,16,5.0,49015.26,9803.052,High Value
2447,Low,8.038096361570124e-58,16,2.0,19066.75,9533.375,Low Activity
1641,Low,7.99446656393613e-58,16,1.0,5956.89,5956.89,Low Activity
4461,Low,7.98564934437053e-58,16,1.0,5927.26,5927.26,Low Activity
28,Low,7.619294227276384e-58,16,2.0,13779.08,6889.54,Low Activity
2082,Low,7.449429917967464e-58,16,1.0,8519.9,8519.9,Low Activity
1094,Low,7.375489121802174e-58,16,3.0,18977.7,6325.899999999999,Regular
7089,Low,5.636765656656922e-59,15,1.0,17788.92,17788.92,Low Activity
5486,Low,5.6129239418243095e-59,15,2.0,35076.71,17538.355,Low Activity
1342,Low,5.533492426387996e-59,15,2.0,33484.16,16742.08,Low Activity
131,Low,5.431099849364003e-59,15,2.0,44554.96,22277.48,Low Activity
4304,Low,5.315852320237232e-59,15,2.0,28089.98,14044.99,Low Activity
5670,Low,5.310318390001126e-59,15,1.0,14840.73,14840.73,Low Activity
2373,Low,5.2779003346438855e-59,15,2.0,29459.74,14729.87,Low Activity
1687,Low,5.250240363990054e-59,15,1.0,14256.68,14256.68,Low Activity
2381,Low,5.199242248977638e-59,15,1.0,13961.26,13961.26,Low Activity
2669,Low,5.109836156674438e-59,15,3.0,27599.75,9199.916666666666,Regular
7834,Low,4.997141829447505e-59,15,2.0,22885.61,11442.805,Low Activity
5112,Low,4.9855406654980796e-59,15,4.0,72740.98999999999,18185.2475,High Value
7187,Low,4.9569048537398345e-59,15,2.0,14130.14,7065.07,Low Activity
3856,Low,4.9556082931961355e-59,15,5.0,61418.4,12283.68,High Value
1928,Low,4.93854071047735e-59,15,3.0,23515.98,7838.66,Regular
3223,Low,4.926829952613255e-59,15,2.0,23407.81,11703.905,Low Activity
6901,Low,4.879306704253366e-59,15,3.0,35405.23,11801.743333333334,Regular
3243,Low,4.874500316823043e-59,15,5.0,54819.46,10963.892,High Value
3035,Low,4.827310230698433e-59,15,1.0,12754.09,12754.09,Low Activity
5298,Low,4.821378380258976e-59,15,3.0,32330.38,10776.793333333331,Regular
189,Low,4.7332930973708915e-59,15,2.0,11694.4,5847.2,Low Activity
769,Low,4.718103243809185e-59,15,6.0,71601.46,11933.576666666668,High Value
7728,Low,4.710281138746431e-59,15,1.0,14374.47,14374.47,Low Activity
4730,Low,4.689092437330677e-59,15,3.0,29059.53,9686.51,Regular
3966,Low,4.671274909813153e-59,15,4.0,32374.840000000004,8093.710000000001,Regular
3569,Low,4.664943739163766e-59,15,4.0,45365.95,11341.4875,Regular
3673,Low,4.663879697329023e-59,15,2.0,17255.22,8627.61,Low Activity
5726,Low,4.655434883152982e-59,15,3.0,28051.6,9350.533333333333,Regular
5377,Low,4.645477185392821e-59,15,4.0,29203.58,7300.895,Regular
6840,Low,4.622668989936266e-59,15,2.0,18521.95,9260.975,Low Activity
4459,Low,4.620581926067293e-59,15,1.0,9301.44,9301.44,Low Activity
5736,Low,4.589448277510831e-59,15,1.0,8909.22,8909.22,Low Activity
2058,Low,4.5140925646080775e-59,15,4.0,54004.82,13501.205,High Value
1830,Low,4.466145205608266e-59,15,5.0,37719.6,7543.92,Regular
4958,Low,4.4497125846577e-59,15,2.0,14831.82,7415.91,Low Activity
328,Low,4.425105443672718e-59,15,5.0,38557.45,7711.49,Regular
955,Low,4.418882393990904e-59,15,2.0,15764.55,7882.275,Low Activity
7846,Low,4.407117634210206e-59,15,4.0,51062.93,12765.7325,High Value
1802,Low,4.324876470991379e-59,15,1.0,12864.63,12864.63,Low Activity
5141,Low,4.315103020497563e-59,15,3.0,22250.16,7416.72,Regular
2921,Low,4.298191635449555e-59,15,1.0,6806.91,6806.91,Low Activity
5733,Low,4.284643471826435e-59,15,2.0,20623.38,10311.69,Low Activity
306,Low,4.2615695200340755e-59,15,1.0,10489.62,10489.62,Low Activity
754,Low,4.2303133906870105e-59,15,2.0,17611.9,8805.95,Low Activity
7861,Low,4.107622216867174e-59,15,4.0,38653.87,9663.4675,Regular
3186,Low,3.9384773890239304e-59,15,2.0,9250.37,4625.185,Low Activity
5757,Low,3.8519984967715424e-59,15,3.0,30246.28,10082.093333333332,Regular
6986,Low,3.796330260839162e-59,15,2.0,11345.93,5672.965,Low Activity
6307,Low,3.635080475322927e-59,15,3.0,34707.21,11569.07,Regular
5030,Low,3.167144753775787e-60,14,4.0,74147.08,18536.77,High Value
4019,Low,3.065398655036122e-60,14,4.0,65994.14,16498.535,High Value
599,Low,2.962016549065997e-60,14,5.0,65071.44,13014.288,High Value
5249,Low,2.8600307382821595e-60,14,3.0,23105.89,7701.963333333333,Regular
4711,Low,2.8501664618342396e-60,14,1.0,16287.62,16287.62,Low Activity
2210,Low,2.785768953959805e-60,14,2.0,28645.79,14322.895,Low Activity
27,Low,2.785446114029467e-60,14,1.0,15017.36,15017.36,Low Activity
5639,Low,2.7799296901998403e-60,14,2.0,27948.520000000004,13974.260000000002,Low Activity
1879,Low,2.7543360849549046e-60,14,3.0,30585.56,10195.186666666666,Regular
5565,Low,2.7374338907847275e-60,14,5.0,67986.89,13597.378,High Value
4420,Low,2.7367972902574335e-60,14,3.0,43022.22,14340.74,Regular
1093,Low,2.696998050030169e-60,14,1.0,13772.4,13772.4,Low Activity
4473,Low,2.677919871617476e-60,14,3.0,40026.48,13342.160000000002,Regular
519,Low,2.675995469918207e-60,14,4.0,44264.41,11066.1025,Regular
4085,Low,2.6597369137000053e-60,14,4.0,44992.87,11248.2175,Regular
6038,Low,2.630401688027829e-60,14,2.0,32654.31,16327.155,Low Activity
7856,Low,2.597717891259865e-60,14,2.0,22809.24,11404.62,Low Activity
5973,Low,2.581165359956363e-60,14,4.0,52781.36,13195.34,High Value
7583,Low,2.569427619053838e-60,14,3.0,47413.23,15804.409999999998,High Value
5492,Low,2.5210203796153554e-60,14,3.0,22619.23,7539.743333333333,Regular
6784,Low,2.5179632647813995e-60,14,3.0,32269.29,10756.429999999998,Regular
5020,Low,2.5153567999097484e-60,14,5.0,51277.5,10255.5,High Value
3098,Low,2.4389702147968526e-60,14,1.0,9679.5,9679.5,Low Activity
5596,Low,2.4353094717865008e-60,14,1.0,9672.58,9672.58,Low Activity
5703,Low,2.4294629332327783e-60,14,4.0,47253.95,11813.4875,High Value
6796,Low,2.4228352938586123e-60,14,5.0,45620.9,9124.18,Regular
2288,Low,2.4011886483509866e-60,14,3.0,26994.68,8998.226666666667,Regular
7684,Low,2.374157376630863e-60,14,7.0,65465.17,9352.167142857144,High Value
4469,Low,2.366886163262537e-60,14,2.0,15824.14,7912.07,Low Activity
913,Low,2.346652487094124e-60,14,4.0,38523.0,9630.75,Regular
1456,Low,2.341453079630435e-60,14,3.0,24125.56,8041.853333333333,Regular
6408,Low,2.337013654338086e-60,14,3.0,24238.5,8079.5,Regular
2932,Low,2.312522692663696e-60,14,4.0,36263.740000000005,9065.935,Regular
3407,Low,2.2760852594337006e-60,14,5.0,51413.46,10282.692,High Value
358,Low,2.2703940808317896e-60,14,3.0,33686.08,11228.693333333336,Regular
6367,Low,2.2626412551113525e-60,14,3.0,30542.3,10180.766666666666,Regular
7800,Low,2.2598645653235357e-60,14,4.0,37563.72,9390.93,Regular
1603,Low,2.236212760261326e-60,14,2.0,18808.97,9404.485,Low Activity
437,Low,2.1597538087509258e-60,14,4.0,43750.35,10937.5875,Regular
7017,Low,2.1439718890391842e-60,14,2.0,23117.72,11558.86,Low Activity
6989,Low,2.1342226521196023e-60,14,2.0,9629.78,4814.89,Low Activity
1218,Low,2.1163882421534113e-60,14,1.0,5324.33,5324.33,Low Activity
3228,Low,2.0704064134653415e-60,14,6.0,55401.56,9233.593333333332,High Value
7284,Low,2.0581224064194063e-60,14,2.0,19591.85,9795.925,Low Activity
2667,Low,1.987719036910352e-60,14,3.0,18555.63,6185.209999999999,Regular
167,Low,1.941550734095075e-60,14,4.0,38002.68,9500.67,Regular
7537,Low,1.7773931612931713e-60,14,4.0,26926.01,6731.5025000000005,Regular
7074,Low,1.7762335972632984e-60,14,1.0,6382.82,6382.82,Low Activity
7912,Low,1.68817422401329e-61,13,4.0,56418.08,14104.52,High Value
666,Low,1.4530590465061372e-61,13,2.0,28776.18,14388.09,Low Activity
6388,Low,1.4385215203727958e-61,13,2.0,27665.11,13832.555,Low Activity
5226,Low,1.435943013894659e-61,13,6.0,72158.65,12026.441666666666,High Value
5532,Low,1.4238616537624006e-61,13,4.0,62393.2,15598.3,High Value
3863,Low,1.4194752846092412e-61,13,2.0,28299.64,14149.82,Low Activity
6472,Low,1.4181532061726792e-61,13,4.0,44639.18,11159.795,Regular
3335,Low,1.4099494156631242e-61,13,3.0,40631.47,13543.823333333334,Regular
6710,Low,1.4000923826814234e-61,13,1.0,13504.4,13504.4,Low Activity
4319,Low,1.3876737440646926e-61,13,4.0,43540.56,10885.14,Regular
5865,Low,1.3778223930814898e-61,13,3.0,38032.850000000006,12677.616666666669,Regular
1390,Low,1.3724569104772695e-61,13,2.0,23834.44,11917.22,Low Activity
2599,Low,1.3713747231356867e-61,13,3.0,40753.25,13584.416666666666,Regular
148,Low,1.3664218771168113e-61,13,4.0,28229.87,7057.4675,Regular
6635,Low,1.3375044362402224e-61,13,2.0,30309.54,15154.77,Low Activity
3753,Low,1.3321753833881115e-61,13,3.0,35913.36,11971.12,Regular
5118,Low,1.3318794310787598e-61,13,2.0,29852.47,14926.235,Low Activity
1510,Low,1.331104966237546e-61,13,2.0,21382.88,10691.44,Low Activity
4221,Low,1.3148801371495736e-61,13,3.0,21453.3,7151.099999999999,Regular
6922,Low,1.3053192131511258e-61,13,2.0,19601.17,9800.585,Low Activity
996,Low,1.2808245513700689e-61,13,6.0,70971.5,11828.583333333334,High Value
5560,Low,1.2727151358321248e-61,13,2.0,17838.2,8919.1,Low Activity
7691,Low,1.2563534530112704e-61,13,1.0,9273.44,9273.44,Low Activity
2074,Low,1.254820859467567e-61,13,2.0,17060.77,8530.385,Low Activity
5063,Low,1.2455507581574012e-61,13,3.0,28103.68,9367.893333333332,Regular
3924,Low,1.2439477523736706e-61,13,1.0,8924.8,8924.8,Low Activity
4344,Low,1.2399436104926997e-61,13,2.0,16301.38,8150.69,Low Activity
2358,Low,1.2241552598595933e-61,13,4.0,38385.06,9596.265,Regular
952,Low,1.2115809186334046e-61,13,2.0,14790.86,7395.43,Low Activity
1007,Low,1.1958652550244289e-61,13,1.0,7617.51,7617.51,Low Activity
1878,Low,1.1891500857824001e-61,13,2.0,20495.46,10247.73,Low Activity
2217,Low,1.1348475764544482e-61,13,4.0,41466.0,10366.5,Regular
2822,Low,1.1296028062190416e-61,13,2.0,18217.19,9108.595,Low Activity
1969,Low,1.0307486894982893e-61,13,1.0,3830.41,3830.41,Low Activity
4977,Low,9.776556940950374e-62,13,4.0,32336.49,8084.122499999999,Regular
2445,Low,8.143062975147559e-63,12,2.0,35182.85,17591.425,Low Activity
5852,Low,7.760364022794093e-63,12,2.0,29942.84,14971.42,Low Activity
2647,Low,7.606258899933575e-63,12,3.0,45478.92,15159.64,Regular
3954,Low,7.599306609313911e-63,12,4.0,66822.06,16705.515,High Value
5470,Low,7.49295113885634e-63,12,4.0,47215.21000000001,11803.802500000002,High Value
3408,Low,7.464600424794884e-63,12,4.0,48046.23,12011.5575,High Value
3053,Low,7.254467333865543e-63,12,3.0,41535.380000000005,13845.126666666669,Regular
2775,Low,7.23493263841883e-63,12,3.0,41249.53,13749.843333333332,Regular
2180,Low,7.210707103895104e-63,12,1.0,18203.36,18203.36,Low Activity
2592,Low,7.195675434835228e-63,12,3.0,38280.27,12760.089999999998,Regular
6858,Low,7.113494852985808e-63,12,2.0,23232.51,11616.255,Low Activity
7997,Low,6.911004098882943e-63,12,4.0,50705.33,12676.3325,High Value
188,Low,6.881272216202591e-63,12,3.0,32861.11,10953.703333333331,Regular
2521,Low,6.846729072133136e-63,12,4.0,33668.64,8417.16,Regular
4093,Low,6.819573046393191e-63,12,3.0,33699.09,11233.03,Regular
7057,Low,6.818313728695781e-63,12,3.0,20798.94,6932.98,Regular
1548,Low,6.774650550720549e-63,12,3.0,30882.9,10294.3,Regular
2033,Low,6.750907958664662e-63,12,3.0,20065.98,6688.66,Regular
1412,Low,6.709287665076658e-63,12,3.0,29960.07,9986.69,Regular
2836,Low,6.705905654112465e-63,12,2.0,18700.2,9350.1,Low Activity
4845,Low,6.648014398563655e-63,12,3.0,40812.4,13604.133333333331,Regular
3431,Low,6.611034055806395e-63,12,6.0,66608.46,11101.410000000002,High Value
4152,Low,6.573953538645467e-63,12,3.0,27199.01,9066.336666666668,Regular
5853,Low,6.569790856717108e-63,12,2.0,17149.4,8574.7,Low Activity
5340,Low,6.556203701645721e-63,12,2.0,26661.34,13330.67,Low Activity
5615,Low,6.52584976912594e-63,12,2.0,16644.49,8322.245,Low Activity
2648,Low,6.495653713124498e-63,12,4.0,42041.71,10510.4275,Regular
585,Low,6.442877245787353e-63,12,2.0,23469.13,11734.565,Low Activity
1299,Low,6.414167030598929e-63,12,4.0,54370.76,13592.69,High Value
5264,Low,6.326246024915752e-63,12,4.0,37038.5,9259.625,Regular
926,Low,6.303551149485402e-63,12,7.0,83578.23999999999,11939.74857142857,High Value
6537,Low,6.224230714364895e-63,12,1.0,7409.56,7409.56,Low Activity
6184,Low,6.175552404631963e-63,12,4.0,33042.3,8260.575,Regular
5714,Low,6.117264947349005e-63,12,4.0,33863.08,8465.77,Regular
5108,Low,6.063719113843629e-63,12,2.0,6995.99,3497.995,Low Activity
2065,Low,6.05919986542993e-63,12,2.0,12093.52,6046.76,Low Activity
4314,Low,6.002311250584442e-63,12,2.0,11907.74,5953.87,Low Activity
1998,Low,5.927513710880049e-63,12,2.0,16419.31,8209.655,Low Activity
1450,Low,5.867728481400827e-63,12,2.0,23762.79,11881.395,Low Activity
343,Low,5.808802426938856e-63,12,1.0,12986.55,12986.55,Low Activity
361,Low,5.777663752454164e-63,12,2.0,15563.33,7781.665,Low Activity
2118,Low,5.646826055102199e-63,12,2.0,13792.94,6896.47,Low Activity
2422,Low,5.626619809460877e-63,12,2.0,30367.14,15183.57,Low Activity
3391,Low,5.553988583775657e-63,12,4.0,32088.65,8022.1625,Regular
5551,Low,5.471204495650647e-63,12,1.0,7019.03,7019.03,Low Activity
4819,Low,4.4765443695525663e-63,12,1.0,4534.46,4534.46,Low Activity
1760,Low,4.743050632813568e-64,11,1.0,24235.6,24235.6,Low Activity
6464,Low,4.29287397916313e-64,11,3.0,41540.41,13846.803333333331,Regular
6499,Low,4.119382417386279e-64,11,3.0,38537.22,12845.74,Regular
496,Low,4.062230507272327e-64,11,3.0,34942.34,11647.446666666665,Regular
7616,Low,4.034611977555269e-64,11,2.0,30604.65,15302.325,Low Activity
5942,Low,4.02606974027998e-64,11,2.0,30257.71,15128.855,Low Activity
5039,Low,3.915667386143457e-64,11,1.0,16867.99,16867.99,Low Activity
7898,Low,3.8521841071812094e-64,11,4.0,44449.59,11112.3975,Regular
4042,Low,3.755546615721869e-64,11,1.0,12944.13,12944.13,Low Activity
6573,Low,3.7434344392865037e-64,11,4.0,60978.66,15244.665,High Value
1193,Low,3.721263819995512e-64,11,2.0,23310.31,11655.155,Low Activity
5656,Low,3.7175874098375376e-64,11,6.0,41379.63,6896.605,Regular
2251,Low,3.666249450857415e-64,11,3.0,35638.46,11879.486666666666,Regular
7067,Low,3.623751659020332e-64,11,2.0,23117.95,11558.975,Low Activity
7731,Low,3.600349882124909e-64,11,2.0,29208.870000000003,14604.435,Low Activity
3490,Low,3.584018988490071e-64,11,2.0,20426.5,10213.25,Low Activity
2958,Low,3.58374672136081e-64,11,3.0,24544.43,8181.476666666666,Regular
3292,Low,3.579580724759687e-64,11,1.0,10879.92,10879.92,Low Activity
187,Low,3.541274018818703e-64,11,3.0,30658.74,10219.58,Regular
960,Low,3.5325819326534475e-64,11,4.0,47279.57,11819.8925,High Value
6764,Low,3.525829653573916e-64,11,3.0,31374.07,10458.023333333333,Regular
425,Low,3.5226832979701483e-64,11,5.0,73107.58,14621.516,High Value
4265,Low,3.5195240910493706e-64,11,3.0,30885.050000000003,10295.016666666668,Regular
7435,Low,3.5160582064672075e-64,11,4.0,47368.2,11842.05,High Value
7343,Low,3.5126200951924475e-64,11,3.0,30356.42,10118.806666666664,Regular
136,Low,3.472093812266694e-64,11,2.0,25997.31,12998.655,Low Activity
4778,Low,3.463892712232635e-64,11,3.0,18963.4,6321.133333333332,Regular
4616,Low,3.46278650621211e-64,11,3.0,29086.46,9695.486666666666,Regular
1301,Low,3.44731502045317e-64,11,3.0,28625.36,9541.786666666669,Regular
2279,Low,3.425588344777941e-64,11,3.0,27556.24,9185.413333333332,Regular
7871,Low,3.417911101018982e-64,11,4.0,43601.42,10900.355,Regular
7940,Low,3.3962209431949895e-64,11,3.0,28139.93,9379.976666666667,Regular
4761,Low,3.338983616188397e-64,11,9.0,95371.45,10596.827777777777,High Value
6058,Low,3.323266496548975e-64,11,2.0,15402.88,7701.44,Low Activity
5157,Low,3.302093193200455e-64,11,3.0,23287.47,7762.490000000001,Regular
5365,Low,3.290375173829765e-64,11,4.0,51317.97,12829.4925,High Value
6315,Low,3.289880426233842e-64,11,3.0,25267.12,8422.373333333333,Regular
1183,Low,3.216711797790842e-64,11,4.0,33460.520000000004,8365.130000000001,Regular
7361,Low,3.191526987117205e-64,11,3.0,30829.11,10276.37,Regular
5535,Low,3.180097085926543e-64,11,6.0,49392.41,8232.068333333333,High Value
4069,Low,3.1687863341441766e-64,11,5.0,52660.83,10532.166,High Value
4283,Low,3.131919375402002e-64,11,3.0,28380.41,9460.136666666667,Regular
2480,Low,3.076574753564445e-64,11,3.0,26640.83,8880.276666666667,Regular
3434,Low,3.0160914967089383e-64,11,3.0,36926.41,12308.803333333335,Regular
974,Low,2.8870852405134883e-64,11,1.0,7477.28,7477.28,Low Activity
866,Low,2.879929558137038e-64,11,2.0,12670.86,6335.43,Low Activity
3539,Low,2.7773458736218868e-64,11,1.0,3641.6,3641.6,Low Activity
4360,Low,2.6718694345040928e-64,11,2.0,8892.96,4446.48,Low Activity
253,Low,2.5239927621156724e-64,11,8.0,92263.65,11532.95625,High Value
920,Low,2.3697203636497525e-65,10,3.0,38950.78,12983.593333333332,Regular
5965,Low,2.3365351849007424e-65,10,3.0,47723.8,15907.933333333334,High Value
919,Low,2.2247439854439383e-65,10,6.0,74272.88,12378.813333333334,High Value
5897,Low,2.181381082573585e-65,10,5.0,62445.84,12489.168,High Value
119,Low,2.0902658943350773e-65,10,4.0,52587.08,13146.77,High Value
5623,Low,2.078521992447526e-65,10,2.0,31318.75,15659.375,Low Activity
3613,Low,2.069355064496452e-65,10,2.0,28442.65,14221.325,Low Activity
7652,Low,2.068717594105916e-65,10,3.0,31825.67,10608.556666666664,Regular
2071,Low,2.0568902945448713e-65,10,2.0,18938.24,9469.12,Low Activity
5256,Low,2.041270441943936e-65,10,2.0,27738.35,13869.175,Low Activity
5539,Low,2.030581346460205e-65,10,4.0,46522.15,11630.5375,High Value
4253,Low,2.023753241938615e-65,10,2.0,27030.54,13515.27,Low Activity
2076,Low,1.969024759455077e-65,10,2.0,33794.97,16897.485,Low Activity
5900,Low,1.961823912260469e-65,10,4.0,42417.740000000005,10604.435,Regular
4508,Low,1.9568446859574967e-65,10,2.0,24072.04,12036.02,Low Activity
7932,Low,1.9383268082370283e-65,10,5.0,59097.11,11819.422,High Value
2414,Low,1.9319483179072168e-65,10,3.0,38838.18,12946.06,Regular
2360,Low,1.9123320575413302e-65,10,4.0,37029.26,9257.315,Regular
7111,Low,1.908646064067278e-65,10,3.0,35025.42,11675.14,Regular
2370,Low,1.9044432565140576e-65,10,5.0,74828.54,14965.708,High Value
3859,Low,1.8967191738092156e-65,10,5.0,55966.48,11193.296,High Value
6856,Low,1.8932874409076872e-65,10,1.0,11360.94,11360.94,Low Activity
6983,Low,1.89227760097909e-65,10,3.0,35016.18,11672.06,Regular
5525,Low,1.886639808643247e-65,10,1.0,11394.14,11394.14,Low Activity
1926,Low,1.8846005296949303e-65,10,4.0,52662.46000000001,13165.615000000002,High Value
5909,Low,1.8761271383952375e-65,10,2.0,20696.91,10348.455,Low Activity
7569,Low,1.8514984179990955e-65,10,1.0,10490.83,10490.83,Low Activity
1082,Low,1.8508392550238285e-65,10,4.0,48637.37,12159.3425,High Value
4756,Low,1.8487938900451438e-65,10,4.0,34083.06,8520.765,Regular
3207,Low,1.839729877867294e-65,10,1.0,10415.69,10415.69,Low Activity
3796,Low,1.8269423188587244e-65,10,4.0,51263.08,12815.77,High Value
2861,Low,1.8247614614859092e-65,10,2.0,20219.25,10109.625,Low Activity
1983,Low,1.8077049534601134e-65,10,3.0,28845.1,9615.033333333333,Regular
1772,Low,1.8033295084297923e-65,10,2.0,19096.34,9548.17,Low Activity
1544,Low,1.7882792607677821e-65,10,1.0,13894.1,13894.1,Low Activity
2150,Low,1.7756414180370185e-65,10,3.0,27200.96,9066.986666666666,Regular
3885,Low,1.7754230781816367e-65,10,2.0,18352.31,9176.155,Low Activity
1447,Low,1.7712270328113243e-65,10,4.0,41258.69,10314.6725,Regular
6492,Low,1.7479477731444979e-65,10,4.0,38633.74,9658.435,Regular
439,Low,1.7446344230516067e-65,10,3.0,24920.4,8306.800000000001,Regular
2568,Low,1.7236536147765354e-65,10,2.0,14686.22,7343.11,Low Activity
6962,Low,1.7215365887175377e-65,10,5.0,36977.09,7395.418,Regular
6523,Low,1.7195891108809645e-65,10,2.0,14421.48,7210.74,Low Activity
1497,Low,1.7168120556042856e-65,10,3.0,15841.45,5280.483333333334,Regular
7061,Low,1.715403175314499e-65,10,4.0,24548.33,6137.0825,Regular
2052,Low,1.7118846003616196e-65,10,2.0,14446.49,7223.245,Low Activity
1629,Low,1.6970024388184009e-65,10,6.0,75955.39,12659.231666666668,High Value
1888,Low,1.6739930041368772e-65,10,4.0,32926.41,8231.6025,Regular
6567,Low,1.6718743515490241e-65,10,2.0,13927.6,6963.799999999999,Low Activity
6127,Low,1.6481825009163214e-65,10,3.0,19388.23,6462.743333333333,Regular
1407,Low,1.6393223846553022e-65,10,5.0,44892.08,8978.416000000001,Regular
611,Low,1.6177086543609234e-65,10,2.0,17249.21,8624.605,Low Activity
2119,Low,1.6039048326591374e-65,10,5.0,42411.42,8482.284,Regular
4034,Low,1.6025143858555274e-65,10,3.0,26333.7,8777.9,Regular
144,Low,1.5857416944273329e-65,10,2.0,11359.9,5679.95,Low Activity
462,Low,1.584226050127341e-65,10,2.0,11133.95,5566.975,Low Activity
5395,Low,1.566852331643132e-65,10,1.0,8829.47,8829.47,Low Activity
2409,Low,1.5524534027693327e-65,10,2.0,20945.65,10472.825,Low Activity
1625,Low,1.5381881583325064e-65,10,2.0,8665.2,4332.6,Low Activity
3596,Low,1.510949080884276e-65,10,3.0,30630.48,10210.16,Regular
7542,Low,1.5072289456525006e-65,10,3.0,41801.5,13933.833333333334,Regular
760,Low,1.4863768776024238e-65,10,1.0,10486.67,10486.67,Low Activity
5472,Low,1.4827139580576072e-65,10,5.0,45750.54,9150.108,Regular
7391,Low,1.1542565490100889e-66,9,5.0,66567.49,13313.498,High Value
2330,Low,1.0968766035536952e-66,9,2.0,30377.3,15188.65,Low Activity
7249,Low,1.0894365815709958e-66,9,4.0,50976.2,12744.05,High Value
1564,Low,1.0886052174166117e-66,9,3.0,34429.869999999995,11476.623333333331,Regular
7832,Low,1.081854219394145e-66,9,2.0,28739.07,14369.535,Low Activity
852,Low,1.0794578814911865e-66,9,1.0,15368.41,15368.41,Low Activity
7282,Low,1.0776555416575483e-66,9,2.0,27691.25,13845.625,Low Activity
7108,Low,1.076025895948878e-66,9,1.0,17342.57,17342.57,Low Activity
3030,Low,1.0744174198633959e-66,9,2.0,28407.33,14203.665,Low Activity
2596,Low,1.0519127587869611e-66,9,3.0,32274.33,10758.11,Regular
5524,Low,1.048170396186553e-66,9,2.0,25819.92,12909.96,Low Activity
6085,Low,1.0433653640214967e-66,9,4.0,60698.36,15174.59,High Value
5087,Low,1.0359186730569772e-66,9,2.0,25252.29,12626.145,Low Activity
1425,Low,1.0300560488948769e-66,9,4.0,59245.08,14811.27,High Value
892,Low,1.0294993907475743e-66,9,4.0,42063.09,10515.7725,Regular
6379,Low,1.0190827056192227e-66,9,2.0,15575.12,7787.559999999999,Low Activity
6371,Low,1.0059007251021543e-66,9,4.0,57231.34,14307.835,High Value
4927,Low,1.002877448507263e-66,9,4.0,38320.33,9580.0825,Regular
7487,Low,1.0003425808336702e-66,9,3.0,35410.54,11803.513333333334,Regular
6237,Low,9.755826939388683e-67,9,5.0,35725.57,7145.114,Regular
4910,Low,9.5750236329018e-67,9,4.0,32234.22,8058.555,Regular
1066,Low,9.559587725958595e-67,9,2.0,26981.34,13490.67,Low Activity
1813,Low,9.542431755347776e-67,9,2.0,19050.85,9525.425,Low Activity
7539,Low,9.503543585957597e-67,9,2.0,20204.46,10102.23,Low Activity
6510,Low,9.496390638429251e-67,9,2.0,18544.82,9272.41,Low Activity
1525,Low,9.479963398227225e-67,9,4.0,44488.96,11122.24,Regular
3926,Low,9.43472328837663e-67,9,4.0,43747.39,10936.8475,Regular
3041,Low,9.3891730590115e-67,9,2.0,17611.38,8805.69,Low Activity
4675,Low,9.310241325945306e-67,9,3.0,41005.85,13668.616666666669,Regular
6648,Low,9.276237841948991e-67,9,4.0,43131.54,10782.885,Regular
3890,Low,9.059356708477536e-67,9,1.0,12704.53,12704.53,Low Activity
4629,Low,9.011266228799192e-67,9,2.0,22043.27,11021.635,Low Activity
899,Low,8.881869133441022e-67,9,3.0,33301.850000000006,11100.616666666669,Regular
116,Low,8.701213294692189e-67,9,3.0,30799.46,10266.486666666666,Regular
1252,Low,8.660579934472159e-67,9,1.0,6936.27,6936.27,Low Activity
3332,Low,8.572698255400438e-67,9,3.0,20898.75,6966.25,Regular
2613,Low,8.541295884833264e-67,9,2.0,17911.54,8955.77,Low Activity
1743,Low,8.386786364701498e-67,9,1.0,13743.9,13743.9,Low Activity
4392,Low,8.354383751623428e-67,9,1.0,9523.01,9523.01,Low Activity
1436,Low,8.315797784617934e-67,9,2.0,17914.3,8957.15,Low Activity
7167,Low,8.157089386385686e-67,9,5.0,40757.78,8151.556,Regular
5419,Low,7.879599669844915e-67,9,3.0,20785.64,6928.546666666666,Regular
5190,Low,7.060173415126377e-67,9,1.0,7243.8,7243.8,Low Activity
6846,Low,6.135168398796812e-67,9,1.0,3778.24,3778.24,Low Activity
2830,Low,6.520942599983426e-68,8,3.0,51312.94,17104.313333333335,High Value
3424,Low,6.399797537585523e-68,8,3.0,48608.64,16202.88,High Value
5952,Low,6.094242351418119e-68,8,5.0,70909.06,14181.812,High Value
419,Low,5.72082390898418e-68,8,3.0,35603.22,11867.74,Regular
415,Low,5.661287015188684e-68,8,3.0,33047.88,11015.96,Regular
6944,Low,5.619203313635023e-68,8,3.0,47590.27,15863.423333333332,High Value
71,Low,5.4883446695974265e-68,8,3.0,41216.25,13738.75,Regular
4827,Low,5.463999687954001e-68,8,2.0,28282.71,14141.355,Low Activity
5913,Low,5.45065212728833e-68,8,1.0,13846.03,13846.03,Low Activity
6603,Low,5.376896084022337e-68,8,3.0,39471.06,13157.02,Regular
392,Low,5.370854671291593e-68,8,2.0,26690.67,13345.335,Low Activity
3564,Low,5.346522633060055e-68,8,5.0,61465.73,12293.146,High Value
4147,Low,5.3305591164562515e-68,8,3.0,38420.93,12806.976666666667,Regular
7094,Low,5.289936227961944e-68,8,4.0,39677.42,9919.355,Regular
391,Low,5.2754611175602e-68,8,5.0,58568.48,11713.696,High Value
1936,Low,5.210192537454604e-68,8,5.0,55890.23,11178.045999999998,High Value
704,Low,5.150060172059276e-68,8,2.0,23134.33,11567.165,Low Activity
7181,Low,5.036408375249981e-68,8,1.0,10644.91,10644.91,Low Activity
4963,Low,5.025342462318378e-68,8,4.0,51327.55,12831.8875,High Value
4359,Low,5.0203959641569035e-68,8,7.0,75235.0,10747.857142857143,High Value
3994,Low,5.004187247033807e-68,8,3.0,43154.84,14384.946666666665,Regular
2545,Low,4.989588751781579e-68,8,2.0,19076.29,9538.145,Low Activity
7425,Low,4.964363352347536e-68,8,3.0,30115.56,10038.52,Regular
4262,Low,4.925724060725965e-68,8,4.0,43656.03,10914.0075,Regular
7888,Low,4.905317514801351e-68,8,2.0,25062.14,12531.07,Low Activity
623,Low,4.904047907495598e-68,8,3.0,28775.06,9591.686666666666,Regular
2380,Low,4.868409681013041e-68,8,2.0,10559.43,5279.715,Low Activity
3647,Low,4.815983690885515e-68,8,3.0,28143.33,9381.11,Regular
773,Low,4.815488981697031e-68,8,2.0,16230.76,8115.38,Low Activity
6012,Low,4.8147261319410424e-68,8,2.0,32091.120000000003,16045.56,Low Activity
4116,Low,4.773486988261289e-68,8,3.0,49433.6,16477.866666666665,High Value
7714,Low,4.765011872489068e-68,8,1.0,8487.98,8487.98,Low Activity
3072,Low,4.692087418395817e-68,8,4.0,37194.94,9298.735,Regular
4668,Low,4.668306266488144e-68,8,2.0,14566.65,7283.325000000001,Low Activity
2485,Low,4.5754609053285426e-68,8,1.0,7185.61,7185.61,Low Activity
3359,Low,4.564148844661454e-68,8,2.0,20034.57,10017.285,Low Activity
7922,Low,4.474988770641349e-68,8,2.0,12967.23,6483.615,Low Activity
7753,Low,4.401770037463288e-68,8,2.0,26650.550000000003,13325.275,Low Activity
1458,Low,4.3537148770290805e-68,8,2.0,5888.389999999999,2944.195,Low Activity
7252,Low,4.344280789959687e-68,8,4.0,26499.94,6624.985000000001,Regular
3105,Low,4.269102439978294e-68,8,5.0,56877.75,11375.55,High Value
1064,Low,4.225400868943254e-68,8,5.0,37626.68,7525.336,Regular
1719,Low,4.198937171968416e-68,8,6.0,75826.86,12637.81,High Value
1035,Low,4.161431413068371e-68,8,2.0,20203.05,10101.525,Low Activity
478,Low,3.89128837437882e-68,8,2.0,15618.67,7809.335,Low Activity
104,Low,3.261388582789319e-69,7,2.0,38609.75,19304.875,Low Activity
6174,Low,3.074036804096676e-69,7,5.0,63136.74,12627.348,High Value
2486,Low,3.039695731268803e-69,7,3.0,38793.0,12931.0,Regular
4722,Low,3.0357263732196667e-69,7,3.0,50152.14,16717.38,High Value
3312,Low,2.97877494052768e-69,7,3.0,47860.7,15953.566666666666,High Value
7254,Low,2.940665908647431e-69,7,1.0,15217.39,15217.39,Low Activity
3612,Low,2.8870408173056816e-69,7,4.0,48722.91,12180.7275,High Value
6511,Low,2.885747737284385e-69,7,4.0,49041.98,12260.495,High Value
414,Low,2.8638384009926713e-69,7,4.0,63159.26,15789.815,High Value
5946,Low,2.8262564306490124e-69,7,2.0,25328.4,12664.2,Low Activity
849,Low,2.807029570624176e-69,7,3.0,39693.47,13231.156666666668,Regular
2427,Low,2.7904649354137627e-69,7,4.0,58539.49,14634.8725,High Value
3693,Low,2.7486826497091875e-69,7,3.0,52120.03,17373.343333333334,High Value
6257,Low,2.741086178906923e-69,7,4.0,38481.96,9620.49,Regular
7352,Low,2.723681961128478e-69,7,5.0,58254.76,11650.952,High Value
2943,Low,2.622778846779585e-69,7,1.0,17581.02,17581.02,Low Activity
1000,Low,2.6034627391053296e-69,7,3.0,30331.28,10110.426666666666,Regular
3337,Low,2.59978786512036e-69,7,3.0,30694.94,10231.646666666666,Regular
5135,Low,2.590480579815725e-69,7,6.0,49021.47,8170.245,High Value
4202,Low,2.5773256266981073e-69,7,1.0,9922.81,9922.81,Low Activity
6860,Low,2.5700005983110817e-69,7,4.0,43024.94,10756.235,Regular
5358,Low,2.564599451356438e-69,7,7.0,96689.93,13812.84714285714,High Value
172,Low,2.563653524955786e-69,7,2.0,17540.79,8770.395,Low Activity
2112,Low,2.5551887988543143e-69,7,4.0,60386.77,15096.6925,High Value
683,Low,2.549470692723916e-69,7,3.0,29310.52,9770.173333333334,Regular
6965,Low,2.541180291580432e-69,7,1.0,9409.14,9409.14,Low Activity
2746,Low,2.54012235156075e-69,7,2.0,24780.53,12390.265,Low Activity
2632,Low,2.533605872460452e-69,7,2.0,26787.26,13393.63,Low Activity
4346,Low,2.4887996503307423e-69,7,4.0,40664.98,10166.245,Regular
6513,Low,2.485808843104307e-69,7,2.0,22943.71,11471.855,Low Activity
2460,Low,2.464935096427318e-69,7,4.0,38441.46,9610.365,Regular
1031,Low,2.462834511848839e-69,7,1.0,8234.05,8234.05,Low Activity
7374,Low,2.453153348511999e-69,7,2.0,15056.81,7528.405000000001,Low Activity
5904,Low,2.4444231911228903e-69,7,1.0,8035.95,8035.95,Low Activity
6823,Low,2.42426866890604e-69,7,3.0,23156.45,7718.816666666667,Regular
6559,Low,2.4240862993484714e-69,7,5.0,36550.69,7310.138000000001,Regular
3509,Low,2.395529305328784e-69,7,1.0,7433.39,7433.39,Low Activity
956,Low,2.3543997896785967e-69,7,5.0,50964.74,10192.948,High Value
6403,Low,2.3352337692600633e-69,7,7.0,69947.84,9992.548571428571,High Value
5254,Low,2.3216014408873157e-69,7,1.0,14529.39,14529.39,Low Activity
2572,Low,2.321390147886207e-69,7,2.0,25674.72,12837.36,Low Activity
7851,Low,2.2853604230586005e-69,7,5.0,43806.9,8761.380000000001,Regular
7974,Low,2.2821986013215218e-69,7,1.0,9514.34,9514.34,Low Activity
357,Low,2.2642037638714889e-69,7,2.0,11695.16,5847.58,Low Activity
3506,Low,2.1366511276456077e-69,7,4.0,31697.16,7924.29,Regular
3265,Low,2.110465515683219e-69,7,4.0,31506.44,7876.61,Regular
3879,Low,2.0459317488332238e-69,7,1.0,6126.41,6126.41,Low Activity
5855,Low,1.9328396336488822e-69,7,1.0,7407.57,7407.57,Low Activity
7606,Low,1.6876721987562885e-70,6,4.0,68352.98,17088.245,High Value
3537,Low,1.65436253082455e-70,6,4.0,62377.83,15594.4575,High Value
1437,Low,1.653477308947201e-70,6,5.0,68794.05,13758.81,High Value
3910,Low,1.4984333649419454e-70,6,3.0,41338.15,13779.383333333331,Regular
1087,Low,1.4833298965980936e-70,6,5.0,68546.01,13709.202,High Value
4197,Low,1.434064870187568e-70,6,3.0,36326.28,12108.76,Regular
5403,Low,1.4278830370085301e-70,6,2.0,22933.23,11466.615,Low Activity
74,Low,1.4227568291270415e-70,6,4.0,38705.0,9676.25,Regular
1432,Low,1.4188188223904941e-70,6,3.0,35566.57,11855.523333333333,Regular
3731,Low,1.4168964456989262e-70,6,3.0,35583.22,11861.073333333334,Regular
1857,Low,1.4098977334133892e-70,6,5.0,54917.91,10983.582,High Value
1587,Low,1.3991610268405311e-70,6,3.0,35873.05,11957.683333333334,Regular
5880,Low,1.3904868282797282e-70,6,3.0,34157.1,11385.7,Regular
5969,Low,1.3823594175870806e-70,6,2.0,20220.14,10110.07,Low Activity
1197,Low,1.371282033807868e-70,6,4.0,49919.4,12479.85,High Value
6325,Low,1.3647367189231326e-70,6,5.0,69351.98999999999,13870.397999999996,High Value
680,Low,1.3491292116097974e-70,6,2.0,26712.46,13356.23,Low Activity
5300,Low,1.3388471422843255e-70,6,4.0,42944.93,10736.2325,Regular
7166,Low,1.3295426894720807e-70,6,3.0,29782.52,9927.506666666666,Regular
2247,Low,1.3208735272436799e-70,6,3.0,27621.23,9207.076666666666,Regular
4517,Low,1.3189219167552618e-70,6,4.0,27941.14,6985.285,Regular
6787,Low,1.3177978703003896e-70,6,1.0,13668.46,13668.46,Low Activity
6738,Low,1.3072199727103918e-70,6,2.0,17824.06,8912.03,Low Activity
2652,Low,1.293307583449271e-70,6,4.0,37825.66,9456.415,Regular
5688,Low,1.292365325427839e-70,6,4.0,38806.14,9701.535,Regular
7023,Low,1.2847980058311025e-70,6,2.0,15303.01,7651.505,Low Activity
3004,Low,1.2279015296004078e-70,6,2.0,20842.65,10421.325,Low Activity
5471,Low,1.2222716782948213e-70,6,5.0,48213.08,9642.616,High Value
6865,Low,1.2125170527115354e-70,6,5.0,30737.09,6147.418,Regular
2591,Low,1.2079350175984293e-70,6,2.0,11766.92,5883.46,Low Activity
4075,Low,1.2025546892944482e-70,6,2.0,12577.830000000002,6288.915000000001,Low Activity
1643,Low,1.1907850024372633e-70,6,2.0,16943.329999999998,8471.664999999999,Low Activity
5683,Low,1.1882134060295458e-70,6,1.0,5971.11,5971.11,Low Activity
6028,Low,1.1723894408551269e-70,6,4.0,27235.88,6808.97,Regular
985,Low,1.1717819485889038e-70,6,5.0,57482.85,11496.57,High Value
4572,Low,1.1652931164480121e-70,6,1.0,5462.0,5462.0,Low Activity
5682,Low,1.1394953900159738e-70,6,1.0,11926.29,11926.29,Low Activity
3852,Low,1.11078904470744e-70,6,3.0,23093.92,7697.973333333332,Regular
1634,Low,1.0743210558525821e-70,6,1.0,6376.52,6376.52,Low Activity
7147,Low,9.219994262948077e-72,5,1.0,22519.58,22519.58,Low Activity
1959,Low,8.499873368889704e-72,5,4.0,61061.19,15265.2975,High Value
4450,Low,8.476339519260179e-72,5,1.0,18173.8,18173.8,Low Activity
1411,Low,8.445136714763528e-72,5,2.0,33515.58,16757.79,Low Activity
5354,Low,8.335802409698435e-72,5,4.0,57221.58,14305.395,High Value
5790,Low,8.18624212670654e-72,5,2.0,21314.08,10657.04,Low Activity
4305,Low,7.981372049468598e-72,5,2.0,38235.29,19117.645,Low Activity
2368,Low,7.960539390013486e-72,5,3.0,45387.87,15129.29,Regular
250,Low,7.926820612775623e-72,5,1.0,14860.83,14860.83,Low Activity
7959,Low,7.912460366679611e-72,5,2.0,27640.0,13820.0,Low Activity
7667,Low,7.893643097567276e-72,5,4.0,47362.26,11840.565,High Value
350,Low,7.864398912978904e-72,5,4.0,47215.67,11803.9175,High Value
5229,Low,7.850740138516926e-72,5,2.0,18142.15,9071.075,Low Activity
4913,Low,7.818755173155147e-72,5,4.0,33822.090000000004,8455.522500000001,Regular
309,Low,7.785988020711749e-72,5,1.0,14180.88,14180.88,Low Activity
3366,Low,7.660085022787126e-72,5,3.0,42207.43,14069.143333333332,Regular
2779,Low,7.640168213001606e-72,5,3.0,41396.71,13798.903333333334,Regular
3356,Low,7.522818005372027e-72,5,4.0,40229.7,10057.425,Regular
6241,Low,7.500568643549732e-72,5,3.0,38775.29,12925.096666666666,Regular
278,Low,7.466639198131072e-72,5,3.0,36533.99,12177.996666666666,Regular
6494,Low,7.455678239607649e-72,5,2.0,23143.14,11571.57,Low Activity
1994,Low,7.394638945262042e-72,5,5.0,59324.26,11864.852,High Value
2723,Low,7.382082060528597e-72,5,5.0,38008.09,7601.617999999999,Regular
7286,Low,7.378930416037269e-72,5,3.0,35365.18,11788.393333333332,Regular
791,Low,7.331849126540192e-72,5,2.0,21440.95,10720.475,Low Activity
1246,Low,7.284837773042321e-72,5,2.0,29486.51,14743.255,Low Activity
6890,Low,7.277049971756785e-72,5,2.0,21169.4,10584.7,Low Activity
7633,Low,7.138518383650272e-72,5,4.0,32672.6,8168.15,Regular
7110,Low,7.083668228703105e-72,5,3.0,30729.46,10243.153333333334,Regular
5124,Low,7.024471245795124e-72,5,4.0,46842.74,11710.685,High Value
5919,Low,7.021377196453589e-72,5,6.0,68771.72,11461.953333333331,High Value
2035,Low,6.941701471977129e-72,5,2.0,19172.48,9586.24,Low Activity
7916,Low,6.883729812138747e-72,5,2.0,24558.050000000003,12279.025,Low Activity
4322,Low,6.872743322790638e-72,5,3.0,40304.12,13434.706666666663,Regular
5081,Low,6.770327852595779e-72,5,3.0,36779.89,12259.963333333331,Regular
1284,Low,6.748797381427075e-72,5,3.0,24693.56,8231.186666666666,Regular
154,Low,6.612125696470613e-72,5,2.0,22780.57,11390.285,Low Activity
7901,Low,6.587245701963937e-72,5,5.0,53910.47,10782.094,High Value
4418,Low,6.538732885692112e-72,5,1.0,7442.85,7442.85,Low Activity
4309,Low,6.526508679104306e-72,5,1.0,7384.77,7384.77,Low Activity
7950,Low,6.416994750665845e-72,5,7.0,75003.06,10714.722857142857,High Value
7622,Low,6.300913201412998e-72,5,1.0,6387.95,6387.95,Low Activity
4124,Low,6.239566856192462e-72,5,6.0,64451.46000000001,10741.910000000002,High Value
2573,Low,5.973926213010555e-72,5,2.0,9174.72,4587.36,Low Activity
123,Low,5.898937064353129e-72,5,1.0,4708.03,4708.03,Low Activity
3597,Low,5.500581118362511e-72,5,3.0,26820.71,8940.236666666666,Regular
649,Low,4.8556899290596646e-73,4,1.0,23034.12,23034.12,Low Activity
1173,Low,4.7660557094280906e-73,4,3.0,49266.81,16422.27,High Value
2680,Low,4.749822035218083e-73,4,2.0,44129.8,22064.9,Low Activity
4951,Low,4.491601247611501e-73,4,4.0,62576.51,15644.1275,High Value
6209,Low,4.4863365999165364e-73,4,5.0,92403.52,18480.704,High Value
7385,Low,4.386999900750347e-73,4,4.0,42003.57,10500.8925,Regular
2145,Low,4.283495098474738e-73,4,4.0,54053.96,13513.49,High Value
7803,Low,4.252970546762356e-73,4,5.0,41419.23,8283.846,Regular
7693,Low,4.225335022015556e-73,4,2.0,32245.97,16122.985,Low Activity
2038,Low,4.223241391392148e-73,4,3.0,49834.94,16611.646666666667,High Value
4982,Low,4.173140307793633e-73,4,3.0,45821.740000000005,15273.913333333336,Regular
941,Low,4.167386873932051e-73,4,4.0,51022.42,12755.605,High Value
2666,Low,4.0940748223810275e-73,4,1.0,14536.8,14536.8,Low Activity
7790,Low,4.063984245551082e-73,4,3.0,43557.07,14519.023333333333,Regular
2474,Low,4.040919340218314e-73,4,7.0,97872.99,13981.855714285712,High Value
6401,Low,4.032194945666503e-73,4,5.0,64927.06999999999,12985.414,High Value
1074,Low,3.974390154149209e-73,4,5.0,64032.07,12806.414,High Value
3621,Low,3.96915129228482e-73,4,1.0,13058.92,13058.92,Low Activity
3752,Low,3.968279699277675e-73,4,4.0,57917.85,14479.4625,High Value
1829,Low,3.862151586503477e-73,4,3.0,37710.72,12570.24,Regular
6539,Low,3.842584278902765e-73,4,1.0,11825.54,11825.54,Low Activity
1695,Low,3.836043031087174e-73,4,3.0,34801.67,11600.556666666664,Regular
978,Low,3.831798171900479e-73,4,1.0,11600.27,11600.27,Low Activity
3896,Low,3.826489662838228e-73,4,2.0,21567.48,10783.74,Low Activity
7839,Low,3.80892516133801e-73,4,2.0,21089.4,10544.7,Low Activity
2028,Low,3.8050765340489914e-73,4,3.0,33629.11,11209.703333333331,Regular
110,Low,3.76791706684388e-73,4,2.0,20674.47,10337.235,Low Activity
2529,Low,3.7622294784874904e-73,4,3.0,34194.19,11398.063333333334,Regular
3189,Low,3.756131934083315e-73,4,2.0,21994.09,10997.045,Low Activity
443,Low,3.756071238340893e-73,4,1.0,10920.58,10920.58,Low Activity
967,Low,3.741949734426012e-73,4,2.0,27703.67,13851.835,Low Activity
46,Low,3.7363059372000477e-73,4,2.0,27938.57,13969.285,Low Activity
6124,Low,3.733008143126816e-73,4,5.0,52931.59,10586.318,High Value
1585,Low,3.7152017562983655e-73,4,3.0,30348.14,10116.046666666669,Regular
6541,Low,3.683343267410649e-73,4,5.0,50626.21,10125.242,High Value
5021,Low,3.682605188024115e-73,4,2.0,18805.11,9402.555,Low Activity
1131,Low,3.6645560076122677e-73,4,2.0,18266.9,9133.45,Low Activity
6256,Low,3.658707836810718e-73,4,3.0,40276.21,13425.403333333334,Regular
4742,Low,3.647945591103062e-73,4,4.0,45422.44,11355.61,Regular
6568,Low,3.642692603986885e-73,4,2.0,17887.45,8943.725,Low Activity
3164,Low,3.631986376934377e-73,4,4.0,43804.02,10951.005,Regular
674,Low,3.6142429674775227e-73,4,5.0,64549.240000000005,12909.848000000002,High Value
5750,Low,3.586677941184509e-73,4,2.0,18497.78,9248.89,Low Activity
4768,Low,3.568916507649098e-73,4,4.0,41413.91,10353.4775,Regular
6294,Low,3.559172524063469e-73,4,6.0,64178.21,10696.368333333334,High Value
6864,Low,3.511665503517387e-73,4,3.0,25112.1,8370.699999999999,Regular
3568,Low,3.507784753176829e-73,4,4.0,38637.36,9659.34,Regular
2625,Low,3.497293336057451e-73,4,3.0,35231.78,11743.926666666666,Regular
7345,Low,3.4833971120826594e-73,4,5.0,38534.92,7706.983999999999,Regular
1942,Low,3.476810634780158e-73,4,1.0,9704.93,9704.93,Low Activity
5584,Low,3.429437873592714e-73,4,3.0,22757.15,7585.716666666667,Regular
6961,Low,3.404847492997575e-73,4,1.0,7387.49,7387.49,Low Activity
4393,Low,3.404014378463604e-73,4,5.0,51846.62,10369.324,High Value
6245,Low,3.397071604254691e-73,4,4.0,33634.06,8408.515,Regular
1797,Low,3.3869647352658795e-73,4,6.0,74922.59,12487.098333333332,High Value
2271,Low,3.386866998330886e-73,4,3.0,36959.53,12319.843333333332,Regular
482,Low,3.351464667667315e-73,4,4.0,21973.29,5493.3225,Regular
1503,Low,3.341438006534045e-73,4,5.0,48837.22,9767.444,High Value
4238,Low,3.3102862351096174e-73,4,3.0,29329.92,9776.64,Regular
2,Low,3.2886180461615024e-73,4,3.0,19035.14,6345.046666666666,Regular
7418,Low,3.1865168144340174e-73,4,2.0,10132.9,5066.45,Low Activity
134,Low,3.031906614601339e-73,4,4.0,31599.370000000003,7899.842500000001,Regular
469,Low,3.0241770121609886e-73,4,1.0,4324.13,4324.13,Low Activity
1480,Low,3.0192662254715645e-73,4,2.0,12692.91,6346.455,Low Activity
228,Low,2.435903337962516e-73,4,1.0,4360.72,4360.72,Low Activity
7479,Low,2.3714471490387296e-73,4,1.0,6046.14,6046.14,Low Activity
1973,Low,2.4379620108853993e-74,3,1.0,27379.72,27379.72,Low Activity
625,Low,2.4264439885182294e-74,3,2.0,39124.33,19562.165,Low Activity
6143,Low,2.4003289700776946e-74,3,1.0,26488.93,26488.93,Low Activity
6832,Low,2.3859198961337805e-74,3,4.0,65354.13,16338.5325,High Value
7474,Low,2.3816601888540285e-74,3,2.0,26772.88,13386.44,Low Activity
6655,Low,2.324440753441843e-74,3,4.0,60586.94,15146.735,High Value
5040,Low,2.3073354383666824e-74,3,3.0,39555.71,13185.236666666666,Regular
4659,Low,2.250702950646301e-74,3,4.0,57569.07,14392.2675,High Value
7949,Low,2.1997766082039653e-74,3,1.0,15831.31,15831.31,Low Activity
3024,Low,2.154471355615433e-74,3,6.0,76196.98,12699.496666666666,High Value
6145,Low,2.1502188655844653e-74,3,3.0,32426.5,10808.833333333334,Regular
6808,Low,2.145219214452159e-74,3,3.0,42774.69,14258.23,Regular
6571,Low,2.0879024568695213e-74,3,3.0,27322.620000000003,9107.54,Regular
1881,Low,2.0779387230267537e-74,3,3.0,39572.21,13190.736666666666,Regular
4081,Low,2.076802739922837e-74,3,2.0,24786.76,12393.38,Low Activity
6219,Low,2.076495607597272e-74,3,5.0,62814.12999999999,12562.825999999995,High Value
2944,Low,2.0587539458428928e-74,3,3.0,38605.51,12868.503333333334,Regular
7262,Low,2.0505110259836753e-74,3,4.0,40116.18,10029.045,Regular
7670,Low,2.050423372583126e-74,3,5.0,62450.76,12490.152,High Value
539,Low,2.043505636050455e-74,3,4.0,42907.19,10726.7975,Regular
4357,Low,2.0410043819514114e-74,3,3.0,36141.93,12047.31,Regular
3920,Low,2.035863454213128e-74,3,2.0,23011.56,11505.78,Low Activity
7296,Low,2.0352799629689525e-74,3,4.0,38883.18,9720.795,Regular
3860,Low,2.0313127494693632e-74,3,2.0,24876.84,12438.42,Low Activity
1265,Low,2.021458485740436e-74,3,3.0,37981.13,12660.376666666663,Regular
6049,Low,2.0183071455627474e-74,3,3.0,35503.3,11834.433333333334,Regular
5786,Low,2.013406330539625e-74,3,1.0,11952.9,11952.9,Low Activity
6361,Low,2.00512501680955e-74,3,6.0,58213.75,9702.291666666666,High Value
4883,Low,2.000963052505183e-74,3,2.0,21559.93,10779.965,Low Activity
1955,Low,1.997285404367923e-74,3,1.0,11680.11,11680.11,Low Activity
1048,Low,1.9959498740502457e-74,3,2.0,15110.9,7555.45,Low Activity
1325,Low,1.981157143447625e-74,3,4.0,36513.19,9128.2975,Regular
6411,Low,1.9643886297136557e-74,3,3.0,36254.130000000005,12084.71,Regular
4720,Low,1.9593883003062076e-74,3,3.0,32358.34,10786.113333333333,Regular
2642,Low,1.9580691102737627e-74,3,1.0,10787.79,10787.79,Low Activity
7765,Low,1.955376126906113e-74,3,2.0,19986.18,9993.09,Low Activity
1318,Low,1.941421530947398e-74,3,3.0,47573.490000000005,15857.830000000002,High Value
4620,Low,1.9322623266373626e-74,3,5.0,50383.83,10076.766,High Value
6033,Low,1.9247304590722667e-74,3,2.0,18882.74,9441.37,Low Activity
6978,Low,1.914342322343209e-74,3,1.0,9874.05,9874.05,Low Activity
7212,Low,1.9062547478905205e-74,3,2.0,18141.69,9070.845,Low Activity
5977,Low,1.8965622095775494e-74,3,2.0,17958.63,8979.315,Low Activity
1068,Low,1.890560260854158e-74,3,3.0,28114.82,9371.606666666668,Regular
3878,Low,1.8862570133600313e-74,3,4.0,41830.53,10457.6325,Regular
1602,Low,1.8810060920231135e-74,3,5.0,43707.86,8741.572,Regular
2290,Low,1.8762306531741013e-74,3,4.0,41887.09,10471.7725,Regular
5672,Low,1.869124745074368e-74,3,2.0,18511.48,9255.74,Low Activity
2056,Low,1.8682939146366495e-74,3,2.0,10126.46,5063.23,Low Activity
7771,Low,1.8434438945389713e-74,3,1.0,13203.75,13203.75,Low Activity
1573,Low,1.83032367194977e-74,3,1.0,8447.76,8447.76,Low Activity
7261,Low,1.8208537414170614e-74,3,4.0,37141.96,9285.49,Regular
7686,Low,1.819661855384771e-74,3,6.0,81417.11,13569.518333333332,High Value
3671,Low,1.8183326405493603e-74,3,1.0,17020.78,17020.78,Low Activity
7770,Low,1.7834579290112723e-74,3,1.0,11760.28,11760.28,Low Activity
4325,Low,1.7817929172340916e-74,3,2.0,22544.51,11272.255,Low Activity
6696,Low,1.7747663188321657e-74,3,4.0,38877.2,9719.3,Regular
572,Low,1.7727375522013445e-74,3,3.0,23487.17,7829.056666666666,Regular
7986,Low,1.7717727530315525e-74,3,4.0,64356.36,16089.09,High Value
3833,Low,1.7594925444846375e-74,3,6.0,50873.18,8478.863333333333,High Value
2788,Low,1.7547680504853075e-74,3,4.0,34328.22,8582.055,Regular
224,Low,1.737900341257549e-74,3,4.0,33715.46,8428.865,Regular
3634,Low,1.7221734327474877e-74,3,6.0,66836.33,11139.388333333334,High Value
4812,Low,1.7083320649895186e-74,3,2.0,17641.9,8820.95,Low Activity
4890,Low,1.6976574317917831e-74,3,2.0,18768.4,9384.2,Low Activity
3745,Low,1.6940135960850084e-74,3,2.0,17014.25,8507.125,Low Activity
388,Low,1.6768798108946034e-74,3,1.0,13467.62,13467.62,Low Activity
6312,Low,1.6369152209809295e-74,3,2.0,14704.09,7352.045,Low Activity
243,Low,1.6343204120007036e-74,3,1.0,8478.68,8478.68,Low Activity
1467,Low,1.6082153042277916e-74,3,1.0,7952.21,7952.21,Low Activity
4471,Low,1.5970328138619822e-74,3,4.0,35674.79,8918.6975,Regular
4979,Low,1.531959147433811e-74,3,2.0,10982.09,5491.045,Low Activity
5588,Low,1.327326976591749e-75,2,2.0,32430.68,16215.34,Low Activity
7644,Low,1.267471574827211e-75,2,5.0,78530.23999999999,15706.048,High Value
5592,Low,1.2451537925793537e-75,2,3.0,43265.22,14421.74,Regular
2361,Low,1.2327955570439884e-75,2,3.0,57122.06,19040.686666666665,High Value
7112,Low,1.1629266623607195e-75,2,2.0,21372.82,10686.41,Low Activity
7736,Low,1.1340766410795511e-75,2,2.0,30853.61,15426.805,Low Activity
4040,Low,1.125974751242114e-75,2,3.0,44746.86,14915.62,Regular
3293,Low,1.118298420684754e-75,2,6.0,76622.76,12770.46,High Value
1160,Low,1.0812481722453789e-75,2,2.0,24568.2,12284.1,Low Activity
6233,Low,1.077991306516109e-75,2,3.0,26298.38,8766.126666666667,Regular
1728,Low,1.07500551198116e-75,2,1.0,18077.77,18077.77,Low Activity
5836,Low,1.0740689730410544e-75,2,2.0,25954.52,12977.26,Low Activity
1128,Low,1.0703283795054678e-75,2,3.0,37917.55,12639.183333333334,Regular
1724,Low,1.0574483180205596e-75,2,2.0,31617.31,15808.655,Low Activity
2455,Low,1.0518601553363699e-75,2,2.0,31116.68,15558.34,Low Activity
7302,Low,1.0466461487495052e-75,2,3.0,34356.380000000005,11452.126666666669,Regular
174,Low,1.0309473311860395e-75,2,1.0,11207.04,11207.04,Low Activity
2006,Low,1.0278955511847743e-75,2,4.0,51384.48,12846.12,High Value
7592,Low,1.024315551378473e-75,2,3.0,45285.66,15095.22,Regular
6228,Low,1.0235328336243607e-75,2,2.0,28682.79,14341.395,Low Activity
1028,Low,1.0232378150506726e-75,2,1.0,10913.04,10913.04,Low Activity
4323,Low,1.02153273025536e-75,2,6.0,76592.36,12765.393333333332,High Value
7543,Low,1.0196865916257956e-75,2,1.0,10829.03,10829.03,Low Activity
2205,Low,1.0164231904663679e-75,2,3.0,20179.84,6726.613333333334,Regular
3975,Low,1.0148872323807297e-75,2,4.0,49558.58,12389.645,High Value
6402,Low,1.0074572988782837e-75,2,3.0,30543.66,10181.22,Regular
4434,Low,9.987592686550507e-76,2,2.0,18389.04,9194.52,Low Activity
2525,Low,9.901398861910575e-76,2,3.0,40781.02,13593.673333333334,Regular
2721,Low,9.751745818407655e-76,2,2.0,16991.51,8495.755,Low Activity
3512,Low,9.711004863149276e-76,2,5.0,62805.86,12561.172,High Value
2034,Low,9.66111684062056e-76,2,2.0,16230.06,8115.030000000001,Low Activity
179,Low,9.652934813631783e-76,2,2.0,17659.94,8829.97,Low Activity
2995,Low,9.536656304973842e-76,2,2.0,15177.31,7588.655000000001,Low Activity
809,Low,9.483901902154589e-76,2,2.0,30764.64,15382.32,Low Activity
5280,Low,9.4390886239909e-76,2,5.0,57165.38,11433.076,High Value
1069,Low,9.270218627024307e-76,2,4.0,35829.72,8957.43,Regular
3552,Low,9.181345841789917e-76,2,2.0,19583.31,9791.655,Low Activity
2386,Low,9.173249550244473e-76,2,8.0,108927.97,13615.99625,High Value
4311,Low,9.145724782008122e-76,2,3.0,30758.26,10252.753333333334,Regular
1793,Low,9.097986159298029e-76,2,4.0,47602.55,11900.6375,High Value
7719,Low,9.089754246496587e-76,2,2.0,12520.28,6260.139999999999,Low Activity
2700,Low,9.07335225743777e-76,2,1.0,10799.3,10799.3,Low Activity
7658,Low,9.002998088546887e-76,2,2.0,18308.89,9154.445,Low Activity
2108,Low,8.933818579503739e-76,2,2.0,12825.64,6412.82,Low Activity
7819,Low,8.249754334657876e-76,2,2.0,7982.58,3991.29,Low Activity
2979,Low,7.899489583646572e-76,2,1.0,13240.69,13240.69,Low Activity
95,Low,7.834142600226473e-76,2,1.0,3309.92,3309.92,Low Activity
7972,Low,7.738580507647098e-76,2,1.0,5571.78,5571.78,Low Activity
6369,Low,7.184644747721134e-76,2,1.0,3928.95,3928.95,Low Activity
333,Low,6.225394289269706e-77,1,2.0,33365.06,16682.53,Low Activity
6659,Low,5.899891645916675e-77,1,3.0,31271.07,10423.69,Regular
1976,Low,5.819924892710504e-77,1,6.0,74635.58,12439.263333333334,High Value
6348,Low,5.7869504167226254e-77,1,6.0,71692.17,11948.695,High Value
1076,Low,5.7652592620330285e-77,1,3.0,42314.94,14104.98,Regular
4164,Low,5.7620220141851934e-77,1,3.0,44269.78999999999,14756.596666666665,Regular
5708,Low,5.6694825714293954e-77,1,5.0,63852.08,12770.416,High Value
2315,Low,5.621246235027782e-77,1,4.0,41353.98,10338.495,Regular
6493,Low,5.5995460459633455e-77,1,4.0,41598.7,10399.675,Regular
1864,Low,5.525306097597708e-77,1,2.0,22511.98,11255.99,Low Activity
1899,Low,5.454057069786977e-77,1,3.0,36066.82,12022.273333333333,Regular
1718,Low,5.445171354596574e-77,1,3.0,34405.56,11468.52,Regular
4965,Low,5.4446202273754335e-77,1,3.0,23338.98,7779.66,Regular
5310,Low,5.421259385189508e-77,1,3.0,36043.91,12014.636666666667,Regular
375,Low,5.404073313244069e-77,1,2.0,29278.49,14639.245,Low Activity
324,Low,5.348924136309278e-77,1,4.0,49647.95,12411.9875,High Value
1657,Low,5.328954060579646e-77,1,1.0,10900.2,10900.2,Low Activity
97,Low,5.316700998986721e-77,1,4.0,33177.39,8294.3475,Regular
1785,Low,5.276371034207523e-77,1,3.0,31281.97,10427.323333333334,Regular
816,Low,5.248781200039766e-77,1,3.0,30314.439999999995,10104.813333333332,Regular
1378,Low,5.244531243870935e-77,1,4.0,48263.03,12065.7575,High Value
5345,Low,5.239310009257064e-77,1,2.0,18924.26,9462.13,Low Activity
5460,Low,5.222014215389277e-77,1,6.0,73851.72,12308.62,High Value
4396,Low,5.165907017496416e-77,1,4.0,43834.06,10958.515,Regular
40,Low,5.144193031228425e-77,1,3.0,40001.99,13333.996666666666,Regular
1723,Low,5.092477286227894e-77,1,3.0,38144.630000000005,12714.876666666669,Regular
3644,Low,5.09202004263661e-77,1,7.0,68344.95999999999,9763.565714285713,High Value
5002,Low,5.041687247902317e-77,1,3.0,37440.54,12480.18,Regular
7968,Low,5.024222704061135e-77,1,2.0,16197.54,8098.77,Low Activity
1357,Low,5.014542574652214e-77,1,2.0,23492.02,11746.01,Low Activity
2526,Low,4.9577630616396705e-77,1,2.0,22576.14,11288.07,Low Activity
3219,Low,4.952753877849035e-77,1,2.0,15265.02,7632.51,Low Activity
5612,Low,4.946453309192559e-77,1,3.0,35072.07,11690.69,Regular
6664,Low,4.888065914851211e-77,1,3.0,23122.86,7707.62,Regular
6969,Low,4.869086794737351e-77,1,5.0,52488.56,10497.712,High Value
1167,Low,4.866486433410735e-77,1,4.0,49865.56,12466.39,High Value
3290,Low,4.827609815826342e-77,1,2.0,13616.8,6808.4,Low Activity
3842,Low,4.803209100484971e-77,1,3.0,21555.99,7185.330000000001,Regular
1893,Low,4.797880716894168e-77,1,4.0,33597.85,8399.4625,Regular
6409,Low,4.659452774834628e-77,1,2.0,17728.72,8864.36,Low Activity
2201,Low,4.589784497649141e-77,1,2.0,10945.490000000002,5472.745000000001,Low Activity
10,Low,4.5750895695130345e-77,1,6.0,63665.25,10610.875,High Value
5223,Low,4.511432440582489e-77,1,3.0,34770.06,11590.02,Regular
824,Low,4.50544365772735e-77,1,2.0,16866.4,8433.2,Low Activity
851,Low,3.9151380735857484e-77,1,1.0,7619.53,7619.53,Low Activity
1059,Low,3.3342105216096052e-77,1,1.0,3566.56,3566.56,Low Activity
5238,Low,3.6745523490213173e-78,0,1.0,24221.96,24221.96,Low Activity
6577,Low,3.2626761764415826e-78,0,4.0,58910.02,14727.505,High Value
3923,Low,3.2521493833942426e-78,0,2.0,33853.53,16926.765,Low Activity
6308,Low,3.1406787085925686e-78,0,2.0,30292.39,15146.195,Low Activity
6270,Low,3.135367929787995e-78,0,4.0,37375.9,9343.975,Regular
4247,Low,3.117113177561396e-78,0,2.0,29397.06,14698.53,Low Activity
4467,Low,3.1094294399125066e-78,0,1.0,15695.2,15695.2,Low Activity
6685,Low,3.108450481967348e-78,0,7.0,112598.6,16085.514285714287,High Value
2495,Low,2.9524309262479007e-78,0,3.0,39916.380000000005,13305.46,Regular
2783,Low,2.951531035277524e-78,0,4.0,44193.76,11048.44,Regular
3255,Low,2.937168710647561e-78,0,2.0,24274.4,12137.2,Low Activity
2702,Low,2.9248015910096315e-78,0,1.0,12969.44,12969.44,Low Activity
7909,Low,2.9157330610316235e-78,0,2.0,32924.44,16462.22,Low Activity
2789,Low,2.863643119328175e-78,0,5.0,58334.43,11666.886,High Value
703,Low,2.821421549674649e-78,0,4.0,38988.0,9747.0,Regular
6779,Low,2.8072065899997677e-78,0,3.0,32614.48,10871.493333333334,Regular
6937,Low,2.764476357476124e-78,0,3.0,31244.46,10414.82,Regular
4808,Low,2.745428934410431e-78,0,3.0,21449.61,7149.87,Regular
1542,Low,2.7391748141843076e-78,0,6.0,50644.23,8440.705,High Value
7274,Low,2.7299093834067513e-78,0,2.0,26728.9,13364.45,Low Activity
4178,Low,2.721201631219829e-78,0,5.0,48709.45,9741.89,High Value
384,Low,2.7072664411353045e-78,0,1.0,9898.31,9898.31,Low Activity
2660,Low,2.6952696883223513e-78,0,1.0,9735.35,9735.35,Low Activity
5421,Low,2.692459273820121e-78,0,5.0,47357.96,9471.592,High Value
3454,Low,2.692308071758887e-78,0,2.0,17962.3,8981.15,Low Activity
6735,Low,2.6865731860446913e-78,0,6.0,66769.15,11128.191666666666,High Value
217,Low,2.682764930410393e-78,0,3.0,28527.45,9509.15,Regular
5078,Low,2.6751117320881633e-78,0,5.0,44270.11,8854.022,Regular
101,Low,2.6627713743532847e-78,0,1.0,13858.68,13858.68,Low Activity
210,Low,2.650762070310269e-78,0,2.0,44120.69,22060.345,Low Activity
7405,Low,2.6363511196498594e-78,0,4.0,41042.12,10260.53,Regular
1406,Low,2.623026403822924e-78,0,5.0,42834.72,8566.944,Regular
282,Low,2.620916558705187e-78,0,3.0,37188.43,12396.143333333332,Regular
5235,Low,2.612202497194573e-78,0,2.0,22926.25,11463.125,Low Activity
6939,Low,2.604319512311597e-78,0,3.0,25518.32,8506.106666666667,Regular
2544,Low,2.6017426446279767e-78,0,2.0,22495.74,11247.87,Low Activity
5841,Low,2.601134277116715e-78,0,2.0,15574.47,7787.235,Low Activity
1537,Low,2.5700765697378035e-78,0,3.0,14829.56,4943.1866666666665,Regular
4264,Low,2.5633479731138426e-78,0,4.0,51242.96,12810.74,High Value
7031,Low,2.5521852501051414e-78,0,3.0,33856.82000000001,11285.606666666668,Regular
2176,Low,2.5006112900456693e-78,0,3.0,31430.83,10476.943333333336,Regular
1453,Low,2.491843442244177e-78,0,5.0,49299.030000000006,9859.806,High Value
6509,Low,2.447514561041322e-78,0,2.0,18348.17,9174.085,Low Activity
4343,Low,2.4165971898106996e-78,0,3.0,29290.25,9763.416666666666,Regular
904,Low,2.393538972678387e-78,0,3.0,26473.19,8824.396666666666,Regular
4678,Low,2.310308122156724e-78,0,3.0,33214.53,11071.51,Regular
5487,Low,2.2124350580557016e-78,0,3.0,20488.09,6829.363333333334,Regular
3231,Low,2.1339053712575327e-78,0,1.0,3381.45,3381.45,Low Activity
5951,Low,2.0779639439927526e-78,0,4.0,33323.94,8330.985,Regular
