customer_id,r_days,f_orders,m_spend,r_score,f_score,m_score,cluster,segment,total_spend,total_orders,average_order_value,customer_value_segment
1,63,2.0,16719.55,4,3,2,4,Loyal Customers,16719.55,2.0,8359.775,Low Activity
2,4,3.0,19035.14,5,3,3,4,Loyal Customers,19035.14,3.0,6345.046666666666,Regular
6,30,3.0,27992.45,4,3,4,4,Loyal Customers,27992.45,3.0,9330.816666666666,Regular
7,214,3.0,32901.05,1,3,4,2,At Risk - High Value,32901.05,3.0,10967.016666666668,Regular
8,145,4.0,38243.76,2,3,5,2,At Risk - High Value,38243.76,4.0,9560.94,Regular
9,141,5.0,67081.53,2,3,5,0,Champions,67081.53,5.0,13416.306,High Value
10,1,6.0,63665.25,5,3,5,0,Champions,63665.25,6.0,10610.875,High Value
11,142,5.0,45740.26,2,3,5,0,Champions,45740.26,5.0,9148.052,Regular
12,186,2.0,31262.08,2,3,4,2,At Risk - High Value,31262.08,2.0,15631.04,Low Activity
14,298,1.0,11565.65,1,3,1,1,Hibernating,11565.65,1.0,11565.65,Low Activity
15,99,2.0,18419.65,3,3,2,2,At Risk - High Value,18419.65,2.0,9209.825,Low Activity
17,132,4.0,50974.19,2,3,5,0,Champions,50974.19,4.0,12743.5475,High Value
18,66,3.0,32569.51,4,3,4,4,Loyal Customers,32569.51,3.0,10856.503333333334,Regular
19,214,3.0,24858.74,1,3,3,2,At Risk - High Value,24858.74,3.0,8286.246666666666,Regular
20,42,3.0,25190.62,4,3,3,4,Loyal Customers,25190.62,3.0,8396.873333333333,Regular
21,24,2.0,24555.56,5,3,3,4,Loyal Customers,24555.56,2.0,12277.78,Low Activity
22,207,2.0,17827.36,1,3,2,2,At Risk - High Value,17827.36,2.0,8913.68,Low Activity
23,54,3.0,37585.19,4,3,4,4,Loyal Customers,37585.19,3.0,12528.396666666667,Regular
24,29,1.0,10854.39,4,3,1,3,Potential Loyalist,10854.39,1.0,10854.39,Low Activity
25,204,1.0,6569.78,1,3,1,1,Hibernating,6569.78,1.0,6569.78,Low Activity
26,36,3.0,21586.78,4,3,3,4,Loyal Customers,21586.78,3.0,7195.593333333333,Regular
27,14,1.0,15017.36,5,3,2,3,Potential Loyalist,15017.36,1.0,15017.36,Low Activity
28,16,2.0,13779.08,5,3,2,4,Loyal Customers,13779.08,2.0,6889.54,Low Activity
30,231,4.0,35295.81,1,3,4,2,At Risk - High Value,35295.81,4.0,8823.9525,Regular
31,162,1.0,10280.33,2,3,1,1,Hibernating,10280.33,1.0,10280.33,Low Activity
33,31,2.0,27553.08,4,3,4,4,Loyal Customers,27553.08,2.0,13776.54,Low Activity
34,60,1.0,12706.93,4,3,2,3,Potential Loyalist,12706.93,1.0,12706.93,Low Activity
35,73,3.0,33370.22,3,3,4,2,At Risk - High Value,33370.22,3.0,11123.406666666668,Regular
36,37,4.0,51891.25,4,3,5,0,Champions,51891.25,4.0,12972.8125,High Value
37,312,1.0,3457.64,1,3,1,1,Hibernating,3457.64,1.0,3457.64,Low Activity
38,88,2.0,11391.35,3,3,1,3,Potential Loyalist,11391.35,2.0,5695.675,Low Activity
39,206,3.0,37916.67,1,3,4,2,At Risk - High Value,37916.67,3.0,12638.89,Regular
40,1,3.0,40001.99,5,3,5,4,Loyal Customers,40001.99,3.0,13333.996666666666,Regular
41,359,1.0,15931.16,1,3,2,1,Hibernating,15931.16,1.0,15931.16,Low Activity
43,128,2.0,29474.01,3,3,4,2,At Risk - High Value,29474.01,2.0,14737.005,Low Activity
44,191,3.0,40438.93,2,3,5,2,At Risk - High Value,40438.93,3.0,13479.643333333332,Regular
45,196,3.0,31572.59,2,3,4,2,At Risk - High Value,31572.59,3.0,10524.196666666669,Regular
46,4,2.0,27938.57,5,3,4,4,Loyal Customers,27938.57,2.0,13969.285,Low Activity
48,234,1.0,14330.67,1,3,2,1,Hibernating,14330.67,1.0,14330.67,Low Activity
49,237,2.0,38799.23,1,3,5,2,At Risk - High Value,38799.23,2.0,19399.615,Low Activity
50,78,4.0,47992.73,3,3,5,0,Champions,47992.73,4.0,11998.1825,High Value
51,243,2.0,25391.39,1,3,3,2,At Risk - High Value,25391.39,2.0,12695.695,Low Activity
52,231,2.0,21401.59,1,3,3,2,At Risk - High Value,21401.59,2.0,10700.795,Low Activity
53,26,5.0,52255.17,5,3,5,0,Champions,52255.17,5.0,10451.034,High Value
54,29,2.0,21589.120000000003,4,3,3,4,Loyal Customers,21589.120000000003,2.0,10794.56,Low Activity
55,68,3.0,22658.93,4,3,3,4,Loyal Customers,22658.93,3.0,7552.976666666666,Regular
56,314,1.0,10495.82,1,3,1,1,Hibernating,10495.82,1.0,10495.82,Low Activity
58,119,3.0,24551.66,3,3,3,2,At Risk - High Value,24551.66,3.0,8183.886666666666,Regular
59,57,3.0,38918.96,4,3,5,0,Champions,38918.96,3.0,12972.986666666666,Regular
60,157,2.0,19252.34,2,3,3,2,At Risk - High Value,19252.34,2.0,9626.17,Low Activity
61,187,2.0,24406.0,2,3,3,2,At Risk - High Value,24406.0,2.0,12203.0,Low Activity
62,69,1.0,16319.88,3,3,2,3,Potential Loyalist,16319.88,1.0,16319.88,Low Activity
63,65,2.0,15731.02,4,3,2,4,Loyal Customers,15731.02,2.0,7865.51,Low Activity
64,90,3.0,33921.740000000005,3,3,4,2,At Risk - High Value,33921.740000000005,3.0,11307.246666666668,Regular
65,186,1.0,18604.16,2,3,3,1,Hibernating,18604.16,1.0,18604.16,Low Activity
66,247,3.0,56039.31,1,3,5,2,At Risk - High Value,56039.31,3.0,18679.77,High Value
67,333,1.0,10134.61,1,3,1,1,Hibernating,10134.61,1.0,10134.61,Low Activity
68,28,3.0,23631.77,4,3,3,4,Loyal Customers,23631.77,3.0,7877.256666666665,Regular
69,20,4.0,46289.72,5,3,5,0,Champions,46289.72,4.0,11572.43,High Value
70,230,1.0,9118.61,1,3,1,1,Hibernating,9118.61,1.0,9118.61,Low Activity
71,8,3.0,41216.25,5,3,5,4,Loyal Customers,41216.25,3.0,13738.75,Regular
72,94,5.0,68096.74,3,3,5,0,Champions,68096.74,5.0,13619.348000000002,High Value
74,6,4.0,38705.0,5,3,5,0,Champions,38705.0,4.0,9676.25,Regular
75,192,1.0,7077.67,2,3,1,1,Hibernating,7077.67,1.0,7077.67,Low Activity
76,39,2.0,21609.390000000003,4,3,3,4,Loyal Customers,21609.390000000003,2.0,10804.695000000002,Low Activity
77,69,3.0,28537.460000000003,3,3,4,2,At Risk - High Value,28537.460000000003,3.0,9512.486666666668,Regular
78,21,2.0,25703.83,5,3,3,4,Loyal Customers,25703.83,2.0,12851.915,Low Activity
79,65,6.0,73607.47,4,3,5,0,Champions,73607.47,6.0,12267.911666666669,High Value
80,155,2.0,16783.88,2,3,2,2,At Risk - High Value,16783.88,2.0,8391.94,Low Activity
82,298,1.0,8801.1,1,3,1,1,Hibernating,8801.1,1.0,8801.1,Low Activity
83,50,4.0,38624.92,4,3,5,0,Champions,38624.92,4.0,9656.23,Regular
84,167,2.0,18823.38,2,3,3,2,At Risk - High Value,18823.38,2.0,9411.69,Low Activity
86,112,3.0,33141.68,3,3,4,2,At Risk - High Value,33141.68,3.0,11047.226666666667,Regular
87,340,1.0,10335.18,1,3,1,1,Hibernating,10335.18,1.0,10335.18,Low Activity
88,88,1.0,11222.17,3,3,1,3,Potential Loyalist,11222.17,1.0,11222.17,Low Activity
89,60,2.0,27733.65,4,3,4,4,Loyal Customers,27733.65,2.0,13866.825,Low Activity
90,215,1.0,26944.93,1,3,4,1,Hibernating,26944.93,1.0,26944.93,Low Activity
91,164,2.0,43981.02,2,3,5,2,At Risk - High Value,43981.02,2.0,21990.51,Low Activity
92,113,3.0,26229.31,3,3,3,2,At Risk - High Value,26229.31,3.0,8743.103333333333,Regular
93,72,2.0,18053.32,3,3,2,2,At Risk - High Value,18053.32,2.0,9026.66,Low Activity
94,19,5.0,59321.28,5,3,5,0,Champions,59321.28,5.0,11864.256,High Value
95,2,1.0,3309.92,5,3,1,3,Potential Loyalist,3309.92,1.0,3309.92,Low Activity
96,170,3.0,14931.21,2,3,2,2,At Risk - High Value,14931.21,3.0,4977.07,Regular
97,1,4.0,33177.39,5,3,4,0,Champions,33177.39,4.0,8294.3475,Regular
98,132,1.0,8946.26,2,3,1,1,Hibernating,8946.26,1.0,8946.26,Low Activity
99,48,1.0,14919.69,4,3,2,3,Potential Loyalist,14919.69,1.0,14919.69,Low Activity
100,348,1.0,13133.46,1,3,2,1,Hibernating,13133.46,1.0,13133.46,Low Activity
101,0,1.0,13858.68,5,3,2,3,Potential Loyalist,13858.68,1.0,13858.68,Low Activity
103,156,2.0,20041.71,2,3,3,2,At Risk - High Value,20041.71,2.0,10020.855,Low Activity
104,7,2.0,38609.75,5,3,5,4,Loyal Customers,38609.75,2.0,19304.875,Low Activity
105,33,2.0,25562.14,4,3,3,4,Loyal Customers,25562.14,2.0,12781.07,Low Activity
106,102,2.0,18939.4,3,3,3,2,At Risk - High Value,18939.4,2.0,9469.7,Low Activity
107,119,3.0,31276.73,3,3,4,2,At Risk - High Value,31276.73,3.0,10425.576666666666,Regular
108,114,2.0,28581.140000000003,3,3,4,2,At Risk - High Value,28581.140000000003,2.0,14290.570000000002,Low Activity
109,89,2.0,22204.04,3,3,3,2,At Risk - High Value,22204.04,2.0,11102.02,Low Activity
110,4,2.0,20674.47,5,3,3,4,Loyal Customers,20674.47,2.0,10337.235,Low Activity
111,321,1.0,22607.52,1,3,3,1,Hibernating,22607.52,1.0,22607.52,Low Activity
112,71,3.0,35605.0,3,3,4,2,At Risk - High Value,35605.0,3.0,11868.333333333334,Regular
113,103,1.0,7988.02,3,3,1,3,Potential Loyalist,7988.02,1.0,7988.02,Low Activity
114,54,4.0,45628.7,4,3,5,0,Champions,45628.7,4.0,11407.175,Regular
115,37,3.0,30010.42,4,3,4,4,Loyal Customers,30010.42,3.0,10003.473333333332,Regular
116,9,3.0,30799.46,5,3,4,4,Loyal Customers,30799.46,3.0,10266.486666666666,Regular
117,158,3.0,35069.61,2,3,4,2,At Risk - High Value,35069.61,3.0,11689.87,Regular
118,34,3.0,24853.73,4,3,3,4,Loyal Customers,24853.73,3.0,8284.576666666666,Regular
119,10,4.0,52587.08,5,3,5,0,Champions,52587.08,4.0,13146.77,High Value
120,208,1.0,18107.93,1,3,2,1,Hibernating,18107.93,1.0,18107.93,Low Activity
121,33,3.0,33963.96,4,3,4,4,Loyal Customers,33963.96,3.0,11321.32,Regular
122,59,2.0,21708.45,4,3,3,4,Loyal Customers,21708.45,2.0,10854.225,Low Activity
123,5,1.0,4708.03,5,3,1,3,Potential Loyalist,4708.03,1.0,4708.03,Low Activity
124,74,4.0,61038.06,3,3,5,0,Champions,61038.06,4.0,15259.515,High Value
125,17,2.0,11504.11,5,3,1,4,Loyal Customers,11504.11,2.0,5752.055,Low Activity
126,75,3.0,42045.32,3,3,5,0,Champions,42045.32,3.0,14015.106666666668,Regular
127,145,2.0,35560.37,2,3,4,2,At Risk - High Value,35560.37,2.0,17780.185,Low Activity
128,137,2.0,20990.01,2,3,3,2,At Risk - High Value,20990.01,2.0,10495.005,Low Activity
129,167,2.0,17967.9,2,3,2,2,At Risk - High Value,17967.9,2.0,8983.95,Low Activity
130,157,2.0,15938.96,2,3,2,2,At Risk - High Value,15938.96,2.0,7969.48,Low Activity
131,15,2.0,44554.96,5,3,5,4,Loyal Customers,44554.96,2.0,22277.48,Low Activity
132,170,3.0,28990.35,2,3,4,2,At Risk - High Value,28990.35,3.0,9663.45,Regular
133,57,4.0,34591.68,4,3,4,0,Champions,34591.68,4.0,8647.92,Regular
134,4,4.0,31599.370000000003,5,3,4,0,Champions,31599.370000000003,4.0,7899.842500000001,Regular
135,192,1.0,27604.68,2,3,4,2,At Risk - High Value,27604.68,1.0,27604.68,Low Activity
136,11,2.0,25997.31,5,3,3,4,Loyal Customers,25997.31,2.0,12998.655,Low Activity
137,318,1.0,15634.95,1,3,2,1,Hibernating,15634.95,1.0,15634.95,Low Activity
138,176,1.0,10921.62,2,3,1,1,Hibernating,10921.62,1.0,10921.62,Low Activity
139,143,2.0,33581.39,2,3,4,2,At Risk - High Value,33581.39,2.0,16790.695,Low Activity
140,66,1.0,12888.05,4,3,2,3,Potential Loyalist,12888.05,1.0,12888.05,Low Activity
141,83,2.0,29276.93,3,3,4,2,At Risk - High Value,29276.93,2.0,14638.465,Low Activity
143,82,5.0,63941.19,3,3,5,0,Champions,63941.19,5.0,12788.238,High Value
144,10,2.0,11359.9,5,3,1,4,Loyal Customers,11359.9,2.0,5679.95,Low Activity
145,17,3.0,54740.21000000001,5,3,5,0,Champions,54740.21000000001,3.0,18246.736666666668,High Value
146,296,1.0,6696.74,1,3,1,1,Hibernating,6696.74,1.0,6696.74,Low Activity
147,42,4.0,38502.88,4,3,5,0,Champions,38502.88,4.0,9625.72,Regular
148,13,4.0,28229.87,5,3,4,0,Champions,28229.87,4.0,7057.4675,Regular
149,242,1.0,11550.89,1,3,1,1,Hibernating,11550.89,1.0,11550.89,Low Activity
151,328,1.0,9583.28,1,3,1,1,Hibernating,9583.28,1.0,9583.28,Low Activity
153,314,1.0,10149.54,1,3,1,1,Hibernating,10149.54,1.0,10149.54,Low Activity
154,5,2.0,22780.57,5,3,3,4,Loyal Customers,22780.57,2.0,11390.285,Low Activity
155,178,4.0,50226.28,2,3,5,0,Champions,50226.28,4.0,12556.57,High Value
156,83,5.0,46176.15,3,3,5,0,Champions,46176.15,5.0,9235.23,High Value
157,64,3.0,17664.6,4,3,2,4,Loyal Customers,17664.6,3.0,5888.2,Regular
158,143,2.0,11240.94,2,3,1,1,Hibernating,11240.94,2.0,5620.469999999999,Low Activity
160,61,1.0,6625.16,4,3,1,3,Potential Loyalist,6625.16,1.0,6625.16,Low Activity
161,246,1.0,10098.88,1,3,1,1,Hibernating,10098.88,1.0,10098.88,Low Activity
162,177,1.0,19172.13,2,3,3,1,Hibernating,19172.13,1.0,19172.13,Low Activity
164,70,3.0,28429.22,3,3,4,2,At Risk - High Value,28429.22,3.0,9476.406666666668,Regular
165,24,2.0,33453.84,5,3,4,4,Loyal Customers,33453.84,2.0,16726.92,Low Activity
166,116,5.0,65898.95999999999,3,3,5,0,Champions,65898.95999999999,5.0,13179.791999999998,High Value
167,14,4.0,38002.68,5,3,4,0,Champions,38002.68,4.0,9500.67,Regular
168,51,2.0,14394.28,4,3,2,4,Loyal Customers,14394.28,2.0,7197.139999999999,Low Activity
169,136,4.0,58047.12,2,3,5,0,Champions,58047.12,4.0,14511.78,High Value
170,33,3.0,29063.63,4,3,4,4,Loyal Customers,29063.63,3.0,9687.876666666663,Regular
171,209,1.0,21907.57,1,3,3,1,Hibernating,21907.57,1.0,21907.57,Low Activity
172,7,2.0,17540.79,5,3,2,4,Loyal Customers,17540.79,2.0,8770.395,Low Activity
173,21,1.0,19156.74,5,3,3,3,Potential Loyalist,19156.74,1.0,19156.74,Low Activity
174,2,1.0,11207.04,5,3,1,3,Potential Loyalist,11207.04,1.0,11207.04,Low Activity
175,52,3.0,35816.68,4,3,4,4,Loyal Customers,35816.68,3.0,11938.893333333332,Regular
176,29,2.0,29162.91,4,3,4,4,Loyal Customers,29162.91,2.0,14581.454999999998,Low Activity
177,28,4.0,40474.56,4,3,5,0,Champions,40474.56,4.0,10118.64,Regular
178,81,3.0,49043.91,3,3,5,0,Champions,49043.91,3.0,16347.97,High Value
179,2,2.0,17659.94,5,3,2,4,Loyal Customers,17659.94,2.0,8829.97,Low Activity
182,84,3.0,42754.71,3,3,5,0,Champions,42754.71,3.0,14251.57,Regular
183,181,3.0,29224.53,2,3,4,2,At Risk - High Value,29224.53,3.0,9741.51,Regular
184,75,3.0,22129.730000000003,3,3,3,2,At Risk - High Value,22129.730000000003,3.0,7376.576666666668,Regular
185,158,1.0,11601.6,2,3,2,1,Hibernating,11601.6,1.0,11601.6,Low Activity
186,48,2.0,21035.25,4,3,3,4,Loyal Customers,21035.25,2.0,10517.625,Low Activity
187,11,3.0,30658.74,5,3,4,4,Loyal Customers,30658.74,3.0,10219.58,Regular
188,12,3.0,32861.11,5,3,4,4,Loyal Customers,32861.11,3.0,10953.703333333331,Regular
189,15,2.0,11694.4,5,3,2,4,Loyal Customers,11694.4,2.0,5847.2,Low Activity
190,26,2.0,30082.370000000003,5,3,4,4,Loyal Customers,30082.370000000003,2.0,15041.185,Low Activity
191,27,1.0,10172.46,5,3,1,3,Potential Loyalist,10172.46,1.0,10172.46,Low Activity
192,158,6.0,82083.01,2,3,5,0,Champions,82083.01,6.0,13680.501666666663,High Value
193,98,2.0,8349.32,3,3,1,3,Potential Loyalist,8349.32,2.0,4174.66,Low Activity
195,284,1.0,25078.6,1,3,3,1,Hibernating,25078.6,1.0,25078.6,Low Activity
196,213,1.0,5251.88,1,3,1,1,Hibernating,5251.88,1.0,5251.88,Low Activity
198,155,1.0,2983.4,2,3,1,1,Hibernating,2983.4,1.0,2983.4,Low Activity
199,25,1.0,6999.87,5,3,1,3,Potential Loyalist,6999.87,1.0,6999.87,Low Activity
201,31,1.0,8061.99,4,3,1,3,Potential Loyalist,8061.99,1.0,8061.99,Low Activity
202,205,4.0,51980.62,1,3,5,2,At Risk - High Value,51980.62,4.0,12995.155,High Value
204,21,1.0,9158.42,5,3,1,3,Potential Loyalist,9158.42,1.0,9158.42,Low Activity
206,85,2.0,27221.01,3,3,4,2,At Risk - High Value,27221.01,2.0,13610.505,Low Activity
207,296,1.0,10027.75,1,3,1,1,Hibernating,10027.75,1.0,10027.75,Low Activity
208,99,3.0,29954.39,3,3,4,2,At Risk - High Value,29954.39,3.0,9984.796666666669,Regular
209,64,3.0,32145.5,4,3,4,4,Loyal Customers,32145.5,3.0,10715.166666666666,Regular
210,0,2.0,44120.69,5,3,5,4,Loyal Customers,44120.69,2.0,22060.345,Low Activity
211,249,1.0,7493.24,1,3,1,1,Hibernating,7493.24,1.0,7493.24,Low Activity
212,28,2.0,26813.11,4,3,4,4,Loyal Customers,26813.11,2.0,13406.555,Low Activity
213,255,1.0,9373.54,1,3,1,1,Hibernating,9373.54,1.0,9373.54,Low Activity
215,37,1.0,10606.31,4,3,1,3,Potential Loyalist,10606.31,1.0,10606.31,Low Activity
217,0,3.0,28527.45,5,3,4,4,Loyal Customers,28527.45,3.0,9509.15,Regular
218,167,3.0,23619.88,2,3,3,2,At Risk - High Value,23619.88,3.0,7873.293333333334,Regular
219,28,3.0,21245.3,4,3,3,4,Loyal Customers,21245.3,3.0,7081.766666666666,Regular
220,88,1.0,21930.81,3,3,3,3,Potential Loyalist,21930.81,1.0,21930.81,Low Activity
221,45,3.0,22850.0,4,3,3,4,Loyal Customers,22850.0,3.0,7616.666666666667,Regular
222,144,1.0,7701.92,2,3,1,1,Hibernating,7701.92,1.0,7701.92,Low Activity
223,45,1.0,5005.9,4,3,1,3,Potential Loyalist,5005.9,1.0,5005.9,Low Activity
224,3,4.0,33715.46,5,3,4,0,Champions,33715.46,4.0,8428.865,Regular
225,167,2.0,20880.0,2,3,3,2,At Risk - High Value,20880.0,2.0,10440.0,Low Activity
227,212,2.0,20232.86,1,3,3,2,At Risk - High Value,20232.86,2.0,10116.43,Low Activity
228,4,1.0,4360.72,5,3,1,3,Potential Loyalist,4360.72,1.0,4360.72,Low Activity
229,73,1.0,4648.61,3,3,1,3,Potential Loyalist,4648.61,1.0,4648.61,Low Activity
230,59,6.0,57793.11,4,3,5,0,Champions,57793.11,6.0,9632.185,High Value
231,31,2.0,17948.38,4,3,2,4,Loyal Customers,17948.38,2.0,8974.19,Low Activity
233,310,1.0,5230.37,1,3,1,1,Hibernating,5230.37,1.0,5230.37,Low Activity
234,76,1.0,6010.56,3,3,1,3,Potential Loyalist,6010.56,1.0,6010.56,Low Activity
235,21,4.0,26340.81,5,3,3,4,Loyal Customers,26340.81,4.0,6585.202499999999,Regular
236,129,1.0,13513.59,2,3,2,1,Hibernating,13513.59,1.0,13513.59,Low Activity
237,107,3.0,27681.71,3,3,4,2,At Risk - High Value,27681.71,3.0,9227.236666666666,Regular
238,175,2.0,23278.38,2,3,3,2,At Risk - High Value,23278.38,2.0,11639.19,Low Activity
239,125,4.0,30007.95,3,3,4,0,Champions,30007.95,4.0,7501.987499999999,Regular
241,71,5.0,61371.16,3,3,5,0,Champions,61371.16,5.0,12274.232,High Value
242,197,1.0,6022.51,2,3,1,1,Hibernating,6022.51,1.0,6022.51,Low Activity
243,3,1.0,8478.68,5,3,1,3,Potential Loyalist,8478.68,1.0,8478.68,Low Activity
244,74,5.0,68414.72,3,3,5,0,Champions,68414.72,5.0,13682.944,High Value
245,363,1.0,4216.02,1,3,1,1,Hibernating,4216.02,1.0,4216.02,Low Activity
247,68,1.0,9118.62,4,3,1,3,Potential Loyalist,9118.62,1.0,9118.62,Low Activity
249,192,3.0,40575.880000000005,2,3,5,2,At Risk - High Value,40575.880000000005,3.0,13525.293333333337,Regular
250,5,1.0,14860.83,5,3,2,3,Potential Loyalist,14860.83,1.0,14860.83,Low Activity
251,197,2.0,20469.46,2,3,3,2,At Risk - High Value,20469.46,2.0,10234.73,Low Activity
252,355,1.0,14813.15,1,3,2,1,Hibernating,14813.15,1.0,14813.15,Low Activity
253,11,8.0,92263.65,5,3,5,0,Champions,92263.65,8.0,11532.95625,High Value
254,241,2.0,19233.62,1,3,3,2,At Risk - High Value,19233.62,2.0,9616.81,Low Activity
255,82,4.0,49238.97,3,3,5,0,Champions,49238.97,4.0,12309.7425,High Value
256,80,3.0,28658.71,3,3,4,2,At Risk - High Value,28658.71,3.0,9552.903333333334,Regular
257,75,1.0,4527.23,3,3,1,3,Potential Loyalist,4527.23,1.0,4527.23,Low Activity
258,122,2.0,30464.49,3,3,4,2,At Risk - High Value,30464.49,2.0,15232.245,Low Activity
259,165,2.0,20084.39,2,3,3,2,At Risk - High Value,20084.39,2.0,10042.195,Low Activity
260,119,2.0,14577.64,3,3,2,2,At Risk - High Value,14577.64,2.0,7288.82,Low Activity
261,163,2.0,17796.28,2,3,2,2,At Risk - High Value,17796.28,2.0,8898.14,Low Activity
262,46,2.0,19073.47,4,3,3,4,Loyal Customers,19073.47,2.0,9536.735,Low Activity
263,133,4.0,40605.56,2,3,5,2,At Risk - High Value,40605.56,4.0,10151.39,Regular
264,124,1.0,5167.61,3,3,1,3,Potential Loyalist,5167.61,1.0,5167.61,Low Activity
265,58,3.0,29413.48,4,3,4,4,Loyal Customers,29413.48,3.0,9804.493333333334,Regular
266,110,1.0,15559.76,3,3,2,3,Potential Loyalist,15559.76,1.0,15559.76,Low Activity
267,70,3.0,40404.89,3,3,5,2,At Risk - High Value,40404.89,3.0,13468.296666666669,Regular
268,173,4.0,31855.32,2,3,4,2,At Risk - High Value,31855.32,4.0,7963.83,Regular
269,234,1.0,10619.89,1,3,1,1,Hibernating,10619.89,1.0,10619.89,Low Activity
270,109,4.0,52170.810000000005,3,3,5,0,Champions,52170.810000000005,4.0,13042.7025,High Value
271,299,1.0,8637.24,1,3,1,1,Hibernating,8637.24,1.0,8637.24,Low Activity
272,21,2.0,21721.97,5,3,3,4,Loyal Customers,21721.97,2.0,10860.985,Low Activity
273,72,5.0,50983.72,3,3,5,0,Champions,50983.72,5.0,10196.744,High Value
274,105,3.0,33579.01,3,3,4,2,At Risk - High Value,33579.01,3.0,11193.003333333334,Regular
275,142,2.0,22275.21,2,3,3,2,At Risk - High Value,22275.21,2.0,11137.605,Low Activity
276,18,4.0,61804.82,5,3,5,0,Champions,61804.82,4.0,15451.205,High Value
277,48,1.0,8097.77,4,3,1,3,Potential Loyalist,8097.77,1.0,8097.77,Low Activity
278,5,3.0,36533.99,5,3,4,4,Loyal Customers,36533.99,3.0,12177.996666666666,Regular
279,47,4.0,33322.28,4,3,4,0,Champions,33322.28,4.0,8330.57,Regular
280,168,2.0,22958.08,2,3,3,2,At Risk - High Value,22958.08,2.0,11479.04,Low Activity
282,0,3.0,37188.43,5,3,4,4,Loyal Customers,37188.43,3.0,12396.143333333332,Regular
283,197,1.0,14599.08,2,3,2,1,Hibernating,14599.08,1.0,14599.08,Low Activity
284,364,1.0,8679.31,1,3,1,1,Hibernating,8679.31,1.0,8679.31,Low Activity
285,52,3.0,36973.74,4,3,4,4,Loyal Customers,36973.74,3.0,12324.58,Regular
286,51,1.0,6406.83,4,3,1,3,Potential Loyalist,6406.83,1.0,6406.83,Low Activity
287,130,5.0,49326.45,2,3,5,0,Champions,49326.45,5.0,9865.29,High Value
288,211,2.0,19627.34,1,3,3,2,At Risk - High Value,19627.34,2.0,9813.67,Low Activity
289,16,2.0,13429.81,5,3,2,4,Loyal Customers,13429.81,2.0,6714.905,Low Activity
290,27,4.0,46240.84,5,3,5,0,Champions,46240.84,4.0,11560.21,High Value
291,300,2.0,24769.96,1,3,3,2,At Risk - High Value,24769.96,2.0,12384.98,Low Activity
293,330,1.0,5365.36,1,3,1,1,Hibernating,5365.36,1.0,5365.36,Low Activity
294,32,1.0,9994.44,4,3,1,3,Potential Loyalist,9994.44,1.0,9994.44,Low Activity
295,101,1.0,20120.94,3,3,3,3,Potential Loyalist,20120.94,1.0,20120.94,Low Activity
296,98,1.0,9744.36,3,3,1,3,Potential Loyalist,9744.36,1.0,9744.36,Low Activity
297,163,3.0,50135.8,2,3,5,2,At Risk - High Value,50135.8,3.0,16711.933333333334,High Value
298,92,1.0,19807.39,3,3,3,3,Potential Loyalist,19807.39,1.0,19807.39,Low Activity
300,29,3.0,39674.04,4,3,5,0,Champions,39674.04,3.0,13224.68,Regular
301,325,1.0,21426.38,1,3,3,1,Hibernating,21426.38,1.0,21426.38,Low Activity
302,21,4.0,49293.27,5,3,5,0,Champions,49293.27,4.0,12323.3175,High Value
304,21,3.0,22780.16,5,3,3,4,Loyal Customers,22780.16,3.0,7593.386666666666,Regular
305,123,2.0,30329.65,3,3,4,2,At Risk - High Value,30329.65,2.0,15164.825,Low Activity
306,15,1.0,10489.62,5,3,1,3,Potential Loyalist,10489.62,1.0,10489.62,Low Activity
307,18,5.0,62903.17,5,3,5,0,Champions,62903.17,5.0,12580.634,High Value
308,39,2.0,16039.67,4,3,2,4,Loyal Customers,16039.67,2.0,8019.835,Low Activity
309,5,1.0,14180.88,5,3,2,3,Potential Loyalist,14180.88,1.0,14180.88,Low Activity
311,28,4.0,50233.87,4,3,5,0,Champions,50233.87,4.0,12558.4675,High Value
312,43,2.0,8931.19,4,3,1,3,Potential Loyalist,8931.19,2.0,4465.595,Low Activity
315,232,1.0,26162.35,1,3,3,1,Hibernating,26162.35,1.0,26162.35,Low Activity
316,108,1.0,11364.53,3,3,1,3,Potential Loyalist,11364.53,1.0,11364.53,Low Activity
317,21,4.0,43119.56,5,3,5,0,Champions,43119.56,4.0,10779.89,Regular
318,105,3.0,46862.36,3,3,5,0,Champions,46862.36,3.0,15620.786666666669,High Value
319,90,3.0,47034.17,3,3,5,0,Champions,47034.17,3.0,15678.056666666664,High Value
320,97,3.0,38738.52,3,3,5,2,At Risk - High Value,38738.52,3.0,12912.840000000002,Regular
321,153,3.0,41668.84,2,3,5,2,At Risk - High Value,41668.84,3.0,13889.613333333333,Regular
323,81,4.0,50928.66,3,3,5,0,Champions,50928.66,4.0,12732.165,High Value
324,1,4.0,49647.95,5,3,5,0,Champions,49647.95,4.0,12411.9875,High Value
325,124,1.0,13427.89,3,3,2,3,Potential Loyalist,13427.89,1.0,13427.89,Low Activity
326,61,1.0,9847.62,4,3,1,3,Potential Loyalist,9847.62,1.0,9847.62,Low Activity
328,15,5.0,38557.45,5,3,5,0,Champions,38557.45,5.0,7711.49,Regular
329,169,3.0,26959.52,2,3,4,2,At Risk - High Value,26959.52,3.0,8986.506666666666,Regular
330,31,3.0,35953.4,4,3,4,4,Loyal Customers,35953.4,3.0,11984.466666666667,Regular
331,74,2.0,18475.64,3,3,2,2,At Risk - High Value,18475.64,2.0,9237.82,Low Activity
333,1,2.0,33365.06,5,3,4,4,Loyal Customers,33365.06,2.0,16682.53,Low Activity
334,186,4.0,42426.95,2,3,5,2,At Risk - High Value,42426.95,4.0,10606.7375,Regular
335,85,2.0,32795.44,3,3,4,2,At Risk - High Value,32795.44,2.0,16397.72,Low Activity
336,189,2.0,21542.76,2,3,3,2,At Risk - High Value,21542.76,2.0,10771.38,Low Activity
337,24,4.0,47452.85,5,3,5,0,Champions,47452.85,4.0,11863.2125,High Value
338,73,1.0,5555.5,3,3,1,3,Potential Loyalist,5555.5,1.0,5555.5,Low Activity
339,68,5.0,62373.15,4,3,5,0,Champions,62373.15,5.0,12474.63,High Value
340,203,1.0,9717.58,1,3,1,1,Hibernating,9717.58,1.0,9717.58,Low Activity
341,21,2.0,17957.489999999998,5,3,2,4,Loyal Customers,17957.489999999998,2.0,8978.744999999999,Low Activity
343,12,1.0,12986.55,5,3,2,3,Potential Loyalist,12986.55,1.0,12986.55,Low Activity
344,158,2.0,17818.24,2,3,2,2,At Risk - High Value,17818.24,2.0,8909.12,Low Activity
345,61,2.0,21631.19,4,3,3,4,Loyal Customers,21631.19,2.0,10815.595,Low Activity
347,47,2.0,16582.14,4,3,2,4,Loyal Customers,16582.14,2.0,8291.07,Low Activity
348,249,1.0,25663.67,1,3,3,1,Hibernating,25663.67,1.0,25663.67,Low Activity
349,65,3.0,27479.12,4,3,4,4,Loyal Customers,27479.12,3.0,9159.706666666669,Regular
350,5,4.0,47215.67,5,3,5,0,Champions,47215.67,4.0,11803.9175,High Value
351,136,1.0,12422.44,2,3,2,1,Hibernating,12422.44,1.0,12422.44,Low Activity
352,21,4.0,24428.11,5,3,3,4,Loyal Customers,24428.11,4.0,6107.0275,Regular
353,209,2.0,24016.410000000003,1,3,3,2,At Risk - High Value,24016.410000000003,2.0,12008.205000000002,Low Activity
354,49,3.0,35316.630000000005,4,3,4,4,Loyal Customers,35316.630000000005,3.0,11772.21,Regular
356,59,1.0,12312.76,4,3,2,3,Potential Loyalist,12312.76,1.0,12312.76,Low Activity
357,7,2.0,11695.16,5,3,2,4,Loyal Customers,11695.16,2.0,5847.58,Low Activity
358,14,3.0,33686.08,5,3,4,4,Loyal Customers,33686.08,3.0,11228.693333333336,Regular
359,25,1.0,9132.29,5,3,1,3,Potential Loyalist,9132.29,1.0,9132.29,Low Activity
360,143,3.0,35425.05,2,3,4,2,At Risk - High Value,35425.05,3.0,11808.35,Regular
361,12,2.0,15563.33,5,3,2,4,Loyal Customers,15563.33,2.0,7781.665,Low Activity
362,233,4.0,35617.2,1,3,4,2,At Risk - High Value,35617.2,4.0,8904.3,Regular
366,91,1.0,10345.35,3,3,1,3,Potential Loyalist,10345.35,1.0,10345.35,Low Activity
367,328,1.0,16266.11,1,3,2,1,Hibernating,16266.11,1.0,16266.11,Low Activity
368,239,1.0,6893.51,1,3,1,1,Hibernating,6893.51,1.0,6893.51,Low Activity
370,139,2.0,28979.72,2,3,4,2,At Risk - High Value,28979.72,2.0,14489.86,Low Activity
371,44,4.0,22983.92,4,3,3,4,Loyal Customers,22983.92,4.0,5745.98,Regular
372,104,1.0,14600.92,3,3,2,3,Potential Loyalist,14600.92,1.0,14600.92,Low Activity
375,1,2.0,29278.49,5,3,4,4,Loyal Customers,29278.49,2.0,14639.245,Low Activity
376,135,1.0,6848.59,2,3,1,1,Hibernating,6848.59,1.0,6848.59,Low Activity
377,291,1.0,14416.25,1,3,2,1,Hibernating,14416.25,1.0,14416.25,Low Activity
378,43,2.0,22415.36,4,3,3,4,Loyal Customers,22415.36,2.0,11207.68,Low Activity
380,351,1.0,8032.23,1,3,1,1,Hibernating,8032.23,1.0,8032.23,Low Activity
381,27,5.0,53243.7,5,3,5,0,Champions,53243.7,5.0,10648.740000000002,High Value
382,300,1.0,11211.85,1,3,1,1,Hibernating,11211.85,1.0,11211.85,Low Activity
383,46,2.0,17409.0,4,3,2,4,Loyal Customers,17409.0,2.0,8704.5,Low Activity
384,0,1.0,9898.31,5,3,1,3,Potential Loyalist,9898.31,1.0,9898.31,Low Activity
385,35,6.0,54951.09,4,3,5,0,Champions,54951.09,6.0,9158.515,High Value
386,59,4.0,48469.16,4,3,5,0,Champions,48469.16,4.0,12117.29,High Value
387,65,4.0,36604.66,4,3,4,0,Champions,36604.66,4.0,9151.165,Regular
388,3,1.0,13467.62,5,3,2,3,Potential Loyalist,13467.62,1.0,13467.62,Low Activity
390,71,3.0,35991.36,3,3,4,2,At Risk - High Value,35991.36,3.0,11997.12,Regular
391,8,5.0,58568.48,5,3,5,0,Champions,58568.48,5.0,11713.696,High Value
392,8,2.0,26690.67,5,3,4,4,Loyal Customers,26690.67,2.0,13345.335,Low Activity
393,141,2.0,17155.21,2,3,2,2,At Risk - High Value,17155.21,2.0,8577.605,Low Activity
394,124,2.0,21773.15,3,3,3,2,At Risk - High Value,21773.15,2.0,10886.575,Low Activity
395,173,2.0,28637.91,2,3,4,2,At Risk - High Value,28637.91,2.0,14318.955,Low Activity
396,238,3.0,23500.2,1,3,3,2,At Risk - High Value,23500.2,3.0,7833.399999999999,Regular
397,24,1.0,13821.24,5,3,2,3,Potential Loyalist,13821.24,1.0,13821.24,Low Activity
398,116,3.0,35046.44,3,3,4,2,At Risk - High Value,35046.44,3.0,11682.146666666667,Regular
399,67,2.0,26168.21,4,3,3,4,Loyal Customers,26168.21,2.0,13084.105,Low Activity
400,221,1.0,7385.62,1,3,1,1,Hibernating,7385.62,1.0,7385.62,Low Activity
401,77,1.0,13631.39,3,3,2,3,Potential Loyalist,13631.39,1.0,13631.39,Low Activity
402,302,2.0,19993.08,1,3,3,2,At Risk - High Value,19993.08,2.0,9996.54,Low Activity
403,30,2.0,20795.35,4,3,3,4,Loyal Customers,20795.35,2.0,10397.675,Low Activity
404,102,3.0,51401.82,3,3,5,0,Champions,51401.82,3.0,17133.94,High Value
405,99,5.0,53869.59,3,3,5,0,Champions,53869.59,5.0,10773.918,High Value
406,281,1.0,7302.49,1,3,1,1,Hibernating,7302.49,1.0,7302.49,Low Activity
407,224,1.0,7673.46,1,3,1,1,Hibernating,7673.46,1.0,7673.46,Low Activity
409,290,1.0,6582.32,1,3,1,1,Hibernating,6582.32,1.0,6582.32,Low Activity
410,65,2.0,18803.33,4,3,3,4,Loyal Customers,18803.33,2.0,9401.665,Low Activity
411,338,2.0,14954.3,1,3,2,2,At Risk - High Value,14954.3,2.0,7477.150000000001,Low Activity
413,51,3.0,27135.63,4,3,4,4,Loyal Customers,27135.63,3.0,9045.21,Regular
414,7,4.0,63159.26,5,3,5,0,Champions,63159.26,4.0,15789.815,High Value
415,8,3.0,33047.88,5,3,4,4,Loyal Customers,33047.88,3.0,11015.96,Regular
416,111,2.0,30780.03,3,3,4,2,At Risk - High Value,30780.03,2.0,15390.015,Low Activity
417,112,3.0,35431.73,3,3,4,2,At Risk - High Value,35431.73,3.0,11810.576666666668,Regular
418,83,3.0,44120.15,3,3,5,0,Champions,44120.15,3.0,14706.716666666667,Regular
419,8,3.0,35603.22,5,3,4,4,Loyal Customers,35603.22,3.0,11867.74,Regular
420,139,2.0,20424.86,2,3,3,2,At Risk - High Value,20424.86,2.0,10212.43,Low Activity
421,103,2.0,22841.300000000003,3,3,3,2,At Risk - High Value,22841.300000000003,2.0,11420.65,Low Activity
423,50,2.0,14924.78,4,3,2,4,Loyal Customers,14924.78,2.0,7462.389999999999,Low Activity
424,242,1.0,10011.94,1,3,1,1,Hibernating,10011.94,1.0,10011.94,Low Activity
425,11,5.0,73107.58,5,3,5,0,Champions,73107.58,5.0,14621.516,High Value
426,27,2.0,36019.08,5,3,4,4,Loyal Customers,36019.08,2.0,18009.54,Low Activity
428,195,1.0,12641.7,2,3,2,1,Hibernating,12641.7,1.0,12641.7,Low Activity
429,208,4.0,41315.91,1,3,5,2,At Risk - High Value,41315.91,4.0,10328.9775,Regular
430,124,2.0,26338.36,3,3,3,2,At Risk - High Value,26338.36,2.0,13169.18,Low Activity
431,118,4.0,64570.2,3,3,5,0,Champions,64570.2,4.0,16142.55,High Value
432,172,4.0,49402.53,2,3,5,0,Champions,49402.53,4.0,12350.6325,High Value
433,308,1.0,13660.33,1,3,2,1,Hibernating,13660.33,1.0,13660.33,Low Activity
434,165,1.0,17925.31,2,3,2,1,Hibernating,17925.31,1.0,17925.31,Low Activity
435,145,4.0,41823.47,2,3,5,2,At Risk - High Value,41823.47,4.0,10455.8675,Regular
436,130,5.0,75859.73,2,3,5,0,Champions,75859.73,5.0,15171.946,High Value
437,14,4.0,43750.35,5,3,5,0,Champions,43750.35,4.0,10937.5875,Regular
438,320,1.0,4450.19,1,3,1,1,Hibernating,4450.19,1.0,4450.19,Low Activity
439,10,3.0,24920.4,5,3,3,4,Loyal Customers,24920.4,3.0,8306.800000000001,Regular
440,236,2.0,33863.84,1,3,4,2,At Risk - High Value,33863.84,2.0,16931.92,Low Activity
441,79,3.0,27217.69,3,3,4,2,At Risk - High Value,27217.69,3.0,9072.563333333334,Regular
443,4,1.0,10920.58,5,3,1,3,Potential Loyalist,10920.58,1.0,10920.58,Low Activity
445,68,2.0,22428.19,4,3,3,4,Loyal Customers,22428.19,2.0,11214.095,Low Activity
446,98,1.0,20794.97,3,3,3,3,Potential Loyalist,20794.97,1.0,20794.97,Low Activity
447,38,2.0,19954.92,4,3,3,4,Loyal Customers,19954.92,2.0,9977.46,Low Activity
448,139,4.0,41012.73,2,3,5,2,At Risk - High Value,41012.73,4.0,10253.1825,Regular
449,110,3.0,31585.69,3,3,4,2,At Risk - High Value,31585.69,3.0,10528.563333333334,Regular
450,304,1.0,12730.64,1,3,2,1,Hibernating,12730.64,1.0,12730.64,Low Activity
452,105,3.0,50085.11,3,3,5,0,Champions,50085.11,3.0,16695.036666666667,High Value
453,121,1.0,17810.98,3,3,2,3,Potential Loyalist,17810.98,1.0,17810.98,Low Activity
454,174,2.0,20917.32,2,3,3,2,At Risk - High Value,20917.32,2.0,10458.66,Low Activity
456,70,3.0,46402.21,3,3,5,0,Champions,46402.21,3.0,15467.403333333334,High Value
457,212,3.0,41592.99,1,3,5,2,At Risk - High Value,41592.99,3.0,13864.33,Regular
458,323,1.0,9787.54,1,3,1,1,Hibernating,9787.54,1.0,9787.54,Low Activity
459,188,3.0,32896.46,2,3,4,2,At Risk - High Value,32896.46,3.0,10965.486666666666,Regular
460,113,2.0,22383.77,3,3,3,2,At Risk - High Value,22383.77,2.0,11191.885,Low Activity
461,211,1.0,3388.01,1,3,1,1,Hibernating,3388.01,1.0,3388.01,Low Activity
462,10,2.0,11133.95,5,3,1,3,Potential Loyalist,11133.95,2.0,5566.975,Low Activity
463,362,1.0,16499.78,1,3,2,1,Hibernating,16499.78,1.0,16499.78,Low Activity
464,295,2.0,24368.69,1,3,3,2,At Risk - High Value,24368.69,2.0,12184.345,Low Activity
465,62,2.0,21177.26,4,3,3,4,Loyal Customers,21177.26,2.0,10588.63,Low Activity
467,25,2.0,9414.12,5,3,1,3,Potential Loyalist,9414.12,2.0,4707.06,Low Activity
468,184,1.0,6476.5,2,3,1,1,Hibernating,6476.5,1.0,6476.5,Low Activity
469,4,1.0,4324.13,5,3,1,3,Potential Loyalist,4324.13,1.0,4324.13,Low Activity
470,28,2.0,14405.78,4,3,2,4,Loyal Customers,14405.78,2.0,7202.889999999999,Low Activity
471,224,2.0,19883.54,1,3,3,2,At Risk - High Value,19883.54,2.0,9941.77,Low Activity
472,191,2.0,19943.18,2,3,3,2,At Risk - High Value,19943.18,2.0,9971.59,Low Activity
473,109,4.0,40004.04,3,3,5,0,Champions,40004.04,4.0,10001.01,Regular
474,173,1.0,19504.5,2,3,3,1,Hibernating,19504.5,1.0,19504.5,Low Activity
475,332,1.0,9464.54,1,3,1,1,Hibernating,9464.54,1.0,9464.54,Low Activity
476,29,3.0,30494.2,4,3,4,4,Loyal Customers,30494.2,3.0,10164.733333333334,Regular
477,58,5.0,64460.55,4,3,5,0,Champions,64460.55,5.0,12892.11,High Value
478,8,2.0,15618.67,5,3,2,4,Loyal Customers,15618.67,2.0,7809.335,Low Activity
480,170,1.0,3488.72,2,3,1,1,Hibernating,3488.72,1.0,3488.72,Low Activity
481,153,1.0,10362.44,2,3,1,1,Hibernating,10362.44,1.0,10362.44,Low Activity
482,4,4.0,21973.29,5,3,3,4,Loyal Customers,21973.29,4.0,5493.3225,Regular
484,347,1.0,12704.29,1,3,2,1,Hibernating,12704.29,1.0,12704.29,Low Activity
485,81,3.0,45044.69,3,3,5,0,Champions,45044.69,3.0,15014.896666666667,Regular
488,191,3.0,29982.96,2,3,4,2,At Risk - High Value,29982.96,3.0,9994.32,Regular
489,47,4.0,55798.61,4,3,5,0,Champions,55798.61,4.0,13949.6525,High Value
490,130,2.0,17918.02,2,3,2,2,At Risk - High Value,17918.02,2.0,8959.01,Low Activity
491,42,2.0,23880.050000000003,4,3,3,4,Loyal Customers,23880.050000000003,2.0,11940.025,Low Activity
492,168,5.0,54071.22,2,3,5,0,Champions,54071.22,5.0,10814.244,High Value
493,153,1.0,10475.07,2,3,1,1,Hibernating,10475.07,1.0,10475.07,Low Activity
494,59,2.0,18635.37,4,3,3,4,Loyal Customers,18635.37,2.0,9317.685,Low Activity
495,180,1.0,5741.25,2,3,1,1,Hibernating,5741.25,1.0,5741.25,Low Activity
496,11,3.0,34942.34,5,3,4,4,Loyal Customers,34942.34,3.0,11647.446666666665,Regular
497,109,1.0,4404.24,3,3,1,3,Potential Loyalist,4404.24,1.0,4404.24,Low Activity
498,166,1.0,21027.72,2,3,3,1,Hibernating,21027.72,1.0,21027.72,Low Activity
499,110,5.0,42147.11,3,3,5,0,Champions,42147.11,5.0,8429.422,Regular
500,317,1.0,14605.86,1,3,2,1,Hibernating,14605.86,1.0,14605.86,Low Activity
501,64,2.0,34788.06,4,3,4,4,Loyal Customers,34788.06,2.0,17394.03,Low Activity
502,152,2.0,25851.75,2,3,3,2,At Risk - High Value,25851.75,2.0,12925.875,Low Activity
503,245,1.0,7387.47,1,3,1,1,Hibernating,7387.47,1.0,7387.47,Low Activity
504,172,5.0,53442.39,2,3,5,0,Champions,53442.39,5.0,10688.478,High Value
505,197,1.0,6118.64,2,3,1,1,Hibernating,6118.64,1.0,6118.64,Low Activity
506,310,2.0,15171.85,1,3,2,2,At Risk - High Value,15171.85,2.0,7585.925,Low Activity
507,205,3.0,42342.15,1,3,5,2,At Risk - High Value,42342.15,3.0,14114.05,Regular
508,172,2.0,19135.3,2,3,3,2,At Risk - High Value,19135.3,2.0,9567.65,Low Activity
510,41,2.0,35452.240000000005,4,3,4,4,Loyal Customers,35452.240000000005,2.0,17726.120000000003,Low Activity
511,43,2.0,17946.32,4,3,2,4,Loyal Customers,17946.32,2.0,8973.16,Low Activity
512,310,1.0,13953.81,1,3,2,1,Hibernating,13953.81,1.0,13953.81,Low Activity
513,176,1.0,16062.01,2,3,2,1,Hibernating,16062.01,1.0,16062.01,Low Activity
514,17,3.0,22900.84,5,3,3,4,Loyal Customers,22900.84,3.0,7633.613333333334,Regular
515,153,1.0,9130.18,2,3,1,1,Hibernating,9130.18,1.0,9130.18,Low Activity
517,344,2.0,23004.42,1,3,3,2,At Risk - High Value,23004.42,2.0,11502.21,Low Activity
518,34,4.0,34505.58,4,3,4,0,Champions,34505.58,4.0,8626.395,Regular
519,14,4.0,44264.41,5,3,5,0,Champions,44264.41,4.0,11066.1025,Regular
521,238,1.0,9082.43,1,3,1,1,Hibernating,9082.43,1.0,9082.43,Low Activity
522,57,5.0,56155.64,4,3,5,0,Champions,56155.64,5.0,11231.128,High Value
523,199,1.0,30930.03,2,3,4,2,At Risk - High Value,30930.03,1.0,30930.03,Low Activity
525,44,2.0,17959.71,4,3,2,4,Loyal Customers,17959.71,2.0,8979.855,Low Activity
526,25,4.0,44789.49,5,3,5,0,Champions,44789.49,4.0,11197.3725,Regular
527,73,2.0,21226.61,3,3,3,2,At Risk - High Value,21226.61,2.0,10613.305,Low Activity
529,136,4.0,41449.0,2,3,5,2,At Risk - High Value,41449.0,4.0,10362.25,Regular
530,52,1.0,10099.96,4,3,1,3,Potential Loyalist,10099.96,1.0,10099.96,Low Activity
531,19,2.0,25079.24,5,3,3,4,Loyal Customers,25079.24,2.0,12539.62,Low Activity
532,26,2.0,20565.02,5,3,3,4,Loyal Customers,20565.02,2.0,10282.51,Low Activity
533,58,1.0,17979.58,4,3,2,3,Potential Loyalist,17979.58,1.0,17979.58,Low Activity
534,139,2.0,28022.51,2,3,4,2,At Risk - High Value,28022.51,2.0,14011.255,Low Activity
535,96,3.0,30177.88,3,3,4,2,At Risk - High Value,30177.88,3.0,10059.293333333331,Regular
536,137,4.0,34569.48,2,3,4,2,At Risk - High Value,34569.48,4.0,8642.37,Regular
537,92,2.0,18292.4,3,3,2,2,At Risk - High Value,18292.4,2.0,9146.2,Low Activity
538,184,2.0,24899.52,2,3,3,2,At Risk - High Value,24899.52,2.0,12449.76,Low Activity
539,3,4.0,42907.19,5,3,5,0,Champions,42907.19,4.0,10726.7975,Regular
540,37,1.0,7647.18,4,3,1,3,Potential Loyalist,7647.18,1.0,7647.18,Low Activity
541,53,2.0,20277.65,4,3,3,4,Loyal Customers,20277.65,2.0,10138.825,Low Activity
542,88,2.0,22915.39,3,3,3,2,At Risk - High Value,22915.39,2.0,11457.695,Low Activity
544,214,2.0,24746.0,1,3,3,2,At Risk - High Value,24746.0,2.0,12373.0,Low Activity
545,121,2.0,21649.87,3,3,3,2,At Risk - High Value,21649.87,2.0,10824.935,Low Activity
546,194,2.0,26393.54,2,3,3,2,At Risk - High Value,26393.54,2.0,13196.77,Low Activity
548,183,2.0,28207.22,2,3,4,2,At Risk - High Value,28207.22,2.0,14103.61,Low Activity
550,36,4.0,40901.83,4,3,5,0,Champions,40901.83,4.0,10225.4575,Regular
551,201,1.0,10050.67,2,3,1,1,Hibernating,10050.67,1.0,10050.67,Low Activity
552,87,3.0,23729.21,3,3,3,2,At Risk - High Value,23729.21,3.0,7909.736666666667,Regular
553,50,1.0,14546.01,4,3,2,3,Potential Loyalist,14546.01,1.0,14546.01,Low Activity
554,81,2.0,9233.25,3,3,1,3,Potential Loyalist,9233.25,2.0,4616.625,Low Activity
555,42,4.0,40753.58,4,3,5,0,Champions,40753.58,4.0,10188.395,Regular
556,61,4.0,50062.01,4,3,5,0,Champions,50062.01,4.0,12515.5025,High Value
557,73,2.0,17528.49,3,3,2,2,At Risk - High Value,17528.49,2.0,8764.245,Low Activity
558,49,1.0,9376.62,4,3,1,3,Potential Loyalist,9376.62,1.0,9376.62,Low Activity
559,28,6.0,79351.40000000001,4,3,5,0,Champions,79351.40000000001,6.0,13225.233333333335,High Value
560,33,3.0,33156.65,4,3,4,4,Loyal Customers,33156.65,3.0,11052.216666666667,Regular
561,237,2.0,17624.56,1,3,2,2,At Risk - High Value,17624.56,2.0,8812.28,Low Activity
562,136,4.0,35485.86,2,3,4,2,At Risk - High Value,35485.86,4.0,8871.465,Regular
563,182,2.0,25387.84,2,3,3,2,At Risk - High Value,25387.84,2.0,12693.92,Low Activity
564,91,2.0,34947.5,3,3,4,2,At Risk - High Value,34947.5,2.0,17473.75,Low Activity
565,173,1.0,6603.43,2,3,1,1,Hibernating,6603.43,1.0,6603.43,Low Activity
566,62,2.0,28932.25,4,3,4,4,Loyal Customers,28932.25,2.0,14466.125,Low Activity
567,180,3.0,24761.99,2,3,3,2,At Risk - High Value,24761.99,3.0,8253.996666666668,Regular
568,26,3.0,39644.96,5,3,5,4,Loyal Customers,39644.96,3.0,13214.986666666666,Regular
569,45,3.0,52208.35,4,3,5,0,Champions,52208.35,3.0,17402.783333333333,High Value
570,170,1.0,7436.92,2,3,1,1,Hibernating,7436.92,1.0,7436.92,Low Activity
571,57,7.0,64766.32000000001,4,3,5,0,Champions,64766.32000000001,7.0,9252.33142857143,High Value
572,3,3.0,23487.17,5,3,3,4,Loyal Customers,23487.17,3.0,7829.056666666666,Regular
573,233,2.0,11010.16,1,3,1,1,Hibernating,11010.16,2.0,5505.08,Low Activity
574,88,1.0,14550.18,3,3,2,3,Potential Loyalist,14550.18,1.0,14550.18,Low Activity
575,134,3.0,33096.78,2,3,4,2,At Risk - High Value,33096.78,3.0,11032.26,Regular
577,194,1.0,10325.48,2,3,1,1,Hibernating,10325.48,1.0,10325.48,Low Activity
578,110,3.0,23550.58,3,3,3,2,At Risk - High Value,23550.58,3.0,7850.193333333334,Regular
579,16,4.0,41018.35,5,3,5,0,Champions,41018.35,4.0,10254.5875,Regular
580,200,1.0,5787.6,2,3,1,1,Hibernating,5787.6,1.0,5787.6,Low Activity
581,165,2.0,18272.49,2,3,2,2,At Risk - High Value,18272.49,2.0,9136.245,Low Activity
582,336,1.0,11318.23,1,3,1,1,Hibernating,11318.23,1.0,11318.23,Low Activity
583,98,3.0,39298.31,3,3,5,2,At Risk - High Value,39298.31,3.0,13099.436666666666,Regular
584,129,3.0,48309.22,2,3,5,2,At Risk - High Value,48309.22,3.0,16103.073333333334,High Value
585,12,2.0,23469.13,5,3,3,4,Loyal Customers,23469.13,2.0,11734.565,Low Activity
586,108,2.0,19109.52,3,3,3,2,At Risk - High Value,19109.52,2.0,9554.76,Low Activity
587,64,2.0,28653.39,4,3,4,4,Loyal Customers,28653.39,2.0,14326.695,Low Activity
588,174,1.0,6059.37,2,3,1,1,Hibernating,6059.37,1.0,6059.37,Low Activity
589,35,2.0,9952.55,4,3,1,3,Potential Loyalist,9952.55,2.0,4976.275000000001,Low Activity
590,260,3.0,26882.41,1,3,4,2,At Risk - High Value,26882.41,3.0,8960.803333333333,Regular
591,69,3.0,50106.75,3,3,5,0,Champions,50106.75,3.0,16702.25,High Value
592,20,2.0,26514.47,5,3,3,4,Loyal Customers,26514.47,2.0,13257.235,Low Activity
593,190,1.0,4149.08,2,3,1,1,Hibernating,4149.08,1.0,4149.08,Low Activity
594,270,1.0,17963.52,1,3,2,1,Hibernating,17963.52,1.0,17963.52,Low Activity
595,351,1.0,2942.8,1,3,1,1,Hibernating,2942.8,1.0,2942.8,Low Activity
596,25,3.0,47257.25,5,3,5,0,Champions,47257.25,3.0,15752.416666666666,High Value
597,45,1.0,6887.2,4,3,1,3,Potential Loyalist,6887.2,1.0,6887.2,Low Activity
598,31,2.0,18832.91,4,3,3,4,Loyal Customers,18832.91,2.0,9416.455,Low Activity
599,14,5.0,65071.44,5,3,5,0,Champions,65071.44,5.0,13014.288,High Value
600,20,4.0,52130.68,5,3,5,0,Champions,52130.68,4.0,13032.67,High Value
601,80,2.0,18233.27,3,3,2,2,At Risk - High Value,18233.27,2.0,9116.635,Low Activity
602,45,2.0,26364.27,4,3,3,4,Loyal Customers,26364.27,2.0,13182.135,Low Activity
603,345,1.0,18005.84,1,3,2,1,Hibernating,18005.84,1.0,18005.84,Low Activity
604,102,3.0,39238.29,3,3,5,2,At Risk - High Value,39238.29,3.0,13079.43,Regular
605,66,4.0,29043.59,4,3,4,0,Champions,29043.59,4.0,7260.8975,Regular
606,157,1.0,5224.77,2,3,1,1,Hibernating,5224.77,1.0,5224.77,Low Activity
608,112,5.0,64318.84,3,3,5,0,Champions,64318.84,5.0,12863.768,High Value
609,276,2.0,40761.21,1,3,5,2,At Risk - High Value,40761.21,2.0,20380.605,Low Activity
610,49,5.0,61755.99,4,3,5,0,Champions,61755.99,5.0,12351.198,High Value
611,10,2.0,17249.21,5,3,2,4,Loyal Customers,17249.21,2.0,8624.605,Low Activity
612,40,1.0,12169.78,4,3,2,3,Potential Loyalist,12169.78,1.0,12169.78,Low Activity
613,105,6.0,60695.58,3,3,5,0,Champions,60695.58,6.0,10115.93,High Value
615,134,1.0,5405.27,2,3,1,1,Hibernating,5405.27,1.0,5405.27,Low Activity
618,24,3.0,29972.68,5,3,4,4,Loyal Customers,29972.68,3.0,9990.893333333332,Regular
621,149,4.0,36616.47,2,3,4,2,At Risk - High Value,36616.47,4.0,9154.1175,Regular
622,31,3.0,19747.56,4,3,3,4,Loyal Customers,19747.56,3.0,6582.52,Regular
623,8,3.0,28775.06,5,3,4,4,Loyal Customers,28775.06,3.0,9591.686666666666,Regular
624,18,4.0,36279.57,5,3,4,0,Champions,36279.57,4.0,9069.8925,Regular
625,3,2.0,39124.33,5,3,5,4,Loyal Customers,39124.33,2.0,19562.165,Low Activity
626,255,2.0,33453.5,1,3,4,2,At Risk - High Value,33453.5,2.0,16726.75,Low Activity
628,97,2.0,20069.47,3,3,3,2,At Risk - High Value,20069.47,2.0,10034.735,Low Activity
629,19,1.0,14645.31,5,3,2,3,Potential Loyalist,14645.31,1.0,14645.31,Low Activity
630,216,1.0,7910.76,1,3,1,1,Hibernating,7910.76,1.0,7910.76,Low Activity
632,143,4.0,24516.68,2,3,3,2,At Risk - High Value,24516.68,4.0,6129.17,Regular
634,82,1.0,13727.27,3,3,2,3,Potential Loyalist,13727.27,1.0,13727.27,Low Activity
635,291,1.0,10428.87,1,3,1,1,Hibernating,10428.87,1.0,10428.87,Low Activity
637,156,2.0,22573.800000000003,2,3,3,2,At Risk - High Value,22573.800000000003,2.0,11286.9,Low Activity
638,72,4.0,35194.41,3,3,4,0,Champions,35194.41,4.0,8798.6025,Regular
639,250,1.0,7018.16,1,3,1,1,Hibernating,7018.16,1.0,7018.16,Low Activity
640,272,2.0,24454.870000000003,1,3,3,2,At Risk - High Value,24454.870000000003,2.0,12227.435,Low Activity
641,116,3.0,36662.79,3,3,4,2,At Risk - High Value,36662.79,3.0,12220.93,Regular
642,31,3.0,41913.23,4,3,5,0,Champions,41913.23,3.0,13971.076666666666,Regular
643,331,2.0,22103.42,1,3,3,2,At Risk - High Value,22103.42,2.0,11051.71,Low Activity
644,110,2.0,31228.19,3,3,4,2,At Risk - High Value,31228.19,2.0,15614.095,Low Activity
645,17,2.0,16942.45,5,3,2,4,Loyal Customers,16942.45,2.0,8471.225,Low Activity
646,37,1.0,2043.1,4,3,1,3,Potential Loyalist,2043.1,1.0,2043.1,Low Activity
647,48,2.0,16798.88,4,3,2,4,Loyal Customers,16798.88,2.0,8399.44,Low Activity
648,62,3.0,32631.02,4,3,4,4,Loyal Customers,32631.02,3.0,10877.006666666666,Regular
649,4,1.0,23034.12,5,3,3,3,Potential Loyalist,23034.12,1.0,23034.12,Low Activity
650,186,3.0,37859.3,2,3,4,2,At Risk - High Value,37859.3,3.0,12619.766666666668,Regular
651,96,2.0,13424.61,3,3,2,2,At Risk - High Value,13424.61,2.0,6712.305,Low Activity
652,50,2.0,23327.0,4,3,3,4,Loyal Customers,23327.0,2.0,11663.5,Low Activity
653,242,1.0,18815.62,1,3,3,1,Hibernating,18815.62,1.0,18815.62,Low Activity
654,70,5.0,57654.39,3,3,5,0,Champions,57654.39,5.0,11530.878,High Value
655,281,1.0,16191.8,1,3,2,1,Hibernating,16191.8,1.0,16191.8,Low Activity
656,76,1.0,16448.01,3,3,2,3,Potential Loyalist,16448.01,1.0,16448.01,Low Activity
659,198,4.0,47300.76,2,3,5,0,Champions,47300.76,4.0,11825.19,High Value
660,205,3.0,27832.13,1,3,4,2,At Risk - High Value,27832.13,3.0,9277.376666666669,Regular
661,241,1.0,9075.87,1,3,1,1,Hibernating,9075.87,1.0,9075.87,Low Activity
662,45,2.0,35928.7,4,3,4,4,Loyal Customers,35928.7,2.0,17964.35,Low Activity
663,44,1.0,3842.94,4,3,1,3,Potential Loyalist,3842.94,1.0,3842.94,Low Activity
664,174,1.0,10981.83,2,3,1,1,Hibernating,10981.83,1.0,10981.83,Low Activity
665,134,2.0,9700.47,2,3,1,1,Hibernating,9700.47,2.0,4850.235,Low Activity
666,13,2.0,28776.18,5,3,4,4,Loyal Customers,28776.18,2.0,14388.09,Low Activity
667,64,2.0,16947.18,4,3,2,4,Loyal Customers,16947.18,2.0,8473.59,Low Activity
668,152,1.0,5962.96,2,3,1,1,Hibernating,5962.96,1.0,5962.96,Low Activity
669,68,1.0,6262.23,4,3,1,3,Potential Loyalist,6262.23,1.0,6262.23,Low Activity
670,203,1.0,9042.48,1,3,1,1,Hibernating,9042.48,1.0,9042.48,Low Activity
671,59,2.0,16906.010000000002,4,3,2,4,Loyal Customers,16906.010000000002,2.0,8453.005000000001,Low Activity
672,157,3.0,32517.67,2,3,4,2,At Risk - High Value,32517.67,3.0,10839.223333333332,Regular
673,64,1.0,4955.71,4,3,1,3,Potential Loyalist,4955.71,1.0,4955.71,Low Activity
674,4,5.0,64549.240000000005,5,3,5,0,Champions,64549.240000000005,5.0,12909.848000000002,High Value
675,67,2.0,16670.86,4,3,2,4,Loyal Customers,16670.86,2.0,8335.43,Low Activity
676,149,1.0,10238.37,2,3,1,1,Hibernating,10238.37,1.0,10238.37,Low Activity
677,83,3.0,44495.61,3,3,5,0,Champions,44495.61,3.0,14831.87,Regular
678,300,1.0,5845.39,1,3,1,1,Hibernating,5845.39,1.0,5845.39,Low Activity
680,6,2.0,26712.46,5,3,4,4,Loyal Customers,26712.46,2.0,13356.23,Low Activity
681,57,5.0,54148.07,4,3,5,0,Champions,54148.07,5.0,10829.614,High Value
682,219,2.0,22118.6,1,3,3,2,At Risk - High Value,22118.6,2.0,11059.3,Low Activity
683,7,3.0,29310.52,5,3,4,4,Loyal Customers,29310.52,3.0,9770.173333333334,Regular
686,233,1.0,3466.32,1,3,1,1,Hibernating,3466.32,1.0,3466.32,Low Activity
687,120,2.0,33355.75,3,3,4,2,At Risk - High Value,33355.75,2.0,16677.875,Low Activity
688,30,6.0,58465.0,4,3,5,0,Champions,58465.0,6.0,9744.166666666666,High Value
689,86,4.0,58944.02,3,3,5,0,Champions,58944.02,4.0,14736.005,High Value
690,116,2.0,13109.57,3,3,2,2,At Risk - High Value,13109.57,2.0,6554.785,Low Activity
691,119,2.0,18996.2,3,3,3,2,At Risk - High Value,18996.2,2.0,9498.1,Low Activity
692,228,1.0,16962.48,1,3,2,1,Hibernating,16962.48,1.0,16962.48,Low Activity
694,21,2.0,21563.68,5,3,3,4,Loyal Customers,21563.68,2.0,10781.84,Low Activity
695,52,3.0,38109.96,4,3,5,4,Loyal Customers,38109.96,3.0,12703.32,Regular
696,134,2.0,19731.79,2,3,3,2,At Risk - High Value,19731.79,2.0,9865.895,Low Activity
698,77,1.0,14381.71,3,3,2,3,Potential Loyalist,14381.71,1.0,14381.71,Low Activity
700,17,2.0,19106.91,5,3,3,4,Loyal Customers,19106.91,2.0,9553.455,Low Activity
702,88,4.0,36971.83,3,3,4,0,Champions,36971.83,4.0,9242.9575,Regular
703,0,4.0,38988.0,5,3,5,0,Champions,38988.0,4.0,9747.0,Regular
704,8,2.0,23134.33,5,3,3,4,Loyal Customers,23134.33,2.0,11567.165,Low Activity
706,74,3.0,32367.81,3,3,4,2,At Risk - High Value,32367.81,3.0,10789.27,Regular
708,136,3.0,30527.64,2,3,4,2,At Risk - High Value,30527.64,3.0,10175.88,Regular
709,62,4.0,61919.58,4,3,5,0,Champions,61919.58,4.0,15479.895,High Value
710,63,1.0,17745.62,4,3,2,3,Potential Loyalist,17745.62,1.0,17745.62,Low Activity
711,165,2.0,16764.11,2,3,2,2,At Risk - High Value,16764.11,2.0,8382.055,Low Activity
713,206,1.0,9694.76,1,3,1,1,Hibernating,9694.76,1.0,9694.76,Low Activity
714,63,4.0,26310.22,4,3,3,0,Champions,26310.22,4.0,6577.555,Regular
716,352,1.0,13993.51,1,3,2,1,Hibernating,13993.51,1.0,13993.51,Low Activity
717,274,3.0,43887.64,1,3,5,2,At Risk - High Value,43887.64,3.0,14629.213333333331,Regular
718,193,3.0,39327.37,2,3,5,2,At Risk - High Value,39327.37,3.0,13109.123333333331,Regular
719,171,1.0,4780.63,2,3,1,1,Hibernating,4780.63,1.0,4780.63,Low Activity
720,193,2.0,22657.61,2,3,3,2,At Risk - High Value,22657.61,2.0,11328.805,Low Activity
721,67,2.0,19320.85,4,3,3,4,Loyal Customers,19320.85,2.0,9660.425,Low Activity
722,121,3.0,35041.1,3,3,4,2,At Risk - High Value,35041.1,3.0,11680.366666666669,Regular
723,353,1.0,8024.86,1,3,1,1,Hibernating,8024.86,1.0,8024.86,Low Activity
724,205,1.0,8773.58,1,3,1,1,Hibernating,8773.58,1.0,8773.58,Low Activity
725,125,1.0,19559.13,3,3,3,3,Potential Loyalist,19559.13,1.0,19559.13,Low Activity
726,79,1.0,5881.66,3,3,1,3,Potential Loyalist,5881.66,1.0,5881.66,Low Activity
727,300,1.0,17355.24,1,3,2,1,Hibernating,17355.24,1.0,17355.24,Low Activity
729,86,2.0,20534.98,3,3,3,2,At Risk - High Value,20534.98,2.0,10267.49,Low Activity
730,42,2.0,10969.81,4,3,1,3,Potential Loyalist,10969.81,2.0,5484.905000000001,Low Activity
732,145,2.0,23914.23,2,3,3,2,At Risk - High Value,23914.23,2.0,11957.115,Low Activity
733,18,5.0,51823.14,5,3,5,0,Champions,51823.14,5.0,10364.628,High Value
734,106,1.0,3098.96,3,3,1,3,Potential Loyalist,3098.96,1.0,3098.96,Low Activity
735,139,5.0,69728.49,2,3,5,0,Champions,69728.49,5.0,13945.698,High Value
736,161,2.0,39745.88,2,3,5,2,At Risk - High Value,39745.88,2.0,19872.94,Low Activity
737,84,2.0,26783.9,3,3,4,2,At Risk - High Value,26783.9,2.0,13391.95,Low Activity
738,202,1.0,14834.05,1,3,2,1,Hibernating,14834.05,1.0,14834.05,Low Activity
740,210,1.0,16095.63,1,3,2,1,Hibernating,16095.63,1.0,16095.63,Low Activity
741,20,1.0,13086.5,5,3,2,3,Potential Loyalist,13086.5,1.0,13086.5,Low Activity
742,34,2.0,22237.870000000003,4,3,3,4,Loyal Customers,22237.870000000003,2.0,11118.935,Low Activity
744,43,1.0,15187.19,4,3,2,3,Potential Loyalist,15187.19,1.0,15187.19,Low Activity
745,236,1.0,4029.55,1,3,1,1,Hibernating,4029.55,1.0,4029.55,Low Activity
746,346,1.0,7768.31,1,3,1,1,Hibernating,7768.31,1.0,7768.31,Low Activity
748,359,1.0,11211.54,1,3,1,1,Hibernating,11211.54,1.0,11211.54,Low Activity
749,198,1.0,18364.87,2,3,2,1,Hibernating,18364.87,1.0,18364.87,Low Activity
750,29,1.0,13445.23,4,3,2,3,Potential Loyalist,13445.23,1.0,13445.23,Low Activity
751,171,2.0,20750.35,2,3,3,2,At Risk - High Value,20750.35,2.0,10375.175,Low Activity
753,169,1.0,10031.88,2,3,1,1,Hibernating,10031.88,1.0,10031.88,Low Activity
754,15,2.0,17611.9,5,3,2,4,Loyal Customers,17611.9,2.0,8805.95,Low Activity
755,53,2.0,18890.97,4,3,3,4,Loyal Customers,18890.97,2.0,9445.485,Low Activity
756,166,1.0,11445.91,2,3,1,1,Hibernating,11445.91,1.0,11445.91,Low Activity
757,62,1.0,5569.94,4,3,1,3,Potential Loyalist,5569.94,1.0,5569.94,Low Activity
758,103,2.0,13033.61,3,3,2,2,At Risk - High Value,13033.61,2.0,6516.804999999999,Low Activity
759,123,1.0,15868.9,3,3,2,3,Potential Loyalist,15868.9,1.0,15868.9,Low Activity
760,10,1.0,10486.67,5,3,1,3,Potential Loyalist,10486.67,1.0,10486.67,Low Activity
761,95,2.0,23348.27,3,3,3,2,At Risk - High Value,23348.27,2.0,11674.135,Low Activity
762,54,3.0,50018.350000000006,4,3,5,0,Champions,50018.350000000006,3.0,16672.783333333336,High Value
763,53,2.0,18630.66,4,3,3,4,Loyal Customers,18630.66,2.0,9315.33,Low Activity
764,344,2.0,14455.43,1,3,2,1,Hibernating,14455.43,2.0,7227.715,Low Activity
765,26,3.0,44529.31,5,3,5,4,Loyal Customers,44529.31,3.0,14843.103333333333,Regular
766,24,2.0,34072.380000000005,5,3,4,4,Loyal Customers,34072.380000000005,2.0,17036.190000000002,Low Activity
767,130,2.0,37872.89,2,3,4,2,At Risk - High Value,37872.89,2.0,18936.445,Low Activity
768,311,1.0,7415.81,1,3,1,1,Hibernating,7415.81,1.0,7415.81,Low Activity
769,15,6.0,71601.46,5,3,5,0,Champions,71601.46,6.0,11933.576666666668,High Value
770,319,1.0,17097.79,1,3,2,1,Hibernating,17097.79,1.0,17097.79,Low Activity
771,178,3.0,24274.57,2,3,3,2,At Risk - High Value,24274.57,3.0,8091.523333333333,Regular
772,51,1.0,7234.22,4,3,1,3,Potential Loyalist,7234.22,1.0,7234.22,Low Activity
773,8,2.0,16230.76,5,3,2,4,Loyal Customers,16230.76,2.0,8115.38,Low Activity
775,123,2.0,18162.74,3,3,2,2,At Risk - High Value,18162.74,2.0,9081.37,Low Activity
776,329,1.0,12121.19,1,3,2,1,Hibernating,12121.19,1.0,12121.19,Low Activity
778,169,1.0,16184.76,2,3,2,1,Hibernating,16184.76,1.0,16184.76,Low Activity
779,173,1.0,17921.09,2,3,2,1,Hibernating,17921.09,1.0,17921.09,Low Activity
780,185,2.0,22621.14,2,3,3,2,At Risk - High Value,22621.14,2.0,11310.57,Low Activity
781,269,1.0,11960.4,1,3,2,1,Hibernating,11960.4,1.0,11960.4,Low Activity
782,206,3.0,17633.91,1,3,2,2,At Risk - High Value,17633.91,3.0,5877.97,Regular
783,28,3.0,48676.39,4,3,5,0,Champions,48676.39,3.0,16225.463333333331,High Value
784,179,4.0,55409.8,2,3,5,0,Champions,55409.8,4.0,13852.45,High Value
785,91,1.0,8756.46,3,3,1,3,Potential Loyalist,8756.46,1.0,8756.46,Low Activity
786,216,2.0,21407.74,1,3,3,2,At Risk - High Value,21407.74,2.0,10703.87,Low Activity
788,251,1.0,7970.17,1,3,1,1,Hibernating,7970.17,1.0,7970.17,Low Activity
789,148,1.0,8246.99,2,3,1,1,Hibernating,8246.99,1.0,8246.99,Low Activity
790,208,1.0,17055.1,1,3,2,1,Hibernating,17055.1,1.0,17055.1,Low Activity
791,5,2.0,21440.95,5,3,3,4,Loyal Customers,21440.95,2.0,10720.475,Low Activity
792,50,5.0,49208.8,4,3,5,0,Champions,49208.8,5.0,9841.76,High Value
793,101,2.0,30667.84,3,3,4,2,At Risk - High Value,30667.84,2.0,15333.92,Low Activity
794,85,1.0,4663.55,3,3,1,3,Potential Loyalist,4663.55,1.0,4663.55,Low Activity
795,160,2.0,8645.810000000001,2,3,1,1,Hibernating,8645.810000000001,2.0,4322.905000000001,Low Activity
796,231,2.0,30884.44,1,3,4,2,At Risk - High Value,30884.44,2.0,15442.22,Low Activity
797,185,1.0,14996.53,2,3,2,1,Hibernating,14996.53,1.0,14996.53,Low Activity
798,106,1.0,7071.9,3,3,1,3,Potential Loyalist,7071.9,1.0,7071.9,Low Activity
799,231,2.0,20914.74,1,3,3,2,At Risk - High Value,20914.74,2.0,10457.37,Low Activity
800,99,2.0,28048.98,3,3,4,2,At Risk - High Value,28048.98,2.0,14024.49,Low Activity
801,347,1.0,7723.5,1,3,1,1,Hibernating,7723.5,1.0,7723.5,Low Activity
802,99,1.0,8585.7,3,3,1,3,Potential Loyalist,8585.7,1.0,8585.7,Low Activity
803,18,4.0,41682.94,5,3,5,0,Champions,41682.94,4.0,10420.735,Regular
804,38,4.0,52940.88,4,3,5,0,Champions,52940.88,4.0,13235.22,High Value
805,106,1.0,3119.3,3,3,1,3,Potential Loyalist,3119.3,1.0,3119.3,Low Activity
806,37,3.0,55267.2,4,3,5,0,Champions,55267.2,3.0,18422.4,High Value
807,30,1.0,8941.54,4,3,1,3,Potential Loyalist,8941.54,1.0,8941.54,Low Activity
808,69,1.0,9245.23,3,3,1,3,Potential Loyalist,9245.23,1.0,9245.23,Low Activity
809,2,2.0,30764.64,5,3,4,4,Loyal Customers,30764.64,2.0,15382.32,Low Activity
810,236,1.0,11673.28,1,3,2,1,Hibernating,11673.28,1.0,11673.28,Low Activity
812,361,1.0,13266.63,1,3,2,1,Hibernating,13266.63,1.0,13266.63,Low Activity
813,253,1.0,9554.17,1,3,1,1,Hibernating,9554.17,1.0,9554.17,Low Activity
815,312,1.0,16050.55,1,3,2,1,Hibernating,16050.55,1.0,16050.55,Low Activity
816,1,3.0,30314.439999999995,5,3,4,4,Loyal Customers,30314.439999999995,3.0,10104.813333333332,Regular
817,32,3.0,32860.54,4,3,4,4,Loyal Customers,32860.54,3.0,10953.513333333334,Regular
818,138,2.0,14913.11,2,3,2,2,At Risk - High Value,14913.11,2.0,7456.554999999999,Low Activity
819,178,2.0,20353.24,2,3,3,2,At Risk - High Value,20353.24,2.0,10176.62,Low Activity
820,38,3.0,34732.4,4,3,4,4,Loyal Customers,34732.4,3.0,11577.466666666667,Regular
821,120,1.0,12348.96,3,3,2,3,Potential Loyalist,12348.96,1.0,12348.96,Low Activity
823,105,3.0,45908.04,3,3,5,0,Champions,45908.04,3.0,15302.68,Regular
824,1,2.0,16866.4,5,3,2,4,Loyal Customers,16866.4,2.0,8433.2,Low Activity
825,29,4.0,36230.06,4,3,4,0,Champions,36230.06,4.0,9057.515,Regular
826,136,3.0,30820.32,2,3,4,2,At Risk - High Value,30820.32,3.0,10273.44,Regular
827,220,2.0,22783.050000000003,1,3,3,2,At Risk - High Value,22783.050000000003,2.0,11391.525,Low Activity
828,241,2.0,22826.11,1,3,3,2,At Risk - High Value,22826.11,2.0,11413.055,Low Activity
829,168,3.0,38619.73,2,3,5,2,At Risk - High Value,38619.73,3.0,12873.243333333334,Regular
830,49,1.0,6446.13,4,3,1,3,Potential Loyalist,6446.13,1.0,6446.13,Low Activity
831,17,5.0,59254.44,5,3,5,0,Champions,59254.44,5.0,11850.888,High Value
833,189,1.0,13855.16,2,3,2,1,Hibernating,13855.16,1.0,13855.16,Low Activity
835,135,3.0,22679.41,2,3,3,2,At Risk - High Value,22679.41,3.0,7559.803333333333,Regular
836,349,1.0,3955.63,1,3,1,1,Hibernating,3955.63,1.0,3955.63,Low Activity
837,187,1.0,15907.83,2,3,2,1,Hibernating,15907.83,1.0,15907.83,Low Activity
838,47,2.0,23695.69,4,3,3,4,Loyal Customers,23695.69,2.0,11847.845,Low Activity
839,97,2.0,28654.92,3,3,4,2,At Risk - High Value,28654.92,2.0,14327.46,Low Activity
840,189,1.0,13058.38,2,3,2,1,Hibernating,13058.38,1.0,13058.38,Low Activity
841,198,1.0,6854.03,2,3,1,1,Hibernating,6854.03,1.0,6854.03,Low Activity
842,52,3.0,33213.92,4,3,4,4,Loyal Customers,33213.92,3.0,11071.306666666664,Regular
843,25,1.0,14803.66,5,3,2,3,Potential Loyalist,14803.66,1.0,14803.66,Low Activity
844,59,3.0,41972.52,4,3,5,0,Champions,41972.52,3.0,13990.840000000002,Regular
845,27,8.0,87649.38,5,3,5,0,Champions,87649.38,8.0,10956.1725,High Value
846,21,2.0,14774.33,5,3,2,4,Loyal Customers,14774.33,2.0,7387.165,Low Activity
847,206,2.0,31931.7,1,3,4,2,At Risk - High Value,31931.7,2.0,15965.85,Low Activity
848,166,1.0,17964.79,2,3,2,1,Hibernating,17964.79,1.0,17964.79,Low Activity
849,7,3.0,39693.47,5,3,5,4,Loyal Customers,39693.47,3.0,13231.156666666668,Regular
851,1,1.0,7619.53,5,3,1,3,Potential Loyalist,7619.53,1.0,7619.53,Low Activity
852,9,1.0,15368.41,5,3,2,3,Potential Loyalist,15368.41,1.0,15368.41,Low Activity
853,102,3.0,31655.79,3,3,4,2,At Risk - High Value,31655.79,3.0,10551.93,Regular
854,43,3.0,35133.34,4,3,4,4,Loyal Customers,35133.34,3.0,11711.113333333333,Regular
855,135,2.0,28158.17,2,3,4,2,At Risk - High Value,28158.17,2.0,14079.085,Low Activity
856,90,1.0,21087.66,3,3,3,3,Potential Loyalist,21087.66,1.0,21087.66,Low Activity
857,66,2.0,21386.87,4,3,3,4,Loyal Customers,21386.87,2.0,10693.435,Low Activity
858,52,2.0,37635.79,4,3,4,4,Loyal Customers,37635.79,2.0,18817.895,Low Activity
859,206,2.0,14212.420000000002,1,3,2,1,Hibernating,14212.420000000002,2.0,7106.210000000001,Low Activity
860,164,1.0,11064.14,2,3,1,1,Hibernating,11064.14,1.0,11064.14,Low Activity
861,117,2.0,33294.35,3,3,4,2,At Risk - High Value,33294.35,2.0,16647.175,Low Activity
862,243,1.0,5425.35,1,3,1,1,Hibernating,5425.35,1.0,5425.35,Low Activity
863,195,1.0,13253.22,2,3,2,1,Hibernating,13253.22,1.0,13253.22,Low Activity
864,20,2.0,9288.08,5,3,1,3,Potential Loyalist,9288.08,2.0,4644.04,Low Activity
866,11,2.0,12670.86,5,3,2,4,Loyal Customers,12670.86,2.0,6335.43,Low Activity
867,155,5.0,52029.48,2,3,5,0,Champions,52029.48,5.0,10405.896,High Value
868,99,2.0,18011.07,3,3,2,2,At Risk - High Value,18011.07,2.0,9005.535,Low Activity
869,316,1.0,13175.1,1,3,2,1,Hibernating,13175.1,1.0,13175.1,Low Activity
870,98,2.0,29531.36,3,3,4,2,At Risk - High Value,29531.36,2.0,14765.68,Low Activity
871,127,4.0,41605.32,3,3,5,0,Champions,41605.32,4.0,10401.33,Regular
872,79,2.0,30140.29,3,3,4,2,At Risk - High Value,30140.29,2.0,15070.145,Low Activity
873,137,1.0,6754.16,2,3,1,1,Hibernating,6754.16,1.0,6754.16,Low Activity
874,239,1.0,5813.71,1,3,1,1,Hibernating,5813.71,1.0,5813.71,Low Activity
875,81,4.0,26057.41,3,3,3,0,Champions,26057.41,4.0,6514.3525,Regular
876,143,2.0,18581.85,2,3,3,2,At Risk - High Value,18581.85,2.0,9290.925,Low Activity
878,254,2.0,24149.99,1,3,3,2,At Risk - High Value,24149.99,2.0,12074.995,Low Activity
883,67,3.0,38690.28,4,3,5,0,Champions,38690.28,3.0,12896.76,Regular
884,38,2.0,21722.1,4,3,3,4,Loyal Customers,21722.1,2.0,10861.05,Low Activity
885,64,1.0,14777.35,4,3,2,3,Potential Loyalist,14777.35,1.0,14777.35,Low Activity
886,331,1.0,7286.34,1,3,1,1,Hibernating,7286.34,1.0,7286.34,Low Activity
887,113,1.0,21379.25,3,3,3,3,Potential Loyalist,21379.25,1.0,21379.25,Low Activity
889,205,1.0,6552.28,1,3,1,1,Hibernating,6552.28,1.0,6552.28,Low Activity
890,138,3.0,34063.33,2,3,4,2,At Risk - High Value,34063.33,3.0,11354.443333333336,Regular
891,138,4.0,54641.4,2,3,5,0,Champions,54641.4,4.0,13660.35,High Value
892,9,4.0,42063.09,5,3,5,0,Champions,42063.09,4.0,10515.7725,Regular
893,165,2.0,15536.47,2,3,2,2,At Risk - High Value,15536.47,2.0,7768.235000000001,Low Activity
894,128,2.0,22715.69,3,3,3,2,At Risk - High Value,22715.69,2.0,11357.845,Low Activity
895,117,2.0,29992.39,3,3,4,2,At Risk - High Value,29992.39,2.0,14996.195,Low Activity
897,88,1.0,11232.42,3,3,1,3,Potential Loyalist,11232.42,1.0,11232.42,Low Activity
898,160,2.0,16472.18,2,3,2,2,At Risk - High Value,16472.18,2.0,8236.09,Low Activity
899,9,3.0,33301.850000000006,5,3,4,4,Loyal Customers,33301.850000000006,3.0,11100.616666666669,Regular
900,120,3.0,24808.65,3,3,3,2,At Risk - High Value,24808.65,3.0,8269.550000000001,Regular
901,203,2.0,22442.35,1,3,3,2,At Risk - High Value,22442.35,2.0,11221.175,Low Activity
902,219,1.0,14254.08,1,3,2,1,Hibernating,14254.08,1.0,14254.08,Low Activity
903,95,2.0,35163.45,3,3,4,2,At Risk - High Value,35163.45,2.0,17581.725,Low Activity
904,0,3.0,26473.19,5,3,3,4,Loyal Customers,26473.19,3.0,8824.396666666666,Regular
905,361,1.0,11129.49,1,3,1,1,Hibernating,11129.49,1.0,11129.49,Low Activity
906,142,3.0,35244.990000000005,2,3,4,2,At Risk - High Value,35244.990000000005,3.0,11748.330000000002,Regular
907,19,3.0,44329.35,5,3,5,4,Loyal Customers,44329.35,3.0,14776.45,Regular
908,17,4.0,36696.84,5,3,4,0,Champions,36696.84,4.0,9174.21,Regular
909,21,3.0,27969.48,5,3,4,4,Loyal Customers,27969.48,3.0,9323.16,Regular
911,279,1.0,7414.4,1,3,1,1,Hibernating,7414.4,1.0,7414.4,Low Activity
912,150,1.0,4638.47,2,3,1,1,Hibernating,4638.47,1.0,4638.47,Low Activity
913,14,4.0,38523.0,5,3,5,0,Champions,38523.0,4.0,9630.75,Regular
914,76,1.0,9332.61,3,3,1,3,Potential Loyalist,9332.61,1.0,9332.61,Low Activity
915,89,1.0,13104.5,3,3,2,3,Potential Loyalist,13104.5,1.0,13104.5,Low Activity
916,239,1.0,19299.16,1,3,3,1,Hibernating,19299.16,1.0,19299.16,Low Activity
917,130,1.0,7564.64,2,3,1,1,Hibernating,7564.64,1.0,7564.64,Low Activity
918,21,2.0,8140.33,5,3,1,3,Potential Loyalist,8140.33,2.0,4070.165,Low Activity
919,10,6.0,74272.88,5,3,5,0,Champions,74272.88,6.0,12378.813333333334,High Value
920,10,3.0,38950.78,5,3,5,4,Loyal Customers,38950.78,3.0,12983.593333333332,Regular
921,171,2.0,30031.9,2,3,4,2,At Risk - High Value,30031.9,2.0,15015.95,Low Activity
923,56,5.0,43281.85,4,3,5,0,Champions,43281.85,5.0,8656.369999999999,Regular
924,49,2.0,12192.74,4,3,2,3,Potential Loyalist,12192.74,2.0,6096.37,Low Activity
925,283,1.0,18242.56,1,3,2,1,Hibernating,18242.56,1.0,18242.56,Low Activity
926,12,7.0,83578.23999999999,5,3,5,0,Champions,83578.23999999999,7.0,11939.74857142857,High Value
927,314,1.0,11398.46,1,3,1,1,Hibernating,11398.46,1.0,11398.46,Low Activity
928,178,2.0,15991.61,2,3,2,2,At Risk - High Value,15991.61,2.0,7995.805,Low Activity
929,265,1.0,18320.69,1,3,2,1,Hibernating,18320.69,1.0,18320.69,Low Activity
930,259,2.0,16774.01,1,3,2,2,At Risk - High Value,16774.01,2.0,8387.005,Low Activity
931,200,3.0,31163.95,2,3,4,2,At Risk - High Value,31163.95,3.0,10387.983333333332,Regular
932,149,3.0,20500.94,2,3,3,2,At Risk - High Value,20500.94,3.0,6833.6466666666665,Regular
933,116,1.0,3027.02,3,3,1,3,Potential Loyalist,3027.02,1.0,3027.02,Low Activity
935,127,1.0,8522.5,3,3,1,3,Potential Loyalist,8522.5,1.0,8522.5,Low Activity
936,254,2.0,20435.22,1,3,3,2,At Risk - High Value,20435.22,2.0,10217.61,Low Activity
937,114,3.0,31248.06,3,3,4,2,At Risk - High Value,31248.06,3.0,10416.02,Regular
938,181,3.0,26448.67,2,3,3,2,At Risk - High Value,26448.67,3.0,8816.223333333333,Regular
939,170,1.0,14527.56,2,3,2,1,Hibernating,14527.56,1.0,14527.56,Low Activity
940,31,2.0,16320.39,4,3,2,4,Loyal Customers,16320.39,2.0,8160.195,Low Activity
941,4,4.0,51022.42,5,3,5,0,Champions,51022.42,4.0,12755.605,High Value
942,41,3.0,26513.26,4,3,3,4,Loyal Customers,26513.26,3.0,8837.753333333334,Regular
943,134,2.0,29260.44,2,3,4,2,At Risk - High Value,29260.44,2.0,14630.22,Low Activity
946,49,4.0,36318.22,4,3,4,0,Champions,36318.22,4.0,9079.555,Regular
947,341,1.0,10699.72,1,3,1,1,Hibernating,10699.72,1.0,10699.72,Low Activity
948,154,1.0,12975.96,2,3,2,1,Hibernating,12975.96,1.0,12975.96,Low Activity
949,29,2.0,19529.03,4,3,3,4,Loyal Customers,19529.03,2.0,9764.515,Low Activity
950,200,2.0,15326.42,2,3,2,2,At Risk - High Value,15326.42,2.0,7663.21,Low Activity
951,66,1.0,9263.66,4,3,1,3,Potential Loyalist,9263.66,1.0,9263.66,Low Activity
952,13,2.0,14790.86,5,3,2,4,Loyal Customers,14790.86,2.0,7395.43,Low Activity
953,77,2.0,16947.3,3,3,2,2,At Risk - High Value,16947.3,2.0,8473.65,Low Activity
954,106,2.0,15085.11,3,3,2,2,At Risk - High Value,15085.11,2.0,7542.555,Low Activity
955,15,2.0,15764.55,5,3,2,4,Loyal Customers,15764.55,2.0,7882.275,Low Activity
956,7,5.0,50964.74,5,3,5,0,Champions,50964.74,5.0,10192.948,High Value
957,170,2.0,19083.58,2,3,3,2,At Risk - High Value,19083.58,2.0,9541.79,Low Activity
958,115,3.0,26131.08,3,3,3,2,At Risk - High Value,26131.08,3.0,8710.36,Regular
959,200,4.0,45360.75,2,3,5,2,At Risk - High Value,45360.75,4.0,11340.1875,Regular
960,11,4.0,47279.57,5,3,5,0,Champions,47279.57,4.0,11819.8925,High Value
961,88,2.0,27415.84,3,3,4,2,At Risk - High Value,27415.84,2.0,13707.92,Low Activity
962,213,4.0,42601.11,1,3,5,2,At Risk - High Value,42601.11,4.0,10650.2775,Regular
963,236,3.0,33908.53,1,3,4,2,At Risk - High Value,33908.53,3.0,11302.843333333332,Regular
964,245,1.0,23251.74,1,3,3,1,Hibernating,23251.74,1.0,23251.74,Low Activity
965,289,1.0,14243.12,1,3,2,1,Hibernating,14243.12,1.0,14243.12,Low Activity
966,114,2.0,20829.32,3,3,3,2,At Risk - High Value,20829.32,2.0,10414.66,Low Activity
967,4,2.0,27703.67,5,3,4,4,Loyal Customers,27703.67,2.0,13851.835,Low Activity
969,255,1.0,8108.62,1,3,1,1,Hibernating,8108.62,1.0,8108.62,Low Activity
970,70,4.0,48822.36,3,3,5,0,Champions,48822.36,4.0,12205.59,High Value
971,71,1.0,12421.83,3,3,2,3,Potential Loyalist,12421.83,1.0,12421.83,Low Activity
973,17,1.0,4378.14,5,3,1,3,Potential Loyalist,4378.14,1.0,4378.14,Low Activity
974,11,1.0,7477.28,5,3,1,3,Potential Loyalist,7477.28,1.0,7477.28,Low Activity
975,331,1.0,12629.25,1,3,2,1,Hibernating,12629.25,1.0,12629.25,Low Activity
976,53,3.0,33055.13,4,3,4,4,Loyal Customers,33055.13,3.0,11018.376666666663,Regular
977,94,4.0,35070.51,3,3,4,0,Champions,35070.51,4.0,8767.6275,Regular
978,4,1.0,11600.27,5,3,2,3,Potential Loyalist,11600.27,1.0,11600.27,Low Activity
979,95,5.0,62186.25,3,3,5,0,Champions,62186.25,5.0,12437.25,High Value
980,28,3.0,27229.19,4,3,4,4,Loyal Customers,27229.19,3.0,9076.396666666667,Regular
981,87,1.0,10986.41,3,3,1,3,Potential Loyalist,10986.41,1.0,10986.41,Low Activity
982,216,2.0,19692.76,1,3,3,2,At Risk - High Value,19692.76,2.0,9846.38,Low Activity
985,6,5.0,57482.85,5,3,5,0,Champions,57482.85,5.0,11496.57,High Value
987,51,5.0,68406.71,4,3,5,0,Champions,68406.71,5.0,13681.342,High Value
989,48,3.0,42706.17,4,3,5,0,Champions,42706.17,3.0,14235.39,Regular
990,189,2.0,20836.95,2,3,3,2,At Risk - High Value,20836.95,2.0,10418.475,Low Activity
991,38,3.0,46024.53,4,3,5,0,Champions,46024.53,3.0,15341.51,High Value
992,202,1.0,6655.06,1,3,1,1,Hibernating,6655.06,1.0,6655.06,Low Activity
993,357,1.0,10185.01,1,3,1,1,Hibernating,10185.01,1.0,10185.01,Low Activity
994,77,3.0,50868.22,3,3,5,0,Champions,50868.22,3.0,16956.073333333334,High Value
995,50,3.0,20942.120000000003,4,3,3,4,Loyal Customers,20942.120000000003,3.0,6980.706666666668,Regular
996,13,6.0,70971.5,5,3,5,0,Champions,70971.5,6.0,11828.583333333334,High Value
997,179,2.0,17623.510000000002,2,3,2,2,At Risk - High Value,17623.510000000002,2.0,8811.755000000001,Low Activity
998,56,4.0,52644.86,4,3,5,0,Champions,52644.86,4.0,13161.215,High Value
999,43,2.0,11989.93,4,3,2,3,Potential Loyalist,11989.93,2.0,5994.965,Low Activity
1000,7,3.0,30331.28,5,3,4,4,Loyal Customers,30331.28,3.0,10110.426666666666,Regular
1001,95,5.0,58097.32,3,3,5,0,Champions,58097.32,5.0,11619.464,High Value
1002,164,1.0,24093.53,2,3,3,1,Hibernating,24093.53,1.0,24093.53,Low Activity
1003,61,4.0,50704.780000000006,4,3,5,0,Champions,50704.780000000006,4.0,12676.195000000002,High Value
1004,35,3.0,39699.01,4,3,5,0,Champions,39699.01,3.0,13233.003333333332,Regular
1005,138,1.0,3027.54,2,3,1,1,Hibernating,3027.54,1.0,3027.54,Low Activity
1006,24,6.0,78110.23,5,3,5,0,Champions,78110.23,6.0,13018.371666666666,High Value
1007,13,1.0,7617.51,5,3,1,3,Potential Loyalist,7617.51,1.0,7617.51,Low Activity
1008,34,1.0,10481.86,4,3,1,3,Potential Loyalist,10481.86,1.0,10481.86,Low Activity
1009,17,2.0,25326.35,5,3,3,4,Loyal Customers,25326.35,2.0,12663.175,Low Activity
1010,57,3.0,33537.46,4,3,4,4,Loyal Customers,33537.46,3.0,11179.153333333334,Regular
1011,25,3.0,24242.050000000003,5,3,3,4,Loyal Customers,24242.050000000003,3.0,8080.683333333334,Regular
1012,205,1.0,5899.05,1,3,1,1,Hibernating,5899.05,1.0,5899.05,Low Activity
1013,110,1.0,17566.42,3,3,2,3,Potential Loyalist,17566.42,1.0,17566.42,Low Activity
1014,90,5.0,62009.83,3,3,5,0,Champions,62009.83,5.0,12401.966,High Value
1015,32,3.0,40551.09,4,3,5,0,Champions,40551.09,3.0,13517.03,Regular
1017,108,2.0,19647.19,3,3,3,2,At Risk - High Value,19647.19,2.0,9823.595,Low Activity
1018,65,2.0,18050.25,4,3,2,4,Loyal Customers,18050.25,2.0,9025.125,Low Activity
1019,113,1.0,9960.16,3,3,1,3,Potential Loyalist,9960.16,1.0,9960.16,Low Activity
1021,89,2.0,23699.95,3,3,3,2,At Risk - High Value,23699.95,2.0,11849.975,Low Activity
1022,211,2.0,28944.96,1,3,4,2,At Risk - High Value,28944.96,2.0,14472.48,Low Activity
1023,102,2.0,16730.0,3,3,2,2,At Risk - High Value,16730.0,2.0,8365.0,Low Activity
1025,141,1.0,10702.49,2,3,1,1,Hibernating,10702.49,1.0,10702.49,Low Activity
1026,212,1.0,22832.95,1,3,3,1,Hibernating,22832.95,1.0,22832.95,Low Activity
1027,212,2.0,24188.84,1,3,3,2,At Risk - High Value,24188.84,2.0,12094.42,Low Activity
1028,2,1.0,10913.04,5,3,1,3,Potential Loyalist,10913.04,1.0,10913.04,Low Activity
1029,25,4.0,47052.47,5,3,5,0,Champions,47052.47,4.0,11763.1175,High Value
1031,7,1.0,8234.05,5,3,1,3,Potential Loyalist,8234.05,1.0,8234.05,Low Activity
1032,95,1.0,10000.95,3,3,1,3,Potential Loyalist,10000.95,1.0,10000.95,Low Activity
1033,21,2.0,14712.59,5,3,2,4,Loyal Customers,14712.59,2.0,7356.295,Low Activity
1035,8,2.0,20203.05,5,3,3,4,Loyal Customers,20203.05,2.0,10101.525,Low Activity
1036,38,3.0,19333.61,4,3,3,4,Loyal Customers,19333.61,3.0,6444.536666666667,Regular
1038,107,4.0,54102.91,3,3,5,0,Champions,54102.91,4.0,13525.7275,High Value
1039,146,1.0,4440.55,2,3,1,1,Hibernating,4440.55,1.0,4440.55,Low Activity
1041,20,3.0,38679.240000000005,5,3,5,4,Loyal Customers,38679.240000000005,3.0,12893.080000000002,Regular
1042,35,3.0,29379.24,4,3,4,4,Loyal Customers,29379.24,3.0,9793.08,Regular
1043,160,2.0,17021.04,2,3,2,2,At Risk - High Value,17021.04,2.0,8510.52,Low Activity
1044,25,2.0,16741.35,5,3,2,4,Loyal Customers,16741.35,2.0,8370.675,Low Activity
1045,207,1.0,13591.41,1,3,2,1,Hibernating,13591.41,1.0,13591.41,Low Activity
1046,147,2.0,17702.629999999997,2,3,2,2,At Risk - High Value,17702.629999999997,2.0,8851.314999999999,Low Activity
1047,30,2.0,21153.92,4,3,3,4,Loyal Customers,21153.92,2.0,10576.96,Low Activity
1048,3,2.0,15110.9,5,3,2,4,Loyal Customers,15110.9,2.0,7555.45,Low Activity
1049,117,2.0,30899.47,3,3,4,2,At Risk - High Value,30899.47,2.0,15449.735,Low Activity
1050,85,3.0,17294.54,3,3,2,2,At Risk - High Value,17294.54,3.0,5764.846666666667,Regular
1051,29,1.0,6311.73,4,3,1,3,Potential Loyalist,6311.73,1.0,6311.73,Low Activity
1052,40,2.0,15259.65,4,3,2,4,Loyal Customers,15259.65,2.0,7629.825000000001,Low Activity
1053,161,2.0,18708.2,2,3,3,2,At Risk - High Value,18708.2,2.0,9354.1,Low Activity
1054,235,1.0,9560.59,1,3,1,1,Hibernating,9560.59,1.0,9560.59,Low Activity
1055,63,1.0,6011.52,4,3,1,3,Potential Loyalist,6011.52,1.0,6011.52,Low Activity
1056,352,1.0,14256.28,1,3,2,1,Hibernating,14256.28,1.0,14256.28,Low Activity
1057,94,1.0,3893.43,3,3,1,3,Potential Loyalist,3893.43,1.0,3893.43,Low Activity
1059,1,1.0,3566.56,5,3,1,3,Potential Loyalist,3566.56,1.0,3566.56,Low Activity
1060,106,2.0,21012.2,3,3,3,2,At Risk - High Value,21012.2,2.0,10506.1,Low Activity
1061,238,2.0,36807.8,1,3,4,2,At Risk - High Value,36807.8,2.0,18403.9,Low Activity
1063,278,3.0,37189.76,1,3,4,2,At Risk - High Value,37189.76,3.0,12396.586666666668,Regular
1064,8,5.0,37626.68,5,3,4,0,Champions,37626.68,5.0,7525.336,Regular
1065,169,3.0,37671.9,2,3,4,2,At Risk - High Value,37671.9,3.0,12557.3,Regular
1066,9,2.0,26981.34,5,3,4,4,Loyal Customers,26981.34,2.0,13490.67,Low Activity
1067,64,3.0,30696.92,4,3,4,4,Loyal Customers,30696.92,3.0,10232.306666666664,Regular
1068,3,3.0,28114.82,5,3,4,4,Loyal Customers,28114.82,3.0,9371.606666666668,Regular
1069,2,4.0,35829.72,5,3,4,0,Champions,35829.72,4.0,8957.43,Regular
1070,57,2.0,31279.84,4,3,4,4,Loyal Customers,31279.84,2.0,15639.919999999998,Low Activity
1071,29,2.0,33652.67,4,3,4,4,Loyal Customers,33652.67,2.0,16826.335,Low Activity
1072,25,2.0,14354.31,5,3,2,4,Loyal Customers,14354.31,2.0,7177.155,Low Activity
1073,81,1.0,6657.4,3,3,1,3,Potential Loyalist,6657.4,1.0,6657.4,Low Activity
1074,4,5.0,64032.07,5,3,5,0,Champions,64032.07,5.0,12806.414,High Value
1075,314,2.0,27248.59,1,3,4,2,At Risk - High Value,27248.59,2.0,13624.295,Low Activity
1076,1,3.0,42314.94,5,3,5,4,Loyal Customers,42314.94,3.0,14104.98,Regular
1078,139,3.0,42251.73,2,3,5,2,At Risk - High Value,42251.73,3.0,14083.910000000002,Regular
1079,27,3.0,40141.7,5,3,5,4,Loyal Customers,40141.7,3.0,13380.566666666666,Regular
1080,284,1.0,8906.31,1,3,1,1,Hibernating,8906.31,1.0,8906.31,Low Activity
1081,82,3.0,32603.73,3,3,4,2,At Risk - High Value,32603.73,3.0,10867.91,Regular
1082,10,4.0,48637.37,5,3,5,0,Champions,48637.37,4.0,12159.3425,High Value
1083,82,2.0,15980.91,3,3,2,2,At Risk - High Value,15980.91,2.0,7990.455,Low Activity
1084,99,3.0,48173.91,3,3,5,0,Champions,48173.91,3.0,16057.97,High Value
1085,30,1.0,16838.36,4,3,2,3,Potential Loyalist,16838.36,1.0,16838.36,Low Activity
1086,241,3.0,42203.08,1,3,5,2,At Risk - High Value,42203.08,3.0,14067.693333333336,Regular
1087,6,5.0,68546.01,5,3,5,0,Champions,68546.01,5.0,13709.202,High Value
1088,93,4.0,48527.46,3,3,5,0,Champions,48527.46,4.0,12131.865,High Value
1089,173,2.0,21453.92,2,3,3,2,At Risk - High Value,21453.92,2.0,10726.96,Low Activity
1090,102,3.0,23338.42,3,3,3,2,At Risk - High Value,23338.42,3.0,7779.473333333332,Regular
1091,111,1.0,13583.61,3,3,2,3,Potential Loyalist,13583.61,1.0,13583.61,Low Activity
1092,103,2.0,32106.28,3,3,4,2,At Risk - High Value,32106.28,2.0,16053.14,Low Activity
1093,14,1.0,13772.4,5,3,2,3,Potential Loyalist,13772.4,1.0,13772.4,Low Activity
1094,16,3.0,18977.7,5,3,3,4,Loyal Customers,18977.7,3.0,6325.899999999999,Regular
1095,76,4.0,37824.52,3,3,4,0,Champions,37824.52,4.0,9456.13,Regular
1096,155,3.0,15805.23,2,3,2,2,At Risk - High Value,15805.23,3.0,5268.41,Regular
1097,32,4.0,49614.48,4,3,5,0,Champions,49614.48,4.0,12403.62,High Value
1098,358,1.0,16862.03,1,3,2,1,Hibernating,16862.03,1.0,16862.03,Low Activity
1099,24,2.0,23475.85,5,3,3,4,Loyal Customers,23475.85,2.0,11737.925,Low Activity
1100,132,3.0,39430.69,2,3,5,2,At Risk - High Value,39430.69,3.0,13143.563333333334,Regular
1102,68,3.0,27442.52,4,3,4,4,Loyal Customers,27442.52,3.0,9147.506666666666,Regular
1103,68,3.0,33235.96,4,3,4,4,Loyal Customers,33235.96,3.0,11078.653333333334,Regular
1105,186,2.0,19243.46,2,3,3,2,At Risk - High Value,19243.46,2.0,9621.73,Low Activity
1106,157,1.0,16046.34,2,3,2,1,Hibernating,16046.34,1.0,16046.34,Low Activity
1107,211,1.0,7002.64,1,3,1,1,Hibernating,7002.64,1.0,7002.64,Low Activity
1108,249,2.0,24393.17,1,3,3,2,At Risk - High Value,24393.17,2.0,12196.585,Low Activity
1109,155,1.0,29653.4,2,3,4,2,At Risk - High Value,29653.4,1.0,29653.4,Low Activity
1110,22,1.0,3466.97,5,3,1,3,Potential Loyalist,3466.97,1.0,3466.97,Low Activity
1111,80,2.0,21568.66,3,3,3,2,At Risk - High Value,21568.66,2.0,10784.33,Low Activity
1112,28,5.0,47860.7,4,3,5,0,Champions,47860.7,5.0,9572.14,High Value
1113,188,2.0,21795.29,2,3,3,2,At Risk - High Value,21795.29,2.0,10897.645,Low Activity
1114,75,3.0,24869.18,3,3,3,2,At Risk - High Value,24869.18,3.0,8289.726666666667,Regular
1115,129,2.0,16380.61,2,3,2,2,At Risk - High Value,16380.61,2.0,8190.305,Low Activity
1116,170,1.0,15570.68,2,3,2,1,Hibernating,15570.68,1.0,15570.68,Low Activity
1117,46,2.0,17989.65,4,3,2,4,Loyal Customers,17989.65,2.0,8994.825,Low Activity
1118,328,2.0,28315.36,1,3,4,2,At Risk - High Value,28315.36,2.0,14157.68,Low Activity
1120,32,4.0,37892.39,4,3,4,0,Champions,37892.39,4.0,9473.0975,Regular
1121,18,3.0,37875.42,5,3,4,4,Loyal Customers,37875.42,3.0,12625.14,Regular
1122,275,1.0,13540.64,1,3,2,1,Hibernating,13540.64,1.0,13540.64,Low Activity
1125,90,2.0,14531.19,3,3,2,2,At Risk - High Value,14531.19,2.0,7265.594999999999,Low Activity
1126,45,1.0,15818.42,4,3,2,3,Potential Loyalist,15818.42,1.0,15818.42,Low Activity
1128,2,3.0,37917.55,5,3,4,4,Loyal Customers,37917.55,3.0,12639.183333333334,Regular
1130,30,3.0,25784.57,4,3,3,4,Loyal Customers,25784.57,3.0,8594.856666666667,Regular
1131,4,2.0,18266.9,5,3,2,4,Loyal Customers,18266.9,2.0,9133.45,Low Activity
1132,22,1.0,7757.35,5,3,1,3,Potential Loyalist,7757.35,1.0,7757.35,Low Activity
1133,185,2.0,38930.96,2,3,5,2,At Risk - High Value,38930.96,2.0,19465.48,Low Activity
1134,73,3.0,44907.8,3,3,5,0,Champions,44907.8,3.0,14969.266666666665,Regular
1135,164,2.0,18702.62,2,3,3,2,At Risk - High Value,18702.62,2.0,9351.31,Low Activity
1136,87,2.0,24783.47,3,3,3,2,At Risk - High Value,24783.47,2.0,12391.735,Low Activity
1137,129,3.0,22022.65,2,3,3,2,At Risk - High Value,22022.65,3.0,7340.883333333334,Regular
1138,256,1.0,12048.83,1,3,2,1,Hibernating,12048.83,1.0,12048.83,Low Activity
1140,157,2.0,16915.190000000002,2,3,2,2,At Risk - High Value,16915.190000000002,2.0,8457.595000000001,Low Activity
1141,150,3.0,44463.02,2,3,5,2,At Risk - High Value,44463.02,3.0,14821.006666666668,Regular
1142,145,6.0,89602.27,2,3,5,0,Champions,89602.27,6.0,14933.711666666668,High Value
1143,290,1.0,7418.73,1,3,1,1,Hibernating,7418.73,1.0,7418.73,Low Activity
1144,122,2.0,12269.14,3,3,2,3,Potential Loyalist,12269.14,2.0,6134.57,Low Activity
1145,33,2.0,43314.97,4,3,5,4,Loyal Customers,43314.97,2.0,21657.485,Low Activity
1146,259,2.0,17626.309999999998,1,3,2,2,At Risk - High Value,17626.309999999998,2.0,8813.154999999999,Low Activity
1147,138,2.0,17519.23,2,3,2,2,At Risk - High Value,17519.23,2.0,8759.615,Low Activity
1148,170,1.0,11732.86,2,3,2,1,Hibernating,11732.86,1.0,11732.86,Low Activity
1149,228,2.0,31655.75,1,3,4,2,At Risk - High Value,31655.75,2.0,15827.875,Low Activity
1151,200,2.0,23247.07,2,3,3,2,At Risk - High Value,23247.07,2.0,11623.535,Low Activity
1152,118,2.0,17490.79,3,3,2,2,At Risk - High Value,17490.79,2.0,8745.395,Low Activity
1153,274,1.0,15527.82,1,3,2,1,Hibernating,15527.82,1.0,15527.82,Low Activity
1155,266,1.0,17563.48,1,3,2,1,Hibernating,17563.48,1.0,17563.48,Low Activity
1156,85,4.0,41341.95,3,3,5,0,Champions,41341.95,4.0,10335.4875,Regular
1157,180,1.0,18980.77,2,3,3,1,Hibernating,18980.77,1.0,18980.77,Low Activity
1158,29,3.0,38323.21000000001,4,3,5,0,Champions,38323.21000000001,3.0,12774.403333333335,Regular
1159,59,5.0,59766.03,4,3,5,0,Champions,59766.03,5.0,11953.206,High Value
1160,2,2.0,24568.2,5,3,3,4,Loyal Customers,24568.2,2.0,12284.1,Low Activity
1161,32,3.0,45255.83,4,3,5,0,Champions,45255.83,3.0,15085.276666666668,Regular
1162,179,2.0,16557.16,2,3,2,2,At Risk - High Value,16557.16,2.0,8278.58,Low Activity
1163,144,2.0,17483.59,2,3,2,2,At Risk - High Value,17483.59,2.0,8741.795,Low Activity
1164,59,1.0,12154.89,4,3,2,3,Potential Loyalist,12154.89,1.0,12154.89,Low Activity
1165,304,1.0,12184.07,1,3,2,1,Hibernating,12184.07,1.0,12184.07,Low Activity
1167,1,4.0,49865.56,5,3,5,0,Champions,49865.56,4.0,12466.39,High Value
1169,121,2.0,25790.01,3,3,3,2,At Risk - High Value,25790.01,2.0,12895.005,Low Activity
1170,100,3.0,15993.63,3,3,2,2,At Risk - High Value,15993.63,3.0,5331.21,Regular
1172,83,3.0,29251.3,3,3,4,2,At Risk - High Value,29251.3,3.0,9750.433333333332,Regular
1173,4,3.0,49266.81,5,3,5,0,Champions,49266.81,3.0,16422.27,High Value
1174,24,2.0,32983.14,5,3,4,4,Loyal Customers,32983.14,2.0,16491.57,Low Activity
1175,224,4.0,52413.01,1,3,5,2,At Risk - High Value,52413.01,4.0,13103.2525,High Value
1176,238,2.0,11125.04,1,3,1,1,Hibernating,11125.04,2.0,5562.52,Low Activity
1177,253,2.0,20166.99,1,3,3,2,At Risk - High Value,20166.99,2.0,10083.495,Low Activity
1178,135,2.0,21324.19,2,3,3,2,At Risk - High Value,21324.19,2.0,10662.095,Low Activity
1179,93,1.0,3374.0,3,3,1,3,Potential Loyalist,3374.0,1.0,3374.0,Low Activity
1180,23,3.0,43592.94,5,3,5,4,Loyal Customers,43592.94,3.0,14530.98,Regular
1182,65,1.0,8638.2,4,3,1,3,Potential Loyalist,8638.2,1.0,8638.2,Low Activity
1183,11,4.0,33460.520000000004,5,3,4,0,Champions,33460.520000000004,4.0,8365.130000000001,Regular
1184,62,2.0,13545.89,4,3,2,4,Loyal Customers,13545.89,2.0,6772.945,Low Activity
1185,165,2.0,32512.55,2,3,4,2,At Risk - High Value,32512.55,2.0,16256.275,Low Activity
1186,343,1.0,3808.44,1,3,1,1,Hibernating,3808.44,1.0,3808.44,Low Activity
1187,51,4.0,49098.52,4,3,5,0,Champions,49098.52,4.0,12274.63,High Value
1188,97,2.0,31915.46,3,3,4,2,At Risk - High Value,31915.46,2.0,15957.73,Low Activity
1189,74,2.0,31827.45,3,3,4,2,At Risk - High Value,31827.45,2.0,15913.725,Low Activity
1190,75,2.0,8263.82,3,3,1,3,Potential Loyalist,8263.82,2.0,4131.91,Low Activity
1191,159,3.0,44614.24,2,3,5,2,At Risk - High Value,44614.24,3.0,14871.413333333332,Regular
1192,215,1.0,10389.68,1,3,1,1,Hibernating,10389.68,1.0,10389.68,Low Activity
1193,11,2.0,23310.31,5,3,3,4,Loyal Customers,23310.31,2.0,11655.155,Low Activity
1194,206,3.0,17061.3,1,3,2,2,At Risk - High Value,17061.3,3.0,5687.099999999999,Regular
1195,49,2.0,15343.32,4,3,2,4,Loyal Customers,15343.32,2.0,7671.66,Low Activity
1196,137,4.0,24287.16,2,3,3,2,At Risk - High Value,24287.16,4.0,6071.79,Regular
1197,6,4.0,49919.4,5,3,5,0,Champions,49919.4,4.0,12479.85,High Value
1198,99,2.0,17703.77,3,3,2,2,At Risk - High Value,17703.77,2.0,8851.885,Low Activity
1199,216,3.0,26569.4,1,3,3,2,At Risk - High Value,26569.4,3.0,8856.466666666667,Regular
1200,36,3.0,57746.34,4,3,5,0,Champions,57746.34,3.0,19248.78,High Value
1201,73,2.0,13325.02,3,3,2,2,At Risk - High Value,13325.02,2.0,6662.51,Low Activity
1202,48,4.0,35538.53,4,3,4,0,Champions,35538.53,4.0,8884.6325,Regular
1203,244,1.0,2940.52,1,3,1,1,Hibernating,2940.52,1.0,2940.52,Low Activity
1204,79,4.0,39899.91,3,3,5,0,Champions,39899.91,4.0,9974.9775,Regular
1206,272,1.0,13669.95,1,3,2,1,Hibernating,13669.95,1.0,13669.95,Low Activity
1207,240,1.0,9164.87,1,3,1,1,Hibernating,9164.87,1.0,9164.87,Low Activity
1208,18,3.0,21672.17,5,3,3,4,Loyal Customers,21672.17,3.0,7224.056666666666,Regular
1214,149,1.0,7461.42,2,3,1,1,Hibernating,7461.42,1.0,7461.42,Low Activity
1215,150,2.0,12214.12,2,3,2,2,At Risk - High Value,12214.12,2.0,6107.06,Low Activity
1216,208,1.0,11676.93,1,3,2,1,Hibernating,11676.93,1.0,11676.93,Low Activity
1217,33,1.0,8978.57,4,3,1,3,Potential Loyalist,8978.57,1.0,8978.57,Low Activity
1218,14,1.0,5324.33,5,3,1,3,Potential Loyalist,5324.33,1.0,5324.33,Low Activity
1219,30,3.0,30494.45,4,3,4,4,Loyal Customers,30494.45,3.0,10164.816666666668,Regular
1220,290,1.0,7853.54,1,3,1,1,Hibernating,7853.54,1.0,7853.54,Low Activity
1221,91,1.0,29245.53,3,3,4,2,At Risk - High Value,29245.53,1.0,29245.53,Low Activity
1222,42,5.0,50232.06,4,3,5,0,Champions,50232.06,5.0,10046.412,High Value
1223,145,1.0,17132.85,2,3,2,1,Hibernating,17132.85,1.0,17132.85,Low Activity
1225,233,1.0,7205.48,1,3,1,1,Hibernating,7205.48,1.0,7205.48,Low Activity
1227,103,1.0,10522.76,3,3,1,3,Potential Loyalist,10522.76,1.0,10522.76,Low Activity
1228,276,1.0,5844.5,1,3,1,1,Hibernating,5844.5,1.0,5844.5,Low Activity
1229,47,1.0,12716.19,4,3,2,3,Potential Loyalist,12716.19,1.0,12716.19,Low Activity
1231,34,1.0,11058.33,4,3,1,3,Potential Loyalist,11058.33,1.0,11058.33,Low Activity
1232,60,3.0,32036.370000000003,4,3,4,4,Loyal Customers,32036.370000000003,3.0,10678.79,Regular
1233,88,2.0,18211.17,3,3,2,2,At Risk - High Value,18211.17,2.0,9105.585,Low Activity
1234,17,2.0,21661.5,5,3,3,4,Loyal Customers,21661.5,2.0,10830.75,Low Activity
1235,65,3.0,30433.74,4,3,4,4,Loyal Customers,30433.74,3.0,10144.58,Regular
1236,199,2.0,30648.56,2,3,4,2,At Risk - High Value,30648.56,2.0,15324.28,Low Activity
1237,122,3.0,38416.94,3,3,5,2,At Risk - High Value,38416.94,3.0,12805.646666666667,Regular
1238,62,3.0,51525.23,4,3,5,0,Champions,51525.23,3.0,17175.076666666664,High Value
1239,25,3.0,22743.74,5,3,3,4,Loyal Customers,22743.74,3.0,7581.246666666667,Regular
1240,141,1.0,8651.38,2,3,1,1,Hibernating,8651.38,1.0,8651.38,Low Activity
1241,24,2.0,24388.82,5,3,3,4,Loyal Customers,24388.82,2.0,12194.41,Low Activity
1242,298,1.0,16448.92,1,3,2,1,Hibernating,16448.92,1.0,16448.92,Low Activity
1243,99,2.0,19579.64,3,3,3,2,At Risk - High Value,19579.64,2.0,9789.82,Low Activity
1244,238,3.0,29229.28,1,3,4,2,At Risk - High Value,29229.28,3.0,9743.093333333332,Regular
1245,78,3.0,25949.02,3,3,3,2,At Risk - High Value,25949.02,3.0,8649.673333333332,Regular
1246,5,2.0,29486.51,5,3,4,4,Loyal Customers,29486.51,2.0,14743.255,Low Activity
1247,200,2.0,26358.4,2,3,3,2,At Risk - High Value,26358.4,2.0,13179.2,Low Activity
1248,142,2.0,21359.17,2,3,3,2,At Risk - High Value,21359.17,2.0,10679.585,Low Activity
1249,29,3.0,37224.66,4,3,4,4,Loyal Customers,37224.66,3.0,12408.22,Regular
1250,110,2.0,12589.68,3,3,2,2,At Risk - High Value,12589.68,2.0,6294.84,Low Activity
1252,9,1.0,6936.27,5,3,1,3,Potential Loyalist,6936.27,1.0,6936.27,Low Activity
1253,109,1.0,18867.6,3,3,3,3,Potential Loyalist,18867.6,1.0,18867.6,Low Activity
1254,156,1.0,7508.12,2,3,1,1,Hibernating,7508.12,1.0,7508.12,Low Activity
1255,278,1.0,5893.71,1,3,1,1,Hibernating,5893.71,1.0,5893.71,Low Activity
1256,215,2.0,15976.78,1,3,2,2,At Risk - High Value,15976.78,2.0,7988.389999999999,Low Activity
1257,38,1.0,14207.88,4,3,2,3,Potential Loyalist,14207.88,1.0,14207.88,Low Activity
1258,80,1.0,16505.31,3,3,2,3,Potential Loyalist,16505.31,1.0,16505.31,Low Activity
1259,121,2.0,24507.42,3,3,3,2,At Risk - High Value,24507.42,2.0,12253.71,Low Activity
1261,23,4.0,64626.83,5,3,5,0,Champions,64626.83,4.0,16156.7075,High Value
1262,25,4.0,31976.3,5,3,4,0,Champions,31976.3,4.0,7994.075,Regular
1263,52,2.0,14168.77,4,3,2,4,Loyal Customers,14168.77,2.0,7084.385,Low Activity
1264,158,1.0,4691.97,2,3,1,1,Hibernating,4691.97,1.0,4691.97,Low Activity
1265,3,3.0,37981.13,5,3,4,4,Loyal Customers,37981.13,3.0,12660.376666666663,Regular
1266,146,3.0,25430.91,2,3,3,2,At Risk - High Value,25430.91,3.0,8476.97,Regular
1267,149,1.0,8262.32,2,3,1,1,Hibernating,8262.32,1.0,8262.32,Low Activity
1268,322,1.0,9575.0,1,3,1,1,Hibernating,9575.0,1.0,9575.0,Low Activity
1269,182,2.0,24926.300000000003,2,3,3,2,At Risk - High Value,24926.300000000003,2.0,12463.15,Low Activity
1270,33,3.0,26432.91,4,3,3,4,Loyal Customers,26432.91,3.0,8810.97,Regular
1271,178,2.0,49342.83,2,3,5,2,At Risk - High Value,49342.83,2.0,24671.415,High Value
1272,63,2.0,25633.48,4,3,3,4,Loyal Customers,25633.48,2.0,12816.74,Low Activity
1274,67,1.0,4550.87,4,3,1,3,Potential Loyalist,4550.87,1.0,4550.87,Low Activity
1275,144,4.0,46117.15,2,3,5,0,Champions,46117.15,4.0,11529.2875,High Value
1276,234,2.0,25312.11,1,3,3,2,At Risk - High Value,25312.11,2.0,12656.055,Low Activity
1278,182,2.0,27333.46,2,3,4,2,At Risk - High Value,27333.46,2.0,13666.73,Low Activity
1279,335,2.0,18953.35,1,3,3,2,At Risk - High Value,18953.35,2.0,9476.675,Low Activity
1281,29,2.0,18455.99,4,3,2,4,Loyal Customers,18455.99,2.0,9227.995,Low Activity
1282,85,3.0,35639.79,3,3,4,2,At Risk - High Value,35639.79,3.0,11879.93,Regular
1283,161,2.0,27040.96,2,3,4,2,At Risk - High Value,27040.96,2.0,13520.48,Low Activity
1284,5,3.0,24693.56,5,3,3,4,Loyal Customers,24693.56,3.0,8231.186666666666,Regular
1285,149,1.0,14263.52,2,3,2,1,Hibernating,14263.52,1.0,14263.52,Low Activity
1286,116,1.0,15145.64,3,3,2,3,Potential Loyalist,15145.64,1.0,15145.64,Low Activity
1287,29,3.0,32382.04,4,3,4,4,Loyal Customers,32382.04,3.0,10794.013333333334,Regular
1288,210,2.0,23907.11,1,3,3,2,At Risk - High Value,23907.11,2.0,11953.555,Low Activity
1289,59,3.0,24189.69,4,3,3,4,Loyal Customers,24189.69,3.0,8063.23,Regular
1292,18,2.0,32946.32,5,3,4,4,Loyal Customers,32946.32,2.0,16473.16,Low Activity
1293,246,2.0,21487.67,1,3,3,2,At Risk - High Value,21487.67,2.0,10743.835,Low Activity
1294,51,3.0,34549.43,4,3,4,4,Loyal Customers,34549.43,3.0,11516.476666666667,Regular
1295,40,2.0,24877.78,4,3,3,4,Loyal Customers,24877.78,2.0,12438.89,Low Activity
1297,37,3.0,37764.77,4,3,4,4,Loyal Customers,37764.77,3.0,12588.256666666668,Regular
1298,232,1.0,6331.25,1,3,1,1,Hibernating,6331.25,1.0,6331.25,Low Activity
1299,12,4.0,54370.76,5,3,5,0,Champions,54370.76,4.0,13592.69,High Value
1300,21,1.0,11431.1,5,3,1,3,Potential Loyalist,11431.1,1.0,11431.1,Low Activity
1301,11,3.0,28625.36,5,3,4,4,Loyal Customers,28625.36,3.0,9541.786666666669,Regular
1302,114,2.0,22955.82,3,3,3,2,At Risk - High Value,22955.82,2.0,11477.91,Low Activity
1303,20,4.0,32945.770000000004,5,3,4,0,Champions,32945.770000000004,4.0,8236.442500000001,Regular
1304,34,3.0,37682.61,4,3,4,4,Loyal Customers,37682.61,3.0,12560.87,Regular
1305,150,3.0,24298.43,2,3,3,2,At Risk - High Value,24298.43,3.0,8099.476666666666,Regular
1306,29,6.0,72739.14,4,3,5,0,Champions,72739.14,6.0,12123.19,High Value
1307,99,2.0,24767.89,3,3,3,2,At Risk - High Value,24767.89,2.0,12383.945,Low Activity
1308,76,1.0,6435.39,3,3,1,3,Potential Loyalist,6435.39,1.0,6435.39,Low Activity
1309,238,2.0,38882.12,1,3,5,2,At Risk - High Value,38882.12,2.0,19441.06,Low Activity
1310,19,1.0,10913.03,5,3,1,3,Potential Loyalist,10913.03,1.0,10913.03,Low Activity
1311,128,3.0,27502.17,3,3,4,2,At Risk - High Value,27502.17,3.0,9167.39,Regular
1312,297,1.0,15699.79,1,3,2,1,Hibernating,15699.79,1.0,15699.79,Low Activity
1313,41,1.0,7097.01,4,3,1,3,Potential Loyalist,7097.01,1.0,7097.01,Low Activity
1314,49,4.0,47046.45,4,3,5,0,Champions,47046.45,4.0,11761.6125,High Value
1315,21,2.0,20276.49,5,3,3,4,Loyal Customers,20276.49,2.0,10138.245,Low Activity
1317,170,2.0,17322.809999999998,2,3,2,2,At Risk - High Value,17322.809999999998,2.0,8661.404999999999,Low Activity
1318,3,3.0,47573.490000000005,5,3,5,0,Champions,47573.490000000005,3.0,15857.830000000002,High Value
1319,88,1.0,10963.48,3,3,1,3,Potential Loyalist,10963.48,1.0,10963.48,Low Activity
1320,100,3.0,33562.88,3,3,4,2,At Risk - High Value,33562.88,3.0,11187.626666666663,Regular
1321,26,3.0,31495.46,5,3,4,4,Loyal Customers,31495.46,3.0,10498.486666666666,Regular
1323,115,3.0,29665.51,3,3,4,2,At Risk - High Value,29665.51,3.0,9888.503333333332,Regular
1324,274,2.0,25066.76,1,3,3,2,At Risk - High Value,25066.76,2.0,12533.38,Low Activity
1325,3,4.0,36513.19,5,3,4,0,Champions,36513.19,4.0,9128.2975,Regular
1326,124,3.0,52369.67,3,3,5,0,Champions,52369.67,3.0,17456.556666666667,High Value
1327,264,1.0,15858.19,1,3,2,1,Hibernating,15858.19,1.0,15858.19,Low Activity
1328,199,1.0,12093.41,2,3,2,1,Hibernating,12093.41,1.0,12093.41,Low Activity
1329,338,1.0,15221.67,1,3,2,1,Hibernating,15221.67,1.0,15221.67,Low Activity
1330,268,2.0,22961.17,1,3,3,2,At Risk - High Value,22961.17,2.0,11480.585,Low Activity
1331,311,1.0,13227.7,1,3,2,1,Hibernating,13227.7,1.0,13227.7,Low Activity
1332,101,1.0,4618.48,3,3,1,3,Potential Loyalist,4618.48,1.0,4618.48,Low Activity
1333,45,2.0,22782.4,4,3,3,4,Loyal Customers,22782.4,2.0,11391.2,Low Activity
1334,141,2.0,18720.89,2,3,3,2,At Risk - High Value,18720.89,2.0,9360.445,Low Activity
1335,276,2.0,15212.68,1,3,2,2,At Risk - High Value,15212.68,2.0,7606.34,Low Activity
1336,17,2.0,30364.4,5,3,4,4,Loyal Customers,30364.4,2.0,15182.2,Low Activity
1337,138,3.0,37686.48,2,3,4,2,At Risk - High Value,37686.48,3.0,12562.159999999998,Regular
1338,211,1.0,14654.24,1,3,2,1,Hibernating,14654.24,1.0,14654.24,Low Activity
1340,61,3.0,16745.870000000003,4,3,2,4,Loyal Customers,16745.870000000003,3.0,5581.956666666668,Regular
1341,241,1.0,19581.13,1,3,3,1,Hibernating,19581.13,1.0,19581.13,Low Activity
1342,15,2.0,33484.16,5,3,4,4,Loyal Customers,33484.16,2.0,16742.08,Low Activity
1343,32,3.0,40867.130000000005,4,3,5,0,Champions,40867.130000000005,3.0,13622.376666666669,Regular
1344,231,1.0,12847.13,1,3,2,1,Hibernating,12847.13,1.0,12847.13,Low Activity
1345,28,1.0,10528.37,4,3,1,3,Potential Loyalist,10528.37,1.0,10528.37,Low Activity
1346,161,1.0,5392.85,2,3,1,1,Hibernating,5392.85,1.0,5392.85,Low Activity
1347,198,3.0,28765.09,2,3,4,2,At Risk - High Value,28765.09,3.0,9588.363333333333,Regular
1349,216,1.0,11617.39,1,3,2,1,Hibernating,11617.39,1.0,11617.39,Low Activity
1350,230,2.0,28371.47,1,3,4,2,At Risk - High Value,28371.47,2.0,14185.735,Low Activity
1351,166,2.0,15084.65,2,3,2,2,At Risk - High Value,15084.65,2.0,7542.325,Low Activity
1352,178,1.0,10476.63,2,3,1,1,Hibernating,10476.63,1.0,10476.63,Low Activity
1353,38,2.0,25982.11,4,3,3,4,Loyal Customers,25982.11,2.0,12991.055,Low Activity
1355,181,2.0,17989.91,2,3,2,2,At Risk - High Value,17989.91,2.0,8994.955,Low Activity
1357,1,2.0,23492.02,5,3,3,4,Loyal Customers,23492.02,2.0,11746.01,Low Activity
1358,42,5.0,53107.25,4,3,5,0,Champions,53107.25,5.0,10621.45,High Value
1360,236,1.0,17367.75,1,3,2,1,Hibernating,17367.75,1.0,17367.75,Low Activity
1361,16,2.0,17587.03,5,3,2,4,Loyal Customers,17587.03,2.0,8793.515,Low Activity
1362,239,2.0,13154.47,1,3,2,1,Hibernating,13154.47,2.0,6577.235000000001,Low Activity
1363,23,1.0,8808.53,5,3,1,3,Potential Loyalist,8808.53,1.0,8808.53,Low Activity
1364,257,1.0,9942.87,1,3,1,1,Hibernating,9942.87,1.0,9942.87,Low Activity
1365,30,1.0,10193.06,4,3,1,3,Potential Loyalist,10193.06,1.0,10193.06,Low Activity
1367,76,6.0,57725.82,3,3,5,0,Champions,57725.82,6.0,9620.97,High Value
1368,104,1.0,4680.87,3,3,1,3,Potential Loyalist,4680.87,1.0,4680.87,Low Activity
1369,46,3.0,12440.55,4,3,2,4,Loyal Customers,12440.55,3.0,4146.849999999999,Regular
1370,124,3.0,31425.81,3,3,4,2,At Risk - High Value,31425.81,3.0,10475.27,Regular
1371,31,5.0,63874.22,4,3,5,0,Champions,63874.22,5.0,12774.844,High Value
1372,86,1.0,3271.58,3,3,1,3,Potential Loyalist,3271.58,1.0,3271.58,Low Activity
1373,345,1.0,8269.17,1,3,1,1,Hibernating,8269.17,1.0,8269.17,Low Activity
1374,193,1.0,15395.25,2,3,2,1,Hibernating,15395.25,1.0,15395.25,Low Activity
1375,61,2.0,16423.85,4,3,2,4,Loyal Customers,16423.85,2.0,8211.925,Low Activity
1376,17,3.0,16593.72,5,3,2,4,Loyal Customers,16593.72,3.0,5531.240000000001,Regular
1378,1,4.0,48263.03,5,3,5,0,Champions,48263.03,4.0,12065.7575,High Value
1379,212,2.0,25040.97,1,3,3,2,At Risk - High Value,25040.97,2.0,12520.485,Low Activity
1380,53,5.0,48274.66,4,3,5,0,Champions,48274.66,5.0,9654.932,High Value
1381,30,2.0,18172.24,4,3,2,4,Loyal Customers,18172.24,2.0,9086.12,Low Activity
1382,136,1.0,10850.38,2,3,1,1,Hibernating,10850.38,1.0,10850.38,Low Activity
1383,158,1.0,9644.39,2,3,1,1,Hibernating,9644.39,1.0,9644.39,Low Activity
1384,36,4.0,36539.24,4,3,4,0,Champions,36539.24,4.0,9134.81,Regular
1385,80,2.0,13062.52,3,3,2,2,At Risk - High Value,13062.52,2.0,6531.26,Low Activity
1386,47,3.0,45146.68,4,3,5,0,Champions,45146.68,3.0,15048.893333333332,Regular
1387,196,1.0,8444.51,2,3,1,1,Hibernating,8444.51,1.0,8444.51,Low Activity
1388,52,3.0,29555.33,4,3,4,4,Loyal Customers,29555.33,3.0,9851.776666666668,Regular
1389,140,3.0,32791.22,2,3,4,2,At Risk - High Value,32791.22,3.0,10930.406666666668,Regular
1390,13,2.0,23834.44,5,3,3,4,Loyal Customers,23834.44,2.0,11917.22,Low Activity
1391,298,2.0,18493.4,1,3,3,2,At Risk - High Value,18493.4,2.0,9246.7,Low Activity
1392,106,1.0,8303.39,3,3,1,3,Potential Loyalist,8303.39,1.0,8303.39,Low Activity
1393,43,2.0,29419.61,4,3,4,4,Loyal Customers,29419.61,2.0,14709.805,Low Activity
1394,344,1.0,5844.92,1,3,1,1,Hibernating,5844.92,1.0,5844.92,Low Activity
1396,286,1.0,9454.65,1,3,1,1,Hibernating,9454.65,1.0,9454.65,Low Activity
1398,24,5.0,58714.29,5,3,5,0,Champions,58714.29,5.0,11742.858,High Value
1399,122,2.0,21909.99,3,3,3,2,At Risk - High Value,21909.99,2.0,10954.995,Low Activity
1400,38,1.0,12532.15,4,3,2,3,Potential Loyalist,12532.15,1.0,12532.15,Low Activity
1401,22,3.0,50745.76,5,3,5,0,Champions,50745.76,3.0,16915.253333333334,High Value
1402,59,3.0,41943.9,4,3,5,0,Champions,41943.9,3.0,13981.3,Regular
1404,75,3.0,30861.26,3,3,4,2,At Risk - High Value,30861.26,3.0,10287.086666666668,Regular
1405,146,1.0,12191.82,2,3,2,1,Hibernating,12191.82,1.0,12191.82,Low Activity
1406,0,5.0,42834.72,5,3,5,0,Champions,42834.72,5.0,8566.944,Regular
1407,10,5.0,44892.08,5,3,5,0,Champions,44892.08,5.0,8978.416000000001,Regular
1408,66,2.0,14998.13,4,3,2,4,Loyal Customers,14998.13,2.0,7499.065,Low Activity
1410,132,1.0,14077.88,2,3,2,1,Hibernating,14077.88,1.0,14077.88,Low Activity
1411,5,2.0,33515.58,5,3,4,4,Loyal Customers,33515.58,2.0,16757.79,Low Activity
1412,12,3.0,29960.07,5,3,4,4,Loyal Customers,29960.07,3.0,9986.69,Regular
1413,215,3.0,24111.97,1,3,3,2,At Risk - High Value,24111.97,3.0,8037.323333333334,Regular
1414,168,4.0,55896.75,2,3,5,0,Champions,55896.75,4.0,13974.1875,High Value
1417,49,3.0,26918.71,4,3,4,4,Loyal Customers,26918.71,3.0,8972.903333333334,Regular
1418,221,2.0,31215.93,1,3,4,2,At Risk - High Value,31215.93,2.0,15607.965,Low Activity
1420,87,2.0,39369.62,3,3,5,2,At Risk - High Value,39369.62,2.0,19684.81,Low Activity
1421,41,3.0,36702.62,4,3,4,4,Loyal Customers,36702.62,3.0,12234.206666666663,Regular
1422,186,1.0,7980.5,2,3,1,1,Hibernating,7980.5,1.0,7980.5,Low Activity
1423,27,3.0,37525.55,5,3,4,4,Loyal Customers,37525.55,3.0,12508.516666666668,Regular
1424,256,1.0,6377.8,1,3,1,1,Hibernating,6377.8,1.0,6377.8,Low Activity
1425,9,4.0,59245.08,5,3,5,0,Champions,59245.08,4.0,14811.27,High Value
1426,36,2.0,21008.2,4,3,3,4,Loyal Customers,21008.2,2.0,10504.1,Low Activity
1428,248,1.0,17771.24,1,3,2,1,Hibernating,17771.24,1.0,17771.24,Low Activity
1429,353,1.0,7624.91,1,3,1,1,Hibernating,7624.91,1.0,7624.91,Low Activity
1430,156,2.0,11150.51,2,3,1,1,Hibernating,11150.51,2.0,5575.255,Low Activity
1431,172,3.0,24839.18,2,3,3,2,At Risk - High Value,24839.18,3.0,8279.726666666667,Regular
1432,6,3.0,35566.57,5,3,4,4,Loyal Customers,35566.57,3.0,11855.523333333333,Regular
1435,40,1.0,7662.25,4,3,1,3,Potential Loyalist,7662.25,1.0,7662.25,Low Activity
1436,9,2.0,17914.3,5,3,2,4,Loyal Customers,17914.3,2.0,8957.15,Low Activity
1437,6,5.0,68794.05,5,3,5,0,Champions,68794.05,5.0,13758.81,High Value
1438,268,1.0,21768.14,1,3,3,1,Hibernating,21768.14,1.0,21768.14,Low Activity
1439,35,3.0,19379.43,4,3,3,4,Loyal Customers,19379.43,3.0,6459.81,Regular
1440,129,3.0,17638.86,2,3,2,2,At Risk - High Value,17638.86,3.0,5879.62,Regular
1441,142,1.0,7773.92,2,3,1,1,Hibernating,7773.92,1.0,7773.92,Low Activity
1442,352,1.0,10160.87,1,3,1,1,Hibernating,10160.87,1.0,10160.87,Low Activity
1443,150,3.0,18142.98,2,3,2,2,At Risk - High Value,18142.98,3.0,6047.66,Regular
1444,125,3.0,36283.86,3,3,4,2,At Risk - High Value,36283.86,3.0,12094.62,Regular
1445,278,3.0,28572.67,1,3,4,2,At Risk - High Value,28572.67,3.0,9524.223333333332,Regular
1447,10,4.0,41258.69,5,3,5,0,Champions,41258.69,4.0,10314.6725,Regular
1448,130,3.0,33191.8,2,3,4,2,At Risk - High Value,33191.8,3.0,11063.933333333334,Regular
1449,130,2.0,17372.25,2,3,2,2,At Risk - High Value,17372.25,2.0,8686.125,Low Activity
1450,12,2.0,23762.79,5,3,3,4,Loyal Customers,23762.79,2.0,11881.395,Low Activity
1451,59,2.0,31187.94,4,3,4,4,Loyal Customers,31187.94,2.0,15593.97,Low Activity
1452,32,4.0,31143.04,4,3,4,0,Champions,31143.04,4.0,7785.76,Regular
1453,0,5.0,49299.030000000006,5,3,5,0,Champions,49299.030000000006,5.0,9859.806,High Value
1454,49,1.0,16366.65,4,3,2,3,Potential Loyalist,16366.65,1.0,16366.65,Low Activity
1456,14,3.0,24125.56,5,3,3,4,Loyal Customers,24125.56,3.0,8041.853333333333,Regular
1457,331,1.0,24817.95,1,3,3,1,Hibernating,24817.95,1.0,24817.95,Low Activity
1458,8,2.0,5888.389999999999,5,3,1,3,Potential Loyalist,5888.389999999999,2.0,2944.195,Low Activity
1459,142,5.0,52384.44,2,3,5,0,Champions,52384.44,5.0,10476.888,High Value
1460,230,1.0,18287.8,1,3,2,1,Hibernating,18287.8,1.0,18287.8,Low Activity
1461,143,3.0,22030.65,2,3,3,2,At Risk - High Value,22030.65,3.0,7343.55,Regular
1462,94,1.0,11058.14,3,3,1,3,Potential Loyalist,11058.14,1.0,11058.14,Low Activity
1463,36,5.0,58424.7,4,3,5,0,Champions,58424.7,5.0,11684.94,High Value
1465,288,1.0,19844.25,1,3,3,1,Hibernating,19844.25,1.0,19844.25,Low Activity
1466,251,2.0,27904.9,1,3,4,2,At Risk - High Value,27904.9,2.0,13952.45,Low Activity
1467,3,1.0,7952.21,5,3,1,3,Potential Loyalist,7952.21,1.0,7952.21,Low Activity
1468,32,2.0,26402.67,4,3,3,4,Loyal Customers,26402.67,2.0,13201.335,Low Activity
1469,203,1.0,25093.95,1,3,3,1,Hibernating,25093.95,1.0,25093.95,Low Activity
1470,195,1.0,7431.93,2,3,1,1,Hibernating,7431.93,1.0,7431.93,Low Activity
1472,18,1.0,11998.31,5,3,2,3,Potential Loyalist,11998.31,1.0,11998.31,Low Activity
1473,280,1.0,2648.03,1,3,1,1,Hibernating,2648.03,1.0,2648.03,Low Activity
1474,129,1.0,9952.78,2,3,1,1,Hibernating,9952.78,1.0,9952.78,Low Activity
1475,29,2.0,21761.34,4,3,3,4,Loyal Customers,21761.34,2.0,10880.67,Low Activity
1476,56,4.0,47300.68,4,3,5,0,Champions,47300.68,4.0,11825.17,High Value
1477,124,2.0,20279.39,3,3,3,2,At Risk - High Value,20279.39,2.0,10139.695,Low Activity
1478,158,1.0,8070.46,2,3,1,1,Hibernating,8070.46,1.0,8070.46,Low Activity
1479,196,4.0,51778.45,2,3,5,0,Champions,51778.45,4.0,12944.6125,High Value
1480,4,2.0,12692.91,5,3,2,4,Loyal Customers,12692.91,2.0,6346.455,Low Activity
1483,354,1.0,18937.19,1,3,3,1,Hibernating,18937.19,1.0,18937.19,Low Activity
1484,195,2.0,15065.45,2,3,2,2,At Risk - High Value,15065.45,2.0,7532.725,Low Activity
1485,143,1.0,6457.01,2,3,1,1,Hibernating,6457.01,1.0,6457.01,Low Activity
1486,151,2.0,22609.61,2,3,3,2,At Risk - High Value,22609.61,2.0,11304.805,Low Activity
1487,66,1.0,8947.92,4,3,1,3,Potential Loyalist,8947.92,1.0,8947.92,Low Activity
1488,107,3.0,40091.71,3,3,5,2,At Risk - High Value,40091.71,3.0,13363.903333333334,Regular
1489,68,1.0,20914.78,4,3,3,3,Potential Loyalist,20914.78,1.0,20914.78,Low Activity
1490,235,2.0,17269.309999999998,1,3,2,2,At Risk - High Value,17269.309999999998,2.0,8634.654999999999,Low Activity
1491,154,4.0,60203.28,2,3,5,0,Champions,60203.28,4.0,15050.82,High Value
1492,217,1.0,19506.72,1,3,3,1,Hibernating,19506.72,1.0,19506.72,Low Activity
1493,115,3.0,35316.71,3,3,4,2,At Risk - High Value,35316.71,3.0,11772.236666666666,Regular
1495,223,1.0,11996.03,1,3,2,1,Hibernating,11996.03,1.0,11996.03,Low Activity
1496,180,1.0,13341.49,2,3,2,1,Hibernating,13341.49,1.0,13341.49,Low Activity
1497,10,3.0,15841.45,5,3,2,4,Loyal Customers,15841.45,3.0,5280.483333333334,Regular
1498,26,3.0,27298.11,5,3,4,4,Loyal Customers,27298.11,3.0,9099.37,Regular
1500,121,1.0,17988.66,3,3,2,3,Potential Loyalist,17988.66,1.0,17988.66,Low Activity
1501,74,2.0,14788.11,3,3,2,2,At Risk - High Value,14788.11,2.0,7394.055,Low Activity
1502,19,4.0,44470.65,5,3,5,0,Champions,44470.65,4.0,11117.6625,Regular
1503,4,5.0,48837.22,5,3,5,0,Champions,48837.22,5.0,9767.444,High Value
1504,364,1.0,12794.03,1,3,2,1,Hibernating,12794.03,1.0,12794.03,Low Activity
1505,89,3.0,34987.07,3,3,4,2,At Risk - High Value,34987.07,3.0,11662.356666666668,Regular
1507,179,1.0,10170.97,2,3,1,1,Hibernating,10170.97,1.0,10170.97,Low Activity
1508,130,1.0,2617.76,2,3,1,1,Hibernating,2617.76,1.0,2617.76,Low Activity
1509,53,2.0,24815.25,4,3,3,4,Loyal Customers,24815.25,2.0,12407.625,Low Activity
1510,13,2.0,21382.88,5,3,3,4,Loyal Customers,21382.88,2.0,10691.44,Low Activity
1511,153,1.0,2614.34,2,3,1,1,Hibernating,2614.34,1.0,2614.34,Low Activity
1512,37,3.0,23897.07,4,3,3,4,Loyal Customers,23897.07,3.0,7965.69,Regular
1513,50,4.0,41537.77,4,3,5,0,Champions,41537.77,4.0,10384.4425,Regular
1514,139,1.0,8513.31,2,3,1,1,Hibernating,8513.31,1.0,8513.31,Low Activity
1515,180,2.0,34075.18,2,3,4,2,At Risk - High Value,34075.18,2.0,17037.59,Low Activity
1516,352,2.0,23849.19,1,3,3,2,At Risk - High Value,23849.19,2.0,11924.595,Low Activity
1518,162,2.0,34864.77,2,3,4,2,At Risk - High Value,34864.77,2.0,17432.385,Low Activity
1519,190,1.0,9390.52,2,3,1,1,Hibernating,9390.52,1.0,9390.52,Low Activity
1520,235,1.0,12967.04,1,3,2,1,Hibernating,12967.04,1.0,12967.04,Low Activity
1521,300,1.0,3349.74,1,3,1,1,Hibernating,3349.74,1.0,3349.74,Low Activity
1523,331,1.0,5145.44,1,3,1,1,Hibernating,5145.44,1.0,5145.44,Low Activity
1524,28,2.0,26220.53,4,3,3,4,Loyal Customers,26220.53,2.0,13110.265,Low Activity
1525,9,4.0,44488.96,5,3,5,0,Champions,44488.96,4.0,11122.24,Regular
1526,106,1.0,10971.97,3,3,1,3,Potential Loyalist,10971.97,1.0,10971.97,Low Activity
1527,27,1.0,10285.19,5,3,1,3,Potential Loyalist,10285.19,1.0,10285.19,Low Activity
1528,194,4.0,58476.94,2,3,5,0,Champions,58476.94,4.0,14619.235,High Value
1529,298,1.0,16106.99,1,3,2,1,Hibernating,16106.99,1.0,16106.99,Low Activity
1532,45,2.0,19656.77,4,3,3,4,Loyal Customers,19656.77,2.0,9828.385,Low Activity
1534,82,5.0,66923.57,3,3,5,0,Champions,66923.57,5.0,13384.714000000002,High Value
1535,266,1.0,26773.73,1,3,4,1,Hibernating,26773.73,1.0,26773.73,Low Activity
1536,292,1.0,6229.17,1,3,1,1,Hibernating,6229.17,1.0,6229.17,Low Activity
1537,0,3.0,14829.56,5,3,2,4,Loyal Customers,14829.56,3.0,4943.1866666666665,Regular
1538,74,1.0,4969.77,3,3,1,3,Potential Loyalist,4969.77,1.0,4969.77,Low Activity
1539,171,2.0,36204.02,2,3,4,2,At Risk - High Value,36204.02,2.0,18102.01,Low Activity
1540,88,3.0,45986.08,3,3,5,0,Champions,45986.08,3.0,15328.693333333336,High Value
1541,47,4.0,56012.45,4,3,5,0,Champions,56012.45,4.0,14003.1125,High Value
1542,0,6.0,50644.23,5,3,5,0,Champions,50644.23,6.0,8440.705,High Value
1543,57,2.0,26454.300000000003,4,3,3,4,Loyal Customers,26454.300000000003,2.0,13227.15,Low Activity
1544,10,1.0,13894.1,5,3,2,3,Potential Loyalist,13894.1,1.0,13894.1,Low Activity
1545,96,1.0,12870.25,3,3,2,3,Potential Loyalist,12870.25,1.0,12870.25,Low Activity
1547,279,2.0,22968.46,1,3,3,2,At Risk - High Value,22968.46,2.0,11484.23,Low Activity
1548,12,3.0,30882.9,5,3,4,4,Loyal Customers,30882.9,3.0,10294.3,Regular
1550,75,1.0,21172.07,3,3,3,3,Potential Loyalist,21172.07,1.0,21172.07,Low Activity
1551,18,1.0,16921.87,5,3,2,3,Potential Loyalist,16921.87,1.0,16921.87,Low Activity
1552,125,1.0,9550.19,3,3,1,3,Potential Loyalist,9550.19,1.0,9550.19,Low Activity
1553,47,5.0,48078.65,4,3,5,0,Champions,48078.65,5.0,9615.73,High Value
1555,24,2.0,27505.74,5,3,4,4,Loyal Customers,27505.74,2.0,13752.87,Low Activity
1556,50,3.0,26371.460000000003,4,3,3,4,Loyal Customers,26371.460000000003,3.0,8790.486666666668,Regular
1557,140,3.0,35302.59,2,3,4,2,At Risk - High Value,35302.59,3.0,11767.53,Regular
1558,34,4.0,37925.0,4,3,4,0,Champions,37925.0,4.0,9481.25,Regular
1559,154,4.0,42967.33,2,3,5,2,At Risk - High Value,42967.33,4.0,10741.8325,Regular
1560,180,1.0,17519.94,2,3,2,1,Hibernating,17519.94,1.0,17519.94,Low Activity
1562,87,2.0,30442.01,3,3,4,2,At Risk - High Value,30442.01,2.0,15221.005,Low Activity
1564,9,3.0,34429.869999999995,5,3,4,4,Loyal Customers,34429.869999999995,3.0,11476.623333333331,Regular
1565,193,1.0,4304.28,2,3,1,1,Hibernating,4304.28,1.0,4304.28,Low Activity
1566,235,1.0,17725.14,1,3,2,1,Hibernating,17725.14,1.0,17725.14,Low Activity
1567,118,3.0,32634.86,3,3,4,2,At Risk - High Value,32634.86,3.0,10878.286666666669,Regular
1568,358,1.0,5588.35,1,3,1,1,Hibernating,5588.35,1.0,5588.35,Low Activity
1569,18,2.0,28685.97,5,3,4,4,Loyal Customers,28685.97,2.0,14342.985,Low Activity
1570,44,1.0,20389.18,4,3,3,3,Potential Loyalist,20389.18,1.0,20389.18,Low Activity
1571,24,1.0,12302.22,5,3,2,3,Potential Loyalist,12302.22,1.0,12302.22,Low Activity
1572,77,1.0,8016.61,3,3,1,3,Potential Loyalist,8016.61,1.0,8016.61,Low Activity
1573,3,1.0,8447.76,5,3,1,3,Potential Loyalist,8447.76,1.0,8447.76,Low Activity
1574,93,3.0,32128.73,3,3,4,2,At Risk - High Value,32128.73,3.0,10709.576666666666,Regular
1575,100,2.0,24460.27,3,3,3,2,At Risk - High Value,24460.27,2.0,12230.135,Low Activity
1577,138,1.0,6405.89,2,3,1,1,Hibernating,6405.89,1.0,6405.89,Low Activity
1578,75,2.0,12850.0,3,3,2,2,At Risk - High Value,12850.0,2.0,6425.0,Low Activity
1579,251,4.0,23438.51,1,3,3,2,At Risk - High Value,23438.51,4.0,5859.6275000000005,Regular
1580,38,2.0,26971.28,4,3,4,4,Loyal Customers,26971.28,2.0,13485.64,Low Activity
1581,192,2.0,9771.78,2,3,1,1,Hibernating,9771.78,2.0,4885.89,Low Activity
1583,250,1.0,14043.02,1,3,2,1,Hibernating,14043.02,1.0,14043.02,Low Activity
1584,246,1.0,15706.1,1,3,2,1,Hibernating,15706.1,1.0,15706.1,Low Activity
1585,4,3.0,30348.14,5,3,4,4,Loyal Customers,30348.14,3.0,10116.046666666669,Regular
1586,42,1.0,13572.23,4,3,2,3,Potential Loyalist,13572.23,1.0,13572.23,Low Activity
1587,6,3.0,35873.05,5,3,4,4,Loyal Customers,35873.05,3.0,11957.683333333334,Regular
1588,95,3.0,46076.14,3,3,5,0,Champions,46076.14,3.0,15358.713333333331,High Value
1589,77,2.0,27505.51,3,3,4,2,At Risk - High Value,27505.51,2.0,13752.755,Low Activity
1590,33,4.0,36577.55,4,3,4,0,Champions,36577.55,4.0,9144.3875,Regular
1591,17,3.0,34812.05,5,3,4,4,Loyal Customers,34812.05,3.0,11604.016666666668,Regular
1592,211,2.0,29691.42,1,3,4,2,At Risk - High Value,29691.42,2.0,14845.71,Low Activity
1593,185,1.0,15016.07,2,3,2,1,Hibernating,15016.07,1.0,15016.07,Low Activity
1594,88,1.0,12780.11,3,3,2,3,Potential Loyalist,12780.11,1.0,12780.11,Low Activity
1595,135,3.0,44752.33,2,3,5,2,At Risk - High Value,44752.33,3.0,14917.44333333333,Regular
1596,25,3.0,19731.79,5,3,3,4,Loyal Customers,19731.79,3.0,6577.263333333333,Regular
1597,72,3.0,41635.25,3,3,5,0,Champions,41635.25,3.0,13878.416666666666,Regular
1599,53,3.0,25010.68,4,3,3,4,Loyal Customers,25010.68,3.0,8336.893333333333,Regular
1600,211,1.0,5151.83,1,3,1,1,Hibernating,5151.83,1.0,5151.83,Low Activity
1601,150,1.0,8684.97,2,3,1,1,Hibernating,8684.97,1.0,8684.97,Low Activity
1602,3,5.0,43707.86,5,3,5,0,Champions,43707.86,5.0,8741.572,Regular
1603,14,2.0,18808.97,5,3,3,4,Loyal Customers,18808.97,2.0,9404.485,Low Activity
1604,65,3.0,26375.19,4,3,3,4,Loyal Customers,26375.19,3.0,8791.730000000001,Regular
1605,109,2.0,36969.28,3,3,4,2,At Risk - High Value,36969.28,2.0,18484.64,Low Activity
1606,147,3.0,23966.45,2,3,3,2,At Risk - High Value,23966.45,3.0,7988.816666666667,Regular
1607,215,2.0,21101.41,1,3,3,2,At Risk - High Value,21101.41,2.0,10550.705,Low Activity
1609,155,1.0,6116.97,2,3,1,1,Hibernating,6116.97,1.0,6116.97,Low Activity
1610,150,2.0,24455.33,2,3,3,2,At Risk - High Value,24455.33,2.0,12227.665,Low Activity
1611,81,3.0,44175.26,3,3,5,0,Champions,44175.26,3.0,14725.086666666664,Regular
1612,222,4.0,37479.08,1,3,4,2,At Risk - High Value,37479.08,4.0,9369.77,Regular
1613,71,2.0,24121.13,3,3,3,2,At Risk - High Value,24121.13,2.0,12060.565,Low Activity
1614,333,1.0,14060.47,1,3,2,1,Hibernating,14060.47,1.0,14060.47,Low Activity
1615,99,3.0,38824.01,3,3,5,2,At Risk - High Value,38824.01,3.0,12941.336666666668,Regular
1616,81,1.0,4662.38,3,3,1,3,Potential Loyalist,4662.38,1.0,4662.38,Low Activity
1618,337,1.0,11397.46,1,3,1,1,Hibernating,11397.46,1.0,11397.46,Low Activity
1619,25,2.0,14219.16,5,3,2,4,Loyal Customers,14219.16,2.0,7109.58,Low Activity
1620,218,2.0,16536.510000000002,1,3,2,2,At Risk - High Value,16536.510000000002,2.0,8268.255000000001,Low Activity
1621,75,1.0,12102.42,3,3,2,3,Potential Loyalist,12102.42,1.0,12102.42,Low Activity
1622,55,2.0,34221.3,4,3,4,4,Loyal Customers,34221.3,2.0,17110.65,Low Activity
1623,156,4.0,41032.77,2,3,5,2,At Risk - High Value,41032.77,4.0,10258.1925,Regular
1624,136,2.0,24418.97,2,3,3,2,At Risk - High Value,24418.97,2.0,12209.485,Low Activity
1625,10,2.0,8665.2,5,3,1,3,Potential Loyalist,8665.2,2.0,4332.6,Low Activity
1626,155,1.0,4781.37,2,3,1,1,Hibernating,4781.37,1.0,4781.37,Low Activity
1627,104,4.0,43608.62,3,3,5,0,Champions,43608.62,4.0,10902.155,Regular
1628,314,1.0,16990.42,1,3,2,1,Hibernating,16990.42,1.0,16990.42,Low Activity
1629,10,6.0,75955.39,5,3,5,0,Champions,75955.39,6.0,12659.231666666668,High Value
1630,119,4.0,39464.2,3,3,5,0,Champions,39464.2,4.0,9866.05,Regular
1631,175,2.0,18092.82,2,3,2,2,At Risk - High Value,18092.82,2.0,9046.41,Low Activity
1632,330,1.0,18358.68,1,3,2,1,Hibernating,18358.68,1.0,18358.68,Low Activity
1633,93,2.0,32676.5,3,3,4,2,At Risk - High Value,32676.5,2.0,16338.25,Low Activity
1634,6,1.0,6376.52,5,3,1,3,Potential Loyalist,6376.52,1.0,6376.52,Low Activity
1635,323,1.0,14337.61,1,3,2,1,Hibernating,14337.61,1.0,14337.61,Low Activity
1636,103,1.0,8450.82,3,3,1,3,Potential Loyalist,8450.82,1.0,8450.82,Low Activity
1638,199,2.0,16222.71,2,3,2,2,At Risk - High Value,16222.71,2.0,8111.355,Low Activity
1639,128,3.0,41690.630000000005,3,3,5,0,Champions,41690.630000000005,3.0,13896.876666666669,Regular
1640,31,3.0,25873.73,4,3,3,4,Loyal Customers,25873.73,3.0,8624.576666666666,Regular
1641,16,1.0,5956.89,5,3,1,3,Potential Loyalist,5956.89,1.0,5956.89,Low Activity
1642,157,2.0,26816.93,2,3,4,2,At Risk - High Value,26816.93,2.0,13408.465,Low Activity
1643,6,2.0,16943.329999999998,5,3,2,4,Loyal Customers,16943.329999999998,2.0,8471.664999999999,Low Activity
1644,56,2.0,15754.28,4,3,2,4,Loyal Customers,15754.28,2.0,7877.139999999999,Low Activity
1645,52,2.0,15630.36,4,3,2,4,Loyal Customers,15630.36,2.0,7815.18,Low Activity
1646,181,2.0,25116.01,2,3,3,2,At Risk - High Value,25116.01,2.0,12558.005,Low Activity
1647,99,2.0,36329.76,3,3,4,2,At Risk - High Value,36329.76,2.0,18164.88,Low Activity
1648,193,2.0,18065.59,2,3,2,2,At Risk - High Value,18065.59,2.0,9032.795,Low Activity
1652,79,4.0,56044.4,3,3,5,0,Champions,56044.4,4.0,14011.1,High Value
1653,320,1.0,28482.67,1,3,4,1,Hibernating,28482.67,1.0,28482.67,Low Activity
1654,53,5.0,61220.93,4,3,5,0,Champions,61220.93,5.0,12244.186,High Value
1655,101,2.0,20464.61,3,3,3,2,At Risk - High Value,20464.61,2.0,10232.305,Low Activity
1657,1,1.0,10900.2,5,3,1,3,Potential Loyalist,10900.2,1.0,10900.2,Low Activity
1658,80,2.0,21524.99,3,3,3,2,At Risk - High Value,21524.99,2.0,10762.495,Low Activity
1660,142,4.0,49557.37,2,3,5,0,Champions,49557.37,4.0,12389.3425,High Value
1661,61,3.0,27875.83,4,3,4,4,Loyal Customers,27875.83,3.0,9291.943333333336,Regular
1662,45,3.0,22646.86,4,3,3,4,Loyal Customers,22646.86,3.0,7548.953333333334,Regular
1663,124,1.0,5175.58,3,3,1,3,Potential Loyalist,5175.58,1.0,5175.58,Low Activity
1664,23,1.0,22731.75,5,3,3,3,Potential Loyalist,22731.75,1.0,22731.75,Low Activity
1665,28,1.0,6002.16,4,3,1,3,Potential Loyalist,6002.16,1.0,6002.16,Low Activity
1666,31,1.0,5590.1,4,3,1,3,Potential Loyalist,5590.1,1.0,5590.1,Low Activity
1667,66,1.0,14634.48,4,3,2,3,Potential Loyalist,14634.48,1.0,14634.48,Low Activity
1668,234,1.0,22249.31,1,3,3,1,Hibernating,22249.31,1.0,22249.31,Low Activity
1669,20,1.0,6190.58,5,3,1,3,Potential Loyalist,6190.58,1.0,6190.58,Low Activity
1670,308,1.0,13397.97,1,3,2,1,Hibernating,13397.97,1.0,13397.97,Low Activity
1671,25,5.0,40819.52,5,3,5,0,Champions,40819.52,5.0,8163.903999999999,Regular
1672,28,3.0,35720.75,4,3,4,4,Loyal Customers,35720.75,3.0,11906.916666666666,Regular
1673,236,1.0,7673.21,1,3,1,1,Hibernating,7673.21,1.0,7673.21,Low Activity
1675,19,1.0,9372.41,5,3,1,3,Potential Loyalist,9372.41,1.0,9372.41,Low Activity
1676,16,3.0,31305.82,5,3,4,4,Loyal Customers,31305.82,3.0,10435.273333333333,Regular
1677,102,1.0,9399.57,3,3,1,3,Potential Loyalist,9399.57,1.0,9399.57,Low Activity
1678,149,1.0,16245.55,2,3,2,1,Hibernating,16245.55,1.0,16245.55,Low Activity
1680,140,2.0,23804.78,2,3,3,2,At Risk - High Value,23804.78,2.0,11902.39,Low Activity
1681,204,2.0,19238.76,1,3,3,2,At Risk - High Value,19238.76,2.0,9619.38,Low Activity
1682,153,1.0,14267.08,2,3,2,1,Hibernating,14267.08,1.0,14267.08,Low Activity
1683,288,1.0,10174.3,1,3,1,1,Hibernating,10174.3,1.0,10174.3,Low Activity
1684,199,2.0,19060.47,2,3,3,2,At Risk - High Value,19060.47,2.0,9530.235,Low Activity
1685,192,1.0,7766.1,2,3,1,1,Hibernating,7766.1,1.0,7766.1,Low Activity
1686,97,3.0,57571.49,3,3,5,0,Champions,57571.49,3.0,19190.496666666662,High Value
1687,15,1.0,14256.68,5,3,2,3,Potential Loyalist,14256.68,1.0,14256.68,Low Activity
1688,51,2.0,12598.18,4,3,2,3,Potential Loyalist,12598.18,2.0,6299.09,Low Activity
1689,72,3.0,37989.43,3,3,4,2,At Risk - High Value,37989.43,3.0,12663.143333333332,Regular
1690,97,1.0,6306.09,3,3,1,3,Potential Loyalist,6306.09,1.0,6306.09,Low Activity
1692,168,2.0,12954.2,2,3,2,2,At Risk - High Value,12954.2,2.0,6477.1,Low Activity
1693,248,2.0,41039.64,1,3,5,2,At Risk - High Value,41039.64,2.0,20519.82,Low Activity
1694,332,1.0,4795.87,1,3,1,1,Hibernating,4795.87,1.0,4795.87,Low Activity
1695,4,3.0,34801.67,5,3,4,4,Loyal Customers,34801.67,3.0,11600.556666666664,Regular
1696,81,2.0,16401.8,3,3,2,2,At Risk - High Value,16401.8,2.0,8200.9,Low Activity
1697,52,3.0,33079.82,4,3,4,4,Loyal Customers,33079.82,3.0,11026.606666666668,Regular
1698,98,1.0,15212.97,3,3,2,3,Potential Loyalist,15212.97,1.0,15212.97,Low Activity
1699,210,1.0,15096.07,1,3,2,1,Hibernating,15096.07,1.0,15096.07,Low Activity
1700,34,2.0,18040.71,4,3,2,4,Loyal Customers,18040.71,2.0,9020.355,Low Activity
1701,120,1.0,7919.15,3,3,1,3,Potential Loyalist,7919.15,1.0,7919.15,Low Activity
1703,264,3.0,39879.26,1,3,5,2,At Risk - High Value,39879.26,3.0,13293.086666666668,Regular
1704,129,4.0,35438.119999999995,2,3,4,2,At Risk - High Value,35438.119999999995,4.0,8859.529999999999,Regular
1706,196,2.0,8917.84,2,3,1,1,Hibernating,8917.84,2.0,4458.92,Low Activity
1708,99,3.0,40480.23,3,3,5,2,At Risk - High Value,40480.23,3.0,13493.410000000002,Regular
1711,44,2.0,30934.07,4,3,4,4,Loyal Customers,30934.07,2.0,15467.035,Low Activity
1712,208,1.0,16767.31,1,3,2,1,Hibernating,16767.31,1.0,16767.31,Low Activity
1713,133,3.0,36273.19,2,3,4,2,At Risk - High Value,36273.19,3.0,12091.063333333334,Regular
1714,231,1.0,19650.76,1,3,3,1,Hibernating,19650.76,1.0,19650.76,Low Activity
1716,224,1.0,15395.54,1,3,2,1,Hibernating,15395.54,1.0,15395.54,Low Activity
1717,200,2.0,16370.59,2,3,2,2,At Risk - High Value,16370.59,2.0,8185.295,Low Activity
1718,1,3.0,34405.56,5,3,4,4,Loyal Customers,34405.56,3.0,11468.52,Regular
1719,8,6.0,75826.86,5,3,5,0,Champions,75826.86,6.0,12637.81,High Value
1721,78,1.0,16476.29,3,3,2,3,Potential Loyalist,16476.29,1.0,16476.29,Low Activity
1722,41,1.0,5255.04,4,3,1,3,Potential Loyalist,5255.04,1.0,5255.04,Low Activity
1723,1,3.0,38144.630000000005,5,3,5,4,Loyal Customers,38144.630000000005,3.0,12714.876666666669,Regular
1724,2,2.0,31617.31,5,3,4,4,Loyal Customers,31617.31,2.0,15808.655,Low Activity
1725,243,2.0,24891.43,1,3,3,2,At Risk - High Value,24891.43,2.0,12445.715,Low Activity
1726,35,5.0,43447.91,4,3,5,0,Champions,43447.91,5.0,8689.581999999999,Regular
1727,103,2.0,14271.05,3,3,2,2,At Risk - High Value,14271.05,2.0,7135.525,Low Activity
1728,2,1.0,18077.77,5,3,2,3,Potential Loyalist,18077.77,1.0,18077.77,Low Activity
1730,96,2.0,31662.730000000003,3,3,4,2,At Risk - High Value,31662.730000000003,2.0,15831.365000000002,Low Activity
1731,132,2.0,22103.09,2,3,3,2,At Risk - High Value,22103.09,2.0,11051.545,Low Activity
1733,23,2.0,23243.13,5,3,3,4,Loyal Customers,23243.13,2.0,11621.565,Low Activity
1734,289,1.0,10482.12,1,3,1,1,Hibernating,10482.12,1.0,10482.12,Low Activity
1735,24,2.0,10568.18,5,3,1,3,Potential Loyalist,10568.18,2.0,5284.09,Low Activity
1736,138,1.0,6990.34,2,3,1,1,Hibernating,6990.34,1.0,6990.34,Low Activity
1737,222,3.0,27061.86,1,3,4,2,At Risk - High Value,27061.86,3.0,9020.62,Regular
1738,238,1.0,11483.31,1,3,1,1,Hibernating,11483.31,1.0,11483.31,Low Activity
1739,227,3.0,26746.21,1,3,4,2,At Risk - High Value,26746.21,3.0,8915.403333333334,Regular
1740,326,2.0,18069.39,1,3,2,2,At Risk - High Value,18069.39,2.0,9034.695,Low Activity
1741,210,2.0,19086.67,1,3,3,2,At Risk - High Value,19086.67,2.0,9543.335,Low Activity
1743,9,1.0,13743.9,5,3,2,3,Potential Loyalist,13743.9,1.0,13743.9,Low Activity
1744,25,3.0,36018.18,5,3,4,4,Loyal Customers,36018.18,3.0,12006.06,Regular
1745,83,3.0,34638.13,3,3,4,2,At Risk - High Value,34638.13,3.0,11546.043333333331,Regular
1746,214,1.0,20683.47,1,3,3,1,Hibernating,20683.47,1.0,20683.47,Low Activity
1747,61,2.0,28227.85,4,3,4,4,Loyal Customers,28227.85,2.0,14113.925,Low Activity
1748,136,3.0,29130.88,2,3,4,2,At Risk - High Value,29130.88,3.0,9710.293333333331,Regular
1749,145,3.0,33214.94,2,3,4,2,At Risk - High Value,33214.94,3.0,11071.646666666667,Regular
1750,229,1.0,6221.63,1,3,1,1,Hibernating,6221.63,1.0,6221.63,Low Activity
1751,164,2.0,28582.69,2,3,4,2,At Risk - High Value,28582.69,2.0,14291.345,Low Activity
1752,61,6.0,85544.85,4,3,5,0,Champions,85544.85,6.0,14257.475,High Value
1754,32,3.0,38306.09,4,3,5,0,Champions,38306.09,3.0,12768.696666666665,Regular
1755,33,2.0,29978.88,4,3,4,4,Loyal Customers,29978.88,2.0,14989.44,Low Activity
1756,35,2.0,24578.22,4,3,3,4,Loyal Customers,24578.22,2.0,12289.11,Low Activity
1757,43,2.0,20996.52,4,3,3,4,Loyal Customers,20996.52,2.0,10498.26,Low Activity
1759,157,3.0,25348.05,2,3,3,2,At Risk - High Value,25348.05,3.0,8449.35,Regular
1760,11,1.0,24235.6,5,3,3,4,Loyal Customers,24235.6,1.0,24235.6,Low Activity
1761,51,3.0,31143.96,4,3,4,4,Loyal Customers,31143.96,3.0,10381.32,Regular
1762,24,1.0,12959.36,5,3,2,3,Potential Loyalist,12959.36,1.0,12959.36,Low Activity
1763,25,5.0,38267.66,5,3,5,0,Champions,38267.66,5.0,7653.532000000001,Regular
1764,295,1.0,11657.39,1,3,2,1,Hibernating,11657.39,1.0,11657.39,Low Activity
1765,16,2.0,26803.45,5,3,4,4,Loyal Customers,26803.45,2.0,13401.725,Low Activity
1766,28,2.0,21675.33,4,3,3,4,Loyal Customers,21675.33,2.0,10837.665,Low Activity
1767,79,2.0,16371.26,3,3,2,2,At Risk - High Value,16371.26,2.0,8185.63,Low Activity
1769,155,2.0,13119.080000000002,2,3,2,2,At Risk - High Value,13119.080000000002,2.0,6559.540000000001,Low Activity
1771,138,4.0,60589.98,2,3,5,0,Champions,60589.98,4.0,15147.495,High Value
1772,10,2.0,19096.34,5,3,3,4,Loyal Customers,19096.34,2.0,9548.17,Low Activity
1774,77,1.0,3004.24,3,3,1,3,Potential Loyalist,3004.24,1.0,3004.24,Low Activity
1775,223,2.0,23740.61,1,3,3,2,At Risk - High Value,23740.61,2.0,11870.305,Low Activity
1776,67,1.0,7381.32,4,3,1,3,Potential Loyalist,7381.32,1.0,7381.32,Low Activity
1778,28,1.0,12002.14,4,3,2,3,Potential Loyalist,12002.14,1.0,12002.14,Low Activity
1779,119,2.0,18247.65,3,3,2,2,At Risk - High Value,18247.65,2.0,9123.825,Low Activity
1780,175,2.0,20659.07,2,3,3,2,At Risk - High Value,20659.07,2.0,10329.535,Low Activity
1781,51,3.0,31925.49,4,3,4,4,Loyal Customers,31925.49,3.0,10641.83,Regular
1782,103,2.0,22382.57,3,3,3,2,At Risk - High Value,22382.57,2.0,11191.285,Low Activity
1785,1,3.0,31281.97,5,3,4,4,Loyal Customers,31281.97,3.0,10427.323333333334,Regular
1786,66,1.0,7856.04,4,3,1,3,Potential Loyalist,7856.04,1.0,7856.04,Low Activity
1787,150,1.0,3080.9,2,3,1,1,Hibernating,3080.9,1.0,3080.9,Low Activity
1788,125,4.0,32692.93,3,3,4,0,Champions,32692.93,4.0,8173.2325,Regular
1789,64,2.0,36026.33,4,3,4,4,Loyal Customers,36026.33,2.0,18013.165,Low Activity
1792,56,1.0,12245.32,4,3,2,3,Potential Loyalist,12245.32,1.0,12245.32,Low Activity
1793,2,4.0,47602.55,5,3,5,0,Champions,47602.55,4.0,11900.6375,High Value
1794,131,2.0,14874.51,2,3,2,2,At Risk - High Value,14874.51,2.0,7437.255,Low Activity
1796,32,3.0,40538.83,4,3,5,0,Champions,40538.83,3.0,13512.943333333336,Regular
1797,4,6.0,74922.59,5,3,5,0,Champions,74922.59,6.0,12487.098333333332,High Value
1798,87,3.0,26949.77,3,3,4,2,At Risk - High Value,26949.77,3.0,8983.256666666666,Regular
1799,107,2.0,23902.79,3,3,3,2,At Risk - High Value,23902.79,2.0,11951.395,Low Activity
1800,175,1.0,8900.76,2,3,1,1,Hibernating,8900.76,1.0,8900.76,Low Activity
1801,160,2.0,34495.7,2,3,4,2,At Risk - High Value,34495.7,2.0,17247.85,Low Activity
1802,15,1.0,12864.63,5,3,2,3,Potential Loyalist,12864.63,1.0,12864.63,Low Activity
1803,55,9.0,95559.56,4,3,5,0,Champions,95559.56,9.0,10617.728888888889,High Value
1804,93,3.0,26692.54,3,3,4,2,At Risk - High Value,26692.54,3.0,8897.513333333334,Regular
1805,107,2.0,20251.96,3,3,3,2,At Risk - High Value,20251.96,2.0,10125.98,Low Activity
1807,17,2.0,30604.36,5,3,4,4,Loyal Customers,30604.36,2.0,15302.18,Low Activity
1808,92,5.0,50299.5,3,3,5,0,Champions,50299.5,5.0,10059.9,High Value
1810,24,1.0,11413.45,5,3,1,3,Potential Loyalist,11413.45,1.0,11413.45,Low Activity
1811,140,1.0,23685.54,2,3,3,1,Hibernating,23685.54,1.0,23685.54,Low Activity
1812,230,2.0,22922.86,1,3,3,2,At Risk - High Value,22922.86,2.0,11461.43,Low Activity
1813,9,2.0,19050.85,5,3,3,4,Loyal Customers,19050.85,2.0,9525.425,Low Activity
1814,76,1.0,8211.42,3,3,1,3,Potential Loyalist,8211.42,1.0,8211.42,Low Activity
1815,293,1.0,14457.67,1,3,2,1,Hibernating,14457.67,1.0,14457.67,Low Activity
1816,56,1.0,10060.67,4,3,1,3,Potential Loyalist,10060.67,1.0,10060.67,Low Activity
1817,277,1.0,7589.75,1,3,1,1,Hibernating,7589.75,1.0,7589.75,Low Activity
1818,141,1.0,13424.56,2,3,2,1,Hibernating,13424.56,1.0,13424.56,Low Activity
1820,26,4.0,49753.52,5,3,5,0,Champions,49753.52,4.0,12438.38,High Value
1821,23,4.0,37050.07,5,3,4,0,Champions,37050.07,4.0,9262.5175,Regular
1822,297,1.0,10382.91,1,3,1,1,Hibernating,10382.91,1.0,10382.91,Low Activity
1823,201,3.0,32615.32,2,3,4,2,At Risk - High Value,32615.32,3.0,10871.773333333333,Regular
1824,96,2.0,34768.75,3,3,4,2,At Risk - High Value,34768.75,2.0,17384.375,Low Activity
1825,99,4.0,32811.270000000004,3,3,4,0,Champions,32811.270000000004,4.0,8202.817500000001,Regular
1826,179,1.0,11570.05,2,3,1,1,Hibernating,11570.05,1.0,11570.05,Low Activity
1827,78,1.0,15871.55,3,3,2,3,Potential Loyalist,15871.55,1.0,15871.55,Low Activity
1828,123,2.0,17685.78,3,3,2,2,At Risk - High Value,17685.78,2.0,8842.89,Low Activity
1829,4,3.0,37710.72,5,3,4,4,Loyal Customers,37710.72,3.0,12570.24,Regular
1830,15,5.0,37719.6,5,3,4,0,Champions,37719.6,5.0,7543.92,Regular
1831,343,1.0,10537.22,1,3,1,1,Hibernating,10537.22,1.0,10537.22,Low Activity
1832,131,3.0,25734.52,2,3,3,2,At Risk - High Value,25734.52,3.0,8578.173333333334,Regular
1833,191,3.0,54360.01,2,3,5,2,At Risk - High Value,54360.01,3.0,18120.00333333333,High Value
1834,44,2.0,10725.11,4,3,1,3,Potential Loyalist,10725.11,2.0,5362.555,Low Activity
1835,29,2.0,17599.86,4,3,2,4,Loyal Customers,17599.86,2.0,8799.93,Low Activity
1836,27,5.0,71321.95999999999,5,3,5,0,Champions,71321.95999999999,5.0,14264.391999999998,High Value
1837,57,4.0,44503.0,4,3,5,0,Champions,44503.0,4.0,11125.75,Regular
1838,79,3.0,34979.71,3,3,4,2,At Risk - High Value,34979.71,3.0,11659.903333333334,Regular
1839,89,2.0,30137.870000000003,3,3,4,2,At Risk - High Value,30137.870000000003,2.0,15068.935,Low Activity
1841,185,2.0,17924.92,2,3,2,2,At Risk - High Value,17924.92,2.0,8962.46,Low Activity
1842,307,1.0,12854.85,1,3,2,1,Hibernating,12854.85,1.0,12854.85,Low Activity
1844,65,1.0,13529.0,4,3,2,3,Potential Loyalist,13529.0,1.0,13529.0,Low Activity
1845,29,1.0,7265.43,4,3,1,3,Potential Loyalist,7265.43,1.0,7265.43,Low Activity
1846,324,1.0,6552.01,1,3,1,1,Hibernating,6552.01,1.0,6552.01,Low Activity
1848,59,4.0,66262.23,4,3,5,0,Champions,66262.23,4.0,16565.5575,High Value
1849,153,1.0,14813.47,2,3,2,1,Hibernating,14813.47,1.0,14813.47,Low Activity
1850,17,2.0,23846.17,5,3,3,4,Loyal Customers,23846.17,2.0,11923.085,Low Activity
1851,50,1.0,10494.16,4,3,1,3,Potential Loyalist,10494.16,1.0,10494.16,Low Activity
1852,151,2.0,10916.01,2,3,1,1,Hibernating,10916.01,2.0,5458.005,Low Activity
1853,20,2.0,22636.26,5,3,3,4,Loyal Customers,22636.26,2.0,11318.13,Low Activity
1856,58,2.0,27818.09,4,3,4,4,Loyal Customers,27818.09,2.0,13909.045,Low Activity
1857,6,5.0,54917.91,5,3,5,0,Champions,54917.91,5.0,10983.582,High Value
1858,123,2.0,25315.88,3,3,3,2,At Risk - High Value,25315.88,2.0,12657.94,Low Activity
1859,134,5.0,66265.35,2,3,5,0,Champions,66265.35,5.0,13253.070000000002,High Value
1860,217,1.0,22552.8,1,3,3,1,Hibernating,22552.8,1.0,22552.8,Low Activity
1861,144,3.0,45446.95,2,3,5,2,At Risk - High Value,45446.95,3.0,15148.983333333332,Regular
1862,270,1.0,6855.0,1,3,1,1,Hibernating,6855.0,1.0,6855.0,Low Activity
1863,16,4.0,38051.67,5,3,5,0,Champions,38051.67,4.0,9512.9175,Regular
1864,1,2.0,22511.98,5,3,3,4,Loyal Customers,22511.98,2.0,11255.99,Low Activity
1867,364,1.0,23238.95,1,3,3,1,Hibernating,23238.95,1.0,23238.95,Low Activity
1868,110,3.0,19962.14,3,3,3,2,At Risk - High Value,19962.14,3.0,6654.046666666666,Regular
1871,25,1.0,17253.68,5,3,2,3,Potential Loyalist,17253.68,1.0,17253.68,Low Activity
1872,139,3.0,28540.34,2,3,4,2,At Risk - High Value,28540.34,3.0,9513.446666666669,Regular
1873,60,1.0,11233.89,4,3,1,3,Potential Loyalist,11233.89,1.0,11233.89,Low Activity
1874,87,3.0,31138.58,3,3,4,2,At Risk - High Value,31138.58,3.0,10379.526666666668,Regular
1876,34,4.0,47790.54,4,3,5,0,Champions,47790.54,4.0,11947.635,High Value
1877,76,4.0,38307.45,3,3,5,0,Champions,38307.45,4.0,9576.8625,Regular
1878,13,2.0,20495.46,5,3,3,4,Loyal Customers,20495.46,2.0,10247.73,Low Activity
1879,14,3.0,30585.56,5,3,4,4,Loyal Customers,30585.56,3.0,10195.186666666666,Regular
1880,225,2.0,26545.89,1,3,3,2,At Risk - High Value,26545.89,2.0,13272.945,Low Activity
1881,3,3.0,39572.21,5,3,5,4,Loyal Customers,39572.21,3.0,13190.736666666666,Regular
1882,87,3.0,29500.61,3,3,4,2,At Risk - High Value,29500.61,3.0,9833.536666666669,Regular
1883,32,2.0,19561.48,4,3,3,4,Loyal Customers,19561.48,2.0,9780.74,Low Activity
1884,67,3.0,24284.870000000003,4,3,3,4,Loyal Customers,24284.870000000003,3.0,8094.956666666668,Regular
1885,48,2.0,22592.3,4,3,3,4,Loyal Customers,22592.3,2.0,11296.15,Low Activity
1886,125,5.0,48253.28,3,3,5,0,Champions,48253.28,5.0,9650.656,High Value
1887,141,1.0,16754.29,2,3,2,1,Hibernating,16754.29,1.0,16754.29,Low Activity
1888,10,4.0,32926.41,5,3,4,0,Champions,32926.41,4.0,8231.6025,Regular
1890,134,3.0,31518.46,2,3,4,2,At Risk - High Value,31518.46,3.0,10506.153333333334,Regular
1891,252,1.0,10195.75,1,3,1,1,Hibernating,10195.75,1.0,10195.75,Low Activity
1892,67,1.0,17571.47,4,3,2,3,Potential Loyalist,17571.47,1.0,17571.47,Low Activity
1893,1,4.0,33597.85,5,3,4,0,Champions,33597.85,4.0,8399.4625,Regular
1894,153,1.0,26040.06,2,3,3,2,At Risk - High Value,26040.06,1.0,26040.06,Low Activity
1895,284,1.0,6956.12,1,3,1,1,Hibernating,6956.12,1.0,6956.12,Low Activity
1896,36,4.0,48002.71,4,3,5,0,Champions,48002.71,4.0,12000.6775,High Value
1897,130,2.0,22077.230000000003,2,3,3,2,At Risk - High Value,22077.230000000003,2.0,11038.615000000002,Low Activity
1899,1,3.0,36066.82,5,3,4,4,Loyal Customers,36066.82,3.0,12022.273333333333,Regular
1900,262,1.0,22549.65,1,3,3,1,Hibernating,22549.65,1.0,22549.65,Low Activity
1901,179,1.0,10720.76,2,3,1,1,Hibernating,10720.76,1.0,10720.76,Low Activity
1902,234,2.0,29614.74,1,3,4,2,At Risk - High Value,29614.74,2.0,14807.37,Low Activity
1903,132,1.0,18758.68,2,3,3,1,Hibernating,18758.68,1.0,18758.68,Low Activity
1904,241,3.0,20831.58,1,3,3,2,At Risk - High Value,20831.58,3.0,6943.86,Regular
1906,53,5.0,69321.92,4,3,5,0,Champions,69321.92,5.0,13864.384,High Value
1907,68,3.0,26051.05,4,3,3,4,Loyal Customers,26051.05,3.0,8683.683333333332,Regular
1909,20,3.0,31627.99,5,3,4,4,Loyal Customers,31627.99,3.0,10542.663333333334,Regular
1911,113,1.0,7159.56,3,3,1,3,Potential Loyalist,7159.56,1.0,7159.56,Low Activity
1913,114,5.0,36012.61,3,3,4,0,Champions,36012.61,5.0,7202.522,Regular
1914,144,2.0,20836.05,2,3,3,2,At Risk - High Value,20836.05,2.0,10418.025,Low Activity
1915,269,3.0,52179.49,1,3,5,2,At Risk - High Value,52179.49,3.0,17393.163333333334,High Value
1916,68,3.0,31382.82,4,3,4,4,Loyal Customers,31382.82,3.0,10460.94,Regular
1917,82,2.0,15894.09,3,3,2,2,At Risk - High Value,15894.09,2.0,7947.045,Low Activity
1918,199,1.0,12815.67,2,3,2,1,Hibernating,12815.67,1.0,12815.67,Low Activity
1919,114,4.0,52149.76,3,3,5,0,Champions,52149.76,4.0,13037.44,High Value
1920,175,3.0,26468.01,2,3,3,2,At Risk - High Value,26468.01,3.0,8822.67,Regular
1922,31,1.0,14962.05,4,3,2,3,Potential Loyalist,14962.05,1.0,14962.05,Low Activity
1923,153,1.0,23388.64,2,3,3,1,Hibernating,23388.64,1.0,23388.64,Low Activity
1924,40,5.0,49710.6,4,3,5,0,Champions,49710.6,5.0,9942.12,High Value
1925,25,5.0,63142.04,5,3,5,0,Champions,63142.04,5.0,12628.408,High Value
1926,10,4.0,52662.46000000001,5,3,5,0,Champions,52662.46000000001,4.0,13165.615000000002,High Value
1927,59,3.0,26898.98,4,3,4,4,Loyal Customers,26898.98,3.0,8966.326666666666,Regular
1928,15,3.0,23515.98,5,3,3,4,Loyal Customers,23515.98,3.0,7838.66,Regular
1929,228,1.0,13397.79,1,3,2,1,Hibernating,13397.79,1.0,13397.79,Low Activity
1933,168,1.0,6686.38,2,3,1,1,Hibernating,6686.38,1.0,6686.38,Low Activity
1934,184,5.0,87526.74,2,3,5,0,Champions,87526.74,5.0,17505.348,High Value
1936,8,5.0,55890.23,5,3,5,0,Champions,55890.23,5.0,11178.045999999998,High Value
1937,117,1.0,9357.16,3,3,1,3,Potential Loyalist,9357.16,1.0,9357.16,Low Activity
1938,210,2.0,24551.59,1,3,3,2,At Risk - High Value,24551.59,2.0,12275.795,Low Activity
1939,285,1.0,11507.03,1,3,1,1,Hibernating,11507.03,1.0,11507.03,Low Activity
1941,52,1.0,13460.72,4,3,2,3,Potential Loyalist,13460.72,1.0,13460.72,Low Activity
1942,4,1.0,9704.93,5,3,1,3,Potential Loyalist,9704.93,1.0,9704.93,Low Activity
1944,16,4.0,37365.19,5,3,4,0,Champions,37365.19,4.0,9341.2975,Regular
1945,67,3.0,23866.15,4,3,3,4,Loyal Customers,23866.15,3.0,7955.383333333334,Regular
1946,58,3.0,22952.81,4,3,3,4,Loyal Customers,22952.81,3.0,7650.936666666666,Regular
1947,33,3.0,40262.79,4,3,5,0,Champions,40262.79,3.0,13420.93,Regular
1948,82,2.0,25170.57,3,3,3,2,At Risk - High Value,25170.57,2.0,12585.285,Low Activity
1949,242,1.0,5892.82,1,3,1,1,Hibernating,5892.82,1.0,5892.82,Low Activity
1951,186,2.0,20056.45,2,3,3,2,At Risk - High Value,20056.45,2.0,10028.225,Low Activity
1952,227,1.0,16431.01,1,3,2,1,Hibernating,16431.01,1.0,16431.01,Low Activity
1953,283,1.0,12885.05,1,3,2,1,Hibernating,12885.05,1.0,12885.05,Low Activity
1954,94,2.0,18409.95,3,3,2,2,At Risk - High Value,18409.95,2.0,9204.975,Low Activity
1955,3,1.0,11680.11,5,3,2,3,Potential Loyalist,11680.11,1.0,11680.11,Low Activity
1956,83,3.0,38509.74,3,3,5,2,At Risk - High Value,38509.74,3.0,12836.58,Regular
1957,280,1.0,7248.0,1,3,1,1,Hibernating,7248.0,1.0,7248.0,Low Activity
1958,261,3.0,27114.63,1,3,4,2,At Risk - High Value,27114.63,3.0,9038.21,Regular
1959,5,4.0,61061.19,5,3,5,0,Champions,61061.19,4.0,15265.2975,High Value
1960,70,6.0,46952.72,3,3,5,0,Champions,46952.72,6.0,7825.453333333334,High Value
1961,97,2.0,26717.25,3,3,4,2,At Risk - High Value,26717.25,2.0,13358.625,Low Activity
1963,73,1.0,22408.05,3,3,3,3,Potential Loyalist,22408.05,1.0,22408.05,Low Activity
1964,110,1.0,14870.46,3,3,2,3,Potential Loyalist,14870.46,1.0,14870.46,Low Activity
1965,128,1.0,12803.42,3,3,2,3,Potential Loyalist,12803.42,1.0,12803.42,Low Activity
1966,32,1.0,20070.3,4,3,3,3,Potential Loyalist,20070.3,1.0,20070.3,Low Activity
1967,267,2.0,30754.73,1,3,4,2,At Risk - High Value,30754.73,2.0,15377.365,Low Activity
1968,42,1.0,8172.97,4,3,1,3,Potential Loyalist,8172.97,1.0,8172.97,Low Activity
1969,13,1.0,3830.41,5,3,1,3,Potential Loyalist,3830.41,1.0,3830.41,Low Activity
1970,82,2.0,25067.06,3,3,3,2,At Risk - High Value,25067.06,2.0,12533.53,Low Activity
1971,56,3.0,19010.22,4,3,3,4,Loyal Customers,19010.22,3.0,6336.740000000001,Regular
1972,37,4.0,54397.91,4,3,5,0,Champions,54397.91,4.0,13599.4775,High Value
1973,3,1.0,27379.72,5,3,4,4,Loyal Customers,27379.72,1.0,27379.72,Low Activity
1974,74,2.0,23938.09,3,3,3,2,At Risk - High Value,23938.09,2.0,11969.045,Low Activity
1975,115,2.0,21938.7,3,3,3,2,At Risk - High Value,21938.7,2.0,10969.35,Low Activity
1976,1,6.0,74635.58,5,3,5,0,Champions,74635.58,6.0,12439.263333333334,High Value
1977,89,1.0,13753.48,3,3,2,3,Potential Loyalist,13753.48,1.0,13753.48,Low Activity
1978,61,1.0,4509.18,4,3,1,3,Potential Loyalist,4509.18,1.0,4509.18,Low Activity
1979,129,1.0,5228.95,2,3,1,1,Hibernating,5228.95,1.0,5228.95,Low Activity
1980,235,1.0,16243.74,1,3,2,1,Hibernating,16243.74,1.0,16243.74,Low Activity
1981,19,4.0,31183.200000000004,5,3,4,0,Champions,31183.200000000004,4.0,7795.800000000001,Regular
1982,127,1.0,4076.25,3,3,1,3,Potential Loyalist,4076.25,1.0,4076.25,Low Activity
1983,10,3.0,28845.1,5,3,4,4,Loyal Customers,28845.1,3.0,9615.033333333333,Regular
1984,124,2.0,21418.81,3,3,3,2,At Risk - High Value,21418.81,2.0,10709.405,Low Activity
1986,352,1.0,7385.73,1,3,1,1,Hibernating,7385.73,1.0,7385.73,Low Activity
1987,65,2.0,31509.82,4,3,4,4,Loyal Customers,31509.82,2.0,15754.91,Low Activity
1988,35,3.0,22134.410000000003,4,3,3,4,Loyal Customers,22134.410000000003,3.0,7378.136666666668,Regular
1989,182,1.0,10725.67,2,3,1,1,Hibernating,10725.67,1.0,10725.67,Low Activity
1990,101,2.0,32208.23,3,3,4,2,At Risk - High Value,32208.23,2.0,16104.114999999998,Low Activity
1991,174,2.0,31751.37,2,3,4,2,At Risk - High Value,31751.37,2.0,15875.685,Low Activity
1992,179,2.0,16545.41,2,3,2,2,At Risk - High Value,16545.41,2.0,8272.705,Low Activity
1994,5,5.0,59324.26,5,3,5,0,Champions,59324.26,5.0,11864.852,High Value
1996,23,2.0,24530.6,5,3,3,4,Loyal Customers,24530.6,2.0,12265.3,Low Activity
1997,70,3.0,29535.09,3,3,4,2,At Risk - High Value,29535.09,3.0,9845.03,Regular
1998,12,2.0,16419.31,5,3,2,4,Loyal Customers,16419.31,2.0,8209.655,Low Activity
2000,262,1.0,8791.55,1,3,1,1,Hibernating,8791.55,1.0,8791.55,Low Activity
2001,135,4.0,44345.09,2,3,5,2,At Risk - High Value,44345.09,4.0,11086.2725,Regular
2002,16,3.0,69907.07,5,3,5,0,Champions,69907.07,3.0,23302.35666666667,High Value
2003,136,3.0,40010.43,2,3,5,2,At Risk - High Value,40010.43,3.0,13336.81,Regular
2004,60,4.0,40940.58,4,3,5,0,Champions,40940.58,4.0,10235.145,Regular
2005,16,2.0,31630.24,5,3,4,4,Loyal Customers,31630.24,2.0,15815.12,Low Activity
2006,2,4.0,51384.48,5,3,5,0,Champions,51384.48,4.0,12846.12,High Value
2007,114,1.0,12490.07,3,3,2,3,Potential Loyalist,12490.07,1.0,12490.07,Low Activity
2008,43,1.0,22269.27,4,3,3,3,Potential Loyalist,22269.27,1.0,22269.27,Low Activity
2011,317,1.0,10606.77,1,3,1,1,Hibernating,10606.77,1.0,10606.77,Low Activity
2012,326,1.0,8748.73,1,3,1,1,Hibernating,8748.73,1.0,8748.73,Low Activity
2015,26,2.0,16113.73,5,3,2,4,Loyal Customers,16113.73,2.0,8056.865,Low Activity
2016,26,1.0,3127.61,5,3,1,3,Potential Loyalist,3127.61,1.0,3127.61,Low Activity
2017,249,4.0,60139.23,1,3,5,2,At Risk - High Value,60139.23,4.0,15034.8075,High Value
2018,151,1.0,14534.46,2,3,2,1,Hibernating,14534.46,1.0,14534.46,Low Activity
2019,258,3.0,27557.47,1,3,4,2,At Risk - High Value,27557.47,3.0,9185.823333333334,Regular
2020,51,3.0,39184.28,4,3,5,0,Champions,39184.28,3.0,13061.426666666666,Regular
2022,234,3.0,26119.09,1,3,3,2,At Risk - High Value,26119.09,3.0,8706.363333333333,Regular
2023,116,2.0,22565.94,3,3,3,2,At Risk - High Value,22565.94,2.0,11282.97,Low Activity
2025,38,5.0,56001.02,4,3,5,0,Champions,56001.02,5.0,11200.204,High Value
2027,97,1.0,15336.2,3,3,2,3,Potential Loyalist,15336.2,1.0,15336.2,Low Activity
2028,4,3.0,33629.11,5,3,4,4,Loyal Customers,33629.11,3.0,11209.703333333331,Regular
2029,152,1.0,11757.03,2,3,2,1,Hibernating,11757.03,1.0,11757.03,Low Activity
2030,42,3.0,33251.0,4,3,4,4,Loyal Customers,33251.0,3.0,11083.666666666666,Regular
2031,169,1.0,12681.13,2,3,2,1,Hibernating,12681.13,1.0,12681.13,Low Activity
2032,114,2.0,18792.96,3,3,3,2,At Risk - High Value,18792.96,2.0,9396.48,Low Activity
2033,12,3.0,20065.98,5,3,3,4,Loyal Customers,20065.98,3.0,6688.66,Regular
2034,2,2.0,16230.06,5,3,2,4,Loyal Customers,16230.06,2.0,8115.030000000001,Low Activity
2035,5,2.0,19172.48,5,3,3,4,Loyal Customers,19172.48,2.0,9586.24,Low Activity
2036,116,2.0,30538.61,3,3,4,2,At Risk - High Value,30538.61,2.0,15269.305,Low Activity
2037,309,3.0,44914.0,1,3,5,2,At Risk - High Value,44914.0,3.0,14971.333333333334,Regular
2038,4,3.0,49834.94,5,3,5,0,Champions,49834.94,3.0,16611.646666666667,High Value
2040,20,4.0,36119.72,5,3,4,0,Champions,36119.72,4.0,9029.93,Regular
2041,48,3.0,41506.57,4,3,5,0,Champions,41506.57,3.0,13835.523333333333,Regular
2042,19,1.0,5940.95,5,3,1,3,Potential Loyalist,5940.95,1.0,5940.95,Low Activity
2043,88,1.0,11884.35,3,3,2,3,Potential Loyalist,11884.35,1.0,11884.35,Low Activity
2044,157,2.0,7271.4,2,3,1,1,Hibernating,7271.4,2.0,3635.7,Low Activity
2046,27,1.0,6069.86,5,3,1,3,Potential Loyalist,6069.86,1.0,6069.86,Low Activity
2047,39,3.0,29548.550000000003,4,3,4,4,Loyal Customers,29548.550000000003,3.0,9849.516666666668,Regular
2048,201,2.0,40454.79,2,3,5,2,At Risk - High Value,40454.79,2.0,20227.395,Low Activity
2049,197,1.0,7992.31,2,3,1,1,Hibernating,7992.31,1.0,7992.31,Low Activity
2051,22,3.0,22866.77,5,3,3,4,Loyal Customers,22866.77,3.0,7622.256666666667,Regular
2052,10,2.0,14446.49,5,3,2,4,Loyal Customers,14446.49,2.0,7223.245,Low Activity
2053,76,3.0,33370.72,3,3,4,2,At Risk - High Value,33370.72,3.0,11123.573333333334,Regular
2055,72,1.0,12070.44,3,3,2,3,Potential Loyalist,12070.44,1.0,12070.44,Low Activity
2056,3,2.0,10126.46,5,3,1,3,Potential Loyalist,10126.46,2.0,5063.23,Low Activity
2058,15,4.0,54004.82,5,3,5,0,Champions,54004.82,4.0,13501.205,High Value
2059,76,3.0,35941.44,3,3,4,2,At Risk - High Value,35941.44,3.0,11980.48,Regular
2060,237,1.0,10152.67,1,3,1,1,Hibernating,10152.67,1.0,10152.67,Low Activity
2062,111,1.0,18501.74,3,3,3,3,Potential Loyalist,18501.74,1.0,18501.74,Low Activity
2063,40,4.0,52381.24,4,3,5,0,Champions,52381.24,4.0,13095.31,High Value
2064,234,1.0,11000.87,1,3,1,1,Hibernating,11000.87,1.0,11000.87,Low Activity
2065,12,2.0,12093.52,5,3,2,4,Loyal Customers,12093.52,2.0,6046.76,Low Activity
2066,214,1.0,10300.26,1,3,1,1,Hibernating,10300.26,1.0,10300.26,Low Activity
2067,172,3.0,21135.29,2,3,3,2,At Risk - High Value,21135.29,3.0,7045.096666666667,Regular
2068,129,2.0,25213.07,2,3,3,2,At Risk - High Value,25213.07,2.0,12606.535,Low Activity
2069,54,2.0,33463.05,4,3,4,4,Loyal Customers,33463.05,2.0,16731.525,Low Activity
2071,10,2.0,18938.24,5,3,3,4,Loyal Customers,18938.24,2.0,9469.12,Low Activity
2072,64,5.0,50831.51,4,3,5,0,Champions,50831.51,5.0,10166.302,High Value
2074,13,2.0,17060.77,5,3,2,4,Loyal Customers,17060.77,2.0,8530.385,Low Activity
2075,343,1.0,3934.94,1,3,1,1,Hibernating,3934.94,1.0,3934.94,Low Activity
2076,10,2.0,33794.97,5,3,4,4,Loyal Customers,33794.97,2.0,16897.485,Low Activity
2077,178,2.0,8087.059999999999,2,3,1,1,Hibernating,8087.059999999999,2.0,4043.53,Low Activity
2078,60,5.0,40926.34,4,3,5,0,Champions,40926.34,5.0,8185.267999999999,Regular
2079,126,2.0,28225.27,3,3,4,2,At Risk - High Value,28225.27,2.0,14112.635,Low Activity
2081,16,5.0,50174.68,5,3,5,0,Champions,50174.68,5.0,10034.936,High Value
2082,16,1.0,8519.9,5,3,1,3,Potential Loyalist,8519.9,1.0,8519.9,Low Activity
2083,109,3.0,31419.81,3,3,4,2,At Risk - High Value,31419.81,3.0,10473.27,Regular
2084,167,1.0,6574.49,2,3,1,1,Hibernating,6574.49,1.0,6574.49,Low Activity
2085,231,2.0,13900.55,1,3,2,1,Hibernating,13900.55,2.0,6950.275,Low Activity
2086,37,3.0,32680.79,4,3,4,4,Loyal Customers,32680.79,3.0,10893.596666666666,Regular
2087,139,1.0,3808.64,2,3,1,1,Hibernating,3808.64,1.0,3808.64,Low Activity
2088,164,2.0,17369.62,2,3,2,2,At Risk - High Value,17369.62,2.0,8684.81,Low Activity
2089,197,1.0,9778.77,2,3,1,1,Hibernating,9778.77,1.0,9778.77,Low Activity
2090,267,2.0,23327.0,1,3,3,2,At Risk - High Value,23327.0,2.0,11663.5,Low Activity
2091,40,4.0,20930.99,4,3,3,4,Loyal Customers,20930.99,4.0,5232.7475,Regular
2092,241,2.0,23575.550000000003,1,3,3,2,At Risk - High Value,23575.550000000003,2.0,11787.775,Low Activity
2093,41,1.0,16786.98,4,3,2,3,Potential Loyalist,16786.98,1.0,16786.98,Low Activity
2094,37,3.0,27874.68,4,3,4,4,Loyal Customers,27874.68,3.0,9291.56,Regular
2095,70,1.0,23694.29,3,3,3,3,Potential Loyalist,23694.29,1.0,23694.29,Low Activity
2096,169,1.0,14490.58,2,3,2,1,Hibernating,14490.58,1.0,14490.58,Low Activity
2097,64,1.0,3750.22,4,3,1,3,Potential Loyalist,3750.22,1.0,3750.22,Low Activity
2098,195,1.0,11150.29,2,3,1,1,Hibernating,11150.29,1.0,11150.29,Low Activity
2099,254,4.0,54653.15,1,3,5,2,At Risk - High Value,54653.15,4.0,13663.2875,High Value
2100,317,1.0,11866.76,1,3,2,1,Hibernating,11866.76,1.0,11866.76,Low Activity
2101,79,1.0,13771.94,3,3,2,3,Potential Loyalist,13771.94,1.0,13771.94,Low Activity
2102,99,1.0,8336.87,3,3,1,3,Potential Loyalist,8336.87,1.0,8336.87,Low Activity
2103,209,1.0,10557.18,1,3,1,1,Hibernating,10557.18,1.0,10557.18,Low Activity
2104,28,2.0,21026.97,4,3,3,4,Loyal Customers,21026.97,2.0,10513.485,Low Activity
2105,32,3.0,22022.17,4,3,3,4,Loyal Customers,22022.17,3.0,7340.723333333332,Regular
2106,240,1.0,13024.54,1,3,2,1,Hibernating,13024.54,1.0,13024.54,Low Activity
2107,172,1.0,4813.12,2,3,1,1,Hibernating,4813.12,1.0,4813.12,Low Activity
2108,2,2.0,12825.64,5,3,2,4,Loyal Customers,12825.64,2.0,6412.82,Low Activity
2109,92,1.0,8270.47,3,3,1,3,Potential Loyalist,8270.47,1.0,8270.47,Low Activity
2110,209,1.0,13533.07,1,3,2,1,Hibernating,13533.07,1.0,13533.07,Low Activity
2111,51,3.0,26798.02,4,3,4,4,Loyal Customers,26798.02,3.0,8932.673333333334,Regular
2112,7,4.0,60386.77,5,3,5,0,Champions,60386.77,4.0,15096.6925,High Value
2113,254,1.0,6085.17,1,3,1,1,Hibernating,6085.17,1.0,6085.17,Low Activity
2114,179,2.0,22195.79,2,3,3,2,At Risk - High Value,22195.79,2.0,11097.895,Low Activity
2115,176,4.0,40489.01,2,3,5,2,At Risk - High Value,40489.01,4.0,10122.2525,Regular
2116,44,4.0,36104.94,4,3,4,0,Champions,36104.94,4.0,9026.235,Regular
2118,12,2.0,13792.94,5,3,2,4,Loyal Customers,13792.94,2.0,6896.47,Low Activity
2119,10,5.0,42411.42,5,3,5,0,Champions,42411.42,5.0,8482.284,Regular
2120,18,2.0,32204.31,5,3,4,4,Loyal Customers,32204.31,2.0,16102.155,Low Activity
2121,171,3.0,23859.75,2,3,3,2,At Risk - High Value,23859.75,3.0,7953.25,Regular
2122,32,4.0,23475.09,4,3,3,0,Champions,23475.09,4.0,5868.7725,Regular
2123,45,2.0,22491.78,4,3,3,4,Loyal Customers,22491.78,2.0,11245.89,Low Activity
2124,20,3.0,32221.84,5,3,4,4,Loyal Customers,32221.84,3.0,10740.613333333333,Regular
2125,100,3.0,35276.89,3,3,4,2,At Risk - High Value,35276.89,3.0,11758.963333333331,Regular
2126,256,3.0,15375.830000000002,1,3,2,2,At Risk - High Value,15375.830000000002,3.0,5125.276666666668,Regular
2128,98,1.0,4788.53,3,3,1,3,Potential Loyalist,4788.53,1.0,4788.53,Low Activity
2129,90,4.0,55008.73,3,3,5,0,Champions,55008.73,4.0,13752.1825,High Value
2131,46,2.0,18592.1,4,3,3,4,Loyal Customers,18592.1,2.0,9296.05,Low Activity
2132,233,1.0,12911.68,1,3,2,1,Hibernating,12911.68,1.0,12911.68,Low Activity
2133,94,3.0,34528.94,3,3,4,2,At Risk - High Value,34528.94,3.0,11509.646666666667,Regular
2134,299,1.0,8667.5,1,3,1,1,Hibernating,8667.5,1.0,8667.5,Low Activity
2136,79,1.0,15625.58,3,3,2,3,Potential Loyalist,15625.58,1.0,15625.58,Low Activity
2137,238,1.0,4776.63,1,3,1,1,Hibernating,4776.63,1.0,4776.63,Low Activity
2138,132,2.0,29711.38,2,3,4,2,At Risk - High Value,29711.38,2.0,14855.69,Low Activity
2139,66,3.0,27183.68,4,3,4,4,Loyal Customers,27183.68,3.0,9061.226666666667,Regular
2140,82,2.0,24814.89,3,3,3,2,At Risk - High Value,24814.89,2.0,12407.445,Low Activity
2141,166,1.0,5735.9,2,3,1,1,Hibernating,5735.9,1.0,5735.9,Low Activity
2142,41,3.0,34149.98,4,3,4,4,Loyal Customers,34149.98,3.0,11383.326666666668,Regular
2143,209,2.0,16900.17,1,3,2,2,At Risk - High Value,16900.17,2.0,8450.085,Low Activity
2144,90,1.0,12177.06,3,3,2,3,Potential Loyalist,12177.06,1.0,12177.06,Low Activity
2145,4,4.0,54053.96,5,3,5,0,Champions,54053.96,4.0,13513.49,High Value
2146,310,2.0,16676.36,1,3,2,2,At Risk - High Value,16676.36,2.0,8338.18,Low Activity
2147,64,3.0,24494.17,4,3,3,4,Loyal Customers,24494.17,3.0,8164.723333333332,Regular
2148,84,2.0,26013.36,3,3,3,2,At Risk - High Value,26013.36,2.0,13006.68,Low Activity
2150,10,3.0,27200.96,5,3,4,4,Loyal Customers,27200.96,3.0,9066.986666666666,Regular
2151,95,1.0,15486.99,3,3,2,3,Potential Loyalist,15486.99,1.0,15486.99,Low Activity
2152,235,2.0,21272.72,1,3,3,2,At Risk - High Value,21272.72,2.0,10636.36,Low Activity
2153,132,1.0,14503.56,2,3,2,1,Hibernating,14503.56,1.0,14503.56,Low Activity
2154,92,1.0,21408.53,3,3,3,3,Potential Loyalist,21408.53,1.0,21408.53,Low Activity
2155,17,2.0,22516.48,5,3,3,4,Loyal Customers,22516.48,2.0,11258.24,Low Activity
2156,213,2.0,21040.870000000003,1,3,3,2,At Risk - High Value,21040.870000000003,2.0,10520.435,Low Activity
2157,126,1.0,10957.1,3,3,1,3,Potential Loyalist,10957.1,1.0,10957.1,Low Activity
2158,270,1.0,3117.08,1,3,1,1,Hibernating,3117.08,1.0,3117.08,Low Activity
2159,125,3.0,32764.620000000003,3,3,4,2,At Risk - High Value,32764.620000000003,3.0,10921.54,Regular
2160,171,2.0,13340.0,2,3,2,2,At Risk - High Value,13340.0,2.0,6670.0,Low Activity
2161,174,3.0,24744.85,2,3,3,2,At Risk - High Value,24744.85,3.0,8248.283333333333,Regular
2162,131,1.0,8830.67,2,3,1,1,Hibernating,8830.67,1.0,8830.67,Low Activity
2163,74,3.0,23508.59,3,3,3,2,At Risk - High Value,23508.59,3.0,7836.196666666667,Regular
2164,30,4.0,54952.25,4,3,5,0,Champions,54952.25,4.0,13738.0625,High Value
2165,19,2.0,10203.73,5,3,1,3,Potential Loyalist,10203.73,2.0,5101.865,Low Activity
2166,117,6.0,54493.18000000001,3,3,5,0,Champions,54493.18000000001,6.0,9082.196666666669,High Value
2167,83,4.0,64800.57,3,3,5,0,Champions,64800.57,4.0,16200.1425,High Value
2168,112,1.0,19738.52,3,3,3,3,Potential Loyalist,19738.52,1.0,19738.52,Low Activity
2169,120,3.0,51702.32,3,3,5,0,Champions,51702.32,3.0,17234.106666666667,High Value
2170,297,2.0,19543.27,1,3,3,2,At Risk - High Value,19543.27,2.0,9771.635,Low Activity
2171,74,5.0,62158.15,3,3,5,0,Champions,62158.15,5.0,12431.63,High Value
2172,355,1.0,6282.31,1,3,1,1,Hibernating,6282.31,1.0,6282.31,Low Activity
2173,149,4.0,22989.34,2,3,3,2,At Risk - High Value,22989.34,4.0,5747.335,Regular
2175,143,2.0,30215.6,2,3,4,2,At Risk - High Value,30215.6,2.0,15107.8,Low Activity
2176,0,3.0,31430.83,5,3,4,4,Loyal Customers,31430.83,3.0,10476.943333333336,Regular
2178,150,2.0,27250.73,2,3,4,2,At Risk - High Value,27250.73,2.0,13625.365,Low Activity
2179,32,4.0,44112.36,4,3,5,0,Champions,44112.36,4.0,11028.09,Regular
2180,12,1.0,18203.36,5,3,2,3,Potential Loyalist,18203.36,1.0,18203.36,Low Activity
2181,158,2.0,32435.83,2,3,4,2,At Risk - High Value,32435.83,2.0,16217.915,Low Activity
2183,30,2.0,15372.38,4,3,2,4,Loyal Customers,15372.38,2.0,7686.19,Low Activity
2184,257,3.0,34974.27,1,3,4,2,At Risk - High Value,34974.27,3.0,11658.089999999998,Regular
2185,123,1.0,6357.62,3,3,1,3,Potential Loyalist,6357.62,1.0,6357.62,Low Activity
2187,190,2.0,32261.09,2,3,4,2,At Risk - High Value,32261.09,2.0,16130.545,Low Activity
2188,240,2.0,15135.25,1,3,2,2,At Risk - High Value,15135.25,2.0,7567.625,Low Activity
2189,43,3.0,20224.02,4,3,3,4,Loyal Customers,20224.02,3.0,6741.34,Regular
2190,199,2.0,30082.19,2,3,4,2,At Risk - High Value,30082.19,2.0,15041.095,Low Activity
2191,225,1.0,15803.61,1,3,2,1,Hibernating,15803.61,1.0,15803.61,Low Activity
2192,25,3.0,32177.35,5,3,4,4,Loyal Customers,32177.35,3.0,10725.783333333333,Regular
2193,327,1.0,10880.4,1,3,1,1,Hibernating,10880.4,1.0,10880.4,Low Activity
2194,346,1.0,5964.84,1,3,1,1,Hibernating,5964.84,1.0,5964.84,Low Activity
2195,337,1.0,12179.88,1,3,2,1,Hibernating,12179.88,1.0,12179.88,Low Activity
2196,90,1.0,11692.15,3,3,2,3,Potential Loyalist,11692.15,1.0,11692.15,Low Activity
2197,208,3.0,20687.08,1,3,3,2,At Risk - High Value,20687.08,3.0,6895.693333333334,Regular
2198,64,2.0,33444.69,4,3,4,4,Loyal Customers,33444.69,2.0,16722.345,Low Activity
2199,43,2.0,22680.25,4,3,3,4,Loyal Customers,22680.25,2.0,11340.125,Low Activity
2200,71,3.0,32537.94,3,3,4,2,At Risk - High Value,32537.94,3.0,10845.98,Regular
2201,1,2.0,10945.490000000002,5,3,1,3,Potential Loyalist,10945.490000000002,2.0,5472.745000000001,Low Activity
2202,108,1.0,13039.08,3,3,2,3,Potential Loyalist,13039.08,1.0,13039.08,Low Activity
2203,77,4.0,48568.92,3,3,5,0,Champions,48568.92,4.0,12142.23,High Value
2204,200,2.0,14675.28,2,3,2,2,At Risk - High Value,14675.28,2.0,7337.64,Low Activity
2205,2,3.0,20179.84,5,3,3,4,Loyal Customers,20179.84,3.0,6726.613333333334,Regular
2206,129,3.0,32767.61,2,3,4,2,At Risk - High Value,32767.61,3.0,10922.536666666669,Regular
2207,52,3.0,39301.1,4,3,5,0,Champions,39301.1,3.0,13100.366666666669,Regular
2208,28,2.0,10793.04,4,3,1,3,Potential Loyalist,10793.04,2.0,5396.52,Low Activity
2210,14,2.0,28645.79,5,3,4,4,Loyal Customers,28645.79,2.0,14322.895,Low Activity
2211,17,6.0,66019.13,5,3,5,0,Champions,66019.13,6.0,11003.188333333334,High Value
2212,297,1.0,16836.73,1,3,2,1,Hibernating,16836.73,1.0,16836.73,Low Activity
2213,19,2.0,30789.33,5,3,4,4,Loyal Customers,30789.33,2.0,15394.665,Low Activity
2214,77,2.0,27840.800000000003,3,3,4,2,At Risk - High Value,27840.800000000003,2.0,13920.4,Low Activity
2215,37,2.0,19679.77,4,3,3,4,Loyal Customers,19679.77,2.0,9839.885,Low Activity
2217,13,4.0,41466.0,5,3,5,0,Champions,41466.0,4.0,10366.5,Regular
2218,174,2.0,16328.92,2,3,2,2,At Risk - High Value,16328.92,2.0,8164.46,Low Activity
2219,135,3.0,38083.59,2,3,5,2,At Risk - High Value,38083.59,3.0,12694.53,Regular
2220,238,1.0,12545.58,1,3,2,1,Hibernating,12545.58,1.0,12545.58,Low Activity
2221,104,1.0,7780.02,3,3,1,3,Potential Loyalist,7780.02,1.0,7780.02,Low Activity
2222,222,2.0,23712.72,1,3,3,2,At Risk - High Value,23712.72,2.0,11856.36,Low Activity
2223,16,4.0,74004.06999999999,5,3,5,0,Champions,74004.06999999999,4.0,18501.0175,High Value
2225,240,1.0,7340.58,1,3,1,1,Hibernating,7340.58,1.0,7340.58,Low Activity
2226,177,1.0,11047.68,2,3,1,1,Hibernating,11047.68,1.0,11047.68,Low Activity
2227,154,3.0,16726.34,2,3,2,2,At Risk - High Value,16726.34,3.0,5575.446666666667,Regular
2228,43,3.0,26580.660000000003,4,3,3,4,Loyal Customers,26580.660000000003,3.0,8860.220000000001,Regular
2229,219,2.0,28868.45,1,3,4,2,At Risk - High Value,28868.45,2.0,14434.225,Low Activity
2230,42,2.0,19336.63,4,3,3,4,Loyal Customers,19336.63,2.0,9668.315,Low Activity
2231,146,2.0,15349.15,2,3,2,2,At Risk - High Value,15349.15,2.0,7674.575000000001,Low Activity
2233,25,2.0,17519.14,5,3,2,4,Loyal Customers,17519.14,2.0,8759.57,Low Activity
2234,37,2.0,22125.68,4,3,3,4,Loyal Customers,22125.68,2.0,11062.84,Low Activity
2235,113,4.0,42180.47,3,3,5,0,Champions,42180.47,4.0,10545.1175,Regular
2236,18,4.0,36120.97,5,3,4,0,Champions,36120.97,4.0,9030.2425,Regular
2238,109,2.0,15889.03,3,3,2,2,At Risk - High Value,15889.03,2.0,7944.514999999999,Low Activity
2239,157,1.0,12979.21,2,3,2,1,Hibernating,12979.21,1.0,12979.21,Low Activity
2240,269,1.0,3470.41,1,3,1,1,Hibernating,3470.41,1.0,3470.41,Low Activity
2241,248,1.0,11905.77,1,3,2,1,Hibernating,11905.77,1.0,11905.77,Low Activity
2242,31,2.0,24998.65,4,3,3,4,Loyal Customers,24998.65,2.0,12499.325,Low Activity
2243,317,1.0,11371.37,1,3,1,1,Hibernating,11371.37,1.0,11371.37,Low Activity
2244,63,3.0,33261.36,4,3,4,4,Loyal Customers,33261.36,3.0,11087.12,Regular
2245,302,2.0,10748.06,1,3,1,1,Hibernating,10748.06,2.0,5374.03,Low Activity
2246,327,1.0,8121.48,1,3,1,1,Hibernating,8121.48,1.0,8121.48,Low Activity
2247,6,3.0,27621.23,5,3,4,4,Loyal Customers,27621.23,3.0,9207.076666666666,Regular
2248,31,1.0,7110.47,4,3,1,3,Potential Loyalist,7110.47,1.0,7110.47,Low Activity
2249,304,1.0,14121.74,1,3,2,1,Hibernating,14121.74,1.0,14121.74,Low Activity
2250,50,4.0,35137.76,4,3,4,0,Champions,35137.76,4.0,8784.44,Regular
2251,11,3.0,35638.46,5,3,4,4,Loyal Customers,35638.46,3.0,11879.486666666666,Regular
2252,20,4.0,36928.82,5,3,4,0,Champions,36928.82,4.0,9232.205,Regular
2253,134,3.0,22024.1,2,3,3,2,At Risk - High Value,22024.1,3.0,7341.366666666666,Regular
2254,81,2.0,14480.4,3,3,2,2,At Risk - High Value,14480.4,2.0,7240.2,Low Activity
2255,96,4.0,36250.37,3,3,4,0,Champions,36250.37,4.0,9062.5925,Regular
2256,299,2.0,24679.51,1,3,3,2,At Risk - High Value,24679.51,2.0,12339.755,Low Activity
2257,82,2.0,41060.67,3,3,5,2,At Risk - High Value,41060.67,2.0,20530.335,Low Activity
2259,49,2.0,30844.12,4,3,4,4,Loyal Customers,30844.12,2.0,15422.06,Low Activity
2260,202,2.0,19577.53,1,3,3,2,At Risk - High Value,19577.53,2.0,9788.765,Low Activity
2261,210,3.0,37869.65,1,3,4,2,At Risk - High Value,37869.65,3.0,12623.216666666667,Regular
2263,332,1.0,15384.17,1,3,2,1,Hibernating,15384.17,1.0,15384.17,Low Activity
2264,140,3.0,46763.97,2,3,5,2,At Risk - High Value,46763.97,3.0,15587.99,High Value
2265,218,1.0,12690.25,1,3,2,1,Hibernating,12690.25,1.0,12690.25,Low Activity
2266,159,4.0,40856.82,2,3,5,2,At Risk - High Value,40856.82,4.0,10214.205,Regular
2267,134,1.0,9962.96,2,3,1,1,Hibernating,9962.96,1.0,9962.96,Low Activity
2268,95,2.0,16284.330000000002,3,3,2,2,At Risk - High Value,16284.330000000002,2.0,8142.165000000001,Low Activity
2269,115,2.0,21842.63,3,3,3,2,At Risk - High Value,21842.63,2.0,10921.315,Low Activity
2270,78,1.0,16856.1,3,3,2,3,Potential Loyalist,16856.1,1.0,16856.1,Low Activity
2271,4,3.0,36959.53,5,3,4,4,Loyal Customers,36959.53,3.0,12319.843333333332,Regular
2272,117,1.0,4071.93,3,3,1,3,Potential Loyalist,4071.93,1.0,4071.93,Low Activity
2274,72,3.0,34242.55,3,3,4,2,At Risk - High Value,34242.55,3.0,11414.183333333334,Regular
2275,38,2.0,22071.46,4,3,3,4,Loyal Customers,22071.46,2.0,11035.73,Low Activity
2276,24,3.0,15955.82,5,3,2,4,Loyal Customers,15955.82,3.0,5318.606666666667,Regular
2277,124,4.0,54501.06,3,3,5,0,Champions,54501.06,4.0,13625.265,High Value
2278,28,4.0,36447.04,4,3,4,0,Champions,36447.04,4.0,9111.76,Regular
2279,11,3.0,27556.24,5,3,4,4,Loyal Customers,27556.24,3.0,9185.413333333332,Regular
2280,278,1.0,15777.37,1,3,2,1,Hibernating,15777.37,1.0,15777.37,Low Activity
2281,168,2.0,20749.19,2,3,3,2,At Risk - High Value,20749.19,2.0,10374.595,Low Activity
2282,25,2.0,9990.62,5,3,1,3,Potential Loyalist,9990.62,2.0,4995.31,Low Activity
2283,151,2.0,19914.24,2,3,3,2,At Risk - High Value,19914.24,2.0,9957.12,Low Activity
2284,41,3.0,44287.87,4,3,5,0,Champions,44287.87,3.0,14762.623333333337,Regular
2285,104,1.0,9657.59,3,3,1,3,Potential Loyalist,9657.59,1.0,9657.59,Low Activity
2287,266,2.0,30526.51,1,3,4,2,At Risk - High Value,30526.51,2.0,15263.255,Low Activity
2288,14,3.0,26994.68,5,3,4,4,Loyal Customers,26994.68,3.0,8998.226666666667,Regular
2289,167,4.0,54617.08,2,3,5,0,Champions,54617.08,4.0,13654.27,High Value
2290,3,4.0,41887.09,5,3,5,0,Champions,41887.09,4.0,10471.7725,Regular
2291,28,4.0,40582.880000000005,4,3,5,0,Champions,40582.880000000005,4.0,10145.72,Regular
2292,210,1.0,11373.74,1,3,1,1,Hibernating,11373.74,1.0,11373.74,Low Activity
2293,159,2.0,15072.95,2,3,2,2,At Risk - High Value,15072.95,2.0,7536.475,Low Activity
2294,34,1.0,12623.54,4,3,2,3,Potential Loyalist,12623.54,1.0,12623.54,Low Activity
2296,88,1.0,20652.58,3,3,3,3,Potential Loyalist,20652.58,1.0,20652.58,Low Activity
2297,257,2.0,12843.31,1,3,2,1,Hibernating,12843.31,2.0,6421.655,Low Activity
2298,339,1.0,10778.71,1,3,1,1,Hibernating,10778.71,1.0,10778.71,Low Activity
2299,109,2.0,15100.990000000002,3,3,2,2,At Risk - High Value,15100.990000000002,2.0,7550.495000000001,Low Activity
2300,87,3.0,36512.64,3,3,4,2,At Risk - High Value,36512.64,3.0,12170.88,Regular
2303,89,4.0,30507.37,3,3,4,0,Champions,30507.37,4.0,7626.8425,Regular
2305,132,2.0,41527.81999999999,2,3,5,2,At Risk - High Value,41527.81999999999,2.0,20763.91,Low Activity
2306,180,1.0,9380.58,2,3,1,1,Hibernating,9380.58,1.0,9380.58,Low Activity
2307,16,3.0,47351.06,5,3,5,0,Champions,47351.06,3.0,15783.686666666666,High Value
2308,54,3.0,24093.06,4,3,3,4,Loyal Customers,24093.06,3.0,8031.019999999999,Regular
2309,153,4.0,37545.41,2,3,4,2,At Risk - High Value,37545.41,4.0,9386.3525,Regular
2310,97,2.0,21883.87,3,3,3,2,At Risk - High Value,21883.87,2.0,10941.935,Low Activity
2312,30,3.0,24605.33,4,3,3,4,Loyal Customers,24605.33,3.0,8201.776666666667,Regular
2313,27,3.0,33334.13,5,3,4,4,Loyal Customers,33334.13,3.0,11111.376666666663,Regular
2314,125,3.0,23159.81,3,3,3,2,At Risk - High Value,23159.81,3.0,7719.936666666666,Regular
2315,1,4.0,41353.98,5,3,5,0,Champions,41353.98,4.0,10338.495,Regular
2316,197,2.0,12322.37,2,3,2,2,At Risk - High Value,12322.37,2.0,6161.185,Low Activity
2317,132,3.0,20070.76,2,3,3,2,At Risk - High Value,20070.76,3.0,6690.253333333334,Regular
2318,76,1.0,10093.11,3,3,1,3,Potential Loyalist,10093.11,1.0,10093.11,Low Activity
2319,96,5.0,52894.86,3,3,5,0,Champions,52894.86,5.0,10578.972,High Value
2320,64,1.0,10716.77,4,3,1,3,Potential Loyalist,10716.77,1.0,10716.77,Low Activity
2321,29,3.0,49183.5,4,3,5,0,Champions,49183.5,3.0,16394.5,High Value
2322,228,1.0,12695.84,1,3,2,1,Hibernating,12695.84,1.0,12695.84,Low Activity
2323,101,1.0,8717.86,3,3,1,3,Potential Loyalist,8717.86,1.0,8717.86,Low Activity
2324,31,3.0,54733.72,4,3,5,0,Champions,54733.72,3.0,18244.573333333334,High Value
2325,45,1.0,9162.89,4,3,1,3,Potential Loyalist,9162.89,1.0,9162.89,Low Activity
2326,46,3.0,16107.21,4,3,2,4,Loyal Customers,16107.21,3.0,5369.07,Regular
2327,63,1.0,13615.16,4,3,2,3,Potential Loyalist,13615.16,1.0,13615.16,Low Activity
2328,160,2.0,22345.18,2,3,3,2,At Risk - High Value,22345.18,2.0,11172.59,Low Activity
2329,164,3.0,24491.27,2,3,3,2,At Risk - High Value,24491.27,3.0,8163.756666666667,Regular
2330,9,2.0,30377.3,5,3,4,4,Loyal Customers,30377.3,2.0,15188.65,Low Activity
2331,32,7.0,81196.9,4,3,5,0,Champions,81196.9,7.0,11599.557142857142,High Value
2332,229,1.0,12395.84,1,3,2,1,Hibernating,12395.84,1.0,12395.84,Low Activity
2333,269,2.0,18900.0,1,3,3,2,At Risk - High Value,18900.0,2.0,9450.0,Low Activity
2334,49,1.0,4278.96,4,3,1,3,Potential Loyalist,4278.96,1.0,4278.96,Low Activity
2335,342,1.0,22719.73,1,3,3,1,Hibernating,22719.73,1.0,22719.73,Low Activity
2336,112,2.0,17973.72,3,3,2,2,At Risk - High Value,17973.72,2.0,8986.86,Low Activity
2337,21,4.0,29733.980000000003,5,3,4,0,Champions,29733.980000000003,4.0,7433.495000000001,Regular
2338,17,3.0,32520.36,5,3,4,4,Loyal Customers,32520.36,3.0,10840.12,Regular
2339,355,1.0,6710.74,1,3,1,1,Hibernating,6710.74,1.0,6710.74,Low Activity
2340,48,1.0,6643.69,4,3,1,3,Potential Loyalist,6643.69,1.0,6643.69,Low Activity
2341,34,4.0,60508.41,4,3,5,0,Champions,60508.41,4.0,15127.1025,High Value
2342,19,1.0,5540.48,5,3,1,3,Potential Loyalist,5540.48,1.0,5540.48,Low Activity
2344,184,1.0,20990.17,2,3,3,1,Hibernating,20990.17,1.0,20990.17,Low Activity
2345,288,1.0,4501.43,1,3,1,1,Hibernating,4501.43,1.0,4501.43,Low Activity
2346,154,1.0,23860.95,2,3,3,1,Hibernating,23860.95,1.0,23860.95,Low Activity
2347,249,1.0,11052.02,1,3,1,1,Hibernating,11052.02,1.0,11052.02,Low Activity
2348,76,2.0,17158.45,3,3,2,2,At Risk - High Value,17158.45,2.0,8579.225,Low Activity
2349,23,2.0,26847.69,5,3,4,4,Loyal Customers,26847.69,2.0,13423.845,Low Activity
2351,191,1.0,13295.98,2,3,2,1,Hibernating,13295.98,1.0,13295.98,Low Activity
2352,144,1.0,9482.67,2,3,1,1,Hibernating,9482.67,1.0,9482.67,Low Activity
2353,140,2.0,23704.49,2,3,3,2,At Risk - High Value,23704.49,2.0,11852.245,Low Activity
2354,37,1.0,6807.54,4,3,1,3,Potential Loyalist,6807.54,1.0,6807.54,Low Activity
2355,199,1.0,11995.18,2,3,2,1,Hibernating,11995.18,1.0,11995.18,Low Activity
2356,128,2.0,22455.06,3,3,3,2,At Risk - High Value,22455.06,2.0,11227.53,Low Activity
2357,275,1.0,14302.98,1,3,2,1,Hibernating,14302.98,1.0,14302.98,Low Activity
2358,13,4.0,38385.06,5,3,5,0,Champions,38385.06,4.0,9596.265,Regular
2359,237,3.0,46764.22,1,3,5,2,At Risk - High Value,46764.22,3.0,15588.073333333334,High Value
2360,10,4.0,37029.26,5,3,4,0,Champions,37029.26,4.0,9257.315,Regular
2361,2,3.0,57122.06,5,3,5,0,Champions,57122.06,3.0,19040.686666666665,High Value
2363,334,1.0,9036.59,1,3,1,1,Hibernating,9036.59,1.0,9036.59,Low Activity
2364,63,1.0,9619.33,4,3,1,3,Potential Loyalist,9619.33,1.0,9619.33,Low Activity
2365,110,2.0,21308.44,3,3,3,2,At Risk - High Value,21308.44,2.0,10654.22,Low Activity
2366,124,3.0,22748.07,3,3,3,2,At Risk - High Value,22748.07,3.0,7582.69,Regular
2367,183,2.0,30973.42,2,3,4,2,At Risk - High Value,30973.42,2.0,15486.71,Low Activity
2368,5,3.0,45387.87,5,3,5,4,Loyal Customers,45387.87,3.0,15129.29,Regular
2369,16,4.0,52355.44,5,3,5,0,Champions,52355.44,4.0,13088.86,High Value
2370,10,5.0,74828.54,5,3,5,0,Champions,74828.54,5.0,14965.708,High Value
2371,224,2.0,17359.059999999998,1,3,2,2,At Risk - High Value,17359.059999999998,2.0,8679.529999999999,Low Activity
2372,141,1.0,7290.32,2,3,1,1,Hibernating,7290.32,1.0,7290.32,Low Activity
2373,15,2.0,29459.74,5,3,4,4,Loyal Customers,29459.74,2.0,14729.87,Low Activity
2374,119,3.0,37149.82,3,3,4,2,At Risk - High Value,37149.82,3.0,12383.273333333333,Regular
2375,46,3.0,28860.92,4,3,4,4,Loyal Customers,28860.92,3.0,9620.306666666664,Regular
2377,237,2.0,20672.67,1,3,3,2,At Risk - High Value,20672.67,2.0,10336.335,Low Activity
2378,182,1.0,10803.72,2,3,1,1,Hibernating,10803.72,1.0,10803.72,Low Activity
2379,74,5.0,38342.39,3,3,5,0,Champions,38342.39,5.0,7668.478,Regular
2380,8,2.0,10559.43,5,3,1,3,Potential Loyalist,10559.43,2.0,5279.715,Low Activity
2381,15,1.0,13961.26,5,3,2,3,Potential Loyalist,13961.26,1.0,13961.26,Low Activity
2382,178,3.0,35881.66,2,3,4,2,At Risk - High Value,35881.66,3.0,11960.553333333335,Regular
2383,227,1.0,13644.06,1,3,2,1,Hibernating,13644.06,1.0,13644.06,Low Activity
2384,144,2.0,14646.82,2,3,2,2,At Risk - High Value,14646.82,2.0,7323.41,Low Activity
2385,167,1.0,9708.87,2,3,1,1,Hibernating,9708.87,1.0,9708.87,Low Activity
2386,2,8.0,108927.97,5,3,5,0,Champions,108927.97,8.0,13615.99625,High Value
2388,142,5.0,46517.29,2,3,5,0,Champions,46517.29,5.0,9303.458,High Value
2389,48,2.0,20348.49,4,3,3,4,Loyal Customers,20348.49,2.0,10174.245,Low Activity
2390,222,2.0,29533.06,1,3,4,2,At Risk - High Value,29533.06,2.0,14766.53,Low Activity
2391,212,2.0,25127.16,1,3,3,2,At Risk - High Value,25127.16,2.0,12563.58,Low Activity
2392,74,4.0,36467.56,3,3,4,0,Champions,36467.56,4.0,9116.89,Regular
2394,31,2.0,33459.24,4,3,4,4,Loyal Customers,33459.24,2.0,16729.62,Low Activity
2395,76,2.0,26194.58,3,3,3,2,At Risk - High Value,26194.58,2.0,13097.29,Low Activity
2396,165,1.0,10387.39,2,3,1,1,Hibernating,10387.39,1.0,10387.39,Low Activity
2397,35,6.0,48356.56,4,3,5,0,Champions,48356.56,6.0,8059.426666666666,High Value
2398,67,2.0,24350.82,4,3,3,4,Loyal Customers,24350.82,2.0,12175.41,Low Activity
2399,227,1.0,16782.07,1,3,2,1,Hibernating,16782.07,1.0,16782.07,Low Activity
2400,81,2.0,14854.580000000002,3,3,2,2,At Risk - High Value,14854.580000000002,2.0,7427.290000000001,Low Activity
2401,217,1.0,8946.57,1,3,1,1,Hibernating,8946.57,1.0,8946.57,Low Activity
2402,159,1.0,7721.72,2,3,1,1,Hibernating,7721.72,1.0,7721.72,Low Activity
2404,17,4.0,42136.02,5,3,5,0,Champions,42136.02,4.0,10534.005,Regular
2405,19,8.0,83255.35,5,3,5,0,Champions,83255.35,8.0,10406.91875,High Value
2406,65,2.0,24498.69,4,3,3,4,Loyal Customers,24498.69,2.0,12249.345,Low Activity
2408,167,3.0,37582.880000000005,2,3,4,2,At Risk - High Value,37582.880000000005,3.0,12527.626666666669,Regular
2409,10,2.0,20945.65,5,3,3,4,Loyal Customers,20945.65,2.0,10472.825,Low Activity
2410,179,1.0,7887.3,2,3,1,1,Hibernating,7887.3,1.0,7887.3,Low Activity
2411,225,1.0,15398.57,1,3,2,1,Hibernating,15398.57,1.0,15398.57,Low Activity
2412,151,2.0,11351.24,2,3,1,1,Hibernating,11351.24,2.0,5675.62,Low Activity
2413,166,1.0,3861.26,2,3,1,1,Hibernating,3861.26,1.0,3861.26,Low Activity
2414,10,3.0,38838.18,5,3,5,4,Loyal Customers,38838.18,3.0,12946.06,Regular
2415,247,1.0,10514.18,1,3,1,1,Hibernating,10514.18,1.0,10514.18,Low Activity
2416,54,3.0,30131.5,4,3,4,4,Loyal Customers,30131.5,3.0,10043.833333333334,Regular
2417,193,1.0,9686.07,2,3,1,1,Hibernating,9686.07,1.0,9686.07,Low Activity
2418,24,4.0,32488.94,5,3,4,0,Champions,32488.94,4.0,8122.235000000001,Regular
2420,187,1.0,17390.56,2,3,2,1,Hibernating,17390.56,1.0,17390.56,Low Activity
2421,22,2.0,20429.7,5,3,3,4,Loyal Customers,20429.7,2.0,10214.85,Low Activity
2422,12,2.0,30367.14,5,3,4,4,Loyal Customers,30367.14,2.0,15183.57,Low Activity
2423,171,2.0,30180.48,2,3,4,2,At Risk - High Value,30180.48,2.0,15090.24,Low Activity
2424,22,2.0,45844.69,5,3,5,4,Loyal Customers,45844.69,2.0,22922.345,Low Activity
2427,7,4.0,58539.49,5,3,5,0,Champions,58539.49,4.0,14634.8725,High Value
2429,245,2.0,19357.84,1,3,3,2,At Risk - High Value,19357.84,2.0,9678.92,Low Activity
2430,100,2.0,14358.55,3,3,2,2,At Risk - High Value,14358.55,2.0,7179.275,Low Activity
2431,47,2.0,32993.08,4,3,4,4,Loyal Customers,32993.08,2.0,16496.54,Low Activity
2432,144,1.0,6017.14,2,3,1,1,Hibernating,6017.14,1.0,6017.14,Low Activity
2433,197,2.0,20608.38,2,3,3,2,At Risk - High Value,20608.38,2.0,10304.19,Low Activity
2434,23,7.0,70687.16,5,3,5,0,Champions,70687.16,7.0,10098.165714285717,High Value
2435,31,3.0,19671.73,4,3,3,4,Loyal Customers,19671.73,3.0,6557.243333333333,Regular
2436,64,1.0,12623.74,4,3,2,3,Potential Loyalist,12623.74,1.0,12623.74,Low Activity
2437,208,1.0,8265.12,1,3,1,1,Hibernating,8265.12,1.0,8265.12,Low Activity
2439,18,1.0,3751.35,5,3,1,3,Potential Loyalist,3751.35,1.0,3751.35,Low Activity
2440,21,1.0,4311.01,5,3,1,3,Potential Loyalist,4311.01,1.0,4311.01,Low Activity
2441,239,1.0,9000.62,1,3,1,1,Hibernating,9000.62,1.0,9000.62,Low Activity
2442,29,5.0,65870.35,4,3,5,0,Champions,65870.35,5.0,13174.070000000002,High Value
2443,151,2.0,15496.240000000002,2,3,2,2,At Risk - High Value,15496.240000000002,2.0,7748.120000000001,Low Activity
2444,178,2.0,35104.97,2,3,4,2,At Risk - High Value,35104.97,2.0,17552.485,Low Activity
2445,12,2.0,35182.85,5,3,4,4,Loyal Customers,35182.85,2.0,17591.425,Low Activity
2446,53,2.0,20072.85,4,3,3,4,Loyal Customers,20072.85,2.0,10036.425,Low Activity
2447,16,2.0,19066.75,5,3,3,4,Loyal Customers,19066.75,2.0,9533.375,Low Activity
2448,165,2.0,24272.76,2,3,3,2,At Risk - High Value,24272.76,2.0,12136.38,Low Activity
2449,362,1.0,6144.53,1,3,1,1,Hibernating,6144.53,1.0,6144.53,Low Activity
2450,17,2.0,28915.120000000003,5,3,4,4,Loyal Customers,28915.120000000003,2.0,14457.56,Low Activity
2451,138,2.0,9809.88,2,3,1,1,Hibernating,9809.88,2.0,4904.9400000000005,Low Activity
2452,53,4.0,43569.36,4,3,5,0,Champions,43569.36,4.0,10892.34,Regular
2453,83,2.0,27107.69,3,3,4,2,At Risk - High Value,27107.69,2.0,13553.845,Low Activity
2455,2,2.0,31116.68,5,3,4,4,Loyal Customers,31116.68,2.0,15558.34,Low Activity
2456,77,3.0,17093.46,3,3,2,2,At Risk - High Value,17093.46,3.0,5697.82,Regular
2457,158,3.0,33762.19,2,3,4,2,At Risk - High Value,33762.19,3.0,11254.063333333334,Regular
2458,119,1.0,5910.12,3,3,1,3,Potential Loyalist,5910.12,1.0,5910.12,Low Activity
2459,97,2.0,24839.98,3,3,3,2,At Risk - High Value,24839.98,2.0,12419.99,Low Activity
2460,7,4.0,38441.46,5,3,5,0,Champions,38441.46,4.0,9610.365,Regular
2461,64,4.0,57014.01,4,3,5,0,Champions,57014.01,4.0,14253.5025,High Value
2462,41,4.0,50975.47,4,3,5,0,Champions,50975.47,4.0,12743.8675,High Value
2464,30,2.0,31044.35,4,3,4,4,Loyal Customers,31044.35,2.0,15522.175,Low Activity
2465,170,1.0,8198.95,2,3,1,1,Hibernating,8198.95,1.0,8198.95,Low Activity
2466,207,2.0,28795.88,1,3,4,2,At Risk - High Value,28795.88,2.0,14397.94,Low Activity
2467,86,1.0,4431.59,3,3,1,3,Potential Loyalist,4431.59,1.0,4431.59,Low Activity
2469,140,3.0,34879.12,2,3,4,2,At Risk - High Value,34879.12,3.0,11626.373333333337,Regular
2470,96,2.0,21795.53,3,3,3,2,At Risk - High Value,21795.53,2.0,10897.765,Low Activity
2471,80,2.0,21947.22,3,3,3,2,At Risk - High Value,21947.22,2.0,10973.61,Low Activity
2472,189,1.0,9631.81,2,3,1,1,Hibernating,9631.81,1.0,9631.81,Low Activity
2473,132,5.0,50197.77,2,3,5,0,Champions,50197.77,5.0,10039.554,High Value
2474,4,7.0,97872.99,5,3,5,0,Champions,97872.99,7.0,13981.855714285712,High Value
2475,260,2.0,16534.91,1,3,2,2,At Risk - High Value,16534.91,2.0,8267.455,Low Activity
2476,123,2.0,31509.79,3,3,4,2,At Risk - High Value,31509.79,2.0,15754.895,Low Activity
2477,57,2.0,14614.05,4,3,2,4,Loyal Customers,14614.05,2.0,7307.025,Low Activity
2478,32,3.0,35977.96,4,3,4,4,Loyal Customers,35977.96,3.0,11992.653333333334,Regular
2479,23,1.0,21878.94,5,3,3,3,Potential Loyalist,21878.94,1.0,21878.94,Low Activity
2480,11,3.0,26640.83,5,3,3,4,Loyal Customers,26640.83,3.0,8880.276666666667,Regular
2481,133,2.0,18650.31,2,3,3,2,At Risk - High Value,18650.31,2.0,9325.155,Low Activity
2482,87,1.0,5177.93,3,3,1,3,Potential Loyalist,5177.93,1.0,5177.93,Low Activity
2483,152,3.0,45278.83,2,3,5,2,At Risk - High Value,45278.83,3.0,15092.94333333333,Regular
2484,60,2.0,21527.44,4,3,3,4,Loyal Customers,21527.44,2.0,10763.72,Low Activity
2485,8,1.0,7185.61,5,3,1,3,Potential Loyalist,7185.61,1.0,7185.61,Low Activity
2486,7,3.0,38793.0,5,3,5,4,Loyal Customers,38793.0,3.0,12931.0,Regular
2488,293,1.0,6833.19,1,3,1,1,Hibernating,6833.19,1.0,6833.19,Low Activity
2489,47,4.0,59641.17,4,3,5,0,Champions,59641.17,4.0,14910.2925,High Value
2490,146,1.0,7346.72,2,3,1,1,Hibernating,7346.72,1.0,7346.72,Low Activity
2491,32,1.0,9356.15,4,3,1,3,Potential Loyalist,9356.15,1.0,9356.15,Low Activity
2493,56,2.0,14778.67,4,3,2,4,Loyal Customers,14778.67,2.0,7389.335,Low Activity
2494,119,2.0,15425.09,3,3,2,2,At Risk - High Value,15425.09,2.0,7712.545,Low Activity
2495,0,3.0,39916.380000000005,5,3,5,4,Loyal Customers,39916.380000000005,3.0,13305.46,Regular
2496,46,5.0,56902.41,4,3,5,0,Champions,56902.41,5.0,11380.482,High Value
2497,202,2.0,11347.78,1,3,1,1,Hibernating,11347.78,2.0,5673.89,Low Activity
2499,248,2.0,20181.63,1,3,3,2,At Risk - High Value,20181.63,2.0,10090.815,Low Activity
2500,161,2.0,18449.37,2,3,2,2,At Risk - High Value,18449.37,2.0,9224.685,Low Activity
2501,37,4.0,34943.78,4,3,4,0,Champions,34943.78,4.0,8735.945,Regular
2502,307,2.0,16025.9,1,3,2,2,At Risk - High Value,16025.9,2.0,8012.95,Low Activity
2504,201,1.0,10180.89,2,3,1,1,Hibernating,10180.89,1.0,10180.89,Low Activity
2505,89,4.0,41071.21000000001,3,3,5,0,Champions,41071.21000000001,4.0,10267.802500000002,Regular
2506,358,1.0,9128.5,1,3,1,1,Hibernating,9128.5,1.0,9128.5,Low Activity
2507,334,1.0,11391.06,1,3,1,1,Hibernating,11391.06,1.0,11391.06,Low Activity
2508,263,1.0,11197.62,1,3,1,1,Hibernating,11197.62,1.0,11197.62,Low Activity
2509,69,1.0,9939.8,3,3,1,3,Potential Loyalist,9939.8,1.0,9939.8,Low Activity
2510,152,2.0,31782.57,2,3,4,2,At Risk - High Value,31782.57,2.0,15891.285,Low Activity
2511,236,1.0,6368.1,1,3,1,1,Hibernating,6368.1,1.0,6368.1,Low Activity
2512,177,5.0,51658.86,2,3,5,0,Champions,51658.86,5.0,10331.772,High Value
2513,154,3.0,27591.58,2,3,4,2,At Risk - High Value,27591.58,3.0,9197.193333333333,Regular
2515,83,3.0,20023.86,3,3,3,2,At Risk - High Value,20023.86,3.0,6674.62,Regular
2516,34,4.0,58930.65,4,3,5,0,Champions,58930.65,4.0,14732.6625,High Value
2517,51,1.0,15351.49,4,3,2,3,Potential Loyalist,15351.49,1.0,15351.49,Low Activity
2518,212,4.0,42187.21,1,3,5,2,At Risk - High Value,42187.21,4.0,10546.8025,Regular
2519,88,3.0,27242.68,3,3,4,2,At Risk - High Value,27242.68,3.0,9080.893333333332,Regular
2520,254,1.0,13682.96,1,3,2,1,Hibernating,13682.96,1.0,13682.96,Low Activity
2521,12,4.0,33668.64,5,3,4,0,Champions,33668.64,4.0,8417.16,Regular
2523,82,4.0,47540.84,3,3,5,0,Champions,47540.84,4.0,11885.21,High Value
2525,2,3.0,40781.02,5,3,5,4,Loyal Customers,40781.02,3.0,13593.673333333334,Regular
2526,1,2.0,22576.14,5,3,3,4,Loyal Customers,22576.14,2.0,11288.07,Low Activity
2528,97,1.0,15106.32,3,3,2,3,Potential Loyalist,15106.32,1.0,15106.32,Low Activity
2529,4,3.0,34194.19,5,3,4,4,Loyal Customers,34194.19,3.0,11398.063333333334,Regular
2530,204,2.0,19279.64,1,3,3,2,At Risk - High Value,19279.64,2.0,9639.82,Low Activity
2531,276,1.0,7676.43,1,3,1,1,Hibernating,7676.43,1.0,7676.43,Low Activity
2532,156,2.0,19308.81,2,3,3,2,At Risk - High Value,19308.81,2.0,9654.405,Low Activity
2533,23,2.0,23952.72,5,3,3,4,Loyal Customers,23952.72,2.0,11976.36,Low Activity
2534,55,5.0,48921.76,4,3,5,0,Champions,48921.76,5.0,9784.352,High Value
2535,77,3.0,46802.96,3,3,5,0,Champions,46802.96,3.0,15600.986666666666,High Value
2537,125,3.0,29778.48,3,3,4,2,At Risk - High Value,29778.48,3.0,9926.16,Regular
2538,285,1.0,12670.32,1,3,2,1,Hibernating,12670.32,1.0,12670.32,Low Activity
2541,178,1.0,5495.82,2,3,1,1,Hibernating,5495.82,1.0,5495.82,Low Activity
2542,27,5.0,42002.600000000006,5,3,5,0,Champions,42002.600000000006,5.0,8400.52,Regular
2543,222,2.0,17454.75,1,3,2,2,At Risk - High Value,17454.75,2.0,8727.375,Low Activity
2544,0,2.0,22495.74,5,3,3,4,Loyal Customers,22495.74,2.0,11247.87,Low Activity
2545,8,2.0,19076.29,5,3,3,4,Loyal Customers,19076.29,2.0,9538.145,Low Activity
2546,305,1.0,9513.77,1,3,1,1,Hibernating,9513.77,1.0,9513.77,Low Activity
2547,346,1.0,14814.12,1,3,2,1,Hibernating,14814.12,1.0,14814.12,Low Activity
2549,132,1.0,14417.13,2,3,2,1,Hibernating,14417.13,1.0,14417.13,Low Activity
2550,268,2.0,12969.49,1,3,2,1,Hibernating,12969.49,2.0,6484.745,Low Activity
2551,99,2.0,20156.39,3,3,3,2,At Risk - High Value,20156.39,2.0,10078.195,Low Activity
2552,168,4.0,55565.86,2,3,5,0,Champions,55565.86,4.0,13891.465,High Value
2553,246,1.0,10189.75,1,3,1,1,Hibernating,10189.75,1.0,10189.75,Low Activity
2554,77,2.0,17348.9,3,3,2,2,At Risk - High Value,17348.9,2.0,8674.45,Low Activity
2555,26,4.0,35443.08,5,3,4,0,Champions,35443.08,4.0,8860.77,Regular
2556,356,1.0,21624.95,1,3,3,1,Hibernating,21624.95,1.0,21624.95,Low Activity
2557,73,3.0,47840.84,3,3,5,0,Champions,47840.84,3.0,15946.946666666665,High Value
2558,23,3.0,45334.28,5,3,5,4,Loyal Customers,45334.28,3.0,15111.426666666666,Regular
2560,17,2.0,12656.32,5,3,2,4,Loyal Customers,12656.32,2.0,6328.16,Low Activity
2562,50,2.0,10381.42,4,3,1,3,Potential Loyalist,10381.42,2.0,5190.71,Low Activity
2563,18,1.0,8080.88,5,3,1,3,Potential Loyalist,8080.88,1.0,8080.88,Low Activity
2564,28,1.0,6462.91,4,3,1,3,Potential Loyalist,6462.91,1.0,6462.91,Low Activity
2565,30,2.0,17053.78,4,3,2,4,Loyal Customers,17053.78,2.0,8526.89,Low Activity
2567,310,3.0,24147.79,1,3,3,2,At Risk - High Value,24147.79,3.0,8049.263333333333,Regular
2568,10,2.0,14686.22,5,3,2,4,Loyal Customers,14686.22,2.0,7343.11,Low Activity
2569,179,1.0,23748.41,2,3,3,1,Hibernating,23748.41,1.0,23748.41,Low Activity
2570,143,5.0,61981.75,2,3,5,0,Champions,61981.75,5.0,12396.35,High Value
2571,61,1.0,16806.33,4,3,2,3,Potential Loyalist,16806.33,1.0,16806.33,Low Activity
2572,7,2.0,25674.72,5,3,3,4,Loyal Customers,25674.72,2.0,12837.36,Low Activity
2573,5,2.0,9174.72,5,3,1,3,Potential Loyalist,9174.72,2.0,4587.36,Low Activity
2574,36,2.0,19435.71,4,3,3,4,Loyal Customers,19435.71,2.0,9717.855,Low Activity
2575,42,3.0,39295.850000000006,4,3,5,0,Champions,39295.850000000006,3.0,13098.616666666669,Regular
2576,142,3.0,28098.76,2,3,4,2,At Risk - High Value,28098.76,3.0,9366.253333333334,Regular
2577,149,3.0,34967.31,2,3,4,2,At Risk - High Value,34967.31,3.0,11655.77,Regular
2578,45,3.0,50557.18,4,3,5,0,Champions,50557.18,3.0,16852.393333333333,High Value
2580,225,2.0,33959.619999999995,1,3,4,2,At Risk - High Value,33959.619999999995,2.0,16979.809999999998,Low Activity
2582,46,1.0,17794.11,4,3,2,3,Potential Loyalist,17794.11,1.0,17794.11,Low Activity
2583,102,2.0,23052.5,3,3,3,2,At Risk - High Value,23052.5,2.0,11526.25,Low Activity
2584,47,2.0,14965.6,4,3,2,4,Loyal Customers,14965.6,2.0,7482.8,Low Activity
2585,305,1.0,8236.11,1,3,1,1,Hibernating,8236.11,1.0,8236.11,Low Activity
2586,65,1.0,3894.89,4,3,1,3,Potential Loyalist,3894.89,1.0,3894.89,Low Activity
2587,94,4.0,34925.43,3,3,4,0,Champions,34925.43,4.0,8731.3575,Regular
2588,288,1.0,9465.28,1,3,1,1,Hibernating,9465.28,1.0,9465.28,Low Activity
2589,115,3.0,29572.49,3,3,4,2,At Risk - High Value,29572.49,3.0,9857.496666666666,Regular
2590,249,2.0,17407.34,1,3,2,2,At Risk - High Value,17407.34,2.0,8703.67,Low Activity
2591,6,2.0,11766.92,5,3,2,4,Loyal Customers,11766.92,2.0,5883.46,Low Activity
2592,12,3.0,38280.27,5,3,5,4,Loyal Customers,38280.27,3.0,12760.089999999998,Regular
2593,21,2.0,11874.99,5,3,2,4,Loyal Customers,11874.99,2.0,5937.495,Low Activity
2595,24,4.0,68593.52,5,3,5,0,Champions,68593.52,4.0,17148.38,High Value
2596,9,3.0,32274.33,5,3,4,4,Loyal Customers,32274.33,3.0,10758.11,Regular
2597,194,1.0,4964.77,2,3,1,1,Hibernating,4964.77,1.0,4964.77,Low Activity
2599,13,3.0,40753.25,5,3,5,4,Loyal Customers,40753.25,3.0,13584.416666666666,Regular
2602,150,2.0,16698.309999999998,2,3,2,2,At Risk - High Value,16698.309999999998,2.0,8349.154999999999,Low Activity
2603,101,2.0,20639.4,3,3,3,2,At Risk - High Value,20639.4,2.0,10319.7,Low Activity
2604,299,1.0,11302.95,1,3,1,1,Hibernating,11302.95,1.0,11302.95,Low Activity
2605,281,1.0,16613.27,1,3,2,1,Hibernating,16613.27,1.0,16613.27,Low Activity
2606,246,2.0,12851.95,1,3,2,1,Hibernating,12851.95,2.0,6425.975,Low Activity
2607,108,1.0,3346.99,3,3,1,3,Potential Loyalist,3346.99,1.0,3346.99,Low Activity
2608,202,2.0,29395.36,1,3,4,2,At Risk - High Value,29395.36,2.0,14697.68,Low Activity
2609,206,2.0,28680.28,1,3,4,2,At Risk - High Value,28680.28,2.0,14340.14,Low Activity
2610,326,1.0,9847.3,1,3,1,1,Hibernating,9847.3,1.0,9847.3,Low Activity
2611,50,2.0,18706.59,4,3,3,4,Loyal Customers,18706.59,2.0,9353.295,Low Activity
2612,311,1.0,15663.1,1,3,2,1,Hibernating,15663.1,1.0,15663.1,Low Activity
2613,9,2.0,17911.54,5,3,2,4,Loyal Customers,17911.54,2.0,8955.77,Low Activity
2614,116,2.0,17138.67,3,3,2,2,At Risk - High Value,17138.67,2.0,8569.335,Low Activity
2615,146,1.0,5458.71,2,3,1,1,Hibernating,5458.71,1.0,5458.71,Low Activity
2617,154,1.0,6834.56,2,3,1,1,Hibernating,6834.56,1.0,6834.56,Low Activity
2619,283,1.0,15631.27,1,3,2,1,Hibernating,15631.27,1.0,15631.27,Low Activity
2620,242,2.0,23604.24,1,3,3,2,At Risk - High Value,23604.24,2.0,11802.12,Low Activity
2621,97,3.0,18466.12,3,3,2,2,At Risk - High Value,18466.12,3.0,6155.373333333333,Regular
2622,68,1.0,2708.62,4,3,1,3,Potential Loyalist,2708.62,1.0,2708.62,Low Activity
2623,55,1.0,19773.84,4,3,3,3,Potential Loyalist,19773.84,1.0,19773.84,Low Activity
2625,4,3.0,35231.78,5,3,4,4,Loyal Customers,35231.78,3.0,11743.926666666666,Regular
2626,28,7.0,81541.20999999999,4,3,5,0,Champions,81541.20999999999,7.0,11648.744285714283,High Value
2628,34,2.0,27861.16,4,3,4,4,Loyal Customers,27861.16,2.0,13930.58,Low Activity
2630,264,1.0,7381.86,1,3,1,1,Hibernating,7381.86,1.0,7381.86,Low Activity
2632,7,2.0,26787.26,5,3,4,4,Loyal Customers,26787.26,2.0,13393.63,Low Activity
2633,68,1.0,24464.57,4,3,3,3,Potential Loyalist,24464.57,1.0,24464.57,Low Activity
2634,173,1.0,8431.24,2,3,1,1,Hibernating,8431.24,1.0,8431.24,Low Activity
2635,60,2.0,13465.03,4,3,2,4,Loyal Customers,13465.03,2.0,6732.514999999999,Low Activity
2636,77,3.0,28588.49,3,3,4,2,At Risk - High Value,28588.49,3.0,9529.496666666668,Regular
2637,102,3.0,42380.8,3,3,5,0,Champions,42380.8,3.0,14126.933333333334,Regular
2638,275,2.0,28870.78,1,3,4,2,At Risk - High Value,28870.78,2.0,14435.39,Low Activity
2639,20,5.0,54814.17,5,3,5,0,Champions,54814.17,5.0,10962.834,High Value
2641,50,1.0,9587.59,4,3,1,3,Potential Loyalist,9587.59,1.0,9587.59,Low Activity
2642,3,1.0,10787.79,5,3,1,3,Potential Loyalist,10787.79,1.0,10787.79,Low Activity
2643,36,2.0,15303.46,4,3,2,4,Loyal Customers,15303.46,2.0,7651.73,Low Activity
2644,86,3.0,23011.54,3,3,3,2,At Risk - High Value,23011.54,3.0,7670.513333333333,Regular
2645,261,1.0,14947.62,1,3,2,1,Hibernating,14947.62,1.0,14947.62,Low Activity
2646,108,4.0,40712.78999999999,3,3,5,0,Champions,40712.78999999999,4.0,10178.197499999998,Regular
2647,12,3.0,45478.92,5,3,5,4,Loyal Customers,45478.92,3.0,15159.64,Regular
2648,12,4.0,42041.71,5,3,5,0,Champions,42041.71,4.0,10510.4275,Regular
2649,181,3.0,45678.07,2,3,5,2,At Risk - High Value,45678.07,3.0,15226.023333333333,Regular
2650,297,1.0,11170.77,1,3,1,1,Hibernating,11170.77,1.0,11170.77,Low Activity
2651,283,1.0,13355.69,1,3,2,1,Hibernating,13355.69,1.0,13355.69,Low Activity
2652,6,4.0,37825.66,5,3,4,0,Champions,37825.66,4.0,9456.415,Regular
2654,22,2.0,14691.77,5,3,2,4,Loyal Customers,14691.77,2.0,7345.885,Low Activity
2655,297,1.0,2826.79,1,3,1,1,Hibernating,2826.79,1.0,2826.79,Low Activity
2656,95,4.0,45598.1,3,3,5,0,Champions,45598.1,4.0,11399.525,Regular
2657,53,2.0,18343.87,4,3,2,4,Loyal Customers,18343.87,2.0,9171.935,Low Activity
2658,107,1.0,26038.84,3,3,3,2,At Risk - High Value,26038.84,1.0,26038.84,Low Activity
2659,30,5.0,41643.96,4,3,5,0,Champions,41643.96,5.0,8328.792,Regular
2660,0,1.0,9735.35,5,3,1,3,Potential Loyalist,9735.35,1.0,9735.35,Low Activity
2661,112,2.0,25743.7,3,3,3,2,At Risk - High Value,25743.7,2.0,12871.85,Low Activity
2664,30,4.0,33768.22,4,3,4,0,Champions,33768.22,4.0,8442.055,Regular
2665,70,6.0,59717.01,3,3,5,0,Champions,59717.01,6.0,9952.835,High Value
2666,4,1.0,14536.8,5,3,2,3,Potential Loyalist,14536.8,1.0,14536.8,Low Activity
2667,14,3.0,18555.63,5,3,3,4,Loyal Customers,18555.63,3.0,6185.209999999999,Regular
2668,94,4.0,54203.0,3,3,5,0,Champions,54203.0,4.0,13550.75,High Value
2669,15,3.0,27599.75,5,3,4,4,Loyal Customers,27599.75,3.0,9199.916666666666,Regular
2670,32,1.0,6621.71,4,3,1,3,Potential Loyalist,6621.71,1.0,6621.71,Low Activity
2671,87,2.0,20634.96,3,3,3,2,At Risk - High Value,20634.96,2.0,10317.48,Low Activity
2672,34,2.0,11989.52,4,3,2,3,Potential Loyalist,11989.52,2.0,5994.76,Low Activity
2673,120,3.0,49736.87,3,3,5,0,Champions,49736.87,3.0,16578.956666666665,High Value
2674,38,1.0,23275.77,4,3,3,3,Potential Loyalist,23275.77,1.0,23275.77,Low Activity
2675,107,3.0,32020.74,3,3,4,2,At Risk - High Value,32020.74,3.0,10673.58,Regular
2676,46,1.0,17268.17,4,3,2,3,Potential Loyalist,17268.17,1.0,17268.17,Low Activity
2677,79,3.0,36366.49,3,3,4,2,At Risk - High Value,36366.49,3.0,12122.163333333332,Regular
2678,349,1.0,14313.86,1,3,2,1,Hibernating,14313.86,1.0,14313.86,Low Activity
2679,21,1.0,6384.98,5,3,1,3,Potential Loyalist,6384.98,1.0,6384.98,Low Activity
2680,4,2.0,44129.8,5,3,5,4,Loyal Customers,44129.8,2.0,22064.9,Low Activity
2681,173,1.0,4942.18,2,3,1,1,Hibernating,4942.18,1.0,4942.18,Low Activity
2682,20,2.0,20742.75,5,3,3,4,Loyal Customers,20742.75,2.0,10371.375,Low Activity
2683,68,3.0,24686.3,4,3,3,4,Loyal Customers,24686.3,3.0,8228.766666666666,Regular
2686,115,5.0,61927.19,3,3,5,0,Champions,61927.19,5.0,12385.438,High Value
2687,156,1.0,7456.31,2,3,1,1,Hibernating,7456.31,1.0,7456.31,Low Activity
2688,74,2.0,38684.51,3,3,5,2,At Risk - High Value,38684.51,2.0,19342.255,Low Activity
2689,191,2.0,16061.74,2,3,2,2,At Risk - High Value,16061.74,2.0,8030.87,Low Activity
2692,34,2.0,18375.39,4,3,2,4,Loyal Customers,18375.39,2.0,9187.695,Low Activity
2693,82,2.0,18430.89,3,3,2,2,At Risk - High Value,18430.89,2.0,9215.445,Low Activity
2694,39,3.0,44088.26,4,3,5,0,Champions,44088.26,3.0,14696.086666666668,Regular
2695,66,2.0,15467.73,4,3,2,4,Loyal Customers,15467.73,2.0,7733.865,Low Activity
2696,52,4.0,54087.39,4,3,5,0,Champions,54087.39,4.0,13521.8475,High Value
2697,80,1.0,10942.56,3,3,1,3,Potential Loyalist,10942.56,1.0,10942.56,Low Activity
2699,214,1.0,9941.1,1,3,1,1,Hibernating,9941.1,1.0,9941.1,Low Activity
2700,2,1.0,10799.3,5,3,1,3,Potential Loyalist,10799.3,1.0,10799.3,Low Activity
2701,64,3.0,16605.510000000002,4,3,2,4,Loyal Customers,16605.510000000002,3.0,5535.170000000001,Regular
2702,0,1.0,12969.44,5,3,2,3,Potential Loyalist,12969.44,1.0,12969.44,Low Activity
2703,18,1.0,4228.47,5,3,1,3,Potential Loyalist,4228.47,1.0,4228.47,Low Activity
2704,109,4.0,50517.57,3,3,5,0,Champions,50517.57,4.0,12629.3925,High Value
2705,126,2.0,32902.11,3,3,4,2,At Risk - High Value,32902.11,2.0,16451.055,Low Activity
2706,151,2.0,20005.92,2,3,3,2,At Risk - High Value,20005.92,2.0,10002.96,Low Activity
2707,175,3.0,30443.34,2,3,4,2,At Risk - High Value,30443.34,3.0,10147.78,Regular
2708,16,3.0,33290.78,5,3,4,4,Loyal Customers,33290.78,3.0,11096.926666666666,Regular
2709,94,2.0,19261.89,3,3,3,2,At Risk - High Value,19261.89,2.0,9630.945,Low Activity
2710,207,3.0,25727.120000000003,1,3,3,2,At Risk - High Value,25727.120000000003,3.0,8575.706666666667,Regular
2711,33,5.0,52409.29,4,3,5,0,Champions,52409.29,5.0,10481.858,High Value
2712,95,2.0,22952.44,3,3,3,2,At Risk - High Value,22952.44,2.0,11476.22,Low Activity
2713,153,5.0,54136.11,2,3,5,0,Champions,54136.11,5.0,10827.222,High Value
2715,258,1.0,10894.09,1,3,1,1,Hibernating,10894.09,1.0,10894.09,Low Activity
2716,52,2.0,22517.0,4,3,3,4,Loyal Customers,22517.0,2.0,11258.5,Low Activity
2717,237,3.0,33435.02,1,3,4,2,At Risk - High Value,33435.02,3.0,11145.006666666666,Regular
2718,26,4.0,46338.68,5,3,5,0,Champions,46338.68,4.0,11584.67,High Value
2719,137,3.0,40590.86,2,3,5,2,At Risk - High Value,40590.86,3.0,13530.286666666669,Regular
2720,117,3.0,19819.28,3,3,3,2,At Risk - High Value,19819.28,3.0,6606.426666666666,Regular
2721,2,2.0,16991.51,5,3,2,4,Loyal Customers,16991.51,2.0,8495.755,Low Activity
2722,228,1.0,13342.5,1,3,2,1,Hibernating,13342.5,1.0,13342.5,Low Activity
2723,5,5.0,38008.09,5,3,4,0,Champions,38008.09,5.0,7601.617999999999,Regular
2724,71,2.0,17793.53,3,3,2,2,At Risk - High Value,17793.53,2.0,8896.765,Low Activity
2725,78,1.0,16167.49,3,3,2,3,Potential Loyalist,16167.49,1.0,16167.49,Low Activity
2726,140,1.0,19516.86,2,3,3,1,Hibernating,19516.86,1.0,19516.86,Low Activity
2727,52,2.0,13786.86,4,3,2,4,Loyal Customers,13786.86,2.0,6893.43,Low Activity
2728,287,1.0,16333.93,1,3,2,1,Hibernating,16333.93,1.0,16333.93,Low Activity
2729,37,4.0,58203.380000000005,4,3,5,0,Champions,58203.380000000005,4.0,14550.845,High Value
2730,28,4.0,66972.73000000001,4,3,5,0,Champions,66972.73000000001,4.0,16743.182500000003,High Value
2732,80,2.0,37805.01,3,3,4,2,At Risk - High Value,37805.01,2.0,18902.505,Low Activity
2733,215,2.0,25124.01,1,3,3,2,At Risk - High Value,25124.01,2.0,12562.005,Low Activity
2734,52,2.0,11757.14,4,3,2,3,Potential Loyalist,11757.14,2.0,5878.57,Low Activity
2737,201,2.0,37440.03,2,3,4,2,At Risk - High Value,37440.03,2.0,18720.015,Low Activity
2738,202,2.0,12700.1,1,3,2,1,Hibernating,12700.1,2.0,6350.05,Low Activity
2739,67,4.0,46245.5,4,3,5,0,Champions,46245.5,4.0,11561.375,High Value
2740,92,4.0,49736.57,3,3,5,0,Champions,49736.57,4.0,12434.1425,High Value
2741,17,1.0,20206.88,5,3,3,3,Potential Loyalist,20206.88,1.0,20206.88,Low Activity
2742,84,3.0,18193.24,3,3,2,2,At Risk - High Value,18193.24,3.0,6064.413333333333,Regular
2743,87,1.0,10672.1,3,3,1,3,Potential Loyalist,10672.1,1.0,10672.1,Low Activity
2745,158,3.0,52491.76,2,3,5,2,At Risk - High Value,52491.76,3.0,17497.253333333334,High Value
2746,7,2.0,24780.53,5,3,3,4,Loyal Customers,24780.53,2.0,12390.265,Low Activity
2749,210,2.0,21753.16,1,3,3,2,At Risk - High Value,21753.16,2.0,10876.58,Low Activity
2750,105,3.0,37295.75,3,3,4,2,At Risk - High Value,37295.75,3.0,12431.916666666666,Regular
2751,88,3.0,28990.6,3,3,4,2,At Risk - High Value,28990.6,3.0,9663.533333333333,Regular
2753,181,1.0,11662.95,2,3,2,1,Hibernating,11662.95,1.0,11662.95,Low Activity
2754,87,2.0,20656.08,3,3,3,2,At Risk - High Value,20656.08,2.0,10328.04,Low Activity
2755,200,3.0,46364.59,2,3,5,2,At Risk - High Value,46364.59,3.0,15454.863333333333,High Value
2756,30,4.0,46499.1,4,3,5,0,Champions,46499.1,4.0,11624.775,High Value
2757,206,3.0,32684.27,1,3,4,2,At Risk - High Value,32684.27,3.0,10894.756666666666,Regular
2758,237,2.0,15317.12,1,3,2,2,At Risk - High Value,15317.12,2.0,7658.559999999999,Low Activity
2759,173,3.0,30696.87,2,3,4,2,At Risk - High Value,30696.87,3.0,10232.29,Regular
2761,115,2.0,25236.94,3,3,3,2,At Risk - High Value,25236.94,2.0,12618.47,Low Activity
2766,176,2.0,11138.77,2,3,1,1,Hibernating,11138.77,2.0,5569.385,Low Activity
2767,337,1.0,11144.75,1,3,1,1,Hibernating,11144.75,1.0,11144.75,Low Activity
2768,283,1.0,10687.59,1,3,1,1,Hibernating,10687.59,1.0,10687.59,Low Activity
2769,194,2.0,14883.45,2,3,2,2,At Risk - High Value,14883.45,2.0,7441.724999999999,Low Activity
2770,180,3.0,43325.04,2,3,5,2,At Risk - High Value,43325.04,3.0,14441.68,Regular
2771,77,2.0,8142.469999999999,3,3,1,3,Potential Loyalist,8142.469999999999,2.0,4071.235,Low Activity
2772,227,3.0,40330.09,1,3,5,2,At Risk - High Value,40330.09,3.0,13443.363333333333,Regular
2773,134,4.0,64136.59,2,3,5,0,Champions,64136.59,4.0,16034.1475,High Value
2774,133,3.0,20950.77,2,3,3,2,At Risk - High Value,20950.77,3.0,6983.589999999999,Regular
2775,12,3.0,41249.53,5,3,5,4,Loyal Customers,41249.53,3.0,13749.843333333332,Regular
2776,63,1.0,8863.4,4,3,1,3,Potential Loyalist,8863.4,1.0,8863.4,Low Activity
2777,205,2.0,30988.93,1,3,4,2,At Risk - High Value,30988.93,2.0,15494.465,Low Activity
2778,114,2.0,24369.89,3,3,3,2,At Risk - High Value,24369.89,2.0,12184.945,Low Activity
2779,5,3.0,41396.71,5,3,5,4,Loyal Customers,41396.71,3.0,13798.903333333334,Regular
2780,54,3.0,40728.380000000005,4,3,5,0,Champions,40728.380000000005,3.0,13576.126666666669,Regular
2781,33,3.0,33481.53,4,3,4,4,Loyal Customers,33481.53,3.0,11160.51,Regular
2782,36,2.0,20085.660000000003,4,3,3,4,Loyal Customers,20085.660000000003,2.0,10042.830000000002,Low Activity
2783,0,4.0,44193.76,5,3,5,0,Champions,44193.76,4.0,11048.44,Regular
2784,74,5.0,62036.85,3,3,5,0,Champions,62036.85,5.0,12407.37,High Value
2785,346,2.0,10538.59,1,3,1,1,Hibernating,10538.59,2.0,5269.295,Low Activity
2786,214,1.0,7029.07,1,3,1,1,Hibernating,7029.07,1.0,7029.07,Low Activity
2787,94,3.0,20756.53,3,3,3,2,At Risk - High Value,20756.53,3.0,6918.843333333333,Regular
2788,3,4.0,34328.22,5,3,4,0,Champions,34328.22,4.0,8582.055,Regular
2789,0,5.0,58334.43,5,3,5,0,Champions,58334.43,5.0,11666.886,High Value
2790,54,3.0,21725.74,4,3,3,4,Loyal Customers,21725.74,3.0,7241.913333333334,Regular
2791,36,3.0,38379.41,4,3,5,0,Champions,38379.41,3.0,12793.136666666667,Regular
2792,78,2.0,27422.92,3,3,4,2,At Risk - High Value,27422.92,2.0,13711.46,Low Activity
2793,134,1.0,6975.47,2,3,1,1,Hibernating,6975.47,1.0,6975.47,Low Activity
2794,123,2.0,15970.93,3,3,2,2,At Risk - High Value,15970.93,2.0,7985.465,Low Activity
2795,150,2.0,23250.21,2,3,3,2,At Risk - High Value,23250.21,2.0,11625.105,Low Activity
2796,63,2.0,16252.02,4,3,2,4,Loyal Customers,16252.02,2.0,8126.01,Low Activity
2798,99,3.0,46061.85,3,3,5,0,Champions,46061.85,3.0,15353.95,High Value
2799,160,3.0,49773.0,2,3,5,2,At Risk - High Value,49773.0,3.0,16591.0,High Value
2801,80,2.0,30248.64,3,3,4,2,At Risk - High Value,30248.64,2.0,15124.32,Low Activity
2802,74,2.0,19254.25,3,3,3,2,At Risk - High Value,19254.25,2.0,9627.125,Low Activity
2803,198,2.0,42155.490000000005,2,3,5,2,At Risk - High Value,42155.490000000005,2.0,21077.745000000003,Low Activity
2804,67,1.0,9840.25,4,3,1,3,Potential Loyalist,9840.25,1.0,9840.25,Low Activity
2805,172,2.0,15571.55,2,3,2,2,At Risk - High Value,15571.55,2.0,7785.775000000001,Low Activity
2806,135,4.0,86130.01,2,3,5,0,Champions,86130.01,4.0,21532.5025,High Value
2807,21,5.0,77016.19,5,3,5,0,Champions,77016.19,5.0,15403.238,High Value
2808,297,1.0,15585.51,1,3,2,1,Hibernating,15585.51,1.0,15585.51,Low Activity
2809,351,1.0,4857.57,1,3,1,1,Hibernating,4857.57,1.0,4857.57,Low Activity
2810,178,2.0,24704.96,2,3,3,2,At Risk - High Value,24704.96,2.0,12352.48,Low Activity
2811,32,6.0,54412.04,4,3,5,0,Champions,54412.04,6.0,9068.673333333334,High Value
2812,24,2.0,27008.06,5,3,4,4,Loyal Customers,27008.06,2.0,13504.03,Low Activity
2815,320,1.0,7961.96,1,3,1,1,Hibernating,7961.96,1.0,7961.96,Low Activity
2817,24,1.0,7287.18,5,3,1,3,Potential Loyalist,7287.18,1.0,7287.18,Low Activity
2819,117,4.0,72217.31,3,3,5,0,Champions,72217.31,4.0,18054.3275,High Value
2822,13,2.0,18217.19,5,3,2,4,Loyal Customers,18217.19,2.0,9108.595,Low Activity
2823,106,6.0,77274.66,3,3,5,0,Champions,77274.66,6.0,12879.11,High Value
2824,115,2.0,34822.25,3,3,4,2,At Risk - High Value,34822.25,2.0,17411.125,Low Activity
2825,77,3.0,29782.57,3,3,4,2,At Risk - High Value,29782.57,3.0,9927.523333333333,Regular
2826,31,4.0,41066.66,4,3,5,0,Champions,41066.66,4.0,10266.665,Regular
2827,96,2.0,22159.07,3,3,3,2,At Risk - High Value,22159.07,2.0,11079.535,Low Activity
2828,215,1.0,4450.13,1,3,1,1,Hibernating,4450.13,1.0,4450.13,Low Activity
2829,96,1.0,17646.54,3,3,2,3,Potential Loyalist,17646.54,1.0,17646.54,Low Activity
2830,8,3.0,51312.94,5,3,5,0,Champions,51312.94,3.0,17104.313333333335,High Value
2831,66,2.0,22304.77,4,3,3,4,Loyal Customers,22304.77,2.0,11152.385,Low Activity
2833,178,1.0,12369.42,2,3,2,1,Hibernating,12369.42,1.0,12369.42,Low Activity
2834,180,2.0,19317.13,2,3,3,2,At Risk - High Value,19317.13,2.0,9658.565,Low Activity
2835,223,1.0,7306.38,1,3,1,1,Hibernating,7306.38,1.0,7306.38,Low Activity
2836,12,2.0,18700.2,5,3,3,4,Loyal Customers,18700.2,2.0,9350.1,Low Activity
2837,84,2.0,20312.69,3,3,3,2,At Risk - High Value,20312.69,2.0,10156.345,Low Activity
2839,199,2.0,24600.11,2,3,3,2,At Risk - High Value,24600.11,2.0,12300.055,Low Activity
2840,22,3.0,34096.16,5,3,4,4,Loyal Customers,34096.16,3.0,11365.386666666664,Regular
2841,298,1.0,10321.67,1,3,1,1,Hibernating,10321.67,1.0,10321.67,Low Activity
2842,183,3.0,30632.04,2,3,4,2,At Risk - High Value,30632.04,3.0,10210.68,Regular
2843,187,2.0,29549.24,2,3,4,2,At Risk - High Value,29549.24,2.0,14774.62,Low Activity
2844,23,2.0,17252.54,5,3,2,4,Loyal Customers,17252.54,2.0,8626.27,Low Activity
2845,35,6.0,44464.63,4,3,5,0,Champions,44464.63,6.0,7410.771666666666,Regular
2846,17,3.0,39951.740000000005,5,3,5,4,Loyal Customers,39951.740000000005,3.0,13317.246666666668,Regular
2847,25,2.0,36714.48,5,3,4,4,Loyal Customers,36714.48,2.0,18357.24,Low Activity
2848,72,1.0,6194.95,3,3,1,3,Potential Loyalist,6194.95,1.0,6194.95,Low Activity
2849,115,3.0,40295.51,3,3,5,2,At Risk - High Value,40295.51,3.0,13431.836666666664,Regular
2851,41,1.0,5611.66,4,3,1,3,Potential Loyalist,5611.66,1.0,5611.66,Low Activity
2852,166,4.0,44750.15,2,3,5,2,At Risk - High Value,44750.15,4.0,11187.5375,Regular
2853,95,3.0,33867.990000000005,3,3,4,2,At Risk - High Value,33867.990000000005,3.0,11289.330000000002,Regular
2854,303,1.0,4160.29,1,3,1,1,Hibernating,4160.29,1.0,4160.29,Low Activity
2855,109,2.0,25359.46,3,3,3,2,At Risk - High Value,25359.46,2.0,12679.73,Low Activity
2857,256,1.0,15599.26,1,3,2,1,Hibernating,15599.26,1.0,15599.26,Low Activity
2858,29,4.0,49010.13,4,3,5,0,Champions,49010.13,4.0,12252.5325,High Value
2860,341,1.0,10974.31,1,3,1,1,Hibernating,10974.31,1.0,10974.31,Low Activity
2861,10,2.0,20219.25,5,3,3,4,Loyal Customers,20219.25,2.0,10109.625,Low Activity
2862,229,2.0,23658.01,1,3,3,2,At Risk - High Value,23658.01,2.0,11829.005,Low Activity
2863,214,2.0,17930.16,1,3,2,2,At Risk - High Value,17930.16,2.0,8965.08,Low Activity
2864,348,1.0,4824.18,1,3,1,1,Hibernating,4824.18,1.0,4824.18,Low Activity
2865,39,2.0,21394.22,4,3,3,4,Loyal Customers,21394.22,2.0,10697.11,Low Activity
2866,130,1.0,12490.47,2,3,2,1,Hibernating,12490.47,1.0,12490.47,Low Activity
2867,116,1.0,11592.28,3,3,1,3,Potential Loyalist,11592.28,1.0,11592.28,Low Activity
2868,154,1.0,20429.09,2,3,3,1,Hibernating,20429.09,1.0,20429.09,Low Activity
2869,142,2.0,12683.34,2,3,2,2,At Risk - High Value,12683.34,2.0,6341.67,Low Activity
2870,88,1.0,12635.16,3,3,2,3,Potential Loyalist,12635.16,1.0,12635.16,Low Activity
2871,336,1.0,4629.84,1,3,1,1,Hibernating,4629.84,1.0,4629.84,Low Activity
2872,98,2.0,16307.41,3,3,2,2,At Risk - High Value,16307.41,2.0,8153.705,Low Activity
2874,251,1.0,7695.5,1,3,1,1,Hibernating,7695.5,1.0,7695.5,Low Activity
2875,77,1.0,12710.13,3,3,2,3,Potential Loyalist,12710.13,1.0,12710.13,Low Activity
2876,21,3.0,32584.42,5,3,4,4,Loyal Customers,32584.42,3.0,10861.473333333332,Regular
2877,17,3.0,46829.15,5,3,5,0,Champions,46829.15,3.0,15609.716666666667,High Value
2878,283,3.0,36051.43,1,3,4,2,At Risk - High Value,36051.43,3.0,12017.143333333332,Regular
2879,348,1.0,12043.76,1,3,2,1,Hibernating,12043.76,1.0,12043.76,Low Activity
2880,115,1.0,11620.98,3,3,2,3,Potential Loyalist,11620.98,1.0,11620.98,Low Activity
2881,166,3.0,39191.19,2,3,5,2,At Risk - High Value,39191.19,3.0,13063.73,Regular
2882,294,1.0,13964.37,1,3,2,1,Hibernating,13964.37,1.0,13964.37,Low Activity
2883,45,3.0,43933.74,4,3,5,0,Champions,43933.74,3.0,14644.58,Regular
2884,143,1.0,7065.97,2,3,1,1,Hibernating,7065.97,1.0,7065.97,Low Activity
2885,175,2.0,19476.04,2,3,3,2,At Risk - High Value,19476.04,2.0,9738.02,Low Activity
2886,166,2.0,21482.93,2,3,3,2,At Risk - High Value,21482.93,2.0,10741.465,Low Activity
2887,27,4.0,49116.36,5,3,5,0,Champions,49116.36,4.0,12279.09,High Value
2888,94,1.0,14201.36,3,3,2,3,Potential Loyalist,14201.36,1.0,14201.36,Low Activity
2890,63,6.0,77962.15,4,3,5,0,Champions,77962.15,6.0,12993.691666666666,High Value
2892,248,1.0,10175.14,1,3,1,1,Hibernating,10175.14,1.0,10175.14,Low Activity
2893,301,1.0,7353.22,1,3,1,1,Hibernating,7353.22,1.0,7353.22,Low Activity
2895,151,2.0,20340.79,2,3,3,2,At Risk - High Value,20340.79,2.0,10170.395,Low Activity
2896,208,1.0,9964.56,1,3,1,1,Hibernating,9964.56,1.0,9964.56,Low Activity
2897,19,3.0,33173.47,5,3,4,4,Loyal Customers,33173.47,3.0,11057.823333333334,Regular
2898,72,2.0,24740.86,3,3,3,2,At Risk - High Value,24740.86,2.0,12370.43,Low Activity
2899,212,1.0,10895.57,1,3,1,1,Hibernating,10895.57,1.0,10895.57,Low Activity
2901,150,4.0,44235.87,2,3,5,2,At Risk - High Value,44235.87,4.0,11058.9675,Regular
2902,76,2.0,19315.12,3,3,3,2,At Risk - High Value,19315.12,2.0,9657.56,Low Activity
2903,358,1.0,7518.47,1,3,1,1,Hibernating,7518.47,1.0,7518.47,Low Activity
2904,152,2.0,21742.76,2,3,3,2,At Risk - High Value,21742.76,2.0,10871.38,Low Activity
2905,177,1.0,5397.17,2,3,1,1,Hibernating,5397.17,1.0,5397.17,Low Activity
2906,41,1.0,14863.15,4,3,2,3,Potential Loyalist,14863.15,1.0,14863.15,Low Activity
2907,162,2.0,25856.69,2,3,3,2,At Risk - High Value,25856.69,2.0,12928.345,Low Activity
2908,254,1.0,6507.95,1,3,1,1,Hibernating,6507.95,1.0,6507.95,Low Activity
2910,141,2.0,24867.4,2,3,3,2,At Risk - High Value,24867.4,2.0,12433.7,Low Activity
2911,242,1.0,17799.87,1,3,2,1,Hibernating,17799.87,1.0,17799.87,Low Activity
2913,91,3.0,36375.12,3,3,4,2,At Risk - High Value,36375.12,3.0,12125.04,Regular
2914,66,4.0,45848.18,4,3,5,0,Champions,45848.18,4.0,11462.045,Regular
2915,206,1.0,2921.46,1,3,1,1,Hibernating,2921.46,1.0,2921.46,Low Activity
2916,59,1.0,12867.09,4,3,2,3,Potential Loyalist,12867.09,1.0,12867.09,Low Activity
2917,181,2.0,38174.82,2,3,5,2,At Risk - High Value,38174.82,2.0,19087.41,Low Activity
2919,48,2.0,17879.11,4,3,2,4,Loyal Customers,17879.11,2.0,8939.555,Low Activity
2920,16,3.0,36075.75,5,3,4,4,Loyal Customers,36075.75,3.0,12025.25,Regular
2921,15,1.0,6806.91,5,3,1,3,Potential Loyalist,6806.91,1.0,6806.91,Low Activity
2922,75,3.0,34827.92,3,3,4,2,At Risk - High Value,34827.92,3.0,11609.306666666664,Regular
2923,73,2.0,14727.01,3,3,2,2,At Risk - High Value,14727.01,2.0,7363.505,Low Activity
2924,76,3.0,14973.14,3,3,2,2,At Risk - High Value,14973.14,3.0,4991.046666666666,Regular
2926,266,1.0,3568.23,1,3,1,1,Hibernating,3568.23,1.0,3568.23,Low Activity
2927,65,4.0,39074.09,4,3,5,0,Champions,39074.09,4.0,9768.5225,Regular
2928,119,5.0,49582.9,3,3,5,0,Champions,49582.9,5.0,9916.58,High Value
2929,81,3.0,44945.52,3,3,5,0,Champions,44945.52,3.0,14981.840000000002,Regular
2930,308,1.0,12351.32,1,3,2,1,Hibernating,12351.32,1.0,12351.32,Low Activity
2932,14,4.0,36263.740000000005,5,3,4,0,Champions,36263.740000000005,4.0,9065.935,Regular
2934,333,1.0,22522.21,1,3,3,1,Hibernating,22522.21,1.0,22522.21,Low Activity
2935,91,3.0,47624.23,3,3,5,0,Champions,47624.23,3.0,15874.743333333332,High Value
2936,22,3.0,25014.3,5,3,3,4,Loyal Customers,25014.3,3.0,8338.1,Regular
2938,174,2.0,19560.24,2,3,3,2,At Risk - High Value,19560.24,2.0,9780.12,Low Activity
2941,156,3.0,36328.22,2,3,4,2,At Risk - High Value,36328.22,3.0,12109.406666666668,Regular
2942,36,4.0,52631.66,4,3,5,0,Champions,52631.66,4.0,13157.915,High Value
2943,7,1.0,17581.02,5,3,2,3,Potential Loyalist,17581.02,1.0,17581.02,Low Activity
2944,3,3.0,38605.51,5,3,5,4,Loyal Customers,38605.51,3.0,12868.503333333334,Regular
2945,194,2.0,29195.94,2,3,4,2,At Risk - High Value,29195.94,2.0,14597.97,Low Activity
2947,220,2.0,20121.41,1,3,3,2,At Risk - High Value,20121.41,2.0,10060.705,Low Activity
2948,25,2.0,26854.56,5,3,4,4,Loyal Customers,26854.56,2.0,13427.28,Low Activity
2949,151,1.0,11024.94,2,3,1,1,Hibernating,11024.94,1.0,11024.94,Low Activity
2950,136,4.0,61819.48,2,3,5,0,Champions,61819.48,4.0,15454.87,High Value
2951,42,5.0,42667.68,4,3,5,0,Champions,42667.68,5.0,8533.536,Regular
2952,73,4.0,58423.9,3,3,5,0,Champions,58423.9,4.0,14605.975,High Value
2953,298,2.0,17287.83,1,3,2,2,At Risk - High Value,17287.83,2.0,8643.915,Low Activity
2954,160,1.0,16365.7,2,3,2,1,Hibernating,16365.7,1.0,16365.7,Low Activity
2955,186,4.0,33627.66,2,3,4,2,At Risk - High Value,33627.66,4.0,8406.915,Regular
2956,163,4.0,38315.44,2,3,5,2,At Risk - High Value,38315.44,4.0,9578.86,Regular
2957,209,1.0,14759.28,1,3,2,1,Hibernating,14759.28,1.0,14759.28,Low Activity
2958,11,3.0,24544.43,5,3,3,4,Loyal Customers,24544.43,3.0,8181.476666666666,Regular
2959,167,2.0,25800.42,2,3,3,2,At Risk - High Value,25800.42,2.0,12900.21,Low Activity
2960,263,1.0,23482.39,1,3,3,1,Hibernating,23482.39,1.0,23482.39,Low Activity
2961,92,2.0,17149.010000000002,3,3,2,2,At Risk - High Value,17149.010000000002,2.0,8574.505000000001,Low Activity
2962,111,3.0,54255.63,3,3,5,0,Champions,54255.63,3.0,18085.21,High Value
2964,106,3.0,44256.74,3,3,5,0,Champions,44256.74,3.0,14752.246666666666,Regular
2965,357,1.0,22477.43,1,3,3,1,Hibernating,22477.43,1.0,22477.43,Low Activity
2966,117,1.0,6549.0,3,3,1,3,Potential Loyalist,6549.0,1.0,6549.0,Low Activity
2967,116,2.0,27251.03,3,3,4,2,At Risk - High Value,27251.03,2.0,13625.515,Low Activity
2968,152,1.0,19052.79,2,3,3,1,Hibernating,19052.79,1.0,19052.79,Low Activity
2970,24,2.0,28116.01,5,3,4,4,Loyal Customers,28116.01,2.0,14058.005,Low Activity
2971,288,1.0,3826.25,1,3,1,1,Hibernating,3826.25,1.0,3826.25,Low Activity
2972,18,3.0,27933.95,5,3,4,4,Loyal Customers,27933.95,3.0,9311.316666666668,Regular
2973,40,2.0,26959.29,4,3,4,4,Loyal Customers,26959.29,2.0,13479.645,Low Activity
2974,136,1.0,6048.64,2,3,1,1,Hibernating,6048.64,1.0,6048.64,Low Activity
2975,28,3.0,27234.29,4,3,4,4,Loyal Customers,27234.29,3.0,9078.096666666666,Regular
2976,126,1.0,15748.46,3,3,2,3,Potential Loyalist,15748.46,1.0,15748.46,Low Activity
2977,37,2.0,31109.78,4,3,4,4,Loyal Customers,31109.78,2.0,15554.89,Low Activity
2979,2,1.0,13240.69,5,3,2,3,Potential Loyalist,13240.69,1.0,13240.69,Low Activity
2980,27,4.0,40010.7,5,3,5,0,Champions,40010.7,4.0,10002.675,Regular
2981,63,3.0,25568.63,4,3,3,4,Loyal Customers,25568.63,3.0,8522.876666666667,Regular
2982,203,1.0,7648.54,1,3,1,1,Hibernating,7648.54,1.0,7648.54,Low Activity
2983,74,2.0,27615.91,3,3,4,2,At Risk - High Value,27615.91,2.0,13807.955,Low Activity
2984,45,1.0,9003.45,4,3,1,3,Potential Loyalist,9003.45,1.0,9003.45,Low Activity
2985,176,2.0,19540.12,2,3,3,2,At Risk - High Value,19540.12,2.0,9770.06,Low Activity
2986,126,2.0,36055.72,3,3,4,2,At Risk - High Value,36055.72,2.0,18027.86,Low Activity
2987,45,3.0,35050.2,4,3,4,4,Loyal Customers,35050.2,3.0,11683.4,Regular
2988,101,3.0,30617.11,3,3,4,2,At Risk - High Value,30617.11,3.0,10205.703333333331,Regular
2989,71,3.0,30403.39,3,3,4,2,At Risk - High Value,30403.39,3.0,10134.463333333331,Regular
2991,77,2.0,15951.58,3,3,2,2,At Risk - High Value,15951.58,2.0,7975.79,Low Activity
2992,67,2.0,15253.56,4,3,2,4,Loyal Customers,15253.56,2.0,7626.78,Low Activity
2993,70,3.0,42211.02,3,3,5,0,Champions,42211.02,3.0,14070.340000000002,Regular
2994,152,3.0,21958.96,2,3,3,2,At Risk - High Value,21958.96,3.0,7319.653333333333,Regular
2995,2,2.0,15177.31,5,3,2,4,Loyal Customers,15177.31,2.0,7588.655000000001,Low Activity
2997,324,1.0,12306.3,1,3,2,1,Hibernating,12306.3,1.0,12306.3,Low Activity
2998,20,2.0,15074.89,5,3,2,4,Loyal Customers,15074.89,2.0,7537.445,Low Activity
2999,79,4.0,41791.04,3,3,5,0,Champions,41791.04,4.0,10447.76,Regular
3000,95,4.0,47880.59,3,3,5,0,Champions,47880.59,4.0,11970.1475,High Value
3001,68,4.0,49481.9,4,3,5,0,Champions,49481.9,4.0,12370.475,High Value
3004,6,2.0,20842.65,5,3,3,4,Loyal Customers,20842.65,2.0,10421.325,Low Activity
3006,102,2.0,28658.15,3,3,4,2,At Risk - High Value,28658.15,2.0,14329.075,Low Activity
3007,106,2.0,15559.7,3,3,2,2,At Risk - High Value,15559.7,2.0,7779.85,Low Activity
3008,363,1.0,12091.87,1,3,2,1,Hibernating,12091.87,1.0,12091.87,Low Activity
3009,51,6.0,86286.43,4,3,5,0,Champions,86286.43,6.0,14381.071666666665,High Value
3010,16,3.0,47258.26,5,3,5,0,Champions,47258.26,3.0,15752.753333333332,High Value
3011,160,1.0,5425.46,2,3,1,1,Hibernating,5425.46,1.0,5425.46,Low Activity
3012,118,5.0,76306.31,3,3,5,0,Champions,76306.31,5.0,15261.262,High Value
3013,50,6.0,72220.92,4,3,5,0,Champions,72220.92,6.0,12036.82,High Value
3014,157,2.0,29230.870000000003,2,3,4,2,At Risk - High Value,29230.870000000003,2.0,14615.435,Low Activity
3015,147,2.0,22732.59,2,3,3,2,At Risk - High Value,22732.59,2.0,11366.295,Low Activity
3016,19,2.0,21309.94,5,3,3,4,Loyal Customers,21309.94,2.0,10654.97,Low Activity
3018,154,3.0,32389.35,2,3,4,2,At Risk - High Value,32389.35,3.0,10796.45,Regular
3019,128,3.0,44295.08,3,3,5,0,Champions,44295.08,3.0,14765.026666666668,Regular
3020,144,3.0,40294.37,2,3,5,2,At Risk - High Value,40294.37,3.0,13431.456666666663,Regular
3021,45,5.0,45915.740000000005,4,3,5,0,Champions,45915.740000000005,5.0,9183.148,Regular
3022,22,1.0,4248.88,5,3,1,3,Potential Loyalist,4248.88,1.0,4248.88,Low Activity
3023,219,1.0,14204.63,1,3,2,1,Hibernating,14204.63,1.0,14204.63,Low Activity
3024,3,6.0,76196.98,5,3,5,0,Champions,76196.98,6.0,12699.496666666666,High Value
3025,51,2.0,14844.57,4,3,2,4,Loyal Customers,14844.57,2.0,7422.285,Low Activity
3027,96,3.0,22613.77,3,3,3,2,At Risk - High Value,22613.77,3.0,7537.923333333333,Regular
3028,25,4.0,51216.06,5,3,5,0,Champions,51216.06,4.0,12804.015,High Value
3029,74,2.0,20600.53,3,3,3,2,At Risk - High Value,20600.53,2.0,10300.265,Low Activity
3030,9,2.0,28407.33,5,3,4,4,Loyal Customers,28407.33,2.0,14203.665,Low Activity
3031,246,2.0,34052.2,1,3,4,2,At Risk - High Value,34052.2,2.0,17026.1,Low Activity
3032,35,2.0,45510.24,4,3,5,4,Loyal Customers,45510.24,2.0,22755.12,Low Activity
3033,162,2.0,11584.68,2,3,1,1,Hibernating,11584.68,2.0,5792.34,Low Activity
3034,317,1.0,8444.53,1,3,1,1,Hibernating,8444.53,1.0,8444.53,Low Activity
3035,15,1.0,12754.09,5,3,2,3,Potential Loyalist,12754.09,1.0,12754.09,Low Activity
3037,65,3.0,34166.0,4,3,4,4,Loyal Customers,34166.0,3.0,11388.666666666666,Regular
3038,73,3.0,29766.68,3,3,4,2,At Risk - High Value,29766.68,3.0,9922.226666666667,Regular
3039,20,1.0,10657.12,5,3,1,3,Potential Loyalist,10657.12,1.0,10657.12,Low Activity
3040,83,2.0,35145.350000000006,3,3,4,2,At Risk - High Value,35145.350000000006,2.0,17572.675000000003,Low Activity
3041,9,2.0,17611.38,5,3,2,4,Loyal Customers,17611.38,2.0,8805.69,Low Activity
3042,24,5.0,91872.93,5,3,5,0,Champions,91872.93,5.0,18374.586000000003,High Value
3044,57,2.0,34508.869999999995,4,3,4,4,Loyal Customers,34508.869999999995,2.0,17254.434999999998,Low Activity
3045,39,1.0,7423.66,4,3,1,3,Potential Loyalist,7423.66,1.0,7423.66,Low Activity
3046,60,4.0,38834.130000000005,4,3,5,0,Champions,38834.130000000005,4.0,9708.5325,Regular
3047,178,4.0,49943.03,2,3,5,0,Champions,49943.03,4.0,12485.7575,High Value
3048,117,1.0,13342.19,3,3,2,3,Potential Loyalist,13342.19,1.0,13342.19,Low Activity
3049,215,1.0,10190.73,1,3,1,1,Hibernating,10190.73,1.0,10190.73,Low Activity
3051,161,3.0,35129.83,2,3,4,2,At Risk - High Value,35129.83,3.0,11709.943333333336,Regular
3052,40,3.0,48284.28,4,3,5,0,Champions,48284.28,3.0,16094.76,High Value
3053,12,3.0,41535.380000000005,5,3,5,4,Loyal Customers,41535.380000000005,3.0,13845.126666666669,Regular
3054,97,1.0,28032.77,3,3,4,2,At Risk - High Value,28032.77,1.0,28032.77,Low Activity
3055,129,2.0,26438.98,2,3,3,2,At Risk - High Value,26438.98,2.0,13219.49,Low Activity
3058,56,1.0,13796.29,4,3,2,3,Potential Loyalist,13796.29,1.0,13796.29,Low Activity
3059,306,1.0,24701.03,1,3,3,1,Hibernating,24701.03,1.0,24701.03,Low Activity
3060,224,1.0,6486.65,1,3,1,1,Hibernating,6486.65,1.0,6486.65,Low Activity
3061,31,2.0,18665.77,4,3,3,4,Loyal Customers,18665.77,2.0,9332.885,Low Activity
3062,341,1.0,5339.75,1,3,1,1,Hibernating,5339.75,1.0,5339.75,Low Activity
3063,228,1.0,8187.76,1,3,1,1,Hibernating,8187.76,1.0,8187.76,Low Activity
3064,24,6.0,67443.27,5,3,5,0,Champions,67443.27,6.0,11240.545,High Value
3065,22,2.0,17615.05,5,3,2,4,Loyal Customers,17615.05,2.0,8807.525,Low Activity
3066,142,2.0,20754.98,2,3,3,2,At Risk - High Value,20754.98,2.0,10377.49,Low Activity
3069,17,4.0,33102.77,5,3,4,0,Champions,33102.77,4.0,8275.6925,Regular
3070,109,2.0,31764.13,3,3,4,2,At Risk - High Value,31764.13,2.0,15882.065,Low Activity
3072,8,4.0,37194.94,5,3,4,0,Champions,37194.94,4.0,9298.735,Regular
3075,137,4.0,31213.5,2,3,4,2,At Risk - High Value,31213.5,4.0,7803.375,Regular
3076,337,1.0,12604.48,1,3,2,1,Hibernating,12604.48,1.0,12604.48,Low Activity
3077,183,1.0,10641.8,2,3,1,1,Hibernating,10641.8,1.0,10641.8,Low Activity
3078,150,1.0,22365.97,2,3,3,1,Hibernating,22365.97,1.0,22365.97,Low Activity
3079,101,8.0,115070.75,3,3,5,0,Champions,115070.75,8.0,14383.84375,High Value
3080,153,1.0,14920.22,2,3,2,1,Hibernating,14920.22,1.0,14920.22,Low Activity
3081,192,1.0,7295.41,2,3,1,1,Hibernating,7295.41,1.0,7295.41,Low Activity
3082,179,2.0,25757.58,2,3,3,2,At Risk - High Value,25757.58,2.0,12878.79,Low Activity
3083,254,1.0,7199.7,1,3,1,1,Hibernating,7199.7,1.0,7199.7,Low Activity
3086,42,2.0,24485.78,4,3,3,4,Loyal Customers,24485.78,2.0,12242.89,Low Activity
3088,24,2.0,15465.82,5,3,2,4,Loyal Customers,15465.82,2.0,7732.91,Low Activity
3089,286,2.0,18443.56,1,3,2,2,At Risk - High Value,18443.56,2.0,9221.78,Low Activity
3090,216,4.0,49351.13,1,3,5,2,At Risk - High Value,49351.13,4.0,12337.7825,High Value
3091,163,2.0,18156.55,2,3,2,2,At Risk - High Value,18156.55,2.0,9078.275,Low Activity
3092,138,2.0,24540.01,2,3,3,2,At Risk - High Value,24540.01,2.0,12270.005,Low Activity
3093,62,2.0,32917.95,4,3,4,4,Loyal Customers,32917.95,2.0,16458.975,Low Activity
3094,65,1.0,10154.84,4,3,1,3,Potential Loyalist,10154.84,1.0,10154.84,Low Activity
3097,95,2.0,8488.19,3,3,1,3,Potential Loyalist,8488.19,2.0,4244.095,Low Activity
3098,14,1.0,9679.5,5,3,1,3,Potential Loyalist,9679.5,1.0,9679.5,Low Activity
3100,357,1.0,4514.9,1,3,1,1,Hibernating,4514.9,1.0,4514.9,Low Activity
3101,184,2.0,13500.68,2,3,2,2,At Risk - High Value,13500.68,2.0,6750.34,Low Activity
3103,256,1.0,9704.51,1,3,1,1,Hibernating,9704.51,1.0,9704.51,Low Activity
3104,149,1.0,5723.5,2,3,1,1,Hibernating,5723.5,1.0,5723.5,Low Activity
3105,8,5.0,56877.75,5,3,5,0,Champions,56877.75,5.0,11375.55,High Value
3106,102,2.0,20547.2,3,3,3,2,At Risk - High Value,20547.2,2.0,10273.6,Low Activity
3107,179,1.0,10071.41,2,3,1,1,Hibernating,10071.41,1.0,10071.41,Low Activity
3108,187,1.0,14004.0,2,3,2,1,Hibernating,14004.0,1.0,14004.0,Low Activity
3109,77,1.0,10654.91,3,3,1,3,Potential Loyalist,10654.91,1.0,10654.91,Low Activity
3111,22,3.0,35278.03,5,3,4,4,Loyal Customers,35278.03,3.0,11759.343333333332,Regular
3112,37,2.0,29524.11,4,3,4,4,Loyal Customers,29524.11,2.0,14762.055,Low Activity
3113,51,1.0,17153.56,4,3,2,3,Potential Loyalist,17153.56,1.0,17153.56,Low Activity
3114,137,3.0,29289.7,2,3,4,2,At Risk - High Value,29289.7,3.0,9763.233333333334,Regular
3115,147,4.0,35099.32,2,3,4,2,At Risk - High Value,35099.32,4.0,8774.83,Regular
3116,69,6.0,63020.350000000006,3,3,5,0,Champions,63020.350000000006,6.0,10503.391666666668,High Value
3117,155,1.0,8014.76,2,3,1,1,Hibernating,8014.76,1.0,8014.76,Low Activity
3119,22,1.0,10199.86,5,3,1,3,Potential Loyalist,10199.86,1.0,10199.86,Low Activity
3120,189,2.0,29033.77,2,3,4,2,At Risk - High Value,29033.77,2.0,14516.885,Low Activity
3123,108,2.0,9752.24,3,3,1,3,Potential Loyalist,9752.24,2.0,4876.12,Low Activity
3124,44,4.0,60448.18,4,3,5,0,Champions,60448.18,4.0,15112.045,High Value
3125,72,3.0,38500.54,3,3,5,2,At Risk - High Value,38500.54,3.0,12833.513333333334,Regular
3127,32,4.0,66645.73,4,3,5,0,Champions,66645.73,4.0,16661.4325,High Value
3128,119,2.0,15547.39,3,3,2,2,At Risk - High Value,15547.39,2.0,7773.695000000001,Low Activity
3129,179,1.0,18395.63,2,3,2,1,Hibernating,18395.63,1.0,18395.63,Low Activity
3131,363,1.0,14211.1,1,3,2,1,Hibernating,14211.1,1.0,14211.1,Low Activity
3132,32,4.0,31464.19,4,3,4,0,Champions,31464.19,4.0,7866.0475,Regular
3133,97,1.0,9714.43,3,3,1,3,Potential Loyalist,9714.43,1.0,9714.43,Low Activity
3134,157,3.0,25374.75,2,3,3,2,At Risk - High Value,25374.75,3.0,8458.25,Regular
3135,294,1.0,12735.4,1,3,2,1,Hibernating,12735.4,1.0,12735.4,Low Activity
3136,92,3.0,34126.48,3,3,4,2,At Risk - High Value,34126.48,3.0,11375.493333333332,Regular
3137,30,3.0,30545.94,4,3,4,4,Loyal Customers,30545.94,3.0,10181.98,Regular
3138,201,2.0,29559.550000000003,2,3,4,2,At Risk - High Value,29559.550000000003,2.0,14779.775,Low Activity
3140,216,1.0,10712.62,1,3,1,1,Hibernating,10712.62,1.0,10712.62,Low Activity
3141,170,1.0,5929.59,2,3,1,1,Hibernating,5929.59,1.0,5929.59,Low Activity
3143,47,4.0,48244.35,4,3,5,0,Champions,48244.35,4.0,12061.0875,High Value
3144,144,1.0,14993.24,2,3,2,1,Hibernating,14993.24,1.0,14993.24,Low Activity
3145,24,2.0,10486.37,5,3,1,3,Potential Loyalist,10486.37,2.0,5243.185,Low Activity
3146,276,2.0,20085.23,1,3,3,2,At Risk - High Value,20085.23,2.0,10042.615,Low Activity
3147,111,3.0,38056.27,3,3,5,2,At Risk - High Value,38056.27,3.0,12685.423333333332,Regular
3148,195,1.0,10717.78,2,3,1,1,Hibernating,10717.78,1.0,10717.78,Low Activity
3149,89,3.0,53528.07,3,3,5,0,Champions,53528.07,3.0,17842.69,High Value
3150,157,3.0,24419.46,2,3,3,2,At Risk - High Value,24419.46,3.0,8139.82,Regular
3151,34,3.0,22553.41,4,3,3,4,Loyal Customers,22553.41,3.0,7517.803333333333,Regular
3152,21,7.0,69826.23,5,3,5,0,Champions,69826.23,7.0,9975.175714285711,High Value
3153,148,1.0,16804.47,2,3,2,1,Hibernating,16804.47,1.0,16804.47,Low Activity
3154,40,2.0,29349.37,4,3,4,4,Loyal Customers,29349.37,2.0,14674.685,Low Activity
3155,29,3.0,33721.42,4,3,4,4,Loyal Customers,33721.42,3.0,11240.473333333332,Regular
3156,139,2.0,9727.71,2,3,1,1,Hibernating,9727.71,2.0,4863.855,Low Activity
3158,31,1.0,15400.36,4,3,2,3,Potential Loyalist,15400.36,1.0,15400.36,Low Activity
3159,32,2.0,31842.01,4,3,4,4,Loyal Customers,31842.01,2.0,15921.005,Low Activity
3160,56,1.0,10479.26,4,3,1,3,Potential Loyalist,10479.26,1.0,10479.26,Low Activity
3161,140,3.0,25052.120000000003,2,3,3,2,At Risk - High Value,25052.120000000003,3.0,8350.706666666667,Regular
3162,29,4.0,48141.37,4,3,5,0,Champions,48141.37,4.0,12035.3425,High Value
3163,63,1.0,16025.96,4,3,2,3,Potential Loyalist,16025.96,1.0,16025.96,Low Activity
3164,4,4.0,43804.02,5,3,5,0,Champions,43804.02,4.0,10951.005,Regular
3165,149,1.0,19222.08,2,3,3,1,Hibernating,19222.08,1.0,19222.08,Low Activity
3166,347,1.0,19078.11,1,3,3,1,Hibernating,19078.11,1.0,19078.11,Low Activity
3167,52,3.0,32281.06,4,3,4,4,Loyal Customers,32281.06,3.0,10760.353333333333,Regular
3168,44,1.0,12580.54,4,3,2,3,Potential Loyalist,12580.54,1.0,12580.54,Low Activity
3170,275,2.0,22636.44,1,3,3,2,At Risk - High Value,22636.44,2.0,11318.22,Low Activity
3171,235,1.0,6171.92,1,3,1,1,Hibernating,6171.92,1.0,6171.92,Low Activity
3172,273,1.0,6759.19,1,3,1,1,Hibernating,6759.19,1.0,6759.19,Low Activity
3173,229,1.0,4498.66,1,3,1,1,Hibernating,4498.66,1.0,4498.66,Low Activity
3174,70,2.0,31855.370000000003,3,3,4,2,At Risk - High Value,31855.370000000003,2.0,15927.685,Low Activity
3175,93,5.0,40871.32,3,3,5,0,Champions,40871.32,5.0,8174.264,Regular
3176,213,1.0,4709.65,1,3,1,1,Hibernating,4709.65,1.0,4709.65,Low Activity
3177,145,1.0,12582.58,2,3,2,1,Hibernating,12582.58,1.0,12582.58,Low Activity
3178,98,3.0,24511.35,3,3,3,2,At Risk - High Value,24511.35,3.0,8170.45,Regular
3179,234,1.0,8460.07,1,3,1,1,Hibernating,8460.07,1.0,8460.07,Low Activity
3180,80,2.0,11918.11,3,3,2,3,Potential Loyalist,11918.11,2.0,5959.055,Low Activity
3182,55,4.0,56411.92,4,3,5,0,Champions,56411.92,4.0,14102.98,High Value
3183,39,1.0,13214.6,4,3,2,3,Potential Loyalist,13214.6,1.0,13214.6,Low Activity
3184,115,5.0,45990.94,3,3,5,0,Champions,45990.94,5.0,9198.188,High Value
3185,153,2.0,24693.300000000003,2,3,3,2,At Risk - High Value,24693.300000000003,2.0,12346.65,Low Activity
3186,15,2.0,9250.37,5,3,1,3,Potential Loyalist,9250.37,2.0,4625.185,Low Activity
3187,170,2.0,26822.2,2,3,4,2,At Risk - High Value,26822.2,2.0,13411.1,Low Activity
3188,59,4.0,36236.69,4,3,4,0,Champions,36236.69,4.0,9059.1725,Regular
3189,4,2.0,21994.09,5,3,3,4,Loyal Customers,21994.09,2.0,10997.045,Low Activity
3190,124,2.0,30797.3,3,3,4,2,At Risk - High Value,30797.3,2.0,15398.65,Low Activity
3192,208,1.0,19443.38,1,3,3,1,Hibernating,19443.38,1.0,19443.38,Low Activity
3193,325,1.0,8986.59,1,3,1,1,Hibernating,8986.59,1.0,8986.59,Low Activity
3194,114,2.0,13852.63,3,3,2,2,At Risk - High Value,13852.63,2.0,6926.3150000000005,Low Activity
3195,32,2.0,13614.84,4,3,2,4,Loyal Customers,13614.84,2.0,6807.42,Low Activity
3196,147,6.0,61779.72,2,3,5,0,Champions,61779.72,6.0,10296.62,High Value
3197,181,1.0,16119.01,2,3,2,1,Hibernating,16119.01,1.0,16119.01,Low Activity
3198,260,1.0,9462.42,1,3,1,1,Hibernating,9462.42,1.0,9462.42,Low Activity
3199,17,3.0,21509.22,5,3,3,4,Loyal Customers,21509.22,3.0,7169.740000000001,Regular
3200,281,1.0,7556.67,1,3,1,1,Hibernating,7556.67,1.0,7556.67,Low Activity
3202,268,1.0,9982.01,1,3,1,1,Hibernating,9982.01,1.0,9982.01,Low Activity
3203,137,2.0,34458.520000000004,2,3,4,2,At Risk - High Value,34458.520000000004,2.0,17229.260000000002,Low Activity
3204,193,2.0,14054.15,2,3,2,2,At Risk - High Value,14054.15,2.0,7027.075000000001,Low Activity
3205,51,2.0,27638.58,4,3,4,4,Loyal Customers,27638.58,2.0,13819.29,Low Activity
3207,10,1.0,10415.69,5,3,1,3,Potential Loyalist,10415.69,1.0,10415.69,Low Activity
3208,211,4.0,39106.100000000006,1,3,5,2,At Risk - High Value,39106.100000000006,4.0,9776.525,Regular
3211,45,1.0,6828.33,4,3,1,3,Potential Loyalist,6828.33,1.0,6828.33,Low Activity
3212,54,1.0,18325.66,4,3,2,3,Potential Loyalist,18325.66,1.0,18325.66,Low Activity
3213,177,2.0,17041.95,2,3,2,2,At Risk - High Value,17041.95,2.0,8520.975,Low Activity
3214,58,2.0,28776.15,4,3,4,4,Loyal Customers,28776.15,2.0,14388.075,Low Activity
3216,201,1.0,8818.06,2,3,1,1,Hibernating,8818.06,1.0,8818.06,Low Activity
3217,70,4.0,37468.11,3,3,4,0,Champions,37468.11,4.0,9367.0275,Regular
3218,92,1.0,11646.42,3,3,2,3,Potential Loyalist,11646.42,1.0,11646.42,Low Activity
3219,1,2.0,15265.02,5,3,2,4,Loyal Customers,15265.02,2.0,7632.51,Low Activity
3220,113,2.0,12051.9,3,3,2,3,Potential Loyalist,12051.9,2.0,6025.95,Low Activity
3221,54,1.0,13529.32,4,3,2,3,Potential Loyalist,13529.32,1.0,13529.32,Low Activity
3222,293,1.0,10100.08,1,3,1,1,Hibernating,10100.08,1.0,10100.08,Low Activity
3223,15,2.0,23407.81,5,3,3,4,Loyal Customers,23407.81,2.0,11703.905,Low Activity
3224,122,5.0,50972.41,3,3,5,0,Champions,50972.41,5.0,10194.482,High Value
3226,181,3.0,33031.66,2,3,4,2,At Risk - High Value,33031.66,3.0,11010.553333333335,Regular
3227,152,2.0,14742.23,2,3,2,2,At Risk - High Value,14742.23,2.0,7371.115,Low Activity
3228,14,6.0,55401.56,5,3,5,0,Champions,55401.56,6.0,9233.593333333332,High Value
3229,92,2.0,24641.96,3,3,3,2,At Risk - High Value,24641.96,2.0,12320.98,Low Activity
3230,43,2.0,18831.34,4,3,3,4,Loyal Customers,18831.34,2.0,9415.67,Low Activity
3231,0,1.0,3381.45,5,3,1,3,Potential Loyalist,3381.45,1.0,3381.45,Low Activity
3232,120,1.0,14171.76,3,3,2,3,Potential Loyalist,14171.76,1.0,14171.76,Low Activity
3233,44,5.0,40251.57,4,3,5,0,Champions,40251.57,5.0,8050.314,Regular
3234,56,1.0,9681.76,4,3,1,3,Potential Loyalist,9681.76,1.0,9681.76,Low Activity
3235,52,3.0,30581.59,4,3,4,4,Loyal Customers,30581.59,3.0,10193.863333333333,Regular
3236,196,2.0,35782.14,2,3,4,2,At Risk - High Value,35782.14,2.0,17891.07,Low Activity
3237,194,2.0,18141.22,2,3,2,2,At Risk - High Value,18141.22,2.0,9070.61,Low Activity
3238,70,4.0,34235.18,3,3,4,0,Champions,34235.18,4.0,8558.795,Regular
3240,17,2.0,26504.64,5,3,3,4,Loyal Customers,26504.64,2.0,13252.32,Low Activity
3241,119,4.0,27793.03,3,3,4,0,Champions,27793.03,4.0,6948.2575,Regular
3242,277,1.0,13114.0,1,3,2,1,Hibernating,13114.0,1.0,13114.0,Low Activity
3243,15,5.0,54819.46,5,3,5,0,Champions,54819.46,5.0,10963.892,High Value
3244,123,3.0,29067.92,3,3,4,2,At Risk - High Value,29067.92,3.0,9689.306666666664,Regular
3245,171,1.0,9586.88,2,3,1,1,Hibernating,9586.88,1.0,9586.88,Low Activity
3246,91,5.0,66105.65,3,3,5,0,Champions,66105.65,5.0,13221.13,High Value
3247,42,3.0,37816.49,4,3,4,4,Loyal Customers,37816.49,3.0,12605.496666666666,Regular
3248,97,1.0,5354.48,3,3,1,3,Potential Loyalist,5354.48,1.0,5354.48,Low Activity
3249,18,3.0,30158.04,5,3,4,4,Loyal Customers,30158.04,3.0,10052.68,Regular
3251,62,2.0,27706.03,4,3,4,4,Loyal Customers,27706.03,2.0,13853.015,Low Activity
3252,44,2.0,19368.74,4,3,3,4,Loyal Customers,19368.74,2.0,9684.37,Low Activity
3253,294,1.0,14876.95,1,3,2,1,Hibernating,14876.95,1.0,14876.95,Low Activity
3254,298,1.0,7311.73,1,3,1,1,Hibernating,7311.73,1.0,7311.73,Low Activity
3255,0,2.0,24274.4,5,3,3,4,Loyal Customers,24274.4,2.0,12137.2,Low Activity
3256,119,2.0,25537.66,3,3,3,2,At Risk - High Value,25537.66,2.0,12768.83,Low Activity
3257,52,3.0,44523.83,4,3,5,0,Champions,44523.83,3.0,14841.276666666668,Regular
3258,153,2.0,16932.64,2,3,2,2,At Risk - High Value,16932.64,2.0,8466.32,Low Activity
3259,164,2.0,23691.22,2,3,3,2,At Risk - High Value,23691.22,2.0,11845.61,Low Activity
3260,110,4.0,58506.740000000005,3,3,5,0,Champions,58506.740000000005,4.0,14626.685,High Value
3261,214,1.0,13732.55,1,3,2,1,Hibernating,13732.55,1.0,13732.55,Low Activity
3262,92,3.0,33543.47,3,3,4,2,At Risk - High Value,33543.47,3.0,11181.156666666668,Regular
3263,262,2.0,34654.29,1,3,4,2,At Risk - High Value,34654.29,2.0,17327.145,Low Activity
3265,7,4.0,31506.44,5,3,4,0,Champions,31506.44,4.0,7876.61,Regular
3266,214,2.0,23355.35,1,3,3,2,At Risk - High Value,23355.35,2.0,11677.675,Low Activity
3267,100,2.0,27846.69,3,3,4,2,At Risk - High Value,27846.69,2.0,13923.345,Low Activity
3268,56,1.0,3525.95,4,3,1,3,Potential Loyalist,3525.95,1.0,3525.95,Low Activity
3269,32,3.0,33600.94,4,3,4,4,Loyal Customers,33600.94,3.0,11200.313333333334,Regular
3270,26,1.0,22267.85,5,3,3,3,Potential Loyalist,22267.85,1.0,22267.85,Low Activity
3271,84,2.0,29505.77,3,3,4,2,At Risk - High Value,29505.77,2.0,14752.884999999998,Low Activity
3274,197,1.0,7855.03,2,3,1,1,Hibernating,7855.03,1.0,7855.03,Low Activity
3276,117,2.0,28244.1,3,3,4,2,At Risk - High Value,28244.1,2.0,14122.05,Low Activity
3277,269,2.0,31408.02,1,3,4,2,At Risk - High Value,31408.02,2.0,15704.01,Low Activity
3278,281,1.0,13762.33,1,3,2,1,Hibernating,13762.33,1.0,13762.33,Low Activity
3279,186,2.0,23329.81,2,3,3,2,At Risk - High Value,23329.81,2.0,11664.905,Low Activity
3280,177,1.0,11900.71,2,3,2,1,Hibernating,11900.71,1.0,11900.71,Low Activity
3281,81,2.0,16011.85,3,3,2,2,At Risk - High Value,16011.85,2.0,8005.924999999999,Low Activity
3282,104,3.0,28894.75,3,3,4,2,At Risk - High Value,28894.75,3.0,9631.583333333334,Regular
3283,166,3.0,20933.61,2,3,3,2,At Risk - High Value,20933.61,3.0,6977.87,Regular
3284,68,4.0,25875.51,4,3,3,0,Champions,25875.51,4.0,6468.8775000000005,Regular
3285,236,1.0,10917.83,1,3,1,1,Hibernating,10917.83,1.0,10917.83,Low Activity
3287,34,2.0,14950.17,4,3,2,4,Loyal Customers,14950.17,2.0,7475.085,Low Activity
3288,210,2.0,18146.9,1,3,2,2,At Risk - High Value,18146.9,2.0,9073.45,Low Activity
3289,189,2.0,31194.06,2,3,4,2,At Risk - High Value,31194.06,2.0,15597.03,Low Activity
3290,1,2.0,13616.8,5,3,2,4,Loyal Customers,13616.8,2.0,6808.4,Low Activity
3291,118,2.0,18578.35,3,3,3,2,At Risk - High Value,18578.35,2.0,9289.175,Low Activity
3292,11,1.0,10879.92,5,3,1,3,Potential Loyalist,10879.92,1.0,10879.92,Low Activity
3293,2,6.0,76622.76,5,3,5,0,Champions,76622.76,6.0,12770.46,High Value
3294,114,1.0,11412.71,3,3,1,3,Potential Loyalist,11412.71,1.0,11412.71,Low Activity
3295,209,1.0,15975.67,1,3,2,1,Hibernating,15975.67,1.0,15975.67,Low Activity
3296,253,2.0,13858.96,1,3,2,1,Hibernating,13858.96,2.0,6929.48,Low Activity
3298,49,3.0,31563.700000000004,4,3,4,4,Loyal Customers,31563.700000000004,3.0,10521.233333333335,Regular
3299,182,2.0,20185.9,2,3,3,2,At Risk - High Value,20185.9,2.0,10092.95,Low Activity
3300,110,3.0,37349.94,3,3,4,2,At Risk - High Value,37349.94,3.0,12449.98,Regular
3302,273,1.0,8674.52,1,3,1,1,Hibernating,8674.52,1.0,8674.52,Low Activity
3303,123,3.0,64644.130000000005,3,3,5,0,Champions,64644.130000000005,3.0,21548.04333333333,High Value
3304,131,1.0,5197.88,2,3,1,1,Hibernating,5197.88,1.0,5197.88,Low Activity
3305,60,5.0,37335.79,4,3,4,0,Champions,37335.79,5.0,7467.158,Regular
3306,23,5.0,64056.45,5,3,5,0,Champions,64056.45,5.0,12811.29,High Value
3307,43,4.0,47681.58,4,3,5,0,Champions,47681.58,4.0,11920.395,High Value
3308,46,2.0,21039.34,4,3,3,4,Loyal Customers,21039.34,2.0,10519.67,Low Activity
3309,33,2.0,17082.07,4,3,2,4,Loyal Customers,17082.07,2.0,8541.035,Low Activity
3310,20,5.0,39504.89,5,3,5,0,Champions,39504.89,5.0,7900.978,Regular
3311,39,4.0,52554.75,4,3,5,0,Champions,52554.75,4.0,13138.6875,High Value
3312,7,3.0,47860.7,5,3,5,0,Champions,47860.7,3.0,15953.566666666666,High Value
3313,185,3.0,40015.33,2,3,5,2,At Risk - High Value,40015.33,3.0,13338.443333333336,Regular
3314,216,1.0,9772.7,1,3,1,1,Hibernating,9772.7,1.0,9772.7,Low Activity
3315,204,3.0,32532.75,1,3,4,2,At Risk - High Value,32532.75,3.0,10844.25,Regular
3316,87,2.0,16104.18,3,3,2,2,At Risk - High Value,16104.18,2.0,8052.09,Low Activity
3317,174,1.0,14404.58,2,3,2,1,Hibernating,14404.58,1.0,14404.58,Low Activity
3318,109,3.0,35186.62,3,3,4,2,At Risk - High Value,35186.62,3.0,11728.873333333337,Regular
3320,76,2.0,30133.91,3,3,4,2,At Risk - High Value,30133.91,2.0,15066.954999999998,Low Activity
3321,348,1.0,8183.31,1,3,1,1,Hibernating,8183.31,1.0,8183.31,Low Activity
3322,105,2.0,28741.73,3,3,4,2,At Risk - High Value,28741.73,2.0,14370.865,Low Activity
3323,123,1.0,14810.43,3,3,2,3,Potential Loyalist,14810.43,1.0,14810.43,Low Activity
3324,91,2.0,25147.68,3,3,3,2,At Risk - High Value,25147.68,2.0,12573.84,Low Activity
3325,106,1.0,3607.66,3,3,1,3,Potential Loyalist,3607.66,1.0,3607.66,Low Activity
3326,18,4.0,41322.26,5,3,5,0,Champions,41322.26,4.0,10330.565,Regular
3327,51,2.0,26170.85,4,3,3,4,Loyal Customers,26170.85,2.0,13085.425,Low Activity
3328,133,2.0,22601.480000000003,2,3,3,2,At Risk - High Value,22601.480000000003,2.0,11300.740000000002,Low Activity
3329,140,4.0,44276.78999999999,2,3,5,2,At Risk - High Value,44276.78999999999,4.0,11069.197499999998,Regular
3330,112,2.0,20236.77,3,3,3,2,At Risk - High Value,20236.77,2.0,10118.385,Low Activity
3331,22,2.0,24019.46,5,3,3,4,Loyal Customers,24019.46,2.0,12009.73,Low Activity
3332,9,3.0,20898.75,5,3,3,4,Loyal Customers,20898.75,3.0,6966.25,Regular
3333,16,2.0,26322.2,5,3,3,4,Loyal Customers,26322.2,2.0,13161.1,Low Activity
3334,211,1.0,6680.79,1,3,1,1,Hibernating,6680.79,1.0,6680.79,Low Activity
3335,13,3.0,40631.47,5,3,5,4,Loyal Customers,40631.47,3.0,13543.823333333334,Regular
3336,128,1.0,15783.59,3,3,2,3,Potential Loyalist,15783.59,1.0,15783.59,Low Activity
3337,7,3.0,30694.94,5,3,4,4,Loyal Customers,30694.94,3.0,10231.646666666666,Regular
3338,149,4.0,32160.16,2,3,4,2,At Risk - High Value,32160.16,4.0,8040.04,Regular
3339,45,2.0,29935.13,4,3,4,4,Loyal Customers,29935.13,2.0,14967.565,Low Activity
3340,58,2.0,36760.15,4,3,4,4,Loyal Customers,36760.15,2.0,18380.075,Low Activity
3341,122,2.0,29680.58,3,3,4,2,At Risk - High Value,29680.58,2.0,14840.29,Low Activity
3342,16,1.0,15608.57,5,3,2,3,Potential Loyalist,15608.57,1.0,15608.57,Low Activity
3343,119,6.0,65521.72,3,3,5,0,Champions,65521.72,6.0,10920.286666666669,High Value
3344,165,2.0,27612.300000000003,2,3,4,2,At Risk - High Value,27612.300000000003,2.0,13806.15,Low Activity
3345,82,1.0,8005.83,3,3,1,3,Potential Loyalist,8005.83,1.0,8005.83,Low Activity
3347,67,1.0,25357.48,4,3,3,3,Potential Loyalist,25357.48,1.0,25357.48,Low Activity
3348,45,2.0,31633.27,4,3,4,4,Loyal Customers,31633.27,2.0,15816.635,Low Activity
3349,321,1.0,16987.85,1,3,2,1,Hibernating,16987.85,1.0,16987.85,Low Activity
3350,82,1.0,13300.81,3,3,2,3,Potential Loyalist,13300.81,1.0,13300.81,Low Activity
3351,26,1.0,13987.45,5,3,2,3,Potential Loyalist,13987.45,1.0,13987.45,Low Activity
3352,92,2.0,23868.41,3,3,3,2,At Risk - High Value,23868.41,2.0,11934.205,Low Activity
3353,217,3.0,30391.300000000003,1,3,4,2,At Risk - High Value,30391.300000000003,3.0,10130.433333333334,Regular
3354,269,2.0,17020.440000000002,1,3,2,2,At Risk - High Value,17020.440000000002,2.0,8510.220000000001,Low Activity
3355,152,3.0,24706.44,2,3,3,2,At Risk - High Value,24706.44,3.0,8235.480000000001,Regular
3356,5,4.0,40229.7,5,3,5,0,Champions,40229.7,4.0,10057.425,Regular
3357,25,1.0,14435.23,5,3,2,3,Potential Loyalist,14435.23,1.0,14435.23,Low Activity
3358,98,3.0,37278.66,3,3,4,2,At Risk - High Value,37278.66,3.0,12426.22,Regular
3359,8,2.0,20034.57,5,3,3,4,Loyal Customers,20034.57,2.0,10017.285,Low Activity
3360,234,2.0,21083.19,1,3,3,2,At Risk - High Value,21083.19,2.0,10541.595,Low Activity
3361,319,2.0,20055.51,1,3,3,2,At Risk - High Value,20055.51,2.0,10027.755,Low Activity
3363,113,3.0,35222.03,3,3,4,2,At Risk - High Value,35222.03,3.0,11740.676666666666,Regular
3365,186,2.0,23411.49,2,3,3,2,At Risk - High Value,23411.49,2.0,11705.745,Low Activity
3366,5,3.0,42207.43,5,3,5,4,Loyal Customers,42207.43,3.0,14069.143333333332,Regular
3367,200,2.0,20670.97,2,3,3,2,At Risk - High Value,20670.97,2.0,10335.485,Low Activity
3369,59,3.0,14569.58,4,3,2,4,Loyal Customers,14569.58,3.0,4856.526666666667,Regular
3370,244,1.0,18291.48,1,3,2,1,Hibernating,18291.48,1.0,18291.48,Low Activity
3371,103,2.0,26687.1,3,3,4,2,At Risk - High Value,26687.1,2.0,13343.55,Low Activity
3372,221,2.0,34711.64,1,3,4,2,At Risk - High Value,34711.64,2.0,17355.82,Low Activity
3373,167,1.0,13381.63,2,3,2,1,Hibernating,13381.63,1.0,13381.63,Low Activity
3374,24,4.0,44355.46,5,3,5,0,Champions,44355.46,4.0,11088.865,Regular
3375,59,1.0,3734.82,4,3,1,3,Potential Loyalist,3734.82,1.0,3734.82,Low Activity
3376,39,2.0,31212.42,4,3,4,4,Loyal Customers,31212.42,2.0,15606.21,Low Activity
3377,170,3.0,31768.5,2,3,4,2,At Risk - High Value,31768.5,3.0,10589.5,Regular
3378,47,7.0,75985.84,4,3,5,0,Champions,75985.84,7.0,10855.12,High Value
3379,353,1.0,9493.54,1,3,1,1,Hibernating,9493.54,1.0,9493.54,Low Activity
3382,138,1.0,6328.3,2,3,1,1,Hibernating,6328.3,1.0,6328.3,Low Activity
3384,19,5.0,60470.12,5,3,5,0,Champions,60470.12,5.0,12094.024,High Value
3385,199,3.0,28926.42,2,3,4,2,At Risk - High Value,28926.42,3.0,9642.14,Regular
3386,89,2.0,29599.83,3,3,4,2,At Risk - High Value,29599.83,2.0,14799.915,Low Activity
3387,160,1.0,9040.38,2,3,1,1,Hibernating,9040.38,1.0,9040.38,Low Activity
3388,92,2.0,21678.12,3,3,3,2,At Risk - High Value,21678.12,2.0,10839.06,Low Activity
3390,211,1.0,2374.29,1,3,1,1,Hibernating,2374.29,1.0,2374.29,Low Activity
3391,12,4.0,32088.65,5,3,4,0,Champions,32088.65,4.0,8022.1625,Regular
3392,194,5.0,51882.94,2,3,5,0,Champions,51882.94,5.0,10376.588,High Value
3393,45,1.0,3283.77,4,3,1,3,Potential Loyalist,3283.77,1.0,3283.77,Low Activity
3395,88,2.0,18746.89,3,3,3,2,At Risk - High Value,18746.89,2.0,9373.445,Low Activity
3396,59,2.0,24114.6,4,3,3,4,Loyal Customers,24114.6,2.0,12057.3,Low Activity
3399,258,1.0,17518.71,1,3,2,1,Hibernating,17518.71,1.0,17518.71,Low Activity
3400,210,1.0,12489.76,1,3,2,1,Hibernating,12489.76,1.0,12489.76,Low Activity
3401,62,4.0,23551.31,4,3,3,0,Champions,23551.31,4.0,5887.827499999999,Regular
3402,31,5.0,62233.0,4,3,5,0,Champions,62233.0,5.0,12446.6,High Value
3403,52,3.0,29792.8,4,3,4,4,Loyal Customers,29792.8,3.0,9930.933333333332,Regular
3404,109,1.0,11727.15,3,3,2,3,Potential Loyalist,11727.15,1.0,11727.15,Low Activity
3405,45,5.0,67998.48999999999,4,3,5,0,Champions,67998.48999999999,5.0,13599.698,High Value
3406,82,1.0,8326.6,3,3,1,3,Potential Loyalist,8326.6,1.0,8326.6,Low Activity
3407,14,5.0,51413.46,5,3,5,0,Champions,51413.46,5.0,10282.692,High Value
3408,12,4.0,48046.23,5,3,5,0,Champions,48046.23,4.0,12011.5575,High Value
3410,173,1.0,17819.56,2,3,2,1,Hibernating,17819.56,1.0,17819.56,Low Activity
3411,20,3.0,25818.62,5,3,3,4,Loyal Customers,25818.62,3.0,8606.206666666667,Regular
3413,136,1.0,8319.87,2,3,1,1,Hibernating,8319.87,1.0,8319.87,Low Activity
3414,85,1.0,7887.4,3,3,1,3,Potential Loyalist,7887.4,1.0,7887.4,Low Activity
3415,179,2.0,17723.31,2,3,2,2,At Risk - High Value,17723.31,2.0,8861.655,Low Activity
3416,27,3.0,30194.59,5,3,4,4,Loyal Customers,30194.59,3.0,10064.863333333333,Regular
3417,76,2.0,21951.68,3,3,3,2,At Risk - High Value,21951.68,2.0,10975.84,Low Activity
3419,30,3.0,35561.42,4,3,4,4,Loyal Customers,35561.42,3.0,11853.806666666664,Regular
3421,132,1.0,18251.19,2,3,2,1,Hibernating,18251.19,1.0,18251.19,Low Activity
3422,161,2.0,22324.66,2,3,3,2,At Risk - High Value,22324.66,2.0,11162.33,Low Activity
3423,243,1.0,10223.29,1,3,1,1,Hibernating,10223.29,1.0,10223.29,Low Activity
3424,8,3.0,48608.64,5,3,5,0,Champions,48608.64,3.0,16202.88,High Value
3425,241,2.0,15051.09,1,3,2,2,At Risk - High Value,15051.09,2.0,7525.545,Low Activity
3428,124,4.0,51920.52,3,3,5,0,Champions,51920.52,4.0,12980.13,High Value
3430,77,4.0,41485.41,3,3,5,0,Champions,41485.41,4.0,10371.3525,Regular
3431,12,6.0,66608.46,5,3,5,0,Champions,66608.46,6.0,11101.410000000002,High Value
3432,91,3.0,20771.26,3,3,3,2,At Risk - High Value,20771.26,3.0,6923.753333333334,Regular
3433,31,3.0,29468.19,4,3,4,4,Loyal Customers,29468.19,3.0,9822.73,Regular
3434,11,3.0,36926.41,5,3,4,4,Loyal Customers,36926.41,3.0,12308.803333333335,Regular
3435,44,5.0,49136.2,4,3,5,0,Champions,49136.2,5.0,9827.24,High Value
3436,207,1.0,13173.32,1,3,2,1,Hibernating,13173.32,1.0,13173.32,Low Activity
3437,103,1.0,14911.35,3,3,2,3,Potential Loyalist,14911.35,1.0,14911.35,Low Activity
3439,19,5.0,39080.73,5,3,5,0,Champions,39080.73,5.0,7816.146000000001,Regular
3440,24,1.0,7917.21,5,3,1,3,Potential Loyalist,7917.21,1.0,7917.21,Low Activity
3441,47,3.0,19740.15,4,3,3,4,Loyal Customers,19740.15,3.0,6580.05,Regular
3442,86,2.0,28971.25,3,3,4,2,At Risk - High Value,28971.25,2.0,14485.625,Low Activity
3443,220,1.0,5994.93,1,3,1,1,Hibernating,5994.93,1.0,5994.93,Low Activity
3444,123,3.0,37252.06,3,3,4,2,At Risk - High Value,37252.06,3.0,12417.353333333333,Regular
3445,188,2.0,23716.2,2,3,3,2,At Risk - High Value,23716.2,2.0,11858.1,Low Activity
3446,133,2.0,30361.71,2,3,4,2,At Risk - High Value,30361.71,2.0,15180.855,Low Activity
3447,134,3.0,17539.6,2,3,2,2,At Risk - High Value,17539.6,3.0,5846.533333333333,Regular
3448,255,1.0,9331.36,1,3,1,1,Hibernating,9331.36,1.0,9331.36,Low Activity
3449,50,4.0,61154.11,4,3,5,0,Champions,61154.11,4.0,15288.5275,High Value
3450,108,3.0,36810.16,3,3,4,2,At Risk - High Value,36810.16,3.0,12270.053333333335,Regular
3451,81,3.0,26850.11,3,3,4,2,At Risk - High Value,26850.11,3.0,8950.036666666667,Regular
3453,180,3.0,33253.8,2,3,4,2,At Risk - High Value,33253.8,3.0,11084.6,Regular
3454,0,2.0,17962.3,5,3,2,4,Loyal Customers,17962.3,2.0,8981.15,Low Activity
3455,27,2.0,15912.21,5,3,2,4,Loyal Customers,15912.21,2.0,7956.105,Low Activity
3456,234,2.0,19592.93,1,3,3,2,At Risk - High Value,19592.93,2.0,9796.465,Low Activity
3457,24,2.0,24724.67,5,3,3,4,Loyal Customers,24724.67,2.0,12362.335,Low Activity
3458,127,3.0,33429.5,3,3,4,2,At Risk - High Value,33429.5,3.0,11143.166666666666,Regular
3459,30,2.0,30689.43,4,3,4,4,Loyal Customers,30689.43,2.0,15344.715,Low Activity
3461,102,6.0,58359.22,3,3,5,0,Champions,58359.22,6.0,9726.536666666669,High Value
3462,109,1.0,7847.62,3,3,1,3,Potential Loyalist,7847.62,1.0,7847.62,Low Activity
3463,65,1.0,19568.47,4,3,3,3,Potential Loyalist,19568.47,1.0,19568.47,Low Activity
3464,47,3.0,40042.99,4,3,5,0,Champions,40042.99,3.0,13347.663333333332,Regular
3465,272,1.0,20082.39,1,3,3,1,Hibernating,20082.39,1.0,20082.39,Low Activity
3466,25,5.0,66343.81999999999,5,3,5,0,Champions,66343.81999999999,5.0,13268.764,High Value
3468,83,1.0,5408.99,3,3,1,3,Potential Loyalist,5408.99,1.0,5408.99,Low Activity
3469,95,1.0,19232.59,3,3,3,3,Potential Loyalist,19232.59,1.0,19232.59,Low Activity
3470,23,3.0,21841.72,5,3,3,4,Loyal Customers,21841.72,3.0,7280.573333333334,Regular
3471,91,4.0,45132.49,3,3,5,0,Champions,45132.49,4.0,11283.1225,Regular
3472,267,1.0,9540.06,1,3,1,1,Hibernating,9540.06,1.0,9540.06,Low Activity
3473,44,4.0,39454.41,4,3,5,0,Champions,39454.41,4.0,9863.6025,Regular
3474,164,1.0,8700.22,2,3,1,1,Hibernating,8700.22,1.0,8700.22,Low Activity
3475,165,3.0,33121.14,2,3,4,2,At Risk - High Value,33121.14,3.0,11040.38,Regular
3477,353,1.0,8297.64,1,3,1,1,Hibernating,8297.64,1.0,8297.64,Low Activity
3478,170,2.0,20407.89,2,3,3,2,At Risk - High Value,20407.89,2.0,10203.945,Low Activity
3479,20,5.0,70985.96,5,3,5,0,Champions,70985.96,5.0,14197.192,High Value
3480,257,2.0,12920.12,1,3,2,1,Hibernating,12920.12,2.0,6460.06,Low Activity
3481,220,2.0,27497.980000000003,1,3,4,2,At Risk - High Value,27497.980000000003,2.0,13748.990000000002,Low Activity
3483,129,2.0,13544.99,2,3,2,2,At Risk - High Value,13544.99,2.0,6772.495,Low Activity
3484,260,1.0,9635.25,1,3,1,1,Hibernating,9635.25,1.0,9635.25,Low Activity
3486,292,1.0,5161.6,1,3,1,1,Hibernating,5161.6,1.0,5161.6,Low Activity
3487,180,1.0,12323.15,2,3,2,1,Hibernating,12323.15,1.0,12323.15,Low Activity
3488,100,3.0,49320.59,3,3,5,0,Champions,49320.59,3.0,16440.196666666667,High Value
3489,37,1.0,18079.8,4,3,2,3,Potential Loyalist,18079.8,1.0,18079.8,Low Activity
3490,11,2.0,20426.5,5,3,3,4,Loyal Customers,20426.5,2.0,10213.25,Low Activity
3491,234,1.0,8586.99,1,3,1,1,Hibernating,8586.99,1.0,8586.99,Low Activity
3492,41,2.0,16357.67,4,3,2,4,Loyal Customers,16357.67,2.0,8178.835,Low Activity
3495,57,2.0,42586.14,4,3,5,4,Loyal Customers,42586.14,2.0,21293.07,Low Activity
3497,175,2.0,19174.56,2,3,3,2,At Risk - High Value,19174.56,2.0,9587.28,Low Activity
3498,305,2.0,13097.350000000002,1,3,2,1,Hibernating,13097.350000000002,2.0,6548.675000000001,Low Activity
3499,212,1.0,24227.37,1,3,3,1,Hibernating,24227.37,1.0,24227.37,Low Activity
3500,123,2.0,18697.6,3,3,3,2,At Risk - High Value,18697.6,2.0,9348.8,Low Activity
3501,255,2.0,37705.78,1,3,4,2,At Risk - High Value,37705.78,2.0,18852.89,Low Activity
3502,30,3.0,16214.18,4,3,2,4,Loyal Customers,16214.18,3.0,5404.7266666666665,Regular
3503,202,1.0,10066.83,1,3,1,1,Hibernating,10066.83,1.0,10066.83,Low Activity
3504,115,1.0,7929.13,3,3,1,3,Potential Loyalist,7929.13,1.0,7929.13,Low Activity
3505,67,2.0,32948.24,4,3,4,4,Loyal Customers,32948.24,2.0,16474.12,Low Activity
3506,7,4.0,31697.16,5,3,4,0,Champions,31697.16,4.0,7924.29,Regular
3507,43,2.0,27293.9,4,3,4,4,Loyal Customers,27293.9,2.0,13646.95,Low Activity
3508,123,2.0,20014.89,3,3,3,2,At Risk - High Value,20014.89,2.0,10007.445,Low Activity
3509,7,1.0,7433.39,5,3,1,3,Potential Loyalist,7433.39,1.0,7433.39,Low Activity
3510,204,2.0,30514.13,1,3,4,2,At Risk - High Value,30514.13,2.0,15257.065,Low Activity
3511,221,3.0,31014.5,1,3,4,2,At Risk - High Value,31014.5,3.0,10338.166666666666,Regular
3512,2,5.0,62805.86,5,3,5,0,Champions,62805.86,5.0,12561.172,High Value
3513,59,4.0,48501.9,4,3,5,0,Champions,48501.9,4.0,12125.475,High Value
3514,47,2.0,31480.64,4,3,4,4,Loyal Customers,31480.64,2.0,15740.32,Low Activity
3515,16,2.0,13894.49,5,3,2,4,Loyal Customers,13894.49,2.0,6947.245,Low Activity
3516,42,1.0,9688.26,4,3,1,3,Potential Loyalist,9688.26,1.0,9688.26,Low Activity
3517,177,1.0,5766.18,2,3,1,1,Hibernating,5766.18,1.0,5766.18,Low Activity
3518,101,1.0,4397.19,3,3,1,3,Potential Loyalist,4397.19,1.0,4397.19,Low Activity
3521,57,4.0,37602.78,4,3,4,0,Champions,37602.78,4.0,9400.695,Regular
3522,132,3.0,41420.97,2,3,5,2,At Risk - High Value,41420.97,3.0,13806.99,Regular
3523,156,2.0,34952.03999999999,2,3,4,2,At Risk - High Value,34952.03999999999,2.0,17476.019999999997,Low Activity
3524,138,2.0,12440.95,2,3,2,2,At Risk - High Value,12440.95,2.0,6220.475,Low Activity
3525,117,1.0,12911.99,3,3,2,3,Potential Loyalist,12911.99,1.0,12911.99,Low Activity
3526,116,3.0,28040.65,3,3,4,2,At Risk - High Value,28040.65,3.0,9346.883333333331,Regular
3528,21,3.0,38026.55,5,3,5,4,Loyal Customers,38026.55,3.0,12675.516666666668,Regular
3530,237,1.0,17255.95,1,3,2,1,Hibernating,17255.95,1.0,17255.95,Low Activity
3531,47,3.0,26115.74,4,3,3,4,Loyal Customers,26115.74,3.0,8705.246666666666,Regular
3532,202,2.0,15806.62,1,3,2,2,At Risk - High Value,15806.62,2.0,7903.31,Low Activity
3533,29,1.0,10143.49,4,3,1,3,Potential Loyalist,10143.49,1.0,10143.49,Low Activity
3536,59,2.0,19085.04,4,3,3,4,Loyal Customers,19085.04,2.0,9542.52,Low Activity
3537,6,4.0,62377.83,5,3,5,0,Champions,62377.83,4.0,15594.4575,High Value
3538,38,2.0,22709.78,4,3,3,4,Loyal Customers,22709.78,2.0,11354.89,Low Activity
3539,11,1.0,3641.6,5,3,1,3,Potential Loyalist,3641.6,1.0,3641.6,Low Activity
3540,220,4.0,40264.75,1,3,5,2,At Risk - High Value,40264.75,4.0,10066.1875,Regular
3541,163,5.0,38405.8,2,3,5,0,Champions,38405.8,5.0,7681.160000000001,Regular
3542,89,4.0,47316.3,3,3,5,0,Champions,47316.3,4.0,11829.075,High Value
3543,162,1.0,15063.7,2,3,2,1,Hibernating,15063.7,1.0,15063.7,Low Activity
3544,22,5.0,62564.94,5,3,5,0,Champions,62564.94,5.0,12512.988,High Value
3545,101,3.0,42320.08,3,3,5,0,Champions,42320.08,3.0,14106.693333333336,Regular
3546,170,1.0,9407.31,2,3,1,1,Hibernating,9407.31,1.0,9407.31,Low Activity
3549,55,5.0,34552.850000000006,4,3,4,0,Champions,34552.850000000006,5.0,6910.5700000000015,Regular
3550,173,2.0,13279.3,2,3,2,2,At Risk - High Value,13279.3,2.0,6639.65,Low Activity
3551,71,4.0,44122.78,3,3,5,0,Champions,44122.78,4.0,11030.695,Regular
3552,2,2.0,19583.31,5,3,3,4,Loyal Customers,19583.31,2.0,9791.655,Low Activity
3553,179,1.0,14463.94,2,3,2,1,Hibernating,14463.94,1.0,14463.94,Low Activity
3554,206,1.0,13595.87,1,3,2,1,Hibernating,13595.87,1.0,13595.87,Low Activity
3555,66,3.0,36401.36,4,3,4,4,Loyal Customers,36401.36,3.0,12133.786666666669,Regular
3556,72,1.0,3386.68,3,3,1,3,Potential Loyalist,3386.68,1.0,3386.68,Low Activity
3557,56,2.0,30097.52,4,3,4,4,Loyal Customers,30097.52,2.0,15048.76,Low Activity
3558,285,1.0,10644.36,1,3,1,1,Hibernating,10644.36,1.0,10644.36,Low Activity
3559,84,5.0,55410.08,3,3,5,0,Champions,55410.08,5.0,11082.016,High Value
3561,42,4.0,36790.73,4,3,4,0,Champions,36790.73,4.0,9197.6825,Regular
3562,120,1.0,9653.47,3,3,1,3,Potential Loyalist,9653.47,1.0,9653.47,Low Activity
3563,283,2.0,16699.129999999997,1,3,2,2,At Risk - High Value,16699.129999999997,2.0,8349.564999999999,Low Activity
3564,8,5.0,61465.73,5,3,5,0,Champions,61465.73,5.0,12293.146,High Value
3565,182,2.0,31929.6,2,3,4,2,At Risk - High Value,31929.6,2.0,15964.8,Low Activity
3566,100,3.0,30772.980000000003,3,3,4,2,At Risk - High Value,30772.980000000003,3.0,10257.660000000002,Regular
3568,4,4.0,38637.36,5,3,5,0,Champions,38637.36,4.0,9659.34,Regular
3569,15,4.0,45365.95,5,3,5,0,Champions,45365.95,4.0,11341.4875,Regular
3570,46,2.0,14627.4,4,3,2,4,Loyal Customers,14627.4,2.0,7313.700000000001,Low Activity
3571,223,2.0,16069.12,1,3,2,2,At Risk - High Value,16069.12,2.0,8034.559999999999,Low Activity
3572,170,3.0,40739.98,2,3,5,2,At Risk - High Value,40739.98,3.0,13579.993333333332,Regular
3573,126,3.0,21605.57,3,3,3,2,At Risk - High Value,21605.57,3.0,7201.856666666667,Regular
3574,43,2.0,24108.9,4,3,3,4,Loyal Customers,24108.9,2.0,12054.45,Low Activity
3575,285,1.0,13126.52,1,3,2,1,Hibernating,13126.52,1.0,13126.52,Low Activity
3576,42,4.0,54162.78,4,3,5,0,Champions,54162.78,4.0,13540.695,High Value
3577,254,1.0,13909.7,1,3,2,1,Hibernating,13909.7,1.0,13909.7,Low Activity
3578,212,1.0,7084.51,1,3,1,1,Hibernating,7084.51,1.0,7084.51,Low Activity
3579,105,2.0,22507.01,3,3,3,2,At Risk - High Value,22507.01,2.0,11253.505,Low Activity
3580,108,1.0,5349.28,3,3,1,3,Potential Loyalist,5349.28,1.0,5349.28,Low Activity
3581,243,3.0,40894.61,1,3,5,2,At Risk - High Value,40894.61,3.0,13631.536666666669,Regular
3582,171,3.0,26523.75,2,3,3,2,At Risk - High Value,26523.75,3.0,8841.25,Regular
3584,242,3.0,30806.5,1,3,4,2,At Risk - High Value,30806.5,3.0,10268.833333333334,Regular
3585,311,2.0,31560.07,1,3,4,2,At Risk - High Value,31560.07,2.0,15780.035,Low Activity
3586,78,3.0,20253.63,3,3,3,2,At Risk - High Value,20253.63,3.0,6751.209999999999,Regular
3587,85,4.0,31839.49,3,3,4,0,Champions,31839.49,4.0,7959.872499999999,Regular
3588,165,3.0,53607.65,2,3,5,2,At Risk - High Value,53607.65,3.0,17869.216666666667,High Value
3589,150,1.0,8990.6,2,3,1,1,Hibernating,8990.6,1.0,8990.6,Low Activity
3590,123,4.0,49500.31,3,3,5,0,Champions,49500.31,4.0,12375.0775,High Value
3591,328,1.0,13132.72,1,3,2,1,Hibernating,13132.72,1.0,13132.72,Low Activity
3592,32,2.0,23289.82,4,3,3,4,Loyal Customers,23289.82,2.0,11644.91,Low Activity
3593,155,5.0,62622.33,2,3,5,0,Champions,62622.33,5.0,12524.466,High Value
3594,340,1.0,22135.6,1,3,3,1,Hibernating,22135.6,1.0,22135.6,Low Activity
3595,289,1.0,4707.51,1,3,1,1,Hibernating,4707.51,1.0,4707.51,Low Activity
3596,10,3.0,30630.48,5,3,4,4,Loyal Customers,30630.48,3.0,10210.16,Regular
3597,5,3.0,26820.71,5,3,4,4,Loyal Customers,26820.71,3.0,8940.236666666666,Regular
3598,311,1.0,8004.34,1,3,1,1,Hibernating,8004.34,1.0,8004.34,Low Activity
3599,116,1.0,11629.91,3,3,2,3,Potential Loyalist,11629.91,1.0,11629.91,Low Activity
3600,18,2.0,30690.62,5,3,4,4,Loyal Customers,30690.62,2.0,15345.31,Low Activity
3601,30,5.0,50297.04,4,3,5,0,Champions,50297.04,5.0,10059.408,High Value
3602,307,1.0,8782.02,1,3,1,1,Hibernating,8782.02,1.0,8782.02,Low Activity
3603,293,1.0,18854.89,1,3,3,1,Hibernating,18854.89,1.0,18854.89,Low Activity
3606,152,1.0,5149.17,2,3,1,1,Hibernating,5149.17,1.0,5149.17,Low Activity
3608,97,1.0,8524.9,3,3,1,3,Potential Loyalist,8524.9,1.0,8524.9,Low Activity
3609,100,1.0,15062.92,3,3,2,3,Potential Loyalist,15062.92,1.0,15062.92,Low Activity
3612,7,4.0,48722.91,5,3,5,0,Champions,48722.91,4.0,12180.7275,High Value
3613,10,2.0,28442.65,5,3,4,4,Loyal Customers,28442.65,2.0,14221.325,Low Activity
3614,25,3.0,36464.17,5,3,4,4,Loyal Customers,36464.17,3.0,12154.723333333332,Regular
3615,19,3.0,35153.56,5,3,4,4,Loyal Customers,35153.56,3.0,11717.853333333333,Regular
3616,101,2.0,27010.49,3,3,4,2,At Risk - High Value,27010.49,2.0,13505.245,Low Activity
3618,45,1.0,6807.05,4,3,1,3,Potential Loyalist,6807.05,1.0,6807.05,Low Activity
3619,125,1.0,19259.51,3,3,3,3,Potential Loyalist,19259.51,1.0,19259.51,Low Activity
3620,95,2.0,21631.29,3,3,3,2,At Risk - High Value,21631.29,2.0,10815.645,Low Activity
3621,4,1.0,13058.92,5,3,2,3,Potential Loyalist,13058.92,1.0,13058.92,Low Activity
3622,82,3.0,41003.92,3,3,5,2,At Risk - High Value,41003.92,3.0,13667.973333333332,Regular
3623,166,2.0,31686.1,2,3,4,2,At Risk - High Value,31686.1,2.0,15843.05,Low Activity
3624,25,3.0,42096.29,5,3,5,4,Loyal Customers,42096.29,3.0,14032.096666666666,Regular
3625,183,3.0,37585.25,2,3,4,2,At Risk - High Value,37585.25,3.0,12528.416666666666,Regular
3626,79,2.0,7767.57,3,3,1,3,Potential Loyalist,7767.57,2.0,3883.785,Low Activity
3627,272,1.0,12586.09,1,3,2,1,Hibernating,12586.09,1.0,12586.09,Low Activity
3628,51,5.0,63080.94,4,3,5,0,Champions,63080.94,5.0,12616.188,High Value
3629,171,2.0,13161.79,2,3,2,2,At Risk - High Value,13161.79,2.0,6580.895,Low Activity
3630,50,4.0,43784.17,4,3,5,0,Champions,43784.17,4.0,10946.0425,Regular
3631,63,3.0,28170.28,4,3,4,4,Loyal Customers,28170.28,3.0,9390.093333333332,Regular
3632,36,2.0,25442.68,4,3,3,4,Loyal Customers,25442.68,2.0,12721.34,Low Activity
3633,89,3.0,27387.61,3,3,4,2,At Risk - High Value,27387.61,3.0,9129.203333333331,Regular
3634,3,6.0,66836.33,5,3,5,0,Champions,66836.33,6.0,11139.388333333334,High Value
3635,188,2.0,41717.33,2,3,5,2,At Risk - High Value,41717.33,2.0,20858.665,Low Activity
3636,236,3.0,41390.15,1,3,5,2,At Risk - High Value,41390.15,3.0,13796.716666666667,Regular
3637,253,1.0,10001.84,1,3,1,1,Hibernating,10001.84,1.0,10001.84,Low Activity
3639,305,1.0,15020.55,1,3,2,1,Hibernating,15020.55,1.0,15020.55,Low Activity
3640,119,2.0,29981.85,3,3,4,2,At Risk - High Value,29981.85,2.0,14990.925,Low Activity
3643,74,4.0,48363.77,3,3,5,0,Champions,48363.77,4.0,12090.9425,High Value
3644,1,7.0,68344.95999999999,5,3,5,0,Champions,68344.95999999999,7.0,9763.565714285713,High Value
3645,98,4.0,42561.49,3,3,5,0,Champions,42561.49,4.0,10640.3725,Regular
3646,35,2.0,20123.83,4,3,3,4,Loyal Customers,20123.83,2.0,10061.915,Low Activity
3647,8,3.0,28143.33,5,3,4,4,Loyal Customers,28143.33,3.0,9381.11,Regular
3648,83,3.0,29331.22,3,3,4,2,At Risk - High Value,29331.22,3.0,9777.073333333334,Regular
3650,61,1.0,8416.57,4,3,1,3,Potential Loyalist,8416.57,1.0,8416.57,Low Activity
3651,57,2.0,39188.29,4,3,5,4,Loyal Customers,39188.29,2.0,19594.145,Low Activity
3652,31,1.0,7352.19,4,3,1,3,Potential Loyalist,7352.19,1.0,7352.19,Low Activity
3653,140,2.0,23624.84,2,3,3,2,At Risk - High Value,23624.84,2.0,11812.42,Low Activity
3654,51,4.0,32840.009999999995,4,3,4,0,Champions,32840.009999999995,4.0,8210.002499999999,Regular
3655,28,3.0,28280.72,4,3,4,4,Loyal Customers,28280.72,3.0,9426.906666666666,Regular
3656,209,3.0,35558.97,1,3,4,2,At Risk - High Value,35558.97,3.0,11852.99,Regular
3658,139,2.0,22432.17,2,3,3,2,At Risk - High Value,22432.17,2.0,11216.085,Low Activity
3659,306,2.0,9612.24,1,3,1,1,Hibernating,9612.24,2.0,4806.12,Low Activity
3660,98,1.0,8163.42,3,3,1,3,Potential Loyalist,8163.42,1.0,8163.42,Low Activity
3662,61,2.0,22234.03,4,3,3,4,Loyal Customers,22234.03,2.0,11117.015,Low Activity
3664,44,2.0,8744.25,4,3,1,3,Potential Loyalist,8744.25,2.0,4372.125,Low Activity
3665,182,1.0,20865.26,2,3,3,1,Hibernating,20865.26,1.0,20865.26,Low Activity
3666,57,1.0,7168.18,4,3,1,3,Potential Loyalist,7168.18,1.0,7168.18,Low Activity
3667,37,3.0,17465.75,4,3,2,4,Loyal Customers,17465.75,3.0,5821.916666666667,Regular
3668,55,4.0,58811.18,4,3,5,0,Champions,58811.18,4.0,14702.795,High Value
3669,169,3.0,51441.9,2,3,5,2,At Risk - High Value,51441.9,3.0,17147.3,High Value
3670,180,1.0,25240.97,2,3,3,1,Hibernating,25240.97,1.0,25240.97,Low Activity
3671,3,1.0,17020.78,5,3,2,3,Potential Loyalist,17020.78,1.0,17020.78,Low Activity
3672,277,1.0,7857.69,1,3,1,1,Hibernating,7857.69,1.0,7857.69,Low Activity
3673,15,2.0,17255.22,5,3,2,4,Loyal Customers,17255.22,2.0,8627.61,Low Activity
3674,63,2.0,16508.629999999997,4,3,2,4,Loyal Customers,16508.629999999997,2.0,8254.314999999999,Low Activity
3675,108,1.0,4203.63,3,3,1,3,Potential Loyalist,4203.63,1.0,4203.63,Low Activity
3676,45,1.0,4261.99,4,3,1,3,Potential Loyalist,4261.99,1.0,4261.99,Low Activity
3677,85,3.0,39715.37,3,3,5,2,At Risk - High Value,39715.37,3.0,13238.456666666669,Regular
3679,19,2.0,25364.05,5,3,3,4,Loyal Customers,25364.05,2.0,12682.025,Low Activity
3680,274,2.0,13340.55,1,3,2,1,Hibernating,13340.55,2.0,6670.275,Low Activity
3682,22,3.0,38874.26,5,3,5,4,Loyal Customers,38874.26,3.0,12958.086666666668,Regular
3683,258,2.0,15648.22,1,3,2,2,At Risk - High Value,15648.22,2.0,7824.11,Low Activity
3684,237,1.0,7278.51,1,3,1,1,Hibernating,7278.51,1.0,7278.51,Low Activity
3685,26,3.0,31791.48,5,3,4,4,Loyal Customers,31791.48,3.0,10597.16,Regular
3686,255,1.0,10960.88,1,3,1,1,Hibernating,10960.88,1.0,10960.88,Low Activity
3687,80,3.0,22419.87,3,3,3,2,At Risk - High Value,22419.87,3.0,7473.29,Regular
3688,26,3.0,25014.300000000003,5,3,3,4,Loyal Customers,25014.300000000003,3.0,8338.1,Regular
3690,164,3.0,25889.76,2,3,3,2,At Risk - High Value,25889.76,3.0,8629.92,Regular
3691,20,2.0,26571.03,5,3,3,4,Loyal Customers,26571.03,2.0,13285.515,Low Activity
3692,297,1.0,4506.77,1,3,1,1,Hibernating,4506.77,1.0,4506.77,Low Activity
3693,7,3.0,52120.03,5,3,5,0,Champions,52120.03,3.0,17373.343333333334,High Value
3694,136,5.0,57733.7,2,3,5,0,Champions,57733.7,5.0,11546.74,High Value
3695,69,4.0,48150.600000000006,3,3,5,0,Champions,48150.600000000006,4.0,12037.65,High Value
3696,198,2.0,26900.51,2,3,4,2,At Risk - High Value,26900.51,2.0,13450.255,Low Activity
3698,143,3.0,40658.8,2,3,5,2,At Risk - High Value,40658.8,3.0,13552.933333333334,Regular
3699,116,2.0,22292.44,3,3,3,2,At Risk - High Value,22292.44,2.0,11146.22,Low Activity
3700,258,1.0,11000.57,1,3,1,1,Hibernating,11000.57,1.0,11000.57,Low Activity
3702,201,2.0,32459.79,2,3,4,2,At Risk - High Value,32459.79,2.0,16229.895,Low Activity
3703,27,2.0,17334.47,5,3,2,4,Loyal Customers,17334.47,2.0,8667.235,Low Activity
3704,101,2.0,19204.92,3,3,3,2,At Risk - High Value,19204.92,2.0,9602.46,Low Activity
3705,96,1.0,12434.23,3,3,2,3,Potential Loyalist,12434.23,1.0,12434.23,Low Activity
3706,220,2.0,13703.62,1,3,2,1,Hibernating,13703.62,2.0,6851.81,Low Activity
3708,57,2.0,11982.18,4,3,2,3,Potential Loyalist,11982.18,2.0,5991.09,Low Activity
3709,281,1.0,14407.11,1,3,2,1,Hibernating,14407.11,1.0,14407.11,Low Activity
3710,87,1.0,7676.91,3,3,1,3,Potential Loyalist,7676.91,1.0,7676.91,Low Activity
3711,86,3.0,31260.01,3,3,4,2,At Risk - High Value,31260.01,3.0,10420.003333333332,Regular
3712,91,1.0,14189.83,3,3,2,3,Potential Loyalist,14189.83,1.0,14189.83,Low Activity
3713,28,3.0,23815.21,4,3,3,4,Loyal Customers,23815.21,3.0,7938.403333333333,Regular
3714,29,3.0,29149.66,4,3,4,4,Loyal Customers,29149.66,3.0,9716.553333333331,Regular
3715,345,1.0,15600.2,1,3,2,1,Hibernating,15600.2,1.0,15600.2,Low Activity
3716,140,3.0,42450.63,2,3,5,2,At Risk - High Value,42450.63,3.0,14150.21,Regular
3717,80,3.0,37066.83,3,3,4,2,At Risk - High Value,37066.83,3.0,12355.61,Regular
3718,96,2.0,29221.81,3,3,4,2,At Risk - High Value,29221.81,2.0,14610.905,Low Activity
3720,52,1.0,14910.07,4,3,2,3,Potential Loyalist,14910.07,1.0,14910.07,Low Activity
3721,202,2.0,11682.04,1,3,2,1,Hibernating,11682.04,2.0,5841.02,Low Activity
3722,93,2.0,18507.22,3,3,3,2,At Risk - High Value,18507.22,2.0,9253.61,Low Activity
3723,300,1.0,14037.73,1,3,2,1,Hibernating,14037.73,1.0,14037.73,Low Activity
3725,319,1.0,9571.08,1,3,1,1,Hibernating,9571.08,1.0,9571.08,Low Activity
3726,62,1.0,3499.25,4,3,1,3,Potential Loyalist,3499.25,1.0,3499.25,Low Activity
3727,33,2.0,26128.08,4,3,3,4,Loyal Customers,26128.08,2.0,13064.04,Low Activity
3728,45,1.0,18108.1,4,3,2,3,Potential Loyalist,18108.1,1.0,18108.1,Low Activity
3729,86,4.0,49608.73,3,3,5,0,Champions,49608.73,4.0,12402.1825,High Value
3730,87,1.0,9996.39,3,3,1,3,Potential Loyalist,9996.39,1.0,9996.39,Low Activity
3731,6,3.0,35583.22,5,3,4,4,Loyal Customers,35583.22,3.0,11861.073333333334,Regular
3732,74,5.0,52128.3,3,3,5,0,Champions,52128.3,5.0,10425.66,High Value
3734,289,1.0,12488.95,1,3,2,1,Hibernating,12488.95,1.0,12488.95,Low Activity
3735,188,2.0,20902.550000000003,2,3,3,2,At Risk - High Value,20902.550000000003,2.0,10451.275,Low Activity
3736,53,1.0,12392.32,4,3,2,3,Potential Loyalist,12392.32,1.0,12392.32,Low Activity
3737,38,2.0,21715.96,4,3,3,4,Loyal Customers,21715.96,2.0,10857.98,Low Activity
3738,130,1.0,15656.81,2,3,2,1,Hibernating,15656.81,1.0,15656.81,Low Activity
3739,142,1.0,8438.36,2,3,1,1,Hibernating,8438.36,1.0,8438.36,Low Activity
3740,36,1.0,9829.62,4,3,1,3,Potential Loyalist,9829.62,1.0,9829.62,Low Activity
3742,91,2.0,16944.1,3,3,2,2,At Risk - High Value,16944.1,2.0,8472.05,Low Activity
3744,30,3.0,29208.35,4,3,4,4,Loyal Customers,29208.35,3.0,9736.116666666669,Regular
3745,3,2.0,17014.25,5,3,2,4,Loyal Customers,17014.25,2.0,8507.125,Low Activity
3747,206,1.0,19577.86,1,3,3,1,Hibernating,19577.86,1.0,19577.86,Low Activity
3748,18,1.0,10731.84,5,3,1,3,Potential Loyalist,10731.84,1.0,10731.84,Low Activity
3749,135,2.0,16932.739999999998,2,3,2,2,At Risk - High Value,16932.739999999998,2.0,8466.369999999999,Low Activity
3750,44,2.0,23594.92,4,3,3,4,Loyal Customers,23594.92,2.0,11797.46,Low Activity
3751,109,2.0,11773.9,3,3,2,3,Potential Loyalist,11773.9,2.0,5886.950000000001,Low Activity
3752,4,4.0,57917.85,5,3,5,0,Champions,57917.85,4.0,14479.4625,High Value
3753,13,3.0,35913.36,5,3,4,4,Loyal Customers,35913.36,3.0,11971.12,Regular
3755,25,1.0,5599.34,5,3,1,3,Potential Loyalist,5599.34,1.0,5599.34,Low Activity
3756,148,2.0,25693.91,2,3,3,2,At Risk - High Value,25693.91,2.0,12846.955,Low Activity
3757,24,4.0,46910.97,5,3,5,0,Champions,46910.97,4.0,11727.7425,High Value
3758,214,1.0,16649.97,1,3,2,1,Hibernating,16649.97,1.0,16649.97,Low Activity
3759,181,3.0,44813.76,2,3,5,2,At Risk - High Value,44813.76,3.0,14937.92,Regular
3760,184,1.0,7769.03,2,3,1,1,Hibernating,7769.03,1.0,7769.03,Low Activity
3761,248,2.0,9308.56,1,3,1,1,Hibernating,9308.56,2.0,4654.28,Low Activity
3762,182,1.0,23551.16,2,3,3,1,Hibernating,23551.16,1.0,23551.16,Low Activity
3763,34,2.0,18121.16,4,3,2,4,Loyal Customers,18121.16,2.0,9060.58,Low Activity
3764,264,2.0,20726.22,1,3,3,2,At Risk - High Value,20726.22,2.0,10363.11,Low Activity
3765,118,3.0,23246.15,3,3,3,2,At Risk - High Value,23246.15,3.0,7748.716666666666,Regular
3766,192,1.0,8865.69,2,3,1,1,Hibernating,8865.69,1.0,8865.69,Low Activity
3767,21,1.0,9466.56,5,3,1,3,Potential Loyalist,9466.56,1.0,9466.56,Low Activity
3768,106,1.0,17984.88,3,3,2,3,Potential Loyalist,17984.88,1.0,17984.88,Low Activity
3769,177,2.0,25089.52,2,3,3,2,At Risk - High Value,25089.52,2.0,12544.76,Low Activity
3770,48,2.0,18745.27,4,3,3,4,Loyal Customers,18745.27,2.0,9372.635,Low Activity
3772,74,3.0,32962.0,3,3,4,2,At Risk - High Value,32962.0,3.0,10987.333333333334,Regular
3773,213,2.0,26001.5,1,3,3,2,At Risk - High Value,26001.5,2.0,13000.75,Low Activity
3774,140,2.0,20409.120000000003,2,3,3,2,At Risk - High Value,20409.120000000003,2.0,10204.56,Low Activity
3775,289,1.0,6763.52,1,3,1,1,Hibernating,6763.52,1.0,6763.52,Low Activity
3778,112,1.0,17652.55,3,3,2,3,Potential Loyalist,17652.55,1.0,17652.55,Low Activity
3779,47,2.0,33445.29,4,3,4,4,Loyal Customers,33445.29,2.0,16722.645,Low Activity
3780,42,3.0,10884.94,4,3,1,4,Loyal Customers,10884.94,3.0,3628.3133333333335,Regular
3781,116,1.0,12852.6,3,3,2,3,Potential Loyalist,12852.6,1.0,12852.6,Low Activity
3782,59,1.0,16505.97,4,3,2,3,Potential Loyalist,16505.97,1.0,16505.97,Low Activity
3783,111,1.0,13636.61,3,3,2,3,Potential Loyalist,13636.61,1.0,13636.61,Low Activity
3785,270,3.0,23336.72,1,3,3,2,At Risk - High Value,23336.72,3.0,7778.906666666667,Regular
3787,46,3.0,34322.41,4,3,4,4,Loyal Customers,34322.41,3.0,11440.803333333335,Regular
3788,97,5.0,45256.65,3,3,5,0,Champions,45256.65,5.0,9051.33,Regular
3790,322,2.0,24118.2,1,3,3,2,At Risk - High Value,24118.2,2.0,12059.1,Low Activity
3791,214,2.0,22032.120000000003,1,3,3,2,At Risk - High Value,22032.120000000003,2.0,11016.06,Low Activity
3792,103,2.0,32364.17,3,3,4,2,At Risk - High Value,32364.17,2.0,16182.085,Low Activity
3793,83,3.0,23683.45,3,3,3,2,At Risk - High Value,23683.45,3.0,7894.483333333333,Regular
3794,102,3.0,56976.93,3,3,5,0,Champions,56976.93,3.0,18992.31,High Value
3795,26,3.0,29211.590000000004,5,3,4,4,Loyal Customers,29211.590000000004,3.0,9737.196666666669,Regular
3796,10,4.0,51263.08,5,3,5,0,Champions,51263.08,4.0,12815.77,High Value
3798,21,3.0,52464.81999999999,5,3,5,0,Champions,52464.81999999999,3.0,17488.27333333333,High Value
3799,193,1.0,3135.1,2,3,1,1,Hibernating,3135.1,1.0,3135.1,Low Activity
3800,25,2.0,18997.94,5,3,3,4,Loyal Customers,18997.94,2.0,9498.97,Low Activity
3801,70,1.0,17318.98,3,3,2,3,Potential Loyalist,17318.98,1.0,17318.98,Low Activity
3802,125,2.0,20609.43,3,3,3,2,At Risk - High Value,20609.43,2.0,10304.715,Low Activity
3803,69,2.0,28225.25,3,3,4,2,At Risk - High Value,28225.25,2.0,14112.625,Low Activity
3804,186,3.0,34333.34,2,3,4,2,At Risk - High Value,34333.34,3.0,11444.446666666665,Regular
3805,188,3.0,34216.96,2,3,4,2,At Risk - High Value,34216.96,3.0,11405.653333333334,Regular
3806,90,2.0,21319.86,3,3,3,2,At Risk - High Value,21319.86,2.0,10659.93,Low Activity
3807,39,2.0,39014.28,4,3,5,4,Loyal Customers,39014.28,2.0,19507.14,Low Activity
3808,88,2.0,18504.44,3,3,3,2,At Risk - High Value,18504.44,2.0,9252.22,Low Activity
3809,315,1.0,3186.62,1,3,1,1,Hibernating,3186.62,1.0,3186.62,Low Activity
3810,124,1.0,13096.05,3,3,2,3,Potential Loyalist,13096.05,1.0,13096.05,Low Activity
3811,318,1.0,15466.74,1,3,2,1,Hibernating,15466.74,1.0,15466.74,Low Activity
3812,104,3.0,53197.27,3,3,5,0,Champions,53197.27,3.0,17732.423333333332,High Value
3813,25,3.0,21082.62,5,3,3,4,Loyal Customers,21082.62,3.0,7027.54,Regular
3814,30,3.0,27442.5,4,3,4,4,Loyal Customers,27442.5,3.0,9147.5,Regular
3815,208,1.0,7044.44,1,3,1,1,Hibernating,7044.44,1.0,7044.44,Low Activity
3816,251,3.0,23038.25,1,3,3,2,At Risk - High Value,23038.25,3.0,7679.416666666667,Regular
3818,263,2.0,28216.95,1,3,4,2,At Risk - High Value,28216.95,2.0,14108.475,Low Activity
3819,140,1.0,29258.83,2,3,4,2,At Risk - High Value,29258.83,1.0,29258.83,Low Activity
3821,53,2.0,20320.33,4,3,3,4,Loyal Customers,20320.33,2.0,10160.165,Low Activity
3822,60,2.0,33138.22,4,3,4,4,Loyal Customers,33138.22,2.0,16569.11,Low Activity
3823,33,2.0,19974.9,4,3,3,4,Loyal Customers,19974.9,2.0,9987.45,Low Activity
3824,277,1.0,13325.8,1,3,2,1,Hibernating,13325.8,1.0,13325.8,Low Activity
3825,315,1.0,7059.23,1,3,1,1,Hibernating,7059.23,1.0,7059.23,Low Activity
3826,134,3.0,34857.87,2,3,4,2,At Risk - High Value,34857.87,3.0,11619.29,Regular
3827,33,1.0,11854.01,4,3,2,3,Potential Loyalist,11854.01,1.0,11854.01,Low Activity
3828,131,2.0,29539.58,2,3,4,2,At Risk - High Value,29539.58,2.0,14769.79,Low Activity
3829,19,3.0,34704.03,5,3,4,4,Loyal Customers,34704.03,3.0,11568.01,Regular
3830,315,1.0,20557.21,1,3,3,1,Hibernating,20557.21,1.0,20557.21,Low Activity
3831,146,4.0,63184.17,2,3,5,0,Champions,63184.17,4.0,15796.0425,High Value
3832,88,3.0,37601.98,3,3,4,2,At Risk - High Value,37601.98,3.0,12533.993333333332,Regular
3833,3,6.0,50873.18,5,3,5,0,Champions,50873.18,6.0,8478.863333333333,High Value
3834,299,2.0,27421.46,1,3,4,2,At Risk - High Value,27421.46,2.0,13710.73,Low Activity
3835,328,1.0,9152.52,1,3,1,1,Hibernating,9152.52,1.0,9152.52,Low Activity
3837,29,5.0,55193.73,4,3,5,0,Champions,55193.73,5.0,11038.746,High Value
3838,216,2.0,25241.87,1,3,3,2,At Risk - High Value,25241.87,2.0,12620.935,Low Activity
3839,74,2.0,32644.59,3,3,4,2,At Risk - High Value,32644.59,2.0,16322.295,Low Activity
3840,36,2.0,11322.6,4,3,1,3,Potential Loyalist,11322.6,2.0,5661.3,Low Activity
3841,137,1.0,14894.27,2,3,2,1,Hibernating,14894.27,1.0,14894.27,Low Activity
3842,1,3.0,21555.99,5,3,3,4,Loyal Customers,21555.99,3.0,7185.330000000001,Regular
3844,151,1.0,4783.14,2,3,1,1,Hibernating,4783.14,1.0,4783.14,Low Activity
3846,19,2.0,17579.15,5,3,2,4,Loyal Customers,17579.15,2.0,8789.575,Low Activity
3848,49,3.0,39147.39,4,3,5,0,Champions,39147.39,3.0,13049.13,Regular
3849,79,1.0,4216.91,3,3,1,3,Potential Loyalist,4216.91,1.0,4216.91,Low Activity
3850,72,4.0,27280.97,3,3,4,0,Champions,27280.97,4.0,6820.2425,Regular
3851,152,2.0,12343.52,2,3,2,2,At Risk - High Value,12343.52,2.0,6171.76,Low Activity
3852,6,3.0,23093.92,5,3,3,4,Loyal Customers,23093.92,3.0,7697.973333333332,Regular
3853,144,4.0,54066.11,2,3,5,0,Champions,54066.11,4.0,13516.5275,High Value
3854,314,1.0,3943.13,1,3,1,1,Hibernating,3943.13,1.0,3943.13,Low Activity
3855,44,5.0,63105.380000000005,4,3,5,0,Champions,63105.380000000005,5.0,12621.076,High Value
3856,15,5.0,61418.4,5,3,5,0,Champions,61418.4,5.0,12283.68,High Value
3857,162,1.0,13098.77,2,3,2,1,Hibernating,13098.77,1.0,13098.77,Low Activity
3858,122,4.0,69022.84000000001,3,3,5,0,Champions,69022.84000000001,4.0,17255.710000000003,High Value
3859,10,5.0,55966.48,5,3,5,0,Champions,55966.48,5.0,11193.296,High Value
3860,3,2.0,24876.84,5,3,3,4,Loyal Customers,24876.84,2.0,12438.42,Low Activity
3861,218,1.0,7754.52,1,3,1,1,Hibernating,7754.52,1.0,7754.52,Low Activity
3863,13,2.0,28299.64,5,3,4,4,Loyal Customers,28299.64,2.0,14149.82,Low Activity
3865,90,3.0,21587.94,3,3,3,2,At Risk - High Value,21587.94,3.0,7195.98,Regular
3866,99,3.0,58689.87,3,3,5,0,Champions,58689.87,3.0,19563.29,High Value
3867,329,1.0,8579.12,1,3,1,1,Hibernating,8579.12,1.0,8579.12,Low Activity
3868,61,2.0,14418.16,4,3,2,4,Loyal Customers,14418.16,2.0,7209.08,Low Activity
3869,207,1.0,9007.23,1,3,1,1,Hibernating,9007.23,1.0,9007.23,Low Activity
3870,45,2.0,26892.6,4,3,4,4,Loyal Customers,26892.6,2.0,13446.3,Low Activity
3871,227,2.0,12330.35,1,3,2,1,Hibernating,12330.35,2.0,6165.175,Low Activity
3872,194,1.0,7958.57,2,3,1,1,Hibernating,7958.57,1.0,7958.57,Low Activity
3873,173,2.0,13867.39,2,3,2,2,At Risk - High Value,13867.39,2.0,6933.695,Low Activity
3874,107,4.0,37844.4,3,3,4,0,Champions,37844.4,4.0,9461.1,Regular
3875,65,2.0,19936.33,4,3,3,4,Loyal Customers,19936.33,2.0,9968.165,Low Activity
3876,197,1.0,5557.32,2,3,1,1,Hibernating,5557.32,1.0,5557.32,Low Activity
3878,3,4.0,41830.53,5,3,5,0,Champions,41830.53,4.0,10457.6325,Regular
3879,7,1.0,6126.41,5,3,1,3,Potential Loyalist,6126.41,1.0,6126.41,Low Activity
3881,144,4.0,45455.25,2,3,5,2,At Risk - High Value,45455.25,4.0,11363.8125,Regular
3882,158,3.0,39958.91,2,3,5,2,At Risk - High Value,39958.91,3.0,13319.636666666667,Regular
3883,79,2.0,18223.45,3,3,2,2,At Risk - High Value,18223.45,2.0,9111.725,Low Activity
3884,146,2.0,12595.39,2,3,2,2,At Risk - High Value,12595.39,2.0,6297.695,Low Activity
3885,10,2.0,18352.31,5,3,2,4,Loyal Customers,18352.31,2.0,9176.155,Low Activity
3886,242,4.0,44916.68,1,3,5,2,At Risk - High Value,44916.68,4.0,11229.17,Regular
3887,345,1.0,14690.92,1,3,2,1,Hibernating,14690.92,1.0,14690.92,Low Activity
3888,160,2.0,20136.74,2,3,3,2,At Risk - High Value,20136.74,2.0,10068.37,Low Activity
3889,141,1.0,19637.36,2,3,3,1,Hibernating,19637.36,1.0,19637.36,Low Activity
3890,9,1.0,12704.53,5,3,2,3,Potential Loyalist,12704.53,1.0,12704.53,Low Activity
3891,114,2.0,19979.46,3,3,3,2,At Risk - High Value,19979.46,2.0,9989.73,Low Activity
3892,74,2.0,23800.67,3,3,3,2,At Risk - High Value,23800.67,2.0,11900.335,Low Activity
3893,76,5.0,43706.4,3,3,5,0,Champions,43706.4,5.0,8741.28,Regular
3894,43,3.0,45850.97,4,3,5,0,Champions,45850.97,3.0,15283.656666666668,Regular
3895,305,1.0,12027.97,1,3,2,1,Hibernating,12027.97,1.0,12027.97,Low Activity
3896,4,2.0,21567.48,5,3,3,4,Loyal Customers,21567.48,2.0,10783.74,Low Activity
3897,333,1.0,4461.33,1,3,1,1,Hibernating,4461.33,1.0,4461.33,Low Activity
3898,165,2.0,10183.68,2,3,1,1,Hibernating,10183.68,2.0,5091.84,Low Activity
3899,299,1.0,5815.75,1,3,1,1,Hibernating,5815.75,1.0,5815.75,Low Activity
3900,273,1.0,9022.69,1,3,1,1,Hibernating,9022.69,1.0,9022.69,Low Activity
3901,27,2.0,18684.58,5,3,3,4,Loyal Customers,18684.58,2.0,9342.29,Low Activity
3902,57,5.0,77353.08,4,3,5,0,Champions,77353.08,5.0,15470.616,High Value
3903,189,3.0,24083.04,2,3,3,2,At Risk - High Value,24083.04,3.0,8027.68,Regular
3904,70,1.0,9157.82,3,3,1,3,Potential Loyalist,9157.82,1.0,9157.82,Low Activity
3905,80,3.0,30042.97,3,3,4,2,At Risk - High Value,30042.97,3.0,10014.323333333334,Regular
3906,24,1.0,14244.27,5,3,2,3,Potential Loyalist,14244.27,1.0,14244.27,Low Activity
3907,29,3.0,18770.28,4,3,3,4,Loyal Customers,18770.28,3.0,6256.760000000001,Regular
3908,340,1.0,11002.12,1,3,1,1,Hibernating,11002.12,1.0,11002.12,Low Activity
3909,344,1.0,12277.78,1,3,2,1,Hibernating,12277.78,1.0,12277.78,Low Activity
3910,6,3.0,41338.15,5,3,5,4,Loyal Customers,41338.15,3.0,13779.383333333331,Regular
3911,131,2.0,22181.03,2,3,3,2,At Risk - High Value,22181.03,2.0,11090.515,Low Activity
3912,71,4.0,48826.91,3,3,5,0,Champions,48826.91,4.0,12206.7275,High Value
3913,65,3.0,27707.61,4,3,4,4,Loyal Customers,27707.61,3.0,9235.87,Regular
3914,157,1.0,12779.98,2,3,2,1,Hibernating,12779.98,1.0,12779.98,Low Activity
3915,59,3.0,30921.56,4,3,4,4,Loyal Customers,30921.56,3.0,10307.186666666666,Regular
3916,162,3.0,38759.57,2,3,5,2,At Risk - High Value,38759.57,3.0,12919.856666666668,Regular
3917,167,2.0,21958.87,2,3,3,2,At Risk - High Value,21958.87,2.0,10979.435,Low Activity
3918,206,1.0,7035.09,1,3,1,1,Hibernating,7035.09,1.0,7035.09,Low Activity
3920,3,2.0,23011.56,5,3,3,4,Loyal Customers,23011.56,2.0,11505.78,Low Activity
3921,69,2.0,8071.95,3,3,1,3,Potential Loyalist,8071.95,2.0,4035.975,Low Activity
3923,0,2.0,33853.53,5,3,4,4,Loyal Customers,33853.53,2.0,16926.765,Low Activity
3924,13,1.0,8924.8,5,3,1,3,Potential Loyalist,8924.8,1.0,8924.8,Low Activity
3925,254,1.0,5865.82,1,3,1,1,Hibernating,5865.82,1.0,5865.82,Low Activity
3926,9,4.0,43747.39,5,3,5,0,Champions,43747.39,4.0,10936.8475,Regular
3927,175,1.0,3179.46,2,3,1,1,Hibernating,3179.46,1.0,3179.46,Low Activity
3928,167,1.0,4563.14,2,3,1,1,Hibernating,4563.14,1.0,4563.14,Low Activity
3929,237,1.0,7037.87,1,3,1,1,Hibernating,7037.87,1.0,7037.87,Low Activity
3930,22,2.0,27326.91,5,3,4,4,Loyal Customers,27326.91,2.0,13663.455,Low Activity
3931,47,3.0,32397.74,4,3,4,4,Loyal Customers,32397.74,3.0,10799.246666666666,Regular
3932,241,2.0,17298.21,1,3,2,2,At Risk - High Value,17298.21,2.0,8649.105,Low Activity
3933,158,2.0,10866.07,2,3,1,1,Hibernating,10866.07,2.0,5433.035,Low Activity
3934,310,3.0,29842.550000000003,1,3,4,2,At Risk - High Value,29842.550000000003,3.0,9947.516666666668,Regular
3935,94,4.0,42622.52,3,3,5,0,Champions,42622.52,4.0,10655.63,Regular
3936,36,2.0,22888.29,4,3,3,4,Loyal Customers,22888.29,2.0,11444.145,Low Activity
3937,164,2.0,25533.370000000003,2,3,3,2,At Risk - High Value,25533.370000000003,2.0,12766.685,Low Activity
3938,153,1.0,8257.91,2,3,1,1,Hibernating,8257.91,1.0,8257.91,Low Activity
3939,32,5.0,56419.16,4,3,5,0,Champions,56419.16,5.0,11283.832,High Value
3940,150,2.0,31447.82,2,3,4,2,At Risk - High Value,31447.82,2.0,15723.91,Low Activity
3941,57,2.0,16425.68,4,3,2,4,Loyal Customers,16425.68,2.0,8212.84,Low Activity
3944,97,3.0,26241.07,3,3,3,2,At Risk - High Value,26241.07,3.0,8747.023333333333,Regular
3945,153,4.0,23587.17,2,3,3,2,At Risk - High Value,23587.17,4.0,5896.7925,Regular
3946,23,3.0,29778.67,5,3,4,4,Loyal Customers,29778.67,3.0,9926.223333333332,Regular
3948,16,5.0,64732.01,5,3,5,0,Champions,64732.01,5.0,12946.401999999998,High Value
3949,47,1.0,21064.61,4,3,3,3,Potential Loyalist,21064.61,1.0,21064.61,Low Activity
3950,101,1.0,6025.96,3,3,1,3,Potential Loyalist,6025.96,1.0,6025.96,Low Activity
3951,90,3.0,40735.84,3,3,5,2,At Risk - High Value,40735.84,3.0,13578.613333333333,Regular
3952,154,4.0,47032.78,2,3,5,0,Champions,47032.78,4.0,11758.195,High Value
3953,22,4.0,37041.84,5,3,4,0,Champions,37041.84,4.0,9260.46,Regular
3954,12,4.0,66822.06,5,3,5,0,Champions,66822.06,4.0,16705.515,High Value
3955,149,2.0,21541.96,2,3,3,2,At Risk - High Value,21541.96,2.0,10770.98,Low Activity
3957,60,2.0,9192.64,4,3,1,3,Potential Loyalist,9192.64,2.0,4596.32,Low Activity
3958,234,3.0,39138.31,1,3,5,2,At Risk - High Value,39138.31,3.0,13046.103333333333,Regular
3959,59,3.0,20274.4,4,3,3,4,Loyal Customers,20274.4,3.0,6758.133333333334,Regular
3960,174,1.0,12188.43,2,3,2,1,Hibernating,12188.43,1.0,12188.43,Low Activity
3961,80,3.0,20774.1,3,3,3,2,At Risk - High Value,20774.1,3.0,6924.7,Regular
3962,39,3.0,32243.9,4,3,4,4,Loyal Customers,32243.9,3.0,10747.966666666664,Regular
3963,316,1.0,7688.02,1,3,1,1,Hibernating,7688.02,1.0,7688.02,Low Activity
3964,67,2.0,43369.76,4,3,5,4,Loyal Customers,43369.76,2.0,21684.88,Low Activity
3966,15,4.0,32374.840000000004,5,3,4,0,Champions,32374.840000000004,4.0,8093.710000000001,Regular
3967,185,1.0,6375.65,2,3,1,1,Hibernating,6375.65,1.0,6375.65,Low Activity
3968,33,1.0,19649.63,4,3,3,3,Potential Loyalist,19649.63,1.0,19649.63,Low Activity
3969,39,2.0,15847.36,4,3,2,4,Loyal Customers,15847.36,2.0,7923.68,Low Activity
3970,83,2.0,15025.06,3,3,2,2,At Risk - High Value,15025.06,2.0,7512.530000000001,Low Activity
3971,82,3.0,36376.97,3,3,4,2,At Risk - High Value,36376.97,3.0,12125.656666666668,Regular
3972,52,1.0,10774.1,4,3,1,3,Potential Loyalist,10774.1,1.0,10774.1,Low Activity
3973,38,2.0,15221.56,4,3,2,4,Loyal Customers,15221.56,2.0,7610.780000000001,Low Activity
3974,112,3.0,18920.82,3,3,3,2,At Risk - High Value,18920.82,3.0,6306.94,Regular
3975,2,4.0,49558.58,5,3,5,0,Champions,49558.58,4.0,12389.645,High Value
3976,36,1.0,13008.09,4,3,2,3,Potential Loyalist,13008.09,1.0,13008.09,Low Activity
3977,171,3.0,48943.64,2,3,5,2,At Risk - High Value,48943.64,3.0,16314.546666666669,High Value
3978,251,2.0,21211.3,1,3,3,2,At Risk - High Value,21211.3,2.0,10605.65,Low Activity
3980,142,2.0,19819.31,2,3,3,2,At Risk - High Value,19819.31,2.0,9909.655,Low Activity
3981,121,1.0,6540.04,3,3,1,3,Potential Loyalist,6540.04,1.0,6540.04,Low Activity
3982,239,1.0,16281.45,1,3,2,1,Hibernating,16281.45,1.0,16281.45,Low Activity
3983,108,2.0,25657.6,3,3,3,2,At Risk - High Value,25657.6,2.0,12828.8,Low Activity
3984,23,1.0,15244.33,5,3,2,3,Potential Loyalist,15244.33,1.0,15244.33,Low Activity
3986,231,1.0,6665.25,1,3,1,1,Hibernating,6665.25,1.0,6665.25,Low Activity
3987,179,1.0,10867.42,2,3,1,1,Hibernating,10867.42,1.0,10867.42,Low Activity
3988,18,3.0,15911.23,5,3,2,4,Loyal Customers,15911.23,3.0,5303.743333333333,Regular
3990,53,3.0,40898.52,4,3,5,0,Champions,40898.52,3.0,13632.839999999998,Regular
3991,222,1.0,12980.04,1,3,2,1,Hibernating,12980.04,1.0,12980.04,Low Activity
3992,30,2.0,15316.22,4,3,2,4,Loyal Customers,15316.22,2.0,7658.110000000001,Low Activity
3993,226,2.0,30022.52,1,3,4,2,At Risk - High Value,30022.52,2.0,15011.26,Low Activity
3994,8,3.0,43154.84,5,3,5,4,Loyal Customers,43154.84,3.0,14384.946666666665,Regular
3995,81,3.0,28005.17,3,3,4,2,At Risk - High Value,28005.17,3.0,9335.056666666667,Regular
3996,235,1.0,12341.88,1,3,2,1,Hibernating,12341.88,1.0,12341.88,Low Activity
3997,104,1.0,8379.54,3,3,1,3,Potential Loyalist,8379.54,1.0,8379.54,Low Activity
3998,187,2.0,33339.65,2,3,4,2,At Risk - High Value,33339.65,2.0,16669.825,Low Activity
3999,204,2.0,19334.96,1,3,3,2,At Risk - High Value,19334.96,2.0,9667.48,Low Activity
4000,108,2.0,32800.08,3,3,4,2,At Risk - High Value,32800.08,2.0,16400.04,Low Activity
4001,102,3.0,33882.05,3,3,4,2,At Risk - High Value,33882.05,3.0,11294.016666666668,Regular
4002,28,2.0,37165.77,4,3,4,4,Loyal Customers,37165.77,2.0,18582.885,Low Activity
4004,294,1.0,10511.12,1,3,1,1,Hibernating,10511.12,1.0,10511.12,Low Activity
4006,73,1.0,22738.98,3,3,3,3,Potential Loyalist,22738.98,1.0,22738.98,Low Activity
4007,215,1.0,9783.69,1,3,1,1,Hibernating,9783.69,1.0,9783.69,Low Activity
4008,78,4.0,57817.82,3,3,5,0,Champions,57817.82,4.0,14454.455,High Value
4009,361,1.0,10258.22,1,3,1,1,Hibernating,10258.22,1.0,10258.22,Low Activity
4010,18,2.0,21211.1,5,3,3,4,Loyal Customers,21211.1,2.0,10605.55,Low Activity
4011,192,2.0,31582.31,2,3,4,2,At Risk - High Value,31582.31,2.0,15791.155,Low Activity
4012,90,3.0,28349.120000000003,3,3,4,2,At Risk - High Value,28349.120000000003,3.0,9449.706666666669,Regular
4013,102,1.0,9567.02,3,3,1,3,Potential Loyalist,9567.02,1.0,9567.02,Low Activity
4014,118,2.0,28820.19,3,3,4,2,At Risk - High Value,28820.19,2.0,14410.095,Low Activity
4015,27,3.0,28904.050000000003,5,3,4,4,Loyal Customers,28904.050000000003,3.0,9634.683333333334,Regular
4016,354,1.0,15430.15,1,3,2,1,Hibernating,15430.15,1.0,15430.15,Low Activity
4017,242,2.0,22893.36,1,3,3,2,At Risk - High Value,22893.36,2.0,11446.68,Low Activity
4018,58,2.0,7772.280000000001,4,3,1,3,Potential Loyalist,7772.280000000001,2.0,3886.14,Low Activity
4019,14,4.0,65994.14,5,3,5,0,Champions,65994.14,4.0,16498.535,High Value
4020,26,3.0,32946.4,5,3,4,4,Loyal Customers,32946.4,3.0,10982.133333333331,Regular
4021,128,3.0,20818.75,3,3,3,2,At Risk - High Value,20818.75,3.0,6939.583333333333,Regular
4022,95,2.0,29941.07,3,3,4,2,At Risk - High Value,29941.07,2.0,14970.535,Low Activity
4023,330,1.0,17378.95,1,3,2,1,Hibernating,17378.95,1.0,17378.95,Low Activity
4024,43,2.0,14429.92,4,3,2,4,Loyal Customers,14429.92,2.0,7214.96,Low Activity
4025,36,2.0,26903.94,4,3,4,4,Loyal Customers,26903.94,2.0,13451.97,Low Activity
4026,104,1.0,16169.13,3,3,2,3,Potential Loyalist,16169.13,1.0,16169.13,Low Activity
4027,188,3.0,44604.6,2,3,5,2,At Risk - High Value,44604.6,3.0,14868.2,Regular
4028,201,2.0,35164.24,2,3,4,2,At Risk - High Value,35164.24,2.0,17582.12,Low Activity
4030,32,1.0,18737.37,4,3,3,3,Potential Loyalist,18737.37,1.0,18737.37,Low Activity
4031,93,1.0,6366.45,3,3,1,3,Potential Loyalist,6366.45,1.0,6366.45,Low Activity
4032,34,3.0,34113.18,4,3,4,4,Loyal Customers,34113.18,3.0,11371.06,Regular
4033,145,3.0,22147.13,2,3,3,2,At Risk - High Value,22147.13,3.0,7382.376666666666,Regular
4034,10,3.0,26333.7,5,3,3,4,Loyal Customers,26333.7,3.0,8777.9,Regular
4035,202,1.0,9700.17,1,3,1,1,Hibernating,9700.17,1.0,9700.17,Low Activity
4036,56,1.0,4735.48,4,3,1,3,Potential Loyalist,4735.48,1.0,4735.48,Low Activity
4037,185,1.0,6885.84,2,3,1,1,Hibernating,6885.84,1.0,6885.84,Low Activity
4038,226,2.0,24515.26,1,3,3,2,At Risk - High Value,24515.26,2.0,12257.63,Low Activity
4039,87,3.0,34225.96,3,3,4,2,At Risk - High Value,34225.96,3.0,11408.653333333334,Regular
4040,2,3.0,44746.86,5,3,5,4,Loyal Customers,44746.86,3.0,14915.62,Regular
4041,280,2.0,17931.34,1,3,2,2,At Risk - High Value,17931.34,2.0,8965.67,Low Activity
4042,11,1.0,12944.13,5,3,2,3,Potential Loyalist,12944.13,1.0,12944.13,Low Activity
4044,74,2.0,28458.13,3,3,4,2,At Risk - High Value,28458.13,2.0,14229.065,Low Activity
4045,16,5.0,49015.26,5,3,5,0,Champions,49015.26,5.0,9803.052,High Value
4046,74,5.0,55285.04,3,3,5,0,Champions,55285.04,5.0,11057.008,High Value
4047,110,1.0,13937.58,3,3,2,3,Potential Loyalist,13937.58,1.0,13937.58,Low Activity
4048,198,1.0,13304.39,2,3,2,1,Hibernating,13304.39,1.0,13304.39,Low Activity
4050,98,3.0,36406.68,3,3,4,2,At Risk - High Value,36406.68,3.0,12135.56,Regular
4051,79,3.0,24061.41,3,3,3,2,At Risk - High Value,24061.41,3.0,8020.47,Regular
4052,352,1.0,6606.08,1,3,1,1,Hibernating,6606.08,1.0,6606.08,Low Activity
4053,24,4.0,50663.63,5,3,5,0,Champions,50663.63,4.0,12665.9075,High Value
4054,240,1.0,17956.34,1,3,2,1,Hibernating,17956.34,1.0,17956.34,Low Activity
4055,170,3.0,37446.63,2,3,4,2,At Risk - High Value,37446.63,3.0,12482.21,Regular
4056,67,2.0,20161.92,4,3,3,4,Loyal Customers,20161.92,2.0,10080.96,Low Activity
4057,79,1.0,17549.5,3,3,2,3,Potential Loyalist,17549.5,1.0,17549.5,Low Activity
4058,127,3.0,22485.24,3,3,3,2,At Risk - High Value,22485.24,3.0,7495.079999999999,Regular
4059,307,1.0,21371.28,1,3,3,1,Hibernating,21371.28,1.0,21371.28,Low Activity
4060,186,4.0,42638.41,2,3,5,2,At Risk - High Value,42638.41,4.0,10659.6025,Regular
4061,288,1.0,18137.67,1,3,2,1,Hibernating,18137.67,1.0,18137.67,Low Activity
4063,122,3.0,30245.25,3,3,4,2,At Risk - High Value,30245.25,3.0,10081.75,Regular
4064,58,3.0,37433.28,4,3,4,4,Loyal Customers,37433.28,3.0,12477.76,Regular
4065,235,1.0,8531.3,1,3,1,1,Hibernating,8531.3,1.0,8531.3,Low Activity
4066,348,1.0,10547.39,1,3,1,1,Hibernating,10547.39,1.0,10547.39,Low Activity
4067,169,2.0,25854.48,2,3,3,2,At Risk - High Value,25854.48,2.0,12927.24,Low Activity
4068,139,2.0,26503.57,2,3,3,2,At Risk - High Value,26503.57,2.0,13251.785,Low Activity
4069,11,5.0,52660.83,5,3,5,0,Champions,52660.83,5.0,10532.166,High Value
4070,271,1.0,10195.69,1,3,1,1,Hibernating,10195.69,1.0,10195.69,Low Activity
4073,56,2.0,23569.410000000003,4,3,3,4,Loyal Customers,23569.410000000003,2.0,11784.705000000002,Low Activity
4074,51,3.0,29489.56,4,3,4,4,Loyal Customers,29489.56,3.0,9829.853333333334,Regular
4075,6,2.0,12577.830000000002,5,3,2,4,Loyal Customers,12577.830000000002,2.0,6288.915000000001,Low Activity
4077,171,2.0,13045.0,2,3,2,2,At Risk - High Value,13045.0,2.0,6522.5,Low Activity
4078,18,2.0,16997.22,5,3,2,4,Loyal Customers,16997.22,2.0,8498.61,Low Activity
4079,43,4.0,38827.18,4,3,5,0,Champions,38827.18,4.0,9706.795,Regular
4080,302,3.0,38032.65,1,3,5,2,At Risk - High Value,38032.65,3.0,12677.55,Regular
4081,3,2.0,24786.76,5,3,3,4,Loyal Customers,24786.76,2.0,12393.38,Low Activity
4082,39,2.0,34363.36,4,3,4,4,Loyal Customers,34363.36,2.0,17181.68,Low Activity
4083,95,3.0,41385.05,3,3,5,0,Champions,41385.05,3.0,13795.016666666668,Regular
4085,14,4.0,44992.87,5,3,5,0,Champions,44992.87,4.0,11248.2175,Regular
4086,216,2.0,20582.07,1,3,3,2,At Risk - High Value,20582.07,2.0,10291.035,Low Activity
4087,242,6.0,52834.99,1,3,5,0,Champions,52834.99,6.0,8805.831666666667,High Value
4089,80,2.0,18926.74,3,3,3,2,At Risk - High Value,18926.74,2.0,9463.37,Low Activity
4090,269,1.0,12696.1,1,3,2,1,Hibernating,12696.1,1.0,12696.1,Low Activity
4091,151,3.0,37234.630000000005,2,3,4,2,At Risk - High Value,37234.630000000005,3.0,12411.543333333337,Regular
4092,241,1.0,9535.0,1,3,1,1,Hibernating,9535.0,1.0,9535.0,Low Activity
4093,12,3.0,33699.09,5,3,4,4,Loyal Customers,33699.09,3.0,11233.03,Regular
4095,287,1.0,12624.99,1,3,2,1,Hibernating,12624.99,1.0,12624.99,Low Activity
4098,28,2.0,21710.4,4,3,3,4,Loyal Customers,21710.4,2.0,10855.2,Low Activity
4099,289,2.0,28488.41,1,3,4,2,At Risk - High Value,28488.41,2.0,14244.205,Low Activity
4101,43,3.0,24133.07,4,3,3,4,Loyal Customers,24133.07,3.0,8044.356666666667,Regular
4102,341,2.0,14508.51,1,3,2,1,Hibernating,14508.51,2.0,7254.255,Low Activity
4103,178,1.0,16791.12,2,3,2,1,Hibernating,16791.12,1.0,16791.12,Low Activity
4104,131,2.0,24608.050000000003,2,3,3,2,At Risk - High Value,24608.050000000003,2.0,12304.025,Low Activity
4105,34,2.0,16565.559999999998,4,3,2,4,Loyal Customers,16565.559999999998,2.0,8282.779999999999,Low Activity
4106,46,2.0,28527.08,4,3,4,4,Loyal Customers,28527.08,2.0,14263.54,Low Activity
4108,67,3.0,34307.35,4,3,4,4,Loyal Customers,34307.35,3.0,11435.783333333333,Regular
4110,45,4.0,57704.58,4,3,5,0,Champions,57704.58,4.0,14426.145,High Value
4111,18,1.0,11872.02,5,3,2,3,Potential Loyalist,11872.02,1.0,11872.02,Low Activity
4112,237,2.0,19727.8,1,3,3,2,At Risk - High Value,19727.8,2.0,9863.9,Low Activity
4114,144,2.0,27260.23,2,3,4,2,At Risk - High Value,27260.23,2.0,13630.115,Low Activity
4115,272,1.0,10065.32,1,3,1,1,Hibernating,10065.32,1.0,10065.32,Low Activity
4116,8,3.0,49433.6,5,3,5,0,Champions,49433.6,3.0,16477.866666666665,High Value
4117,43,2.0,20652.01,4,3,3,4,Loyal Customers,20652.01,2.0,10326.005,Low Activity
4118,329,1.0,11819.57,1,3,2,1,Hibernating,11819.57,1.0,11819.57,Low Activity
4119,84,3.0,32027.75,3,3,4,2,At Risk - High Value,32027.75,3.0,10675.916666666666,Regular
4120,16,2.0,13490.71,5,3,2,4,Loyal Customers,13490.71,2.0,6745.355,Low Activity
4121,248,1.0,9996.67,1,3,1,1,Hibernating,9996.67,1.0,9996.67,Low Activity
4122,104,5.0,62627.85,3,3,5,0,Champions,62627.85,5.0,12525.57,High Value
4124,5,6.0,64451.46000000001,5,3,5,0,Champions,64451.46000000001,6.0,10741.910000000002,High Value
4125,185,3.0,41819.47,2,3,5,2,At Risk - High Value,41819.47,3.0,13939.823333333334,Regular
4126,190,1.0,9899.05,2,3,1,1,Hibernating,9899.05,1.0,9899.05,Low Activity
4127,35,2.0,18825.75,4,3,3,4,Loyal Customers,18825.75,2.0,9412.875,Low Activity
4128,278,2.0,33865.44,1,3,4,2,At Risk - High Value,33865.44,2.0,16932.72,Low Activity
4129,183,2.0,30684.39,2,3,4,2,At Risk - High Value,30684.39,2.0,15342.195,Low Activity
4130,299,2.0,20774.79,1,3,3,2,At Risk - High Value,20774.79,2.0,10387.395,Low Activity
4131,188,1.0,13138.71,2,3,2,1,Hibernating,13138.71,1.0,13138.71,Low Activity
4132,51,2.0,8458.39,4,3,1,3,Potential Loyalist,8458.39,2.0,4229.195,Low Activity
4133,91,5.0,47187.69,3,3,5,0,Champions,47187.69,5.0,9437.538,High Value
4134,266,1.0,13422.78,1,3,2,1,Hibernating,13422.78,1.0,13422.78,Low Activity
4136,70,4.0,42069.02,3,3,5,0,Champions,42069.02,4.0,10517.255,Regular
4138,107,3.0,48126.31,3,3,5,0,Champions,48126.31,3.0,16042.103333333333,High Value
4139,53,3.0,28148.79,4,3,4,4,Loyal Customers,28148.79,3.0,9382.93,Regular
4140,129,3.0,23754.82,2,3,3,2,At Risk - High Value,23754.82,3.0,7918.273333333333,Regular
4141,320,2.0,8153.99,1,3,1,1,Hibernating,8153.99,2.0,4076.995,Low Activity
4144,73,2.0,13939.18,3,3,2,2,At Risk - High Value,13939.18,2.0,6969.59,Low Activity
4145,36,2.0,23900.62,4,3,3,4,Loyal Customers,23900.62,2.0,11950.31,Low Activity
4146,267,3.0,38122.31,1,3,5,2,At Risk - High Value,38122.31,3.0,12707.436666666666,Regular
4147,8,3.0,38420.93,5,3,5,4,Loyal Customers,38420.93,3.0,12806.976666666667,Regular
4148,60,3.0,42782.58,4,3,5,0,Champions,42782.58,3.0,14260.86,Regular
4149,137,3.0,21815.77,2,3,3,2,At Risk - High Value,21815.77,3.0,7271.923333333333,Regular
4150,68,3.0,30857.09,4,3,4,4,Loyal Customers,30857.09,3.0,10285.696666666665,Regular
4151,80,2.0,18266.28,3,3,2,2,At Risk - High Value,18266.28,2.0,9133.14,Low Activity
4152,12,3.0,27199.01,5,3,4,4,Loyal Customers,27199.01,3.0,9066.336666666668,Regular
4153,357,1.0,12826.22,1,3,2,1,Hibernating,12826.22,1.0,12826.22,Low Activity
4154,262,2.0,22798.99,1,3,3,2,At Risk - High Value,22798.99,2.0,11399.495,Low Activity
4155,143,1.0,21269.82,2,3,3,1,Hibernating,21269.82,1.0,21269.82,Low Activity
4156,38,4.0,54748.0,4,3,5,0,Champions,54748.0,4.0,13687.0,High Value
4157,164,1.0,15233.35,2,3,2,1,Hibernating,15233.35,1.0,15233.35,Low Activity
4158,112,6.0,76197.23999999999,3,3,5,0,Champions,76197.23999999999,6.0,12699.54,High Value
4159,52,1.0,12276.25,4,3,2,3,Potential Loyalist,12276.25,1.0,12276.25,Low Activity
4160,139,1.0,5464.76,2,3,1,1,Hibernating,5464.76,1.0,5464.76,Low Activity
4161,213,2.0,35291.85,1,3,4,2,At Risk - High Value,35291.85,2.0,17645.925,Low Activity
4162,149,1.0,6955.17,2,3,1,1,Hibernating,6955.17,1.0,6955.17,Low Activity
4163,32,1.0,4018.48,4,3,1,3,Potential Loyalist,4018.48,1.0,4018.48,Low Activity
4164,1,3.0,44269.78999999999,5,3,5,4,Loyal Customers,44269.78999999999,3.0,14756.596666666665,Regular
4166,30,3.0,43231.17,4,3,5,0,Champions,43231.17,3.0,14410.39,Regular
4168,41,3.0,27524.85,4,3,4,4,Loyal Customers,27524.85,3.0,9174.95,Regular
4170,27,1.0,6389.93,5,3,1,3,Potential Loyalist,6389.93,1.0,6389.93,Low Activity
4171,65,4.0,43732.85,4,3,5,0,Champions,43732.85,4.0,10933.2125,Regular
4172,350,1.0,7296.48,1,3,1,1,Hibernating,7296.48,1.0,7296.48,Low Activity
4175,224,2.0,13990.4,1,3,2,1,Hibernating,13990.4,2.0,6995.200000000001,Low Activity
4176,20,3.0,27710.21,5,3,4,4,Loyal Customers,27710.21,3.0,9236.736666666666,Regular
4177,186,1.0,12062.03,2,3,2,1,Hibernating,12062.03,1.0,12062.03,Low Activity
4178,0,5.0,48709.45,5,3,5,0,Champions,48709.45,5.0,9741.89,High Value
4179,35,2.0,15429.59,4,3,2,4,Loyal Customers,15429.59,2.0,7714.795,Low Activity
4181,92,1.0,10692.55,3,3,1,3,Potential Loyalist,10692.55,1.0,10692.55,Low Activity
4182,234,2.0,12590.19,1,3,2,1,Hibernating,12590.19,2.0,6295.095,Low Activity
4183,93,3.0,34357.4,3,3,4,2,At Risk - High Value,34357.4,3.0,11452.466666666667,Regular
4184,25,3.0,41303.52,5,3,5,4,Loyal Customers,41303.52,3.0,13767.839999999998,Regular
4186,159,4.0,34452.92,2,3,4,2,At Risk - High Value,34452.92,4.0,8613.23,Regular
4190,143,2.0,25348.98,2,3,3,2,At Risk - High Value,25348.98,2.0,12674.49,Low Activity
4191,214,2.0,14919.83,1,3,2,2,At Risk - High Value,14919.83,2.0,7459.915,Low Activity
4192,258,1.0,5550.23,1,3,1,1,Hibernating,5550.23,1.0,5550.23,Low Activity
4194,164,3.0,16220.57,2,3,2,2,At Risk - High Value,16220.57,3.0,5406.856666666667,Regular
4195,263,1.0,11453.73,1,3,1,1,Hibernating,11453.73,1.0,11453.73,Low Activity
4196,139,2.0,25790.5,2,3,3,2,At Risk - High Value,25790.5,2.0,12895.25,Low Activity
4197,6,3.0,36326.28,5,3,4,4,Loyal Customers,36326.28,3.0,12108.76,Regular
4198,75,5.0,49080.79,3,3,5,0,Champions,49080.79,5.0,9816.158,High Value
4199,202,1.0,6233.6,1,3,1,1,Hibernating,6233.6,1.0,6233.6,Low Activity
4201,46,1.0,8257.21,4,3,1,3,Potential Loyalist,8257.21,1.0,8257.21,Low Activity
4202,7,1.0,9922.81,5,3,1,3,Potential Loyalist,9922.81,1.0,9922.81,Low Activity
4203,213,2.0,16366.05,1,3,2,2,At Risk - High Value,16366.05,2.0,8183.025,Low Activity
4205,105,2.0,12902.15,3,3,2,2,At Risk - High Value,12902.15,2.0,6451.075,Low Activity
4206,92,2.0,21177.63,3,3,3,2,At Risk - High Value,21177.63,2.0,10588.815,Low Activity
4207,97,3.0,37118.56,3,3,4,2,At Risk - High Value,37118.56,3.0,12372.853333333333,Regular
4208,106,3.0,29641.83,3,3,4,2,At Risk - High Value,29641.83,3.0,9880.61,Regular
4209,256,1.0,8056.07,1,3,1,1,Hibernating,8056.07,1.0,8056.07,Low Activity
4210,95,2.0,12371.49,3,3,2,3,Potential Loyalist,12371.49,2.0,6185.745,Low Activity
4211,134,2.0,20720.54,2,3,3,2,At Risk - High Value,20720.54,2.0,10360.27,Low Activity
4212,20,1.0,5598.24,5,3,1,3,Potential Loyalist,5598.24,1.0,5598.24,Low Activity
4213,50,3.0,30030.550000000003,4,3,4,4,Loyal Customers,30030.550000000003,3.0,10010.183333333334,Regular
4215,54,4.0,34922.32,4,3,4,0,Champions,34922.32,4.0,8730.58,Regular
4216,143,2.0,14781.05,2,3,2,2,At Risk - High Value,14781.05,2.0,7390.525,Low Activity
4217,242,1.0,9705.11,1,3,1,1,Hibernating,9705.11,1.0,9705.11,Low Activity
4218,322,2.0,19544.54,1,3,3,2,At Risk - High Value,19544.54,2.0,9772.27,Low Activity
4219,54,1.0,6153.48,4,3,1,3,Potential Loyalist,6153.48,1.0,6153.48,Low Activity
4220,146,2.0,27700.4,2,3,4,2,At Risk - High Value,27700.4,2.0,13850.2,Low Activity
4221,13,3.0,21453.3,5,3,3,4,Loyal Customers,21453.3,3.0,7151.099999999999,Regular
4222,50,1.0,7725.76,4,3,1,3,Potential Loyalist,7725.76,1.0,7725.76,Low Activity
4223,24,7.0,63468.36,5,3,5,0,Champions,63468.36,7.0,9066.908571428572,High Value
4224,147,1.0,6861.72,2,3,1,1,Hibernating,6861.72,1.0,6861.72,Low Activity
4225,283,1.0,13685.09,1,3,2,1,Hibernating,13685.09,1.0,13685.09,Low Activity
4226,115,6.0,75104.37000000001,3,3,5,0,Champions,75104.37000000001,6.0,12517.395000000002,High Value
4227,207,1.0,13942.09,1,3,2,1,Hibernating,13942.09,1.0,13942.09,Low Activity
4228,65,3.0,35129.18,4,3,4,4,Loyal Customers,35129.18,3.0,11709.726666666667,Regular
4229,24,4.0,33791.31,5,3,4,0,Champions,33791.31,4.0,8447.8275,Regular
4231,76,2.0,31097.92,3,3,4,2,At Risk - High Value,31097.92,2.0,15548.96,Low Activity
4232,219,1.0,9105.12,1,3,1,1,Hibernating,9105.12,1.0,9105.12,Low Activity
4233,259,2.0,17931.559999999998,1,3,2,2,At Risk - High Value,17931.559999999998,2.0,8965.779999999999,Low Activity
4234,33,1.0,17845.34,4,3,2,3,Potential Loyalist,17845.34,1.0,17845.34,Low Activity
4235,178,2.0,22689.99,2,3,3,2,At Risk - High Value,22689.99,2.0,11344.995,Low Activity
4236,71,4.0,35502.36,3,3,4,0,Champions,35502.36,4.0,8875.59,Regular
4237,31,1.0,3920.72,4,3,1,3,Potential Loyalist,3920.72,1.0,3920.72,Low Activity
4238,4,3.0,29329.92,5,3,4,4,Loyal Customers,29329.92,3.0,9776.64,Regular
4240,354,1.0,13556.7,1,3,2,1,Hibernating,13556.7,1.0,13556.7,Low Activity
4241,45,2.0,10311.43,4,3,1,3,Potential Loyalist,10311.43,2.0,5155.715,Low Activity
4242,49,2.0,29455.07,4,3,4,4,Loyal Customers,29455.07,2.0,14727.535,Low Activity
4243,40,3.0,38487.84,4,3,5,0,Champions,38487.84,3.0,12829.28,Regular
4245,269,1.0,20049.33,1,3,3,1,Hibernating,20049.33,1.0,20049.33,Low Activity
4246,42,2.0,26687.93,4,3,4,4,Loyal Customers,26687.93,2.0,13343.965,Low Activity
4247,0,2.0,29397.06,5,3,4,4,Loyal Customers,29397.06,2.0,14698.53,Low Activity
4250,145,1.0,4067.33,2,3,1,1,Hibernating,4067.33,1.0,4067.33,Low Activity
4251,117,2.0,26341.78,3,3,3,2,At Risk - High Value,26341.78,2.0,13170.89,Low Activity
4252,32,4.0,38517.78,4,3,5,0,Champions,38517.78,4.0,9629.445,Regular
4253,10,2.0,27030.54,5,3,4,4,Loyal Customers,27030.54,2.0,13515.27,Low Activity
4254,267,2.0,27941.38,1,3,4,2,At Risk - High Value,27941.38,2.0,13970.69,Low Activity
4257,96,3.0,19786.69,3,3,3,2,At Risk - High Value,19786.69,3.0,6595.563333333333,Regular
4258,109,1.0,13123.55,3,3,2,3,Potential Loyalist,13123.55,1.0,13123.55,Low Activity
4259,100,3.0,16597.9,3,3,2,2,At Risk - High Value,16597.9,3.0,5532.633333333334,Regular
4260,185,3.0,22702.0,2,3,3,2,At Risk - High Value,22702.0,3.0,7567.333333333333,Regular
4261,18,4.0,39630.62,5,3,5,0,Champions,39630.62,4.0,9907.655,Regular
4262,8,4.0,43656.03,5,3,5,0,Champions,43656.03,4.0,10914.0075,Regular
4263,188,2.0,36757.39,2,3,4,2,At Risk - High Value,36757.39,2.0,18378.695,Low Activity
4264,0,4.0,51242.96,5,3,5,0,Champions,51242.96,4.0,12810.74,High Value
4265,11,3.0,30885.050000000003,5,3,4,4,Loyal Customers,30885.050000000003,3.0,10295.016666666668,Regular
4266,247,1.0,23558.2,1,3,3,1,Hibernating,23558.2,1.0,23558.2,Low Activity
4267,209,5.0,57497.48,1,3,5,0,Champions,57497.48,5.0,11499.496,High Value
4269,110,3.0,31538.7,3,3,4,2,At Risk - High Value,31538.7,3.0,10512.9,Regular
4270,51,6.0,57913.19,4,3,5,0,Champions,57913.19,6.0,9652.198333333334,High Value
4271,76,3.0,25326.66,3,3,3,2,At Risk - High Value,25326.66,3.0,8442.22,Regular
4272,50,5.0,36546.4,4,3,4,0,Champions,36546.4,5.0,7309.280000000001,Regular
4273,153,1.0,6072.28,2,3,1,1,Hibernating,6072.28,1.0,6072.28,Low Activity
4274,20,1.0,20417.6,5,3,3,3,Potential Loyalist,20417.6,1.0,20417.6,Low Activity
4275,75,3.0,44171.92,3,3,5,0,Champions,44171.92,3.0,14723.973333333332,Regular
4276,41,3.0,13907.22,4,3,2,4,Loyal Customers,13907.22,3.0,4635.74,Regular
4278,39,1.0,10524.24,4,3,1,3,Potential Loyalist,10524.24,1.0,10524.24,Low Activity
4279,135,2.0,28981.39,2,3,4,2,At Risk - High Value,28981.39,2.0,14490.695,Low Activity
4280,216,3.0,28883.18,1,3,4,2,At Risk - High Value,28883.18,3.0,9627.726666666667,Regular
4281,146,1.0,19845.54,2,3,3,1,Hibernating,19845.54,1.0,19845.54,Low Activity
4282,111,2.0,14434.63,3,3,2,2,At Risk - High Value,14434.63,2.0,7217.315,Low Activity
4283,11,3.0,28380.41,5,3,4,4,Loyal Customers,28380.41,3.0,9460.136666666667,Regular
4284,123,2.0,16405.010000000002,3,3,2,2,At Risk - High Value,16405.010000000002,2.0,8202.505000000001,Low Activity
4285,207,1.0,19802.38,1,3,3,1,Hibernating,19802.38,1.0,19802.38,Low Activity
4286,30,3.0,21379.07,4,3,3,4,Loyal Customers,21379.07,3.0,7126.356666666667,Regular
4287,120,2.0,31976.54,3,3,4,2,At Risk - High Value,31976.54,2.0,15988.27,Low Activity
4288,17,4.0,37576.58,5,3,4,0,Champions,37576.58,4.0,9394.145,Regular
4290,140,2.0,27633.84,2,3,4,2,At Risk - High Value,27633.84,2.0,13816.92,Low Activity
4291,144,5.0,52009.24,2,3,5,0,Champions,52009.24,5.0,10401.848,High Value
4292,134,2.0,9692.06,2,3,1,1,Hibernating,9692.06,2.0,4846.03,Low Activity
4293,25,2.0,14714.09,5,3,2,4,Loyal Customers,14714.09,2.0,7357.045,Low Activity
4294,141,2.0,19875.89,2,3,3,2,At Risk - High Value,19875.89,2.0,9937.945,Low Activity
4295,87,5.0,44273.71,3,3,5,0,Champions,44273.71,5.0,8854.742,Regular
4296,193,4.0,36549.85,2,3,4,2,At Risk - High Value,36549.85,4.0,9137.4625,Regular
4297,197,2.0,22025.26,2,3,3,2,At Risk - High Value,22025.26,2.0,11012.63,Low Activity
4298,53,1.0,13016.5,4,3,2,3,Potential Loyalist,13016.5,1.0,13016.5,Low Activity
4299,122,2.0,9721.52,3,3,1,3,Potential Loyalist,9721.52,2.0,4860.76,Low Activity
4300,242,2.0,26439.35,1,3,3,2,At Risk - High Value,26439.35,2.0,13219.675,Low Activity
4301,152,2.0,26143.88,2,3,3,2,At Risk - High Value,26143.88,2.0,13071.94,Low Activity
4302,154,3.0,45142.22,2,3,5,2,At Risk - High Value,45142.22,3.0,15047.406666666668,Regular
4303,154,3.0,36405.53,2,3,4,2,At Risk - High Value,36405.53,3.0,12135.176666666666,Regular
4304,15,2.0,28089.98,5,3,4,4,Loyal Customers,28089.98,2.0,14044.99,Low Activity
4305,5,2.0,38235.29,5,3,5,4,Loyal Customers,38235.29,2.0,19117.645,Low Activity
4307,161,2.0,17394.42,2,3,2,2,At Risk - High Value,17394.42,2.0,8697.21,Low Activity
4308,191,1.0,9688.85,2,3,1,1,Hibernating,9688.85,1.0,9688.85,Low Activity
4309,5,1.0,7384.77,5,3,1,3,Potential Loyalist,7384.77,1.0,7384.77,Low Activity
4310,362,1.0,11383.07,1,3,1,1,Hibernating,11383.07,1.0,11383.07,Low Activity
4311,2,3.0,30758.26,5,3,4,4,Loyal Customers,30758.26,3.0,10252.753333333334,Regular
4312,93,1.0,7002.22,3,3,1,3,Potential Loyalist,7002.22,1.0,7002.22,Low Activity
4313,301,1.0,16621.1,1,3,2,1,Hibernating,16621.1,1.0,16621.1,Low Activity
4314,12,2.0,11907.74,5,3,2,4,Loyal Customers,11907.74,2.0,5953.87,Low Activity
4316,120,3.0,23107.8,3,3,3,2,At Risk - High Value,23107.8,3.0,7702.599999999999,Regular
4318,68,4.0,43601.47,4,3,5,0,Champions,43601.47,4.0,10900.3675,Regular
4319,13,4.0,43540.56,5,3,5,0,Champions,43540.56,4.0,10885.14,Regular
4320,157,1.0,13383.34,2,3,2,1,Hibernating,13383.34,1.0,13383.34,Low Activity
4321,131,1.0,11355.93,2,3,1,1,Hibernating,11355.93,1.0,11355.93,Low Activity
4322,5,3.0,40304.12,5,3,5,4,Loyal Customers,40304.12,3.0,13434.706666666663,Regular
4323,2,6.0,76592.36,5,3,5,0,Champions,76592.36,6.0,12765.393333333332,High Value
4324,108,2.0,14043.18,3,3,2,2,At Risk - High Value,14043.18,2.0,7021.59,Low Activity
4325,3,2.0,22544.51,5,3,3,4,Loyal Customers,22544.51,2.0,11272.255,Low Activity
4326,27,1.0,4659.82,5,3,1,3,Potential Loyalist,4659.82,1.0,4659.82,Low Activity
4327,129,2.0,9112.08,2,3,1,1,Hibernating,9112.08,2.0,4556.04,Low Activity
4328,87,3.0,35712.11,3,3,4,2,At Risk - High Value,35712.11,3.0,11904.036666666669,Regular
4329,121,5.0,56012.08,3,3,5,0,Champions,56012.08,5.0,11202.416,High Value
4330,235,2.0,32495.95,1,3,4,2,At Risk - High Value,32495.95,2.0,16247.975,Low Activity
4331,133,4.0,28957.19,2,3,4,2,At Risk - High Value,28957.19,4.0,7239.2975,Regular
4332,156,2.0,27444.0,2,3,4,2,At Risk - High Value,27444.0,2.0,13722.0,Low Activity
4333,86,2.0,9405.09,3,3,1,3,Potential Loyalist,9405.09,2.0,4702.545,Low Activity
4334,220,2.0,11528.27,1,3,1,1,Hibernating,11528.27,2.0,5764.135,Low Activity
4335,185,2.0,18542.52,2,3,3,2,At Risk - High Value,18542.52,2.0,9271.26,Low Activity
4336,74,2.0,20882.44,3,3,3,2,At Risk - High Value,20882.44,2.0,10441.22,Low Activity
4337,314,1.0,16453.47,1,3,2,1,Hibernating,16453.47,1.0,16453.47,Low Activity
4338,24,3.0,20928.89,5,3,3,4,Loyal Customers,20928.89,3.0,6976.296666666666,Regular
4339,31,4.0,49325.64,4,3,5,0,Champions,49325.64,4.0,12331.41,High Value
4341,44,4.0,59275.75,4,3,5,0,Champions,59275.75,4.0,14818.9375,High Value
4342,83,4.0,39425.27,3,3,5,0,Champions,39425.27,4.0,9856.3175,Regular
4343,0,3.0,29290.25,5,3,4,4,Loyal Customers,29290.25,3.0,9763.416666666666,Regular
4344,13,2.0,16301.38,5,3,2,4,Loyal Customers,16301.38,2.0,8150.69,Low Activity
4345,192,3.0,26619.56,2,3,3,2,At Risk - High Value,26619.56,3.0,8873.186666666666,Regular
4346,7,4.0,40664.98,5,3,5,0,Champions,40664.98,4.0,10166.245,Regular
4347,29,3.0,34626.68,4,3,4,4,Loyal Customers,34626.68,3.0,11542.226666666667,Regular
4348,80,2.0,19473.93,3,3,3,2,At Risk - High Value,19473.93,2.0,9736.965,Low Activity
4349,88,2.0,19438.23,3,3,3,2,At Risk - High Value,19438.23,2.0,9719.115,Low Activity
4350,81,2.0,14485.99,3,3,2,2,At Risk - High Value,14485.99,2.0,7242.995,Low Activity
4351,75,4.0,45956.96,3,3,5,0,Champions,45956.96,4.0,11489.24,High Value
4352,263,1.0,3934.58,1,3,1,1,Hibernating,3934.58,1.0,3934.58,Low Activity
4355,229,1.0,15762.17,1,3,2,1,Hibernating,15762.17,1.0,15762.17,Low Activity
4356,31,1.0,7531.88,4,3,1,3,Potential Loyalist,7531.88,1.0,7531.88,Low Activity
4357,3,3.0,36141.93,5,3,4,4,Loyal Customers,36141.93,3.0,12047.31,Regular
4359,8,7.0,75235.0,5,3,5,0,Champions,75235.0,7.0,10747.857142857143,High Value
4360,11,2.0,8892.96,5,3,1,3,Potential Loyalist,8892.96,2.0,4446.48,Low Activity
4361,131,3.0,39954.130000000005,2,3,5,2,At Risk - High Value,39954.130000000005,3.0,13318.043333333337,Regular
4362,217,3.0,30939.07,1,3,4,2,At Risk - High Value,30939.07,3.0,10313.023333333333,Regular
4363,143,2.0,11016.8,2,3,1,1,Hibernating,11016.8,2.0,5508.4,Low Activity
4364,76,3.0,24839.19,3,3,3,2,At Risk - High Value,24839.19,3.0,8279.730000000001,Regular
4366,17,4.0,59797.85,5,3,5,0,Champions,59797.85,4.0,14949.4625,High Value
4367,53,3.0,52638.7,4,3,5,0,Champions,52638.7,3.0,17546.233333333334,High Value
4368,268,1.0,13329.46,1,3,2,1,Hibernating,13329.46,1.0,13329.46,Low Activity
4369,22,1.0,10897.94,5,3,1,3,Potential Loyalist,10897.94,1.0,10897.94,Low Activity
4370,140,4.0,30090.14,2,3,4,2,At Risk - High Value,30090.14,4.0,7522.535,Regular
4371,147,1.0,8196.25,2,3,1,1,Hibernating,8196.25,1.0,8196.25,Low Activity
4372,281,1.0,18854.8,1,3,3,1,Hibernating,18854.8,1.0,18854.8,Low Activity
4373,184,3.0,20707.870000000003,2,3,3,2,At Risk - High Value,20707.870000000003,3.0,6902.623333333334,Regular
4374,258,2.0,28061.76,1,3,4,2,At Risk - High Value,28061.76,2.0,14030.88,Low Activity
4375,56,1.0,17622.42,4,3,2,3,Potential Loyalist,17622.42,1.0,17622.42,Low Activity
4376,135,2.0,29116.69,2,3,4,2,At Risk - High Value,29116.69,2.0,14558.345,Low Activity
4377,42,1.0,10486.97,4,3,1,3,Potential Loyalist,10486.97,1.0,10486.97,Low Activity
4378,24,2.0,11722.21,5,3,2,4,Loyal Customers,11722.21,2.0,5861.105,Low Activity
4380,41,3.0,33836.46,4,3,4,4,Loyal Customers,33836.46,3.0,11278.82,Regular
4381,126,2.0,13401.33,3,3,2,2,At Risk - High Value,13401.33,2.0,6700.665,Low Activity
4382,221,1.0,9916.08,1,3,1,1,Hibernating,9916.08,1.0,9916.08,Low Activity
4383,258,1.0,5728.49,1,3,1,1,Hibernating,5728.49,1.0,5728.49,Low Activity
4384,26,3.0,43329.92,5,3,5,4,Loyal Customers,43329.92,3.0,14443.306666666664,Regular
4386,242,1.0,16781.38,1,3,2,1,Hibernating,16781.38,1.0,16781.38,Low Activity
4388,291,1.0,11969.95,1,3,2,1,Hibernating,11969.95,1.0,11969.95,Low Activity
4389,24,7.0,75557.15,5,3,5,0,Champions,75557.15,7.0,10793.878571428571,High Value
4390,59,3.0,38131.22,4,3,5,4,Loyal Customers,38131.22,3.0,12710.406666666668,Regular
4391,101,2.0,20194.41,3,3,3,2,At Risk - High Value,20194.41,2.0,10097.205,Low Activity
4392,9,1.0,9523.01,5,3,1,3,Potential Loyalist,9523.01,1.0,9523.01,Low Activity
4393,4,5.0,51846.62,5,3,5,0,Champions,51846.62,5.0,10369.324,High Value
4394,125,4.0,47727.64,3,3,5,0,Champions,47727.64,4.0,11931.91,High Value
4396,1,4.0,43834.06,5,3,5,0,Champions,43834.06,4.0,10958.515,Regular
4397,113,2.0,27662.73,3,3,4,2,At Risk - High Value,27662.73,2.0,13831.365,Low Activity
4398,258,1.0,11282.38,1,3,1,1,Hibernating,11282.38,1.0,11282.38,Low Activity
4399,160,1.0,12848.81,2,3,2,1,Hibernating,12848.81,1.0,12848.81,Low Activity
4400,50,2.0,17464.78,4,3,2,4,Loyal Customers,17464.78,2.0,8732.39,Low Activity
4402,23,1.0,13943.07,5,3,2,3,Potential Loyalist,13943.07,1.0,13943.07,Low Activity
4403,76,5.0,67916.19,3,3,5,0,Champions,67916.19,5.0,13583.238,High Value
4404,63,5.0,48538.53,4,3,5,0,Champions,48538.53,5.0,9707.706,High Value
4405,165,2.0,16365.27,2,3,2,2,At Risk - High Value,16365.27,2.0,8182.635,Low Activity
4407,38,1.0,11713.06,4,3,2,3,Potential Loyalist,11713.06,1.0,11713.06,Low Activity
4408,133,2.0,37493.76,2,3,4,2,At Risk - High Value,37493.76,2.0,18746.88,Low Activity
4409,201,1.0,11192.23,2,3,1,1,Hibernating,11192.23,1.0,11192.23,Low Activity
4410,58,4.0,56846.95,4,3,5,0,Champions,56846.95,4.0,14211.7375,High Value
4411,121,2.0,15488.87,3,3,2,2,At Risk - High Value,15488.87,2.0,7744.435,Low Activity
4412,159,3.0,37334.630000000005,2,3,4,2,At Risk - High Value,37334.630000000005,3.0,12444.876666666669,Regular
4413,115,5.0,53663.76,3,3,5,0,Champions,53663.76,5.0,10732.752,High Value
4414,115,4.0,50615.84,3,3,5,0,Champions,50615.84,4.0,12653.96,High Value
4415,294,1.0,14804.93,1,3,2,1,Hibernating,14804.93,1.0,14804.93,Low Activity
4416,152,1.0,11184.66,2,3,1,1,Hibernating,11184.66,1.0,11184.66,Low Activity
4418,5,1.0,7442.85,5,3,1,3,Potential Loyalist,7442.85,1.0,7442.85,Low Activity
4419,67,3.0,26607.88,4,3,3,4,Loyal Customers,26607.88,3.0,8869.293333333333,Regular
4420,14,3.0,43022.22,5,3,5,4,Loyal Customers,43022.22,3.0,14340.74,Regular
4422,55,1.0,4366.35,4,3,1,3,Potential Loyalist,4366.35,1.0,4366.35,Low Activity
4423,119,6.0,61112.98,3,3,5,0,Champions,61112.98,6.0,10185.496666666668,High Value
4424,56,1.0,19489.62,4,3,3,3,Potential Loyalist,19489.62,1.0,19489.62,Low Activity
4425,130,4.0,38825.08,2,3,5,2,At Risk - High Value,38825.08,4.0,9706.27,Regular
4426,62,1.0,5019.76,4,3,1,3,Potential Loyalist,5019.76,1.0,5019.76,Low Activity
4427,39,2.0,17019.35,4,3,2,4,Loyal Customers,17019.35,2.0,8509.675,Low Activity
4428,164,2.0,25945.97,2,3,3,2,At Risk - High Value,25945.97,2.0,12972.985,Low Activity
4429,112,1.0,9452.7,3,3,1,3,Potential Loyalist,9452.7,1.0,9452.7,Low Activity
4430,67,3.0,40859.2,4,3,5,0,Champions,40859.2,3.0,13619.733333333332,Regular
4432,202,2.0,29157.09,1,3,4,2,At Risk - High Value,29157.09,2.0,14578.545,Low Activity
4433,151,1.0,12652.11,2,3,2,1,Hibernating,12652.11,1.0,12652.11,Low Activity
4434,2,2.0,18389.04,5,3,2,4,Loyal Customers,18389.04,2.0,9194.52,Low Activity
4435,174,3.0,37141.37,2,3,4,2,At Risk - High Value,37141.37,3.0,12380.456666666663,Regular
4436,36,3.0,31414.33,4,3,4,4,Loyal Customers,31414.33,3.0,10471.443333333336,Regular
4437,77,2.0,26772.870000000003,3,3,4,2,At Risk - High Value,26772.870000000003,2.0,13386.435,Low Activity
4438,131,2.0,24043.62,2,3,3,2,At Risk - High Value,24043.62,2.0,12021.81,Low Activity
4439,18,4.0,36112.08,5,3,4,0,Champions,36112.08,4.0,9028.02,Regular
4440,35,3.0,40912.35,4,3,5,0,Champions,40912.35,3.0,13637.45,Regular
4441,220,1.0,11328.25,1,3,1,1,Hibernating,11328.25,1.0,11328.25,Low Activity
4444,50,3.0,37518.34,4,3,4,4,Loyal Customers,37518.34,3.0,12506.113333333333,Regular
4445,24,4.0,30116.050000000003,5,3,4,0,Champions,30116.050000000003,4.0,7529.012500000001,Regular
4446,271,1.0,9143.64,1,3,1,1,Hibernating,9143.64,1.0,9143.64,Low Activity
4447,71,2.0,15717.8,3,3,2,2,At Risk - High Value,15717.8,2.0,7858.9,Low Activity
4448,290,1.0,12603.46,1,3,2,1,Hibernating,12603.46,1.0,12603.46,Low Activity
4449,28,5.0,50044.03,4,3,5,0,Champions,50044.03,5.0,10008.806,High Value
4450,5,1.0,18173.8,5,3,2,3,Potential Loyalist,18173.8,1.0,18173.8,Low Activity
4451,350,1.0,2832.54,1,3,1,1,Hibernating,2832.54,1.0,2832.54,Low Activity
4452,77,2.0,30734.88,3,3,4,2,At Risk - High Value,30734.88,2.0,15367.44,Low Activity
4453,25,2.0,36399.04,5,3,4,4,Loyal Customers,36399.04,2.0,18199.52,Low Activity
4454,27,1.0,18896.79,5,3,3,3,Potential Loyalist,18896.79,1.0,18896.79,Low Activity
4455,64,2.0,30122.22,4,3,4,4,Loyal Customers,30122.22,2.0,15061.11,Low Activity
4456,34,4.0,56929.59,4,3,5,0,Champions,56929.59,4.0,14232.3975,High Value
4457,130,1.0,11763.03,2,3,2,1,Hibernating,11763.03,1.0,11763.03,Low Activity
4458,109,3.0,35162.97,3,3,4,2,At Risk - High Value,35162.97,3.0,11720.99,Regular
4459,15,1.0,9301.44,5,3,1,3,Potential Loyalist,9301.44,1.0,9301.44,Low Activity
4460,55,2.0,21195.5,4,3,3,4,Loyal Customers,21195.5,2.0,10597.75,Low Activity
4461,16,1.0,5927.26,5,3,1,3,Potential Loyalist,5927.26,1.0,5927.26,Low Activity
4462,72,3.0,36921.78,3,3,4,2,At Risk - High Value,36921.78,3.0,12307.26,Regular
4463,127,3.0,30325.57,3,3,4,2,At Risk - High Value,30325.57,3.0,10108.523333333333,Regular
4464,57,1.0,15992.38,4,3,2,3,Potential Loyalist,15992.38,1.0,15992.38,Low Activity
4466,263,1.0,13046.29,1,3,2,1,Hibernating,13046.29,1.0,13046.29,Low Activity
4467,0,1.0,15695.2,5,3,2,3,Potential Loyalist,15695.2,1.0,15695.2,Low Activity
4468,253,1.0,21091.02,1,3,3,1,Hibernating,21091.02,1.0,21091.02,Low Activity
4469,14,2.0,15824.14,5,3,2,4,Loyal Customers,15824.14,2.0,7912.07,Low Activity
4470,61,2.0,29966.870000000003,4,3,4,4,Loyal Customers,29966.870000000003,2.0,14983.435,Low Activity
4471,3,4.0,35674.79,5,3,4,0,Champions,35674.79,4.0,8918.6975,Regular
4473,14,3.0,40026.48,5,3,5,4,Loyal Customers,40026.48,3.0,13342.160000000002,Regular
4474,17,4.0,51397.34,5,3,5,0,Champions,51397.34,4.0,12849.335,High Value
4475,165,1.0,8557.79,2,3,1,1,Hibernating,8557.79,1.0,8557.79,Low Activity
4476,32,3.0,49518.7,4,3,5,0,Champions,49518.7,3.0,16506.233333333334,High Value
4478,119,3.0,27437.57,3,3,4,2,At Risk - High Value,27437.57,3.0,9145.856666666668,Regular
4479,92,3.0,37571.28999999999,3,3,4,2,At Risk - High Value,37571.28999999999,3.0,12523.76333333333,Regular
4480,130,1.0,8204.28,2,3,1,1,Hibernating,8204.28,1.0,8204.28,Low Activity
4481,220,1.0,5849.31,1,3,1,1,Hibernating,5849.31,1.0,5849.31,Low Activity
4482,160,1.0,19889.27,2,3,3,1,Hibernating,19889.27,1.0,19889.27,Low Activity
4483,58,3.0,26035.72,4,3,3,4,Loyal Customers,26035.72,3.0,8678.573333333334,Regular
4484,209,1.0,3646.07,1,3,1,1,Hibernating,3646.07,1.0,3646.07,Low Activity
4485,159,4.0,53933.380000000005,2,3,5,0,Champions,53933.380000000005,4.0,13483.345,High Value
4486,146,3.0,46561.13,2,3,5,2,At Risk - High Value,46561.13,3.0,15520.376666666663,High Value
4489,193,1.0,17441.03,2,3,2,1,Hibernating,17441.03,1.0,17441.03,Low Activity
4490,87,4.0,39056.84,3,3,5,0,Champions,39056.84,4.0,9764.21,Regular
4492,18,2.0,10382.08,5,3,1,3,Potential Loyalist,10382.08,2.0,5191.04,Low Activity
4493,157,1.0,16257.9,2,3,2,1,Hibernating,16257.9,1.0,16257.9,Low Activity
4494,119,1.0,12553.83,3,3,2,3,Potential Loyalist,12553.83,1.0,12553.83,Low Activity
4495,93,2.0,28179.08,3,3,4,2,At Risk - High Value,28179.08,2.0,14089.54,Low Activity
4496,79,1.0,6025.18,3,3,1,3,Potential Loyalist,6025.18,1.0,6025.18,Low Activity
4498,108,2.0,20590.8,3,3,3,2,At Risk - High Value,20590.8,2.0,10295.4,Low Activity
4499,46,2.0,22581.31,4,3,3,4,Loyal Customers,22581.31,2.0,11290.655,Low Activity
4500,128,1.0,10973.62,3,3,1,3,Potential Loyalist,10973.62,1.0,10973.62,Low Activity
4501,39,1.0,7684.76,4,3,1,3,Potential Loyalist,7684.76,1.0,7684.76,Low Activity
4502,24,3.0,37163.74,5,3,4,4,Loyal Customers,37163.74,3.0,12387.913333333332,Regular
4503,215,3.0,28481.85,1,3,4,2,At Risk - High Value,28481.85,3.0,9493.95,Regular
4504,25,2.0,7413.12,5,3,1,3,Potential Loyalist,7413.12,2.0,3706.56,Low Activity
4505,321,1.0,6252.7,1,3,1,1,Hibernating,6252.7,1.0,6252.7,Low Activity
4506,105,6.0,57556.7,3,3,5,0,Champions,57556.7,6.0,9592.783333333333,High Value
4507,66,3.0,28362.73,4,3,4,4,Loyal Customers,28362.73,3.0,9454.243333333334,Regular
4508,10,2.0,24072.04,5,3,3,4,Loyal Customers,24072.04,2.0,12036.02,Low Activity
4509,255,2.0,16675.27,1,3,2,2,At Risk - High Value,16675.27,2.0,8337.635,Low Activity
4510,46,3.0,16503.32,4,3,2,4,Loyal Customers,16503.32,3.0,5501.106666666667,Regular
4511,118,3.0,41966.06,3,3,5,0,Champions,41966.06,3.0,13988.686666666666,Regular
4512,50,2.0,27867.51,4,3,4,4,Loyal Customers,27867.51,2.0,13933.755,Low Activity
4513,59,2.0,33753.22,4,3,4,4,Loyal Customers,33753.22,2.0,16876.61,Low Activity
4514,64,4.0,30021.53,4,3,4,0,Champions,30021.53,4.0,7505.3825,Regular
4515,90,1.0,16158.73,3,3,2,3,Potential Loyalist,16158.73,1.0,16158.73,Low Activity
4517,6,4.0,27941.14,5,3,4,0,Champions,27941.14,4.0,6985.285,Regular
4518,27,5.0,59279.36,5,3,5,0,Champions,59279.36,5.0,11855.872,High Value
4519,60,1.0,7241.13,4,3,1,3,Potential Loyalist,7241.13,1.0,7241.13,Low Activity
4520,115,2.0,36400.98,3,3,4,2,At Risk - High Value,36400.98,2.0,18200.49,Low Activity
4523,198,2.0,17155.06,2,3,2,2,At Risk - High Value,17155.06,2.0,8577.53,Low Activity
4524,84,1.0,7603.88,3,3,1,3,Potential Loyalist,7603.88,1.0,7603.88,Low Activity
4525,118,3.0,27718.9,3,3,4,2,At Risk - High Value,27718.9,3.0,9239.633333333331,Regular
4526,130,2.0,21222.06,2,3,3,2,At Risk - High Value,21222.06,2.0,10611.03,Low Activity
4528,66,3.0,31044.47,4,3,4,4,Loyal Customers,31044.47,3.0,10348.156666666668,Regular
4529,173,2.0,22141.02,2,3,3,2,At Risk - High Value,22141.02,2.0,11070.51,Low Activity
4530,222,1.0,12967.2,1,3,2,1,Hibernating,12967.2,1.0,12967.2,Low Activity
4531,143,1.0,4648.05,2,3,1,1,Hibernating,4648.05,1.0,4648.05,Low Activity
4532,81,2.0,26702.120000000003,3,3,4,2,At Risk - High Value,26702.120000000003,2.0,13351.06,Low Activity
4534,18,1.0,13140.87,5,3,2,3,Potential Loyalist,13140.87,1.0,13140.87,Low Activity
4535,58,2.0,18673.61,4,3,3,4,Loyal Customers,18673.61,2.0,9336.805,Low Activity
4536,116,4.0,31940.98,3,3,4,0,Champions,31940.98,4.0,7985.245,Regular
4537,199,2.0,16603.239999999998,2,3,2,2,At Risk - High Value,16603.239999999998,2.0,8301.619999999999,Low Activity
4539,20,4.0,45996.2,5,3,5,0,Champions,45996.2,4.0,11499.05,High Value
4540,73,2.0,30249.55,3,3,4,2,At Risk - High Value,30249.55,2.0,15124.775,Low Activity
4541,119,1.0,11596.81,3,3,2,3,Potential Loyalist,11596.81,1.0,11596.81,Low Activity
4542,223,1.0,6556.41,1,3,1,1,Hibernating,6556.41,1.0,6556.41,Low Activity
4543,129,2.0,10595.38,2,3,1,1,Hibernating,10595.38,2.0,5297.6900000000005,Low Activity
4544,19,4.0,33036.33,5,3,4,0,Champions,33036.33,4.0,8259.0825,Regular
4545,112,3.0,28512.83,3,3,4,2,At Risk - High Value,28512.83,3.0,9504.276666666668,Regular
4546,27,6.0,67307.92,5,3,5,0,Champions,67307.92,6.0,11217.986666666666,High Value
4547,206,1.0,12196.47,1,3,2,1,Hibernating,12196.47,1.0,12196.47,Low Activity
4548,57,6.0,52303.56,4,3,5,0,Champions,52303.56,6.0,8717.26,High Value
4550,164,3.0,43315.9,2,3,5,2,At Risk - High Value,43315.9,3.0,14438.633333333331,Regular
4551,174,2.0,38694.05,2,3,5,2,At Risk - High Value,38694.05,2.0,19347.025,Low Activity
4552,124,2.0,14396.75,3,3,2,2,At Risk - High Value,14396.75,2.0,7198.375,Low Activity
4553,74,2.0,30215.69,3,3,4,2,At Risk - High Value,30215.69,2.0,15107.845,Low Activity
4554,93,1.0,13085.54,3,3,2,3,Potential Loyalist,13085.54,1.0,13085.54,Low Activity
4555,137,2.0,28615.82,2,3,4,2,At Risk - High Value,28615.82,2.0,14307.91,Low Activity
4556,115,2.0,15138.55,3,3,2,2,At Risk - High Value,15138.55,2.0,7569.275,Low Activity
4557,223,1.0,9876.36,1,3,1,1,Hibernating,9876.36,1.0,9876.36,Low Activity
4559,116,4.0,40708.12,3,3,5,0,Champions,40708.12,4.0,10177.03,Regular
4560,51,4.0,54272.1,4,3,5,0,Champions,54272.1,4.0,13568.025,High Value
4562,22,3.0,28141.74,5,3,4,4,Loyal Customers,28141.74,3.0,9380.58,Regular
4564,57,5.0,70986.63,4,3,5,0,Champions,70986.63,5.0,14197.326,High Value
4565,200,2.0,14971.01,2,3,2,2,At Risk - High Value,14971.01,2.0,7485.505,Low Activity
4566,214,1.0,9195.46,1,3,1,1,Hibernating,9195.46,1.0,9195.46,Low Activity
4567,37,3.0,25907.01,4,3,3,4,Loyal Customers,25907.01,3.0,8635.67,Regular
4568,267,1.0,3754.29,1,3,1,1,Hibernating,3754.29,1.0,3754.29,Low Activity
4569,95,2.0,34112.25,3,3,4,2,At Risk - High Value,34112.25,2.0,17056.125,Low Activity
4570,35,2.0,21729.92,4,3,3,4,Loyal Customers,21729.92,2.0,10864.96,Low Activity
4571,84,3.0,29604.78,3,3,4,2,At Risk - High Value,29604.78,3.0,9868.26,Regular
4572,6,1.0,5462.0,5,3,1,3,Potential Loyalist,5462.0,1.0,5462.0,Low Activity
4573,68,3.0,30792.82,4,3,4,4,Loyal Customers,30792.82,3.0,10264.273333333333,Regular
4574,92,3.0,21888.69,3,3,3,2,At Risk - High Value,21888.69,3.0,7296.23,Regular
4575,333,1.0,21604.62,1,3,3,1,Hibernating,21604.62,1.0,21604.62,Low Activity
4576,99,3.0,33668.06,3,3,4,2,At Risk - High Value,33668.06,3.0,11222.686666666666,Regular
4577,215,2.0,17394.93,1,3,2,2,At Risk - High Value,17394.93,2.0,8697.465,Low Activity
4579,51,2.0,22683.2,4,3,3,4,Loyal Customers,22683.2,2.0,11341.6,Low Activity
4580,44,4.0,41227.46000000001,4,3,5,0,Champions,41227.46000000001,4.0,10306.865000000002,Regular
4582,143,2.0,12464.16,2,3,2,2,At Risk - High Value,12464.16,2.0,6232.08,Low Activity
4584,140,2.0,18742.04,2,3,3,2,At Risk - High Value,18742.04,2.0,9371.02,Low Activity
4585,51,3.0,26017.33,4,3,3,4,Loyal Customers,26017.33,3.0,8672.443333333335,Regular
4586,282,1.0,23618.88,1,3,3,1,Hibernating,23618.88,1.0,23618.88,Low Activity
4587,71,3.0,22814.95,3,3,3,2,At Risk - High Value,22814.95,3.0,7604.983333333334,Regular
4588,74,2.0,15827.84,3,3,2,2,At Risk - High Value,15827.84,2.0,7913.92,Low Activity
4589,292,1.0,11256.83,1,3,1,1,Hibernating,11256.83,1.0,11256.83,Low Activity
4590,98,1.0,14665.48,3,3,2,3,Potential Loyalist,14665.48,1.0,14665.48,Low Activity
4591,159,2.0,41061.42,2,3,5,2,At Risk - High Value,41061.42,2.0,20530.71,Low Activity
4592,23,2.0,14095.09,5,3,2,4,Loyal Customers,14095.09,2.0,7047.545,Low Activity
4593,193,3.0,26791.26,2,3,4,2,At Risk - High Value,26791.26,3.0,8930.42,Regular
4594,148,3.0,36338.66,2,3,4,2,At Risk - High Value,36338.66,3.0,12112.886666666664,Regular
4595,310,1.0,8839.49,1,3,1,1,Hibernating,8839.49,1.0,8839.49,Low Activity
4596,42,2.0,17383.38,4,3,2,4,Loyal Customers,17383.38,2.0,8691.69,Low Activity
4597,211,1.0,12178.73,1,3,2,1,Hibernating,12178.73,1.0,12178.73,Low Activity
4598,42,5.0,46328.19,4,3,5,0,Champions,46328.19,5.0,9265.638,High Value
4599,40,2.0,22775.51,4,3,3,4,Loyal Customers,22775.51,2.0,11387.755,Low Activity
4600,39,4.0,44099.17,4,3,5,0,Champions,44099.17,4.0,11024.7925,Regular
4601,331,1.0,13982.81,1,3,2,1,Hibernating,13982.81,1.0,13982.81,Low Activity
4602,353,1.0,13444.11,1,3,2,1,Hibernating,13444.11,1.0,13444.11,Low Activity
4603,98,2.0,15758.47,3,3,2,2,At Risk - High Value,15758.47,2.0,7879.235000000001,Low Activity
4604,33,2.0,28858.74,4,3,4,4,Loyal Customers,28858.74,2.0,14429.37,Low Activity
4606,109,3.0,31945.31,3,3,4,2,At Risk - High Value,31945.31,3.0,10648.436666666666,Regular
4607,208,3.0,35409.21,1,3,4,2,At Risk - High Value,35409.21,3.0,11803.07,Regular
4608,62,1.0,5932.27,4,3,1,3,Potential Loyalist,5932.27,1.0,5932.27,Low Activity
4609,230,2.0,24074.88,1,3,3,2,At Risk - High Value,24074.88,2.0,12037.44,Low Activity
4610,260,2.0,20559.26,1,3,3,2,At Risk - High Value,20559.26,2.0,10279.63,Low Activity
4611,109,3.0,20784.96,3,3,3,2,At Risk - High Value,20784.96,3.0,6928.32,Regular
4612,164,1.0,12505.78,2,3,2,1,Hibernating,12505.78,1.0,12505.78,Low Activity
4615,42,1.0,4594.14,4,3,1,3,Potential Loyalist,4594.14,1.0,4594.14,Low Activity
4616,11,3.0,29086.46,5,3,4,4,Loyal Customers,29086.46,3.0,9695.486666666666,Regular
4617,28,1.0,9065.39,4,3,1,3,Potential Loyalist,9065.39,1.0,9065.39,Low Activity
4618,123,2.0,28919.05,3,3,4,2,At Risk - High Value,28919.05,2.0,14459.525,Low Activity
4619,92,3.0,36421.92,3,3,4,2,At Risk - High Value,36421.92,3.0,12140.64,Regular
4620,3,5.0,50383.83,5,3,5,0,Champions,50383.83,5.0,10076.766,High Value
4622,89,3.0,32410.26,3,3,4,2,At Risk - High Value,32410.26,3.0,10803.42,Regular
4623,256,1.0,17648.97,1,3,2,1,Hibernating,17648.97,1.0,17648.97,Low Activity
4624,60,2.0,13691.52,4,3,2,4,Loyal Customers,13691.52,2.0,6845.76,Low Activity
4625,22,4.0,47544.3,5,3,5,0,Champions,47544.3,4.0,11886.075,High Value
4626,98,1.0,4185.87,3,3,1,3,Potential Loyalist,4185.87,1.0,4185.87,Low Activity
4628,193,2.0,20663.33,2,3,3,2,At Risk - High Value,20663.33,2.0,10331.665,Low Activity
4629,9,2.0,22043.27,5,3,3,4,Loyal Customers,22043.27,2.0,11021.635,Low Activity
4630,276,2.0,39076.59,1,3,5,2,At Risk - High Value,39076.59,2.0,19538.295,Low Activity
4631,340,1.0,20791.86,1,3,3,1,Hibernating,20791.86,1.0,20791.86,Low Activity
4632,88,3.0,40851.45,3,3,5,2,At Risk - High Value,40851.45,3.0,13617.15,Regular
4633,29,3.0,53845.18,4,3,5,0,Champions,53845.18,3.0,17948.393333333333,High Value
4634,269,1.0,14024.5,1,3,2,1,Hibernating,14024.5,1.0,14024.5,Low Activity
4635,38,3.0,34115.01,4,3,4,4,Loyal Customers,34115.01,3.0,11371.67,Regular
4636,129,1.0,13054.05,2,3,2,1,Hibernating,13054.05,1.0,13054.05,Low Activity
4637,296,1.0,16423.58,1,3,2,1,Hibernating,16423.58,1.0,16423.58,Low Activity
4638,326,1.0,16601.25,1,3,2,1,Hibernating,16601.25,1.0,16601.25,Low Activity
4639,131,3.0,22200.18,2,3,3,2,At Risk - High Value,22200.18,3.0,7400.06,Regular
4640,46,6.0,61654.68,4,3,5,0,Champions,61654.68,6.0,10275.78,High Value
4641,94,1.0,7512.09,3,3,1,3,Potential Loyalist,7512.09,1.0,7512.09,Low Activity
4642,171,1.0,13906.44,2,3,2,1,Hibernating,13906.44,1.0,13906.44,Low Activity
4643,177,1.0,14232.97,2,3,2,1,Hibernating,14232.97,1.0,14232.97,Low Activity
4646,133,2.0,22957.0,2,3,3,2,At Risk - High Value,22957.0,2.0,11478.5,Low Activity
4647,44,1.0,6205.23,4,3,1,3,Potential Loyalist,6205.23,1.0,6205.23,Low Activity
4648,144,1.0,5186.59,2,3,1,1,Hibernating,5186.59,1.0,5186.59,Low Activity
4649,135,4.0,37214.36,2,3,4,2,At Risk - High Value,37214.36,4.0,9303.59,Regular
4650,37,1.0,11066.84,4,3,1,3,Potential Loyalist,11066.84,1.0,11066.84,Low Activity
4651,257,1.0,12515.07,1,3,2,1,Hibernating,12515.07,1.0,12515.07,Low Activity
4652,101,3.0,37403.04,3,3,4,2,At Risk - High Value,37403.04,3.0,12467.68,Regular
4653,167,1.0,7028.53,2,3,1,1,Hibernating,7028.53,1.0,7028.53,Low Activity
4656,18,4.0,64479.67,5,3,5,0,Champions,64479.67,4.0,16119.9175,High Value
4657,341,1.0,12427.66,1,3,2,1,Hibernating,12427.66,1.0,12427.66,Low Activity
4659,3,4.0,57569.07,5,3,5,0,Champions,57569.07,4.0,14392.2675,High Value
4660,17,3.0,20621.85,5,3,3,4,Loyal Customers,20621.85,3.0,6873.95,Regular
4661,48,2.0,18181.94,4,3,2,4,Loyal Customers,18181.94,2.0,9090.97,Low Activity
4662,182,1.0,4639.43,2,3,1,1,Hibernating,4639.43,1.0,4639.43,Low Activity
4664,172,3.0,56958.94,2,3,5,2,At Risk - High Value,56958.94,3.0,18986.31333333333,High Value
4665,200,2.0,18319.94,2,3,2,2,At Risk - High Value,18319.94,2.0,9159.97,Low Activity
4666,301,1.0,8720.31,1,3,1,1,Hibernating,8720.31,1.0,8720.31,Low Activity
4667,88,4.0,45888.85,3,3,5,0,Champions,45888.85,4.0,11472.2125,Regular
4668,8,2.0,14566.65,5,3,2,4,Loyal Customers,14566.65,2.0,7283.325000000001,Low Activity
4669,161,2.0,25704.64,2,3,3,2,At Risk - High Value,25704.64,2.0,12852.32,Low Activity
4670,77,2.0,19965.89,3,3,3,2,At Risk - High Value,19965.89,2.0,9982.945,Low Activity
4671,21,1.0,8372.88,5,3,1,3,Potential Loyalist,8372.88,1.0,8372.88,Low Activity
4673,61,3.0,29832.15,4,3,4,4,Loyal Customers,29832.15,3.0,9944.05,Regular
4674,267,1.0,13530.44,1,3,2,1,Hibernating,13530.44,1.0,13530.44,Low Activity
4675,9,3.0,41005.85,5,3,5,4,Loyal Customers,41005.85,3.0,13668.616666666669,Regular
4676,162,2.0,15656.05,2,3,2,2,At Risk - High Value,15656.05,2.0,7828.025,Low Activity
4678,0,3.0,33214.53,5,3,4,4,Loyal Customers,33214.53,3.0,11071.51,Regular
4679,165,2.0,14852.26,2,3,2,2,At Risk - High Value,14852.26,2.0,7426.13,Low Activity
4680,93,2.0,30765.95,3,3,4,2,At Risk - High Value,30765.95,2.0,15382.975,Low Activity
4681,167,3.0,27326.59,2,3,4,2,At Risk - High Value,27326.59,3.0,9108.863333333333,Regular
4682,359,1.0,6838.64,1,3,1,1,Hibernating,6838.64,1.0,6838.64,Low Activity
4683,107,4.0,47136.19,3,3,5,0,Champions,47136.19,4.0,11784.0475,High Value
4684,60,4.0,47687.52,4,3,5,0,Champions,47687.52,4.0,11921.88,High Value
4685,185,1.0,7649.76,2,3,1,1,Hibernating,7649.76,1.0,7649.76,Low Activity
4687,230,1.0,10025.55,1,3,1,1,Hibernating,10025.55,1.0,10025.55,Low Activity
4688,55,3.0,14756.0,4,3,2,4,Loyal Customers,14756.0,3.0,4918.666666666667,Regular
4689,60,7.0,73679.84999999999,4,3,5,0,Champions,73679.84999999999,7.0,10525.692857142856,High Value
4692,267,2.0,12911.51,1,3,2,1,Hibernating,12911.51,2.0,6455.755,Low Activity
4693,56,3.0,26855.1,4,3,4,4,Loyal Customers,26855.1,3.0,8951.699999999999,Regular
4694,92,2.0,16709.1,3,3,2,2,At Risk - High Value,16709.1,2.0,8354.55,Low Activity
4695,361,1.0,9354.36,1,3,1,1,Hibernating,9354.36,1.0,9354.36,Low Activity
4696,61,3.0,34618.25,4,3,4,4,Loyal Customers,34618.25,3.0,11539.416666666666,Regular
4697,146,3.0,50223.83,2,3,5,2,At Risk - High Value,50223.83,3.0,16741.27666666667,High Value
4698,132,3.0,31197.84,2,3,4,2,At Risk - High Value,31197.84,3.0,10399.28,Regular
4699,81,3.0,42070.53,3,3,5,0,Champions,42070.53,3.0,14023.51,Regular
4700,59,2.0,22999.1,4,3,3,4,Loyal Customers,22999.1,2.0,11499.55,Low Activity
4702,212,2.0,11030.64,1,3,1,1,Hibernating,11030.64,2.0,5515.32,Low Activity
4703,363,1.0,12589.08,1,3,2,1,Hibernating,12589.08,1.0,12589.08,Low Activity
4704,28,3.0,23628.74,4,3,3,4,Loyal Customers,23628.74,3.0,7876.246666666666,Regular
4705,154,4.0,47137.29,2,3,5,0,Champions,47137.29,4.0,11784.3225,High Value
4706,90,2.0,31182.71,3,3,4,2,At Risk - High Value,31182.71,2.0,15591.355,Low Activity
4708,97,2.0,23664.73,3,3,3,2,At Risk - High Value,23664.73,2.0,11832.365,Low Activity
4711,14,1.0,16287.62,5,3,2,3,Potential Loyalist,16287.62,1.0,16287.62,Low Activity
4712,44,4.0,40930.22,4,3,5,0,Champions,40930.22,4.0,10232.555,Regular
4713,244,1.0,4649.26,1,3,1,1,Hibernating,4649.26,1.0,4649.26,Low Activity
4714,124,2.0,24132.29,3,3,3,2,At Risk - High Value,24132.29,2.0,12066.145,Low Activity
4715,135,1.0,2933.52,2,3,1,1,Hibernating,2933.52,1.0,2933.52,Low Activity
4716,173,1.0,15696.05,2,3,2,1,Hibernating,15696.05,1.0,15696.05,Low Activity
4718,363,1.0,11448.08,1,3,1,1,Hibernating,11448.08,1.0,11448.08,Low Activity
4719,32,2.0,25730.47,4,3,3,4,Loyal Customers,25730.47,2.0,12865.235,Low Activity
4720,3,3.0,32358.34,5,3,4,4,Loyal Customers,32358.34,3.0,10786.113333333333,Regular
4721,269,1.0,10106.42,1,3,1,1,Hibernating,10106.42,1.0,10106.42,Low Activity
4722,7,3.0,50152.14,5,3,5,0,Champions,50152.14,3.0,16717.38,High Value
4723,45,4.0,44712.79,4,3,5,0,Champions,44712.79,4.0,11178.1975,Regular
4724,176,2.0,12664.63,2,3,2,2,At Risk - High Value,12664.63,2.0,6332.315,Low Activity
4725,19,1.0,10145.8,5,3,1,3,Potential Loyalist,10145.8,1.0,10145.8,Low Activity
4726,90,1.0,11538.96,3,3,1,3,Potential Loyalist,11538.96,1.0,11538.96,Low Activity
4727,216,2.0,15569.69,1,3,2,2,At Risk - High Value,15569.69,2.0,7784.844999999999,Low Activity
4728,193,1.0,7723.71,2,3,1,1,Hibernating,7723.71,1.0,7723.71,Low Activity
4729,86,3.0,41655.78,3,3,5,0,Champions,41655.78,3.0,13885.26,Regular
4730,15,3.0,29059.53,5,3,4,4,Loyal Customers,29059.53,3.0,9686.51,Regular
4731,342,1.0,10347.38,1,3,1,1,Hibernating,10347.38,1.0,10347.38,Low Activity
4732,49,2.0,19798.43,4,3,3,4,Loyal Customers,19798.43,2.0,9899.215,Low Activity
4733,261,2.0,20987.36,1,3,3,2,At Risk - High Value,20987.36,2.0,10493.68,Low Activity
4734,58,1.0,11509.1,4,3,1,3,Potential Loyalist,11509.1,1.0,11509.1,Low Activity
4735,146,3.0,34416.21,2,3,4,2,At Risk - High Value,34416.21,3.0,11472.07,Regular
4736,169,3.0,25343.47,2,3,3,2,At Risk - High Value,25343.47,3.0,8447.823333333334,Regular
4737,180,2.0,23523.08,2,3,3,2,At Risk - High Value,23523.08,2.0,11761.54,Low Activity
4738,98,2.0,38020.98,3,3,5,2,At Risk - High Value,38020.98,2.0,19010.49,Low Activity
4739,36,7.0,76976.8,4,3,5,0,Champions,76976.8,7.0,10996.685714285715,High Value
4740,144,1.0,8619.52,2,3,1,1,Hibernating,8619.52,1.0,8619.52,Low Activity
4741,83,4.0,57285.01,3,3,5,0,Champions,57285.01,4.0,14321.2525,High Value
4742,4,4.0,45422.44,5,3,5,0,Champions,45422.44,4.0,11355.61,Regular
4743,145,2.0,32146.29,2,3,4,2,At Risk - High Value,32146.29,2.0,16073.145,Low Activity
4744,130,1.0,4727.98,2,3,1,1,Hibernating,4727.98,1.0,4727.98,Low Activity
4746,18,1.0,15075.23,5,3,2,3,Potential Loyalist,15075.23,1.0,15075.23,Low Activity
4747,164,1.0,10960.22,2,3,1,1,Hibernating,10960.22,1.0,10960.22,Low Activity
4748,142,1.0,23528.52,2,3,3,1,Hibernating,23528.52,1.0,23528.52,Low Activity
4749,173,2.0,21878.33,2,3,3,2,At Risk - High Value,21878.33,2.0,10939.165,Low Activity
4750,70,2.0,27276.56,3,3,4,2,At Risk - High Value,27276.56,2.0,13638.28,Low Activity
4751,53,2.0,18701.33,4,3,3,4,Loyal Customers,18701.33,2.0,9350.665,Low Activity
4752,97,3.0,14326.73,3,3,2,2,At Risk - High Value,14326.73,3.0,4775.576666666667,Regular
4753,92,1.0,10763.4,3,3,1,3,Potential Loyalist,10763.4,1.0,10763.4,Low Activity
4754,25,4.0,52857.27,5,3,5,0,Champions,52857.27,4.0,13214.3175,High Value
4755,32,4.0,31587.27,4,3,4,0,Champions,31587.27,4.0,7896.8175,Regular
4756,10,4.0,34083.06,5,3,4,0,Champions,34083.06,4.0,8520.765,Regular
4757,122,3.0,51177.42,3,3,5,0,Champions,51177.42,3.0,17059.14,High Value
4758,75,2.0,25502.21,3,3,3,2,At Risk - High Value,25502.21,2.0,12751.105,Low Activity
4760,253,2.0,25726.56,1,3,3,2,At Risk - High Value,25726.56,2.0,12863.28,Low Activity
4761,11,9.0,95371.45,5,3,5,0,Champions,95371.45,9.0,10596.827777777777,High Value
4762,263,2.0,25327.050000000003,1,3,3,2,At Risk - High Value,25327.050000000003,2.0,12663.525,Low Activity
4763,133,4.0,54382.4,2,3,5,0,Champions,54382.4,4.0,13595.6,High Value
4764,63,3.0,28425.4,4,3,4,4,Loyal Customers,28425.4,3.0,9475.133333333331,Regular
4765,34,1.0,10649.85,4,3,1,3,Potential Loyalist,10649.85,1.0,10649.85,Low Activity
4766,35,4.0,64435.67,4,3,5,0,Champions,64435.67,4.0,16108.9175,High Value
4767,150,1.0,9377.95,2,3,1,1,Hibernating,9377.95,1.0,9377.95,Low Activity
4768,4,4.0,41413.91,5,3,5,0,Champions,41413.91,4.0,10353.4775,Regular
4769,224,1.0,12914.16,1,3,2,1,Hibernating,12914.16,1.0,12914.16,Low Activity
4770,227,1.0,11550.69,1,3,1,1,Hibernating,11550.69,1.0,11550.69,Low Activity
4771,108,1.0,23723.44,3,3,3,3,Potential Loyalist,23723.44,1.0,23723.44,Low Activity
4772,258,4.0,35654.0,1,3,4,2,At Risk - High Value,35654.0,4.0,8913.5,Regular
4773,74,2.0,26550.1,3,3,3,2,At Risk - High Value,26550.1,2.0,13275.05,Low Activity
4774,60,3.0,45053.31,4,3,5,0,Champions,45053.31,3.0,15017.77,Regular
4775,73,1.0,9658.7,3,3,1,3,Potential Loyalist,9658.7,1.0,9658.7,Low Activity
4776,92,2.0,21004.59,3,3,3,2,At Risk - High Value,21004.59,2.0,10502.295,Low Activity
4777,27,3.0,40885.89,5,3,5,4,Loyal Customers,40885.89,3.0,13628.63,Regular
4778,11,3.0,18963.4,5,3,3,4,Loyal Customers,18963.4,3.0,6321.133333333332,Regular
4779,147,2.0,20637.27,2,3,3,2,At Risk - High Value,20637.27,2.0,10318.635,Low Activity
4780,151,1.0,8918.24,2,3,1,1,Hibernating,8918.24,1.0,8918.24,Low Activity
4781,263,1.0,12123.63,1,3,2,1,Hibernating,12123.63,1.0,12123.63,Low Activity
4782,86,2.0,22498.66,3,3,3,2,At Risk - High Value,22498.66,2.0,11249.33,Low Activity
4783,137,1.0,7334.34,2,3,1,1,Hibernating,7334.34,1.0,7334.34,Low Activity
4784,36,2.0,15432.12,4,3,2,4,Loyal Customers,15432.12,2.0,7716.06,Low Activity
4786,168,1.0,17554.13,2,3,2,1,Hibernating,17554.13,1.0,17554.13,Low Activity
4787,267,1.0,4881.62,1,3,1,1,Hibernating,4881.62,1.0,4881.62,Low Activity
4789,171,2.0,24769.89,2,3,3,2,At Risk - High Value,24769.89,2.0,12384.945,Low Activity
4790,94,1.0,10824.99,3,3,1,3,Potential Loyalist,10824.99,1.0,10824.99,Low Activity
4791,122,3.0,52953.9,3,3,5,0,Champions,52953.9,3.0,17651.3,High Value
4792,146,3.0,46235.130000000005,2,3,5,2,At Risk - High Value,46235.130000000005,3.0,15411.71,High Value
4793,65,2.0,11028.92,4,3,1,3,Potential Loyalist,11028.92,2.0,5514.46,Low Activity
4795,110,1.0,5778.56,3,3,1,3,Potential Loyalist,5778.56,1.0,5778.56,Low Activity
4796,172,1.0,5497.63,2,3,1,1,Hibernating,5497.63,1.0,5497.63,Low Activity
4797,183,1.0,6444.41,2,3,1,1,Hibernating,6444.41,1.0,6444.41,Low Activity
4798,251,1.0,5147.55,1,3,1,1,Hibernating,5147.55,1.0,5147.55,Low Activity
4799,28,1.0,10194.19,4,3,1,3,Potential Loyalist,10194.19,1.0,10194.19,Low Activity
4800,124,1.0,14097.77,3,3,2,3,Potential Loyalist,14097.77,1.0,14097.77,Low Activity
4801,165,3.0,15357.24,2,3,2,2,At Risk - High Value,15357.24,3.0,5119.08,Regular
4802,149,1.0,13637.9,2,3,2,1,Hibernating,13637.9,1.0,13637.9,Low Activity
4803,161,1.0,18454.53,2,3,2,1,Hibernating,18454.53,1.0,18454.53,Low Activity
4804,118,3.0,29533.0,3,3,4,2,At Risk - High Value,29533.0,3.0,9844.333333333334,Regular
4805,139,3.0,26870.79,2,3,4,2,At Risk - High Value,26870.79,3.0,8956.93,Regular
4806,69,2.0,22834.69,3,3,3,2,At Risk - High Value,22834.69,2.0,11417.345,Low Activity
4807,237,4.0,33327.8,1,3,4,2,At Risk - High Value,33327.8,4.0,8331.95,Regular
4808,0,3.0,21449.61,5,3,3,4,Loyal Customers,21449.61,3.0,7149.87,Regular
4809,355,1.0,8896.93,1,3,1,1,Hibernating,8896.93,1.0,8896.93,Low Activity
4810,194,3.0,30857.25,2,3,4,2,At Risk - High Value,30857.25,3.0,10285.75,Regular
4812,3,2.0,17641.9,5,3,2,4,Loyal Customers,17641.9,2.0,8820.95,Low Activity
4813,66,1.0,12618.53,4,3,2,3,Potential Loyalist,12618.53,1.0,12618.53,Low Activity
4814,174,1.0,5097.27,2,3,1,1,Hibernating,5097.27,1.0,5097.27,Low Activity
4815,41,1.0,13871.29,4,3,2,3,Potential Loyalist,13871.29,1.0,13871.29,Low Activity
4816,20,3.0,28349.64,5,3,4,4,Loyal Customers,28349.64,3.0,9449.88,Regular
4818,80,3.0,35973.36,3,3,4,2,At Risk - High Value,35973.36,3.0,11991.12,Regular
4819,12,1.0,4534.46,5,3,1,3,Potential Loyalist,4534.46,1.0,4534.46,Low Activity
4820,128,2.0,29987.120000000003,3,3,4,2,At Risk - High Value,29987.120000000003,2.0,14993.56,Low Activity
4821,79,1.0,9728.95,3,3,1,3,Potential Loyalist,9728.95,1.0,9728.95,Low Activity
4822,305,1.0,8612.31,1,3,1,1,Hibernating,8612.31,1.0,8612.31,Low Activity
4823,137,2.0,14072.47,2,3,2,2,At Risk - High Value,14072.47,2.0,7036.235,Low Activity
4824,22,1.0,8587.18,5,3,1,3,Potential Loyalist,8587.18,1.0,8587.18,Low Activity
4825,155,2.0,21035.82,2,3,3,2,At Risk - High Value,21035.82,2.0,10517.91,Low Activity
4826,265,1.0,19662.98,1,3,3,1,Hibernating,19662.98,1.0,19662.98,Low Activity
4827,8,2.0,28282.71,5,3,4,4,Loyal Customers,28282.71,2.0,14141.355,Low Activity
4829,231,3.0,36195.35,1,3,4,2,At Risk - High Value,36195.35,3.0,12065.116666666669,Regular
4830,247,1.0,16059.53,1,3,2,1,Hibernating,16059.53,1.0,16059.53,Low Activity
4831,133,1.0,12130.45,2,3,2,1,Hibernating,12130.45,1.0,12130.45,Low Activity
4832,59,2.0,30579.88,4,3,4,4,Loyal Customers,30579.88,2.0,15289.94,Low Activity
4833,160,1.0,13762.48,2,3,2,1,Hibernating,13762.48,1.0,13762.48,Low Activity
4834,314,1.0,9381.91,1,3,1,1,Hibernating,9381.91,1.0,9381.91,Low Activity
4835,115,1.0,7953.03,3,3,1,3,Potential Loyalist,7953.03,1.0,7953.03,Low Activity
4836,29,1.0,24461.41,4,3,3,3,Potential Loyalist,24461.41,1.0,24461.41,Low Activity
4842,55,2.0,26974.47,4,3,4,4,Loyal Customers,26974.47,2.0,13487.235,Low Activity
4843,135,1.0,8877.07,2,3,1,1,Hibernating,8877.07,1.0,8877.07,Low Activity
4844,104,2.0,21763.15,3,3,3,2,At Risk - High Value,21763.15,2.0,10881.575,Low Activity
4845,12,3.0,40812.4,5,3,5,4,Loyal Customers,40812.4,3.0,13604.133333333331,Regular
4846,251,2.0,18895.0,1,3,3,2,At Risk - High Value,18895.0,2.0,9447.5,Low Activity
4847,56,2.0,16351.93,4,3,2,4,Loyal Customers,16351.93,2.0,8175.965,Low Activity
4848,42,3.0,38803.64,4,3,5,0,Champions,38803.64,3.0,12934.546666666669,Regular
4849,138,2.0,25907.02,2,3,3,2,At Risk - High Value,25907.02,2.0,12953.509999999998,Low Activity
4850,138,2.0,17759.11,2,3,2,2,At Risk - High Value,17759.11,2.0,8879.555,Low Activity
4852,36,3.0,35396.52,4,3,4,4,Loyal Customers,35396.52,3.0,11798.839999999998,Regular
4853,42,3.0,34924.57,4,3,4,4,Loyal Customers,34924.57,3.0,11641.523333333333,Regular
4855,75,2.0,23268.18,3,3,3,2,At Risk - High Value,23268.18,2.0,11634.09,Low Activity
4856,17,4.0,58286.16,5,3,5,0,Champions,58286.16,4.0,14571.54,High Value
4857,261,2.0,22170.99,1,3,3,2,At Risk - High Value,22170.99,2.0,11085.495,Low Activity
4858,80,3.0,38053.31,3,3,5,2,At Risk - High Value,38053.31,3.0,12684.436666666666,Regular
4859,82,2.0,15876.84,3,3,2,2,At Risk - High Value,15876.84,2.0,7938.42,Low Activity
4860,18,3.0,37161.98,5,3,4,4,Loyal Customers,37161.98,3.0,12387.326666666666,Regular
4861,151,2.0,34970.48,2,3,4,2,At Risk - High Value,34970.48,2.0,17485.239999999998,Low Activity
4863,72,3.0,50021.95,3,3,5,0,Champions,50021.95,3.0,16673.983333333334,High Value
4865,46,1.0,16221.14,4,3,2,3,Potential Loyalist,16221.14,1.0,16221.14,Low Activity
4866,123,5.0,67404.09999999999,3,3,5,0,Champions,67404.09999999999,5.0,13480.819999999998,High Value
4867,36,3.0,47313.060000000005,4,3,5,0,Champions,47313.060000000005,3.0,15771.020000000002,High Value
4868,115,3.0,37803.66,3,3,4,2,At Risk - High Value,37803.66,3.0,12601.22,Regular
4869,54,4.0,38921.8,4,3,5,0,Champions,38921.8,4.0,9730.45,Regular
4871,161,1.0,6926.97,2,3,1,1,Hibernating,6926.97,1.0,6926.97,Low Activity
4872,67,5.0,53838.19,4,3,5,0,Champions,53838.19,5.0,10767.638,High Value
4873,317,1.0,6975.08,1,3,1,1,Hibernating,6975.08,1.0,6975.08,Low Activity
4874,75,2.0,22691.54,3,3,3,2,At Risk - High Value,22691.54,2.0,11345.77,Low Activity
4875,18,2.0,24269.6,5,3,3,4,Loyal Customers,24269.6,2.0,12134.8,Low Activity
4878,116,2.0,23232.05,3,3,3,2,At Risk - High Value,23232.05,2.0,11616.025,Low Activity
4879,122,2.0,25192.24,3,3,3,2,At Risk - High Value,25192.24,2.0,12596.12,Low Activity
4880,215,1.0,12171.06,1,3,2,1,Hibernating,12171.06,1.0,12171.06,Low Activity
4881,103,2.0,24907.56,3,3,3,2,At Risk - High Value,24907.56,2.0,12453.78,Low Activity
4882,50,5.0,36139.33,4,3,4,0,Champions,36139.33,5.0,7227.866,Regular
4883,3,2.0,21559.93,5,3,3,4,Loyal Customers,21559.93,2.0,10779.965,Low Activity
4884,114,3.0,21948.96,3,3,3,2,At Risk - High Value,21948.96,3.0,7316.32,Regular
4885,33,3.0,32940.62,4,3,4,4,Loyal Customers,32940.62,3.0,10980.206666666669,Regular
4886,186,2.0,21072.3,2,3,3,2,At Risk - High Value,21072.3,2.0,10536.15,Low Activity
4887,115,2.0,21335.55,3,3,3,2,At Risk - High Value,21335.55,2.0,10667.775,Low Activity
4889,147,1.0,17498.39,2,3,2,1,Hibernating,17498.39,1.0,17498.39,Low Activity
4890,3,2.0,18768.4,5,3,3,4,Loyal Customers,18768.4,2.0,9384.2,Low Activity
4893,91,1.0,7520.7,3,3,1,3,Potential Loyalist,7520.7,1.0,7520.7,Low Activity
4894,24,3.0,45924.76,5,3,5,4,Loyal Customers,45924.76,3.0,15308.253333333334,Regular
4896,361,1.0,14997.9,1,3,2,1,Hibernating,14997.9,1.0,14997.9,Low Activity
4897,119,4.0,25816.33,3,3,3,0,Champions,25816.33,4.0,6454.0825,Regular
4898,149,2.0,15048.65,2,3,2,2,At Risk - High Value,15048.65,2.0,7524.325000000001,Low Activity
4899,24,3.0,28409.61,5,3,4,4,Loyal Customers,28409.61,3.0,9469.87,Regular
4901,220,3.0,45755.67,1,3,5,2,At Risk - High Value,45755.67,3.0,15251.89,Regular
4902,285,2.0,21038.54,1,3,3,2,At Risk - High Value,21038.54,2.0,10519.27,Low Activity
4904,130,4.0,51661.76,2,3,5,0,Champions,51661.76,4.0,12915.44,High Value
4905,107,2.0,25579.5,3,3,3,2,At Risk - High Value,25579.5,2.0,12789.75,Low Activity
4906,147,1.0,8305.28,2,3,1,1,Hibernating,8305.28,1.0,8305.28,Low Activity
4907,305,1.0,3226.51,1,3,1,1,Hibernating,3226.51,1.0,3226.51,Low Activity
4908,255,2.0,14593.82,1,3,2,1,Hibernating,14593.82,2.0,7296.91,Low Activity
4909,361,1.0,13110.8,1,3,2,1,Hibernating,13110.8,1.0,13110.8,Low Activity
4910,9,4.0,32234.22,5,3,4,0,Champions,32234.22,4.0,8058.555,Regular
4913,5,4.0,33822.090000000004,5,3,4,0,Champions,33822.090000000004,4.0,8455.522500000001,Regular
4914,312,1.0,10230.0,1,3,1,1,Hibernating,10230.0,1.0,10230.0,Low Activity
4915,75,2.0,20020.370000000003,3,3,3,2,At Risk - High Value,20020.370000000003,2.0,10010.185,Low Activity
4916,23,3.0,29545.71,5,3,4,4,Loyal Customers,29545.71,3.0,9848.57,Regular
4917,148,1.0,6169.43,2,3,1,1,Hibernating,6169.43,1.0,6169.43,Low Activity
4919,139,2.0,12009.86,2,3,2,2,At Risk - High Value,12009.86,2.0,6004.93,Low Activity
4920,148,1.0,11544.84,2,3,1,1,Hibernating,11544.84,1.0,11544.84,Low Activity
4921,51,2.0,22942.28,4,3,3,4,Loyal Customers,22942.28,2.0,11471.14,Low Activity
4922,157,2.0,15217.36,2,3,2,2,At Risk - High Value,15217.36,2.0,7608.68,Low Activity
4923,27,3.0,26044.95,5,3,3,4,Loyal Customers,26044.95,3.0,8681.65,Regular
4924,71,5.0,53132.87,3,3,5,0,Champions,53132.87,5.0,10626.574,High Value
4925,130,3.0,32455.96,2,3,4,2,At Risk - High Value,32455.96,3.0,10818.653333333334,Regular
4926,238,2.0,30353.73,1,3,4,2,At Risk - High Value,30353.73,2.0,15176.865,Low Activity
4927,9,4.0,38320.33,5,3,5,0,Champions,38320.33,4.0,9580.0825,Regular
4928,169,2.0,29403.9,2,3,4,2,At Risk - High Value,29403.9,2.0,14701.95,Low Activity
4929,63,3.0,25679.04,4,3,3,4,Loyal Customers,25679.04,3.0,8559.68,Regular
4930,32,2.0,23055.5,4,3,3,4,Loyal Customers,23055.5,2.0,11527.75,Low Activity
4931,115,2.0,18053.15,3,3,2,2,At Risk - High Value,18053.15,2.0,9026.575,Low Activity
4932,23,3.0,23278.15,5,3,3,4,Loyal Customers,23278.15,3.0,7759.383333333332,Regular
4933,138,3.0,23737.81,2,3,3,2,At Risk - High Value,23737.81,3.0,7912.603333333333,Regular
4934,22,1.0,21353.56,5,3,3,3,Potential Loyalist,21353.56,1.0,21353.56,Low Activity
4935,189,1.0,14388.86,2,3,2,1,Hibernating,14388.86,1.0,14388.86,Low Activity
4936,32,3.0,46623.96,4,3,5,0,Champions,46623.96,3.0,15541.32,High Value
4937,290,2.0,12437.72,1,3,2,1,Hibernating,12437.72,2.0,6218.860000000001,Low Activity
4938,45,1.0,19795.21,4,3,3,3,Potential Loyalist,19795.21,1.0,19795.21,Low Activity
4939,334,1.0,11615.79,1,3,2,1,Hibernating,11615.79,1.0,11615.79,Low Activity
4941,207,2.0,15009.32,1,3,2,2,At Risk - High Value,15009.32,2.0,7504.66,Low Activity
4942,64,4.0,42217.68,4,3,5,0,Champions,42217.68,4.0,10554.42,Regular
4943,105,4.0,30201.63,3,3,4,0,Champions,30201.63,4.0,7550.4075,Regular
4944,152,2.0,21244.18,2,3,3,2,At Risk - High Value,21244.18,2.0,10622.09,Low Activity
4945,140,2.0,15810.759999999998,2,3,2,2,At Risk - High Value,15810.759999999998,2.0,7905.379999999999,Low Activity
4946,119,3.0,33045.83,3,3,4,2,At Risk - High Value,33045.83,3.0,11015.276666666668,Regular
4947,200,2.0,25424.14,2,3,3,2,At Risk - High Value,25424.14,2.0,12712.07,Low Activity
4948,196,4.0,38648.55,2,3,5,2,At Risk - High Value,38648.55,4.0,9662.1375,Regular
4949,193,3.0,29976.42,2,3,4,2,At Risk - High Value,29976.42,3.0,9992.14,Regular
4950,278,1.0,8363.95,1,3,1,1,Hibernating,8363.95,1.0,8363.95,Low Activity
4951,4,4.0,62576.51,5,3,5,0,Champions,62576.51,4.0,15644.1275,High Value
4952,42,2.0,34014.34,4,3,4,4,Loyal Customers,34014.34,2.0,17007.17,Low Activity
4953,268,1.0,16676.46,1,3,2,1,Hibernating,16676.46,1.0,16676.46,Low Activity
4954,350,1.0,11785.99,1,3,2,1,Hibernating,11785.99,1.0,11785.99,Low Activity
4955,326,1.0,12584.96,1,3,2,1,Hibernating,12584.96,1.0,12584.96,Low Activity
4956,46,2.0,29959.44,4,3,4,4,Loyal Customers,29959.44,2.0,14979.72,Low Activity
4957,33,1.0,12860.4,4,3,2,3,Potential Loyalist,12860.4,1.0,12860.4,Low Activity
4958,15,2.0,14831.82,5,3,2,4,Loyal Customers,14831.82,2.0,7415.91,Low Activity
4959,17,3.0,39148.46,5,3,5,4,Loyal Customers,39148.46,3.0,13049.486666666666,Regular
4962,16,1.0,19042.14,5,3,3,3,Potential Loyalist,19042.14,1.0,19042.14,Low Activity
4963,8,4.0,51327.55,5,3,5,0,Champions,51327.55,4.0,12831.8875,High Value
4964,42,5.0,39246.71,4,3,5,0,Champions,39246.71,5.0,7849.342,Regular
4965,1,3.0,23338.98,5,3,3,4,Loyal Customers,23338.98,3.0,7779.66,Regular
4966,338,1.0,15402.14,1,3,2,1,Hibernating,15402.14,1.0,15402.14,Low Activity
4967,341,1.0,18217.09,1,3,2,1,Hibernating,18217.09,1.0,18217.09,Low Activity
4968,171,2.0,30633.340000000004,2,3,4,2,At Risk - High Value,30633.340000000004,2.0,15316.670000000002,Low Activity
4969,189,2.0,22677.300000000003,2,3,3,2,At Risk - High Value,22677.300000000003,2.0,11338.65,Low Activity
4971,17,5.0,53622.17,5,3,5,0,Champions,53622.17,5.0,10724.434,High Value
4972,208,2.0,13532.06,1,3,2,1,Hibernating,13532.06,2.0,6766.030000000001,Low Activity
4974,89,3.0,42449.72,3,3,5,0,Champions,42449.72,3.0,14149.906666666668,Regular
4975,354,1.0,9595.15,1,3,1,1,Hibernating,9595.15,1.0,9595.15,Low Activity
4976,286,2.0,15609.14,1,3,2,2,At Risk - High Value,15609.14,2.0,7804.570000000001,Low Activity
4977,13,4.0,32336.49,5,3,4,0,Champions,32336.49,4.0,8084.122499999999,Regular
4978,40,4.0,46253.68,4,3,5,0,Champions,46253.68,4.0,11563.42,High Value
4979,3,2.0,10982.09,5,3,1,3,Potential Loyalist,10982.09,2.0,5491.045,Low Activity
4980,140,1.0,16588.73,2,3,2,1,Hibernating,16588.73,1.0,16588.73,Low Activity
4981,308,1.0,4805.54,1,3,1,1,Hibernating,4805.54,1.0,4805.54,Low Activity
4982,4,3.0,45821.740000000005,5,3,5,4,Loyal Customers,45821.740000000005,3.0,15273.913333333336,Regular
4983,270,1.0,12051.27,1,3,2,1,Hibernating,12051.27,1.0,12051.27,Low Activity
4985,25,5.0,40411.02,5,3,5,0,Champions,40411.02,5.0,8082.204,Regular
4986,83,4.0,26791.7,3,3,4,0,Champions,26791.7,4.0,6697.925,Regular
4987,19,4.0,24122.37,5,3,3,4,Loyal Customers,24122.37,4.0,6030.5925,Regular
4988,83,1.0,23325.05,3,3,3,3,Potential Loyalist,23325.05,1.0,23325.05,Low Activity
4989,144,2.0,15345.79,2,3,2,2,At Risk - High Value,15345.79,2.0,7672.895,Low Activity
4990,358,1.0,14189.07,1,3,2,1,Hibernating,14189.07,1.0,14189.07,Low Activity
4991,168,2.0,21075.21,2,3,3,2,At Risk - High Value,21075.21,2.0,10537.605,Low Activity
4992,99,1.0,10972.16,3,3,1,3,Potential Loyalist,10972.16,1.0,10972.16,Low Activity
4993,302,1.0,14518.46,1,3,2,1,Hibernating,14518.46,1.0,14518.46,Low Activity
4994,22,3.0,27903.77,5,3,4,4,Loyal Customers,27903.77,3.0,9301.256666666666,Regular
4995,322,2.0,25440.69,1,3,3,2,At Risk - High Value,25440.69,2.0,12720.345,Low Activity
4996,245,2.0,21018.74,1,3,3,2,At Risk - High Value,21018.74,2.0,10509.37,Low Activity
4997,119,2.0,22431.43,3,3,3,2,At Risk - High Value,22431.43,2.0,11215.715,Low Activity
4998,53,2.0,21879.06,4,3,3,4,Loyal Customers,21879.06,2.0,10939.53,Low Activity
4999,150,5.0,52132.630000000005,2,3,5,0,Champions,52132.630000000005,5.0,10426.526000000002,High Value
5000,37,3.0,32549.15,4,3,4,4,Loyal Customers,32549.15,3.0,10849.716666666667,Regular
5001,51,4.0,55347.12,4,3,5,0,Champions,55347.12,4.0,13836.78,High Value
5002,1,3.0,37440.54,5,3,4,4,Loyal Customers,37440.54,3.0,12480.18,Regular
5003,61,4.0,37932.58,4,3,4,0,Champions,37932.58,4.0,9483.145,Regular
5004,347,1.0,9312.91,1,3,1,1,Hibernating,9312.91,1.0,9312.91,Low Activity
5005,130,2.0,18672.75,2,3,3,2,At Risk - High Value,18672.75,2.0,9336.375,Low Activity
5006,319,1.0,11606.69,1,3,2,1,Hibernating,11606.69,1.0,11606.69,Low Activity
5007,141,2.0,28323.27,2,3,4,2,At Risk - High Value,28323.27,2.0,14161.634999999998,Low Activity
5008,216,2.0,24561.14,1,3,3,2,At Risk - High Value,24561.14,2.0,12280.57,Low Activity
5012,158,2.0,29131.97,2,3,4,2,At Risk - High Value,29131.97,2.0,14565.985,Low Activity
5013,138,1.0,10383.32,2,3,1,1,Hibernating,10383.32,1.0,10383.32,Low Activity
5014,16,4.0,38354.68,5,3,5,0,Champions,38354.68,4.0,9588.67,Regular
5016,32,1.0,16406.45,4,3,2,3,Potential Loyalist,16406.45,1.0,16406.45,Low Activity
5017,292,3.0,33889.53,1,3,4,2,At Risk - High Value,33889.53,3.0,11296.51,Regular
5018,27,2.0,25503.730000000003,5,3,3,4,Loyal Customers,25503.730000000003,2.0,12751.865000000002,Low Activity
5019,106,3.0,20957.57,3,3,3,2,At Risk - High Value,20957.57,3.0,6985.856666666667,Regular
5020,14,5.0,51277.5,5,3,5,0,Champions,51277.5,5.0,10255.5,High Value
5021,4,2.0,18805.11,5,3,3,4,Loyal Customers,18805.11,2.0,9402.555,Low Activity
5023,283,2.0,28572.67,1,3,4,2,At Risk - High Value,28572.67,2.0,14286.335,Low Activity
5024,129,2.0,24959.79,2,3,3,2,At Risk - High Value,24959.79,2.0,12479.895,Low Activity
5025,172,3.0,37425.37,2,3,4,2,At Risk - High Value,37425.37,3.0,12475.123333333331,Regular
5026,138,5.0,74420.37,2,3,5,0,Champions,74420.37,5.0,14884.074,High Value
5027,49,2.0,23651.4,4,3,3,4,Loyal Customers,23651.4,2.0,11825.7,Low Activity
5028,209,1.0,10121.78,1,3,1,1,Hibernating,10121.78,1.0,10121.78,Low Activity
5029,264,2.0,12959.73,1,3,2,1,Hibernating,12959.73,2.0,6479.865,Low Activity
5030,14,4.0,74147.08,5,3,5,0,Champions,74147.08,4.0,18536.77,High Value
5031,67,1.0,11680.21,4,3,2,3,Potential Loyalist,11680.21,1.0,11680.21,Low Activity
5032,332,1.0,12463.11,1,3,2,1,Hibernating,12463.11,1.0,12463.11,Low Activity
5033,39,1.0,7857.29,4,3,1,3,Potential Loyalist,7857.29,1.0,7857.29,Low Activity
5034,30,3.0,45126.09,4,3,5,0,Champions,45126.09,3.0,15042.03,Regular
5035,208,1.0,12113.5,1,3,2,1,Hibernating,12113.5,1.0,12113.5,Low Activity
5036,82,1.0,5247.13,3,3,1,3,Potential Loyalist,5247.13,1.0,5247.13,Low Activity
5037,110,1.0,18510.9,3,3,3,3,Potential Loyalist,18510.9,1.0,18510.9,Low Activity
5038,76,2.0,45255.62,3,3,5,2,At Risk - High Value,45255.62,2.0,22627.81,Low Activity
5039,11,1.0,16867.99,5,3,2,3,Potential Loyalist,16867.99,1.0,16867.99,Low Activity
5040,3,3.0,39555.71,5,3,5,4,Loyal Customers,39555.71,3.0,13185.236666666666,Regular
5041,173,2.0,22811.93,2,3,3,2,At Risk - High Value,22811.93,2.0,11405.965,Low Activity
5042,136,4.0,34992.42,2,3,4,2,At Risk - High Value,34992.42,4.0,8748.105,Regular
5044,113,1.0,5467.34,3,3,1,3,Potential Loyalist,5467.34,1.0,5467.34,Low Activity
5045,81,2.0,25434.07,3,3,3,2,At Risk - High Value,25434.07,2.0,12717.035,Low Activity
5047,213,1.0,6473.42,1,3,1,1,Hibernating,6473.42,1.0,6473.42,Low Activity
5048,48,3.0,37242.79,4,3,4,4,Loyal Customers,37242.79,3.0,12414.263333333334,Regular
5049,26,1.0,10688.53,5,3,1,3,Potential Loyalist,10688.53,1.0,10688.53,Low Activity
5050,52,4.0,41086.4,4,3,5,0,Champions,41086.4,4.0,10271.6,Regular
5051,44,3.0,47842.43,4,3,5,0,Champions,47842.43,3.0,15947.476666666667,High Value
5052,113,4.0,52892.77,3,3,5,0,Champions,52892.77,4.0,13223.1925,High Value
5053,87,4.0,30921.94,3,3,4,0,Champions,30921.94,4.0,7730.485,Regular
5054,114,2.0,25941.53,3,3,3,2,At Risk - High Value,25941.53,2.0,12970.765,Low Activity
5055,39,4.0,52100.05,4,3,5,0,Champions,52100.05,4.0,13025.0125,High Value
5056,97,4.0,67360.41,3,3,5,0,Champions,67360.41,4.0,16840.1025,High Value
5057,130,2.0,12059.04,2,3,2,2,At Risk - High Value,12059.04,2.0,6029.52,Low Activity
5058,108,5.0,46505.73,3,3,5,0,Champions,46505.73,5.0,9301.146,High Value
5059,232,2.0,13791.49,1,3,2,1,Hibernating,13791.49,2.0,6895.745,Low Activity
5060,355,1.0,7494.48,1,3,1,1,Hibernating,7494.48,1.0,7494.48,Low Activity
5062,29,2.0,31709.9,4,3,4,4,Loyal Customers,31709.9,2.0,15854.95,Low Activity
5063,13,3.0,28103.68,5,3,4,4,Loyal Customers,28103.68,3.0,9367.893333333332,Regular
5064,42,1.0,9905.93,4,3,1,3,Potential Loyalist,9905.93,1.0,9905.93,Low Activity
5065,57,2.0,19566.97,4,3,3,4,Loyal Customers,19566.97,2.0,9783.485,Low Activity
5066,67,2.0,42359.89,4,3,5,4,Loyal Customers,42359.89,2.0,21179.945,Low Activity
5068,210,2.0,23939.08,1,3,3,2,At Risk - High Value,23939.08,2.0,11969.54,Low Activity
5069,197,1.0,6921.74,2,3,1,1,Hibernating,6921.74,1.0,6921.74,Low Activity
5070,232,2.0,33417.6,1,3,4,2,At Risk - High Value,33417.6,2.0,16708.8,Low Activity
5071,334,1.0,8591.21,1,3,1,1,Hibernating,8591.21,1.0,8591.21,Low Activity
5073,82,1.0,17270.97,3,3,2,3,Potential Loyalist,17270.97,1.0,17270.97,Low Activity
5074,24,1.0,10990.09,5,3,1,3,Potential Loyalist,10990.09,1.0,10990.09,Low Activity
5075,50,1.0,17062.35,4,3,2,3,Potential Loyalist,17062.35,1.0,17062.35,Low Activity
5076,159,4.0,47881.34,2,3,5,0,Champions,47881.34,4.0,11970.335,High Value
5077,72,3.0,37189.42,3,3,4,2,At Risk - High Value,37189.42,3.0,12396.473333333332,Regular
5078,0,5.0,44270.11,5,3,5,0,Champions,44270.11,5.0,8854.022,Regular
5079,32,5.0,55443.0,4,3,5,0,Champions,55443.0,5.0,11088.6,High Value
5080,157,2.0,15678.55,2,3,2,2,At Risk - High Value,15678.55,2.0,7839.275,Low Activity
5081,5,3.0,36779.89,5,3,4,4,Loyal Customers,36779.89,3.0,12259.963333333331,Regular
5082,360,1.0,19883.61,1,3,3,1,Hibernating,19883.61,1.0,19883.61,Low Activity
5083,60,2.0,14463.49,4,3,2,4,Loyal Customers,14463.49,2.0,7231.745,Low Activity
5084,62,1.0,11111.61,4,3,1,3,Potential Loyalist,11111.61,1.0,11111.61,Low Activity
5085,75,2.0,27071.45,3,3,4,2,At Risk - High Value,27071.45,2.0,13535.725,Low Activity
5086,39,3.0,31659.05,4,3,4,4,Loyal Customers,31659.05,3.0,10553.016666666666,Regular
5087,9,2.0,25252.29,5,3,3,4,Loyal Customers,25252.29,2.0,12626.145,Low Activity
5088,294,1.0,10107.59,1,3,1,1,Hibernating,10107.59,1.0,10107.59,Low Activity
5089,41,2.0,13677.6,4,3,2,4,Loyal Customers,13677.6,2.0,6838.799999999999,Low Activity
5090,247,2.0,19783.01,1,3,3,2,At Risk - High Value,19783.01,2.0,9891.505,Low Activity
5091,162,4.0,48127.21,2,3,5,0,Champions,48127.21,4.0,12031.8025,High Value
5092,96,2.0,26980.68,3,3,4,2,At Risk - High Value,26980.68,2.0,13490.34,Low Activity
5093,59,1.0,6492.49,4,3,1,3,Potential Loyalist,6492.49,1.0,6492.49,Low Activity
5094,339,1.0,25026.89,1,3,3,1,Hibernating,25026.89,1.0,25026.89,Low Activity
5097,20,1.0,4995.43,5,3,1,3,Potential Loyalist,4995.43,1.0,4995.43,Low Activity
5098,103,3.0,49495.18,3,3,5,0,Champions,49495.18,3.0,16498.393333333333,High Value
5099,111,5.0,74787.43000000001,3,3,5,0,Champions,74787.43000000001,5.0,14957.486,High Value
5100,45,4.0,34739.22,4,3,4,0,Champions,34739.22,4.0,8684.805,Regular
5101,255,1.0,8002.5,1,3,1,1,Hibernating,8002.5,1.0,8002.5,Low Activity
5102,22,6.0,67887.8,5,3,5,0,Champions,67887.8,6.0,11314.633333333331,High Value
5103,24,4.0,52151.75,5,3,5,0,Champions,52151.75,4.0,13037.9375,High Value
5104,91,4.0,41287.33,3,3,5,0,Champions,41287.33,4.0,10321.8325,Regular
5105,224,2.0,19878.09,1,3,3,2,At Risk - High Value,19878.09,2.0,9939.045,Low Activity
5106,64,3.0,27451.33,4,3,4,4,Loyal Customers,27451.33,3.0,9150.443333333336,Regular
5107,40,3.0,37895.65,4,3,4,4,Loyal Customers,37895.65,3.0,12631.883333333331,Regular
5108,12,2.0,6995.99,5,3,1,3,Potential Loyalist,6995.99,2.0,3497.995,Low Activity
5109,143,3.0,20128.6,2,3,3,2,At Risk - High Value,20128.6,3.0,6709.533333333333,Regular
5110,169,1.0,18123.72,2,3,2,1,Hibernating,18123.72,1.0,18123.72,Low Activity
5111,189,1.0,14672.42,2,3,2,1,Hibernating,14672.42,1.0,14672.42,Low Activity
5112,15,4.0,72740.98999999999,5,3,5,0,Champions,72740.98999999999,4.0,18185.2475,High Value
5113,26,1.0,6892.26,5,3,1,3,Potential Loyalist,6892.26,1.0,6892.26,Low Activity
5114,265,4.0,49409.39,1,3,5,2,At Risk - High Value,49409.39,4.0,12352.3475,High Value
5116,297,1.0,6379.42,1,3,1,1,Hibernating,6379.42,1.0,6379.42,Low Activity
5118,13,2.0,29852.47,5,3,4,4,Loyal Customers,29852.47,2.0,14926.235,Low Activity
5119,155,3.0,41036.06,2,3,5,2,At Risk - High Value,41036.06,3.0,13678.686666666666,Regular
5121,85,3.0,28984.06,3,3,4,2,At Risk - High Value,28984.06,3.0,9661.353333333334,Regular
5122,56,3.0,28518.5,4,3,4,4,Loyal Customers,28518.5,3.0,9506.166666666666,Regular
5123,27,3.0,33922.32,5,3,4,4,Loyal Customers,33922.32,3.0,11307.44,Regular
5124,5,4.0,46842.74,5,3,5,0,Champions,46842.74,4.0,11710.685,High Value
5125,59,2.0,14637.2,4,3,2,4,Loyal Customers,14637.2,2.0,7318.6,Low Activity
5126,123,2.0,19269.11,3,3,3,2,At Risk - High Value,19269.11,2.0,9634.555,Low Activity
5127,220,1.0,11381.63,1,3,1,1,Hibernating,11381.63,1.0,11381.63,Low Activity
5128,90,2.0,9800.96,3,3,1,3,Potential Loyalist,9800.96,2.0,4900.48,Low Activity
5130,166,2.0,10157.57,2,3,1,1,Hibernating,10157.57,2.0,5078.785,Low Activity
5131,61,2.0,32370.08,4,3,4,4,Loyal Customers,32370.08,2.0,16185.04,Low Activity
5132,92,3.0,38666.46,3,3,5,2,At Risk - High Value,38666.46,3.0,12888.82,Regular
5133,206,2.0,34657.37,1,3,4,2,At Risk - High Value,34657.37,2.0,17328.685,Low Activity
5134,47,5.0,84243.19,4,3,5,0,Champions,84243.19,5.0,16848.638,High Value
5135,7,6.0,49021.47,5,3,5,0,Champions,49021.47,6.0,8170.245,High Value
5136,107,4.0,30166.16,3,3,4,0,Champions,30166.16,4.0,7541.54,Regular
5137,49,3.0,40505.82,4,3,5,0,Champions,40505.82,3.0,13501.94,Regular
5138,38,2.0,26498.73,4,3,3,4,Loyal Customers,26498.73,2.0,13249.365,Low Activity
5139,113,2.0,33061.520000000004,3,3,4,2,At Risk - High Value,33061.520000000004,2.0,16530.760000000002,Low Activity
5140,208,3.0,16302.37,1,3,2,2,At Risk - High Value,16302.37,3.0,5434.123333333334,Regular
5141,15,3.0,22250.16,5,3,3,4,Loyal Customers,22250.16,3.0,7416.72,Regular
5142,102,1.0,9495.9,3,3,1,3,Potential Loyalist,9495.9,1.0,9495.9,Low Activity
5143,149,1.0,6328.83,2,3,1,1,Hibernating,6328.83,1.0,6328.83,Low Activity
5145,229,2.0,35634.13,1,3,4,2,At Risk - High Value,35634.13,2.0,17817.065,Low Activity
5146,164,4.0,39247.05,2,3,5,2,At Risk - High Value,39247.05,4.0,9811.7625,Regular
5147,73,3.0,37137.76,3,3,4,2,At Risk - High Value,37137.76,3.0,12379.253333333334,Regular
5149,98,3.0,37556.740000000005,3,3,4,2,At Risk - High Value,37556.740000000005,3.0,12518.913333333336,Regular
5150,37,1.0,12686.44,4,3,2,3,Potential Loyalist,12686.44,1.0,12686.44,Low Activity
5151,85,1.0,13279.41,3,3,2,3,Potential Loyalist,13279.41,1.0,13279.41,Low Activity
5153,138,1.0,16823.73,2,3,2,1,Hibernating,16823.73,1.0,16823.73,Low Activity
5154,49,2.0,21956.6,4,3,3,4,Loyal Customers,21956.6,2.0,10978.3,Low Activity
5156,40,3.0,24541.05,4,3,3,4,Loyal Customers,24541.05,3.0,8180.349999999999,Regular
5157,11,3.0,23287.47,5,3,3,4,Loyal Customers,23287.47,3.0,7762.490000000001,Regular
5158,152,2.0,20935.31,2,3,3,2,At Risk - High Value,20935.31,2.0,10467.655,Low Activity
5159,99,3.0,40914.22,3,3,5,2,At Risk - High Value,40914.22,3.0,13638.073333333334,Regular
5160,201,2.0,24586.71,2,3,3,2,At Risk - High Value,24586.71,2.0,12293.355,Low Activity
5161,54,3.0,39040.23,4,3,5,0,Champions,39040.23,3.0,13013.410000000002,Regular
5162,66,4.0,39033.34,4,3,5,0,Champions,39033.34,4.0,9758.335,Regular
5163,27,5.0,55675.83,5,3,5,0,Champions,55675.83,5.0,11135.166,High Value
5164,179,1.0,14523.55,2,3,2,1,Hibernating,14523.55,1.0,14523.55,Low Activity
5165,48,5.0,58696.02,4,3,5,0,Champions,58696.02,5.0,11739.204,High Value
5166,190,2.0,9294.8,2,3,1,1,Hibernating,9294.8,2.0,4647.4,Low Activity
5167,38,5.0,51238.71,4,3,5,0,Champions,51238.71,5.0,10247.742,High Value
5168,57,1.0,12531.45,4,3,2,3,Potential Loyalist,12531.45,1.0,12531.45,Low Activity
5169,270,3.0,26417.63,1,3,3,2,At Risk - High Value,26417.63,3.0,8805.876666666667,Regular
5170,37,1.0,21090.0,4,3,3,3,Potential Loyalist,21090.0,1.0,21090.0,Low Activity
5172,52,3.0,29664.07,4,3,4,4,Loyal Customers,29664.07,3.0,9888.023333333333,Regular
5173,328,1.0,16232.28,1,3,2,1,Hibernating,16232.28,1.0,16232.28,Low Activity
5174,130,2.0,23643.1,2,3,3,2,At Risk - High Value,23643.1,2.0,11821.55,Low Activity
5175,100,2.0,23445.96,3,3,3,2,At Risk - High Value,23445.96,2.0,11722.98,Low Activity
5176,92,2.0,30465.75,3,3,4,2,At Risk - High Value,30465.75,2.0,15232.875,Low Activity
5177,66,3.0,47776.12,4,3,5,0,Champions,47776.12,3.0,15925.373333333331,High Value
5178,291,2.0,22563.68,1,3,3,2,At Risk - High Value,22563.68,2.0,11281.84,Low Activity
5179,66,2.0,15812.22,4,3,2,4,Loyal Customers,15812.22,2.0,7906.110000000001,Low Activity
5180,272,1.0,14508.17,1,3,2,1,Hibernating,14508.17,1.0,14508.17,Low Activity
5181,181,2.0,20033.76,2,3,3,2,At Risk - High Value,20033.76,2.0,10016.88,Low Activity
5183,46,1.0,14065.34,4,3,2,3,Potential Loyalist,14065.34,1.0,14065.34,Low Activity
5184,200,1.0,17155.95,2,3,2,1,Hibernating,17155.95,1.0,17155.95,Low Activity
5185,110,2.0,26884.5,3,3,4,2,At Risk - High Value,26884.5,2.0,13442.25,Low Activity
5186,39,2.0,28574.94,4,3,4,4,Loyal Customers,28574.94,2.0,14287.47,Low Activity
5187,253,1.0,7888.24,1,3,1,1,Hibernating,7888.24,1.0,7888.24,Low Activity
5188,154,2.0,25638.61,2,3,3,2,At Risk - High Value,25638.61,2.0,12819.305,Low Activity
5189,278,1.0,13014.98,1,3,2,1,Hibernating,13014.98,1.0,13014.98,Low Activity
5190,9,1.0,7243.8,5,3,1,3,Potential Loyalist,7243.8,1.0,7243.8,Low Activity
5191,55,3.0,20368.870000000003,4,3,3,4,Loyal Customers,20368.870000000003,3.0,6789.623333333334,Regular
5193,123,3.0,41944.48,3,3,5,0,Champions,41944.48,3.0,13981.493333333332,Regular
5194,32,1.0,10387.5,4,3,1,3,Potential Loyalist,10387.5,1.0,10387.5,Low Activity
5195,343,1.0,21900.93,1,3,3,1,Hibernating,21900.93,1.0,21900.93,Low Activity
5196,204,2.0,20423.45,1,3,3,2,At Risk - High Value,20423.45,2.0,10211.725,Low Activity
5197,67,4.0,31183.42,4,3,4,0,Champions,31183.42,4.0,7795.855,Regular
5198,221,1.0,15364.91,1,3,2,1,Hibernating,15364.91,1.0,15364.91,Low Activity
5199,225,2.0,20842.82,1,3,3,2,At Risk - High Value,20842.82,2.0,10421.41,Low Activity
5200,123,2.0,24230.800000000003,3,3,3,2,At Risk - High Value,24230.800000000003,2.0,12115.4,Low Activity
5201,25,4.0,37577.48,5,3,4,0,Champions,37577.48,4.0,9394.37,Regular
5203,148,2.0,30558.39,2,3,4,2,At Risk - High Value,30558.39,2.0,15279.195,Low Activity
5204,56,2.0,28960.01,4,3,4,4,Loyal Customers,28960.01,2.0,14480.005,Low Activity
5207,351,1.0,6440.34,1,3,1,1,Hibernating,6440.34,1.0,6440.34,Low Activity
5208,16,6.0,59046.69,5,3,5,0,Champions,59046.69,6.0,9841.115,High Value
5209,45,1.0,8482.39,4,3,1,3,Potential Loyalist,8482.39,1.0,8482.39,Low Activity
5210,109,3.0,36749.21,3,3,4,2,At Risk - High Value,36749.21,3.0,12249.736666666666,Regular
5211,97,3.0,17817.4,3,3,2,2,At Risk - High Value,17817.4,3.0,5939.133333333334,Regular
5212,192,4.0,49584.65,2,3,5,0,Champions,49584.65,4.0,12396.1625,High Value
5213,85,2.0,29122.84,3,3,4,2,At Risk - High Value,29122.84,2.0,14561.419999999998,Low Activity
5214,157,2.0,13174.73,2,3,2,2,At Risk - High Value,13174.73,2.0,6587.365,Low Activity
5215,78,3.0,37860.18,3,3,4,2,At Risk - High Value,37860.18,3.0,12620.06,Regular
5216,73,2.0,21553.66,3,3,3,2,At Risk - High Value,21553.66,2.0,10776.83,Low Activity
5217,123,2.0,27899.620000000003,3,3,4,2,At Risk - High Value,27899.620000000003,2.0,13949.81,Low Activity
5220,57,1.0,12360.4,4,3,2,3,Potential Loyalist,12360.4,1.0,12360.4,Low Activity
5221,167,1.0,10207.69,2,3,1,1,Hibernating,10207.69,1.0,10207.69,Low Activity
5222,114,1.0,12210.04,3,3,2,3,Potential Loyalist,12210.04,1.0,12210.04,Low Activity
5223,1,3.0,34770.06,5,3,4,4,Loyal Customers,34770.06,3.0,11590.02,Regular
5224,207,1.0,3269.52,1,3,1,1,Hibernating,3269.52,1.0,3269.52,Low Activity
5225,214,2.0,19148.33,1,3,3,2,At Risk - High Value,19148.33,2.0,9574.165,Low Activity
5226,13,6.0,72158.65,5,3,5,0,Champions,72158.65,6.0,12026.441666666666,High Value
5227,190,3.0,42429.58,2,3,5,2,At Risk - High Value,42429.58,3.0,14143.193333333336,Regular
5228,311,2.0,22884.52,1,3,3,2,At Risk - High Value,22884.52,2.0,11442.26,Low Activity
5229,5,2.0,18142.15,5,3,2,4,Loyal Customers,18142.15,2.0,9071.075,Low Activity
5231,69,3.0,48332.600000000006,3,3,5,0,Champions,48332.600000000006,3.0,16110.866666666669,High Value
5232,37,3.0,42062.14,4,3,5,0,Champions,42062.14,3.0,14020.713333333331,Regular
5233,113,2.0,27625.53,3,3,4,2,At Risk - High Value,27625.53,2.0,13812.765,Low Activity
5234,240,1.0,10472.09,1,3,1,1,Hibernating,10472.09,1.0,10472.09,Low Activity
5235,0,2.0,22926.25,5,3,3,4,Loyal Customers,22926.25,2.0,11463.125,Low Activity
5236,220,1.0,12151.5,1,3,2,1,Hibernating,12151.5,1.0,12151.5,Low Activity
5237,36,3.0,41684.95,4,3,5,0,Champions,41684.95,3.0,13894.983333333332,Regular
5238,0,1.0,24221.96,5,3,3,4,Loyal Customers,24221.96,1.0,24221.96,Low Activity
5239,39,4.0,27592.63,4,3,4,0,Champions,27592.63,4.0,6898.1575,Regular
5240,67,4.0,27629.56,4,3,4,0,Champions,27629.56,4.0,6907.39,Regular
5241,88,1.0,13380.69,3,3,2,3,Potential Loyalist,13380.69,1.0,13380.69,Low Activity
5242,210,1.0,5989.34,1,3,1,1,Hibernating,5989.34,1.0,5989.34,Low Activity
5244,249,1.0,16625.31,1,3,2,1,Hibernating,16625.31,1.0,16625.31,Low Activity
5245,81,1.0,8255.1,3,3,1,3,Potential Loyalist,8255.1,1.0,8255.1,Low Activity
5247,170,2.0,34441.25,2,3,4,2,At Risk - High Value,34441.25,2.0,17220.625,Low Activity
5248,300,1.0,9567.11,1,3,1,1,Hibernating,9567.11,1.0,9567.11,Low Activity
5249,14,3.0,23105.89,5,3,3,4,Loyal Customers,23105.89,3.0,7701.963333333333,Regular
5250,321,1.0,10799.97,1,3,1,1,Hibernating,10799.97,1.0,10799.97,Low Activity
5251,115,2.0,13594.52,3,3,2,2,At Risk - High Value,13594.52,2.0,6797.26,Low Activity
5252,28,2.0,33379.07,4,3,4,4,Loyal Customers,33379.07,2.0,16689.535,Low Activity
5253,129,1.0,9562.75,2,3,1,1,Hibernating,9562.75,1.0,9562.75,Low Activity
5254,7,1.0,14529.39,5,3,2,3,Potential Loyalist,14529.39,1.0,14529.39,Low Activity
5256,10,2.0,27738.35,5,3,4,4,Loyal Customers,27738.35,2.0,13869.175,Low Activity
5257,19,5.0,66649.23000000001,5,3,5,0,Champions,66649.23000000001,5.0,13329.846,High Value
5258,246,1.0,14815.27,1,3,2,1,Hibernating,14815.27,1.0,14815.27,Low Activity
5260,160,1.0,11000.45,2,3,1,1,Hibernating,11000.45,1.0,11000.45,Low Activity
5261,88,2.0,23472.42,3,3,3,2,At Risk - High Value,23472.42,2.0,11736.21,Low Activity
5263,125,1.0,14773.9,3,3,2,3,Potential Loyalist,14773.9,1.0,14773.9,Low Activity
5264,12,4.0,37038.5,5,3,4,0,Champions,37038.5,4.0,9259.625,Regular
5266,122,2.0,13949.37,3,3,2,2,At Risk - High Value,13949.37,2.0,6974.685,Low Activity
5267,138,3.0,35092.63,2,3,4,2,At Risk - High Value,35092.63,3.0,11697.543333333331,Regular
5268,99,2.0,17772.45,3,3,2,2,At Risk - High Value,17772.45,2.0,8886.225,Low Activity
5269,143,3.0,47735.3,2,3,5,2,At Risk - High Value,47735.3,3.0,15911.766666666668,High Value
5270,230,2.0,25717.28,1,3,3,2,At Risk - High Value,25717.28,2.0,12858.64,Low Activity
5271,203,1.0,12824.11,1,3,2,1,Hibernating,12824.11,1.0,12824.11,Low Activity
5272,126,2.0,21414.46,3,3,3,2,At Risk - High Value,21414.46,2.0,10707.23,Low Activity
5273,343,1.0,5097.12,1,3,1,1,Hibernating,5097.12,1.0,5097.12,Low Activity
5274,217,1.0,9028.25,1,3,1,1,Hibernating,9028.25,1.0,9028.25,Low Activity
5275,356,1.0,16714.4,1,3,2,1,Hibernating,16714.4,1.0,16714.4,Low Activity
5279,97,3.0,31656.99,3,3,4,2,At Risk - High Value,31656.99,3.0,10552.33,Regular
5280,2,5.0,57165.38,5,3,5,0,Champions,57165.38,5.0,11433.076,High Value
5281,29,3.0,37214.1,4,3,4,4,Loyal Customers,37214.1,3.0,12404.7,Regular
5282,29,2.0,35514.98,4,3,4,4,Loyal Customers,35514.98,2.0,17757.489999999998,Low Activity
5283,161,1.0,12405.39,2,3,2,1,Hibernating,12405.39,1.0,12405.39,Low Activity
5284,363,1.0,6209.23,1,3,1,1,Hibernating,6209.23,1.0,6209.23,Low Activity
5285,24,2.0,36108.33,5,3,4,4,Loyal Customers,36108.33,2.0,18054.165,Low Activity
5286,289,1.0,18416.99,1,3,2,1,Hibernating,18416.99,1.0,18416.99,Low Activity
5287,216,2.0,26594.24,1,3,3,2,At Risk - High Value,26594.24,2.0,13297.12,Low Activity
5288,71,3.0,16016.82,3,3,2,2,At Risk - High Value,16016.82,3.0,5338.94,Regular
5289,21,4.0,34982.15,5,3,4,0,Champions,34982.15,4.0,8745.5375,Regular
5290,282,2.0,18258.46,1,3,2,2,At Risk - High Value,18258.46,2.0,9129.23,Low Activity
5291,29,4.0,52726.35,4,3,5,0,Champions,52726.35,4.0,13181.5875,High Value
5292,35,2.0,10493.25,4,3,1,3,Potential Loyalist,10493.25,2.0,5246.625,Low Activity
5293,345,1.0,11943.13,1,3,2,1,Hibernating,11943.13,1.0,11943.13,Low Activity
5294,95,2.0,13697.23,3,3,2,2,At Risk - High Value,13697.23,2.0,6848.615,Low Activity
5295,28,2.0,13779.16,4,3,2,4,Loyal Customers,13779.16,2.0,6889.58,Low Activity
5297,65,2.0,16240.36,4,3,2,4,Loyal Customers,16240.36,2.0,8120.18,Low Activity
5298,15,3.0,32330.38,5,3,4,4,Loyal Customers,32330.38,3.0,10776.793333333331,Regular
5300,6,4.0,42944.93,5,3,5,0,Champions,42944.93,4.0,10736.2325,Regular
5301,38,1.0,10758.38,4,3,1,3,Potential Loyalist,10758.38,1.0,10758.38,Low Activity
5302,53,3.0,31018.97,4,3,4,4,Loyal Customers,31018.97,3.0,10339.656666666668,Regular
5303,192,1.0,7847.91,2,3,1,1,Hibernating,7847.91,1.0,7847.91,Low Activity
5304,193,2.0,18713.62,2,3,3,2,At Risk - High Value,18713.62,2.0,9356.81,Low Activity
5305,81,3.0,30281.76,3,3,4,2,At Risk - High Value,30281.76,3.0,10093.92,Regular
5306,207,1.0,12536.17,1,3,2,1,Hibernating,12536.17,1.0,12536.17,Low Activity
5307,45,1.0,6238.11,4,3,1,3,Potential Loyalist,6238.11,1.0,6238.11,Low Activity
5308,37,5.0,68453.16,4,3,5,0,Champions,68453.16,5.0,13690.632,High Value
5309,203,2.0,19482.59,1,3,3,2,At Risk - High Value,19482.59,2.0,9741.295,Low Activity
5310,1,3.0,36043.91,5,3,4,4,Loyal Customers,36043.91,3.0,12014.636666666667,Regular
5311,80,3.0,53885.74,3,3,5,0,Champions,53885.74,3.0,17961.913333333334,High Value
5312,150,3.0,39408.76,2,3,5,2,At Risk - High Value,39408.76,3.0,13136.253333333334,Regular
5313,219,2.0,31098.85,1,3,4,2,At Risk - High Value,31098.85,2.0,15549.425,Low Activity
5314,54,4.0,34080.7,4,3,4,0,Champions,34080.7,4.0,8520.175,Regular
5316,81,2.0,19479.81,3,3,3,2,At Risk - High Value,19479.81,2.0,9739.905,Low Activity
5317,129,2.0,25834.5,2,3,3,2,At Risk - High Value,25834.5,2.0,12917.25,Low Activity
5318,107,3.0,36269.18,3,3,4,2,At Risk - High Value,36269.18,3.0,12089.726666666667,Regular
5319,23,2.0,18455.19,5,3,2,4,Loyal Customers,18455.19,2.0,9227.595,Low Activity
5320,102,4.0,37065.09,3,3,4,0,Champions,37065.09,4.0,9266.2725,Regular
5321,37,2.0,30749.36,4,3,4,4,Loyal Customers,30749.36,2.0,15374.68,Low Activity
5323,54,2.0,17031.33,4,3,2,4,Loyal Customers,17031.33,2.0,8515.665,Low Activity
5324,98,2.0,20201.47,3,3,3,2,At Risk - High Value,20201.47,2.0,10100.735,Low Activity
5325,147,2.0,10112.64,2,3,1,1,Hibernating,10112.64,2.0,5056.32,Low Activity
5326,143,1.0,14215.55,2,3,2,1,Hibernating,14215.55,1.0,14215.55,Low Activity
5327,213,1.0,18379.53,1,3,2,1,Hibernating,18379.53,1.0,18379.53,Low Activity
5328,67,3.0,29438.03,4,3,4,4,Loyal Customers,29438.03,3.0,9812.676666666666,Regular
5329,221,1.0,9397.74,1,3,1,1,Hibernating,9397.74,1.0,9397.74,Low Activity
5330,99,2.0,20660.14,3,3,3,2,At Risk - High Value,20660.14,2.0,10330.07,Low Activity
5331,179,1.0,6039.31,2,3,1,1,Hibernating,6039.31,1.0,6039.31,Low Activity
5332,314,1.0,8603.57,1,3,1,1,Hibernating,8603.57,1.0,8603.57,Low Activity
5333,48,4.0,49667.55,4,3,5,0,Champions,49667.55,4.0,12416.8875,High Value
5334,28,2.0,20774.55,4,3,3,4,Loyal Customers,20774.55,2.0,10387.275,Low Activity
5335,219,3.0,40283.62,1,3,5,2,At Risk - High Value,40283.62,3.0,13427.873333333337,Regular
5336,166,2.0,9394.14,2,3,1,1,Hibernating,9394.14,2.0,4697.07,Low Activity
5337,150,1.0,9533.59,2,3,1,1,Hibernating,9533.59,1.0,9533.59,Low Activity
5338,32,5.0,42777.53,4,3,5,0,Champions,42777.53,5.0,8555.506,Regular
5339,245,2.0,11565.51,1,3,1,1,Hibernating,11565.51,2.0,5782.755,Low Activity
5340,12,2.0,26661.34,5,3,4,4,Loyal Customers,26661.34,2.0,13330.67,Low Activity
5341,158,1.0,20438.12,2,3,3,1,Hibernating,20438.12,1.0,20438.12,Low Activity
5344,228,1.0,16070.69,1,3,2,1,Hibernating,16070.69,1.0,16070.69,Low Activity
5345,1,2.0,18924.26,5,3,3,4,Loyal Customers,18924.26,2.0,9462.13,Low Activity
5346,200,2.0,28728.37,2,3,4,2,At Risk - High Value,28728.37,2.0,14364.185,Low Activity
5347,235,1.0,15844.67,1,3,2,1,Hibernating,15844.67,1.0,15844.67,Low Activity
5350,22,5.0,43309.33,5,3,5,0,Champions,43309.33,5.0,8661.866,Regular
5351,35,1.0,8330.97,4,3,1,3,Potential Loyalist,8330.97,1.0,8330.97,Low Activity
5352,52,4.0,45832.94,4,3,5,0,Champions,45832.94,4.0,11458.235,Regular
5353,29,3.0,21077.37,4,3,3,4,Loyal Customers,21077.37,3.0,7025.79,Regular
5354,5,4.0,57221.58,5,3,5,0,Champions,57221.58,4.0,14305.395,High Value
5355,176,1.0,12097.51,2,3,2,1,Hibernating,12097.51,1.0,12097.51,Low Activity
5356,43,2.0,17082.22,4,3,2,4,Loyal Customers,17082.22,2.0,8541.11,Low Activity
5357,49,2.0,30524.96,4,3,4,4,Loyal Customers,30524.96,2.0,15262.48,Low Activity
5358,7,7.0,96689.93,5,3,5,0,Champions,96689.93,7.0,13812.84714285714,High Value
5359,120,2.0,20539.6,3,3,3,2,At Risk - High Value,20539.6,2.0,10269.8,Low Activity
5360,199,1.0,19879.79,2,3,3,1,Hibernating,19879.79,1.0,19879.79,Low Activity
5361,157,3.0,30488.009999999995,2,3,4,2,At Risk - High Value,30488.009999999995,3.0,10162.669999999998,Regular
5362,145,3.0,26400.81,2,3,3,2,At Risk - High Value,26400.81,3.0,8800.27,Regular
5363,166,1.0,8711.21,2,3,1,1,Hibernating,8711.21,1.0,8711.21,Low Activity
5364,346,1.0,8776.14,1,3,1,1,Hibernating,8776.14,1.0,8776.14,Low Activity
5365,11,4.0,51317.97,5,3,5,0,Champions,51317.97,4.0,12829.4925,High Value
5367,157,2.0,21639.24,2,3,3,2,At Risk - High Value,21639.24,2.0,10819.62,Low Activity
5368,16,2.0,43364.04,5,3,5,4,Loyal Customers,43364.04,2.0,21682.02,Low Activity
5369,116,2.0,32397.6,3,3,4,2,At Risk - High Value,32397.6,2.0,16198.8,Low Activity
5370,152,4.0,47067.83,2,3,5,0,Champions,47067.83,4.0,11766.9575,High Value
5371,262,1.0,11978.06,1,3,2,1,Hibernating,11978.06,1.0,11978.06,Low Activity
5372,27,1.0,15731.35,5,3,2,3,Potential Loyalist,15731.35,1.0,15731.35,Low Activity
5373,335,1.0,20083.54,1,3,3,1,Hibernating,20083.54,1.0,20083.54,Low Activity
5374,330,1.0,9394.05,1,3,1,1,Hibernating,9394.05,1.0,9394.05,Low Activity
5375,214,1.0,13993.25,1,3,2,1,Hibernating,13993.25,1.0,13993.25,Low Activity
5376,126,2.0,27011.34,3,3,4,2,At Risk - High Value,27011.34,2.0,13505.67,Low Activity
5377,15,4.0,29203.58,5,3,4,0,Champions,29203.58,4.0,7300.895,Regular
5378,204,2.0,30559.18,1,3,4,2,At Risk - High Value,30559.18,2.0,15279.59,Low Activity
5379,137,2.0,37383.76,2,3,4,2,At Risk - High Value,37383.76,2.0,18691.88,Low Activity
5380,93,2.0,13661.43,3,3,2,2,At Risk - High Value,13661.43,2.0,6830.715,Low Activity
5383,192,1.0,11562.63,2,3,1,1,Hibernating,11562.63,1.0,11562.63,Low Activity
5385,41,3.0,24957.42,4,3,3,4,Loyal Customers,24957.42,3.0,8319.140000000001,Regular
5386,163,6.0,66469.76999999999,2,3,5,0,Champions,66469.76999999999,6.0,11078.294999999998,High Value
5387,173,2.0,12817.45,2,3,2,2,At Risk - High Value,12817.45,2.0,6408.725,Low Activity
5388,31,3.0,25393.99,4,3,3,4,Loyal Customers,25393.99,3.0,8464.663333333334,Regular
5389,16,2.0,37333.78,5,3,4,4,Loyal Customers,37333.78,2.0,18666.89,Low Activity
5391,73,3.0,24458.82,3,3,3,2,At Risk - High Value,24458.82,3.0,8152.94,Regular
5392,214,1.0,16701.28,1,3,2,1,Hibernating,16701.28,1.0,16701.28,Low Activity
5393,84,4.0,56548.71,3,3,5,0,Champions,56548.71,4.0,14137.1775,High Value
5394,148,4.0,35072.78,2,3,4,2,At Risk - High Value,35072.78,4.0,8768.195,Regular
5395,10,1.0,8829.47,5,3,1,3,Potential Loyalist,8829.47,1.0,8829.47,Low Activity
5396,53,2.0,28283.9,4,3,4,4,Loyal Customers,28283.9,2.0,14141.95,Low Activity
5397,36,4.0,57797.6,4,3,5,0,Champions,57797.6,4.0,14449.4,High Value
5399,117,2.0,27339.51,3,3,4,2,At Risk - High Value,27339.51,2.0,13669.755,Low Activity
5400,101,2.0,51197.93,3,3,5,2,At Risk - High Value,51197.93,2.0,25598.965,High Value
5401,206,1.0,13525.72,1,3,2,1,Hibernating,13525.72,1.0,13525.72,Low Activity
5402,192,3.0,32400.370000000003,2,3,4,2,At Risk - High Value,32400.370000000003,3.0,10800.123333333337,Regular
5403,6,2.0,22933.23,5,3,3,4,Loyal Customers,22933.23,2.0,11466.615,Low Activity
5404,73,2.0,26014.52,3,3,3,2,At Risk - High Value,26014.52,2.0,13007.26,Low Activity
5405,25,5.0,56959.97,5,3,5,0,Champions,56959.97,5.0,11391.994,High Value
5406,75,4.0,48572.8,3,3,5,0,Champions,48572.8,4.0,12143.2,High Value
5407,81,2.0,18611.81,3,3,3,2,At Risk - High Value,18611.81,2.0,9305.905,Low Activity
5408,85,2.0,17827.0,3,3,2,2,At Risk - High Value,17827.0,2.0,8913.5,Low Activity
5409,59,3.0,31142.5,4,3,4,4,Loyal Customers,31142.5,3.0,10380.833333333334,Regular
5410,35,1.0,6342.67,4,3,1,3,Potential Loyalist,6342.67,1.0,6342.67,Low Activity
5411,234,4.0,49899.57,1,3,5,2,At Risk - High Value,49899.57,4.0,12474.8925,High Value
5412,24,1.0,10520.49,5,3,1,3,Potential Loyalist,10520.49,1.0,10520.49,Low Activity
5413,339,1.0,13865.86,1,3,2,1,Hibernating,13865.86,1.0,13865.86,Low Activity
5414,109,3.0,36031.54,3,3,4,2,At Risk - High Value,36031.54,3.0,12010.513333333334,Regular
5415,134,1.0,11475.74,2,3,1,1,Hibernating,11475.74,1.0,11475.74,Low Activity
5418,169,2.0,17824.28,2,3,2,2,At Risk - High Value,17824.28,2.0,8912.14,Low Activity
5419,9,3.0,20785.64,5,3,3,4,Loyal Customers,20785.64,3.0,6928.546666666666,Regular
5420,63,2.0,19824.28,4,3,3,4,Loyal Customers,19824.28,2.0,9912.14,Low Activity
5421,0,5.0,47357.96,5,3,5,0,Champions,47357.96,5.0,9471.592,High Value
5422,67,2.0,19715.04,4,3,3,4,Loyal Customers,19715.04,2.0,9857.52,Low Activity
5423,241,2.0,16722.79,1,3,2,2,At Risk - High Value,16722.79,2.0,8361.395,Low Activity
5425,27,5.0,52071.09,5,3,5,0,Champions,52071.09,5.0,10414.218,High Value
5426,171,3.0,44247.64,2,3,5,2,At Risk - High Value,44247.64,3.0,14749.213333333331,Regular
5427,136,2.0,9663.95,2,3,1,1,Hibernating,9663.95,2.0,4831.975,Low Activity
5431,285,1.0,7102.13,1,3,1,1,Hibernating,7102.13,1.0,7102.13,Low Activity
5432,39,2.0,11629.15,4,3,2,3,Potential Loyalist,11629.15,2.0,5814.575,Low Activity
5433,18,3.0,33595.21,5,3,4,4,Loyal Customers,33595.21,3.0,11198.403333333334,Regular
5434,161,3.0,23880.78,2,3,3,2,At Risk - High Value,23880.78,3.0,7960.259999999999,Regular
5435,199,2.0,19239.38,2,3,3,2,At Risk - High Value,19239.38,2.0,9619.69,Low Activity
5436,144,1.0,3431.4,2,3,1,1,Hibernating,3431.4,1.0,3431.4,Low Activity
5437,46,3.0,14007.08,4,3,2,4,Loyal Customers,14007.08,3.0,4669.026666666667,Regular
5438,42,1.0,8946.05,4,3,1,3,Potential Loyalist,8946.05,1.0,8946.05,Low Activity
5439,133,3.0,48044.97,2,3,5,2,At Risk - High Value,48044.97,3.0,16014.989999999998,High Value
5440,198,1.0,13234.02,2,3,2,1,Hibernating,13234.02,1.0,13234.02,Low Activity
5441,47,1.0,11136.96,4,3,1,3,Potential Loyalist,11136.96,1.0,11136.96,Low Activity
5442,171,1.0,20954.5,2,3,3,1,Hibernating,20954.5,1.0,20954.5,Low Activity
5443,32,7.0,75321.29000000001,4,3,5,0,Champions,75321.29000000001,7.0,10760.184285714287,High Value
5444,109,2.0,16683.98,3,3,2,2,At Risk - High Value,16683.98,2.0,8341.99,Low Activity
5445,157,2.0,21405.28,2,3,3,2,At Risk - High Value,21405.28,2.0,10702.64,Low Activity
5446,83,2.0,23938.87,3,3,3,2,At Risk - High Value,23938.87,2.0,11969.435,Low Activity
5449,175,2.0,40799.98,2,3,5,2,At Risk - High Value,40799.98,2.0,20399.99,Low Activity
5451,20,3.0,33474.02,5,3,4,4,Loyal Customers,33474.02,3.0,11158.006666666666,Regular
5452,104,4.0,43499.97,3,3,5,0,Champions,43499.97,4.0,10874.9925,Regular
5453,30,4.0,35542.26,4,3,4,0,Champions,35542.26,4.0,8885.565,Regular
5454,235,1.0,14938.28,1,3,2,1,Hibernating,14938.28,1.0,14938.28,Low Activity
5455,248,1.0,3780.38,1,3,1,1,Hibernating,3780.38,1.0,3780.38,Low Activity
5456,177,2.0,14253.29,2,3,2,2,At Risk - High Value,14253.29,2.0,7126.645,Low Activity
5458,38,5.0,53646.38,4,3,5,0,Champions,53646.38,5.0,10729.276,High Value
5460,1,6.0,73851.72,5,3,5,0,Champions,73851.72,6.0,12308.62,High Value
5461,130,3.0,23277.22,2,3,3,2,At Risk - High Value,23277.22,3.0,7759.073333333334,Regular
5463,262,2.0,28951.52,1,3,4,2,At Risk - High Value,28951.52,2.0,14475.76,Low Activity
5464,359,1.0,11920.45,1,3,2,1,Hibernating,11920.45,1.0,11920.45,Low Activity
5465,35,3.0,35717.82,4,3,4,4,Loyal Customers,35717.82,3.0,11905.94,Regular
5467,56,4.0,41366.8,4,3,5,0,Champions,41366.8,4.0,10341.7,Regular
5468,333,1.0,16099.49,1,3,2,1,Hibernating,16099.49,1.0,16099.49,Low Activity
5469,18,1.0,15729.5,5,3,2,3,Potential Loyalist,15729.5,1.0,15729.5,Low Activity
5470,12,4.0,47215.21000000001,5,3,5,0,Champions,47215.21000000001,4.0,11803.802500000002,High Value
5471,6,5.0,48213.08,5,3,5,0,Champions,48213.08,5.0,9642.616,High Value
5472,10,5.0,45750.54,5,3,5,0,Champions,45750.54,5.0,9150.108,Regular
5473,162,2.0,15770.82,2,3,2,2,At Risk - High Value,15770.82,2.0,7885.41,Low Activity
5474,36,7.0,97517.08,4,3,5,0,Champions,97517.08,7.0,13931.011428571428,High Value
5475,222,2.0,13660.44,1,3,2,1,Hibernating,13660.44,2.0,6830.22,Low Activity
5476,294,1.0,12069.69,1,3,2,1,Hibernating,12069.69,1.0,12069.69,Low Activity
5477,93,3.0,24057.89,3,3,3,2,At Risk - High Value,24057.89,3.0,8019.296666666666,Regular
5478,84,3.0,49380.41,3,3,5,0,Champions,49380.41,3.0,16460.13666666667,High Value
5479,37,4.0,32086.57,4,3,4,0,Champions,32086.57,4.0,8021.6425,Regular
5480,115,4.0,37430.43,3,3,4,0,Champions,37430.43,4.0,9357.6075,Regular
5481,17,4.0,41972.98,5,3,5,0,Champions,41972.98,4.0,10493.245,Regular
5482,66,3.0,58311.4,4,3,5,0,Champions,58311.4,3.0,19437.13333333333,High Value
5483,231,1.0,6391.38,1,3,1,1,Hibernating,6391.38,1.0,6391.38,Low Activity
5484,101,3.0,18078.55,3,3,2,2,At Risk - High Value,18078.55,3.0,6026.183333333333,Regular
5485,134,3.0,33744.46,2,3,4,2,At Risk - High Value,33744.46,3.0,11248.153333333334,Regular
5486,15,2.0,35076.71,5,3,4,4,Loyal Customers,35076.71,2.0,17538.355,Low Activity
5487,0,3.0,20488.09,5,3,3,4,Loyal Customers,20488.09,3.0,6829.363333333334,Regular
5488,49,1.0,5948.78,4,3,1,3,Potential Loyalist,5948.78,1.0,5948.78,Low Activity
5489,175,2.0,13809.8,2,3,2,2,At Risk - High Value,13809.8,2.0,6904.9,Low Activity
5490,210,1.0,21763.25,1,3,3,1,Hibernating,21763.25,1.0,21763.25,Low Activity
5491,69,5.0,36545.17,3,3,4,0,Champions,36545.17,5.0,7309.034,Regular
5492,14,3.0,22619.23,5,3,3,4,Loyal Customers,22619.23,3.0,7539.743333333333,Regular
5493,193,2.0,23568.92,2,3,3,2,At Risk - High Value,23568.92,2.0,11784.46,Low Activity
5494,43,1.0,12172.81,4,3,2,3,Potential Loyalist,12172.81,1.0,12172.81,Low Activity
5495,46,3.0,24424.91,4,3,3,4,Loyal Customers,24424.91,3.0,8141.636666666666,Regular
5496,151,1.0,3689.68,2,3,1,1,Hibernating,3689.68,1.0,3689.68,Low Activity
5497,24,4.0,44366.35,5,3,5,0,Champions,44366.35,4.0,11091.5875,Regular
5498,179,3.0,37870.24,2,3,4,2,At Risk - High Value,37870.24,3.0,12623.413333333332,Regular
5499,23,5.0,42657.5,5,3,5,0,Champions,42657.5,5.0,8531.5,Regular
5500,270,2.0,24535.0,1,3,3,2,At Risk - High Value,24535.0,2.0,12267.5,Low Activity
5501,122,3.0,32108.1,3,3,4,2,At Risk - High Value,32108.1,3.0,10702.7,Regular
5502,299,1.0,4084.02,1,3,1,1,Hibernating,4084.02,1.0,4084.02,Low Activity
5503,49,1.0,13915.11,4,3,2,3,Potential Loyalist,13915.11,1.0,13915.11,Low Activity
5504,67,2.0,21277.71,4,3,3,4,Loyal Customers,21277.71,2.0,10638.855,Low Activity
5505,245,1.0,11534.11,1,3,1,1,Hibernating,11534.11,1.0,11534.11,Low Activity
5507,20,4.0,54353.81,5,3,5,0,Champions,54353.81,4.0,13588.4525,High Value
5509,83,4.0,42358.25,3,3,5,0,Champions,42358.25,4.0,10589.5625,Regular
5510,294,1.0,7274.02,1,3,1,1,Hibernating,7274.02,1.0,7274.02,Low Activity
5511,304,1.0,8528.59,1,3,1,1,Hibernating,8528.59,1.0,8528.59,Low Activity
5513,38,5.0,52834.47,4,3,5,0,Champions,52834.47,5.0,10566.894,High Value
5515,38,3.0,30517.64,4,3,4,4,Loyal Customers,30517.64,3.0,10172.546666666669,Regular
5516,160,3.0,23398.48,2,3,3,2,At Risk - High Value,23398.48,3.0,7799.493333333333,Regular
5517,98,2.0,18893.12,3,3,3,2,At Risk - High Value,18893.12,2.0,9446.56,Low Activity
5518,332,1.0,8329.17,1,3,1,1,Hibernating,8329.17,1.0,8329.17,Low Activity
5520,79,3.0,46310.82,3,3,5,0,Champions,46310.82,3.0,15436.94,High Value
5521,191,1.0,6815.01,2,3,1,1,Hibernating,6815.01,1.0,6815.01,Low Activity
5522,167,1.0,14135.86,2,3,2,1,Hibernating,14135.86,1.0,14135.86,Low Activity
5523,264,1.0,6657.71,1,3,1,1,Hibernating,6657.71,1.0,6657.71,Low Activity
5524,9,2.0,25819.92,5,3,3,4,Loyal Customers,25819.92,2.0,12909.96,Low Activity
5525,10,1.0,11394.14,5,3,1,3,Potential Loyalist,11394.14,1.0,11394.14,Low Activity
5526,23,3.0,52179.3,5,3,5,0,Champions,52179.3,3.0,17393.100000000002,High Value
5527,61,6.0,54646.73,4,3,5,0,Champions,54646.73,6.0,9107.788333333332,High Value
5528,67,4.0,56182.62,4,3,5,0,Champions,56182.62,4.0,14045.655,High Value
5529,99,1.0,9418.91,3,3,1,3,Potential Loyalist,9418.91,1.0,9418.91,Low Activity
5530,130,2.0,12394.8,2,3,2,2,At Risk - High Value,12394.8,2.0,6197.4,Low Activity
5532,13,4.0,62393.2,5,3,5,0,Champions,62393.2,4.0,15598.3,High Value
5533,173,2.0,32574.59,2,3,4,2,At Risk - High Value,32574.59,2.0,16287.294999999998,Low Activity
5534,47,6.0,73799.90000000001,4,3,5,0,Champions,73799.90000000001,6.0,12299.983333333335,High Value
5535,11,6.0,49392.41,5,3,5,0,Champions,49392.41,6.0,8232.068333333333,High Value
5537,232,1.0,14698.32,1,3,2,1,Hibernating,14698.32,1.0,14698.32,Low Activity
5538,43,5.0,55693.22,4,3,5,0,Champions,55693.22,5.0,11138.644,High Value
5539,10,4.0,46522.15,5,3,5,0,Champions,46522.15,4.0,11630.5375,High Value
5540,206,2.0,24315.2,1,3,3,2,At Risk - High Value,24315.2,2.0,12157.6,Low Activity
5541,120,2.0,21852.050000000003,3,3,3,2,At Risk - High Value,21852.050000000003,2.0,10926.025,Low Activity
5542,90,3.0,44272.8,3,3,5,0,Champions,44272.8,3.0,14757.6,Regular
5543,253,3.0,36013.75,1,3,4,2,At Risk - High Value,36013.75,3.0,12004.583333333334,Regular
5545,213,2.0,30206.21,1,3,4,2,At Risk - High Value,30206.21,2.0,15103.105,Low Activity
5546,95,2.0,29449.57,3,3,4,2,At Risk - High Value,29449.57,2.0,14724.785,Low Activity
5547,266,1.0,20720.7,1,3,3,1,Hibernating,20720.7,1.0,20720.7,Low Activity
5548,70,1.0,9151.2,3,3,1,3,Potential Loyalist,9151.2,1.0,9151.2,Low Activity
5549,18,2.0,15922.16,5,3,2,4,Loyal Customers,15922.16,2.0,7961.08,Low Activity
5550,256,1.0,8297.56,1,3,1,1,Hibernating,8297.56,1.0,8297.56,Low Activity
5551,12,1.0,7019.03,5,3,1,3,Potential Loyalist,7019.03,1.0,7019.03,Low Activity
5552,112,3.0,37714.18,3,3,4,2,At Risk - High Value,37714.18,3.0,12571.393333333332,Regular
5554,153,2.0,9956.52,2,3,1,1,Hibernating,9956.52,2.0,4978.26,Low Activity
5556,45,3.0,39014.95,4,3,5,0,Champions,39014.95,3.0,13004.983333333332,Regular
5557,19,2.0,35015.03,5,3,4,4,Loyal Customers,35015.03,2.0,17507.515,Low Activity
5559,221,3.0,23331.32,1,3,3,2,At Risk - High Value,23331.32,3.0,7777.106666666667,Regular
5560,13,2.0,17838.2,5,3,2,4,Loyal Customers,17838.2,2.0,8919.1,Low Activity
5561,321,1.0,12656.59,1,3,2,1,Hibernating,12656.59,1.0,12656.59,Low Activity
5562,100,2.0,23349.98,3,3,3,2,At Risk - High Value,23349.98,2.0,11674.99,Low Activity
5563,36,3.0,29395.2,4,3,4,4,Loyal Customers,29395.2,3.0,9798.4,Regular
5564,301,2.0,16329.19,1,3,2,2,At Risk - High Value,16329.19,2.0,8164.594999999999,Low Activity
5565,14,5.0,67986.89,5,3,5,0,Champions,67986.89,5.0,13597.378,High Value
5567,81,3.0,32870.270000000004,3,3,4,2,At Risk - High Value,32870.270000000004,3.0,10956.756666666668,Regular
5568,85,2.0,31491.34,3,3,4,2,At Risk - High Value,31491.34,2.0,15745.67,Low Activity
5569,259,1.0,19529.11,1,3,3,1,Hibernating,19529.11,1.0,19529.11,Low Activity
5570,202,1.0,8318.99,1,3,1,1,Hibernating,8318.99,1.0,8318.99,Low Activity
5571,340,1.0,7192.93,1,3,1,1,Hibernating,7192.93,1.0,7192.93,Low Activity
5572,23,5.0,68515.99,5,3,5,0,Champions,68515.99,5.0,13703.198,High Value
5573,61,1.0,11313.79,4,3,1,3,Potential Loyalist,11313.79,1.0,11313.79,Low Activity
5574,58,2.0,37165.29,4,3,4,4,Loyal Customers,37165.29,2.0,18582.645,Low Activity
5575,160,2.0,28117.620000000003,2,3,4,2,At Risk - High Value,28117.620000000003,2.0,14058.81,Low Activity
5576,326,2.0,18682.62,1,3,3,2,At Risk - High Value,18682.62,2.0,9341.31,Low Activity
5577,253,2.0,30983.7,1,3,4,2,At Risk - High Value,30983.7,2.0,15491.85,Low Activity
5579,40,2.0,19979.76,4,3,3,4,Loyal Customers,19979.76,2.0,9989.88,Low Activity
5580,52,3.0,31022.51,4,3,4,4,Loyal Customers,31022.51,3.0,10340.836666666668,Regular
5581,23,7.0,75394.56999999999,5,3,5,0,Champions,75394.56999999999,7.0,10770.652857142855,High Value
5582,120,3.0,13722.12,3,3,2,2,At Risk - High Value,13722.12,3.0,4574.04,Regular
5583,164,2.0,11678.89,2,3,2,1,Hibernating,11678.89,2.0,5839.445,Low Activity
5584,4,3.0,22757.15,5,3,3,4,Loyal Customers,22757.15,3.0,7585.716666666667,Regular
5585,46,4.0,54415.05,4,3,5,0,Champions,54415.05,4.0,13603.7625,High Value
5586,97,1.0,5817.48,3,3,1,3,Potential Loyalist,5817.48,1.0,5817.48,Low Activity
5587,65,3.0,25273.72,4,3,3,4,Loyal Customers,25273.72,3.0,8424.573333333334,Regular
5588,2,2.0,32430.68,5,3,4,4,Loyal Customers,32430.68,2.0,16215.34,Low Activity
5589,74,4.0,39962.84,3,3,5,0,Champions,39962.84,4.0,9990.71,Regular
5590,164,2.0,19946.87,2,3,3,2,At Risk - High Value,19946.87,2.0,9973.435,Low Activity
5591,339,1.0,22079.18,1,3,3,1,Hibernating,22079.18,1.0,22079.18,Low Activity
5592,2,3.0,43265.22,5,3,5,4,Loyal Customers,43265.22,3.0,14421.74,Regular
5593,73,4.0,41159.19,3,3,5,0,Champions,41159.19,4.0,10289.7975,Regular
5595,328,1.0,7024.82,1,3,1,1,Hibernating,7024.82,1.0,7024.82,Low Activity
5596,14,1.0,9672.58,5,3,1,3,Potential Loyalist,9672.58,1.0,9672.58,Low Activity
5597,192,1.0,10984.05,2,3,1,1,Hibernating,10984.05,1.0,10984.05,Low Activity
5598,37,4.0,44478.85,4,3,5,0,Champions,44478.85,4.0,11119.7125,Regular
5599,313,1.0,11104.64,1,3,1,1,Hibernating,11104.64,1.0,11104.64,Low Activity
5601,52,3.0,26260.56,4,3,3,4,Loyal Customers,26260.56,3.0,8753.519999999999,Regular
5603,23,1.0,13691.0,5,3,2,3,Potential Loyalist,13691.0,1.0,13691.0,Low Activity
5604,273,1.0,8646.11,1,3,1,1,Hibernating,8646.11,1.0,8646.11,Low Activity
5605,190,2.0,43583.15,2,3,5,2,At Risk - High Value,43583.15,2.0,21791.575,Low Activity
5606,198,2.0,31694.72,2,3,4,2,At Risk - High Value,31694.72,2.0,15847.36,Low Activity
5608,65,4.0,36147.53,4,3,4,0,Champions,36147.53,4.0,9036.8825,Regular
5609,43,4.0,40747.76,4,3,5,0,Champions,40747.76,4.0,10186.94,Regular
5610,60,2.0,28707.99,4,3,4,4,Loyal Customers,28707.99,2.0,14353.995,Low Activity
5611,98,3.0,30846.94,3,3,4,2,At Risk - High Value,30846.94,3.0,10282.313333333334,Regular
5612,1,3.0,35072.07,5,3,4,4,Loyal Customers,35072.07,3.0,11690.69,Regular
5613,216,4.0,36467.33,1,3,4,2,At Risk - High Value,36467.33,4.0,9116.8325,Regular
5614,162,1.0,4379.75,2,3,1,1,Hibernating,4379.75,1.0,4379.75,Low Activity
5615,12,2.0,16644.49,5,3,2,4,Loyal Customers,16644.49,2.0,8322.245,Low Activity
5616,225,3.0,38210.58,1,3,5,2,At Risk - High Value,38210.58,3.0,12736.86,Regular
5618,313,1.0,11183.22,1,3,1,1,Hibernating,11183.22,1.0,11183.22,Low Activity
5619,146,1.0,4657.72,2,3,1,1,Hibernating,4657.72,1.0,4657.72,Low Activity
5620,61,2.0,10573.51,4,3,1,3,Potential Loyalist,10573.51,2.0,5286.755,Low Activity
5621,17,5.0,46309.74,5,3,5,0,Champions,46309.74,5.0,9261.948,High Value
5622,128,4.0,33655.0,3,3,4,0,Champions,33655.0,4.0,8413.75,Regular
5623,10,2.0,31318.75,5,3,4,4,Loyal Customers,31318.75,2.0,15659.375,Low Activity
5625,183,2.0,24255.82,2,3,3,2,At Risk - High Value,24255.82,2.0,12127.91,Low Activity
5626,18,2.0,23921.870000000003,5,3,3,4,Loyal Customers,23921.870000000003,2.0,11960.935,Low Activity
5627,17,5.0,59069.71000000001,5,3,5,0,Champions,59069.71000000001,5.0,11813.942,High Value
5628,315,1.0,9585.24,1,3,1,1,Hibernating,9585.24,1.0,9585.24,Low Activity
5630,94,2.0,11464.11,3,3,1,3,Potential Loyalist,11464.11,2.0,5732.055,Low Activity
5631,133,2.0,30792.82,2,3,4,2,At Risk - High Value,30792.82,2.0,15396.41,Low Activity
5632,271,1.0,13203.19,1,3,2,1,Hibernating,13203.19,1.0,13203.19,Low Activity
5633,216,3.0,11915.94,1,3,2,2,At Risk - High Value,11915.94,3.0,3971.98,Regular
5634,83,3.0,26634.050000000003,3,3,3,2,At Risk - High Value,26634.050000000003,3.0,8878.016666666668,Regular
5635,53,2.0,19945.46,4,3,3,4,Loyal Customers,19945.46,2.0,9972.73,Low Activity
5636,177,4.0,52578.72,2,3,5,0,Champions,52578.72,4.0,13144.68,High Value
5638,53,2.0,14811.28,4,3,2,4,Loyal Customers,14811.28,2.0,7405.639999999999,Low Activity
5639,14,2.0,27948.520000000004,5,3,4,4,Loyal Customers,27948.520000000004,2.0,13974.260000000002,Low Activity
5640,189,2.0,26825.86,2,3,4,2,At Risk - High Value,26825.86,2.0,13412.93,Low Activity
5641,290,2.0,40589.11,1,3,5,2,At Risk - High Value,40589.11,2.0,20294.555,Low Activity
5642,161,2.0,17428.55,2,3,2,2,At Risk - High Value,17428.55,2.0,8714.275,Low Activity
5643,132,1.0,3394.9,2,3,1,1,Hibernating,3394.9,1.0,3394.9,Low Activity
5644,46,5.0,84670.6,4,3,5,0,Champions,84670.6,5.0,16934.120000000003,High Value
5645,50,5.0,56725.42,4,3,5,0,Champions,56725.42,5.0,11345.084,High Value
5646,86,1.0,18925.26,3,3,3,3,Potential Loyalist,18925.26,1.0,18925.26,Low Activity
5647,85,2.0,26617.79,3,3,3,2,At Risk - High Value,26617.79,2.0,13308.895,Low Activity
5648,27,5.0,35656.96,5,3,4,0,Champions,35656.96,5.0,7131.392,Regular
5649,80,2.0,23819.2,3,3,3,2,At Risk - High Value,23819.2,2.0,11909.6,Low Activity
5650,142,4.0,49699.59,2,3,5,0,Champions,49699.59,4.0,12424.8975,High Value
5651,69,3.0,28828.35,3,3,4,2,At Risk - High Value,28828.35,3.0,9609.45,Regular
5652,362,1.0,15288.2,1,3,2,1,Hibernating,15288.2,1.0,15288.2,Low Activity
5654,120,3.0,37357.41,3,3,4,2,At Risk - High Value,37357.41,3.0,12452.47,Regular
5655,41,4.0,53864.97,4,3,5,0,Champions,53864.97,4.0,13466.2425,High Value
5656,11,6.0,41379.63,5,3,5,0,Champions,41379.63,6.0,6896.605,Regular
5657,181,1.0,7703.36,2,3,1,1,Hibernating,7703.36,1.0,7703.36,Low Activity
5658,312,1.0,11298.5,1,3,1,1,Hibernating,11298.5,1.0,11298.5,Low Activity
5659,79,3.0,21239.66,3,3,3,2,At Risk - High Value,21239.66,3.0,7079.886666666666,Regular
5660,58,2.0,21801.6,4,3,3,4,Loyal Customers,21801.6,2.0,10900.8,Low Activity
5661,28,3.0,46341.78,4,3,5,0,Champions,46341.78,3.0,15447.26,High Value
5662,195,3.0,33279.66,2,3,4,2,At Risk - High Value,33279.66,3.0,11093.22,Regular
5663,199,1.0,6288.13,2,3,1,1,Hibernating,6288.13,1.0,6288.13,Low Activity
5665,39,1.0,15982.5,4,3,2,3,Potential Loyalist,15982.5,1.0,15982.5,Low Activity
5666,146,3.0,28362.5,2,3,4,2,At Risk - High Value,28362.5,3.0,9454.166666666666,Regular
5668,134,2.0,33790.6,2,3,4,2,At Risk - High Value,33790.6,2.0,16895.3,Low Activity
5669,165,4.0,34678.22,2,3,4,2,At Risk - High Value,34678.22,4.0,8669.555,Regular
5670,15,1.0,14840.73,5,3,2,3,Potential Loyalist,14840.73,1.0,14840.73,Low Activity
5671,153,1.0,17499.97,2,3,2,1,Hibernating,17499.97,1.0,17499.97,Low Activity
5672,3,2.0,18511.48,5,3,3,4,Loyal Customers,18511.48,2.0,9255.74,Low Activity
5673,112,2.0,29013.65,3,3,4,2,At Risk - High Value,29013.65,2.0,14506.825,Low Activity
5674,69,2.0,18125.4,3,3,2,2,At Risk - High Value,18125.4,2.0,9062.7,Low Activity
5675,146,2.0,21662.98,2,3,3,2,At Risk - High Value,21662.98,2.0,10831.49,Low Activity
5676,23,1.0,7076.98,5,3,1,3,Potential Loyalist,7076.98,1.0,7076.98,Low Activity
5677,246,1.0,10223.61,1,3,1,1,Hibernating,10223.61,1.0,10223.61,Low Activity
5678,48,1.0,8983.41,4,3,1,3,Potential Loyalist,8983.41,1.0,8983.41,Low Activity
5679,174,2.0,19710.71,2,3,3,2,At Risk - High Value,19710.71,2.0,9855.355,Low Activity
5680,62,1.0,4861.13,4,3,1,3,Potential Loyalist,4861.13,1.0,4861.13,Low Activity
5681,27,6.0,75208.04000000001,5,3,5,0,Champions,75208.04000000001,6.0,12534.673333333334,High Value
5682,6,1.0,11926.29,5,3,2,3,Potential Loyalist,11926.29,1.0,11926.29,Low Activity
5683,6,1.0,5971.11,5,3,1,3,Potential Loyalist,5971.11,1.0,5971.11,Low Activity
5684,76,2.0,9489.15,3,3,1,3,Potential Loyalist,9489.15,2.0,4744.575,Low Activity
5685,184,2.0,17393.7,2,3,2,2,At Risk - High Value,17393.7,2.0,8696.85,Low Activity
5687,216,2.0,41846.93,1,3,5,2,At Risk - High Value,41846.93,2.0,20923.465,Low Activity
5688,6,4.0,38806.14,5,3,5,0,Champions,38806.14,4.0,9701.535,Regular
5689,300,1.0,8446.68,1,3,1,1,Hibernating,8446.68,1.0,8446.68,Low Activity
5692,153,2.0,19726.56,2,3,3,2,At Risk - High Value,19726.56,2.0,9863.28,Low Activity
5694,32,4.0,28743.59,4,3,4,0,Champions,28743.59,4.0,7185.8975,Regular
5695,24,6.0,74768.11,5,3,5,0,Champions,74768.11,6.0,12461.351666666667,High Value
5696,28,1.0,8012.06,4,3,1,3,Potential Loyalist,8012.06,1.0,8012.06,Low Activity
5697,159,1.0,9564.17,2,3,1,1,Hibernating,9564.17,1.0,9564.17,Low Activity
5698,138,5.0,66251.81,2,3,5,0,Champions,66251.81,5.0,13250.362,High Value
5699,50,2.0,15399.49,4,3,2,4,Loyal Customers,15399.49,2.0,7699.745,Low Activity
5700,20,3.0,29860.63,5,3,4,4,Loyal Customers,29860.63,3.0,9953.543333333331,Regular
5701,88,5.0,48065.34,3,3,5,0,Champions,48065.34,5.0,9613.068,High Value
5703,14,4.0,47253.95,5,3,5,0,Champions,47253.95,4.0,11813.4875,High Value
5704,354,1.0,18998.33,1,3,3,1,Hibernating,18998.33,1.0,18998.33,Low Activity
5705,82,5.0,44333.11,3,3,5,0,Champions,44333.11,5.0,8866.622,Regular
5706,261,4.0,43286.18,1,3,5,2,At Risk - High Value,43286.18,4.0,10821.545,Regular
5707,173,2.0,24998.9,2,3,3,2,At Risk - High Value,24998.9,2.0,12499.45,Low Activity
5708,1,5.0,63852.08,5,3,5,0,Champions,63852.08,5.0,12770.416,High Value
5709,136,2.0,28075.38,2,3,4,2,At Risk - High Value,28075.38,2.0,14037.69,Low Activity
5711,50,3.0,19286.71,4,3,3,4,Loyal Customers,19286.71,3.0,6428.903333333333,Regular
5712,38,2.0,23189.36,4,3,3,4,Loyal Customers,23189.36,2.0,11594.68,Low Activity
5713,33,1.0,8011.37,4,3,1,3,Potential Loyalist,8011.37,1.0,8011.37,Low Activity
5714,12,4.0,33863.08,5,3,4,0,Champions,33863.08,4.0,8465.77,Regular
5715,161,4.0,40925.25,2,3,5,2,At Risk - High Value,40925.25,4.0,10231.3125,Regular
5716,116,5.0,57410.17999999999,3,3,5,0,Champions,57410.17999999999,5.0,11482.035999999998,High Value
5718,20,4.0,20211.63,5,3,3,4,Loyal Customers,20211.63,4.0,5052.9075,Regular
5719,83,1.0,10445.65,3,3,1,3,Potential Loyalist,10445.65,1.0,10445.65,Low Activity
5720,58,2.0,25191.11,4,3,3,4,Loyal Customers,25191.11,2.0,12595.555,Low Activity
5721,144,2.0,19368.24,2,3,3,2,At Risk - High Value,19368.24,2.0,9684.12,Low Activity
5724,267,1.0,17513.04,1,3,2,1,Hibernating,17513.04,1.0,17513.04,Low Activity
5725,172,1.0,18289.49,2,3,2,1,Hibernating,18289.49,1.0,18289.49,Low Activity
5726,15,3.0,28051.6,5,3,4,4,Loyal Customers,28051.6,3.0,9350.533333333333,Regular
5727,230,1.0,14399.48,1,3,2,1,Hibernating,14399.48,1.0,14399.48,Low Activity
5728,41,4.0,40987.31,4,3,5,0,Champions,40987.31,4.0,10246.8275,Regular
5729,51,3.0,35718.0,4,3,4,4,Loyal Customers,35718.0,3.0,11906.0,Regular
5730,184,3.0,29940.58,2,3,4,2,At Risk - High Value,29940.58,3.0,9980.193333333336,Regular
5731,219,3.0,24163.34,1,3,3,2,At Risk - High Value,24163.34,3.0,8054.446666666667,Regular
5732,92,2.0,15198.96,3,3,2,2,At Risk - High Value,15198.96,2.0,7599.48,Low Activity
5733,15,2.0,20623.38,5,3,3,4,Loyal Customers,20623.38,2.0,10311.69,Low Activity
5735,50,3.0,25922.33,4,3,3,4,Loyal Customers,25922.33,3.0,8640.776666666667,Regular
5736,15,1.0,8909.22,5,3,1,3,Potential Loyalist,8909.22,1.0,8909.22,Low Activity
5737,210,2.0,32707.39,1,3,4,2,At Risk - High Value,32707.39,2.0,16353.695,Low Activity
5739,67,4.0,44834.8,4,3,5,0,Champions,44834.8,4.0,11208.7,Regular
5741,45,2.0,29204.88,4,3,4,4,Loyal Customers,29204.88,2.0,14602.44,Low Activity
5742,114,1.0,9410.99,3,3,1,3,Potential Loyalist,9410.99,1.0,9410.99,Low Activity
5743,88,2.0,26732.87,3,3,4,2,At Risk - High Value,26732.87,2.0,13366.435,Low Activity
5744,320,1.0,5020.74,1,3,1,1,Hibernating,5020.74,1.0,5020.74,Low Activity
5745,79,3.0,40047.39,3,3,5,2,At Risk - High Value,40047.39,3.0,13349.13,Regular
5746,31,3.0,40409.7,4,3,5,0,Champions,40409.7,3.0,13469.9,Regular
5747,32,3.0,46227.17,4,3,5,0,Champions,46227.17,3.0,15409.056666666664,High Value
5749,247,1.0,6529.95,1,3,1,1,Hibernating,6529.95,1.0,6529.95,Low Activity
5750,4,2.0,18497.78,5,3,3,4,Loyal Customers,18497.78,2.0,9248.89,Low Activity
5751,23,3.0,39869.33,5,3,5,4,Loyal Customers,39869.33,3.0,13289.776666666668,Regular
5752,57,2.0,26958.22,4,3,4,4,Loyal Customers,26958.22,2.0,13479.11,Low Activity
5753,63,1.0,10774.21,4,3,1,3,Potential Loyalist,10774.21,1.0,10774.21,Low Activity
5756,72,1.0,7928.88,3,3,1,3,Potential Loyalist,7928.88,1.0,7928.88,Low Activity
5757,15,3.0,30246.28,5,3,4,4,Loyal Customers,30246.28,3.0,10082.093333333332,Regular
5758,201,2.0,19556.05,2,3,3,2,At Risk - High Value,19556.05,2.0,9778.025,Low Activity
5759,288,1.0,13234.88,1,3,2,1,Hibernating,13234.88,1.0,13234.88,Low Activity
5760,75,4.0,63431.05,3,3,5,0,Champions,63431.05,4.0,15857.7625,High Value
5762,63,1.0,14802.88,4,3,2,3,Potential Loyalist,14802.88,1.0,14802.88,Low Activity
5763,163,1.0,11302.13,2,3,1,1,Hibernating,11302.13,1.0,11302.13,Low Activity
5764,113,2.0,34013.98,3,3,4,2,At Risk - High Value,34013.98,2.0,17006.989999999998,Low Activity
5765,122,3.0,26388.13,3,3,3,2,At Risk - High Value,26388.13,3.0,8796.043333333333,Regular
5767,328,1.0,6446.01,1,3,1,1,Hibernating,6446.01,1.0,6446.01,Low Activity
5768,62,5.0,50365.14,4,3,5,0,Champions,50365.14,5.0,10073.028,High Value
5769,36,1.0,10649.61,4,3,1,3,Potential Loyalist,10649.61,1.0,10649.61,Low Activity
5770,154,2.0,9433.23,2,3,1,1,Hibernating,9433.23,2.0,4716.615,Low Activity
5771,50,2.0,22584.2,4,3,3,4,Loyal Customers,22584.2,2.0,11292.1,Low Activity
5772,300,3.0,36544.36,1,3,4,2,At Risk - High Value,36544.36,3.0,12181.453333333331,Regular
5773,100,2.0,22967.19,3,3,3,2,At Risk - High Value,22967.19,2.0,11483.595,Low Activity
5774,39,1.0,10453.72,4,3,1,3,Potential Loyalist,10453.72,1.0,10453.72,Low Activity
5775,191,2.0,21399.88,2,3,3,2,At Risk - High Value,21399.88,2.0,10699.94,Low Activity
5779,211,3.0,21903.87,1,3,3,2,At Risk - High Value,21903.87,3.0,7301.29,Regular
5780,240,1.0,11266.04,1,3,1,1,Hibernating,11266.04,1.0,11266.04,Low Activity
5781,123,1.0,14738.21,3,3,2,3,Potential Loyalist,14738.21,1.0,14738.21,Low Activity
5782,338,1.0,11182.03,1,3,1,1,Hibernating,11182.03,1.0,11182.03,Low Activity
5783,104,3.0,46734.63,3,3,5,0,Champions,46734.63,3.0,15578.21,High Value
5784,228,1.0,13071.19,1,3,2,1,Hibernating,13071.19,1.0,13071.19,Low Activity
5785,203,1.0,8052.16,1,3,1,1,Hibernating,8052.16,1.0,8052.16,Low Activity
5786,3,1.0,11952.9,5,3,2,3,Potential Loyalist,11952.9,1.0,11952.9,Low Activity
5787,48,2.0,23986.94,4,3,3,4,Loyal Customers,23986.94,2.0,11993.47,Low Activity
5789,19,2.0,21355.96,5,3,3,4,Loyal Customers,21355.96,2.0,10677.98,Low Activity
5790,5,2.0,21314.08,5,3,3,4,Loyal Customers,21314.08,2.0,10657.04,Low Activity
5791,170,2.0,32540.68,2,3,4,2,At Risk - High Value,32540.68,2.0,16270.34,Low Activity
5792,131,3.0,49176.26,2,3,5,2,At Risk - High Value,49176.26,3.0,16392.086666666666,High Value
5793,58,2.0,25406.730000000003,4,3,3,4,Loyal Customers,25406.730000000003,2.0,12703.365000000002,Low Activity
5794,236,2.0,25745.08,1,3,3,2,At Risk - High Value,25745.08,2.0,12872.54,Low Activity
5795,172,2.0,18618.59,2,3,3,2,At Risk - High Value,18618.59,2.0,9309.295,Low Activity
5796,363,1.0,15576.39,1,3,2,1,Hibernating,15576.39,1.0,15576.39,Low Activity
5798,80,1.0,21007.9,3,3,3,3,Potential Loyalist,21007.9,1.0,21007.9,Low Activity
5799,106,1.0,9971.56,3,3,1,3,Potential Loyalist,9971.56,1.0,9971.56,Low Activity
5800,62,1.0,15370.84,4,3,2,3,Potential Loyalist,15370.84,1.0,15370.84,Low Activity
5801,99,1.0,10511.61,3,3,1,3,Potential Loyalist,10511.61,1.0,10511.61,Low Activity
5802,58,3.0,22195.590000000004,4,3,3,4,Loyal Customers,22195.590000000004,3.0,7398.530000000002,Regular
5803,44,1.0,2905.79,4,3,1,3,Potential Loyalist,2905.79,1.0,2905.79,Low Activity
5804,136,2.0,30760.34,2,3,4,2,At Risk - High Value,30760.34,2.0,15380.17,Low Activity
5805,44,3.0,24552.5,4,3,3,4,Loyal Customers,24552.5,3.0,8184.166666666667,Regular
5806,147,1.0,11783.73,2,3,2,1,Hibernating,11783.73,1.0,11783.73,Low Activity
5807,191,2.0,25334.57,2,3,3,2,At Risk - High Value,25334.57,2.0,12667.285,Low Activity
5808,17,5.0,51493.73,5,3,5,0,Champions,51493.73,5.0,10298.746,High Value
5809,39,4.0,24587.28,4,3,3,0,Champions,24587.28,4.0,6146.82,Regular
5810,27,1.0,11499.24,5,3,1,3,Potential Loyalist,11499.24,1.0,11499.24,Low Activity
5811,82,6.0,52949.87,3,3,5,0,Champions,52949.87,6.0,8824.978333333334,High Value
5812,76,1.0,7252.07,3,3,1,3,Potential Loyalist,7252.07,1.0,7252.07,Low Activity
5813,281,1.0,3736.75,1,3,1,1,Hibernating,3736.75,1.0,3736.75,Low Activity
5814,245,1.0,13747.88,1,3,2,1,Hibernating,13747.88,1.0,13747.88,Low Activity
5815,132,2.0,22107.56,2,3,3,2,At Risk - High Value,22107.56,2.0,11053.78,Low Activity
5816,46,3.0,39075.16,4,3,5,0,Champions,39075.16,3.0,13025.053333333335,Regular
5819,16,2.0,18444.49,5,3,2,4,Loyal Customers,18444.49,2.0,9222.245,Low Activity
5820,16,1.0,14974.51,5,3,2,3,Potential Loyalist,14974.51,1.0,14974.51,Low Activity
5821,52,2.0,13112.43,4,3,2,4,Loyal Customers,13112.43,2.0,6556.215,Low Activity
5822,58,1.0,6256.4,4,3,1,3,Potential Loyalist,6256.4,1.0,6256.4,Low Activity
5823,55,2.0,27649.87,4,3,4,4,Loyal Customers,27649.87,2.0,13824.935,Low Activity
5824,16,2.0,15410.54,5,3,2,4,Loyal Customers,15410.54,2.0,7705.27,Low Activity
5826,67,1.0,23943.91,4,3,3,3,Potential Loyalist,23943.91,1.0,23943.91,Low Activity
5827,328,1.0,5954.83,1,3,1,1,Hibernating,5954.83,1.0,5954.83,Low Activity
5828,65,4.0,28942.3,4,3,4,0,Champions,28942.3,4.0,7235.575,Regular
5829,103,2.0,16369.93,3,3,2,2,At Risk - High Value,16369.93,2.0,8184.965,Low Activity
5830,24,2.0,13016.29,5,3,2,4,Loyal Customers,13016.29,2.0,6508.145,Low Activity
5831,179,4.0,54253.32,2,3,5,0,Champions,54253.32,4.0,13563.33,High Value
5833,67,4.0,62619.43,4,3,5,0,Champions,62619.43,4.0,15654.8575,High Value
5834,56,4.0,41229.95,4,3,5,0,Champions,41229.95,4.0,10307.4875,Regular
5835,191,2.0,19247.89,2,3,3,2,At Risk - High Value,19247.89,2.0,9623.945,Low Activity
5836,2,2.0,25954.52,5,3,3,4,Loyal Customers,25954.52,2.0,12977.26,Low Activity
5837,225,1.0,14862.93,1,3,2,1,Hibernating,14862.93,1.0,14862.93,Low Activity
5838,362,1.0,9657.15,1,3,1,1,Hibernating,9657.15,1.0,9657.15,Low Activity
5840,195,3.0,51302.73,2,3,5,2,At Risk - High Value,51302.73,3.0,17100.91,High Value
5841,0,2.0,15574.47,5,3,2,4,Loyal Customers,15574.47,2.0,7787.235,Low Activity
5842,237,2.0,19205.78,1,3,3,2,At Risk - High Value,19205.78,2.0,9602.89,Low Activity
5844,123,1.0,6105.86,3,3,1,3,Potential Loyalist,6105.86,1.0,6105.86,Low Activity
5845,78,1.0,6090.79,3,3,1,3,Potential Loyalist,6090.79,1.0,6090.79,Low Activity
5846,58,2.0,19540.48,4,3,3,4,Loyal Customers,19540.48,2.0,9770.24,Low Activity
5847,102,3.0,40988.79,3,3,5,2,At Risk - High Value,40988.79,3.0,13662.93,Regular
5848,345,2.0,10260.75,1,3,1,1,Hibernating,10260.75,2.0,5130.375,Low Activity
5849,163,1.0,12751.87,2,3,2,1,Hibernating,12751.87,1.0,12751.87,Low Activity
5850,135,2.0,11984.05,2,3,2,2,At Risk - High Value,11984.05,2.0,5992.025,Low Activity
5851,53,1.0,5906.11,4,3,1,3,Potential Loyalist,5906.11,1.0,5906.11,Low Activity
5852,12,2.0,29942.84,5,3,4,4,Loyal Customers,29942.84,2.0,14971.42,Low Activity
5853,12,2.0,17149.4,5,3,2,4,Loyal Customers,17149.4,2.0,8574.7,Low Activity
5854,74,2.0,19932.82,3,3,3,2,At Risk - High Value,19932.82,2.0,9966.41,Low Activity
5855,7,1.0,7407.57,5,3,1,3,Potential Loyalist,7407.57,1.0,7407.57,Low Activity
5856,50,2.0,19944.41,4,3,3,4,Loyal Customers,19944.41,2.0,9972.205,Low Activity
5857,96,1.0,12806.51,3,3,2,3,Potential Loyalist,12806.51,1.0,12806.51,Low Activity
5858,100,3.0,47342.24,3,3,5,0,Champions,47342.24,3.0,15780.746666666666,High Value
5859,188,2.0,14563.240000000002,2,3,2,2,At Risk - High Value,14563.240000000002,2.0,7281.620000000001,Low Activity
5860,216,1.0,8104.54,1,3,1,1,Hibernating,8104.54,1.0,8104.54,Low Activity
5861,32,2.0,18126.18,4,3,2,4,Loyal Customers,18126.18,2.0,9063.09,Low Activity
5862,72,2.0,15785.44,3,3,2,2,At Risk - High Value,15785.44,2.0,7892.719999999999,Low Activity
5863,18,1.0,8678.79,5,3,1,3,Potential Loyalist,8678.79,1.0,8678.79,Low Activity
5865,13,3.0,38032.850000000006,5,3,5,4,Loyal Customers,38032.850000000006,3.0,12677.616666666669,Regular
5866,79,1.0,5064.41,3,3,1,3,Potential Loyalist,5064.41,1.0,5064.41,Low Activity
5867,326,1.0,18011.88,1,3,2,1,Hibernating,18011.88,1.0,18011.88,Low Activity
5868,151,1.0,3542.76,2,3,1,1,Hibernating,3542.76,1.0,3542.76,Low Activity
5869,101,1.0,7744.87,3,3,1,3,Potential Loyalist,7744.87,1.0,7744.87,Low Activity
5871,119,1.0,3397.44,3,3,1,3,Potential Loyalist,3397.44,1.0,3397.44,Low Activity
5872,190,2.0,29920.15,2,3,4,2,At Risk - High Value,29920.15,2.0,14960.075,Low Activity
5873,92,2.0,26489.73,3,3,3,2,At Risk - High Value,26489.73,2.0,13244.865,Low Activity
5874,197,2.0,15230.580000000002,2,3,2,2,At Risk - High Value,15230.580000000002,2.0,7615.290000000001,Low Activity
5875,171,2.0,16694.75,2,3,2,2,At Risk - High Value,16694.75,2.0,8347.375,Low Activity
5876,36,1.0,7972.81,4,3,1,3,Potential Loyalist,7972.81,1.0,7972.81,Low Activity
5877,139,3.0,24161.34,2,3,3,2,At Risk - High Value,24161.34,3.0,8053.78,Regular
5878,329,1.0,16332.46,1,3,2,1,Hibernating,16332.46,1.0,16332.46,Low Activity
5880,6,3.0,34157.1,5,3,4,4,Loyal Customers,34157.1,3.0,11385.7,Regular
5881,139,2.0,23028.42,2,3,3,2,At Risk - High Value,23028.42,2.0,11514.21,Low Activity
5882,147,1.0,8256.36,2,3,1,1,Hibernating,8256.36,1.0,8256.36,Low Activity
5883,110,4.0,32679.71,3,3,4,0,Champions,32679.71,4.0,8169.9275,Regular
5884,64,1.0,7366.8,4,3,1,3,Potential Loyalist,7366.8,1.0,7366.8,Low Activity
5886,44,1.0,10413.13,4,3,1,3,Potential Loyalist,10413.13,1.0,10413.13,Low Activity
5887,20,2.0,16896.83,5,3,2,4,Loyal Customers,16896.83,2.0,8448.415,Low Activity
5888,345,1.0,9568.78,1,3,1,1,Hibernating,9568.78,1.0,9568.78,Low Activity
5889,40,4.0,50430.77,4,3,5,0,Champions,50430.77,4.0,12607.6925,High Value
5890,104,1.0,12842.68,3,3,2,3,Potential Loyalist,12842.68,1.0,12842.68,Low Activity
5891,32,2.0,23158.19,4,3,3,4,Loyal Customers,23158.19,2.0,11579.095,Low Activity
5892,73,3.0,30054.42,3,3,4,2,At Risk - High Value,30054.42,3.0,10018.14,Regular
5893,311,1.0,9924.45,1,3,1,1,Hibernating,9924.45,1.0,9924.45,Low Activity
5894,249,4.0,47932.0,1,3,5,2,At Risk - High Value,47932.0,4.0,11983.0,High Value
5895,90,4.0,56392.31,3,3,5,0,Champions,56392.31,4.0,14098.0775,High Value
5897,10,5.0,62445.84,5,3,5,0,Champions,62445.84,5.0,12489.168,High Value
5898,65,4.0,37420.11,4,3,4,0,Champions,37420.11,4.0,9355.0275,Regular
5899,133,3.0,20639.08,2,3,3,2,At Risk - High Value,20639.08,3.0,6879.693333333334,Regular
5900,10,4.0,42417.740000000005,5,3,5,0,Champions,42417.740000000005,4.0,10604.435,Regular
5901,160,2.0,44425.880000000005,2,3,5,2,At Risk - High Value,44425.880000000005,2.0,22212.94,Low Activity
5902,73,2.0,19470.45,3,3,3,2,At Risk - High Value,19470.45,2.0,9735.225,Low Activity
5903,190,1.0,8904.0,2,3,1,1,Hibernating,8904.0,1.0,8904.0,Low Activity
5904,7,1.0,8035.95,5,3,1,3,Potential Loyalist,8035.95,1.0,8035.95,Low Activity
5905,219,3.0,40213.03,1,3,5,2,At Risk - High Value,40213.03,3.0,13404.343333333332,Regular
5906,139,2.0,11384.22,2,3,1,1,Hibernating,11384.22,2.0,5692.11,Low Activity
5908,234,2.0,17532.35,1,3,2,2,At Risk - High Value,17532.35,2.0,8766.175,Low Activity
5909,10,2.0,20696.91,5,3,3,4,Loyal Customers,20696.91,2.0,10348.455,Low Activity
5910,57,3.0,35617.520000000004,4,3,4,4,Loyal Customers,35617.520000000004,3.0,11872.506666666668,Regular
5911,221,1.0,5146.84,1,3,1,1,Hibernating,5146.84,1.0,5146.84,Low Activity
5912,62,3.0,15726.28,4,3,2,4,Loyal Customers,15726.28,3.0,5242.093333333333,Regular
5913,8,1.0,13846.03,5,3,2,3,Potential Loyalist,13846.03,1.0,13846.03,Low Activity
5914,49,1.0,4261.82,4,3,1,3,Potential Loyalist,4261.82,1.0,4261.82,Low Activity
5916,245,1.0,13301.45,1,3,2,1,Hibernating,13301.45,1.0,13301.45,Low Activity
5917,287,1.0,18528.44,1,3,3,1,Hibernating,18528.44,1.0,18528.44,Low Activity
5918,33,5.0,58424.52,4,3,5,0,Champions,58424.52,5.0,11684.904,High Value
5919,5,6.0,68771.72,5,3,5,0,Champions,68771.72,6.0,11461.953333333331,High Value
5920,101,2.0,23559.57,3,3,3,2,At Risk - High Value,23559.57,2.0,11779.785,Low Activity
5922,52,3.0,27394.61,4,3,4,4,Loyal Customers,27394.61,3.0,9131.536666666669,Regular
5923,264,2.0,21918.25,1,3,3,2,At Risk - High Value,21918.25,2.0,10959.125,Low Activity
5924,165,3.0,20741.25,2,3,3,2,At Risk - High Value,20741.25,3.0,6913.75,Regular
5925,59,3.0,28229.42,4,3,4,4,Loyal Customers,28229.42,3.0,9409.806666666664,Regular
5926,40,3.0,39934.15,4,3,5,0,Champions,39934.15,3.0,13311.383333333331,Regular
5928,272,1.0,23652.69,1,3,3,1,Hibernating,23652.69,1.0,23652.69,Low Activity
5929,81,2.0,12210.25,3,3,2,3,Potential Loyalist,12210.25,2.0,6105.125,Low Activity
5930,302,1.0,4949.71,1,3,1,1,Hibernating,4949.71,1.0,4949.71,Low Activity
5931,310,2.0,9192.77,1,3,1,1,Hibernating,9192.77,2.0,4596.385,Low Activity
5932,261,2.0,12276.35,1,3,2,1,Hibernating,12276.35,2.0,6138.175,Low Activity
5933,51,2.0,26476.36,4,3,3,4,Loyal Customers,26476.36,2.0,13238.18,Low Activity
5934,176,1.0,8219.07,2,3,1,1,Hibernating,8219.07,1.0,8219.07,Low Activity
5935,190,3.0,24986.24,2,3,3,2,At Risk - High Value,24986.24,3.0,8328.746666666666,Regular
5936,185,1.0,16793.52,2,3,2,1,Hibernating,16793.52,1.0,16793.52,Low Activity
5938,36,5.0,38605.32,4,3,5,0,Champions,38605.32,5.0,7721.064,Regular
5939,40,1.0,19441.02,4,3,3,3,Potential Loyalist,19441.02,1.0,19441.02,Low Activity
5940,80,1.0,13973.83,3,3,2,3,Potential Loyalist,13973.83,1.0,13973.83,Low Activity
5941,194,2.0,15570.32,2,3,2,2,At Risk - High Value,15570.32,2.0,7785.16,Low Activity
5942,11,2.0,30257.71,5,3,4,4,Loyal Customers,30257.71,2.0,15128.855,Low Activity
5943,116,2.0,32032.68,3,3,4,2,At Risk - High Value,32032.68,2.0,16016.34,Low Activity
5944,199,1.0,14823.78,2,3,2,1,Hibernating,14823.78,1.0,14823.78,Low Activity
5946,7,2.0,25328.4,5,3,3,4,Loyal Customers,25328.4,2.0,12664.2,Low Activity
5947,53,3.0,27572.160000000003,4,3,4,4,Loyal Customers,27572.160000000003,3.0,9190.72,Regular
5948,165,2.0,12416.5,2,3,2,2,At Risk - High Value,12416.5,2.0,6208.25,Low Activity
5949,150,2.0,17449.940000000002,2,3,2,2,At Risk - High Value,17449.940000000002,2.0,8724.970000000001,Low Activity
5950,67,3.0,19254.47,4,3,3,4,Loyal Customers,19254.47,3.0,6418.156666666667,Regular
5951,0,4.0,33323.94,5,3,4,0,Champions,33323.94,4.0,8330.985,Regular
5952,8,5.0,70909.06,5,3,5,0,Champions,70909.06,5.0,14181.812,High Value
5953,119,3.0,29745.07,3,3,4,2,At Risk - High Value,29745.07,3.0,9915.023333333333,Regular
5954,119,1.0,5977.78,3,3,1,3,Potential Loyalist,5977.78,1.0,5977.78,Low Activity
5955,23,2.0,20949.47,5,3,3,4,Loyal Customers,20949.47,2.0,10474.735,Low Activity
5956,180,1.0,16547.32,2,3,2,1,Hibernating,16547.32,1.0,16547.32,Low Activity
5957,30,4.0,69570.51,4,3,5,0,Champions,69570.51,4.0,17392.6275,High Value
5958,182,1.0,8027.81,2,3,1,1,Hibernating,8027.81,1.0,8027.81,Low Activity
5959,185,3.0,42079.13,2,3,5,2,At Risk - High Value,42079.13,3.0,14026.376666666663,Regular
5960,42,2.0,34275.7,4,3,4,4,Loyal Customers,34275.7,2.0,17137.85,Low Activity
5962,320,1.0,19606.98,1,3,3,1,Hibernating,19606.98,1.0,19606.98,Low Activity
5964,64,2.0,19588.77,4,3,3,4,Loyal Customers,19588.77,2.0,9794.384999999998,Low Activity
5965,10,3.0,47723.8,5,3,5,0,Champions,47723.8,3.0,15907.933333333334,High Value
5966,60,3.0,30573.01,4,3,4,4,Loyal Customers,30573.01,3.0,10191.003333333332,Regular
5968,201,1.0,16381.94,2,3,2,1,Hibernating,16381.94,1.0,16381.94,Low Activity
5969,6,2.0,20220.14,5,3,3,4,Loyal Customers,20220.14,2.0,10110.07,Low Activity
5970,45,3.0,32722.76,4,3,4,4,Loyal Customers,32722.76,3.0,10907.586666666668,Regular
5971,131,2.0,23604.4,2,3,3,2,At Risk - High Value,23604.4,2.0,11802.2,Low Activity
5972,94,1.0,3598.94,3,3,1,3,Potential Loyalist,3598.94,1.0,3598.94,Low Activity
5973,14,4.0,52781.36,5,3,5,0,Champions,52781.36,4.0,13195.34,High Value
5974,52,3.0,35278.74,4,3,4,4,Loyal Customers,35278.74,3.0,11759.58,Regular
5975,49,6.0,62086.62,4,3,5,0,Champions,62086.62,6.0,10347.77,High Value
5976,193,2.0,23467.29,2,3,3,2,At Risk - High Value,23467.29,2.0,11733.645,Low Activity
5977,3,2.0,17958.63,5,3,2,4,Loyal Customers,17958.63,2.0,8979.315,Low Activity
5978,110,2.0,29236.46,3,3,4,2,At Risk - High Value,29236.46,2.0,14618.23,Low Activity
5979,21,3.0,18101.0,5,3,2,4,Loyal Customers,18101.0,3.0,6033.666666666667,Regular
5980,22,3.0,16072.52,5,3,2,4,Loyal Customers,16072.52,3.0,5357.506666666667,Regular
5981,56,1.0,18368.14,4,3,2,3,Potential Loyalist,18368.14,1.0,18368.14,Low Activity
5982,25,3.0,34216.25,5,3,4,4,Loyal Customers,34216.25,3.0,11405.416666666666,Regular
5983,364,1.0,12732.69,1,3,2,1,Hibernating,12732.69,1.0,12732.69,Low Activity
5985,61,3.0,34763.009999999995,4,3,4,4,Loyal Customers,34763.009999999995,3.0,11587.669999999998,Regular
5987,52,1.0,12171.54,4,3,2,3,Potential Loyalist,12171.54,1.0,12171.54,Low Activity
5990,302,1.0,2814.04,1,3,1,1,Hibernating,2814.04,1.0,2814.04,Low Activity
5991,88,2.0,41460.9,3,3,5,2,At Risk - High Value,41460.9,2.0,20730.45,Low Activity
5993,276,1.0,16113.59,1,3,2,1,Hibernating,16113.59,1.0,16113.59,Low Activity
5994,54,2.0,28895.76,4,3,4,4,Loyal Customers,28895.76,2.0,14447.88,Low Activity
5995,29,2.0,15646.92,4,3,2,4,Loyal Customers,15646.92,2.0,7823.46,Low Activity
5996,51,2.0,14929.46,4,3,2,4,Loyal Customers,14929.46,2.0,7464.73,Low Activity
5997,237,1.0,11340.18,1,3,1,1,Hibernating,11340.18,1.0,11340.18,Low Activity
5998,214,2.0,32357.27,1,3,4,2,At Risk - High Value,32357.27,2.0,16178.634999999998,Low Activity
5999,297,1.0,19554.27,1,3,3,1,Hibernating,19554.27,1.0,19554.27,Low Activity
6000,190,2.0,29839.300000000003,2,3,4,2,At Risk - High Value,29839.300000000003,2.0,14919.65,Low Activity
6001,101,2.0,32039.93,3,3,4,2,At Risk - High Value,32039.93,2.0,16019.965,Low Activity
6002,175,3.0,24191.91,2,3,3,2,At Risk - High Value,24191.91,3.0,8063.97,Regular
6003,90,6.0,83994.45999999999,3,3,5,0,Champions,83994.45999999999,6.0,13999.076666666666,High Value
6004,62,2.0,19774.45,4,3,3,4,Loyal Customers,19774.45,2.0,9887.225,Low Activity
6005,180,2.0,17948.95,2,3,2,2,At Risk - High Value,17948.95,2.0,8974.475,Low Activity
6006,53,2.0,17455.379999999997,4,3,2,4,Loyal Customers,17455.379999999997,2.0,8727.689999999999,Low Activity
6007,248,2.0,21767.550000000003,1,3,3,2,At Risk - High Value,21767.550000000003,2.0,10883.775,Low Activity
6009,143,4.0,43269.93,2,3,5,2,At Risk - High Value,43269.93,4.0,10817.4825,Regular
6011,180,2.0,14652.4,2,3,2,2,At Risk - High Value,14652.4,2.0,7326.2,Low Activity
6012,8,2.0,32091.120000000003,5,3,4,4,Loyal Customers,32091.120000000003,2.0,16045.56,Low Activity
6013,24,1.0,6069.26,5,3,1,3,Potential Loyalist,6069.26,1.0,6069.26,Low Activity
6014,29,3.0,46899.21,4,3,5,0,Champions,46899.21,3.0,15633.07,High Value
6015,39,5.0,60502.15,4,3,5,0,Champions,60502.15,5.0,12100.43,High Value
6016,114,1.0,3444.93,3,3,1,3,Potential Loyalist,3444.93,1.0,3444.93,Low Activity
6017,78,2.0,18384.91,3,3,2,2,At Risk - High Value,18384.91,2.0,9192.455,Low Activity
6018,77,5.0,38522.37,3,3,5,0,Champions,38522.37,5.0,7704.473999999999,Regular
6019,145,3.0,23034.04,2,3,3,2,At Risk - High Value,23034.04,3.0,7678.013333333333,Regular
6020,240,1.0,10227.03,1,3,1,1,Hibernating,10227.03,1.0,10227.03,Low Activity
6022,357,1.0,4496.73,1,3,1,1,Hibernating,4496.73,1.0,4496.73,Low Activity
6023,222,3.0,24942.32,1,3,3,2,At Risk - High Value,24942.32,3.0,8314.106666666667,Regular
6024,51,2.0,48862.880000000005,4,3,5,4,Loyal Customers,48862.880000000005,2.0,24431.44,High Value
6025,49,6.0,91207.02,4,3,5,0,Champions,91207.02,6.0,15201.17,High Value
6026,115,1.0,26289.88,3,3,3,2,At Risk - High Value,26289.88,1.0,26289.88,Low Activity
6027,85,1.0,23655.19,3,3,3,3,Potential Loyalist,23655.19,1.0,23655.19,Low Activity
6028,6,4.0,27235.88,5,3,4,4,Loyal Customers,27235.88,4.0,6808.97,Regular
6029,192,2.0,17489.52,2,3,2,2,At Risk - High Value,17489.52,2.0,8744.76,Low Activity
6030,222,2.0,28169.15,1,3,4,2,At Risk - High Value,28169.15,2.0,14084.575,Low Activity
6032,29,3.0,14985.85,4,3,2,4,Loyal Customers,14985.85,3.0,4995.283333333334,Regular
6033,3,2.0,18882.74,5,3,3,4,Loyal Customers,18882.74,2.0,9441.37,Low Activity
6034,333,1.0,8292.2,1,3,1,1,Hibernating,8292.2,1.0,8292.2,Low Activity
6035,141,3.0,49954.52,2,3,5,2,At Risk - High Value,49954.52,3.0,16651.506666666668,High Value
6036,195,2.0,17145.54,2,3,2,2,At Risk - High Value,17145.54,2.0,8572.77,Low Activity
6037,111,1.0,5406.53,3,3,1,3,Potential Loyalist,5406.53,1.0,5406.53,Low Activity
6038,14,2.0,32654.31,5,3,4,4,Loyal Customers,32654.31,2.0,16327.155,Low Activity
6039,64,3.0,48876.72,4,3,5,0,Champions,48876.72,3.0,16292.24,High Value
6040,80,3.0,31914.22,3,3,4,2,At Risk - High Value,31914.22,3.0,10638.073333333334,Regular
6041,164,3.0,31854.35,2,3,4,2,At Risk - High Value,31854.35,3.0,10618.116666666669,Regular
6042,145,1.0,15325.23,2,3,2,1,Hibernating,15325.23,1.0,15325.23,Low Activity
6043,25,3.0,33768.63,5,3,4,4,Loyal Customers,33768.63,3.0,11256.21,Regular
6046,187,2.0,14386.88,2,3,2,2,At Risk - High Value,14386.88,2.0,7193.4400000000005,Low Activity
6047,25,2.0,17929.32,5,3,2,4,Loyal Customers,17929.32,2.0,8964.66,Low Activity
6048,60,2.0,17510.03,4,3,2,4,Loyal Customers,17510.03,2.0,8755.015,Low Activity
6049,3,3.0,35503.3,5,3,4,4,Loyal Customers,35503.3,3.0,11834.433333333334,Regular
6050,52,5.0,44460.89,4,3,5,0,Champions,44460.89,5.0,8892.178,Regular
6051,358,1.0,9065.9,1,3,1,1,Hibernating,9065.9,1.0,9065.9,Low Activity
6052,49,2.0,22007.29,4,3,3,4,Loyal Customers,22007.29,2.0,11003.645,Low Activity
6053,146,2.0,10070.22,2,3,1,1,Hibernating,10070.22,2.0,5035.11,Low Activity
6054,51,3.0,34860.630000000005,4,3,4,4,Loyal Customers,34860.630000000005,3.0,11620.21,Regular
6056,308,1.0,22496.52,1,3,3,1,Hibernating,22496.52,1.0,22496.52,Low Activity
6057,196,1.0,16223.07,2,3,2,1,Hibernating,16223.07,1.0,16223.07,Low Activity
6058,11,2.0,15402.88,5,3,2,4,Loyal Customers,15402.88,2.0,7701.44,Low Activity
6060,48,4.0,45999.91,4,3,5,0,Champions,45999.91,4.0,11499.9775,High Value
6061,62,2.0,21419.94,4,3,3,4,Loyal Customers,21419.94,2.0,10709.97,Low Activity
6062,119,4.0,41454.57,3,3,5,0,Champions,41454.57,4.0,10363.6425,Regular
6063,44,2.0,20624.37,4,3,3,4,Loyal Customers,20624.37,2.0,10312.185,Low Activity
6065,236,1.0,19534.61,1,3,3,1,Hibernating,19534.61,1.0,19534.61,Low Activity
6066,241,2.0,26888.12,1,3,4,2,At Risk - High Value,26888.12,2.0,13444.06,Low Activity
6067,129,2.0,28127.19,2,3,4,2,At Risk - High Value,28127.19,2.0,14063.595,Low Activity
6069,331,1.0,12771.11,1,3,2,1,Hibernating,12771.11,1.0,12771.11,Low Activity
6070,46,2.0,8327.68,4,3,1,3,Potential Loyalist,8327.68,2.0,4163.84,Low Activity
6071,328,1.0,21125.84,1,3,3,1,Hibernating,21125.84,1.0,21125.84,Low Activity
6072,121,2.0,18327.87,3,3,2,2,At Risk - High Value,18327.87,2.0,9163.935,Low Activity
6073,64,1.0,21786.22,4,3,3,3,Potential Loyalist,21786.22,1.0,21786.22,Low Activity
6075,171,2.0,21046.63,2,3,3,2,At Risk - High Value,21046.63,2.0,10523.315,Low Activity
6076,70,2.0,29918.29,3,3,4,2,At Risk - High Value,29918.29,2.0,14959.145,Low Activity
6077,169,2.0,16639.4,2,3,2,2,At Risk - High Value,16639.4,2.0,8319.7,Low Activity
6078,114,1.0,4536.06,3,3,1,3,Potential Loyalist,4536.06,1.0,4536.06,Low Activity
6079,45,3.0,26582.01,4,3,3,4,Loyal Customers,26582.01,3.0,8860.67,Regular
6080,355,1.0,12116.83,1,3,2,1,Hibernating,12116.83,1.0,12116.83,Low Activity
6081,145,5.0,46012.84,2,3,5,0,Champions,46012.84,5.0,9202.568,High Value
6082,151,2.0,18754.0,2,3,3,2,At Risk - High Value,18754.0,2.0,9377.0,Low Activity
6084,340,1.0,14668.44,1,3,2,1,Hibernating,14668.44,1.0,14668.44,Low Activity
6085,9,4.0,60698.36,5,3,5,0,Champions,60698.36,4.0,15174.59,High Value
6086,229,3.0,34826.17,1,3,4,2,At Risk - High Value,34826.17,3.0,11608.723333333332,Regular
6087,289,1.0,16261.65,1,3,2,1,Hibernating,16261.65,1.0,16261.65,Low Activity
6088,252,1.0,13763.0,1,3,2,1,Hibernating,13763.0,1.0,13763.0,Low Activity
6089,125,2.0,12712.8,3,3,2,2,At Risk - High Value,12712.8,2.0,6356.4,Low Activity
6090,44,4.0,38082.21,4,3,5,0,Champions,38082.21,4.0,9520.5525,Regular
6091,229,1.0,10363.54,1,3,1,1,Hibernating,10363.54,1.0,10363.54,Low Activity
6092,222,2.0,32671.19,1,3,4,2,At Risk - High Value,32671.19,2.0,16335.595,Low Activity
6093,121,1.0,3575.7,3,3,1,3,Potential Loyalist,3575.7,1.0,3575.7,Low Activity
6094,37,2.0,12648.96,4,3,2,3,Potential Loyalist,12648.96,2.0,6324.48,Low Activity
6095,241,1.0,16182.47,1,3,2,1,Hibernating,16182.47,1.0,16182.47,Low Activity
6096,263,2.0,22106.97,1,3,3,2,At Risk - High Value,22106.97,2.0,11053.485,Low Activity
6097,36,3.0,43797.09,4,3,5,0,Champions,43797.09,3.0,14599.03,Regular
6098,262,1.0,6884.72,1,3,1,1,Hibernating,6884.72,1.0,6884.72,Low Activity
6099,18,2.0,27503.43,5,3,4,4,Loyal Customers,27503.43,2.0,13751.715,Low Activity
6101,129,1.0,13728.32,2,3,2,1,Hibernating,13728.32,1.0,13728.32,Low Activity
6102,115,3.0,37786.98,3,3,4,2,At Risk - High Value,37786.98,3.0,12595.659999999998,Regular
6105,196,2.0,34580.1,2,3,4,2,At Risk - High Value,34580.1,2.0,17290.05,Low Activity
6106,54,3.0,36015.05,4,3,4,4,Loyal Customers,36015.05,3.0,12005.016666666668,Regular
6107,99,3.0,27580.55,3,3,4,2,At Risk - High Value,27580.55,3.0,9193.516666666666,Regular
6108,56,3.0,23275.03,4,3,3,4,Loyal Customers,23275.03,3.0,7758.343333333333,Regular
6110,144,2.0,25407.72,2,3,3,2,At Risk - High Value,25407.72,2.0,12703.86,Low Activity
6111,77,2.0,24138.05,3,3,3,2,At Risk - High Value,24138.05,2.0,12069.025,Low Activity
6112,30,5.0,50118.01,4,3,5,0,Champions,50118.01,5.0,10023.602,High Value
6113,154,1.0,14456.54,2,3,2,1,Hibernating,14456.54,1.0,14456.54,Low Activity
6114,22,3.0,35865.54,5,3,4,4,Loyal Customers,35865.54,3.0,11955.18,Regular
6115,29,1.0,3649.45,4,3,1,3,Potential Loyalist,3649.45,1.0,3649.45,Low Activity
6116,38,2.0,29163.58,4,3,4,4,Loyal Customers,29163.58,2.0,14581.79,Low Activity
6117,41,3.0,29752.49,4,3,4,4,Loyal Customers,29752.49,3.0,9917.496666666666,Regular
6118,148,1.0,14369.41,2,3,2,1,Hibernating,14369.41,1.0,14369.41,Low Activity
6119,105,2.0,20296.74,3,3,3,2,At Risk - High Value,20296.74,2.0,10148.37,Low Activity
6120,85,1.0,6370.72,3,3,1,3,Potential Loyalist,6370.72,1.0,6370.72,Low Activity
6121,204,2.0,19856.0,1,3,3,2,At Risk - High Value,19856.0,2.0,9928.0,Low Activity
6122,163,1.0,9679.5,2,3,1,1,Hibernating,9679.5,1.0,9679.5,Low Activity
6123,173,3.0,43130.5,2,3,5,2,At Risk - High Value,43130.5,3.0,14376.833333333334,Regular
6124,4,5.0,52931.59,5,3,5,0,Champions,52931.59,5.0,10586.318,High Value
6125,269,1.0,6825.62,1,3,1,1,Hibernating,6825.62,1.0,6825.62,Low Activity
6127,10,3.0,19388.23,5,3,3,4,Loyal Customers,19388.23,3.0,6462.743333333333,Regular
6129,60,2.0,20149.8,4,3,3,4,Loyal Customers,20149.8,2.0,10074.9,Low Activity
6130,47,1.0,13015.62,4,3,2,3,Potential Loyalist,13015.62,1.0,13015.62,Low Activity
6131,25,3.0,37308.16,5,3,4,4,Loyal Customers,37308.16,3.0,12436.053333333335,Regular
6132,16,4.0,39156.09,5,3,5,0,Champions,39156.09,4.0,9789.0225,Regular
6133,183,2.0,33658.67,2,3,4,2,At Risk - High Value,33658.67,2.0,16829.335,Low Activity
6134,72,3.0,31590.04,3,3,4,2,At Risk - High Value,31590.04,3.0,10530.013333333334,Regular
6135,249,2.0,39336.37,1,3,5,2,At Risk - High Value,39336.37,2.0,19668.185,Low Activity
6136,25,2.0,16998.53,5,3,2,4,Loyal Customers,16998.53,2.0,8499.265,Low Activity
6137,23,4.0,28289.64,5,3,4,0,Champions,28289.64,4.0,7072.41,Regular
6138,135,2.0,31661.19,2,3,4,2,At Risk - High Value,31661.19,2.0,15830.595,Low Activity
6139,179,2.0,18693.93,2,3,3,2,At Risk - High Value,18693.93,2.0,9346.965,Low Activity
6141,159,3.0,15941.93,2,3,2,2,At Risk - High Value,15941.93,3.0,5313.9766666666665,Regular
6142,180,2.0,16702.09,2,3,2,2,At Risk - High Value,16702.09,2.0,8351.045,Low Activity
6143,3,1.0,26488.93,5,3,3,4,Loyal Customers,26488.93,1.0,26488.93,Low Activity
6144,35,2.0,16479.0,4,3,2,4,Loyal Customers,16479.0,2.0,8239.5,Low Activity
6145,3,3.0,32426.5,5,3,4,4,Loyal Customers,32426.5,3.0,10808.833333333334,Regular
6146,66,2.0,23534.79,4,3,3,4,Loyal Customers,23534.79,2.0,11767.395,Low Activity
6147,32,2.0,25987.06,4,3,3,4,Loyal Customers,25987.06,2.0,12993.53,Low Activity
6148,209,1.0,12907.66,1,3,2,1,Hibernating,12907.66,1.0,12907.66,Low Activity
6150,61,2.0,24220.47,4,3,3,4,Loyal Customers,24220.47,2.0,12110.235,Low Activity
6151,206,1.0,6588.13,1,3,1,1,Hibernating,6588.13,1.0,6588.13,Low Activity
6152,138,1.0,18279.48,2,3,2,1,Hibernating,18279.48,1.0,18279.48,Low Activity
6153,51,1.0,6976.04,4,3,1,3,Potential Loyalist,6976.04,1.0,6976.04,Low Activity
6154,270,1.0,9854.23,1,3,1,1,Hibernating,9854.23,1.0,9854.23,Low Activity
6155,26,4.0,29467.95,5,3,4,0,Champions,29467.95,4.0,7366.9875,Regular
6156,142,2.0,30559.24,2,3,4,2,At Risk - High Value,30559.24,2.0,15279.62,Low Activity
6157,96,3.0,28936.86,3,3,4,2,At Risk - High Value,28936.86,3.0,9645.62,Regular
6158,220,2.0,39420.12,1,3,5,2,At Risk - High Value,39420.12,2.0,19710.06,Low Activity
6159,139,1.0,6281.81,2,3,1,1,Hibernating,6281.81,1.0,6281.81,Low Activity
6161,51,2.0,18449.15,4,3,2,4,Loyal Customers,18449.15,2.0,9224.575,Low Activity
6162,153,2.0,33991.55,2,3,4,2,At Risk - High Value,33991.55,2.0,16995.775,Low Activity
6163,21,1.0,10559.52,5,3,1,3,Potential Loyalist,10559.52,1.0,10559.52,Low Activity
6164,58,3.0,28836.07,4,3,4,4,Loyal Customers,28836.07,3.0,9612.023333333333,Regular
6165,183,2.0,13286.11,2,3,2,2,At Risk - High Value,13286.11,2.0,6643.055,Low Activity
6167,157,3.0,37052.76,2,3,4,2,At Risk - High Value,37052.76,3.0,12350.92,Regular
6168,72,2.0,18093.21,3,3,2,2,At Risk - High Value,18093.21,2.0,9046.605,Low Activity
6169,158,2.0,16810.98,2,3,2,2,At Risk - High Value,16810.98,2.0,8405.49,Low Activity
6170,48,2.0,9969.33,4,3,1,3,Potential Loyalist,9969.33,2.0,4984.665,Low Activity
6171,122,1.0,11115.83,3,3,1,3,Potential Loyalist,11115.83,1.0,11115.83,Low Activity
6172,254,2.0,19535.09,1,3,3,2,At Risk - High Value,19535.09,2.0,9767.545,Low Activity
6174,7,5.0,63136.74,5,3,5,0,Champions,63136.74,5.0,12627.348,High Value
6175,259,1.0,7966.93,1,3,1,1,Hibernating,7966.93,1.0,7966.93,Low Activity
6177,88,6.0,73132.44,3,3,5,0,Champions,73132.44,6.0,12188.74,High Value
6178,177,3.0,35079.58,2,3,4,2,At Risk - High Value,35079.58,3.0,11693.193333333336,Regular
6179,39,2.0,37064.64,4,3,4,4,Loyal Customers,37064.64,2.0,18532.32,Low Activity
6180,69,4.0,30084.16,3,3,4,0,Champions,30084.16,4.0,7521.04,Regular
6181,41,5.0,67625.29000000001,4,3,5,0,Champions,67625.29000000001,5.0,13525.058,High Value
6182,163,2.0,14477.34,2,3,2,2,At Risk - High Value,14477.34,2.0,7238.67,Low Activity
6183,176,1.0,18441.24,2,3,2,1,Hibernating,18441.24,1.0,18441.24,Low Activity
6184,12,4.0,33042.3,5,3,4,0,Champions,33042.3,4.0,8260.575,Regular
6185,150,1.0,8728.16,2,3,1,1,Hibernating,8728.16,1.0,8728.16,Low Activity
6186,23,6.0,88937.82,5,3,5,0,Champions,88937.82,6.0,14822.97,High Value
6187,87,2.0,20981.86,3,3,3,2,At Risk - High Value,20981.86,2.0,10490.93,Low Activity
6188,204,1.0,11148.52,1,3,1,1,Hibernating,11148.52,1.0,11148.52,Low Activity
6189,18,3.0,36601.6,5,3,4,4,Loyal Customers,36601.6,3.0,12200.533333333333,Regular
6190,188,1.0,3947.04,2,3,1,1,Hibernating,3947.04,1.0,3947.04,Low Activity
6191,210,1.0,5994.37,1,3,1,1,Hibernating,5994.37,1.0,5994.37,Low Activity
6192,146,1.0,3829.41,2,3,1,1,Hibernating,3829.41,1.0,3829.41,Low Activity
6194,57,2.0,37753.85,4,3,4,4,Loyal Customers,37753.85,2.0,18876.925,Low Activity
6195,363,1.0,12233.05,1,3,2,1,Hibernating,12233.05,1.0,12233.05,Low Activity
6196,91,1.0,7906.66,3,3,1,3,Potential Loyalist,7906.66,1.0,7906.66,Low Activity
6198,223,2.0,15537.64,1,3,2,2,At Risk - High Value,15537.64,2.0,7768.82,Low Activity
6199,134,3.0,32885.25,2,3,4,2,At Risk - High Value,32885.25,3.0,10961.75,Regular
6200,241,3.0,50638.9,1,3,5,2,At Risk - High Value,50638.9,3.0,16879.633333333335,High Value
6202,26,5.0,87937.19,5,3,5,0,Champions,87937.19,5.0,17587.438000000002,High Value
6203,57,3.0,32740.61,4,3,4,4,Loyal Customers,32740.61,3.0,10913.536666666669,Regular
6204,117,2.0,28177.43,3,3,4,2,At Risk - High Value,28177.43,2.0,14088.715,Low Activity
6205,39,4.0,36662.01,4,3,4,0,Champions,36662.01,4.0,9165.5025,Regular
6207,81,3.0,30756.93,3,3,4,2,At Risk - High Value,30756.93,3.0,10252.31,Regular
6209,4,5.0,92403.52,5,3,5,0,Champions,92403.52,5.0,18480.704,High Value
6211,138,2.0,23306.24,2,3,3,2,At Risk - High Value,23306.24,2.0,11653.12,Low Activity
6212,18,2.0,16172.9,5,3,2,4,Loyal Customers,16172.9,2.0,8086.450000000001,Low Activity
6213,159,1.0,7723.32,2,3,1,1,Hibernating,7723.32,1.0,7723.32,Low Activity
6214,155,5.0,53056.04,2,3,5,0,Champions,53056.04,5.0,10611.208,High Value
6215,147,2.0,13477.47,2,3,2,2,At Risk - High Value,13477.47,2.0,6738.735000000001,Low Activity
6216,79,1.0,12558.54,3,3,2,3,Potential Loyalist,12558.54,1.0,12558.54,Low Activity
6217,132,2.0,18578.22,2,3,3,2,At Risk - High Value,18578.22,2.0,9289.11,Low Activity
6218,91,3.0,21215.18,3,3,3,2,At Risk - High Value,21215.18,3.0,7071.7266666666665,Regular
6219,3,5.0,62814.12999999999,5,3,5,0,Champions,62814.12999999999,5.0,12562.825999999995,High Value
6220,96,4.0,26582.41,3,3,3,0,Champions,26582.41,4.0,6645.6025,Regular
6221,19,5.0,54825.93,5,3,5,0,Champions,54825.93,5.0,10965.186,High Value
6222,153,2.0,13663.19,2,3,2,2,At Risk - High Value,13663.19,2.0,6831.594999999999,Low Activity
6223,252,2.0,26222.0,1,3,3,2,At Risk - High Value,26222.0,2.0,13111.0,Low Activity
6224,65,2.0,39375.72,4,3,5,4,Loyal Customers,39375.72,2.0,19687.86,Low Activity
6225,169,1.0,6422.98,2,3,1,1,Hibernating,6422.98,1.0,6422.98,Low Activity
6226,212,1.0,15385.1,1,3,2,1,Hibernating,15385.1,1.0,15385.1,Low Activity
6227,153,2.0,25230.09,2,3,3,2,At Risk - High Value,25230.09,2.0,12615.045,Low Activity
6228,2,2.0,28682.79,5,3,4,4,Loyal Customers,28682.79,2.0,14341.395,Low Activity
6229,299,1.0,7615.68,1,3,1,1,Hibernating,7615.68,1.0,7615.68,Low Activity
6231,325,3.0,43589.15,1,3,5,2,At Risk - High Value,43589.15,3.0,14529.716666666667,Regular
6232,340,1.0,3962.41,1,3,1,1,Hibernating,3962.41,1.0,3962.41,Low Activity
6233,2,3.0,26298.38,5,3,3,4,Loyal Customers,26298.38,3.0,8766.126666666667,Regular
6234,204,3.0,34725.719999999994,1,3,4,2,At Risk - High Value,34725.719999999994,3.0,11575.239999999998,Regular
6235,25,3.0,41879.83,5,3,5,4,Loyal Customers,41879.83,3.0,13959.943333333336,Regular
6236,34,3.0,29941.95,4,3,4,4,Loyal Customers,29941.95,3.0,9980.65,Regular
6237,9,5.0,35725.57,5,3,4,0,Champions,35725.57,5.0,7145.114,Regular
6238,78,3.0,32870.369999999995,3,3,4,2,At Risk - High Value,32870.369999999995,3.0,10956.79,Regular
6240,265,1.0,10624.39,1,3,1,1,Hibernating,10624.39,1.0,10624.39,Low Activity
6241,5,3.0,38775.29,5,3,5,4,Loyal Customers,38775.29,3.0,12925.096666666666,Regular
6242,128,1.0,7791.58,3,3,1,3,Potential Loyalist,7791.58,1.0,7791.58,Low Activity
6243,45,2.0,14916.11,4,3,2,4,Loyal Customers,14916.11,2.0,7458.055,Low Activity
6244,326,1.0,2813.49,1,3,1,1,Hibernating,2813.49,1.0,2813.49,Low Activity
6245,4,4.0,33634.06,5,3,4,0,Champions,33634.06,4.0,8408.515,Regular
6246,22,1.0,11585.13,5,3,1,3,Potential Loyalist,11585.13,1.0,11585.13,Low Activity
6247,227,3.0,25117.78,1,3,3,2,At Risk - High Value,25117.78,3.0,8372.593333333332,Regular
6248,133,4.0,44229.76,2,3,5,2,At Risk - High Value,44229.76,4.0,11057.44,Regular
6249,234,3.0,50329.27,1,3,5,2,At Risk - High Value,50329.27,3.0,16776.423333333336,High Value
6250,57,1.0,31152.7,4,3,4,4,Loyal Customers,31152.7,1.0,31152.7,Low Activity
6251,140,1.0,7795.32,2,3,1,1,Hibernating,7795.32,1.0,7795.32,Low Activity
6252,124,3.0,38122.3,3,3,5,2,At Risk - High Value,38122.3,3.0,12707.433333333334,Regular
6253,19,2.0,25263.44,5,3,3,4,Loyal Customers,25263.44,2.0,12631.72,Low Activity
6254,59,2.0,20550.15,4,3,3,4,Loyal Customers,20550.15,2.0,10275.075,Low Activity
6255,23,4.0,41826.74,5,3,5,0,Champions,41826.74,4.0,10456.685,Regular
6256,4,3.0,40276.21,5,3,5,4,Loyal Customers,40276.21,3.0,13425.403333333334,Regular
6257,7,4.0,38481.96,5,3,5,0,Champions,38481.96,4.0,9620.49,Regular
6258,171,3.0,43694.65,2,3,5,2,At Risk - High Value,43694.65,3.0,14564.883333333331,Regular
6260,19,2.0,11376.66,5,3,1,4,Loyal Customers,11376.66,2.0,5688.33,Low Activity
6262,136,4.0,46196.78,2,3,5,0,Champions,46196.78,4.0,11549.195,High Value
6264,44,3.0,24969.87,4,3,3,4,Loyal Customers,24969.87,3.0,8323.289999999999,Regular
6268,21,7.0,86926.47,5,3,5,0,Champions,86926.47,7.0,12418.067142857142,High Value
6269,16,3.0,50506.85,5,3,5,0,Champions,50506.85,3.0,16835.616666666665,High Value
6270,0,4.0,37375.9,5,3,4,0,Champions,37375.9,4.0,9343.975,Regular
6272,238,1.0,7710.52,1,3,1,1,Hibernating,7710.52,1.0,7710.52,Low Activity
6273,36,4.0,39968.990000000005,4,3,5,0,Champions,39968.990000000005,4.0,9992.2475,Regular
6274,209,1.0,18553.21,1,3,3,1,Hibernating,18553.21,1.0,18553.21,Low Activity
6275,230,1.0,19801.6,1,3,3,1,Hibernating,19801.6,1.0,19801.6,Low Activity
6276,66,1.0,11132.28,4,3,1,3,Potential Loyalist,11132.28,1.0,11132.28,Low Activity
6277,185,3.0,28045.34,2,3,4,2,At Risk - High Value,28045.34,3.0,9348.446666666669,Regular
6278,123,2.0,15472.67,3,3,2,2,At Risk - High Value,15472.67,2.0,7736.335,Low Activity
6279,162,1.0,7824.51,2,3,1,1,Hibernating,7824.51,1.0,7824.51,Low Activity
6280,66,3.0,27603.0,4,3,4,4,Loyal Customers,27603.0,3.0,9201.0,Regular
6282,77,1.0,12422.22,3,3,2,3,Potential Loyalist,12422.22,1.0,12422.22,Low Activity
6283,169,2.0,9498.2,2,3,1,1,Hibernating,9498.2,2.0,4749.1,Low Activity
6285,229,4.0,52744.81,1,3,5,2,At Risk - High Value,52744.81,4.0,13186.2025,High Value
6286,71,1.0,12438.91,3,3,2,3,Potential Loyalist,12438.91,1.0,12438.91,Low Activity
6287,80,3.0,20005.76,3,3,3,2,At Risk - High Value,20005.76,3.0,6668.586666666667,Regular
6288,45,2.0,20288.6,4,3,3,4,Loyal Customers,20288.6,2.0,10144.3,Low Activity
6289,58,4.0,48050.740000000005,4,3,5,0,Champions,48050.740000000005,4.0,12012.685,High Value
6290,27,4.0,27264.55,5,3,4,4,Loyal Customers,27264.55,4.0,6816.1375,Regular
6291,109,2.0,52112.66,3,3,5,2,At Risk - High Value,52112.66,2.0,26056.33,High Value
6292,53,2.0,13552.36,4,3,2,4,Loyal Customers,13552.36,2.0,6776.18,Low Activity
6293,143,4.0,59006.55,2,3,5,0,Champions,59006.55,4.0,14751.6375,High Value
6294,4,6.0,64178.21,5,3,5,0,Champions,64178.21,6.0,10696.368333333334,High Value
6295,198,1.0,15285.3,2,3,2,1,Hibernating,15285.3,1.0,15285.3,Low Activity
6296,173,2.0,23883.04,2,3,3,2,At Risk - High Value,23883.04,2.0,11941.52,Low Activity
6297,230,1.0,14137.37,1,3,2,1,Hibernating,14137.37,1.0,14137.37,Low Activity
6298,256,1.0,18987.56,1,3,3,1,Hibernating,18987.56,1.0,18987.56,Low Activity
6299,178,1.0,8246.31,2,3,1,1,Hibernating,8246.31,1.0,8246.31,Low Activity
6300,18,2.0,27330.730000000003,5,3,4,4,Loyal Customers,27330.730000000003,2.0,13665.365000000002,Low Activity
6301,84,1.0,12833.15,3,3,2,3,Potential Loyalist,12833.15,1.0,12833.15,Low Activity
6302,24,4.0,44797.6,5,3,5,0,Champions,44797.6,4.0,11199.4,Regular
6304,27,3.0,36786.58,5,3,4,4,Loyal Customers,36786.58,3.0,12262.193333333336,Regular
6306,68,2.0,23029.45,4,3,3,4,Loyal Customers,23029.45,2.0,11514.725,Low Activity
6307,15,3.0,34707.21,5,3,4,4,Loyal Customers,34707.21,3.0,11569.07,Regular
6308,0,2.0,30292.39,5,3,4,4,Loyal Customers,30292.39,2.0,15146.195,Low Activity
6309,56,4.0,60323.31,4,3,5,0,Champions,60323.31,4.0,15080.8275,High Value
6310,54,3.0,39798.4,4,3,5,0,Champions,39798.4,3.0,13266.133333333331,Regular
6311,240,1.0,9407.19,1,3,1,1,Hibernating,9407.19,1.0,9407.19,Low Activity
6312,3,2.0,14704.09,5,3,2,4,Loyal Customers,14704.09,2.0,7352.045,Low Activity
6313,126,3.0,40657.1,3,3,5,2,At Risk - High Value,40657.1,3.0,13552.366666666669,Regular
6314,39,1.0,6708.11,4,3,1,3,Potential Loyalist,6708.11,1.0,6708.11,Low Activity
6315,11,3.0,25267.12,5,3,3,4,Loyal Customers,25267.12,3.0,8422.373333333333,Regular
6316,54,2.0,15048.8,4,3,2,4,Loyal Customers,15048.8,2.0,7524.4,Low Activity
6317,235,1.0,7636.52,1,3,1,1,Hibernating,7636.52,1.0,7636.52,Low Activity
6318,18,1.0,9548.56,5,3,1,3,Potential Loyalist,9548.56,1.0,9548.56,Low Activity
6319,82,4.0,38213.61,3,3,5,0,Champions,38213.61,4.0,9553.4025,Regular
6320,105,1.0,25252.99,3,3,3,3,Potential Loyalist,25252.99,1.0,25252.99,Low Activity
6321,156,3.0,22038.1,2,3,3,2,At Risk - High Value,22038.1,3.0,7346.033333333333,Regular
6322,253,1.0,13570.88,1,3,2,1,Hibernating,13570.88,1.0,13570.88,Low Activity
6323,196,1.0,7461.95,2,3,1,1,Hibernating,7461.95,1.0,7461.95,Low Activity
6324,251,2.0,20004.53,1,3,3,2,At Risk - High Value,20004.53,2.0,10002.265,Low Activity
6325,6,5.0,69351.98999999999,5,3,5,0,Champions,69351.98999999999,5.0,13870.397999999996,High Value
6326,172,1.0,11469.44,2,3,1,1,Hibernating,11469.44,1.0,11469.44,Low Activity
6327,57,2.0,31272.84,4,3,4,4,Loyal Customers,31272.84,2.0,15636.42,Low Activity
6329,127,3.0,35865.6,3,3,4,2,At Risk - High Value,35865.6,3.0,11955.2,Regular
6330,292,1.0,8832.41,1,3,1,1,Hibernating,8832.41,1.0,8832.41,Low Activity
6331,201,3.0,23690.730000000003,2,3,3,2,At Risk - High Value,23690.730000000003,3.0,7896.910000000001,Regular
6332,20,2.0,41675.39,5,3,5,4,Loyal Customers,41675.39,2.0,20837.695,Low Activity
6334,79,4.0,32189.11,3,3,4,0,Champions,32189.11,4.0,8047.2775,Regular
6335,97,3.0,37984.94,3,3,4,2,At Risk - High Value,37984.94,3.0,12661.646666666667,Regular
6336,254,2.0,13855.18,1,3,2,1,Hibernating,13855.18,2.0,6927.59,Low Activity
6337,312,1.0,15991.91,1,3,2,1,Hibernating,15991.91,1.0,15991.91,Low Activity
6338,19,3.0,23354.66,5,3,3,4,Loyal Customers,23354.66,3.0,7784.886666666666,Regular
6339,57,1.0,5394.85,4,3,1,3,Potential Loyalist,5394.85,1.0,5394.85,Low Activity
6340,304,3.0,27440.15,1,3,4,2,At Risk - High Value,27440.15,3.0,9146.716666666667,Regular
6341,125,4.0,42446.740000000005,3,3,5,0,Champions,42446.740000000005,4.0,10611.685,Regular
6342,16,1.0,11301.13,5,3,1,3,Potential Loyalist,11301.13,1.0,11301.13,Low Activity
6343,192,2.0,18320.47,2,3,2,2,At Risk - High Value,18320.47,2.0,9160.235,Low Activity
6344,278,1.0,7491.96,1,3,1,1,Hibernating,7491.96,1.0,7491.96,Low Activity
6346,65,4.0,48807.28,4,3,5,0,Champions,48807.28,4.0,12201.82,High Value
6348,1,6.0,71692.17,5,3,5,0,Champions,71692.17,6.0,11948.695,High Value
6349,314,1.0,5288.24,1,3,1,1,Hibernating,5288.24,1.0,5288.24,Low Activity
6350,231,1.0,2743.6,1,3,1,1,Hibernating,2743.6,1.0,2743.6,Low Activity
6351,131,5.0,36698.02,2,3,4,0,Champions,36698.02,5.0,7339.604000000001,Regular
6353,19,3.0,41857.15,5,3,5,4,Loyal Customers,41857.15,3.0,13952.383333333331,Regular
6354,69,4.0,34576.83,3,3,4,0,Champions,34576.83,4.0,8644.2075,Regular
6355,315,3.0,39913.01,1,3,5,2,At Risk - High Value,39913.01,3.0,13304.336666666668,Regular
6357,277,1.0,4882.1,1,3,1,1,Hibernating,4882.1,1.0,4882.1,Low Activity
6358,52,2.0,29924.93,4,3,4,4,Loyal Customers,29924.93,2.0,14962.465,Low Activity
6359,38,3.0,30592.18,4,3,4,4,Loyal Customers,30592.18,3.0,10197.393333333332,Regular
6360,162,3.0,30239.7,2,3,4,2,At Risk - High Value,30239.7,3.0,10079.9,Regular
6361,3,6.0,58213.75,5,3,5,0,Champions,58213.75,6.0,9702.291666666666,High Value
6362,107,4.0,54839.54,3,3,5,0,Champions,54839.54,4.0,13709.885,High Value
6363,68,1.0,11562.1,4,3,1,3,Potential Loyalist,11562.1,1.0,11562.1,Low Activity
6364,298,1.0,19845.66,1,3,3,1,Hibernating,19845.66,1.0,19845.66,Low Activity
6365,235,2.0,18717.64,1,3,3,2,At Risk - High Value,18717.64,2.0,9358.82,Low Activity
6366,199,2.0,26279.77,2,3,3,2,At Risk - High Value,26279.77,2.0,13139.885,Low Activity
6367,14,3.0,30542.3,5,3,4,4,Loyal Customers,30542.3,3.0,10180.766666666666,Regular
6368,23,4.0,51717.27,5,3,5,0,Champions,51717.27,4.0,12929.3175,High Value
6369,2,1.0,3928.95,5,3,1,3,Potential Loyalist,3928.95,1.0,3928.95,Low Activity
6371,9,4.0,57231.34,5,3,5,0,Champions,57231.34,4.0,14307.835,High Value
6372,86,2.0,29414.71,3,3,4,2,At Risk - High Value,29414.71,2.0,14707.355,Low Activity
6373,169,2.0,8024.42,2,3,1,1,Hibernating,8024.42,2.0,4012.21,Low Activity
6375,204,1.0,19296.14,1,3,3,1,Hibernating,19296.14,1.0,19296.14,Low Activity
6376,106,2.0,26805.51,3,3,4,2,At Risk - High Value,26805.51,2.0,13402.755,Low Activity
6377,213,3.0,43017.46,1,3,5,2,At Risk - High Value,43017.46,3.0,14339.153333333334,Regular
6378,261,1.0,21586.37,1,3,3,1,Hibernating,21586.37,1.0,21586.37,Low Activity
6379,9,2.0,15575.12,5,3,2,4,Loyal Customers,15575.12,2.0,7787.559999999999,Low Activity
6380,194,2.0,23906.85,2,3,3,2,At Risk - High Value,23906.85,2.0,11953.425,Low Activity
6381,135,3.0,37390.84,2,3,4,2,At Risk - High Value,37390.84,3.0,12463.613333333333,Regular
6382,62,3.0,35892.48,4,3,4,4,Loyal Customers,35892.48,3.0,11964.160000000002,Regular
6383,206,2.0,7292.5,1,3,1,1,Hibernating,7292.5,2.0,3646.25,Low Activity
6384,165,2.0,36985.1,2,3,4,2,At Risk - High Value,36985.1,2.0,18492.55,Low Activity
6385,94,2.0,34232.81,3,3,4,2,At Risk - High Value,34232.81,2.0,17116.405,Low Activity
6386,111,3.0,37757.76,3,3,4,2,At Risk - High Value,37757.76,3.0,12585.919999999998,Regular
6387,63,1.0,6872.47,4,3,1,3,Potential Loyalist,6872.47,1.0,6872.47,Low Activity
6388,13,2.0,27665.11,5,3,4,4,Loyal Customers,27665.11,2.0,13832.555,Low Activity
6389,114,3.0,37677.59,3,3,4,2,At Risk - High Value,37677.59,3.0,12559.196666666665,Regular
6390,25,5.0,73468.55,5,3,5,0,Champions,73468.55,5.0,14693.71,High Value
6391,42,2.0,8937.03,4,3,1,3,Potential Loyalist,8937.03,2.0,4468.515,Low Activity
6392,129,4.0,28062.36,2,3,4,2,At Risk - High Value,28062.36,4.0,7015.59,Regular
6393,157,2.0,31486.02,2,3,4,2,At Risk - High Value,31486.02,2.0,15743.009999999998,Low Activity
6394,126,3.0,53894.37,3,3,5,0,Champions,53894.37,3.0,17964.79,High Value
6395,69,2.0,41749.71,3,3,5,2,At Risk - High Value,41749.71,2.0,20874.855,Low Activity
6396,57,3.0,18714.47,4,3,3,4,Loyal Customers,18714.47,3.0,6238.156666666667,Regular
6397,341,1.0,6880.91,1,3,1,1,Hibernating,6880.91,1.0,6880.91,Low Activity
6399,34,5.0,49862.73,4,3,5,0,Champions,49862.73,5.0,9972.545999999998,High Value
6400,143,2.0,31628.800000000003,2,3,4,2,At Risk - High Value,31628.800000000003,2.0,15814.4,Low Activity
6401,4,5.0,64927.06999999999,5,3,5,0,Champions,64927.06999999999,5.0,12985.414,High Value
6402,2,3.0,30543.66,5,3,4,4,Loyal Customers,30543.66,3.0,10181.22,Regular
6403,7,7.0,69947.84,5,3,5,0,Champions,69947.84,7.0,9992.548571428571,High Value
6404,73,5.0,49882.34,3,3,5,0,Champions,49882.34,5.0,9976.468,High Value
6405,191,4.0,43117.37,2,3,5,2,At Risk - High Value,43117.37,4.0,10779.3425,Regular
6406,25,3.0,28498.55,5,3,4,4,Loyal Customers,28498.55,3.0,9499.516666666666,Regular
6407,120,1.0,7372.67,3,3,1,3,Potential Loyalist,7372.67,1.0,7372.67,Low Activity
6408,14,3.0,24238.5,5,3,3,4,Loyal Customers,24238.5,3.0,8079.5,Regular
6409,1,2.0,17728.72,5,3,2,4,Loyal Customers,17728.72,2.0,8864.36,Low Activity
6410,160,1.0,13341.44,2,3,2,1,Hibernating,13341.44,1.0,13341.44,Low Activity
6411,3,3.0,36254.130000000005,5,3,4,4,Loyal Customers,36254.130000000005,3.0,12084.71,Regular
6412,72,2.0,26277.69,3,3,3,2,At Risk - High Value,26277.69,2.0,13138.845,Low Activity
6413,33,4.0,60128.89,4,3,5,0,Champions,60128.89,4.0,15032.2225,High Value
6414,42,2.0,14026.62,4,3,2,4,Loyal Customers,14026.62,2.0,7013.31,Low Activity
6416,161,3.0,40422.04,2,3,5,2,At Risk - High Value,40422.04,3.0,13474.013333333334,Regular
6417,51,1.0,3017.42,4,3,1,3,Potential Loyalist,3017.42,1.0,3017.42,Low Activity
6418,70,4.0,39672.17,3,3,5,0,Champions,39672.17,4.0,9918.0425,Regular
6419,33,3.0,47648.880000000005,4,3,5,0,Champions,47648.880000000005,3.0,15882.96,High Value
6420,16,3.0,25881.050000000003,5,3,3,4,Loyal Customers,25881.050000000003,3.0,8627.016666666668,Regular
6421,58,5.0,47842.79,4,3,5,0,Champions,47842.79,5.0,9568.558,High Value
6422,171,1.0,9468.39,2,3,1,1,Hibernating,9468.39,1.0,9468.39,Low Activity
6423,252,1.0,6043.31,1,3,1,1,Hibernating,6043.31,1.0,6043.31,Low Activity
6424,107,2.0,20794.22,3,3,3,2,At Risk - High Value,20794.22,2.0,10397.11,Low Activity
6426,82,2.0,16233.85,3,3,2,2,At Risk - High Value,16233.85,2.0,8116.925,Low Activity
6427,198,3.0,29610.550000000003,2,3,4,2,At Risk - High Value,29610.550000000003,3.0,9870.183333333334,Regular
6428,48,3.0,33226.58,4,3,4,4,Loyal Customers,33226.58,3.0,11075.526666666668,Regular
6429,52,3.0,34813.86,4,3,4,4,Loyal Customers,34813.86,3.0,11604.62,Regular
6430,21,3.0,26507.75,5,3,3,4,Loyal Customers,26507.75,3.0,8835.916666666666,Regular
6431,25,3.0,34909.07,5,3,4,4,Loyal Customers,34909.07,3.0,11636.356666666668,Regular
6432,226,1.0,10920.6,1,3,1,1,Hibernating,10920.6,1.0,10920.6,Low Activity
6433,118,6.0,64529.51,3,3,5,0,Champions,64529.51,6.0,10754.918333333331,High Value
6434,174,1.0,8812.2,2,3,1,1,Hibernating,8812.2,1.0,8812.2,Low Activity
6435,226,5.0,44239.45,1,3,5,2,At Risk - High Value,44239.45,5.0,8847.89,Regular
6436,32,4.0,39716.31,4,3,5,0,Champions,39716.31,4.0,9929.0775,Regular
6437,209,1.0,18530.65,1,3,3,1,Hibernating,18530.65,1.0,18530.65,Low Activity
6438,228,1.0,7780.51,1,3,1,1,Hibernating,7780.51,1.0,7780.51,Low Activity
6440,29,2.0,28306.94,4,3,4,4,Loyal Customers,28306.94,2.0,14153.47,Low Activity
6441,133,4.0,48768.43,2,3,5,0,Champions,48768.43,4.0,12192.1075,High Value
6442,26,5.0,60841.490000000005,5,3,5,0,Champions,60841.490000000005,5.0,12168.298,High Value
6444,182,2.0,15132.76,2,3,2,2,At Risk - High Value,15132.76,2.0,7566.38,Low Activity
6445,18,3.0,32217.42,5,3,4,4,Loyal Customers,32217.42,3.0,10739.14,Regular
6446,362,1.0,9572.77,1,3,1,1,Hibernating,9572.77,1.0,9572.77,Low Activity
6447,26,1.0,12847.81,5,3,2,3,Potential Loyalist,12847.81,1.0,12847.81,Low Activity
6448,82,1.0,12045.16,3,3,2,3,Potential Loyalist,12045.16,1.0,12045.16,Low Activity
6449,41,1.0,19698.46,4,3,3,3,Potential Loyalist,19698.46,1.0,19698.46,Low Activity
6450,57,4.0,29805.03,4,3,4,0,Champions,29805.03,4.0,7451.257500000001,Regular
6451,40,2.0,15193.75,4,3,2,4,Loyal Customers,15193.75,2.0,7596.875,Low Activity
6452,21,2.0,32272.64,5,3,4,4,Loyal Customers,32272.64,2.0,16136.32,Low Activity
6453,20,2.0,24998.29,5,3,3,4,Loyal Customers,24998.29,2.0,12499.145,Low Activity
6455,36,2.0,26570.77,4,3,3,4,Loyal Customers,26570.77,2.0,13285.385,Low Activity
6456,19,4.0,44296.8,5,3,5,0,Champions,44296.8,4.0,11074.2,Regular
6459,25,2.0,44733.8,5,3,5,4,Loyal Customers,44733.8,2.0,22366.9,Low Activity
6461,34,4.0,45905.83,4,3,5,0,Champions,45905.83,4.0,11476.4575,Regular
6462,35,4.0,44802.87,4,3,5,0,Champions,44802.87,4.0,11200.7175,Regular
6463,37,4.0,25574.41,4,3,3,0,Champions,25574.41,4.0,6393.6025,Regular
6464,11,3.0,41540.41,5,3,5,4,Loyal Customers,41540.41,3.0,13846.803333333331,Regular
6465,41,4.0,43053.78,4,3,5,0,Champions,43053.78,4.0,10763.445,Regular
6466,202,2.0,25584.11,1,3,3,2,At Risk - High Value,25584.11,2.0,12792.055,Low Activity
6467,59,4.0,40175.54,4,3,5,0,Champions,40175.54,4.0,10043.885,Regular
6468,27,7.0,69392.89,5,3,5,0,Champions,69392.89,7.0,9913.27,High Value
6469,346,1.0,19290.38,1,3,3,1,Hibernating,19290.38,1.0,19290.38,Low Activity
6470,64,2.0,21894.81,4,3,3,4,Loyal Customers,21894.81,2.0,10947.405,Low Activity
6471,71,1.0,10553.92,3,3,1,3,Potential Loyalist,10553.92,1.0,10553.92,Low Activity
6472,13,4.0,44639.18,5,3,5,0,Champions,44639.18,4.0,11159.795,Regular
6473,27,1.0,24850.9,5,3,3,4,Loyal Customers,24850.9,1.0,24850.9,Low Activity
6474,130,3.0,21026.13,2,3,3,2,At Risk - High Value,21026.13,3.0,7008.71,Regular
6476,156,5.0,73422.89,2,3,5,0,Champions,73422.89,5.0,14684.578,High Value
6477,125,4.0,45742.15,3,3,5,0,Champions,45742.15,4.0,11435.5375,Regular
6478,41,4.0,35801.91,4,3,4,0,Champions,35801.91,4.0,8950.4775,Regular
6479,51,6.0,61545.1,4,3,5,0,Champions,61545.1,6.0,10257.516666666666,High Value
6480,55,3.0,29109.270000000004,4,3,4,4,Loyal Customers,29109.270000000004,3.0,9703.090000000002,Regular
6482,18,3.0,51191.880000000005,5,3,5,0,Champions,51191.880000000005,3.0,17063.960000000003,High Value
6483,97,2.0,31360.86,3,3,4,2,At Risk - High Value,31360.86,2.0,15680.43,Low Activity
6485,87,3.0,30110.97,3,3,4,2,At Risk - High Value,30110.97,3.0,10036.99,Regular
6486,36,6.0,73185.16,4,3,5,0,Champions,73185.16,6.0,12197.526666666668,High Value
6487,33,3.0,24767.3,4,3,3,4,Loyal Customers,24767.3,3.0,8255.766666666666,Regular
6489,116,2.0,15322.66,3,3,2,2,At Risk - High Value,15322.66,2.0,7661.33,Low Activity
6490,126,2.0,41988.19,3,3,5,2,At Risk - High Value,41988.19,2.0,20994.095,Low Activity
6491,247,1.0,19889.86,1,3,3,1,Hibernating,19889.86,1.0,19889.86,Low Activity
6492,10,4.0,38633.74,5,3,5,0,Champions,38633.74,4.0,9658.435,Regular
6493,1,4.0,41598.7,5,3,5,0,Champions,41598.7,4.0,10399.675,Regular
6494,5,2.0,23143.14,5,3,3,4,Loyal Customers,23143.14,2.0,11571.57,Low Activity
6495,31,1.0,6491.7,4,3,1,3,Potential Loyalist,6491.7,1.0,6491.7,Low Activity
6496,24,4.0,38106.990000000005,5,3,5,0,Champions,38106.990000000005,4.0,9526.7475,Regular
6497,292,1.0,17542.7,1,3,2,1,Hibernating,17542.7,1.0,17542.7,Low Activity
6498,91,3.0,39092.61,3,3,5,2,At Risk - High Value,39092.61,3.0,13030.87,Regular
6499,11,3.0,38537.22,5,3,5,4,Loyal Customers,38537.22,3.0,12845.74,Regular
6500,220,2.0,26177.09,1,3,3,2,At Risk - High Value,26177.09,2.0,13088.545,Low Activity
6502,74,4.0,48101.27,3,3,5,0,Champions,48101.27,4.0,12025.3175,High Value
6503,163,2.0,25249.56,2,3,3,2,At Risk - High Value,25249.56,2.0,12624.78,Low Activity
6504,261,1.0,9073.42,1,3,1,1,Hibernating,9073.42,1.0,9073.42,Low Activity
6505,19,3.0,33025.9,5,3,4,4,Loyal Customers,33025.9,3.0,11008.633333333331,Regular
6506,251,2.0,20882.66,1,3,3,2,At Risk - High Value,20882.66,2.0,10441.33,Low Activity
6507,146,2.0,21778.86,2,3,3,2,At Risk - High Value,21778.86,2.0,10889.43,Low Activity
6509,0,2.0,18348.17,5,3,2,4,Loyal Customers,18348.17,2.0,9174.085,Low Activity
6510,9,2.0,18544.82,5,3,3,4,Loyal Customers,18544.82,2.0,9272.41,Low Activity
6511,7,4.0,49041.98,5,3,5,0,Champions,49041.98,4.0,12260.495,High Value
6513,7,2.0,22943.71,5,3,3,4,Loyal Customers,22943.71,2.0,11471.855,Low Activity
6514,17,1.0,12738.52,5,3,2,3,Potential Loyalist,12738.52,1.0,12738.52,Low Activity
6515,293,2.0,17454.72,1,3,2,2,At Risk - High Value,17454.72,2.0,8727.36,Low Activity
6516,41,2.0,18745.6,4,3,3,4,Loyal Customers,18745.6,2.0,9372.8,Low Activity
6517,270,3.0,36648.68,1,3,4,2,At Risk - High Value,36648.68,3.0,12216.226666666667,Regular
6518,47,2.0,35847.68,4,3,4,4,Loyal Customers,35847.68,2.0,17923.84,Low Activity
6519,17,2.0,24987.39,5,3,3,4,Loyal Customers,24987.39,2.0,12493.695,Low Activity
6520,27,2.0,43663.23,5,3,5,4,Loyal Customers,43663.23,2.0,21831.615,Low Activity
6521,204,1.0,3953.18,1,3,1,1,Hibernating,3953.18,1.0,3953.18,Low Activity
6522,213,1.0,8177.77,1,3,1,1,Hibernating,8177.77,1.0,8177.77,Low Activity
6523,10,2.0,14421.48,5,3,2,4,Loyal Customers,14421.48,2.0,7210.74,Low Activity
6524,242,2.0,25951.32,1,3,3,2,At Risk - High Value,25951.32,2.0,12975.66,Low Activity
6525,346,1.0,5060.07,1,3,1,1,Hibernating,5060.07,1.0,5060.07,Low Activity
6526,309,1.0,12982.78,1,3,2,1,Hibernating,12982.78,1.0,12982.78,Low Activity
6527,150,2.0,24821.18,2,3,3,2,At Risk - High Value,24821.18,2.0,12410.59,Low Activity
6528,19,1.0,16018.03,5,3,2,3,Potential Loyalist,16018.03,1.0,16018.03,Low Activity
6529,64,1.0,11788.53,4,3,2,3,Potential Loyalist,11788.53,1.0,11788.53,Low Activity
6530,177,1.0,17271.09,2,3,2,1,Hibernating,17271.09,1.0,17271.09,Low Activity
6531,139,2.0,18201.59,2,3,2,2,At Risk - High Value,18201.59,2.0,9100.795,Low Activity
6533,334,1.0,8333.44,1,3,1,1,Hibernating,8333.44,1.0,8333.44,Low Activity
6534,69,2.0,33410.93,3,3,4,2,At Risk - High Value,33410.93,2.0,16705.465,Low Activity
6536,21,1.0,7201.18,5,3,1,3,Potential Loyalist,7201.18,1.0,7201.18,Low Activity
6537,12,1.0,7409.56,5,3,1,3,Potential Loyalist,7409.56,1.0,7409.56,Low Activity
6538,154,1.0,10549.48,2,3,1,1,Hibernating,10549.48,1.0,10549.48,Low Activity
6539,4,1.0,11825.54,5,3,2,3,Potential Loyalist,11825.54,1.0,11825.54,Low Activity
6540,138,2.0,20708.63,2,3,3,2,At Risk - High Value,20708.63,2.0,10354.315,Low Activity
6541,4,5.0,50626.21,5,3,5,0,Champions,50626.21,5.0,10125.242,High Value
6542,42,3.0,50053.89,4,3,5,0,Champions,50053.89,3.0,16684.63,High Value
6543,74,1.0,16531.57,3,3,2,3,Potential Loyalist,16531.57,1.0,16531.57,Low Activity
6544,176,1.0,7711.84,2,3,1,1,Hibernating,7711.84,1.0,7711.84,Low Activity
6545,40,3.0,21126.73,4,3,3,4,Loyal Customers,21126.73,3.0,7042.243333333333,Regular
6546,96,4.0,51056.9,3,3,5,0,Champions,51056.9,4.0,12764.225,High Value
6547,59,3.0,23198.26,4,3,3,4,Loyal Customers,23198.26,3.0,7732.753333333333,Regular
6548,87,2.0,14743.55,3,3,2,2,At Risk - High Value,14743.55,2.0,7371.775,Low Activity
6549,95,3.0,52622.44,3,3,5,0,Champions,52622.44,3.0,17540.813333333335,High Value
6550,57,2.0,17421.86,4,3,2,4,Loyal Customers,17421.86,2.0,8710.93,Low Activity
6551,40,2.0,24480.63,4,3,3,4,Loyal Customers,24480.63,2.0,12240.315,Low Activity
6552,316,1.0,10483.88,1,3,1,1,Hibernating,10483.88,1.0,10483.88,Low Activity
6553,122,2.0,31451.49,3,3,4,2,At Risk - High Value,31451.49,2.0,15725.745,Low Activity
6554,272,2.0,31516.020000000004,1,3,4,2,At Risk - High Value,31516.020000000004,2.0,15758.010000000002,Low Activity
6555,298,1.0,6474.69,1,3,1,1,Hibernating,6474.69,1.0,6474.69,Low Activity
6557,98,1.0,19464.67,3,3,3,3,Potential Loyalist,19464.67,1.0,19464.67,Low Activity
6558,82,2.0,23003.58,3,3,3,2,At Risk - High Value,23003.58,2.0,11501.79,Low Activity
6559,7,5.0,36550.69,5,3,4,0,Champions,36550.69,5.0,7310.138000000001,Regular
6560,62,2.0,20482.99,4,3,3,4,Loyal Customers,20482.99,2.0,10241.495,Low Activity
6561,66,1.0,4814.18,4,3,1,3,Potential Loyalist,4814.18,1.0,4814.18,Low Activity
6562,249,1.0,11808.65,1,3,2,1,Hibernating,11808.65,1.0,11808.65,Low Activity
6564,47,1.0,12681.78,4,3,2,3,Potential Loyalist,12681.78,1.0,12681.78,Low Activity
6566,171,2.0,19442.12,2,3,3,2,At Risk - High Value,19442.12,2.0,9721.06,Low Activity
6567,10,2.0,13927.6,5,3,2,4,Loyal Customers,13927.6,2.0,6963.799999999999,Low Activity
6568,4,2.0,17887.45,5,3,2,4,Loyal Customers,17887.45,2.0,8943.725,Low Activity
6569,327,1.0,12828.99,1,3,2,1,Hibernating,12828.99,1.0,12828.99,Low Activity
6570,225,1.0,9999.99,1,3,1,1,Hibernating,9999.99,1.0,9999.99,Low Activity
6571,3,3.0,27322.620000000003,5,3,4,4,Loyal Customers,27322.620000000003,3.0,9107.54,Regular
6572,198,1.0,6200.21,2,3,1,1,Hibernating,6200.21,1.0,6200.21,Low Activity
6573,11,4.0,60978.66,5,3,5,0,Champions,60978.66,4.0,15244.665,High Value
6575,87,2.0,16958.52,3,3,2,2,At Risk - High Value,16958.52,2.0,8479.26,Low Activity
6577,0,4.0,58910.02,5,3,5,0,Champions,58910.02,4.0,14727.505,High Value
6578,104,3.0,25670.050000000003,3,3,3,2,At Risk - High Value,25670.050000000003,3.0,8556.683333333334,Regular
6579,163,1.0,6164.95,2,3,1,1,Hibernating,6164.95,1.0,6164.95,Low Activity
6580,48,3.0,37138.62,4,3,4,4,Loyal Customers,37138.62,3.0,12379.54,Regular
6581,17,1.0,9929.46,5,3,1,3,Potential Loyalist,9929.46,1.0,9929.46,Low Activity
6582,83,4.0,56233.11,3,3,5,0,Champions,56233.11,4.0,14058.2775,High Value
6583,220,1.0,5486.94,1,3,1,1,Hibernating,5486.94,1.0,5486.94,Low Activity
6586,184,2.0,20592.21,2,3,3,2,At Risk - High Value,20592.21,2.0,10296.105,Low Activity
6587,104,3.0,21266.51,3,3,3,2,At Risk - High Value,21266.51,3.0,7088.836666666667,Regular
6588,107,2.0,18854.22,3,3,3,2,At Risk - High Value,18854.22,2.0,9427.11,Low Activity
6589,242,3.0,44162.95,1,3,5,2,At Risk - High Value,44162.95,3.0,14720.983333333332,Regular
6591,196,1.0,7875.39,2,3,1,1,Hibernating,7875.39,1.0,7875.39,Low Activity
6592,245,2.0,13516.86,1,3,2,1,Hibernating,13516.86,2.0,6758.43,Low Activity
6593,127,1.0,5862.67,3,3,1,3,Potential Loyalist,5862.67,1.0,5862.67,Low Activity
6594,92,4.0,43394.48,3,3,5,0,Champions,43394.48,4.0,10848.62,Regular
6595,63,2.0,30852.910000000003,4,3,4,4,Loyal Customers,30852.910000000003,2.0,15426.455000000002,Low Activity
6596,70,2.0,15438.64,3,3,2,2,At Risk - High Value,15438.64,2.0,7719.32,Low Activity
6597,65,3.0,44443.380000000005,4,3,5,0,Champions,44443.380000000005,3.0,14814.46,Regular
6598,263,2.0,18332.9,1,3,2,2,At Risk - High Value,18332.9,2.0,9166.45,Low Activity
6599,185,1.0,19202.05,2,3,3,1,Hibernating,19202.05,1.0,19202.05,Low Activity
6600,36,3.0,39441.23,4,3,5,0,Champions,39441.23,3.0,13147.076666666666,Regular
6602,60,1.0,3967.27,4,3,1,3,Potential Loyalist,3967.27,1.0,3967.27,Low Activity
6603,8,3.0,39471.06,5,3,5,4,Loyal Customers,39471.06,3.0,13157.02,Regular
6605,38,1.0,8434.04,4,3,1,3,Potential Loyalist,8434.04,1.0,8434.04,Low Activity
6608,160,2.0,23085.050000000003,2,3,3,2,At Risk - High Value,23085.050000000003,2.0,11542.525,Low Activity
6609,73,4.0,42406.81,3,3,5,0,Champions,42406.81,4.0,10601.7025,Regular
6610,73,1.0,13421.32,3,3,2,3,Potential Loyalist,13421.32,1.0,13421.32,Low Activity
6611,175,1.0,5736.97,2,3,1,1,Hibernating,5736.97,1.0,5736.97,Low Activity
6612,19,2.0,24455.83,5,3,3,4,Loyal Customers,24455.83,2.0,12227.915,Low Activity
6613,243,2.0,19352.25,1,3,3,2,At Risk - High Value,19352.25,2.0,9676.125,Low Activity
6614,316,2.0,28015.1,1,3,4,2,At Risk - High Value,28015.1,2.0,14007.55,Low Activity
6615,92,2.0,23866.85,3,3,3,2,At Risk - High Value,23866.85,2.0,11933.425,Low Activity
6616,273,1.0,8320.47,1,3,1,1,Hibernating,8320.47,1.0,8320.47,Low Activity
6618,197,2.0,28669.66,2,3,4,2,At Risk - High Value,28669.66,2.0,14334.83,Low Activity
6619,276,1.0,18728.3,1,3,3,1,Hibernating,18728.3,1.0,18728.3,Low Activity
6620,96,3.0,20136.2,3,3,3,2,At Risk - High Value,20136.2,3.0,6712.066666666667,Regular
6621,107,4.0,37276.19,3,3,4,0,Champions,37276.19,4.0,9319.0475,Regular
6622,40,5.0,98714.11,4,3,5,0,Champions,98714.11,5.0,19742.822,High Value
6623,360,1.0,3475.36,1,3,1,1,Hibernating,3475.36,1.0,3475.36,Low Activity
6624,52,2.0,21747.1,4,3,3,4,Loyal Customers,21747.1,2.0,10873.55,Low Activity
6625,44,2.0,28285.31,4,3,4,4,Loyal Customers,28285.31,2.0,14142.655,Low Activity
6627,94,3.0,34919.22,3,3,4,2,At Risk - High Value,34919.22,3.0,11639.74,Regular
6628,85,4.0,56749.94,3,3,5,0,Champions,56749.94,4.0,14187.485,High Value
6629,331,1.0,10233.41,1,3,1,1,Hibernating,10233.41,1.0,10233.41,Low Activity
6631,25,2.0,16530.65,5,3,2,4,Loyal Customers,16530.65,2.0,8265.325,Low Activity
6633,254,1.0,4901.42,1,3,1,1,Hibernating,4901.42,1.0,4901.42,Low Activity
6634,60,2.0,21636.83,4,3,3,4,Loyal Customers,21636.83,2.0,10818.415,Low Activity
6635,13,2.0,30309.54,5,3,4,4,Loyal Customers,30309.54,2.0,15154.77,Low Activity
6636,108,4.0,51050.77,3,3,5,0,Champions,51050.77,4.0,12762.6925,High Value
6638,17,3.0,36341.3,5,3,4,4,Loyal Customers,36341.3,3.0,12113.766666666668,Regular
6639,105,2.0,19990.0,3,3,3,2,At Risk - High Value,19990.0,2.0,9995.0,Low Activity
6641,150,1.0,14257.61,2,3,2,1,Hibernating,14257.61,1.0,14257.61,Low Activity
6642,50,2.0,24246.86,4,3,3,4,Loyal Customers,24246.86,2.0,12123.43,Low Activity
6643,309,1.0,7765.96,1,3,1,1,Hibernating,7765.96,1.0,7765.96,Low Activity
6645,135,2.0,18106.14,2,3,2,2,At Risk - High Value,18106.14,2.0,9053.07,Low Activity
6646,305,1.0,11703.37,1,3,2,1,Hibernating,11703.37,1.0,11703.37,Low Activity
6647,174,1.0,7680.19,2,3,1,1,Hibernating,7680.19,1.0,7680.19,Low Activity
6648,9,4.0,43131.54,5,3,5,0,Champions,43131.54,4.0,10782.885,Regular
6649,275,1.0,27138.7,1,3,4,1,Hibernating,27138.7,1.0,27138.7,Low Activity
6650,220,2.0,15052.570000000002,1,3,2,2,At Risk - High Value,15052.570000000002,2.0,7526.285000000001,Low Activity
6652,69,1.0,4026.98,3,3,1,3,Potential Loyalist,4026.98,1.0,4026.98,Low Activity
6653,148,3.0,29661.2,2,3,4,2,At Risk - High Value,29661.2,3.0,9887.066666666668,Regular
6654,122,2.0,18846.7,3,3,3,2,At Risk - High Value,18846.7,2.0,9423.35,Low Activity
6655,3,4.0,60586.94,5,3,5,0,Champions,60586.94,4.0,15146.735,High Value
6656,222,1.0,17683.94,1,3,2,1,Hibernating,17683.94,1.0,17683.94,Low Activity
6657,213,1.0,5593.27,1,3,1,1,Hibernating,5593.27,1.0,5593.27,Low Activity
6658,51,2.0,9491.27,4,3,1,3,Potential Loyalist,9491.27,2.0,4745.635,Low Activity
6659,1,3.0,31271.07,5,3,4,4,Loyal Customers,31271.07,3.0,10423.69,Regular
6660,29,2.0,13458.18,4,3,2,4,Loyal Customers,13458.18,2.0,6729.09,Low Activity
6661,127,1.0,11817.45,3,3,2,3,Potential Loyalist,11817.45,1.0,11817.45,Low Activity
6662,163,3.0,45407.72,2,3,5,2,At Risk - High Value,45407.72,3.0,15135.906666666668,Regular
6663,27,2.0,19288.49,5,3,3,4,Loyal Customers,19288.49,2.0,9644.245,Low Activity
6664,1,3.0,23122.86,5,3,3,4,Loyal Customers,23122.86,3.0,7707.62,Regular
6665,42,1.0,4608.83,4,3,1,3,Potential Loyalist,4608.83,1.0,4608.83,Low Activity
6666,170,3.0,41941.24,2,3,5,2,At Risk - High Value,41941.24,3.0,13980.413333333332,Regular
6668,335,2.0,25912.51,1,3,3,2,At Risk - High Value,25912.51,2.0,12956.255,Low Activity
6669,77,3.0,32303.79,3,3,4,2,At Risk - High Value,32303.79,3.0,10767.93,Regular
6670,144,3.0,31467.77,2,3,4,2,At Risk - High Value,31467.77,3.0,10489.256666666666,Regular
6671,69,1.0,14605.7,3,3,2,3,Potential Loyalist,14605.7,1.0,14605.7,Low Activity
6672,165,2.0,21721.620000000003,2,3,3,2,At Risk - High Value,21721.620000000003,2.0,10860.81,Low Activity
6673,59,2.0,17236.46,4,3,2,4,Loyal Customers,17236.46,2.0,8618.23,Low Activity
6674,182,1.0,5520.04,2,3,1,1,Hibernating,5520.04,1.0,5520.04,Low Activity
6675,149,1.0,2901.82,2,3,1,1,Hibernating,2901.82,1.0,2901.82,Low Activity
6676,115,2.0,12048.46,3,3,2,3,Potential Loyalist,12048.46,2.0,6024.23,Low Activity
6677,48,3.0,40223.67,4,3,5,0,Champions,40223.67,3.0,13407.89,Regular
6678,63,4.0,53480.79,4,3,5,0,Champions,53480.79,4.0,13370.1975,High Value
6679,169,1.0,16171.83,2,3,2,1,Hibernating,16171.83,1.0,16171.83,Low Activity
6680,52,4.0,42280.66,4,3,5,0,Champions,42280.66,4.0,10570.165,Regular
6683,207,2.0,13894.51,1,3,2,1,Hibernating,13894.51,2.0,6947.255,Low Activity
6684,167,2.0,19609.12,2,3,3,2,At Risk - High Value,19609.12,2.0,9804.56,Low Activity
6685,0,7.0,112598.6,5,3,5,0,Champions,112598.6,7.0,16085.514285714287,High Value
6686,32,1.0,12886.12,4,3,2,3,Potential Loyalist,12886.12,1.0,12886.12,Low Activity
6687,31,4.0,46232.27,4,3,5,0,Champions,46232.27,4.0,11558.0675,High Value
6688,196,2.0,24355.8,2,3,3,2,At Risk - High Value,24355.8,2.0,12177.9,Low Activity
6689,55,3.0,20129.550000000003,4,3,3,4,Loyal Customers,20129.550000000003,3.0,6709.850000000001,Regular
6690,120,2.0,29951.61,3,3,4,2,At Risk - High Value,29951.61,2.0,14975.805,Low Activity
6691,61,2.0,34213.24,4,3,4,4,Loyal Customers,34213.24,2.0,17106.62,Low Activity
6692,167,2.0,18821.67,2,3,3,2,At Risk - High Value,18821.67,2.0,9410.835,Low Activity
6694,94,4.0,45478.58,3,3,5,0,Champions,45478.58,4.0,11369.645,Regular
6695,293,1.0,8843.47,1,3,1,1,Hibernating,8843.47,1.0,8843.47,Low Activity
6696,3,4.0,38877.2,5,3,5,0,Champions,38877.2,4.0,9719.3,Regular
6697,83,2.0,27025.35,3,3,4,2,At Risk - High Value,27025.35,2.0,13512.675,Low Activity
6698,161,2.0,24347.54,2,3,3,2,At Risk - High Value,24347.54,2.0,12173.77,Low Activity
6699,25,3.0,20444.7,5,3,3,4,Loyal Customers,20444.7,3.0,6814.900000000001,Regular
6701,116,2.0,13190.37,3,3,2,2,At Risk - High Value,13190.37,2.0,6595.185,Low Activity
6702,289,1.0,7847.7,1,3,1,1,Hibernating,7847.7,1.0,7847.7,Low Activity
6703,26,4.0,41189.6,5,3,5,0,Champions,41189.6,4.0,10297.4,Regular
6704,17,1.0,11391.41,5,3,1,3,Potential Loyalist,11391.41,1.0,11391.41,Low Activity
6705,54,3.0,29727.81,4,3,4,4,Loyal Customers,29727.81,3.0,9909.27,Regular
6706,84,1.0,8346.35,3,3,1,3,Potential Loyalist,8346.35,1.0,8346.35,Low Activity
6707,52,3.0,27042.49,4,3,4,4,Loyal Customers,27042.49,3.0,9014.163333333332,Regular
6708,26,3.0,29732.550000000003,5,3,4,4,Loyal Customers,29732.550000000003,3.0,9910.85,Regular
6709,136,7.0,84260.03,2,3,5,0,Champions,84260.03,7.0,12037.147142857142,High Value
6710,13,1.0,13504.4,5,3,2,3,Potential Loyalist,13504.4,1.0,13504.4,Low Activity
6712,70,2.0,25186.51,3,3,3,2,At Risk - High Value,25186.51,2.0,12593.255,Low Activity
6714,20,2.0,18646.24,5,3,3,4,Loyal Customers,18646.24,2.0,9323.12,Low Activity
6715,68,4.0,38533.17,4,3,5,0,Champions,38533.17,4.0,9633.2925,Regular
6716,48,7.0,87470.76,4,3,5,0,Champions,87470.76,7.0,12495.822857142855,High Value
6717,17,1.0,5878.01,5,3,1,3,Potential Loyalist,5878.01,1.0,5878.01,Low Activity
6718,155,1.0,12706.91,2,3,2,1,Hibernating,12706.91,1.0,12706.91,Low Activity
6719,38,1.0,9128.94,4,3,1,3,Potential Loyalist,9128.94,1.0,9128.94,Low Activity
6720,49,7.0,73638.26000000001,4,3,5,0,Champions,73638.26000000001,7.0,10519.75142857143,High Value
6721,171,2.0,23128.67,2,3,3,2,At Risk - High Value,23128.67,2.0,11564.335,Low Activity
6722,138,3.0,33123.91,2,3,4,2,At Risk - High Value,33123.91,3.0,11041.303333333335,Regular
6723,141,4.0,42184.15,2,3,5,2,At Risk - High Value,42184.15,4.0,10546.0375,Regular
6724,224,1.0,4045.25,1,3,1,1,Hibernating,4045.25,1.0,4045.25,Low Activity
6725,124,1.0,6470.75,3,3,1,3,Potential Loyalist,6470.75,1.0,6470.75,Low Activity
6726,39,1.0,12160.27,4,3,2,3,Potential Loyalist,12160.27,1.0,12160.27,Low Activity
6727,191,3.0,30863.93,2,3,4,2,At Risk - High Value,30863.93,3.0,10287.976666666667,Regular
6729,137,3.0,26158.09,2,3,3,2,At Risk - High Value,26158.09,3.0,8719.363333333333,Regular
6730,152,1.0,14592.57,2,3,2,1,Hibernating,14592.57,1.0,14592.57,Low Activity
6731,318,2.0,19516.27,1,3,3,2,At Risk - High Value,19516.27,2.0,9758.135,Low Activity
6732,76,2.0,30116.38,3,3,4,2,At Risk - High Value,30116.38,2.0,15058.19,Low Activity
6734,139,4.0,51101.58,2,3,5,0,Champions,51101.58,4.0,12775.395,High Value
6735,0,6.0,66769.15,5,3,5,0,Champions,66769.15,6.0,11128.191666666666,High Value
6736,242,3.0,39186.42,1,3,5,2,At Risk - High Value,39186.42,3.0,13062.14,Regular
6738,6,2.0,17824.06,5,3,2,4,Loyal Customers,17824.06,2.0,8912.03,Low Activity
6741,74,4.0,39371.8,3,3,5,0,Champions,39371.8,4.0,9842.95,Regular
6742,186,2.0,17064.35,2,3,2,2,At Risk - High Value,17064.35,2.0,8532.175,Low Activity
6744,213,1.0,10372.76,1,3,1,1,Hibernating,10372.76,1.0,10372.76,Low Activity
6746,163,3.0,29973.25,2,3,4,2,At Risk - High Value,29973.25,3.0,9991.083333333334,Regular
6748,30,2.0,38607.69,4,3,5,4,Loyal Customers,38607.69,2.0,19303.845,Low Activity
6749,206,1.0,5208.3,1,3,1,1,Hibernating,5208.3,1.0,5208.3,Low Activity
6750,42,3.0,29645.43,4,3,4,4,Loyal Customers,29645.43,3.0,9881.81,Regular
6751,283,1.0,13828.22,1,3,2,1,Hibernating,13828.22,1.0,13828.22,Low Activity
6752,215,1.0,7685.37,1,3,1,1,Hibernating,7685.37,1.0,7685.37,Low Activity
6753,34,3.0,45658.56,4,3,5,0,Champions,45658.56,3.0,15219.52,Regular
6755,310,1.0,18816.79,1,3,3,1,Hibernating,18816.79,1.0,18816.79,Low Activity
6756,91,4.0,37977.91,3,3,4,0,Champions,37977.91,4.0,9494.4775,Regular
6757,208,1.0,5953.02,1,3,1,1,Hibernating,5953.02,1.0,5953.02,Low Activity
6758,152,1.0,15899.76,2,3,2,1,Hibernating,15899.76,1.0,15899.76,Low Activity
6759,99,1.0,20547.63,3,3,3,3,Potential Loyalist,20547.63,1.0,20547.63,Low Activity
6760,36,2.0,26972.46,4,3,4,4,Loyal Customers,26972.46,2.0,13486.23,Low Activity
6761,228,4.0,32196.980000000003,1,3,4,2,At Risk - High Value,32196.980000000003,4.0,8049.245000000001,Regular
6762,132,3.0,47926.0,2,3,5,2,At Risk - High Value,47926.0,3.0,15975.333333333334,High Value
6764,11,3.0,31374.07,5,3,4,4,Loyal Customers,31374.07,3.0,10458.023333333333,Regular
6765,29,4.0,42374.83,4,3,5,0,Champions,42374.83,4.0,10593.7075,Regular
6767,19,6.0,49895.58,5,3,5,0,Champions,49895.58,6.0,8315.93,High Value
6769,234,1.0,9994.96,1,3,1,1,Hibernating,9994.96,1.0,9994.96,Low Activity
6770,255,1.0,14917.2,1,3,2,1,Hibernating,14917.2,1.0,14917.2,Low Activity
6771,86,5.0,77713.75,3,3,5,0,Champions,77713.75,5.0,15542.75,High Value
6772,247,2.0,16711.89,1,3,2,2,At Risk - High Value,16711.89,2.0,8355.945,Low Activity
6775,22,4.0,59457.45,5,3,5,0,Champions,59457.45,4.0,14864.3625,High Value
6776,46,3.0,28552.7,4,3,4,4,Loyal Customers,28552.7,3.0,9517.566666666668,Regular
6777,49,1.0,12698.36,4,3,2,3,Potential Loyalist,12698.36,1.0,12698.36,Low Activity
6778,59,1.0,7461.18,4,3,1,3,Potential Loyalist,7461.18,1.0,7461.18,Low Activity
6779,0,3.0,32614.48,5,3,4,4,Loyal Customers,32614.48,3.0,10871.493333333334,Regular
6780,75,2.0,29448.75,3,3,4,2,At Risk - High Value,29448.75,2.0,14724.375,Low Activity
6781,313,1.0,19246.43,1,3,3,1,Hibernating,19246.43,1.0,19246.43,Low Activity
6782,28,3.0,38482.16,4,3,5,0,Champions,38482.16,3.0,12827.386666666667,Regular
6783,107,4.0,49578.38,3,3,5,0,Champions,49578.38,4.0,12394.595,High Value
6784,14,3.0,32269.29,5,3,4,4,Loyal Customers,32269.29,3.0,10756.429999999998,Regular
6785,79,1.0,18705.34,3,3,3,3,Potential Loyalist,18705.34,1.0,18705.34,Low Activity
6786,17,6.0,63938.63,5,3,5,0,Champions,63938.63,6.0,10656.438333333334,High Value
6787,6,1.0,13668.46,5,3,2,3,Potential Loyalist,13668.46,1.0,13668.46,Low Activity
6788,282,2.0,24504.78,1,3,3,2,At Risk - High Value,24504.78,2.0,12252.39,Low Activity
6789,248,1.0,7183.24,1,3,1,1,Hibernating,7183.24,1.0,7183.24,Low Activity
6790,248,1.0,16940.08,1,3,2,1,Hibernating,16940.08,1.0,16940.08,Low Activity
6792,238,1.0,12815.77,1,3,2,1,Hibernating,12815.77,1.0,12815.77,Low Activity
6793,31,6.0,52016.58,4,3,5,0,Champions,52016.58,6.0,8669.43,High Value
6794,349,1.0,14187.9,1,3,2,1,Hibernating,14187.9,1.0,14187.9,Low Activity
6795,233,2.0,24805.42,1,3,3,2,At Risk - High Value,24805.42,2.0,12402.71,Low Activity
6796,14,5.0,45620.9,5,3,5,0,Champions,45620.9,5.0,9124.18,Regular
6797,58,3.0,37219.07,4,3,4,4,Loyal Customers,37219.07,3.0,12406.356666666668,Regular
6798,70,3.0,30280.71,3,3,4,2,At Risk - High Value,30280.71,3.0,10093.57,Regular
6800,136,7.0,80399.38,2,3,5,0,Champions,80399.38,7.0,11485.625714285716,High Value
6801,28,5.0,46835.49,4,3,5,0,Champions,46835.49,5.0,9367.098,High Value
6803,86,1.0,10116.92,3,3,1,3,Potential Loyalist,10116.92,1.0,10116.92,Low Activity
6804,68,6.0,64250.53,4,3,5,0,Champions,64250.53,6.0,10708.421666666669,High Value
6805,202,3.0,27544.57,1,3,4,2,At Risk - High Value,27544.57,3.0,9181.523333333333,Regular
6806,74,4.0,48574.78999999999,3,3,5,0,Champions,48574.78999999999,4.0,12143.697499999998,High Value
6808,3,3.0,42774.69,5,3,5,4,Loyal Customers,42774.69,3.0,14258.23,Regular
6809,68,3.0,18646.61,4,3,3,4,Loyal Customers,18646.61,3.0,6215.536666666667,Regular
6810,57,1.0,13045.21,4,3,2,3,Potential Loyalist,13045.21,1.0,13045.21,Low Activity
6812,48,2.0,16802.72,4,3,2,4,Loyal Customers,16802.72,2.0,8401.36,Low Activity
6813,19,3.0,27068.49,5,3,4,4,Loyal Customers,27068.49,3.0,9022.83,Regular
6814,64,3.0,27118.64,4,3,4,4,Loyal Customers,27118.64,3.0,9039.546666666669,Regular
6815,202,2.0,24547.81,1,3,3,2,At Risk - High Value,24547.81,2.0,12273.905,Low Activity
6818,73,3.0,39918.06,3,3,5,2,At Risk - High Value,39918.06,3.0,13306.02,Regular
6819,208,3.0,36731.57,1,3,4,2,At Risk - High Value,36731.57,3.0,12243.856666666668,Regular
6820,18,6.0,68665.39,5,3,5,0,Champions,68665.39,6.0,11444.231666666668,High Value
6821,234,1.0,9843.87,1,3,1,1,Hibernating,9843.87,1.0,9843.87,Low Activity
6822,71,2.0,25516.24,3,3,3,2,At Risk - High Value,25516.24,2.0,12758.12,Low Activity
6823,7,3.0,23156.45,5,3,3,4,Loyal Customers,23156.45,3.0,7718.816666666667,Regular
6824,117,3.0,25273.0,3,3,3,2,At Risk - High Value,25273.0,3.0,8424.333333333334,Regular
6825,276,1.0,11218.35,1,3,1,1,Hibernating,11218.35,1.0,11218.35,Low Activity
6826,272,1.0,10912.59,1,3,1,1,Hibernating,10912.59,1.0,10912.59,Low Activity
6827,206,3.0,45957.41,1,3,5,2,At Risk - High Value,45957.41,3.0,15319.136666666667,High Value
6830,209,2.0,21455.7,1,3,3,2,At Risk - High Value,21455.7,2.0,10727.85,Low Activity
6831,245,1.0,14805.78,1,3,2,1,Hibernating,14805.78,1.0,14805.78,Low Activity
6832,3,4.0,65354.13,5,3,5,0,Champions,65354.13,4.0,16338.5325,High Value
6834,297,1.0,13955.82,1,3,2,1,Hibernating,13955.82,1.0,13955.82,Low Activity
6835,266,1.0,10128.53,1,3,1,1,Hibernating,10128.53,1.0,10128.53,Low Activity
6837,250,2.0,24442.75,1,3,3,2,At Risk - High Value,24442.75,2.0,12221.375,Low Activity
6838,26,6.0,73707.08,5,3,5,0,Champions,73707.08,6.0,12284.513333333334,High Value
6839,95,2.0,10934.37,3,3,1,3,Potential Loyalist,10934.37,2.0,5467.185,Low Activity
6840,15,2.0,18521.95,5,3,3,4,Loyal Customers,18521.95,2.0,9260.975,Low Activity
6841,33,2.0,13543.87,4,3,2,4,Loyal Customers,13543.87,2.0,6771.935,Low Activity
6842,283,1.0,10213.91,1,3,1,1,Hibernating,10213.91,1.0,10213.91,Low Activity
6843,48,5.0,56056.81,4,3,5,0,Champions,56056.81,5.0,11211.362,High Value
6844,46,1.0,9163.09,4,3,1,3,Potential Loyalist,9163.09,1.0,9163.09,Low Activity
6845,193,2.0,17331.97,2,3,2,2,At Risk - High Value,17331.97,2.0,8665.985,Low Activity
6846,9,1.0,3778.24,5,3,1,3,Potential Loyalist,3778.24,1.0,3778.24,Low Activity
6847,75,4.0,37380.29,3,3,4,0,Champions,37380.29,4.0,9345.0725,Regular
6848,104,2.0,26946.78,3,3,4,2,At Risk - High Value,26946.78,2.0,13473.39,Low Activity
6849,32,2.0,17221.61,4,3,2,4,Loyal Customers,17221.61,2.0,8610.805,Low Activity
6850,124,2.0,18176.23,3,3,2,2,At Risk - High Value,18176.23,2.0,9088.115,Low Activity
6851,30,3.0,35316.95,4,3,4,4,Loyal Customers,35316.95,3.0,11772.316666666666,Regular
6852,60,3.0,47622.44,4,3,5,0,Champions,47622.44,3.0,15874.146666666667,High Value
6853,40,4.0,42614.42,4,3,5,0,Champions,42614.42,4.0,10653.605,Regular
6854,194,1.0,7430.42,2,3,1,1,Hibernating,7430.42,1.0,7430.42,Low Activity
6855,116,2.0,22348.85,3,3,3,2,At Risk - High Value,22348.85,2.0,11174.425,Low Activity
6856,10,1.0,11360.94,5,3,1,3,Potential Loyalist,11360.94,1.0,11360.94,Low Activity
6857,69,2.0,15299.36,3,3,2,2,At Risk - High Value,15299.36,2.0,7649.68,Low Activity
6858,12,2.0,23232.51,5,3,3,4,Loyal Customers,23232.51,2.0,11616.255,Low Activity
6859,186,3.0,34369.23,2,3,4,2,At Risk - High Value,34369.23,3.0,11456.409999999998,Regular
6860,7,4.0,43024.94,5,3,5,0,Champions,43024.94,4.0,10756.235,Regular
6861,65,5.0,70706.62,4,3,5,0,Champions,70706.62,5.0,14141.324,High Value
6862,125,4.0,47044.27,3,3,5,0,Champions,47044.27,4.0,11761.0675,High Value
6864,4,3.0,25112.1,5,3,3,4,Loyal Customers,25112.1,3.0,8370.699999999999,Regular
6865,6,5.0,30737.09,5,3,4,0,Champions,30737.09,5.0,6147.418,Regular
6867,183,3.0,43812.63,2,3,5,2,At Risk - High Value,43812.63,3.0,14604.21,Regular
6868,111,3.0,33625.19,3,3,4,2,At Risk - High Value,33625.19,3.0,11208.396666666667,Regular
6870,170,1.0,10103.99,2,3,1,1,Hibernating,10103.99,1.0,10103.99,Low Activity
6871,59,3.0,46221.13,4,3,5,0,Champions,46221.13,3.0,15407.043333333331,High Value
6872,126,3.0,38248.3,3,3,5,2,At Risk - High Value,38248.3,3.0,12749.433333333334,Regular
6873,22,1.0,12354.95,5,3,2,3,Potential Loyalist,12354.95,1.0,12354.95,Low Activity
6874,90,2.0,28586.52,3,3,4,2,At Risk - High Value,28586.52,2.0,14293.259999999998,Low Activity
6875,170,1.0,14061.17,2,3,2,1,Hibernating,14061.17,1.0,14061.17,Low Activity
6876,38,5.0,68252.94,4,3,5,0,Champions,68252.94,5.0,13650.588,High Value
6878,214,1.0,4129.26,1,3,1,1,Hibernating,4129.26,1.0,4129.26,Low Activity
6879,178,3.0,35430.86,2,3,4,2,At Risk - High Value,35430.86,3.0,11810.286666666669,Regular
6880,42,2.0,30346.550000000003,4,3,4,4,Loyal Customers,30346.550000000003,2.0,15173.275,Low Activity
6882,99,3.0,28805.55,3,3,4,2,At Risk - High Value,28805.55,3.0,9601.85,Regular
6883,244,2.0,17008.61,1,3,2,2,At Risk - High Value,17008.61,2.0,8504.305,Low Activity
6884,127,4.0,48336.5,3,3,5,0,Champions,48336.5,4.0,12084.125,High Value
6885,20,4.0,50190.26,5,3,5,0,Champions,50190.26,4.0,12547.565,High Value
6886,83,1.0,11466.79,3,3,1,3,Potential Loyalist,11466.79,1.0,11466.79,Low Activity
6887,231,2.0,13448.899999999998,1,3,2,1,Hibernating,13448.899999999998,2.0,6724.449999999999,Low Activity
6888,28,4.0,30001.15,4,3,4,0,Champions,30001.15,4.0,7500.287499999999,Regular
6889,17,2.0,18332.39,5,3,2,4,Loyal Customers,18332.39,2.0,9166.195,Low Activity
6890,5,2.0,21169.4,5,3,3,4,Loyal Customers,21169.4,2.0,10584.7,Low Activity
6891,147,1.0,7348.47,2,3,1,1,Hibernating,7348.47,1.0,7348.47,Low Activity
6892,186,2.0,27738.9,2,3,4,2,At Risk - High Value,27738.9,2.0,13869.45,Low Activity
6894,130,1.0,8109.71,2,3,1,1,Hibernating,8109.71,1.0,8109.71,Low Activity
6896,62,1.0,9071.92,4,3,1,3,Potential Loyalist,9071.92,1.0,9071.92,Low Activity
6897,19,1.0,13282.51,5,3,2,3,Potential Loyalist,13282.51,1.0,13282.51,Low Activity
6898,213,5.0,50563.29,1,3,5,2,At Risk - High Value,50563.29,5.0,10112.658,High Value
6899,130,2.0,23025.56,2,3,3,2,At Risk - High Value,23025.56,2.0,11512.78,Low Activity
6900,52,1.0,9941.68,4,3,1,3,Potential Loyalist,9941.68,1.0,9941.68,Low Activity
6901,15,3.0,35405.23,5,3,4,4,Loyal Customers,35405.23,3.0,11801.743333333334,Regular
6902,284,3.0,22698.59,1,3,3,2,At Risk - High Value,22698.59,3.0,7566.196666666667,Regular
6904,239,1.0,7114.33,1,3,1,1,Hibernating,7114.33,1.0,7114.33,Low Activity
6905,39,3.0,27114.83,4,3,4,4,Loyal Customers,27114.83,3.0,9038.276666666668,Regular
6906,35,3.0,39089.17,4,3,5,0,Champions,39089.17,3.0,13029.723333333332,Regular
6907,117,4.0,30438.47,3,3,4,0,Champions,30438.47,4.0,7609.6175,Regular
6908,48,2.0,14029.58,4,3,2,4,Loyal Customers,14029.58,2.0,7014.79,Low Activity
6910,25,4.0,49071.14,5,3,5,0,Champions,49071.14,4.0,12267.785,High Value
6911,222,1.0,20398.82,1,3,3,1,Hibernating,20398.82,1.0,20398.82,Low Activity
6912,19,4.0,32848.84,5,3,4,0,Champions,32848.84,4.0,8212.21,Regular
6913,31,6.0,102954.48,4,3,5,0,Champions,102954.48,6.0,17159.079999999998,High Value
6914,221,1.0,10253.76,1,3,1,1,Hibernating,10253.76,1.0,10253.76,Low Activity
6915,51,2.0,19692.300000000003,4,3,3,4,Loyal Customers,19692.300000000003,2.0,9846.15,Low Activity
6916,52,2.0,23674.300000000003,4,3,3,4,Loyal Customers,23674.300000000003,2.0,11837.15,Low Activity
6917,48,3.0,49585.91,4,3,5,0,Champions,49585.91,3.0,16528.636666666665,High Value
6918,129,1.0,10456.68,2,3,1,1,Hibernating,10456.68,1.0,10456.68,Low Activity
6920,76,3.0,39276.55,3,3,5,2,At Risk - High Value,39276.55,3.0,13092.183333333334,Regular
6921,58,5.0,55214.4,4,3,5,0,Champions,55214.4,5.0,11042.88,High Value
6922,13,2.0,19601.17,5,3,3,4,Loyal Customers,19601.17,2.0,9800.585,Low Activity
6923,97,4.0,32346.77,3,3,4,0,Champions,32346.77,4.0,8086.692499999999,Regular
6924,136,3.0,43287.32,2,3,5,2,At Risk - High Value,43287.32,3.0,14429.106666666668,Regular
6925,139,1.0,6405.87,2,3,1,1,Hibernating,6405.87,1.0,6405.87,Low Activity
6926,25,4.0,49533.43,5,3,5,0,Champions,49533.43,4.0,12383.3575,High Value
6927,297,1.0,24399.99,1,3,3,1,Hibernating,24399.99,1.0,24399.99,Low Activity
6928,136,2.0,31736.02,2,3,4,2,At Risk - High Value,31736.02,2.0,15868.01,Low Activity
6929,124,2.0,21681.8,3,3,3,2,At Risk - High Value,21681.8,2.0,10840.9,Low Activity
6930,49,2.0,34197.58,4,3,4,4,Loyal Customers,34197.58,2.0,17098.79,Low Activity
6931,22,2.0,35751.33,5,3,4,4,Loyal Customers,35751.33,2.0,17875.665,Low Activity
6932,47,5.0,45544.7,4,3,5,0,Champions,45544.7,5.0,9108.94,Regular
6933,117,2.0,20873.89,3,3,3,2,At Risk - High Value,20873.89,2.0,10436.945,Low Activity
6934,138,1.0,7271.42,2,3,1,1,Hibernating,7271.42,1.0,7271.42,Low Activity
6935,319,1.0,4193.71,1,3,1,1,Hibernating,4193.71,1.0,4193.71,Low Activity
6936,71,2.0,15719.37,3,3,2,2,At Risk - High Value,15719.37,2.0,7859.684999999999,Low Activity
6937,0,3.0,31244.46,5,3,4,4,Loyal Customers,31244.46,3.0,10414.82,Regular
6938,138,3.0,28622.74,2,3,4,2,At Risk - High Value,28622.74,3.0,9540.913333333332,Regular
6939,0,3.0,25518.32,5,3,3,4,Loyal Customers,25518.32,3.0,8506.106666666667,Regular
6940,139,2.0,18994.36,2,3,3,2,At Risk - High Value,18994.36,2.0,9497.18,Low Activity
6941,50,2.0,21895.47,4,3,3,4,Loyal Customers,21895.47,2.0,10947.735,Low Activity
6943,167,3.0,48413.65,2,3,5,2,At Risk - High Value,48413.65,3.0,16137.883333333331,High Value
6944,8,3.0,47590.27,5,3,5,0,Champions,47590.27,3.0,15863.423333333332,High Value
6945,167,1.0,8944.96,2,3,1,1,Hibernating,8944.96,1.0,8944.96,Low Activity
6946,136,3.0,35100.33,2,3,4,2,At Risk - High Value,35100.33,3.0,11700.11,Regular
6947,118,2.0,22927.34,3,3,3,2,At Risk - High Value,22927.34,2.0,11463.67,Low Activity
6948,247,1.0,9725.71,1,3,1,1,Hibernating,9725.71,1.0,9725.71,Low Activity
6949,136,2.0,32252.98,2,3,4,2,At Risk - High Value,32252.98,2.0,16126.49,Low Activity
6950,18,2.0,18415.39,5,3,2,4,Loyal Customers,18415.39,2.0,9207.695,Low Activity
6951,104,2.0,30289.93,3,3,4,2,At Risk - High Value,30289.93,2.0,15144.965,Low Activity
6952,49,1.0,19043.86,4,3,3,3,Potential Loyalist,19043.86,1.0,19043.86,Low Activity
6953,284,1.0,14772.41,1,3,2,1,Hibernating,14772.41,1.0,14772.41,Low Activity
6954,93,1.0,12748.34,3,3,2,3,Potential Loyalist,12748.34,1.0,12748.34,Low Activity
6955,288,1.0,10393.07,1,3,1,1,Hibernating,10393.07,1.0,10393.07,Low Activity
6957,319,1.0,18079.56,1,3,2,1,Hibernating,18079.56,1.0,18079.56,Low Activity
6958,345,1.0,11357.98,1,3,1,1,Hibernating,11357.98,1.0,11357.98,Low Activity
6959,194,1.0,6207.0,2,3,1,1,Hibernating,6207.0,1.0,6207.0,Low Activity
6960,67,3.0,31189.37,4,3,4,4,Loyal Customers,31189.37,3.0,10396.456666666669,Regular
6961,4,1.0,7387.49,5,3,1,3,Potential Loyalist,7387.49,1.0,7387.49,Low Activity
6962,10,5.0,36977.09,5,3,4,0,Champions,36977.09,5.0,7395.418,Regular
6963,87,2.0,22956.76,3,3,3,2,At Risk - High Value,22956.76,2.0,11478.38,Low Activity
6964,224,1.0,6646.01,1,3,1,1,Hibernating,6646.01,1.0,6646.01,Low Activity
6965,7,1.0,9409.14,5,3,1,3,Potential Loyalist,9409.14,1.0,9409.14,Low Activity
6966,18,2.0,33837.73,5,3,4,4,Loyal Customers,33837.73,2.0,16918.864999999998,Low Activity
6967,242,1.0,16202.88,1,3,2,1,Hibernating,16202.88,1.0,16202.88,Low Activity
6968,67,2.0,28587.270000000004,4,3,4,4,Loyal Customers,28587.270000000004,2.0,14293.635000000002,Low Activity
6969,1,5.0,52488.56,5,3,5,0,Champions,52488.56,5.0,10497.712,High Value
6971,18,3.0,45756.09,5,3,5,4,Loyal Customers,45756.09,3.0,15252.03,Regular
6972,219,2.0,16592.35,1,3,2,2,At Risk - High Value,16592.35,2.0,8296.175,Low Activity
6973,206,2.0,23139.48,1,3,3,2,At Risk - High Value,23139.48,2.0,11569.74,Low Activity
6975,112,2.0,29022.63,3,3,4,2,At Risk - High Value,29022.63,2.0,14511.315,Low Activity
6976,66,2.0,33726.73,4,3,4,4,Loyal Customers,33726.73,2.0,16863.364999999998,Low Activity
6977,157,2.0,14854.88,2,3,2,2,At Risk - High Value,14854.88,2.0,7427.44,Low Activity
6978,3,1.0,9874.05,5,3,1,3,Potential Loyalist,9874.05,1.0,9874.05,Low Activity
6979,39,1.0,7776.48,4,3,1,3,Potential Loyalist,7776.48,1.0,7776.48,Low Activity
6980,126,1.0,13823.78,3,3,2,3,Potential Loyalist,13823.78,1.0,13823.78,Low Activity
6981,338,1.0,9024.88,1,3,1,1,Hibernating,9024.88,1.0,9024.88,Low Activity
6982,65,1.0,4772.26,4,3,1,3,Potential Loyalist,4772.26,1.0,4772.26,Low Activity
6983,10,3.0,35016.18,5,3,4,4,Loyal Customers,35016.18,3.0,11672.06,Regular
6984,182,2.0,24151.23,2,3,3,2,At Risk - High Value,24151.23,2.0,12075.615,Low Activity
6985,141,1.0,6855.92,2,3,1,1,Hibernating,6855.92,1.0,6855.92,Low Activity
6986,15,2.0,11345.93,5,3,1,4,Loyal Customers,11345.93,2.0,5672.965,Low Activity
6987,276,1.0,9124.1,1,3,1,1,Hibernating,9124.1,1.0,9124.1,Low Activity
6988,102,2.0,26566.59,3,3,3,2,At Risk - High Value,26566.59,2.0,13283.295,Low Activity
6989,14,2.0,9629.78,5,3,1,3,Potential Loyalist,9629.78,2.0,4814.89,Low Activity
6990,70,2.0,9341.9,3,3,1,3,Potential Loyalist,9341.9,2.0,4670.95,Low Activity
6991,79,4.0,24103.34,3,3,3,0,Champions,24103.34,4.0,6025.835,Regular
6995,74,4.0,43549.75,3,3,5,0,Champions,43549.75,4.0,10887.4375,Regular
6996,64,2.0,30190.23,4,3,4,4,Loyal Customers,30190.23,2.0,15095.115,Low Activity
6997,61,6.0,65455.26,4,3,5,0,Champions,65455.26,6.0,10909.21,High Value
6998,154,2.0,28134.82,2,3,4,2,At Risk - High Value,28134.82,2.0,14067.41,Low Activity
6999,140,2.0,44990.34,2,3,5,2,At Risk - High Value,44990.34,2.0,22495.17,Low Activity
7000,357,1.0,12992.25,1,3,2,1,Hibernating,12992.25,1.0,12992.25,Low Activity
7001,141,2.0,21215.19,2,3,3,2,At Risk - High Value,21215.19,2.0,10607.595,Low Activity
7003,105,3.0,27858.69,3,3,4,2,At Risk - High Value,27858.69,3.0,9286.23,Regular
7006,141,3.0,31521.8,2,3,4,2,At Risk - High Value,31521.8,3.0,10507.266666666666,Regular
7007,122,2.0,11754.6,3,3,2,3,Potential Loyalist,11754.6,2.0,5877.3,Low Activity
7008,81,3.0,42522.91,3,3,5,0,Champions,42522.91,3.0,14174.303333333335,Regular
7009,69,2.0,37360.55,3,3,4,2,At Risk - High Value,37360.55,2.0,18680.275,Low Activity
7011,347,1.0,8212.69,1,3,1,1,Hibernating,8212.69,1.0,8212.69,Low Activity
7012,47,3.0,38381.63,4,3,5,0,Champions,38381.63,3.0,12793.876666666663,Regular
7013,347,1.0,11325.24,1,3,1,1,Hibernating,11325.24,1.0,11325.24,Low Activity
7014,226,2.0,13337.11,1,3,2,1,Hibernating,13337.11,2.0,6668.555,Low Activity
7015,336,1.0,11531.77,1,3,1,1,Hibernating,11531.77,1.0,11531.77,Low Activity
7016,60,3.0,18886.56,4,3,3,4,Loyal Customers,18886.56,3.0,6295.52,Regular
7017,14,2.0,23117.72,5,3,3,4,Loyal Customers,23117.72,2.0,11558.86,Low Activity
7019,164,2.0,15133.36,2,3,2,2,At Risk - High Value,15133.36,2.0,7566.68,Low Activity
7020,162,1.0,12126.9,2,3,2,1,Hibernating,12126.9,1.0,12126.9,Low Activity
7022,212,2.0,27830.68,1,3,4,2,At Risk - High Value,27830.68,2.0,13915.34,Low Activity
7023,6,2.0,15303.01,5,3,2,4,Loyal Customers,15303.01,2.0,7651.505,Low Activity
7024,93,2.0,25351.5,3,3,3,2,At Risk - High Value,25351.5,2.0,12675.75,Low Activity
7025,36,3.0,40423.18,4,3,5,0,Champions,40423.18,3.0,13474.393333333332,Regular
7026,30,2.0,18514.5,4,3,3,4,Loyal Customers,18514.5,2.0,9257.25,Low Activity
7028,130,4.0,30586.75,2,3,4,2,At Risk - High Value,30586.75,4.0,7646.6875,Regular
7031,0,3.0,33856.82000000001,5,3,4,4,Loyal Customers,33856.82000000001,3.0,11285.606666666668,Regular
7032,21,3.0,41233.55,5,3,5,4,Loyal Customers,41233.55,3.0,13744.516666666668,Regular
7033,347,1.0,6100.09,1,3,1,1,Hibernating,6100.09,1.0,6100.09,Low Activity
7034,85,3.0,47825.55,3,3,5,0,Champions,47825.55,3.0,15941.85,High Value
7035,107,3.0,32910.83,3,3,4,2,At Risk - High Value,32910.83,3.0,10970.276666666668,Regular
7036,89,2.0,31881.81,3,3,4,2,At Risk - High Value,31881.81,2.0,15940.905,Low Activity
7037,42,4.0,40957.85,4,3,5,0,Champions,40957.85,4.0,10239.4625,Regular
7038,19,4.0,48492.75,5,3,5,0,Champions,48492.75,4.0,12123.1875,High Value
7039,319,2.0,28441.26,1,3,4,2,At Risk - High Value,28441.26,2.0,14220.63,Low Activity
7040,108,2.0,12025.35,3,3,2,3,Potential Loyalist,12025.35,2.0,6012.674999999999,Low Activity
7041,201,1.0,12977.49,2,3,2,1,Hibernating,12977.49,1.0,12977.49,Low Activity
7042,238,2.0,28164.28,1,3,4,2,At Risk - High Value,28164.28,2.0,14082.14,Low Activity
7043,238,1.0,13364.12,1,3,2,1,Hibernating,13364.12,1.0,13364.12,Low Activity
7044,136,1.0,6740.66,2,3,1,1,Hibernating,6740.66,1.0,6740.66,Low Activity
7045,27,3.0,43827.74,5,3,5,4,Loyal Customers,43827.74,3.0,14609.246666666666,Regular
7046,325,1.0,14038.9,1,3,2,1,Hibernating,14038.9,1.0,14038.9,Low Activity
7047,258,1.0,18850.57,1,3,3,1,Hibernating,18850.57,1.0,18850.57,Low Activity
7048,98,2.0,24778.77,3,3,3,2,At Risk - High Value,24778.77,2.0,12389.385,Low Activity
7049,133,4.0,72467.23,2,3,5,0,Champions,72467.23,4.0,18116.8075,High Value
7050,109,2.0,18415.27,3,3,2,2,At Risk - High Value,18415.27,2.0,9207.635,Low Activity
7051,45,3.0,19805.5,4,3,3,4,Loyal Customers,19805.5,3.0,6601.833333333333,Regular
7052,150,5.0,65487.9,2,3,5,0,Champions,65487.9,5.0,13097.58,High Value
7053,108,2.0,23958.620000000003,3,3,3,2,At Risk - High Value,23958.620000000003,2.0,11979.31,Low Activity
7054,39,4.0,47952.51,4,3,5,0,Champions,47952.51,4.0,11988.1275,High Value
7055,135,1.0,10052.18,2,3,1,1,Hibernating,10052.18,1.0,10052.18,Low Activity
7056,65,2.0,20838.38,4,3,3,4,Loyal Customers,20838.38,2.0,10419.19,Low Activity
7057,12,3.0,20798.94,5,3,3,4,Loyal Customers,20798.94,3.0,6932.98,Regular
7058,172,3.0,39664.490000000005,2,3,5,2,At Risk - High Value,39664.490000000005,3.0,13221.496666666668,Regular
7059,352,1.0,5278.59,1,3,1,1,Hibernating,5278.59,1.0,5278.59,Low Activity
7060,27,3.0,43122.33,5,3,5,4,Loyal Customers,43122.33,3.0,14374.11,Regular
7061,10,4.0,24548.33,5,3,3,4,Loyal Customers,24548.33,4.0,6137.0825,Regular
7062,130,4.0,50366.52,2,3,5,0,Champions,50366.52,4.0,12591.63,High Value
7064,50,2.0,22258.68,4,3,3,4,Loyal Customers,22258.68,2.0,11129.34,Low Activity
7065,265,1.0,18569.59,1,3,3,1,Hibernating,18569.59,1.0,18569.59,Low Activity
7066,139,3.0,31972.68,2,3,4,2,At Risk - High Value,31972.68,3.0,10657.56,Regular
7067,11,2.0,23117.95,5,3,3,4,Loyal Customers,23117.95,2.0,11558.975,Low Activity
7068,77,3.0,42860.5,3,3,5,0,Champions,42860.5,3.0,14286.833333333334,Regular
7069,80,4.0,50758.77,3,3,5,0,Champions,50758.77,4.0,12689.6925,High Value
7070,181,3.0,33809.31,2,3,4,2,At Risk - High Value,33809.31,3.0,11269.77,Regular
7072,21,5.0,92284.19,5,3,5,0,Champions,92284.19,5.0,18456.838,High Value
7073,220,2.0,19473.2,1,3,3,2,At Risk - High Value,19473.2,2.0,9736.6,Low Activity
7074,14,1.0,6382.82,5,3,1,3,Potential Loyalist,6382.82,1.0,6382.82,Low Activity
7075,59,3.0,36671.81,4,3,4,4,Loyal Customers,36671.81,3.0,12223.936666666666,Regular
7076,53,2.0,20211.36,4,3,3,4,Loyal Customers,20211.36,2.0,10105.68,Low Activity
7077,42,3.0,29963.79,4,3,4,4,Loyal Customers,29963.79,3.0,9987.93,Regular
7078,53,5.0,57423.42,4,3,5,0,Champions,57423.42,5.0,11484.684,High Value
7079,105,2.0,19519.5,3,3,3,2,At Risk - High Value,19519.5,2.0,9759.75,Low Activity
7080,141,2.0,7048.24,2,3,1,1,Hibernating,7048.24,2.0,3524.12,Low Activity
7081,22,4.0,34647.19,5,3,4,0,Champions,34647.19,4.0,8661.7975,Regular
7082,45,4.0,58631.19,4,3,5,0,Champions,58631.19,4.0,14657.7975,High Value
7083,100,2.0,18637.41,3,3,3,2,At Risk - High Value,18637.41,2.0,9318.705,Low Activity
7085,72,1.0,4767.19,3,3,1,3,Potential Loyalist,4767.19,1.0,4767.19,Low Activity
7087,20,3.0,39212.62,5,3,5,4,Loyal Customers,39212.62,3.0,13070.873333333331,Regular
7088,45,4.0,48732.93,4,3,5,0,Champions,48732.93,4.0,12183.2325,High Value
7089,15,1.0,17788.92,5,3,2,3,Potential Loyalist,17788.92,1.0,17788.92,Low Activity
7090,288,1.0,12676.87,1,3,2,1,Hibernating,12676.87,1.0,12676.87,Low Activity
7091,220,3.0,26879.38,1,3,4,2,At Risk - High Value,26879.38,3.0,8959.793333333333,Regular
7092,69,2.0,42254.83,3,3,5,2,At Risk - High Value,42254.83,2.0,21127.415,Low Activity
7093,122,2.0,28129.050000000003,3,3,4,2,At Risk - High Value,28129.050000000003,2.0,14064.525,Low Activity
7094,8,4.0,39677.42,5,3,5,0,Champions,39677.42,4.0,9919.355,Regular
7096,114,2.0,29126.08,3,3,4,2,At Risk - High Value,29126.08,2.0,14563.04,Low Activity
7097,72,4.0,47202.42,3,3,5,0,Champions,47202.42,4.0,11800.605,High Value
7098,121,2.0,26281.67,3,3,3,2,At Risk - High Value,26281.67,2.0,13140.835,Low Activity
7099,59,2.0,14587.62,4,3,2,4,Loyal Customers,14587.62,2.0,7293.809999999999,Low Activity
7100,174,2.0,25936.35,2,3,3,2,At Risk - High Value,25936.35,2.0,12968.175,Low Activity
7101,242,2.0,15527.55,1,3,2,2,At Risk - High Value,15527.55,2.0,7763.775000000001,Low Activity
7102,17,1.0,14439.15,5,3,2,3,Potential Loyalist,14439.15,1.0,14439.15,Low Activity
7103,134,4.0,49811.61,2,3,5,0,Champions,49811.61,4.0,12452.9025,High Value
7105,20,3.0,33992.47,5,3,4,4,Loyal Customers,33992.47,3.0,11330.823333333334,Regular
7106,69,5.0,55236.09,3,3,5,0,Champions,55236.09,5.0,11047.218,High Value
7107,21,3.0,34953.98,5,3,4,4,Loyal Customers,34953.98,3.0,11651.326666666666,Regular
7108,9,1.0,17342.57,5,3,2,3,Potential Loyalist,17342.57,1.0,17342.57,Low Activity
7109,22,1.0,7921.4,5,3,1,3,Potential Loyalist,7921.4,1.0,7921.4,Low Activity
7110,5,3.0,30729.46,5,3,4,4,Loyal Customers,30729.46,3.0,10243.153333333334,Regular
7111,10,3.0,35025.42,5,3,4,4,Loyal Customers,35025.42,3.0,11675.14,Regular
7112,2,2.0,21372.82,5,3,3,4,Loyal Customers,21372.82,2.0,10686.41,Low Activity
7113,36,1.0,5997.37,4,3,1,3,Potential Loyalist,5997.37,1.0,5997.37,Low Activity
7114,262,1.0,20924.54,1,3,3,1,Hibernating,20924.54,1.0,20924.54,Low Activity
7116,33,3.0,40287.6,4,3,5,0,Champions,40287.6,3.0,13429.2,Regular
7117,61,1.0,2604.71,4,3,1,3,Potential Loyalist,2604.71,1.0,2604.71,Low Activity
7118,17,2.0,19444.67,5,3,3,4,Loyal Customers,19444.67,2.0,9722.335,Low Activity
7119,153,2.0,34717.84,2,3,4,2,At Risk - High Value,34717.84,2.0,17358.92,Low Activity
7120,178,3.0,32330.65,2,3,4,2,At Risk - High Value,32330.65,3.0,10776.883333333331,Regular
7121,228,2.0,31611.95,1,3,4,2,At Risk - High Value,31611.95,2.0,15805.975,Low Activity
7123,33,3.0,51054.95,4,3,5,0,Champions,51054.95,3.0,17018.316666666666,High Value
7124,156,4.0,24106.620000000003,2,3,3,2,At Risk - High Value,24106.620000000003,4.0,6026.655000000001,Regular
7125,209,2.0,40954.77,1,3,5,2,At Risk - High Value,40954.77,2.0,20477.385,Low Activity
7126,45,5.0,60712.04,4,3,5,0,Champions,60712.04,5.0,12142.408,High Value
7127,120,2.0,21997.25,3,3,3,2,At Risk - High Value,21997.25,2.0,10998.625,Low Activity
7129,341,1.0,11516.79,1,3,1,1,Hibernating,11516.79,1.0,11516.79,Low Activity
7130,315,2.0,34379.119999999995,1,3,4,2,At Risk - High Value,34379.119999999995,2.0,17189.559999999998,Low Activity
7131,49,2.0,26431.74,4,3,3,4,Loyal Customers,26431.74,2.0,13215.87,Low Activity
7132,22,4.0,42289.06,5,3,5,0,Champions,42289.06,4.0,10572.265,Regular
7133,52,6.0,78972.55,4,3,5,0,Champions,78972.55,6.0,13162.091666666667,High Value
7134,203,1.0,5226.6,1,3,1,1,Hibernating,5226.6,1.0,5226.6,Low Activity
7135,189,1.0,7420.47,2,3,1,1,Hibernating,7420.47,1.0,7420.47,Low Activity
7137,60,1.0,4454.16,4,3,1,3,Potential Loyalist,4454.16,1.0,4454.16,Low Activity
7138,210,1.0,19317.79,1,3,3,1,Hibernating,19317.79,1.0,19317.79,Low Activity
7139,74,3.0,29193.4,3,3,4,2,At Risk - High Value,29193.4,3.0,9731.133333333331,Regular
7140,42,3.0,21458.63,4,3,3,4,Loyal Customers,21458.63,3.0,7152.876666666666,Regular
7141,104,1.0,6478.3,3,3,1,3,Potential Loyalist,6478.3,1.0,6478.3,Low Activity
7142,248,2.0,40410.72,1,3,5,2,At Risk - High Value,40410.72,2.0,20205.36,Low Activity
7143,64,2.0,15292.59,4,3,2,4,Loyal Customers,15292.59,2.0,7646.295,Low Activity
7144,191,3.0,39086.47,2,3,5,2,At Risk - High Value,39086.47,3.0,13028.823333333334,Regular
7145,31,1.0,7816.03,4,3,1,3,Potential Loyalist,7816.03,1.0,7816.03,Low Activity
7146,121,4.0,27998.69,3,3,4,0,Champions,27998.69,4.0,6999.672500000001,Regular
7147,5,1.0,22519.58,5,3,3,3,Potential Loyalist,22519.58,1.0,22519.58,Low Activity
7148,93,4.0,38482.5,3,3,5,0,Champions,38482.5,4.0,9620.625,Regular
7149,210,1.0,9173.73,1,3,1,1,Hibernating,9173.73,1.0,9173.73,Low Activity
7150,258,3.0,41743.74,1,3,5,2,At Risk - High Value,41743.74,3.0,13914.58,Regular
7151,160,2.0,26738.55,2,3,4,2,At Risk - High Value,26738.55,2.0,13369.275,Low Activity
7152,135,3.0,36898.59,2,3,4,2,At Risk - High Value,36898.59,3.0,12299.53,Regular
7153,116,1.0,9151.16,3,3,1,3,Potential Loyalist,9151.16,1.0,9151.16,Low Activity
7154,46,3.0,24086.45,4,3,3,4,Loyal Customers,24086.45,3.0,8028.816666666667,Regular
7155,290,1.0,13694.27,1,3,2,1,Hibernating,13694.27,1.0,13694.27,Low Activity
7156,69,5.0,76153.37,3,3,5,0,Champions,76153.37,5.0,15230.674,High Value
7157,199,1.0,21953.78,2,3,3,1,Hibernating,21953.78,1.0,21953.78,Low Activity
7158,156,1.0,4976.87,2,3,1,1,Hibernating,4976.87,1.0,4976.87,Low Activity
7159,257,1.0,10852.38,1,3,1,1,Hibernating,10852.38,1.0,10852.38,Low Activity
7160,40,2.0,14327.259999999998,4,3,2,4,Loyal Customers,14327.259999999998,2.0,7163.629999999999,Low Activity
7161,142,2.0,9384.95,2,3,1,1,Hibernating,9384.95,2.0,4692.475,Low Activity
7164,112,1.0,17539.32,3,3,2,3,Potential Loyalist,17539.32,1.0,17539.32,Low Activity
7165,360,1.0,6109.99,1,3,1,1,Hibernating,6109.99,1.0,6109.99,Low Activity
7166,6,3.0,29782.52,5,3,4,4,Loyal Customers,29782.52,3.0,9927.506666666666,Regular
7167,9,5.0,40757.78,5,3,5,0,Champions,40757.78,5.0,8151.556,Regular
7168,62,2.0,16559.809999999998,4,3,2,4,Loyal Customers,16559.809999999998,2.0,8279.904999999999,Low Activity
7169,116,2.0,17815.21,3,3,2,2,At Risk - High Value,17815.21,2.0,8907.605,Low Activity
7171,297,1.0,8420.53,1,3,1,1,Hibernating,8420.53,1.0,8420.53,Low Activity
7172,342,1.0,9230.35,1,3,1,1,Hibernating,9230.35,1.0,9230.35,Low Activity
7174,25,2.0,13529.3,5,3,2,4,Loyal Customers,13529.3,2.0,6764.65,Low Activity
7175,135,3.0,34246.93,2,3,4,2,At Risk - High Value,34246.93,3.0,11415.643333333332,Regular
7176,78,1.0,8680.69,3,3,1,3,Potential Loyalist,8680.69,1.0,8680.69,Low Activity
7178,168,1.0,9468.4,2,3,1,1,Hibernating,9468.4,1.0,9468.4,Low Activity
7179,173,2.0,21234.6,2,3,3,2,At Risk - High Value,21234.6,2.0,10617.3,Low Activity
7180,188,2.0,9987.23,2,3,1,1,Hibernating,9987.23,2.0,4993.615,Low Activity
7181,8,1.0,10644.91,5,3,1,3,Potential Loyalist,10644.91,1.0,10644.91,Low Activity
7182,135,2.0,30713.95,2,3,4,2,At Risk - High Value,30713.95,2.0,15356.975,Low Activity
7183,34,6.0,59735.17,4,3,5,0,Champions,59735.17,6.0,9955.861666666666,High Value
7184,38,2.0,16141.34,4,3,2,4,Loyal Customers,16141.34,2.0,8070.67,Low Activity
7185,363,1.0,18144.61,1,3,2,1,Hibernating,18144.61,1.0,18144.61,Low Activity
7186,271,1.0,11094.91,1,3,1,1,Hibernating,11094.91,1.0,11094.91,Low Activity
7187,15,2.0,14130.14,5,3,2,4,Loyal Customers,14130.14,2.0,7065.07,Low Activity
7188,152,2.0,16236.8,2,3,2,2,At Risk - High Value,16236.8,2.0,8118.4,Low Activity
7189,138,3.0,38657.4,2,3,5,2,At Risk - High Value,38657.4,3.0,12885.8,Regular
7190,116,3.0,32463.8,3,3,4,2,At Risk - High Value,32463.8,3.0,10821.266666666666,Regular
7191,19,4.0,42984.11,5,3,5,0,Champions,42984.11,4.0,10746.0275,Regular
7192,194,2.0,20887.04,2,3,3,2,At Risk - High Value,20887.04,2.0,10443.52,Low Activity
7193,204,1.0,18702.74,1,3,3,1,Hibernating,18702.74,1.0,18702.74,Low Activity
7194,108,2.0,29174.95,3,3,4,2,At Risk - High Value,29174.95,2.0,14587.475,Low Activity
7195,36,2.0,20761.94,4,3,3,4,Loyal Customers,20761.94,2.0,10380.97,Low Activity
7196,221,2.0,27602.58,1,3,4,2,At Risk - High Value,27602.58,2.0,13801.29,Low Activity
7197,88,1.0,6709.18,3,3,1,3,Potential Loyalist,6709.18,1.0,6709.18,Low Activity
7198,299,1.0,7842.92,1,3,1,1,Hibernating,7842.92,1.0,7842.92,Low Activity
7200,218,2.0,29709.17,1,3,4,2,At Risk - High Value,29709.17,2.0,14854.585,Low Activity
7201,116,2.0,21617.48,3,3,3,2,At Risk - High Value,21617.48,2.0,10808.74,Low Activity
7202,218,1.0,7663.49,1,3,1,1,Hibernating,7663.49,1.0,7663.49,Low Activity
7204,166,1.0,10460.11,2,3,1,1,Hibernating,10460.11,1.0,10460.11,Low Activity
7205,88,1.0,9879.25,3,3,1,3,Potential Loyalist,9879.25,1.0,9879.25,Low Activity
7206,196,1.0,11138.1,2,3,1,1,Hibernating,11138.1,1.0,11138.1,Low Activity
7207,59,5.0,58035.93,4,3,5,0,Champions,58035.93,5.0,11607.186,High Value
7209,166,1.0,14910.28,2,3,2,1,Hibernating,14910.28,1.0,14910.28,Low Activity
7212,3,2.0,18141.69,5,3,2,4,Loyal Customers,18141.69,2.0,9070.845,Low Activity
7213,61,2.0,22833.19,4,3,3,4,Loyal Customers,22833.19,2.0,11416.595,Low Activity
7214,90,1.0,3207.66,3,3,1,3,Potential Loyalist,3207.66,1.0,3207.66,Low Activity
7215,30,3.0,29414.58,4,3,4,4,Loyal Customers,29414.58,3.0,9804.86,Regular
7216,122,2.0,12014.72,3,3,2,3,Potential Loyalist,12014.72,2.0,6007.36,Low Activity
7217,30,4.0,26638.26,4,3,3,0,Champions,26638.26,4.0,6659.5650000000005,Regular
7219,346,1.0,8855.26,1,3,1,1,Hibernating,8855.26,1.0,8855.26,Low Activity
7220,95,1.0,15840.5,3,3,2,3,Potential Loyalist,15840.5,1.0,15840.5,Low Activity
7221,298,1.0,17814.73,1,3,2,1,Hibernating,17814.73,1.0,17814.73,Low Activity
7222,204,2.0,20336.81,1,3,3,2,At Risk - High Value,20336.81,2.0,10168.405,Low Activity
7223,93,4.0,36837.42,3,3,4,0,Champions,36837.42,4.0,9209.355,Regular
7224,114,3.0,24415.95,3,3,3,2,At Risk - High Value,24415.95,3.0,8138.649999999999,Regular
7225,99,4.0,56791.990000000005,3,3,5,0,Champions,56791.990000000005,4.0,14197.9975,High Value
7226,162,3.0,47195.130000000005,2,3,5,2,At Risk - High Value,47195.130000000005,3.0,15731.71,High Value
7227,21,1.0,12318.32,5,3,2,3,Potential Loyalist,12318.32,1.0,12318.32,Low Activity
7228,21,2.0,32495.83,5,3,4,4,Loyal Customers,32495.83,2.0,16247.915,Low Activity
7230,107,2.0,26158.87,3,3,3,2,At Risk - High Value,26158.87,2.0,13079.435,Low Activity
7231,291,1.0,6297.79,1,3,1,1,Hibernating,6297.79,1.0,6297.79,Low Activity
7233,32,3.0,33559.35,4,3,4,4,Loyal Customers,33559.35,3.0,11186.45,Regular
7234,130,1.0,9847.77,2,3,1,1,Hibernating,9847.77,1.0,9847.77,Low Activity
7235,222,1.0,3130.03,1,3,1,1,Hibernating,3130.03,1.0,3130.03,Low Activity
7236,24,5.0,84207.23999999999,5,3,5,0,Champions,84207.23999999999,5.0,16841.447999999997,High Value
7237,329,1.0,20746.64,1,3,3,1,Hibernating,20746.64,1.0,20746.64,Low Activity
7239,144,2.0,15788.5,2,3,2,2,At Risk - High Value,15788.5,2.0,7894.25,Low Activity
7240,68,3.0,29214.15,4,3,4,4,Loyal Customers,29214.15,3.0,9738.05,Regular
7241,332,1.0,5854.46,1,3,1,1,Hibernating,5854.46,1.0,5854.46,Low Activity
7242,133,2.0,28049.35,2,3,4,2,At Risk - High Value,28049.35,2.0,14024.675,Low Activity
7243,227,1.0,11592.04,1,3,1,1,Hibernating,11592.04,1.0,11592.04,Low Activity
7244,197,2.0,23181.59,2,3,3,2,At Risk - High Value,23181.59,2.0,11590.795,Low Activity
7245,71,3.0,23349.01,3,3,3,2,At Risk - High Value,23349.01,3.0,7783.003333333334,Regular
7246,136,1.0,5190.91,2,3,1,1,Hibernating,5190.91,1.0,5190.91,Low Activity
7247,25,4.0,50770.16,5,3,5,0,Champions,50770.16,4.0,12692.54,High Value
7248,137,3.0,56397.19,2,3,5,2,At Risk - High Value,56397.19,3.0,18799.06333333333,High Value
7249,9,4.0,50976.2,5,3,5,0,Champions,50976.2,4.0,12744.05,High Value
7250,45,1.0,10628.17,4,3,1,3,Potential Loyalist,10628.17,1.0,10628.17,Low Activity
7251,88,2.0,17885.71,3,3,2,2,At Risk - High Value,17885.71,2.0,8942.855,Low Activity
7252,8,4.0,26499.94,5,3,3,4,Loyal Customers,26499.94,4.0,6624.985000000001,Regular
7253,281,1.0,7855.58,1,3,1,1,Hibernating,7855.58,1.0,7855.58,Low Activity
7254,7,1.0,15217.39,5,3,2,3,Potential Loyalist,15217.39,1.0,15217.39,Low Activity
7255,73,3.0,53459.74,3,3,5,0,Champions,53459.74,3.0,17819.913333333334,High Value
7256,361,2.0,16188.48,1,3,2,2,At Risk - High Value,16188.48,2.0,8094.24,Low Activity
7257,23,2.0,24690.34,5,3,3,4,Loyal Customers,24690.34,2.0,12345.17,Low Activity
7258,139,2.0,25334.730000000003,2,3,3,2,At Risk - High Value,25334.730000000003,2.0,12667.365000000002,Low Activity
7259,169,2.0,22995.09,2,3,3,2,At Risk - High Value,22995.09,2.0,11497.545,Low Activity
7260,180,2.0,24757.25,2,3,3,2,At Risk - High Value,24757.25,2.0,12378.625,Low Activity
7261,3,4.0,37141.96,5,3,4,0,Champions,37141.96,4.0,9285.49,Regular
7262,3,4.0,40116.18,5,3,5,0,Champions,40116.18,4.0,10029.045,Regular
7263,123,1.0,8659.25,3,3,1,3,Potential Loyalist,8659.25,1.0,8659.25,Low Activity
7264,204,2.0,27377.6,1,3,4,2,At Risk - High Value,27377.6,2.0,13688.8,Low Activity
7265,208,2.0,50415.33,1,3,5,2,At Risk - High Value,50415.33,2.0,25207.665,High Value
7266,64,1.0,13339.95,4,3,2,3,Potential Loyalist,13339.95,1.0,13339.95,Low Activity
7267,79,2.0,35377.88,3,3,4,2,At Risk - High Value,35377.88,2.0,17688.94,Low Activity
7268,348,1.0,8521.53,1,3,1,1,Hibernating,8521.53,1.0,8521.53,Low Activity
7269,102,3.0,48570.47,3,3,5,0,Champions,48570.47,3.0,16190.156666666668,High Value
7270,57,4.0,35722.46,4,3,4,0,Champions,35722.46,4.0,8930.615,Regular
7271,131,1.0,7349.23,2,3,1,1,Hibernating,7349.23,1.0,7349.23,Low Activity
7272,67,3.0,22369.89,4,3,3,4,Loyal Customers,22369.89,3.0,7456.63,Regular
7273,200,3.0,27502.86,2,3,4,2,At Risk - High Value,27502.86,3.0,9167.62,Regular
7274,0,2.0,26728.9,5,3,4,4,Loyal Customers,26728.9,2.0,13364.45,Low Activity
7275,177,2.0,19232.16,2,3,3,2,At Risk - High Value,19232.16,2.0,9616.08,Low Activity
7276,252,1.0,5269.98,1,3,1,1,Hibernating,5269.98,1.0,5269.98,Low Activity
7277,73,1.0,6712.28,3,3,1,3,Potential Loyalist,6712.28,1.0,6712.28,Low Activity
7278,141,1.0,13412.91,2,3,2,1,Hibernating,13412.91,1.0,13412.91,Low Activity
7280,109,3.0,50769.97,3,3,5,0,Champions,50769.97,3.0,16923.323333333334,High Value
7281,300,1.0,17879.69,1,3,2,1,Hibernating,17879.69,1.0,17879.69,Low Activity
7282,9,2.0,27691.25,5,3,4,4,Loyal Customers,27691.25,2.0,13845.625,Low Activity
7283,40,2.0,11729.97,4,3,2,3,Potential Loyalist,11729.97,2.0,5864.985,Low Activity
7284,14,2.0,19591.85,5,3,3,4,Loyal Customers,19591.85,2.0,9795.925,Low Activity
7285,38,3.0,28827.78,4,3,4,4,Loyal Customers,28827.78,3.0,9609.26,Regular
7286,5,3.0,35365.18,5,3,4,4,Loyal Customers,35365.18,3.0,11788.393333333332,Regular
7287,122,1.0,15805.14,3,3,2,3,Potential Loyalist,15805.14,1.0,15805.14,Low Activity
7288,28,2.0,23447.92,4,3,3,4,Loyal Customers,23447.92,2.0,11723.96,Low Activity
7289,82,1.0,3150.84,3,3,1,3,Potential Loyalist,3150.84,1.0,3150.84,Low Activity
7290,16,2.0,18559.53,5,3,3,4,Loyal Customers,18559.53,2.0,9279.765,Low Activity
7291,90,5.0,61434.35,3,3,5,0,Champions,61434.35,5.0,12286.87,High Value
7292,108,4.0,52501.11,3,3,5,0,Champions,52501.11,4.0,13125.2775,High Value
7293,17,1.0,12153.88,5,3,2,3,Potential Loyalist,12153.88,1.0,12153.88,Low Activity
7294,95,5.0,83212.2,3,3,5,0,Champions,83212.2,5.0,16642.44,High Value
7295,331,1.0,19274.96,1,3,3,1,Hibernating,19274.96,1.0,19274.96,Low Activity
7296,3,4.0,38883.18,5,3,5,0,Champions,38883.18,4.0,9720.795,Regular
7297,36,5.0,51887.65,4,3,5,0,Champions,51887.65,5.0,10377.53,High Value
7298,157,2.0,21910.59,2,3,3,2,At Risk - High Value,21910.59,2.0,10955.295,Low Activity
7299,55,2.0,32017.1,4,3,4,4,Loyal Customers,32017.1,2.0,16008.55,Low Activity
7300,18,1.0,6522.64,5,3,1,3,Potential Loyalist,6522.64,1.0,6522.64,Low Activity
7301,20,3.0,33889.35,5,3,4,4,Loyal Customers,33889.35,3.0,11296.45,Regular
7302,2,3.0,34356.380000000005,5,3,4,4,Loyal Customers,34356.380000000005,3.0,11452.126666666669,Regular
7303,26,4.0,52075.31,5,3,5,0,Champions,52075.31,4.0,13018.8275,High Value
7304,114,3.0,37447.41,3,3,4,2,At Risk - High Value,37447.41,3.0,12482.47,Regular
7305,273,2.0,7922.210000000001,1,3,1,1,Hibernating,7922.210000000001,2.0,3961.105000000001,Low Activity
7306,140,3.0,23035.81,2,3,3,2,At Risk - High Value,23035.81,3.0,7678.603333333333,Regular
7307,200,3.0,26689.47,2,3,4,2,At Risk - High Value,26689.47,3.0,8896.49,Regular
7308,203,1.0,4559.58,1,3,1,1,Hibernating,4559.58,1.0,4559.58,Low Activity
7309,188,1.0,20523.99,2,3,3,1,Hibernating,20523.99,1.0,20523.99,Low Activity
7311,182,2.0,24448.27,2,3,3,2,At Risk - High Value,24448.27,2.0,12224.135,Low Activity
7312,198,1.0,11627.52,2,3,2,1,Hibernating,11627.52,1.0,11627.52,Low Activity
7313,88,2.0,17893.010000000002,3,3,2,2,At Risk - High Value,17893.010000000002,2.0,8946.505000000001,Low Activity
7315,285,1.0,7040.92,1,3,1,1,Hibernating,7040.92,1.0,7040.92,Low Activity
7316,148,2.0,33349.82,2,3,4,2,At Risk - High Value,33349.82,2.0,16674.91,Low Activity
7317,178,3.0,29878.61,2,3,4,2,At Risk - High Value,29878.61,3.0,9959.536666666669,Regular
7318,267,2.0,24527.06,1,3,3,2,At Risk - High Value,24527.06,2.0,12263.53,Low Activity
7319,52,5.0,50150.31,4,3,5,0,Champions,50150.31,5.0,10030.062,High Value
7321,62,1.0,13999.52,4,3,2,3,Potential Loyalist,13999.52,1.0,13999.52,Low Activity
7322,214,1.0,6547.86,1,3,1,1,Hibernating,6547.86,1.0,6547.86,Low Activity
7323,89,2.0,21070.48,3,3,3,2,At Risk - High Value,21070.48,2.0,10535.24,Low Activity
7324,64,1.0,9857.5,4,3,1,3,Potential Loyalist,9857.5,1.0,9857.5,Low Activity
7326,185,2.0,18312.49,2,3,2,2,At Risk - High Value,18312.49,2.0,9156.245,Low Activity
7327,161,2.0,43823.880000000005,2,3,5,2,At Risk - High Value,43823.880000000005,2.0,21911.94,Low Activity
7329,260,1.0,7157.71,1,3,1,1,Hibernating,7157.71,1.0,7157.71,Low Activity
7330,21,1.0,10756.21,5,3,1,3,Potential Loyalist,10756.21,1.0,10756.21,Low Activity
7331,63,2.0,15525.79,4,3,2,4,Loyal Customers,15525.79,2.0,7762.894999999999,Low Activity
7332,200,2.0,28692.89,2,3,4,2,At Risk - High Value,28692.89,2.0,14346.445,Low Activity
7333,186,2.0,18252.56,2,3,2,2,At Risk - High Value,18252.56,2.0,9126.28,Low Activity
7334,165,2.0,13175.64,2,3,2,2,At Risk - High Value,13175.64,2.0,6587.82,Low Activity
7335,190,2.0,27187.81,2,3,4,2,At Risk - High Value,27187.81,2.0,13593.905,Low Activity
7336,87,2.0,30054.95,3,3,4,2,At Risk - High Value,30054.95,2.0,15027.475,Low Activity
7337,38,2.0,26333.53,4,3,3,4,Loyal Customers,26333.53,2.0,13166.765,Low Activity
7338,17,4.0,36264.67,5,3,4,0,Champions,36264.67,4.0,9066.1675,Regular
7339,49,1.0,16520.63,4,3,2,3,Potential Loyalist,16520.63,1.0,16520.63,Low Activity
7340,38,4.0,29575.28,4,3,4,0,Champions,29575.28,4.0,7393.82,Regular
7341,208,1.0,6430.46,1,3,1,1,Hibernating,6430.46,1.0,6430.46,Low Activity
7342,284,1.0,11072.33,1,3,1,1,Hibernating,11072.33,1.0,11072.33,Low Activity
7343,11,3.0,30356.42,5,3,4,4,Loyal Customers,30356.42,3.0,10118.806666666664,Regular
7344,36,3.0,57238.4,4,3,5,0,Champions,57238.4,3.0,19079.466666666667,High Value
7345,4,5.0,38534.92,5,3,5,0,Champions,38534.92,5.0,7706.983999999999,Regular
7346,133,3.0,21883.99,2,3,3,2,At Risk - High Value,21883.99,3.0,7294.663333333333,Regular
7347,49,1.0,8940.69,4,3,1,3,Potential Loyalist,8940.69,1.0,8940.69,Low Activity
7348,145,3.0,22386.59,2,3,3,2,At Risk - High Value,22386.59,3.0,7462.196666666667,Regular
7350,68,3.0,24242.81,4,3,3,4,Loyal Customers,24242.81,3.0,8080.936666666666,Regular
7351,25,2.0,24450.85,5,3,3,4,Loyal Customers,24450.85,2.0,12225.425,Low Activity
7352,7,5.0,58254.76,5,3,5,0,Champions,58254.76,5.0,11650.952,High Value
7353,84,4.0,43799.31,3,3,5,0,Champions,43799.31,4.0,10949.8275,Regular
7354,315,1.0,10223.79,1,3,1,1,Hibernating,10223.79,1.0,10223.79,Low Activity
7355,42,1.0,13268.53,4,3,2,3,Potential Loyalist,13268.53,1.0,13268.53,Low Activity
7356,89,1.0,8331.63,3,3,1,3,Potential Loyalist,8331.63,1.0,8331.63,Low Activity
7357,92,3.0,26505.91,3,3,3,2,At Risk - High Value,26505.91,3.0,8835.303333333333,Regular
7358,30,2.0,18894.56,4,3,3,4,Loyal Customers,18894.56,2.0,9447.28,Low Activity
7359,213,3.0,35281.86,1,3,4,2,At Risk - High Value,35281.86,3.0,11760.62,Regular
7360,212,1.0,8705.98,1,3,1,1,Hibernating,8705.98,1.0,8705.98,Low Activity
7361,11,3.0,30829.11,5,3,4,4,Loyal Customers,30829.11,3.0,10276.37,Regular
7362,98,3.0,34849.85,3,3,4,2,At Risk - High Value,34849.85,3.0,11616.616666666669,Regular
7363,55,1.0,7975.88,4,3,1,3,Potential Loyalist,7975.88,1.0,7975.88,Low Activity
7364,90,4.0,44497.21,3,3,5,0,Champions,44497.21,4.0,11124.3025,Regular
7365,33,3.0,26997.730000000003,4,3,4,4,Loyal Customers,26997.730000000003,3.0,8999.243333333334,Regular
7366,178,1.0,18766.39,2,3,3,1,Hibernating,18766.39,1.0,18766.39,Low Activity
7367,38,3.0,50838.83,4,3,5,0,Champions,50838.83,3.0,16946.27666666667,High Value
7368,134,2.0,21633.120000000003,2,3,3,2,At Risk - High Value,21633.120000000003,2.0,10816.56,Low Activity
7369,177,4.0,39320.2,2,3,5,2,At Risk - High Value,39320.2,4.0,9830.05,Regular
7370,62,1.0,12400.69,4,3,2,3,Potential Loyalist,12400.69,1.0,12400.69,Low Activity
7371,264,1.0,20204.68,1,3,3,1,Hibernating,20204.68,1.0,20204.68,Low Activity
7372,186,3.0,28513.48,2,3,4,2,At Risk - High Value,28513.48,3.0,9504.493333333334,Regular
7373,80,2.0,24938.32,3,3,3,2,At Risk - High Value,24938.32,2.0,12469.16,Low Activity
7374,7,2.0,15056.81,5,3,2,4,Loyal Customers,15056.81,2.0,7528.405000000001,Low Activity
7376,92,1.0,5625.45,3,3,1,3,Potential Loyalist,5625.45,1.0,5625.45,Low Activity
7377,281,1.0,11198.24,1,3,1,1,Hibernating,11198.24,1.0,11198.24,Low Activity
7378,271,1.0,3623.34,1,3,1,1,Hibernating,3623.34,1.0,3623.34,Low Activity
7379,179,3.0,24739.09,2,3,3,2,At Risk - High Value,24739.09,3.0,8246.363333333333,Regular
7380,149,2.0,19233.47,2,3,3,2,At Risk - High Value,19233.47,2.0,9616.735,Low Activity
7382,290,1.0,6344.5,1,3,1,1,Hibernating,6344.5,1.0,6344.5,Low Activity
7383,41,2.0,26892.61,4,3,4,4,Loyal Customers,26892.61,2.0,13446.305,Low Activity
7384,61,3.0,36403.66,4,3,4,4,Loyal Customers,36403.66,3.0,12134.553333333335,Regular
7385,4,4.0,42003.57,5,3,5,0,Champions,42003.57,4.0,10500.8925,Regular
7386,307,2.0,15597.57,1,3,2,2,At Risk - High Value,15597.57,2.0,7798.785,Low Activity
7387,223,1.0,18145.83,1,3,2,1,Hibernating,18145.83,1.0,18145.83,Low Activity
7388,160,1.0,11091.06,2,3,1,1,Hibernating,11091.06,1.0,11091.06,Low Activity
7389,308,1.0,7929.74,1,3,1,1,Hibernating,7929.74,1.0,7929.74,Low Activity
7390,163,4.0,37711.22,2,3,4,2,At Risk - High Value,37711.22,4.0,9427.805,Regular
7391,9,5.0,66567.49,5,3,5,0,Champions,66567.49,5.0,13313.498,High Value
7392,355,1.0,16928.4,1,3,2,1,Hibernating,16928.4,1.0,16928.4,Low Activity
7393,80,1.0,4132.01,3,3,1,3,Potential Loyalist,4132.01,1.0,4132.01,Low Activity
7394,156,1.0,6625.34,2,3,1,1,Hibernating,6625.34,1.0,6625.34,Low Activity
7395,152,2.0,18695.88,2,3,3,2,At Risk - High Value,18695.88,2.0,9347.94,Low Activity
7396,134,2.0,30511.31,2,3,4,2,At Risk - High Value,30511.31,2.0,15255.655,Low Activity
7397,81,5.0,47338.36,3,3,5,0,Champions,47338.36,5.0,9467.672,High Value
7398,120,2.0,15949.52,3,3,2,2,At Risk - High Value,15949.52,2.0,7974.76,Low Activity
7399,251,1.0,15578.13,1,3,2,1,Hibernating,15578.13,1.0,15578.13,Low Activity
7400,131,4.0,49030.48,2,3,5,0,Champions,49030.48,4.0,12257.62,High Value
7401,59,3.0,24765.28,4,3,3,4,Loyal Customers,24765.28,3.0,8255.093333333332,Regular
7403,80,3.0,32543.9,3,3,4,2,At Risk - High Value,32543.9,3.0,10847.966666666667,Regular
7404,234,1.0,3252.47,1,3,1,1,Hibernating,3252.47,1.0,3252.47,Low Activity
7405,0,4.0,41042.12,5,3,5,0,Champions,41042.12,4.0,10260.53,Regular
7406,227,3.0,30101.08,1,3,4,2,At Risk - High Value,30101.08,3.0,10033.693333333336,Regular
7407,48,1.0,9890.19,4,3,1,3,Potential Loyalist,9890.19,1.0,9890.19,Low Activity
7408,75,3.0,17514.92,3,3,2,2,At Risk - High Value,17514.92,3.0,5838.306666666666,Regular
7409,46,6.0,65311.02,4,3,5,0,Champions,65311.02,6.0,10885.17,High Value
7411,255,1.0,4187.12,1,3,1,1,Hibernating,4187.12,1.0,4187.12,Low Activity
7413,103,6.0,58649.8,3,3,5,0,Champions,58649.8,6.0,9774.966666666667,High Value
7414,206,2.0,14334.89,1,3,2,1,Hibernating,14334.89,2.0,7167.445,Low Activity
7415,25,4.0,45371.97,5,3,5,0,Champions,45371.97,4.0,11342.9925,Regular
7416,60,1.0,19782.92,4,3,3,3,Potential Loyalist,19782.92,1.0,19782.92,Low Activity
7417,197,1.0,10001.12,2,3,1,1,Hibernating,10001.12,1.0,10001.12,Low Activity
7418,4,2.0,10132.9,5,3,1,3,Potential Loyalist,10132.9,2.0,5066.45,Low Activity
7419,291,1.0,13185.33,1,3,2,1,Hibernating,13185.33,1.0,13185.33,Low Activity
7420,186,1.0,12088.81,2,3,2,1,Hibernating,12088.81,1.0,12088.81,Low Activity
7421,207,2.0,13140.1,1,3,2,1,Hibernating,13140.1,2.0,6570.049999999999,Low Activity
7423,79,4.0,49796.95,3,3,5,0,Champions,49796.95,4.0,12449.2375,High Value
7424,89,1.0,5183.05,3,3,1,3,Potential Loyalist,5183.05,1.0,5183.05,Low Activity
7425,8,3.0,30115.56,5,3,4,4,Loyal Customers,30115.56,3.0,10038.52,Regular
7426,301,3.0,20889.59,1,3,3,2,At Risk - High Value,20889.59,3.0,6963.196666666667,Regular
7427,226,2.0,16772.14,1,3,2,2,At Risk - High Value,16772.14,2.0,8386.07,Low Activity
7428,205,4.0,46647.630000000005,1,3,5,2,At Risk - High Value,46647.630000000005,4.0,11661.9075,High Value
7429,45,4.0,30474.93,4,3,4,0,Champions,30474.93,4.0,7618.7325,Regular
7430,92,5.0,47458.06,3,3,5,0,Champions,47458.06,5.0,9491.612,High Value
7431,196,1.0,7304.29,2,3,1,1,Hibernating,7304.29,1.0,7304.29,Low Activity
7432,36,3.0,25971.6,4,3,3,4,Loyal Customers,25971.6,3.0,8657.199999999999,Regular
7433,169,1.0,9299.96,2,3,1,1,Hibernating,9299.96,1.0,9299.96,Low Activity
7434,69,1.0,10599.25,3,3,1,3,Potential Loyalist,10599.25,1.0,10599.25,Low Activity
7435,11,4.0,47368.2,5,3,5,0,Champions,47368.2,4.0,11842.05,High Value
7436,222,3.0,44838.65,1,3,5,2,At Risk - High Value,44838.65,3.0,14946.216666666664,Regular
7437,71,2.0,19090.0,3,3,3,2,At Risk - High Value,19090.0,2.0,9545.0,Low Activity
7438,189,2.0,27399.22,2,3,4,2,At Risk - High Value,27399.22,2.0,13699.61,Low Activity
7439,144,1.0,5306.38,2,3,1,1,Hibernating,5306.38,1.0,5306.38,Low Activity
7440,85,4.0,36156.68,3,3,4,0,Champions,36156.68,4.0,9039.17,Regular
7441,354,1.0,11918.69,1,3,2,1,Hibernating,11918.69,1.0,11918.69,Low Activity
7442,143,2.0,23405.980000000003,2,3,3,2,At Risk - High Value,23405.980000000003,2.0,11702.990000000002,Low Activity
7443,340,1.0,12193.38,1,3,2,1,Hibernating,12193.38,1.0,12193.38,Low Activity
7444,78,2.0,21068.48,3,3,3,2,At Risk - High Value,21068.48,2.0,10534.24,Low Activity
7445,274,1.0,6288.45,1,3,1,1,Hibernating,6288.45,1.0,6288.45,Low Activity
7447,178,2.0,30072.09,2,3,4,2,At Risk - High Value,30072.09,2.0,15036.045,Low Activity
7448,94,2.0,25530.78,3,3,3,2,At Risk - High Value,25530.78,2.0,12765.39,Low Activity
7449,198,2.0,12918.83,2,3,2,2,At Risk - High Value,12918.83,2.0,6459.415,Low Activity
7451,199,1.0,20284.11,2,3,3,1,Hibernating,20284.11,1.0,20284.11,Low Activity
7452,208,2.0,29757.56,1,3,4,2,At Risk - High Value,29757.56,2.0,14878.78,Low Activity
7453,87,2.0,18746.33,3,3,3,2,At Risk - High Value,18746.33,2.0,9373.165,Low Activity
7454,23,1.0,12918.71,5,3,2,3,Potential Loyalist,12918.71,1.0,12918.71,Low Activity
7455,271,1.0,11265.36,1,3,1,1,Hibernating,11265.36,1.0,11265.36,Low Activity
7456,116,3.0,35922.79,3,3,4,2,At Risk - High Value,35922.79,3.0,11974.263333333334,Regular
7457,148,1.0,8579.83,2,3,1,1,Hibernating,8579.83,1.0,8579.83,Low Activity
7459,166,2.0,37077.97,2,3,4,2,At Risk - High Value,37077.97,2.0,18538.985,Low Activity
7460,66,3.0,24531.37,4,3,3,4,Loyal Customers,24531.37,3.0,8177.123333333333,Regular
7462,54,1.0,12747.63,4,3,2,3,Potential Loyalist,12747.63,1.0,12747.63,Low Activity
7463,252,2.0,14417.88,1,3,2,1,Hibernating,14417.88,2.0,7208.94,Low Activity
7464,130,2.0,17195.78,2,3,2,2,At Risk - High Value,17195.78,2.0,8597.89,Low Activity
7465,135,2.0,32631.99,2,3,4,2,At Risk - High Value,32631.99,2.0,16315.995,Low Activity
7467,95,3.0,37062.54,3,3,4,2,At Risk - High Value,37062.54,3.0,12354.18,Regular
7469,182,1.0,7580.45,2,3,1,1,Hibernating,7580.45,1.0,7580.45,Low Activity
7470,247,1.0,31012.19,1,3,4,1,Hibernating,31012.19,1.0,31012.19,Low Activity
7471,154,3.0,40074.21,2,3,5,2,At Risk - High Value,40074.21,3.0,13358.07,Regular
7472,163,1.0,3721.72,2,3,1,1,Hibernating,3721.72,1.0,3721.72,Low Activity
7474,3,2.0,26772.88,5,3,4,4,Loyal Customers,26772.88,2.0,13386.44,Low Activity
7475,30,3.0,19938.18,4,3,3,4,Loyal Customers,19938.18,3.0,6646.06,Regular
7477,78,1.0,6846.03,3,3,1,3,Potential Loyalist,6846.03,1.0,6846.03,Low Activity
7478,52,3.0,20169.09,4,3,3,4,Loyal Customers,20169.09,3.0,6723.03,Regular
7479,4,1.0,6046.14,5,3,1,3,Potential Loyalist,6046.14,1.0,6046.14,Low Activity
7482,85,5.0,47888.17,3,3,5,0,Champions,47888.17,5.0,9577.634,High Value
7483,29,3.0,22443.06,4,3,3,4,Loyal Customers,22443.06,3.0,7481.019999999999,Regular
7484,321,1.0,3870.91,1,3,1,1,Hibernating,3870.91,1.0,3870.91,Low Activity
7485,288,1.0,18342.52,1,3,2,1,Hibernating,18342.52,1.0,18342.52,Low Activity
7486,153,4.0,53504.43,2,3,5,0,Champions,53504.43,4.0,13376.1075,High Value
7487,9,3.0,35410.54,5,3,4,4,Loyal Customers,35410.54,3.0,11803.513333333334,Regular
7488,128,2.0,22515.22,3,3,3,2,At Risk - High Value,22515.22,2.0,11257.61,Low Activity
7489,154,2.0,15197.03,2,3,2,2,At Risk - High Value,15197.03,2.0,7598.515,Low Activity
7490,221,1.0,9700.91,1,3,1,1,Hibernating,9700.91,1.0,9700.91,Low Activity
7492,32,3.0,25297.69,4,3,3,4,Loyal Customers,25297.69,3.0,8432.563333333334,Regular
7494,329,1.0,11748.98,1,3,2,1,Hibernating,11748.98,1.0,11748.98,Low Activity
7495,127,1.0,9091.55,3,3,1,3,Potential Loyalist,9091.55,1.0,9091.55,Low Activity
7496,64,2.0,12109.75,4,3,2,3,Potential Loyalist,12109.75,2.0,6054.875,Low Activity
7497,213,1.0,5241.89,1,3,1,1,Hibernating,5241.89,1.0,5241.89,Low Activity
7498,95,2.0,24315.44,3,3,3,2,At Risk - High Value,24315.44,2.0,12157.72,Low Activity
7500,224,1.0,16543.28,1,3,2,1,Hibernating,16543.28,1.0,16543.28,Low Activity
7501,54,3.0,31588.300000000003,4,3,4,4,Loyal Customers,31588.300000000003,3.0,10529.433333333334,Regular
7503,76,4.0,56210.16,3,3,5,0,Champions,56210.16,4.0,14052.54,High Value
7504,72,4.0,48652.95,3,3,5,0,Champions,48652.95,4.0,12163.2375,High Value
7506,44,2.0,38754.45,4,3,5,4,Loyal Customers,38754.45,2.0,19377.225,Low Activity
7507,27,3.0,14418.259999999998,5,3,2,4,Loyal Customers,14418.259999999998,3.0,4806.086666666666,Regular
7508,139,1.0,5422.0,2,3,1,1,Hibernating,5422.0,1.0,5422.0,Low Activity
7510,136,2.0,20439.98,2,3,3,2,At Risk - High Value,20439.98,2.0,10219.99,Low Activity
7511,23,4.0,53840.78,5,3,5,0,Champions,53840.78,4.0,13460.195,High Value
7512,95,2.0,29385.72,3,3,4,2,At Risk - High Value,29385.72,2.0,14692.86,Low Activity
7513,158,2.0,21441.84,2,3,3,2,At Risk - High Value,21441.84,2.0,10720.92,Low Activity
7514,226,2.0,22491.09,1,3,3,2,At Risk - High Value,22491.09,2.0,11245.545,Low Activity
7515,75,3.0,41619.83,3,3,5,0,Champions,41619.83,3.0,13873.276666666668,Regular
7516,82,7.0,71373.31999999999,3,3,5,0,Champions,71373.31999999999,7.0,10196.18857142857,High Value
7517,303,1.0,4289.26,1,3,1,1,Hibernating,4289.26,1.0,4289.26,Low Activity
7519,236,2.0,26262.29,1,3,3,2,At Risk - High Value,26262.29,2.0,13131.145,Low Activity
7520,188,1.0,7369.4,2,3,1,1,Hibernating,7369.4,1.0,7369.4,Low Activity
7522,145,1.0,7394.17,2,3,1,1,Hibernating,7394.17,1.0,7394.17,Low Activity
7523,38,3.0,29312.3,4,3,4,4,Loyal Customers,29312.3,3.0,9770.766666666666,Regular
7524,226,1.0,9276.36,1,3,1,1,Hibernating,9276.36,1.0,9276.36,Low Activity
7526,194,2.0,24226.1,2,3,3,2,At Risk - High Value,24226.1,2.0,12113.05,Low Activity
7527,61,2.0,27321.79,4,3,4,4,Loyal Customers,27321.79,2.0,13660.895,Low Activity
7528,125,1.0,17408.46,3,3,2,3,Potential Loyalist,17408.46,1.0,17408.46,Low Activity
7529,18,3.0,39581.23,5,3,5,4,Loyal Customers,39581.23,3.0,13193.743333333332,Regular
7530,300,1.0,11974.56,1,3,2,1,Hibernating,11974.56,1.0,11974.56,Low Activity
7531,41,2.0,13640.24,4,3,2,4,Loyal Customers,13640.24,2.0,6820.12,Low Activity
7532,24,4.0,29050.63,5,3,4,0,Champions,29050.63,4.0,7262.6575,Regular
7533,155,2.0,26156.16,2,3,3,2,At Risk - High Value,26156.16,2.0,13078.08,Low Activity
7534,184,3.0,21724.59,2,3,3,2,At Risk - High Value,21724.59,3.0,7241.53,Regular
7535,197,1.0,7585.58,2,3,1,1,Hibernating,7585.58,1.0,7585.58,Low Activity
7536,95,2.0,20273.16,3,3,3,2,At Risk - High Value,20273.16,2.0,10136.58,Low Activity
7537,14,4.0,26926.01,5,3,4,4,Loyal Customers,26926.01,4.0,6731.5025000000005,Regular
7538,220,2.0,20291.47,1,3,3,2,At Risk - High Value,20291.47,2.0,10145.735,Low Activity
7539,9,2.0,20204.46,5,3,3,4,Loyal Customers,20204.46,2.0,10102.23,Low Activity
7540,49,2.0,12549.52,4,3,2,3,Potential Loyalist,12549.52,2.0,6274.76,Low Activity
7542,10,3.0,41801.5,5,3,5,4,Loyal Customers,41801.5,3.0,13933.833333333334,Regular
7543,2,1.0,10829.03,5,3,1,3,Potential Loyalist,10829.03,1.0,10829.03,Low Activity
7544,109,1.0,5778.22,3,3,1,3,Potential Loyalist,5778.22,1.0,5778.22,Low Activity
7545,43,2.0,22882.37,4,3,3,4,Loyal Customers,22882.37,2.0,11441.185,Low Activity
7546,58,3.0,41782.51,4,3,5,0,Champions,41782.51,3.0,13927.503333333332,Regular
7547,67,3.0,22439.43,4,3,3,4,Loyal Customers,22439.43,3.0,7479.81,Regular
7548,24,2.0,32233.2,5,3,4,4,Loyal Customers,32233.2,2.0,16116.6,Low Activity
7549,42,3.0,43254.08,4,3,5,0,Champions,43254.08,3.0,14418.026666666668,Regular
7550,192,1.0,9390.9,2,3,1,1,Hibernating,9390.9,1.0,9390.9,Low Activity
7551,312,1.0,11979.62,1,3,2,1,Hibernating,11979.62,1.0,11979.62,Low Activity
7552,188,1.0,12491.35,2,3,2,1,Hibernating,12491.35,1.0,12491.35,Low Activity
7553,87,1.0,16036.99,3,3,2,3,Potential Loyalist,16036.99,1.0,16036.99,Low Activity
7554,105,3.0,30299.17,3,3,4,2,At Risk - High Value,30299.17,3.0,10099.723333333332,Regular
7555,23,1.0,7222.87,5,3,1,3,Potential Loyalist,7222.87,1.0,7222.87,Low Activity
7558,188,3.0,27604.97,2,3,4,2,At Risk - High Value,27604.97,3.0,9201.656666666668,Regular
7559,39,2.0,16242.48,4,3,2,4,Loyal Customers,16242.48,2.0,8121.24,Low Activity
7560,172,2.0,12918.420000000002,2,3,2,2,At Risk - High Value,12918.420000000002,2.0,6459.210000000001,Low Activity
7561,349,1.0,25142.42,1,3,3,1,Hibernating,25142.42,1.0,25142.42,Low Activity
7562,16,1.0,14293.88,5,3,2,3,Potential Loyalist,14293.88,1.0,14293.88,Low Activity
7565,40,1.0,13105.33,4,3,2,3,Potential Loyalist,13105.33,1.0,13105.33,Low Activity
7566,29,2.0,12490.4,4,3,2,3,Potential Loyalist,12490.4,2.0,6245.2,Low Activity
7567,170,3.0,24800.72,2,3,3,2,At Risk - High Value,24800.72,3.0,8266.906666666668,Regular
7568,26,4.0,66782.06999999999,5,3,5,0,Champions,66782.06999999999,4.0,16695.517499999998,High Value
7569,10,1.0,10490.83,5,3,1,3,Potential Loyalist,10490.83,1.0,10490.83,Low Activity
7570,95,3.0,30911.090000000004,3,3,4,2,At Risk - High Value,30911.090000000004,3.0,10303.696666666669,Regular
7571,133,1.0,9451.52,2,3,1,1,Hibernating,9451.52,1.0,9451.52,Low Activity
7572,89,2.0,12630.14,3,3,2,2,At Risk - High Value,12630.14,2.0,6315.07,Low Activity
7573,58,2.0,26377.18,4,3,3,4,Loyal Customers,26377.18,2.0,13188.59,Low Activity
7574,197,2.0,24754.42,2,3,3,2,At Risk - High Value,24754.42,2.0,12377.21,Low Activity
7575,265,1.0,4927.02,1,3,1,1,Hibernating,4927.02,1.0,4927.02,Low Activity
7576,129,1.0,8215.18,2,3,1,1,Hibernating,8215.18,1.0,8215.18,Low Activity
7577,21,2.0,17693.06,5,3,2,4,Loyal Customers,17693.06,2.0,8846.53,Low Activity
7578,277,2.0,14319.67,1,3,2,1,Hibernating,14319.67,2.0,7159.835,Low Activity
7579,30,3.0,41419.49,4,3,5,0,Champions,41419.49,3.0,13806.496666666666,Regular
7580,166,2.0,23663.1,2,3,3,2,At Risk - High Value,23663.1,2.0,11831.55,Low Activity
7581,18,1.0,8860.94,5,3,1,3,Potential Loyalist,8860.94,1.0,8860.94,Low Activity
7582,119,1.0,10273.74,3,3,1,3,Potential Loyalist,10273.74,1.0,10273.74,Low Activity
7583,14,3.0,47413.23,5,3,5,0,Champions,47413.23,3.0,15804.409999999998,High Value
7584,191,2.0,21993.7,2,3,3,2,At Risk - High Value,21993.7,2.0,10996.85,Low Activity
7585,335,1.0,10375.86,1,3,1,1,Hibernating,10375.86,1.0,10375.86,Low Activity
7586,332,2.0,35982.19,1,3,4,2,At Risk - High Value,35982.19,2.0,17991.095,Low Activity
7587,81,3.0,20070.19,3,3,3,2,At Risk - High Value,20070.19,3.0,6690.063333333333,Regular
7588,263,1.0,22065.73,1,3,3,1,Hibernating,22065.73,1.0,22065.73,Low Activity
7589,32,2.0,20036.13,4,3,3,4,Loyal Customers,20036.13,2.0,10018.065,Low Activity
7590,256,1.0,14991.71,1,3,2,1,Hibernating,14991.71,1.0,14991.71,Low Activity
7591,279,1.0,9533.6,1,3,1,1,Hibernating,9533.6,1.0,9533.6,Low Activity
7592,2,3.0,45285.66,5,3,5,4,Loyal Customers,45285.66,3.0,15095.22,Regular
7593,243,2.0,19134.26,1,3,3,2,At Risk - High Value,19134.26,2.0,9567.13,Low Activity
7594,180,2.0,15575.44,2,3,2,2,At Risk - High Value,15575.44,2.0,7787.72,Low Activity
7595,324,1.0,12827.1,1,3,2,1,Hibernating,12827.1,1.0,12827.1,Low Activity
7596,346,1.0,14107.2,1,3,2,1,Hibernating,14107.2,1.0,14107.2,Low Activity
7597,161,2.0,18820.03,2,3,3,2,At Risk - High Value,18820.03,2.0,9410.015,Low Activity
7598,229,2.0,9000.73,1,3,1,1,Hibernating,9000.73,2.0,4500.365,Low Activity
7599,94,2.0,15327.17,3,3,2,2,At Risk - High Value,15327.17,2.0,7663.585,Low Activity
7601,116,2.0,17623.309999999998,3,3,2,2,At Risk - High Value,17623.309999999998,2.0,8811.654999999999,Low Activity
7602,201,2.0,13022.52,2,3,2,2,At Risk - High Value,13022.52,2.0,6511.26,Low Activity
7605,24,2.0,24331.63,5,3,3,4,Loyal Customers,24331.63,2.0,12165.815,Low Activity
7606,6,4.0,68352.98,5,3,5,0,Champions,68352.98,4.0,17088.245,High Value
7608,22,1.0,14928.53,5,3,2,3,Potential Loyalist,14928.53,1.0,14928.53,Low Activity
7609,44,2.0,22160.4,4,3,3,4,Loyal Customers,22160.4,2.0,11080.2,Low Activity
7610,55,3.0,39853.19,4,3,5,0,Champions,39853.19,3.0,13284.396666666667,Regular
7612,291,1.0,23156.61,1,3,3,1,Hibernating,23156.61,1.0,23156.61,Low Activity
7613,236,1.0,12509.89,1,3,2,1,Hibernating,12509.89,1.0,12509.89,Low Activity
7614,334,2.0,22586.1,1,3,3,2,At Risk - High Value,22586.1,2.0,11293.05,Low Activity
7616,11,2.0,30604.65,5,3,4,4,Loyal Customers,30604.65,2.0,15302.325,Low Activity
7617,247,1.0,19283.07,1,3,3,1,Hibernating,19283.07,1.0,19283.07,Low Activity
7618,145,4.0,42327.46,2,3,5,2,At Risk - High Value,42327.46,4.0,10581.865,Regular
7619,27,1.0,17427.24,5,3,2,3,Potential Loyalist,17427.24,1.0,17427.24,Low Activity
7620,280,2.0,25475.7,1,3,3,2,At Risk - High Value,25475.7,2.0,12737.85,Low Activity
7621,272,2.0,15460.830000000002,1,3,2,2,At Risk - High Value,15460.830000000002,2.0,7730.415000000001,Low Activity
7622,5,1.0,6387.95,5,3,1,3,Potential Loyalist,6387.95,1.0,6387.95,Low Activity
7623,45,1.0,9806.46,4,3,1,3,Potential Loyalist,9806.46,1.0,9806.46,Low Activity
7627,64,3.0,23190.45,4,3,3,4,Loyal Customers,23190.45,3.0,7730.150000000001,Regular
7629,272,1.0,6350.97,1,3,1,1,Hibernating,6350.97,1.0,6350.97,Low Activity
7630,157,4.0,53510.27,2,3,5,0,Champions,53510.27,4.0,13377.5675,High Value
7631,81,4.0,70927.44,3,3,5,0,Champions,70927.44,4.0,17731.86,High Value
7632,45,3.0,25117.53,4,3,3,4,Loyal Customers,25117.53,3.0,8372.51,Regular
7633,5,4.0,32672.6,5,3,4,0,Champions,32672.6,4.0,8168.15,Regular
7634,220,3.0,26650.71,1,3,3,2,At Risk - High Value,26650.71,3.0,8883.57,Regular
7635,29,2.0,19328.52,4,3,3,4,Loyal Customers,19328.52,2.0,9664.26,Low Activity
7637,150,1.0,18007.34,2,3,2,1,Hibernating,18007.34,1.0,18007.34,Low Activity
7638,76,4.0,40448.4,3,3,5,0,Champions,40448.4,4.0,10112.1,Regular
7640,184,2.0,35055.649999999994,2,3,4,2,At Risk - High Value,35055.649999999994,2.0,17527.824999999997,Low Activity
7642,33,3.0,42673.09,4,3,5,0,Champions,42673.09,3.0,14224.363333333333,Regular
7643,168,1.0,7721.52,2,3,1,1,Hibernating,7721.52,1.0,7721.52,Low Activity
7644,2,5.0,78530.23999999999,5,3,5,0,Champions,78530.23999999999,5.0,15706.048,High Value
7646,190,1.0,9742.18,2,3,1,1,Hibernating,9742.18,1.0,9742.18,Low Activity
7647,97,4.0,40477.850000000006,3,3,5,0,Champions,40477.850000000006,4.0,10119.4625,Regular
7648,27,4.0,49113.13,5,3,5,0,Champions,49113.13,4.0,12278.2825,High Value
7649,257,1.0,9567.01,1,3,1,1,Hibernating,9567.01,1.0,9567.01,Low Activity
7651,117,2.0,15359.27,3,3,2,2,At Risk - High Value,15359.27,2.0,7679.635,Low Activity
7652,10,3.0,31825.67,5,3,4,4,Loyal Customers,31825.67,3.0,10608.556666666664,Regular
7653,17,3.0,44901.27,5,3,5,4,Loyal Customers,44901.27,3.0,14967.090000000002,Regular
7655,72,1.0,10101.96,3,3,1,3,Potential Loyalist,10101.96,1.0,10101.96,Low Activity
7656,66,4.0,51382.47,4,3,5,0,Champions,51382.47,4.0,12845.6175,High Value
7657,177,3.0,32174.51,2,3,4,2,At Risk - High Value,32174.51,3.0,10724.836666666668,Regular
7658,2,2.0,18308.89,5,3,2,4,Loyal Customers,18308.89,2.0,9154.445,Low Activity
7659,94,3.0,29544.74,3,3,4,2,At Risk - High Value,29544.74,3.0,9848.246666666666,Regular
7660,89,3.0,25828.660000000003,3,3,3,2,At Risk - High Value,25828.660000000003,3.0,8609.553333333335,Regular
7661,53,6.0,55318.89,4,3,5,0,Champions,55318.89,6.0,9219.815,High Value
7662,345,1.0,7307.08,1,3,1,1,Hibernating,7307.08,1.0,7307.08,Low Activity
7663,225,1.0,5708.17,1,3,1,1,Hibernating,5708.17,1.0,5708.17,Low Activity
7665,199,2.0,25877.92,2,3,3,2,At Risk - High Value,25877.92,2.0,12938.96,Low Activity
7667,5,4.0,47362.26,5,3,5,0,Champions,47362.26,4.0,11840.565,High Value
7668,235,2.0,14229.12,1,3,2,1,Hibernating,14229.12,2.0,7114.56,Low Activity
7669,163,3.0,30589.56,2,3,4,2,At Risk - High Value,30589.56,3.0,10196.52,Regular
7670,3,5.0,62450.76,5,3,5,0,Champions,62450.76,5.0,12490.152,High Value
7671,69,4.0,57661.55,3,3,5,0,Champions,57661.55,4.0,14415.3875,High Value
7672,54,5.0,63200.02,4,3,5,0,Champions,63200.02,5.0,12640.004,High Value
7673,108,2.0,23103.06,3,3,3,2,At Risk - High Value,23103.06,2.0,11551.53,Low Activity
7674,49,2.0,16024.55,4,3,2,4,Loyal Customers,16024.55,2.0,8012.275,Low Activity
7677,35,2.0,17502.47,4,3,2,4,Loyal Customers,17502.47,2.0,8751.235,Low Activity
7679,41,2.0,11955.94,4,3,2,3,Potential Loyalist,11955.94,2.0,5977.97,Low Activity
7680,68,1.0,7163.48,4,3,1,3,Potential Loyalist,7163.48,1.0,7163.48,Low Activity
7681,140,2.0,25631.0,2,3,3,2,At Risk - High Value,25631.0,2.0,12815.5,Low Activity
7683,197,1.0,3085.62,2,3,1,1,Hibernating,3085.62,1.0,3085.62,Low Activity
7684,14,7.0,65465.17,5,3,5,0,Champions,65465.17,7.0,9352.167142857144,High Value
7685,65,2.0,15246.06,4,3,2,4,Loyal Customers,15246.06,2.0,7623.03,Low Activity
7686,3,6.0,81417.11,5,3,5,0,Champions,81417.11,6.0,13569.518333333332,High Value
7688,271,1.0,32420.01,1,3,4,2,At Risk - High Value,32420.01,1.0,32420.01,Low Activity
7689,53,2.0,23346.99,4,3,3,4,Loyal Customers,23346.99,2.0,11673.495,Low Activity
7690,18,3.0,29855.45,5,3,4,4,Loyal Customers,29855.45,3.0,9951.816666666668,Regular
7691,13,1.0,9273.44,5,3,1,3,Potential Loyalist,9273.44,1.0,9273.44,Low Activity
7692,17,2.0,25387.75,5,3,3,4,Loyal Customers,25387.75,2.0,12693.875,Low Activity
7693,4,2.0,32245.97,5,3,4,4,Loyal Customers,32245.97,2.0,16122.985,Low Activity
7694,48,7.0,99972.74,4,3,5,0,Champions,99972.74,7.0,14281.820000000002,High Value
7695,319,1.0,6731.76,1,3,1,1,Hibernating,6731.76,1.0,6731.76,Low Activity
7697,193,1.0,3723.85,2,3,1,1,Hibernating,3723.85,1.0,3723.85,Low Activity
7698,295,2.0,26624.45,1,3,3,2,At Risk - High Value,26624.45,2.0,13312.225,Low Activity
7699,77,1.0,14403.31,3,3,2,3,Potential Loyalist,14403.31,1.0,14403.31,Low Activity
7700,224,1.0,26621.89,1,3,3,1,Hibernating,26621.89,1.0,26621.89,Low Activity
7701,297,1.0,5634.32,1,3,1,1,Hibernating,5634.32,1.0,5634.32,Low Activity
7703,96,2.0,9396.33,3,3,1,3,Potential Loyalist,9396.33,2.0,4698.165,Low Activity
7705,38,4.0,35591.66,4,3,4,0,Champions,35591.66,4.0,8897.915,Regular
7707,116,1.0,15681.85,3,3,2,3,Potential Loyalist,15681.85,1.0,15681.85,Low Activity
7708,55,5.0,51795.29,4,3,5,0,Champions,51795.29,5.0,10359.058,High Value
7709,123,3.0,25587.34,3,3,3,2,At Risk - High Value,25587.34,3.0,8529.113333333333,Regular
7710,148,2.0,34241.04,2,3,4,2,At Risk - High Value,34241.04,2.0,17120.52,Low Activity
7711,57,3.0,37903.03,4,3,4,4,Loyal Customers,37903.03,3.0,12634.343333333332,Regular
7712,303,1.0,3931.34,1,3,1,1,Hibernating,3931.34,1.0,3931.34,Low Activity
7713,214,1.0,14544.2,1,3,2,1,Hibernating,14544.2,1.0,14544.2,Low Activity
7714,8,1.0,8487.98,5,3,1,3,Potential Loyalist,8487.98,1.0,8487.98,Low Activity
7715,82,4.0,44634.07,3,3,5,0,Champions,44634.07,4.0,11158.5175,Regular
7717,65,6.0,59244.36,4,3,5,0,Champions,59244.36,6.0,9874.06,High Value
7718,21,1.0,11735.49,5,3,2,3,Potential Loyalist,11735.49,1.0,11735.49,Low Activity
7719,2,2.0,12520.28,5,3,2,4,Loyal Customers,12520.28,2.0,6260.139999999999,Low Activity
7720,38,3.0,32380.88,4,3,4,4,Loyal Customers,32380.88,3.0,10793.626666666663,Regular
7721,299,1.0,11995.63,1,3,2,1,Hibernating,11995.63,1.0,11995.63,Low Activity
7722,67,3.0,35533.81,4,3,4,4,Loyal Customers,35533.81,3.0,11844.603333333333,Regular
7724,220,2.0,11268.259999999998,1,3,1,1,Hibernating,11268.259999999998,2.0,5634.129999999999,Low Activity
7726,143,2.0,26040.9,2,3,3,2,At Risk - High Value,26040.9,2.0,13020.45,Low Activity
7727,320,3.0,39786.78,1,3,5,2,At Risk - High Value,39786.78,3.0,13262.26,Regular
7728,15,1.0,14374.47,5,3,2,3,Potential Loyalist,14374.47,1.0,14374.47,Low Activity
7729,179,5.0,67959.69,2,3,5,0,Champions,67959.69,5.0,13591.938,High Value
7731,11,2.0,29208.870000000003,5,3,4,4,Loyal Customers,29208.870000000003,2.0,14604.435,Low Activity
7732,46,1.0,9197.17,4,3,1,3,Potential Loyalist,9197.17,1.0,9197.17,Low Activity
7733,37,3.0,37050.73,4,3,4,4,Loyal Customers,37050.73,3.0,12350.243333333332,Regular
7734,162,3.0,39902.29,2,3,5,2,At Risk - High Value,39902.29,3.0,13300.763333333334,Regular
7736,2,2.0,30853.61,5,3,4,4,Loyal Customers,30853.61,2.0,15426.805,Low Activity
7737,32,1.0,15275.97,4,3,2,3,Potential Loyalist,15275.97,1.0,15275.97,Low Activity
7738,65,5.0,72246.33,4,3,5,0,Champions,72246.33,5.0,14449.266,High Value
7741,200,2.0,10027.73,2,3,1,1,Hibernating,10027.73,2.0,5013.865,Low Activity
7742,122,2.0,30246.08,3,3,4,2,At Risk - High Value,30246.08,2.0,15123.04,Low Activity
7745,47,1.0,14225.24,4,3,2,3,Potential Loyalist,14225.24,1.0,14225.24,Low Activity
7746,80,2.0,19396.85,3,3,3,2,At Risk - High Value,19396.85,2.0,9698.425,Low Activity
7747,215,1.0,7458.61,1,3,1,1,Hibernating,7458.61,1.0,7458.61,Low Activity
7748,108,4.0,45467.54,3,3,5,0,Champions,45467.54,4.0,11366.885,Regular
7749,213,1.0,10320.13,1,3,1,1,Hibernating,10320.13,1.0,10320.13,Low Activity
7750,315,1.0,7869.94,1,3,1,1,Hibernating,7869.94,1.0,7869.94,Low Activity
7751,29,5.0,37388.31,4,3,4,0,Champions,37388.31,5.0,7477.661999999999,Regular
7752,61,1.0,8807.21,4,3,1,3,Potential Loyalist,8807.21,1.0,8807.21,Low Activity
7753,8,2.0,26650.550000000003,5,3,3,4,Loyal Customers,26650.550000000003,2.0,13325.275,Low Activity
7755,227,2.0,19100.21,1,3,3,2,At Risk - High Value,19100.21,2.0,9550.105,Low Activity
7756,24,1.0,4383.43,5,3,1,3,Potential Loyalist,4383.43,1.0,4383.43,Low Activity
7757,83,3.0,45169.29,3,3,5,0,Champions,45169.29,3.0,15056.43,Regular
7758,17,5.0,38422.36,5,3,5,0,Champions,38422.36,5.0,7684.472,Regular
7759,242,2.0,14814.16,1,3,2,2,At Risk - High Value,14814.16,2.0,7407.08,Low Activity
7760,80,2.0,12681.41,3,3,2,2,At Risk - High Value,12681.41,2.0,6340.705,Low Activity
7762,223,2.0,18116.0,1,3,2,2,At Risk - High Value,18116.0,2.0,9058.0,Low Activity
7763,39,3.0,22853.46,4,3,3,4,Loyal Customers,22853.46,3.0,7617.82,Regular
7764,216,5.0,79164.48999999999,1,3,5,0,Champions,79164.48999999999,5.0,15832.897999999996,High Value
7765,3,2.0,19986.18,5,3,3,4,Loyal Customers,19986.18,2.0,9993.09,Low Activity
7766,20,2.0,27748.03,5,3,4,4,Loyal Customers,27748.03,2.0,13874.015,Low Activity
7767,153,2.0,13810.18,2,3,2,2,At Risk - High Value,13810.18,2.0,6905.09,Low Activity
7768,78,2.0,22079.31,3,3,3,2,At Risk - High Value,22079.31,2.0,11039.655,Low Activity
7769,82,4.0,38835.12,3,3,5,0,Champions,38835.12,4.0,9708.78,Regular
7770,3,1.0,11760.28,5,3,2,3,Potential Loyalist,11760.28,1.0,11760.28,Low Activity
7771,3,1.0,13203.75,5,3,2,3,Potential Loyalist,13203.75,1.0,13203.75,Low Activity
7772,71,1.0,6212.94,3,3,1,3,Potential Loyalist,6212.94,1.0,6212.94,Low Activity
7773,160,1.0,7543.92,2,3,1,1,Hibernating,7543.92,1.0,7543.92,Low Activity
7774,85,1.0,10882.16,3,3,1,3,Potential Loyalist,10882.16,1.0,10882.16,Low Activity
7775,172,2.0,22152.5,2,3,3,2,At Risk - High Value,22152.5,2.0,11076.25,Low Activity
7776,38,1.0,5701.23,4,3,1,3,Potential Loyalist,5701.23,1.0,5701.23,Low Activity
7777,236,2.0,18502.55,1,3,3,2,At Risk - High Value,18502.55,2.0,9251.275,Low Activity
7778,52,1.0,9663.36,4,3,1,3,Potential Loyalist,9663.36,1.0,9663.36,Low Activity
7779,53,1.0,9552.42,4,3,1,3,Potential Loyalist,9552.42,1.0,9552.42,Low Activity
7780,61,4.0,39101.68,4,3,5,0,Champions,39101.68,4.0,9775.42,Regular
7781,25,3.0,31533.800000000003,5,3,4,4,Loyal Customers,31533.800000000003,3.0,10511.266666666668,Regular
7782,30,3.0,34224.43,4,3,4,4,Loyal Customers,34224.43,3.0,11408.143333333332,Regular
7783,54,2.0,19279.78,4,3,3,4,Loyal Customers,19279.78,2.0,9639.89,Low Activity
7784,249,1.0,9385.57,1,3,1,1,Hibernating,9385.57,1.0,9385.57,Low Activity
7785,73,2.0,15679.15,3,3,2,2,At Risk - High Value,15679.15,2.0,7839.575000000001,Low Activity
7786,46,3.0,34188.03,4,3,4,4,Loyal Customers,34188.03,3.0,11396.01,Regular
7787,318,1.0,4344.49,1,3,1,1,Hibernating,4344.49,1.0,4344.49,Low Activity
7789,124,2.0,19241.07,3,3,3,2,At Risk - High Value,19241.07,2.0,9620.535,Low Activity
7790,4,3.0,43557.07,5,3,5,4,Loyal Customers,43557.07,3.0,14519.023333333333,Regular
7792,92,3.0,19684.79,3,3,3,2,At Risk - High Value,19684.79,3.0,6561.596666666667,Regular
7794,103,4.0,57964.01,3,3,5,0,Champions,57964.01,4.0,14491.0025,High Value
7796,342,1.0,15995.32,1,3,2,1,Hibernating,15995.32,1.0,15995.32,Low Activity
7797,165,2.0,27061.25,2,3,4,2,At Risk - High Value,27061.25,2.0,13530.625,Low Activity
7798,26,1.0,7328.19,5,3,1,3,Potential Loyalist,7328.19,1.0,7328.19,Low Activity
7799,69,2.0,25331.33,3,3,3,2,At Risk - High Value,25331.33,2.0,12665.665,Low Activity
7800,14,4.0,37563.72,5,3,4,0,Champions,37563.72,4.0,9390.93,Regular
7801,159,1.0,13189.2,2,3,2,1,Hibernating,13189.2,1.0,13189.2,Low Activity
7802,187,1.0,13066.49,2,3,2,1,Hibernating,13066.49,1.0,13066.49,Low Activity
7803,4,5.0,41419.23,5,3,5,0,Champions,41419.23,5.0,8283.846,Regular
7804,162,1.0,12740.55,2,3,2,1,Hibernating,12740.55,1.0,12740.55,Low Activity
7805,31,2.0,35547.25,4,3,4,4,Loyal Customers,35547.25,2.0,17773.625,Low Activity
7806,244,2.0,13451.01,1,3,2,1,Hibernating,13451.01,2.0,6725.505,Low Activity
7807,184,2.0,17800.65,2,3,2,2,At Risk - High Value,17800.65,2.0,8900.325,Low Activity
7808,39,3.0,41378.59,4,3,5,0,Champions,41378.59,3.0,13792.863333333336,Regular
7809,105,2.0,17267.78,3,3,2,2,At Risk - High Value,17267.78,2.0,8633.89,Low Activity
7810,153,5.0,46405.46,2,3,5,0,Champions,46405.46,5.0,9281.092,High Value
7812,137,1.0,12764.84,2,3,2,1,Hibernating,12764.84,1.0,12764.84,Low Activity
7814,309,2.0,15990.53,1,3,2,2,At Risk - High Value,15990.53,2.0,7995.264999999999,Low Activity
7815,23,2.0,11830.419999999998,5,3,2,4,Loyal Customers,11830.419999999998,2.0,5915.209999999999,Low Activity
7816,42,2.0,21790.33,4,3,3,4,Loyal Customers,21790.33,2.0,10895.165,Low Activity
7817,75,4.0,55840.28,3,3,5,0,Champions,55840.28,4.0,13960.07,High Value
7818,104,5.0,43947.4,3,3,5,0,Champions,43947.4,5.0,8789.48,Regular
7819,2,2.0,7982.58,5,3,1,3,Potential Loyalist,7982.58,2.0,3991.29,Low Activity
7820,19,5.0,46060.17,5,3,5,0,Champions,46060.17,5.0,9212.034,High Value
7821,134,2.0,27150.47,2,3,4,2,At Risk - High Value,27150.47,2.0,13575.235,Low Activity
7824,333,1.0,17451.46,1,3,2,1,Hibernating,17451.46,1.0,17451.46,Low Activity
7826,311,1.0,10238.03,1,3,1,1,Hibernating,10238.03,1.0,10238.03,Low Activity
7827,63,3.0,27576.66,4,3,4,4,Loyal Customers,27576.66,3.0,9192.22,Regular
7828,22,3.0,43411.89,5,3,5,4,Loyal Customers,43411.89,3.0,14470.63,Regular
7829,74,2.0,20775.53,3,3,3,2,At Risk - High Value,20775.53,2.0,10387.765,Low Activity
7832,9,2.0,28739.07,5,3,4,4,Loyal Customers,28739.07,2.0,14369.535,Low Activity
7833,28,3.0,29158.230000000003,4,3,4,4,Loyal Customers,29158.230000000003,3.0,9719.410000000002,Regular
7834,15,2.0,22885.61,5,3,3,4,Loyal Customers,22885.61,2.0,11442.805,Low Activity
7835,171,1.0,14415.47,2,3,2,1,Hibernating,14415.47,1.0,14415.47,Low Activity
7836,123,3.0,26220.22,3,3,3,2,At Risk - High Value,26220.22,3.0,8740.073333333334,Regular
7838,74,3.0,43585.16,3,3,5,0,Champions,43585.16,3.0,14528.386666666667,Regular
7839,4,2.0,21089.4,5,3,3,4,Loyal Customers,21089.4,2.0,10544.7,Low Activity
7840,16,1.0,6556.76,5,3,1,3,Potential Loyalist,6556.76,1.0,6556.76,Low Activity
7841,46,4.0,38978.3,4,3,5,0,Champions,38978.3,4.0,9744.575,Regular
7842,67,4.0,34244.65,4,3,4,0,Champions,34244.65,4.0,8561.1625,Regular
7843,70,2.0,19434.79,3,3,3,2,At Risk - High Value,19434.79,2.0,9717.395,Low Activity
7844,81,1.0,13635.01,3,3,2,3,Potential Loyalist,13635.01,1.0,13635.01,Low Activity
7845,118,1.0,8626.24,3,3,1,3,Potential Loyalist,8626.24,1.0,8626.24,Low Activity
7846,15,4.0,51062.93,5,3,5,0,Champions,51062.93,4.0,12765.7325,High Value
7847,257,2.0,19701.3,1,3,3,2,At Risk - High Value,19701.3,2.0,9850.65,Low Activity
7848,58,3.0,60364.98,4,3,5,0,Champions,60364.98,3.0,20121.66,High Value
7849,175,1.0,7212.32,2,3,1,1,Hibernating,7212.32,1.0,7212.32,Low Activity
7850,32,2.0,20873.9,4,3,3,4,Loyal Customers,20873.9,2.0,10436.95,Low Activity
7851,7,5.0,43806.9,5,3,5,0,Champions,43806.9,5.0,8761.380000000001,Regular
7853,112,2.0,23460.78,3,3,3,2,At Risk - High Value,23460.78,2.0,11730.39,Low Activity
7855,254,1.0,13814.03,1,3,2,1,Hibernating,13814.03,1.0,13814.03,Low Activity
7856,14,2.0,22809.24,5,3,3,4,Loyal Customers,22809.24,2.0,11404.62,Low Activity
7857,160,2.0,18087.05,2,3,2,2,At Risk - High Value,18087.05,2.0,9043.525,Low Activity
7858,224,2.0,43234.74,1,3,5,2,At Risk - High Value,43234.74,2.0,21617.37,Low Activity
7861,15,4.0,38653.87,5,3,5,0,Champions,38653.87,4.0,9663.4675,Regular
7862,27,4.0,60206.34,5,3,5,0,Champions,60206.34,4.0,15051.585,High Value
7863,21,3.0,36099.31,5,3,4,4,Loyal Customers,36099.31,3.0,12033.103333333333,Regular
7864,164,1.0,13232.4,2,3,2,1,Hibernating,13232.4,1.0,13232.4,Low Activity
7865,286,1.0,7786.71,1,3,1,1,Hibernating,7786.71,1.0,7786.71,Low Activity
7866,26,3.0,32883.600000000006,5,3,4,4,Loyal Customers,32883.600000000006,3.0,10961.200000000004,Regular
7867,108,2.0,18696.3,3,3,3,2,At Risk - High Value,18696.3,2.0,9348.15,Low Activity
7868,151,2.0,20100.7,2,3,3,2,At Risk - High Value,20100.7,2.0,10050.35,Low Activity
7869,37,1.0,18801.52,4,3,3,3,Potential Loyalist,18801.52,1.0,18801.52,Low Activity
7870,194,1.0,8221.71,2,3,1,1,Hibernating,8221.71,1.0,8221.71,Low Activity
7871,11,4.0,43601.42,5,3,5,0,Champions,43601.42,4.0,10900.355,Regular
7873,133,2.0,21082.61,2,3,3,2,At Risk - High Value,21082.61,2.0,10541.305,Low Activity
7874,160,2.0,17572.980000000003,2,3,2,2,At Risk - High Value,17572.980000000003,2.0,8786.490000000002,Low Activity
7875,221,1.0,12041.7,1,3,2,1,Hibernating,12041.7,1.0,12041.7,Low Activity
7876,167,1.0,16399.34,2,3,2,1,Hibernating,16399.34,1.0,16399.34,Low Activity
7877,136,3.0,20432.2,2,3,3,2,At Risk - High Value,20432.2,3.0,6810.733333333334,Regular
7879,144,3.0,47191.46,2,3,5,2,At Risk - High Value,47191.46,3.0,15730.486666666666,High Value
7880,101,4.0,59296.15,3,3,5,0,Champions,59296.15,4.0,14824.0375,High Value
7882,233,2.0,13281.67,1,3,2,1,Hibernating,13281.67,2.0,6640.835,Low Activity
7883,235,2.0,22453.14,1,3,3,2,At Risk - High Value,22453.14,2.0,11226.57,Low Activity
7884,76,1.0,19457.58,3,3,3,3,Potential Loyalist,19457.58,1.0,19457.58,Low Activity
7885,310,1.0,10605.1,1,3,1,1,Hibernating,10605.1,1.0,10605.1,Low Activity
7886,120,2.0,18046.88,3,3,2,2,At Risk - High Value,18046.88,2.0,9023.44,Low Activity
7887,254,1.0,4608.31,1,3,1,1,Hibernating,4608.31,1.0,4608.31,Low Activity
7888,8,2.0,25062.14,5,3,3,4,Loyal Customers,25062.14,2.0,12531.07,Low Activity
7891,214,3.0,31081.05,1,3,4,2,At Risk - High Value,31081.05,3.0,10360.35,Regular
7892,47,4.0,33245.19,4,3,4,0,Champions,33245.19,4.0,8311.2975,Regular
7893,47,3.0,25522.94,4,3,3,4,Loyal Customers,25522.94,3.0,8507.646666666667,Regular
7894,32,5.0,44508.85,4,3,5,0,Champions,44508.85,5.0,8901.77,Regular
7895,89,2.0,28492.15,3,3,4,2,At Risk - High Value,28492.15,2.0,14246.075,Low Activity
7896,290,1.0,10303.45,1,3,1,1,Hibernating,10303.45,1.0,10303.45,Low Activity
7897,20,4.0,32300.52,5,3,4,0,Champions,32300.52,4.0,8075.129999999999,Regular
7898,11,4.0,44449.59,5,3,5,0,Champions,44449.59,4.0,11112.3975,Regular
7899,90,4.0,63297.02,3,3,5,0,Champions,63297.02,4.0,15824.255,High Value
7900,86,2.0,19781.29,3,3,3,2,At Risk - High Value,19781.29,2.0,9890.645,Low Activity
7901,5,5.0,53910.47,5,3,5,0,Champions,53910.47,5.0,10782.094,High Value
7903,214,1.0,13164.93,1,3,2,1,Hibernating,13164.93,1.0,13164.93,Low Activity
7904,139,3.0,36868.83,2,3,4,2,At Risk - High Value,36868.83,3.0,12289.61,Regular
7905,42,3.0,39737.83,4,3,5,0,Champions,39737.83,3.0,13245.943333333336,Regular
7906,253,1.0,15781.92,1,3,2,1,Hibernating,15781.92,1.0,15781.92,Low Activity
7907,200,1.0,10480.65,2,3,1,1,Hibernating,10480.65,1.0,10480.65,Low Activity
7908,167,1.0,17348.69,2,3,2,1,Hibernating,17348.69,1.0,17348.69,Low Activity
7909,0,2.0,32924.44,5,3,4,4,Loyal Customers,32924.44,2.0,16462.22,Low Activity
7910,307,1.0,15855.42,1,3,2,1,Hibernating,15855.42,1.0,15855.42,Low Activity
7911,40,4.0,56777.69,4,3,5,0,Champions,56777.69,4.0,14194.4225,High Value
7912,13,4.0,56418.08,5,3,5,0,Champions,56418.08,4.0,14104.52,High Value
7913,198,1.0,4349.94,2,3,1,1,Hibernating,4349.94,1.0,4349.94,Low Activity
7914,144,2.0,29783.46,2,3,4,2,At Risk - High Value,29783.46,2.0,14891.73,Low Activity
7915,43,2.0,27363.36,4,3,4,4,Loyal Customers,27363.36,2.0,13681.68,Low Activity
7916,5,2.0,24558.050000000003,5,3,3,4,Loyal Customers,24558.050000000003,2.0,12279.025,Low Activity
7918,169,3.0,26692.77,2,3,4,2,At Risk - High Value,26692.77,3.0,8897.589999999998,Regular
7919,76,2.0,14103.95,3,3,2,2,At Risk - High Value,14103.95,2.0,7051.975,Low Activity
7920,30,2.0,19259.47,4,3,3,4,Loyal Customers,19259.47,2.0,9629.735,Low Activity
7921,76,1.0,12198.5,3,3,2,3,Potential Loyalist,12198.5,1.0,12198.5,Low Activity
7922,8,2.0,12967.23,5,3,2,4,Loyal Customers,12967.23,2.0,6483.615,Low Activity
7923,322,1.0,6722.18,1,3,1,1,Hibernating,6722.18,1.0,6722.18,Low Activity
7924,227,2.0,31327.85,1,3,4,2,At Risk - High Value,31327.85,2.0,15663.925,Low Activity
7925,243,1.0,7716.15,1,3,1,1,Hibernating,7716.15,1.0,7716.15,Low Activity
7926,38,2.0,14779.09,4,3,2,4,Loyal Customers,14779.09,2.0,7389.545,Low Activity
7927,53,2.0,13630.76,4,3,2,4,Loyal Customers,13630.76,2.0,6815.38,Low Activity
7929,325,2.0,16775.62,1,3,2,2,At Risk - High Value,16775.62,2.0,8387.81,Low Activity
7930,205,3.0,25702.84,1,3,3,2,At Risk - High Value,25702.84,3.0,8567.613333333333,Regular
7931,94,1.0,27099.62,3,3,4,2,At Risk - High Value,27099.62,1.0,27099.62,Low Activity
7932,10,5.0,59097.11,5,3,5,0,Champions,59097.11,5.0,11819.422,High Value
7933,281,2.0,19601.46,1,3,3,2,At Risk - High Value,19601.46,2.0,9800.73,Low Activity
7934,252,2.0,22844.17,1,3,3,2,At Risk - High Value,22844.17,2.0,11422.085,Low Activity
7935,97,2.0,23139.06,3,3,3,2,At Risk - High Value,23139.06,2.0,11569.53,Low Activity
7936,362,1.0,8301.97,1,3,1,1,Hibernating,8301.97,1.0,8301.97,Low Activity
7937,66,4.0,40638.52,4,3,5,0,Champions,40638.52,4.0,10159.63,Regular
7938,138,3.0,35563.54000000001,2,3,4,2,At Risk - High Value,35563.54000000001,3.0,11854.513333333336,Regular
7939,118,1.0,16731.98,3,3,2,3,Potential Loyalist,16731.98,1.0,16731.98,Low Activity
7940,11,3.0,28139.93,5,3,4,4,Loyal Customers,28139.93,3.0,9379.976666666667,Regular
7943,242,3.0,23658.41,1,3,3,2,At Risk - High Value,23658.41,3.0,7886.136666666666,Regular
7944,309,1.0,5607.91,1,3,1,1,Hibernating,5607.91,1.0,5607.91,Low Activity
7945,200,1.0,10196.86,2,3,1,1,Hibernating,10196.86,1.0,10196.86,Low Activity
7946,189,1.0,2754.72,2,3,1,1,Hibernating,2754.72,1.0,2754.72,Low Activity
7948,73,1.0,14592.66,3,3,2,3,Potential Loyalist,14592.66,1.0,14592.66,Low Activity
7949,3,1.0,15831.31,5,3,2,3,Potential Loyalist,15831.31,1.0,15831.31,Low Activity
7950,5,7.0,75003.06,5,3,5,0,Champions,75003.06,7.0,10714.722857142857,High Value
7951,19,2.0,22311.11,5,3,3,4,Loyal Customers,22311.11,2.0,11155.555,Low Activity
7952,32,5.0,62415.5,4,3,5,0,Champions,62415.5,5.0,12483.1,High Value
7953,326,1.0,4692.45,1,3,1,1,Hibernating,4692.45,1.0,4692.45,Low Activity
7954,153,1.0,14242.02,2,3,2,1,Hibernating,14242.02,1.0,14242.02,Low Activity
7955,29,2.0,20098.18,4,3,3,4,Loyal Customers,20098.18,2.0,10049.09,Low Activity
7957,62,2.0,24135.85,4,3,3,4,Loyal Customers,24135.85,2.0,12067.925,Low Activity
7959,5,2.0,27640.0,5,3,4,4,Loyal Customers,27640.0,2.0,13820.0,Low Activity
7960,121,4.0,50149.35,3,3,5,0,Champions,50149.35,4.0,12537.3375,High Value
7962,116,2.0,23053.49,3,3,3,2,At Risk - High Value,23053.49,2.0,11526.745,Low Activity
7963,282,1.0,8328.5,1,3,1,1,Hibernating,8328.5,1.0,8328.5,Low Activity
7964,58,2.0,24272.57,4,3,3,4,Loyal Customers,24272.57,2.0,12136.285,Low Activity
7965,135,5.0,64277.74,2,3,5,0,Champions,64277.74,5.0,12855.548,High Value
7966,17,3.0,27852.07,5,3,4,4,Loyal Customers,27852.07,3.0,9284.023333333333,Regular
7967,77,2.0,16057.56,3,3,2,2,At Risk - High Value,16057.56,2.0,8028.78,Low Activity
7968,1,2.0,16197.54,5,3,2,4,Loyal Customers,16197.54,2.0,8098.77,Low Activity
7970,103,2.0,23013.84,3,3,3,2,At Risk - High Value,23013.84,2.0,11506.92,Low Activity
7972,2,1.0,5571.78,5,3,1,3,Potential Loyalist,5571.78,1.0,5571.78,Low Activity
7973,101,2.0,34197.03,3,3,4,2,At Risk - High Value,34197.03,2.0,17098.515,Low Activity
7974,7,1.0,9514.34,5,3,1,3,Potential Loyalist,9514.34,1.0,9514.34,Low Activity
7975,75,2.0,31886.69,3,3,4,2,At Risk - High Value,31886.69,2.0,15943.345,Low Activity
7976,129,1.0,8466.74,2,3,1,1,Hibernating,8466.74,1.0,8466.74,Low Activity
7977,38,4.0,69357.55,4,3,5,0,Champions,69357.55,4.0,17339.3875,High Value
7978,41,3.0,40346.68,4,3,5,0,Champions,40346.68,3.0,13448.893333333332,Regular
7979,52,5.0,49981.89,4,3,5,0,Champions,49981.89,5.0,9996.378,High Value
7980,97,4.0,45698.26,3,3,5,0,Champions,45698.26,4.0,11424.565,Regular
7981,103,2.0,22062.64,3,3,3,2,At Risk - High Value,22062.64,2.0,11031.32,Low Activity
7982,50,2.0,30908.45,4,3,4,4,Loyal Customers,30908.45,2.0,15454.225,Low Activity
7983,137,3.0,35297.25,2,3,4,2,At Risk - High Value,35297.25,3.0,11765.75,Regular
7984,90,5.0,53519.17,3,3,5,0,Champions,53519.17,5.0,10703.834,High Value
7985,17,1.0,7617.34,5,3,1,3,Potential Loyalist,7617.34,1.0,7617.34,Low Activity
7986,3,4.0,64356.36,5,3,5,0,Champions,64356.36,4.0,16089.09,High Value
7987,43,2.0,39276.02,4,3,5,4,Loyal Customers,39276.02,2.0,19638.01,Low Activity
7989,37,2.0,22473.63,4,3,3,4,Loyal Customers,22473.63,2.0,11236.815,Low Activity
7991,134,5.0,73786.73,2,3,5,0,Champions,73786.73,5.0,14757.346,High Value
7992,169,2.0,23481.300000000003,2,3,3,2,At Risk - High Value,23481.300000000003,2.0,11740.65,Low Activity
7993,283,1.0,10289.56,1,3,1,1,Hibernating,10289.56,1.0,10289.56,Low Activity
7994,356,1.0,9423.38,1,3,1,1,Hibernating,9423.38,1.0,9423.38,Low Activity
7995,326,1.0,13039.23,1,3,2,1,Hibernating,13039.23,1.0,13039.23,Low Activity
7996,111,1.0,11700.72,3,3,2,3,Potential Loyalist,11700.72,1.0,11700.72,Low Activity
7997,12,4.0,50705.33,5,3,5,0,Champions,50705.33,4.0,12676.3325,High Value
7998,27,3.0,29068.93,5,3,4,4,Loyal Customers,29068.93,3.0,9689.643333333332,Regular
7999,52,5.0,62233.32,4,3,5,0,Champions,62233.32,5.0,12446.664,High Value
8000,42,1.0,14386.66,4,3,2,3,Potential Loyalist,14386.66,1.0,14386.66,Low Activity
