wastage_id,restaurant_id,menu_item_id,wastage_date,quantity_wasted,wastage_reason,estimated_cost,item_name,category_id,cost_price,restaurant_name,category_name,wastage_month
1,19,99,2025-01-01,1,Spoilage,111.74,Menu Item 099,9,111.74,Restaurant 019,Beverages,2025-01
2,14,94,2025-08-14,3,Damaged,824.73,Menu Item 094,4,274.91,Restaurant 014,Rice,2025-08
3,11,51,2025-12-12,2,Expired,725.62,Menu Item 051,1,362.81,Restaurant 011,Burgers,2025-12
4,9,149,2025-05-14,1,Preparation Error,239.18,Menu Item 149,9,239.18,Restaurant 009,Beverages,2025-05
5,3,63,2025-03-04,2,Expired,627.88,Menu Item 063,3,313.94,Restaurant 003,Biryani,2025-03
6,7,87,2025-11-28,1,Damaged,530.98,Menu Item 087,7,530.98,Restaurant 007,Sandwiches,2025-11
7,8,68,2025-08-26,2,Spoilage,228.12,Menu Item 068,8,114.06,Restaurant 008,Desserts,2025-08
8,15,35,2025-05-26,2,Preparation Error,874.12,Menu Item 035,5,437.06,Restaurant 015,BBQ,2025-05
9,15,115,2025-02-04,10,Expired,8039.0,Menu Item 115,5,803.9,Restaurant 015,BBQ,2025-02
10,20,60,2025-10-20,1,Preparation Error,331.16,Menu Item 060,10,331.16,Restaurant 020,Salads,2025-10
11,1,61,2025-07-16,1,Preparation Error,495.71,Menu Item 061,1,495.71,Restaurant 001,Burgers,2025-07
12,9,109,2025-03-23,5,Unsold,1107.15,Menu Item 109,9,221.43,Restaurant 009,Beverages,2025-03
13,9,29,2025-04-17,5,Unsold,343.1,Menu Item 029,9,68.62,Restaurant 009,Beverages,2025-04
14,1,21,2025-12-05,3,Preparation Error,966.84,Menu Item 021,1,322.28,Restaurant 001,Burgers,2025-12
15,14,134,2025-04-27,2,Overproduction,576.68,Menu Item 134,4,288.34,Restaurant 014,Rice,2025-04
16,13,13,2025-07-28,3,Spoilage,1167.84,Menu Item 013,3,389.28,Restaurant 013,Biryani,2025-07
17,15,95,2025-06-15,1,Preparation Error,681.88,Menu Item 095,5,681.88,Restaurant 015,BBQ,2025-06
18,11,131,2025-03-13,1,Unsold,372.73,Menu Item 131,1,372.73,Restaurant 011,Burgers,2025-03
19,14,74,2025-10-25,3,Unsold,467.7,Menu Item 074,4,155.9,Restaurant 014,Rice,2025-10
20,1,121,2025-03-06,1,Expired,375.3,Menu Item 121,1,375.3,Restaurant 001,Burgers,2025-03
21,3,103,2025-02-03,1,Unsold,490.49,Menu Item 103,3,490.49,Restaurant 003,Biryani,2025-02
22,11,71,2025-06-26,1,Damaged,464.98,Menu Item 071,1,464.98,Restaurant 011,Burgers,2025-06
23,17,97,2025-12-20,1,Unsold,454.04,Menu Item 097,7,454.04,Restaurant 017,Sandwiches,2025-12
24,16,136,2025-12-02,3,Expired,1297.11,Menu Item 136,6,432.37,Restaurant 016,Pasta,2025-12
25,18,118,2025-01-21,2,Spoilage,618.0,Menu Item 118,8,309.0,Restaurant 018,Desserts,2025-01
26,14,34,2025-05-18,8,Overproduction,3714.56,Menu Item 034,4,464.32,Restaurant 014,Rice,2025-05
27,1,101,2025-09-18,2,Spoilage,637.02,Menu Item 101,1,318.51,Restaurant 001,Burgers,2025-09
28,7,87,2025-11-04,1,Overproduction,530.98,Menu Item 087,7,530.98,Restaurant 007,Sandwiches,2025-11
29,12,52,2025-04-20,2,Unsold,927.2,Menu Item 052,2,463.6,Restaurant 012,Pizza,2025-04
30,1,21,2025-06-22,1,Overproduction,322.28,Menu Item 021,1,322.28,Restaurant 001,Burgers,2025-06
31,19,119,2025-08-17,5,Damaged,523.2,Menu Item 119,9,104.64,Restaurant 019,Beverages,2025-08
32,11,31,2025-03-25,5,Expired,1613.1,Menu Item 031,1,322.62,Restaurant 011,Burgers,2025-03
33,11,71,2025-11-22,8,Expired,3719.84,Menu Item 071,1,464.98,Restaurant 011,Burgers,2025-11
34,19,99,2025-05-08,1,Overproduction,111.74,Menu Item 099,9,111.74,Restaurant 019,Beverages,2025-05
35,12,32,2025-05-26,5,Preparation Error,3691.5,Menu Item 032,2,738.3,Restaurant 012,Pizza,2025-05
36,20,120,2025-02-19,2,Unsold,455.66,Menu Item 120,10,227.83,Restaurant 020,Salads,2025-02
37,17,37,2025-08-04,1,Preparation Error,689.77,Menu Item 037,7,689.77,Restaurant 017,Sandwiches,2025-08
38,4,144,2025-03-05,1,Overproduction,243.25,Menu Item 144,4,243.25,Restaurant 004,Rice,2025-03
39,8,128,2025-03-09,3,Unsold,1041.87,Menu Item 128,8,347.29,Restaurant 008,Desserts,2025-03
40,2,42,2025-04-06,1,Damaged,467.71,Menu Item 042,2,467.71,Restaurant 002,Pizza,2025-04
41,5,105,2025-04-05,2,Unsold,1193.08,Menu Item 105,5,596.54,Restaurant 005,BBQ,2025-04
42,8,8,2025-07-13,2,Spoilage,615.44,Menu Item 008,8,307.72,Restaurant 008,Desserts,2025-07
43,11,11,2025-05-03,2,Expired,1092.48,Menu Item 011,1,546.24,Restaurant 011,Burgers,2025-05
44,12,112,2025-08-07,1,Spoilage,861.28,Menu Item 112,2,861.28,Restaurant 012,Pizza,2025-08
45,1,81,2025-05-19,1,Overproduction,514.47,Menu Item 081,1,514.47,Restaurant 001,Burgers,2025-05
46,8,88,2025-09-15,5,Damaged,1128.15,Menu Item 088,8,225.63,Restaurant 008,Desserts,2025-09
47,14,114,2025-07-06,5,Damaged,2724.45,Menu Item 114,4,544.89,Restaurant 014,Rice,2025-07
48,15,115,2025-03-28,1,Preparation Error,803.9,Menu Item 115,5,803.9,Restaurant 015,BBQ,2025-03
49,6,106,2025-02-10,3,Preparation Error,831.39,Menu Item 106,6,277.13,Restaurant 006,Pasta,2025-02
50,9,89,2025-09-18,3,Spoilage,799.08,Menu Item 089,9,266.36,Restaurant 009,Beverages,2025-09
51,3,23,2025-10-26,3,Overproduction,810.69,Menu Item 023,3,270.23,Restaurant 003,Biryani,2025-10
52,13,13,2025-06-17,1,Unsold,389.28,Menu Item 013,3,389.28,Restaurant 013,Biryani,2025-06
53,14,94,2025-10-16,1,Expired,274.91,Menu Item 094,4,274.91,Restaurant 014,Rice,2025-10
54,1,61,2025-02-24,3,Damaged,1487.13,Menu Item 061,1,495.71,Restaurant 001,Burgers,2025-02
55,14,134,2025-08-15,1,Unsold,288.34,Menu Item 134,4,288.34,Restaurant 014,Rice,2025-08
56,19,19,2025-06-08,3,Preparation Error,539.97,Menu Item 019,9,179.99,Restaurant 019,Beverages,2025-06
57,17,57,2025-02-24,1,Spoilage,314.52,Menu Item 057,7,314.52,Restaurant 017,Sandwiches,2025-02
58,8,68,2025-11-07,1,Overproduction,114.06,Menu Item 068,8,114.06,Restaurant 008,Desserts,2025-11
59,19,79,2025-05-22,1,Spoilage,130.5,Menu Item 079,9,130.5,Restaurant 019,Beverages,2025-05
60,7,87,2025-02-15,3,Expired,1592.94,Menu Item 087,7,530.98,Restaurant 007,Sandwiches,2025-02
61,12,12,2025-02-07,2,Damaged,1566.2,Menu Item 012,2,783.1,Restaurant 012,Pizza,2025-02
62,14,14,2025-11-19,2,Unsold,462.46,Menu Item 014,4,231.23,Restaurant 014,Rice,2025-11
63,18,138,2025-01-09,2,Spoilage,309.2,Menu Item 138,8,154.6,Restaurant 018,Desserts,2025-01
64,11,111,2025-03-19,1,Damaged,326.19,Menu Item 111,1,326.19,Restaurant 011,Burgers,2025-03
65,4,24,2025-05-27,2,Preparation Error,996.74,Menu Item 024,4,498.37,Restaurant 004,Rice,2025-05
66,4,144,2025-02-27,2,Unsold,486.5,Menu Item 144,4,243.25,Restaurant 004,Rice,2025-02
67,8,68,2025-10-13,1,Spoilage,114.06,Menu Item 068,8,114.06,Restaurant 008,Desserts,2025-10
68,1,21,2025-05-11,2,Damaged,644.56,Menu Item 021,1,322.28,Restaurant 001,Burgers,2025-05
69,4,44,2025-11-04,3,Unsold,1322.16,Menu Item 044,4,440.72,Restaurant 004,Rice,2025-11
70,6,106,2025-02-13,1,Unsold,277.13,Menu Item 106,6,277.13,Restaurant 006,Pasta,2025-02
71,10,110,2025-01-26,1,Expired,219.27,Menu Item 110,10,219.27,Restaurant 010,Salads,2025-01
72,11,91,2025-06-07,1,Unsold,370.79,Menu Item 091,1,370.79,Restaurant 011,Burgers,2025-06
73,20,40,2025-11-16,8,Unsold,2209.92,Menu Item 040,10,276.24,Restaurant 020,Salads,2025-11
74,3,103,2025-11-05,8,Overproduction,3923.92,Menu Item 103,3,490.49,Restaurant 003,Biryani,2025-11
75,15,115,2025-02-11,2,Expired,1607.8,Menu Item 115,5,803.9,Restaurant 015,BBQ,2025-02
76,6,46,2025-05-07,2,Damaged,1267.82,Menu Item 046,6,633.91,Restaurant 006,Pasta,2025-05
77,18,78,2025-07-17,3,Spoilage,768.33,Menu Item 078,8,256.11,Restaurant 018,Desserts,2025-07
78,9,29,2025-10-05,3,Damaged,205.86,Menu Item 029,9,68.62,Restaurant 009,Beverages,2025-10
79,9,69,2025-07-22,3,Overproduction,284.4,Menu Item 069,9,94.8,Restaurant 009,Beverages,2025-07
80,18,18,2025-09-13,1,Preparation Error,334.39,Menu Item 018,8,334.39,Restaurant 018,Desserts,2025-09
81,7,127,2025-06-26,1,Preparation Error,334.08,Menu Item 127,7,334.08,Restaurant 007,Sandwiches,2025-06
82,16,36,2025-09-21,2,Damaged,901.8,Menu Item 036,6,450.9,Restaurant 016,Pasta,2025-09
83,16,76,2025-03-08,1,Damaged,415.31,Menu Item 076,6,415.31,Restaurant 016,Pasta,2025-03
84,4,84,2025-08-23,3,Spoilage,1052.19,Menu Item 084,4,350.73,Restaurant 004,Rice,2025-08
85,12,52,2025-04-28,1,Preparation Error,463.6,Menu Item 052,2,463.6,Restaurant 012,Pizza,2025-04
86,2,2,2025-03-06,2,Damaged,1644.6,Menu Item 002,2,822.3,Restaurant 002,Pizza,2025-03
87,14,54,2025-09-10,2,Damaged,364.36,Menu Item 054,4,182.18,Restaurant 014,Rice,2025-09
88,15,35,2025-09-09,1,Preparation Error,437.06,Menu Item 035,5,437.06,Restaurant 015,BBQ,2025-09
89,13,93,2025-01-11,1,Damaged,553.61,Menu Item 093,3,553.61,Restaurant 013,Biryani,2025-01
90,9,69,2025-09-06,1,Preparation Error,94.8,Menu Item 069,9,94.8,Restaurant 009,Beverages,2025-09
91,6,66,2025-03-07,3,Spoilage,1256.34,Menu Item 066,6,418.78,Restaurant 006,Pasta,2025-03
92,12,92,2025-11-15,5,Overproduction,2321.85,Menu Item 092,2,464.37,Restaurant 012,Pizza,2025-11
93,18,98,2025-10-26,1,Unsold,373.65,Menu Item 098,8,373.65,Restaurant 018,Desserts,2025-10
94,5,5,2025-08-15,1,Preparation Error,760.21,Menu Item 005,5,760.21,Restaurant 005,BBQ,2025-08
95,10,110,2025-07-27,8,Damaged,1754.16,Menu Item 110,10,219.27,Restaurant 010,Salads,2025-07
96,13,113,2025-02-11,10,Spoilage,2308.1,Menu Item 113,3,230.81,Restaurant 013,Biryani,2025-02
97,11,131,2025-01-23,2,Expired,745.46,Menu Item 131,1,372.73,Restaurant 011,Burgers,2025-01
98,13,33,2025-04-12,3,Preparation Error,1054.5,Menu Item 033,3,351.5,Restaurant 013,Biryani,2025-04
99,14,94,2025-10-18,3,Spoilage,824.73,Menu Item 094,4,274.91,Restaurant 014,Rice,2025-10
100,1,1,2025-05-26,2,Preparation Error,856.24,Menu Item 001,1,428.12,Restaurant 001,Burgers,2025-05
101,17,137,2025-03-18,2,Preparation Error,707.48,Menu Item 137,7,353.74,Restaurant 017,Sandwiches,2025-03
102,15,55,2025-10-25,1,Unsold,932.62,Menu Item 055,5,932.62,Restaurant 015,BBQ,2025-10
103,2,42,2025-05-12,2,Overproduction,935.42,Menu Item 042,2,467.71,Restaurant 002,Pizza,2025-05
104,1,1,2025-09-14,2,Damaged,856.24,Menu Item 001,1,428.12,Restaurant 001,Burgers,2025-09
105,7,67,2025-09-15,2,Expired,1271.12,Menu Item 067,7,635.56,Restaurant 007,Sandwiches,2025-09
106,3,83,2025-06-08,2,Damaged,472.7,Menu Item 083,3,236.35,Restaurant 003,Biryani,2025-06
107,19,39,2025-05-25,2,Overproduction,177.48,Menu Item 039,9,88.74,Restaurant 019,Beverages,2025-05
108,14,14,2025-10-03,1,Preparation Error,231.23,Menu Item 014,4,231.23,Restaurant 014,Rice,2025-10
109,6,126,2025-09-27,5,Expired,3353.15,Menu Item 126,6,670.63,Restaurant 006,Pasta,2025-09
110,12,32,2025-06-08,1,Unsold,738.3,Menu Item 032,2,738.3,Restaurant 012,Pizza,2025-06
111,9,69,2025-03-27,2,Expired,189.6,Menu Item 069,9,94.8,Restaurant 009,Beverages,2025-03
112,4,124,2025-04-03,2,Spoilage,299.14,Menu Item 124,4,149.57,Restaurant 004,Rice,2025-04
113,7,47,2025-11-09,3,Overproduction,1594.68,Menu Item 047,7,531.56,Restaurant 007,Sandwiches,2025-11
114,20,80,2025-11-22,2,Overproduction,222.1,Menu Item 080,10,111.05,Restaurant 020,Salads,2025-11
115,3,43,2025-03-10,3,Unsold,1139.1,Menu Item 043,3,379.7,Restaurant 003,Biryani,2025-03
116,1,1,2025-04-25,5,Overproduction,2140.6,Menu Item 001,1,428.12,Restaurant 001,Burgers,2025-04
117,3,103,2025-09-03,5,Expired,2452.45,Menu Item 103,3,490.49,Restaurant 003,Biryani,2025-09
118,7,147,2025-07-04,2,Preparation Error,449.6,Menu Item 147,7,224.8,Restaurant 007,Sandwiches,2025-07
119,18,78,2025-06-20,2,Expired,512.22,Menu Item 078,8,256.11,Restaurant 018,Desserts,2025-06
120,7,107,2025-06-25,1,Expired,472.58,Menu Item 107,7,472.58,Restaurant 007,Sandwiches,2025-06
121,20,100,2025-06-18,2,Unsold,973.4,Menu Item 100,10,486.7,Restaurant 020,Salads,2025-06
122,2,82,2025-09-22,2,Expired,1202.9,Menu Item 082,2,601.45,Restaurant 002,Pizza,2025-09
123,10,10,2025-11-17,5,Spoilage,716.5,Menu Item 010,10,143.3,Restaurant 010,Salads,2025-11
124,5,45,2025-05-18,2,Preparation Error,779.88,Menu Item 045,5,389.94,Restaurant 005,BBQ,2025-05
125,8,48,2025-09-21,3,Preparation Error,584.76,Menu Item 048,8,194.92,Restaurant 008,Desserts,2025-09
126,5,105,2025-01-10,2,Damaged,1193.08,Menu Item 105,5,596.54,Restaurant 005,BBQ,2025-01
127,9,9,2025-04-05,3,Overproduction,421.05,Menu Item 009,9,140.35,Restaurant 009,Beverages,2025-04
128,19,99,2025-08-11,2,Damaged,223.48,Menu Item 099,9,111.74,Restaurant 019,Beverages,2025-08
129,17,77,2025-10-12,2,Preparation Error,1197.26,Menu Item 077,7,598.63,Restaurant 017,Sandwiches,2025-10
130,7,87,2025-01-11,2,Preparation Error,1061.96,Menu Item 087,7,530.98,Restaurant 007,Sandwiches,2025-01
131,14,114,2025-07-22,3,Unsold,1634.67,Menu Item 114,4,544.89,Restaurant 014,Rice,2025-07
132,18,58,2025-04-26,8,Spoilage,2882.0,Menu Item 058,8,360.25,Restaurant 018,Desserts,2025-04
133,14,134,2025-06-02,2,Expired,576.68,Menu Item 134,4,288.34,Restaurant 014,Rice,2025-06
134,18,98,2025-10-15,3,Damaged,1120.95,Menu Item 098,8,373.65,Restaurant 018,Desserts,2025-10
135,9,149,2025-05-11,2,Spoilage,478.36,Menu Item 149,9,239.18,Restaurant 009,Beverages,2025-05
136,10,30,2025-06-05,1,Expired,167.27,Menu Item 030,10,167.27,Restaurant 010,Salads,2025-06
137,12,132,2025-02-17,2,Damaged,1284.12,Menu Item 132,2,642.06,Restaurant 012,Pizza,2025-02
138,6,6,2025-02-21,5,Spoilage,1510.75,Menu Item 006,6,302.15,Restaurant 006,Pasta,2025-02
139,12,72,2025-04-18,5,Overproduction,1378.9,Menu Item 072,2,275.78,Restaurant 012,Pizza,2025-04
140,7,67,2025-10-27,3,Damaged,1906.68,Menu Item 067,7,635.56,Restaurant 007,Sandwiches,2025-10
141,9,129,2025-11-16,3,Damaged,300.6,Menu Item 129,9,100.2,Restaurant 009,Beverages,2025-11
142,16,36,2025-12-05,1,Unsold,450.9,Menu Item 036,6,450.9,Restaurant 016,Pasta,2025-12
143,9,49,2025-01-14,2,Unsold,508.56,Menu Item 049,9,254.28,Restaurant 009,Beverages,2025-01
144,5,85,2025-07-18,2,Expired,710.22,Menu Item 085,5,355.11,Restaurant 005,BBQ,2025-07
145,8,48,2025-12-15,2,Overproduction,389.84,Menu Item 048,8,194.92,Restaurant 008,Desserts,2025-12
146,4,24,2025-06-24,1,Unsold,498.37,Menu Item 024,4,498.37,Restaurant 004,Rice,2025-06
147,16,56,2025-08-07,1,Overproduction,390.6,Menu Item 056,6,390.6,Restaurant 016,Pasta,2025-08
148,15,75,2025-06-02,2,Unsold,844.0,Menu Item 075,5,422.0,Restaurant 015,BBQ,2025-06
149,6,146,2025-12-22,2,Expired,1485.06,Menu Item 146,6,742.53,Restaurant 006,Pasta,2025-12
150,15,55,2025-05-16,1,Unsold,932.62,Menu Item 055,5,932.62,Restaurant 015,BBQ,2025-05
151,2,22,2025-10-02,2,Spoilage,646.94,Menu Item 022,2,323.47,Restaurant 002,Pizza,2025-10
152,3,63,2025-06-05,8,Unsold,2511.52,Menu Item 063,3,313.94,Restaurant 003,Biryani,2025-06
153,13,133,2025-06-05,3,Expired,1526.49,Menu Item 133,3,508.83,Restaurant 013,Biryani,2025-06
154,9,69,2025-03-20,2,Damaged,189.6,Menu Item 069,9,94.8,Restaurant 009,Beverages,2025-03
155,9,69,2025-10-11,1,Damaged,94.8,Menu Item 069,9,94.8,Restaurant 009,Beverages,2025-10
156,4,4,2025-08-22,2,Preparation Error,303.36,Menu Item 004,4,151.68,Restaurant 004,Rice,2025-08
157,15,35,2025-07-14,1,Damaged,437.06,Menu Item 035,5,437.06,Restaurant 015,BBQ,2025-07
158,2,2,2025-08-10,1,Damaged,822.3,Menu Item 002,2,822.3,Restaurant 002,Pizza,2025-08
159,20,20,2025-09-28,2,Unsold,577.02,Menu Item 020,10,288.51,Restaurant 020,Salads,2025-09
160,9,29,2025-11-13,2,Overproduction,137.24,Menu Item 029,9,68.62,Restaurant 009,Beverages,2025-11
161,18,138,2025-04-24,10,Damaged,1546.0,Menu Item 138,8,154.6,Restaurant 018,Desserts,2025-04
162,13,113,2025-02-19,2,Damaged,461.62,Menu Item 113,3,230.81,Restaurant 013,Biryani,2025-02
163,5,105,2025-10-24,2,Unsold,1193.08,Menu Item 105,5,596.54,Restaurant 005,BBQ,2025-10
164,6,126,2025-11-17,3,Damaged,2011.89,Menu Item 126,6,670.63,Restaurant 006,Pasta,2025-11
165,5,145,2025-06-04,1,Spoilage,429.88,Menu Item 145,5,429.88,Restaurant 005,BBQ,2025-06
166,12,92,2025-12-19,8,Spoilage,3714.96,Menu Item 092,2,464.37,Restaurant 012,Pizza,2025-12
167,7,67,2025-10-04,10,Damaged,6355.6,Menu Item 067,7,635.56,Restaurant 007,Sandwiches,2025-10
168,14,134,2025-12-25,1,Preparation Error,288.34,Menu Item 134,4,288.34,Restaurant 014,Rice,2025-12
169,11,51,2025-05-06,3,Spoilage,1088.43,Menu Item 051,1,362.81,Restaurant 011,Burgers,2025-05
170,8,128,2025-04-19,3,Preparation Error,1041.87,Menu Item 128,8,347.29,Restaurant 008,Desserts,2025-04
171,10,70,2025-02-16,2,Expired,414.5,Menu Item 070,10,207.25,Restaurant 010,Salads,2025-02
172,6,66,2025-12-23,1,Expired,418.78,Menu Item 066,6,418.78,Restaurant 006,Pasta,2025-12
173,13,93,2025-06-18,8,Overproduction,4428.88,Menu Item 093,3,553.61,Restaurant 013,Biryani,2025-06
174,9,149,2025-04-07,8,Expired,1913.44,Menu Item 149,9,239.18,Restaurant 009,Beverages,2025-04
175,9,29,2025-04-10,2,Preparation Error,137.24,Menu Item 029,9,68.62,Restaurant 009,Beverages,2025-04
176,3,83,2025-10-13,5,Expired,1181.75,Menu Item 083,3,236.35,Restaurant 003,Biryani,2025-10
177,10,70,2025-08-20,5,Overproduction,1036.25,Menu Item 070,10,207.25,Restaurant 010,Salads,2025-08
178,4,4,2025-09-11,2,Damaged,303.36,Menu Item 004,4,151.68,Restaurant 004,Rice,2025-09
179,10,10,2025-04-17,1,Unsold,143.3,Menu Item 010,10,143.3,Restaurant 010,Salads,2025-04
180,5,65,2025-02-22,3,Unsold,1547.22,Menu Item 065,5,515.74,Restaurant 005,BBQ,2025-02
181,15,135,2025-05-23,2,Overproduction,600.98,Menu Item 135,5,300.49,Restaurant 015,BBQ,2025-05
182,1,141,2025-06-06,1,Spoilage,252.11,Menu Item 141,1,252.11,Restaurant 001,Burgers,2025-06
183,19,19,2025-03-17,2,Preparation Error,359.98,Menu Item 019,9,179.99,Restaurant 019,Beverages,2025-03
184,19,139,2025-10-06,3,Spoilage,382.62,Menu Item 139,9,127.54,Restaurant 019,Beverages,2025-10
185,19,99,2025-10-07,2,Damaged,223.48,Menu Item 099,9,111.74,Restaurant 019,Beverages,2025-10
186,4,84,2025-03-09,3,Preparation Error,1052.19,Menu Item 084,4,350.73,Restaurant 004,Rice,2025-03
187,8,88,2025-03-15,2,Preparation Error,451.26,Menu Item 088,8,225.63,Restaurant 008,Desserts,2025-03
188,2,142,2025-04-09,5,Spoilage,4596.75,Menu Item 142,2,919.35,Restaurant 002,Pizza,2025-04
189,10,10,2025-06-23,3,Preparation Error,429.9,Menu Item 010,10,143.3,Restaurant 010,Salads,2025-06
190,7,67,2025-06-05,2,Spoilage,1271.12,Menu Item 067,7,635.56,Restaurant 007,Sandwiches,2025-06
191,7,147,2025-12-17,2,Expired,449.6,Menu Item 147,7,224.8,Restaurant 007,Sandwiches,2025-12
192,4,144,2025-12-23,2,Expired,486.5,Menu Item 144,4,243.25,Restaurant 004,Rice,2025-12
193,8,68,2025-11-26,1,Overproduction,114.06,Menu Item 068,8,114.06,Restaurant 008,Desserts,2025-11
194,5,145,2025-08-01,2,Preparation Error,859.76,Menu Item 145,5,429.88,Restaurant 005,BBQ,2025-08
195,10,50,2025-10-25,1,Damaged,158.1,Menu Item 050,10,158.1,Restaurant 010,Salads,2025-10
196,16,136,2025-04-24,3,Expired,1297.11,Menu Item 136,6,432.37,Restaurant 016,Pasta,2025-04
197,14,34,2025-04-02,2,Expired,928.64,Menu Item 034,4,464.32,Restaurant 014,Rice,2025-04
198,4,124,2025-01-28,2,Preparation Error,299.14,Menu Item 124,4,149.57,Restaurant 004,Rice,2025-01
199,1,81,2025-11-28,3,Expired,1543.41,Menu Item 081,1,514.47,Restaurant 001,Burgers,2025-11
200,11,91,2025-04-24,2,Spoilage,741.58,Menu Item 091,1,370.79,Restaurant 011,Burgers,2025-04
201,20,60,2025-11-16,2,Spoilage,662.32,Menu Item 060,10,331.16,Restaurant 020,Salads,2025-11
202,6,106,2025-01-03,1,Unsold,277.13,Menu Item 106,6,277.13,Restaurant 006,Pasta,2025-01
203,11,131,2025-07-22,3,Damaged,1118.19,Menu Item 131,1,372.73,Restaurant 011,Burgers,2025-07
204,19,79,2025-11-24,2,Damaged,261.0,Menu Item 079,9,130.5,Restaurant 019,Beverages,2025-11
205,7,7,2025-04-21,1,Spoilage,477.57,Menu Item 007,7,477.57,Restaurant 007,Sandwiches,2025-04
206,11,71,2025-08-14,1,Spoilage,464.98,Menu Item 071,1,464.98,Restaurant 011,Burgers,2025-08
207,11,11,2025-08-08,3,Damaged,1638.72,Menu Item 011,1,546.24,Restaurant 011,Burgers,2025-08
208,19,79,2025-02-28,3,Expired,391.5,Menu Item 079,9,130.5,Restaurant 019,Beverages,2025-02
209,2,62,2025-08-26,5,Overproduction,2548.85,Menu Item 062,2,509.77,Restaurant 002,Pizza,2025-08
210,19,119,2025-04-03,1,Overproduction,104.64,Menu Item 119,9,104.64,Restaurant 019,Beverages,2025-04
211,2,82,2025-08-26,2,Spoilage,1202.9,Menu Item 082,2,601.45,Restaurant 002,Pizza,2025-08
212,18,138,2025-11-26,8,Unsold,1236.8,Menu Item 138,8,154.6,Restaurant 018,Desserts,2025-11
213,2,62,2025-07-16,10,Preparation Error,5097.7,Menu Item 062,2,509.77,Restaurant 002,Pizza,2025-07
214,7,127,2025-06-24,1,Overproduction,334.08,Menu Item 127,7,334.08,Restaurant 007,Sandwiches,2025-06
215,16,76,2025-09-21,1,Spoilage,415.31,Menu Item 076,6,415.31,Restaurant 016,Pasta,2025-09
216,11,131,2025-03-12,1,Spoilage,372.73,Menu Item 131,1,372.73,Restaurant 011,Burgers,2025-03
217,16,136,2025-11-22,3,Damaged,1297.11,Menu Item 136,6,432.37,Restaurant 016,Pasta,2025-11
218,9,69,2025-09-12,2,Spoilage,189.6,Menu Item 069,9,94.8,Restaurant 009,Beverages,2025-09
219,3,143,2025-07-11,2,Unsold,710.0,Menu Item 143,3,355.0,Restaurant 003,Biryani,2025-07
220,3,143,2025-05-11,1,Unsold,355.0,Menu Item 143,3,355.0,Restaurant 003,Biryani,2025-05
221,9,29,2025-12-06,1,Unsold,68.62,Menu Item 029,9,68.62,Restaurant 009,Beverages,2025-12
222,16,96,2025-12-12,2,Spoilage,810.44,Menu Item 096,6,405.22,Restaurant 016,Pasta,2025-12
223,10,150,2025-01-05,1,Damaged,377.34,Menu Item 150,10,377.34,Restaurant 010,Salads,2025-01
224,12,72,2025-11-17,3,Overproduction,827.34,Menu Item 072,2,275.78,Restaurant 012,Pizza,2025-11
225,7,7,2025-12-15,1,Preparation Error,477.57,Menu Item 007,7,477.57,Restaurant 007,Sandwiches,2025-12
226,14,74,2025-03-05,2,Damaged,311.8,Menu Item 074,4,155.9,Restaurant 014,Rice,2025-03
227,2,42,2025-01-04,1,Overproduction,467.71,Menu Item 042,2,467.71,Restaurant 002,Pizza,2025-01
228,20,100,2025-02-26,2,Spoilage,973.4,Menu Item 100,10,486.7,Restaurant 020,Salads,2025-02
229,15,95,2025-07-25,5,Preparation Error,3409.4,Menu Item 095,5,681.88,Restaurant 015,BBQ,2025-07
230,8,88,2025-11-27,2,Overproduction,451.26,Menu Item 088,8,225.63,Restaurant 008,Desserts,2025-11
231,18,58,2025-07-27,3,Preparation Error,1080.75,Menu Item 058,8,360.25,Restaurant 018,Desserts,2025-07
232,18,58,2025-04-05,5,Overproduction,1801.25,Menu Item 058,8,360.25,Restaurant 018,Desserts,2025-04
233,4,84,2025-09-12,1,Overproduction,350.73,Menu Item 084,4,350.73,Restaurant 004,Rice,2025-09
234,19,139,2025-12-08,3,Unsold,382.62,Menu Item 139,9,127.54,Restaurant 019,Beverages,2025-12
235,7,87,2025-06-14,1,Expired,530.98,Menu Item 087,7,530.98,Restaurant 007,Sandwiches,2025-06
236,2,42,2025-01-15,2,Damaged,935.42,Menu Item 042,2,467.71,Restaurant 002,Pizza,2025-01
237,8,108,2025-09-22,5,Expired,2075.4,Menu Item 108,8,415.08,Restaurant 008,Desserts,2025-09
238,13,33,2025-07-03,1,Damaged,351.5,Menu Item 033,3,351.5,Restaurant 013,Biryani,2025-07
239,4,104,2025-06-15,3,Spoilage,503.88,Menu Item 104,4,167.96,Restaurant 004,Rice,2025-06
240,13,53,2025-11-11,3,Expired,895.59,Menu Item 053,3,298.53,Restaurant 013,Biryani,2025-11
241,8,28,2025-07-03,2,Expired,756.32,Menu Item 028,8,378.16,Restaurant 008,Desserts,2025-07
242,12,52,2025-03-01,3,Damaged,1390.8,Menu Item 052,2,463.6,Restaurant 012,Pizza,2025-03
243,15,135,2025-10-07,3,Spoilage,901.47,Menu Item 135,5,300.49,Restaurant 015,BBQ,2025-10
244,10,130,2025-06-11,2,Damaged,584.28,Menu Item 130,10,292.14,Restaurant 010,Salads,2025-06
245,10,50,2025-10-03,2,Preparation Error,316.2,Menu Item 050,10,158.1,Restaurant 010,Salads,2025-10
246,20,100,2025-07-13,1,Preparation Error,486.7,Menu Item 100,10,486.7,Restaurant 020,Salads,2025-07
247,1,141,2025-08-25,1,Overproduction,252.11,Menu Item 141,1,252.11,Restaurant 001,Burgers,2025-08
248,7,7,2025-08-14,1,Preparation Error,477.57,Menu Item 007,7,477.57,Restaurant 007,Sandwiches,2025-08
249,3,123,2025-08-11,3,Damaged,1096.62,Menu Item 123,3,365.54,Restaurant 003,Biryani,2025-08
250,8,28,2025-02-03,1,Preparation Error,378.16,Menu Item 028,8,378.16,Restaurant 008,Desserts,2025-02
251,19,59,2025-02-23,1,Spoilage,189.87,Menu Item 059,9,189.87,Restaurant 019,Beverages,2025-02
252,4,104,2025-12-19,1,Unsold,167.96,Menu Item 104,4,167.96,Restaurant 004,Rice,2025-12
253,9,29,2025-05-23,3,Expired,205.86,Menu Item 029,9,68.62,Restaurant 009,Beverages,2025-05
254,4,104,2025-06-07,2,Damaged,335.92,Menu Item 104,4,167.96,Restaurant 004,Rice,2025-06
255,15,135,2025-07-13,3,Expired,901.47,Menu Item 135,5,300.49,Restaurant 015,BBQ,2025-07
256,4,64,2025-08-07,1,Spoilage,256.46,Menu Item 064,4,256.46,Restaurant 004,Rice,2025-08
257,15,35,2025-03-01,1,Expired,437.06,Menu Item 035,5,437.06,Restaurant 015,BBQ,2025-03
258,13,113,2025-01-25,1,Damaged,230.81,Menu Item 113,3,230.81,Restaurant 013,Biryani,2025-01
259,16,96,2025-08-12,2,Spoilage,810.44,Menu Item 096,6,405.22,Restaurant 016,Pasta,2025-08
260,10,50,2025-09-26,3,Spoilage,474.3,Menu Item 050,10,158.1,Restaurant 010,Salads,2025-09
261,10,50,2025-06-05,2,Preparation Error,316.2,Menu Item 050,10,158.1,Restaurant 010,Salads,2025-06
262,19,59,2025-12-09,2,Damaged,379.74,Menu Item 059,9,189.87,Restaurant 019,Beverages,2025-12
263,8,8,2025-08-07,2,Damaged,615.44,Menu Item 008,8,307.72,Restaurant 008,Desserts,2025-08
264,6,126,2025-12-23,2,Spoilage,1341.26,Menu Item 126,6,670.63,Restaurant 006,Pasta,2025-12
265,5,25,2025-10-06,3,Preparation Error,3083.13,Menu Item 025,5,1027.71,Restaurant 005,BBQ,2025-10
266,9,9,2025-08-13,10,Overproduction,1403.5,Menu Item 009,9,140.35,Restaurant 009,Beverages,2025-08
267,12,132,2025-07-10,1,Preparation Error,642.06,Menu Item 132,2,642.06,Restaurant 012,Pizza,2025-07
268,8,68,2025-10-05,5,Preparation Error,570.3,Menu Item 068,8,114.06,Restaurant 008,Desserts,2025-10
269,11,91,2025-09-17,1,Overproduction,370.79,Menu Item 091,1,370.79,Restaurant 011,Burgers,2025-09
270,15,95,2025-05-15,1,Preparation Error,681.88,Menu Item 095,5,681.88,Restaurant 015,BBQ,2025-05
271,19,19,2025-01-17,1,Preparation Error,179.99,Menu Item 019,9,179.99,Restaurant 019,Beverages,2025-01
272,13,93,2025-02-25,3,Unsold,1660.83,Menu Item 093,3,553.61,Restaurant 013,Biryani,2025-02
273,6,6,2025-10-12,1,Preparation Error,302.15,Menu Item 006,6,302.15,Restaurant 006,Pasta,2025-10
274,15,35,2025-08-10,5,Spoilage,2185.3,Menu Item 035,5,437.06,Restaurant 015,BBQ,2025-08
275,14,114,2025-08-26,1,Expired,544.89,Menu Item 114,4,544.89,Restaurant 014,Rice,2025-08
276,11,11,2025-09-17,2,Damaged,1092.48,Menu Item 011,1,546.24,Restaurant 011,Burgers,2025-09
277,11,131,2025-03-25,3,Damaged,1118.19,Menu Item 131,1,372.73,Restaurant 011,Burgers,2025-03
278,9,69,2025-01-15,1,Overproduction,94.8,Menu Item 069,9,94.8,Restaurant 009,Beverages,2025-01
279,16,36,2025-07-01,3,Damaged,1352.7,Menu Item 036,6,450.9,Restaurant 016,Pasta,2025-07
280,15,55,2025-07-22,1,Expired,932.62,Menu Item 055,5,932.62,Restaurant 015,BBQ,2025-07
281,3,23,2025-06-01,3,Overproduction,810.69,Menu Item 023,3,270.23,Restaurant 003,Biryani,2025-06
282,8,48,2025-05-09,3,Unsold,584.76,Menu Item 048,8,194.92,Restaurant 008,Desserts,2025-05
283,5,145,2025-02-08,1,Spoilage,429.88,Menu Item 145,5,429.88,Restaurant 005,BBQ,2025-02
284,18,18,2025-05-26,2,Damaged,668.78,Menu Item 018,8,334.39,Restaurant 018,Desserts,2025-05
285,8,28,2025-03-26,1,Unsold,378.16,Menu Item 028,8,378.16,Restaurant 008,Desserts,2025-03
286,10,130,2025-06-01,10,Unsold,2921.4,Menu Item 130,10,292.14,Restaurant 010,Salads,2025-06
287,4,124,2025-04-02,2,Spoilage,299.14,Menu Item 124,4,149.57,Restaurant 004,Rice,2025-04
288,3,63,2025-03-04,2,Unsold,627.88,Menu Item 063,3,313.94,Restaurant 003,Biryani,2025-03
289,9,69,2025-12-20,1,Damaged,94.8,Menu Item 069,9,94.8,Restaurant 009,Beverages,2025-12
290,12,92,2025-11-03,2,Damaged,928.74,Menu Item 092,2,464.37,Restaurant 012,Pizza,2025-11
291,7,27,2025-11-01,2,Preparation Error,675.42,Menu Item 027,7,337.71,Restaurant 007,Sandwiches,2025-11
292,7,27,2025-11-09,8,Overproduction,2701.68,Menu Item 027,7,337.71,Restaurant 007,Sandwiches,2025-11
293,1,61,2025-08-14,1,Preparation Error,495.71,Menu Item 061,1,495.71,Restaurant 001,Burgers,2025-08
294,18,18,2025-12-05,10,Damaged,3343.9,Menu Item 018,8,334.39,Restaurant 018,Desserts,2025-12
295,5,5,2025-03-28,2,Spoilage,1520.42,Menu Item 005,5,760.21,Restaurant 005,BBQ,2025-03
296,9,89,2025-04-03,1,Damaged,266.36,Menu Item 089,9,266.36,Restaurant 009,Beverages,2025-04
297,9,9,2025-04-18,3,Preparation Error,421.05,Menu Item 009,9,140.35,Restaurant 009,Beverages,2025-04
298,19,59,2025-06-23,1,Damaged,189.87,Menu Item 059,9,189.87,Restaurant 019,Beverages,2025-06
299,8,28,2025-01-27,5,Overproduction,1890.8,Menu Item 028,8,378.16,Restaurant 008,Desserts,2025-01
300,7,67,2025-07-24,3,Overproduction,1906.68,Menu Item 067,7,635.56,Restaurant 007,Sandwiches,2025-07
301,1,1,2025-03-26,5,Preparation Error,2140.6,Menu Item 001,1,428.12,Restaurant 001,Burgers,2025-03
302,19,39,2025-10-07,2,Expired,177.48,Menu Item 039,9,88.74,Restaurant 019,Beverages,2025-10
303,9,89,2025-08-06,2,Damaged,532.72,Menu Item 089,9,266.36,Restaurant 009,Beverages,2025-08
304,19,19,2025-07-24,5,Damaged,899.95,Menu Item 019,9,179.99,Restaurant 019,Beverages,2025-07
305,7,147,2025-08-09,3,Expired,674.4,Menu Item 147,7,224.8,Restaurant 007,Sandwiches,2025-08
306,4,64,2025-02-03,5,Unsold,1282.3,Menu Item 064,4,256.46,Restaurant 004,Rice,2025-02
307,10,110,2025-10-04,1,Spoilage,219.27,Menu Item 110,10,219.27,Restaurant 010,Salads,2025-10
308,4,124,2025-06-11,2,Expired,299.14,Menu Item 124,4,149.57,Restaurant 004,Rice,2025-06
309,5,105,2025-12-06,3,Preparation Error,1789.62,Menu Item 105,5,596.54,Restaurant 005,BBQ,2025-12
310,2,62,2025-12-04,8,Damaged,4078.16,Menu Item 062,2,509.77,Restaurant 002,Pizza,2025-12
311,14,114,2025-01-15,1,Expired,544.89,Menu Item 114,4,544.89,Restaurant 014,Rice,2025-01
312,4,64,2025-01-15,2,Overproduction,512.92,Menu Item 064,4,256.46,Restaurant 004,Rice,2025-01
313,18,118,2025-01-27,1,Overproduction,309.0,Menu Item 118,8,309.0,Restaurant 018,Desserts,2025-01
314,6,126,2025-06-06,1,Spoilage,670.63,Menu Item 126,6,670.63,Restaurant 006,Pasta,2025-06
315,19,19,2025-04-10,5,Overproduction,899.95,Menu Item 019,9,179.99,Restaurant 019,Beverages,2025-04
316,2,22,2025-03-10,3,Unsold,970.41,Menu Item 022,2,323.47,Restaurant 002,Pizza,2025-03
317,4,124,2025-01-22,1,Unsold,149.57,Menu Item 124,4,149.57,Restaurant 004,Rice,2025-01
318,15,95,2025-12-17,2,Expired,1363.76,Menu Item 095,5,681.88,Restaurant 015,BBQ,2025-12
319,10,30,2025-10-22,2,Spoilage,334.54,Menu Item 030,10,167.27,Restaurant 010,Salads,2025-10
320,7,7,2025-12-25,2,Unsold,955.14,Menu Item 007,7,477.57,Restaurant 007,Sandwiches,2025-12
321,11,31,2025-11-23,8,Spoilage,2580.96,Menu Item 031,1,322.62,Restaurant 011,Burgers,2025-11
322,11,11,2025-11-22,3,Spoilage,1638.72,Menu Item 011,1,546.24,Restaurant 011,Burgers,2025-11
323,14,14,2025-12-20,2,Unsold,462.46,Menu Item 014,4,231.23,Restaurant 014,Rice,2025-12
324,8,68,2025-10-08,3,Overproduction,342.18,Menu Item 068,8,114.06,Restaurant 008,Desserts,2025-10
325,11,71,2025-09-04,5,Damaged,2324.9,Menu Item 071,1,464.98,Restaurant 011,Burgers,2025-09
326,2,122,2025-06-22,5,Expired,4141.75,Menu Item 122,2,828.35,Restaurant 002,Pizza,2025-06
327,20,80,2025-05-07,1,Spoilage,111.05,Menu Item 080,10,111.05,Restaurant 020,Salads,2025-05
328,19,79,2025-12-25,5,Expired,652.5,Menu Item 079,9,130.5,Restaurant 019,Beverages,2025-12
329,15,95,2025-08-22,3,Overproduction,2045.64,Menu Item 095,5,681.88,Restaurant 015,BBQ,2025-08
330,11,31,2025-06-10,1,Preparation Error,322.62,Menu Item 031,1,322.62,Restaurant 011,Burgers,2025-06
331,8,148,2025-07-02,1,Preparation Error,337.64,Menu Item 148,8,337.64,Restaurant 008,Desserts,2025-07
332,12,32,2025-02-17,1,Spoilage,738.3,Menu Item 032,2,738.3,Restaurant 012,Pizza,2025-02
333,15,15,2025-11-10,1,Damaged,496.97,Menu Item 015,5,496.97,Restaurant 015,BBQ,2025-11
334,12,52,2025-10-14,2,Overproduction,927.2,Menu Item 052,2,463.6,Restaurant 012,Pizza,2025-10
335,10,150,2025-12-01,3,Spoilage,1132.02,Menu Item 150,10,377.34,Restaurant 010,Salads,2025-12
336,4,124,2025-08-19,2,Spoilage,299.14,Menu Item 124,4,149.57,Restaurant 004,Rice,2025-08
337,12,72,2025-08-11,8,Preparation Error,2206.24,Menu Item 072,2,275.78,Restaurant 012,Pizza,2025-08
338,7,7,2025-10-21,1,Spoilage,477.57,Menu Item 007,7,477.57,Restaurant 007,Sandwiches,2025-10
339,13,73,2025-04-15,1,Spoilage,231.75,Menu Item 073,3,231.75,Restaurant 013,Biryani,2025-04
340,1,21,2025-01-19,1,Expired,322.28,Menu Item 021,1,322.28,Restaurant 001,Burgers,2025-01
341,12,112,2025-01-01,5,Spoilage,4306.4,Menu Item 112,2,861.28,Restaurant 012,Pizza,2025-01
342,4,84,2025-10-19,2,Expired,701.46,Menu Item 084,4,350.73,Restaurant 004,Rice,2025-10
343,11,31,2025-09-04,1,Expired,322.62,Menu Item 031,1,322.62,Restaurant 011,Burgers,2025-09
344,8,68,2025-01-09,1,Unsold,114.06,Menu Item 068,8,114.06,Restaurant 008,Desserts,2025-01
345,13,13,2025-04-12,1,Overproduction,389.28,Menu Item 013,3,389.28,Restaurant 013,Biryani,2025-04
346,18,118,2025-06-04,1,Damaged,309.0,Menu Item 118,8,309.0,Restaurant 018,Desserts,2025-06
347,3,83,2025-05-26,1,Spoilage,236.35,Menu Item 083,3,236.35,Restaurant 003,Biryani,2025-05
348,17,117,2025-07-17,1,Preparation Error,429.73,Menu Item 117,7,429.73,Restaurant 017,Sandwiches,2025-07
349,8,108,2025-07-18,8,Spoilage,3320.64,Menu Item 108,8,415.08,Restaurant 008,Desserts,2025-07
350,5,45,2025-01-26,1,Preparation Error,389.94,Menu Item 045,5,389.94,Restaurant 005,BBQ,2025-01
351,6,6,2025-03-04,5,Overproduction,1510.75,Menu Item 006,6,302.15,Restaurant 006,Pasta,2025-03
352,3,3,2025-02-10,2,Damaged,451.92,Menu Item 003,3,225.96,Restaurant 003,Biryani,2025-02
353,14,34,2025-05-28,1,Damaged,464.32,Menu Item 034,4,464.32,Restaurant 014,Rice,2025-05
354,15,55,2025-08-03,2,Preparation Error,1865.24,Menu Item 055,5,932.62,Restaurant 015,BBQ,2025-08
355,18,118,2025-09-04,1,Unsold,309.0,Menu Item 118,8,309.0,Restaurant 018,Desserts,2025-09
356,2,102,2025-07-22,2,Overproduction,1548.34,Menu Item 102,2,774.17,Restaurant 002,Pizza,2025-07
357,17,17,2025-02-21,1,Overproduction,292.34,Menu Item 017,7,292.34,Restaurant 017,Sandwiches,2025-02
358,19,19,2025-02-15,1,Preparation Error,179.99,Menu Item 019,9,179.99,Restaurant 019,Beverages,2025-02
359,4,44,2025-09-26,1,Unsold,440.72,Menu Item 044,4,440.72,Restaurant 004,Rice,2025-09
360,20,140,2025-09-20,2,Spoilage,356.8,Menu Item 140,10,178.4,Restaurant 020,Salads,2025-09
361,9,109,2025-05-11,3,Preparation Error,664.29,Menu Item 109,9,221.43,Restaurant 009,Beverages,2025-05
362,11,71,2025-08-14,2,Unsold,929.96,Menu Item 071,1,464.98,Restaurant 011,Burgers,2025-08
363,3,43,2025-10-13,3,Overproduction,1139.1,Menu Item 043,3,379.7,Restaurant 003,Biryani,2025-10
364,13,33,2025-07-17,2,Preparation Error,703.0,Menu Item 033,3,351.5,Restaurant 013,Biryani,2025-07
365,8,148,2025-07-06,3,Preparation Error,1012.92,Menu Item 148,8,337.64,Restaurant 008,Desserts,2025-07
366,17,77,2025-12-20,1,Overproduction,598.63,Menu Item 077,7,598.63,Restaurant 017,Sandwiches,2025-12
367,16,16,2025-02-26,1,Overproduction,338.34,Menu Item 016,6,338.34,Restaurant 016,Pasta,2025-02
368,13,73,2025-10-16,1,Preparation Error,231.75,Menu Item 073,3,231.75,Restaurant 013,Biryani,2025-10
369,8,148,2025-01-20,1,Spoilage,337.64,Menu Item 148,8,337.64,Restaurant 008,Desserts,2025-01
370,14,74,2025-11-15,3,Unsold,467.7,Menu Item 074,4,155.9,Restaurant 014,Rice,2025-11
371,5,125,2025-06-28,2,Unsold,2276.68,Menu Item 125,5,1138.34,Restaurant 005,BBQ,2025-06
372,10,90,2025-12-13,3,Preparation Error,572.88,Menu Item 090,10,190.96,Restaurant 010,Salads,2025-12
373,5,25,2025-02-19,2,Unsold,2055.42,Menu Item 025,5,1027.71,Restaurant 005,BBQ,2025-02
374,11,91,2025-05-02,1,Preparation Error,370.79,Menu Item 091,1,370.79,Restaurant 011,Burgers,2025-05
375,2,82,2025-05-21,1,Preparation Error,601.45,Menu Item 082,2,601.45,Restaurant 002,Pizza,2025-05
376,10,130,2025-01-11,1,Expired,292.14,Menu Item 130,10,292.14,Restaurant 010,Salads,2025-01
377,14,14,2025-11-20,2,Overproduction,462.46,Menu Item 014,4,231.23,Restaurant 014,Rice,2025-11
378,20,60,2025-08-01,2,Damaged,662.32,Menu Item 060,10,331.16,Restaurant 020,Salads,2025-08
379,6,66,2025-04-02,2,Expired,837.56,Menu Item 066,6,418.78,Restaurant 006,Pasta,2025-04
380,9,9,2025-10-09,5,Expired,701.75,Menu Item 009,9,140.35,Restaurant 009,Beverages,2025-10
381,13,93,2025-09-12,8,Expired,4428.88,Menu Item 093,3,553.61,Restaurant 013,Biryani,2025-09
382,3,83,2025-12-02,1,Spoilage,236.35,Menu Item 083,3,236.35,Restaurant 003,Biryani,2025-12
383,9,129,2025-06-03,1,Spoilage,100.2,Menu Item 129,9,100.2,Restaurant 009,Beverages,2025-06
384,5,25,2025-12-19,2,Damaged,2055.42,Menu Item 025,5,1027.71,Restaurant 005,BBQ,2025-12
385,4,144,2025-09-08,2,Expired,486.5,Menu Item 144,4,243.25,Restaurant 004,Rice,2025-09
386,5,25,2025-08-01,1,Spoilage,1027.71,Menu Item 025,5,1027.71,Restaurant 005,BBQ,2025-08
387,5,45,2025-03-27,5,Spoilage,1949.7,Menu Item 045,5,389.94,Restaurant 005,BBQ,2025-03
388,10,110,2025-02-17,1,Preparation Error,219.27,Menu Item 110,10,219.27,Restaurant 010,Salads,2025-02
389,17,117,2025-12-19,1,Spoilage,429.73,Menu Item 117,7,429.73,Restaurant 017,Sandwiches,2025-12
390,12,12,2025-02-25,1,Expired,783.1,Menu Item 012,2,783.1,Restaurant 012,Pizza,2025-02
391,7,67,2025-02-04,3,Unsold,1906.68,Menu Item 067,7,635.56,Restaurant 007,Sandwiches,2025-02
392,20,20,2025-05-18,1,Damaged,288.51,Menu Item 020,10,288.51,Restaurant 020,Salads,2025-05
393,19,139,2025-05-13,3,Spoilage,382.62,Menu Item 139,9,127.54,Restaurant 019,Beverages,2025-05
394,14,54,2025-06-01,1,Expired,182.18,Menu Item 054,4,182.18,Restaurant 014,Rice,2025-06
395,20,100,2025-10-28,2,Unsold,973.4,Menu Item 100,10,486.7,Restaurant 020,Salads,2025-10
396,7,27,2025-11-17,2,Damaged,675.42,Menu Item 027,7,337.71,Restaurant 007,Sandwiches,2025-11
397,4,24,2025-02-09,5,Overproduction,2491.85,Menu Item 024,4,498.37,Restaurant 004,Rice,2025-02
398,10,90,2025-02-01,3,Damaged,572.88,Menu Item 090,10,190.96,Restaurant 010,Salads,2025-02
399,16,36,2025-10-02,1,Expired,450.9,Menu Item 036,6,450.9,Restaurant 016,Pasta,2025-10
400,7,87,2025-08-27,3,Spoilage,1592.94,Menu Item 087,7,530.98,Restaurant 007,Sandwiches,2025-08
401,6,126,2025-01-19,2,Damaged,1341.26,Menu Item 126,6,670.63,Restaurant 006,Pasta,2025-01
402,8,148,2025-03-16,3,Unsold,1012.92,Menu Item 148,8,337.64,Restaurant 008,Desserts,2025-03
403,16,136,2025-10-13,1,Unsold,432.37,Menu Item 136,6,432.37,Restaurant 016,Pasta,2025-10
404,8,28,2025-08-12,5,Damaged,1890.8,Menu Item 028,8,378.16,Restaurant 008,Desserts,2025-08
405,10,10,2025-08-05,3,Unsold,429.9,Menu Item 010,10,143.3,Restaurant 010,Salads,2025-08
406,6,26,2025-01-06,1,Expired,606.56,Menu Item 026,6,606.56,Restaurant 006,Pasta,2025-01
407,20,20,2025-12-22,8,Preparation Error,2308.08,Menu Item 020,10,288.51,Restaurant 020,Salads,2025-12
408,16,16,2025-10-09,2,Spoilage,676.68,Menu Item 016,6,338.34,Restaurant 016,Pasta,2025-10
409,14,34,2025-12-16,2,Spoilage,928.64,Menu Item 034,4,464.32,Restaurant 014,Rice,2025-12
410,18,58,2025-09-25,3,Preparation Error,1080.75,Menu Item 058,8,360.25,Restaurant 018,Desserts,2025-09
411,6,46,2025-09-12,1,Preparation Error,633.91,Menu Item 046,6,633.91,Restaurant 006,Pasta,2025-09
412,13,53,2025-03-19,2,Spoilage,597.06,Menu Item 053,3,298.53,Restaurant 013,Biryani,2025-03
413,9,109,2025-07-06,3,Spoilage,664.29,Menu Item 109,9,221.43,Restaurant 009,Beverages,2025-07
414,14,34,2025-02-08,2,Preparation Error,928.64,Menu Item 034,4,464.32,Restaurant 014,Rice,2025-02
415,19,79,2025-12-05,2,Damaged,261.0,Menu Item 079,9,130.5,Restaurant 019,Beverages,2025-12
416,5,125,2025-08-15,1,Overproduction,1138.34,Menu Item 125,5,1138.34,Restaurant 005,BBQ,2025-08
417,8,8,2025-05-15,5,Damaged,1538.6,Menu Item 008,8,307.72,Restaurant 008,Desserts,2025-05
418,7,87,2025-03-23,3,Unsold,1592.94,Menu Item 087,7,530.98,Restaurant 007,Sandwiches,2025-03
419,7,147,2025-05-14,1,Expired,224.8,Menu Item 147,7,224.8,Restaurant 007,Sandwiches,2025-05
420,14,34,2025-11-18,2,Damaged,928.64,Menu Item 034,4,464.32,Restaurant 014,Rice,2025-11
421,3,43,2025-11-25,5,Overproduction,1898.5,Menu Item 043,3,379.7,Restaurant 003,Biryani,2025-11
422,1,101,2025-04-16,3,Preparation Error,955.53,Menu Item 101,1,318.51,Restaurant 001,Burgers,2025-04
423,4,104,2025-01-27,2,Unsold,335.92,Menu Item 104,4,167.96,Restaurant 004,Rice,2025-01
424,18,118,2025-02-24,1,Spoilage,309.0,Menu Item 118,8,309.0,Restaurant 018,Desserts,2025-02
425,17,57,2025-11-26,1,Spoilage,314.52,Menu Item 057,7,314.52,Restaurant 017,Sandwiches,2025-11
426,10,30,2025-01-08,3,Preparation Error,501.81,Menu Item 030,10,167.27,Restaurant 010,Salads,2025-01
427,17,17,2025-04-23,2,Expired,584.68,Menu Item 017,7,292.34,Restaurant 017,Sandwiches,2025-04
428,19,59,2025-09-11,3,Expired,569.61,Menu Item 059,9,189.87,Restaurant 019,Beverages,2025-09
429,9,69,2025-08-14,2,Expired,189.6,Menu Item 069,9,94.8,Restaurant 009,Beverages,2025-08
430,20,140,2025-06-06,1,Preparation Error,178.4,Menu Item 140,10,178.4,Restaurant 020,Salads,2025-06
431,8,108,2025-12-05,2,Preparation Error,830.16,Menu Item 108,8,415.08,Restaurant 008,Desserts,2025-12
432,2,82,2025-09-16,1,Expired,601.45,Menu Item 082,2,601.45,Restaurant 002,Pizza,2025-09
433,6,86,2025-02-24,2,Preparation Error,956.62,Menu Item 086,6,478.31,Restaurant 006,Pasta,2025-02
434,14,54,2025-03-02,1,Expired,182.18,Menu Item 054,4,182.18,Restaurant 014,Rice,2025-03
435,7,147,2025-05-09,8,Unsold,1798.4,Menu Item 147,7,224.8,Restaurant 007,Sandwiches,2025-05
436,3,23,2025-06-22,3,Damaged,810.69,Menu Item 023,3,270.23,Restaurant 003,Biryani,2025-06
437,11,51,2025-05-20,5,Overproduction,1814.05,Menu Item 051,1,362.81,Restaurant 011,Burgers,2025-05
438,17,17,2025-04-21,2,Preparation Error,584.68,Menu Item 017,7,292.34,Restaurant 017,Sandwiches,2025-04
439,15,135,2025-09-28,2,Unsold,600.98,Menu Item 135,5,300.49,Restaurant 015,BBQ,2025-09
440,10,150,2025-08-27,1,Overproduction,377.34,Menu Item 150,10,377.34,Restaurant 010,Salads,2025-08
441,14,54,2025-11-24,1,Expired,182.18,Menu Item 054,4,182.18,Restaurant 014,Rice,2025-11
442,4,84,2025-01-10,5,Damaged,1753.65,Menu Item 084,4,350.73,Restaurant 004,Rice,2025-01
443,10,110,2025-10-09,2,Damaged,438.54,Menu Item 110,10,219.27,Restaurant 010,Salads,2025-10
444,17,137,2025-09-12,5,Spoilage,1768.7,Menu Item 137,7,353.74,Restaurant 017,Sandwiches,2025-09
445,20,140,2025-04-05,1,Expired,178.4,Menu Item 140,10,178.4,Restaurant 020,Salads,2025-04
446,20,60,2025-06-04,1,Overproduction,331.16,Menu Item 060,10,331.16,Restaurant 020,Salads,2025-06
447,7,147,2025-11-25,1,Unsold,224.8,Menu Item 147,7,224.8,Restaurant 007,Sandwiches,2025-11
448,4,64,2025-01-28,1,Overproduction,256.46,Menu Item 064,4,256.46,Restaurant 004,Rice,2025-01
449,1,141,2025-10-17,1,Unsold,252.11,Menu Item 141,1,252.11,Restaurant 001,Burgers,2025-10
450,8,148,2025-11-16,8,Expired,2701.12,Menu Item 148,8,337.64,Restaurant 008,Desserts,2025-11
451,2,62,2025-10-16,2,Preparation Error,1019.54,Menu Item 062,2,509.77,Restaurant 002,Pizza,2025-10
452,11,91,2025-04-03,3,Spoilage,1112.37,Menu Item 091,1,370.79,Restaurant 011,Burgers,2025-04
453,4,24,2025-02-19,2,Overproduction,996.74,Menu Item 024,4,498.37,Restaurant 004,Rice,2025-02
454,2,142,2025-04-26,2,Spoilage,1838.7,Menu Item 142,2,919.35,Restaurant 002,Pizza,2025-04
455,9,89,2025-07-19,2,Expired,532.72,Menu Item 089,9,266.36,Restaurant 009,Beverages,2025-07
456,18,58,2025-03-22,3,Unsold,1080.75,Menu Item 058,8,360.25,Restaurant 018,Desserts,2025-03
457,12,72,2025-12-24,2,Unsold,551.56,Menu Item 072,2,275.78,Restaurant 012,Pizza,2025-12
458,20,60,2025-11-17,1,Unsold,331.16,Menu Item 060,10,331.16,Restaurant 020,Salads,2025-11
459,7,87,2025-11-06,5,Overproduction,2654.9,Menu Item 087,7,530.98,Restaurant 007,Sandwiches,2025-11
460,2,122,2025-06-26,2,Overproduction,1656.7,Menu Item 122,2,828.35,Restaurant 002,Pizza,2025-06
461,16,136,2025-09-17,1,Preparation Error,432.37,Menu Item 136,6,432.37,Restaurant 016,Pasta,2025-09
462,18,138,2025-03-15,8,Damaged,1236.8,Menu Item 138,8,154.6,Restaurant 018,Desserts,2025-03
463,3,83,2025-02-17,1,Overproduction,236.35,Menu Item 083,3,236.35,Restaurant 003,Biryani,2025-02
464,8,68,2025-05-08,1,Damaged,114.06,Menu Item 068,8,114.06,Restaurant 008,Desserts,2025-05
465,14,134,2025-11-03,2,Expired,576.68,Menu Item 134,4,288.34,Restaurant 014,Rice,2025-11
466,7,27,2025-02-28,2,Overproduction,675.42,Menu Item 027,7,337.71,Restaurant 007,Sandwiches,2025-02
467,10,50,2025-11-22,5,Spoilage,790.5,Menu Item 050,10,158.1,Restaurant 010,Salads,2025-11
468,8,108,2025-07-21,2,Damaged,830.16,Menu Item 108,8,415.08,Restaurant 008,Desserts,2025-07
469,19,59,2025-07-13,1,Expired,189.87,Menu Item 059,9,189.87,Restaurant 019,Beverages,2025-07
470,13,33,2025-02-11,8,Overproduction,2812.0,Menu Item 033,3,351.5,Restaurant 013,Biryani,2025-02
471,3,83,2025-10-12,1,Damaged,236.35,Menu Item 083,3,236.35,Restaurant 003,Biryani,2025-10
472,15,75,2025-12-13,1,Damaged,422.0,Menu Item 075,5,422.0,Restaurant 015,BBQ,2025-12
473,16,36,2025-11-20,2,Expired,901.8,Menu Item 036,6,450.9,Restaurant 016,Pasta,2025-11
474,14,14,2025-04-06,2,Overproduction,462.46,Menu Item 014,4,231.23,Restaurant 014,Rice,2025-04
475,19,79,2025-04-17,3,Preparation Error,391.5,Menu Item 079,9,130.5,Restaurant 019,Beverages,2025-04
476,4,24,2025-10-14,1,Expired,498.37,Menu Item 024,4,498.37,Restaurant 004,Rice,2025-10
477,12,72,2025-12-02,2,Damaged,551.56,Menu Item 072,2,275.78,Restaurant 012,Pizza,2025-12
478,13,113,2025-12-09,2,Unsold,461.62,Menu Item 113,3,230.81,Restaurant 013,Biryani,2025-12
479,6,46,2025-04-16,1,Unsold,633.91,Menu Item 046,6,633.91,Restaurant 006,Pasta,2025-04
480,14,114,2025-05-28,1,Spoilage,544.89,Menu Item 114,4,544.89,Restaurant 014,Rice,2025-05
481,17,17,2025-03-19,1,Damaged,292.34,Menu Item 017,7,292.34,Restaurant 017,Sandwiches,2025-03
482,3,123,2025-11-28,1,Spoilage,365.54,Menu Item 123,3,365.54,Restaurant 003,Biryani,2025-11
483,20,20,2025-04-14,5,Expired,1442.55,Menu Item 020,10,288.51,Restaurant 020,Salads,2025-04
484,14,54,2025-11-27,1,Overproduction,182.18,Menu Item 054,4,182.18,Restaurant 014,Rice,2025-11
485,9,29,2025-09-28,5,Preparation Error,343.1,Menu Item 029,9,68.62,Restaurant 009,Beverages,2025-09
486,12,92,2025-06-27,2,Expired,928.74,Menu Item 092,2,464.37,Restaurant 012,Pizza,2025-06
487,13,53,2025-09-14,2,Unsold,597.06,Menu Item 053,3,298.53,Restaurant 013,Biryani,2025-09
488,11,11,2025-05-21,2,Unsold,1092.48,Menu Item 011,1,546.24,Restaurant 011,Burgers,2025-05
489,4,64,2025-11-19,3,Preparation Error,769.38,Menu Item 064,4,256.46,Restaurant 004,Rice,2025-11
490,4,84,2025-03-20,3,Spoilage,1052.19,Menu Item 084,4,350.73,Restaurant 004,Rice,2025-03
491,1,101,2025-10-09,3,Expired,955.53,Menu Item 101,1,318.51,Restaurant 001,Burgers,2025-10
492,12,92,2025-10-13,1,Preparation Error,464.37,Menu Item 092,2,464.37,Restaurant 012,Pizza,2025-10
493,8,48,2025-10-23,10,Damaged,1949.2,Menu Item 048,8,194.92,Restaurant 008,Desserts,2025-10
494,18,58,2025-10-23,3,Unsold,1080.75,Menu Item 058,8,360.25,Restaurant 018,Desserts,2025-10
495,7,87,2025-11-19,1,Expired,530.98,Menu Item 087,7,530.98,Restaurant 007,Sandwiches,2025-11
496,20,140,2025-11-27,8,Spoilage,1427.2,Menu Item 140,10,178.4,Restaurant 020,Salads,2025-11
497,2,2,2025-09-21,5,Expired,4111.5,Menu Item 002,2,822.3,Restaurant 002,Pizza,2025-09
498,4,64,2025-12-14,1,Overproduction,256.46,Menu Item 064,4,256.46,Restaurant 004,Rice,2025-12
499,10,110,2025-11-03,2,Preparation Error,438.54,Menu Item 110,10,219.27,Restaurant 010,Salads,2025-11
500,20,60,2025-09-12,3,Expired,993.48,Menu Item 060,10,331.16,Restaurant 020,Salads,2025-09
501,7,47,2025-10-26,3,Preparation Error,1594.68,Menu Item 047,7,531.56,Restaurant 007,Sandwiches,2025-10
502,14,94,2025-09-28,2,Unsold,549.82,Menu Item 094,4,274.91,Restaurant 014,Rice,2025-09
503,1,41,2025-02-16,1,Expired,254.51,Menu Item 041,1,254.51,Restaurant 001,Burgers,2025-02
504,15,95,2025-07-14,5,Damaged,3409.4,Menu Item 095,5,681.88,Restaurant 015,BBQ,2025-07
505,12,92,2025-02-04,5,Preparation Error,2321.85,Menu Item 092,2,464.37,Restaurant 012,Pizza,2025-02
506,14,14,2025-12-04,1,Expired,231.23,Menu Item 014,4,231.23,Restaurant 014,Rice,2025-12
507,8,148,2025-01-20,1,Expired,337.64,Menu Item 148,8,337.64,Restaurant 008,Desserts,2025-01
508,11,31,2025-08-16,3,Preparation Error,967.86,Menu Item 031,1,322.62,Restaurant 011,Burgers,2025-08
509,11,31,2025-02-04,2,Damaged,645.24,Menu Item 031,1,322.62,Restaurant 011,Burgers,2025-02
510,13,33,2025-09-21,3,Spoilage,1054.5,Menu Item 033,3,351.5,Restaurant 013,Biryani,2025-09
511,8,48,2025-12-13,1,Preparation Error,194.92,Menu Item 048,8,194.92,Restaurant 008,Desserts,2025-12
512,6,26,2025-01-10,1,Preparation Error,606.56,Menu Item 026,6,606.56,Restaurant 006,Pasta,2025-01
513,17,97,2025-01-10,1,Overproduction,454.04,Menu Item 097,7,454.04,Restaurant 017,Sandwiches,2025-01
514,4,84,2025-09-28,3,Overproduction,1052.19,Menu Item 084,4,350.73,Restaurant 004,Rice,2025-09
515,8,128,2025-03-05,5,Spoilage,1736.45,Menu Item 128,8,347.29,Restaurant 008,Desserts,2025-03
516,9,129,2025-02-16,3,Damaged,300.6,Menu Item 129,9,100.2,Restaurant 009,Beverages,2025-02
517,19,79,2025-11-10,2,Damaged,261.0,Menu Item 079,9,130.5,Restaurant 019,Beverages,2025-11
518,10,10,2025-09-15,3,Preparation Error,429.9,Menu Item 010,10,143.3,Restaurant 010,Salads,2025-09
519,1,41,2025-09-04,2,Unsold,509.02,Menu Item 041,1,254.51,Restaurant 001,Burgers,2025-09
520,13,33,2025-08-15,3,Spoilage,1054.5,Menu Item 033,3,351.5,Restaurant 013,Biryani,2025-08
521,5,5,2025-12-09,8,Overproduction,6081.68,Menu Item 005,5,760.21,Restaurant 005,BBQ,2025-12
522,13,13,2025-01-07,1,Unsold,389.28,Menu Item 013,3,389.28,Restaurant 013,Biryani,2025-01
523,5,145,2025-10-27,5,Damaged,2149.4,Menu Item 145,5,429.88,Restaurant 005,BBQ,2025-10
524,17,57,2025-03-17,1,Preparation Error,314.52,Menu Item 057,7,314.52,Restaurant 017,Sandwiches,2025-03
525,9,109,2025-09-27,3,Preparation Error,664.29,Menu Item 109,9,221.43,Restaurant 009,Beverages,2025-09
526,18,38,2025-08-23,1,Spoilage,376.32,Menu Item 038,8,376.32,Restaurant 018,Desserts,2025-08
527,18,18,2025-11-08,8,Expired,2675.12,Menu Item 018,8,334.39,Restaurant 018,Desserts,2025-11
528,3,43,2025-12-27,1,Overproduction,379.7,Menu Item 043,3,379.7,Restaurant 003,Biryani,2025-12
529,12,92,2025-05-15,1,Unsold,464.37,Menu Item 092,2,464.37,Restaurant 012,Pizza,2025-05
530,13,33,2025-03-07,8,Damaged,2812.0,Menu Item 033,3,351.5,Restaurant 013,Biryani,2025-03
531,17,57,2025-02-13,1,Overproduction,314.52,Menu Item 057,7,314.52,Restaurant 017,Sandwiches,2025-02
532,8,128,2025-11-20,5,Preparation Error,1736.45,Menu Item 128,8,347.29,Restaurant 008,Desserts,2025-11
533,4,44,2025-05-22,2,Spoilage,881.44,Menu Item 044,4,440.72,Restaurant 004,Rice,2025-05
534,6,146,2025-12-06,1,Spoilage,742.53,Menu Item 146,6,742.53,Restaurant 006,Pasta,2025-12
535,13,13,2025-09-07,1,Overproduction,389.28,Menu Item 013,3,389.28,Restaurant 013,Biryani,2025-09
536,9,49,2025-03-17,2,Damaged,508.56,Menu Item 049,9,254.28,Restaurant 009,Beverages,2025-03
537,6,86,2025-09-24,2,Expired,956.62,Menu Item 086,6,478.31,Restaurant 006,Pasta,2025-09
538,20,80,2025-04-23,1,Unsold,111.05,Menu Item 080,10,111.05,Restaurant 020,Salads,2025-04
539,7,107,2025-09-07,2,Spoilage,945.16,Menu Item 107,7,472.58,Restaurant 007,Sandwiches,2025-09
540,1,81,2025-06-23,3,Overproduction,1543.41,Menu Item 081,1,514.47,Restaurant 001,Burgers,2025-06
541,18,138,2025-10-16,1,Spoilage,154.6,Menu Item 138,8,154.6,Restaurant 018,Desserts,2025-10
542,10,90,2025-01-20,2,Spoilage,381.92,Menu Item 090,10,190.96,Restaurant 010,Salads,2025-01
543,13,113,2025-05-07,8,Damaged,1846.48,Menu Item 113,3,230.81,Restaurant 013,Biryani,2025-05
544,8,128,2025-03-21,1,Spoilage,347.29,Menu Item 128,8,347.29,Restaurant 008,Desserts,2025-03
545,1,81,2025-11-22,5,Unsold,2572.35,Menu Item 081,1,514.47,Restaurant 001,Burgers,2025-11
546,6,66,2025-08-12,2,Expired,837.56,Menu Item 066,6,418.78,Restaurant 006,Pasta,2025-08
547,8,48,2025-12-12,1,Unsold,194.92,Menu Item 048,8,194.92,Restaurant 008,Desserts,2025-12
548,11,31,2025-06-23,2,Unsold,645.24,Menu Item 031,1,322.62,Restaurant 011,Burgers,2025-06
549,8,68,2025-09-25,1,Damaged,114.06,Menu Item 068,8,114.06,Restaurant 008,Desserts,2025-09
550,1,61,2025-11-28,2,Expired,991.42,Menu Item 061,1,495.71,Restaurant 001,Burgers,2025-11
551,3,43,2025-06-03,3,Unsold,1139.1,Menu Item 043,3,379.7,Restaurant 003,Biryani,2025-06
552,4,4,2025-01-07,1,Overproduction,151.68,Menu Item 004,4,151.68,Restaurant 004,Rice,2025-01
553,9,149,2025-06-25,5,Damaged,1195.9,Menu Item 149,9,239.18,Restaurant 009,Beverages,2025-06
554,3,43,2025-11-04,2,Unsold,759.4,Menu Item 043,3,379.7,Restaurant 003,Biryani,2025-11
555,1,101,2025-01-22,2,Unsold,637.02,Menu Item 101,1,318.51,Restaurant 001,Burgers,2025-01
556,7,27,2025-07-07,10,Expired,3377.1,Menu Item 027,7,337.71,Restaurant 007,Sandwiches,2025-07
557,19,39,2025-09-16,2,Spoilage,177.48,Menu Item 039,9,88.74,Restaurant 019,Beverages,2025-09
558,8,128,2025-02-28,2,Spoilage,694.58,Menu Item 128,8,347.29,Restaurant 008,Desserts,2025-02
559,9,29,2025-07-22,2,Unsold,137.24,Menu Item 029,9,68.62,Restaurant 009,Beverages,2025-07
560,12,32,2025-03-27,2,Preparation Error,1476.6,Menu Item 032,2,738.3,Restaurant 012,Pizza,2025-03
561,13,113,2025-11-05,1,Spoilage,230.81,Menu Item 113,3,230.81,Restaurant 013,Biryani,2025-11
562,14,134,2025-11-21,2,Unsold,576.68,Menu Item 134,4,288.34,Restaurant 014,Rice,2025-11
563,1,101,2025-01-08,2,Damaged,637.02,Menu Item 101,1,318.51,Restaurant 001,Burgers,2025-01
564,6,26,2025-01-15,3,Unsold,1819.68,Menu Item 026,6,606.56,Restaurant 006,Pasta,2025-01
565,20,120,2025-12-26,1,Expired,227.83,Menu Item 120,10,227.83,Restaurant 020,Salads,2025-12
566,10,50,2025-05-12,2,Expired,316.2,Menu Item 050,10,158.1,Restaurant 010,Salads,2025-05
567,4,104,2025-10-03,2,Damaged,335.92,Menu Item 104,4,167.96,Restaurant 004,Rice,2025-10
568,18,38,2025-11-25,1,Spoilage,376.32,Menu Item 038,8,376.32,Restaurant 018,Desserts,2025-11
569,20,20,2025-09-24,3,Unsold,865.53,Menu Item 020,10,288.51,Restaurant 020,Salads,2025-09
570,2,2,2025-11-07,1,Damaged,822.3,Menu Item 002,2,822.3,Restaurant 002,Pizza,2025-11
571,7,7,2025-02-01,2,Damaged,955.14,Menu Item 007,7,477.57,Restaurant 007,Sandwiches,2025-02
572,13,113,2025-12-25,1,Unsold,230.81,Menu Item 113,3,230.81,Restaurant 013,Biryani,2025-12
573,1,141,2025-03-14,1,Unsold,252.11,Menu Item 141,1,252.11,Restaurant 001,Burgers,2025-03
574,16,96,2025-01-28,3,Preparation Error,1215.66,Menu Item 096,6,405.22,Restaurant 016,Pasta,2025-01
575,14,14,2025-03-05,1,Preparation Error,231.23,Menu Item 014,4,231.23,Restaurant 014,Rice,2025-03
576,12,12,2025-12-02,8,Overproduction,6264.8,Menu Item 012,2,783.1,Restaurant 012,Pizza,2025-12
577,19,19,2025-09-02,3,Expired,539.97,Menu Item 019,9,179.99,Restaurant 019,Beverages,2025-09
578,11,71,2025-03-21,2,Expired,929.96,Menu Item 071,1,464.98,Restaurant 011,Burgers,2025-03
579,20,40,2025-04-20,2,Spoilage,552.48,Menu Item 040,10,276.24,Restaurant 020,Salads,2025-04
580,5,5,2025-04-18,1,Preparation Error,760.21,Menu Item 005,5,760.21,Restaurant 005,BBQ,2025-04
581,13,93,2025-01-09,5,Spoilage,2768.05,Menu Item 093,3,553.61,Restaurant 013,Biryani,2025-01
582,18,118,2025-01-12,2,Damaged,618.0,Menu Item 118,8,309.0,Restaurant 018,Desserts,2025-01
583,11,71,2025-08-19,1,Damaged,464.98,Menu Item 071,1,464.98,Restaurant 011,Burgers,2025-08
584,19,39,2025-01-28,3,Overproduction,266.22,Menu Item 039,9,88.74,Restaurant 019,Beverages,2025-01
585,2,102,2025-06-15,1,Damaged,774.17,Menu Item 102,2,774.17,Restaurant 002,Pizza,2025-06
586,1,141,2025-08-09,3,Overproduction,756.33,Menu Item 141,1,252.11,Restaurant 001,Burgers,2025-08
587,17,77,2025-05-26,8,Damaged,4789.04,Menu Item 077,7,598.63,Restaurant 017,Sandwiches,2025-05
588,16,136,2025-01-24,2,Spoilage,864.74,Menu Item 136,6,432.37,Restaurant 016,Pasta,2025-01
589,12,72,2025-09-21,2,Unsold,551.56,Menu Item 072,2,275.78,Restaurant 012,Pizza,2025-09
590,2,2,2025-06-25,2,Preparation Error,1644.6,Menu Item 002,2,822.3,Restaurant 002,Pizza,2025-06
591,11,71,2025-07-23,1,Damaged,464.98,Menu Item 071,1,464.98,Restaurant 011,Burgers,2025-07
592,7,7,2025-12-04,3,Overproduction,1432.71,Menu Item 007,7,477.57,Restaurant 007,Sandwiches,2025-12
593,18,98,2025-05-14,1,Spoilage,373.65,Menu Item 098,8,373.65,Restaurant 018,Desserts,2025-05
594,19,99,2025-05-26,5,Unsold,558.7,Menu Item 099,9,111.74,Restaurant 019,Beverages,2025-05
595,12,132,2025-05-26,2,Preparation Error,1284.12,Menu Item 132,2,642.06,Restaurant 012,Pizza,2025-05
596,12,32,2025-08-26,2,Expired,1476.6,Menu Item 032,2,738.3,Restaurant 012,Pizza,2025-08
597,5,5,2025-08-11,1,Unsold,760.21,Menu Item 005,5,760.21,Restaurant 005,BBQ,2025-08
598,1,1,2025-10-24,2,Damaged,856.24,Menu Item 001,1,428.12,Restaurant 001,Burgers,2025-10
599,19,39,2025-02-14,1,Expired,88.74,Menu Item 039,9,88.74,Restaurant 019,Beverages,2025-02
600,4,104,2025-10-06,3,Spoilage,503.88,Menu Item 104,4,167.96,Restaurant 004,Rice,2025-10
601,13,133,2025-08-06,1,Expired,508.83,Menu Item 133,3,508.83,Restaurant 013,Biryani,2025-08
602,1,1,2025-05-21,1,Unsold,428.12,Menu Item 001,1,428.12,Restaurant 001,Burgers,2025-05
603,1,21,2025-12-08,1,Spoilage,322.28,Menu Item 021,1,322.28,Restaurant 001,Burgers,2025-12
604,6,66,2025-04-28,5,Expired,2093.9,Menu Item 066,6,418.78,Restaurant 006,Pasta,2025-04
605,11,131,2025-11-25,1,Overproduction,372.73,Menu Item 131,1,372.73,Restaurant 011,Burgers,2025-11
606,12,92,2025-09-08,1,Spoilage,464.37,Menu Item 092,2,464.37,Restaurant 012,Pizza,2025-09
607,3,63,2025-09-04,1,Spoilage,313.94,Menu Item 063,3,313.94,Restaurant 003,Biryani,2025-09
608,7,27,2025-09-17,1,Preparation Error,337.71,Menu Item 027,7,337.71,Restaurant 007,Sandwiches,2025-09
609,9,89,2025-07-23,1,Unsold,266.36,Menu Item 089,9,266.36,Restaurant 009,Beverages,2025-07
610,13,113,2025-10-17,5,Expired,1154.05,Menu Item 113,3,230.81,Restaurant 013,Biryani,2025-10
611,5,105,2025-04-19,5,Damaged,2982.7,Menu Item 105,5,596.54,Restaurant 005,BBQ,2025-04
612,5,145,2025-11-17,1,Damaged,429.88,Menu Item 145,5,429.88,Restaurant 005,BBQ,2025-11
613,10,70,2025-05-22,1,Damaged,207.25,Menu Item 070,10,207.25,Restaurant 010,Salads,2025-05
614,13,13,2025-03-05,1,Overproduction,389.28,Menu Item 013,3,389.28,Restaurant 013,Biryani,2025-03
615,13,93,2025-01-04,10,Expired,5536.1,Menu Item 093,3,553.61,Restaurant 013,Biryani,2025-01
616,3,23,2025-01-11,1,Overproduction,270.23,Menu Item 023,3,270.23,Restaurant 003,Biryani,2025-01
617,16,136,2025-09-09,1,Expired,432.37,Menu Item 136,6,432.37,Restaurant 016,Pasta,2025-09
618,1,1,2025-07-17,1,Preparation Error,428.12,Menu Item 001,1,428.12,Restaurant 001,Burgers,2025-07
619,1,141,2025-06-12,1,Spoilage,252.11,Menu Item 141,1,252.11,Restaurant 001,Burgers,2025-06
620,16,96,2025-04-09,10,Overproduction,4052.2,Menu Item 096,6,405.22,Restaurant 016,Pasta,2025-04
621,20,120,2025-05-09,3,Spoilage,683.49,Menu Item 120,10,227.83,Restaurant 020,Salads,2025-05
622,5,65,2025-06-21,1,Damaged,515.74,Menu Item 065,5,515.74,Restaurant 005,BBQ,2025-06
623,12,52,2025-04-22,2,Preparation Error,927.2,Menu Item 052,2,463.6,Restaurant 012,Pizza,2025-04
624,18,78,2025-12-02,2,Unsold,512.22,Menu Item 078,8,256.11,Restaurant 018,Desserts,2025-12
625,9,49,2025-06-13,1,Spoilage,254.28,Menu Item 049,9,254.28,Restaurant 009,Beverages,2025-06
626,9,109,2025-09-05,5,Preparation Error,1107.15,Menu Item 109,9,221.43,Restaurant 009,Beverages,2025-09
627,20,20,2025-03-27,5,Expired,1442.55,Menu Item 020,10,288.51,Restaurant 020,Salads,2025-03
628,16,96,2025-08-05,1,Unsold,405.22,Menu Item 096,6,405.22,Restaurant 016,Pasta,2025-08
629,20,120,2025-09-03,5,Preparation Error,1139.15,Menu Item 120,10,227.83,Restaurant 020,Salads,2025-09
630,3,83,2025-01-24,3,Damaged,709.05,Menu Item 083,3,236.35,Restaurant 003,Biryani,2025-01
631,4,4,2025-12-19,1,Spoilage,151.68,Menu Item 004,4,151.68,Restaurant 004,Rice,2025-12
632,19,19,2025-05-07,1,Overproduction,179.99,Menu Item 019,9,179.99,Restaurant 019,Beverages,2025-05
633,8,148,2025-12-18,1,Expired,337.64,Menu Item 148,8,337.64,Restaurant 008,Desserts,2025-12
634,17,37,2025-10-14,5,Expired,3448.85,Menu Item 037,7,689.77,Restaurant 017,Sandwiches,2025-10
635,2,102,2025-10-09,1,Damaged,774.17,Menu Item 102,2,774.17,Restaurant 002,Pizza,2025-10
636,17,17,2025-04-04,2,Unsold,584.68,Menu Item 017,7,292.34,Restaurant 017,Sandwiches,2025-04
637,4,84,2025-07-24,2,Overproduction,701.46,Menu Item 084,4,350.73,Restaurant 004,Rice,2025-07
638,16,36,2025-06-12,3,Spoilage,1352.7,Menu Item 036,6,450.9,Restaurant 016,Pasta,2025-06
639,9,129,2025-01-25,3,Overproduction,300.6,Menu Item 129,9,100.2,Restaurant 009,Beverages,2025-01
640,15,115,2025-03-03,3,Expired,2411.7,Menu Item 115,5,803.9,Restaurant 015,BBQ,2025-03
641,9,149,2025-03-20,5,Overproduction,1195.9,Menu Item 149,9,239.18,Restaurant 009,Beverages,2025-03
642,11,91,2025-12-27,1,Expired,370.79,Menu Item 091,1,370.79,Restaurant 011,Burgers,2025-12
643,15,15,2025-09-24,2,Preparation Error,993.94,Menu Item 015,5,496.97,Restaurant 015,BBQ,2025-09
644,5,105,2025-11-12,1,Unsold,596.54,Menu Item 105,5,596.54,Restaurant 005,BBQ,2025-11
645,5,145,2025-04-25,1,Spoilage,429.88,Menu Item 145,5,429.88,Restaurant 005,BBQ,2025-04
646,16,116,2025-08-08,3,Preparation Error,1539.84,Menu Item 116,6,513.28,Restaurant 016,Pasta,2025-08
647,2,142,2025-12-17,2,Overproduction,1838.7,Menu Item 142,2,919.35,Restaurant 002,Pizza,2025-12
648,5,45,2025-01-12,1,Overproduction,389.94,Menu Item 045,5,389.94,Restaurant 005,BBQ,2025-01
649,9,89,2025-05-15,1,Overproduction,266.36,Menu Item 089,9,266.36,Restaurant 009,Beverages,2025-05
650,2,22,2025-05-19,1,Preparation Error,323.47,Menu Item 022,2,323.47,Restaurant 002,Pizza,2025-05
651,20,120,2025-10-18,1,Preparation Error,227.83,Menu Item 120,10,227.83,Restaurant 020,Salads,2025-10
652,3,23,2025-12-01,2,Expired,540.46,Menu Item 023,3,270.23,Restaurant 003,Biryani,2025-12
653,6,106,2025-09-15,2,Spoilage,554.26,Menu Item 106,6,277.13,Restaurant 006,Pasta,2025-09
654,1,101,2025-02-10,8,Damaged,2548.08,Menu Item 101,1,318.51,Restaurant 001,Burgers,2025-02
655,3,143,2025-11-01,8,Overproduction,2840.0,Menu Item 143,3,355.0,Restaurant 003,Biryani,2025-11
656,19,39,2025-05-03,2,Unsold,177.48,Menu Item 039,9,88.74,Restaurant 019,Beverages,2025-05
657,7,67,2025-12-22,1,Spoilage,635.56,Menu Item 067,7,635.56,Restaurant 007,Sandwiches,2025-12
658,18,18,2025-05-18,2,Spoilage,668.78,Menu Item 018,8,334.39,Restaurant 018,Desserts,2025-05
659,9,149,2025-04-23,2,Preparation Error,478.36,Menu Item 149,9,239.18,Restaurant 009,Beverages,2025-04
660,6,146,2025-02-24,1,Overproduction,742.53,Menu Item 146,6,742.53,Restaurant 006,Pasta,2025-02
661,12,52,2025-12-13,5,Preparation Error,2318.0,Menu Item 052,2,463.6,Restaurant 012,Pizza,2025-12
662,7,27,2025-05-05,3,Unsold,1013.13,Menu Item 027,7,337.71,Restaurant 007,Sandwiches,2025-05
663,18,78,2025-02-26,1,Spoilage,256.11,Menu Item 078,8,256.11,Restaurant 018,Desserts,2025-02
664,4,24,2025-10-18,2,Expired,996.74,Menu Item 024,4,498.37,Restaurant 004,Rice,2025-10
665,3,23,2025-04-21,8,Expired,2161.84,Menu Item 023,3,270.23,Restaurant 003,Biryani,2025-04
666,11,51,2025-09-24,2,Overproduction,725.62,Menu Item 051,1,362.81,Restaurant 011,Burgers,2025-09
667,16,36,2025-03-06,5,Preparation Error,2254.5,Menu Item 036,6,450.9,Restaurant 016,Pasta,2025-03
668,18,118,2025-11-23,1,Expired,309.0,Menu Item 118,8,309.0,Restaurant 018,Desserts,2025-11
669,8,28,2025-09-23,1,Spoilage,378.16,Menu Item 028,8,378.16,Restaurant 008,Desserts,2025-09
670,8,48,2025-01-09,1,Damaged,194.92,Menu Item 048,8,194.92,Restaurant 008,Desserts,2025-01
671,19,59,2025-12-08,5,Unsold,949.35,Menu Item 059,9,189.87,Restaurant 019,Beverages,2025-12
672,1,121,2025-09-05,2,Spoilage,750.6,Menu Item 121,1,375.3,Restaurant 001,Burgers,2025-09
673,11,91,2025-02-10,2,Preparation Error,741.58,Menu Item 091,1,370.79,Restaurant 011,Burgers,2025-02
674,12,92,2025-12-16,2,Damaged,928.74,Menu Item 092,2,464.37,Restaurant 012,Pizza,2025-12
675,19,59,2025-10-25,1,Overproduction,189.87,Menu Item 059,9,189.87,Restaurant 019,Beverages,2025-10
676,20,140,2025-01-20,2,Expired,356.8,Menu Item 140,10,178.4,Restaurant 020,Salads,2025-01
677,14,14,2025-06-16,5,Unsold,1156.15,Menu Item 014,4,231.23,Restaurant 014,Rice,2025-06
678,8,8,2025-03-16,8,Damaged,2461.76,Menu Item 008,8,307.72,Restaurant 008,Desserts,2025-03
679,11,111,2025-06-11,3,Overproduction,978.57,Menu Item 111,1,326.19,Restaurant 011,Burgers,2025-06
680,18,118,2025-04-12,2,Unsold,618.0,Menu Item 118,8,309.0,Restaurant 018,Desserts,2025-04
681,9,69,2025-09-01,2,Expired,189.6,Menu Item 069,9,94.8,Restaurant 009,Beverages,2025-09
682,12,112,2025-11-14,2,Spoilage,1722.56,Menu Item 112,2,861.28,Restaurant 012,Pizza,2025-11
683,1,101,2025-08-15,1,Expired,318.51,Menu Item 101,1,318.51,Restaurant 001,Burgers,2025-08
684,9,29,2025-04-06,1,Overproduction,68.62,Menu Item 029,9,68.62,Restaurant 009,Beverages,2025-04
685,19,99,2025-03-06,2,Overproduction,223.48,Menu Item 099,9,111.74,Restaurant 019,Beverages,2025-03
686,20,140,2025-04-04,3,Spoilage,535.2,Menu Item 140,10,178.4,Restaurant 020,Salads,2025-04
687,13,33,2025-09-22,1,Overproduction,351.5,Menu Item 033,3,351.5,Restaurant 013,Biryani,2025-09
688,5,25,2025-10-23,2,Expired,2055.42,Menu Item 025,5,1027.71,Restaurant 005,BBQ,2025-10
689,11,131,2025-10-01,1,Unsold,372.73,Menu Item 131,1,372.73,Restaurant 011,Burgers,2025-10
690,9,69,2025-05-03,1,Unsold,94.8,Menu Item 069,9,94.8,Restaurant 009,Beverages,2025-05
691,9,69,2025-07-07,1,Spoilage,94.8,Menu Item 069,9,94.8,Restaurant 009,Beverages,2025-07
692,20,40,2025-10-23,2,Spoilage,552.48,Menu Item 040,10,276.24,Restaurant 020,Salads,2025-10
693,6,6,2025-02-06,2,Spoilage,604.3,Menu Item 006,6,302.15,Restaurant 006,Pasta,2025-02
694,2,142,2025-02-05,5,Overproduction,4596.75,Menu Item 142,2,919.35,Restaurant 002,Pizza,2025-02
695,17,57,2025-06-22,1,Preparation Error,314.52,Menu Item 057,7,314.52,Restaurant 017,Sandwiches,2025-06
696,10,10,2025-08-06,3,Unsold,429.9,Menu Item 010,10,143.3,Restaurant 010,Salads,2025-08
697,5,5,2025-11-23,2,Overproduction,1520.42,Menu Item 005,5,760.21,Restaurant 005,BBQ,2025-11
698,12,32,2025-12-20,1,Unsold,738.3,Menu Item 032,2,738.3,Restaurant 012,Pizza,2025-12
699,8,68,2025-05-06,3,Preparation Error,342.18,Menu Item 068,8,114.06,Restaurant 008,Desserts,2025-05
700,20,60,2025-10-27,2,Damaged,662.32,Menu Item 060,10,331.16,Restaurant 020,Salads,2025-10
701,18,38,2025-09-28,1,Expired,376.32,Menu Item 038,8,376.32,Restaurant 018,Desserts,2025-09
702,4,84,2025-01-07,2,Overproduction,701.46,Menu Item 084,4,350.73,Restaurant 004,Rice,2025-01
703,9,69,2025-02-13,1,Expired,94.8,Menu Item 069,9,94.8,Restaurant 009,Beverages,2025-02
704,20,120,2025-06-26,1,Overproduction,227.83,Menu Item 120,10,227.83,Restaurant 020,Salads,2025-06
705,16,56,2025-02-01,1,Damaged,390.6,Menu Item 056,6,390.6,Restaurant 016,Pasta,2025-02
706,4,124,2025-11-07,1,Preparation Error,149.57,Menu Item 124,4,149.57,Restaurant 004,Rice,2025-11
707,8,108,2025-08-26,2,Spoilage,830.16,Menu Item 108,8,415.08,Restaurant 008,Desserts,2025-08
708,11,51,2025-08-03,3,Preparation Error,1088.43,Menu Item 051,1,362.81,Restaurant 011,Burgers,2025-08
709,3,123,2025-09-24,2,Damaged,731.08,Menu Item 123,3,365.54,Restaurant 003,Biryani,2025-09
710,10,110,2025-07-07,1,Damaged,219.27,Menu Item 110,10,219.27,Restaurant 010,Salads,2025-07
711,8,108,2025-01-18,2,Preparation Error,830.16,Menu Item 108,8,415.08,Restaurant 008,Desserts,2025-01
712,2,102,2025-09-25,1,Unsold,774.17,Menu Item 102,2,774.17,Restaurant 002,Pizza,2025-09
713,19,59,2025-08-13,1,Spoilage,189.87,Menu Item 059,9,189.87,Restaurant 019,Beverages,2025-08
714,15,55,2025-03-05,1,Damaged,932.62,Menu Item 055,5,932.62,Restaurant 015,BBQ,2025-03
715,18,98,2025-08-28,1,Expired,373.65,Menu Item 098,8,373.65,Restaurant 018,Desserts,2025-08
716,9,89,2025-11-11,1,Damaged,266.36,Menu Item 089,9,266.36,Restaurant 009,Beverages,2025-11
717,2,102,2025-09-07,2,Overproduction,1548.34,Menu Item 102,2,774.17,Restaurant 002,Pizza,2025-09
718,6,126,2025-12-25,1,Expired,670.63,Menu Item 126,6,670.63,Restaurant 006,Pasta,2025-12
719,10,110,2025-08-22,3,Spoilage,657.81,Menu Item 110,10,219.27,Restaurant 010,Salads,2025-08
720,1,41,2025-10-18,3,Unsold,763.53,Menu Item 041,1,254.51,Restaurant 001,Burgers,2025-10
721,8,88,2025-06-23,2,Overproduction,451.26,Menu Item 088,8,225.63,Restaurant 008,Desserts,2025-06
722,15,95,2025-05-15,1,Expired,681.88,Menu Item 095,5,681.88,Restaurant 015,BBQ,2025-05
723,6,146,2025-10-26,2,Unsold,1485.06,Menu Item 146,6,742.53,Restaurant 006,Pasta,2025-10
724,12,132,2025-04-11,1,Overproduction,642.06,Menu Item 132,2,642.06,Restaurant 012,Pizza,2025-04
725,11,11,2025-02-25,1,Damaged,546.24,Menu Item 011,1,546.24,Restaurant 011,Burgers,2025-02
726,5,125,2025-02-27,1,Expired,1138.34,Menu Item 125,5,1138.34,Restaurant 005,BBQ,2025-02
727,14,74,2025-01-09,1,Preparation Error,155.9,Menu Item 074,4,155.9,Restaurant 014,Rice,2025-01
728,10,30,2025-02-01,1,Damaged,167.27,Menu Item 030,10,167.27,Restaurant 010,Salads,2025-02
729,15,15,2025-08-25,1,Overproduction,496.97,Menu Item 015,5,496.97,Restaurant 015,BBQ,2025-08
730,6,146,2025-12-07,1,Expired,742.53,Menu Item 146,6,742.53,Restaurant 006,Pasta,2025-12
731,2,82,2025-09-15,2,Preparation Error,1202.9,Menu Item 082,2,601.45,Restaurant 002,Pizza,2025-09
732,9,69,2025-03-26,5,Spoilage,474.0,Menu Item 069,9,94.8,Restaurant 009,Beverages,2025-03
733,15,55,2025-09-05,2,Spoilage,1865.24,Menu Item 055,5,932.62,Restaurant 015,BBQ,2025-09
734,8,48,2025-04-26,10,Damaged,1949.2,Menu Item 048,8,194.92,Restaurant 008,Desserts,2025-04
735,5,25,2025-02-19,3,Expired,3083.13,Menu Item 025,5,1027.71,Restaurant 005,BBQ,2025-02
736,19,19,2025-09-24,2,Expired,359.98,Menu Item 019,9,179.99,Restaurant 019,Beverages,2025-09
737,18,78,2025-09-21,1,Overproduction,256.11,Menu Item 078,8,256.11,Restaurant 018,Desserts,2025-09
738,18,138,2025-02-04,3,Overproduction,463.8,Menu Item 138,8,154.6,Restaurant 018,Desserts,2025-02
739,20,20,2025-06-25,8,Unsold,2308.08,Menu Item 020,10,288.51,Restaurant 020,Salads,2025-06
740,20,60,2025-12-20,2,Expired,662.32,Menu Item 060,10,331.16,Restaurant 020,Salads,2025-12
741,1,121,2025-03-12,3,Damaged,1125.9,Menu Item 121,1,375.3,Restaurant 001,Burgers,2025-03
742,4,64,2025-02-04,8,Damaged,2051.68,Menu Item 064,4,256.46,Restaurant 004,Rice,2025-02
743,8,28,2025-08-02,2,Expired,756.32,Menu Item 028,8,378.16,Restaurant 008,Desserts,2025-08
744,8,8,2025-09-11,5,Overproduction,1538.6,Menu Item 008,8,307.72,Restaurant 008,Desserts,2025-09
745,6,46,2025-09-27,1,Damaged,633.91,Menu Item 046,6,633.91,Restaurant 006,Pasta,2025-09
746,16,76,2025-01-13,1,Damaged,415.31,Menu Item 076,6,415.31,Restaurant 016,Pasta,2025-01
747,1,81,2025-07-19,2,Damaged,1028.94,Menu Item 081,1,514.47,Restaurant 001,Burgers,2025-07
748,13,53,2025-04-18,3,Damaged,895.59,Menu Item 053,3,298.53,Restaurant 013,Biryani,2025-04
749,4,64,2025-06-11,2,Preparation Error,512.92,Menu Item 064,4,256.46,Restaurant 004,Rice,2025-06
750,1,81,2025-03-07,1,Expired,514.47,Menu Item 081,1,514.47,Restaurant 001,Burgers,2025-03
751,5,85,2025-12-02,2,Expired,710.22,Menu Item 085,5,355.11,Restaurant 005,BBQ,2025-12
752,4,64,2025-11-15,2,Preparation Error,512.92,Menu Item 064,4,256.46,Restaurant 004,Rice,2025-11
753,3,3,2025-05-25,1,Expired,225.96,Menu Item 003,3,225.96,Restaurant 003,Biryani,2025-05
754,6,26,2025-06-13,5,Spoilage,3032.8,Menu Item 026,6,606.56,Restaurant 006,Pasta,2025-06
755,3,43,2025-03-07,5,Spoilage,1898.5,Menu Item 043,3,379.7,Restaurant 003,Biryani,2025-03
756,2,122,2025-09-11,2,Preparation Error,1656.7,Menu Item 122,2,828.35,Restaurant 002,Pizza,2025-09
757,8,68,2025-09-25,2,Preparation Error,228.12,Menu Item 068,8,114.06,Restaurant 008,Desserts,2025-09
758,20,20,2025-03-25,2,Spoilage,577.02,Menu Item 020,10,288.51,Restaurant 020,Salads,2025-03
759,11,51,2025-03-16,3,Expired,1088.43,Menu Item 051,1,362.81,Restaurant 011,Burgers,2025-03
760,13,33,2025-08-28,2,Damaged,703.0,Menu Item 033,3,351.5,Restaurant 013,Biryani,2025-08
761,20,40,2025-10-13,2,Unsold,552.48,Menu Item 040,10,276.24,Restaurant 020,Salads,2025-10
762,16,56,2025-02-26,3,Damaged,1171.8,Menu Item 056,6,390.6,Restaurant 016,Pasta,2025-02
763,1,81,2025-09-13,8,Damaged,4115.76,Menu Item 081,1,514.47,Restaurant 001,Burgers,2025-09
764,3,83,2025-01-21,1,Damaged,236.35,Menu Item 083,3,236.35,Restaurant 003,Biryani,2025-01
765,4,124,2025-07-05,1,Overproduction,149.57,Menu Item 124,4,149.57,Restaurant 004,Rice,2025-07
766,1,61,2025-12-03,1,Overproduction,495.71,Menu Item 061,1,495.71,Restaurant 001,Burgers,2025-12
767,16,76,2025-02-14,5,Overproduction,2076.55,Menu Item 076,6,415.31,Restaurant 016,Pasta,2025-02
768,10,150,2025-02-15,2,Unsold,754.68,Menu Item 150,10,377.34,Restaurant 010,Salads,2025-02
769,13,33,2025-05-28,2,Preparation Error,703.0,Menu Item 033,3,351.5,Restaurant 013,Biryani,2025-05
770,17,77,2025-12-06,2,Unsold,1197.26,Menu Item 077,7,598.63,Restaurant 017,Sandwiches,2025-12
771,17,57,2025-04-15,3,Overproduction,943.56,Menu Item 057,7,314.52,Restaurant 017,Sandwiches,2025-04
772,9,149,2025-11-02,5,Spoilage,1195.9,Menu Item 149,9,239.18,Restaurant 009,Beverages,2025-11
773,10,110,2025-05-17,2,Spoilage,438.54,Menu Item 110,10,219.27,Restaurant 010,Salads,2025-05
774,4,144,2025-10-27,1,Preparation Error,243.25,Menu Item 144,4,243.25,Restaurant 004,Rice,2025-10
775,15,115,2025-06-01,3,Preparation Error,2411.7,Menu Item 115,5,803.9,Restaurant 015,BBQ,2025-06
776,2,2,2025-12-16,2,Unsold,1644.6,Menu Item 002,2,822.3,Restaurant 002,Pizza,2025-12
777,3,3,2025-09-27,2,Damaged,451.92,Menu Item 003,3,225.96,Restaurant 003,Biryani,2025-09
778,6,26,2025-03-01,1,Damaged,606.56,Menu Item 026,6,606.56,Restaurant 006,Pasta,2025-03
779,1,61,2025-07-28,5,Overproduction,2478.55,Menu Item 061,1,495.71,Restaurant 001,Burgers,2025-07
780,14,114,2025-12-24,2,Spoilage,1089.78,Menu Item 114,4,544.89,Restaurant 014,Rice,2025-12
781,8,148,2025-07-12,5,Expired,1688.2,Menu Item 148,8,337.64,Restaurant 008,Desserts,2025-07
782,3,123,2025-06-18,1,Spoilage,365.54,Menu Item 123,3,365.54,Restaurant 003,Biryani,2025-06
783,9,149,2025-02-11,1,Overproduction,239.18,Menu Item 149,9,239.18,Restaurant 009,Beverages,2025-02
784,5,65,2025-09-01,2,Overproduction,1031.48,Menu Item 065,5,515.74,Restaurant 005,BBQ,2025-09
785,15,55,2025-04-22,2,Expired,1865.24,Menu Item 055,5,932.62,Restaurant 015,BBQ,2025-04
786,9,9,2025-12-17,2,Expired,280.7,Menu Item 009,9,140.35,Restaurant 009,Beverages,2025-12
787,1,21,2025-09-23,1,Unsold,322.28,Menu Item 021,1,322.28,Restaurant 001,Burgers,2025-09
788,14,114,2025-03-24,1,Spoilage,544.89,Menu Item 114,4,544.89,Restaurant 014,Rice,2025-03
789,1,41,2025-03-10,1,Spoilage,254.51,Menu Item 041,1,254.51,Restaurant 001,Burgers,2025-03
790,7,27,2025-03-16,2,Overproduction,675.42,Menu Item 027,7,337.71,Restaurant 007,Sandwiches,2025-03
791,8,48,2025-12-22,3,Overproduction,584.76,Menu Item 048,8,194.92,Restaurant 008,Desserts,2025-12
792,7,87,2025-08-27,2,Spoilage,1061.96,Menu Item 087,7,530.98,Restaurant 007,Sandwiches,2025-08
793,9,129,2025-07-07,2,Preparation Error,200.4,Menu Item 129,9,100.2,Restaurant 009,Beverages,2025-07
794,14,54,2025-03-05,8,Spoilage,1457.44,Menu Item 054,4,182.18,Restaurant 014,Rice,2025-03
795,19,19,2025-07-04,1,Expired,179.99,Menu Item 019,9,179.99,Restaurant 019,Beverages,2025-07
796,14,14,2025-08-24,1,Overproduction,231.23,Menu Item 014,4,231.23,Restaurant 014,Rice,2025-08
797,16,116,2025-10-22,1,Expired,513.28,Menu Item 116,6,513.28,Restaurant 016,Pasta,2025-10
798,1,81,2025-01-13,3,Spoilage,1543.41,Menu Item 081,1,514.47,Restaurant 001,Burgers,2025-01
799,5,5,2025-11-10,10,Preparation Error,7602.1,Menu Item 005,5,760.21,Restaurant 005,BBQ,2025-11
800,18,138,2025-01-13,3,Spoilage,463.8,Menu Item 138,8,154.6,Restaurant 018,Desserts,2025-01
801,8,108,2025-12-13,2,Expired,830.16,Menu Item 108,8,415.08,Restaurant 008,Desserts,2025-12
802,7,87,2025-06-07,2,Overproduction,1061.96,Menu Item 087,7,530.98,Restaurant 007,Sandwiches,2025-06
803,18,118,2025-06-27,2,Unsold,618.0,Menu Item 118,8,309.0,Restaurant 018,Desserts,2025-06
804,18,58,2025-11-13,3,Damaged,1080.75,Menu Item 058,8,360.25,Restaurant 018,Desserts,2025-11
805,18,38,2025-05-11,1,Preparation Error,376.32,Menu Item 038,8,376.32,Restaurant 018,Desserts,2025-05
806,9,149,2025-04-15,2,Spoilage,478.36,Menu Item 149,9,239.18,Restaurant 009,Beverages,2025-04
807,1,81,2025-01-06,5,Damaged,2572.35,Menu Item 081,1,514.47,Restaurant 001,Burgers,2025-01
808,11,131,2025-12-06,5,Expired,1863.65,Menu Item 131,1,372.73,Restaurant 011,Burgers,2025-12
809,18,78,2025-03-02,1,Unsold,256.11,Menu Item 078,8,256.11,Restaurant 018,Desserts,2025-03
810,19,59,2025-05-20,2,Preparation Error,379.74,Menu Item 059,9,189.87,Restaurant 019,Beverages,2025-05
811,1,1,2025-11-05,1,Damaged,428.12,Menu Item 001,1,428.12,Restaurant 001,Burgers,2025-11
812,20,20,2025-03-22,1,Damaged,288.51,Menu Item 020,10,288.51,Restaurant 020,Salads,2025-03
813,9,49,2025-11-12,1,Preparation Error,254.28,Menu Item 049,9,254.28,Restaurant 009,Beverages,2025-11
814,18,98,2025-05-03,2,Preparation Error,747.3,Menu Item 098,8,373.65,Restaurant 018,Desserts,2025-05
815,15,15,2025-01-07,2,Overproduction,993.94,Menu Item 015,5,496.97,Restaurant 015,BBQ,2025-01
816,9,149,2025-10-19,1,Overproduction,239.18,Menu Item 149,9,239.18,Restaurant 009,Beverages,2025-10
817,4,104,2025-02-09,2,Unsold,335.92,Menu Item 104,4,167.96,Restaurant 004,Rice,2025-02
818,18,38,2025-09-22,1,Expired,376.32,Menu Item 038,8,376.32,Restaurant 018,Desserts,2025-09
819,6,146,2025-08-22,8,Unsold,5940.24,Menu Item 146,6,742.53,Restaurant 006,Pasta,2025-08
820,15,75,2025-04-03,1,Overproduction,422.0,Menu Item 075,5,422.0,Restaurant 015,BBQ,2025-04
821,1,101,2025-03-01,1,Unsold,318.51,Menu Item 101,1,318.51,Restaurant 001,Burgers,2025-03
822,13,73,2025-10-28,2,Preparation Error,463.5,Menu Item 073,3,231.75,Restaurant 013,Biryani,2025-10
823,16,96,2025-11-16,1,Expired,405.22,Menu Item 096,6,405.22,Restaurant 016,Pasta,2025-11
824,10,110,2025-01-08,2,Preparation Error,438.54,Menu Item 110,10,219.27,Restaurant 010,Salads,2025-01
825,10,110,2025-12-21,1,Damaged,219.27,Menu Item 110,10,219.27,Restaurant 010,Salads,2025-12
826,2,122,2025-08-03,2,Overproduction,1656.7,Menu Item 122,2,828.35,Restaurant 002,Pizza,2025-08
827,13,73,2025-02-09,2,Spoilage,463.5,Menu Item 073,3,231.75,Restaurant 013,Biryani,2025-02
828,19,19,2025-03-13,3,Damaged,539.97,Menu Item 019,9,179.99,Restaurant 019,Beverages,2025-03
829,2,62,2025-07-15,1,Expired,509.77,Menu Item 062,2,509.77,Restaurant 002,Pizza,2025-07
830,17,37,2025-08-18,2,Preparation Error,1379.54,Menu Item 037,7,689.77,Restaurant 017,Sandwiches,2025-08
831,13,53,2025-09-21,1,Expired,298.53,Menu Item 053,3,298.53,Restaurant 013,Biryani,2025-09
832,1,101,2025-10-20,2,Expired,637.02,Menu Item 101,1,318.51,Restaurant 001,Burgers,2025-10
833,2,142,2025-12-20,1,Preparation Error,919.35,Menu Item 142,2,919.35,Restaurant 002,Pizza,2025-12
834,15,75,2025-06-08,3,Spoilage,1266.0,Menu Item 075,5,422.0,Restaurant 015,BBQ,2025-06
835,4,84,2025-06-11,1,Expired,350.73,Menu Item 084,4,350.73,Restaurant 004,Rice,2025-06
836,6,126,2025-03-12,3,Damaged,2011.89,Menu Item 126,6,670.63,Restaurant 006,Pasta,2025-03
837,1,81,2025-04-22,1,Preparation Error,514.47,Menu Item 081,1,514.47,Restaurant 001,Burgers,2025-04
838,4,144,2025-08-18,2,Spoilage,486.5,Menu Item 144,4,243.25,Restaurant 004,Rice,2025-08
839,16,76,2025-06-18,1,Expired,415.31,Menu Item 076,6,415.31,Restaurant 016,Pasta,2025-06
840,1,21,2025-09-11,1,Unsold,322.28,Menu Item 021,1,322.28,Restaurant 001,Burgers,2025-09
841,19,39,2025-01-25,1,Expired,88.74,Menu Item 039,9,88.74,Restaurant 019,Beverages,2025-01
842,2,62,2025-02-12,2,Damaged,1019.54,Menu Item 062,2,509.77,Restaurant 002,Pizza,2025-02
843,8,88,2025-06-27,3,Preparation Error,676.89,Menu Item 088,8,225.63,Restaurant 008,Desserts,2025-06
844,9,49,2025-04-02,1,Damaged,254.28,Menu Item 049,9,254.28,Restaurant 009,Beverages,2025-04
845,1,61,2025-02-20,1,Expired,495.71,Menu Item 061,1,495.71,Restaurant 001,Burgers,2025-02
846,7,67,2025-07-09,2,Unsold,1271.12,Menu Item 067,7,635.56,Restaurant 007,Sandwiches,2025-07
847,4,24,2025-04-16,2,Spoilage,996.74,Menu Item 024,4,498.37,Restaurant 004,Rice,2025-04
848,12,112,2025-10-14,3,Spoilage,2583.84,Menu Item 112,2,861.28,Restaurant 012,Pizza,2025-10
849,8,68,2025-09-25,1,Preparation Error,114.06,Menu Item 068,8,114.06,Restaurant 008,Desserts,2025-09
850,15,115,2025-09-13,3,Preparation Error,2411.7,Menu Item 115,5,803.9,Restaurant 015,BBQ,2025-09
851,3,3,2025-09-23,8,Expired,1807.68,Menu Item 003,3,225.96,Restaurant 003,Biryani,2025-09
852,19,59,2025-09-23,8,Overproduction,1518.96,Menu Item 059,9,189.87,Restaurant 019,Beverages,2025-09
853,8,8,2025-05-14,1,Spoilage,307.72,Menu Item 008,8,307.72,Restaurant 008,Desserts,2025-05
854,16,56,2025-10-07,1,Spoilage,390.6,Menu Item 056,6,390.6,Restaurant 016,Pasta,2025-10
855,5,125,2025-10-24,1,Overproduction,1138.34,Menu Item 125,5,1138.34,Restaurant 005,BBQ,2025-10
856,8,108,2025-02-12,1,Spoilage,415.08,Menu Item 108,8,415.08,Restaurant 008,Desserts,2025-02
857,13,93,2025-01-26,3,Preparation Error,1660.83,Menu Item 093,3,553.61,Restaurant 013,Biryani,2025-01
858,5,85,2025-08-02,8,Damaged,2840.88,Menu Item 085,5,355.11,Restaurant 005,BBQ,2025-08
859,4,4,2025-04-26,3,Expired,455.04,Menu Item 004,4,151.68,Restaurant 004,Rice,2025-04
860,19,119,2025-12-18,2,Spoilage,209.28,Menu Item 119,9,104.64,Restaurant 019,Beverages,2025-12
861,10,90,2025-06-23,1,Overproduction,190.96,Menu Item 090,10,190.96,Restaurant 010,Salads,2025-06
862,7,147,2025-05-03,1,Unsold,224.8,Menu Item 147,7,224.8,Restaurant 007,Sandwiches,2025-05
863,20,20,2025-01-19,3,Unsold,865.53,Menu Item 020,10,288.51,Restaurant 020,Salads,2025-01
864,11,131,2025-08-25,5,Overproduction,1863.65,Menu Item 131,1,372.73,Restaurant 011,Burgers,2025-08
865,9,149,2025-07-17,1,Overproduction,239.18,Menu Item 149,9,239.18,Restaurant 009,Beverages,2025-07
866,7,127,2025-05-16,1,Overproduction,334.08,Menu Item 127,7,334.08,Restaurant 007,Sandwiches,2025-05
867,12,132,2025-04-28,2,Overproduction,1284.12,Menu Item 132,2,642.06,Restaurant 012,Pizza,2025-04
868,10,130,2025-05-23,1,Unsold,292.14,Menu Item 130,10,292.14,Restaurant 010,Salads,2025-05
869,13,13,2025-07-28,5,Expired,1946.4,Menu Item 013,3,389.28,Restaurant 013,Biryani,2025-07
870,11,131,2025-05-26,1,Overproduction,372.73,Menu Item 131,1,372.73,Restaurant 011,Burgers,2025-05
871,8,8,2025-09-25,5,Damaged,1538.6,Menu Item 008,8,307.72,Restaurant 008,Desserts,2025-09
872,1,101,2025-11-08,1,Expired,318.51,Menu Item 101,1,318.51,Restaurant 001,Burgers,2025-11
873,16,16,2025-10-18,2,Spoilage,676.68,Menu Item 016,6,338.34,Restaurant 016,Pasta,2025-10
874,6,86,2025-10-09,1,Expired,478.31,Menu Item 086,6,478.31,Restaurant 006,Pasta,2025-10
875,20,60,2025-05-05,2,Spoilage,662.32,Menu Item 060,10,331.16,Restaurant 020,Salads,2025-05
876,7,7,2025-08-05,8,Unsold,3820.56,Menu Item 007,7,477.57,Restaurant 007,Sandwiches,2025-08
877,16,56,2025-02-19,2,Expired,781.2,Menu Item 056,6,390.6,Restaurant 016,Pasta,2025-02
878,18,118,2025-07-01,1,Damaged,309.0,Menu Item 118,8,309.0,Restaurant 018,Desserts,2025-07
879,11,91,2025-09-15,2,Unsold,741.58,Menu Item 091,1,370.79,Restaurant 011,Burgers,2025-09
880,3,123,2025-09-12,2,Damaged,731.08,Menu Item 123,3,365.54,Restaurant 003,Biryani,2025-09
881,20,80,2025-06-17,3,Damaged,333.15,Menu Item 080,10,111.05,Restaurant 020,Salads,2025-06
882,12,112,2025-08-28,5,Overproduction,4306.4,Menu Item 112,2,861.28,Restaurant 012,Pizza,2025-08
883,14,54,2025-06-15,1,Damaged,182.18,Menu Item 054,4,182.18,Restaurant 014,Rice,2025-06
884,5,45,2025-02-17,1,Spoilage,389.94,Menu Item 045,5,389.94,Restaurant 005,BBQ,2025-02
885,18,98,2025-03-03,2,Expired,747.3,Menu Item 098,8,373.65,Restaurant 018,Desserts,2025-03
886,8,8,2025-10-03,2,Unsold,615.44,Menu Item 008,8,307.72,Restaurant 008,Desserts,2025-10
887,15,135,2025-02-12,1,Damaged,300.49,Menu Item 135,5,300.49,Restaurant 015,BBQ,2025-02
888,12,32,2025-07-03,1,Expired,738.3,Menu Item 032,2,738.3,Restaurant 012,Pizza,2025-07
889,8,68,2025-04-05,2,Unsold,228.12,Menu Item 068,8,114.06,Restaurant 008,Desserts,2025-04
890,19,79,2025-01-11,1,Expired,130.5,Menu Item 079,9,130.5,Restaurant 019,Beverages,2025-01
891,3,103,2025-05-09,2,Spoilage,980.98,Menu Item 103,3,490.49,Restaurant 003,Biryani,2025-05
892,7,47,2025-10-16,2,Expired,1063.12,Menu Item 047,7,531.56,Restaurant 007,Sandwiches,2025-10
893,17,117,2025-08-04,1,Preparation Error,429.73,Menu Item 117,7,429.73,Restaurant 017,Sandwiches,2025-08
894,7,7,2025-10-06,1,Expired,477.57,Menu Item 007,7,477.57,Restaurant 007,Sandwiches,2025-10
895,11,111,2025-12-11,2,Unsold,652.38,Menu Item 111,1,326.19,Restaurant 011,Burgers,2025-12
896,9,89,2025-01-05,3,Overproduction,799.08,Menu Item 089,9,266.36,Restaurant 009,Beverages,2025-01
897,14,114,2025-05-01,2,Unsold,1089.78,Menu Item 114,4,544.89,Restaurant 014,Rice,2025-05
898,20,120,2025-09-12,3,Overproduction,683.49,Menu Item 120,10,227.83,Restaurant 020,Salads,2025-09
899,17,77,2025-05-17,1,Spoilage,598.63,Menu Item 077,7,598.63,Restaurant 017,Sandwiches,2025-05
900,2,142,2025-01-03,5,Expired,4596.75,Menu Item 142,2,919.35,Restaurant 002,Pizza,2025-01
901,12,12,2025-07-22,3,Expired,2349.3,Menu Item 012,2,783.1,Restaurant 012,Pizza,2025-07
902,8,68,2025-07-12,5,Expired,570.3,Menu Item 068,8,114.06,Restaurant 008,Desserts,2025-07
903,1,101,2025-09-17,2,Expired,637.02,Menu Item 101,1,318.51,Restaurant 001,Burgers,2025-09
904,4,4,2025-06-12,3,Unsold,455.04,Menu Item 004,4,151.68,Restaurant 004,Rice,2025-06
905,6,126,2025-01-25,1,Spoilage,670.63,Menu Item 126,6,670.63,Restaurant 006,Pasta,2025-01
906,16,16,2025-09-25,2,Unsold,676.68,Menu Item 016,6,338.34,Restaurant 016,Pasta,2025-09
907,10,150,2025-04-23,8,Unsold,3018.72,Menu Item 150,10,377.34,Restaurant 010,Salads,2025-04
908,18,78,2025-04-23,1,Unsold,256.11,Menu Item 078,8,256.11,Restaurant 018,Desserts,2025-04
909,6,26,2025-02-23,2,Overproduction,1213.12,Menu Item 026,6,606.56,Restaurant 006,Pasta,2025-02
910,20,140,2025-12-05,3,Preparation Error,535.2,Menu Item 140,10,178.4,Restaurant 020,Salads,2025-12
911,15,75,2025-11-18,2,Overproduction,844.0,Menu Item 075,5,422.0,Restaurant 015,BBQ,2025-11
912,5,65,2025-04-17,1,Preparation Error,515.74,Menu Item 065,5,515.74,Restaurant 005,BBQ,2025-04
913,2,42,2025-05-28,2,Unsold,935.42,Menu Item 042,2,467.71,Restaurant 002,Pizza,2025-05
914,15,15,2025-06-28,2,Preparation Error,993.94,Menu Item 015,5,496.97,Restaurant 015,BBQ,2025-06
915,6,146,2025-10-25,1,Preparation Error,742.53,Menu Item 146,6,742.53,Restaurant 006,Pasta,2025-10
916,12,52,2025-02-18,1,Overproduction,463.6,Menu Item 052,2,463.6,Restaurant 012,Pizza,2025-02
917,4,84,2025-11-17,2,Expired,701.46,Menu Item 084,4,350.73,Restaurant 004,Rice,2025-11
918,6,26,2025-05-15,3,Damaged,1819.68,Menu Item 026,6,606.56,Restaurant 006,Pasta,2025-05
919,4,64,2025-01-14,3,Overproduction,769.38,Menu Item 064,4,256.46,Restaurant 004,Rice,2025-01
920,10,110,2025-06-24,2,Unsold,438.54,Menu Item 110,10,219.27,Restaurant 010,Salads,2025-06
921,12,92,2025-04-19,3,Unsold,1393.11,Menu Item 092,2,464.37,Restaurant 012,Pizza,2025-04
922,9,29,2025-10-16,1,Damaged,68.62,Menu Item 029,9,68.62,Restaurant 009,Beverages,2025-10
923,10,50,2025-03-11,2,Spoilage,316.2,Menu Item 050,10,158.1,Restaurant 010,Salads,2025-03
924,3,3,2025-07-11,3,Overproduction,677.88,Menu Item 003,3,225.96,Restaurant 003,Biryani,2025-07
925,20,120,2025-09-26,3,Unsold,683.49,Menu Item 120,10,227.83,Restaurant 020,Salads,2025-09
926,9,129,2025-03-04,1,Damaged,100.2,Menu Item 129,9,100.2,Restaurant 009,Beverages,2025-03
927,7,127,2025-06-15,3,Spoilage,1002.24,Menu Item 127,7,334.08,Restaurant 007,Sandwiches,2025-06
928,12,32,2025-09-04,8,Preparation Error,5906.4,Menu Item 032,2,738.3,Restaurant 012,Pizza,2025-09
929,14,34,2025-06-28,5,Spoilage,2321.6,Menu Item 034,4,464.32,Restaurant 014,Rice,2025-06
930,18,118,2025-09-20,3,Expired,927.0,Menu Item 118,8,309.0,Restaurant 018,Desserts,2025-09
931,19,59,2025-10-04,2,Spoilage,379.74,Menu Item 059,9,189.87,Restaurant 019,Beverages,2025-10
932,11,51,2025-02-02,5,Expired,1814.05,Menu Item 051,1,362.81,Restaurant 011,Burgers,2025-02
933,15,115,2025-08-07,1,Damaged,803.9,Menu Item 115,5,803.9,Restaurant 015,BBQ,2025-08
934,17,37,2025-07-07,8,Damaged,5518.16,Menu Item 037,7,689.77,Restaurant 017,Sandwiches,2025-07
935,17,37,2025-09-16,1,Spoilage,689.77,Menu Item 037,7,689.77,Restaurant 017,Sandwiches,2025-09
936,19,79,2025-12-17,5,Expired,652.5,Menu Item 079,9,130.5,Restaurant 019,Beverages,2025-12
937,1,121,2025-12-01,1,Unsold,375.3,Menu Item 121,1,375.3,Restaurant 001,Burgers,2025-12
938,11,71,2025-08-13,2,Unsold,929.96,Menu Item 071,1,464.98,Restaurant 011,Burgers,2025-08
939,15,115,2025-08-06,1,Damaged,803.9,Menu Item 115,5,803.9,Restaurant 015,BBQ,2025-08
940,1,141,2025-06-01,5,Expired,1260.55,Menu Item 141,1,252.11,Restaurant 001,Burgers,2025-06
941,11,51,2025-11-13,1,Preparation Error,362.81,Menu Item 051,1,362.81,Restaurant 011,Burgers,2025-11
942,9,129,2025-07-19,1,Overproduction,100.2,Menu Item 129,9,100.2,Restaurant 009,Beverages,2025-07
943,1,141,2025-06-06,1,Unsold,252.11,Menu Item 141,1,252.11,Restaurant 001,Burgers,2025-06
944,9,49,2025-11-14,5,Unsold,1271.4,Menu Item 049,9,254.28,Restaurant 009,Beverages,2025-11
945,5,125,2025-11-16,1,Overproduction,1138.34,Menu Item 125,5,1138.34,Restaurant 005,BBQ,2025-11
946,14,74,2025-08-21,3,Expired,467.7,Menu Item 074,4,155.9,Restaurant 014,Rice,2025-08
947,12,52,2025-03-20,5,Damaged,2318.0,Menu Item 052,2,463.6,Restaurant 012,Pizza,2025-03
948,12,92,2025-10-12,2,Damaged,928.74,Menu Item 092,2,464.37,Restaurant 012,Pizza,2025-10
949,1,1,2025-07-03,1,Expired,428.12,Menu Item 001,1,428.12,Restaurant 001,Burgers,2025-07
950,7,87,2025-08-22,2,Preparation Error,1061.96,Menu Item 087,7,530.98,Restaurant 007,Sandwiches,2025-08
951,6,146,2025-04-09,3,Damaged,2227.59,Menu Item 146,6,742.53,Restaurant 006,Pasta,2025-04
952,2,82,2025-06-23,2,Expired,1202.9,Menu Item 082,2,601.45,Restaurant 002,Pizza,2025-06
953,1,81,2025-01-18,1,Preparation Error,514.47,Menu Item 081,1,514.47,Restaurant 001,Burgers,2025-01
954,19,139,2025-07-02,8,Unsold,1020.32,Menu Item 139,9,127.54,Restaurant 019,Beverages,2025-07
955,14,54,2025-12-28,10,Preparation Error,1821.8,Menu Item 054,4,182.18,Restaurant 014,Rice,2025-12
956,3,3,2025-12-20,5,Unsold,1129.8,Menu Item 003,3,225.96,Restaurant 003,Biryani,2025-12
957,19,99,2025-12-18,3,Unsold,335.22,Menu Item 099,9,111.74,Restaurant 019,Beverages,2025-12
958,8,8,2025-05-01,2,Overproduction,615.44,Menu Item 008,8,307.72,Restaurant 008,Desserts,2025-05
959,16,56,2025-05-22,3,Unsold,1171.8,Menu Item 056,6,390.6,Restaurant 016,Pasta,2025-05
960,16,16,2025-09-06,5,Damaged,1691.7,Menu Item 016,6,338.34,Restaurant 016,Pasta,2025-09
961,1,41,2025-10-24,1,Unsold,254.51,Menu Item 041,1,254.51,Restaurant 001,Burgers,2025-10
962,10,10,2025-03-13,1,Expired,143.3,Menu Item 010,10,143.3,Restaurant 010,Salads,2025-03
963,19,19,2025-03-20,5,Spoilage,899.95,Menu Item 019,9,179.99,Restaurant 019,Beverages,2025-03
964,3,123,2025-06-14,8,Unsold,2924.32,Menu Item 123,3,365.54,Restaurant 003,Biryani,2025-06
965,5,65,2025-05-26,1,Spoilage,515.74,Menu Item 065,5,515.74,Restaurant 005,BBQ,2025-05
966,17,97,2025-01-04,5,Unsold,2270.2,Menu Item 097,7,454.04,Restaurant 017,Sandwiches,2025-01
967,14,34,2025-09-18,1,Preparation Error,464.32,Menu Item 034,4,464.32,Restaurant 014,Rice,2025-09
968,10,130,2025-10-03,2,Spoilage,584.28,Menu Item 130,10,292.14,Restaurant 010,Salads,2025-10
969,11,111,2025-02-16,3,Unsold,978.57,Menu Item 111,1,326.19,Restaurant 011,Burgers,2025-02
970,10,30,2025-05-11,1,Expired,167.27,Menu Item 030,10,167.27,Restaurant 010,Salads,2025-05
971,5,145,2025-06-19,2,Expired,859.76,Menu Item 145,5,429.88,Restaurant 005,BBQ,2025-06
972,3,3,2025-02-07,3,Spoilage,677.88,Menu Item 003,3,225.96,Restaurant 003,Biryani,2025-02
973,15,115,2025-02-27,2,Damaged,1607.8,Menu Item 115,5,803.9,Restaurant 015,BBQ,2025-02
974,13,93,2025-03-03,1,Overproduction,553.61,Menu Item 093,3,553.61,Restaurant 013,Biryani,2025-03
975,8,8,2025-10-19,1,Expired,307.72,Menu Item 008,8,307.72,Restaurant 008,Desserts,2025-10
976,4,144,2025-01-03,3,Expired,729.75,Menu Item 144,4,243.25,Restaurant 004,Rice,2025-01
977,12,72,2025-05-19,2,Damaged,551.56,Menu Item 072,2,275.78,Restaurant 012,Pizza,2025-05
978,6,86,2025-03-15,5,Damaged,2391.55,Menu Item 086,6,478.31,Restaurant 006,Pasta,2025-03
979,1,41,2025-06-23,2,Unsold,509.02,Menu Item 041,1,254.51,Restaurant 001,Burgers,2025-06
980,6,46,2025-05-07,1,Overproduction,633.91,Menu Item 046,6,633.91,Restaurant 006,Pasta,2025-05
981,10,10,2025-04-14,3,Preparation Error,429.9,Menu Item 010,10,143.3,Restaurant 010,Salads,2025-04
982,4,4,2025-09-17,2,Preparation Error,303.36,Menu Item 004,4,151.68,Restaurant 004,Rice,2025-09
983,2,22,2025-09-06,2,Preparation Error,646.94,Menu Item 022,2,323.47,Restaurant 002,Pizza,2025-09
984,9,9,2025-11-27,2,Damaged,280.7,Menu Item 009,9,140.35,Restaurant 009,Beverages,2025-11
985,6,126,2025-09-15,5,Unsold,3353.15,Menu Item 126,6,670.63,Restaurant 006,Pasta,2025-09
986,11,11,2025-05-10,2,Preparation Error,1092.48,Menu Item 011,1,546.24,Restaurant 011,Burgers,2025-05
987,13,33,2025-12-06,1,Expired,351.5,Menu Item 033,3,351.5,Restaurant 013,Biryani,2025-12
988,14,54,2025-11-19,1,Unsold,182.18,Menu Item 054,4,182.18,Restaurant 014,Rice,2025-11
989,10,150,2025-03-18,3,Overproduction,1132.02,Menu Item 150,10,377.34,Restaurant 010,Salads,2025-03
990,8,88,2025-04-12,8,Expired,1805.04,Menu Item 088,8,225.63,Restaurant 008,Desserts,2025-04
991,15,35,2025-09-16,8,Unsold,3496.48,Menu Item 035,5,437.06,Restaurant 015,BBQ,2025-09
992,7,127,2025-04-04,2,Expired,668.16,Menu Item 127,7,334.08,Restaurant 007,Sandwiches,2025-04
993,19,19,2025-08-11,1,Spoilage,179.99,Menu Item 019,9,179.99,Restaurant 019,Beverages,2025-08
994,13,33,2025-05-02,5,Damaged,1757.5,Menu Item 033,3,351.5,Restaurant 013,Biryani,2025-05
995,4,84,2025-03-28,1,Spoilage,350.73,Menu Item 084,4,350.73,Restaurant 004,Rice,2025-03
996,12,52,2025-08-17,2,Expired,927.2,Menu Item 052,2,463.6,Restaurant 012,Pizza,2025-08
997,5,25,2025-07-03,2,Damaged,2055.42,Menu Item 025,5,1027.71,Restaurant 005,BBQ,2025-07
998,13,113,2025-02-14,5,Unsold,1154.05,Menu Item 113,3,230.81,Restaurant 013,Biryani,2025-02
999,4,24,2025-11-19,5,Overproduction,2491.85,Menu Item 024,4,498.37,Restaurant 004,Rice,2025-11
1000,1,81,2025-02-05,2,Unsold,1028.94,Menu Item 081,1,514.47,Restaurant 001,Burgers,2025-02
1001,7,147,2025-03-21,1,Expired,224.8,Menu Item 147,7,224.8,Restaurant 007,Sandwiches,2025-03
1002,1,101,2025-08-08,2,Spoilage,637.02,Menu Item 101,1,318.51,Restaurant 001,Burgers,2025-08
1003,14,114,2025-11-11,5,Overproduction,2724.45,Menu Item 114,4,544.89,Restaurant 014,Rice,2025-11
1004,9,109,2025-06-05,5,Unsold,1107.15,Menu Item 109,9,221.43,Restaurant 009,Beverages,2025-06
1005,3,3,2025-04-18,2,Preparation Error,451.92,Menu Item 003,3,225.96,Restaurant 003,Biryani,2025-04
1006,5,5,2025-11-22,2,Spoilage,1520.42,Menu Item 005,5,760.21,Restaurant 005,BBQ,2025-11
1007,2,42,2025-08-15,1,Overproduction,467.71,Menu Item 042,2,467.71,Restaurant 002,Pizza,2025-08
1008,17,37,2025-12-17,3,Overproduction,2069.31,Menu Item 037,7,689.77,Restaurant 017,Sandwiches,2025-12
1009,20,60,2025-06-17,2,Damaged,662.32,Menu Item 060,10,331.16,Restaurant 020,Salads,2025-06
1010,9,9,2025-12-02,2,Expired,280.7,Menu Item 009,9,140.35,Restaurant 009,Beverages,2025-12
1011,2,22,2025-10-26,1,Preparation Error,323.47,Menu Item 022,2,323.47,Restaurant 002,Pizza,2025-10
1012,4,4,2025-07-03,2,Preparation Error,303.36,Menu Item 004,4,151.68,Restaurant 004,Rice,2025-07
1013,10,150,2025-03-18,3,Overproduction,1132.02,Menu Item 150,10,377.34,Restaurant 010,Salads,2025-03
1014,15,75,2025-03-11,3,Preparation Error,1266.0,Menu Item 075,5,422.0,Restaurant 015,BBQ,2025-03
1015,10,30,2025-06-25,8,Overproduction,1338.16,Menu Item 030,10,167.27,Restaurant 010,Salads,2025-06
1016,15,75,2025-04-22,8,Overproduction,3376.0,Menu Item 075,5,422.0,Restaurant 015,BBQ,2025-04
1017,10,30,2025-02-06,8,Unsold,1338.16,Menu Item 030,10,167.27,Restaurant 010,Salads,2025-02
1018,15,95,2025-05-17,1,Expired,681.88,Menu Item 095,5,681.88,Restaurant 015,BBQ,2025-05
1019,3,123,2025-12-15,1,Damaged,365.54,Menu Item 123,3,365.54,Restaurant 003,Biryani,2025-12
1020,4,84,2025-03-23,5,Damaged,1753.65,Menu Item 084,4,350.73,Restaurant 004,Rice,2025-03
1021,13,33,2025-12-13,2,Expired,703.0,Menu Item 033,3,351.5,Restaurant 013,Biryani,2025-12
1022,14,54,2025-06-12,2,Preparation Error,364.36,Menu Item 054,4,182.18,Restaurant 014,Rice,2025-06
1023,11,51,2025-02-26,1,Damaged,362.81,Menu Item 051,1,362.81,Restaurant 011,Burgers,2025-02
1024,16,96,2025-05-13,3,Overproduction,1215.66,Menu Item 096,6,405.22,Restaurant 016,Pasta,2025-05
1025,14,34,2025-03-22,2,Damaged,928.64,Menu Item 034,4,464.32,Restaurant 014,Rice,2025-03
1026,10,10,2025-07-04,2,Preparation Error,286.6,Menu Item 010,10,143.3,Restaurant 010,Salads,2025-07
1027,4,24,2025-12-17,1,Preparation Error,498.37,Menu Item 024,4,498.37,Restaurant 004,Rice,2025-12
1028,1,101,2025-03-04,1,Overproduction,318.51,Menu Item 101,1,318.51,Restaurant 001,Burgers,2025-03
1029,8,68,2025-02-03,5,Overproduction,570.3,Menu Item 068,8,114.06,Restaurant 008,Desserts,2025-02
1030,9,109,2025-02-03,5,Preparation Error,1107.15,Menu Item 109,9,221.43,Restaurant 009,Beverages,2025-02
1031,3,3,2025-05-14,3,Overproduction,677.88,Menu Item 003,3,225.96,Restaurant 003,Biryani,2025-05
1032,2,102,2025-05-26,2,Damaged,1548.34,Menu Item 102,2,774.17,Restaurant 002,Pizza,2025-05
1033,19,119,2025-05-10,3,Preparation Error,313.92,Menu Item 119,9,104.64,Restaurant 019,Beverages,2025-05
1034,16,76,2025-03-14,2,Damaged,830.62,Menu Item 076,6,415.31,Restaurant 016,Pasta,2025-03
1035,5,105,2025-03-06,3,Unsold,1789.62,Menu Item 105,5,596.54,Restaurant 005,BBQ,2025-03
1036,3,63,2025-04-16,1,Spoilage,313.94,Menu Item 063,3,313.94,Restaurant 003,Biryani,2025-04
1037,17,17,2025-09-26,1,Preparation Error,292.34,Menu Item 017,7,292.34,Restaurant 017,Sandwiches,2025-09
1038,9,149,2025-04-26,2,Expired,478.36,Menu Item 149,9,239.18,Restaurant 009,Beverages,2025-04
1039,5,45,2025-11-25,1,Unsold,389.94,Menu Item 045,5,389.94,Restaurant 005,BBQ,2025-11
1040,17,57,2025-09-10,1,Expired,314.52,Menu Item 057,7,314.52,Restaurant 017,Sandwiches,2025-09
1041,11,11,2025-10-01,2,Unsold,1092.48,Menu Item 011,1,546.24,Restaurant 011,Burgers,2025-10
1042,6,26,2025-04-05,1,Unsold,606.56,Menu Item 026,6,606.56,Restaurant 006,Pasta,2025-04
1043,14,14,2025-10-03,8,Preparation Error,1849.84,Menu Item 014,4,231.23,Restaurant 014,Rice,2025-10
1044,1,81,2025-01-02,2,Spoilage,1028.94,Menu Item 081,1,514.47,Restaurant 001,Burgers,2025-01
1045,9,149,2025-12-14,3,Unsold,717.54,Menu Item 149,9,239.18,Restaurant 009,Beverages,2025-12
1046,13,133,2025-07-22,2,Overproduction,1017.66,Menu Item 133,3,508.83,Restaurant 013,Biryani,2025-07
1047,3,123,2025-06-19,5,Preparation Error,1827.7,Menu Item 123,3,365.54,Restaurant 003,Biryani,2025-06
1048,15,115,2025-12-19,5,Unsold,4019.5,Menu Item 115,5,803.9,Restaurant 015,BBQ,2025-12
1049,18,18,2025-10-22,5,Damaged,1671.95,Menu Item 018,8,334.39,Restaurant 018,Desserts,2025-10
1050,3,103,2025-07-07,2,Damaged,980.98,Menu Item 103,3,490.49,Restaurant 003,Biryani,2025-07
1051,6,6,2025-06-21,2,Expired,604.3,Menu Item 006,6,302.15,Restaurant 006,Pasta,2025-06
1052,3,103,2025-08-27,2,Unsold,980.98,Menu Item 103,3,490.49,Restaurant 003,Biryani,2025-08
1053,7,87,2025-07-04,1,Expired,530.98,Menu Item 087,7,530.98,Restaurant 007,Sandwiches,2025-07
1054,14,34,2025-04-07,1,Preparation Error,464.32,Menu Item 034,4,464.32,Restaurant 014,Rice,2025-04
1055,15,95,2025-04-14,1,Damaged,681.88,Menu Item 095,5,681.88,Restaurant 015,BBQ,2025-04
1056,8,68,2025-07-23,2,Unsold,228.12,Menu Item 068,8,114.06,Restaurant 008,Desserts,2025-07
1057,13,113,2025-12-12,1,Damaged,230.81,Menu Item 113,3,230.81,Restaurant 013,Biryani,2025-12
1058,6,46,2025-03-07,1,Expired,633.91,Menu Item 046,6,633.91,Restaurant 006,Pasta,2025-03
1059,10,150,2025-04-08,1,Preparation Error,377.34,Menu Item 150,10,377.34,Restaurant 010,Salads,2025-04
1060,8,8,2025-02-04,2,Expired,615.44,Menu Item 008,8,307.72,Restaurant 008,Desserts,2025-02
1061,16,36,2025-04-22,5,Damaged,2254.5,Menu Item 036,6,450.9,Restaurant 016,Pasta,2025-04
1062,14,114,2025-05-13,3,Spoilage,1634.67,Menu Item 114,4,544.89,Restaurant 014,Rice,2025-05
1063,9,69,2025-11-13,1,Damaged,94.8,Menu Item 069,9,94.8,Restaurant 009,Beverages,2025-11
1064,10,10,2025-08-15,5,Unsold,716.5,Menu Item 010,10,143.3,Restaurant 010,Salads,2025-08
1065,19,139,2025-11-01,8,Expired,1020.32,Menu Item 139,9,127.54,Restaurant 019,Beverages,2025-11
1066,18,38,2025-10-22,8,Unsold,3010.56,Menu Item 038,8,376.32,Restaurant 018,Desserts,2025-10
1067,19,99,2025-07-14,5,Unsold,558.7,Menu Item 099,9,111.74,Restaurant 019,Beverages,2025-07
1068,6,6,2025-01-23,10,Unsold,3021.5,Menu Item 006,6,302.15,Restaurant 006,Pasta,2025-01
1069,20,60,2025-12-21,3,Damaged,993.48,Menu Item 060,10,331.16,Restaurant 020,Salads,2025-12
1070,20,20,2025-09-06,8,Preparation Error,2308.08,Menu Item 020,10,288.51,Restaurant 020,Salads,2025-09
1071,6,86,2025-03-25,2,Expired,956.62,Menu Item 086,6,478.31,Restaurant 006,Pasta,2025-03
1072,14,74,2025-02-21,5,Spoilage,779.5,Menu Item 074,4,155.9,Restaurant 014,Rice,2025-02
1073,6,86,2025-04-04,2,Preparation Error,956.62,Menu Item 086,6,478.31,Restaurant 006,Pasta,2025-04
1074,8,148,2025-09-02,2,Damaged,675.28,Menu Item 148,8,337.64,Restaurant 008,Desserts,2025-09
1075,5,145,2025-04-17,1,Expired,429.88,Menu Item 145,5,429.88,Restaurant 005,BBQ,2025-04
1076,11,51,2025-03-24,3,Unsold,1088.43,Menu Item 051,1,362.81,Restaurant 011,Burgers,2025-03
1077,1,61,2025-10-16,2,Spoilage,991.42,Menu Item 061,1,495.71,Restaurant 001,Burgers,2025-10
1078,12,12,2025-06-26,8,Overproduction,6264.8,Menu Item 012,2,783.1,Restaurant 012,Pizza,2025-06
1079,3,3,2025-01-04,5,Damaged,1129.8,Menu Item 003,3,225.96,Restaurant 003,Biryani,2025-01
1080,7,87,2025-03-14,10,Spoilage,5309.8,Menu Item 087,7,530.98,Restaurant 007,Sandwiches,2025-03
1081,9,9,2025-05-19,1,Spoilage,140.35,Menu Item 009,9,140.35,Restaurant 009,Beverages,2025-05
1082,15,95,2025-06-14,8,Preparation Error,5455.04,Menu Item 095,5,681.88,Restaurant 015,BBQ,2025-06
1083,20,60,2025-12-04,3,Expired,993.48,Menu Item 060,10,331.16,Restaurant 020,Salads,2025-12
1084,10,70,2025-03-06,5,Damaged,1036.25,Menu Item 070,10,207.25,Restaurant 010,Salads,2025-03
1085,17,97,2025-03-07,2,Unsold,908.08,Menu Item 097,7,454.04,Restaurant 017,Sandwiches,2025-03
1086,14,94,2025-05-16,1,Expired,274.91,Menu Item 094,4,274.91,Restaurant 014,Rice,2025-05
1087,17,77,2025-12-10,2,Expired,1197.26,Menu Item 077,7,598.63,Restaurant 017,Sandwiches,2025-12
1088,18,38,2025-08-22,5,Damaged,1881.6,Menu Item 038,8,376.32,Restaurant 018,Desserts,2025-08
1089,5,45,2025-03-27,1,Preparation Error,389.94,Menu Item 045,5,389.94,Restaurant 005,BBQ,2025-03
1090,6,86,2025-11-25,3,Expired,1434.93,Menu Item 086,6,478.31,Restaurant 006,Pasta,2025-11
1091,4,124,2025-12-03,5,Expired,747.85,Menu Item 124,4,149.57,Restaurant 004,Rice,2025-12
1092,2,42,2025-04-16,1,Damaged,467.71,Menu Item 042,2,467.71,Restaurant 002,Pizza,2025-04
1093,5,125,2025-11-13,2,Damaged,2276.68,Menu Item 125,5,1138.34,Restaurant 005,BBQ,2025-11
1094,15,15,2025-04-19,3,Expired,1490.91,Menu Item 015,5,496.97,Restaurant 015,BBQ,2025-04
1095,9,109,2025-01-24,2,Overproduction,442.86,Menu Item 109,9,221.43,Restaurant 009,Beverages,2025-01
1096,10,130,2025-07-04,2,Unsold,584.28,Menu Item 130,10,292.14,Restaurant 010,Salads,2025-07
1097,5,125,2025-02-28,1,Unsold,1138.34,Menu Item 125,5,1138.34,Restaurant 005,BBQ,2025-02
1098,18,138,2025-12-16,1,Preparation Error,154.6,Menu Item 138,8,154.6,Restaurant 018,Desserts,2025-12
1099,13,73,2025-05-16,1,Unsold,231.75,Menu Item 073,3,231.75,Restaurant 013,Biryani,2025-05
1100,15,135,2025-01-15,1,Overproduction,300.49,Menu Item 135,5,300.49,Restaurant 015,BBQ,2025-01
1101,18,78,2025-07-11,2,Spoilage,512.22,Menu Item 078,8,256.11,Restaurant 018,Desserts,2025-07
1102,13,133,2025-08-23,2,Overproduction,1017.66,Menu Item 133,3,508.83,Restaurant 013,Biryani,2025-08
1103,18,58,2025-09-03,1,Overproduction,360.25,Menu Item 058,8,360.25,Restaurant 018,Desserts,2025-09
1104,10,130,2025-02-04,1,Overproduction,292.14,Menu Item 130,10,292.14,Restaurant 010,Salads,2025-02
1105,20,100,2025-03-03,2,Overproduction,973.4,Menu Item 100,10,486.7,Restaurant 020,Salads,2025-03
1106,15,75,2025-02-02,2,Expired,844.0,Menu Item 075,5,422.0,Restaurant 015,BBQ,2025-02
1107,16,56,2025-11-17,3,Expired,1171.8,Menu Item 056,6,390.6,Restaurant 016,Pasta,2025-11
1108,15,35,2025-05-10,2,Preparation Error,874.12,Menu Item 035,5,437.06,Restaurant 015,BBQ,2025-05
1109,13,73,2025-04-12,1,Unsold,231.75,Menu Item 073,3,231.75,Restaurant 013,Biryani,2025-04
1110,1,121,2025-08-11,3,Overproduction,1125.9,Menu Item 121,1,375.3,Restaurant 001,Burgers,2025-08
1111,10,50,2025-01-28,1,Expired,158.1,Menu Item 050,10,158.1,Restaurant 010,Salads,2025-01
1112,19,79,2025-10-06,5,Preparation Error,652.5,Menu Item 079,9,130.5,Restaurant 019,Beverages,2025-10
1113,2,2,2025-01-20,1,Overproduction,822.3,Menu Item 002,2,822.3,Restaurant 002,Pizza,2025-01
1114,16,36,2025-09-20,3,Damaged,1352.7,Menu Item 036,6,450.9,Restaurant 016,Pasta,2025-09
1115,16,16,2025-12-14,3,Damaged,1015.02,Menu Item 016,6,338.34,Restaurant 016,Pasta,2025-12
1116,13,73,2025-06-22,2,Unsold,463.5,Menu Item 073,3,231.75,Restaurant 013,Biryani,2025-06
1117,10,70,2025-05-25,2,Spoilage,414.5,Menu Item 070,10,207.25,Restaurant 010,Salads,2025-05
1118,9,69,2025-10-11,5,Unsold,474.0,Menu Item 069,9,94.8,Restaurant 009,Beverages,2025-10
1119,5,5,2025-09-03,3,Overproduction,2280.63,Menu Item 005,5,760.21,Restaurant 005,BBQ,2025-09
1120,20,100,2025-07-07,1,Preparation Error,486.7,Menu Item 100,10,486.7,Restaurant 020,Salads,2025-07
1121,13,93,2025-04-15,8,Expired,4428.88,Menu Item 093,3,553.61,Restaurant 013,Biryani,2025-04
1122,14,34,2025-06-14,5,Unsold,2321.6,Menu Item 034,4,464.32,Restaurant 014,Rice,2025-06
1123,2,22,2025-01-24,8,Overproduction,2587.76,Menu Item 022,2,323.47,Restaurant 002,Pizza,2025-01
1124,20,40,2025-08-16,3,Overproduction,828.72,Menu Item 040,10,276.24,Restaurant 020,Salads,2025-08
1125,15,135,2025-11-26,10,Overproduction,3004.9,Menu Item 135,5,300.49,Restaurant 015,BBQ,2025-11
1126,14,134,2025-10-01,1,Damaged,288.34,Menu Item 134,4,288.34,Restaurant 014,Rice,2025-10
1127,12,72,2025-12-04,2,Unsold,551.56,Menu Item 072,2,275.78,Restaurant 012,Pizza,2025-12
1128,8,48,2025-07-20,1,Overproduction,194.92,Menu Item 048,8,194.92,Restaurant 008,Desserts,2025-07
1129,10,10,2025-12-12,3,Unsold,429.9,Menu Item 010,10,143.3,Restaurant 010,Salads,2025-12
1130,4,144,2025-08-25,2,Spoilage,486.5,Menu Item 144,4,243.25,Restaurant 004,Rice,2025-08
1131,14,14,2025-06-13,1,Overproduction,231.23,Menu Item 014,4,231.23,Restaurant 014,Rice,2025-06
1132,12,112,2025-12-07,2,Preparation Error,1722.56,Menu Item 112,2,861.28,Restaurant 012,Pizza,2025-12
1133,7,47,2025-09-06,2,Damaged,1063.12,Menu Item 047,7,531.56,Restaurant 007,Sandwiches,2025-09
1134,14,54,2025-12-06,3,Spoilage,546.54,Menu Item 054,4,182.18,Restaurant 014,Rice,2025-12
1135,8,48,2025-02-12,3,Unsold,584.76,Menu Item 048,8,194.92,Restaurant 008,Desserts,2025-02
1136,12,132,2025-09-09,1,Expired,642.06,Menu Item 132,2,642.06,Restaurant 012,Pizza,2025-09
1137,1,121,2025-05-28,8,Overproduction,3002.4,Menu Item 121,1,375.3,Restaurant 001,Burgers,2025-05
1138,14,34,2025-10-23,1,Expired,464.32,Menu Item 034,4,464.32,Restaurant 014,Rice,2025-10
1139,10,30,2025-10-17,1,Damaged,167.27,Menu Item 030,10,167.27,Restaurant 010,Salads,2025-10
1140,4,124,2025-11-14,1,Preparation Error,149.57,Menu Item 124,4,149.57,Restaurant 004,Rice,2025-11
1141,19,39,2025-11-04,2,Damaged,177.48,Menu Item 039,9,88.74,Restaurant 019,Beverages,2025-11
1142,1,61,2025-05-07,1,Unsold,495.71,Menu Item 061,1,495.71,Restaurant 001,Burgers,2025-05
1143,3,83,2025-08-14,1,Expired,236.35,Menu Item 083,3,236.35,Restaurant 003,Biryani,2025-08
1144,14,134,2025-06-11,2,Overproduction,576.68,Menu Item 134,4,288.34,Restaurant 014,Rice,2025-06
1145,1,141,2025-09-06,3,Expired,756.33,Menu Item 141,1,252.11,Restaurant 001,Burgers,2025-09
1146,11,111,2025-04-17,2,Preparation Error,652.38,Menu Item 111,1,326.19,Restaurant 011,Burgers,2025-04
1147,15,135,2025-06-19,3,Damaged,901.47,Menu Item 135,5,300.49,Restaurant 015,BBQ,2025-06
1148,3,143,2025-03-18,1,Expired,355.0,Menu Item 143,3,355.0,Restaurant 003,Biryani,2025-03
1149,19,19,2025-03-22,1,Expired,179.99,Menu Item 019,9,179.99,Restaurant 019,Beverages,2025-03
1150,18,18,2025-08-13,1,Overproduction,334.39,Menu Item 018,8,334.39,Restaurant 018,Desserts,2025-08
1151,1,61,2025-03-25,5,Preparation Error,2478.55,Menu Item 061,1,495.71,Restaurant 001,Burgers,2025-03
1152,20,140,2025-12-12,2,Preparation Error,356.8,Menu Item 140,10,178.4,Restaurant 020,Salads,2025-12
1153,1,21,2025-08-09,10,Damaged,3222.8,Menu Item 021,1,322.28,Restaurant 001,Burgers,2025-08
1154,20,60,2025-11-27,2,Unsold,662.32,Menu Item 060,10,331.16,Restaurant 020,Salads,2025-11
1155,6,86,2025-03-03,8,Unsold,3826.48,Menu Item 086,6,478.31,Restaurant 006,Pasta,2025-03
1156,16,116,2025-09-18,1,Damaged,513.28,Menu Item 116,6,513.28,Restaurant 016,Pasta,2025-09
1157,9,89,2025-09-19,5,Expired,1331.8,Menu Item 089,9,266.36,Restaurant 009,Beverages,2025-09
1158,9,149,2025-06-10,3,Damaged,717.54,Menu Item 149,9,239.18,Restaurant 009,Beverages,2025-06
1159,6,6,2025-08-06,3,Unsold,906.45,Menu Item 006,6,302.15,Restaurant 006,Pasta,2025-08
1160,1,21,2025-02-05,3,Expired,966.84,Menu Item 021,1,322.28,Restaurant 001,Burgers,2025-02
1161,6,126,2025-07-12,2,Overproduction,1341.26,Menu Item 126,6,670.63,Restaurant 006,Pasta,2025-07
1162,20,80,2025-10-18,2,Overproduction,222.1,Menu Item 080,10,111.05,Restaurant 020,Salads,2025-10
1163,12,112,2025-11-26,1,Damaged,861.28,Menu Item 112,2,861.28,Restaurant 012,Pizza,2025-11
1164,20,20,2025-08-14,3,Spoilage,865.53,Menu Item 020,10,288.51,Restaurant 020,Salads,2025-08
1165,14,134,2025-08-10,1,Overproduction,288.34,Menu Item 134,4,288.34,Restaurant 014,Rice,2025-08
1166,8,48,2025-10-08,2,Preparation Error,389.84,Menu Item 048,8,194.92,Restaurant 008,Desserts,2025-10
1167,18,118,2025-06-16,3,Damaged,927.0,Menu Item 118,8,309.0,Restaurant 018,Desserts,2025-06
1168,2,102,2025-09-24,2,Unsold,1548.34,Menu Item 102,2,774.17,Restaurant 002,Pizza,2025-09
1169,12,112,2025-08-17,2,Expired,1722.56,Menu Item 112,2,861.28,Restaurant 012,Pizza,2025-08
1170,6,86,2025-08-05,8,Spoilage,3826.48,Menu Item 086,6,478.31,Restaurant 006,Pasta,2025-08
1171,10,50,2025-06-12,3,Preparation Error,474.3,Menu Item 050,10,158.1,Restaurant 010,Salads,2025-06
1172,15,95,2025-04-10,1,Unsold,681.88,Menu Item 095,5,681.88,Restaurant 015,BBQ,2025-04
1173,11,51,2025-07-09,2,Expired,725.62,Menu Item 051,1,362.81,Restaurant 011,Burgers,2025-07
1174,10,50,2025-10-05,2,Unsold,316.2,Menu Item 050,10,158.1,Restaurant 010,Salads,2025-10
1175,8,68,2025-03-18,1,Expired,114.06,Menu Item 068,8,114.06,Restaurant 008,Desserts,2025-03
1176,1,61,2025-08-11,2,Overproduction,991.42,Menu Item 061,1,495.71,Restaurant 001,Burgers,2025-08
1177,12,132,2025-06-26,2,Unsold,1284.12,Menu Item 132,2,642.06,Restaurant 012,Pizza,2025-06
1178,13,133,2025-01-08,1,Preparation Error,508.83,Menu Item 133,3,508.83,Restaurant 013,Biryani,2025-01
1179,1,41,2025-10-16,1,Preparation Error,254.51,Menu Item 041,1,254.51,Restaurant 001,Burgers,2025-10
1180,4,44,2025-07-04,8,Expired,3525.76,Menu Item 044,4,440.72,Restaurant 004,Rice,2025-07
1181,9,29,2025-02-23,3,Overproduction,205.86,Menu Item 029,9,68.62,Restaurant 009,Beverages,2025-02
1182,3,3,2025-10-13,2,Expired,451.92,Menu Item 003,3,225.96,Restaurant 003,Biryani,2025-10
1183,12,12,2025-09-17,1,Unsold,783.1,Menu Item 012,2,783.1,Restaurant 012,Pizza,2025-09
1184,6,106,2025-01-18,2,Preparation Error,554.26,Menu Item 106,6,277.13,Restaurant 006,Pasta,2025-01
1185,10,30,2025-07-05,1,Overproduction,167.27,Menu Item 030,10,167.27,Restaurant 010,Salads,2025-07
1186,1,81,2025-11-20,1,Preparation Error,514.47,Menu Item 081,1,514.47,Restaurant 001,Burgers,2025-11
1187,11,91,2025-04-17,1,Spoilage,370.79,Menu Item 091,1,370.79,Restaurant 011,Burgers,2025-04
1188,9,149,2025-04-26,2,Unsold,478.36,Menu Item 149,9,239.18,Restaurant 009,Beverages,2025-04
1189,8,148,2025-04-21,1,Spoilage,337.64,Menu Item 148,8,337.64,Restaurant 008,Desserts,2025-04
1190,20,80,2025-05-16,2,Expired,222.1,Menu Item 080,10,111.05,Restaurant 020,Salads,2025-05
1191,13,53,2025-11-28,8,Overproduction,2388.24,Menu Item 053,3,298.53,Restaurant 013,Biryani,2025-11
1192,7,127,2025-04-15,3,Preparation Error,1002.24,Menu Item 127,7,334.08,Restaurant 007,Sandwiches,2025-04
1193,18,78,2025-08-12,2,Damaged,512.22,Menu Item 078,8,256.11,Restaurant 018,Desserts,2025-08
1194,9,89,2025-05-08,1,Preparation Error,266.36,Menu Item 089,9,266.36,Restaurant 009,Beverages,2025-05
1195,14,94,2025-12-10,1,Damaged,274.91,Menu Item 094,4,274.91,Restaurant 014,Rice,2025-12
1196,6,66,2025-09-07,1,Damaged,418.78,Menu Item 066,6,418.78,Restaurant 006,Pasta,2025-09
1197,3,103,2025-08-10,5,Expired,2452.45,Menu Item 103,3,490.49,Restaurant 003,Biryani,2025-08
1198,8,68,2025-04-15,1,Expired,114.06,Menu Item 068,8,114.06,Restaurant 008,Desserts,2025-04
1199,3,43,2025-09-20,2,Damaged,759.4,Menu Item 043,3,379.7,Restaurant 003,Biryani,2025-09
1200,7,27,2025-06-02,1,Preparation Error,337.71,Menu Item 027,7,337.71,Restaurant 007,Sandwiches,2025-06
1201,3,3,2025-07-22,2,Spoilage,451.92,Menu Item 003,3,225.96,Restaurant 003,Biryani,2025-07
1202,9,69,2025-01-20,2,Spoilage,189.6,Menu Item 069,9,94.8,Restaurant 009,Beverages,2025-01
1203,11,11,2025-04-22,2,Spoilage,1092.48,Menu Item 011,1,546.24,Restaurant 011,Burgers,2025-04
1204,16,96,2025-05-12,1,Spoilage,405.22,Menu Item 096,6,405.22,Restaurant 016,Pasta,2025-05
1205,9,69,2025-06-09,1,Damaged,94.8,Menu Item 069,9,94.8,Restaurant 009,Beverages,2025-06
1206,10,150,2025-12-08,5,Expired,1886.7,Menu Item 150,10,377.34,Restaurant 010,Salads,2025-12
1207,7,87,2025-05-16,3,Overproduction,1592.94,Menu Item 087,7,530.98,Restaurant 007,Sandwiches,2025-05
1208,3,63,2025-05-20,1,Expired,313.94,Menu Item 063,3,313.94,Restaurant 003,Biryani,2025-05
1209,12,52,2025-04-14,1,Unsold,463.6,Menu Item 052,2,463.6,Restaurant 012,Pizza,2025-04
1210,7,7,2025-01-19,1,Unsold,477.57,Menu Item 007,7,477.57,Restaurant 007,Sandwiches,2025-01
1211,6,66,2025-08-16,2,Spoilage,837.56,Menu Item 066,6,418.78,Restaurant 006,Pasta,2025-08
1212,16,76,2025-05-10,1,Spoilage,415.31,Menu Item 076,6,415.31,Restaurant 016,Pasta,2025-05
1213,15,115,2025-07-27,2,Unsold,1607.8,Menu Item 115,5,803.9,Restaurant 015,BBQ,2025-07
1214,6,66,2025-03-28,2,Damaged,837.56,Menu Item 066,6,418.78,Restaurant 006,Pasta,2025-03
1215,8,148,2025-07-26,1,Unsold,337.64,Menu Item 148,8,337.64,Restaurant 008,Desserts,2025-07
1216,20,140,2025-01-28,2,Expired,356.8,Menu Item 140,10,178.4,Restaurant 020,Salads,2025-01
1217,15,95,2025-04-06,3,Spoilage,2045.64,Menu Item 095,5,681.88,Restaurant 015,BBQ,2025-04
1218,5,125,2025-11-01,1,Spoilage,1138.34,Menu Item 125,5,1138.34,Restaurant 005,BBQ,2025-11
1219,19,99,2025-10-24,2,Preparation Error,223.48,Menu Item 099,9,111.74,Restaurant 019,Beverages,2025-10
1220,7,87,2025-08-07,1,Overproduction,530.98,Menu Item 087,7,530.98,Restaurant 007,Sandwiches,2025-08
1221,1,41,2025-03-21,3,Overproduction,763.53,Menu Item 041,1,254.51,Restaurant 001,Burgers,2025-03
1222,4,104,2025-09-21,1,Overproduction,167.96,Menu Item 104,4,167.96,Restaurant 004,Rice,2025-09
1223,16,96,2025-09-04,1,Preparation Error,405.22,Menu Item 096,6,405.22,Restaurant 016,Pasta,2025-09
1224,16,56,2025-09-25,2,Damaged,781.2,Menu Item 056,6,390.6,Restaurant 016,Pasta,2025-09
1225,20,40,2025-12-02,1,Spoilage,276.24,Menu Item 040,10,276.24,Restaurant 020,Salads,2025-12
1226,20,40,2025-02-21,2,Unsold,552.48,Menu Item 040,10,276.24,Restaurant 020,Salads,2025-02
1227,15,115,2025-04-04,2,Unsold,1607.8,Menu Item 115,5,803.9,Restaurant 015,BBQ,2025-04
1228,3,63,2025-06-23,2,Expired,627.88,Menu Item 063,3,313.94,Restaurant 003,Biryani,2025-06
1229,3,23,2025-05-28,5,Damaged,1351.15,Menu Item 023,3,270.23,Restaurant 003,Biryani,2025-05
1230,4,84,2025-02-17,2,Damaged,701.46,Menu Item 084,4,350.73,Restaurant 004,Rice,2025-02
1231,13,53,2025-08-13,1,Damaged,298.53,Menu Item 053,3,298.53,Restaurant 013,Biryani,2025-08
1232,5,105,2025-03-04,1,Damaged,596.54,Menu Item 105,5,596.54,Restaurant 005,BBQ,2025-03
1233,1,101,2025-01-25,5,Spoilage,1592.55,Menu Item 101,1,318.51,Restaurant 001,Burgers,2025-01
1234,9,129,2025-11-20,2,Spoilage,200.4,Menu Item 129,9,100.2,Restaurant 009,Beverages,2025-11
1235,18,18,2025-10-25,1,Spoilage,334.39,Menu Item 018,8,334.39,Restaurant 018,Desserts,2025-10
1236,11,51,2025-10-06,2,Unsold,725.62,Menu Item 051,1,362.81,Restaurant 011,Burgers,2025-10
1237,10,90,2025-03-14,3,Damaged,572.88,Menu Item 090,10,190.96,Restaurant 010,Salads,2025-03
1238,7,127,2025-02-24,2,Expired,668.16,Menu Item 127,7,334.08,Restaurant 007,Sandwiches,2025-02
1239,18,138,2025-01-16,5,Unsold,773.0,Menu Item 138,8,154.6,Restaurant 018,Desserts,2025-01
1240,9,69,2025-01-12,2,Damaged,189.6,Menu Item 069,9,94.8,Restaurant 009,Beverages,2025-01
1241,4,124,2025-02-16,3,Expired,448.71,Menu Item 124,4,149.57,Restaurant 004,Rice,2025-02
1242,5,25,2025-12-12,5,Overproduction,5138.55,Menu Item 025,5,1027.71,Restaurant 005,BBQ,2025-12
1243,1,121,2025-05-24,5,Overproduction,1876.5,Menu Item 121,1,375.3,Restaurant 001,Burgers,2025-05
1244,20,40,2025-07-01,2,Spoilage,552.48,Menu Item 040,10,276.24,Restaurant 020,Salads,2025-07
1245,19,139,2025-03-12,2,Unsold,255.08,Menu Item 139,9,127.54,Restaurant 019,Beverages,2025-03
1246,8,148,2025-09-26,2,Spoilage,675.28,Menu Item 148,8,337.64,Restaurant 008,Desserts,2025-09
1247,8,108,2025-09-19,8,Expired,3320.64,Menu Item 108,8,415.08,Restaurant 008,Desserts,2025-09
1248,1,81,2025-11-28,1,Preparation Error,514.47,Menu Item 081,1,514.47,Restaurant 001,Burgers,2025-11
1249,10,150,2025-07-17,1,Damaged,377.34,Menu Item 150,10,377.34,Restaurant 010,Salads,2025-07
1250,2,62,2025-11-11,1,Overproduction,509.77,Menu Item 062,2,509.77,Restaurant 002,Pizza,2025-11
1251,15,55,2025-05-17,3,Damaged,2797.86,Menu Item 055,5,932.62,Restaurant 015,BBQ,2025-05
1252,3,123,2025-09-04,8,Preparation Error,2924.32,Menu Item 123,3,365.54,Restaurant 003,Biryani,2025-09
1253,20,60,2025-05-21,1,Expired,331.16,Menu Item 060,10,331.16,Restaurant 020,Salads,2025-05
1254,15,55,2025-01-11,2,Unsold,1865.24,Menu Item 055,5,932.62,Restaurant 015,BBQ,2025-01
1255,18,58,2025-09-26,2,Damaged,720.5,Menu Item 058,8,360.25,Restaurant 018,Desserts,2025-09
1256,13,133,2025-11-28,5,Damaged,2544.15,Menu Item 133,3,508.83,Restaurant 013,Biryani,2025-11
1257,19,79,2025-05-27,1,Damaged,130.5,Menu Item 079,9,130.5,Restaurant 019,Beverages,2025-05
1258,20,120,2025-05-19,5,Overproduction,1139.15,Menu Item 120,10,227.83,Restaurant 020,Salads,2025-05
1259,2,122,2025-09-18,2,Expired,1656.7,Menu Item 122,2,828.35,Restaurant 002,Pizza,2025-09
1260,7,147,2025-03-21,1,Spoilage,224.8,Menu Item 147,7,224.8,Restaurant 007,Sandwiches,2025-03
1261,6,146,2025-10-04,2,Expired,1485.06,Menu Item 146,6,742.53,Restaurant 006,Pasta,2025-10
1262,5,45,2025-04-27,2,Expired,779.88,Menu Item 045,5,389.94,Restaurant 005,BBQ,2025-04
1263,10,130,2025-01-27,1,Overproduction,292.14,Menu Item 130,10,292.14,Restaurant 010,Salads,2025-01
1264,15,15,2025-11-02,1,Expired,496.97,Menu Item 015,5,496.97,Restaurant 015,BBQ,2025-11
1265,4,144,2025-04-19,2,Unsold,486.5,Menu Item 144,4,243.25,Restaurant 004,Rice,2025-04
1266,8,68,2025-04-08,1,Unsold,114.06,Menu Item 068,8,114.06,Restaurant 008,Desserts,2025-04
1267,16,16,2025-02-17,2,Preparation Error,676.68,Menu Item 016,6,338.34,Restaurant 016,Pasta,2025-02
1268,5,25,2025-04-25,2,Unsold,2055.42,Menu Item 025,5,1027.71,Restaurant 005,BBQ,2025-04
1269,6,106,2025-12-05,1,Damaged,277.13,Menu Item 106,6,277.13,Restaurant 006,Pasta,2025-12
1270,12,32,2025-10-26,2,Overproduction,1476.6,Menu Item 032,2,738.3,Restaurant 012,Pizza,2025-10
1271,3,83,2025-06-17,1,Preparation Error,236.35,Menu Item 083,3,236.35,Restaurant 003,Biryani,2025-06
1272,16,136,2025-12-02,3,Preparation Error,1297.11,Menu Item 136,6,432.37,Restaurant 016,Pasta,2025-12
1273,17,57,2025-05-28,3,Expired,943.56,Menu Item 057,7,314.52,Restaurant 017,Sandwiches,2025-05
1274,9,109,2025-01-23,2,Preparation Error,442.86,Menu Item 109,9,221.43,Restaurant 009,Beverages,2025-01
1275,6,26,2025-08-04,3,Expired,1819.68,Menu Item 026,6,606.56,Restaurant 006,Pasta,2025-08
1276,5,5,2025-07-17,2,Damaged,1520.42,Menu Item 005,5,760.21,Restaurant 005,BBQ,2025-07
1277,1,21,2025-11-21,5,Preparation Error,1611.4,Menu Item 021,1,322.28,Restaurant 001,Burgers,2025-11
1278,20,100,2025-09-21,2,Damaged,973.4,Menu Item 100,10,486.7,Restaurant 020,Salads,2025-09
1279,18,138,2025-02-05,1,Spoilage,154.6,Menu Item 138,8,154.6,Restaurant 018,Desserts,2025-02
1280,14,14,2025-01-11,2,Preparation Error,462.46,Menu Item 014,4,231.23,Restaurant 014,Rice,2025-01
1281,12,92,2025-02-24,3,Expired,1393.11,Menu Item 092,2,464.37,Restaurant 012,Pizza,2025-02
1282,15,75,2025-10-26,3,Damaged,1266.0,Menu Item 075,5,422.0,Restaurant 015,BBQ,2025-10
1283,9,49,2025-12-02,10,Preparation Error,2542.8,Menu Item 049,9,254.28,Restaurant 009,Beverages,2025-12
1284,18,78,2025-05-08,1,Damaged,256.11,Menu Item 078,8,256.11,Restaurant 018,Desserts,2025-05
1285,18,18,2025-08-07,1,Preparation Error,334.39,Menu Item 018,8,334.39,Restaurant 018,Desserts,2025-08
1286,10,50,2025-10-10,1,Expired,158.1,Menu Item 050,10,158.1,Restaurant 010,Salads,2025-10
1287,1,61,2025-12-05,2,Damaged,991.42,Menu Item 061,1,495.71,Restaurant 001,Burgers,2025-12
1288,14,74,2025-04-15,3,Preparation Error,467.7,Menu Item 074,4,155.9,Restaurant 014,Rice,2025-04
1289,15,75,2025-08-14,1,Preparation Error,422.0,Menu Item 075,5,422.0,Restaurant 015,BBQ,2025-08
1290,18,58,2025-09-18,5,Unsold,1801.25,Menu Item 058,8,360.25,Restaurant 018,Desserts,2025-09
1291,16,16,2025-12-09,1,Unsold,338.34,Menu Item 016,6,338.34,Restaurant 016,Pasta,2025-12
1292,9,129,2025-06-26,3,Spoilage,300.6,Menu Item 129,9,100.2,Restaurant 009,Beverages,2025-06
1293,2,102,2025-11-09,1,Damaged,774.17,Menu Item 102,2,774.17,Restaurant 002,Pizza,2025-11
1294,20,80,2025-11-05,5,Overproduction,555.25,Menu Item 080,10,111.05,Restaurant 020,Salads,2025-11
1295,9,89,2025-09-09,2,Spoilage,532.72,Menu Item 089,9,266.36,Restaurant 009,Beverages,2025-09
1296,17,37,2025-03-22,5,Overproduction,3448.85,Menu Item 037,7,689.77,Restaurant 017,Sandwiches,2025-03
1297,4,4,2025-10-12,1,Damaged,151.68,Menu Item 004,4,151.68,Restaurant 004,Rice,2025-10
1298,7,147,2025-04-23,5,Overproduction,1124.0,Menu Item 147,7,224.8,Restaurant 007,Sandwiches,2025-04
1299,1,1,2025-08-17,3,Unsold,1284.36,Menu Item 001,1,428.12,Restaurant 001,Burgers,2025-08
1300,10,150,2025-09-24,1,Damaged,377.34,Menu Item 150,10,377.34,Restaurant 010,Salads,2025-09
1301,9,29,2025-07-11,3,Overproduction,205.86,Menu Item 029,9,68.62,Restaurant 009,Beverages,2025-07
1302,13,53,2025-11-03,2,Preparation Error,597.06,Menu Item 053,3,298.53,Restaurant 013,Biryani,2025-11
1303,5,45,2025-02-22,1,Unsold,389.94,Menu Item 045,5,389.94,Restaurant 005,BBQ,2025-02
1304,15,135,2025-10-26,5,Spoilage,1502.45,Menu Item 135,5,300.49,Restaurant 015,BBQ,2025-10
1305,7,147,2025-05-16,1,Spoilage,224.8,Menu Item 147,7,224.8,Restaurant 007,Sandwiches,2025-05
1306,1,141,2025-02-20,8,Expired,2016.88,Menu Item 141,1,252.11,Restaurant 001,Burgers,2025-02
1307,1,81,2025-05-08,3,Damaged,1543.41,Menu Item 081,1,514.47,Restaurant 001,Burgers,2025-05
1308,9,129,2025-05-25,3,Overproduction,300.6,Menu Item 129,9,100.2,Restaurant 009,Beverages,2025-05
1309,6,46,2025-09-08,3,Preparation Error,1901.73,Menu Item 046,6,633.91,Restaurant 006,Pasta,2025-09
1310,12,72,2025-05-13,3,Spoilage,827.34,Menu Item 072,2,275.78,Restaurant 012,Pizza,2025-05
1311,19,99,2025-10-26,2,Spoilage,223.48,Menu Item 099,9,111.74,Restaurant 019,Beverages,2025-10
1312,18,138,2025-05-19,2,Preparation Error,309.2,Menu Item 138,8,154.6,Restaurant 018,Desserts,2025-05
1313,12,32,2025-02-14,3,Overproduction,2214.9,Menu Item 032,2,738.3,Restaurant 012,Pizza,2025-02
1314,17,117,2025-10-28,1,Preparation Error,429.73,Menu Item 117,7,429.73,Restaurant 017,Sandwiches,2025-10
1315,2,62,2025-01-27,1,Preparation Error,509.77,Menu Item 062,2,509.77,Restaurant 002,Pizza,2025-01
1316,12,52,2025-04-01,3,Spoilage,1390.8,Menu Item 052,2,463.6,Restaurant 012,Pizza,2025-04
1317,17,77,2025-01-21,1,Overproduction,598.63,Menu Item 077,7,598.63,Restaurant 017,Sandwiches,2025-01
1318,17,117,2025-06-02,2,Preparation Error,859.46,Menu Item 117,7,429.73,Restaurant 017,Sandwiches,2025-06
1319,15,135,2025-03-16,1,Expired,300.49,Menu Item 135,5,300.49,Restaurant 015,BBQ,2025-03
1320,15,35,2025-09-26,5,Preparation Error,2185.3,Menu Item 035,5,437.06,Restaurant 015,BBQ,2025-09
1321,1,81,2025-09-14,1,Unsold,514.47,Menu Item 081,1,514.47,Restaurant 001,Burgers,2025-09
1322,1,101,2025-01-11,1,Damaged,318.51,Menu Item 101,1,318.51,Restaurant 001,Burgers,2025-01
1323,17,117,2025-12-05,2,Preparation Error,859.46,Menu Item 117,7,429.73,Restaurant 017,Sandwiches,2025-12
1324,20,20,2025-11-02,2,Preparation Error,577.02,Menu Item 020,10,288.51,Restaurant 020,Salads,2025-11
1325,5,25,2025-05-27,2,Damaged,2055.42,Menu Item 025,5,1027.71,Restaurant 005,BBQ,2025-05
1326,1,21,2025-12-08,2,Overproduction,644.56,Menu Item 021,1,322.28,Restaurant 001,Burgers,2025-12
1327,3,63,2025-09-02,1,Preparation Error,313.94,Menu Item 063,3,313.94,Restaurant 003,Biryani,2025-09
1328,11,71,2025-03-25,2,Preparation Error,929.96,Menu Item 071,1,464.98,Restaurant 011,Burgers,2025-03
1329,18,58,2025-09-16,5,Preparation Error,1801.25,Menu Item 058,8,360.25,Restaurant 018,Desserts,2025-09
1330,2,102,2025-05-07,3,Preparation Error,2322.51,Menu Item 102,2,774.17,Restaurant 002,Pizza,2025-05
1331,17,97,2025-12-26,3,Expired,1362.12,Menu Item 097,7,454.04,Restaurant 017,Sandwiches,2025-12
1332,20,20,2025-07-01,2,Overproduction,577.02,Menu Item 020,10,288.51,Restaurant 020,Salads,2025-07
1333,14,54,2025-04-21,1,Preparation Error,182.18,Menu Item 054,4,182.18,Restaurant 014,Rice,2025-04
1334,3,23,2025-09-07,1,Unsold,270.23,Menu Item 023,3,270.23,Restaurant 003,Biryani,2025-09
1335,15,135,2025-05-08,5,Expired,1502.45,Menu Item 135,5,300.49,Restaurant 015,BBQ,2025-05
1336,11,111,2025-05-10,2,Damaged,652.38,Menu Item 111,1,326.19,Restaurant 011,Burgers,2025-05
1337,5,125,2025-12-15,1,Expired,1138.34,Menu Item 125,5,1138.34,Restaurant 005,BBQ,2025-12
1338,12,112,2025-04-09,1,Overproduction,861.28,Menu Item 112,2,861.28,Restaurant 012,Pizza,2025-04
1339,3,123,2025-04-27,1,Spoilage,365.54,Menu Item 123,3,365.54,Restaurant 003,Biryani,2025-04
1340,20,120,2025-01-21,2,Preparation Error,455.66,Menu Item 120,10,227.83,Restaurant 020,Salads,2025-01
1341,16,36,2025-05-02,1,Spoilage,450.9,Menu Item 036,6,450.9,Restaurant 016,Pasta,2025-05
1342,11,111,2025-12-25,5,Expired,1630.95,Menu Item 111,1,326.19,Restaurant 011,Burgers,2025-12
1343,11,51,2025-09-17,1,Preparation Error,362.81,Menu Item 051,1,362.81,Restaurant 011,Burgers,2025-09
1344,5,5,2025-07-16,2,Expired,1520.42,Menu Item 005,5,760.21,Restaurant 005,BBQ,2025-07
1345,20,140,2025-09-22,1,Expired,178.4,Menu Item 140,10,178.4,Restaurant 020,Salads,2025-09
1346,1,21,2025-09-24,2,Damaged,644.56,Menu Item 021,1,322.28,Restaurant 001,Burgers,2025-09
1347,2,122,2025-11-15,1,Expired,828.35,Menu Item 122,2,828.35,Restaurant 002,Pizza,2025-11
1348,6,46,2025-06-21,3,Unsold,1901.73,Menu Item 046,6,633.91,Restaurant 006,Pasta,2025-06
1349,11,31,2025-11-15,1,Spoilage,322.62,Menu Item 031,1,322.62,Restaurant 011,Burgers,2025-11
1350,15,135,2025-08-05,3,Unsold,901.47,Menu Item 135,5,300.49,Restaurant 015,BBQ,2025-08
1351,14,114,2025-03-25,3,Overproduction,1634.67,Menu Item 114,4,544.89,Restaurant 014,Rice,2025-03
1352,3,43,2025-09-19,8,Spoilage,3037.6,Menu Item 043,3,379.7,Restaurant 003,Biryani,2025-09
1353,19,79,2025-01-10,3,Unsold,391.5,Menu Item 079,9,130.5,Restaurant 019,Beverages,2025-01
1354,18,78,2025-09-14,2,Damaged,512.22,Menu Item 078,8,256.11,Restaurant 018,Desserts,2025-09
1355,8,8,2025-09-17,3,Unsold,923.16,Menu Item 008,8,307.72,Restaurant 008,Desserts,2025-09
1356,16,76,2025-03-13,1,Unsold,415.31,Menu Item 076,6,415.31,Restaurant 016,Pasta,2025-03
1357,13,53,2025-05-04,5,Preparation Error,1492.65,Menu Item 053,3,298.53,Restaurant 013,Biryani,2025-05
1358,2,2,2025-11-14,1,Overproduction,822.3,Menu Item 002,2,822.3,Restaurant 002,Pizza,2025-11
1359,3,103,2025-06-08,1,Spoilage,490.49,Menu Item 103,3,490.49,Restaurant 003,Biryani,2025-06
1360,1,101,2025-12-16,2,Preparation Error,637.02,Menu Item 101,1,318.51,Restaurant 001,Burgers,2025-12
1361,18,98,2025-10-18,1,Damaged,373.65,Menu Item 098,8,373.65,Restaurant 018,Desserts,2025-10
1362,12,52,2025-11-27,1,Unsold,463.6,Menu Item 052,2,463.6,Restaurant 012,Pizza,2025-11
1363,5,5,2025-09-17,1,Damaged,760.21,Menu Item 005,5,760.21,Restaurant 005,BBQ,2025-09
1364,3,3,2025-07-26,3,Spoilage,677.88,Menu Item 003,3,225.96,Restaurant 003,Biryani,2025-07
1365,18,38,2025-07-20,3,Damaged,1128.96,Menu Item 038,8,376.32,Restaurant 018,Desserts,2025-07
1366,5,85,2025-10-06,1,Overproduction,355.11,Menu Item 085,5,355.11,Restaurant 005,BBQ,2025-10
1367,3,143,2025-09-23,5,Expired,1775.0,Menu Item 143,3,355.0,Restaurant 003,Biryani,2025-09
1368,9,129,2025-11-12,1,Unsold,100.2,Menu Item 129,9,100.2,Restaurant 009,Beverages,2025-11
1369,2,22,2025-10-05,2,Damaged,646.94,Menu Item 022,2,323.47,Restaurant 002,Pizza,2025-10
1370,11,111,2025-07-23,2,Damaged,652.38,Menu Item 111,1,326.19,Restaurant 011,Burgers,2025-07
1371,2,142,2025-06-07,1,Damaged,919.35,Menu Item 142,2,919.35,Restaurant 002,Pizza,2025-06
1372,2,62,2025-02-13,3,Damaged,1529.31,Menu Item 062,2,509.77,Restaurant 002,Pizza,2025-02
1373,19,119,2025-07-06,2,Spoilage,209.28,Menu Item 119,9,104.64,Restaurant 019,Beverages,2025-07
1374,20,60,2025-07-21,1,Preparation Error,331.16,Menu Item 060,10,331.16,Restaurant 020,Salads,2025-07
1375,5,145,2025-06-13,2,Damaged,859.76,Menu Item 145,5,429.88,Restaurant 005,BBQ,2025-06
1376,18,18,2025-04-12,1,Preparation Error,334.39,Menu Item 018,8,334.39,Restaurant 018,Desserts,2025-04
1377,6,6,2025-03-15,1,Unsold,302.15,Menu Item 006,6,302.15,Restaurant 006,Pasta,2025-03
1378,5,125,2025-01-13,5,Expired,5691.7,Menu Item 125,5,1138.34,Restaurant 005,BBQ,2025-01
1379,16,76,2025-01-01,2,Unsold,830.62,Menu Item 076,6,415.31,Restaurant 016,Pasta,2025-01
1380,19,39,2025-02-15,1,Unsold,88.74,Menu Item 039,9,88.74,Restaurant 019,Beverages,2025-02
1381,10,70,2025-02-02,2,Spoilage,414.5,Menu Item 070,10,207.25,Restaurant 010,Salads,2025-02
1382,10,130,2025-05-16,3,Spoilage,876.42,Menu Item 130,10,292.14,Restaurant 010,Salads,2025-05
1383,2,82,2025-07-03,1,Unsold,601.45,Menu Item 082,2,601.45,Restaurant 002,Pizza,2025-07
1384,17,17,2025-05-13,2,Spoilage,584.68,Menu Item 017,7,292.34,Restaurant 017,Sandwiches,2025-05
1385,20,120,2025-04-24,3,Overproduction,683.49,Menu Item 120,10,227.83,Restaurant 020,Salads,2025-04
1386,16,76,2025-08-17,1,Preparation Error,415.31,Menu Item 076,6,415.31,Restaurant 016,Pasta,2025-08
1387,11,91,2025-01-24,2,Overproduction,741.58,Menu Item 091,1,370.79,Restaurant 011,Burgers,2025-01
1388,3,83,2025-01-05,3,Expired,709.05,Menu Item 083,3,236.35,Restaurant 003,Biryani,2025-01
1389,10,70,2025-12-23,1,Spoilage,207.25,Menu Item 070,10,207.25,Restaurant 010,Salads,2025-12
1390,10,130,2025-06-26,2,Unsold,584.28,Menu Item 130,10,292.14,Restaurant 010,Salads,2025-06
1391,13,53,2025-02-15,3,Unsold,895.59,Menu Item 053,3,298.53,Restaurant 013,Biryani,2025-02
1392,6,126,2025-02-19,1,Preparation Error,670.63,Menu Item 126,6,670.63,Restaurant 006,Pasta,2025-02
1393,11,71,2025-02-20,8,Overproduction,3719.84,Menu Item 071,1,464.98,Restaurant 011,Burgers,2025-02
1394,14,94,2025-09-16,3,Damaged,824.73,Menu Item 094,4,274.91,Restaurant 014,Rice,2025-09
1395,11,11,2025-08-16,1,Unsold,546.24,Menu Item 011,1,546.24,Restaurant 011,Burgers,2025-08
1396,6,6,2025-02-17,8,Preparation Error,2417.2,Menu Item 006,6,302.15,Restaurant 006,Pasta,2025-02
1397,2,2,2025-02-18,2,Preparation Error,1644.6,Menu Item 002,2,822.3,Restaurant 002,Pizza,2025-02
1398,17,37,2025-01-26,1,Overproduction,689.77,Menu Item 037,7,689.77,Restaurant 017,Sandwiches,2025-01
1399,6,46,2025-04-08,2,Unsold,1267.82,Menu Item 046,6,633.91,Restaurant 006,Pasta,2025-04
1400,5,125,2025-06-13,2,Expired,2276.68,Menu Item 125,5,1138.34,Restaurant 005,BBQ,2025-06
1401,8,28,2025-03-18,2,Overproduction,756.32,Menu Item 028,8,378.16,Restaurant 008,Desserts,2025-03
1402,19,119,2025-05-05,1,Preparation Error,104.64,Menu Item 119,9,104.64,Restaurant 019,Beverages,2025-05
1403,18,18,2025-09-21,5,Expired,1671.95,Menu Item 018,8,334.39,Restaurant 018,Desserts,2025-09
1404,11,71,2025-04-07,8,Unsold,3719.84,Menu Item 071,1,464.98,Restaurant 011,Burgers,2025-04
1405,2,82,2025-06-23,3,Unsold,1804.35,Menu Item 082,2,601.45,Restaurant 002,Pizza,2025-06
1406,7,67,2025-03-05,5,Overproduction,3177.8,Menu Item 067,7,635.56,Restaurant 007,Sandwiches,2025-03
1407,4,124,2025-10-12,2,Damaged,299.14,Menu Item 124,4,149.57,Restaurant 004,Rice,2025-10
1408,2,102,2025-11-27,2,Expired,1548.34,Menu Item 102,2,774.17,Restaurant 002,Pizza,2025-11
1409,4,124,2025-10-02,3,Spoilage,448.71,Menu Item 124,4,149.57,Restaurant 004,Rice,2025-10
1410,3,103,2025-07-15,3,Expired,1471.47,Menu Item 103,3,490.49,Restaurant 003,Biryani,2025-07
1411,9,49,2025-05-27,1,Unsold,254.28,Menu Item 049,9,254.28,Restaurant 009,Beverages,2025-05
1412,14,114,2025-05-04,3,Spoilage,1634.67,Menu Item 114,4,544.89,Restaurant 014,Rice,2025-05
1413,11,51,2025-10-23,1,Expired,362.81,Menu Item 051,1,362.81,Restaurant 011,Burgers,2025-10
1414,6,86,2025-10-04,2,Spoilage,956.62,Menu Item 086,6,478.31,Restaurant 006,Pasta,2025-10
1415,20,140,2025-11-10,5,Expired,892.0,Menu Item 140,10,178.4,Restaurant 020,Salads,2025-11
1416,19,39,2025-05-21,8,Preparation Error,709.92,Menu Item 039,9,88.74,Restaurant 019,Beverages,2025-05
1417,2,142,2025-10-07,1,Spoilage,919.35,Menu Item 142,2,919.35,Restaurant 002,Pizza,2025-10
1418,19,19,2025-01-18,1,Damaged,179.99,Menu Item 019,9,179.99,Restaurant 019,Beverages,2025-01
1419,15,115,2025-08-17,1,Preparation Error,803.9,Menu Item 115,5,803.9,Restaurant 015,BBQ,2025-08
1420,5,45,2025-07-16,2,Preparation Error,779.88,Menu Item 045,5,389.94,Restaurant 005,BBQ,2025-07
1421,2,82,2025-10-28,2,Expired,1202.9,Menu Item 082,2,601.45,Restaurant 002,Pizza,2025-10
1422,19,39,2025-03-23,1,Spoilage,88.74,Menu Item 039,9,88.74,Restaurant 019,Beverages,2025-03
1423,4,44,2025-04-28,10,Unsold,4407.2,Menu Item 044,4,440.72,Restaurant 004,Rice,2025-04
1424,16,16,2025-08-26,3,Overproduction,1015.02,Menu Item 016,6,338.34,Restaurant 016,Pasta,2025-08
1425,3,3,2025-05-13,8,Spoilage,1807.68,Menu Item 003,3,225.96,Restaurant 003,Biryani,2025-05
1426,4,84,2025-05-16,2,Expired,701.46,Menu Item 084,4,350.73,Restaurant 004,Rice,2025-05
1427,15,55,2025-01-08,8,Spoilage,7460.96,Menu Item 055,5,932.62,Restaurant 015,BBQ,2025-01
1428,14,114,2025-08-21,3,Preparation Error,1634.67,Menu Item 114,4,544.89,Restaurant 014,Rice,2025-08
1429,12,92,2025-06-23,1,Overproduction,464.37,Menu Item 092,2,464.37,Restaurant 012,Pizza,2025-06
1430,5,5,2025-07-07,3,Unsold,2280.63,Menu Item 005,5,760.21,Restaurant 005,BBQ,2025-07
1431,8,8,2025-10-18,2,Preparation Error,615.44,Menu Item 008,8,307.72,Restaurant 008,Desserts,2025-10
1432,4,64,2025-10-26,5,Spoilage,1282.3,Menu Item 064,4,256.46,Restaurant 004,Rice,2025-10
1433,20,40,2025-02-28,2,Overproduction,552.48,Menu Item 040,10,276.24,Restaurant 020,Salads,2025-02
1434,13,53,2025-03-25,1,Preparation Error,298.53,Menu Item 053,3,298.53,Restaurant 013,Biryani,2025-03
1435,10,110,2025-05-07,5,Overproduction,1096.35,Menu Item 110,10,219.27,Restaurant 010,Salads,2025-05
1436,12,52,2025-11-07,2,Spoilage,927.2,Menu Item 052,2,463.6,Restaurant 012,Pizza,2025-11
1437,13,13,2025-04-04,3,Overproduction,1167.84,Menu Item 013,3,389.28,Restaurant 013,Biryani,2025-04
1438,5,25,2025-06-24,2,Spoilage,2055.42,Menu Item 025,5,1027.71,Restaurant 005,BBQ,2025-06
1439,16,56,2025-05-09,1,Spoilage,390.6,Menu Item 056,6,390.6,Restaurant 016,Pasta,2025-05
1440,12,92,2025-03-12,3,Overproduction,1393.11,Menu Item 092,2,464.37,Restaurant 012,Pizza,2025-03
1441,7,147,2025-01-08,2,Expired,449.6,Menu Item 147,7,224.8,Restaurant 007,Sandwiches,2025-01
1442,1,1,2025-06-22,1,Damaged,428.12,Menu Item 001,1,428.12,Restaurant 001,Burgers,2025-06
1443,15,115,2025-08-25,8,Unsold,6431.2,Menu Item 115,5,803.9,Restaurant 015,BBQ,2025-08
1444,19,79,2025-02-22,2,Spoilage,261.0,Menu Item 079,9,130.5,Restaurant 019,Beverages,2025-02
1445,7,147,2025-11-21,2,Unsold,449.6,Menu Item 147,7,224.8,Restaurant 007,Sandwiches,2025-11
1446,1,41,2025-10-01,2,Spoilage,509.02,Menu Item 041,1,254.51,Restaurant 001,Burgers,2025-10
1447,14,114,2025-08-16,3,Unsold,1634.67,Menu Item 114,4,544.89,Restaurant 014,Rice,2025-08
1448,20,140,2025-04-24,2,Damaged,356.8,Menu Item 140,10,178.4,Restaurant 020,Salads,2025-04
1449,9,149,2025-06-09,3,Spoilage,717.54,Menu Item 149,9,239.18,Restaurant 009,Beverages,2025-06
1450,16,36,2025-04-14,2,Overproduction,901.8,Menu Item 036,6,450.9,Restaurant 016,Pasta,2025-04
1451,2,102,2025-05-05,2,Spoilage,1548.34,Menu Item 102,2,774.17,Restaurant 002,Pizza,2025-05
1452,16,136,2025-05-21,8,Preparation Error,3458.96,Menu Item 136,6,432.37,Restaurant 016,Pasta,2025-05
1453,9,89,2025-10-27,1,Preparation Error,266.36,Menu Item 089,9,266.36,Restaurant 009,Beverages,2025-10
1454,4,104,2025-12-19,1,Overproduction,167.96,Menu Item 104,4,167.96,Restaurant 004,Rice,2025-12
1455,16,96,2025-06-05,3,Spoilage,1215.66,Menu Item 096,6,405.22,Restaurant 016,Pasta,2025-06
1456,2,42,2025-08-18,2,Expired,935.42,Menu Item 042,2,467.71,Restaurant 002,Pizza,2025-08
1457,14,114,2025-03-04,2,Spoilage,1089.78,Menu Item 114,4,544.89,Restaurant 014,Rice,2025-03
1458,17,137,2025-05-14,1,Preparation Error,353.74,Menu Item 137,7,353.74,Restaurant 017,Sandwiches,2025-05
1459,15,135,2025-10-24,2,Overproduction,600.98,Menu Item 135,5,300.49,Restaurant 015,BBQ,2025-10
1460,18,38,2025-10-14,2,Unsold,752.64,Menu Item 038,8,376.32,Restaurant 018,Desserts,2025-10
1461,5,5,2025-09-07,5,Unsold,3801.05,Menu Item 005,5,760.21,Restaurant 005,BBQ,2025-09
1462,13,53,2025-01-24,2,Unsold,597.06,Menu Item 053,3,298.53,Restaurant 013,Biryani,2025-01
1463,18,118,2025-04-28,1,Spoilage,309.0,Menu Item 118,8,309.0,Restaurant 018,Desserts,2025-04
1464,14,94,2025-02-03,1,Spoilage,274.91,Menu Item 094,4,274.91,Restaurant 014,Rice,2025-02
1465,15,55,2025-10-04,3,Overproduction,2797.86,Menu Item 055,5,932.62,Restaurant 015,BBQ,2025-10
1466,7,147,2025-12-10,8,Preparation Error,1798.4,Menu Item 147,7,224.8,Restaurant 007,Sandwiches,2025-12
1467,6,146,2025-06-25,1,Overproduction,742.53,Menu Item 146,6,742.53,Restaurant 006,Pasta,2025-06
1468,17,57,2025-12-02,1,Expired,314.52,Menu Item 057,7,314.52,Restaurant 017,Sandwiches,2025-12
1469,7,107,2025-03-10,2,Overproduction,945.16,Menu Item 107,7,472.58,Restaurant 007,Sandwiches,2025-03
1470,4,84,2025-10-17,2,Overproduction,701.46,Menu Item 084,4,350.73,Restaurant 004,Rice,2025-10
1471,17,137,2025-07-03,3,Overproduction,1061.22,Menu Item 137,7,353.74,Restaurant 017,Sandwiches,2025-07
1472,11,111,2025-04-12,3,Preparation Error,978.57,Menu Item 111,1,326.19,Restaurant 011,Burgers,2025-04
1473,1,81,2025-05-03,1,Expired,514.47,Menu Item 081,1,514.47,Restaurant 001,Burgers,2025-05
1474,6,126,2025-08-02,2,Preparation Error,1341.26,Menu Item 126,6,670.63,Restaurant 006,Pasta,2025-08
1475,13,93,2025-01-13,1,Unsold,553.61,Menu Item 093,3,553.61,Restaurant 013,Biryani,2025-01
1476,3,3,2025-03-06,2,Preparation Error,451.92,Menu Item 003,3,225.96,Restaurant 003,Biryani,2025-03
1477,20,80,2025-09-15,5,Preparation Error,555.25,Menu Item 080,10,111.05,Restaurant 020,Salads,2025-09
1478,5,5,2025-10-02,1,Overproduction,760.21,Menu Item 005,5,760.21,Restaurant 005,BBQ,2025-10
1479,7,7,2025-02-08,2,Unsold,955.14,Menu Item 007,7,477.57,Restaurant 007,Sandwiches,2025-02
1480,6,46,2025-09-07,1,Unsold,633.91,Menu Item 046,6,633.91,Restaurant 006,Pasta,2025-09
1481,3,143,2025-03-20,1,Damaged,355.0,Menu Item 143,3,355.0,Restaurant 003,Biryani,2025-03
1482,13,73,2025-02-12,3,Unsold,695.25,Menu Item 073,3,231.75,Restaurant 013,Biryani,2025-02
1483,1,1,2025-03-11,3,Overproduction,1284.36,Menu Item 001,1,428.12,Restaurant 001,Burgers,2025-03
1484,16,16,2025-06-15,2,Spoilage,676.68,Menu Item 016,6,338.34,Restaurant 016,Pasta,2025-06
1485,1,101,2025-12-23,2,Unsold,637.02,Menu Item 101,1,318.51,Restaurant 001,Burgers,2025-12
1486,4,104,2025-04-16,5,Preparation Error,839.8,Menu Item 104,4,167.96,Restaurant 004,Rice,2025-04
1487,13,33,2025-06-06,2,Spoilage,703.0,Menu Item 033,3,351.5,Restaurant 013,Biryani,2025-06
1488,1,21,2025-10-05,1,Spoilage,322.28,Menu Item 021,1,322.28,Restaurant 001,Burgers,2025-10
1489,10,110,2025-04-14,1,Preparation Error,219.27,Menu Item 110,10,219.27,Restaurant 010,Salads,2025-04
1490,2,2,2025-06-13,1,Spoilage,822.3,Menu Item 002,2,822.3,Restaurant 002,Pizza,2025-06
1491,4,104,2025-11-14,1,Spoilage,167.96,Menu Item 104,4,167.96,Restaurant 004,Rice,2025-11
1492,7,7,2025-11-07,1,Unsold,477.57,Menu Item 007,7,477.57,Restaurant 007,Sandwiches,2025-11
1493,15,35,2025-12-24,3,Overproduction,1311.18,Menu Item 035,5,437.06,Restaurant 015,BBQ,2025-12
1494,1,121,2025-06-13,3,Overproduction,1125.9,Menu Item 121,1,375.3,Restaurant 001,Burgers,2025-06
1495,2,2,2025-10-14,1,Spoilage,822.3,Menu Item 002,2,822.3,Restaurant 002,Pizza,2025-10
1496,14,74,2025-08-27,5,Preparation Error,779.5,Menu Item 074,4,155.9,Restaurant 014,Rice,2025-08
1497,19,119,2025-05-28,1,Expired,104.64,Menu Item 119,9,104.64,Restaurant 019,Beverages,2025-05
1498,11,31,2025-12-27,2,Unsold,645.24,Menu Item 031,1,322.62,Restaurant 011,Burgers,2025-12
1499,12,132,2025-07-07,8,Spoilage,5136.48,Menu Item 132,2,642.06,Restaurant 012,Pizza,2025-07
1500,5,125,2025-05-24,3,Overproduction,3415.02,Menu Item 125,5,1138.34,Restaurant 005,BBQ,2025-05
1501,8,148,2025-02-21,3,Damaged,1012.92,Menu Item 148,8,337.64,Restaurant 008,Desserts,2025-02
1502,7,27,2025-12-23,2,Expired,675.42,Menu Item 027,7,337.71,Restaurant 007,Sandwiches,2025-12
1503,16,136,2025-02-27,2,Expired,864.74,Menu Item 136,6,432.37,Restaurant 016,Pasta,2025-02
1504,18,58,2025-02-11,2,Spoilage,720.5,Menu Item 058,8,360.25,Restaurant 018,Desserts,2025-02
1505,15,55,2025-12-17,3,Overproduction,2797.86,Menu Item 055,5,932.62,Restaurant 015,BBQ,2025-12
1506,4,84,2025-02-15,3,Expired,1052.19,Menu Item 084,4,350.73,Restaurant 004,Rice,2025-02
1507,1,101,2025-10-18,2,Spoilage,637.02,Menu Item 101,1,318.51,Restaurant 001,Burgers,2025-10
1508,10,90,2025-08-06,1,Overproduction,190.96,Menu Item 090,10,190.96,Restaurant 010,Salads,2025-08
1509,2,142,2025-08-16,1,Expired,919.35,Menu Item 142,2,919.35,Restaurant 002,Pizza,2025-08
1510,18,18,2025-06-27,5,Preparation Error,1671.95,Menu Item 018,8,334.39,Restaurant 018,Desserts,2025-06
1511,1,1,2025-07-02,2,Preparation Error,856.24,Menu Item 001,1,428.12,Restaurant 001,Burgers,2025-07
1512,19,79,2025-11-21,1,Expired,130.5,Menu Item 079,9,130.5,Restaurant 019,Beverages,2025-11
1513,17,77,2025-10-21,8,Preparation Error,4789.04,Menu Item 077,7,598.63,Restaurant 017,Sandwiches,2025-10
1514,4,4,2025-11-06,2,Expired,303.36,Menu Item 004,4,151.68,Restaurant 004,Rice,2025-11
1515,13,13,2025-01-09,1,Overproduction,389.28,Menu Item 013,3,389.28,Restaurant 013,Biryani,2025-01
1516,16,76,2025-04-23,2,Expired,830.62,Menu Item 076,6,415.31,Restaurant 016,Pasta,2025-04
1517,17,117,2025-05-12,1,Unsold,429.73,Menu Item 117,7,429.73,Restaurant 017,Sandwiches,2025-05
1518,2,2,2025-09-16,1,Spoilage,822.3,Menu Item 002,2,822.3,Restaurant 002,Pizza,2025-09
1519,9,9,2025-12-24,3,Unsold,421.05,Menu Item 009,9,140.35,Restaurant 009,Beverages,2025-12
1520,13,113,2025-09-12,8,Preparation Error,1846.48,Menu Item 113,3,230.81,Restaurant 013,Biryani,2025-09
1521,2,82,2025-07-24,3,Spoilage,1804.35,Menu Item 082,2,601.45,Restaurant 002,Pizza,2025-07
1522,16,116,2025-04-03,2,Expired,1026.56,Menu Item 116,6,513.28,Restaurant 016,Pasta,2025-04
1523,11,131,2025-04-03,1,Overproduction,372.73,Menu Item 131,1,372.73,Restaurant 011,Burgers,2025-04
1524,1,1,2025-12-12,2,Overproduction,856.24,Menu Item 001,1,428.12,Restaurant 001,Burgers,2025-12
1525,19,59,2025-07-22,3,Preparation Error,569.61,Menu Item 059,9,189.87,Restaurant 019,Beverages,2025-07
1526,14,14,2025-09-16,1,Damaged,231.23,Menu Item 014,4,231.23,Restaurant 014,Rice,2025-09
1527,10,70,2025-12-03,2,Expired,414.5,Menu Item 070,10,207.25,Restaurant 010,Salads,2025-12
1528,19,79,2025-01-06,1,Preparation Error,130.5,Menu Item 079,9,130.5,Restaurant 019,Beverages,2025-01
1529,5,125,2025-07-24,2,Overproduction,2276.68,Menu Item 125,5,1138.34,Restaurant 005,BBQ,2025-07
1530,5,145,2025-07-16,1,Spoilage,429.88,Menu Item 145,5,429.88,Restaurant 005,BBQ,2025-07
1531,12,72,2025-06-09,3,Unsold,827.34,Menu Item 072,2,275.78,Restaurant 012,Pizza,2025-06
1532,4,64,2025-01-19,5,Overproduction,1282.3,Menu Item 064,4,256.46,Restaurant 004,Rice,2025-01
1533,10,130,2025-11-08,3,Damaged,876.42,Menu Item 130,10,292.14,Restaurant 010,Salads,2025-11
1534,1,61,2025-03-15,5,Damaged,2478.55,Menu Item 061,1,495.71,Restaurant 001,Burgers,2025-03
1535,9,69,2025-04-01,2,Preparation Error,189.6,Menu Item 069,9,94.8,Restaurant 009,Beverages,2025-04
1536,4,144,2025-01-23,5,Expired,1216.25,Menu Item 144,4,243.25,Restaurant 004,Rice,2025-01
1537,19,99,2025-11-19,1,Preparation Error,111.74,Menu Item 099,9,111.74,Restaurant 019,Beverages,2025-11
1538,2,42,2025-06-24,2,Damaged,935.42,Menu Item 042,2,467.71,Restaurant 002,Pizza,2025-06
1539,10,90,2025-12-06,1,Damaged,190.96,Menu Item 090,10,190.96,Restaurant 010,Salads,2025-12
1540,5,25,2025-11-15,1,Overproduction,1027.71,Menu Item 025,5,1027.71,Restaurant 005,BBQ,2025-11
1541,10,50,2025-01-15,5,Preparation Error,790.5,Menu Item 050,10,158.1,Restaurant 010,Salads,2025-01
1542,2,122,2025-11-08,1,Damaged,828.35,Menu Item 122,2,828.35,Restaurant 002,Pizza,2025-11
1543,1,41,2025-08-12,1,Spoilage,254.51,Menu Item 041,1,254.51,Restaurant 001,Burgers,2025-08
1544,5,85,2025-06-01,1,Preparation Error,355.11,Menu Item 085,5,355.11,Restaurant 005,BBQ,2025-06
1545,17,57,2025-08-19,1,Preparation Error,314.52,Menu Item 057,7,314.52,Restaurant 017,Sandwiches,2025-08
1546,10,50,2025-02-26,2,Unsold,316.2,Menu Item 050,10,158.1,Restaurant 010,Salads,2025-02
1547,16,56,2025-03-06,1,Overproduction,390.6,Menu Item 056,6,390.6,Restaurant 016,Pasta,2025-03
1548,15,35,2025-02-16,1,Expired,437.06,Menu Item 035,5,437.06,Restaurant 015,BBQ,2025-02
1549,2,62,2025-02-11,3,Overproduction,1529.31,Menu Item 062,2,509.77,Restaurant 002,Pizza,2025-02
1550,9,149,2025-08-19,2,Expired,478.36,Menu Item 149,9,239.18,Restaurant 009,Beverages,2025-08
1551,20,120,2025-01-07,1,Unsold,227.83,Menu Item 120,10,227.83,Restaurant 020,Salads,2025-01
1552,2,122,2025-06-11,1,Preparation Error,828.35,Menu Item 122,2,828.35,Restaurant 002,Pizza,2025-06
1553,18,38,2025-11-07,2,Spoilage,752.64,Menu Item 038,8,376.32,Restaurant 018,Desserts,2025-11
1554,17,57,2025-11-23,1,Overproduction,314.52,Menu Item 057,7,314.52,Restaurant 017,Sandwiches,2025-11
1555,8,148,2025-02-25,3,Preparation Error,1012.92,Menu Item 148,8,337.64,Restaurant 008,Desserts,2025-02
1556,1,21,2025-09-23,2,Expired,644.56,Menu Item 021,1,322.28,Restaurant 001,Burgers,2025-09
1557,1,81,2025-07-18,1,Spoilage,514.47,Menu Item 081,1,514.47,Restaurant 001,Burgers,2025-07
1558,10,50,2025-01-02,3,Overproduction,474.3,Menu Item 050,10,158.1,Restaurant 010,Salads,2025-01
1559,9,49,2025-01-10,1,Unsold,254.28,Menu Item 049,9,254.28,Restaurant 009,Beverages,2025-01
1560,8,68,2025-11-13,1,Preparation Error,114.06,Menu Item 068,8,114.06,Restaurant 008,Desserts,2025-11
1561,5,5,2025-04-10,3,Spoilage,2280.63,Menu Item 005,5,760.21,Restaurant 005,BBQ,2025-04
1562,10,150,2025-09-02,3,Damaged,1132.02,Menu Item 150,10,377.34,Restaurant 010,Salads,2025-09
1563,12,112,2025-04-15,3,Unsold,2583.84,Menu Item 112,2,861.28,Restaurant 012,Pizza,2025-04
1564,18,38,2025-06-12,5,Preparation Error,1881.6,Menu Item 038,8,376.32,Restaurant 018,Desserts,2025-06
1565,18,118,2025-05-25,2,Expired,618.0,Menu Item 118,8,309.0,Restaurant 018,Desserts,2025-05
1566,10,30,2025-10-04,2,Expired,334.54,Menu Item 030,10,167.27,Restaurant 010,Salads,2025-10
1567,5,125,2025-10-03,5,Expired,5691.7,Menu Item 125,5,1138.34,Restaurant 005,BBQ,2025-10
1568,3,63,2025-06-28,8,Unsold,2511.52,Menu Item 063,3,313.94,Restaurant 003,Biryani,2025-06
1569,3,63,2025-03-21,5,Preparation Error,1569.7,Menu Item 063,3,313.94,Restaurant 003,Biryani,2025-03
1570,13,13,2025-01-18,2,Preparation Error,778.56,Menu Item 013,3,389.28,Restaurant 013,Biryani,2025-01
1571,14,54,2025-12-16,2,Damaged,364.36,Menu Item 054,4,182.18,Restaurant 014,Rice,2025-12
1572,20,140,2025-05-08,5,Preparation Error,892.0,Menu Item 140,10,178.4,Restaurant 020,Salads,2025-05
1573,2,62,2025-12-28,1,Preparation Error,509.77,Menu Item 062,2,509.77,Restaurant 002,Pizza,2025-12
1574,20,40,2025-08-13,3,Overproduction,828.72,Menu Item 040,10,276.24,Restaurant 020,Salads,2025-08
1575,15,115,2025-01-14,2,Spoilage,1607.8,Menu Item 115,5,803.9,Restaurant 015,BBQ,2025-01
1576,3,143,2025-01-15,2,Preparation Error,710.0,Menu Item 143,3,355.0,Restaurant 003,Biryani,2025-01
1577,16,36,2025-05-27,2,Spoilage,901.8,Menu Item 036,6,450.9,Restaurant 016,Pasta,2025-05
1578,5,5,2025-04-17,1,Expired,760.21,Menu Item 005,5,760.21,Restaurant 005,BBQ,2025-04
1579,19,79,2025-07-04,10,Spoilage,1305.0,Menu Item 079,9,130.5,Restaurant 019,Beverages,2025-07
1580,13,133,2025-05-11,1,Damaged,508.83,Menu Item 133,3,508.83,Restaurant 013,Biryani,2025-05
1581,4,84,2025-09-04,1,Overproduction,350.73,Menu Item 084,4,350.73,Restaurant 004,Rice,2025-09
1582,20,140,2025-10-28,1,Unsold,178.4,Menu Item 140,10,178.4,Restaurant 020,Salads,2025-10
1583,11,51,2025-07-26,3,Preparation Error,1088.43,Menu Item 051,1,362.81,Restaurant 011,Burgers,2025-07
1584,4,84,2025-04-17,2,Expired,701.46,Menu Item 084,4,350.73,Restaurant 004,Rice,2025-04
1585,19,99,2025-07-22,2,Spoilage,223.48,Menu Item 099,9,111.74,Restaurant 019,Beverages,2025-07
1586,7,7,2025-12-10,5,Preparation Error,2387.85,Menu Item 007,7,477.57,Restaurant 007,Sandwiches,2025-12
1587,20,80,2025-02-01,1,Damaged,111.05,Menu Item 080,10,111.05,Restaurant 020,Salads,2025-02
1588,9,149,2025-08-23,5,Spoilage,1195.9,Menu Item 149,9,239.18,Restaurant 009,Beverages,2025-08
1589,11,131,2025-11-14,2,Overproduction,745.46,Menu Item 131,1,372.73,Restaurant 011,Burgers,2025-11
1590,17,137,2025-09-23,3,Preparation Error,1061.22,Menu Item 137,7,353.74,Restaurant 017,Sandwiches,2025-09
1591,13,73,2025-02-26,1,Preparation Error,231.75,Menu Item 073,3,231.75,Restaurant 013,Biryani,2025-02
1592,10,130,2025-11-16,2,Preparation Error,584.28,Menu Item 130,10,292.14,Restaurant 010,Salads,2025-11
1593,15,55,2025-01-18,1,Overproduction,932.62,Menu Item 055,5,932.62,Restaurant 015,BBQ,2025-01
1594,8,68,2025-04-27,1,Damaged,114.06,Menu Item 068,8,114.06,Restaurant 008,Desserts,2025-04
1595,16,136,2025-06-11,1,Overproduction,432.37,Menu Item 136,6,432.37,Restaurant 016,Pasta,2025-06
1596,16,16,2025-08-06,1,Spoilage,338.34,Menu Item 016,6,338.34,Restaurant 016,Pasta,2025-08
1597,2,62,2025-01-05,2,Spoilage,1019.54,Menu Item 062,2,509.77,Restaurant 002,Pizza,2025-01
1598,2,22,2025-06-26,2,Spoilage,646.94,Menu Item 022,2,323.47,Restaurant 002,Pizza,2025-06
1599,3,123,2025-09-06,1,Expired,365.54,Menu Item 123,3,365.54,Restaurant 003,Biryani,2025-09
1600,5,5,2025-04-21,1,Expired,760.21,Menu Item 005,5,760.21,Restaurant 005,BBQ,2025-04
1601,20,100,2025-09-09,2,Overproduction,973.4,Menu Item 100,10,486.7,Restaurant 020,Salads,2025-09
1602,11,131,2025-05-28,2,Expired,745.46,Menu Item 131,1,372.73,Restaurant 011,Burgers,2025-05
1603,7,87,2025-10-06,5,Spoilage,2654.9,Menu Item 087,7,530.98,Restaurant 007,Sandwiches,2025-10
1604,5,65,2025-08-05,1,Spoilage,515.74,Menu Item 065,5,515.74,Restaurant 005,BBQ,2025-08
1605,10,30,2025-11-03,1,Unsold,167.27,Menu Item 030,10,167.27,Restaurant 010,Salads,2025-11
1606,9,129,2025-05-23,1,Unsold,100.2,Menu Item 129,9,100.2,Restaurant 009,Beverages,2025-05
1607,19,79,2025-02-27,1,Spoilage,130.5,Menu Item 079,9,130.5,Restaurant 019,Beverages,2025-02
1608,13,113,2025-02-21,2,Expired,461.62,Menu Item 113,3,230.81,Restaurant 013,Biryani,2025-02
1609,1,61,2025-10-14,2,Damaged,991.42,Menu Item 061,1,495.71,Restaurant 001,Burgers,2025-10
1610,19,119,2025-02-11,2,Preparation Error,209.28,Menu Item 119,9,104.64,Restaurant 019,Beverages,2025-02
1611,19,39,2025-02-19,1,Unsold,88.74,Menu Item 039,9,88.74,Restaurant 019,Beverages,2025-02
1612,13,133,2025-06-03,8,Preparation Error,4070.64,Menu Item 133,3,508.83,Restaurant 013,Biryani,2025-06
1613,9,49,2025-01-15,1,Preparation Error,254.28,Menu Item 049,9,254.28,Restaurant 009,Beverages,2025-01
1614,6,66,2025-04-03,8,Damaged,3350.24,Menu Item 066,6,418.78,Restaurant 006,Pasta,2025-04
1615,14,74,2025-04-26,2,Spoilage,311.8,Menu Item 074,4,155.9,Restaurant 014,Rice,2025-04
1616,12,52,2025-04-06,8,Expired,3708.8,Menu Item 052,2,463.6,Restaurant 012,Pizza,2025-04
1617,4,24,2025-03-18,1,Spoilage,498.37,Menu Item 024,4,498.37,Restaurant 004,Rice,2025-03
1618,2,142,2025-08-24,2,Damaged,1838.7,Menu Item 142,2,919.35,Restaurant 002,Pizza,2025-08
1619,6,146,2025-07-05,5,Preparation Error,3712.65,Menu Item 146,6,742.53,Restaurant 006,Pasta,2025-07
1620,4,44,2025-02-10,3,Damaged,1322.16,Menu Item 044,4,440.72,Restaurant 004,Rice,2025-02
1621,20,60,2025-07-23,1,Expired,331.16,Menu Item 060,10,331.16,Restaurant 020,Salads,2025-07
1622,12,132,2025-09-14,1,Unsold,642.06,Menu Item 132,2,642.06,Restaurant 012,Pizza,2025-09
1623,6,26,2025-02-14,2,Expired,1213.12,Menu Item 026,6,606.56,Restaurant 006,Pasta,2025-02
1624,19,119,2025-07-02,1,Spoilage,104.64,Menu Item 119,9,104.64,Restaurant 019,Beverages,2025-07
1625,6,106,2025-10-25,8,Unsold,2217.04,Menu Item 106,6,277.13,Restaurant 006,Pasta,2025-10
1626,2,102,2025-09-21,5,Preparation Error,3870.85,Menu Item 102,2,774.17,Restaurant 002,Pizza,2025-09
1627,15,115,2025-09-25,2,Preparation Error,1607.8,Menu Item 115,5,803.9,Restaurant 015,BBQ,2025-09
1628,18,78,2025-09-24,2,Overproduction,512.22,Menu Item 078,8,256.11,Restaurant 018,Desserts,2025-09
1629,10,130,2025-02-05,1,Damaged,292.14,Menu Item 130,10,292.14,Restaurant 010,Salads,2025-02
1630,3,123,2025-09-12,1,Expired,365.54,Menu Item 123,3,365.54,Restaurant 003,Biryani,2025-09
1631,2,142,2025-06-18,2,Spoilage,1838.7,Menu Item 142,2,919.35,Restaurant 002,Pizza,2025-06
1632,12,92,2025-05-22,1,Preparation Error,464.37,Menu Item 092,2,464.37,Restaurant 012,Pizza,2025-05
1633,17,57,2025-09-16,3,Unsold,943.56,Menu Item 057,7,314.52,Restaurant 017,Sandwiches,2025-09
1634,1,61,2025-03-10,1,Preparation Error,495.71,Menu Item 061,1,495.71,Restaurant 001,Burgers,2025-03
1635,5,25,2025-03-08,5,Unsold,5138.55,Menu Item 025,5,1027.71,Restaurant 005,BBQ,2025-03
1636,12,72,2025-02-23,2,Overproduction,551.56,Menu Item 072,2,275.78,Restaurant 012,Pizza,2025-02
1637,3,23,2025-12-23,1,Preparation Error,270.23,Menu Item 023,3,270.23,Restaurant 003,Biryani,2025-12
1638,4,24,2025-08-23,2,Overproduction,996.74,Menu Item 024,4,498.37,Restaurant 004,Rice,2025-08
1639,1,61,2025-07-16,1,Unsold,495.71,Menu Item 061,1,495.71,Restaurant 001,Burgers,2025-07
1640,1,101,2025-06-18,5,Spoilage,1592.55,Menu Item 101,1,318.51,Restaurant 001,Burgers,2025-06
1641,7,127,2025-08-01,1,Damaged,334.08,Menu Item 127,7,334.08,Restaurant 007,Sandwiches,2025-08
1642,4,84,2025-07-06,1,Preparation Error,350.73,Menu Item 084,4,350.73,Restaurant 004,Rice,2025-07
1643,1,121,2025-03-21,3,Spoilage,1125.9,Menu Item 121,1,375.3,Restaurant 001,Burgers,2025-03
1644,1,61,2025-01-06,5,Unsold,2478.55,Menu Item 061,1,495.71,Restaurant 001,Burgers,2025-01
1645,1,41,2025-09-13,2,Damaged,509.02,Menu Item 041,1,254.51,Restaurant 001,Burgers,2025-09
1646,17,37,2025-10-08,1,Preparation Error,689.77,Menu Item 037,7,689.77,Restaurant 017,Sandwiches,2025-10
1647,20,60,2025-11-05,2,Unsold,662.32,Menu Item 060,10,331.16,Restaurant 020,Salads,2025-11
1648,8,8,2025-09-03,1,Overproduction,307.72,Menu Item 008,8,307.72,Restaurant 008,Desserts,2025-09
1649,17,97,2025-02-18,1,Spoilage,454.04,Menu Item 097,7,454.04,Restaurant 017,Sandwiches,2025-02
1650,12,92,2025-09-22,1,Spoilage,464.37,Menu Item 092,2,464.37,Restaurant 012,Pizza,2025-09
1651,18,138,2025-05-10,1,Spoilage,154.6,Menu Item 138,8,154.6,Restaurant 018,Desserts,2025-05
1652,1,61,2025-04-26,2,Preparation Error,991.42,Menu Item 061,1,495.71,Restaurant 001,Burgers,2025-04
1653,16,16,2025-12-20,3,Overproduction,1015.02,Menu Item 016,6,338.34,Restaurant 016,Pasta,2025-12
1654,5,85,2025-10-20,2,Expired,710.22,Menu Item 085,5,355.11,Restaurant 005,BBQ,2025-10
1655,3,63,2025-10-21,1,Expired,313.94,Menu Item 063,3,313.94,Restaurant 003,Biryani,2025-10
1656,6,66,2025-12-20,3,Preparation Error,1256.34,Menu Item 066,6,418.78,Restaurant 006,Pasta,2025-12
1657,18,78,2025-03-08,3,Preparation Error,768.33,Menu Item 078,8,256.11,Restaurant 018,Desserts,2025-03
1658,20,60,2025-07-08,2,Expired,662.32,Menu Item 060,10,331.16,Restaurant 020,Salads,2025-07
1659,9,89,2025-05-12,5,Preparation Error,1331.8,Menu Item 089,9,266.36,Restaurant 009,Beverages,2025-05
1660,11,91,2025-09-02,1,Overproduction,370.79,Menu Item 091,1,370.79,Restaurant 011,Burgers,2025-09
1661,4,64,2025-08-15,1,Damaged,256.46,Menu Item 064,4,256.46,Restaurant 004,Rice,2025-08
1662,13,53,2025-08-08,2,Expired,597.06,Menu Item 053,3,298.53,Restaurant 013,Biryani,2025-08
1663,10,70,2025-04-06,1,Damaged,207.25,Menu Item 070,10,207.25,Restaurant 010,Salads,2025-04
1664,2,2,2025-04-05,1,Spoilage,822.3,Menu Item 002,2,822.3,Restaurant 002,Pizza,2025-04
1665,11,111,2025-02-24,2,Unsold,652.38,Menu Item 111,1,326.19,Restaurant 011,Burgers,2025-02
1666,19,119,2025-09-19,3,Preparation Error,313.92,Menu Item 119,9,104.64,Restaurant 019,Beverages,2025-09
1667,8,8,2025-04-07,2,Preparation Error,615.44,Menu Item 008,8,307.72,Restaurant 008,Desserts,2025-04
1668,17,117,2025-08-14,3,Expired,1289.19,Menu Item 117,7,429.73,Restaurant 017,Sandwiches,2025-08
1669,9,89,2025-05-22,2,Overproduction,532.72,Menu Item 089,9,266.36,Restaurant 009,Beverages,2025-05
1670,7,47,2025-09-14,3,Preparation Error,1594.68,Menu Item 047,7,531.56,Restaurant 007,Sandwiches,2025-09
1671,18,18,2025-06-15,1,Expired,334.39,Menu Item 018,8,334.39,Restaurant 018,Desserts,2025-06
1672,19,59,2025-05-06,2,Expired,379.74,Menu Item 059,9,189.87,Restaurant 019,Beverages,2025-05
1673,17,37,2025-10-07,3,Expired,2069.31,Menu Item 037,7,689.77,Restaurant 017,Sandwiches,2025-10
1674,14,34,2025-01-07,2,Expired,928.64,Menu Item 034,4,464.32,Restaurant 014,Rice,2025-01
1675,4,4,2025-01-28,1,Expired,151.68,Menu Item 004,4,151.68,Restaurant 004,Rice,2025-01
1676,17,57,2025-05-22,1,Spoilage,314.52,Menu Item 057,7,314.52,Restaurant 017,Sandwiches,2025-05
1677,20,140,2025-03-13,8,Unsold,1427.2,Menu Item 140,10,178.4,Restaurant 020,Salads,2025-03
1678,2,62,2025-11-17,1,Spoilage,509.77,Menu Item 062,2,509.77,Restaurant 002,Pizza,2025-11
1679,15,55,2025-01-01,2,Overproduction,1865.24,Menu Item 055,5,932.62,Restaurant 015,BBQ,2025-01
1680,6,146,2025-02-28,1,Damaged,742.53,Menu Item 146,6,742.53,Restaurant 006,Pasta,2025-02
1681,7,107,2025-12-21,3,Unsold,1417.74,Menu Item 107,7,472.58,Restaurant 007,Sandwiches,2025-12
1682,10,10,2025-12-07,3,Overproduction,429.9,Menu Item 010,10,143.3,Restaurant 010,Salads,2025-12
1683,15,135,2025-04-13,5,Expired,1502.45,Menu Item 135,5,300.49,Restaurant 015,BBQ,2025-04
1684,6,6,2025-02-09,2,Preparation Error,604.3,Menu Item 006,6,302.15,Restaurant 006,Pasta,2025-02
1685,8,108,2025-11-28,1,Unsold,415.08,Menu Item 108,8,415.08,Restaurant 008,Desserts,2025-11
1686,13,13,2025-06-19,2,Damaged,778.56,Menu Item 013,3,389.28,Restaurant 013,Biryani,2025-06
1687,4,64,2025-07-01,1,Expired,256.46,Menu Item 064,4,256.46,Restaurant 004,Rice,2025-07
1688,9,109,2025-03-09,2,Spoilage,442.86,Menu Item 109,9,221.43,Restaurant 009,Beverages,2025-03
1689,6,146,2025-03-28,1,Damaged,742.53,Menu Item 146,6,742.53,Restaurant 006,Pasta,2025-03
1690,6,26,2025-06-12,2,Spoilage,1213.12,Menu Item 026,6,606.56,Restaurant 006,Pasta,2025-06
1691,16,36,2025-11-16,3,Overproduction,1352.7,Menu Item 036,6,450.9,Restaurant 016,Pasta,2025-11
1692,2,2,2025-03-26,3,Spoilage,2466.9,Menu Item 002,2,822.3,Restaurant 002,Pizza,2025-03
1693,2,2,2025-12-02,2,Spoilage,1644.6,Menu Item 002,2,822.3,Restaurant 002,Pizza,2025-12
1694,7,47,2025-12-15,3,Spoilage,1594.68,Menu Item 047,7,531.56,Restaurant 007,Sandwiches,2025-12
1695,12,132,2025-06-16,1,Preparation Error,642.06,Menu Item 132,2,642.06,Restaurant 012,Pizza,2025-06
1696,1,1,2025-02-22,1,Overproduction,428.12,Menu Item 001,1,428.12,Restaurant 001,Burgers,2025-02
1697,15,75,2025-03-22,2,Expired,844.0,Menu Item 075,5,422.0,Restaurant 015,BBQ,2025-03
1698,8,128,2025-09-28,1,Preparation Error,347.29,Menu Item 128,8,347.29,Restaurant 008,Desserts,2025-09
1699,2,62,2025-12-14,1,Spoilage,509.77,Menu Item 062,2,509.77,Restaurant 002,Pizza,2025-12
1700,19,19,2025-06-20,1,Overproduction,179.99,Menu Item 019,9,179.99,Restaurant 019,Beverages,2025-06
1701,14,14,2025-07-17,2,Expired,462.46,Menu Item 014,4,231.23,Restaurant 014,Rice,2025-07
1702,20,120,2025-07-02,2,Damaged,455.66,Menu Item 120,10,227.83,Restaurant 020,Salads,2025-07
1703,14,54,2025-05-03,5,Unsold,910.9,Menu Item 054,4,182.18,Restaurant 014,Rice,2025-05
1704,17,57,2025-04-22,1,Spoilage,314.52,Menu Item 057,7,314.52,Restaurant 017,Sandwiches,2025-04
1705,6,6,2025-02-23,1,Overproduction,302.15,Menu Item 006,6,302.15,Restaurant 006,Pasta,2025-02
1706,19,59,2025-10-23,1,Overproduction,189.87,Menu Item 059,9,189.87,Restaurant 019,Beverages,2025-10
1707,16,76,2025-09-26,1,Preparation Error,415.31,Menu Item 076,6,415.31,Restaurant 016,Pasta,2025-09
1708,16,96,2025-02-19,1,Expired,405.22,Menu Item 096,6,405.22,Restaurant 016,Pasta,2025-02
1709,20,120,2025-11-24,1,Spoilage,227.83,Menu Item 120,10,227.83,Restaurant 020,Salads,2025-11
1710,18,138,2025-02-24,3,Expired,463.8,Menu Item 138,8,154.6,Restaurant 018,Desserts,2025-02
1711,13,133,2025-08-25,2,Unsold,1017.66,Menu Item 133,3,508.83,Restaurant 013,Biryani,2025-08
1712,10,110,2025-03-09,8,Expired,1754.16,Menu Item 110,10,219.27,Restaurant 010,Salads,2025-03
1713,3,23,2025-03-21,1,Overproduction,270.23,Menu Item 023,3,270.23,Restaurant 003,Biryani,2025-03
1714,11,131,2025-09-18,5,Damaged,1863.65,Menu Item 131,1,372.73,Restaurant 011,Burgers,2025-09
1715,13,113,2025-01-21,2,Damaged,461.62,Menu Item 113,3,230.81,Restaurant 013,Biryani,2025-01
1716,4,44,2025-03-13,3,Expired,1322.16,Menu Item 044,4,440.72,Restaurant 004,Rice,2025-03
1717,6,66,2025-09-19,5,Damaged,2093.9,Menu Item 066,6,418.78,Restaurant 006,Pasta,2025-09
1718,10,130,2025-09-21,2,Overproduction,584.28,Menu Item 130,10,292.14,Restaurant 010,Salads,2025-09
1719,9,9,2025-09-05,1,Damaged,140.35,Menu Item 009,9,140.35,Restaurant 009,Beverages,2025-09
1720,4,4,2025-12-25,1,Preparation Error,151.68,Menu Item 004,4,151.68,Restaurant 004,Rice,2025-12
1721,2,22,2025-05-19,2,Preparation Error,646.94,Menu Item 022,2,323.47,Restaurant 002,Pizza,2025-05
1722,15,75,2025-03-16,1,Unsold,422.0,Menu Item 075,5,422.0,Restaurant 015,BBQ,2025-03
1723,11,131,2025-10-07,2,Damaged,745.46,Menu Item 131,1,372.73,Restaurant 011,Burgers,2025-10
1724,12,12,2025-01-10,2,Spoilage,1566.2,Menu Item 012,2,783.1,Restaurant 012,Pizza,2025-01
1725,3,83,2025-06-04,1,Unsold,236.35,Menu Item 083,3,236.35,Restaurant 003,Biryani,2025-06
1726,20,60,2025-06-25,1,Damaged,331.16,Menu Item 060,10,331.16,Restaurant 020,Salads,2025-06
1727,3,123,2025-02-13,2,Overproduction,731.08,Menu Item 123,3,365.54,Restaurant 003,Biryani,2025-02
1728,2,62,2025-11-07,1,Expired,509.77,Menu Item 062,2,509.77,Restaurant 002,Pizza,2025-11
1729,1,121,2025-11-14,3,Unsold,1125.9,Menu Item 121,1,375.3,Restaurant 001,Burgers,2025-11
1730,9,89,2025-10-02,3,Overproduction,799.08,Menu Item 089,9,266.36,Restaurant 009,Beverages,2025-10
1731,1,61,2025-01-15,3,Expired,1487.13,Menu Item 061,1,495.71,Restaurant 001,Burgers,2025-01
1732,14,14,2025-02-26,2,Unsold,462.46,Menu Item 014,4,231.23,Restaurant 014,Rice,2025-02
1733,19,99,2025-03-18,3,Expired,335.22,Menu Item 099,9,111.74,Restaurant 019,Beverages,2025-03
1734,17,37,2025-05-04,1,Overproduction,689.77,Menu Item 037,7,689.77,Restaurant 017,Sandwiches,2025-05
1735,13,113,2025-07-01,3,Overproduction,692.43,Menu Item 113,3,230.81,Restaurant 013,Biryani,2025-07
1736,7,47,2025-08-13,5,Unsold,2657.8,Menu Item 047,7,531.56,Restaurant 007,Sandwiches,2025-08
1737,1,121,2025-03-20,2,Expired,750.6,Menu Item 121,1,375.3,Restaurant 001,Burgers,2025-03
1738,14,54,2025-05-15,1,Preparation Error,182.18,Menu Item 054,4,182.18,Restaurant 014,Rice,2025-05
1739,1,1,2025-02-11,2,Spoilage,856.24,Menu Item 001,1,428.12,Restaurant 001,Burgers,2025-02
1740,10,130,2025-05-15,2,Unsold,584.28,Menu Item 130,10,292.14,Restaurant 010,Salads,2025-05
1741,11,31,2025-11-17,2,Expired,645.24,Menu Item 031,1,322.62,Restaurant 011,Burgers,2025-11
1742,10,10,2025-07-20,1,Spoilage,143.3,Menu Item 010,10,143.3,Restaurant 010,Salads,2025-07
1743,8,128,2025-05-01,1,Overproduction,347.29,Menu Item 128,8,347.29,Restaurant 008,Desserts,2025-05
1744,17,57,2025-03-07,8,Overproduction,2516.16,Menu Item 057,7,314.52,Restaurant 017,Sandwiches,2025-03
1745,10,130,2025-10-15,1,Overproduction,292.14,Menu Item 130,10,292.14,Restaurant 010,Salads,2025-10
1746,14,134,2025-06-11,3,Damaged,865.02,Menu Item 134,4,288.34,Restaurant 014,Rice,2025-06
1747,20,20,2025-11-14,1,Overproduction,288.51,Menu Item 020,10,288.51,Restaurant 020,Salads,2025-11
1748,17,37,2025-07-22,1,Spoilage,689.77,Menu Item 037,7,689.77,Restaurant 017,Sandwiches,2025-07
1749,14,34,2025-09-14,3,Expired,1392.96,Menu Item 034,4,464.32,Restaurant 014,Rice,2025-09
1750,19,39,2025-06-05,1,Spoilage,88.74,Menu Item 039,9,88.74,Restaurant 019,Beverages,2025-06
1751,13,53,2025-02-15,1,Spoilage,298.53,Menu Item 053,3,298.53,Restaurant 013,Biryani,2025-02
1752,13,33,2025-02-09,3,Damaged,1054.5,Menu Item 033,3,351.5,Restaurant 013,Biryani,2025-02
1753,9,49,2025-01-17,1,Preparation Error,254.28,Menu Item 049,9,254.28,Restaurant 009,Beverages,2025-01
1754,18,78,2025-07-16,2,Expired,512.22,Menu Item 078,8,256.11,Restaurant 018,Desserts,2025-07
1755,20,100,2025-09-04,2,Overproduction,973.4,Menu Item 100,10,486.7,Restaurant 020,Salads,2025-09
1756,5,105,2025-03-22,1,Spoilage,596.54,Menu Item 105,5,596.54,Restaurant 005,BBQ,2025-03
1757,10,50,2025-02-12,3,Spoilage,474.3,Menu Item 050,10,158.1,Restaurant 010,Salads,2025-02
1758,5,105,2025-10-24,3,Preparation Error,1789.62,Menu Item 105,5,596.54,Restaurant 005,BBQ,2025-10
1759,8,88,2025-01-20,2,Unsold,451.26,Menu Item 088,8,225.63,Restaurant 008,Desserts,2025-01
1760,19,79,2025-10-17,1,Damaged,130.5,Menu Item 079,9,130.5,Restaurant 019,Beverages,2025-10
1761,19,19,2025-02-17,2,Spoilage,359.98,Menu Item 019,9,179.99,Restaurant 019,Beverages,2025-02
1762,16,16,2025-04-03,1,Expired,338.34,Menu Item 016,6,338.34,Restaurant 016,Pasta,2025-04
1763,6,46,2025-09-18,3,Spoilage,1901.73,Menu Item 046,6,633.91,Restaurant 006,Pasta,2025-09
1764,2,102,2025-10-01,2,Preparation Error,1548.34,Menu Item 102,2,774.17,Restaurant 002,Pizza,2025-10
1765,2,22,2025-06-03,2,Spoilage,646.94,Menu Item 022,2,323.47,Restaurant 002,Pizza,2025-06
1766,16,76,2025-09-03,2,Spoilage,830.62,Menu Item 076,6,415.31,Restaurant 016,Pasta,2025-09
1767,10,70,2025-12-11,1,Expired,207.25,Menu Item 070,10,207.25,Restaurant 010,Salads,2025-12
1768,2,22,2025-02-26,2,Overproduction,646.94,Menu Item 022,2,323.47,Restaurant 002,Pizza,2025-02
1769,7,107,2025-12-24,1,Spoilage,472.58,Menu Item 107,7,472.58,Restaurant 007,Sandwiches,2025-12
1770,4,84,2025-09-12,5,Expired,1753.65,Menu Item 084,4,350.73,Restaurant 004,Rice,2025-09
1771,5,105,2025-03-21,8,Spoilage,4772.32,Menu Item 105,5,596.54,Restaurant 005,BBQ,2025-03
1772,6,66,2025-10-09,3,Expired,1256.34,Menu Item 066,6,418.78,Restaurant 006,Pasta,2025-10
1773,16,136,2025-01-27,1,Expired,432.37,Menu Item 136,6,432.37,Restaurant 016,Pasta,2025-01
1774,16,96,2025-04-28,1,Expired,405.22,Menu Item 096,6,405.22,Restaurant 016,Pasta,2025-04
1775,20,140,2025-09-06,3,Unsold,535.2,Menu Item 140,10,178.4,Restaurant 020,Salads,2025-09
1776,17,37,2025-02-26,2,Overproduction,1379.54,Menu Item 037,7,689.77,Restaurant 017,Sandwiches,2025-02
1777,4,144,2025-05-03,5,Unsold,1216.25,Menu Item 144,4,243.25,Restaurant 004,Rice,2025-05
1778,8,108,2025-07-12,3,Unsold,1245.24,Menu Item 108,8,415.08,Restaurant 008,Desserts,2025-07
1779,1,81,2025-12-12,3,Preparation Error,1543.41,Menu Item 081,1,514.47,Restaurant 001,Burgers,2025-12
1780,14,34,2025-08-15,1,Preparation Error,464.32,Menu Item 034,4,464.32,Restaurant 014,Rice,2025-08
1781,14,54,2025-05-26,1,Spoilage,182.18,Menu Item 054,4,182.18,Restaurant 014,Rice,2025-05
1782,16,36,2025-08-18,1,Preparation Error,450.9,Menu Item 036,6,450.9,Restaurant 016,Pasta,2025-08
1783,10,130,2025-03-09,1,Damaged,292.14,Menu Item 130,10,292.14,Restaurant 010,Salads,2025-03
1784,19,79,2025-02-01,3,Unsold,391.5,Menu Item 079,9,130.5,Restaurant 019,Beverages,2025-02
1785,2,62,2025-12-11,2,Expired,1019.54,Menu Item 062,2,509.77,Restaurant 002,Pizza,2025-12
1786,8,8,2025-12-23,3,Spoilage,923.16,Menu Item 008,8,307.72,Restaurant 008,Desserts,2025-12
1787,1,81,2025-01-28,1,Spoilage,514.47,Menu Item 081,1,514.47,Restaurant 001,Burgers,2025-01
1788,7,107,2025-08-13,1,Expired,472.58,Menu Item 107,7,472.58,Restaurant 007,Sandwiches,2025-08
1789,8,28,2025-12-20,1,Preparation Error,378.16,Menu Item 028,8,378.16,Restaurant 008,Desserts,2025-12
1790,16,16,2025-09-13,8,Damaged,2706.72,Menu Item 016,6,338.34,Restaurant 016,Pasta,2025-09
1791,2,142,2025-04-24,1,Damaged,919.35,Menu Item 142,2,919.35,Restaurant 002,Pizza,2025-04
1792,1,1,2025-09-25,2,Overproduction,856.24,Menu Item 001,1,428.12,Restaurant 001,Burgers,2025-09
1793,4,104,2025-12-08,1,Overproduction,167.96,Menu Item 104,4,167.96,Restaurant 004,Rice,2025-12
1794,7,127,2025-10-15,1,Preparation Error,334.08,Menu Item 127,7,334.08,Restaurant 007,Sandwiches,2025-10
1795,12,32,2025-03-16,1,Preparation Error,738.3,Menu Item 032,2,738.3,Restaurant 012,Pizza,2025-03
1796,16,16,2025-01-27,1,Preparation Error,338.34,Menu Item 016,6,338.34,Restaurant 016,Pasta,2025-01
1797,12,52,2025-03-27,3,Spoilage,1390.8,Menu Item 052,2,463.6,Restaurant 012,Pizza,2025-03
1798,8,28,2025-04-01,2,Damaged,756.32,Menu Item 028,8,378.16,Restaurant 008,Desserts,2025-04
1799,1,81,2025-05-09,1,Spoilage,514.47,Menu Item 081,1,514.47,Restaurant 001,Burgers,2025-05
1800,12,112,2025-12-20,3,Spoilage,2583.84,Menu Item 112,2,861.28,Restaurant 012,Pizza,2025-12
1801,14,34,2025-07-14,1,Unsold,464.32,Menu Item 034,4,464.32,Restaurant 014,Rice,2025-07
1802,3,123,2025-01-16,3,Preparation Error,1096.62,Menu Item 123,3,365.54,Restaurant 003,Biryani,2025-01
1803,9,89,2025-04-12,8,Unsold,2130.88,Menu Item 089,9,266.36,Restaurant 009,Beverages,2025-04
1804,2,142,2025-06-01,1,Overproduction,919.35,Menu Item 142,2,919.35,Restaurant 002,Pizza,2025-06
1805,10,150,2025-09-28,1,Spoilage,377.34,Menu Item 150,10,377.34,Restaurant 010,Salads,2025-09
1806,12,52,2025-06-09,5,Spoilage,2318.0,Menu Item 052,2,463.6,Restaurant 012,Pizza,2025-06
1807,17,57,2025-02-14,1,Damaged,314.52,Menu Item 057,7,314.52,Restaurant 017,Sandwiches,2025-02
1808,2,142,2025-02-19,1,Preparation Error,919.35,Menu Item 142,2,919.35,Restaurant 002,Pizza,2025-02
1809,16,116,2025-04-15,8,Preparation Error,4106.24,Menu Item 116,6,513.28,Restaurant 016,Pasta,2025-04
1810,2,62,2025-09-12,1,Unsold,509.77,Menu Item 062,2,509.77,Restaurant 002,Pizza,2025-09
1811,18,18,2025-07-27,8,Expired,2675.12,Menu Item 018,8,334.39,Restaurant 018,Desserts,2025-07
1812,13,13,2025-09-18,3,Unsold,1167.84,Menu Item 013,3,389.28,Restaurant 013,Biryani,2025-09
1813,16,136,2025-10-03,2,Unsold,864.74,Menu Item 136,6,432.37,Restaurant 016,Pasta,2025-10
1814,17,57,2025-10-20,2,Spoilage,629.04,Menu Item 057,7,314.52,Restaurant 017,Sandwiches,2025-10
1815,19,79,2025-12-28,1,Spoilage,130.5,Menu Item 079,9,130.5,Restaurant 019,Beverages,2025-12
1816,18,58,2025-10-21,8,Expired,2882.0,Menu Item 058,8,360.25,Restaurant 018,Desserts,2025-10
1817,14,114,2025-12-10,1,Spoilage,544.89,Menu Item 114,4,544.89,Restaurant 014,Rice,2025-12
1818,3,123,2025-10-12,5,Unsold,1827.7,Menu Item 123,3,365.54,Restaurant 003,Biryani,2025-10
1819,13,13,2025-04-26,3,Preparation Error,1167.84,Menu Item 013,3,389.28,Restaurant 013,Biryani,2025-04
1820,16,116,2025-12-25,5,Spoilage,2566.4,Menu Item 116,6,513.28,Restaurant 016,Pasta,2025-12
1821,4,44,2025-09-15,1,Overproduction,440.72,Menu Item 044,4,440.72,Restaurant 004,Rice,2025-09
1822,9,29,2025-11-05,3,Preparation Error,205.86,Menu Item 029,9,68.62,Restaurant 009,Beverages,2025-11
1823,3,103,2025-11-28,1,Damaged,490.49,Menu Item 103,3,490.49,Restaurant 003,Biryani,2025-11
1824,9,149,2025-03-09,3,Overproduction,717.54,Menu Item 149,9,239.18,Restaurant 009,Beverages,2025-03
1825,11,11,2025-03-22,3,Spoilage,1638.72,Menu Item 011,1,546.24,Restaurant 011,Burgers,2025-03
1826,10,10,2025-12-01,1,Spoilage,143.3,Menu Item 010,10,143.3,Restaurant 010,Salads,2025-12
1827,8,108,2025-09-02,1,Expired,415.08,Menu Item 108,8,415.08,Restaurant 008,Desserts,2025-09
1828,7,7,2025-07-22,1,Damaged,477.57,Menu Item 007,7,477.57,Restaurant 007,Sandwiches,2025-07
1829,17,137,2025-07-28,2,Spoilage,707.48,Menu Item 137,7,353.74,Restaurant 017,Sandwiches,2025-07
1830,5,45,2025-01-11,1,Overproduction,389.94,Menu Item 045,5,389.94,Restaurant 005,BBQ,2025-01
1831,20,100,2025-05-19,1,Spoilage,486.7,Menu Item 100,10,486.7,Restaurant 020,Salads,2025-05
1832,6,46,2025-05-24,1,Expired,633.91,Menu Item 046,6,633.91,Restaurant 006,Pasta,2025-05
1833,7,67,2025-04-17,2,Damaged,1271.12,Menu Item 067,7,635.56,Restaurant 007,Sandwiches,2025-04
1834,8,88,2025-02-14,1,Damaged,225.63,Menu Item 088,8,225.63,Restaurant 008,Desserts,2025-02
1835,13,93,2025-09-27,5,Spoilage,2768.05,Menu Item 093,3,553.61,Restaurant 013,Biryani,2025-09
1836,20,120,2025-06-04,2,Overproduction,455.66,Menu Item 120,10,227.83,Restaurant 020,Salads,2025-06
1837,4,124,2025-10-10,2,Unsold,299.14,Menu Item 124,4,149.57,Restaurant 004,Rice,2025-10
1838,18,38,2025-09-15,3,Spoilage,1128.96,Menu Item 038,8,376.32,Restaurant 018,Desserts,2025-09
1839,14,114,2025-01-03,5,Expired,2724.45,Menu Item 114,4,544.89,Restaurant 014,Rice,2025-01
1840,17,117,2025-02-08,2,Expired,859.46,Menu Item 117,7,429.73,Restaurant 017,Sandwiches,2025-02
1841,3,123,2025-02-07,2,Preparation Error,731.08,Menu Item 123,3,365.54,Restaurant 003,Biryani,2025-02
1842,11,31,2025-01-13,5,Spoilage,1613.1,Menu Item 031,1,322.62,Restaurant 011,Burgers,2025-01
1843,16,96,2025-05-15,10,Damaged,4052.2,Menu Item 096,6,405.22,Restaurant 016,Pasta,2025-05
1844,3,63,2025-07-19,3,Spoilage,941.82,Menu Item 063,3,313.94,Restaurant 003,Biryani,2025-07
1845,14,34,2025-02-17,1,Overproduction,464.32,Menu Item 034,4,464.32,Restaurant 014,Rice,2025-02
1846,8,128,2025-10-14,2,Spoilage,694.58,Menu Item 128,8,347.29,Restaurant 008,Desserts,2025-10
1847,10,90,2025-01-10,1,Overproduction,190.96,Menu Item 090,10,190.96,Restaurant 010,Salads,2025-01
1848,1,61,2025-10-01,1,Spoilage,495.71,Menu Item 061,1,495.71,Restaurant 001,Burgers,2025-10
1849,11,111,2025-09-20,3,Damaged,978.57,Menu Item 111,1,326.19,Restaurant 011,Burgers,2025-09
1850,4,24,2025-10-15,10,Overproduction,4983.7,Menu Item 024,4,498.37,Restaurant 004,Rice,2025-10
1851,5,25,2025-03-10,3,Preparation Error,3083.13,Menu Item 025,5,1027.71,Restaurant 005,BBQ,2025-03
1852,8,108,2025-01-12,3,Expired,1245.24,Menu Item 108,8,415.08,Restaurant 008,Desserts,2025-01
1853,16,56,2025-01-24,3,Damaged,1171.8,Menu Item 056,6,390.6,Restaurant 016,Pasta,2025-01
1854,16,56,2025-11-24,1,Preparation Error,390.6,Menu Item 056,6,390.6,Restaurant 016,Pasta,2025-11
1855,11,31,2025-06-08,2,Overproduction,645.24,Menu Item 031,1,322.62,Restaurant 011,Burgers,2025-06
1856,8,128,2025-09-26,2,Spoilage,694.58,Menu Item 128,8,347.29,Restaurant 008,Desserts,2025-09
1857,20,120,2025-07-21,2,Spoilage,455.66,Menu Item 120,10,227.83,Restaurant 020,Salads,2025-07
1858,16,116,2025-04-26,1,Spoilage,513.28,Menu Item 116,6,513.28,Restaurant 016,Pasta,2025-04
1859,9,89,2025-09-08,2,Overproduction,532.72,Menu Item 089,9,266.36,Restaurant 009,Beverages,2025-09
1860,10,10,2025-02-17,1,Unsold,143.3,Menu Item 010,10,143.3,Restaurant 010,Salads,2025-02
1861,7,67,2025-03-03,3,Expired,1906.68,Menu Item 067,7,635.56,Restaurant 007,Sandwiches,2025-03
1862,2,102,2025-12-28,3,Overproduction,2322.51,Menu Item 102,2,774.17,Restaurant 002,Pizza,2025-12
1863,7,147,2025-07-10,1,Spoilage,224.8,Menu Item 147,7,224.8,Restaurant 007,Sandwiches,2025-07
1864,1,121,2025-02-04,5,Expired,1876.5,Menu Item 121,1,375.3,Restaurant 001,Burgers,2025-02
1865,11,51,2025-09-07,1,Spoilage,362.81,Menu Item 051,1,362.81,Restaurant 011,Burgers,2025-09
1866,7,147,2025-07-13,1,Preparation Error,224.8,Menu Item 147,7,224.8,Restaurant 007,Sandwiches,2025-07
1867,2,22,2025-04-19,2,Expired,646.94,Menu Item 022,2,323.47,Restaurant 002,Pizza,2025-04
1868,4,104,2025-05-18,1,Overproduction,167.96,Menu Item 104,4,167.96,Restaurant 004,Rice,2025-05
1869,20,120,2025-11-05,3,Overproduction,683.49,Menu Item 120,10,227.83,Restaurant 020,Salads,2025-11
1870,9,109,2025-05-20,1,Expired,221.43,Menu Item 109,9,221.43,Restaurant 009,Beverages,2025-05
1871,4,124,2025-07-04,5,Expired,747.85,Menu Item 124,4,149.57,Restaurant 004,Rice,2025-07
1872,16,116,2025-07-17,3,Unsold,1539.84,Menu Item 116,6,513.28,Restaurant 016,Pasta,2025-07
1873,8,28,2025-02-05,3,Spoilage,1134.48,Menu Item 028,8,378.16,Restaurant 008,Desserts,2025-02
1874,10,30,2025-02-18,10,Overproduction,1672.7,Menu Item 030,10,167.27,Restaurant 010,Salads,2025-02
1875,19,59,2025-05-01,8,Damaged,1518.96,Menu Item 059,9,189.87,Restaurant 019,Beverages,2025-05
1876,9,129,2025-03-13,1,Spoilage,100.2,Menu Item 129,9,100.2,Restaurant 009,Beverages,2025-03
1877,6,26,2025-09-18,3,Damaged,1819.68,Menu Item 026,6,606.56,Restaurant 006,Pasta,2025-09
1878,19,119,2025-03-04,2,Unsold,209.28,Menu Item 119,9,104.64,Restaurant 019,Beverages,2025-03
1879,18,58,2025-05-12,5,Expired,1801.25,Menu Item 058,8,360.25,Restaurant 018,Desserts,2025-05
1880,6,6,2025-05-03,1,Overproduction,302.15,Menu Item 006,6,302.15,Restaurant 006,Pasta,2025-05
1881,8,148,2025-03-02,1,Overproduction,337.64,Menu Item 148,8,337.64,Restaurant 008,Desserts,2025-03
1882,17,57,2025-08-11,5,Damaged,1572.6,Menu Item 057,7,314.52,Restaurant 017,Sandwiches,2025-08
1883,4,144,2025-03-18,2,Expired,486.5,Menu Item 144,4,243.25,Restaurant 004,Rice,2025-03
1884,7,7,2025-03-21,1,Unsold,477.57,Menu Item 007,7,477.57,Restaurant 007,Sandwiches,2025-03
1885,20,40,2025-08-11,5,Expired,1381.2,Menu Item 040,10,276.24,Restaurant 020,Salads,2025-08
1886,15,35,2025-08-08,3,Spoilage,1311.18,Menu Item 035,5,437.06,Restaurant 015,BBQ,2025-08
1887,14,14,2025-02-09,1,Preparation Error,231.23,Menu Item 014,4,231.23,Restaurant 014,Rice,2025-02
1888,4,144,2025-05-12,5,Preparation Error,1216.25,Menu Item 144,4,243.25,Restaurant 004,Rice,2025-05
1889,3,143,2025-09-28,2,Spoilage,710.0,Menu Item 143,3,355.0,Restaurant 003,Biryani,2025-09
1890,8,8,2025-05-25,2,Preparation Error,615.44,Menu Item 008,8,307.72,Restaurant 008,Desserts,2025-05
1891,19,139,2025-04-04,2,Overproduction,255.08,Menu Item 139,9,127.54,Restaurant 019,Beverages,2025-04
1892,3,123,2025-07-28,1,Spoilage,365.54,Menu Item 123,3,365.54,Restaurant 003,Biryani,2025-07
1893,16,36,2025-08-17,1,Spoilage,450.9,Menu Item 036,6,450.9,Restaurant 016,Pasta,2025-08
1894,17,117,2025-12-01,2,Damaged,859.46,Menu Item 117,7,429.73,Restaurant 017,Sandwiches,2025-12
1895,18,98,2025-01-12,5,Overproduction,1868.25,Menu Item 098,8,373.65,Restaurant 018,Desserts,2025-01
1896,5,5,2025-06-20,2,Unsold,1520.42,Menu Item 005,5,760.21,Restaurant 005,BBQ,2025-06
1897,6,26,2025-01-07,5,Unsold,3032.8,Menu Item 026,6,606.56,Restaurant 006,Pasta,2025-01
1898,17,37,2025-10-11,1,Damaged,689.77,Menu Item 037,7,689.77,Restaurant 017,Sandwiches,2025-10
1899,2,82,2025-06-23,2,Unsold,1202.9,Menu Item 082,2,601.45,Restaurant 002,Pizza,2025-06
1900,3,103,2025-01-02,1,Overproduction,490.49,Menu Item 103,3,490.49,Restaurant 003,Biryani,2025-01
1901,17,57,2025-11-13,5,Spoilage,1572.6,Menu Item 057,7,314.52,Restaurant 017,Sandwiches,2025-11
1902,14,94,2025-04-21,1,Preparation Error,274.91,Menu Item 094,4,274.91,Restaurant 014,Rice,2025-04
1903,13,113,2025-05-08,1,Unsold,230.81,Menu Item 113,3,230.81,Restaurant 013,Biryani,2025-05
1904,7,147,2025-12-23,5,Unsold,1124.0,Menu Item 147,7,224.8,Restaurant 007,Sandwiches,2025-12
1905,8,28,2025-08-17,1,Damaged,378.16,Menu Item 028,8,378.16,Restaurant 008,Desserts,2025-08
1906,6,106,2025-08-10,8,Expired,2217.04,Menu Item 106,6,277.13,Restaurant 006,Pasta,2025-08
1907,2,122,2025-01-25,1,Unsold,828.35,Menu Item 122,2,828.35,Restaurant 002,Pizza,2025-01
1908,8,8,2025-11-16,3,Preparation Error,923.16,Menu Item 008,8,307.72,Restaurant 008,Desserts,2025-11
1909,15,135,2025-09-11,1,Expired,300.49,Menu Item 135,5,300.49,Restaurant 015,BBQ,2025-09
1910,20,40,2025-01-09,1,Spoilage,276.24,Menu Item 040,10,276.24,Restaurant 020,Salads,2025-01
1911,2,42,2025-03-27,5,Spoilage,2338.55,Menu Item 042,2,467.71,Restaurant 002,Pizza,2025-03
1912,15,95,2025-01-23,3,Expired,2045.64,Menu Item 095,5,681.88,Restaurant 015,BBQ,2025-01
1913,5,65,2025-05-27,1,Overproduction,515.74,Menu Item 065,5,515.74,Restaurant 005,BBQ,2025-05
1914,3,23,2025-08-22,3,Overproduction,810.69,Menu Item 023,3,270.23,Restaurant 003,Biryani,2025-08
1915,14,94,2025-03-08,3,Preparation Error,824.73,Menu Item 094,4,274.91,Restaurant 014,Rice,2025-03
1916,4,64,2025-07-18,1,Unsold,256.46,Menu Item 064,4,256.46,Restaurant 004,Rice,2025-07
1917,7,127,2025-01-14,2,Damaged,668.16,Menu Item 127,7,334.08,Restaurant 007,Sandwiches,2025-01
1918,11,111,2025-03-16,3,Damaged,978.57,Menu Item 111,1,326.19,Restaurant 011,Burgers,2025-03
1919,14,134,2025-11-25,2,Unsold,576.68,Menu Item 134,4,288.34,Restaurant 014,Rice,2025-11
1920,17,97,2025-07-07,3,Preparation Error,1362.12,Menu Item 097,7,454.04,Restaurant 017,Sandwiches,2025-07
1921,19,99,2025-04-11,1,Damaged,111.74,Menu Item 099,9,111.74,Restaurant 019,Beverages,2025-04
1922,6,66,2025-12-23,3,Damaged,1256.34,Menu Item 066,6,418.78,Restaurant 006,Pasta,2025-12
1923,3,143,2025-12-02,3,Preparation Error,1065.0,Menu Item 143,3,355.0,Restaurant 003,Biryani,2025-12
1924,5,125,2025-11-23,5,Preparation Error,5691.7,Menu Item 125,5,1138.34,Restaurant 005,BBQ,2025-11
1925,2,22,2025-03-27,8,Damaged,2587.76,Menu Item 022,2,323.47,Restaurant 002,Pizza,2025-03
1926,18,98,2025-05-13,1,Damaged,373.65,Menu Item 098,8,373.65,Restaurant 018,Desserts,2025-05
1927,8,148,2025-05-16,2,Preparation Error,675.28,Menu Item 148,8,337.64,Restaurant 008,Desserts,2025-05
1928,9,129,2025-08-15,3,Preparation Error,300.6,Menu Item 129,9,100.2,Restaurant 009,Beverages,2025-08
1929,18,38,2025-03-11,2,Unsold,752.64,Menu Item 038,8,376.32,Restaurant 018,Desserts,2025-03
1930,6,66,2025-04-24,2,Spoilage,837.56,Menu Item 066,6,418.78,Restaurant 006,Pasta,2025-04
1931,20,140,2025-02-20,1,Preparation Error,178.4,Menu Item 140,10,178.4,Restaurant 020,Salads,2025-02
1932,6,86,2025-08-13,1,Unsold,478.31,Menu Item 086,6,478.31,Restaurant 006,Pasta,2025-08
1933,18,18,2025-01-28,2,Preparation Error,668.78,Menu Item 018,8,334.39,Restaurant 018,Desserts,2025-01
1934,1,101,2025-06-17,3,Unsold,955.53,Menu Item 101,1,318.51,Restaurant 001,Burgers,2025-06
1935,12,112,2025-07-05,3,Damaged,2583.84,Menu Item 112,2,861.28,Restaurant 012,Pizza,2025-07
1936,7,87,2025-02-25,2,Unsold,1061.96,Menu Item 087,7,530.98,Restaurant 007,Sandwiches,2025-02
1937,15,15,2025-09-26,1,Damaged,496.97,Menu Item 015,5,496.97,Restaurant 015,BBQ,2025-09
1938,10,130,2025-12-19,10,Overproduction,2921.4,Menu Item 130,10,292.14,Restaurant 010,Salads,2025-12
1939,15,135,2025-06-09,2,Damaged,600.98,Menu Item 135,5,300.49,Restaurant 015,BBQ,2025-06
1940,11,71,2025-11-09,3,Preparation Error,1394.94,Menu Item 071,1,464.98,Restaurant 011,Burgers,2025-11
1941,13,33,2025-12-05,3,Preparation Error,1054.5,Menu Item 033,3,351.5,Restaurant 013,Biryani,2025-12
1942,9,29,2025-05-27,2,Unsold,137.24,Menu Item 029,9,68.62,Restaurant 009,Beverages,2025-05
1943,15,95,2025-11-27,2,Damaged,1363.76,Menu Item 095,5,681.88,Restaurant 015,BBQ,2025-11
1944,20,60,2025-06-04,2,Damaged,662.32,Menu Item 060,10,331.16,Restaurant 020,Salads,2025-06
1945,16,36,2025-02-12,3,Spoilage,1352.7,Menu Item 036,6,450.9,Restaurant 016,Pasta,2025-02
1946,18,38,2025-03-10,3,Damaged,1128.96,Menu Item 038,8,376.32,Restaurant 018,Desserts,2025-03
1947,18,138,2025-08-09,1,Damaged,154.6,Menu Item 138,8,154.6,Restaurant 018,Desserts,2025-08
1948,1,121,2025-08-01,2,Unsold,750.6,Menu Item 121,1,375.3,Restaurant 001,Burgers,2025-08
1949,9,149,2025-07-01,1,Damaged,239.18,Menu Item 149,9,239.18,Restaurant 009,Beverages,2025-07
1950,14,34,2025-06-15,3,Damaged,1392.96,Menu Item 034,4,464.32,Restaurant 014,Rice,2025-06
1951,17,37,2025-07-07,2,Overproduction,1379.54,Menu Item 037,7,689.77,Restaurant 017,Sandwiches,2025-07
1952,4,44,2025-04-12,3,Spoilage,1322.16,Menu Item 044,4,440.72,Restaurant 004,Rice,2025-04
1953,1,101,2025-09-11,1,Preparation Error,318.51,Menu Item 101,1,318.51,Restaurant 001,Burgers,2025-09
1954,6,66,2025-04-09,5,Damaged,2093.9,Menu Item 066,6,418.78,Restaurant 006,Pasta,2025-04
1955,9,129,2025-07-09,2,Damaged,200.4,Menu Item 129,9,100.2,Restaurant 009,Beverages,2025-07
1956,15,115,2025-04-06,3,Unsold,2411.7,Menu Item 115,5,803.9,Restaurant 015,BBQ,2025-04
1957,18,58,2025-09-23,3,Overproduction,1080.75,Menu Item 058,8,360.25,Restaurant 018,Desserts,2025-09
1958,2,22,2025-04-01,2,Damaged,646.94,Menu Item 022,2,323.47,Restaurant 002,Pizza,2025-04
1959,8,108,2025-03-02,1,Unsold,415.08,Menu Item 108,8,415.08,Restaurant 008,Desserts,2025-03
1960,19,39,2025-08-02,2,Damaged,177.48,Menu Item 039,9,88.74,Restaurant 019,Beverages,2025-08
1961,14,34,2025-02-04,2,Spoilage,928.64,Menu Item 034,4,464.32,Restaurant 014,Rice,2025-02
1962,1,101,2025-05-10,3,Preparation Error,955.53,Menu Item 101,1,318.51,Restaurant 001,Burgers,2025-05
1963,9,89,2025-08-21,2,Damaged,532.72,Menu Item 089,9,266.36,Restaurant 009,Beverages,2025-08
1964,12,52,2025-09-09,5,Expired,2318.0,Menu Item 052,2,463.6,Restaurant 012,Pizza,2025-09
1965,14,14,2025-07-06,2,Damaged,462.46,Menu Item 014,4,231.23,Restaurant 014,Rice,2025-07
1966,1,141,2025-01-20,2,Damaged,504.22,Menu Item 141,1,252.11,Restaurant 001,Burgers,2025-01
1967,2,142,2025-05-26,3,Damaged,2758.05,Menu Item 142,2,919.35,Restaurant 002,Pizza,2025-05
1968,20,80,2025-11-26,1,Preparation Error,111.05,Menu Item 080,10,111.05,Restaurant 020,Salads,2025-11
1969,6,66,2025-08-24,1,Overproduction,418.78,Menu Item 066,6,418.78,Restaurant 006,Pasta,2025-08
1970,11,91,2025-07-02,1,Damaged,370.79,Menu Item 091,1,370.79,Restaurant 011,Burgers,2025-07
1971,19,39,2025-11-07,10,Spoilage,887.4,Menu Item 039,9,88.74,Restaurant 019,Beverages,2025-11
1972,19,99,2025-02-14,2,Expired,223.48,Menu Item 099,9,111.74,Restaurant 019,Beverages,2025-02
1973,18,38,2025-01-16,2,Unsold,752.64,Menu Item 038,8,376.32,Restaurant 018,Desserts,2025-01
1974,9,149,2025-09-24,8,Expired,1913.44,Menu Item 149,9,239.18,Restaurant 009,Beverages,2025-09
1975,13,133,2025-05-17,2,Spoilage,1017.66,Menu Item 133,3,508.83,Restaurant 013,Biryani,2025-05
1976,14,94,2025-12-16,2,Damaged,549.82,Menu Item 094,4,274.91,Restaurant 014,Rice,2025-12
1977,18,58,2025-02-01,3,Unsold,1080.75,Menu Item 058,8,360.25,Restaurant 018,Desserts,2025-02
1978,1,121,2025-09-16,2,Overproduction,750.6,Menu Item 121,1,375.3,Restaurant 001,Burgers,2025-09
1979,8,8,2025-03-09,1,Expired,307.72,Menu Item 008,8,307.72,Restaurant 008,Desserts,2025-03
1980,20,120,2025-07-15,3,Unsold,683.49,Menu Item 120,10,227.83,Restaurant 020,Salads,2025-07
1981,16,36,2025-06-05,1,Overproduction,450.9,Menu Item 036,6,450.9,Restaurant 016,Pasta,2025-06
1982,20,100,2025-05-04,2,Spoilage,973.4,Menu Item 100,10,486.7,Restaurant 020,Salads,2025-05
1983,11,71,2025-07-18,1,Preparation Error,464.98,Menu Item 071,1,464.98,Restaurant 011,Burgers,2025-07
1984,3,143,2025-04-11,2,Overproduction,710.0,Menu Item 143,3,355.0,Restaurant 003,Biryani,2025-04
1985,10,110,2025-07-07,1,Spoilage,219.27,Menu Item 110,10,219.27,Restaurant 010,Salads,2025-07
1986,7,27,2025-09-22,2,Expired,675.42,Menu Item 027,7,337.71,Restaurant 007,Sandwiches,2025-09
1987,1,41,2025-06-22,3,Expired,763.53,Menu Item 041,1,254.51,Restaurant 001,Burgers,2025-06
1988,7,87,2025-02-08,2,Preparation Error,1061.96,Menu Item 087,7,530.98,Restaurant 007,Sandwiches,2025-02
1989,20,140,2025-01-14,1,Preparation Error,178.4,Menu Item 140,10,178.4,Restaurant 020,Salads,2025-01
1990,19,79,2025-02-14,3,Damaged,391.5,Menu Item 079,9,130.5,Restaurant 019,Beverages,2025-02
1991,7,27,2025-12-23,2,Overproduction,675.42,Menu Item 027,7,337.71,Restaurant 007,Sandwiches,2025-12
1992,4,124,2025-06-13,3,Unsold,448.71,Menu Item 124,4,149.57,Restaurant 004,Rice,2025-06
1993,19,79,2025-09-15,2,Expired,261.0,Menu Item 079,9,130.5,Restaurant 019,Beverages,2025-09
1994,17,97,2025-03-08,1,Damaged,454.04,Menu Item 097,7,454.04,Restaurant 017,Sandwiches,2025-03
1995,20,120,2025-03-28,3,Unsold,683.49,Menu Item 120,10,227.83,Restaurant 020,Salads,2025-03
1996,3,103,2025-11-26,2,Unsold,980.98,Menu Item 103,3,490.49,Restaurant 003,Biryani,2025-11
1997,10,10,2025-02-02,2,Damaged,286.6,Menu Item 010,10,143.3,Restaurant 010,Salads,2025-02
1998,11,11,2025-08-28,3,Preparation Error,1638.72,Menu Item 011,1,546.24,Restaurant 011,Burgers,2025-08
1999,13,33,2025-11-08,8,Preparation Error,2812.0,Menu Item 033,3,351.5,Restaurant 013,Biryani,2025-11
2000,4,104,2025-06-15,5,Damaged,839.8,Menu Item 104,4,167.96,Restaurant 004,Rice,2025-06
2001,14,94,2025-10-28,1,Expired,274.91,Menu Item 094,4,274.91,Restaurant 014,Rice,2025-10
2002,6,146,2025-06-15,2,Damaged,1485.06,Menu Item 146,6,742.53,Restaurant 006,Pasta,2025-06
2003,20,140,2025-09-25,2,Spoilage,356.8,Menu Item 140,10,178.4,Restaurant 020,Salads,2025-09
2004,6,26,2025-12-03,3,Preparation Error,1819.68,Menu Item 026,6,606.56,Restaurant 006,Pasta,2025-12
2005,13,93,2025-08-12,3,Unsold,1660.83,Menu Item 093,3,553.61,Restaurant 013,Biryani,2025-08
2006,11,71,2025-03-11,1,Damaged,464.98,Menu Item 071,1,464.98,Restaurant 011,Burgers,2025-03
2007,17,77,2025-11-27,1,Unsold,598.63,Menu Item 077,7,598.63,Restaurant 017,Sandwiches,2025-11
2008,2,142,2025-07-22,1,Spoilage,919.35,Menu Item 142,2,919.35,Restaurant 002,Pizza,2025-07
2009,10,50,2025-01-28,8,Overproduction,1264.8,Menu Item 050,10,158.1,Restaurant 010,Salads,2025-01
2010,11,51,2025-11-13,1,Overproduction,362.81,Menu Item 051,1,362.81,Restaurant 011,Burgers,2025-11
2011,14,34,2025-08-15,10,Overproduction,4643.2,Menu Item 034,4,464.32,Restaurant 014,Rice,2025-08
2012,13,73,2025-08-12,1,Spoilage,231.75,Menu Item 073,3,231.75,Restaurant 013,Biryani,2025-08
2013,15,75,2025-05-19,5,Unsold,2110.0,Menu Item 075,5,422.0,Restaurant 015,BBQ,2025-05
2014,10,90,2025-04-05,2,Damaged,381.92,Menu Item 090,10,190.96,Restaurant 010,Salads,2025-04
2015,9,49,2025-11-14,10,Preparation Error,2542.8,Menu Item 049,9,254.28,Restaurant 009,Beverages,2025-11
2016,14,74,2025-09-22,3,Expired,467.7,Menu Item 074,4,155.9,Restaurant 014,Rice,2025-09
2017,6,146,2025-01-21,10,Unsold,7425.3,Menu Item 146,6,742.53,Restaurant 006,Pasta,2025-01
2018,18,78,2025-09-13,1,Unsold,256.11,Menu Item 078,8,256.11,Restaurant 018,Desserts,2025-09
2019,17,117,2025-07-25,3,Expired,1289.19,Menu Item 117,7,429.73,Restaurant 017,Sandwiches,2025-07
2020,14,114,2025-08-27,3,Damaged,1634.67,Menu Item 114,4,544.89,Restaurant 014,Rice,2025-08
2021,9,129,2025-02-18,2,Damaged,200.4,Menu Item 129,9,100.2,Restaurant 009,Beverages,2025-02
2022,7,67,2025-12-27,1,Damaged,635.56,Menu Item 067,7,635.56,Restaurant 007,Sandwiches,2025-12
2023,15,135,2025-03-24,1,Preparation Error,300.49,Menu Item 135,5,300.49,Restaurant 015,BBQ,2025-03
2024,9,129,2025-10-25,1,Unsold,100.2,Menu Item 129,9,100.2,Restaurant 009,Beverages,2025-10
2025,9,129,2025-09-22,3,Expired,300.6,Menu Item 129,9,100.2,Restaurant 009,Beverages,2025-09
2026,8,88,2025-06-05,1,Spoilage,225.63,Menu Item 088,8,225.63,Restaurant 008,Desserts,2025-06
2027,3,43,2025-06-22,2,Overproduction,759.4,Menu Item 043,3,379.7,Restaurant 003,Biryani,2025-06
2028,16,76,2025-07-24,3,Expired,1245.93,Menu Item 076,6,415.31,Restaurant 016,Pasta,2025-07
2029,13,133,2025-11-08,2,Unsold,1017.66,Menu Item 133,3,508.83,Restaurant 013,Biryani,2025-11
2030,16,56,2025-04-06,2,Expired,781.2,Menu Item 056,6,390.6,Restaurant 016,Pasta,2025-04
2031,1,121,2025-05-09,2,Damaged,750.6,Menu Item 121,1,375.3,Restaurant 001,Burgers,2025-05
2032,6,86,2025-01-19,1,Expired,478.31,Menu Item 086,6,478.31,Restaurant 006,Pasta,2025-01
2033,2,2,2025-03-08,2,Spoilage,1644.6,Menu Item 002,2,822.3,Restaurant 002,Pizza,2025-03
2034,14,134,2025-09-27,2,Unsold,576.68,Menu Item 134,4,288.34,Restaurant 014,Rice,2025-09
2035,6,26,2025-04-01,2,Overproduction,1213.12,Menu Item 026,6,606.56,Restaurant 006,Pasta,2025-04
2036,17,117,2025-07-03,10,Overproduction,4297.3,Menu Item 117,7,429.73,Restaurant 017,Sandwiches,2025-07
2037,2,2,2025-09-19,2,Overproduction,1644.6,Menu Item 002,2,822.3,Restaurant 002,Pizza,2025-09
2038,7,27,2025-02-22,5,Expired,1688.55,Menu Item 027,7,337.71,Restaurant 007,Sandwiches,2025-02
2039,19,39,2025-02-28,2,Overproduction,177.48,Menu Item 039,9,88.74,Restaurant 019,Beverages,2025-02
2040,1,21,2025-08-23,8,Overproduction,2578.24,Menu Item 021,1,322.28,Restaurant 001,Burgers,2025-08
2041,12,12,2025-06-02,2,Spoilage,1566.2,Menu Item 012,2,783.1,Restaurant 012,Pizza,2025-06
2042,4,44,2025-11-13,3,Overproduction,1322.16,Menu Item 044,4,440.72,Restaurant 004,Rice,2025-11
2043,15,75,2025-02-23,1,Spoilage,422.0,Menu Item 075,5,422.0,Restaurant 015,BBQ,2025-02
2044,9,149,2025-09-06,2,Overproduction,478.36,Menu Item 149,9,239.18,Restaurant 009,Beverages,2025-09
2045,12,92,2025-08-03,1,Spoilage,464.37,Menu Item 092,2,464.37,Restaurant 012,Pizza,2025-08
2046,11,111,2025-01-20,5,Spoilage,1630.95,Menu Item 111,1,326.19,Restaurant 011,Burgers,2025-01
2047,16,16,2025-07-28,1,Overproduction,338.34,Menu Item 016,6,338.34,Restaurant 016,Pasta,2025-07
2048,19,119,2025-02-24,5,Overproduction,523.2,Menu Item 119,9,104.64,Restaurant 019,Beverages,2025-02
2049,5,25,2025-10-12,3,Preparation Error,3083.13,Menu Item 025,5,1027.71,Restaurant 005,BBQ,2025-10
2050,15,115,2025-03-21,3,Expired,2411.7,Menu Item 115,5,803.9,Restaurant 015,BBQ,2025-03
2051,7,67,2025-09-22,2,Expired,1271.12,Menu Item 067,7,635.56,Restaurant 007,Sandwiches,2025-09
2052,6,86,2025-03-12,1,Expired,478.31,Menu Item 086,6,478.31,Restaurant 006,Pasta,2025-03
2053,8,8,2025-03-14,2,Preparation Error,615.44,Menu Item 008,8,307.72,Restaurant 008,Desserts,2025-03
2054,6,86,2025-02-15,2,Spoilage,956.62,Menu Item 086,6,478.31,Restaurant 006,Pasta,2025-02
2055,8,8,2025-01-13,2,Spoilage,615.44,Menu Item 008,8,307.72,Restaurant 008,Desserts,2025-01
2056,5,25,2025-09-08,1,Overproduction,1027.71,Menu Item 025,5,1027.71,Restaurant 005,BBQ,2025-09
2057,20,100,2025-10-27,3,Unsold,1460.1,Menu Item 100,10,486.7,Restaurant 020,Salads,2025-10
2058,16,76,2025-04-24,2,Overproduction,830.62,Menu Item 076,6,415.31,Restaurant 016,Pasta,2025-04
2059,2,122,2025-02-25,2,Damaged,1656.7,Menu Item 122,2,828.35,Restaurant 002,Pizza,2025-02
2060,15,55,2025-06-08,10,Preparation Error,9326.2,Menu Item 055,5,932.62,Restaurant 015,BBQ,2025-06
2061,5,105,2025-11-09,1,Preparation Error,596.54,Menu Item 105,5,596.54,Restaurant 005,BBQ,2025-11
2062,1,141,2025-03-07,2,Spoilage,504.22,Menu Item 141,1,252.11,Restaurant 001,Burgers,2025-03
2063,14,94,2025-12-15,1,Expired,274.91,Menu Item 094,4,274.91,Restaurant 014,Rice,2025-12
2064,4,144,2025-07-02,8,Overproduction,1946.0,Menu Item 144,4,243.25,Restaurant 004,Rice,2025-07
2065,18,18,2025-01-09,1,Overproduction,334.39,Menu Item 018,8,334.39,Restaurant 018,Desserts,2025-01
2066,20,40,2025-08-02,1,Expired,276.24,Menu Item 040,10,276.24,Restaurant 020,Salads,2025-08
2067,18,118,2025-10-27,5,Unsold,1545.0,Menu Item 118,8,309.0,Restaurant 018,Desserts,2025-10
2068,2,22,2025-11-10,1,Unsold,323.47,Menu Item 022,2,323.47,Restaurant 002,Pizza,2025-11
2069,14,94,2025-10-06,2,Expired,549.82,Menu Item 094,4,274.91,Restaurant 014,Rice,2025-10
2070,6,46,2025-11-02,3,Damaged,1901.73,Menu Item 046,6,633.91,Restaurant 006,Pasta,2025-11
2071,12,12,2025-11-22,1,Damaged,783.1,Menu Item 012,2,783.1,Restaurant 012,Pizza,2025-11
2072,9,69,2025-12-17,3,Overproduction,284.4,Menu Item 069,9,94.8,Restaurant 009,Beverages,2025-12
2073,4,4,2025-01-06,2,Unsold,303.36,Menu Item 004,4,151.68,Restaurant 004,Rice,2025-01
2074,5,25,2025-02-11,1,Damaged,1027.71,Menu Item 025,5,1027.71,Restaurant 005,BBQ,2025-02
2075,11,71,2025-07-11,2,Preparation Error,929.96,Menu Item 071,1,464.98,Restaurant 011,Burgers,2025-07
2076,19,39,2025-05-03,2,Spoilage,177.48,Menu Item 039,9,88.74,Restaurant 019,Beverages,2025-05
2077,2,2,2025-09-11,3,Damaged,2466.9,Menu Item 002,2,822.3,Restaurant 002,Pizza,2025-09
2078,4,84,2025-11-13,8,Unsold,2805.84,Menu Item 084,4,350.73,Restaurant 004,Rice,2025-11
2079,3,83,2025-01-28,2,Damaged,472.7,Menu Item 083,3,236.35,Restaurant 003,Biryani,2025-01
2080,6,146,2025-10-14,1,Overproduction,742.53,Menu Item 146,6,742.53,Restaurant 006,Pasta,2025-10
2081,16,16,2025-11-16,2,Spoilage,676.68,Menu Item 016,6,338.34,Restaurant 016,Pasta,2025-11
2082,13,113,2025-01-10,1,Unsold,230.81,Menu Item 113,3,230.81,Restaurant 013,Biryani,2025-01
2083,1,81,2025-06-03,1,Preparation Error,514.47,Menu Item 081,1,514.47,Restaurant 001,Burgers,2025-06
2084,17,117,2025-02-28,2,Expired,859.46,Menu Item 117,7,429.73,Restaurant 017,Sandwiches,2025-02
2085,4,64,2025-07-26,2,Preparation Error,512.92,Menu Item 064,4,256.46,Restaurant 004,Rice,2025-07
2086,6,106,2025-10-14,3,Spoilage,831.39,Menu Item 106,6,277.13,Restaurant 006,Pasta,2025-10
2087,16,16,2025-08-15,2,Spoilage,676.68,Menu Item 016,6,338.34,Restaurant 016,Pasta,2025-08
2088,8,28,2025-09-19,2,Unsold,756.32,Menu Item 028,8,378.16,Restaurant 008,Desserts,2025-09
2089,12,92,2025-09-23,3,Damaged,1393.11,Menu Item 092,2,464.37,Restaurant 012,Pizza,2025-09
2090,12,72,2025-07-10,2,Preparation Error,551.56,Menu Item 072,2,275.78,Restaurant 012,Pizza,2025-07
2091,17,17,2025-07-09,3,Unsold,877.02,Menu Item 017,7,292.34,Restaurant 017,Sandwiches,2025-07
2092,17,97,2025-08-19,1,Damaged,454.04,Menu Item 097,7,454.04,Restaurant 017,Sandwiches,2025-08
2093,2,62,2025-05-04,2,Unsold,1019.54,Menu Item 062,2,509.77,Restaurant 002,Pizza,2025-05
2094,12,52,2025-03-22,1,Unsold,463.6,Menu Item 052,2,463.6,Restaurant 012,Pizza,2025-03
2095,4,84,2025-03-19,5,Expired,1753.65,Menu Item 084,4,350.73,Restaurant 004,Rice,2025-03
2096,4,124,2025-03-01,1,Preparation Error,149.57,Menu Item 124,4,149.57,Restaurant 004,Rice,2025-03
2097,6,46,2025-11-03,8,Overproduction,5071.28,Menu Item 046,6,633.91,Restaurant 006,Pasta,2025-11
2098,11,71,2025-09-27,2,Preparation Error,929.96,Menu Item 071,1,464.98,Restaurant 011,Burgers,2025-09
2099,4,144,2025-05-06,1,Preparation Error,243.25,Menu Item 144,4,243.25,Restaurant 004,Rice,2025-05
2100,15,55,2025-03-04,3,Spoilage,2797.86,Menu Item 055,5,932.62,Restaurant 015,BBQ,2025-03
2101,2,102,2025-01-15,3,Damaged,2322.51,Menu Item 102,2,774.17,Restaurant 002,Pizza,2025-01
2102,19,59,2025-04-09,1,Overproduction,189.87,Menu Item 059,9,189.87,Restaurant 019,Beverages,2025-04
2103,1,101,2025-03-06,1,Expired,318.51,Menu Item 101,1,318.51,Restaurant 001,Burgers,2025-03
2104,19,59,2025-08-15,1,Preparation Error,189.87,Menu Item 059,9,189.87,Restaurant 019,Beverages,2025-08
2105,19,79,2025-01-07,1,Damaged,130.5,Menu Item 079,9,130.5,Restaurant 019,Beverages,2025-01
2106,1,41,2025-03-16,1,Damaged,254.51,Menu Item 041,1,254.51,Restaurant 001,Burgers,2025-03
2107,5,85,2025-06-13,1,Damaged,355.11,Menu Item 085,5,355.11,Restaurant 005,BBQ,2025-06
2108,1,21,2025-01-08,1,Unsold,322.28,Menu Item 021,1,322.28,Restaurant 001,Burgers,2025-01
2109,5,105,2025-11-06,3,Damaged,1789.62,Menu Item 105,5,596.54,Restaurant 005,BBQ,2025-11
2110,18,138,2025-01-18,1,Expired,154.6,Menu Item 138,8,154.6,Restaurant 018,Desserts,2025-01
2111,5,85,2025-10-03,2,Overproduction,710.22,Menu Item 085,5,355.11,Restaurant 005,BBQ,2025-10
2112,9,69,2025-06-26,2,Overproduction,189.6,Menu Item 069,9,94.8,Restaurant 009,Beverages,2025-06
2113,7,27,2025-10-17,2,Expired,675.42,Menu Item 027,7,337.71,Restaurant 007,Sandwiches,2025-10
2114,20,140,2025-04-02,2,Damaged,356.8,Menu Item 140,10,178.4,Restaurant 020,Salads,2025-04
2115,10,70,2025-04-09,3,Overproduction,621.75,Menu Item 070,10,207.25,Restaurant 010,Salads,2025-04
2116,18,18,2025-11-07,3,Overproduction,1003.17,Menu Item 018,8,334.39,Restaurant 018,Desserts,2025-11
2117,6,26,2025-12-24,1,Expired,606.56,Menu Item 026,6,606.56,Restaurant 006,Pasta,2025-12
2118,18,118,2025-01-21,3,Unsold,927.0,Menu Item 118,8,309.0,Restaurant 018,Desserts,2025-01
2119,8,48,2025-06-25,5,Overproduction,974.6,Menu Item 048,8,194.92,Restaurant 008,Desserts,2025-06
2120,8,88,2025-09-09,1,Preparation Error,225.63,Menu Item 088,8,225.63,Restaurant 008,Desserts,2025-09
2121,15,55,2025-08-20,2,Spoilage,1865.24,Menu Item 055,5,932.62,Restaurant 015,BBQ,2025-08
2122,19,19,2025-08-15,5,Overproduction,899.95,Menu Item 019,9,179.99,Restaurant 019,Beverages,2025-08
2123,16,76,2025-02-03,3,Expired,1245.93,Menu Item 076,6,415.31,Restaurant 016,Pasta,2025-02
2124,17,117,2025-06-04,1,Expired,429.73,Menu Item 117,7,429.73,Restaurant 017,Sandwiches,2025-06
2125,8,68,2025-05-17,2,Unsold,228.12,Menu Item 068,8,114.06,Restaurant 008,Desserts,2025-05
2126,1,101,2025-02-16,5,Damaged,1592.55,Menu Item 101,1,318.51,Restaurant 001,Burgers,2025-02
2127,17,137,2025-10-14,2,Spoilage,707.48,Menu Item 137,7,353.74,Restaurant 017,Sandwiches,2025-10
2128,13,93,2025-12-12,3,Spoilage,1660.83,Menu Item 093,3,553.61,Restaurant 013,Biryani,2025-12
2129,11,131,2025-12-04,2,Overproduction,745.46,Menu Item 131,1,372.73,Restaurant 011,Burgers,2025-12
2130,7,67,2025-02-12,10,Overproduction,6355.6,Menu Item 067,7,635.56,Restaurant 007,Sandwiches,2025-02
2131,4,104,2025-09-15,1,Spoilage,167.96,Menu Item 104,4,167.96,Restaurant 004,Rice,2025-09
2132,11,71,2025-05-23,3,Expired,1394.94,Menu Item 071,1,464.98,Restaurant 011,Burgers,2025-05
2133,9,129,2025-11-27,2,Damaged,200.4,Menu Item 129,9,100.2,Restaurant 009,Beverages,2025-11
2134,17,37,2025-04-25,2,Spoilage,1379.54,Menu Item 037,7,689.77,Restaurant 017,Sandwiches,2025-04
2135,16,136,2025-08-09,1,Preparation Error,432.37,Menu Item 136,6,432.37,Restaurant 016,Pasta,2025-08
2136,6,46,2025-01-22,2,Expired,1267.82,Menu Item 046,6,633.91,Restaurant 006,Pasta,2025-01
2137,1,81,2025-04-21,1,Damaged,514.47,Menu Item 081,1,514.47,Restaurant 001,Burgers,2025-04
2138,10,50,2025-08-21,2,Expired,316.2,Menu Item 050,10,158.1,Restaurant 010,Salads,2025-08
2139,14,34,2025-01-24,2,Unsold,928.64,Menu Item 034,4,464.32,Restaurant 014,Rice,2025-01
2140,20,60,2025-04-13,1,Unsold,331.16,Menu Item 060,10,331.16,Restaurant 020,Salads,2025-04
2141,1,21,2025-12-24,5,Unsold,1611.4,Menu Item 021,1,322.28,Restaurant 001,Burgers,2025-12
2142,16,116,2025-04-03,3,Expired,1539.84,Menu Item 116,6,513.28,Restaurant 016,Pasta,2025-04
2143,18,138,2025-06-11,3,Preparation Error,463.8,Menu Item 138,8,154.6,Restaurant 018,Desserts,2025-06
2144,7,7,2025-12-07,3,Spoilage,1432.71,Menu Item 007,7,477.57,Restaurant 007,Sandwiches,2025-12
2145,9,49,2025-11-03,2,Expired,508.56,Menu Item 049,9,254.28,Restaurant 009,Beverages,2025-11
2146,6,86,2025-09-25,2,Spoilage,956.62,Menu Item 086,6,478.31,Restaurant 006,Pasta,2025-09
2147,2,102,2025-08-10,1,Overproduction,774.17,Menu Item 102,2,774.17,Restaurant 002,Pizza,2025-08
2148,18,138,2025-11-18,10,Preparation Error,1546.0,Menu Item 138,8,154.6,Restaurant 018,Desserts,2025-11
2149,1,1,2025-02-19,8,Spoilage,3424.96,Menu Item 001,1,428.12,Restaurant 001,Burgers,2025-02
2150,17,77,2025-06-08,1,Overproduction,598.63,Menu Item 077,7,598.63,Restaurant 017,Sandwiches,2025-06
2151,13,113,2025-06-03,2,Unsold,461.62,Menu Item 113,3,230.81,Restaurant 013,Biryani,2025-06
2152,14,54,2025-12-04,2,Expired,364.36,Menu Item 054,4,182.18,Restaurant 014,Rice,2025-12
2153,4,4,2025-03-12,5,Spoilage,758.4,Menu Item 004,4,151.68,Restaurant 004,Rice,2025-03
2154,15,135,2025-10-18,5,Overproduction,1502.45,Menu Item 135,5,300.49,Restaurant 015,BBQ,2025-10
2155,8,148,2025-04-19,3,Unsold,1012.92,Menu Item 148,8,337.64,Restaurant 008,Desserts,2025-04
2156,8,148,2025-06-08,1,Overproduction,337.64,Menu Item 148,8,337.64,Restaurant 008,Desserts,2025-06
2157,20,120,2025-05-16,5,Spoilage,1139.15,Menu Item 120,10,227.83,Restaurant 020,Salads,2025-05
2158,18,38,2025-05-12,2,Spoilage,752.64,Menu Item 038,8,376.32,Restaurant 018,Desserts,2025-05
2159,6,6,2025-06-25,2,Overproduction,604.3,Menu Item 006,6,302.15,Restaurant 006,Pasta,2025-06
2160,14,54,2025-07-21,5,Spoilage,910.9,Menu Item 054,4,182.18,Restaurant 014,Rice,2025-07
2161,16,96,2025-09-17,2,Spoilage,810.44,Menu Item 096,6,405.22,Restaurant 016,Pasta,2025-09
2162,16,76,2025-05-07,1,Preparation Error,415.31,Menu Item 076,6,415.31,Restaurant 016,Pasta,2025-05
2163,20,40,2025-02-18,1,Damaged,276.24,Menu Item 040,10,276.24,Restaurant 020,Salads,2025-02
2164,3,83,2025-12-12,1,Preparation Error,236.35,Menu Item 083,3,236.35,Restaurant 003,Biryani,2025-12
2165,15,75,2025-02-07,2,Spoilage,844.0,Menu Item 075,5,422.0,Restaurant 015,BBQ,2025-02
2166,19,59,2025-01-23,8,Spoilage,1518.96,Menu Item 059,9,189.87,Restaurant 019,Beverages,2025-01
2167,3,3,2025-03-09,3,Preparation Error,677.88,Menu Item 003,3,225.96,Restaurant 003,Biryani,2025-03
2168,4,84,2025-04-05,3,Unsold,1052.19,Menu Item 084,4,350.73,Restaurant 004,Rice,2025-04
2169,20,80,2025-05-19,1,Unsold,111.05,Menu Item 080,10,111.05,Restaurant 020,Salads,2025-05
2170,9,149,2025-05-15,1,Unsold,239.18,Menu Item 149,9,239.18,Restaurant 009,Beverages,2025-05
2171,9,69,2025-06-15,1,Preparation Error,94.8,Menu Item 069,9,94.8,Restaurant 009,Beverages,2025-06
2172,14,114,2025-12-25,1,Preparation Error,544.89,Menu Item 114,4,544.89,Restaurant 014,Rice,2025-12
2173,6,146,2025-10-16,3,Preparation Error,2227.59,Menu Item 146,6,742.53,Restaurant 006,Pasta,2025-10
2174,18,18,2025-08-12,5,Spoilage,1671.95,Menu Item 018,8,334.39,Restaurant 018,Desserts,2025-08
2175,12,132,2025-05-11,2,Expired,1284.12,Menu Item 132,2,642.06,Restaurant 012,Pizza,2025-05
2176,16,116,2025-02-01,1,Damaged,513.28,Menu Item 116,6,513.28,Restaurant 016,Pasta,2025-02
2177,11,131,2025-05-26,2,Expired,745.46,Menu Item 131,1,372.73,Restaurant 011,Burgers,2025-05
2178,13,133,2025-09-15,1,Spoilage,508.83,Menu Item 133,3,508.83,Restaurant 013,Biryani,2025-09
2179,4,144,2025-07-16,3,Unsold,729.75,Menu Item 144,4,243.25,Restaurant 004,Rice,2025-07
2180,16,136,2025-09-05,2,Overproduction,864.74,Menu Item 136,6,432.37,Restaurant 016,Pasta,2025-09
2181,7,67,2025-04-19,3,Damaged,1906.68,Menu Item 067,7,635.56,Restaurant 007,Sandwiches,2025-04
2182,1,21,2025-11-21,3,Expired,966.84,Menu Item 021,1,322.28,Restaurant 001,Burgers,2025-11
2183,6,86,2025-04-22,1,Expired,478.31,Menu Item 086,6,478.31,Restaurant 006,Pasta,2025-04
2184,10,110,2025-06-04,2,Overproduction,438.54,Menu Item 110,10,219.27,Restaurant 010,Salads,2025-06
2185,16,16,2025-02-02,3,Damaged,1015.02,Menu Item 016,6,338.34,Restaurant 016,Pasta,2025-02
2186,16,56,2025-12-12,5,Overproduction,1953.0,Menu Item 056,6,390.6,Restaurant 016,Pasta,2025-12
2187,3,103,2025-09-11,8,Expired,3923.92,Menu Item 103,3,490.49,Restaurant 003,Biryani,2025-09
2188,6,126,2025-01-17,1,Spoilage,670.63,Menu Item 126,6,670.63,Restaurant 006,Pasta,2025-01
2189,17,77,2025-07-20,1,Spoilage,598.63,Menu Item 077,7,598.63,Restaurant 017,Sandwiches,2025-07
2190,17,77,2025-04-10,5,Damaged,2993.15,Menu Item 077,7,598.63,Restaurant 017,Sandwiches,2025-04
2191,12,12,2025-10-02,1,Unsold,783.1,Menu Item 012,2,783.1,Restaurant 012,Pizza,2025-10
2192,10,110,2025-04-25,5,Expired,1096.35,Menu Item 110,10,219.27,Restaurant 010,Salads,2025-04
2193,1,41,2025-03-04,3,Damaged,763.53,Menu Item 041,1,254.51,Restaurant 001,Burgers,2025-03
2194,4,84,2025-08-10,2,Spoilage,701.46,Menu Item 084,4,350.73,Restaurant 004,Rice,2025-08
2195,11,51,2025-03-01,3,Unsold,1088.43,Menu Item 051,1,362.81,Restaurant 011,Burgers,2025-03
2196,11,31,2025-08-05,1,Unsold,322.62,Menu Item 031,1,322.62,Restaurant 011,Burgers,2025-08
2197,19,59,2025-10-26,2,Damaged,379.74,Menu Item 059,9,189.87,Restaurant 019,Beverages,2025-10
2198,13,73,2025-06-07,3,Unsold,695.25,Menu Item 073,3,231.75,Restaurant 013,Biryani,2025-06
2199,7,67,2025-04-13,3,Overproduction,1906.68,Menu Item 067,7,635.56,Restaurant 007,Sandwiches,2025-04
2200,4,84,2025-08-12,3,Unsold,1052.19,Menu Item 084,4,350.73,Restaurant 004,Rice,2025-08
2201,9,69,2025-01-27,5,Expired,474.0,Menu Item 069,9,94.8,Restaurant 009,Beverages,2025-01
2202,5,125,2025-10-23,2,Unsold,2276.68,Menu Item 125,5,1138.34,Restaurant 005,BBQ,2025-10
2203,2,122,2025-05-14,1,Preparation Error,828.35,Menu Item 122,2,828.35,Restaurant 002,Pizza,2025-05
2204,11,131,2025-06-11,2,Unsold,745.46,Menu Item 131,1,372.73,Restaurant 011,Burgers,2025-06
2205,3,63,2025-07-02,1,Spoilage,313.94,Menu Item 063,3,313.94,Restaurant 003,Biryani,2025-07
2206,16,36,2025-07-14,8,Spoilage,3607.2,Menu Item 036,6,450.9,Restaurant 016,Pasta,2025-07
2207,3,63,2025-01-04,2,Damaged,627.88,Menu Item 063,3,313.94,Restaurant 003,Biryani,2025-01
2208,10,130,2025-02-19,2,Overproduction,584.28,Menu Item 130,10,292.14,Restaurant 010,Salads,2025-02
2209,14,34,2025-01-26,1,Overproduction,464.32,Menu Item 034,4,464.32,Restaurant 014,Rice,2025-01
2210,4,84,2025-11-07,2,Expired,701.46,Menu Item 084,4,350.73,Restaurant 004,Rice,2025-11
2211,9,29,2025-01-13,8,Unsold,548.96,Menu Item 029,9,68.62,Restaurant 009,Beverages,2025-01
2212,16,76,2025-03-01,2,Spoilage,830.62,Menu Item 076,6,415.31,Restaurant 016,Pasta,2025-03
2213,1,141,2025-06-14,2,Preparation Error,504.22,Menu Item 141,1,252.11,Restaurant 001,Burgers,2025-06
2214,11,111,2025-04-13,1,Unsold,326.19,Menu Item 111,1,326.19,Restaurant 011,Burgers,2025-04
2215,9,109,2025-06-28,1,Unsold,221.43,Menu Item 109,9,221.43,Restaurant 009,Beverages,2025-06
2216,7,127,2025-06-22,2,Unsold,668.16,Menu Item 127,7,334.08,Restaurant 007,Sandwiches,2025-06
2217,2,62,2025-06-27,3,Damaged,1529.31,Menu Item 062,2,509.77,Restaurant 002,Pizza,2025-06
2218,5,25,2025-03-12,3,Unsold,3083.13,Menu Item 025,5,1027.71,Restaurant 005,BBQ,2025-03
2219,16,76,2025-07-19,2,Expired,830.62,Menu Item 076,6,415.31,Restaurant 016,Pasta,2025-07
2220,9,69,2025-04-08,1,Preparation Error,94.8,Menu Item 069,9,94.8,Restaurant 009,Beverages,2025-04
2221,12,12,2025-01-08,1,Damaged,783.1,Menu Item 012,2,783.1,Restaurant 012,Pizza,2025-01
2222,18,38,2025-10-25,1,Overproduction,376.32,Menu Item 038,8,376.32,Restaurant 018,Desserts,2025-10
2223,10,30,2025-09-23,1,Damaged,167.27,Menu Item 030,10,167.27,Restaurant 010,Salads,2025-09
2224,7,107,2025-03-24,1,Expired,472.58,Menu Item 107,7,472.58,Restaurant 007,Sandwiches,2025-03
2225,9,149,2025-07-12,3,Expired,717.54,Menu Item 149,9,239.18,Restaurant 009,Beverages,2025-07
2226,13,133,2025-02-01,2,Damaged,1017.66,Menu Item 133,3,508.83,Restaurant 013,Biryani,2025-02
2227,18,98,2025-01-17,3,Damaged,1120.95,Menu Item 098,8,373.65,Restaurant 018,Desserts,2025-01
2228,10,10,2025-09-23,2,Spoilage,286.6,Menu Item 010,10,143.3,Restaurant 010,Salads,2025-09
2229,1,21,2025-10-17,1,Overproduction,322.28,Menu Item 021,1,322.28,Restaurant 001,Burgers,2025-10
2230,12,132,2025-04-24,10,Expired,6420.6,Menu Item 132,2,642.06,Restaurant 012,Pizza,2025-04
2231,12,32,2025-12-08,1,Overproduction,738.3,Menu Item 032,2,738.3,Restaurant 012,Pizza,2025-12
2232,12,132,2025-01-19,2,Spoilage,1284.12,Menu Item 132,2,642.06,Restaurant 012,Pizza,2025-01
2233,20,100,2025-01-17,1,Preparation Error,486.7,Menu Item 100,10,486.7,Restaurant 020,Salads,2025-01
2234,8,28,2025-12-27,2,Damaged,756.32,Menu Item 028,8,378.16,Restaurant 008,Desserts,2025-12
2235,7,87,2025-04-11,1,Overproduction,530.98,Menu Item 087,7,530.98,Restaurant 007,Sandwiches,2025-04
2236,15,95,2025-04-20,3,Unsold,2045.64,Menu Item 095,5,681.88,Restaurant 015,BBQ,2025-04
2237,8,68,2025-03-17,1,Spoilage,114.06,Menu Item 068,8,114.06,Restaurant 008,Desserts,2025-03
2238,13,13,2025-01-09,5,Damaged,1946.4,Menu Item 013,3,389.28,Restaurant 013,Biryani,2025-01
2239,1,1,2025-01-03,1,Overproduction,428.12,Menu Item 001,1,428.12,Restaurant 001,Burgers,2025-01
2240,11,111,2025-12-11,1,Overproduction,326.19,Menu Item 111,1,326.19,Restaurant 011,Burgers,2025-12
2241,14,54,2025-03-25,2,Expired,364.36,Menu Item 054,4,182.18,Restaurant 014,Rice,2025-03
2242,18,18,2025-05-02,1,Unsold,334.39,Menu Item 018,8,334.39,Restaurant 018,Desserts,2025-05
2243,20,80,2025-05-21,8,Overproduction,888.4,Menu Item 080,10,111.05,Restaurant 020,Salads,2025-05
2244,13,93,2025-10-17,3,Spoilage,1660.83,Menu Item 093,3,553.61,Restaurant 013,Biryani,2025-10
2245,2,2,2025-09-27,1,Unsold,822.3,Menu Item 002,2,822.3,Restaurant 002,Pizza,2025-09
2246,18,78,2025-02-12,1,Expired,256.11,Menu Item 078,8,256.11,Restaurant 018,Desserts,2025-02
2247,6,86,2025-08-19,2,Overproduction,956.62,Menu Item 086,6,478.31,Restaurant 006,Pasta,2025-08
2248,15,95,2025-09-01,1,Unsold,681.88,Menu Item 095,5,681.88,Restaurant 015,BBQ,2025-09
2249,1,21,2025-01-14,1,Spoilage,322.28,Menu Item 021,1,322.28,Restaurant 001,Burgers,2025-01
2250,16,36,2025-05-06,5,Overproduction,2254.5,Menu Item 036,6,450.9,Restaurant 016,Pasta,2025-05
2251,7,87,2025-09-27,1,Overproduction,530.98,Menu Item 087,7,530.98,Restaurant 007,Sandwiches,2025-09
2252,6,106,2025-09-05,2,Spoilage,554.26,Menu Item 106,6,277.13,Restaurant 006,Pasta,2025-09
2253,12,132,2025-08-26,2,Spoilage,1284.12,Menu Item 132,2,642.06,Restaurant 012,Pizza,2025-08
2254,3,23,2025-03-26,5,Unsold,1351.15,Menu Item 023,3,270.23,Restaurant 003,Biryani,2025-03
2255,6,126,2025-05-01,2,Damaged,1341.26,Menu Item 126,6,670.63,Restaurant 006,Pasta,2025-05
2256,9,129,2025-04-20,3,Unsold,300.6,Menu Item 129,9,100.2,Restaurant 009,Beverages,2025-04
2257,1,81,2025-01-10,8,Expired,4115.76,Menu Item 081,1,514.47,Restaurant 001,Burgers,2025-01
2258,12,72,2025-03-19,3,Spoilage,827.34,Menu Item 072,2,275.78,Restaurant 012,Pizza,2025-03
2259,20,100,2025-10-26,2,Spoilage,973.4,Menu Item 100,10,486.7,Restaurant 020,Salads,2025-10
2260,5,65,2025-07-06,3,Damaged,1547.22,Menu Item 065,5,515.74,Restaurant 005,BBQ,2025-07
2261,10,150,2025-03-25,2,Unsold,754.68,Menu Item 150,10,377.34,Restaurant 010,Salads,2025-03
2262,8,108,2025-08-10,2,Spoilage,830.16,Menu Item 108,8,415.08,Restaurant 008,Desserts,2025-08
2263,10,10,2025-07-15,3,Spoilage,429.9,Menu Item 010,10,143.3,Restaurant 010,Salads,2025-07
2264,3,43,2025-11-19,1,Preparation Error,379.7,Menu Item 043,3,379.7,Restaurant 003,Biryani,2025-11
2265,9,69,2025-10-06,3,Preparation Error,284.4,Menu Item 069,9,94.8,Restaurant 009,Beverages,2025-10
2266,9,29,2025-02-15,1,Unsold,68.62,Menu Item 029,9,68.62,Restaurant 009,Beverages,2025-02
2267,19,99,2025-01-26,2,Spoilage,223.48,Menu Item 099,9,111.74,Restaurant 019,Beverages,2025-01
2268,7,7,2025-02-05,2,Damaged,955.14,Menu Item 007,7,477.57,Restaurant 007,Sandwiches,2025-02
2269,18,98,2025-09-13,1,Overproduction,373.65,Menu Item 098,8,373.65,Restaurant 018,Desserts,2025-09
2270,15,15,2025-09-11,2,Preparation Error,993.94,Menu Item 015,5,496.97,Restaurant 015,BBQ,2025-09
2271,9,149,2025-04-05,8,Damaged,1913.44,Menu Item 149,9,239.18,Restaurant 009,Beverages,2025-04
2272,17,17,2025-11-03,1,Expired,292.34,Menu Item 017,7,292.34,Restaurant 017,Sandwiches,2025-11
2273,9,9,2025-07-01,5,Damaged,701.75,Menu Item 009,9,140.35,Restaurant 009,Beverages,2025-07
2274,20,40,2025-09-09,2,Preparation Error,552.48,Menu Item 040,10,276.24,Restaurant 020,Salads,2025-09
2275,5,25,2025-11-15,10,Overproduction,10277.1,Menu Item 025,5,1027.71,Restaurant 005,BBQ,2025-11
2276,8,88,2025-03-02,1,Spoilage,225.63,Menu Item 088,8,225.63,Restaurant 008,Desserts,2025-03
2277,2,122,2025-12-22,1,Overproduction,828.35,Menu Item 122,2,828.35,Restaurant 002,Pizza,2025-12
2278,20,100,2025-12-02,5,Overproduction,2433.5,Menu Item 100,10,486.7,Restaurant 020,Salads,2025-12
2279,10,90,2025-12-15,1,Expired,190.96,Menu Item 090,10,190.96,Restaurant 010,Salads,2025-12
2280,14,134,2025-06-23,2,Overproduction,576.68,Menu Item 134,4,288.34,Restaurant 014,Rice,2025-06
2281,13,13,2025-05-25,1,Damaged,389.28,Menu Item 013,3,389.28,Restaurant 013,Biryani,2025-05
2282,15,55,2025-03-24,2,Spoilage,1865.24,Menu Item 055,5,932.62,Restaurant 015,BBQ,2025-03
2283,12,112,2025-10-22,1,Expired,861.28,Menu Item 112,2,861.28,Restaurant 012,Pizza,2025-10
2284,8,128,2025-10-13,3,Spoilage,1041.87,Menu Item 128,8,347.29,Restaurant 008,Desserts,2025-10
2285,20,20,2025-04-12,1,Expired,288.51,Menu Item 020,10,288.51,Restaurant 020,Salads,2025-04
2286,12,12,2025-05-27,1,Spoilage,783.1,Menu Item 012,2,783.1,Restaurant 012,Pizza,2025-05
2287,8,48,2025-05-20,3,Spoilage,584.76,Menu Item 048,8,194.92,Restaurant 008,Desserts,2025-05
2288,19,39,2025-01-22,2,Unsold,177.48,Menu Item 039,9,88.74,Restaurant 019,Beverages,2025-01
2289,6,86,2025-01-19,1,Damaged,478.31,Menu Item 086,6,478.31,Restaurant 006,Pasta,2025-01
2290,12,72,2025-12-16,1,Damaged,275.78,Menu Item 072,2,275.78,Restaurant 012,Pizza,2025-12
2291,18,138,2025-08-23,1,Damaged,154.6,Menu Item 138,8,154.6,Restaurant 018,Desserts,2025-08
2292,10,70,2025-11-21,1,Preparation Error,207.25,Menu Item 070,10,207.25,Restaurant 010,Salads,2025-11
2293,7,47,2025-08-08,3,Expired,1594.68,Menu Item 047,7,531.56,Restaurant 007,Sandwiches,2025-08
2294,12,132,2025-03-08,5,Unsold,3210.3,Menu Item 132,2,642.06,Restaurant 012,Pizza,2025-03
2295,12,52,2025-05-01,1,Unsold,463.6,Menu Item 052,2,463.6,Restaurant 012,Pizza,2025-05
2296,13,13,2025-10-11,3,Unsold,1167.84,Menu Item 013,3,389.28,Restaurant 013,Biryani,2025-10
2297,17,137,2025-03-19,1,Overproduction,353.74,Menu Item 137,7,353.74,Restaurant 017,Sandwiches,2025-03
2298,20,140,2025-12-25,3,Unsold,535.2,Menu Item 140,10,178.4,Restaurant 020,Salads,2025-12
2299,4,64,2025-09-24,3,Expired,769.38,Menu Item 064,4,256.46,Restaurant 004,Rice,2025-09
2300,18,18,2025-10-28,2,Damaged,668.78,Menu Item 018,8,334.39,Restaurant 018,Desserts,2025-10
2301,16,76,2025-06-06,3,Damaged,1245.93,Menu Item 076,6,415.31,Restaurant 016,Pasta,2025-06
2302,16,36,2025-03-27,3,Preparation Error,1352.7,Menu Item 036,6,450.9,Restaurant 016,Pasta,2025-03
2303,8,68,2025-11-19,3,Preparation Error,342.18,Menu Item 068,8,114.06,Restaurant 008,Desserts,2025-11
2304,5,125,2025-05-18,5,Overproduction,5691.7,Menu Item 125,5,1138.34,Restaurant 005,BBQ,2025-05
2305,12,32,2025-12-01,2,Damaged,1476.6,Menu Item 032,2,738.3,Restaurant 012,Pizza,2025-12
2306,20,100,2025-12-22,5,Expired,2433.5,Menu Item 100,10,486.7,Restaurant 020,Salads,2025-12
2307,8,8,2025-12-18,8,Damaged,2461.76,Menu Item 008,8,307.72,Restaurant 008,Desserts,2025-12
2308,16,16,2025-03-10,2,Damaged,676.68,Menu Item 016,6,338.34,Restaurant 016,Pasta,2025-03
2309,8,108,2025-03-21,1,Expired,415.08,Menu Item 108,8,415.08,Restaurant 008,Desserts,2025-03
2310,9,149,2025-02-07,8,Preparation Error,1913.44,Menu Item 149,9,239.18,Restaurant 009,Beverages,2025-02
2311,17,17,2025-03-05,2,Spoilage,584.68,Menu Item 017,7,292.34,Restaurant 017,Sandwiches,2025-03
2312,3,123,2025-12-15,1,Spoilage,365.54,Menu Item 123,3,365.54,Restaurant 003,Biryani,2025-12
2313,4,144,2025-02-27,2,Expired,486.5,Menu Item 144,4,243.25,Restaurant 004,Rice,2025-02
2314,9,69,2025-03-23,1,Overproduction,94.8,Menu Item 069,9,94.8,Restaurant 009,Beverages,2025-03
2315,6,106,2025-08-13,5,Expired,1385.65,Menu Item 106,6,277.13,Restaurant 006,Pasta,2025-08
2316,4,124,2025-06-15,2,Expired,299.14,Menu Item 124,4,149.57,Restaurant 004,Rice,2025-06
2317,13,53,2025-05-27,5,Expired,1492.65,Menu Item 053,3,298.53,Restaurant 013,Biryani,2025-05
2318,13,93,2025-08-17,1,Spoilage,553.61,Menu Item 093,3,553.61,Restaurant 013,Biryani,2025-08
2319,5,145,2025-05-23,1,Spoilage,429.88,Menu Item 145,5,429.88,Restaurant 005,BBQ,2025-05
2320,7,67,2025-01-27,1,Damaged,635.56,Menu Item 067,7,635.56,Restaurant 007,Sandwiches,2025-01
2321,17,77,2025-04-04,2,Damaged,1197.26,Menu Item 077,7,598.63,Restaurant 017,Sandwiches,2025-04
2322,10,150,2025-11-24,2,Damaged,754.68,Menu Item 150,10,377.34,Restaurant 010,Salads,2025-11
2323,10,30,2025-04-02,2,Unsold,334.54,Menu Item 030,10,167.27,Restaurant 010,Salads,2025-04
2324,10,10,2025-05-12,3,Expired,429.9,Menu Item 010,10,143.3,Restaurant 010,Salads,2025-05
2325,7,127,2025-11-15,2,Preparation Error,668.16,Menu Item 127,7,334.08,Restaurant 007,Sandwiches,2025-11
2326,3,63,2025-05-27,3,Unsold,941.82,Menu Item 063,3,313.94,Restaurant 003,Biryani,2025-05
2327,19,19,2025-04-15,2,Expired,359.98,Menu Item 019,9,179.99,Restaurant 019,Beverages,2025-04
2328,17,117,2025-11-14,5,Damaged,2148.65,Menu Item 117,7,429.73,Restaurant 017,Sandwiches,2025-11
2329,3,43,2025-12-28,2,Overproduction,759.4,Menu Item 043,3,379.7,Restaurant 003,Biryani,2025-12
2330,3,103,2025-07-11,1,Overproduction,490.49,Menu Item 103,3,490.49,Restaurant 003,Biryani,2025-07
2331,13,73,2025-12-17,1,Unsold,231.75,Menu Item 073,3,231.75,Restaurant 013,Biryani,2025-12
2332,15,15,2025-01-06,3,Spoilage,1490.91,Menu Item 015,5,496.97,Restaurant 015,BBQ,2025-01
2333,17,37,2025-04-08,3,Preparation Error,2069.31,Menu Item 037,7,689.77,Restaurant 017,Sandwiches,2025-04
2334,10,150,2025-03-07,2,Expired,754.68,Menu Item 150,10,377.34,Restaurant 010,Salads,2025-03
2335,15,35,2025-12-27,2,Preparation Error,874.12,Menu Item 035,5,437.06,Restaurant 015,BBQ,2025-12
2336,5,85,2025-10-04,2,Preparation Error,710.22,Menu Item 085,5,355.11,Restaurant 005,BBQ,2025-10
2337,8,148,2025-09-02,2,Expired,675.28,Menu Item 148,8,337.64,Restaurant 008,Desserts,2025-09
2338,18,118,2025-07-19,3,Expired,927.0,Menu Item 118,8,309.0,Restaurant 018,Desserts,2025-07
2339,8,128,2025-08-01,1,Damaged,347.29,Menu Item 128,8,347.29,Restaurant 008,Desserts,2025-08
2340,20,40,2025-03-12,1,Preparation Error,276.24,Menu Item 040,10,276.24,Restaurant 020,Salads,2025-03
2341,8,8,2025-07-15,3,Spoilage,923.16,Menu Item 008,8,307.72,Restaurant 008,Desserts,2025-07
2342,13,113,2025-05-08,2,Unsold,461.62,Menu Item 113,3,230.81,Restaurant 013,Biryani,2025-05
2343,14,74,2025-12-10,3,Spoilage,467.7,Menu Item 074,4,155.9,Restaurant 014,Rice,2025-12
2344,13,13,2025-09-14,1,Spoilage,389.28,Menu Item 013,3,389.28,Restaurant 013,Biryani,2025-09
2345,14,34,2025-07-12,1,Expired,464.32,Menu Item 034,4,464.32,Restaurant 014,Rice,2025-07
2346,1,41,2025-03-19,1,Overproduction,254.51,Menu Item 041,1,254.51,Restaurant 001,Burgers,2025-03
2347,5,125,2025-05-20,2,Spoilage,2276.68,Menu Item 125,5,1138.34,Restaurant 005,BBQ,2025-05
2348,12,12,2025-09-03,2,Expired,1566.2,Menu Item 012,2,783.1,Restaurant 012,Pizza,2025-09
2349,16,116,2025-01-17,5,Spoilage,2566.4,Menu Item 116,6,513.28,Restaurant 016,Pasta,2025-01
2350,19,59,2025-01-04,2,Unsold,379.74,Menu Item 059,9,189.87,Restaurant 019,Beverages,2025-01
2351,4,24,2025-11-04,2,Overproduction,996.74,Menu Item 024,4,498.37,Restaurant 004,Rice,2025-11
2352,1,81,2025-09-16,3,Spoilage,1543.41,Menu Item 081,1,514.47,Restaurant 001,Burgers,2025-09
2353,19,79,2025-07-28,1,Damaged,130.5,Menu Item 079,9,130.5,Restaurant 019,Beverages,2025-07
2354,3,43,2025-12-04,1,Preparation Error,379.7,Menu Item 043,3,379.7,Restaurant 003,Biryani,2025-12
2355,15,55,2025-02-12,2,Overproduction,1865.24,Menu Item 055,5,932.62,Restaurant 015,BBQ,2025-02
2356,4,124,2025-02-06,3,Overproduction,448.71,Menu Item 124,4,149.57,Restaurant 004,Rice,2025-02
2357,17,57,2025-11-10,2,Overproduction,629.04,Menu Item 057,7,314.52,Restaurant 017,Sandwiches,2025-11
2358,8,148,2025-10-26,8,Preparation Error,2701.12,Menu Item 148,8,337.64,Restaurant 008,Desserts,2025-10
2359,10,50,2025-04-07,3,Overproduction,474.3,Menu Item 050,10,158.1,Restaurant 010,Salads,2025-04
2360,4,24,2025-09-14,3,Damaged,1495.11,Menu Item 024,4,498.37,Restaurant 004,Rice,2025-09
2361,18,78,2025-11-06,1,Overproduction,256.11,Menu Item 078,8,256.11,Restaurant 018,Desserts,2025-11
2362,4,124,2025-07-18,3,Damaged,448.71,Menu Item 124,4,149.57,Restaurant 004,Rice,2025-07
2363,8,108,2025-09-05,2,Expired,830.16,Menu Item 108,8,415.08,Restaurant 008,Desserts,2025-09
2364,18,78,2025-11-28,2,Spoilage,512.22,Menu Item 078,8,256.11,Restaurant 018,Desserts,2025-11
2365,3,123,2025-08-22,1,Overproduction,365.54,Menu Item 123,3,365.54,Restaurant 003,Biryani,2025-08
2366,7,127,2025-09-08,5,Preparation Error,1670.4,Menu Item 127,7,334.08,Restaurant 007,Sandwiches,2025-09
2367,18,38,2025-07-03,8,Expired,3010.56,Menu Item 038,8,376.32,Restaurant 018,Desserts,2025-07
2368,2,2,2025-12-24,1,Overproduction,822.3,Menu Item 002,2,822.3,Restaurant 002,Pizza,2025-12
2369,5,65,2025-02-12,2,Spoilage,1031.48,Menu Item 065,5,515.74,Restaurant 005,BBQ,2025-02
2370,7,67,2025-06-12,5,Expired,3177.8,Menu Item 067,7,635.56,Restaurant 007,Sandwiches,2025-06
2371,17,17,2025-08-08,2,Unsold,584.68,Menu Item 017,7,292.34,Restaurant 017,Sandwiches,2025-08
2372,20,60,2025-08-03,1,Overproduction,331.16,Menu Item 060,10,331.16,Restaurant 020,Salads,2025-08
2373,14,114,2025-09-14,3,Unsold,1634.67,Menu Item 114,4,544.89,Restaurant 014,Rice,2025-09
2374,11,91,2025-10-25,3,Preparation Error,1112.37,Menu Item 091,1,370.79,Restaurant 011,Burgers,2025-10
2375,15,115,2025-11-04,3,Expired,2411.7,Menu Item 115,5,803.9,Restaurant 015,BBQ,2025-11
2376,17,57,2025-05-19,5,Overproduction,1572.6,Menu Item 057,7,314.52,Restaurant 017,Sandwiches,2025-05
2377,1,101,2025-05-21,8,Expired,2548.08,Menu Item 101,1,318.51,Restaurant 001,Burgers,2025-05
2378,3,143,2025-01-23,1,Spoilage,355.0,Menu Item 143,3,355.0,Restaurant 003,Biryani,2025-01
2379,16,136,2025-05-20,2,Overproduction,864.74,Menu Item 136,6,432.37,Restaurant 016,Pasta,2025-05
2380,20,140,2025-05-09,3,Preparation Error,535.2,Menu Item 140,10,178.4,Restaurant 020,Salads,2025-05
2381,13,33,2025-08-05,5,Expired,1757.5,Menu Item 033,3,351.5,Restaurant 013,Biryani,2025-08
2382,5,125,2025-07-21,2,Overproduction,2276.68,Menu Item 125,5,1138.34,Restaurant 005,BBQ,2025-07
2383,10,30,2025-11-02,8,Spoilage,1338.16,Menu Item 030,10,167.27,Restaurant 010,Salads,2025-11
2384,4,24,2025-12-15,3,Expired,1495.11,Menu Item 024,4,498.37,Restaurant 004,Rice,2025-12
2385,19,39,2025-08-21,1,Damaged,88.74,Menu Item 039,9,88.74,Restaurant 019,Beverages,2025-08
2386,2,42,2025-06-23,3,Unsold,1403.13,Menu Item 042,2,467.71,Restaurant 002,Pizza,2025-06
2387,3,83,2025-07-25,3,Damaged,709.05,Menu Item 083,3,236.35,Restaurant 003,Biryani,2025-07
2388,6,86,2025-10-24,1,Spoilage,478.31,Menu Item 086,6,478.31,Restaurant 006,Pasta,2025-10
2389,18,118,2025-12-22,1,Unsold,309.0,Menu Item 118,8,309.0,Restaurant 018,Desserts,2025-12
2390,19,139,2025-09-27,1,Preparation Error,127.54,Menu Item 139,9,127.54,Restaurant 019,Beverages,2025-09
2391,6,6,2025-07-26,2,Damaged,604.3,Menu Item 006,6,302.15,Restaurant 006,Pasta,2025-07
2392,3,23,2025-10-22,8,Expired,2161.84,Menu Item 023,3,270.23,Restaurant 003,Biryani,2025-10
2393,9,149,2025-02-08,1,Preparation Error,239.18,Menu Item 149,9,239.18,Restaurant 009,Beverages,2025-02
2394,9,89,2025-03-19,5,Expired,1331.8,Menu Item 089,9,266.36,Restaurant 009,Beverages,2025-03
2395,1,1,2025-12-19,5,Overproduction,2140.6,Menu Item 001,1,428.12,Restaurant 001,Burgers,2025-12
2396,5,25,2025-09-11,5,Overproduction,5138.55,Menu Item 025,5,1027.71,Restaurant 005,BBQ,2025-09
2397,6,106,2025-09-23,1,Preparation Error,277.13,Menu Item 106,6,277.13,Restaurant 006,Pasta,2025-09
2398,10,150,2025-10-23,1,Preparation Error,377.34,Menu Item 150,10,377.34,Restaurant 010,Salads,2025-10
2399,6,86,2025-06-28,2,Spoilage,956.62,Menu Item 086,6,478.31,Restaurant 006,Pasta,2025-06
2400,4,44,2025-11-27,2,Unsold,881.44,Menu Item 044,4,440.72,Restaurant 004,Rice,2025-11
2401,10,50,2025-12-18,1,Overproduction,158.1,Menu Item 050,10,158.1,Restaurant 010,Salads,2025-12
2402,11,11,2025-02-12,1,Damaged,546.24,Menu Item 011,1,546.24,Restaurant 011,Burgers,2025-02
2403,3,63,2025-12-20,3,Unsold,941.82,Menu Item 063,3,313.94,Restaurant 003,Biryani,2025-12
2404,10,110,2025-03-26,1,Expired,219.27,Menu Item 110,10,219.27,Restaurant 010,Salads,2025-03
2405,18,78,2025-08-28,1,Damaged,256.11,Menu Item 078,8,256.11,Restaurant 018,Desserts,2025-08
2406,7,27,2025-09-08,2,Spoilage,675.42,Menu Item 027,7,337.71,Restaurant 007,Sandwiches,2025-09
2407,9,9,2025-06-18,1,Expired,140.35,Menu Item 009,9,140.35,Restaurant 009,Beverages,2025-06
2408,14,14,2025-11-22,2,Spoilage,462.46,Menu Item 014,4,231.23,Restaurant 014,Rice,2025-11
2409,17,117,2025-09-20,1,Spoilage,429.73,Menu Item 117,7,429.73,Restaurant 017,Sandwiches,2025-09
2410,19,19,2025-10-26,2,Damaged,359.98,Menu Item 019,9,179.99,Restaurant 019,Beverages,2025-10
2411,10,110,2025-04-28,2,Spoilage,438.54,Menu Item 110,10,219.27,Restaurant 010,Salads,2025-04
2412,2,22,2025-04-07,8,Unsold,2587.76,Menu Item 022,2,323.47,Restaurant 002,Pizza,2025-04
2413,15,135,2025-01-28,1,Unsold,300.49,Menu Item 135,5,300.49,Restaurant 015,BBQ,2025-01
2414,1,21,2025-08-05,2,Damaged,644.56,Menu Item 021,1,322.28,Restaurant 001,Burgers,2025-08
2415,16,136,2025-06-11,1,Expired,432.37,Menu Item 136,6,432.37,Restaurant 016,Pasta,2025-06
2416,11,91,2025-01-15,1,Overproduction,370.79,Menu Item 091,1,370.79,Restaurant 011,Burgers,2025-01
2417,6,126,2025-09-26,8,Damaged,5365.04,Menu Item 126,6,670.63,Restaurant 006,Pasta,2025-09
2418,11,111,2025-05-23,2,Overproduction,652.38,Menu Item 111,1,326.19,Restaurant 011,Burgers,2025-05
2419,4,84,2025-07-04,2,Overproduction,701.46,Menu Item 084,4,350.73,Restaurant 004,Rice,2025-07
2420,6,86,2025-06-20,1,Spoilage,478.31,Menu Item 086,6,478.31,Restaurant 006,Pasta,2025-06
2421,8,68,2025-10-07,2,Overproduction,228.12,Menu Item 068,8,114.06,Restaurant 008,Desserts,2025-10
2422,15,135,2025-06-11,1,Preparation Error,300.49,Menu Item 135,5,300.49,Restaurant 015,BBQ,2025-06
2423,11,51,2025-07-04,3,Spoilage,1088.43,Menu Item 051,1,362.81,Restaurant 011,Burgers,2025-07
2424,5,145,2025-07-24,2,Expired,859.76,Menu Item 145,5,429.88,Restaurant 005,BBQ,2025-07
2425,7,47,2025-07-12,3,Damaged,1594.68,Menu Item 047,7,531.56,Restaurant 007,Sandwiches,2025-07
2426,4,44,2025-05-11,5,Preparation Error,2203.6,Menu Item 044,4,440.72,Restaurant 004,Rice,2025-05
2427,10,50,2025-03-02,2,Unsold,316.2,Menu Item 050,10,158.1,Restaurant 010,Salads,2025-03
2428,3,123,2025-07-04,1,Damaged,365.54,Menu Item 123,3,365.54,Restaurant 003,Biryani,2025-07
2429,16,136,2025-01-03,5,Expired,2161.85,Menu Item 136,6,432.37,Restaurant 016,Pasta,2025-01
2430,4,4,2025-07-07,2,Expired,303.36,Menu Item 004,4,151.68,Restaurant 004,Rice,2025-07
2431,5,145,2025-06-02,3,Overproduction,1289.64,Menu Item 145,5,429.88,Restaurant 005,BBQ,2025-06
2432,7,67,2025-07-18,1,Unsold,635.56,Menu Item 067,7,635.56,Restaurant 007,Sandwiches,2025-07
2433,15,135,2025-04-20,3,Damaged,901.47,Menu Item 135,5,300.49,Restaurant 015,BBQ,2025-04
2434,2,22,2025-02-02,2,Spoilage,646.94,Menu Item 022,2,323.47,Restaurant 002,Pizza,2025-02
2435,8,108,2025-10-23,2,Unsold,830.16,Menu Item 108,8,415.08,Restaurant 008,Desserts,2025-10
2436,12,72,2025-08-15,1,Unsold,275.78,Menu Item 072,2,275.78,Restaurant 012,Pizza,2025-08
2437,13,93,2025-09-08,3,Spoilage,1660.83,Menu Item 093,3,553.61,Restaurant 013,Biryani,2025-09
2438,20,60,2025-05-23,1,Damaged,331.16,Menu Item 060,10,331.16,Restaurant 020,Salads,2025-05
2439,9,89,2025-12-04,1,Unsold,266.36,Menu Item 089,9,266.36,Restaurant 009,Beverages,2025-12
2440,6,26,2025-03-20,8,Unsold,4852.48,Menu Item 026,6,606.56,Restaurant 006,Pasta,2025-03
2441,9,109,2025-12-13,5,Preparation Error,1107.15,Menu Item 109,9,221.43,Restaurant 009,Beverages,2025-12
2442,8,28,2025-03-16,1,Unsold,378.16,Menu Item 028,8,378.16,Restaurant 008,Desserts,2025-03
2443,4,124,2025-01-06,8,Overproduction,1196.56,Menu Item 124,4,149.57,Restaurant 004,Rice,2025-01
2444,9,109,2025-12-02,3,Damaged,664.29,Menu Item 109,9,221.43,Restaurant 009,Beverages,2025-12
2445,14,74,2025-12-16,1,Damaged,155.9,Menu Item 074,4,155.9,Restaurant 014,Rice,2025-12
2446,13,53,2025-02-14,2,Overproduction,597.06,Menu Item 053,3,298.53,Restaurant 013,Biryani,2025-02
2447,19,79,2025-08-26,1,Overproduction,130.5,Menu Item 079,9,130.5,Restaurant 019,Beverages,2025-08
2448,11,11,2025-10-08,1,Overproduction,546.24,Menu Item 011,1,546.24,Restaurant 011,Burgers,2025-10
2449,8,28,2025-04-02,2,Expired,756.32,Menu Item 028,8,378.16,Restaurant 008,Desserts,2025-04
2450,3,83,2025-03-05,5,Expired,1181.75,Menu Item 083,3,236.35,Restaurant 003,Biryani,2025-03
2451,13,133,2025-08-17,8,Preparation Error,4070.64,Menu Item 133,3,508.83,Restaurant 013,Biryani,2025-08
2452,2,122,2025-09-20,8,Unsold,6626.8,Menu Item 122,2,828.35,Restaurant 002,Pizza,2025-09
2453,14,54,2025-03-21,1,Expired,182.18,Menu Item 054,4,182.18,Restaurant 014,Rice,2025-03
2454,9,29,2025-02-20,1,Unsold,68.62,Menu Item 029,9,68.62,Restaurant 009,Beverages,2025-02
2455,3,23,2025-05-01,2,Spoilage,540.46,Menu Item 023,3,270.23,Restaurant 003,Biryani,2025-05
2456,14,114,2025-06-10,2,Spoilage,1089.78,Menu Item 114,4,544.89,Restaurant 014,Rice,2025-06
2457,3,3,2025-01-15,2,Damaged,451.92,Menu Item 003,3,225.96,Restaurant 003,Biryani,2025-01
2458,1,41,2025-12-08,2,Preparation Error,509.02,Menu Item 041,1,254.51,Restaurant 001,Burgers,2025-12
2459,13,13,2025-07-12,8,Spoilage,3114.24,Menu Item 013,3,389.28,Restaurant 013,Biryani,2025-07
2460,19,39,2025-10-03,1,Overproduction,88.74,Menu Item 039,9,88.74,Restaurant 019,Beverages,2025-10
2461,20,80,2025-10-01,2,Preparation Error,222.1,Menu Item 080,10,111.05,Restaurant 020,Salads,2025-10
2462,17,97,2025-12-24,1,Damaged,454.04,Menu Item 097,7,454.04,Restaurant 017,Sandwiches,2025-12
2463,10,30,2025-02-12,2,Preparation Error,334.54,Menu Item 030,10,167.27,Restaurant 010,Salads,2025-02
2464,1,21,2025-05-02,3,Expired,966.84,Menu Item 021,1,322.28,Restaurant 001,Burgers,2025-05
2465,2,122,2025-06-08,2,Preparation Error,1656.7,Menu Item 122,2,828.35,Restaurant 002,Pizza,2025-06
2466,14,14,2025-04-17,5,Overproduction,1156.15,Menu Item 014,4,231.23,Restaurant 014,Rice,2025-04
2467,8,128,2025-08-27,1,Overproduction,347.29,Menu Item 128,8,347.29,Restaurant 008,Desserts,2025-08
2468,17,137,2025-10-23,2,Damaged,707.48,Menu Item 137,7,353.74,Restaurant 017,Sandwiches,2025-10
2469,15,115,2025-03-23,1,Spoilage,803.9,Menu Item 115,5,803.9,Restaurant 015,BBQ,2025-03
2470,11,11,2025-07-09,3,Preparation Error,1638.72,Menu Item 011,1,546.24,Restaurant 011,Burgers,2025-07
2471,18,58,2025-01-12,2,Overproduction,720.5,Menu Item 058,8,360.25,Restaurant 018,Desserts,2025-01
2472,15,115,2025-07-17,3,Expired,2411.7,Menu Item 115,5,803.9,Restaurant 015,BBQ,2025-07
2473,2,62,2025-04-27,3,Spoilage,1529.31,Menu Item 062,2,509.77,Restaurant 002,Pizza,2025-04
2474,13,13,2025-12-24,3,Overproduction,1167.84,Menu Item 013,3,389.28,Restaurant 013,Biryani,2025-12
2475,11,31,2025-09-04,3,Unsold,967.86,Menu Item 031,1,322.62,Restaurant 011,Burgers,2025-09
2476,18,58,2025-03-28,5,Expired,1801.25,Menu Item 058,8,360.25,Restaurant 018,Desserts,2025-03
2477,19,39,2025-09-25,3,Overproduction,266.22,Menu Item 039,9,88.74,Restaurant 019,Beverages,2025-09
2478,20,140,2025-10-02,5,Damaged,892.0,Menu Item 140,10,178.4,Restaurant 020,Salads,2025-10
2479,7,67,2025-08-07,2,Preparation Error,1271.12,Menu Item 067,7,635.56,Restaurant 007,Sandwiches,2025-08
2480,8,28,2025-12-16,5,Overproduction,1890.8,Menu Item 028,8,378.16,Restaurant 008,Desserts,2025-12
2481,3,43,2025-05-06,1,Expired,379.7,Menu Item 043,3,379.7,Restaurant 003,Biryani,2025-05
2482,9,129,2025-12-08,1,Unsold,100.2,Menu Item 129,9,100.2,Restaurant 009,Beverages,2025-12
2483,15,15,2025-03-07,1,Unsold,496.97,Menu Item 015,5,496.97,Restaurant 015,BBQ,2025-03
2484,15,115,2025-10-17,1,Spoilage,803.9,Menu Item 115,5,803.9,Restaurant 015,BBQ,2025-10
2485,16,56,2025-06-14,2,Damaged,781.2,Menu Item 056,6,390.6,Restaurant 016,Pasta,2025-06
2486,1,61,2025-03-13,1,Overproduction,495.71,Menu Item 061,1,495.71,Restaurant 001,Burgers,2025-03
2487,6,6,2025-12-15,3,Preparation Error,906.45,Menu Item 006,6,302.15,Restaurant 006,Pasta,2025-12
2488,4,144,2025-01-08,1,Expired,243.25,Menu Item 144,4,243.25,Restaurant 004,Rice,2025-01
2489,13,133,2025-02-11,8,Damaged,4070.64,Menu Item 133,3,508.83,Restaurant 013,Biryani,2025-02
2490,11,71,2025-08-06,1,Preparation Error,464.98,Menu Item 071,1,464.98,Restaurant 011,Burgers,2025-08
2491,13,93,2025-11-10,5,Damaged,2768.05,Menu Item 093,3,553.61,Restaurant 013,Biryani,2025-11
2492,2,142,2025-05-04,5,Preparation Error,4596.75,Menu Item 142,2,919.35,Restaurant 002,Pizza,2025-05
2493,10,70,2025-04-12,5,Damaged,1036.25,Menu Item 070,10,207.25,Restaurant 010,Salads,2025-04
2494,11,51,2025-07-03,5,Overproduction,1814.05,Menu Item 051,1,362.81,Restaurant 011,Burgers,2025-07
2495,4,64,2025-09-14,2,Overproduction,512.92,Menu Item 064,4,256.46,Restaurant 004,Rice,2025-09
2496,4,124,2025-01-27,2,Overproduction,299.14,Menu Item 124,4,149.57,Restaurant 004,Rice,2025-01
2497,11,31,2025-11-16,2,Preparation Error,645.24,Menu Item 031,1,322.62,Restaurant 011,Burgers,2025-11
2498,7,27,2025-05-07,8,Preparation Error,2701.68,Menu Item 027,7,337.71,Restaurant 007,Sandwiches,2025-05
2499,8,148,2025-01-22,1,Damaged,337.64,Menu Item 148,8,337.64,Restaurant 008,Desserts,2025-01
2500,19,19,2025-01-21,5,Unsold,899.95,Menu Item 019,9,179.99,Restaurant 019,Beverages,2025-01
2501,1,41,2025-09-13,2,Expired,509.02,Menu Item 041,1,254.51,Restaurant 001,Burgers,2025-09
2502,11,11,2025-10-14,10,Expired,5462.4,Menu Item 011,1,546.24,Restaurant 011,Burgers,2025-10
2503,9,49,2025-06-14,2,Damaged,508.56,Menu Item 049,9,254.28,Restaurant 009,Beverages,2025-06
2504,7,87,2025-02-19,1,Spoilage,530.98,Menu Item 087,7,530.98,Restaurant 007,Sandwiches,2025-02
2505,13,53,2025-02-26,3,Damaged,895.59,Menu Item 053,3,298.53,Restaurant 013,Biryani,2025-02
2506,1,1,2025-04-19,10,Preparation Error,4281.2,Menu Item 001,1,428.12,Restaurant 001,Burgers,2025-04
2507,19,139,2025-08-19,2,Damaged,255.08,Menu Item 139,9,127.54,Restaurant 019,Beverages,2025-08
2508,7,87,2025-06-14,2,Expired,1061.96,Menu Item 087,7,530.98,Restaurant 007,Sandwiches,2025-06
2509,3,23,2025-01-05,8,Expired,2161.84,Menu Item 023,3,270.23,Restaurant 003,Biryani,2025-01
2510,9,69,2025-12-02,3,Damaged,284.4,Menu Item 069,9,94.8,Restaurant 009,Beverages,2025-12
2511,8,48,2025-07-08,2,Expired,389.84,Menu Item 048,8,194.92,Restaurant 008,Desserts,2025-07
2512,15,95,2025-04-20,5,Expired,3409.4,Menu Item 095,5,681.88,Restaurant 015,BBQ,2025-04
2513,11,11,2025-01-27,1,Expired,546.24,Menu Item 011,1,546.24,Restaurant 011,Burgers,2025-01
2514,4,124,2025-01-27,1,Damaged,149.57,Menu Item 124,4,149.57,Restaurant 004,Rice,2025-01
2515,9,89,2025-04-11,3,Preparation Error,799.08,Menu Item 089,9,266.36,Restaurant 009,Beverages,2025-04
2516,3,43,2025-05-18,2,Overproduction,759.4,Menu Item 043,3,379.7,Restaurant 003,Biryani,2025-05
2517,16,16,2025-03-11,1,Damaged,338.34,Menu Item 016,6,338.34,Restaurant 016,Pasta,2025-03
2518,10,150,2025-03-20,2,Damaged,754.68,Menu Item 150,10,377.34,Restaurant 010,Salads,2025-03
2519,3,43,2025-06-25,3,Spoilage,1139.1,Menu Item 043,3,379.7,Restaurant 003,Biryani,2025-06
2520,20,120,2025-09-06,1,Damaged,227.83,Menu Item 120,10,227.83,Restaurant 020,Salads,2025-09
2521,10,90,2025-10-09,2,Overproduction,381.92,Menu Item 090,10,190.96,Restaurant 010,Salads,2025-10
2522,2,122,2025-08-11,5,Preparation Error,4141.75,Menu Item 122,2,828.35,Restaurant 002,Pizza,2025-08
2523,13,93,2025-10-23,3,Preparation Error,1660.83,Menu Item 093,3,553.61,Restaurant 013,Biryani,2025-10
2524,4,44,2025-07-27,2,Unsold,881.44,Menu Item 044,4,440.72,Restaurant 004,Rice,2025-07
2525,5,85,2025-02-04,5,Expired,1775.55,Menu Item 085,5,355.11,Restaurant 005,BBQ,2025-02
2526,1,141,2025-04-08,2,Unsold,504.22,Menu Item 141,1,252.11,Restaurant 001,Burgers,2025-04
2527,9,49,2025-07-03,1,Spoilage,254.28,Menu Item 049,9,254.28,Restaurant 009,Beverages,2025-07
2528,9,149,2025-05-22,1,Spoilage,239.18,Menu Item 149,9,239.18,Restaurant 009,Beverages,2025-05
2529,17,77,2025-12-17,1,Unsold,598.63,Menu Item 077,7,598.63,Restaurant 017,Sandwiches,2025-12
2530,12,12,2025-10-09,2,Overproduction,1566.2,Menu Item 012,2,783.1,Restaurant 012,Pizza,2025-10
2531,10,150,2025-02-10,2,Damaged,754.68,Menu Item 150,10,377.34,Restaurant 010,Salads,2025-02
2532,9,129,2025-01-25,3,Overproduction,300.6,Menu Item 129,9,100.2,Restaurant 009,Beverages,2025-01
2533,15,35,2025-04-17,3,Overproduction,1311.18,Menu Item 035,5,437.06,Restaurant 015,BBQ,2025-04
2534,1,61,2025-03-10,2,Overproduction,991.42,Menu Item 061,1,495.71,Restaurant 001,Burgers,2025-03
2535,16,136,2025-10-14,1,Preparation Error,432.37,Menu Item 136,6,432.37,Restaurant 016,Pasta,2025-10
2536,9,89,2025-06-11,3,Expired,799.08,Menu Item 089,9,266.36,Restaurant 009,Beverages,2025-06
2537,2,82,2025-12-03,3,Preparation Error,1804.35,Menu Item 082,2,601.45,Restaurant 002,Pizza,2025-12
2538,15,135,2025-12-02,2,Expired,600.98,Menu Item 135,5,300.49,Restaurant 015,BBQ,2025-12
2539,4,64,2025-12-21,1,Overproduction,256.46,Menu Item 064,4,256.46,Restaurant 004,Rice,2025-12
2540,17,117,2025-12-26,2,Expired,859.46,Menu Item 117,7,429.73,Restaurant 017,Sandwiches,2025-12
2541,8,68,2025-11-12,3,Preparation Error,342.18,Menu Item 068,8,114.06,Restaurant 008,Desserts,2025-11
2542,10,130,2025-03-06,1,Expired,292.14,Menu Item 130,10,292.14,Restaurant 010,Salads,2025-03
2543,12,52,2025-06-27,3,Overproduction,1390.8,Menu Item 052,2,463.6,Restaurant 012,Pizza,2025-06
2544,2,22,2025-12-04,2,Expired,646.94,Menu Item 022,2,323.47,Restaurant 002,Pizza,2025-12
2545,9,29,2025-08-14,2,Spoilage,137.24,Menu Item 029,9,68.62,Restaurant 009,Beverages,2025-08
2546,10,110,2025-08-02,2,Overproduction,438.54,Menu Item 110,10,219.27,Restaurant 010,Salads,2025-08
2547,17,57,2025-06-02,3,Unsold,943.56,Menu Item 057,7,314.52,Restaurant 017,Sandwiches,2025-06
2548,20,60,2025-12-06,5,Overproduction,1655.8,Menu Item 060,10,331.16,Restaurant 020,Salads,2025-12
2549,7,7,2025-01-20,3,Expired,1432.71,Menu Item 007,7,477.57,Restaurant 007,Sandwiches,2025-01
2550,1,101,2025-09-18,2,Damaged,637.02,Menu Item 101,1,318.51,Restaurant 001,Burgers,2025-09
2551,2,62,2025-09-11,3,Spoilage,1529.31,Menu Item 062,2,509.77,Restaurant 002,Pizza,2025-09
2552,5,145,2025-10-02,2,Damaged,859.76,Menu Item 145,5,429.88,Restaurant 005,BBQ,2025-10
2553,17,57,2025-07-22,1,Preparation Error,314.52,Menu Item 057,7,314.52,Restaurant 017,Sandwiches,2025-07
2554,1,41,2025-07-17,2,Expired,509.02,Menu Item 041,1,254.51,Restaurant 001,Burgers,2025-07
2555,5,45,2025-09-20,3,Preparation Error,1169.82,Menu Item 045,5,389.94,Restaurant 005,BBQ,2025-09
2556,17,37,2025-10-08,8,Overproduction,5518.16,Menu Item 037,7,689.77,Restaurant 017,Sandwiches,2025-10
2557,7,107,2025-05-04,2,Unsold,945.16,Menu Item 107,7,472.58,Restaurant 007,Sandwiches,2025-05
2558,3,143,2025-12-28,3,Expired,1065.0,Menu Item 143,3,355.0,Restaurant 003,Biryani,2025-12
2559,10,110,2025-10-02,5,Overproduction,1096.35,Menu Item 110,10,219.27,Restaurant 010,Salads,2025-10
2560,2,142,2025-01-05,2,Overproduction,1838.7,Menu Item 142,2,919.35,Restaurant 002,Pizza,2025-01
2561,18,78,2025-05-03,3,Overproduction,768.33,Menu Item 078,8,256.11,Restaurant 018,Desserts,2025-05
2562,10,70,2025-05-28,3,Preparation Error,621.75,Menu Item 070,10,207.25,Restaurant 010,Salads,2025-05
2563,5,45,2025-09-02,2,Damaged,779.88,Menu Item 045,5,389.94,Restaurant 005,BBQ,2025-09
2564,13,133,2025-05-19,1,Spoilage,508.83,Menu Item 133,3,508.83,Restaurant 013,Biryani,2025-05
2565,16,56,2025-02-07,5,Damaged,1953.0,Menu Item 056,6,390.6,Restaurant 016,Pasta,2025-02
2566,3,83,2025-09-17,1,Expired,236.35,Menu Item 083,3,236.35,Restaurant 003,Biryani,2025-09
2567,15,75,2025-07-02,1,Overproduction,422.0,Menu Item 075,5,422.0,Restaurant 015,BBQ,2025-07
2568,8,28,2025-01-13,2,Overproduction,756.32,Menu Item 028,8,378.16,Restaurant 008,Desserts,2025-01
2569,14,34,2025-09-21,1,Spoilage,464.32,Menu Item 034,4,464.32,Restaurant 014,Rice,2025-09
2570,1,141,2025-05-14,1,Damaged,252.11,Menu Item 141,1,252.11,Restaurant 001,Burgers,2025-05
2571,10,70,2025-12-08,2,Expired,414.5,Menu Item 070,10,207.25,Restaurant 010,Salads,2025-12
2572,20,100,2025-11-27,8,Damaged,3893.6,Menu Item 100,10,486.7,Restaurant 020,Salads,2025-11
2573,14,74,2025-06-03,1,Expired,155.9,Menu Item 074,4,155.9,Restaurant 014,Rice,2025-06
2574,12,52,2025-02-26,2,Damaged,927.2,Menu Item 052,2,463.6,Restaurant 012,Pizza,2025-02
2575,18,18,2025-03-14,10,Expired,3343.9,Menu Item 018,8,334.39,Restaurant 018,Desserts,2025-03
2576,10,10,2025-10-20,1,Preparation Error,143.3,Menu Item 010,10,143.3,Restaurant 010,Salads,2025-10
2577,6,146,2025-07-23,2,Preparation Error,1485.06,Menu Item 146,6,742.53,Restaurant 006,Pasta,2025-07
2578,8,8,2025-02-19,1,Expired,307.72,Menu Item 008,8,307.72,Restaurant 008,Desserts,2025-02
2579,1,101,2025-08-25,1,Spoilage,318.51,Menu Item 101,1,318.51,Restaurant 001,Burgers,2025-08
2580,18,38,2025-12-12,1,Overproduction,376.32,Menu Item 038,8,376.32,Restaurant 018,Desserts,2025-12
2581,17,137,2025-08-28,3,Damaged,1061.22,Menu Item 137,7,353.74,Restaurant 017,Sandwiches,2025-08
2582,6,146,2025-06-24,8,Overproduction,5940.24,Menu Item 146,6,742.53,Restaurant 006,Pasta,2025-06
2583,8,108,2025-02-09,5,Damaged,2075.4,Menu Item 108,8,415.08,Restaurant 008,Desserts,2025-02
2584,4,44,2025-08-07,8,Expired,3525.76,Menu Item 044,4,440.72,Restaurant 004,Rice,2025-08
2585,16,116,2025-02-01,1,Spoilage,513.28,Menu Item 116,6,513.28,Restaurant 016,Pasta,2025-02
2586,10,30,2025-10-05,2,Preparation Error,334.54,Menu Item 030,10,167.27,Restaurant 010,Salads,2025-10
2587,9,9,2025-04-04,2,Unsold,280.7,Menu Item 009,9,140.35,Restaurant 009,Beverages,2025-04
2588,2,122,2025-06-26,2,Spoilage,1656.7,Menu Item 122,2,828.35,Restaurant 002,Pizza,2025-06
2589,4,104,2025-03-27,2,Unsold,335.92,Menu Item 104,4,167.96,Restaurant 004,Rice,2025-03
2590,12,112,2025-01-21,1,Overproduction,861.28,Menu Item 112,2,861.28,Restaurant 012,Pizza,2025-01
2591,12,92,2025-08-22,3,Preparation Error,1393.11,Menu Item 092,2,464.37,Restaurant 012,Pizza,2025-08
2592,7,147,2025-09-08,8,Damaged,1798.4,Menu Item 147,7,224.8,Restaurant 007,Sandwiches,2025-09
2593,10,110,2025-06-02,2,Unsold,438.54,Menu Item 110,10,219.27,Restaurant 010,Salads,2025-06
2594,9,89,2025-12-02,3,Damaged,799.08,Menu Item 089,9,266.36,Restaurant 009,Beverages,2025-12
2595,16,76,2025-10-04,8,Overproduction,3322.48,Menu Item 076,6,415.31,Restaurant 016,Pasta,2025-10
2596,3,3,2025-10-17,10,Preparation Error,2259.6,Menu Item 003,3,225.96,Restaurant 003,Biryani,2025-10
2597,6,46,2025-08-14,1,Overproduction,633.91,Menu Item 046,6,633.91,Restaurant 006,Pasta,2025-08
2598,12,72,2025-10-28,2,Damaged,551.56,Menu Item 072,2,275.78,Restaurant 012,Pizza,2025-10
2599,15,75,2025-04-20,8,Expired,3376.0,Menu Item 075,5,422.0,Restaurant 015,BBQ,2025-04
2600,6,86,2025-10-28,1,Damaged,478.31,Menu Item 086,6,478.31,Restaurant 006,Pasta,2025-10
2601,18,118,2025-12-06,2,Overproduction,618.0,Menu Item 118,8,309.0,Restaurant 018,Desserts,2025-12
2602,16,136,2025-02-27,1,Spoilage,432.37,Menu Item 136,6,432.37,Restaurant 016,Pasta,2025-02
2603,9,109,2025-08-14,1,Preparation Error,221.43,Menu Item 109,9,221.43,Restaurant 009,Beverages,2025-08
2604,14,34,2025-12-24,1,Overproduction,464.32,Menu Item 034,4,464.32,Restaurant 014,Rice,2025-12
2605,6,46,2025-02-07,1,Expired,633.91,Menu Item 046,6,633.91,Restaurant 006,Pasta,2025-02
2606,16,16,2025-01-03,2,Spoilage,676.68,Menu Item 016,6,338.34,Restaurant 016,Pasta,2025-01
2607,12,132,2025-08-04,3,Unsold,1926.18,Menu Item 132,2,642.06,Restaurant 012,Pizza,2025-08
2608,11,131,2025-07-27,2,Overproduction,745.46,Menu Item 131,1,372.73,Restaurant 011,Burgers,2025-07
2609,12,112,2025-05-01,1,Damaged,861.28,Menu Item 112,2,861.28,Restaurant 012,Pizza,2025-05
2610,16,76,2025-11-13,5,Overproduction,2076.55,Menu Item 076,6,415.31,Restaurant 016,Pasta,2025-11
2611,13,113,2025-08-04,1,Damaged,230.81,Menu Item 113,3,230.81,Restaurant 013,Biryani,2025-08
2612,7,147,2025-10-26,8,Overproduction,1798.4,Menu Item 147,7,224.8,Restaurant 007,Sandwiches,2025-10
2613,4,24,2025-02-04,2,Spoilage,996.74,Menu Item 024,4,498.37,Restaurant 004,Rice,2025-02
2614,17,77,2025-12-11,1,Spoilage,598.63,Menu Item 077,7,598.63,Restaurant 017,Sandwiches,2025-12
2615,14,14,2025-03-01,3,Unsold,693.69,Menu Item 014,4,231.23,Restaurant 014,Rice,2025-03
2616,15,135,2025-12-10,3,Spoilage,901.47,Menu Item 135,5,300.49,Restaurant 015,BBQ,2025-12
2617,6,106,2025-07-12,8,Spoilage,2217.04,Menu Item 106,6,277.13,Restaurant 006,Pasta,2025-07
2618,8,128,2025-06-08,2,Expired,694.58,Menu Item 128,8,347.29,Restaurant 008,Desserts,2025-06
2619,11,131,2025-12-08,1,Damaged,372.73,Menu Item 131,1,372.73,Restaurant 011,Burgers,2025-12
2620,6,6,2025-12-25,2,Unsold,604.3,Menu Item 006,6,302.15,Restaurant 006,Pasta,2025-12
2621,17,57,2025-11-11,2,Unsold,629.04,Menu Item 057,7,314.52,Restaurant 017,Sandwiches,2025-11
2622,18,18,2025-09-09,3,Expired,1003.17,Menu Item 018,8,334.39,Restaurant 018,Desserts,2025-09
2623,12,92,2025-10-15,2,Overproduction,928.74,Menu Item 092,2,464.37,Restaurant 012,Pizza,2025-10
2624,20,140,2025-07-22,2,Preparation Error,356.8,Menu Item 140,10,178.4,Restaurant 020,Salads,2025-07
2625,7,107,2025-05-11,2,Spoilage,945.16,Menu Item 107,7,472.58,Restaurant 007,Sandwiches,2025-05
2626,8,128,2025-07-14,2,Unsold,694.58,Menu Item 128,8,347.29,Restaurant 008,Desserts,2025-07
2627,8,128,2025-06-14,5,Overproduction,1736.45,Menu Item 128,8,347.29,Restaurant 008,Desserts,2025-06
2628,2,22,2025-08-07,1,Damaged,323.47,Menu Item 022,2,323.47,Restaurant 002,Pizza,2025-08
2629,16,76,2025-10-07,1,Damaged,415.31,Menu Item 076,6,415.31,Restaurant 016,Pasta,2025-10
2630,4,44,2025-12-03,1,Overproduction,440.72,Menu Item 044,4,440.72,Restaurant 004,Rice,2025-12
2631,4,4,2025-10-20,1,Damaged,151.68,Menu Item 004,4,151.68,Restaurant 004,Rice,2025-10
2632,15,75,2025-01-16,1,Overproduction,422.0,Menu Item 075,5,422.0,Restaurant 015,BBQ,2025-01
2633,4,144,2025-02-25,1,Spoilage,243.25,Menu Item 144,4,243.25,Restaurant 004,Rice,2025-02
2634,17,37,2025-12-15,1,Damaged,689.77,Menu Item 037,7,689.77,Restaurant 017,Sandwiches,2025-12
2635,10,10,2025-12-05,1,Preparation Error,143.3,Menu Item 010,10,143.3,Restaurant 010,Salads,2025-12
2636,3,143,2025-03-16,2,Overproduction,710.0,Menu Item 143,3,355.0,Restaurant 003,Biryani,2025-03
2637,8,8,2025-06-18,5,Spoilage,1538.6,Menu Item 008,8,307.72,Restaurant 008,Desserts,2025-06
2638,1,41,2025-11-19,1,Preparation Error,254.51,Menu Item 041,1,254.51,Restaurant 001,Burgers,2025-11
2639,6,6,2025-12-17,1,Overproduction,302.15,Menu Item 006,6,302.15,Restaurant 006,Pasta,2025-12
2640,12,132,2025-01-06,1,Damaged,642.06,Menu Item 132,2,642.06,Restaurant 012,Pizza,2025-01
2641,4,124,2025-12-19,2,Preparation Error,299.14,Menu Item 124,4,149.57,Restaurant 004,Rice,2025-12
2642,4,144,2025-01-22,1,Overproduction,243.25,Menu Item 144,4,243.25,Restaurant 004,Rice,2025-01
2643,4,4,2025-01-19,2,Preparation Error,303.36,Menu Item 004,4,151.68,Restaurant 004,Rice,2025-01
2644,7,127,2025-01-17,1,Preparation Error,334.08,Menu Item 127,7,334.08,Restaurant 007,Sandwiches,2025-01
2645,5,65,2025-02-05,2,Damaged,1031.48,Menu Item 065,5,515.74,Restaurant 005,BBQ,2025-02
2646,16,36,2025-03-06,2,Damaged,901.8,Menu Item 036,6,450.9,Restaurant 016,Pasta,2025-03
2647,13,33,2025-09-24,5,Expired,1757.5,Menu Item 033,3,351.5,Restaurant 013,Biryani,2025-09
2648,2,62,2025-07-07,8,Unsold,4078.16,Menu Item 062,2,509.77,Restaurant 002,Pizza,2025-07
2649,17,97,2025-05-10,1,Preparation Error,454.04,Menu Item 097,7,454.04,Restaurant 017,Sandwiches,2025-05
2650,10,150,2025-03-18,1,Preparation Error,377.34,Menu Item 150,10,377.34,Restaurant 010,Salads,2025-03
2651,16,136,2025-05-10,1,Unsold,432.37,Menu Item 136,6,432.37,Restaurant 016,Pasta,2025-05
2652,13,93,2025-08-05,3,Damaged,1660.83,Menu Item 093,3,553.61,Restaurant 013,Biryani,2025-08
2653,10,50,2025-09-13,2,Unsold,316.2,Menu Item 050,10,158.1,Restaurant 010,Salads,2025-09
2654,4,84,2025-09-27,5,Preparation Error,1753.65,Menu Item 084,4,350.73,Restaurant 004,Rice,2025-09
2655,7,27,2025-01-22,10,Expired,3377.1,Menu Item 027,7,337.71,Restaurant 007,Sandwiches,2025-01
2656,16,16,2025-03-15,3,Spoilage,1015.02,Menu Item 016,6,338.34,Restaurant 016,Pasta,2025-03
2657,8,108,2025-05-24,1,Spoilage,415.08,Menu Item 108,8,415.08,Restaurant 008,Desserts,2025-05
2658,11,51,2025-12-06,3,Preparation Error,1088.43,Menu Item 051,1,362.81,Restaurant 011,Burgers,2025-12
2659,8,88,2025-09-17,2,Spoilage,451.26,Menu Item 088,8,225.63,Restaurant 008,Desserts,2025-09
2660,14,14,2025-10-18,2,Spoilage,462.46,Menu Item 014,4,231.23,Restaurant 014,Rice,2025-10
2661,1,41,2025-06-18,1,Damaged,254.51,Menu Item 041,1,254.51,Restaurant 001,Burgers,2025-06
2662,15,135,2025-10-01,1,Damaged,300.49,Menu Item 135,5,300.49,Restaurant 015,BBQ,2025-10
2663,20,120,2025-07-11,1,Overproduction,227.83,Menu Item 120,10,227.83,Restaurant 020,Salads,2025-07
2664,10,90,2025-12-24,2,Damaged,381.92,Menu Item 090,10,190.96,Restaurant 010,Salads,2025-12
2665,1,41,2025-12-16,2,Damaged,509.02,Menu Item 041,1,254.51,Restaurant 001,Burgers,2025-12
2666,1,61,2025-01-26,2,Damaged,991.42,Menu Item 061,1,495.71,Restaurant 001,Burgers,2025-01
2667,18,38,2025-11-25,2,Expired,752.64,Menu Item 038,8,376.32,Restaurant 018,Desserts,2025-11
2668,1,141,2025-01-20,3,Preparation Error,756.33,Menu Item 141,1,252.11,Restaurant 001,Burgers,2025-01
2669,11,131,2025-04-22,2,Preparation Error,745.46,Menu Item 131,1,372.73,Restaurant 011,Burgers,2025-04
2670,13,13,2025-11-13,8,Preparation Error,3114.24,Menu Item 013,3,389.28,Restaurant 013,Biryani,2025-11
2671,3,23,2025-04-08,10,Expired,2702.3,Menu Item 023,3,270.23,Restaurant 003,Biryani,2025-04
2672,5,145,2025-12-24,2,Damaged,859.76,Menu Item 145,5,429.88,Restaurant 005,BBQ,2025-12
2673,19,19,2025-04-07,2,Preparation Error,359.98,Menu Item 019,9,179.99,Restaurant 019,Beverages,2025-04
2674,12,12,2025-09-08,5,Preparation Error,3915.5,Menu Item 012,2,783.1,Restaurant 012,Pizza,2025-09
2675,15,135,2025-08-28,2,Preparation Error,600.98,Menu Item 135,5,300.49,Restaurant 015,BBQ,2025-08
2676,16,96,2025-06-23,2,Spoilage,810.44,Menu Item 096,6,405.22,Restaurant 016,Pasta,2025-06
2677,20,40,2025-06-27,1,Damaged,276.24,Menu Item 040,10,276.24,Restaurant 020,Salads,2025-06
2678,18,118,2025-06-13,1,Overproduction,309.0,Menu Item 118,8,309.0,Restaurant 018,Desserts,2025-06
2679,16,16,2025-05-25,1,Unsold,338.34,Menu Item 016,6,338.34,Restaurant 016,Pasta,2025-05
2680,5,105,2025-06-20,2,Damaged,1193.08,Menu Item 105,5,596.54,Restaurant 005,BBQ,2025-06
2681,1,121,2025-02-03,1,Expired,375.3,Menu Item 121,1,375.3,Restaurant 001,Burgers,2025-02
2682,7,27,2025-08-25,3,Unsold,1013.13,Menu Item 027,7,337.71,Restaurant 007,Sandwiches,2025-08
2683,19,139,2025-08-20,1,Expired,127.54,Menu Item 139,9,127.54,Restaurant 019,Beverages,2025-08
2684,11,11,2025-04-25,1,Unsold,546.24,Menu Item 011,1,546.24,Restaurant 011,Burgers,2025-04
2685,4,4,2025-09-06,1,Overproduction,151.68,Menu Item 004,4,151.68,Restaurant 004,Rice,2025-09
2686,16,16,2025-05-19,2,Preparation Error,676.68,Menu Item 016,6,338.34,Restaurant 016,Pasta,2025-05
2687,16,116,2025-01-16,8,Preparation Error,4106.24,Menu Item 116,6,513.28,Restaurant 016,Pasta,2025-01
2688,15,15,2025-07-28,8,Damaged,3975.76,Menu Item 015,5,496.97,Restaurant 015,BBQ,2025-07
2689,2,22,2025-03-04,2,Preparation Error,646.94,Menu Item 022,2,323.47,Restaurant 002,Pizza,2025-03
2690,12,112,2025-11-09,3,Unsold,2583.84,Menu Item 112,2,861.28,Restaurant 012,Pizza,2025-11
2691,15,15,2025-09-17,3,Overproduction,1490.91,Menu Item 015,5,496.97,Restaurant 015,BBQ,2025-09
2692,12,12,2025-03-07,2,Expired,1566.2,Menu Item 012,2,783.1,Restaurant 012,Pizza,2025-03
2693,12,12,2025-11-19,2,Damaged,1566.2,Menu Item 012,2,783.1,Restaurant 012,Pizza,2025-11
2694,19,119,2025-04-15,1,Spoilage,104.64,Menu Item 119,9,104.64,Restaurant 019,Beverages,2025-04
2695,8,68,2025-10-25,2,Overproduction,228.12,Menu Item 068,8,114.06,Restaurant 008,Desserts,2025-10
2696,8,88,2025-05-27,8,Expired,1805.04,Menu Item 088,8,225.63,Restaurant 008,Desserts,2025-05
2697,12,112,2025-06-28,3,Damaged,2583.84,Menu Item 112,2,861.28,Restaurant 012,Pizza,2025-06
2698,12,132,2025-06-25,2,Unsold,1284.12,Menu Item 132,2,642.06,Restaurant 012,Pizza,2025-06
2699,13,33,2025-09-21,3,Spoilage,1054.5,Menu Item 033,3,351.5,Restaurant 013,Biryani,2025-09
2700,13,73,2025-09-22,2,Spoilage,463.5,Menu Item 073,3,231.75,Restaurant 013,Biryani,2025-09
2701,2,142,2025-05-13,2,Overproduction,1838.7,Menu Item 142,2,919.35,Restaurant 002,Pizza,2025-05
2702,4,24,2025-03-09,1,Spoilage,498.37,Menu Item 024,4,498.37,Restaurant 004,Rice,2025-03
2703,5,85,2025-02-06,1,Expired,355.11,Menu Item 085,5,355.11,Restaurant 005,BBQ,2025-02
2704,6,6,2025-04-26,3,Damaged,906.45,Menu Item 006,6,302.15,Restaurant 006,Pasta,2025-04
2705,17,57,2025-03-11,1,Preparation Error,314.52,Menu Item 057,7,314.52,Restaurant 017,Sandwiches,2025-03
2706,10,50,2025-07-02,2,Expired,316.2,Menu Item 050,10,158.1,Restaurant 010,Salads,2025-07
2707,13,73,2025-02-18,2,Unsold,463.5,Menu Item 073,3,231.75,Restaurant 013,Biryani,2025-02
2708,20,140,2025-12-26,2,Spoilage,356.8,Menu Item 140,10,178.4,Restaurant 020,Salads,2025-12
2709,12,132,2025-11-04,1,Damaged,642.06,Menu Item 132,2,642.06,Restaurant 012,Pizza,2025-11
2710,16,136,2025-01-04,5,Expired,2161.85,Menu Item 136,6,432.37,Restaurant 016,Pasta,2025-01
2711,20,140,2025-07-24,3,Preparation Error,535.2,Menu Item 140,10,178.4,Restaurant 020,Salads,2025-07
2712,12,52,2025-08-10,5,Spoilage,2318.0,Menu Item 052,2,463.6,Restaurant 012,Pizza,2025-08
2713,4,24,2025-08-14,1,Preparation Error,498.37,Menu Item 024,4,498.37,Restaurant 004,Rice,2025-08
2714,12,132,2025-04-23,1,Unsold,642.06,Menu Item 132,2,642.06,Restaurant 012,Pizza,2025-04
2715,2,142,2025-07-17,1,Overproduction,919.35,Menu Item 142,2,919.35,Restaurant 002,Pizza,2025-07
2716,19,79,2025-07-21,1,Damaged,130.5,Menu Item 079,9,130.5,Restaurant 019,Beverages,2025-07
2717,10,130,2025-04-04,2,Unsold,584.28,Menu Item 130,10,292.14,Restaurant 010,Salads,2025-04
2718,19,119,2025-07-04,3,Spoilage,313.92,Menu Item 119,9,104.64,Restaurant 019,Beverages,2025-07
2719,10,150,2025-10-04,1,Unsold,377.34,Menu Item 150,10,377.34,Restaurant 010,Salads,2025-10
2720,19,119,2025-07-28,8,Spoilage,837.12,Menu Item 119,9,104.64,Restaurant 019,Beverages,2025-07
2721,12,132,2025-11-09,2,Unsold,1284.12,Menu Item 132,2,642.06,Restaurant 012,Pizza,2025-11
2722,13,13,2025-02-19,1,Spoilage,389.28,Menu Item 013,3,389.28,Restaurant 013,Biryani,2025-02
2723,17,17,2025-05-08,1,Overproduction,292.34,Menu Item 017,7,292.34,Restaurant 017,Sandwiches,2025-05
2724,6,66,2025-07-16,3,Damaged,1256.34,Menu Item 066,6,418.78,Restaurant 006,Pasta,2025-07
2725,18,38,2025-03-02,3,Spoilage,1128.96,Menu Item 038,8,376.32,Restaurant 018,Desserts,2025-03
2726,12,132,2025-12-19,1,Overproduction,642.06,Menu Item 132,2,642.06,Restaurant 012,Pizza,2025-12
2727,2,82,2025-05-12,1,Damaged,601.45,Menu Item 082,2,601.45,Restaurant 002,Pizza,2025-05
2728,17,17,2025-10-04,5,Preparation Error,1461.7,Menu Item 017,7,292.34,Restaurant 017,Sandwiches,2025-10
2729,20,40,2025-08-16,2,Expired,552.48,Menu Item 040,10,276.24,Restaurant 020,Salads,2025-08
2730,1,81,2025-08-28,2,Unsold,1028.94,Menu Item 081,1,514.47,Restaurant 001,Burgers,2025-08
2731,18,58,2025-01-14,2,Damaged,720.5,Menu Item 058,8,360.25,Restaurant 018,Desserts,2025-01
2732,6,66,2025-06-22,3,Preparation Error,1256.34,Menu Item 066,6,418.78,Restaurant 006,Pasta,2025-06
2733,6,86,2025-03-18,1,Overproduction,478.31,Menu Item 086,6,478.31,Restaurant 006,Pasta,2025-03
2734,3,123,2025-05-21,3,Unsold,1096.62,Menu Item 123,3,365.54,Restaurant 003,Biryani,2025-05
2735,14,94,2025-03-19,1,Expired,274.91,Menu Item 094,4,274.91,Restaurant 014,Rice,2025-03
2736,15,75,2025-09-03,3,Spoilage,1266.0,Menu Item 075,5,422.0,Restaurant 015,BBQ,2025-09
2737,8,148,2025-03-26,1,Preparation Error,337.64,Menu Item 148,8,337.64,Restaurant 008,Desserts,2025-03
2738,8,28,2025-09-23,1,Preparation Error,378.16,Menu Item 028,8,378.16,Restaurant 008,Desserts,2025-09
2739,12,12,2025-09-21,1,Overproduction,783.1,Menu Item 012,2,783.1,Restaurant 012,Pizza,2025-09
2740,17,17,2025-05-20,1,Spoilage,292.34,Menu Item 017,7,292.34,Restaurant 017,Sandwiches,2025-05
2741,9,9,2025-05-15,3,Damaged,421.05,Menu Item 009,9,140.35,Restaurant 009,Beverages,2025-05
2742,20,80,2025-11-28,1,Spoilage,111.05,Menu Item 080,10,111.05,Restaurant 020,Salads,2025-11
2743,9,69,2025-03-04,3,Overproduction,284.4,Menu Item 069,9,94.8,Restaurant 009,Beverages,2025-03
2744,10,30,2025-04-14,3,Overproduction,501.81,Menu Item 030,10,167.27,Restaurant 010,Salads,2025-04
2745,15,135,2025-06-02,1,Spoilage,300.49,Menu Item 135,5,300.49,Restaurant 015,BBQ,2025-06
2746,16,96,2025-03-15,1,Damaged,405.22,Menu Item 096,6,405.22,Restaurant 016,Pasta,2025-03
2747,12,132,2025-01-09,3,Damaged,1926.18,Menu Item 132,2,642.06,Restaurant 012,Pizza,2025-01
2748,20,40,2025-09-18,2,Preparation Error,552.48,Menu Item 040,10,276.24,Restaurant 020,Salads,2025-09
2749,11,131,2025-08-07,1,Damaged,372.73,Menu Item 131,1,372.73,Restaurant 011,Burgers,2025-08
2750,14,94,2025-10-17,1,Damaged,274.91,Menu Item 094,4,274.91,Restaurant 014,Rice,2025-10
2751,9,9,2025-10-23,3,Overproduction,421.05,Menu Item 009,9,140.35,Restaurant 009,Beverages,2025-10
2752,2,22,2025-04-18,2,Overproduction,646.94,Menu Item 022,2,323.47,Restaurant 002,Pizza,2025-04
2753,4,44,2025-03-27,5,Unsold,2203.6,Menu Item 044,4,440.72,Restaurant 004,Rice,2025-03
2754,6,106,2025-01-05,2,Expired,554.26,Menu Item 106,6,277.13,Restaurant 006,Pasta,2025-01
2755,1,121,2025-01-11,2,Expired,750.6,Menu Item 121,1,375.3,Restaurant 001,Burgers,2025-01
2756,8,128,2025-10-04,1,Spoilage,347.29,Menu Item 128,8,347.29,Restaurant 008,Desserts,2025-10
2757,16,16,2025-07-20,3,Preparation Error,1015.02,Menu Item 016,6,338.34,Restaurant 016,Pasta,2025-07
2758,8,28,2025-05-25,5,Expired,1890.8,Menu Item 028,8,378.16,Restaurant 008,Desserts,2025-05
2759,17,97,2025-09-12,1,Preparation Error,454.04,Menu Item 097,7,454.04,Restaurant 017,Sandwiches,2025-09
2760,4,124,2025-06-02,2,Spoilage,299.14,Menu Item 124,4,149.57,Restaurant 004,Rice,2025-06
2761,6,106,2025-10-09,2,Overproduction,554.26,Menu Item 106,6,277.13,Restaurant 006,Pasta,2025-10
2762,16,56,2025-07-08,3,Spoilage,1171.8,Menu Item 056,6,390.6,Restaurant 016,Pasta,2025-07
2763,6,86,2025-01-18,1,Unsold,478.31,Menu Item 086,6,478.31,Restaurant 006,Pasta,2025-01
2764,2,102,2025-01-12,2,Preparation Error,1548.34,Menu Item 102,2,774.17,Restaurant 002,Pizza,2025-01
2765,18,18,2025-04-03,3,Preparation Error,1003.17,Menu Item 018,8,334.39,Restaurant 018,Desserts,2025-04
2766,14,114,2025-09-12,2,Spoilage,1089.78,Menu Item 114,4,544.89,Restaurant 014,Rice,2025-09
2767,8,48,2025-01-25,1,Damaged,194.92,Menu Item 048,8,194.92,Restaurant 008,Desserts,2025-01
2768,9,9,2025-03-21,1,Spoilage,140.35,Menu Item 009,9,140.35,Restaurant 009,Beverages,2025-03
2769,3,143,2025-02-13,2,Damaged,710.0,Menu Item 143,3,355.0,Restaurant 003,Biryani,2025-02
2770,13,13,2025-04-16,3,Overproduction,1167.84,Menu Item 013,3,389.28,Restaurant 013,Biryani,2025-04
2771,15,35,2025-06-19,1,Expired,437.06,Menu Item 035,5,437.06,Restaurant 015,BBQ,2025-06
2772,4,64,2025-07-12,1,Expired,256.46,Menu Item 064,4,256.46,Restaurant 004,Rice,2025-07
2773,14,94,2025-02-19,1,Spoilage,274.91,Menu Item 094,4,274.91,Restaurant 014,Rice,2025-02
2774,6,86,2025-02-16,1,Spoilage,478.31,Menu Item 086,6,478.31,Restaurant 006,Pasta,2025-02
2775,8,68,2025-05-24,1,Overproduction,114.06,Menu Item 068,8,114.06,Restaurant 008,Desserts,2025-05
2776,2,142,2025-01-16,2,Spoilage,1838.7,Menu Item 142,2,919.35,Restaurant 002,Pizza,2025-01
2777,9,49,2025-02-03,3,Spoilage,762.84,Menu Item 049,9,254.28,Restaurant 009,Beverages,2025-02
2778,13,53,2025-07-26,8,Preparation Error,2388.24,Menu Item 053,3,298.53,Restaurant 013,Biryani,2025-07
2779,19,99,2025-08-17,3,Spoilage,335.22,Menu Item 099,9,111.74,Restaurant 019,Beverages,2025-08
2780,5,125,2025-02-20,2,Damaged,2276.68,Menu Item 125,5,1138.34,Restaurant 005,BBQ,2025-02
2781,18,98,2025-06-25,3,Damaged,1120.95,Menu Item 098,8,373.65,Restaurant 018,Desserts,2025-06
2782,1,21,2025-01-21,8,Expired,2578.24,Menu Item 021,1,322.28,Restaurant 001,Burgers,2025-01
2783,12,112,2025-03-03,2,Spoilage,1722.56,Menu Item 112,2,861.28,Restaurant 012,Pizza,2025-03
2784,2,142,2025-08-09,2,Overproduction,1838.7,Menu Item 142,2,919.35,Restaurant 002,Pizza,2025-08
2785,14,74,2025-03-21,1,Damaged,155.9,Menu Item 074,4,155.9,Restaurant 014,Rice,2025-03
2786,12,132,2025-10-13,5,Damaged,3210.3,Menu Item 132,2,642.06,Restaurant 012,Pizza,2025-10
2787,16,96,2025-09-15,3,Damaged,1215.66,Menu Item 096,6,405.22,Restaurant 016,Pasta,2025-09
2788,4,64,2025-03-07,8,Overproduction,2051.68,Menu Item 064,4,256.46,Restaurant 004,Rice,2025-03
2789,8,8,2025-05-23,2,Preparation Error,615.44,Menu Item 008,8,307.72,Restaurant 008,Desserts,2025-05
2790,18,98,2025-08-14,5,Spoilage,1868.25,Menu Item 098,8,373.65,Restaurant 018,Desserts,2025-08
2791,20,120,2025-01-26,3,Damaged,683.49,Menu Item 120,10,227.83,Restaurant 020,Salads,2025-01
2792,18,38,2025-11-16,3,Damaged,1128.96,Menu Item 038,8,376.32,Restaurant 018,Desserts,2025-11
2793,14,94,2025-06-11,2,Expired,549.82,Menu Item 094,4,274.91,Restaurant 014,Rice,2025-06
2794,1,101,2025-04-25,3,Damaged,955.53,Menu Item 101,1,318.51,Restaurant 001,Burgers,2025-04
2795,2,142,2025-04-04,1,Expired,919.35,Menu Item 142,2,919.35,Restaurant 002,Pizza,2025-04
2796,12,32,2025-07-25,1,Unsold,738.3,Menu Item 032,2,738.3,Restaurant 012,Pizza,2025-07
2797,1,1,2025-03-23,1,Preparation Error,428.12,Menu Item 001,1,428.12,Restaurant 001,Burgers,2025-03
2798,15,35,2025-04-01,1,Spoilage,437.06,Menu Item 035,5,437.06,Restaurant 015,BBQ,2025-04
2799,15,115,2025-05-05,2,Overproduction,1607.8,Menu Item 115,5,803.9,Restaurant 015,BBQ,2025-05
2800,15,95,2025-12-24,3,Unsold,2045.64,Menu Item 095,5,681.88,Restaurant 015,BBQ,2025-12
2801,2,122,2025-09-28,5,Preparation Error,4141.75,Menu Item 122,2,828.35,Restaurant 002,Pizza,2025-09
2802,13,13,2025-04-13,1,Expired,389.28,Menu Item 013,3,389.28,Restaurant 013,Biryani,2025-04
2803,19,139,2025-03-13,3,Damaged,382.62,Menu Item 139,9,127.54,Restaurant 019,Beverages,2025-03
2804,17,57,2025-01-14,5,Expired,1572.6,Menu Item 057,7,314.52,Restaurant 017,Sandwiches,2025-01
2805,4,44,2025-03-21,2,Overproduction,881.44,Menu Item 044,4,440.72,Restaurant 004,Rice,2025-03
2806,10,130,2025-01-25,5,Unsold,1460.7,Menu Item 130,10,292.14,Restaurant 010,Salads,2025-01
2807,14,114,2025-08-20,2,Preparation Error,1089.78,Menu Item 114,4,544.89,Restaurant 014,Rice,2025-08
2808,13,133,2025-11-19,5,Unsold,2544.15,Menu Item 133,3,508.83,Restaurant 013,Biryani,2025-11
2809,2,42,2025-04-23,5,Spoilage,2338.55,Menu Item 042,2,467.71,Restaurant 002,Pizza,2025-04
2810,13,53,2025-05-09,1,Overproduction,298.53,Menu Item 053,3,298.53,Restaurant 013,Biryani,2025-05
2811,3,103,2025-08-12,1,Unsold,490.49,Menu Item 103,3,490.49,Restaurant 003,Biryani,2025-08
2812,10,90,2025-07-25,8,Unsold,1527.68,Menu Item 090,10,190.96,Restaurant 010,Salads,2025-07
2813,18,78,2025-11-11,1,Preparation Error,256.11,Menu Item 078,8,256.11,Restaurant 018,Desserts,2025-11
2814,11,51,2025-07-15,1,Damaged,362.81,Menu Item 051,1,362.81,Restaurant 011,Burgers,2025-07
2815,2,122,2025-11-12,1,Overproduction,828.35,Menu Item 122,2,828.35,Restaurant 002,Pizza,2025-11
2816,10,50,2025-09-07,2,Unsold,316.2,Menu Item 050,10,158.1,Restaurant 010,Salads,2025-09
2817,2,42,2025-04-13,1,Unsold,467.71,Menu Item 042,2,467.71,Restaurant 002,Pizza,2025-04
2818,20,80,2025-09-28,3,Preparation Error,333.15,Menu Item 080,10,111.05,Restaurant 020,Salads,2025-09
2819,8,68,2025-07-01,5,Unsold,570.3,Menu Item 068,8,114.06,Restaurant 008,Desserts,2025-07
2820,19,19,2025-03-03,10,Damaged,1799.9,Menu Item 019,9,179.99,Restaurant 019,Beverages,2025-03
2821,10,50,2025-08-11,2,Preparation Error,316.2,Menu Item 050,10,158.1,Restaurant 010,Salads,2025-08
2822,14,14,2025-05-07,1,Expired,231.23,Menu Item 014,4,231.23,Restaurant 014,Rice,2025-05
2823,14,74,2025-10-15,1,Damaged,155.9,Menu Item 074,4,155.9,Restaurant 014,Rice,2025-10
2824,1,21,2025-11-19,5,Damaged,1611.4,Menu Item 021,1,322.28,Restaurant 001,Burgers,2025-11
2825,6,126,2025-09-23,3,Expired,2011.89,Menu Item 126,6,670.63,Restaurant 006,Pasta,2025-09
2826,6,66,2025-01-26,3,Damaged,1256.34,Menu Item 066,6,418.78,Restaurant 006,Pasta,2025-01
2827,3,43,2025-08-18,3,Damaged,1139.1,Menu Item 043,3,379.7,Restaurant 003,Biryani,2025-08
2828,15,115,2025-09-07,3,Damaged,2411.7,Menu Item 115,5,803.9,Restaurant 015,BBQ,2025-09
2829,2,62,2025-03-19,1,Unsold,509.77,Menu Item 062,2,509.77,Restaurant 002,Pizza,2025-03
2830,15,95,2025-03-22,1,Damaged,681.88,Menu Item 095,5,681.88,Restaurant 015,BBQ,2025-03
2831,8,8,2025-04-15,2,Damaged,615.44,Menu Item 008,8,307.72,Restaurant 008,Desserts,2025-04
2832,3,83,2025-05-16,5,Overproduction,1181.75,Menu Item 083,3,236.35,Restaurant 003,Biryani,2025-05
2833,7,67,2025-02-09,2,Damaged,1271.12,Menu Item 067,7,635.56,Restaurant 007,Sandwiches,2025-02
2834,6,106,2025-09-21,1,Spoilage,277.13,Menu Item 106,6,277.13,Restaurant 006,Pasta,2025-09
2835,10,70,2025-06-26,2,Spoilage,414.5,Menu Item 070,10,207.25,Restaurant 010,Salads,2025-06
2836,5,85,2025-07-10,1,Preparation Error,355.11,Menu Item 085,5,355.11,Restaurant 005,BBQ,2025-07
2837,5,85,2025-01-21,2,Expired,710.22,Menu Item 085,5,355.11,Restaurant 005,BBQ,2025-01
2838,14,114,2025-11-07,3,Spoilage,1634.67,Menu Item 114,4,544.89,Restaurant 014,Rice,2025-11
2839,18,78,2025-10-28,1,Unsold,256.11,Menu Item 078,8,256.11,Restaurant 018,Desserts,2025-10
2840,1,141,2025-07-02,2,Overproduction,504.22,Menu Item 141,1,252.11,Restaurant 001,Burgers,2025-07
2841,13,13,2025-03-06,2,Unsold,778.56,Menu Item 013,3,389.28,Restaurant 013,Biryani,2025-03
2842,4,44,2025-07-14,2,Spoilage,881.44,Menu Item 044,4,440.72,Restaurant 004,Rice,2025-07
2843,9,89,2025-03-12,3,Preparation Error,799.08,Menu Item 089,9,266.36,Restaurant 009,Beverages,2025-03
2844,16,116,2025-10-28,1,Expired,513.28,Menu Item 116,6,513.28,Restaurant 016,Pasta,2025-10
2845,3,43,2025-06-21,2,Expired,759.4,Menu Item 043,3,379.7,Restaurant 003,Biryani,2025-06
2846,3,123,2025-04-25,2,Unsold,731.08,Menu Item 123,3,365.54,Restaurant 003,Biryani,2025-04
2847,17,117,2025-05-12,8,Preparation Error,3437.84,Menu Item 117,7,429.73,Restaurant 017,Sandwiches,2025-05
2848,6,46,2025-02-18,5,Expired,3169.55,Menu Item 046,6,633.91,Restaurant 006,Pasta,2025-02
2849,5,5,2025-05-06,2,Overproduction,1520.42,Menu Item 005,5,760.21,Restaurant 005,BBQ,2025-05
2850,11,71,2025-05-26,5,Preparation Error,2324.9,Menu Item 071,1,464.98,Restaurant 011,Burgers,2025-05
2851,17,137,2025-12-27,2,Unsold,707.48,Menu Item 137,7,353.74,Restaurant 017,Sandwiches,2025-12
2852,9,29,2025-08-27,1,Preparation Error,68.62,Menu Item 029,9,68.62,Restaurant 009,Beverages,2025-08
2853,12,12,2025-07-08,3,Overproduction,2349.3,Menu Item 012,2,783.1,Restaurant 012,Pizza,2025-07
2854,15,15,2025-12-01,2,Expired,993.94,Menu Item 015,5,496.97,Restaurant 015,BBQ,2025-12
2855,15,75,2025-01-24,8,Spoilage,3376.0,Menu Item 075,5,422.0,Restaurant 015,BBQ,2025-01
2856,5,145,2025-06-21,5,Damaged,2149.4,Menu Item 145,5,429.88,Restaurant 005,BBQ,2025-06
2857,15,75,2025-01-13,5,Overproduction,2110.0,Menu Item 075,5,422.0,Restaurant 015,BBQ,2025-01
2858,9,9,2025-10-28,2,Spoilage,280.7,Menu Item 009,9,140.35,Restaurant 009,Beverages,2025-10
2859,19,39,2025-05-01,8,Preparation Error,709.92,Menu Item 039,9,88.74,Restaurant 019,Beverages,2025-05
2860,20,60,2025-01-25,2,Unsold,662.32,Menu Item 060,10,331.16,Restaurant 020,Salads,2025-01
2861,5,145,2025-07-01,3,Preparation Error,1289.64,Menu Item 145,5,429.88,Restaurant 005,BBQ,2025-07
2862,4,144,2025-03-07,3,Unsold,729.75,Menu Item 144,4,243.25,Restaurant 004,Rice,2025-03
2863,18,58,2025-07-03,1,Expired,360.25,Menu Item 058,8,360.25,Restaurant 018,Desserts,2025-07
2864,20,60,2025-07-14,2,Preparation Error,662.32,Menu Item 060,10,331.16,Restaurant 020,Salads,2025-07
2865,16,56,2025-09-27,3,Unsold,1171.8,Menu Item 056,6,390.6,Restaurant 016,Pasta,2025-09
2866,1,121,2025-02-05,3,Spoilage,1125.9,Menu Item 121,1,375.3,Restaurant 001,Burgers,2025-02
2867,14,14,2025-08-25,2,Overproduction,462.46,Menu Item 014,4,231.23,Restaurant 014,Rice,2025-08
2868,7,27,2025-01-10,3,Expired,1013.13,Menu Item 027,7,337.71,Restaurant 007,Sandwiches,2025-01
2869,11,91,2025-04-28,2,Overproduction,741.58,Menu Item 091,1,370.79,Restaurant 011,Burgers,2025-04
2870,14,134,2025-06-06,3,Unsold,865.02,Menu Item 134,4,288.34,Restaurant 014,Rice,2025-06
2871,13,93,2025-09-25,1,Overproduction,553.61,Menu Item 093,3,553.61,Restaurant 013,Biryani,2025-09
2872,9,9,2025-11-14,3,Spoilage,421.05,Menu Item 009,9,140.35,Restaurant 009,Beverages,2025-11
2873,10,30,2025-10-18,8,Unsold,1338.16,Menu Item 030,10,167.27,Restaurant 010,Salads,2025-10
2874,1,21,2025-10-11,1,Damaged,322.28,Menu Item 021,1,322.28,Restaurant 001,Burgers,2025-10
2875,18,98,2025-01-28,5,Preparation Error,1868.25,Menu Item 098,8,373.65,Restaurant 018,Desserts,2025-01
2876,9,129,2025-11-26,1,Spoilage,100.2,Menu Item 129,9,100.2,Restaurant 009,Beverages,2025-11
2877,8,108,2025-02-01,10,Expired,4150.8,Menu Item 108,8,415.08,Restaurant 008,Desserts,2025-02
2878,7,147,2025-11-03,2,Spoilage,449.6,Menu Item 147,7,224.8,Restaurant 007,Sandwiches,2025-11
2879,17,57,2025-03-13,2,Preparation Error,629.04,Menu Item 057,7,314.52,Restaurant 017,Sandwiches,2025-03
2880,4,144,2025-11-12,2,Expired,486.5,Menu Item 144,4,243.25,Restaurant 004,Rice,2025-11
2881,16,96,2025-06-06,1,Damaged,405.22,Menu Item 096,6,405.22,Restaurant 016,Pasta,2025-06
2882,9,9,2025-04-11,2,Preparation Error,280.7,Menu Item 009,9,140.35,Restaurant 009,Beverages,2025-04
2883,3,23,2025-12-20,1,Damaged,270.23,Menu Item 023,3,270.23,Restaurant 003,Biryani,2025-12
2884,7,127,2025-08-27,10,Preparation Error,3340.8,Menu Item 127,7,334.08,Restaurant 007,Sandwiches,2025-08
2885,18,58,2025-01-07,1,Spoilage,360.25,Menu Item 058,8,360.25,Restaurant 018,Desserts,2025-01
2886,13,133,2025-12-21,1,Expired,508.83,Menu Item 133,3,508.83,Restaurant 013,Biryani,2025-12
2887,3,23,2025-03-08,1,Spoilage,270.23,Menu Item 023,3,270.23,Restaurant 003,Biryani,2025-03
2888,4,144,2025-01-10,1,Damaged,243.25,Menu Item 144,4,243.25,Restaurant 004,Rice,2025-01
2889,14,34,2025-05-01,1,Unsold,464.32,Menu Item 034,4,464.32,Restaurant 014,Rice,2025-05
2890,16,116,2025-12-27,3,Spoilage,1539.84,Menu Item 116,6,513.28,Restaurant 016,Pasta,2025-12
2891,9,29,2025-02-16,8,Overproduction,548.96,Menu Item 029,9,68.62,Restaurant 009,Beverages,2025-02
2892,7,87,2025-01-02,1,Overproduction,530.98,Menu Item 087,7,530.98,Restaurant 007,Sandwiches,2025-01
2893,8,108,2025-06-13,8,Expired,3320.64,Menu Item 108,8,415.08,Restaurant 008,Desserts,2025-06
2894,20,40,2025-05-21,1,Damaged,276.24,Menu Item 040,10,276.24,Restaurant 020,Salads,2025-05
2895,6,26,2025-11-06,5,Damaged,3032.8,Menu Item 026,6,606.56,Restaurant 006,Pasta,2025-11
2896,15,75,2025-10-11,1,Damaged,422.0,Menu Item 075,5,422.0,Restaurant 015,BBQ,2025-10
2897,14,34,2025-02-27,5,Spoilage,2321.6,Menu Item 034,4,464.32,Restaurant 014,Rice,2025-02
2898,8,128,2025-08-09,1,Expired,347.29,Menu Item 128,8,347.29,Restaurant 008,Desserts,2025-08
2899,12,72,2025-08-05,2,Spoilage,551.56,Menu Item 072,2,275.78,Restaurant 012,Pizza,2025-08
2900,13,73,2025-01-28,8,Preparation Error,1854.0,Menu Item 073,3,231.75,Restaurant 013,Biryani,2025-01
2901,12,112,2025-05-19,2,Damaged,1722.56,Menu Item 112,2,861.28,Restaurant 012,Pizza,2025-05
2902,9,9,2025-02-17,2,Expired,280.7,Menu Item 009,9,140.35,Restaurant 009,Beverages,2025-02
2903,14,134,2025-07-05,1,Spoilage,288.34,Menu Item 134,4,288.34,Restaurant 014,Rice,2025-07
2904,14,14,2025-10-06,1,Damaged,231.23,Menu Item 014,4,231.23,Restaurant 014,Rice,2025-10
2905,1,101,2025-07-15,1,Unsold,318.51,Menu Item 101,1,318.51,Restaurant 001,Burgers,2025-07
2906,14,54,2025-10-22,5,Preparation Error,910.9,Menu Item 054,4,182.18,Restaurant 014,Rice,2025-10
2907,18,138,2025-03-19,1,Damaged,154.6,Menu Item 138,8,154.6,Restaurant 018,Desserts,2025-03
2908,19,19,2025-02-06,2,Damaged,359.98,Menu Item 019,9,179.99,Restaurant 019,Beverages,2025-02
2909,8,148,2025-08-18,8,Spoilage,2701.12,Menu Item 148,8,337.64,Restaurant 008,Desserts,2025-08
2910,19,59,2025-02-17,2,Unsold,379.74,Menu Item 059,9,189.87,Restaurant 019,Beverages,2025-02
2911,1,141,2025-11-15,2,Damaged,504.22,Menu Item 141,1,252.11,Restaurant 001,Burgers,2025-11
2912,19,19,2025-11-11,1,Overproduction,179.99,Menu Item 019,9,179.99,Restaurant 019,Beverages,2025-11
2913,3,43,2025-11-20,2,Spoilage,759.4,Menu Item 043,3,379.7,Restaurant 003,Biryani,2025-11
2914,12,72,2025-03-20,2,Expired,551.56,Menu Item 072,2,275.78,Restaurant 012,Pizza,2025-03
2915,14,14,2025-02-05,5,Damaged,1156.15,Menu Item 014,4,231.23,Restaurant 014,Rice,2025-02
2916,12,32,2025-09-19,2,Preparation Error,1476.6,Menu Item 032,2,738.3,Restaurant 012,Pizza,2025-09
2917,7,87,2025-05-21,2,Overproduction,1061.96,Menu Item 087,7,530.98,Restaurant 007,Sandwiches,2025-05
2918,5,25,2025-01-05,8,Expired,8221.68,Menu Item 025,5,1027.71,Restaurant 005,BBQ,2025-01
2919,6,86,2025-02-01,1,Spoilage,478.31,Menu Item 086,6,478.31,Restaurant 006,Pasta,2025-02
2920,8,28,2025-05-15,3,Preparation Error,1134.48,Menu Item 028,8,378.16,Restaurant 008,Desserts,2025-05
2921,8,88,2025-07-01,5,Preparation Error,1128.15,Menu Item 088,8,225.63,Restaurant 008,Desserts,2025-07
2922,16,16,2025-12-25,2,Damaged,676.68,Menu Item 016,6,338.34,Restaurant 016,Pasta,2025-12
2923,7,107,2025-09-07,5,Preparation Error,2362.9,Menu Item 107,7,472.58,Restaurant 007,Sandwiches,2025-09
2924,4,124,2025-09-21,2,Damaged,299.14,Menu Item 124,4,149.57,Restaurant 004,Rice,2025-09
2925,9,149,2025-01-15,1,Unsold,239.18,Menu Item 149,9,239.18,Restaurant 009,Beverages,2025-01
2926,17,57,2025-12-06,1,Unsold,314.52,Menu Item 057,7,314.52,Restaurant 017,Sandwiches,2025-12
2927,1,81,2025-04-13,2,Unsold,1028.94,Menu Item 081,1,514.47,Restaurant 001,Burgers,2025-04
2928,3,83,2025-09-25,2,Unsold,472.7,Menu Item 083,3,236.35,Restaurant 003,Biryani,2025-09
2929,17,57,2025-06-13,3,Overproduction,943.56,Menu Item 057,7,314.52,Restaurant 017,Sandwiches,2025-06
2930,10,130,2025-03-05,10,Spoilage,2921.4,Menu Item 130,10,292.14,Restaurant 010,Salads,2025-03
2931,19,119,2025-09-20,5,Damaged,523.2,Menu Item 119,9,104.64,Restaurant 019,Beverages,2025-09
2932,12,52,2025-06-26,1,Preparation Error,463.6,Menu Item 052,2,463.6,Restaurant 012,Pizza,2025-06
2933,20,80,2025-07-01,3,Overproduction,333.15,Menu Item 080,10,111.05,Restaurant 020,Salads,2025-07
2934,12,52,2025-11-24,2,Unsold,927.2,Menu Item 052,2,463.6,Restaurant 012,Pizza,2025-11
2935,5,45,2025-12-21,8,Unsold,3119.52,Menu Item 045,5,389.94,Restaurant 005,BBQ,2025-12
2936,12,112,2025-12-04,2,Unsold,1722.56,Menu Item 112,2,861.28,Restaurant 012,Pizza,2025-12
2937,10,130,2025-05-05,8,Expired,2337.12,Menu Item 130,10,292.14,Restaurant 010,Salads,2025-05
2938,9,89,2025-10-06,2,Expired,532.72,Menu Item 089,9,266.36,Restaurant 009,Beverages,2025-10
2939,3,43,2025-04-25,5,Spoilage,1898.5,Menu Item 043,3,379.7,Restaurant 003,Biryani,2025-04
2940,13,13,2025-01-25,3,Unsold,1167.84,Menu Item 013,3,389.28,Restaurant 013,Biryani,2025-01
2941,4,44,2025-08-08,1,Spoilage,440.72,Menu Item 044,4,440.72,Restaurant 004,Rice,2025-08
2942,16,56,2025-01-05,3,Expired,1171.8,Menu Item 056,6,390.6,Restaurant 016,Pasta,2025-01
2943,4,144,2025-12-14,2,Overproduction,486.5,Menu Item 144,4,243.25,Restaurant 004,Rice,2025-12
2944,17,17,2025-10-01,5,Spoilage,1461.7,Menu Item 017,7,292.34,Restaurant 017,Sandwiches,2025-10
2945,18,78,2025-08-03,1,Damaged,256.11,Menu Item 078,8,256.11,Restaurant 018,Desserts,2025-08
2946,8,8,2025-06-07,1,Spoilage,307.72,Menu Item 008,8,307.72,Restaurant 008,Desserts,2025-06
2947,10,50,2025-04-02,1,Preparation Error,158.1,Menu Item 050,10,158.1,Restaurant 010,Salads,2025-04
2948,5,65,2025-07-08,2,Expired,1031.48,Menu Item 065,5,515.74,Restaurant 005,BBQ,2025-07
2949,9,69,2025-09-25,3,Preparation Error,284.4,Menu Item 069,9,94.8,Restaurant 009,Beverages,2025-09
2950,11,111,2025-11-25,5,Damaged,1630.95,Menu Item 111,1,326.19,Restaurant 011,Burgers,2025-11
2951,6,6,2025-10-11,1,Expired,302.15,Menu Item 006,6,302.15,Restaurant 006,Pasta,2025-10
2952,16,136,2025-10-14,1,Damaged,432.37,Menu Item 136,6,432.37,Restaurant 016,Pasta,2025-10
2953,3,143,2025-07-23,2,Overproduction,710.0,Menu Item 143,3,355.0,Restaurant 003,Biryani,2025-07
2954,10,30,2025-08-17,3,Overproduction,501.81,Menu Item 030,10,167.27,Restaurant 010,Salads,2025-08
2955,19,39,2025-01-20,3,Expired,266.22,Menu Item 039,9,88.74,Restaurant 019,Beverages,2025-01
2956,8,68,2025-04-21,3,Spoilage,342.18,Menu Item 068,8,114.06,Restaurant 008,Desserts,2025-04
2957,9,109,2025-06-25,1,Spoilage,221.43,Menu Item 109,9,221.43,Restaurant 009,Beverages,2025-06
2958,16,96,2025-11-22,5,Expired,2026.1,Menu Item 096,6,405.22,Restaurant 016,Pasta,2025-11
2959,3,23,2025-07-22,1,Unsold,270.23,Menu Item 023,3,270.23,Restaurant 003,Biryani,2025-07
2960,20,40,2025-06-23,2,Overproduction,552.48,Menu Item 040,10,276.24,Restaurant 020,Salads,2025-06
2961,8,8,2025-12-26,3,Spoilage,923.16,Menu Item 008,8,307.72,Restaurant 008,Desserts,2025-12
2962,2,122,2025-05-10,1,Spoilage,828.35,Menu Item 122,2,828.35,Restaurant 002,Pizza,2025-05
2963,9,29,2025-10-09,1,Overproduction,68.62,Menu Item 029,9,68.62,Restaurant 009,Beverages,2025-10
2964,10,10,2025-04-10,5,Preparation Error,716.5,Menu Item 010,10,143.3,Restaurant 010,Salads,2025-04
2965,20,120,2025-11-04,2,Overproduction,455.66,Menu Item 120,10,227.83,Restaurant 020,Salads,2025-11
2966,8,28,2025-02-26,2,Preparation Error,756.32,Menu Item 028,8,378.16,Restaurant 008,Desserts,2025-02
2967,15,15,2025-12-04,5,Unsold,2484.85,Menu Item 015,5,496.97,Restaurant 015,BBQ,2025-12
2968,5,45,2025-01-23,2,Damaged,779.88,Menu Item 045,5,389.94,Restaurant 005,BBQ,2025-01
2969,8,28,2025-12-26,1,Unsold,378.16,Menu Item 028,8,378.16,Restaurant 008,Desserts,2025-12
2970,6,46,2025-07-17,1,Spoilage,633.91,Menu Item 046,6,633.91,Restaurant 006,Pasta,2025-07
2971,4,144,2025-05-25,1,Overproduction,243.25,Menu Item 144,4,243.25,Restaurant 004,Rice,2025-05
2972,17,37,2025-12-01,3,Preparation Error,2069.31,Menu Item 037,7,689.77,Restaurant 017,Sandwiches,2025-12
2973,2,22,2025-12-21,8,Preparation Error,2587.76,Menu Item 022,2,323.47,Restaurant 002,Pizza,2025-12
2974,7,27,2025-04-20,2,Unsold,675.42,Menu Item 027,7,337.71,Restaurant 007,Sandwiches,2025-04
2975,9,109,2025-01-26,2,Damaged,442.86,Menu Item 109,9,221.43,Restaurant 009,Beverages,2025-01
2976,13,133,2025-06-14,3,Spoilage,1526.49,Menu Item 133,3,508.83,Restaurant 013,Biryani,2025-06
2977,15,115,2025-02-11,3,Damaged,2411.7,Menu Item 115,5,803.9,Restaurant 015,BBQ,2025-02
2978,14,114,2025-05-27,2,Damaged,1089.78,Menu Item 114,4,544.89,Restaurant 014,Rice,2025-05
2979,15,35,2025-01-25,2,Overproduction,874.12,Menu Item 035,5,437.06,Restaurant 015,BBQ,2025-01
2980,1,101,2025-05-16,5,Damaged,1592.55,Menu Item 101,1,318.51,Restaurant 001,Burgers,2025-05
2981,15,115,2025-07-26,2,Expired,1607.8,Menu Item 115,5,803.9,Restaurant 015,BBQ,2025-07
2982,11,31,2025-07-18,1,Spoilage,322.62,Menu Item 031,1,322.62,Restaurant 011,Burgers,2025-07
2983,16,56,2025-09-11,1,Overproduction,390.6,Menu Item 056,6,390.6,Restaurant 016,Pasta,2025-09
2984,18,38,2025-09-02,2,Unsold,752.64,Menu Item 038,8,376.32,Restaurant 018,Desserts,2025-09
2985,18,58,2025-06-23,2,Overproduction,720.5,Menu Item 058,8,360.25,Restaurant 018,Desserts,2025-06
2986,19,19,2025-03-20,1,Spoilage,179.99,Menu Item 019,9,179.99,Restaurant 019,Beverages,2025-03
2987,4,104,2025-07-15,3,Preparation Error,503.88,Menu Item 104,4,167.96,Restaurant 004,Rice,2025-07
2988,15,115,2025-01-07,1,Expired,803.9,Menu Item 115,5,803.9,Restaurant 015,BBQ,2025-01
2989,3,123,2025-11-01,2,Preparation Error,731.08,Menu Item 123,3,365.54,Restaurant 003,Biryani,2025-11
2990,12,112,2025-05-17,8,Preparation Error,6890.24,Menu Item 112,2,861.28,Restaurant 012,Pizza,2025-05
2991,7,7,2025-11-17,1,Spoilage,477.57,Menu Item 007,7,477.57,Restaurant 007,Sandwiches,2025-11
2992,16,116,2025-08-19,3,Preparation Error,1539.84,Menu Item 116,6,513.28,Restaurant 016,Pasta,2025-08
2993,6,126,2025-11-03,1,Preparation Error,670.63,Menu Item 126,6,670.63,Restaurant 006,Pasta,2025-11
2994,11,11,2025-08-14,1,Expired,546.24,Menu Item 011,1,546.24,Restaurant 011,Burgers,2025-08
2995,6,86,2025-03-28,2,Expired,956.62,Menu Item 086,6,478.31,Restaurant 006,Pasta,2025-03
2996,7,27,2025-06-07,2,Spoilage,675.42,Menu Item 027,7,337.71,Restaurant 007,Sandwiches,2025-06
2997,6,86,2025-09-22,1,Expired,478.31,Menu Item 086,6,478.31,Restaurant 006,Pasta,2025-09
2998,19,59,2025-12-09,1,Preparation Error,189.87,Menu Item 059,9,189.87,Restaurant 019,Beverages,2025-12
2999,8,128,2025-05-28,8,Spoilage,2778.32,Menu Item 128,8,347.29,Restaurant 008,Desserts,2025-05
3000,9,109,2025-10-18,2,Unsold,442.86,Menu Item 109,9,221.43,Restaurant 009,Beverages,2025-10
3001,13,13,2025-11-01,1,Damaged,389.28,Menu Item 013,3,389.28,Restaurant 013,Biryani,2025-11
3002,15,75,2025-01-20,1,Unsold,422.0,Menu Item 075,5,422.0,Restaurant 015,BBQ,2025-01
3003,9,149,2025-08-03,1,Spoilage,239.18,Menu Item 149,9,239.18,Restaurant 009,Beverages,2025-08
3004,8,108,2025-08-21,1,Overproduction,415.08,Menu Item 108,8,415.08,Restaurant 008,Desserts,2025-08
3005,17,97,2025-10-15,2,Unsold,908.08,Menu Item 097,7,454.04,Restaurant 017,Sandwiches,2025-10
3006,18,78,2025-06-06,5,Damaged,1280.55,Menu Item 078,8,256.11,Restaurant 018,Desserts,2025-06
3007,4,4,2025-10-23,3,Damaged,455.04,Menu Item 004,4,151.68,Restaurant 004,Rice,2025-10
3008,11,11,2025-09-15,2,Damaged,1092.48,Menu Item 011,1,546.24,Restaurant 011,Burgers,2025-09
3009,18,58,2025-05-15,1,Unsold,360.25,Menu Item 058,8,360.25,Restaurant 018,Desserts,2025-05
3010,12,52,2025-12-28,2,Overproduction,927.2,Menu Item 052,2,463.6,Restaurant 012,Pizza,2025-12
3011,13,73,2025-06-09,2,Spoilage,463.5,Menu Item 073,3,231.75,Restaurant 013,Biryani,2025-06
3012,4,104,2025-08-21,5,Damaged,839.8,Menu Item 104,4,167.96,Restaurant 004,Rice,2025-08
3013,4,144,2025-10-25,1,Preparation Error,243.25,Menu Item 144,4,243.25,Restaurant 004,Rice,2025-10
3014,1,141,2025-04-09,2,Damaged,504.22,Menu Item 141,1,252.11,Restaurant 001,Burgers,2025-04
3015,2,22,2025-07-05,8,Spoilage,2587.76,Menu Item 022,2,323.47,Restaurant 002,Pizza,2025-07
3016,14,114,2025-07-14,1,Damaged,544.89,Menu Item 114,4,544.89,Restaurant 014,Rice,2025-07
3017,10,10,2025-11-04,1,Damaged,143.3,Menu Item 010,10,143.3,Restaurant 010,Salads,2025-11
3018,3,23,2025-11-25,1,Spoilage,270.23,Menu Item 023,3,270.23,Restaurant 003,Biryani,2025-11
3019,10,10,2025-06-01,1,Overproduction,143.3,Menu Item 010,10,143.3,Restaurant 010,Salads,2025-06
3020,13,33,2025-10-07,2,Expired,703.0,Menu Item 033,3,351.5,Restaurant 013,Biryani,2025-10
3021,20,120,2025-04-23,1,Damaged,227.83,Menu Item 120,10,227.83,Restaurant 020,Salads,2025-04
3022,9,49,2025-08-17,5,Preparation Error,1271.4,Menu Item 049,9,254.28,Restaurant 009,Beverages,2025-08
3023,2,82,2025-10-03,2,Spoilage,1202.9,Menu Item 082,2,601.45,Restaurant 002,Pizza,2025-10
3024,5,5,2025-07-08,1,Spoilage,760.21,Menu Item 005,5,760.21,Restaurant 005,BBQ,2025-07
3025,16,16,2025-03-26,1,Expired,338.34,Menu Item 016,6,338.34,Restaurant 016,Pasta,2025-03
3026,8,48,2025-03-16,1,Damaged,194.92,Menu Item 048,8,194.92,Restaurant 008,Desserts,2025-03
3027,4,24,2025-09-23,2,Spoilage,996.74,Menu Item 024,4,498.37,Restaurant 004,Rice,2025-09
3028,7,7,2025-08-09,2,Damaged,955.14,Menu Item 007,7,477.57,Restaurant 007,Sandwiches,2025-08
3029,7,147,2025-03-18,8,Expired,1798.4,Menu Item 147,7,224.8,Restaurant 007,Sandwiches,2025-03
3030,6,126,2025-12-21,2,Overproduction,1341.26,Menu Item 126,6,670.63,Restaurant 006,Pasta,2025-12
3031,12,112,2025-10-26,3,Spoilage,2583.84,Menu Item 112,2,861.28,Restaurant 012,Pizza,2025-10
3032,6,106,2025-07-13,3,Unsold,831.39,Menu Item 106,6,277.13,Restaurant 006,Pasta,2025-07
3033,8,88,2025-10-13,3,Unsold,676.89,Menu Item 088,8,225.63,Restaurant 008,Desserts,2025-10
3034,4,144,2025-08-09,2,Damaged,486.5,Menu Item 144,4,243.25,Restaurant 004,Rice,2025-08
3035,3,23,2025-10-04,2,Damaged,540.46,Menu Item 023,3,270.23,Restaurant 003,Biryani,2025-10
3036,20,120,2025-09-16,1,Preparation Error,227.83,Menu Item 120,10,227.83,Restaurant 020,Salads,2025-09
3037,8,8,2025-08-16,1,Damaged,307.72,Menu Item 008,8,307.72,Restaurant 008,Desserts,2025-08
3038,15,95,2025-08-20,1,Unsold,681.88,Menu Item 095,5,681.88,Restaurant 015,BBQ,2025-08
3039,16,36,2025-06-01,8,Unsold,3607.2,Menu Item 036,6,450.9,Restaurant 016,Pasta,2025-06
3040,19,119,2025-08-11,3,Expired,313.92,Menu Item 119,9,104.64,Restaurant 019,Beverages,2025-08
3041,10,150,2025-01-14,1,Damaged,377.34,Menu Item 150,10,377.34,Restaurant 010,Salads,2025-01
3042,16,76,2025-01-16,1,Preparation Error,415.31,Menu Item 076,6,415.31,Restaurant 016,Pasta,2025-01
3043,2,102,2025-04-15,2,Damaged,1548.34,Menu Item 102,2,774.17,Restaurant 002,Pizza,2025-04
3044,20,40,2025-08-10,3,Expired,828.72,Menu Item 040,10,276.24,Restaurant 020,Salads,2025-08
3045,4,84,2025-07-12,1,Expired,350.73,Menu Item 084,4,350.73,Restaurant 004,Rice,2025-07
3046,3,3,2025-01-28,3,Spoilage,677.88,Menu Item 003,3,225.96,Restaurant 003,Biryani,2025-01
3047,2,122,2025-12-20,3,Spoilage,2485.05,Menu Item 122,2,828.35,Restaurant 002,Pizza,2025-12
3048,18,18,2025-11-26,1,Spoilage,334.39,Menu Item 018,8,334.39,Restaurant 018,Desserts,2025-11
3049,7,67,2025-06-16,2,Preparation Error,1271.12,Menu Item 067,7,635.56,Restaurant 007,Sandwiches,2025-06
3050,15,115,2025-08-20,2,Unsold,1607.8,Menu Item 115,5,803.9,Restaurant 015,BBQ,2025-08
3051,12,92,2025-08-23,2,Overproduction,928.74,Menu Item 092,2,464.37,Restaurant 012,Pizza,2025-08
3052,2,22,2025-12-07,1,Unsold,323.47,Menu Item 022,2,323.47,Restaurant 002,Pizza,2025-12
3053,7,7,2025-09-14,2,Damaged,955.14,Menu Item 007,7,477.57,Restaurant 007,Sandwiches,2025-09
3054,8,108,2025-12-15,10,Overproduction,4150.8,Menu Item 108,8,415.08,Restaurant 008,Desserts,2025-12
3055,12,92,2025-03-27,2,Spoilage,928.74,Menu Item 092,2,464.37,Restaurant 012,Pizza,2025-03
3056,7,67,2025-07-15,2,Damaged,1271.12,Menu Item 067,7,635.56,Restaurant 007,Sandwiches,2025-07
3057,14,114,2025-10-21,3,Spoilage,1634.67,Menu Item 114,4,544.89,Restaurant 014,Rice,2025-10
3058,1,1,2025-06-04,1,Spoilage,428.12,Menu Item 001,1,428.12,Restaurant 001,Burgers,2025-06
3059,7,27,2025-04-23,3,Unsold,1013.13,Menu Item 027,7,337.71,Restaurant 007,Sandwiches,2025-04
3060,17,117,2025-09-09,1,Damaged,429.73,Menu Item 117,7,429.73,Restaurant 017,Sandwiches,2025-09
3061,16,116,2025-01-01,1,Spoilage,513.28,Menu Item 116,6,513.28,Restaurant 016,Pasta,2025-01
3062,20,140,2025-09-02,3,Preparation Error,535.2,Menu Item 140,10,178.4,Restaurant 020,Salads,2025-09
3063,13,133,2025-07-15,2,Preparation Error,1017.66,Menu Item 133,3,508.83,Restaurant 013,Biryani,2025-07
3064,20,100,2025-02-11,2,Preparation Error,973.4,Menu Item 100,10,486.7,Restaurant 020,Salads,2025-02
3065,1,1,2025-08-07,2,Unsold,856.24,Menu Item 001,1,428.12,Restaurant 001,Burgers,2025-08
3066,18,78,2025-09-15,2,Unsold,512.22,Menu Item 078,8,256.11,Restaurant 018,Desserts,2025-09
3067,2,62,2025-06-20,2,Spoilage,1019.54,Menu Item 062,2,509.77,Restaurant 002,Pizza,2025-06
3068,2,22,2025-10-25,5,Expired,1617.35,Menu Item 022,2,323.47,Restaurant 002,Pizza,2025-10
3069,14,34,2025-02-14,1,Preparation Error,464.32,Menu Item 034,4,464.32,Restaurant 014,Rice,2025-02
3070,4,144,2025-09-16,3,Damaged,729.75,Menu Item 144,4,243.25,Restaurant 004,Rice,2025-09
3071,5,85,2025-09-27,3,Damaged,1065.33,Menu Item 085,5,355.11,Restaurant 005,BBQ,2025-09
3072,7,7,2025-09-16,1,Damaged,477.57,Menu Item 007,7,477.57,Restaurant 007,Sandwiches,2025-09
3073,15,95,2025-04-24,2,Damaged,1363.76,Menu Item 095,5,681.88,Restaurant 015,BBQ,2025-04
3074,20,100,2025-04-03,2,Overproduction,973.4,Menu Item 100,10,486.7,Restaurant 020,Salads,2025-04
3075,8,68,2025-03-18,2,Expired,228.12,Menu Item 068,8,114.06,Restaurant 008,Desserts,2025-03
3076,6,66,2025-10-23,3,Overproduction,1256.34,Menu Item 066,6,418.78,Restaurant 006,Pasta,2025-10
3077,9,49,2025-10-13,1,Overproduction,254.28,Menu Item 049,9,254.28,Restaurant 009,Beverages,2025-10
3078,12,92,2025-07-15,3,Damaged,1393.11,Menu Item 092,2,464.37,Restaurant 012,Pizza,2025-07
3079,10,110,2025-08-02,3,Unsold,657.81,Menu Item 110,10,219.27,Restaurant 010,Salads,2025-08
3080,8,28,2025-09-24,1,Expired,378.16,Menu Item 028,8,378.16,Restaurant 008,Desserts,2025-09
3081,10,10,2025-09-22,5,Unsold,716.5,Menu Item 010,10,143.3,Restaurant 010,Salads,2025-09
3082,15,115,2025-03-21,2,Preparation Error,1607.8,Menu Item 115,5,803.9,Restaurant 015,BBQ,2025-03
3083,3,123,2025-10-13,2,Unsold,731.08,Menu Item 123,3,365.54,Restaurant 003,Biryani,2025-10
3084,17,17,2025-02-17,1,Damaged,292.34,Menu Item 017,7,292.34,Restaurant 017,Sandwiches,2025-02
3085,13,113,2025-08-02,5,Preparation Error,1154.05,Menu Item 113,3,230.81,Restaurant 013,Biryani,2025-08
3086,20,40,2025-03-13,1,Spoilage,276.24,Menu Item 040,10,276.24,Restaurant 020,Salads,2025-03
3087,2,62,2025-06-02,1,Expired,509.77,Menu Item 062,2,509.77,Restaurant 002,Pizza,2025-06
3088,1,1,2025-03-23,3,Unsold,1284.36,Menu Item 001,1,428.12,Restaurant 001,Burgers,2025-03
3089,4,44,2025-01-17,2,Spoilage,881.44,Menu Item 044,4,440.72,Restaurant 004,Rice,2025-01
3090,8,48,2025-03-24,1,Preparation Error,194.92,Menu Item 048,8,194.92,Restaurant 008,Desserts,2025-03
3091,5,105,2025-05-20,3,Expired,1789.62,Menu Item 105,5,596.54,Restaurant 005,BBQ,2025-05
3092,6,46,2025-11-27,1,Spoilage,633.91,Menu Item 046,6,633.91,Restaurant 006,Pasta,2025-11
3093,12,52,2025-12-23,1,Unsold,463.6,Menu Item 052,2,463.6,Restaurant 012,Pizza,2025-12
3094,2,82,2025-12-17,1,Overproduction,601.45,Menu Item 082,2,601.45,Restaurant 002,Pizza,2025-12
3095,9,9,2025-12-27,3,Overproduction,421.05,Menu Item 009,9,140.35,Restaurant 009,Beverages,2025-12
3096,7,147,2025-05-01,1,Preparation Error,224.8,Menu Item 147,7,224.8,Restaurant 007,Sandwiches,2025-05
3097,8,88,2025-04-20,5,Damaged,1128.15,Menu Item 088,8,225.63,Restaurant 008,Desserts,2025-04
3098,10,30,2025-06-02,3,Expired,501.81,Menu Item 030,10,167.27,Restaurant 010,Salads,2025-06
3099,16,136,2025-07-08,1,Preparation Error,432.37,Menu Item 136,6,432.37,Restaurant 016,Pasta,2025-07
3100,10,30,2025-07-28,2,Unsold,334.54,Menu Item 030,10,167.27,Restaurant 010,Salads,2025-07
3101,12,12,2025-04-02,3,Expired,2349.3,Menu Item 012,2,783.1,Restaurant 012,Pizza,2025-04
3102,17,117,2025-05-10,5,Unsold,2148.65,Menu Item 117,7,429.73,Restaurant 017,Sandwiches,2025-05
3103,15,135,2025-08-24,3,Damaged,901.47,Menu Item 135,5,300.49,Restaurant 015,BBQ,2025-08
3104,16,56,2025-09-12,5,Overproduction,1953.0,Menu Item 056,6,390.6,Restaurant 016,Pasta,2025-09
3105,11,11,2025-03-13,1,Damaged,546.24,Menu Item 011,1,546.24,Restaurant 011,Burgers,2025-03
3106,20,120,2025-12-15,3,Expired,683.49,Menu Item 120,10,227.83,Restaurant 020,Salads,2025-12
3107,14,114,2025-11-04,5,Overproduction,2724.45,Menu Item 114,4,544.89,Restaurant 014,Rice,2025-11
3108,1,121,2025-11-14,2,Damaged,750.6,Menu Item 121,1,375.3,Restaurant 001,Burgers,2025-11
3109,8,88,2025-01-12,5,Overproduction,1128.15,Menu Item 088,8,225.63,Restaurant 008,Desserts,2025-01
3110,5,65,2025-09-26,1,Preparation Error,515.74,Menu Item 065,5,515.74,Restaurant 005,BBQ,2025-09
3111,8,88,2025-02-28,1,Spoilage,225.63,Menu Item 088,8,225.63,Restaurant 008,Desserts,2025-02
3112,20,140,2025-01-14,8,Expired,1427.2,Menu Item 140,10,178.4,Restaurant 020,Salads,2025-01
3113,20,120,2025-01-01,3,Preparation Error,683.49,Menu Item 120,10,227.83,Restaurant 020,Salads,2025-01
3114,2,62,2025-10-25,1,Expired,509.77,Menu Item 062,2,509.77,Restaurant 002,Pizza,2025-10
3115,15,55,2025-06-01,1,Damaged,932.62,Menu Item 055,5,932.62,Restaurant 015,BBQ,2025-06
3116,10,110,2025-09-24,8,Spoilage,1754.16,Menu Item 110,10,219.27,Restaurant 010,Salads,2025-09
3117,15,15,2025-11-16,1,Damaged,496.97,Menu Item 015,5,496.97,Restaurant 015,BBQ,2025-11
3118,9,149,2025-07-20,2,Expired,478.36,Menu Item 149,9,239.18,Restaurant 009,Beverages,2025-07
3119,2,122,2025-01-18,3,Expired,2485.05,Menu Item 122,2,828.35,Restaurant 002,Pizza,2025-01
3120,15,75,2025-05-25,2,Unsold,844.0,Menu Item 075,5,422.0,Restaurant 015,BBQ,2025-05
3121,4,4,2025-09-22,3,Expired,455.04,Menu Item 004,4,151.68,Restaurant 004,Rice,2025-09
3122,1,1,2025-06-06,2,Damaged,856.24,Menu Item 001,1,428.12,Restaurant 001,Burgers,2025-06
3123,15,95,2025-11-28,2,Overproduction,1363.76,Menu Item 095,5,681.88,Restaurant 015,BBQ,2025-11
3124,20,40,2025-07-02,1,Preparation Error,276.24,Menu Item 040,10,276.24,Restaurant 020,Salads,2025-07
3125,1,41,2025-11-10,1,Expired,254.51,Menu Item 041,1,254.51,Restaurant 001,Burgers,2025-11
3126,17,117,2025-01-03,2,Preparation Error,859.46,Menu Item 117,7,429.73,Restaurant 017,Sandwiches,2025-01
3127,10,150,2025-01-02,5,Spoilage,1886.7,Menu Item 150,10,377.34,Restaurant 010,Salads,2025-01
3128,18,138,2025-04-02,2,Preparation Error,309.2,Menu Item 138,8,154.6,Restaurant 018,Desserts,2025-04
3129,7,7,2025-05-08,1,Expired,477.57,Menu Item 007,7,477.57,Restaurant 007,Sandwiches,2025-05
3130,18,138,2025-08-13,2,Expired,309.2,Menu Item 138,8,154.6,Restaurant 018,Desserts,2025-08
3131,7,87,2025-09-07,2,Preparation Error,1061.96,Menu Item 087,7,530.98,Restaurant 007,Sandwiches,2025-09
3132,3,23,2025-09-13,1,Overproduction,270.23,Menu Item 023,3,270.23,Restaurant 003,Biryani,2025-09
3133,1,101,2025-09-23,3,Expired,955.53,Menu Item 101,1,318.51,Restaurant 001,Burgers,2025-09
3134,5,45,2025-08-14,5,Damaged,1949.7,Menu Item 045,5,389.94,Restaurant 005,BBQ,2025-08
3135,3,23,2025-07-19,2,Preparation Error,540.46,Menu Item 023,3,270.23,Restaurant 003,Biryani,2025-07
3136,17,17,2025-07-02,1,Overproduction,292.34,Menu Item 017,7,292.34,Restaurant 017,Sandwiches,2025-07
3137,10,50,2025-04-14,5,Expired,790.5,Menu Item 050,10,158.1,Restaurant 010,Salads,2025-04
3138,12,72,2025-04-17,1,Unsold,275.78,Menu Item 072,2,275.78,Restaurant 012,Pizza,2025-04
3139,3,123,2025-03-01,1,Spoilage,365.54,Menu Item 123,3,365.54,Restaurant 003,Biryani,2025-03
3140,17,37,2025-07-07,5,Unsold,3448.85,Menu Item 037,7,689.77,Restaurant 017,Sandwiches,2025-07
3141,8,68,2025-04-22,1,Overproduction,114.06,Menu Item 068,8,114.06,Restaurant 008,Desserts,2025-04
3142,19,19,2025-10-17,2,Unsold,359.98,Menu Item 019,9,179.99,Restaurant 019,Beverages,2025-10
3143,10,50,2025-05-17,2,Unsold,316.2,Menu Item 050,10,158.1,Restaurant 010,Salads,2025-05
3144,3,43,2025-09-26,3,Unsold,1139.1,Menu Item 043,3,379.7,Restaurant 003,Biryani,2025-09
3145,2,142,2025-10-03,1,Preparation Error,919.35,Menu Item 142,2,919.35,Restaurant 002,Pizza,2025-10
3146,9,49,2025-07-02,1,Unsold,254.28,Menu Item 049,9,254.28,Restaurant 009,Beverages,2025-07
3147,14,34,2025-02-28,2,Expired,928.64,Menu Item 034,4,464.32,Restaurant 014,Rice,2025-02
3148,6,66,2025-07-25,1,Spoilage,418.78,Menu Item 066,6,418.78,Restaurant 006,Pasta,2025-07
3149,11,31,2025-12-26,5,Unsold,1613.1,Menu Item 031,1,322.62,Restaurant 011,Burgers,2025-12
3150,13,113,2025-11-25,2,Spoilage,461.62,Menu Item 113,3,230.81,Restaurant 013,Biryani,2025-11
3151,20,20,2025-06-14,3,Overproduction,865.53,Menu Item 020,10,288.51,Restaurant 020,Salads,2025-06
3152,19,99,2025-01-14,2,Spoilage,223.48,Menu Item 099,9,111.74,Restaurant 019,Beverages,2025-01
3153,9,69,2025-08-15,2,Expired,189.6,Menu Item 069,9,94.8,Restaurant 009,Beverages,2025-08
3154,3,103,2025-01-04,2,Unsold,980.98,Menu Item 103,3,490.49,Restaurant 003,Biryani,2025-01
3155,6,106,2025-03-23,2,Expired,554.26,Menu Item 106,6,277.13,Restaurant 006,Pasta,2025-03
3156,1,21,2025-06-19,1,Spoilage,322.28,Menu Item 021,1,322.28,Restaurant 001,Burgers,2025-06
3157,13,73,2025-04-05,2,Preparation Error,463.5,Menu Item 073,3,231.75,Restaurant 013,Biryani,2025-04
3158,17,17,2025-06-14,2,Damaged,584.68,Menu Item 017,7,292.34,Restaurant 017,Sandwiches,2025-06
3159,1,61,2025-12-18,2,Overproduction,991.42,Menu Item 061,1,495.71,Restaurant 001,Burgers,2025-12
3160,18,18,2025-08-09,3,Damaged,1003.17,Menu Item 018,8,334.39,Restaurant 018,Desserts,2025-08
3161,8,48,2025-05-22,10,Spoilage,1949.2,Menu Item 048,8,194.92,Restaurant 008,Desserts,2025-05
3162,18,118,2025-02-12,1,Overproduction,309.0,Menu Item 118,8,309.0,Restaurant 018,Desserts,2025-02
3163,6,66,2025-07-04,5,Spoilage,2093.9,Menu Item 066,6,418.78,Restaurant 006,Pasta,2025-07
3164,10,110,2025-05-23,5,Spoilage,1096.35,Menu Item 110,10,219.27,Restaurant 010,Salads,2025-05
3165,3,83,2025-07-06,5,Spoilage,1181.75,Menu Item 083,3,236.35,Restaurant 003,Biryani,2025-07
3166,5,105,2025-04-16,2,Overproduction,1193.08,Menu Item 105,5,596.54,Restaurant 005,BBQ,2025-04
3167,15,95,2025-05-06,2,Preparation Error,1363.76,Menu Item 095,5,681.88,Restaurant 015,BBQ,2025-05
3168,3,143,2025-12-15,1,Spoilage,355.0,Menu Item 143,3,355.0,Restaurant 003,Biryani,2025-12
3169,10,90,2025-03-05,1,Expired,190.96,Menu Item 090,10,190.96,Restaurant 010,Salads,2025-03
3170,9,9,2025-01-06,3,Preparation Error,421.05,Menu Item 009,9,140.35,Restaurant 009,Beverages,2025-01
3171,2,62,2025-01-27,1,Spoilage,509.77,Menu Item 062,2,509.77,Restaurant 002,Pizza,2025-01
3172,7,47,2025-11-27,1,Preparation Error,531.56,Menu Item 047,7,531.56,Restaurant 007,Sandwiches,2025-11
3173,9,9,2025-06-23,5,Spoilage,701.75,Menu Item 009,9,140.35,Restaurant 009,Beverages,2025-06
3174,5,105,2025-09-21,2,Expired,1193.08,Menu Item 105,5,596.54,Restaurant 005,BBQ,2025-09
3175,5,145,2025-02-15,1,Preparation Error,429.88,Menu Item 145,5,429.88,Restaurant 005,BBQ,2025-02
3176,5,5,2025-10-20,1,Preparation Error,760.21,Menu Item 005,5,760.21,Restaurant 005,BBQ,2025-10
3177,3,23,2025-01-20,3,Damaged,810.69,Menu Item 023,3,270.23,Restaurant 003,Biryani,2025-01
3178,20,20,2025-07-10,5,Preparation Error,1442.55,Menu Item 020,10,288.51,Restaurant 020,Salads,2025-07
3179,12,32,2025-03-27,3,Unsold,2214.9,Menu Item 032,2,738.3,Restaurant 012,Pizza,2025-03
3180,2,62,2025-06-17,3,Overproduction,1529.31,Menu Item 062,2,509.77,Restaurant 002,Pizza,2025-06
3181,4,64,2025-09-22,10,Overproduction,2564.6,Menu Item 064,4,256.46,Restaurant 004,Rice,2025-09
3182,5,85,2025-05-12,3,Preparation Error,1065.33,Menu Item 085,5,355.11,Restaurant 005,BBQ,2025-05
3183,19,59,2025-01-16,3,Damaged,569.61,Menu Item 059,9,189.87,Restaurant 019,Beverages,2025-01
3184,9,149,2025-01-18,2,Damaged,478.36,Menu Item 149,9,239.18,Restaurant 009,Beverages,2025-01
3185,19,119,2025-08-10,1,Spoilage,104.64,Menu Item 119,9,104.64,Restaurant 019,Beverages,2025-08
3186,5,45,2025-06-18,3,Overproduction,1169.82,Menu Item 045,5,389.94,Restaurant 005,BBQ,2025-06
3187,11,91,2025-08-22,10,Unsold,3707.9,Menu Item 091,1,370.79,Restaurant 011,Burgers,2025-08
3188,13,53,2025-07-02,1,Unsold,298.53,Menu Item 053,3,298.53,Restaurant 013,Biryani,2025-07
3189,20,20,2025-08-22,2,Overproduction,577.02,Menu Item 020,10,288.51,Restaurant 020,Salads,2025-08
3190,16,116,2025-03-21,2,Overproduction,1026.56,Menu Item 116,6,513.28,Restaurant 016,Pasta,2025-03
3191,18,98,2025-06-13,3,Unsold,1120.95,Menu Item 098,8,373.65,Restaurant 018,Desserts,2025-06
3192,9,29,2025-08-18,2,Unsold,137.24,Menu Item 029,9,68.62,Restaurant 009,Beverages,2025-08
3193,17,57,2025-10-05,2,Spoilage,629.04,Menu Item 057,7,314.52,Restaurant 017,Sandwiches,2025-10
3194,13,93,2025-03-19,3,Damaged,1660.83,Menu Item 093,3,553.61,Restaurant 013,Biryani,2025-03
3195,14,54,2025-07-01,2,Spoilage,364.36,Menu Item 054,4,182.18,Restaurant 014,Rice,2025-07
3196,3,3,2025-01-07,2,Spoilage,451.92,Menu Item 003,3,225.96,Restaurant 003,Biryani,2025-01
3197,8,28,2025-01-21,3,Overproduction,1134.48,Menu Item 028,8,378.16,Restaurant 008,Desserts,2025-01
3198,9,149,2025-12-02,2,Damaged,478.36,Menu Item 149,9,239.18,Restaurant 009,Beverages,2025-12
3199,1,61,2025-04-16,5,Expired,2478.55,Menu Item 061,1,495.71,Restaurant 001,Burgers,2025-04
3200,15,55,2025-05-11,2,Spoilage,1865.24,Menu Item 055,5,932.62,Restaurant 015,BBQ,2025-05
3201,15,35,2025-12-17,3,Preparation Error,1311.18,Menu Item 035,5,437.06,Restaurant 015,BBQ,2025-12
3202,3,63,2025-09-27,2,Expired,627.88,Menu Item 063,3,313.94,Restaurant 003,Biryani,2025-09
3203,11,31,2025-02-20,5,Spoilage,1613.1,Menu Item 031,1,322.62,Restaurant 011,Burgers,2025-02
3204,17,37,2025-02-28,1,Spoilage,689.77,Menu Item 037,7,689.77,Restaurant 017,Sandwiches,2025-02
3205,13,53,2025-07-10,1,Unsold,298.53,Menu Item 053,3,298.53,Restaurant 013,Biryani,2025-07
3206,19,59,2025-11-19,3,Preparation Error,569.61,Menu Item 059,9,189.87,Restaurant 019,Beverages,2025-11
3207,13,13,2025-04-22,3,Spoilage,1167.84,Menu Item 013,3,389.28,Restaurant 013,Biryani,2025-04
3208,7,47,2025-02-05,1,Overproduction,531.56,Menu Item 047,7,531.56,Restaurant 007,Sandwiches,2025-02
3209,15,115,2025-09-08,2,Damaged,1607.8,Menu Item 115,5,803.9,Restaurant 015,BBQ,2025-09
3210,4,24,2025-11-01,1,Unsold,498.37,Menu Item 024,4,498.37,Restaurant 004,Rice,2025-11
3211,10,130,2025-01-08,1,Damaged,292.14,Menu Item 130,10,292.14,Restaurant 010,Salads,2025-01
3212,9,49,2025-01-17,2,Preparation Error,508.56,Menu Item 049,9,254.28,Restaurant 009,Beverages,2025-01
3213,19,139,2025-02-17,1,Overproduction,127.54,Menu Item 139,9,127.54,Restaurant 019,Beverages,2025-02
3214,18,38,2025-06-26,8,Spoilage,3010.56,Menu Item 038,8,376.32,Restaurant 018,Desserts,2025-06
3215,17,37,2025-10-23,2,Overproduction,1379.54,Menu Item 037,7,689.77,Restaurant 017,Sandwiches,2025-10
3216,18,58,2025-08-21,1,Spoilage,360.25,Menu Item 058,8,360.25,Restaurant 018,Desserts,2025-08
3217,8,68,2025-02-14,1,Overproduction,114.06,Menu Item 068,8,114.06,Restaurant 008,Desserts,2025-02
3218,12,52,2025-04-15,3,Overproduction,1390.8,Menu Item 052,2,463.6,Restaurant 012,Pizza,2025-04
3219,4,124,2025-09-01,1,Spoilage,149.57,Menu Item 124,4,149.57,Restaurant 004,Rice,2025-09
3220,3,103,2025-03-10,2,Expired,980.98,Menu Item 103,3,490.49,Restaurant 003,Biryani,2025-03
3221,15,135,2025-12-23,2,Damaged,600.98,Menu Item 135,5,300.49,Restaurant 015,BBQ,2025-12
3222,2,82,2025-08-26,2,Unsold,1202.9,Menu Item 082,2,601.45,Restaurant 002,Pizza,2025-08
3223,17,137,2025-01-24,3,Unsold,1061.22,Menu Item 137,7,353.74,Restaurant 017,Sandwiches,2025-01
3224,12,132,2025-01-04,2,Unsold,1284.12,Menu Item 132,2,642.06,Restaurant 012,Pizza,2025-01
3225,12,72,2025-08-09,5,Unsold,1378.9,Menu Item 072,2,275.78,Restaurant 012,Pizza,2025-08
3226,10,30,2025-02-07,1,Expired,167.27,Menu Item 030,10,167.27,Restaurant 010,Salads,2025-02
3227,8,68,2025-12-01,1,Spoilage,114.06,Menu Item 068,8,114.06,Restaurant 008,Desserts,2025-12
3228,12,72,2025-07-01,1,Damaged,275.78,Menu Item 072,2,275.78,Restaurant 012,Pizza,2025-07
3229,6,86,2025-03-18,1,Overproduction,478.31,Menu Item 086,6,478.31,Restaurant 006,Pasta,2025-03
3230,7,27,2025-02-18,2,Spoilage,675.42,Menu Item 027,7,337.71,Restaurant 007,Sandwiches,2025-02
3231,8,108,2025-07-15,5,Expired,2075.4,Menu Item 108,8,415.08,Restaurant 008,Desserts,2025-07
3232,9,129,2025-02-24,1,Overproduction,100.2,Menu Item 129,9,100.2,Restaurant 009,Beverages,2025-02
3233,11,131,2025-10-06,3,Unsold,1118.19,Menu Item 131,1,372.73,Restaurant 011,Burgers,2025-10
3234,10,90,2025-01-02,8,Preparation Error,1527.68,Menu Item 090,10,190.96,Restaurant 010,Salads,2025-01
3235,3,43,2025-04-25,1,Overproduction,379.7,Menu Item 043,3,379.7,Restaurant 003,Biryani,2025-04
3236,12,32,2025-11-01,2,Overproduction,1476.6,Menu Item 032,2,738.3,Restaurant 012,Pizza,2025-11
3237,18,138,2025-04-05,2,Expired,309.2,Menu Item 138,8,154.6,Restaurant 018,Desserts,2025-04
3238,3,143,2025-07-26,1,Spoilage,355.0,Menu Item 143,3,355.0,Restaurant 003,Biryani,2025-07
3239,11,131,2025-07-24,2,Damaged,745.46,Menu Item 131,1,372.73,Restaurant 011,Burgers,2025-07
3240,18,138,2025-01-19,2,Overproduction,309.2,Menu Item 138,8,154.6,Restaurant 018,Desserts,2025-01
3241,18,58,2025-10-25,5,Damaged,1801.25,Menu Item 058,8,360.25,Restaurant 018,Desserts,2025-10
3242,11,31,2025-02-28,1,Spoilage,322.62,Menu Item 031,1,322.62,Restaurant 011,Burgers,2025-02
3243,3,3,2025-08-07,1,Preparation Error,225.96,Menu Item 003,3,225.96,Restaurant 003,Biryani,2025-08
3244,10,90,2025-08-11,5,Expired,954.8,Menu Item 090,10,190.96,Restaurant 010,Salads,2025-08
3245,20,40,2025-03-17,1,Expired,276.24,Menu Item 040,10,276.24,Restaurant 020,Salads,2025-03
3246,12,132,2025-04-09,8,Preparation Error,5136.48,Menu Item 132,2,642.06,Restaurant 012,Pizza,2025-04
3247,11,11,2025-05-08,2,Spoilage,1092.48,Menu Item 011,1,546.24,Restaurant 011,Burgers,2025-05
3248,12,12,2025-12-21,1,Expired,783.1,Menu Item 012,2,783.1,Restaurant 012,Pizza,2025-12
3249,20,80,2025-01-06,5,Spoilage,555.25,Menu Item 080,10,111.05,Restaurant 020,Salads,2025-01
3250,20,120,2025-07-03,1,Spoilage,227.83,Menu Item 120,10,227.83,Restaurant 020,Salads,2025-07
3251,19,59,2025-12-03,1,Damaged,189.87,Menu Item 059,9,189.87,Restaurant 019,Beverages,2025-12
3252,4,64,2025-06-02,2,Preparation Error,512.92,Menu Item 064,4,256.46,Restaurant 004,Rice,2025-06
3253,12,12,2025-02-23,2,Preparation Error,1566.2,Menu Item 012,2,783.1,Restaurant 012,Pizza,2025-02
3254,2,102,2025-03-26,8,Damaged,6193.36,Menu Item 102,2,774.17,Restaurant 002,Pizza,2025-03
3255,5,125,2025-01-25,1,Overproduction,1138.34,Menu Item 125,5,1138.34,Restaurant 005,BBQ,2025-01
3256,16,56,2025-10-14,2,Expired,781.2,Menu Item 056,6,390.6,Restaurant 016,Pasta,2025-10
3257,9,69,2025-07-04,1,Preparation Error,94.8,Menu Item 069,9,94.8,Restaurant 009,Beverages,2025-07
3258,6,126,2025-05-08,1,Unsold,670.63,Menu Item 126,6,670.63,Restaurant 006,Pasta,2025-05
3259,15,55,2025-03-23,1,Unsold,932.62,Menu Item 055,5,932.62,Restaurant 015,BBQ,2025-03
3260,7,87,2025-08-14,1,Overproduction,530.98,Menu Item 087,7,530.98,Restaurant 007,Sandwiches,2025-08
3261,16,56,2025-02-22,2,Preparation Error,781.2,Menu Item 056,6,390.6,Restaurant 016,Pasta,2025-02
3262,9,109,2025-04-28,1,Preparation Error,221.43,Menu Item 109,9,221.43,Restaurant 009,Beverages,2025-04
3263,20,80,2025-04-28,1,Damaged,111.05,Menu Item 080,10,111.05,Restaurant 020,Salads,2025-04
3264,9,89,2025-09-03,2,Spoilage,532.72,Menu Item 089,9,266.36,Restaurant 009,Beverages,2025-09
3265,14,54,2025-09-10,2,Overproduction,364.36,Menu Item 054,4,182.18,Restaurant 014,Rice,2025-09
3266,1,141,2025-01-20,2,Expired,504.22,Menu Item 141,1,252.11,Restaurant 001,Burgers,2025-01
3267,8,68,2025-01-10,2,Damaged,228.12,Menu Item 068,8,114.06,Restaurant 008,Desserts,2025-01
3268,2,42,2025-07-26,3,Overproduction,1403.13,Menu Item 042,2,467.71,Restaurant 002,Pizza,2025-07
3269,14,74,2025-08-03,3,Unsold,467.7,Menu Item 074,4,155.9,Restaurant 014,Rice,2025-08
3270,12,132,2025-02-25,2,Expired,1284.12,Menu Item 132,2,642.06,Restaurant 012,Pizza,2025-02
3271,15,115,2025-10-18,3,Overproduction,2411.7,Menu Item 115,5,803.9,Restaurant 015,BBQ,2025-10
3272,16,76,2025-08-18,2,Spoilage,830.62,Menu Item 076,6,415.31,Restaurant 016,Pasta,2025-08
3273,9,69,2025-06-22,1,Spoilage,94.8,Menu Item 069,9,94.8,Restaurant 009,Beverages,2025-06
3274,13,133,2025-07-26,1,Overproduction,508.83,Menu Item 133,3,508.83,Restaurant 013,Biryani,2025-07
3275,6,126,2025-05-12,3,Overproduction,2011.89,Menu Item 126,6,670.63,Restaurant 006,Pasta,2025-05
3276,7,107,2025-02-24,2,Preparation Error,945.16,Menu Item 107,7,472.58,Restaurant 007,Sandwiches,2025-02
3277,7,107,2025-08-18,1,Spoilage,472.58,Menu Item 107,7,472.58,Restaurant 007,Sandwiches,2025-08
3278,4,84,2025-11-04,5,Unsold,1753.65,Menu Item 084,4,350.73,Restaurant 004,Rice,2025-11
3279,9,109,2025-03-16,1,Overproduction,221.43,Menu Item 109,9,221.43,Restaurant 009,Beverages,2025-03
3280,8,148,2025-02-10,2,Overproduction,675.28,Menu Item 148,8,337.64,Restaurant 008,Desserts,2025-02
3281,1,41,2025-11-26,1,Expired,254.51,Menu Item 041,1,254.51,Restaurant 001,Burgers,2025-11
3282,6,86,2025-01-22,1,Unsold,478.31,Menu Item 086,6,478.31,Restaurant 006,Pasta,2025-01
3283,7,27,2025-10-23,2,Spoilage,675.42,Menu Item 027,7,337.71,Restaurant 007,Sandwiches,2025-10
3284,19,59,2025-07-26,2,Overproduction,379.74,Menu Item 059,9,189.87,Restaurant 019,Beverages,2025-07
3285,7,147,2025-01-22,3,Overproduction,674.4,Menu Item 147,7,224.8,Restaurant 007,Sandwiches,2025-01
3286,9,9,2025-11-21,2,Expired,280.7,Menu Item 009,9,140.35,Restaurant 009,Beverages,2025-11
3287,9,109,2025-04-25,3,Damaged,664.29,Menu Item 109,9,221.43,Restaurant 009,Beverages,2025-04
3288,5,25,2025-05-12,1,Expired,1027.71,Menu Item 025,5,1027.71,Restaurant 005,BBQ,2025-05
3289,3,83,2025-05-05,2,Overproduction,472.7,Menu Item 083,3,236.35,Restaurant 003,Biryani,2025-05
3290,5,85,2025-06-11,2,Overproduction,710.22,Menu Item 085,5,355.11,Restaurant 005,BBQ,2025-06
3291,19,59,2025-05-22,2,Preparation Error,379.74,Menu Item 059,9,189.87,Restaurant 019,Beverages,2025-05
3292,20,20,2025-11-18,5,Damaged,1442.55,Menu Item 020,10,288.51,Restaurant 020,Salads,2025-11
3293,15,55,2025-03-06,10,Unsold,9326.2,Menu Item 055,5,932.62,Restaurant 015,BBQ,2025-03
3294,17,17,2025-09-02,2,Preparation Error,584.68,Menu Item 017,7,292.34,Restaurant 017,Sandwiches,2025-09
3295,4,104,2025-10-22,2,Preparation Error,335.92,Menu Item 104,4,167.96,Restaurant 004,Rice,2025-10
3296,16,136,2025-12-16,2,Unsold,864.74,Menu Item 136,6,432.37,Restaurant 016,Pasta,2025-12
3297,4,124,2025-04-07,5,Expired,747.85,Menu Item 124,4,149.57,Restaurant 004,Rice,2025-04
3298,18,138,2025-07-14,2,Spoilage,309.2,Menu Item 138,8,154.6,Restaurant 018,Desserts,2025-07
3299,7,87,2025-09-17,1,Preparation Error,530.98,Menu Item 087,7,530.98,Restaurant 007,Sandwiches,2025-09
3300,4,44,2025-09-25,1,Spoilage,440.72,Menu Item 044,4,440.72,Restaurant 004,Rice,2025-09
3301,20,140,2025-06-07,1,Overproduction,178.4,Menu Item 140,10,178.4,Restaurant 020,Salads,2025-06
3302,4,64,2025-03-26,1,Unsold,256.46,Menu Item 064,4,256.46,Restaurant 004,Rice,2025-03
3303,17,97,2025-03-05,2,Overproduction,908.08,Menu Item 097,7,454.04,Restaurant 017,Sandwiches,2025-03
3304,18,118,2025-08-26,2,Overproduction,618.0,Menu Item 118,8,309.0,Restaurant 018,Desserts,2025-08
3305,13,73,2025-06-01,8,Preparation Error,1854.0,Menu Item 073,3,231.75,Restaurant 013,Biryani,2025-06
3306,14,14,2025-03-05,1,Preparation Error,231.23,Menu Item 014,4,231.23,Restaurant 014,Rice,2025-03
3307,20,100,2025-08-27,1,Damaged,486.7,Menu Item 100,10,486.7,Restaurant 020,Salads,2025-08
3308,19,19,2025-03-18,2,Unsold,359.98,Menu Item 019,9,179.99,Restaurant 019,Beverages,2025-03
3309,11,131,2025-10-09,1,Damaged,372.73,Menu Item 131,1,372.73,Restaurant 011,Burgers,2025-10
3310,2,122,2025-09-17,2,Overproduction,1656.7,Menu Item 122,2,828.35,Restaurant 002,Pizza,2025-09
3311,20,140,2025-03-04,10,Spoilage,1784.0,Menu Item 140,10,178.4,Restaurant 020,Salads,2025-03
3312,18,78,2025-09-05,2,Overproduction,512.22,Menu Item 078,8,256.11,Restaurant 018,Desserts,2025-09
3313,16,136,2025-06-27,3,Unsold,1297.11,Menu Item 136,6,432.37,Restaurant 016,Pasta,2025-06
3314,18,78,2025-10-24,1,Spoilage,256.11,Menu Item 078,8,256.11,Restaurant 018,Desserts,2025-10
3315,6,6,2025-07-23,2,Damaged,604.3,Menu Item 006,6,302.15,Restaurant 006,Pasta,2025-07
3316,10,110,2025-01-20,3,Overproduction,657.81,Menu Item 110,10,219.27,Restaurant 010,Salads,2025-01
3317,14,74,2025-09-16,5,Spoilage,779.5,Menu Item 074,4,155.9,Restaurant 014,Rice,2025-09
3318,4,84,2025-11-11,5,Overproduction,1753.65,Menu Item 084,4,350.73,Restaurant 004,Rice,2025-11
3319,20,60,2025-07-22,5,Overproduction,1655.8,Menu Item 060,10,331.16,Restaurant 020,Salads,2025-07
3320,10,110,2025-03-16,2,Damaged,438.54,Menu Item 110,10,219.27,Restaurant 010,Salads,2025-03
3321,17,117,2025-07-18,2,Expired,859.46,Menu Item 117,7,429.73,Restaurant 017,Sandwiches,2025-07
3322,3,103,2025-12-03,10,Expired,4904.9,Menu Item 103,3,490.49,Restaurant 003,Biryani,2025-12
3323,14,134,2025-12-19,2,Damaged,576.68,Menu Item 134,4,288.34,Restaurant 014,Rice,2025-12
3324,16,56,2025-12-15,3,Damaged,1171.8,Menu Item 056,6,390.6,Restaurant 016,Pasta,2025-12
3325,9,69,2025-02-17,3,Preparation Error,284.4,Menu Item 069,9,94.8,Restaurant 009,Beverages,2025-02
3326,2,122,2025-04-15,2,Unsold,1656.7,Menu Item 122,2,828.35,Restaurant 002,Pizza,2025-04
3327,1,121,2025-10-14,1,Unsold,375.3,Menu Item 121,1,375.3,Restaurant 001,Burgers,2025-10
3328,2,102,2025-09-25,1,Spoilage,774.17,Menu Item 102,2,774.17,Restaurant 002,Pizza,2025-09
3329,7,127,2025-12-19,2,Expired,668.16,Menu Item 127,7,334.08,Restaurant 007,Sandwiches,2025-12
3330,13,133,2025-06-09,2,Expired,1017.66,Menu Item 133,3,508.83,Restaurant 013,Biryani,2025-06
3331,6,106,2025-08-01,2,Preparation Error,554.26,Menu Item 106,6,277.13,Restaurant 006,Pasta,2025-08
3332,16,76,2025-03-01,1,Overproduction,415.31,Menu Item 076,6,415.31,Restaurant 016,Pasta,2025-03
3333,20,60,2025-12-16,3,Preparation Error,993.48,Menu Item 060,10,331.16,Restaurant 020,Salads,2025-12
3334,8,8,2025-07-18,1,Spoilage,307.72,Menu Item 008,8,307.72,Restaurant 008,Desserts,2025-07
3335,5,125,2025-05-08,1,Preparation Error,1138.34,Menu Item 125,5,1138.34,Restaurant 005,BBQ,2025-05
3336,19,99,2025-04-28,2,Damaged,223.48,Menu Item 099,9,111.74,Restaurant 019,Beverages,2025-04
3337,14,54,2025-02-01,1,Spoilage,182.18,Menu Item 054,4,182.18,Restaurant 014,Rice,2025-02
3338,3,143,2025-06-07,1,Spoilage,355.0,Menu Item 143,3,355.0,Restaurant 003,Biryani,2025-06
3339,8,88,2025-03-18,1,Overproduction,225.63,Menu Item 088,8,225.63,Restaurant 008,Desserts,2025-03
3340,8,68,2025-02-22,1,Expired,114.06,Menu Item 068,8,114.06,Restaurant 008,Desserts,2025-02
3341,20,60,2025-06-27,1,Spoilage,331.16,Menu Item 060,10,331.16,Restaurant 020,Salads,2025-06
3342,12,32,2025-02-27,1,Overproduction,738.3,Menu Item 032,2,738.3,Restaurant 012,Pizza,2025-02
3343,15,55,2025-03-25,2,Damaged,1865.24,Menu Item 055,5,932.62,Restaurant 015,BBQ,2025-03
3344,11,51,2025-05-25,1,Unsold,362.81,Menu Item 051,1,362.81,Restaurant 011,Burgers,2025-05
3345,18,118,2025-09-12,1,Expired,309.0,Menu Item 118,8,309.0,Restaurant 018,Desserts,2025-09
3346,3,83,2025-04-09,8,Spoilage,1890.8,Menu Item 083,3,236.35,Restaurant 003,Biryani,2025-04
3347,13,13,2025-03-19,2,Overproduction,778.56,Menu Item 013,3,389.28,Restaurant 013,Biryani,2025-03
3348,3,143,2025-05-02,2,Spoilage,710.0,Menu Item 143,3,355.0,Restaurant 003,Biryani,2025-05
3349,10,70,2025-11-23,5,Overproduction,1036.25,Menu Item 070,10,207.25,Restaurant 010,Salads,2025-11
3350,6,86,2025-02-11,2,Unsold,956.62,Menu Item 086,6,478.31,Restaurant 006,Pasta,2025-02
3351,16,96,2025-04-20,3,Spoilage,1215.66,Menu Item 096,6,405.22,Restaurant 016,Pasta,2025-04
3352,1,101,2025-07-16,5,Damaged,1592.55,Menu Item 101,1,318.51,Restaurant 001,Burgers,2025-07
3353,19,79,2025-08-01,5,Unsold,652.5,Menu Item 079,9,130.5,Restaurant 019,Beverages,2025-08
3354,16,136,2025-06-10,1,Unsold,432.37,Menu Item 136,6,432.37,Restaurant 016,Pasta,2025-06
3355,1,101,2025-09-24,1,Expired,318.51,Menu Item 101,1,318.51,Restaurant 001,Burgers,2025-09
3356,6,46,2025-11-01,2,Preparation Error,1267.82,Menu Item 046,6,633.91,Restaurant 006,Pasta,2025-11
3357,6,146,2025-02-05,1,Overproduction,742.53,Menu Item 146,6,742.53,Restaurant 006,Pasta,2025-02
3358,12,112,2025-08-08,3,Expired,2583.84,Menu Item 112,2,861.28,Restaurant 012,Pizza,2025-08
3359,17,137,2025-10-28,5,Unsold,1768.7,Menu Item 137,7,353.74,Restaurant 017,Sandwiches,2025-10
3360,5,65,2025-08-06,1,Damaged,515.74,Menu Item 065,5,515.74,Restaurant 005,BBQ,2025-08
3361,9,129,2025-06-12,2,Spoilage,200.4,Menu Item 129,9,100.2,Restaurant 009,Beverages,2025-06
3362,12,72,2025-03-01,1,Unsold,275.78,Menu Item 072,2,275.78,Restaurant 012,Pizza,2025-03
3363,14,114,2025-05-17,1,Expired,544.89,Menu Item 114,4,544.89,Restaurant 014,Rice,2025-05
3364,18,138,2025-02-06,2,Damaged,309.2,Menu Item 138,8,154.6,Restaurant 018,Desserts,2025-02
3365,11,91,2025-11-17,1,Unsold,370.79,Menu Item 091,1,370.79,Restaurant 011,Burgers,2025-11
3366,5,65,2025-04-22,5,Spoilage,2578.7,Menu Item 065,5,515.74,Restaurant 005,BBQ,2025-04
3367,20,100,2025-10-23,8,Expired,3893.6,Menu Item 100,10,486.7,Restaurant 020,Salads,2025-10
3368,11,111,2025-12-24,1,Damaged,326.19,Menu Item 111,1,326.19,Restaurant 011,Burgers,2025-12
3369,14,54,2025-11-17,10,Overproduction,1821.8,Menu Item 054,4,182.18,Restaurant 014,Rice,2025-11
3370,6,146,2025-01-18,1,Unsold,742.53,Menu Item 146,6,742.53,Restaurant 006,Pasta,2025-01
3371,9,49,2025-03-25,3,Expired,762.84,Menu Item 049,9,254.28,Restaurant 009,Beverages,2025-03
3372,15,135,2025-05-01,2,Preparation Error,600.98,Menu Item 135,5,300.49,Restaurant 015,BBQ,2025-05
3373,6,26,2025-08-16,5,Expired,3032.8,Menu Item 026,6,606.56,Restaurant 006,Pasta,2025-08
3374,4,144,2025-03-23,1,Overproduction,243.25,Menu Item 144,4,243.25,Restaurant 004,Rice,2025-03
3375,18,118,2025-04-24,5,Unsold,1545.0,Menu Item 118,8,309.0,Restaurant 018,Desserts,2025-04
3376,19,59,2025-10-13,3,Preparation Error,569.61,Menu Item 059,9,189.87,Restaurant 019,Beverages,2025-10
3377,17,17,2025-07-28,2,Spoilage,584.68,Menu Item 017,7,292.34,Restaurant 017,Sandwiches,2025-07
3378,20,120,2025-12-05,1,Expired,227.83,Menu Item 120,10,227.83,Restaurant 020,Salads,2025-12
3379,18,138,2025-04-10,1,Overproduction,154.6,Menu Item 138,8,154.6,Restaurant 018,Desserts,2025-04
3380,14,54,2025-01-04,3,Damaged,546.54,Menu Item 054,4,182.18,Restaurant 014,Rice,2025-01
3381,12,52,2025-11-08,1,Preparation Error,463.6,Menu Item 052,2,463.6,Restaurant 012,Pizza,2025-11
3382,1,1,2025-02-21,1,Expired,428.12,Menu Item 001,1,428.12,Restaurant 001,Burgers,2025-02
3383,5,25,2025-10-02,3,Preparation Error,3083.13,Menu Item 025,5,1027.71,Restaurant 005,BBQ,2025-10
3384,20,20,2025-10-01,3,Overproduction,865.53,Menu Item 020,10,288.51,Restaurant 020,Salads,2025-10
3385,17,77,2025-01-16,1,Spoilage,598.63,Menu Item 077,7,598.63,Restaurant 017,Sandwiches,2025-01
3386,9,149,2025-03-03,3,Unsold,717.54,Menu Item 149,9,239.18,Restaurant 009,Beverages,2025-03
3387,1,21,2025-05-13,3,Spoilage,966.84,Menu Item 021,1,322.28,Restaurant 001,Burgers,2025-05
3388,18,38,2025-11-17,5,Overproduction,1881.6,Menu Item 038,8,376.32,Restaurant 018,Desserts,2025-11
3389,8,108,2025-08-19,2,Preparation Error,830.16,Menu Item 108,8,415.08,Restaurant 008,Desserts,2025-08
3390,18,98,2025-08-21,1,Damaged,373.65,Menu Item 098,8,373.65,Restaurant 018,Desserts,2025-08
3391,6,126,2025-10-18,5,Preparation Error,3353.15,Menu Item 126,6,670.63,Restaurant 006,Pasta,2025-10
3392,14,94,2025-03-04,1,Damaged,274.91,Menu Item 094,4,274.91,Restaurant 014,Rice,2025-03
3393,8,28,2025-04-16,3,Spoilage,1134.48,Menu Item 028,8,378.16,Restaurant 008,Desserts,2025-04
3394,8,68,2025-12-17,1,Damaged,114.06,Menu Item 068,8,114.06,Restaurant 008,Desserts,2025-12
3395,20,120,2025-03-07,5,Unsold,1139.15,Menu Item 120,10,227.83,Restaurant 020,Salads,2025-03
3396,12,92,2025-03-03,1,Overproduction,464.37,Menu Item 092,2,464.37,Restaurant 012,Pizza,2025-03
3397,14,94,2025-06-10,1,Unsold,274.91,Menu Item 094,4,274.91,Restaurant 014,Rice,2025-06
3398,10,90,2025-05-18,2,Unsold,381.92,Menu Item 090,10,190.96,Restaurant 010,Salads,2025-05
3399,1,121,2025-07-16,1,Damaged,375.3,Menu Item 121,1,375.3,Restaurant 001,Burgers,2025-07
3400,3,3,2025-05-21,3,Expired,677.88,Menu Item 003,3,225.96,Restaurant 003,Biryani,2025-05
3401,15,15,2025-03-07,5,Preparation Error,2484.85,Menu Item 015,5,496.97,Restaurant 015,BBQ,2025-03
3402,9,89,2025-11-17,1,Unsold,266.36,Menu Item 089,9,266.36,Restaurant 009,Beverages,2025-11
3403,5,145,2025-01-13,1,Overproduction,429.88,Menu Item 145,5,429.88,Restaurant 005,BBQ,2025-01
3404,11,51,2025-03-14,1,Overproduction,362.81,Menu Item 051,1,362.81,Restaurant 011,Burgers,2025-03
3405,16,36,2025-04-11,3,Damaged,1352.7,Menu Item 036,6,450.9,Restaurant 016,Pasta,2025-04
3406,15,15,2025-01-16,2,Spoilage,993.94,Menu Item 015,5,496.97,Restaurant 015,BBQ,2025-01
3407,1,61,2025-12-10,3,Unsold,1487.13,Menu Item 061,1,495.71,Restaurant 001,Burgers,2025-12
3408,18,98,2025-06-27,3,Preparation Error,1120.95,Menu Item 098,8,373.65,Restaurant 018,Desserts,2025-06
3409,6,106,2025-02-17,3,Expired,831.39,Menu Item 106,6,277.13,Restaurant 006,Pasta,2025-02
3410,11,111,2025-10-15,1,Overproduction,326.19,Menu Item 111,1,326.19,Restaurant 011,Burgers,2025-10
3411,18,138,2025-08-13,5,Damaged,773.0,Menu Item 138,8,154.6,Restaurant 018,Desserts,2025-08
3412,11,71,2025-09-24,2,Damaged,929.96,Menu Item 071,1,464.98,Restaurant 011,Burgers,2025-09
3413,8,68,2025-07-22,8,Unsold,912.48,Menu Item 068,8,114.06,Restaurant 008,Desserts,2025-07
3414,10,70,2025-08-15,2,Spoilage,414.5,Menu Item 070,10,207.25,Restaurant 010,Salads,2025-08
3415,19,19,2025-04-03,8,Preparation Error,1439.92,Menu Item 019,9,179.99,Restaurant 019,Beverages,2025-04
3416,4,84,2025-11-27,5,Overproduction,1753.65,Menu Item 084,4,350.73,Restaurant 004,Rice,2025-11
3417,16,56,2025-07-24,3,Expired,1171.8,Menu Item 056,6,390.6,Restaurant 016,Pasta,2025-07
3418,8,48,2025-10-08,3,Expired,584.76,Menu Item 048,8,194.92,Restaurant 008,Desserts,2025-10
3419,8,148,2025-02-18,1,Unsold,337.64,Menu Item 148,8,337.64,Restaurant 008,Desserts,2025-02
3420,14,114,2025-08-07,1,Unsold,544.89,Menu Item 114,4,544.89,Restaurant 014,Rice,2025-08
3421,11,131,2025-01-11,1,Unsold,372.73,Menu Item 131,1,372.73,Restaurant 011,Burgers,2025-01
3422,9,109,2025-09-19,1,Damaged,221.43,Menu Item 109,9,221.43,Restaurant 009,Beverages,2025-09
3423,6,86,2025-01-25,2,Damaged,956.62,Menu Item 086,6,478.31,Restaurant 006,Pasta,2025-01
3424,17,117,2025-09-07,5,Damaged,2148.65,Menu Item 117,7,429.73,Restaurant 017,Sandwiches,2025-09
3425,1,101,2025-04-17,1,Overproduction,318.51,Menu Item 101,1,318.51,Restaurant 001,Burgers,2025-04
3426,15,95,2025-01-15,1,Damaged,681.88,Menu Item 095,5,681.88,Restaurant 015,BBQ,2025-01
3427,5,65,2025-12-02,2,Expired,1031.48,Menu Item 065,5,515.74,Restaurant 005,BBQ,2025-12
3428,10,50,2025-10-03,3,Preparation Error,474.3,Menu Item 050,10,158.1,Restaurant 010,Salads,2025-10
3429,6,86,2025-05-21,1,Preparation Error,478.31,Menu Item 086,6,478.31,Restaurant 006,Pasta,2025-05
3430,14,34,2025-07-01,1,Unsold,464.32,Menu Item 034,4,464.32,Restaurant 014,Rice,2025-07
3431,14,34,2025-03-16,5,Damaged,2321.6,Menu Item 034,4,464.32,Restaurant 014,Rice,2025-03
3432,12,52,2025-10-06,1,Overproduction,463.6,Menu Item 052,2,463.6,Restaurant 012,Pizza,2025-10
3433,10,70,2025-05-09,1,Spoilage,207.25,Menu Item 070,10,207.25,Restaurant 010,Salads,2025-05
3434,17,117,2025-07-06,1,Spoilage,429.73,Menu Item 117,7,429.73,Restaurant 017,Sandwiches,2025-07
3435,18,138,2025-02-15,3,Spoilage,463.8,Menu Item 138,8,154.6,Restaurant 018,Desserts,2025-02
3436,19,99,2025-01-11,1,Expired,111.74,Menu Item 099,9,111.74,Restaurant 019,Beverages,2025-01
3437,3,83,2025-12-16,1,Damaged,236.35,Menu Item 083,3,236.35,Restaurant 003,Biryani,2025-12
3438,9,89,2025-04-22,5,Overproduction,1331.8,Menu Item 089,9,266.36,Restaurant 009,Beverages,2025-04
3439,6,26,2025-09-02,3,Damaged,1819.68,Menu Item 026,6,606.56,Restaurant 006,Pasta,2025-09
3440,10,30,2025-08-14,1,Overproduction,167.27,Menu Item 030,10,167.27,Restaurant 010,Salads,2025-08
3441,3,43,2025-10-20,3,Damaged,1139.1,Menu Item 043,3,379.7,Restaurant 003,Biryani,2025-10
3442,7,47,2025-08-07,3,Damaged,1594.68,Menu Item 047,7,531.56,Restaurant 007,Sandwiches,2025-08
3443,17,37,2025-05-27,1,Expired,689.77,Menu Item 037,7,689.77,Restaurant 017,Sandwiches,2025-05
3444,8,8,2025-04-05,1,Expired,307.72,Menu Item 008,8,307.72,Restaurant 008,Desserts,2025-04
3445,4,44,2025-02-26,8,Expired,3525.76,Menu Item 044,4,440.72,Restaurant 004,Rice,2025-02
3446,16,36,2025-05-01,1,Spoilage,450.9,Menu Item 036,6,450.9,Restaurant 016,Pasta,2025-05
3447,18,98,2025-06-01,1,Overproduction,373.65,Menu Item 098,8,373.65,Restaurant 018,Desserts,2025-06
3448,17,37,2025-12-12,1,Expired,689.77,Menu Item 037,7,689.77,Restaurant 017,Sandwiches,2025-12
3449,11,91,2025-09-08,1,Unsold,370.79,Menu Item 091,1,370.79,Restaurant 011,Burgers,2025-09
3450,4,24,2025-10-12,3,Spoilage,1495.11,Menu Item 024,4,498.37,Restaurant 004,Rice,2025-10
3451,8,28,2025-12-28,1,Overproduction,378.16,Menu Item 028,8,378.16,Restaurant 008,Desserts,2025-12
3452,15,35,2025-11-04,3,Unsold,1311.18,Menu Item 035,5,437.06,Restaurant 015,BBQ,2025-11
3453,20,80,2025-05-07,2,Preparation Error,222.1,Menu Item 080,10,111.05,Restaurant 020,Salads,2025-05
3454,13,53,2025-08-12,5,Preparation Error,1492.65,Menu Item 053,3,298.53,Restaurant 013,Biryani,2025-08
3455,12,52,2025-11-08,1,Overproduction,463.6,Menu Item 052,2,463.6,Restaurant 012,Pizza,2025-11
3456,11,131,2025-08-11,1,Expired,372.73,Menu Item 131,1,372.73,Restaurant 011,Burgers,2025-08
3457,19,99,2025-10-11,2,Expired,223.48,Menu Item 099,9,111.74,Restaurant 019,Beverages,2025-10
3458,11,31,2025-10-28,2,Overproduction,645.24,Menu Item 031,1,322.62,Restaurant 011,Burgers,2025-10
3459,16,16,2025-03-17,2,Expired,676.68,Menu Item 016,6,338.34,Restaurant 016,Pasta,2025-03
3460,19,39,2025-08-03,3,Damaged,266.22,Menu Item 039,9,88.74,Restaurant 019,Beverages,2025-08
3461,10,90,2025-01-18,8,Preparation Error,1527.68,Menu Item 090,10,190.96,Restaurant 010,Salads,2025-01
3462,4,144,2025-04-08,2,Unsold,486.5,Menu Item 144,4,243.25,Restaurant 004,Rice,2025-04
3463,12,52,2025-12-25,1,Preparation Error,463.6,Menu Item 052,2,463.6,Restaurant 012,Pizza,2025-12
3464,16,116,2025-07-09,5,Damaged,2566.4,Menu Item 116,6,513.28,Restaurant 016,Pasta,2025-07
3465,7,147,2025-04-16,1,Preparation Error,224.8,Menu Item 147,7,224.8,Restaurant 007,Sandwiches,2025-04
3466,9,149,2025-02-06,1,Overproduction,239.18,Menu Item 149,9,239.18,Restaurant 009,Beverages,2025-02
3467,20,100,2025-09-28,2,Unsold,973.4,Menu Item 100,10,486.7,Restaurant 020,Salads,2025-09
3468,14,114,2025-07-16,1,Preparation Error,544.89,Menu Item 114,4,544.89,Restaurant 014,Rice,2025-07
3469,10,90,2025-06-08,1,Unsold,190.96,Menu Item 090,10,190.96,Restaurant 010,Salads,2025-06
3470,12,52,2025-06-08,3,Overproduction,1390.8,Menu Item 052,2,463.6,Restaurant 012,Pizza,2025-06
3471,18,138,2025-02-28,3,Unsold,463.8,Menu Item 138,8,154.6,Restaurant 018,Desserts,2025-02
3472,7,87,2025-05-10,1,Expired,530.98,Menu Item 087,7,530.98,Restaurant 007,Sandwiches,2025-05
3473,9,9,2025-06-10,1,Damaged,140.35,Menu Item 009,9,140.35,Restaurant 009,Beverages,2025-06
3474,14,134,2025-06-27,2,Spoilage,576.68,Menu Item 134,4,288.34,Restaurant 014,Rice,2025-06
3475,18,138,2025-01-23,2,Preparation Error,309.2,Menu Item 138,8,154.6,Restaurant 018,Desserts,2025-01
3476,18,78,2025-04-21,2,Damaged,512.22,Menu Item 078,8,256.11,Restaurant 018,Desserts,2025-04
3477,10,110,2025-10-23,2,Damaged,438.54,Menu Item 110,10,219.27,Restaurant 010,Salads,2025-10
3478,1,101,2025-03-10,10,Damaged,3185.1,Menu Item 101,1,318.51,Restaurant 001,Burgers,2025-03
3479,9,149,2025-01-04,2,Spoilage,478.36,Menu Item 149,9,239.18,Restaurant 009,Beverages,2025-01
3480,17,57,2025-07-06,1,Preparation Error,314.52,Menu Item 057,7,314.52,Restaurant 017,Sandwiches,2025-07
3481,6,146,2025-08-05,5,Damaged,3712.65,Menu Item 146,6,742.53,Restaurant 006,Pasta,2025-08
3482,19,99,2025-05-12,2,Damaged,223.48,Menu Item 099,9,111.74,Restaurant 019,Beverages,2025-05
3483,8,8,2025-07-23,2,Unsold,615.44,Menu Item 008,8,307.72,Restaurant 008,Desserts,2025-07
3484,5,85,2025-10-07,2,Preparation Error,710.22,Menu Item 085,5,355.11,Restaurant 005,BBQ,2025-10
3485,6,86,2025-12-22,1,Preparation Error,478.31,Menu Item 086,6,478.31,Restaurant 006,Pasta,2025-12
3486,18,38,2025-11-25,2,Expired,752.64,Menu Item 038,8,376.32,Restaurant 018,Desserts,2025-11
3487,18,98,2025-07-07,1,Unsold,373.65,Menu Item 098,8,373.65,Restaurant 018,Desserts,2025-07
3488,9,129,2025-03-19,3,Spoilage,300.6,Menu Item 129,9,100.2,Restaurant 009,Beverages,2025-03
3489,14,134,2025-07-17,1,Spoilage,288.34,Menu Item 134,4,288.34,Restaurant 014,Rice,2025-07
3490,9,69,2025-07-22,5,Expired,474.0,Menu Item 069,9,94.8,Restaurant 009,Beverages,2025-07
3491,9,129,2025-06-17,2,Expired,200.4,Menu Item 129,9,100.2,Restaurant 009,Beverages,2025-06
3492,2,42,2025-07-07,1,Expired,467.71,Menu Item 042,2,467.71,Restaurant 002,Pizza,2025-07
3493,12,32,2025-03-14,8,Overproduction,5906.4,Menu Item 032,2,738.3,Restaurant 012,Pizza,2025-03
3494,3,43,2025-01-12,2,Expired,759.4,Menu Item 043,3,379.7,Restaurant 003,Biryani,2025-01
3495,7,127,2025-06-03,1,Unsold,334.08,Menu Item 127,7,334.08,Restaurant 007,Sandwiches,2025-06
3496,20,140,2025-04-06,2,Unsold,356.8,Menu Item 140,10,178.4,Restaurant 020,Salads,2025-04
3497,17,137,2025-03-19,1,Spoilage,353.74,Menu Item 137,7,353.74,Restaurant 017,Sandwiches,2025-03
3498,14,14,2025-10-11,1,Expired,231.23,Menu Item 014,4,231.23,Restaurant 014,Rice,2025-10
3499,20,40,2025-09-08,2,Unsold,552.48,Menu Item 040,10,276.24,Restaurant 020,Salads,2025-09
3500,1,121,2025-03-27,1,Damaged,375.3,Menu Item 121,1,375.3,Restaurant 001,Burgers,2025-03
3501,12,132,2025-09-16,5,Damaged,3210.3,Menu Item 132,2,642.06,Restaurant 012,Pizza,2025-09
3502,17,37,2025-01-05,5,Preparation Error,3448.85,Menu Item 037,7,689.77,Restaurant 017,Sandwiches,2025-01
3503,13,73,2025-10-19,3,Overproduction,695.25,Menu Item 073,3,231.75,Restaurant 013,Biryani,2025-10
3504,16,56,2025-07-11,1,Expired,390.6,Menu Item 056,6,390.6,Restaurant 016,Pasta,2025-07
3505,20,120,2025-04-11,3,Spoilage,683.49,Menu Item 120,10,227.83,Restaurant 020,Salads,2025-04
3506,5,145,2025-05-08,1,Preparation Error,429.88,Menu Item 145,5,429.88,Restaurant 005,BBQ,2025-05
3507,11,111,2025-07-24,1,Unsold,326.19,Menu Item 111,1,326.19,Restaurant 011,Burgers,2025-07
3508,14,74,2025-06-23,2,Unsold,311.8,Menu Item 074,4,155.9,Restaurant 014,Rice,2025-06
3509,12,72,2025-02-20,1,Preparation Error,275.78,Menu Item 072,2,275.78,Restaurant 012,Pizza,2025-02
3510,5,25,2025-10-28,3,Spoilage,3083.13,Menu Item 025,5,1027.71,Restaurant 005,BBQ,2025-10
3511,6,26,2025-12-27,1,Preparation Error,606.56,Menu Item 026,6,606.56,Restaurant 006,Pasta,2025-12
3512,12,72,2025-08-06,3,Damaged,827.34,Menu Item 072,2,275.78,Restaurant 012,Pizza,2025-08
3513,2,62,2025-11-27,1,Spoilage,509.77,Menu Item 062,2,509.77,Restaurant 002,Pizza,2025-11
3514,18,138,2025-04-18,1,Unsold,154.6,Menu Item 138,8,154.6,Restaurant 018,Desserts,2025-04
3515,9,109,2025-02-01,3,Expired,664.29,Menu Item 109,9,221.43,Restaurant 009,Beverages,2025-02
3516,3,63,2025-09-07,5,Overproduction,1569.7,Menu Item 063,3,313.94,Restaurant 003,Biryani,2025-09
3517,8,48,2025-11-04,2,Unsold,389.84,Menu Item 048,8,194.92,Restaurant 008,Desserts,2025-11
3518,7,7,2025-09-28,1,Overproduction,477.57,Menu Item 007,7,477.57,Restaurant 007,Sandwiches,2025-09
3519,15,95,2025-04-27,3,Spoilage,2045.64,Menu Item 095,5,681.88,Restaurant 015,BBQ,2025-04
3520,17,97,2025-07-17,1,Expired,454.04,Menu Item 097,7,454.04,Restaurant 017,Sandwiches,2025-07
3521,16,136,2025-07-01,5,Spoilage,2161.85,Menu Item 136,6,432.37,Restaurant 016,Pasta,2025-07
3522,10,10,2025-08-09,2,Expired,286.6,Menu Item 010,10,143.3,Restaurant 010,Salads,2025-08
3523,12,12,2025-04-25,8,Spoilage,6264.8,Menu Item 012,2,783.1,Restaurant 012,Pizza,2025-04
3524,16,16,2025-03-10,1,Preparation Error,338.34,Menu Item 016,6,338.34,Restaurant 016,Pasta,2025-03
3525,6,26,2025-11-05,2,Damaged,1213.12,Menu Item 026,6,606.56,Restaurant 006,Pasta,2025-11
3526,4,104,2025-04-16,1,Spoilage,167.96,Menu Item 104,4,167.96,Restaurant 004,Rice,2025-04
3527,5,65,2025-10-12,3,Spoilage,1547.22,Menu Item 065,5,515.74,Restaurant 005,BBQ,2025-10
3528,16,76,2025-08-23,5,Expired,2076.55,Menu Item 076,6,415.31,Restaurant 016,Pasta,2025-08
3529,10,30,2025-12-20,3,Expired,501.81,Menu Item 030,10,167.27,Restaurant 010,Salads,2025-12
3530,3,43,2025-11-24,1,Expired,379.7,Menu Item 043,3,379.7,Restaurant 003,Biryani,2025-11
3531,4,84,2025-05-14,1,Preparation Error,350.73,Menu Item 084,4,350.73,Restaurant 004,Rice,2025-05
3532,3,3,2025-07-09,1,Expired,225.96,Menu Item 003,3,225.96,Restaurant 003,Biryani,2025-07
3533,6,126,2025-08-16,1,Expired,670.63,Menu Item 126,6,670.63,Restaurant 006,Pasta,2025-08
3534,11,111,2025-07-15,2,Damaged,652.38,Menu Item 111,1,326.19,Restaurant 011,Burgers,2025-07
3535,16,16,2025-05-04,1,Preparation Error,338.34,Menu Item 016,6,338.34,Restaurant 016,Pasta,2025-05
3536,13,13,2025-10-02,5,Spoilage,1946.4,Menu Item 013,3,389.28,Restaurant 013,Biryani,2025-10
3537,13,33,2025-09-12,2,Damaged,703.0,Menu Item 033,3,351.5,Restaurant 013,Biryani,2025-09
3538,20,40,2025-05-17,1,Expired,276.24,Menu Item 040,10,276.24,Restaurant 020,Salads,2025-05
3539,14,34,2025-07-11,3,Unsold,1392.96,Menu Item 034,4,464.32,Restaurant 014,Rice,2025-07
3540,2,142,2025-08-13,1,Spoilage,919.35,Menu Item 142,2,919.35,Restaurant 002,Pizza,2025-08
3541,15,135,2025-09-26,2,Expired,600.98,Menu Item 135,5,300.49,Restaurant 015,BBQ,2025-09
3542,9,109,2025-08-08,2,Unsold,442.86,Menu Item 109,9,221.43,Restaurant 009,Beverages,2025-08
3543,10,10,2025-04-25,5,Spoilage,716.5,Menu Item 010,10,143.3,Restaurant 010,Salads,2025-04
3544,20,80,2025-12-09,3,Overproduction,333.15,Menu Item 080,10,111.05,Restaurant 020,Salads,2025-12
3545,19,59,2025-03-06,1,Preparation Error,189.87,Menu Item 059,9,189.87,Restaurant 019,Beverages,2025-03
3546,3,63,2025-01-08,3,Damaged,941.82,Menu Item 063,3,313.94,Restaurant 003,Biryani,2025-01
3547,19,59,2025-07-02,3,Damaged,569.61,Menu Item 059,9,189.87,Restaurant 019,Beverages,2025-07
3548,17,37,2025-11-01,10,Damaged,6897.7,Menu Item 037,7,689.77,Restaurant 017,Sandwiches,2025-11
3549,4,64,2025-07-15,2,Preparation Error,512.92,Menu Item 064,4,256.46,Restaurant 004,Rice,2025-07
3550,16,96,2025-05-01,1,Damaged,405.22,Menu Item 096,6,405.22,Restaurant 016,Pasta,2025-05
3551,18,38,2025-02-21,2,Preparation Error,752.64,Menu Item 038,8,376.32,Restaurant 018,Desserts,2025-02
3552,17,97,2025-08-14,2,Spoilage,908.08,Menu Item 097,7,454.04,Restaurant 017,Sandwiches,2025-08
3553,14,14,2025-12-25,5,Spoilage,1156.15,Menu Item 014,4,231.23,Restaurant 014,Rice,2025-12
3554,16,16,2025-04-01,1,Preparation Error,338.34,Menu Item 016,6,338.34,Restaurant 016,Pasta,2025-04
3555,3,3,2025-10-06,5,Unsold,1129.8,Menu Item 003,3,225.96,Restaurant 003,Biryani,2025-10
3556,19,79,2025-10-23,1,Preparation Error,130.5,Menu Item 079,9,130.5,Restaurant 019,Beverages,2025-10
3557,6,146,2025-05-05,3,Unsold,2227.59,Menu Item 146,6,742.53,Restaurant 006,Pasta,2025-05
3558,12,112,2025-10-12,1,Unsold,861.28,Menu Item 112,2,861.28,Restaurant 012,Pizza,2025-10
3559,18,138,2025-03-09,8,Spoilage,1236.8,Menu Item 138,8,154.6,Restaurant 018,Desserts,2025-03
3560,8,148,2025-11-12,1,Overproduction,337.64,Menu Item 148,8,337.64,Restaurant 008,Desserts,2025-11
3561,11,91,2025-04-20,1,Spoilage,370.79,Menu Item 091,1,370.79,Restaurant 011,Burgers,2025-04
3562,19,19,2025-06-07,3,Preparation Error,539.97,Menu Item 019,9,179.99,Restaurant 019,Beverages,2025-06
3563,2,102,2025-10-26,1,Expired,774.17,Menu Item 102,2,774.17,Restaurant 002,Pizza,2025-10
3564,15,35,2025-04-02,1,Overproduction,437.06,Menu Item 035,5,437.06,Restaurant 015,BBQ,2025-04
3565,8,128,2025-06-16,1,Preparation Error,347.29,Menu Item 128,8,347.29,Restaurant 008,Desserts,2025-06
3566,11,111,2025-05-04,1,Preparation Error,326.19,Menu Item 111,1,326.19,Restaurant 011,Burgers,2025-05
3567,17,57,2025-06-22,3,Spoilage,943.56,Menu Item 057,7,314.52,Restaurant 017,Sandwiches,2025-06
3568,9,149,2025-07-11,3,Overproduction,717.54,Menu Item 149,9,239.18,Restaurant 009,Beverages,2025-07
3569,4,84,2025-10-16,1,Overproduction,350.73,Menu Item 084,4,350.73,Restaurant 004,Rice,2025-10
3570,9,149,2025-10-05,5,Unsold,1195.9,Menu Item 149,9,239.18,Restaurant 009,Beverages,2025-10
3571,11,91,2025-07-16,1,Preparation Error,370.79,Menu Item 091,1,370.79,Restaurant 011,Burgers,2025-07
3572,18,138,2025-01-20,3,Spoilage,463.8,Menu Item 138,8,154.6,Restaurant 018,Desserts,2025-01
3573,12,132,2025-02-09,1,Expired,642.06,Menu Item 132,2,642.06,Restaurant 012,Pizza,2025-02
3574,17,137,2025-04-24,10,Overproduction,3537.4,Menu Item 137,7,353.74,Restaurant 017,Sandwiches,2025-04
3575,5,145,2025-09-13,2,Damaged,859.76,Menu Item 145,5,429.88,Restaurant 005,BBQ,2025-09
3576,10,70,2025-07-02,3,Unsold,621.75,Menu Item 070,10,207.25,Restaurant 010,Salads,2025-07
3577,4,124,2025-08-17,1,Overproduction,149.57,Menu Item 124,4,149.57,Restaurant 004,Rice,2025-08
3578,1,1,2025-03-14,1,Overproduction,428.12,Menu Item 001,1,428.12,Restaurant 001,Burgers,2025-03
3579,2,62,2025-09-15,3,Spoilage,1529.31,Menu Item 062,2,509.77,Restaurant 002,Pizza,2025-09
3580,10,50,2025-09-20,2,Expired,316.2,Menu Item 050,10,158.1,Restaurant 010,Salads,2025-09
3581,20,100,2025-03-24,2,Expired,973.4,Menu Item 100,10,486.7,Restaurant 020,Salads,2025-03
3582,14,34,2025-06-08,2,Expired,928.64,Menu Item 034,4,464.32,Restaurant 014,Rice,2025-06
3583,14,134,2025-12-21,10,Overproduction,2883.4,Menu Item 134,4,288.34,Restaurant 014,Rice,2025-12
3584,5,105,2025-01-19,3,Damaged,1789.62,Menu Item 105,5,596.54,Restaurant 005,BBQ,2025-01
3585,3,23,2025-11-01,5,Damaged,1351.15,Menu Item 023,3,270.23,Restaurant 003,Biryani,2025-11
3586,17,37,2025-06-16,1,Spoilage,689.77,Menu Item 037,7,689.77,Restaurant 017,Sandwiches,2025-06
3587,12,72,2025-03-27,2,Damaged,551.56,Menu Item 072,2,275.78,Restaurant 012,Pizza,2025-03
3588,11,51,2025-02-07,1,Expired,362.81,Menu Item 051,1,362.81,Restaurant 011,Burgers,2025-02
3589,12,132,2025-03-21,1,Preparation Error,642.06,Menu Item 132,2,642.06,Restaurant 012,Pizza,2025-03
3590,4,44,2025-06-23,5,Overproduction,2203.6,Menu Item 044,4,440.72,Restaurant 004,Rice,2025-06
3591,1,101,2025-05-07,2,Spoilage,637.02,Menu Item 101,1,318.51,Restaurant 001,Burgers,2025-05
3592,15,135,2025-10-22,3,Spoilage,901.47,Menu Item 135,5,300.49,Restaurant 015,BBQ,2025-10
3593,13,13,2025-08-06,2,Preparation Error,778.56,Menu Item 013,3,389.28,Restaurant 013,Biryani,2025-08
3594,13,133,2025-09-16,2,Preparation Error,1017.66,Menu Item 133,3,508.83,Restaurant 013,Biryani,2025-09
3595,15,55,2025-09-08,8,Damaged,7460.96,Menu Item 055,5,932.62,Restaurant 015,BBQ,2025-09
3596,13,93,2025-09-13,2,Overproduction,1107.22,Menu Item 093,3,553.61,Restaurant 013,Biryani,2025-09
3597,9,9,2025-04-21,1,Damaged,140.35,Menu Item 009,9,140.35,Restaurant 009,Beverages,2025-04
3598,5,45,2025-05-05,2,Damaged,779.88,Menu Item 045,5,389.94,Restaurant 005,BBQ,2025-05
3599,15,135,2025-04-08,1,Unsold,300.49,Menu Item 135,5,300.49,Restaurant 015,BBQ,2025-04
3600,20,40,2025-12-23,1,Overproduction,276.24,Menu Item 040,10,276.24,Restaurant 020,Salads,2025-12
3601,13,53,2025-06-28,8,Expired,2388.24,Menu Item 053,3,298.53,Restaurant 013,Biryani,2025-06
3602,2,142,2025-02-26,1,Overproduction,919.35,Menu Item 142,2,919.35,Restaurant 002,Pizza,2025-02
3603,5,25,2025-02-16,3,Expired,3083.13,Menu Item 025,5,1027.71,Restaurant 005,BBQ,2025-02
3604,15,135,2025-09-18,2,Preparation Error,600.98,Menu Item 135,5,300.49,Restaurant 015,BBQ,2025-09
3605,18,138,2025-12-22,2,Expired,309.2,Menu Item 138,8,154.6,Restaurant 018,Desserts,2025-12
3606,4,144,2025-05-09,2,Damaged,486.5,Menu Item 144,4,243.25,Restaurant 004,Rice,2025-05
3607,1,21,2025-06-26,2,Spoilage,644.56,Menu Item 021,1,322.28,Restaurant 001,Burgers,2025-06
3608,11,11,2025-10-10,1,Damaged,546.24,Menu Item 011,1,546.24,Restaurant 011,Burgers,2025-10
3609,16,136,2025-09-13,2,Expired,864.74,Menu Item 136,6,432.37,Restaurant 016,Pasta,2025-09
3610,14,14,2025-10-01,3,Spoilage,693.69,Menu Item 014,4,231.23,Restaurant 014,Rice,2025-10
3611,9,29,2025-03-15,1,Preparation Error,68.62,Menu Item 029,9,68.62,Restaurant 009,Beverages,2025-03
3612,6,6,2025-05-28,1,Overproduction,302.15,Menu Item 006,6,302.15,Restaurant 006,Pasta,2025-05
3613,4,44,2025-08-04,1,Expired,440.72,Menu Item 044,4,440.72,Restaurant 004,Rice,2025-08
3614,3,123,2025-01-06,1,Preparation Error,365.54,Menu Item 123,3,365.54,Restaurant 003,Biryani,2025-01
3615,7,107,2025-11-04,3,Overproduction,1417.74,Menu Item 107,7,472.58,Restaurant 007,Sandwiches,2025-11
3616,16,16,2025-10-09,2,Overproduction,676.68,Menu Item 016,6,338.34,Restaurant 016,Pasta,2025-10
3617,17,17,2025-03-23,1,Overproduction,292.34,Menu Item 017,7,292.34,Restaurant 017,Sandwiches,2025-03
3618,3,3,2025-04-04,1,Unsold,225.96,Menu Item 003,3,225.96,Restaurant 003,Biryani,2025-04
3619,18,138,2025-02-26,2,Spoilage,309.2,Menu Item 138,8,154.6,Restaurant 018,Desserts,2025-02
3620,8,68,2025-04-25,2,Unsold,228.12,Menu Item 068,8,114.06,Restaurant 008,Desserts,2025-04
3621,9,49,2025-11-11,1,Damaged,254.28,Menu Item 049,9,254.28,Restaurant 009,Beverages,2025-11
3622,11,71,2025-03-26,2,Expired,929.96,Menu Item 071,1,464.98,Restaurant 011,Burgers,2025-03
3623,10,90,2025-03-17,1,Expired,190.96,Menu Item 090,10,190.96,Restaurant 010,Salads,2025-03
3624,7,127,2025-01-19,1,Damaged,334.08,Menu Item 127,7,334.08,Restaurant 007,Sandwiches,2025-01
3625,9,109,2025-11-17,8,Damaged,1771.44,Menu Item 109,9,221.43,Restaurant 009,Beverages,2025-11
3626,6,66,2025-07-05,3,Unsold,1256.34,Menu Item 066,6,418.78,Restaurant 006,Pasta,2025-07
3627,17,97,2025-06-20,2,Spoilage,908.08,Menu Item 097,7,454.04,Restaurant 017,Sandwiches,2025-06
3628,12,32,2025-02-24,5,Unsold,3691.5,Menu Item 032,2,738.3,Restaurant 012,Pizza,2025-02
3629,11,51,2025-07-03,8,Damaged,2902.48,Menu Item 051,1,362.81,Restaurant 011,Burgers,2025-07
3630,16,96,2025-04-09,2,Spoilage,810.44,Menu Item 096,6,405.22,Restaurant 016,Pasta,2025-04
3631,8,8,2025-08-24,1,Unsold,307.72,Menu Item 008,8,307.72,Restaurant 008,Desserts,2025-08
3632,14,114,2025-02-21,3,Expired,1634.67,Menu Item 114,4,544.89,Restaurant 014,Rice,2025-02
3633,17,77,2025-02-08,10,Expired,5986.3,Menu Item 077,7,598.63,Restaurant 017,Sandwiches,2025-02
3634,9,149,2025-04-21,8,Unsold,1913.44,Menu Item 149,9,239.18,Restaurant 009,Beverages,2025-04
3635,6,86,2025-02-26,1,Overproduction,478.31,Menu Item 086,6,478.31,Restaurant 006,Pasta,2025-02
3636,7,27,2025-07-09,1,Spoilage,337.71,Menu Item 027,7,337.71,Restaurant 007,Sandwiches,2025-07
3637,3,63,2025-07-17,8,Spoilage,2511.52,Menu Item 063,3,313.94,Restaurant 003,Biryani,2025-07
3638,16,76,2025-12-04,3,Preparation Error,1245.93,Menu Item 076,6,415.31,Restaurant 016,Pasta,2025-12
3639,4,64,2025-01-26,1,Overproduction,256.46,Menu Item 064,4,256.46,Restaurant 004,Rice,2025-01
3640,16,96,2025-11-19,1,Expired,405.22,Menu Item 096,6,405.22,Restaurant 016,Pasta,2025-11
3641,7,147,2025-03-04,2,Spoilage,449.6,Menu Item 147,7,224.8,Restaurant 007,Sandwiches,2025-03
3642,4,24,2025-08-09,2,Expired,996.74,Menu Item 024,4,498.37,Restaurant 004,Rice,2025-08
3643,10,90,2025-06-27,1,Damaged,190.96,Menu Item 090,10,190.96,Restaurant 010,Salads,2025-06
3644,3,83,2025-05-02,1,Damaged,236.35,Menu Item 083,3,236.35,Restaurant 003,Biryani,2025-05
3645,16,76,2025-10-16,5,Unsold,2076.55,Menu Item 076,6,415.31,Restaurant 016,Pasta,2025-10
3646,3,103,2025-06-26,1,Unsold,490.49,Menu Item 103,3,490.49,Restaurant 003,Biryani,2025-06
3647,12,92,2025-07-06,1,Preparation Error,464.37,Menu Item 092,2,464.37,Restaurant 012,Pizza,2025-07
3648,14,114,2025-05-24,3,Overproduction,1634.67,Menu Item 114,4,544.89,Restaurant 014,Rice,2025-05
3649,14,54,2025-04-10,2,Damaged,364.36,Menu Item 054,4,182.18,Restaurant 014,Rice,2025-04
3650,8,148,2025-01-09,1,Preparation Error,337.64,Menu Item 148,8,337.64,Restaurant 008,Desserts,2025-01
3651,10,70,2025-05-02,2,Spoilage,414.5,Menu Item 070,10,207.25,Restaurant 010,Salads,2025-05
3652,11,11,2025-01-21,3,Unsold,1638.72,Menu Item 011,1,546.24,Restaurant 011,Burgers,2025-01
3653,5,145,2025-11-11,10,Preparation Error,4298.8,Menu Item 145,5,429.88,Restaurant 005,BBQ,2025-11
3654,2,102,2025-10-21,2,Expired,1548.34,Menu Item 102,2,774.17,Restaurant 002,Pizza,2025-10
3655,7,107,2025-08-23,1,Spoilage,472.58,Menu Item 107,7,472.58,Restaurant 007,Sandwiches,2025-08
3656,6,86,2025-06-15,2,Expired,956.62,Menu Item 086,6,478.31,Restaurant 006,Pasta,2025-06
3657,18,58,2025-09-02,8,Spoilage,2882.0,Menu Item 058,8,360.25,Restaurant 018,Desserts,2025-09
3658,4,144,2025-11-27,3,Expired,729.75,Menu Item 144,4,243.25,Restaurant 004,Rice,2025-11
3659,5,65,2025-10-03,2,Unsold,1031.48,Menu Item 065,5,515.74,Restaurant 005,BBQ,2025-10
3660,13,13,2025-05-24,5,Overproduction,1946.4,Menu Item 013,3,389.28,Restaurant 013,Biryani,2025-05
3661,5,5,2025-02-24,2,Spoilage,1520.42,Menu Item 005,5,760.21,Restaurant 005,BBQ,2025-02
3662,2,142,2025-07-11,2,Preparation Error,1838.7,Menu Item 142,2,919.35,Restaurant 002,Pizza,2025-07
3663,13,113,2025-09-13,2,Preparation Error,461.62,Menu Item 113,3,230.81,Restaurant 013,Biryani,2025-09
3664,2,82,2025-08-16,2,Expired,1202.9,Menu Item 082,2,601.45,Restaurant 002,Pizza,2025-08
3665,9,109,2025-10-24,3,Unsold,664.29,Menu Item 109,9,221.43,Restaurant 009,Beverages,2025-10
3666,2,62,2025-09-21,3,Overproduction,1529.31,Menu Item 062,2,509.77,Restaurant 002,Pizza,2025-09
3667,10,110,2025-09-21,5,Damaged,1096.35,Menu Item 110,10,219.27,Restaurant 010,Salads,2025-09
3668,12,72,2025-04-23,3,Damaged,827.34,Menu Item 072,2,275.78,Restaurant 012,Pizza,2025-04
3669,11,111,2025-10-18,2,Unsold,652.38,Menu Item 111,1,326.19,Restaurant 011,Burgers,2025-10
3670,11,111,2025-07-06,2,Spoilage,652.38,Menu Item 111,1,326.19,Restaurant 011,Burgers,2025-07
3671,14,94,2025-11-26,1,Overproduction,274.91,Menu Item 094,4,274.91,Restaurant 014,Rice,2025-11
3672,14,134,2025-11-28,1,Preparation Error,288.34,Menu Item 134,4,288.34,Restaurant 014,Rice,2025-11
3673,9,129,2025-05-22,5,Unsold,501.0,Menu Item 129,9,100.2,Restaurant 009,Beverages,2025-05
3674,20,40,2025-06-06,1,Overproduction,276.24,Menu Item 040,10,276.24,Restaurant 020,Salads,2025-06
3675,3,103,2025-05-27,3,Overproduction,1471.47,Menu Item 103,3,490.49,Restaurant 003,Biryani,2025-05
3676,18,138,2025-12-01,2,Overproduction,309.2,Menu Item 138,8,154.6,Restaurant 018,Desserts,2025-12
3677,2,62,2025-11-14,2,Spoilage,1019.54,Menu Item 062,2,509.77,Restaurant 002,Pizza,2025-11
3678,17,57,2025-07-20,2,Overproduction,629.04,Menu Item 057,7,314.52,Restaurant 017,Sandwiches,2025-07
3679,4,24,2025-07-04,8,Overproduction,3986.96,Menu Item 024,4,498.37,Restaurant 004,Rice,2025-07
3680,10,130,2025-06-16,5,Expired,1460.7,Menu Item 130,10,292.14,Restaurant 010,Salads,2025-06
3681,5,105,2025-08-12,2,Overproduction,1193.08,Menu Item 105,5,596.54,Restaurant 005,BBQ,2025-08
3682,16,56,2025-11-18,1,Spoilage,390.6,Menu Item 056,6,390.6,Restaurant 016,Pasta,2025-11
3683,5,105,2025-06-25,3,Spoilage,1789.62,Menu Item 105,5,596.54,Restaurant 005,BBQ,2025-06
3684,18,98,2025-05-08,2,Spoilage,747.3,Menu Item 098,8,373.65,Restaurant 018,Desserts,2025-05
3685,18,18,2025-05-22,1,Damaged,334.39,Menu Item 018,8,334.39,Restaurant 018,Desserts,2025-05
3686,20,40,2025-07-20,2,Damaged,552.48,Menu Item 040,10,276.24,Restaurant 020,Salads,2025-07
3687,10,150,2025-11-08,1,Unsold,377.34,Menu Item 150,10,377.34,Restaurant 010,Salads,2025-11
3688,12,32,2025-07-11,3,Damaged,2214.9,Menu Item 032,2,738.3,Restaurant 012,Pizza,2025-07
3689,13,133,2025-08-08,1,Spoilage,508.83,Menu Item 133,3,508.83,Restaurant 013,Biryani,2025-08
3690,17,37,2025-01-25,1,Expired,689.77,Menu Item 037,7,689.77,Restaurant 017,Sandwiches,2025-01
3691,20,80,2025-07-25,2,Overproduction,222.1,Menu Item 080,10,111.05,Restaurant 020,Salads,2025-07
3692,8,108,2025-04-20,1,Damaged,415.08,Menu Item 108,8,415.08,Restaurant 008,Desserts,2025-04
3693,18,118,2025-09-18,3,Preparation Error,927.0,Menu Item 118,8,309.0,Restaurant 018,Desserts,2025-09
3694,6,146,2025-06-24,5,Unsold,3712.65,Menu Item 146,6,742.53,Restaurant 006,Pasta,2025-06
3695,4,84,2025-11-10,1,Spoilage,350.73,Menu Item 084,4,350.73,Restaurant 004,Rice,2025-11
3696,6,86,2025-03-25,1,Damaged,478.31,Menu Item 086,6,478.31,Restaurant 006,Pasta,2025-03
3697,2,82,2025-12-10,1,Preparation Error,601.45,Menu Item 082,2,601.45,Restaurant 002,Pizza,2025-12
3698,7,127,2025-12-01,1,Unsold,334.08,Menu Item 127,7,334.08,Restaurant 007,Sandwiches,2025-12
3699,17,137,2025-12-02,8,Unsold,2829.92,Menu Item 137,7,353.74,Restaurant 017,Sandwiches,2025-12
3700,7,87,2025-03-10,3,Spoilage,1592.94,Menu Item 087,7,530.98,Restaurant 007,Sandwiches,2025-03
3701,1,81,2025-08-08,1,Damaged,514.47,Menu Item 081,1,514.47,Restaurant 001,Burgers,2025-08
3702,16,56,2025-07-11,1,Spoilage,390.6,Menu Item 056,6,390.6,Restaurant 016,Pasta,2025-07
3703,1,41,2025-09-15,1,Expired,254.51,Menu Item 041,1,254.51,Restaurant 001,Burgers,2025-09
3704,2,42,2025-09-03,5,Damaged,2338.55,Menu Item 042,2,467.71,Restaurant 002,Pizza,2025-09
3705,6,86,2025-02-07,8,Damaged,3826.48,Menu Item 086,6,478.31,Restaurant 006,Pasta,2025-02
3706,17,137,2025-11-20,2,Overproduction,707.48,Menu Item 137,7,353.74,Restaurant 017,Sandwiches,2025-11
3707,9,9,2025-02-10,3,Unsold,421.05,Menu Item 009,9,140.35,Restaurant 009,Beverages,2025-02
3708,1,21,2025-07-01,3,Spoilage,966.84,Menu Item 021,1,322.28,Restaurant 001,Burgers,2025-07
3709,11,51,2025-02-12,3,Spoilage,1088.43,Menu Item 051,1,362.81,Restaurant 011,Burgers,2025-02
3710,6,66,2025-09-06,2,Expired,837.56,Menu Item 066,6,418.78,Restaurant 006,Pasta,2025-09
3711,16,116,2025-12-25,2,Preparation Error,1026.56,Menu Item 116,6,513.28,Restaurant 016,Pasta,2025-12
3712,19,139,2025-03-07,2,Unsold,255.08,Menu Item 139,9,127.54,Restaurant 019,Beverages,2025-03
3713,18,58,2025-05-03,2,Overproduction,720.5,Menu Item 058,8,360.25,Restaurant 018,Desserts,2025-05
3714,15,55,2025-12-26,1,Spoilage,932.62,Menu Item 055,5,932.62,Restaurant 015,BBQ,2025-12
3715,5,105,2025-02-26,2,Expired,1193.08,Menu Item 105,5,596.54,Restaurant 005,BBQ,2025-02
3716,14,74,2025-01-07,2,Unsold,311.8,Menu Item 074,4,155.9,Restaurant 014,Rice,2025-01
3717,9,109,2025-06-26,1,Overproduction,221.43,Menu Item 109,9,221.43,Restaurant 009,Beverages,2025-06
3718,11,71,2025-07-01,2,Preparation Error,929.96,Menu Item 071,1,464.98,Restaurant 011,Burgers,2025-07
3719,8,8,2025-06-23,1,Unsold,307.72,Menu Item 008,8,307.72,Restaurant 008,Desserts,2025-06
3720,8,148,2025-09-15,2,Expired,675.28,Menu Item 148,8,337.64,Restaurant 008,Desserts,2025-09
3721,3,83,2025-09-22,10,Damaged,2363.5,Menu Item 083,3,236.35,Restaurant 003,Biryani,2025-09
3722,13,53,2025-12-24,8,Spoilage,2388.24,Menu Item 053,3,298.53,Restaurant 013,Biryani,2025-12
3723,5,85,2025-05-21,1,Expired,355.11,Menu Item 085,5,355.11,Restaurant 005,BBQ,2025-05
3724,10,130,2025-11-28,2,Spoilage,584.28,Menu Item 130,10,292.14,Restaurant 010,Salads,2025-11
3725,6,26,2025-02-10,2,Overproduction,1213.12,Menu Item 026,6,606.56,Restaurant 006,Pasta,2025-02
3726,18,98,2025-07-26,3,Spoilage,1120.95,Menu Item 098,8,373.65,Restaurant 018,Desserts,2025-07
3727,12,92,2025-09-13,2,Damaged,928.74,Menu Item 092,2,464.37,Restaurant 012,Pizza,2025-09
3728,16,136,2025-10-01,1,Spoilage,432.37,Menu Item 136,6,432.37,Restaurant 016,Pasta,2025-10
3729,10,110,2025-05-28,2,Expired,438.54,Menu Item 110,10,219.27,Restaurant 010,Salads,2025-05
3730,19,19,2025-12-23,2,Unsold,359.98,Menu Item 019,9,179.99,Restaurant 019,Beverages,2025-12
3731,5,25,2025-01-07,3,Damaged,3083.13,Menu Item 025,5,1027.71,Restaurant 005,BBQ,2025-01
3732,16,36,2025-04-16,1,Damaged,450.9,Menu Item 036,6,450.9,Restaurant 016,Pasta,2025-04
3733,8,48,2025-05-07,1,Preparation Error,194.92,Menu Item 048,8,194.92,Restaurant 008,Desserts,2025-05
3734,12,132,2025-05-10,2,Spoilage,1284.12,Menu Item 132,2,642.06,Restaurant 012,Pizza,2025-05
3735,1,41,2025-08-11,1,Expired,254.51,Menu Item 041,1,254.51,Restaurant 001,Burgers,2025-08
3736,3,103,2025-11-02,3,Expired,1471.47,Menu Item 103,3,490.49,Restaurant 003,Biryani,2025-11
3737,10,130,2025-02-25,1,Expired,292.14,Menu Item 130,10,292.14,Restaurant 010,Salads,2025-02
3738,1,41,2025-02-23,5,Damaged,1272.55,Menu Item 041,1,254.51,Restaurant 001,Burgers,2025-02
3739,1,101,2025-06-06,2,Spoilage,637.02,Menu Item 101,1,318.51,Restaurant 001,Burgers,2025-06
3740,3,103,2025-06-06,5,Damaged,2452.45,Menu Item 103,3,490.49,Restaurant 003,Biryani,2025-06
3741,8,68,2025-03-11,5,Damaged,570.3,Menu Item 068,8,114.06,Restaurant 008,Desserts,2025-03
3742,4,64,2025-08-23,1,Unsold,256.46,Menu Item 064,4,256.46,Restaurant 004,Rice,2025-08
3743,9,69,2025-03-09,1,Damaged,94.8,Menu Item 069,9,94.8,Restaurant 009,Beverages,2025-03
3744,4,84,2025-09-24,5,Preparation Error,1753.65,Menu Item 084,4,350.73,Restaurant 004,Rice,2025-09
3745,2,2,2025-02-08,3,Spoilage,2466.9,Menu Item 002,2,822.3,Restaurant 002,Pizza,2025-02
3746,4,24,2025-11-10,3,Spoilage,1495.11,Menu Item 024,4,498.37,Restaurant 004,Rice,2025-11
3747,12,112,2025-11-22,2,Spoilage,1722.56,Menu Item 112,2,861.28,Restaurant 012,Pizza,2025-11
3748,16,116,2025-05-25,3,Preparation Error,1539.84,Menu Item 116,6,513.28,Restaurant 016,Pasta,2025-05
3749,6,6,2025-12-02,2,Spoilage,604.3,Menu Item 006,6,302.15,Restaurant 006,Pasta,2025-12
3750,4,24,2025-02-19,1,Preparation Error,498.37,Menu Item 024,4,498.37,Restaurant 004,Rice,2025-02
3751,15,35,2025-02-18,3,Unsold,1311.18,Menu Item 035,5,437.06,Restaurant 015,BBQ,2025-02
3752,2,122,2025-10-22,1,Expired,828.35,Menu Item 122,2,828.35,Restaurant 002,Pizza,2025-10
3753,16,76,2025-03-15,2,Unsold,830.62,Menu Item 076,6,415.31,Restaurant 016,Pasta,2025-03
3754,11,11,2025-08-12,2,Overproduction,1092.48,Menu Item 011,1,546.24,Restaurant 011,Burgers,2025-08
3755,15,75,2025-02-18,1,Unsold,422.0,Menu Item 075,5,422.0,Restaurant 015,BBQ,2025-02
3756,10,130,2025-06-01,1,Expired,292.14,Menu Item 130,10,292.14,Restaurant 010,Salads,2025-06
3757,2,2,2025-05-14,2,Expired,1644.6,Menu Item 002,2,822.3,Restaurant 002,Pizza,2025-05
3758,20,40,2025-03-19,1,Overproduction,276.24,Menu Item 040,10,276.24,Restaurant 020,Salads,2025-03
3759,13,133,2025-09-08,2,Expired,1017.66,Menu Item 133,3,508.83,Restaurant 013,Biryani,2025-09
3760,19,79,2025-07-13,1,Overproduction,130.5,Menu Item 079,9,130.5,Restaurant 019,Beverages,2025-07
3761,13,133,2025-03-07,3,Damaged,1526.49,Menu Item 133,3,508.83,Restaurant 013,Biryani,2025-03
3762,3,83,2025-11-04,2,Damaged,472.7,Menu Item 083,3,236.35,Restaurant 003,Biryani,2025-11
3763,4,144,2025-06-26,8,Damaged,1946.0,Menu Item 144,4,243.25,Restaurant 004,Rice,2025-06
3764,17,37,2025-05-01,1,Expired,689.77,Menu Item 037,7,689.77,Restaurant 017,Sandwiches,2025-05
3765,4,24,2025-03-17,1,Expired,498.37,Menu Item 024,4,498.37,Restaurant 004,Rice,2025-03
3766,16,96,2025-11-10,2,Damaged,810.44,Menu Item 096,6,405.22,Restaurant 016,Pasta,2025-11
3767,7,7,2025-03-20,5,Preparation Error,2387.85,Menu Item 007,7,477.57,Restaurant 007,Sandwiches,2025-03
3768,18,18,2025-06-05,8,Overproduction,2675.12,Menu Item 018,8,334.39,Restaurant 018,Desserts,2025-06
3769,17,97,2025-02-26,2,Damaged,908.08,Menu Item 097,7,454.04,Restaurant 017,Sandwiches,2025-02
3770,15,35,2025-09-11,1,Unsold,437.06,Menu Item 035,5,437.06,Restaurant 015,BBQ,2025-09
3771,13,53,2025-11-01,2,Preparation Error,597.06,Menu Item 053,3,298.53,Restaurant 013,Biryani,2025-11
3772,19,39,2025-12-23,5,Damaged,443.7,Menu Item 039,9,88.74,Restaurant 019,Beverages,2025-12
3773,19,99,2025-02-18,1,Spoilage,111.74,Menu Item 099,9,111.74,Restaurant 019,Beverages,2025-02
3774,14,54,2025-07-27,3,Overproduction,546.54,Menu Item 054,4,182.18,Restaurant 014,Rice,2025-07
3775,1,61,2025-04-18,5,Expired,2478.55,Menu Item 061,1,495.71,Restaurant 001,Burgers,2025-04
3776,10,30,2025-02-16,1,Expired,167.27,Menu Item 030,10,167.27,Restaurant 010,Salads,2025-02
3777,9,109,2025-05-07,2,Unsold,442.86,Menu Item 109,9,221.43,Restaurant 009,Beverages,2025-05
3778,1,141,2025-02-03,3,Damaged,756.33,Menu Item 141,1,252.11,Restaurant 001,Burgers,2025-02
3779,7,87,2025-07-22,1,Unsold,530.98,Menu Item 087,7,530.98,Restaurant 007,Sandwiches,2025-07
3780,4,64,2025-06-08,5,Damaged,1282.3,Menu Item 064,4,256.46,Restaurant 004,Rice,2025-06
3781,15,55,2025-12-28,3,Unsold,2797.86,Menu Item 055,5,932.62,Restaurant 015,BBQ,2025-12
3782,5,25,2025-04-20,1,Expired,1027.71,Menu Item 025,5,1027.71,Restaurant 005,BBQ,2025-04
3783,13,113,2025-01-16,1,Damaged,230.81,Menu Item 113,3,230.81,Restaurant 013,Biryani,2025-01
3784,16,96,2025-09-28,2,Unsold,810.44,Menu Item 096,6,405.22,Restaurant 016,Pasta,2025-09
3785,4,104,2025-08-10,2,Overproduction,335.92,Menu Item 104,4,167.96,Restaurant 004,Rice,2025-08
3786,10,70,2025-07-22,2,Damaged,414.5,Menu Item 070,10,207.25,Restaurant 010,Salads,2025-07
3787,5,125,2025-05-10,1,Preparation Error,1138.34,Menu Item 125,5,1138.34,Restaurant 005,BBQ,2025-05
3788,8,128,2025-03-13,2,Expired,694.58,Menu Item 128,8,347.29,Restaurant 008,Desserts,2025-03
3789,15,95,2025-06-23,3,Damaged,2045.64,Menu Item 095,5,681.88,Restaurant 015,BBQ,2025-06
3790,19,59,2025-07-26,1,Preparation Error,189.87,Menu Item 059,9,189.87,Restaurant 019,Beverages,2025-07
3791,12,92,2025-10-09,2,Damaged,928.74,Menu Item 092,2,464.37,Restaurant 012,Pizza,2025-10
3792,19,19,2025-02-25,5,Unsold,899.95,Menu Item 019,9,179.99,Restaurant 019,Beverages,2025-02
3793,3,23,2025-11-05,1,Unsold,270.23,Menu Item 023,3,270.23,Restaurant 003,Biryani,2025-11
3794,4,124,2025-11-20,1,Damaged,149.57,Menu Item 124,4,149.57,Restaurant 004,Rice,2025-11
3795,2,82,2025-06-21,2,Overproduction,1202.9,Menu Item 082,2,601.45,Restaurant 002,Pizza,2025-06
3796,11,11,2025-09-23,1,Spoilage,546.24,Menu Item 011,1,546.24,Restaurant 011,Burgers,2025-09
3797,9,49,2025-04-24,2,Expired,508.56,Menu Item 049,9,254.28,Restaurant 009,Beverages,2025-04
3798,10,10,2025-10-20,1,Preparation Error,143.3,Menu Item 010,10,143.3,Restaurant 010,Salads,2025-10
3799,4,64,2025-11-16,1,Damaged,256.46,Menu Item 064,4,256.46,Restaurant 004,Rice,2025-11
3800,15,95,2025-10-02,1,Expired,681.88,Menu Item 095,5,681.88,Restaurant 015,BBQ,2025-10
3801,6,126,2025-04-11,1,Expired,670.63,Menu Item 126,6,670.63,Restaurant 006,Pasta,2025-04
3802,19,19,2025-12-22,3,Preparation Error,539.97,Menu Item 019,9,179.99,Restaurant 019,Beverages,2025-12
3803,15,95,2025-11-19,1,Unsold,681.88,Menu Item 095,5,681.88,Restaurant 015,BBQ,2025-11
3804,12,132,2025-05-14,3,Damaged,1926.18,Menu Item 132,2,642.06,Restaurant 012,Pizza,2025-05
3805,1,1,2025-02-12,1,Damaged,428.12,Menu Item 001,1,428.12,Restaurant 001,Burgers,2025-02
3806,5,105,2025-09-18,5,Unsold,2982.7,Menu Item 105,5,596.54,Restaurant 005,BBQ,2025-09
3807,5,105,2025-04-27,1,Unsold,596.54,Menu Item 105,5,596.54,Restaurant 005,BBQ,2025-04
3808,6,46,2025-01-19,5,Expired,3169.55,Menu Item 046,6,633.91,Restaurant 006,Pasta,2025-01
3809,15,75,2025-10-25,1,Damaged,422.0,Menu Item 075,5,422.0,Restaurant 015,BBQ,2025-10
3810,6,146,2025-03-25,2,Preparation Error,1485.06,Menu Item 146,6,742.53,Restaurant 006,Pasta,2025-03
3811,20,100,2025-11-01,1,Spoilage,486.7,Menu Item 100,10,486.7,Restaurant 020,Salads,2025-11
3812,18,78,2025-10-04,2,Spoilage,512.22,Menu Item 078,8,256.11,Restaurant 018,Desserts,2025-10
3813,11,71,2025-05-15,2,Preparation Error,929.96,Menu Item 071,1,464.98,Restaurant 011,Burgers,2025-05
3814,15,35,2025-01-02,1,Overproduction,437.06,Menu Item 035,5,437.06,Restaurant 015,BBQ,2025-01
3815,15,95,2025-10-02,3,Unsold,2045.64,Menu Item 095,5,681.88,Restaurant 015,BBQ,2025-10
3816,15,115,2025-03-24,1,Overproduction,803.9,Menu Item 115,5,803.9,Restaurant 015,BBQ,2025-03
3817,6,106,2025-10-20,2,Overproduction,554.26,Menu Item 106,6,277.13,Restaurant 006,Pasta,2025-10
3818,1,21,2025-09-28,3,Overproduction,966.84,Menu Item 021,1,322.28,Restaurant 001,Burgers,2025-09
3819,11,91,2025-01-10,1,Spoilage,370.79,Menu Item 091,1,370.79,Restaurant 011,Burgers,2025-01
3820,17,37,2025-12-28,1,Spoilage,689.77,Menu Item 037,7,689.77,Restaurant 017,Sandwiches,2025-12
3821,8,8,2025-12-04,3,Expired,923.16,Menu Item 008,8,307.72,Restaurant 008,Desserts,2025-12
3822,7,7,2025-01-08,8,Damaged,3820.56,Menu Item 007,7,477.57,Restaurant 007,Sandwiches,2025-01
3823,8,8,2025-12-17,3,Damaged,923.16,Menu Item 008,8,307.72,Restaurant 008,Desserts,2025-12
3824,14,34,2025-08-07,1,Damaged,464.32,Menu Item 034,4,464.32,Restaurant 014,Rice,2025-08
3825,11,111,2025-08-22,2,Overproduction,652.38,Menu Item 111,1,326.19,Restaurant 011,Burgers,2025-08
3826,7,127,2025-11-09,1,Preparation Error,334.08,Menu Item 127,7,334.08,Restaurant 007,Sandwiches,2025-11
3827,20,100,2025-05-18,3,Preparation Error,1460.1,Menu Item 100,10,486.7,Restaurant 020,Salads,2025-05
3828,16,56,2025-11-07,3,Spoilage,1171.8,Menu Item 056,6,390.6,Restaurant 016,Pasta,2025-11
3829,19,19,2025-08-05,1,Preparation Error,179.99,Menu Item 019,9,179.99,Restaurant 019,Beverages,2025-08
3830,18,118,2025-08-03,1,Damaged,309.0,Menu Item 118,8,309.0,Restaurant 018,Desserts,2025-08
3831,18,118,2025-06-03,2,Spoilage,618.0,Menu Item 118,8,309.0,Restaurant 018,Desserts,2025-06
3832,7,7,2025-10-13,1,Preparation Error,477.57,Menu Item 007,7,477.57,Restaurant 007,Sandwiches,2025-10
3833,5,65,2025-12-04,1,Overproduction,515.74,Menu Item 065,5,515.74,Restaurant 005,BBQ,2025-12
3834,14,114,2025-01-20,2,Preparation Error,1089.78,Menu Item 114,4,544.89,Restaurant 014,Rice,2025-01
3835,13,73,2025-02-28,2,Overproduction,463.5,Menu Item 073,3,231.75,Restaurant 013,Biryani,2025-02
3836,10,10,2025-05-17,1,Unsold,143.3,Menu Item 010,10,143.3,Restaurant 010,Salads,2025-05
3837,7,87,2025-10-27,1,Expired,530.98,Menu Item 087,7,530.98,Restaurant 007,Sandwiches,2025-10
3838,19,39,2025-01-17,3,Preparation Error,266.22,Menu Item 039,9,88.74,Restaurant 019,Beverages,2025-01
3839,16,96,2025-04-25,1,Unsold,405.22,Menu Item 096,6,405.22,Restaurant 016,Pasta,2025-04
3840,14,74,2025-11-11,2,Damaged,311.8,Menu Item 074,4,155.9,Restaurant 014,Rice,2025-11
3841,19,59,2025-07-16,3,Overproduction,569.61,Menu Item 059,9,189.87,Restaurant 019,Beverages,2025-07
3842,6,86,2025-02-04,8,Spoilage,3826.48,Menu Item 086,6,478.31,Restaurant 006,Pasta,2025-02
3843,18,98,2025-04-27,2,Overproduction,747.3,Menu Item 098,8,373.65,Restaurant 018,Desserts,2025-04
3844,11,111,2025-06-23,5,Preparation Error,1630.95,Menu Item 111,1,326.19,Restaurant 011,Burgers,2025-06
3845,4,24,2025-04-22,3,Damaged,1495.11,Menu Item 024,4,498.37,Restaurant 004,Rice,2025-04
3846,15,15,2025-02-21,2,Overproduction,993.94,Menu Item 015,5,496.97,Restaurant 015,BBQ,2025-02
3847,11,131,2025-09-26,1,Unsold,372.73,Menu Item 131,1,372.73,Restaurant 011,Burgers,2025-09
3848,11,51,2025-11-28,1,Preparation Error,362.81,Menu Item 051,1,362.81,Restaurant 011,Burgers,2025-11
3849,20,40,2025-11-27,2,Preparation Error,552.48,Menu Item 040,10,276.24,Restaurant 020,Salads,2025-11
3850,15,75,2025-04-04,1,Spoilage,422.0,Menu Item 075,5,422.0,Restaurant 015,BBQ,2025-04
3851,16,16,2025-01-19,2,Preparation Error,676.68,Menu Item 016,6,338.34,Restaurant 016,Pasta,2025-01
3852,8,28,2025-07-06,5,Damaged,1890.8,Menu Item 028,8,378.16,Restaurant 008,Desserts,2025-07
3853,16,76,2025-02-26,1,Unsold,415.31,Menu Item 076,6,415.31,Restaurant 016,Pasta,2025-02
3854,5,105,2025-06-18,2,Preparation Error,1193.08,Menu Item 105,5,596.54,Restaurant 005,BBQ,2025-06
3855,2,62,2025-06-16,1,Expired,509.77,Menu Item 062,2,509.77,Restaurant 002,Pizza,2025-06
3856,10,10,2025-10-19,2,Overproduction,286.6,Menu Item 010,10,143.3,Restaurant 010,Salads,2025-10
3857,1,121,2025-11-22,3,Damaged,1125.9,Menu Item 121,1,375.3,Restaurant 001,Burgers,2025-11
3858,7,87,2025-02-05,5,Spoilage,2654.9,Menu Item 087,7,530.98,Restaurant 007,Sandwiches,2025-02
3859,4,124,2025-07-09,5,Overproduction,747.85,Menu Item 124,4,149.57,Restaurant 004,Rice,2025-07
3860,10,110,2025-11-09,1,Spoilage,219.27,Menu Item 110,10,219.27,Restaurant 010,Salads,2025-11
3861,9,49,2025-01-21,3,Preparation Error,762.84,Menu Item 049,9,254.28,Restaurant 009,Beverages,2025-01
3862,9,129,2025-09-15,1,Expired,100.2,Menu Item 129,9,100.2,Restaurant 009,Beverages,2025-09
3863,20,80,2025-04-16,3,Expired,333.15,Menu Item 080,10,111.05,Restaurant 020,Salads,2025-04
3864,19,99,2025-08-14,1,Spoilage,111.74,Menu Item 099,9,111.74,Restaurant 019,Beverages,2025-08
3865,14,14,2025-10-09,1,Overproduction,231.23,Menu Item 014,4,231.23,Restaurant 014,Rice,2025-10
3866,18,78,2025-08-19,1,Damaged,256.11,Menu Item 078,8,256.11,Restaurant 018,Desserts,2025-08
3867,3,63,2025-02-07,2,Expired,627.88,Menu Item 063,3,313.94,Restaurant 003,Biryani,2025-02
3868,4,144,2025-11-17,2,Overproduction,486.5,Menu Item 144,4,243.25,Restaurant 004,Rice,2025-11
3869,12,12,2025-05-28,1,Expired,783.1,Menu Item 012,2,783.1,Restaurant 012,Pizza,2025-05
3870,15,35,2025-04-16,1,Spoilage,437.06,Menu Item 035,5,437.06,Restaurant 015,BBQ,2025-04
3871,3,123,2025-03-18,1,Preparation Error,365.54,Menu Item 123,3,365.54,Restaurant 003,Biryani,2025-03
3872,13,13,2025-11-27,1,Preparation Error,389.28,Menu Item 013,3,389.28,Restaurant 013,Biryani,2025-11
3873,13,73,2025-04-02,3,Preparation Error,695.25,Menu Item 073,3,231.75,Restaurant 013,Biryani,2025-04
3874,11,11,2025-10-02,1,Expired,546.24,Menu Item 011,1,546.24,Restaurant 011,Burgers,2025-10
3875,7,47,2025-05-02,2,Unsold,1063.12,Menu Item 047,7,531.56,Restaurant 007,Sandwiches,2025-05
3876,7,67,2025-09-06,1,Unsold,635.56,Menu Item 067,7,635.56,Restaurant 007,Sandwiches,2025-09
3877,18,78,2025-01-11,2,Expired,512.22,Menu Item 078,8,256.11,Restaurant 018,Desserts,2025-01
3878,8,28,2025-04-24,1,Preparation Error,378.16,Menu Item 028,8,378.16,Restaurant 008,Desserts,2025-04
3879,2,142,2025-03-25,1,Preparation Error,919.35,Menu Item 142,2,919.35,Restaurant 002,Pizza,2025-03
3880,3,43,2025-04-06,1,Unsold,379.7,Menu Item 043,3,379.7,Restaurant 003,Biryani,2025-04
3881,11,131,2025-08-11,2,Overproduction,745.46,Menu Item 131,1,372.73,Restaurant 011,Burgers,2025-08
3882,1,141,2025-10-25,1,Preparation Error,252.11,Menu Item 141,1,252.11,Restaurant 001,Burgers,2025-10
3883,10,130,2025-02-04,2,Preparation Error,584.28,Menu Item 130,10,292.14,Restaurant 010,Salads,2025-02
3884,18,138,2025-06-01,2,Overproduction,309.2,Menu Item 138,8,154.6,Restaurant 018,Desserts,2025-06
3885,14,134,2025-12-13,3,Overproduction,865.02,Menu Item 134,4,288.34,Restaurant 014,Rice,2025-12
3886,10,130,2025-01-12,5,Preparation Error,1460.7,Menu Item 130,10,292.14,Restaurant 010,Salads,2025-01
3887,12,112,2025-08-09,1,Spoilage,861.28,Menu Item 112,2,861.28,Restaurant 012,Pizza,2025-08
3888,9,129,2025-05-24,2,Damaged,200.4,Menu Item 129,9,100.2,Restaurant 009,Beverages,2025-05
3889,13,113,2025-01-18,3,Expired,692.43,Menu Item 113,3,230.81,Restaurant 013,Biryani,2025-01
3890,13,73,2025-06-03,1,Spoilage,231.75,Menu Item 073,3,231.75,Restaurant 013,Biryani,2025-06
3891,14,94,2025-08-03,8,Damaged,2199.28,Menu Item 094,4,274.91,Restaurant 014,Rice,2025-08
3892,6,106,2025-08-11,1,Expired,277.13,Menu Item 106,6,277.13,Restaurant 006,Pasta,2025-08
3893,10,110,2025-01-07,1,Overproduction,219.27,Menu Item 110,10,219.27,Restaurant 010,Salads,2025-01
3894,1,21,2025-06-17,1,Expired,322.28,Menu Item 021,1,322.28,Restaurant 001,Burgers,2025-06
3895,7,27,2025-12-28,1,Overproduction,337.71,Menu Item 027,7,337.71,Restaurant 007,Sandwiches,2025-12
3896,13,133,2025-04-09,3,Damaged,1526.49,Menu Item 133,3,508.83,Restaurant 013,Biryani,2025-04
3897,13,33,2025-03-01,2,Preparation Error,703.0,Menu Item 033,3,351.5,Restaurant 013,Biryani,2025-03
3898,13,53,2025-07-18,2,Damaged,597.06,Menu Item 053,3,298.53,Restaurant 013,Biryani,2025-07
3899,5,145,2025-02-07,3,Spoilage,1289.64,Menu Item 145,5,429.88,Restaurant 005,BBQ,2025-02
3900,1,21,2025-10-26,3,Overproduction,966.84,Menu Item 021,1,322.28,Restaurant 001,Burgers,2025-10
3901,15,115,2025-04-13,1,Preparation Error,803.9,Menu Item 115,5,803.9,Restaurant 015,BBQ,2025-04
3902,15,95,2025-03-20,1,Expired,681.88,Menu Item 095,5,681.88,Restaurant 015,BBQ,2025-03
3903,14,94,2025-01-24,1,Overproduction,274.91,Menu Item 094,4,274.91,Restaurant 014,Rice,2025-01
3904,20,40,2025-05-23,1,Expired,276.24,Menu Item 040,10,276.24,Restaurant 020,Salads,2025-05
3905,4,24,2025-10-16,2,Expired,996.74,Menu Item 024,4,498.37,Restaurant 004,Rice,2025-10
3906,18,98,2025-07-18,1,Expired,373.65,Menu Item 098,8,373.65,Restaurant 018,Desserts,2025-07
3907,9,49,2025-08-11,3,Spoilage,762.84,Menu Item 049,9,254.28,Restaurant 009,Beverages,2025-08
3908,3,103,2025-06-13,2,Expired,980.98,Menu Item 103,3,490.49,Restaurant 003,Biryani,2025-06
3909,6,86,2025-03-22,3,Unsold,1434.93,Menu Item 086,6,478.31,Restaurant 006,Pasta,2025-03
3910,1,1,2025-04-27,2,Spoilage,856.24,Menu Item 001,1,428.12,Restaurant 001,Burgers,2025-04
3911,11,11,2025-02-10,3,Overproduction,1638.72,Menu Item 011,1,546.24,Restaurant 011,Burgers,2025-02
3912,8,28,2025-11-17,5,Spoilage,1890.8,Menu Item 028,8,378.16,Restaurant 008,Desserts,2025-11
3913,6,146,2025-09-11,2,Damaged,1485.06,Menu Item 146,6,742.53,Restaurant 006,Pasta,2025-09
3914,6,126,2025-05-21,2,Spoilage,1341.26,Menu Item 126,6,670.63,Restaurant 006,Pasta,2025-05
3915,18,38,2025-02-09,3,Expired,1128.96,Menu Item 038,8,376.32,Restaurant 018,Desserts,2025-02
3916,1,121,2025-01-17,2,Unsold,750.6,Menu Item 121,1,375.3,Restaurant 001,Burgers,2025-01
3917,16,116,2025-05-20,1,Spoilage,513.28,Menu Item 116,6,513.28,Restaurant 016,Pasta,2025-05
3918,13,93,2025-12-08,2,Expired,1107.22,Menu Item 093,3,553.61,Restaurant 013,Biryani,2025-12
3919,18,18,2025-04-21,8,Expired,2675.12,Menu Item 018,8,334.39,Restaurant 018,Desserts,2025-04
3920,7,67,2025-06-12,5,Overproduction,3177.8,Menu Item 067,7,635.56,Restaurant 007,Sandwiches,2025-06
3921,13,53,2025-12-19,8,Spoilage,2388.24,Menu Item 053,3,298.53,Restaurant 013,Biryani,2025-12
3922,1,121,2025-06-13,5,Spoilage,1876.5,Menu Item 121,1,375.3,Restaurant 001,Burgers,2025-06
3923,5,105,2025-02-27,2,Overproduction,1193.08,Menu Item 105,5,596.54,Restaurant 005,BBQ,2025-02
3924,5,5,2025-07-03,2,Preparation Error,1520.42,Menu Item 005,5,760.21,Restaurant 005,BBQ,2025-07
3925,4,24,2025-02-27,1,Overproduction,498.37,Menu Item 024,4,498.37,Restaurant 004,Rice,2025-02
3926,10,130,2025-11-22,1,Damaged,292.14,Menu Item 130,10,292.14,Restaurant 010,Salads,2025-11
3927,15,115,2025-04-06,2,Expired,1607.8,Menu Item 115,5,803.9,Restaurant 015,BBQ,2025-04
3928,18,138,2025-01-21,3,Spoilage,463.8,Menu Item 138,8,154.6,Restaurant 018,Desserts,2025-01
3929,14,34,2025-03-01,2,Damaged,928.64,Menu Item 034,4,464.32,Restaurant 014,Rice,2025-03
3930,19,119,2025-12-01,1,Damaged,104.64,Menu Item 119,9,104.64,Restaurant 019,Beverages,2025-12
3931,12,32,2025-05-06,10,Damaged,7383.0,Menu Item 032,2,738.3,Restaurant 012,Pizza,2025-05
3932,11,71,2025-03-05,2,Unsold,929.96,Menu Item 071,1,464.98,Restaurant 011,Burgers,2025-03
3933,3,143,2025-09-26,1,Damaged,355.0,Menu Item 143,3,355.0,Restaurant 003,Biryani,2025-09
3934,5,105,2025-01-20,1,Unsold,596.54,Menu Item 105,5,596.54,Restaurant 005,BBQ,2025-01
3935,14,94,2025-01-13,2,Expired,549.82,Menu Item 094,4,274.91,Restaurant 014,Rice,2025-01
3936,7,127,2025-02-19,2,Preparation Error,668.16,Menu Item 127,7,334.08,Restaurant 007,Sandwiches,2025-02
3937,16,116,2025-12-20,1,Expired,513.28,Menu Item 116,6,513.28,Restaurant 016,Pasta,2025-12
3938,5,25,2025-11-08,2,Unsold,2055.42,Menu Item 025,5,1027.71,Restaurant 005,BBQ,2025-11
3939,14,14,2025-08-13,2,Damaged,462.46,Menu Item 014,4,231.23,Restaurant 014,Rice,2025-08
3940,9,9,2025-02-16,3,Expired,421.05,Menu Item 009,9,140.35,Restaurant 009,Beverages,2025-02
3941,20,20,2025-06-03,2,Damaged,577.02,Menu Item 020,10,288.51,Restaurant 020,Salads,2025-06
3942,15,15,2025-12-10,8,Damaged,3975.76,Menu Item 015,5,496.97,Restaurant 015,BBQ,2025-12
3943,14,134,2025-08-23,5,Damaged,1441.7,Menu Item 134,4,288.34,Restaurant 014,Rice,2025-08
3944,20,80,2025-08-25,2,Spoilage,222.1,Menu Item 080,10,111.05,Restaurant 020,Salads,2025-08
3945,3,63,2025-08-27,1,Preparation Error,313.94,Menu Item 063,3,313.94,Restaurant 003,Biryani,2025-08
3946,4,144,2025-05-21,1,Spoilage,243.25,Menu Item 144,4,243.25,Restaurant 004,Rice,2025-05
3947,18,38,2025-05-12,3,Preparation Error,1128.96,Menu Item 038,8,376.32,Restaurant 018,Desserts,2025-05
3948,17,57,2025-09-25,1,Spoilage,314.52,Menu Item 057,7,314.52,Restaurant 017,Sandwiches,2025-09
3949,14,34,2025-12-13,8,Damaged,3714.56,Menu Item 034,4,464.32,Restaurant 014,Rice,2025-12
3950,10,150,2025-06-15,8,Spoilage,3018.72,Menu Item 150,10,377.34,Restaurant 010,Salads,2025-06
3951,9,49,2025-12-05,1,Unsold,254.28,Menu Item 049,9,254.28,Restaurant 009,Beverages,2025-12
3952,4,144,2025-06-14,2,Preparation Error,486.5,Menu Item 144,4,243.25,Restaurant 004,Rice,2025-06
3953,1,141,2025-03-24,1,Unsold,252.11,Menu Item 141,1,252.11,Restaurant 001,Burgers,2025-03
3954,18,78,2025-03-12,1,Unsold,256.11,Menu Item 078,8,256.11,Restaurant 018,Desserts,2025-03
3955,2,2,2025-12-06,1,Preparation Error,822.3,Menu Item 002,2,822.3,Restaurant 002,Pizza,2025-12
3956,19,19,2025-06-03,2,Overproduction,359.98,Menu Item 019,9,179.99,Restaurant 019,Beverages,2025-06
3957,12,52,2025-09-22,2,Overproduction,927.2,Menu Item 052,2,463.6,Restaurant 012,Pizza,2025-09
3958,19,139,2025-06-04,5,Damaged,637.7,Menu Item 139,9,127.54,Restaurant 019,Beverages,2025-06
3959,8,48,2025-02-20,2,Spoilage,389.84,Menu Item 048,8,194.92,Restaurant 008,Desserts,2025-02
3960,19,119,2025-02-11,3,Spoilage,313.92,Menu Item 119,9,104.64,Restaurant 019,Beverages,2025-02
3961,5,85,2025-10-27,2,Overproduction,710.22,Menu Item 085,5,355.11,Restaurant 005,BBQ,2025-10
3962,13,33,2025-06-01,1,Preparation Error,351.5,Menu Item 033,3,351.5,Restaurant 013,Biryani,2025-06
3963,20,60,2025-09-05,2,Overproduction,662.32,Menu Item 060,10,331.16,Restaurant 020,Salads,2025-09
3964,2,22,2025-05-10,2,Preparation Error,646.94,Menu Item 022,2,323.47,Restaurant 002,Pizza,2025-05
3965,4,24,2025-03-19,1,Overproduction,498.37,Menu Item 024,4,498.37,Restaurant 004,Rice,2025-03
3966,4,104,2025-08-07,2,Spoilage,335.92,Menu Item 104,4,167.96,Restaurant 004,Rice,2025-08
3967,7,107,2025-06-26,2,Preparation Error,945.16,Menu Item 107,7,472.58,Restaurant 007,Sandwiches,2025-06
3968,15,15,2025-10-02,3,Damaged,1490.91,Menu Item 015,5,496.97,Restaurant 015,BBQ,2025-10
3969,14,54,2025-07-25,3,Expired,546.54,Menu Item 054,4,182.18,Restaurant 014,Rice,2025-07
3970,4,84,2025-04-02,1,Expired,350.73,Menu Item 084,4,350.73,Restaurant 004,Rice,2025-04
3971,9,129,2025-01-06,8,Preparation Error,801.6,Menu Item 129,9,100.2,Restaurant 009,Beverages,2025-01
3972,11,71,2025-04-01,3,Overproduction,1394.94,Menu Item 071,1,464.98,Restaurant 011,Burgers,2025-04
3973,7,87,2025-12-10,2,Preparation Error,1061.96,Menu Item 087,7,530.98,Restaurant 007,Sandwiches,2025-12
3974,13,93,2025-08-26,1,Damaged,553.61,Menu Item 093,3,553.61,Restaurant 013,Biryani,2025-08
3975,18,118,2025-05-21,5,Spoilage,1545.0,Menu Item 118,8,309.0,Restaurant 018,Desserts,2025-05
3976,15,15,2025-05-10,1,Damaged,496.97,Menu Item 015,5,496.97,Restaurant 015,BBQ,2025-05
3977,17,37,2025-11-25,1,Overproduction,689.77,Menu Item 037,7,689.77,Restaurant 017,Sandwiches,2025-11
3978,15,115,2025-07-22,2,Overproduction,1607.8,Menu Item 115,5,803.9,Restaurant 015,BBQ,2025-07
3979,9,49,2025-10-13,3,Damaged,762.84,Menu Item 049,9,254.28,Restaurant 009,Beverages,2025-10
3980,2,42,2025-05-03,3,Damaged,1403.13,Menu Item 042,2,467.71,Restaurant 002,Pizza,2025-05
3981,12,32,2025-10-06,1,Damaged,738.3,Menu Item 032,2,738.3,Restaurant 012,Pizza,2025-10
3982,16,136,2025-01-09,5,Spoilage,2161.85,Menu Item 136,6,432.37,Restaurant 016,Pasta,2025-01
3983,6,106,2025-05-26,2,Spoilage,554.26,Menu Item 106,6,277.13,Restaurant 006,Pasta,2025-05
3984,16,116,2025-04-28,1,Overproduction,513.28,Menu Item 116,6,513.28,Restaurant 016,Pasta,2025-04
3985,10,90,2025-06-16,1,Overproduction,190.96,Menu Item 090,10,190.96,Restaurant 010,Salads,2025-06
3986,4,124,2025-06-23,1,Overproduction,149.57,Menu Item 124,4,149.57,Restaurant 004,Rice,2025-06
3987,18,138,2025-09-10,1,Overproduction,154.6,Menu Item 138,8,154.6,Restaurant 018,Desserts,2025-09
3988,7,7,2025-05-10,2,Spoilage,955.14,Menu Item 007,7,477.57,Restaurant 007,Sandwiches,2025-05
3989,5,65,2025-04-22,3,Preparation Error,1547.22,Menu Item 065,5,515.74,Restaurant 005,BBQ,2025-04
3990,18,38,2025-07-20,1,Damaged,376.32,Menu Item 038,8,376.32,Restaurant 018,Desserts,2025-07
3991,14,14,2025-08-28,2,Expired,462.46,Menu Item 014,4,231.23,Restaurant 014,Rice,2025-08
3992,19,139,2025-04-15,2,Damaged,255.08,Menu Item 139,9,127.54,Restaurant 019,Beverages,2025-04
3993,9,9,2025-10-28,3,Expired,421.05,Menu Item 009,9,140.35,Restaurant 009,Beverages,2025-10
3994,7,67,2025-10-06,1,Spoilage,635.56,Menu Item 067,7,635.56,Restaurant 007,Sandwiches,2025-10
3995,10,130,2025-06-14,5,Spoilage,1460.7,Menu Item 130,10,292.14,Restaurant 010,Salads,2025-06
3996,17,37,2025-01-12,3,Damaged,2069.31,Menu Item 037,7,689.77,Restaurant 017,Sandwiches,2025-01
3997,2,42,2025-09-10,5,Expired,2338.55,Menu Item 042,2,467.71,Restaurant 002,Pizza,2025-09
3998,15,15,2025-04-25,1,Expired,496.97,Menu Item 015,5,496.97,Restaurant 015,BBQ,2025-04
3999,18,78,2025-07-11,1,Overproduction,256.11,Menu Item 078,8,256.11,Restaurant 018,Desserts,2025-07
4000,5,105,2025-09-28,1,Unsold,596.54,Menu Item 105,5,596.54,Restaurant 005,BBQ,2025-09
4001,1,21,2025-12-14,1,Expired,322.28,Menu Item 021,1,322.28,Restaurant 001,Burgers,2025-12
4002,18,78,2025-01-03,3,Preparation Error,768.33,Menu Item 078,8,256.11,Restaurant 018,Desserts,2025-01
4003,10,50,2025-04-16,1,Expired,158.1,Menu Item 050,10,158.1,Restaurant 010,Salads,2025-04
4004,7,107,2025-12-20,3,Overproduction,1417.74,Menu Item 107,7,472.58,Restaurant 007,Sandwiches,2025-12
4005,15,55,2025-07-07,2,Unsold,1865.24,Menu Item 055,5,932.62,Restaurant 015,BBQ,2025-07
4006,16,16,2025-05-24,8,Unsold,2706.72,Menu Item 016,6,338.34,Restaurant 016,Pasta,2025-05
4007,11,131,2025-06-18,2,Overproduction,745.46,Menu Item 131,1,372.73,Restaurant 011,Burgers,2025-06
4008,15,115,2025-09-23,5,Unsold,4019.5,Menu Item 115,5,803.9,Restaurant 015,BBQ,2025-09
4009,20,100,2025-05-27,2,Preparation Error,973.4,Menu Item 100,10,486.7,Restaurant 020,Salads,2025-05
4010,11,91,2025-02-06,3,Unsold,1112.37,Menu Item 091,1,370.79,Restaurant 011,Burgers,2025-02
4011,16,116,2025-09-18,1,Preparation Error,513.28,Menu Item 116,6,513.28,Restaurant 016,Pasta,2025-09
4012,9,69,2025-06-28,1,Unsold,94.8,Menu Item 069,9,94.8,Restaurant 009,Beverages,2025-06
4013,18,58,2025-12-16,3,Unsold,1080.75,Menu Item 058,8,360.25,Restaurant 018,Desserts,2025-12
4014,4,44,2025-12-04,1,Preparation Error,440.72,Menu Item 044,4,440.72,Restaurant 004,Rice,2025-12
4015,6,66,2025-09-27,2,Damaged,837.56,Menu Item 066,6,418.78,Restaurant 006,Pasta,2025-09
4016,2,102,2025-03-24,1,Expired,774.17,Menu Item 102,2,774.17,Restaurant 002,Pizza,2025-03
4017,13,133,2025-01-27,1,Expired,508.83,Menu Item 133,3,508.83,Restaurant 013,Biryani,2025-01
4018,8,148,2025-07-04,1,Damaged,337.64,Menu Item 148,8,337.64,Restaurant 008,Desserts,2025-07
4019,19,59,2025-01-23,1,Overproduction,189.87,Menu Item 059,9,189.87,Restaurant 019,Beverages,2025-01
4020,4,84,2025-11-01,3,Preparation Error,1052.19,Menu Item 084,4,350.73,Restaurant 004,Rice,2025-11
4021,1,101,2025-12-03,2,Unsold,637.02,Menu Item 101,1,318.51,Restaurant 001,Burgers,2025-12
4022,4,64,2025-02-09,2,Expired,512.92,Menu Item 064,4,256.46,Restaurant 004,Rice,2025-02
4023,2,102,2025-01-06,10,Damaged,7741.7,Menu Item 102,2,774.17,Restaurant 002,Pizza,2025-01
4024,9,69,2025-01-14,1,Overproduction,94.8,Menu Item 069,9,94.8,Restaurant 009,Beverages,2025-01
4025,18,38,2025-09-12,2,Unsold,752.64,Menu Item 038,8,376.32,Restaurant 018,Desserts,2025-09
4026,2,82,2025-11-26,1,Damaged,601.45,Menu Item 082,2,601.45,Restaurant 002,Pizza,2025-11
4027,10,90,2025-06-10,5,Unsold,954.8,Menu Item 090,10,190.96,Restaurant 010,Salads,2025-06
4028,5,145,2025-07-09,2,Preparation Error,859.76,Menu Item 145,5,429.88,Restaurant 005,BBQ,2025-07
4029,18,58,2025-12-09,2,Preparation Error,720.5,Menu Item 058,8,360.25,Restaurant 018,Desserts,2025-12
4030,12,132,2025-11-28,1,Overproduction,642.06,Menu Item 132,2,642.06,Restaurant 012,Pizza,2025-11
4031,10,30,2025-01-15,2,Spoilage,334.54,Menu Item 030,10,167.27,Restaurant 010,Salads,2025-01
4032,20,120,2025-07-23,3,Damaged,683.49,Menu Item 120,10,227.83,Restaurant 020,Salads,2025-07
4033,20,40,2025-02-02,3,Unsold,828.72,Menu Item 040,10,276.24,Restaurant 020,Salads,2025-02
4034,7,107,2025-10-12,1,Overproduction,472.58,Menu Item 107,7,472.58,Restaurant 007,Sandwiches,2025-10
4035,1,61,2025-08-09,3,Spoilage,1487.13,Menu Item 061,1,495.71,Restaurant 001,Burgers,2025-08
4036,20,80,2025-01-09,3,Overproduction,333.15,Menu Item 080,10,111.05,Restaurant 020,Salads,2025-01
4037,4,64,2025-10-09,2,Expired,512.92,Menu Item 064,4,256.46,Restaurant 004,Rice,2025-10
4038,13,33,2025-04-02,1,Damaged,351.5,Menu Item 033,3,351.5,Restaurant 013,Biryani,2025-04
4039,10,90,2025-09-03,3,Overproduction,572.88,Menu Item 090,10,190.96,Restaurant 010,Salads,2025-09
4040,5,25,2025-10-05,5,Expired,5138.55,Menu Item 025,5,1027.71,Restaurant 005,BBQ,2025-10
4041,13,13,2025-03-14,5,Expired,1946.4,Menu Item 013,3,389.28,Restaurant 013,Biryani,2025-03
4042,5,25,2025-07-22,2,Unsold,2055.42,Menu Item 025,5,1027.71,Restaurant 005,BBQ,2025-07
4043,20,60,2025-10-19,3,Unsold,993.48,Menu Item 060,10,331.16,Restaurant 020,Salads,2025-10
4044,16,96,2025-12-23,5,Expired,2026.1,Menu Item 096,6,405.22,Restaurant 016,Pasta,2025-12
4045,19,79,2025-12-07,5,Damaged,652.5,Menu Item 079,9,130.5,Restaurant 019,Beverages,2025-12
4046,11,31,2025-10-17,2,Unsold,645.24,Menu Item 031,1,322.62,Restaurant 011,Burgers,2025-10
4047,14,74,2025-12-19,2,Unsold,311.8,Menu Item 074,4,155.9,Restaurant 014,Rice,2025-12
4048,9,49,2025-04-14,1,Damaged,254.28,Menu Item 049,9,254.28,Restaurant 009,Beverages,2025-04
4049,6,86,2025-09-07,2,Overproduction,956.62,Menu Item 086,6,478.31,Restaurant 006,Pasta,2025-09
4050,13,73,2025-07-24,1,Spoilage,231.75,Menu Item 073,3,231.75,Restaurant 013,Biryani,2025-07
4051,3,63,2025-06-14,1,Expired,313.94,Menu Item 063,3,313.94,Restaurant 003,Biryani,2025-06
4052,2,122,2025-02-14,1,Damaged,828.35,Menu Item 122,2,828.35,Restaurant 002,Pizza,2025-02
4053,18,18,2025-07-05,1,Preparation Error,334.39,Menu Item 018,8,334.39,Restaurant 018,Desserts,2025-07
4054,19,119,2025-10-12,1,Preparation Error,104.64,Menu Item 119,9,104.64,Restaurant 019,Beverages,2025-10
4055,20,100,2025-06-07,2,Spoilage,973.4,Menu Item 100,10,486.7,Restaurant 020,Salads,2025-06
4056,2,2,2025-02-01,3,Preparation Error,2466.9,Menu Item 002,2,822.3,Restaurant 002,Pizza,2025-02
4057,4,44,2025-05-12,1,Spoilage,440.72,Menu Item 044,4,440.72,Restaurant 004,Rice,2025-05
4058,11,111,2025-12-28,1,Unsold,326.19,Menu Item 111,1,326.19,Restaurant 011,Burgers,2025-12
4059,16,116,2025-03-24,2,Overproduction,1026.56,Menu Item 116,6,513.28,Restaurant 016,Pasta,2025-03
4060,16,96,2025-11-22,5,Preparation Error,2026.1,Menu Item 096,6,405.22,Restaurant 016,Pasta,2025-11
4061,3,3,2025-03-06,2,Preparation Error,451.92,Menu Item 003,3,225.96,Restaurant 003,Biryani,2025-03
4062,7,47,2025-06-12,1,Damaged,531.56,Menu Item 047,7,531.56,Restaurant 007,Sandwiches,2025-06
4063,7,7,2025-01-07,1,Preparation Error,477.57,Menu Item 007,7,477.57,Restaurant 007,Sandwiches,2025-01
4064,9,49,2025-12-03,2,Unsold,508.56,Menu Item 049,9,254.28,Restaurant 009,Beverages,2025-12
4065,18,118,2025-11-09,5,Overproduction,1545.0,Menu Item 118,8,309.0,Restaurant 018,Desserts,2025-11
4066,18,98,2025-03-17,1,Preparation Error,373.65,Menu Item 098,8,373.65,Restaurant 018,Desserts,2025-03
4067,3,3,2025-08-25,3,Spoilage,677.88,Menu Item 003,3,225.96,Restaurant 003,Biryani,2025-08
4068,16,56,2025-06-04,1,Expired,390.6,Menu Item 056,6,390.6,Restaurant 016,Pasta,2025-06
4069,7,67,2025-08-13,3,Preparation Error,1906.68,Menu Item 067,7,635.56,Restaurant 007,Sandwiches,2025-08
4070,1,21,2025-03-17,3,Damaged,966.84,Menu Item 021,1,322.28,Restaurant 001,Burgers,2025-03
4071,8,148,2025-09-01,5,Preparation Error,1688.2,Menu Item 148,8,337.64,Restaurant 008,Desserts,2025-09
4072,1,141,2025-02-23,3,Spoilage,756.33,Menu Item 141,1,252.11,Restaurant 001,Burgers,2025-02
4073,18,58,2025-05-26,1,Damaged,360.25,Menu Item 058,8,360.25,Restaurant 018,Desserts,2025-05
4074,4,24,2025-11-21,1,Damaged,498.37,Menu Item 024,4,498.37,Restaurant 004,Rice,2025-11
4075,19,119,2025-05-11,1,Spoilage,104.64,Menu Item 119,9,104.64,Restaurant 019,Beverages,2025-05
4076,15,15,2025-01-03,2,Expired,993.94,Menu Item 015,5,496.97,Restaurant 015,BBQ,2025-01
4077,1,101,2025-09-06,1,Unsold,318.51,Menu Item 101,1,318.51,Restaurant 001,Burgers,2025-09
4078,8,128,2025-04-10,2,Spoilage,694.58,Menu Item 128,8,347.29,Restaurant 008,Desserts,2025-04
4079,20,60,2025-02-22,3,Preparation Error,993.48,Menu Item 060,10,331.16,Restaurant 020,Salads,2025-02
4080,18,138,2025-06-21,1,Spoilage,154.6,Menu Item 138,8,154.6,Restaurant 018,Desserts,2025-06
4081,15,55,2025-09-26,2,Spoilage,1865.24,Menu Item 055,5,932.62,Restaurant 015,BBQ,2025-09
4082,5,45,2025-06-14,2,Preparation Error,779.88,Menu Item 045,5,389.94,Restaurant 005,BBQ,2025-06
4083,17,137,2025-08-11,1,Damaged,353.74,Menu Item 137,7,353.74,Restaurant 017,Sandwiches,2025-08
4084,9,89,2025-05-13,8,Preparation Error,2130.88,Menu Item 089,9,266.36,Restaurant 009,Beverages,2025-05
4085,20,120,2025-09-18,1,Damaged,227.83,Menu Item 120,10,227.83,Restaurant 020,Salads,2025-09
4086,3,143,2025-12-03,1,Expired,355.0,Menu Item 143,3,355.0,Restaurant 003,Biryani,2025-12
4087,20,60,2025-04-19,8,Preparation Error,2649.28,Menu Item 060,10,331.16,Restaurant 020,Salads,2025-04
4088,12,72,2025-11-09,1,Damaged,275.78,Menu Item 072,2,275.78,Restaurant 012,Pizza,2025-11
4089,19,99,2025-09-16,5,Expired,558.7,Menu Item 099,9,111.74,Restaurant 019,Beverages,2025-09
4090,10,150,2025-08-16,3,Preparation Error,1132.02,Menu Item 150,10,377.34,Restaurant 010,Salads,2025-08
4091,3,143,2025-07-26,3,Overproduction,1065.0,Menu Item 143,3,355.0,Restaurant 003,Biryani,2025-07
4092,12,112,2025-01-06,1,Preparation Error,861.28,Menu Item 112,2,861.28,Restaurant 012,Pizza,2025-01
4093,13,93,2025-10-04,2,Preparation Error,1107.22,Menu Item 093,3,553.61,Restaurant 013,Biryani,2025-10
4094,12,52,2025-09-03,8,Overproduction,3708.8,Menu Item 052,2,463.6,Restaurant 012,Pizza,2025-09
4095,10,110,2025-09-11,8,Unsold,1754.16,Menu Item 110,10,219.27,Restaurant 010,Salads,2025-09
4096,7,27,2025-03-02,5,Damaged,1688.55,Menu Item 027,7,337.71,Restaurant 007,Sandwiches,2025-03
4097,11,11,2025-02-06,2,Overproduction,1092.48,Menu Item 011,1,546.24,Restaurant 011,Burgers,2025-02
4098,16,136,2025-03-27,2,Damaged,864.74,Menu Item 136,6,432.37,Restaurant 016,Pasta,2025-03
4099,4,44,2025-08-04,2,Expired,881.44,Menu Item 044,4,440.72,Restaurant 004,Rice,2025-08
4100,7,47,2025-11-13,5,Spoilage,2657.8,Menu Item 047,7,531.56,Restaurant 007,Sandwiches,2025-11
4101,17,37,2025-05-11,1,Expired,689.77,Menu Item 037,7,689.77,Restaurant 017,Sandwiches,2025-05
4102,19,39,2025-07-12,8,Damaged,709.92,Menu Item 039,9,88.74,Restaurant 019,Beverages,2025-07
4103,18,38,2025-09-02,1,Overproduction,376.32,Menu Item 038,8,376.32,Restaurant 018,Desserts,2025-09
4104,18,18,2025-09-22,2,Preparation Error,668.78,Menu Item 018,8,334.39,Restaurant 018,Desserts,2025-09
4105,6,126,2025-12-08,2,Spoilage,1341.26,Menu Item 126,6,670.63,Restaurant 006,Pasta,2025-12
4106,19,119,2025-09-27,3,Spoilage,313.92,Menu Item 119,9,104.64,Restaurant 019,Beverages,2025-09
4107,19,79,2025-01-18,1,Preparation Error,130.5,Menu Item 079,9,130.5,Restaurant 019,Beverages,2025-01
4108,13,53,2025-03-25,1,Preparation Error,298.53,Menu Item 053,3,298.53,Restaurant 013,Biryani,2025-03
4109,12,72,2025-10-20,2,Unsold,551.56,Menu Item 072,2,275.78,Restaurant 012,Pizza,2025-10
4110,1,81,2025-04-17,2,Unsold,1028.94,Menu Item 081,1,514.47,Restaurant 001,Burgers,2025-04
4111,20,80,2025-10-25,2,Damaged,222.1,Menu Item 080,10,111.05,Restaurant 020,Salads,2025-10
4112,6,26,2025-07-25,1,Preparation Error,606.56,Menu Item 026,6,606.56,Restaurant 006,Pasta,2025-07
4113,15,15,2025-07-27,2,Spoilage,993.94,Menu Item 015,5,496.97,Restaurant 015,BBQ,2025-07
4114,8,48,2025-01-21,1,Overproduction,194.92,Menu Item 048,8,194.92,Restaurant 008,Desserts,2025-01
4115,19,19,2025-06-25,2,Overproduction,359.98,Menu Item 019,9,179.99,Restaurant 019,Beverages,2025-06
4116,7,127,2025-03-17,1,Expired,334.08,Menu Item 127,7,334.08,Restaurant 007,Sandwiches,2025-03
4117,1,41,2025-09-06,10,Preparation Error,2545.1,Menu Item 041,1,254.51,Restaurant 001,Burgers,2025-09
4118,12,72,2025-08-27,1,Expired,275.78,Menu Item 072,2,275.78,Restaurant 012,Pizza,2025-08
4119,3,83,2025-08-07,2,Unsold,472.7,Menu Item 083,3,236.35,Restaurant 003,Biryani,2025-08
4120,9,89,2025-07-09,2,Preparation Error,532.72,Menu Item 089,9,266.36,Restaurant 009,Beverages,2025-07
4121,15,55,2025-11-06,1,Overproduction,932.62,Menu Item 055,5,932.62,Restaurant 015,BBQ,2025-11
4122,10,150,2025-04-24,1,Damaged,377.34,Menu Item 150,10,377.34,Restaurant 010,Salads,2025-04
4123,13,93,2025-06-10,2,Spoilage,1107.22,Menu Item 093,3,553.61,Restaurant 013,Biryani,2025-06
4124,15,15,2025-12-28,3,Unsold,1490.91,Menu Item 015,5,496.97,Restaurant 015,BBQ,2025-12
4125,9,29,2025-11-15,1,Preparation Error,68.62,Menu Item 029,9,68.62,Restaurant 009,Beverages,2025-11
4126,6,46,2025-12-26,1,Unsold,633.91,Menu Item 046,6,633.91,Restaurant 006,Pasta,2025-12
4127,10,130,2025-09-23,2,Spoilage,584.28,Menu Item 130,10,292.14,Restaurant 010,Salads,2025-09
4128,5,125,2025-05-17,1,Spoilage,1138.34,Menu Item 125,5,1138.34,Restaurant 005,BBQ,2025-05
4129,18,98,2025-04-26,2,Expired,747.3,Menu Item 098,8,373.65,Restaurant 018,Desserts,2025-04
4130,6,66,2025-02-24,8,Overproduction,3350.24,Menu Item 066,6,418.78,Restaurant 006,Pasta,2025-02
4131,12,92,2025-09-07,2,Damaged,928.74,Menu Item 092,2,464.37,Restaurant 012,Pizza,2025-09
4132,18,18,2025-02-20,3,Overproduction,1003.17,Menu Item 018,8,334.39,Restaurant 018,Desserts,2025-02
4133,7,127,2025-12-18,2,Unsold,668.16,Menu Item 127,7,334.08,Restaurant 007,Sandwiches,2025-12
4134,10,30,2025-04-23,5,Overproduction,836.35,Menu Item 030,10,167.27,Restaurant 010,Salads,2025-04
4135,2,62,2025-07-04,1,Spoilage,509.77,Menu Item 062,2,509.77,Restaurant 002,Pizza,2025-07
4136,1,141,2025-06-05,1,Damaged,252.11,Menu Item 141,1,252.11,Restaurant 001,Burgers,2025-06
4137,6,46,2025-03-01,1,Spoilage,633.91,Menu Item 046,6,633.91,Restaurant 006,Pasta,2025-03
4138,20,80,2025-02-20,8,Unsold,888.4,Menu Item 080,10,111.05,Restaurant 020,Salads,2025-02
4139,4,144,2025-09-10,8,Unsold,1946.0,Menu Item 144,4,243.25,Restaurant 004,Rice,2025-09
4140,17,37,2025-07-16,1,Spoilage,689.77,Menu Item 037,7,689.77,Restaurant 017,Sandwiches,2025-07
4141,7,127,2025-08-27,8,Overproduction,2672.64,Menu Item 127,7,334.08,Restaurant 007,Sandwiches,2025-08
4142,9,49,2025-03-06,2,Spoilage,508.56,Menu Item 049,9,254.28,Restaurant 009,Beverages,2025-03
4143,5,145,2025-07-04,2,Preparation Error,859.76,Menu Item 145,5,429.88,Restaurant 005,BBQ,2025-07
4144,14,34,2025-09-04,5,Preparation Error,2321.6,Menu Item 034,4,464.32,Restaurant 014,Rice,2025-09
4145,6,146,2025-11-08,2,Overproduction,1485.06,Menu Item 146,6,742.53,Restaurant 006,Pasta,2025-11
4146,7,107,2025-12-13,1,Damaged,472.58,Menu Item 107,7,472.58,Restaurant 007,Sandwiches,2025-12
4147,8,48,2025-12-12,2,Overproduction,389.84,Menu Item 048,8,194.92,Restaurant 008,Desserts,2025-12
4148,17,117,2025-05-18,2,Preparation Error,859.46,Menu Item 117,7,429.73,Restaurant 017,Sandwiches,2025-05
4149,7,7,2025-07-06,1,Unsold,477.57,Menu Item 007,7,477.57,Restaurant 007,Sandwiches,2025-07
4150,6,46,2025-12-12,2,Damaged,1267.82,Menu Item 046,6,633.91,Restaurant 006,Pasta,2025-12
4151,20,140,2025-11-06,2,Unsold,356.8,Menu Item 140,10,178.4,Restaurant 020,Salads,2025-11
4152,12,32,2025-09-25,3,Preparation Error,2214.9,Menu Item 032,2,738.3,Restaurant 012,Pizza,2025-09
4153,1,101,2025-02-10,5,Damaged,1592.55,Menu Item 101,1,318.51,Restaurant 001,Burgers,2025-02
4154,15,55,2025-10-22,2,Expired,1865.24,Menu Item 055,5,932.62,Restaurant 015,BBQ,2025-10
4155,18,38,2025-05-09,2,Expired,752.64,Menu Item 038,8,376.32,Restaurant 018,Desserts,2025-05
4156,13,113,2025-10-25,1,Overproduction,230.81,Menu Item 113,3,230.81,Restaurant 013,Biryani,2025-10
4157,20,100,2025-09-23,3,Spoilage,1460.1,Menu Item 100,10,486.7,Restaurant 020,Salads,2025-09
4158,14,74,2025-09-26,5,Spoilage,779.5,Menu Item 074,4,155.9,Restaurant 014,Rice,2025-09
4159,11,111,2025-03-02,2,Damaged,652.38,Menu Item 111,1,326.19,Restaurant 011,Burgers,2025-03
4160,11,71,2025-09-08,2,Spoilage,929.96,Menu Item 071,1,464.98,Restaurant 011,Burgers,2025-09
4161,12,12,2025-01-24,5,Damaged,3915.5,Menu Item 012,2,783.1,Restaurant 012,Pizza,2025-01
4162,2,22,2025-06-20,3,Expired,970.41,Menu Item 022,2,323.47,Restaurant 002,Pizza,2025-06
4163,4,144,2025-11-24,3,Overproduction,729.75,Menu Item 144,4,243.25,Restaurant 004,Rice,2025-11
4164,10,70,2025-07-15,8,Expired,1658.0,Menu Item 070,10,207.25,Restaurant 010,Salads,2025-07
4165,4,104,2025-07-22,2,Expired,335.92,Menu Item 104,4,167.96,Restaurant 004,Rice,2025-07
4166,8,148,2025-08-04,1,Unsold,337.64,Menu Item 148,8,337.64,Restaurant 008,Desserts,2025-08
4167,10,10,2025-11-10,1,Damaged,143.3,Menu Item 010,10,143.3,Restaurant 010,Salads,2025-11
4168,14,54,2025-02-14,5,Expired,910.9,Menu Item 054,4,182.18,Restaurant 014,Rice,2025-02
4169,17,97,2025-03-16,10,Damaged,4540.4,Menu Item 097,7,454.04,Restaurant 017,Sandwiches,2025-03
4170,20,60,2025-06-17,8,Damaged,2649.28,Menu Item 060,10,331.16,Restaurant 020,Salads,2025-06
4171,7,27,2025-06-19,1,Spoilage,337.71,Menu Item 027,7,337.71,Restaurant 007,Sandwiches,2025-06
4172,14,14,2025-04-27,5,Expired,1156.15,Menu Item 014,4,231.23,Restaurant 014,Rice,2025-04
4173,14,74,2025-09-28,5,Overproduction,779.5,Menu Item 074,4,155.9,Restaurant 014,Rice,2025-09
4174,13,73,2025-11-14,2,Damaged,463.5,Menu Item 073,3,231.75,Restaurant 013,Biryani,2025-11
4175,16,136,2025-10-10,1,Unsold,432.37,Menu Item 136,6,432.37,Restaurant 016,Pasta,2025-10
4176,20,140,2025-07-25,2,Damaged,356.8,Menu Item 140,10,178.4,Restaurant 020,Salads,2025-07
4177,15,15,2025-12-27,5,Unsold,2484.85,Menu Item 015,5,496.97,Restaurant 015,BBQ,2025-12
4178,18,98,2025-04-25,2,Overproduction,747.3,Menu Item 098,8,373.65,Restaurant 018,Desserts,2025-04
4179,14,114,2025-05-24,3,Expired,1634.67,Menu Item 114,4,544.89,Restaurant 014,Rice,2025-05
4180,13,133,2025-01-10,10,Unsold,5088.3,Menu Item 133,3,508.83,Restaurant 013,Biryani,2025-01
4181,20,60,2025-08-18,5,Damaged,1655.8,Menu Item 060,10,331.16,Restaurant 020,Salads,2025-08
4182,10,10,2025-03-22,5,Preparation Error,716.5,Menu Item 010,10,143.3,Restaurant 010,Salads,2025-03
4183,12,72,2025-11-15,2,Damaged,551.56,Menu Item 072,2,275.78,Restaurant 012,Pizza,2025-11
4184,3,83,2025-02-10,1,Spoilage,236.35,Menu Item 083,3,236.35,Restaurant 003,Biryani,2025-02
4185,16,56,2025-12-01,1,Preparation Error,390.6,Menu Item 056,6,390.6,Restaurant 016,Pasta,2025-12
4186,5,5,2025-07-24,1,Overproduction,760.21,Menu Item 005,5,760.21,Restaurant 005,BBQ,2025-07
4187,8,108,2025-02-21,3,Expired,1245.24,Menu Item 108,8,415.08,Restaurant 008,Desserts,2025-02
4188,16,56,2025-04-20,1,Overproduction,390.6,Menu Item 056,6,390.6,Restaurant 016,Pasta,2025-04
4189,1,101,2025-09-22,1,Expired,318.51,Menu Item 101,1,318.51,Restaurant 001,Burgers,2025-09
4190,12,32,2025-12-26,10,Unsold,7383.0,Menu Item 032,2,738.3,Restaurant 012,Pizza,2025-12
4191,5,125,2025-02-14,3,Unsold,3415.02,Menu Item 125,5,1138.34,Restaurant 005,BBQ,2025-02
4192,20,40,2025-03-21,2,Unsold,552.48,Menu Item 040,10,276.24,Restaurant 020,Salads,2025-03
4193,7,7,2025-01-10,1,Expired,477.57,Menu Item 007,7,477.57,Restaurant 007,Sandwiches,2025-01
4194,5,85,2025-08-26,3,Overproduction,1065.33,Menu Item 085,5,355.11,Restaurant 005,BBQ,2025-08
4195,14,74,2025-05-22,5,Expired,779.5,Menu Item 074,4,155.9,Restaurant 014,Rice,2025-05
4196,5,5,2025-04-03,1,Preparation Error,760.21,Menu Item 005,5,760.21,Restaurant 005,BBQ,2025-04
4197,5,25,2025-12-10,1,Overproduction,1027.71,Menu Item 025,5,1027.71,Restaurant 005,BBQ,2025-12
4198,4,84,2025-07-15,1,Damaged,350.73,Menu Item 084,4,350.73,Restaurant 004,Rice,2025-07
4199,3,123,2025-11-08,2,Spoilage,731.08,Menu Item 123,3,365.54,Restaurant 003,Biryani,2025-11
4200,15,135,2025-10-21,8,Damaged,2403.92,Menu Item 135,5,300.49,Restaurant 015,BBQ,2025-10
4201,5,45,2025-03-13,1,Unsold,389.94,Menu Item 045,5,389.94,Restaurant 005,BBQ,2025-03
4202,10,150,2025-12-01,1,Preparation Error,377.34,Menu Item 150,10,377.34,Restaurant 010,Salads,2025-12
4203,2,62,2025-06-03,1,Unsold,509.77,Menu Item 062,2,509.77,Restaurant 002,Pizza,2025-06
4204,6,66,2025-08-25,1,Expired,418.78,Menu Item 066,6,418.78,Restaurant 006,Pasta,2025-08
4205,1,101,2025-05-20,1,Unsold,318.51,Menu Item 101,1,318.51,Restaurant 001,Burgers,2025-05
4206,15,35,2025-10-28,1,Preparation Error,437.06,Menu Item 035,5,437.06,Restaurant 015,BBQ,2025-10
4207,14,114,2025-03-01,2,Unsold,1089.78,Menu Item 114,4,544.89,Restaurant 014,Rice,2025-03
4208,9,149,2025-10-15,1,Unsold,239.18,Menu Item 149,9,239.18,Restaurant 009,Beverages,2025-10
4209,5,65,2025-05-25,3,Unsold,1547.22,Menu Item 065,5,515.74,Restaurant 005,BBQ,2025-05
4210,1,21,2025-03-16,1,Preparation Error,322.28,Menu Item 021,1,322.28,Restaurant 001,Burgers,2025-03
4211,20,120,2025-07-16,2,Unsold,455.66,Menu Item 120,10,227.83,Restaurant 020,Salads,2025-07
4212,15,135,2025-06-03,5,Unsold,1502.45,Menu Item 135,5,300.49,Restaurant 015,BBQ,2025-06
4213,10,50,2025-06-26,2,Spoilage,316.2,Menu Item 050,10,158.1,Restaurant 010,Salads,2025-06
4214,1,81,2025-11-26,2,Spoilage,1028.94,Menu Item 081,1,514.47,Restaurant 001,Burgers,2025-11
4215,1,81,2025-05-09,1,Overproduction,514.47,Menu Item 081,1,514.47,Restaurant 001,Burgers,2025-05
4216,4,44,2025-05-21,2,Overproduction,881.44,Menu Item 044,4,440.72,Restaurant 004,Rice,2025-05
4217,2,42,2025-06-20,2,Spoilage,935.42,Menu Item 042,2,467.71,Restaurant 002,Pizza,2025-06
4218,15,95,2025-12-01,8,Overproduction,5455.04,Menu Item 095,5,681.88,Restaurant 015,BBQ,2025-12
4219,1,81,2025-11-23,5,Overproduction,2572.35,Menu Item 081,1,514.47,Restaurant 001,Burgers,2025-11
4220,11,131,2025-06-16,1,Preparation Error,372.73,Menu Item 131,1,372.73,Restaurant 011,Burgers,2025-06
4221,15,15,2025-12-13,1,Damaged,496.97,Menu Item 015,5,496.97,Restaurant 015,BBQ,2025-12
4222,8,68,2025-12-18,2,Spoilage,228.12,Menu Item 068,8,114.06,Restaurant 008,Desserts,2025-12
4223,10,130,2025-07-14,3,Expired,876.42,Menu Item 130,10,292.14,Restaurant 010,Salads,2025-07
4224,9,109,2025-08-26,1,Damaged,221.43,Menu Item 109,9,221.43,Restaurant 009,Beverages,2025-08
4225,2,102,2025-08-02,3,Overproduction,2322.51,Menu Item 102,2,774.17,Restaurant 002,Pizza,2025-08
4226,2,102,2025-02-23,2,Expired,1548.34,Menu Item 102,2,774.17,Restaurant 002,Pizza,2025-02
4227,11,71,2025-11-23,1,Preparation Error,464.98,Menu Item 071,1,464.98,Restaurant 011,Burgers,2025-11
4228,14,114,2025-05-21,1,Damaged,544.89,Menu Item 114,4,544.89,Restaurant 014,Rice,2025-05
4229,1,121,2025-03-16,3,Damaged,1125.9,Menu Item 121,1,375.3,Restaurant 001,Burgers,2025-03
4230,1,141,2025-10-25,1,Preparation Error,252.11,Menu Item 141,1,252.11,Restaurant 001,Burgers,2025-10
4231,8,48,2025-02-05,2,Expired,389.84,Menu Item 048,8,194.92,Restaurant 008,Desserts,2025-02
4232,5,105,2025-09-10,3,Unsold,1789.62,Menu Item 105,5,596.54,Restaurant 005,BBQ,2025-09
4233,14,114,2025-02-12,2,Overproduction,1089.78,Menu Item 114,4,544.89,Restaurant 014,Rice,2025-02
4234,3,103,2025-03-18,2,Overproduction,980.98,Menu Item 103,3,490.49,Restaurant 003,Biryani,2025-03
4235,16,36,2025-09-14,10,Overproduction,4509.0,Menu Item 036,6,450.9,Restaurant 016,Pasta,2025-09
4236,2,122,2025-02-04,2,Expired,1656.7,Menu Item 122,2,828.35,Restaurant 002,Pizza,2025-02
4237,11,31,2025-06-16,2,Preparation Error,645.24,Menu Item 031,1,322.62,Restaurant 011,Burgers,2025-06
4238,14,134,2025-02-14,3,Preparation Error,865.02,Menu Item 134,4,288.34,Restaurant 014,Rice,2025-02
4239,1,1,2025-10-16,2,Damaged,856.24,Menu Item 001,1,428.12,Restaurant 001,Burgers,2025-10
4240,7,47,2025-05-04,1,Overproduction,531.56,Menu Item 047,7,531.56,Restaurant 007,Sandwiches,2025-05
4241,17,117,2025-09-25,2,Overproduction,859.46,Menu Item 117,7,429.73,Restaurant 017,Sandwiches,2025-09
4242,7,67,2025-02-11,1,Preparation Error,635.56,Menu Item 067,7,635.56,Restaurant 007,Sandwiches,2025-02
4243,18,78,2025-06-07,1,Damaged,256.11,Menu Item 078,8,256.11,Restaurant 018,Desserts,2025-06
4244,7,87,2025-07-07,1,Unsold,530.98,Menu Item 087,7,530.98,Restaurant 007,Sandwiches,2025-07
4245,14,14,2025-09-10,1,Unsold,231.23,Menu Item 014,4,231.23,Restaurant 014,Rice,2025-09
4246,6,126,2025-07-10,8,Preparation Error,5365.04,Menu Item 126,6,670.63,Restaurant 006,Pasta,2025-07
4247,14,14,2025-06-20,1,Overproduction,231.23,Menu Item 014,4,231.23,Restaurant 014,Rice,2025-06
4248,20,20,2025-05-08,2,Unsold,577.02,Menu Item 020,10,288.51,Restaurant 020,Salads,2025-05
4249,17,97,2025-04-05,3,Overproduction,1362.12,Menu Item 097,7,454.04,Restaurant 017,Sandwiches,2025-04
4250,18,98,2025-04-17,5,Preparation Error,1868.25,Menu Item 098,8,373.65,Restaurant 018,Desserts,2025-04
4251,5,45,2025-12-18,8,Overproduction,3119.52,Menu Item 045,5,389.94,Restaurant 005,BBQ,2025-12
4252,19,19,2025-10-26,1,Damaged,179.99,Menu Item 019,9,179.99,Restaurant 019,Beverages,2025-10
4253,13,13,2025-11-21,1,Expired,389.28,Menu Item 013,3,389.28,Restaurant 013,Biryani,2025-11
4254,10,10,2025-09-18,8,Damaged,1146.4,Menu Item 010,10,143.3,Restaurant 010,Salads,2025-09
4255,10,30,2025-06-07,5,Expired,836.35,Menu Item 030,10,167.27,Restaurant 010,Salads,2025-06
4256,17,137,2025-12-16,2,Preparation Error,707.48,Menu Item 137,7,353.74,Restaurant 017,Sandwiches,2025-12
4257,5,105,2025-05-27,1,Preparation Error,596.54,Menu Item 105,5,596.54,Restaurant 005,BBQ,2025-05
4258,17,57,2025-06-20,1,Preparation Error,314.52,Menu Item 057,7,314.52,Restaurant 017,Sandwiches,2025-06
4259,20,120,2025-01-12,3,Expired,683.49,Menu Item 120,10,227.83,Restaurant 020,Salads,2025-01
4260,9,9,2025-12-05,8,Overproduction,1122.8,Menu Item 009,9,140.35,Restaurant 009,Beverages,2025-12
4261,16,96,2025-03-03,1,Expired,405.22,Menu Item 096,6,405.22,Restaurant 016,Pasta,2025-03
4262,9,149,2025-07-26,2,Overproduction,478.36,Menu Item 149,9,239.18,Restaurant 009,Beverages,2025-07
4263,12,132,2025-06-05,1,Overproduction,642.06,Menu Item 132,2,642.06,Restaurant 012,Pizza,2025-06
4264,19,119,2025-06-21,2,Damaged,209.28,Menu Item 119,9,104.64,Restaurant 019,Beverages,2025-06
4265,18,58,2025-08-28,1,Overproduction,360.25,Menu Item 058,8,360.25,Restaurant 018,Desserts,2025-08
4266,5,85,2025-02-25,2,Damaged,710.22,Menu Item 085,5,355.11,Restaurant 005,BBQ,2025-02
4267,11,111,2025-02-03,1,Damaged,326.19,Menu Item 111,1,326.19,Restaurant 011,Burgers,2025-02
4268,3,43,2025-02-21,1,Unsold,379.7,Menu Item 043,3,379.7,Restaurant 003,Biryani,2025-02
4269,8,108,2025-06-16,2,Spoilage,830.16,Menu Item 108,8,415.08,Restaurant 008,Desserts,2025-06
4270,4,44,2025-05-16,2,Overproduction,881.44,Menu Item 044,4,440.72,Restaurant 004,Rice,2025-05
4271,16,56,2025-12-12,3,Expired,1171.8,Menu Item 056,6,390.6,Restaurant 016,Pasta,2025-12
4272,3,43,2025-12-25,1,Overproduction,379.7,Menu Item 043,3,379.7,Restaurant 003,Biryani,2025-12
4273,17,97,2025-03-17,2,Preparation Error,908.08,Menu Item 097,7,454.04,Restaurant 017,Sandwiches,2025-03
4274,5,125,2025-10-27,3,Spoilage,3415.02,Menu Item 125,5,1138.34,Restaurant 005,BBQ,2025-10
4275,5,25,2025-07-26,2,Damaged,2055.42,Menu Item 025,5,1027.71,Restaurant 005,BBQ,2025-07
4276,9,29,2025-10-17,1,Preparation Error,68.62,Menu Item 029,9,68.62,Restaurant 009,Beverages,2025-10
4277,19,99,2025-09-20,3,Unsold,335.22,Menu Item 099,9,111.74,Restaurant 019,Beverages,2025-09
4278,19,99,2025-10-07,1,Unsold,111.74,Menu Item 099,9,111.74,Restaurant 019,Beverages,2025-10
4279,9,29,2025-08-01,2,Spoilage,137.24,Menu Item 029,9,68.62,Restaurant 009,Beverages,2025-08
4280,5,65,2025-06-06,1,Unsold,515.74,Menu Item 065,5,515.74,Restaurant 005,BBQ,2025-06
4281,7,47,2025-10-27,1,Unsold,531.56,Menu Item 047,7,531.56,Restaurant 007,Sandwiches,2025-10
4282,12,72,2025-12-02,8,Unsold,2206.24,Menu Item 072,2,275.78,Restaurant 012,Pizza,2025-12
4283,2,122,2025-11-20,5,Damaged,4141.75,Menu Item 122,2,828.35,Restaurant 002,Pizza,2025-11
4284,7,67,2025-04-05,10,Spoilage,6355.6,Menu Item 067,7,635.56,Restaurant 007,Sandwiches,2025-04
4285,19,119,2025-02-27,10,Unsold,1046.4,Menu Item 119,9,104.64,Restaurant 019,Beverages,2025-02
4286,6,106,2025-08-16,1,Damaged,277.13,Menu Item 106,6,277.13,Restaurant 006,Pasta,2025-08
4287,9,9,2025-12-16,1,Unsold,140.35,Menu Item 009,9,140.35,Restaurant 009,Beverages,2025-12
4288,20,100,2025-09-08,3,Preparation Error,1460.1,Menu Item 100,10,486.7,Restaurant 020,Salads,2025-09
4289,18,38,2025-06-28,3,Overproduction,1128.96,Menu Item 038,8,376.32,Restaurant 018,Desserts,2025-06
4290,13,73,2025-10-15,2,Expired,463.5,Menu Item 073,3,231.75,Restaurant 013,Biryani,2025-10
4291,16,16,2025-03-10,1,Preparation Error,338.34,Menu Item 016,6,338.34,Restaurant 016,Pasta,2025-03
4292,3,83,2025-02-09,1,Overproduction,236.35,Menu Item 083,3,236.35,Restaurant 003,Biryani,2025-02
4293,2,62,2025-02-11,1,Preparation Error,509.77,Menu Item 062,2,509.77,Restaurant 002,Pizza,2025-02
4294,2,82,2025-02-14,2,Preparation Error,1202.9,Menu Item 082,2,601.45,Restaurant 002,Pizza,2025-02
4295,5,85,2025-01-04,3,Damaged,1065.33,Menu Item 085,5,355.11,Restaurant 005,BBQ,2025-01
4296,3,23,2025-11-07,1,Spoilage,270.23,Menu Item 023,3,270.23,Restaurant 003,Biryani,2025-11
4297,10,10,2025-11-05,2,Damaged,286.6,Menu Item 010,10,143.3,Restaurant 010,Salads,2025-11
4298,11,91,2025-03-14,1,Preparation Error,370.79,Menu Item 091,1,370.79,Restaurant 011,Burgers,2025-03
4299,7,127,2025-01-12,2,Spoilage,668.16,Menu Item 127,7,334.08,Restaurant 007,Sandwiches,2025-01
4300,2,142,2025-09-21,3,Overproduction,2758.05,Menu Item 142,2,919.35,Restaurant 002,Pizza,2025-09
4301,20,100,2025-10-21,2,Overproduction,973.4,Menu Item 100,10,486.7,Restaurant 020,Salads,2025-10
4302,10,30,2025-08-18,1,Spoilage,167.27,Menu Item 030,10,167.27,Restaurant 010,Salads,2025-08
4303,9,49,2025-11-24,2,Damaged,508.56,Menu Item 049,9,254.28,Restaurant 009,Beverages,2025-11
4304,1,61,2025-05-16,5,Damaged,2478.55,Menu Item 061,1,495.71,Restaurant 001,Burgers,2025-05
4305,3,143,2025-02-23,3,Spoilage,1065.0,Menu Item 143,3,355.0,Restaurant 003,Biryani,2025-02
4306,20,100,2025-03-28,1,Overproduction,486.7,Menu Item 100,10,486.7,Restaurant 020,Salads,2025-03
4307,2,102,2025-01-25,2,Spoilage,1548.34,Menu Item 102,2,774.17,Restaurant 002,Pizza,2025-01
4308,9,149,2025-04-27,5,Damaged,1195.9,Menu Item 149,9,239.18,Restaurant 009,Beverages,2025-04
4309,3,3,2025-10-28,1,Unsold,225.96,Menu Item 003,3,225.96,Restaurant 003,Biryani,2025-10
4310,19,59,2025-09-20,2,Expired,379.74,Menu Item 059,9,189.87,Restaurant 019,Beverages,2025-09
4311,20,140,2025-06-20,1,Expired,178.4,Menu Item 140,10,178.4,Restaurant 020,Salads,2025-06
4312,1,21,2025-10-08,3,Spoilage,966.84,Menu Item 021,1,322.28,Restaurant 001,Burgers,2025-10
4313,20,40,2025-04-19,5,Preparation Error,1381.2,Menu Item 040,10,276.24,Restaurant 020,Salads,2025-04
4314,2,2,2025-12-14,10,Unsold,8223.0,Menu Item 002,2,822.3,Restaurant 002,Pizza,2025-12
4315,3,23,2025-04-26,5,Damaged,1351.15,Menu Item 023,3,270.23,Restaurant 003,Biryani,2025-04
4316,6,126,2025-10-06,10,Overproduction,6706.3,Menu Item 126,6,670.63,Restaurant 006,Pasta,2025-10
4317,14,94,2025-09-05,1,Overproduction,274.91,Menu Item 094,4,274.91,Restaurant 014,Rice,2025-09
4318,15,55,2025-12-06,8,Overproduction,7460.96,Menu Item 055,5,932.62,Restaurant 015,BBQ,2025-12
4319,5,85,2025-02-04,2,Overproduction,710.22,Menu Item 085,5,355.11,Restaurant 005,BBQ,2025-02
4320,1,61,2025-04-24,3,Preparation Error,1487.13,Menu Item 061,1,495.71,Restaurant 001,Burgers,2025-04
4321,12,32,2025-04-03,2,Unsold,1476.6,Menu Item 032,2,738.3,Restaurant 012,Pizza,2025-04
4322,6,146,2025-12-20,1,Preparation Error,742.53,Menu Item 146,6,742.53,Restaurant 006,Pasta,2025-12
4323,8,108,2025-07-08,1,Expired,415.08,Menu Item 108,8,415.08,Restaurant 008,Desserts,2025-07
4324,18,18,2025-11-11,2,Preparation Error,668.78,Menu Item 018,8,334.39,Restaurant 018,Desserts,2025-11
4325,13,133,2025-12-08,1,Spoilage,508.83,Menu Item 133,3,508.83,Restaurant 013,Biryani,2025-12
4326,18,38,2025-04-18,5,Expired,1881.6,Menu Item 038,8,376.32,Restaurant 018,Desserts,2025-04
4327,4,24,2025-05-13,2,Preparation Error,996.74,Menu Item 024,4,498.37,Restaurant 004,Rice,2025-05
4328,4,84,2025-10-20,3,Expired,1052.19,Menu Item 084,4,350.73,Restaurant 004,Rice,2025-10
4329,17,77,2025-04-21,1,Overproduction,598.63,Menu Item 077,7,598.63,Restaurant 017,Sandwiches,2025-04
4330,15,75,2025-12-21,1,Spoilage,422.0,Menu Item 075,5,422.0,Restaurant 015,BBQ,2025-12
4331,16,36,2025-05-24,3,Expired,1352.7,Menu Item 036,6,450.9,Restaurant 016,Pasta,2025-05
4332,20,80,2025-02-10,2,Overproduction,222.1,Menu Item 080,10,111.05,Restaurant 020,Salads,2025-02
4333,8,28,2025-11-08,2,Unsold,756.32,Menu Item 028,8,378.16,Restaurant 008,Desserts,2025-11
4334,18,118,2025-12-16,1,Overproduction,309.0,Menu Item 118,8,309.0,Restaurant 018,Desserts,2025-12
4335,19,139,2025-07-03,5,Expired,637.7,Menu Item 139,9,127.54,Restaurant 019,Beverages,2025-07
4336,9,149,2025-04-19,2,Overproduction,478.36,Menu Item 149,9,239.18,Restaurant 009,Beverages,2025-04
4337,20,120,2025-11-20,1,Overproduction,227.83,Menu Item 120,10,227.83,Restaurant 020,Salads,2025-11
4338,12,52,2025-01-05,5,Preparation Error,2318.0,Menu Item 052,2,463.6,Restaurant 012,Pizza,2025-01
4339,10,10,2025-08-22,1,Spoilage,143.3,Menu Item 010,10,143.3,Restaurant 010,Salads,2025-08
4340,1,101,2025-12-08,1,Damaged,318.51,Menu Item 101,1,318.51,Restaurant 001,Burgers,2025-12
4341,2,42,2025-12-01,1,Spoilage,467.71,Menu Item 042,2,467.71,Restaurant 002,Pizza,2025-12
4342,14,14,2025-10-09,1,Unsold,231.23,Menu Item 014,4,231.23,Restaurant 014,Rice,2025-10
4343,10,70,2025-11-20,2,Preparation Error,414.5,Menu Item 070,10,207.25,Restaurant 010,Salads,2025-11
4344,16,36,2025-11-08,1,Expired,450.9,Menu Item 036,6,450.9,Restaurant 016,Pasta,2025-11
4345,12,92,2025-09-19,2,Damaged,928.74,Menu Item 092,2,464.37,Restaurant 012,Pizza,2025-09
4346,16,136,2025-11-20,3,Damaged,1297.11,Menu Item 136,6,432.37,Restaurant 016,Pasta,2025-11
4347,4,44,2025-01-15,3,Expired,1322.16,Menu Item 044,4,440.72,Restaurant 004,Rice,2025-01
4348,15,115,2025-03-18,8,Damaged,6431.2,Menu Item 115,5,803.9,Restaurant 015,BBQ,2025-03
4349,16,76,2025-07-06,3,Expired,1245.93,Menu Item 076,6,415.31,Restaurant 016,Pasta,2025-07
4350,5,105,2025-05-19,3,Unsold,1789.62,Menu Item 105,5,596.54,Restaurant 005,BBQ,2025-05
4351,13,53,2025-04-27,2,Unsold,597.06,Menu Item 053,3,298.53,Restaurant 013,Biryani,2025-04
4352,12,12,2025-04-10,1,Spoilage,783.1,Menu Item 012,2,783.1,Restaurant 012,Pizza,2025-04
4353,7,27,2025-11-09,2,Damaged,675.42,Menu Item 027,7,337.71,Restaurant 007,Sandwiches,2025-11
4354,12,112,2025-02-19,2,Expired,1722.56,Menu Item 112,2,861.28,Restaurant 012,Pizza,2025-02
4355,16,116,2025-02-11,1,Overproduction,513.28,Menu Item 116,6,513.28,Restaurant 016,Pasta,2025-02
4356,11,91,2025-01-22,2,Unsold,741.58,Menu Item 091,1,370.79,Restaurant 011,Burgers,2025-01
4357,16,76,2025-04-09,1,Damaged,415.31,Menu Item 076,6,415.31,Restaurant 016,Pasta,2025-04
4358,5,5,2025-03-14,8,Overproduction,6081.68,Menu Item 005,5,760.21,Restaurant 005,BBQ,2025-03
4359,18,138,2025-06-14,1,Overproduction,154.6,Menu Item 138,8,154.6,Restaurant 018,Desserts,2025-06
4360,8,28,2025-01-11,1,Preparation Error,378.16,Menu Item 028,8,378.16,Restaurant 008,Desserts,2025-01
4361,18,18,2025-04-04,1,Spoilage,334.39,Menu Item 018,8,334.39,Restaurant 018,Desserts,2025-04
4362,5,125,2025-03-01,1,Overproduction,1138.34,Menu Item 125,5,1138.34,Restaurant 005,BBQ,2025-03
4363,6,106,2025-02-05,2,Expired,554.26,Menu Item 106,6,277.13,Restaurant 006,Pasta,2025-02
4364,7,147,2025-09-26,2,Spoilage,449.6,Menu Item 147,7,224.8,Restaurant 007,Sandwiches,2025-09
4365,12,112,2025-09-25,3,Unsold,2583.84,Menu Item 112,2,861.28,Restaurant 012,Pizza,2025-09
4366,9,9,2025-01-01,3,Expired,421.05,Menu Item 009,9,140.35,Restaurant 009,Beverages,2025-01
4367,4,24,2025-02-24,5,Expired,2491.85,Menu Item 024,4,498.37,Restaurant 004,Rice,2025-02
4368,10,70,2025-06-11,1,Overproduction,207.25,Menu Item 070,10,207.25,Restaurant 010,Salads,2025-06
4369,14,14,2025-03-21,1,Preparation Error,231.23,Menu Item 014,4,231.23,Restaurant 014,Rice,2025-03
4370,3,103,2025-08-14,2,Overproduction,980.98,Menu Item 103,3,490.49,Restaurant 003,Biryani,2025-08
4371,5,105,2025-05-28,1,Overproduction,596.54,Menu Item 105,5,596.54,Restaurant 005,BBQ,2025-05
4372,8,88,2025-10-01,2,Spoilage,451.26,Menu Item 088,8,225.63,Restaurant 008,Desserts,2025-10
4373,16,36,2025-05-27,1,Overproduction,450.9,Menu Item 036,6,450.9,Restaurant 016,Pasta,2025-05
4374,1,21,2025-08-27,2,Expired,644.56,Menu Item 021,1,322.28,Restaurant 001,Burgers,2025-08
4375,17,57,2025-02-14,10,Expired,3145.2,Menu Item 057,7,314.52,Restaurant 017,Sandwiches,2025-02
4376,4,104,2025-02-18,3,Damaged,503.88,Menu Item 104,4,167.96,Restaurant 004,Rice,2025-02
4377,20,140,2025-11-22,3,Spoilage,535.2,Menu Item 140,10,178.4,Restaurant 020,Salads,2025-11
4378,2,142,2025-06-27,5,Expired,4596.75,Menu Item 142,2,919.35,Restaurant 002,Pizza,2025-06
4379,15,55,2025-11-14,3,Expired,2797.86,Menu Item 055,5,932.62,Restaurant 015,BBQ,2025-11
4380,11,71,2025-07-09,1,Overproduction,464.98,Menu Item 071,1,464.98,Restaurant 011,Burgers,2025-07
4381,19,59,2025-05-02,2,Damaged,379.74,Menu Item 059,9,189.87,Restaurant 019,Beverages,2025-05
4382,12,112,2025-05-02,2,Preparation Error,1722.56,Menu Item 112,2,861.28,Restaurant 012,Pizza,2025-05
4383,15,115,2025-04-26,2,Preparation Error,1607.8,Menu Item 115,5,803.9,Restaurant 015,BBQ,2025-04
4384,10,70,2025-03-17,2,Damaged,414.5,Menu Item 070,10,207.25,Restaurant 010,Salads,2025-03
4385,20,120,2025-11-05,2,Preparation Error,455.66,Menu Item 120,10,227.83,Restaurant 020,Salads,2025-11
4386,7,127,2025-01-18,5,Expired,1670.4,Menu Item 127,7,334.08,Restaurant 007,Sandwiches,2025-01
4387,6,106,2025-02-07,3,Expired,831.39,Menu Item 106,6,277.13,Restaurant 006,Pasta,2025-02
4388,7,147,2025-11-15,3,Preparation Error,674.4,Menu Item 147,7,224.8,Restaurant 007,Sandwiches,2025-11
4389,4,124,2025-12-16,3,Preparation Error,448.71,Menu Item 124,4,149.57,Restaurant 004,Rice,2025-12
4390,16,36,2025-09-20,3,Expired,1352.7,Menu Item 036,6,450.9,Restaurant 016,Pasta,2025-09
4391,2,142,2025-05-07,1,Spoilage,919.35,Menu Item 142,2,919.35,Restaurant 002,Pizza,2025-05
4392,2,142,2025-07-22,3,Unsold,2758.05,Menu Item 142,2,919.35,Restaurant 002,Pizza,2025-07
4393,10,130,2025-01-26,10,Expired,2921.4,Menu Item 130,10,292.14,Restaurant 010,Salads,2025-01
4394,3,43,2025-03-07,2,Damaged,759.4,Menu Item 043,3,379.7,Restaurant 003,Biryani,2025-03
4395,6,46,2025-02-18,3,Expired,1901.73,Menu Item 046,6,633.91,Restaurant 006,Pasta,2025-02
4396,6,46,2025-10-22,3,Damaged,1901.73,Menu Item 046,6,633.91,Restaurant 006,Pasta,2025-10
4397,3,103,2025-08-25,8,Preparation Error,3923.92,Menu Item 103,3,490.49,Restaurant 003,Biryani,2025-08
4398,5,85,2025-01-26,1,Damaged,355.11,Menu Item 085,5,355.11,Restaurant 005,BBQ,2025-01
4399,2,122,2025-10-22,2,Overproduction,1656.7,Menu Item 122,2,828.35,Restaurant 002,Pizza,2025-10
4400,20,100,2025-02-11,1,Overproduction,486.7,Menu Item 100,10,486.7,Restaurant 020,Salads,2025-02
4401,8,88,2025-04-19,8,Overproduction,1805.04,Menu Item 088,8,225.63,Restaurant 008,Desserts,2025-04
4402,12,112,2025-03-01,2,Spoilage,1722.56,Menu Item 112,2,861.28,Restaurant 012,Pizza,2025-03
4403,17,57,2025-10-19,2,Overproduction,629.04,Menu Item 057,7,314.52,Restaurant 017,Sandwiches,2025-10
4404,3,3,2025-06-26,8,Unsold,1807.68,Menu Item 003,3,225.96,Restaurant 003,Biryani,2025-06
4405,19,99,2025-11-23,1,Overproduction,111.74,Menu Item 099,9,111.74,Restaurant 019,Beverages,2025-11
4406,13,33,2025-08-22,2,Spoilage,703.0,Menu Item 033,3,351.5,Restaurant 013,Biryani,2025-08
4407,18,98,2025-01-09,1,Overproduction,373.65,Menu Item 098,8,373.65,Restaurant 018,Desserts,2025-01
4408,18,118,2025-10-23,1,Spoilage,309.0,Menu Item 118,8,309.0,Restaurant 018,Desserts,2025-10
4409,16,16,2025-12-20,2,Damaged,676.68,Menu Item 016,6,338.34,Restaurant 016,Pasta,2025-12
4410,15,95,2025-06-01,2,Damaged,1363.76,Menu Item 095,5,681.88,Restaurant 015,BBQ,2025-06
4411,18,18,2025-12-18,1,Overproduction,334.39,Menu Item 018,8,334.39,Restaurant 018,Desserts,2025-12
4412,17,137,2025-06-12,1,Spoilage,353.74,Menu Item 137,7,353.74,Restaurant 017,Sandwiches,2025-06
4413,3,23,2025-10-15,1,Expired,270.23,Menu Item 023,3,270.23,Restaurant 003,Biryani,2025-10
4414,14,74,2025-11-10,8,Unsold,1247.2,Menu Item 074,4,155.9,Restaurant 014,Rice,2025-11
4415,20,80,2025-12-09,2,Expired,222.1,Menu Item 080,10,111.05,Restaurant 020,Salads,2025-12
4416,20,80,2025-05-09,2,Spoilage,222.1,Menu Item 080,10,111.05,Restaurant 020,Salads,2025-05
4417,3,43,2025-01-28,1,Spoilage,379.7,Menu Item 043,3,379.7,Restaurant 003,Biryani,2025-01
4418,20,60,2025-01-26,1,Expired,331.16,Menu Item 060,10,331.16,Restaurant 020,Salads,2025-01
4419,2,142,2025-02-09,3,Spoilage,2758.05,Menu Item 142,2,919.35,Restaurant 002,Pizza,2025-02
4420,4,4,2025-10-12,2,Overproduction,303.36,Menu Item 004,4,151.68,Restaurant 004,Rice,2025-10
4421,15,55,2025-08-23,1,Damaged,932.62,Menu Item 055,5,932.62,Restaurant 015,BBQ,2025-08
4422,5,125,2025-07-05,3,Preparation Error,3415.02,Menu Item 125,5,1138.34,Restaurant 005,BBQ,2025-07
4423,16,96,2025-01-11,2,Damaged,810.44,Menu Item 096,6,405.22,Restaurant 016,Pasta,2025-01
4424,9,129,2025-01-20,2,Unsold,200.4,Menu Item 129,9,100.2,Restaurant 009,Beverages,2025-01
4425,12,112,2025-10-14,2,Overproduction,1722.56,Menu Item 112,2,861.28,Restaurant 012,Pizza,2025-10
4426,12,72,2025-02-28,2,Spoilage,551.56,Menu Item 072,2,275.78,Restaurant 012,Pizza,2025-02
4427,8,88,2025-12-26,5,Preparation Error,1128.15,Menu Item 088,8,225.63,Restaurant 008,Desserts,2025-12
4428,17,57,2025-09-24,8,Overproduction,2516.16,Menu Item 057,7,314.52,Restaurant 017,Sandwiches,2025-09
4429,4,144,2025-04-14,2,Damaged,486.5,Menu Item 144,4,243.25,Restaurant 004,Rice,2025-04
4430,20,100,2025-05-14,3,Preparation Error,1460.1,Menu Item 100,10,486.7,Restaurant 020,Salads,2025-05
4431,8,8,2025-04-25,3,Damaged,923.16,Menu Item 008,8,307.72,Restaurant 008,Desserts,2025-04
4432,15,75,2025-09-24,1,Expired,422.0,Menu Item 075,5,422.0,Restaurant 015,BBQ,2025-09
4433,2,142,2025-01-02,2,Overproduction,1838.7,Menu Item 142,2,919.35,Restaurant 002,Pizza,2025-01
4434,19,59,2025-09-19,1,Overproduction,189.87,Menu Item 059,9,189.87,Restaurant 019,Beverages,2025-09
4435,14,34,2025-12-08,3,Damaged,1392.96,Menu Item 034,4,464.32,Restaurant 014,Rice,2025-12
4436,5,5,2025-01-04,1,Spoilage,760.21,Menu Item 005,5,760.21,Restaurant 005,BBQ,2025-01
4437,20,120,2025-04-18,3,Unsold,683.49,Menu Item 120,10,227.83,Restaurant 020,Salads,2025-04
4438,12,132,2025-01-15,1,Preparation Error,642.06,Menu Item 132,2,642.06,Restaurant 012,Pizza,2025-01
4439,7,147,2025-09-01,5,Expired,1124.0,Menu Item 147,7,224.8,Restaurant 007,Sandwiches,2025-09
4440,8,48,2025-05-02,1,Spoilage,194.92,Menu Item 048,8,194.92,Restaurant 008,Desserts,2025-05
4441,12,72,2025-09-01,2,Overproduction,551.56,Menu Item 072,2,275.78,Restaurant 012,Pizza,2025-09
4442,11,91,2025-07-10,1,Expired,370.79,Menu Item 091,1,370.79,Restaurant 011,Burgers,2025-07
4443,17,37,2025-05-24,5,Unsold,3448.85,Menu Item 037,7,689.77,Restaurant 017,Sandwiches,2025-05
4444,7,67,2025-08-03,5,Expired,3177.8,Menu Item 067,7,635.56,Restaurant 007,Sandwiches,2025-08
4445,20,40,2025-04-16,1,Expired,276.24,Menu Item 040,10,276.24,Restaurant 020,Salads,2025-04
4446,1,81,2025-01-15,10,Overproduction,5144.7,Menu Item 081,1,514.47,Restaurant 001,Burgers,2025-01
4447,1,1,2025-02-09,2,Preparation Error,856.24,Menu Item 001,1,428.12,Restaurant 001,Burgers,2025-02
4448,15,35,2025-02-15,2,Damaged,874.12,Menu Item 035,5,437.06,Restaurant 015,BBQ,2025-02
4449,17,57,2025-04-12,3,Overproduction,943.56,Menu Item 057,7,314.52,Restaurant 017,Sandwiches,2025-04
4450,14,34,2025-06-23,2,Preparation Error,928.64,Menu Item 034,4,464.32,Restaurant 014,Rice,2025-06
4451,2,42,2025-07-15,2,Expired,935.42,Menu Item 042,2,467.71,Restaurant 002,Pizza,2025-07
4452,7,47,2025-04-21,1,Spoilage,531.56,Menu Item 047,7,531.56,Restaurant 007,Sandwiches,2025-04
4453,8,148,2025-01-07,2,Spoilage,675.28,Menu Item 148,8,337.64,Restaurant 008,Desserts,2025-01
4454,3,23,2025-05-06,2,Expired,540.46,Menu Item 023,3,270.23,Restaurant 003,Biryani,2025-05
4455,9,109,2025-01-05,1,Expired,221.43,Menu Item 109,9,221.43,Restaurant 009,Beverages,2025-01
4456,10,130,2025-02-08,3,Overproduction,876.42,Menu Item 130,10,292.14,Restaurant 010,Salads,2025-02
4457,20,80,2025-09-09,1,Preparation Error,111.05,Menu Item 080,10,111.05,Restaurant 020,Salads,2025-09
4458,6,86,2025-01-12,5,Damaged,2391.55,Menu Item 086,6,478.31,Restaurant 006,Pasta,2025-01
4459,14,34,2025-05-25,3,Unsold,1392.96,Menu Item 034,4,464.32,Restaurant 014,Rice,2025-05
4460,8,68,2025-01-19,1,Unsold,114.06,Menu Item 068,8,114.06,Restaurant 008,Desserts,2025-01
4461,1,61,2025-09-08,1,Overproduction,495.71,Menu Item 061,1,495.71,Restaurant 001,Burgers,2025-09
4462,8,128,2025-07-19,1,Preparation Error,347.29,Menu Item 128,8,347.29,Restaurant 008,Desserts,2025-07
4463,5,5,2025-04-22,1,Unsold,760.21,Menu Item 005,5,760.21,Restaurant 005,BBQ,2025-04
4464,3,3,2025-04-04,1,Expired,225.96,Menu Item 003,3,225.96,Restaurant 003,Biryani,2025-04
4465,17,97,2025-05-13,2,Unsold,908.08,Menu Item 097,7,454.04,Restaurant 017,Sandwiches,2025-05
4466,15,15,2025-06-10,3,Spoilage,1490.91,Menu Item 015,5,496.97,Restaurant 015,BBQ,2025-06
4467,11,131,2025-11-24,1,Expired,372.73,Menu Item 131,1,372.73,Restaurant 011,Burgers,2025-11
4468,10,130,2025-04-06,1,Spoilage,292.14,Menu Item 130,10,292.14,Restaurant 010,Salads,2025-04
4469,1,61,2025-10-14,2,Spoilage,991.42,Menu Item 061,1,495.71,Restaurant 001,Burgers,2025-10
4470,8,148,2025-08-16,3,Overproduction,1012.92,Menu Item 148,8,337.64,Restaurant 008,Desserts,2025-08
4471,16,36,2025-08-08,3,Spoilage,1352.7,Menu Item 036,6,450.9,Restaurant 016,Pasta,2025-08
4472,19,59,2025-01-01,5,Overproduction,949.35,Menu Item 059,9,189.87,Restaurant 019,Beverages,2025-01
4473,15,115,2025-07-18,2,Overproduction,1607.8,Menu Item 115,5,803.9,Restaurant 015,BBQ,2025-07
4474,11,131,2025-11-21,1,Expired,372.73,Menu Item 131,1,372.73,Restaurant 011,Burgers,2025-11
4475,13,133,2025-02-18,3,Preparation Error,1526.49,Menu Item 133,3,508.83,Restaurant 013,Biryani,2025-02
4476,3,123,2025-06-04,2,Preparation Error,731.08,Menu Item 123,3,365.54,Restaurant 003,Biryani,2025-06
4477,5,145,2025-12-09,1,Expired,429.88,Menu Item 145,5,429.88,Restaurant 005,BBQ,2025-12
4478,7,47,2025-01-05,1,Expired,531.56,Menu Item 047,7,531.56,Restaurant 007,Sandwiches,2025-01
4479,1,141,2025-12-20,2,Preparation Error,504.22,Menu Item 141,1,252.11,Restaurant 001,Burgers,2025-12
4480,2,82,2025-08-13,1,Expired,601.45,Menu Item 082,2,601.45,Restaurant 002,Pizza,2025-08
4481,4,104,2025-02-15,2,Preparation Error,335.92,Menu Item 104,4,167.96,Restaurant 004,Rice,2025-02
4482,3,83,2025-04-15,3,Damaged,709.05,Menu Item 083,3,236.35,Restaurant 003,Biryani,2025-04
4483,8,128,2025-10-04,2,Preparation Error,694.58,Menu Item 128,8,347.29,Restaurant 008,Desserts,2025-10
4484,9,69,2025-03-13,2,Expired,189.6,Menu Item 069,9,94.8,Restaurant 009,Beverages,2025-03
4485,3,23,2025-09-26,8,Preparation Error,2161.84,Menu Item 023,3,270.23,Restaurant 003,Biryani,2025-09
4486,6,66,2025-03-17,1,Expired,418.78,Menu Item 066,6,418.78,Restaurant 006,Pasta,2025-03
4487,19,139,2025-11-26,2,Damaged,255.08,Menu Item 139,9,127.54,Restaurant 019,Beverages,2025-11
4488,3,143,2025-12-12,3,Expired,1065.0,Menu Item 143,3,355.0,Restaurant 003,Biryani,2025-12
4489,8,148,2025-11-21,2,Preparation Error,675.28,Menu Item 148,8,337.64,Restaurant 008,Desserts,2025-11
4490,10,10,2025-01-14,5,Damaged,716.5,Menu Item 010,10,143.3,Restaurant 010,Salads,2025-01
4491,17,57,2025-10-08,2,Expired,629.04,Menu Item 057,7,314.52,Restaurant 017,Sandwiches,2025-10
4492,17,97,2025-12-13,3,Preparation Error,1362.12,Menu Item 097,7,454.04,Restaurant 017,Sandwiches,2025-12
4493,7,127,2025-10-03,3,Expired,1002.24,Menu Item 127,7,334.08,Restaurant 007,Sandwiches,2025-10
4494,17,77,2025-12-04,2,Spoilage,1197.26,Menu Item 077,7,598.63,Restaurant 017,Sandwiches,2025-12
4495,4,4,2025-08-04,3,Spoilage,455.04,Menu Item 004,4,151.68,Restaurant 004,Rice,2025-08
4496,13,133,2025-03-05,3,Expired,1526.49,Menu Item 133,3,508.83,Restaurant 013,Biryani,2025-03
4497,20,40,2025-04-03,3,Preparation Error,828.72,Menu Item 040,10,276.24,Restaurant 020,Salads,2025-04
4498,4,64,2025-12-11,1,Expired,256.46,Menu Item 064,4,256.46,Restaurant 004,Rice,2025-12
4499,12,112,2025-07-18,8,Overproduction,6890.24,Menu Item 112,2,861.28,Restaurant 012,Pizza,2025-07
4500,18,18,2025-09-10,8,Overproduction,2675.12,Menu Item 018,8,334.39,Restaurant 018,Desserts,2025-09
4501,16,16,2025-11-05,1,Unsold,338.34,Menu Item 016,6,338.34,Restaurant 016,Pasta,2025-11
4502,11,111,2025-03-23,1,Overproduction,326.19,Menu Item 111,1,326.19,Restaurant 011,Burgers,2025-03
4503,1,101,2025-09-24,3,Expired,955.53,Menu Item 101,1,318.51,Restaurant 001,Burgers,2025-09
4504,20,80,2025-05-11,2,Preparation Error,222.1,Menu Item 080,10,111.05,Restaurant 020,Salads,2025-05
4505,8,8,2025-01-26,1,Damaged,307.72,Menu Item 008,8,307.72,Restaurant 008,Desserts,2025-01
4506,5,25,2025-05-02,1,Preparation Error,1027.71,Menu Item 025,5,1027.71,Restaurant 005,BBQ,2025-05
4507,18,118,2025-07-15,3,Spoilage,927.0,Menu Item 118,8,309.0,Restaurant 018,Desserts,2025-07
4508,5,145,2025-10-10,1,Spoilage,429.88,Menu Item 145,5,429.88,Restaurant 005,BBQ,2025-10
4509,2,82,2025-04-09,2,Spoilage,1202.9,Menu Item 082,2,601.45,Restaurant 002,Pizza,2025-04
4510,14,94,2025-01-22,1,Preparation Error,274.91,Menu Item 094,4,274.91,Restaurant 014,Rice,2025-01
4511,4,124,2025-12-04,1,Unsold,149.57,Menu Item 124,4,149.57,Restaurant 004,Rice,2025-12
4512,1,61,2025-10-05,5,Expired,2478.55,Menu Item 061,1,495.71,Restaurant 001,Burgers,2025-10
4513,16,116,2025-03-02,2,Preparation Error,1026.56,Menu Item 116,6,513.28,Restaurant 016,Pasta,2025-03
4514,18,98,2025-09-16,3,Spoilage,1120.95,Menu Item 098,8,373.65,Restaurant 018,Desserts,2025-09
4515,5,105,2025-03-05,3,Preparation Error,1789.62,Menu Item 105,5,596.54,Restaurant 005,BBQ,2025-03
4516,12,132,2025-06-02,1,Overproduction,642.06,Menu Item 132,2,642.06,Restaurant 012,Pizza,2025-06
4517,9,29,2025-02-14,2,Spoilage,137.24,Menu Item 029,9,68.62,Restaurant 009,Beverages,2025-02
4518,17,137,2025-01-16,5,Spoilage,1768.7,Menu Item 137,7,353.74,Restaurant 017,Sandwiches,2025-01
4519,15,135,2025-03-06,1,Damaged,300.49,Menu Item 135,5,300.49,Restaurant 015,BBQ,2025-03
4520,2,142,2025-03-04,1,Expired,919.35,Menu Item 142,2,919.35,Restaurant 002,Pizza,2025-03
4521,5,25,2025-03-05,1,Spoilage,1027.71,Menu Item 025,5,1027.71,Restaurant 005,BBQ,2025-03
4522,2,22,2025-05-15,10,Preparation Error,3234.7,Menu Item 022,2,323.47,Restaurant 002,Pizza,2025-05
4523,11,11,2025-11-01,5,Spoilage,2731.2,Menu Item 011,1,546.24,Restaurant 011,Burgers,2025-11
4524,8,108,2025-01-24,1,Expired,415.08,Menu Item 108,8,415.08,Restaurant 008,Desserts,2025-01
4525,2,122,2025-07-20,1,Spoilage,828.35,Menu Item 122,2,828.35,Restaurant 002,Pizza,2025-07
4526,4,64,2025-11-05,3,Overproduction,769.38,Menu Item 064,4,256.46,Restaurant 004,Rice,2025-11
4527,2,142,2025-08-15,3,Expired,2758.05,Menu Item 142,2,919.35,Restaurant 002,Pizza,2025-08
4528,5,125,2025-08-15,1,Overproduction,1138.34,Menu Item 125,5,1138.34,Restaurant 005,BBQ,2025-08
4529,14,34,2025-04-25,1,Spoilage,464.32,Menu Item 034,4,464.32,Restaurant 014,Rice,2025-04
4530,8,88,2025-06-27,8,Unsold,1805.04,Menu Item 088,8,225.63,Restaurant 008,Desserts,2025-06
4531,7,47,2025-09-11,2,Spoilage,1063.12,Menu Item 047,7,531.56,Restaurant 007,Sandwiches,2025-09
4532,3,123,2025-08-15,5,Overproduction,1827.7,Menu Item 123,3,365.54,Restaurant 003,Biryani,2025-08
4533,10,110,2025-08-10,2,Spoilage,438.54,Menu Item 110,10,219.27,Restaurant 010,Salads,2025-08
4534,9,29,2025-11-15,1,Unsold,68.62,Menu Item 029,9,68.62,Restaurant 009,Beverages,2025-11
4535,5,145,2025-07-01,5,Overproduction,2149.4,Menu Item 145,5,429.88,Restaurant 005,BBQ,2025-07
4536,14,14,2025-08-19,10,Spoilage,2312.3,Menu Item 014,4,231.23,Restaurant 014,Rice,2025-08
4537,5,25,2025-09-09,3,Damaged,3083.13,Menu Item 025,5,1027.71,Restaurant 005,BBQ,2025-09
4538,8,28,2025-06-27,8,Preparation Error,3025.28,Menu Item 028,8,378.16,Restaurant 008,Desserts,2025-06
4539,15,95,2025-01-21,1,Spoilage,681.88,Menu Item 095,5,681.88,Restaurant 015,BBQ,2025-01
4540,5,145,2025-06-23,1,Damaged,429.88,Menu Item 145,5,429.88,Restaurant 005,BBQ,2025-06
4541,7,107,2025-08-21,10,Overproduction,4725.8,Menu Item 107,7,472.58,Restaurant 007,Sandwiches,2025-08
4542,15,15,2025-05-16,1,Overproduction,496.97,Menu Item 015,5,496.97,Restaurant 015,BBQ,2025-05
4543,20,120,2025-07-05,3,Damaged,683.49,Menu Item 120,10,227.83,Restaurant 020,Salads,2025-07
4544,19,39,2025-03-06,1,Damaged,88.74,Menu Item 039,9,88.74,Restaurant 019,Beverages,2025-03
4545,1,61,2025-07-07,2,Preparation Error,991.42,Menu Item 061,1,495.71,Restaurant 001,Burgers,2025-07
4546,10,70,2025-11-22,2,Unsold,414.5,Menu Item 070,10,207.25,Restaurant 010,Salads,2025-11
4547,12,72,2025-07-07,1,Preparation Error,275.78,Menu Item 072,2,275.78,Restaurant 012,Pizza,2025-07
4548,20,100,2025-07-26,5,Spoilage,2433.5,Menu Item 100,10,486.7,Restaurant 020,Salads,2025-07
4549,6,86,2025-02-14,3,Expired,1434.93,Menu Item 086,6,478.31,Restaurant 006,Pasta,2025-02
4550,6,126,2025-04-06,5,Unsold,3353.15,Menu Item 126,6,670.63,Restaurant 006,Pasta,2025-04
4551,12,32,2025-12-05,2,Spoilage,1476.6,Menu Item 032,2,738.3,Restaurant 012,Pizza,2025-12
4552,1,1,2025-11-16,1,Unsold,428.12,Menu Item 001,1,428.12,Restaurant 001,Burgers,2025-11
4553,7,67,2025-02-24,8,Spoilage,5084.48,Menu Item 067,7,635.56,Restaurant 007,Sandwiches,2025-02
4554,2,2,2025-05-06,2,Preparation Error,1644.6,Menu Item 002,2,822.3,Restaurant 002,Pizza,2025-05
4555,4,44,2025-08-23,1,Unsold,440.72,Menu Item 044,4,440.72,Restaurant 004,Rice,2025-08
4556,3,63,2025-09-01,5,Spoilage,1569.7,Menu Item 063,3,313.94,Restaurant 003,Biryani,2025-09
4557,6,106,2025-05-23,8,Overproduction,2217.04,Menu Item 106,6,277.13,Restaurant 006,Pasta,2025-05
4558,13,113,2025-11-05,2,Unsold,461.62,Menu Item 113,3,230.81,Restaurant 013,Biryani,2025-11
4559,17,77,2025-04-15,2,Preparation Error,1197.26,Menu Item 077,7,598.63,Restaurant 017,Sandwiches,2025-04
4560,2,102,2025-01-08,5,Unsold,3870.85,Menu Item 102,2,774.17,Restaurant 002,Pizza,2025-01
4561,12,132,2025-11-28,3,Unsold,1926.18,Menu Item 132,2,642.06,Restaurant 012,Pizza,2025-11
4562,14,54,2025-04-01,1,Damaged,182.18,Menu Item 054,4,182.18,Restaurant 014,Rice,2025-04
4563,13,33,2025-07-11,2,Unsold,703.0,Menu Item 033,3,351.5,Restaurant 013,Biryani,2025-07
4564,16,76,2025-11-08,1,Damaged,415.31,Menu Item 076,6,415.31,Restaurant 016,Pasta,2025-11
4565,8,68,2025-04-11,1,Unsold,114.06,Menu Item 068,8,114.06,Restaurant 008,Desserts,2025-04
4566,5,25,2025-06-13,1,Spoilage,1027.71,Menu Item 025,5,1027.71,Restaurant 005,BBQ,2025-06
4567,18,38,2025-09-09,2,Unsold,752.64,Menu Item 038,8,376.32,Restaurant 018,Desserts,2025-09
4568,20,60,2025-09-27,1,Damaged,331.16,Menu Item 060,10,331.16,Restaurant 020,Salads,2025-09
4569,18,78,2025-12-16,8,Damaged,2048.88,Menu Item 078,8,256.11,Restaurant 018,Desserts,2025-12
4570,12,132,2025-06-19,1,Spoilage,642.06,Menu Item 132,2,642.06,Restaurant 012,Pizza,2025-06
4571,2,22,2025-04-03,2,Damaged,646.94,Menu Item 022,2,323.47,Restaurant 002,Pizza,2025-04
4572,4,4,2025-11-25,3,Expired,455.04,Menu Item 004,4,151.68,Restaurant 004,Rice,2025-11
4573,11,111,2025-12-14,1,Unsold,326.19,Menu Item 111,1,326.19,Restaurant 011,Burgers,2025-12
4574,11,11,2025-02-01,8,Preparation Error,4369.92,Menu Item 011,1,546.24,Restaurant 011,Burgers,2025-02
4575,13,133,2025-02-28,5,Expired,2544.15,Menu Item 133,3,508.83,Restaurant 013,Biryani,2025-02
4576,17,77,2025-10-28,1,Expired,598.63,Menu Item 077,7,598.63,Restaurant 017,Sandwiches,2025-10
4577,15,115,2025-06-25,2,Spoilage,1607.8,Menu Item 115,5,803.9,Restaurant 015,BBQ,2025-06
4578,9,109,2025-12-07,1,Preparation Error,221.43,Menu Item 109,9,221.43,Restaurant 009,Beverages,2025-12
4579,3,43,2025-03-26,3,Overproduction,1139.1,Menu Item 043,3,379.7,Restaurant 003,Biryani,2025-03
4580,20,60,2025-10-08,5,Unsold,1655.8,Menu Item 060,10,331.16,Restaurant 020,Salads,2025-10
4581,9,109,2025-03-26,3,Spoilage,664.29,Menu Item 109,9,221.43,Restaurant 009,Beverages,2025-03
4582,13,113,2025-04-21,3,Damaged,692.43,Menu Item 113,3,230.81,Restaurant 013,Biryani,2025-04
4583,1,41,2025-10-22,5,Damaged,1272.55,Menu Item 041,1,254.51,Restaurant 001,Burgers,2025-10
4584,10,50,2025-08-26,2,Expired,316.2,Menu Item 050,10,158.1,Restaurant 010,Salads,2025-08
4585,20,100,2025-10-01,2,Overproduction,973.4,Menu Item 100,10,486.7,Restaurant 020,Salads,2025-10
4586,15,55,2025-12-10,2,Preparation Error,1865.24,Menu Item 055,5,932.62,Restaurant 015,BBQ,2025-12
4587,2,102,2025-04-16,5,Spoilage,3870.85,Menu Item 102,2,774.17,Restaurant 002,Pizza,2025-04
4588,20,40,2025-01-03,3,Damaged,828.72,Menu Item 040,10,276.24,Restaurant 020,Salads,2025-01
4589,6,66,2025-03-13,2,Damaged,837.56,Menu Item 066,6,418.78,Restaurant 006,Pasta,2025-03
4590,12,112,2025-06-05,1,Preparation Error,861.28,Menu Item 112,2,861.28,Restaurant 012,Pizza,2025-06
4591,8,48,2025-12-16,1,Damaged,194.92,Menu Item 048,8,194.92,Restaurant 008,Desserts,2025-12
4592,6,126,2025-11-02,2,Damaged,1341.26,Menu Item 126,6,670.63,Restaurant 006,Pasta,2025-11
4593,4,104,2025-04-24,5,Damaged,839.8,Menu Item 104,4,167.96,Restaurant 004,Rice,2025-04
4594,7,27,2025-06-19,2,Spoilage,675.42,Menu Item 027,7,337.71,Restaurant 007,Sandwiches,2025-06
4595,8,48,2025-11-14,3,Overproduction,584.76,Menu Item 048,8,194.92,Restaurant 008,Desserts,2025-11
4596,11,71,2025-03-17,3,Preparation Error,1394.94,Menu Item 071,1,464.98,Restaurant 011,Burgers,2025-03
4597,12,92,2025-12-02,1,Preparation Error,464.37,Menu Item 092,2,464.37,Restaurant 012,Pizza,2025-12
4598,20,80,2025-05-02,1,Expired,111.05,Menu Item 080,10,111.05,Restaurant 020,Salads,2025-05
4599,20,40,2025-05-22,2,Preparation Error,552.48,Menu Item 040,10,276.24,Restaurant 020,Salads,2025-05
4600,7,147,2025-05-19,2,Unsold,449.6,Menu Item 147,7,224.8,Restaurant 007,Sandwiches,2025-05
4601,1,1,2025-10-15,1,Expired,428.12,Menu Item 001,1,428.12,Restaurant 001,Burgers,2025-10
4602,13,33,2025-12-15,2,Preparation Error,703.0,Menu Item 033,3,351.5,Restaurant 013,Biryani,2025-12
4603,9,9,2025-05-22,5,Expired,701.75,Menu Item 009,9,140.35,Restaurant 009,Beverages,2025-05
4604,8,108,2025-04-25,2,Unsold,830.16,Menu Item 108,8,415.08,Restaurant 008,Desserts,2025-04
4605,2,142,2025-07-25,2,Damaged,1838.7,Menu Item 142,2,919.35,Restaurant 002,Pizza,2025-07
4606,15,115,2025-04-06,2,Unsold,1607.8,Menu Item 115,5,803.9,Restaurant 015,BBQ,2025-04
4607,15,55,2025-04-19,2,Spoilage,1865.24,Menu Item 055,5,932.62,Restaurant 015,BBQ,2025-04
4608,5,65,2025-02-17,2,Expired,1031.48,Menu Item 065,5,515.74,Restaurant 005,BBQ,2025-02
4609,3,83,2025-12-16,2,Expired,472.7,Menu Item 083,3,236.35,Restaurant 003,Biryani,2025-12
4610,11,91,2025-05-17,3,Overproduction,1112.37,Menu Item 091,1,370.79,Restaurant 011,Burgers,2025-05
4611,19,139,2025-12-26,1,Overproduction,127.54,Menu Item 139,9,127.54,Restaurant 019,Beverages,2025-12
4612,5,85,2025-12-20,1,Overproduction,355.11,Menu Item 085,5,355.11,Restaurant 005,BBQ,2025-12
4613,9,89,2025-11-21,1,Preparation Error,266.36,Menu Item 089,9,266.36,Restaurant 009,Beverages,2025-11
4614,17,37,2025-01-26,1,Expired,689.77,Menu Item 037,7,689.77,Restaurant 017,Sandwiches,2025-01
4615,10,50,2025-08-19,1,Unsold,158.1,Menu Item 050,10,158.1,Restaurant 010,Salads,2025-08
4616,10,130,2025-06-17,1,Unsold,292.14,Menu Item 130,10,292.14,Restaurant 010,Salads,2025-06
4617,10,150,2025-01-04,1,Damaged,377.34,Menu Item 150,10,377.34,Restaurant 010,Salads,2025-01
4618,13,93,2025-06-26,2,Damaged,1107.22,Menu Item 093,3,553.61,Restaurant 013,Biryani,2025-06
4619,8,88,2025-04-18,3,Damaged,676.89,Menu Item 088,8,225.63,Restaurant 008,Desserts,2025-04
4620,13,73,2025-06-27,3,Damaged,695.25,Menu Item 073,3,231.75,Restaurant 013,Biryani,2025-06
4621,5,105,2025-01-06,3,Overproduction,1789.62,Menu Item 105,5,596.54,Restaurant 005,BBQ,2025-01
4622,6,146,2025-01-09,3,Unsold,2227.59,Menu Item 146,6,742.53,Restaurant 006,Pasta,2025-01
4623,2,22,2025-03-01,1,Spoilage,323.47,Menu Item 022,2,323.47,Restaurant 002,Pizza,2025-03
4624,14,54,2025-05-08,2,Preparation Error,364.36,Menu Item 054,4,182.18,Restaurant 014,Rice,2025-05
4625,13,133,2025-07-04,1,Overproduction,508.83,Menu Item 133,3,508.83,Restaurant 013,Biryani,2025-07
4626,18,18,2025-02-09,3,Unsold,1003.17,Menu Item 018,8,334.39,Restaurant 018,Desserts,2025-02
4627,19,39,2025-04-09,2,Unsold,177.48,Menu Item 039,9,88.74,Restaurant 019,Beverages,2025-04
4628,14,54,2025-07-07,3,Damaged,546.54,Menu Item 054,4,182.18,Restaurant 014,Rice,2025-07
4629,5,145,2025-07-28,2,Unsold,859.76,Menu Item 145,5,429.88,Restaurant 005,BBQ,2025-07
4630,5,65,2025-08-21,2,Spoilage,1031.48,Menu Item 065,5,515.74,Restaurant 005,BBQ,2025-08
4631,20,40,2025-09-20,2,Spoilage,552.48,Menu Item 040,10,276.24,Restaurant 020,Salads,2025-09
4632,15,115,2025-07-21,3,Preparation Error,2411.7,Menu Item 115,5,803.9,Restaurant 015,BBQ,2025-07
4633,10,130,2025-09-25,5,Preparation Error,1460.7,Menu Item 130,10,292.14,Restaurant 010,Salads,2025-09
4634,13,93,2025-08-24,5,Damaged,2768.05,Menu Item 093,3,553.61,Restaurant 013,Biryani,2025-08
4635,14,94,2025-04-14,2,Preparation Error,549.82,Menu Item 094,4,274.91,Restaurant 014,Rice,2025-04
4636,7,47,2025-09-25,1,Unsold,531.56,Menu Item 047,7,531.56,Restaurant 007,Sandwiches,2025-09
4637,1,21,2025-02-08,2,Expired,644.56,Menu Item 021,1,322.28,Restaurant 001,Burgers,2025-02
4638,12,52,2025-09-24,5,Overproduction,2318.0,Menu Item 052,2,463.6,Restaurant 012,Pizza,2025-09
4639,5,85,2025-01-11,5,Overproduction,1775.55,Menu Item 085,5,355.11,Restaurant 005,BBQ,2025-01
4640,4,144,2025-08-15,1,Spoilage,243.25,Menu Item 144,4,243.25,Restaurant 004,Rice,2025-08
4641,2,122,2025-04-09,2,Unsold,1656.7,Menu Item 122,2,828.35,Restaurant 002,Pizza,2025-04
4642,13,33,2025-12-03,1,Expired,351.5,Menu Item 033,3,351.5,Restaurant 013,Biryani,2025-12
4643,6,86,2025-01-17,2,Expired,956.62,Menu Item 086,6,478.31,Restaurant 006,Pasta,2025-01
4644,11,131,2025-03-04,2,Spoilage,745.46,Menu Item 131,1,372.73,Restaurant 011,Burgers,2025-03
4645,2,82,2025-07-26,5,Spoilage,3007.25,Menu Item 082,2,601.45,Restaurant 002,Pizza,2025-07
4646,11,11,2025-05-19,8,Overproduction,4369.92,Menu Item 011,1,546.24,Restaurant 011,Burgers,2025-05
4647,18,78,2025-11-13,1,Unsold,256.11,Menu Item 078,8,256.11,Restaurant 018,Desserts,2025-11
4648,18,118,2025-01-21,1,Overproduction,309.0,Menu Item 118,8,309.0,Restaurant 018,Desserts,2025-01
4649,3,143,2025-11-11,2,Preparation Error,710.0,Menu Item 143,3,355.0,Restaurant 003,Biryani,2025-11
4650,10,30,2025-03-05,2,Expired,334.54,Menu Item 030,10,167.27,Restaurant 010,Salads,2025-03
4651,17,17,2025-03-28,2,Unsold,584.68,Menu Item 017,7,292.34,Restaurant 017,Sandwiches,2025-03
4652,6,46,2025-03-04,1,Unsold,633.91,Menu Item 046,6,633.91,Restaurant 006,Pasta,2025-03
4653,1,41,2025-09-26,5,Overproduction,1272.55,Menu Item 041,1,254.51,Restaurant 001,Burgers,2025-09
4654,1,21,2025-10-15,2,Damaged,644.56,Menu Item 021,1,322.28,Restaurant 001,Burgers,2025-10
4655,10,50,2025-08-23,2,Unsold,316.2,Menu Item 050,10,158.1,Restaurant 010,Salads,2025-08
4656,7,127,2025-02-10,1,Spoilage,334.08,Menu Item 127,7,334.08,Restaurant 007,Sandwiches,2025-02
4657,9,9,2025-12-11,2,Spoilage,280.7,Menu Item 009,9,140.35,Restaurant 009,Beverages,2025-12
4658,7,127,2025-01-04,3,Preparation Error,1002.24,Menu Item 127,7,334.08,Restaurant 007,Sandwiches,2025-01
4659,15,35,2025-04-07,1,Damaged,437.06,Menu Item 035,5,437.06,Restaurant 015,BBQ,2025-04
4660,4,104,2025-07-06,1,Damaged,167.96,Menu Item 104,4,167.96,Restaurant 004,Rice,2025-07
4661,3,103,2025-01-14,2,Damaged,980.98,Menu Item 103,3,490.49,Restaurant 003,Biryani,2025-01
4662,12,72,2025-11-18,3,Overproduction,827.34,Menu Item 072,2,275.78,Restaurant 012,Pizza,2025-11
4663,8,128,2025-10-13,3,Expired,1041.87,Menu Item 128,8,347.29,Restaurant 008,Desserts,2025-10
4664,4,124,2025-01-09,3,Unsold,448.71,Menu Item 124,4,149.57,Restaurant 004,Rice,2025-01
4665,3,43,2025-02-18,1,Spoilage,379.7,Menu Item 043,3,379.7,Restaurant 003,Biryani,2025-02
4666,20,140,2025-02-04,1,Spoilage,178.4,Menu Item 140,10,178.4,Restaurant 020,Salads,2025-02
4667,1,121,2025-04-21,1,Expired,375.3,Menu Item 121,1,375.3,Restaurant 001,Burgers,2025-04
4668,18,118,2025-08-20,3,Damaged,927.0,Menu Item 118,8,309.0,Restaurant 018,Desserts,2025-08
4669,8,148,2025-01-08,2,Spoilage,675.28,Menu Item 148,8,337.64,Restaurant 008,Desserts,2025-01
4670,6,6,2025-01-06,1,Expired,302.15,Menu Item 006,6,302.15,Restaurant 006,Pasta,2025-01
4671,15,95,2025-08-21,8,Expired,5455.04,Menu Item 095,5,681.88,Restaurant 015,BBQ,2025-08
4672,9,129,2025-03-08,2,Damaged,200.4,Menu Item 129,9,100.2,Restaurant 009,Beverages,2025-03
4673,13,133,2025-05-19,5,Expired,2544.15,Menu Item 133,3,508.83,Restaurant 013,Biryani,2025-05
4674,15,35,2025-10-06,2,Unsold,874.12,Menu Item 035,5,437.06,Restaurant 015,BBQ,2025-10
4675,16,16,2025-07-22,1,Expired,338.34,Menu Item 016,6,338.34,Restaurant 016,Pasta,2025-07
4676,9,109,2025-06-22,1,Damaged,221.43,Menu Item 109,9,221.43,Restaurant 009,Beverages,2025-06
4677,2,102,2025-01-14,10,Spoilage,7741.7,Menu Item 102,2,774.17,Restaurant 002,Pizza,2025-01
4678,14,74,2025-10-04,1,Overproduction,155.9,Menu Item 074,4,155.9,Restaurant 014,Rice,2025-10
4679,16,56,2025-05-03,1,Spoilage,390.6,Menu Item 056,6,390.6,Restaurant 016,Pasta,2025-05
4680,8,108,2025-07-23,1,Unsold,415.08,Menu Item 108,8,415.08,Restaurant 008,Desserts,2025-07
4681,12,52,2025-02-26,1,Spoilage,463.6,Menu Item 052,2,463.6,Restaurant 012,Pizza,2025-02
4682,2,22,2025-08-14,5,Expired,1617.35,Menu Item 022,2,323.47,Restaurant 002,Pizza,2025-08
4683,2,102,2025-10-12,2,Preparation Error,1548.34,Menu Item 102,2,774.17,Restaurant 002,Pizza,2025-10
4684,7,27,2025-07-15,1,Overproduction,337.71,Menu Item 027,7,337.71,Restaurant 007,Sandwiches,2025-07
4685,20,100,2025-05-27,1,Unsold,486.7,Menu Item 100,10,486.7,Restaurant 020,Salads,2025-05
4686,19,59,2025-11-02,2,Preparation Error,379.74,Menu Item 059,9,189.87,Restaurant 019,Beverages,2025-11
4687,16,136,2025-08-08,2,Overproduction,864.74,Menu Item 136,6,432.37,Restaurant 016,Pasta,2025-08
4688,8,28,2025-11-23,1,Preparation Error,378.16,Menu Item 028,8,378.16,Restaurant 008,Desserts,2025-11
4689,4,64,2025-04-28,1,Unsold,256.46,Menu Item 064,4,256.46,Restaurant 004,Rice,2025-04
4690,11,111,2025-08-06,3,Overproduction,978.57,Menu Item 111,1,326.19,Restaurant 011,Burgers,2025-08
4691,13,93,2025-07-20,5,Expired,2768.05,Menu Item 093,3,553.61,Restaurant 013,Biryani,2025-07
4692,20,100,2025-08-01,1,Unsold,486.7,Menu Item 100,10,486.7,Restaurant 020,Salads,2025-08
4693,16,36,2025-07-19,8,Damaged,3607.2,Menu Item 036,6,450.9,Restaurant 016,Pasta,2025-07
4694,5,45,2025-09-08,1,Unsold,389.94,Menu Item 045,5,389.94,Restaurant 005,BBQ,2025-09
4695,11,51,2025-10-06,3,Overproduction,1088.43,Menu Item 051,1,362.81,Restaurant 011,Burgers,2025-10
4696,7,127,2025-03-13,1,Damaged,334.08,Menu Item 127,7,334.08,Restaurant 007,Sandwiches,2025-03
4697,8,128,2025-09-20,1,Expired,347.29,Menu Item 128,8,347.29,Restaurant 008,Desserts,2025-09
4698,9,129,2025-01-10,2,Unsold,200.4,Menu Item 129,9,100.2,Restaurant 009,Beverages,2025-01
4699,1,41,2025-08-18,1,Overproduction,254.51,Menu Item 041,1,254.51,Restaurant 001,Burgers,2025-08
4700,3,143,2025-02-03,2,Unsold,710.0,Menu Item 143,3,355.0,Restaurant 003,Biryani,2025-02
4701,7,127,2025-07-05,2,Expired,668.16,Menu Item 127,7,334.08,Restaurant 007,Sandwiches,2025-07
4702,15,55,2025-12-12,1,Damaged,932.62,Menu Item 055,5,932.62,Restaurant 015,BBQ,2025-12
4703,16,36,2025-01-13,3,Spoilage,1352.7,Menu Item 036,6,450.9,Restaurant 016,Pasta,2025-01
4704,16,76,2025-01-07,2,Preparation Error,830.62,Menu Item 076,6,415.31,Restaurant 016,Pasta,2025-01
4705,6,26,2025-11-10,8,Expired,4852.48,Menu Item 026,6,606.56,Restaurant 006,Pasta,2025-11
4706,1,41,2025-09-12,10,Unsold,2545.1,Menu Item 041,1,254.51,Restaurant 001,Burgers,2025-09
4707,16,16,2025-04-18,5,Spoilage,1691.7,Menu Item 016,6,338.34,Restaurant 016,Pasta,2025-04
4708,20,40,2025-04-22,2,Unsold,552.48,Menu Item 040,10,276.24,Restaurant 020,Salads,2025-04
4709,10,30,2025-04-21,3,Spoilage,501.81,Menu Item 030,10,167.27,Restaurant 010,Salads,2025-04
4710,11,131,2025-03-26,1,Unsold,372.73,Menu Item 131,1,372.73,Restaurant 011,Burgers,2025-03
4711,6,86,2025-02-20,1,Unsold,478.31,Menu Item 086,6,478.31,Restaurant 006,Pasta,2025-02
4712,7,127,2025-01-25,3,Spoilage,1002.24,Menu Item 127,7,334.08,Restaurant 007,Sandwiches,2025-01
4713,19,79,2025-07-12,1,Spoilage,130.5,Menu Item 079,9,130.5,Restaurant 019,Beverages,2025-07
4714,5,145,2025-12-12,1,Damaged,429.88,Menu Item 145,5,429.88,Restaurant 005,BBQ,2025-12
4715,12,52,2025-06-26,3,Expired,1390.8,Menu Item 052,2,463.6,Restaurant 012,Pizza,2025-06
4716,16,56,2025-03-25,1,Expired,390.6,Menu Item 056,6,390.6,Restaurant 016,Pasta,2025-03
4717,20,140,2025-05-14,1,Spoilage,178.4,Menu Item 140,10,178.4,Restaurant 020,Salads,2025-05
4718,15,15,2025-11-16,1,Spoilage,496.97,Menu Item 015,5,496.97,Restaurant 015,BBQ,2025-11
4719,3,123,2025-12-17,3,Unsold,1096.62,Menu Item 123,3,365.54,Restaurant 003,Biryani,2025-12
4720,16,36,2025-07-01,1,Unsold,450.9,Menu Item 036,6,450.9,Restaurant 016,Pasta,2025-07
4721,15,55,2025-10-06,10,Spoilage,9326.2,Menu Item 055,5,932.62,Restaurant 015,BBQ,2025-10
4722,3,43,2025-03-26,3,Overproduction,1139.1,Menu Item 043,3,379.7,Restaurant 003,Biryani,2025-03
4723,8,48,2025-07-13,3,Overproduction,584.76,Menu Item 048,8,194.92,Restaurant 008,Desserts,2025-07
4724,9,109,2025-08-20,1,Spoilage,221.43,Menu Item 109,9,221.43,Restaurant 009,Beverages,2025-08
4725,5,105,2025-06-14,2,Damaged,1193.08,Menu Item 105,5,596.54,Restaurant 005,BBQ,2025-06
4726,17,37,2025-11-10,8,Expired,5518.16,Menu Item 037,7,689.77,Restaurant 017,Sandwiches,2025-11
4727,13,93,2025-08-21,1,Expired,553.61,Menu Item 093,3,553.61,Restaurant 013,Biryani,2025-08
4728,3,63,2025-03-12,5,Expired,1569.7,Menu Item 063,3,313.94,Restaurant 003,Biryani,2025-03
4729,19,139,2025-04-18,3,Preparation Error,382.62,Menu Item 139,9,127.54,Restaurant 019,Beverages,2025-04
4730,4,64,2025-12-10,2,Expired,512.92,Menu Item 064,4,256.46,Restaurant 004,Rice,2025-12
4731,14,114,2025-04-19,5,Overproduction,2724.45,Menu Item 114,4,544.89,Restaurant 014,Rice,2025-04
4732,11,11,2025-02-10,1,Preparation Error,546.24,Menu Item 011,1,546.24,Restaurant 011,Burgers,2025-02
4733,3,3,2025-01-04,3,Unsold,677.88,Menu Item 003,3,225.96,Restaurant 003,Biryani,2025-01
4734,20,140,2025-12-20,2,Damaged,356.8,Menu Item 140,10,178.4,Restaurant 020,Salads,2025-12
4735,3,123,2025-10-16,3,Spoilage,1096.62,Menu Item 123,3,365.54,Restaurant 003,Biryani,2025-10
4736,19,39,2025-09-25,2,Overproduction,177.48,Menu Item 039,9,88.74,Restaurant 019,Beverages,2025-09
4737,3,3,2025-08-28,5,Damaged,1129.8,Menu Item 003,3,225.96,Restaurant 003,Biryani,2025-08
4738,8,48,2025-09-09,1,Overproduction,194.92,Menu Item 048,8,194.92,Restaurant 008,Desserts,2025-09
4739,9,89,2025-11-24,1,Preparation Error,266.36,Menu Item 089,9,266.36,Restaurant 009,Beverages,2025-11
4740,20,100,2025-11-19,1,Spoilage,486.7,Menu Item 100,10,486.7,Restaurant 020,Salads,2025-11
4741,5,65,2025-12-03,1,Expired,515.74,Menu Item 065,5,515.74,Restaurant 005,BBQ,2025-12
4742,5,45,2025-06-10,2,Unsold,779.88,Menu Item 045,5,389.94,Restaurant 005,BBQ,2025-06
4743,2,122,2025-07-27,1,Preparation Error,828.35,Menu Item 122,2,828.35,Restaurant 002,Pizza,2025-07
4744,19,19,2025-06-10,1,Damaged,179.99,Menu Item 019,9,179.99,Restaurant 019,Beverages,2025-06
4745,11,111,2025-01-03,3,Overproduction,978.57,Menu Item 111,1,326.19,Restaurant 011,Burgers,2025-01
4746,19,59,2025-07-17,2,Unsold,379.74,Menu Item 059,9,189.87,Restaurant 019,Beverages,2025-07
4747,6,106,2025-04-10,2,Damaged,554.26,Menu Item 106,6,277.13,Restaurant 006,Pasta,2025-04
4748,5,25,2025-02-25,3,Unsold,3083.13,Menu Item 025,5,1027.71,Restaurant 005,BBQ,2025-02
4749,12,52,2025-09-15,3,Unsold,1390.8,Menu Item 052,2,463.6,Restaurant 012,Pizza,2025-09
4750,7,67,2025-02-25,3,Unsold,1906.68,Menu Item 067,7,635.56,Restaurant 007,Sandwiches,2025-02
4751,10,30,2025-08-13,1,Preparation Error,167.27,Menu Item 030,10,167.27,Restaurant 010,Salads,2025-08
4752,16,96,2025-08-09,3,Preparation Error,1215.66,Menu Item 096,6,405.22,Restaurant 016,Pasta,2025-08
4753,5,105,2025-04-13,2,Unsold,1193.08,Menu Item 105,5,596.54,Restaurant 005,BBQ,2025-04
4754,20,20,2025-08-27,5,Expired,1442.55,Menu Item 020,10,288.51,Restaurant 020,Salads,2025-08
4755,7,127,2025-09-14,5,Overproduction,1670.4,Menu Item 127,7,334.08,Restaurant 007,Sandwiches,2025-09
4756,19,99,2025-08-21,1,Preparation Error,111.74,Menu Item 099,9,111.74,Restaurant 019,Beverages,2025-08
4757,1,41,2025-01-26,2,Expired,509.02,Menu Item 041,1,254.51,Restaurant 001,Burgers,2025-01
4758,20,60,2025-02-15,2,Expired,662.32,Menu Item 060,10,331.16,Restaurant 020,Salads,2025-02
4759,20,140,2025-08-03,5,Overproduction,892.0,Menu Item 140,10,178.4,Restaurant 020,Salads,2025-08
4760,2,102,2025-01-09,8,Overproduction,6193.36,Menu Item 102,2,774.17,Restaurant 002,Pizza,2025-01
4761,5,45,2025-12-23,3,Spoilage,1169.82,Menu Item 045,5,389.94,Restaurant 005,BBQ,2025-12
4762,6,146,2025-03-28,3,Expired,2227.59,Menu Item 146,6,742.53,Restaurant 006,Pasta,2025-03
4763,19,79,2025-03-27,2,Damaged,261.0,Menu Item 079,9,130.5,Restaurant 019,Beverages,2025-03
4764,4,104,2025-09-23,3,Damaged,503.88,Menu Item 104,4,167.96,Restaurant 004,Rice,2025-09
4765,9,69,2025-09-20,2,Spoilage,189.6,Menu Item 069,9,94.8,Restaurant 009,Beverages,2025-09
4766,8,48,2025-08-20,1,Preparation Error,194.92,Menu Item 048,8,194.92,Restaurant 008,Desserts,2025-08
4767,1,141,2025-11-07,2,Preparation Error,504.22,Menu Item 141,1,252.11,Restaurant 001,Burgers,2025-11
4768,8,148,2025-09-12,1,Expired,337.64,Menu Item 148,8,337.64,Restaurant 008,Desserts,2025-09
4769,1,101,2025-07-28,1,Overproduction,318.51,Menu Item 101,1,318.51,Restaurant 001,Burgers,2025-07
4770,20,80,2025-05-01,1,Unsold,111.05,Menu Item 080,10,111.05,Restaurant 020,Salads,2025-05
4771,19,139,2025-10-21,2,Expired,255.08,Menu Item 139,9,127.54,Restaurant 019,Beverages,2025-10
4772,15,55,2025-11-19,2,Damaged,1865.24,Menu Item 055,5,932.62,Restaurant 015,BBQ,2025-11
4773,18,78,2025-04-19,5,Overproduction,1280.55,Menu Item 078,8,256.11,Restaurant 018,Desserts,2025-04
4774,6,126,2025-07-21,2,Overproduction,1341.26,Menu Item 126,6,670.63,Restaurant 006,Pasta,2025-07
4775,8,88,2025-01-21,1,Preparation Error,225.63,Menu Item 088,8,225.63,Restaurant 008,Desserts,2025-01
4776,19,39,2025-11-06,3,Spoilage,266.22,Menu Item 039,9,88.74,Restaurant 019,Beverages,2025-11
4777,19,19,2025-06-09,2,Unsold,359.98,Menu Item 019,9,179.99,Restaurant 019,Beverages,2025-06
4778,19,59,2025-07-22,8,Preparation Error,1518.96,Menu Item 059,9,189.87,Restaurant 019,Beverages,2025-07
4779,12,72,2025-03-13,3,Preparation Error,827.34,Menu Item 072,2,275.78,Restaurant 012,Pizza,2025-03
4780,20,40,2025-04-15,1,Unsold,276.24,Menu Item 040,10,276.24,Restaurant 020,Salads,2025-04
4781,10,130,2025-06-02,2,Expired,584.28,Menu Item 130,10,292.14,Restaurant 010,Salads,2025-06
4782,20,120,2025-10-19,2,Damaged,455.66,Menu Item 120,10,227.83,Restaurant 020,Salads,2025-10
4783,14,14,2025-12-18,2,Spoilage,462.46,Menu Item 014,4,231.23,Restaurant 014,Rice,2025-12
4784,4,4,2025-03-21,2,Damaged,303.36,Menu Item 004,4,151.68,Restaurant 004,Rice,2025-03
4785,13,33,2025-09-05,1,Expired,351.5,Menu Item 033,3,351.5,Restaurant 013,Biryani,2025-09
4786,19,79,2025-02-23,2,Spoilage,261.0,Menu Item 079,9,130.5,Restaurant 019,Beverages,2025-02
4787,4,104,2025-07-28,3,Preparation Error,503.88,Menu Item 104,4,167.96,Restaurant 004,Rice,2025-07
4788,18,138,2025-08-14,8,Preparation Error,1236.8,Menu Item 138,8,154.6,Restaurant 018,Desserts,2025-08
4789,1,121,2025-03-19,3,Damaged,1125.9,Menu Item 121,1,375.3,Restaurant 001,Burgers,2025-03
4790,13,93,2025-01-17,3,Unsold,1660.83,Menu Item 093,3,553.61,Restaurant 013,Biryani,2025-01
4791,9,149,2025-01-07,8,Expired,1913.44,Menu Item 149,9,239.18,Restaurant 009,Beverages,2025-01
4792,14,34,2025-07-28,5,Unsold,2321.6,Menu Item 034,4,464.32,Restaurant 014,Rice,2025-07
4793,7,107,2025-06-02,3,Preparation Error,1417.74,Menu Item 107,7,472.58,Restaurant 007,Sandwiches,2025-06
4794,10,150,2025-03-21,5,Unsold,1886.7,Menu Item 150,10,377.34,Restaurant 010,Salads,2025-03
4795,16,136,2025-09-18,2,Expired,864.74,Menu Item 136,6,432.37,Restaurant 016,Pasta,2025-09
4796,15,15,2025-11-22,1,Unsold,496.97,Menu Item 015,5,496.97,Restaurant 015,BBQ,2025-11
4797,9,9,2025-06-14,3,Spoilage,421.05,Menu Item 009,9,140.35,Restaurant 009,Beverages,2025-06
4798,16,56,2025-12-28,2,Damaged,781.2,Menu Item 056,6,390.6,Restaurant 016,Pasta,2025-12
4799,10,150,2025-07-03,1,Overproduction,377.34,Menu Item 150,10,377.34,Restaurant 010,Salads,2025-07
4800,6,126,2025-02-25,3,Damaged,2011.89,Menu Item 126,6,670.63,Restaurant 006,Pasta,2025-02
4801,1,81,2025-11-03,8,Damaged,4115.76,Menu Item 081,1,514.47,Restaurant 001,Burgers,2025-11
4802,14,134,2025-04-02,3,Preparation Error,865.02,Menu Item 134,4,288.34,Restaurant 014,Rice,2025-04
4803,7,67,2025-06-12,1,Preparation Error,635.56,Menu Item 067,7,635.56,Restaurant 007,Sandwiches,2025-06
4804,11,51,2025-12-22,1,Damaged,362.81,Menu Item 051,1,362.81,Restaurant 011,Burgers,2025-12
4805,4,64,2025-09-01,3,Unsold,769.38,Menu Item 064,4,256.46,Restaurant 004,Rice,2025-09
4806,3,3,2025-11-07,3,Damaged,677.88,Menu Item 003,3,225.96,Restaurant 003,Biryani,2025-11
4807,1,121,2025-12-03,1,Expired,375.3,Menu Item 121,1,375.3,Restaurant 001,Burgers,2025-12
4808,15,135,2025-04-04,1,Preparation Error,300.49,Menu Item 135,5,300.49,Restaurant 015,BBQ,2025-04
4809,11,51,2025-03-13,3,Preparation Error,1088.43,Menu Item 051,1,362.81,Restaurant 011,Burgers,2025-03
4810,12,52,2025-09-03,2,Expired,927.2,Menu Item 052,2,463.6,Restaurant 012,Pizza,2025-09
4811,15,15,2025-02-03,3,Expired,1490.91,Menu Item 015,5,496.97,Restaurant 015,BBQ,2025-02
4812,4,4,2025-12-09,2,Unsold,303.36,Menu Item 004,4,151.68,Restaurant 004,Rice,2025-12
4813,13,113,2025-01-21,1,Unsold,230.81,Menu Item 113,3,230.81,Restaurant 013,Biryani,2025-01
4814,1,21,2025-12-05,2,Overproduction,644.56,Menu Item 021,1,322.28,Restaurant 001,Burgers,2025-12
4815,6,86,2025-08-19,2,Damaged,956.62,Menu Item 086,6,478.31,Restaurant 006,Pasta,2025-08
4816,1,21,2025-10-13,3,Expired,966.84,Menu Item 021,1,322.28,Restaurant 001,Burgers,2025-10
4817,1,21,2025-01-20,1,Preparation Error,322.28,Menu Item 021,1,322.28,Restaurant 001,Burgers,2025-01
4818,18,98,2025-05-02,1,Unsold,373.65,Menu Item 098,8,373.65,Restaurant 018,Desserts,2025-05
4819,8,88,2025-01-20,5,Overproduction,1128.15,Menu Item 088,8,225.63,Restaurant 008,Desserts,2025-01
4820,12,72,2025-01-16,1,Overproduction,275.78,Menu Item 072,2,275.78,Restaurant 012,Pizza,2025-01
4821,19,139,2025-04-15,1,Damaged,127.54,Menu Item 139,9,127.54,Restaurant 019,Beverages,2025-04
4822,12,132,2025-01-04,1,Spoilage,642.06,Menu Item 132,2,642.06,Restaurant 012,Pizza,2025-01
4823,1,121,2025-04-18,2,Expired,750.6,Menu Item 121,1,375.3,Restaurant 001,Burgers,2025-04
4824,13,93,2025-01-10,2,Spoilage,1107.22,Menu Item 093,3,553.61,Restaurant 013,Biryani,2025-01
4825,13,113,2025-09-16,5,Unsold,1154.05,Menu Item 113,3,230.81,Restaurant 013,Biryani,2025-09
4826,19,99,2025-12-20,3,Unsold,335.22,Menu Item 099,9,111.74,Restaurant 019,Beverages,2025-12
4827,4,64,2025-07-24,1,Overproduction,256.46,Menu Item 064,4,256.46,Restaurant 004,Rice,2025-07
4828,10,50,2025-04-05,5,Overproduction,790.5,Menu Item 050,10,158.1,Restaurant 010,Salads,2025-04
4829,10,110,2025-08-05,1,Expired,219.27,Menu Item 110,10,219.27,Restaurant 010,Salads,2025-08
4830,1,1,2025-01-13,2,Spoilage,856.24,Menu Item 001,1,428.12,Restaurant 001,Burgers,2025-01
4831,4,144,2025-12-10,1,Unsold,243.25,Menu Item 144,4,243.25,Restaurant 004,Rice,2025-12
4832,20,140,2025-12-27,1,Unsold,178.4,Menu Item 140,10,178.4,Restaurant 020,Salads,2025-12
4833,18,118,2025-03-12,2,Spoilage,618.0,Menu Item 118,8,309.0,Restaurant 018,Desserts,2025-03
4834,14,74,2025-05-21,1,Expired,155.9,Menu Item 074,4,155.9,Restaurant 014,Rice,2025-05
4835,16,136,2025-09-03,3,Overproduction,1297.11,Menu Item 136,6,432.37,Restaurant 016,Pasta,2025-09
4836,18,58,2025-07-23,5,Overproduction,1801.25,Menu Item 058,8,360.25,Restaurant 018,Desserts,2025-07
4837,17,137,2025-02-22,5,Overproduction,1768.7,Menu Item 137,7,353.74,Restaurant 017,Sandwiches,2025-02
4838,3,63,2025-10-16,2,Unsold,627.88,Menu Item 063,3,313.94,Restaurant 003,Biryani,2025-10
4839,17,17,2025-06-22,2,Overproduction,584.68,Menu Item 017,7,292.34,Restaurant 017,Sandwiches,2025-06
4840,6,66,2025-07-21,1,Expired,418.78,Menu Item 066,6,418.78,Restaurant 006,Pasta,2025-07
4841,6,146,2025-10-16,1,Spoilage,742.53,Menu Item 146,6,742.53,Restaurant 006,Pasta,2025-10
4842,4,44,2025-09-06,2,Damaged,881.44,Menu Item 044,4,440.72,Restaurant 004,Rice,2025-09
4843,3,43,2025-03-23,1,Overproduction,379.7,Menu Item 043,3,379.7,Restaurant 003,Biryani,2025-03
4844,13,73,2025-09-01,8,Preparation Error,1854.0,Menu Item 073,3,231.75,Restaurant 013,Biryani,2025-09
4845,9,69,2025-03-17,8,Expired,758.4,Menu Item 069,9,94.8,Restaurant 009,Beverages,2025-03
4846,12,132,2025-08-28,5,Expired,3210.3,Menu Item 132,2,642.06,Restaurant 012,Pizza,2025-08
4847,13,133,2025-06-21,2,Overproduction,1017.66,Menu Item 133,3,508.83,Restaurant 013,Biryani,2025-06
4848,2,102,2025-06-18,8,Expired,6193.36,Menu Item 102,2,774.17,Restaurant 002,Pizza,2025-06
4849,5,25,2025-06-11,3,Spoilage,3083.13,Menu Item 025,5,1027.71,Restaurant 005,BBQ,2025-06
4850,4,64,2025-11-05,1,Overproduction,256.46,Menu Item 064,4,256.46,Restaurant 004,Rice,2025-11
4851,12,112,2025-02-12,3,Expired,2583.84,Menu Item 112,2,861.28,Restaurant 012,Pizza,2025-02
4852,13,33,2025-04-04,3,Damaged,1054.5,Menu Item 033,3,351.5,Restaurant 013,Biryani,2025-04
4853,9,69,2025-08-20,1,Expired,94.8,Menu Item 069,9,94.8,Restaurant 009,Beverages,2025-08
4854,16,96,2025-07-06,2,Damaged,810.44,Menu Item 096,6,405.22,Restaurant 016,Pasta,2025-07
4855,3,143,2025-08-23,1,Overproduction,355.0,Menu Item 143,3,355.0,Restaurant 003,Biryani,2025-08
4856,17,137,2025-04-27,2,Unsold,707.48,Menu Item 137,7,353.74,Restaurant 017,Sandwiches,2025-04
4857,7,7,2025-09-14,2,Spoilage,955.14,Menu Item 007,7,477.57,Restaurant 007,Sandwiches,2025-09
4858,4,144,2025-08-11,5,Unsold,1216.25,Menu Item 144,4,243.25,Restaurant 004,Rice,2025-08
4859,18,118,2025-07-20,2,Damaged,618.0,Menu Item 118,8,309.0,Restaurant 018,Desserts,2025-07
4860,6,126,2025-05-22,1,Damaged,670.63,Menu Item 126,6,670.63,Restaurant 006,Pasta,2025-05
4861,8,48,2025-07-20,3,Preparation Error,584.76,Menu Item 048,8,194.92,Restaurant 008,Desserts,2025-07
4862,19,79,2025-06-21,1,Overproduction,130.5,Menu Item 079,9,130.5,Restaurant 019,Beverages,2025-06
4863,12,92,2025-04-05,5,Overproduction,2321.85,Menu Item 092,2,464.37,Restaurant 012,Pizza,2025-04
4864,17,37,2025-08-26,3,Preparation Error,2069.31,Menu Item 037,7,689.77,Restaurant 017,Sandwiches,2025-08
4865,16,36,2025-11-27,1,Unsold,450.9,Menu Item 036,6,450.9,Restaurant 016,Pasta,2025-11
4866,15,55,2025-04-23,8,Preparation Error,7460.96,Menu Item 055,5,932.62,Restaurant 015,BBQ,2025-04
4867,12,52,2025-12-26,3,Preparation Error,1390.8,Menu Item 052,2,463.6,Restaurant 012,Pizza,2025-12
4868,14,134,2025-03-25,3,Spoilage,865.02,Menu Item 134,4,288.34,Restaurant 014,Rice,2025-03
4869,11,31,2025-03-20,2,Damaged,645.24,Menu Item 031,1,322.62,Restaurant 011,Burgers,2025-03
4870,6,26,2025-05-07,2,Preparation Error,1213.12,Menu Item 026,6,606.56,Restaurant 006,Pasta,2025-05
4871,15,35,2025-03-25,1,Damaged,437.06,Menu Item 035,5,437.06,Restaurant 015,BBQ,2025-03
4872,15,35,2025-11-02,3,Expired,1311.18,Menu Item 035,5,437.06,Restaurant 015,BBQ,2025-11
4873,17,137,2025-01-19,1,Overproduction,353.74,Menu Item 137,7,353.74,Restaurant 017,Sandwiches,2025-01
4874,11,71,2025-02-25,2,Preparation Error,929.96,Menu Item 071,1,464.98,Restaurant 011,Burgers,2025-02
4875,11,11,2025-04-14,2,Spoilage,1092.48,Menu Item 011,1,546.24,Restaurant 011,Burgers,2025-04
4876,14,94,2025-06-06,3,Preparation Error,824.73,Menu Item 094,4,274.91,Restaurant 014,Rice,2025-06
4877,10,90,2025-12-20,2,Unsold,381.92,Menu Item 090,10,190.96,Restaurant 010,Salads,2025-12
4878,14,34,2025-02-03,1,Overproduction,464.32,Menu Item 034,4,464.32,Restaurant 014,Rice,2025-02
4879,10,70,2025-04-02,1,Preparation Error,207.25,Menu Item 070,10,207.25,Restaurant 010,Salads,2025-04
4880,16,116,2025-03-10,2,Unsold,1026.56,Menu Item 116,6,513.28,Restaurant 016,Pasta,2025-03
4881,3,23,2025-01-07,1,Spoilage,270.23,Menu Item 023,3,270.23,Restaurant 003,Biryani,2025-01
4882,3,123,2025-09-26,1,Expired,365.54,Menu Item 123,3,365.54,Restaurant 003,Biryani,2025-09
4883,3,63,2025-07-12,2,Damaged,627.88,Menu Item 063,3,313.94,Restaurant 003,Biryani,2025-07
4884,15,15,2025-02-13,1,Spoilage,496.97,Menu Item 015,5,496.97,Restaurant 015,BBQ,2025-02
4885,1,141,2025-08-27,1,Unsold,252.11,Menu Item 141,1,252.11,Restaurant 001,Burgers,2025-08
4886,10,50,2025-07-18,2,Preparation Error,316.2,Menu Item 050,10,158.1,Restaurant 010,Salads,2025-07
4887,20,100,2025-10-06,5,Unsold,2433.5,Menu Item 100,10,486.7,Restaurant 020,Salads,2025-10
4888,19,119,2025-05-21,2,Unsold,209.28,Menu Item 119,9,104.64,Restaurant 019,Beverages,2025-05
4889,1,41,2025-06-05,10,Spoilage,2545.1,Menu Item 041,1,254.51,Restaurant 001,Burgers,2025-06
4890,8,28,2025-06-10,2,Expired,756.32,Menu Item 028,8,378.16,Restaurant 008,Desserts,2025-06
4891,2,82,2025-02-07,2,Overproduction,1202.9,Menu Item 082,2,601.45,Restaurant 002,Pizza,2025-02
4892,15,75,2025-03-09,1,Spoilage,422.0,Menu Item 075,5,422.0,Restaurant 015,BBQ,2025-03
4893,15,15,2025-05-26,3,Unsold,1490.91,Menu Item 015,5,496.97,Restaurant 015,BBQ,2025-05
4894,17,57,2025-12-24,5,Overproduction,1572.6,Menu Item 057,7,314.52,Restaurant 017,Sandwiches,2025-12
4895,8,88,2025-09-06,3,Overproduction,676.89,Menu Item 088,8,225.63,Restaurant 008,Desserts,2025-09
4896,17,117,2025-02-03,5,Overproduction,2148.65,Menu Item 117,7,429.73,Restaurant 017,Sandwiches,2025-02
4897,16,16,2025-12-11,2,Expired,676.68,Menu Item 016,6,338.34,Restaurant 016,Pasta,2025-12
4898,11,11,2025-04-08,2,Unsold,1092.48,Menu Item 011,1,546.24,Restaurant 011,Burgers,2025-04
4899,13,33,2025-01-27,1,Damaged,351.5,Menu Item 033,3,351.5,Restaurant 013,Biryani,2025-01
4900,3,143,2025-08-23,1,Preparation Error,355.0,Menu Item 143,3,355.0,Restaurant 003,Biryani,2025-08
4901,7,67,2025-11-09,3,Unsold,1906.68,Menu Item 067,7,635.56,Restaurant 007,Sandwiches,2025-11
4902,1,61,2025-11-17,2,Spoilage,991.42,Menu Item 061,1,495.71,Restaurant 001,Burgers,2025-11
4903,18,118,2025-04-01,2,Spoilage,618.0,Menu Item 118,8,309.0,Restaurant 018,Desserts,2025-04
4904,20,40,2025-10-14,2,Spoilage,552.48,Menu Item 040,10,276.24,Restaurant 020,Salads,2025-10
4905,13,133,2025-06-14,2,Damaged,1017.66,Menu Item 133,3,508.83,Restaurant 013,Biryani,2025-06
4906,4,24,2025-05-25,3,Preparation Error,1495.11,Menu Item 024,4,498.37,Restaurant 004,Rice,2025-05
4907,15,115,2025-10-16,2,Preparation Error,1607.8,Menu Item 115,5,803.9,Restaurant 015,BBQ,2025-10
4908,19,119,2025-09-07,2,Preparation Error,209.28,Menu Item 119,9,104.64,Restaurant 019,Beverages,2025-09
4909,1,41,2025-05-21,2,Unsold,509.02,Menu Item 041,1,254.51,Restaurant 001,Burgers,2025-05
4910,15,75,2025-01-09,3,Unsold,1266.0,Menu Item 075,5,422.0,Restaurant 015,BBQ,2025-01
4911,18,78,2025-11-08,1,Unsold,256.11,Menu Item 078,8,256.11,Restaurant 018,Desserts,2025-11
4912,9,9,2025-07-26,3,Expired,421.05,Menu Item 009,9,140.35,Restaurant 009,Beverages,2025-07
4913,9,129,2025-11-15,1,Overproduction,100.2,Menu Item 129,9,100.2,Restaurant 009,Beverages,2025-11
4914,1,41,2025-02-05,1,Overproduction,254.51,Menu Item 041,1,254.51,Restaurant 001,Burgers,2025-02
4915,17,37,2025-08-21,1,Spoilage,689.77,Menu Item 037,7,689.77,Restaurant 017,Sandwiches,2025-08
4916,18,138,2025-02-03,1,Damaged,154.6,Menu Item 138,8,154.6,Restaurant 018,Desserts,2025-02
4917,6,26,2025-12-18,1,Damaged,606.56,Menu Item 026,6,606.56,Restaurant 006,Pasta,2025-12
4918,11,111,2025-06-09,1,Overproduction,326.19,Menu Item 111,1,326.19,Restaurant 011,Burgers,2025-06
4919,17,77,2025-08-19,1,Damaged,598.63,Menu Item 077,7,598.63,Restaurant 017,Sandwiches,2025-08
4920,1,141,2025-06-17,1,Overproduction,252.11,Menu Item 141,1,252.11,Restaurant 001,Burgers,2025-06
4921,17,137,2025-12-25,1,Spoilage,353.74,Menu Item 137,7,353.74,Restaurant 017,Sandwiches,2025-12
4922,2,42,2025-12-14,2,Spoilage,935.42,Menu Item 042,2,467.71,Restaurant 002,Pizza,2025-12
4923,6,26,2025-05-11,5,Spoilage,3032.8,Menu Item 026,6,606.56,Restaurant 006,Pasta,2025-05
4924,5,45,2025-06-25,1,Expired,389.94,Menu Item 045,5,389.94,Restaurant 005,BBQ,2025-06
4925,8,8,2025-03-19,1,Unsold,307.72,Menu Item 008,8,307.72,Restaurant 008,Desserts,2025-03
4926,2,142,2025-07-05,3,Preparation Error,2758.05,Menu Item 142,2,919.35,Restaurant 002,Pizza,2025-07
4927,1,21,2025-12-04,3,Unsold,966.84,Menu Item 021,1,322.28,Restaurant 001,Burgers,2025-12
4928,14,114,2025-06-20,8,Preparation Error,4359.12,Menu Item 114,4,544.89,Restaurant 014,Rice,2025-06
4929,1,1,2025-01-28,3,Overproduction,1284.36,Menu Item 001,1,428.12,Restaurant 001,Burgers,2025-01
4930,4,84,2025-05-03,2,Spoilage,701.46,Menu Item 084,4,350.73,Restaurant 004,Rice,2025-05
4931,14,134,2025-03-27,2,Unsold,576.68,Menu Item 134,4,288.34,Restaurant 014,Rice,2025-03
4932,12,112,2025-06-12,3,Overproduction,2583.84,Menu Item 112,2,861.28,Restaurant 012,Pizza,2025-06
4933,10,10,2025-01-17,1,Expired,143.3,Menu Item 010,10,143.3,Restaurant 010,Salads,2025-01
4934,11,71,2025-09-03,1,Unsold,464.98,Menu Item 071,1,464.98,Restaurant 011,Burgers,2025-09
4935,18,18,2025-09-07,1,Spoilage,334.39,Menu Item 018,8,334.39,Restaurant 018,Desserts,2025-09
4936,14,34,2025-07-19,5,Preparation Error,2321.6,Menu Item 034,4,464.32,Restaurant 014,Rice,2025-07
4937,8,8,2025-07-04,5,Unsold,1538.6,Menu Item 008,8,307.72,Restaurant 008,Desserts,2025-07
4938,8,28,2025-09-05,1,Expired,378.16,Menu Item 028,8,378.16,Restaurant 008,Desserts,2025-09
4939,20,20,2025-05-14,3,Unsold,865.53,Menu Item 020,10,288.51,Restaurant 020,Salads,2025-05
4940,14,94,2025-02-11,5,Damaged,1374.55,Menu Item 094,4,274.91,Restaurant 014,Rice,2025-02
4941,11,91,2025-06-13,1,Spoilage,370.79,Menu Item 091,1,370.79,Restaurant 011,Burgers,2025-06
4942,11,31,2025-08-24,3,Preparation Error,967.86,Menu Item 031,1,322.62,Restaurant 011,Burgers,2025-08
4943,20,120,2025-05-06,8,Unsold,1822.64,Menu Item 120,10,227.83,Restaurant 020,Salads,2025-05
4944,4,4,2025-10-07,3,Unsold,455.04,Menu Item 004,4,151.68,Restaurant 004,Rice,2025-10
4945,19,39,2025-08-21,1,Overproduction,88.74,Menu Item 039,9,88.74,Restaurant 019,Beverages,2025-08
4946,19,119,2025-09-11,1,Unsold,104.64,Menu Item 119,9,104.64,Restaurant 019,Beverages,2025-09
4947,4,104,2025-10-19,8,Preparation Error,1343.68,Menu Item 104,4,167.96,Restaurant 004,Rice,2025-10
4948,13,113,2025-06-10,2,Unsold,461.62,Menu Item 113,3,230.81,Restaurant 013,Biryani,2025-06
4949,6,6,2025-07-27,2,Spoilage,604.3,Menu Item 006,6,302.15,Restaurant 006,Pasta,2025-07
4950,19,79,2025-11-14,5,Spoilage,652.5,Menu Item 079,9,130.5,Restaurant 019,Beverages,2025-11
4951,11,91,2025-03-05,1,Preparation Error,370.79,Menu Item 091,1,370.79,Restaurant 011,Burgers,2025-03
4952,8,68,2025-05-04,1,Expired,114.06,Menu Item 068,8,114.06,Restaurant 008,Desserts,2025-05
4953,20,20,2025-04-20,1,Overproduction,288.51,Menu Item 020,10,288.51,Restaurant 020,Salads,2025-04
4954,13,13,2025-11-13,3,Spoilage,1167.84,Menu Item 013,3,389.28,Restaurant 013,Biryani,2025-11
4955,15,115,2025-07-05,1,Overproduction,803.9,Menu Item 115,5,803.9,Restaurant 015,BBQ,2025-07
4956,3,83,2025-12-05,5,Preparation Error,1181.75,Menu Item 083,3,236.35,Restaurant 003,Biryani,2025-12
4957,19,19,2025-04-24,10,Damaged,1799.9,Menu Item 019,9,179.99,Restaurant 019,Beverages,2025-04
4958,18,138,2025-06-08,3,Unsold,463.8,Menu Item 138,8,154.6,Restaurant 018,Desserts,2025-06
4959,2,22,2025-12-05,8,Preparation Error,2587.76,Menu Item 022,2,323.47,Restaurant 002,Pizza,2025-12
4960,16,56,2025-07-23,1,Overproduction,390.6,Menu Item 056,6,390.6,Restaurant 016,Pasta,2025-07
4961,12,72,2025-06-16,1,Preparation Error,275.78,Menu Item 072,2,275.78,Restaurant 012,Pizza,2025-06
4962,9,89,2025-12-13,3,Spoilage,799.08,Menu Item 089,9,266.36,Restaurant 009,Beverages,2025-12
4963,6,66,2025-12-03,3,Overproduction,1256.34,Menu Item 066,6,418.78,Restaurant 006,Pasta,2025-12
4964,19,39,2025-01-13,5,Preparation Error,443.7,Menu Item 039,9,88.74,Restaurant 019,Beverages,2025-01
4965,12,112,2025-10-12,5,Unsold,4306.4,Menu Item 112,2,861.28,Restaurant 012,Pizza,2025-10
4966,11,31,2025-01-19,2,Unsold,645.24,Menu Item 031,1,322.62,Restaurant 011,Burgers,2025-01
4967,20,80,2025-12-02,2,Damaged,222.1,Menu Item 080,10,111.05,Restaurant 020,Salads,2025-12
4968,3,43,2025-10-11,2,Unsold,759.4,Menu Item 043,3,379.7,Restaurant 003,Biryani,2025-10
4969,6,46,2025-05-26,1,Overproduction,633.91,Menu Item 046,6,633.91,Restaurant 006,Pasta,2025-05
4970,10,50,2025-04-18,5,Spoilage,790.5,Menu Item 050,10,158.1,Restaurant 010,Salads,2025-04
4971,3,103,2025-10-20,1,Expired,490.49,Menu Item 103,3,490.49,Restaurant 003,Biryani,2025-10
4972,18,18,2025-03-03,5,Expired,1671.95,Menu Item 018,8,334.39,Restaurant 018,Desserts,2025-03
4973,6,126,2025-09-12,5,Damaged,3353.15,Menu Item 126,6,670.63,Restaurant 006,Pasta,2025-09
4974,2,102,2025-06-08,8,Preparation Error,6193.36,Menu Item 102,2,774.17,Restaurant 002,Pizza,2025-06
4975,11,11,2025-01-14,1,Preparation Error,546.24,Menu Item 011,1,546.24,Restaurant 011,Burgers,2025-01
4976,12,32,2025-03-14,5,Expired,3691.5,Menu Item 032,2,738.3,Restaurant 012,Pizza,2025-03
4977,10,110,2025-07-14,1,Spoilage,219.27,Menu Item 110,10,219.27,Restaurant 010,Salads,2025-07
4978,8,68,2025-04-04,2,Expired,228.12,Menu Item 068,8,114.06,Restaurant 008,Desserts,2025-04
4979,5,65,2025-02-24,1,Expired,515.74,Menu Item 065,5,515.74,Restaurant 005,BBQ,2025-02
4980,3,43,2025-06-09,1,Damaged,379.7,Menu Item 043,3,379.7,Restaurant 003,Biryani,2025-06
4981,7,107,2025-08-22,3,Damaged,1417.74,Menu Item 107,7,472.58,Restaurant 007,Sandwiches,2025-08
4982,2,62,2025-08-10,5,Expired,2548.85,Menu Item 062,2,509.77,Restaurant 002,Pizza,2025-08
4983,2,22,2025-08-18,1,Expired,323.47,Menu Item 022,2,323.47,Restaurant 002,Pizza,2025-08
4984,7,127,2025-02-17,10,Damaged,3340.8,Menu Item 127,7,334.08,Restaurant 007,Sandwiches,2025-02
4985,12,52,2025-02-07,1,Preparation Error,463.6,Menu Item 052,2,463.6,Restaurant 012,Pizza,2025-02
4986,15,15,2025-08-18,2,Expired,993.94,Menu Item 015,5,496.97,Restaurant 015,BBQ,2025-08
4987,17,37,2025-04-08,1,Spoilage,689.77,Menu Item 037,7,689.77,Restaurant 017,Sandwiches,2025-04
4988,2,62,2025-02-05,2,Spoilage,1019.54,Menu Item 062,2,509.77,Restaurant 002,Pizza,2025-02
4989,2,22,2025-05-13,5,Overproduction,1617.35,Menu Item 022,2,323.47,Restaurant 002,Pizza,2025-05
4990,11,91,2025-01-06,3,Overproduction,1112.37,Menu Item 091,1,370.79,Restaurant 011,Burgers,2025-01
4991,19,39,2025-05-19,2,Overproduction,177.48,Menu Item 039,9,88.74,Restaurant 019,Beverages,2025-05
4992,20,100,2025-09-18,2,Overproduction,973.4,Menu Item 100,10,486.7,Restaurant 020,Salads,2025-09
4993,6,6,2025-10-26,2,Overproduction,604.3,Menu Item 006,6,302.15,Restaurant 006,Pasta,2025-10
4994,2,102,2025-06-04,1,Expired,774.17,Menu Item 102,2,774.17,Restaurant 002,Pizza,2025-06
4995,14,54,2025-02-24,2,Damaged,364.36,Menu Item 054,4,182.18,Restaurant 014,Rice,2025-02
4996,20,140,2025-02-22,2,Damaged,356.8,Menu Item 140,10,178.4,Restaurant 020,Salads,2025-02
4997,3,103,2025-06-12,1,Spoilage,490.49,Menu Item 103,3,490.49,Restaurant 003,Biryani,2025-06
4998,9,149,2025-12-11,3,Expired,717.54,Menu Item 149,9,239.18,Restaurant 009,Beverages,2025-12
4999,3,123,2025-03-17,2,Overproduction,731.08,Menu Item 123,3,365.54,Restaurant 003,Biryani,2025-03
5000,2,42,2025-09-19,1,Overproduction,467.71,Menu Item 042,2,467.71,Restaurant 002,Pizza,2025-09
5001,9,129,2025-06-13,1,Spoilage,100.2,Menu Item 129,9,100.2,Restaurant 009,Beverages,2025-06
5002,17,77,2025-02-27,2,Preparation Error,1197.26,Menu Item 077,7,598.63,Restaurant 017,Sandwiches,2025-02
5003,13,33,2025-08-12,1,Spoilage,351.5,Menu Item 033,3,351.5,Restaurant 013,Biryani,2025-08
5004,19,79,2025-09-14,2,Preparation Error,261.0,Menu Item 079,9,130.5,Restaurant 019,Beverages,2025-09
5005,5,65,2025-03-14,2,Spoilage,1031.48,Menu Item 065,5,515.74,Restaurant 005,BBQ,2025-03
5006,18,78,2025-03-25,2,Overproduction,512.22,Menu Item 078,8,256.11,Restaurant 018,Desserts,2025-03
5007,16,36,2025-05-03,2,Preparation Error,901.8,Menu Item 036,6,450.9,Restaurant 016,Pasta,2025-05
5008,7,87,2025-10-14,2,Overproduction,1061.96,Menu Item 087,7,530.98,Restaurant 007,Sandwiches,2025-10
5009,1,101,2025-08-13,5,Expired,1592.55,Menu Item 101,1,318.51,Restaurant 001,Burgers,2025-08
5010,5,25,2025-08-18,2,Unsold,2055.42,Menu Item 025,5,1027.71,Restaurant 005,BBQ,2025-08
5011,13,133,2025-03-09,1,Preparation Error,508.83,Menu Item 133,3,508.83,Restaurant 013,Biryani,2025-03
5012,12,52,2025-11-11,8,Spoilage,3708.8,Menu Item 052,2,463.6,Restaurant 012,Pizza,2025-11
5013,10,150,2025-04-19,1,Overproduction,377.34,Menu Item 150,10,377.34,Restaurant 010,Salads,2025-04
5014,17,77,2025-11-09,2,Preparation Error,1197.26,Menu Item 077,7,598.63,Restaurant 017,Sandwiches,2025-11
5015,1,121,2025-10-21,3,Unsold,1125.9,Menu Item 121,1,375.3,Restaurant 001,Burgers,2025-10
5016,1,101,2025-03-25,3,Preparation Error,955.53,Menu Item 101,1,318.51,Restaurant 001,Burgers,2025-03
5017,18,118,2025-03-20,1,Damaged,309.0,Menu Item 118,8,309.0,Restaurant 018,Desserts,2025-03
5018,14,54,2025-02-19,1,Spoilage,182.18,Menu Item 054,4,182.18,Restaurant 014,Rice,2025-02
5019,6,126,2025-10-06,1,Preparation Error,670.63,Menu Item 126,6,670.63,Restaurant 006,Pasta,2025-10
5020,7,107,2025-02-28,1,Damaged,472.58,Menu Item 107,7,472.58,Restaurant 007,Sandwiches,2025-02
5021,2,22,2025-05-12,3,Damaged,970.41,Menu Item 022,2,323.47,Restaurant 002,Pizza,2025-05
5022,17,57,2025-06-19,2,Expired,629.04,Menu Item 057,7,314.52,Restaurant 017,Sandwiches,2025-06
5023,5,65,2025-08-20,2,Damaged,1031.48,Menu Item 065,5,515.74,Restaurant 005,BBQ,2025-08
5024,18,98,2025-05-20,2,Overproduction,747.3,Menu Item 098,8,373.65,Restaurant 018,Desserts,2025-05
5025,9,149,2025-04-21,5,Overproduction,1195.9,Menu Item 149,9,239.18,Restaurant 009,Beverages,2025-04
5026,15,15,2025-08-12,2,Preparation Error,993.94,Menu Item 015,5,496.97,Restaurant 015,BBQ,2025-08
5027,11,91,2025-06-25,2,Preparation Error,741.58,Menu Item 091,1,370.79,Restaurant 011,Burgers,2025-06
5028,8,48,2025-10-05,10,Preparation Error,1949.2,Menu Item 048,8,194.92,Restaurant 008,Desserts,2025-10
5029,5,85,2025-11-21,2,Damaged,710.22,Menu Item 085,5,355.11,Restaurant 005,BBQ,2025-11
5030,12,92,2025-11-09,2,Unsold,928.74,Menu Item 092,2,464.37,Restaurant 012,Pizza,2025-11
5031,16,76,2025-05-12,2,Damaged,830.62,Menu Item 076,6,415.31,Restaurant 016,Pasta,2025-05
5032,13,133,2025-08-25,3,Spoilage,1526.49,Menu Item 133,3,508.83,Restaurant 013,Biryani,2025-08
5033,14,74,2025-06-19,3,Spoilage,467.7,Menu Item 074,4,155.9,Restaurant 014,Rice,2025-06
5034,3,23,2025-05-24,3,Unsold,810.69,Menu Item 023,3,270.23,Restaurant 003,Biryani,2025-05
5035,2,42,2025-09-03,5,Unsold,2338.55,Menu Item 042,2,467.71,Restaurant 002,Pizza,2025-09
5036,16,96,2025-09-13,2,Damaged,810.44,Menu Item 096,6,405.22,Restaurant 016,Pasta,2025-09
5037,2,42,2025-02-15,1,Overproduction,467.71,Menu Item 042,2,467.71,Restaurant 002,Pizza,2025-02
5038,18,38,2025-08-15,8,Spoilage,3010.56,Menu Item 038,8,376.32,Restaurant 018,Desserts,2025-08
5039,4,104,2025-02-13,1,Unsold,167.96,Menu Item 104,4,167.96,Restaurant 004,Rice,2025-02
5040,15,135,2025-10-19,5,Damaged,1502.45,Menu Item 135,5,300.49,Restaurant 015,BBQ,2025-10
5041,1,121,2025-04-05,2,Expired,750.6,Menu Item 121,1,375.3,Restaurant 001,Burgers,2025-04
5042,16,136,2025-06-22,5,Unsold,2161.85,Menu Item 136,6,432.37,Restaurant 016,Pasta,2025-06
5043,17,77,2025-10-05,1,Damaged,598.63,Menu Item 077,7,598.63,Restaurant 017,Sandwiches,2025-10
5044,12,12,2025-08-02,8,Expired,6264.8,Menu Item 012,2,783.1,Restaurant 012,Pizza,2025-08
5045,2,22,2025-03-17,1,Expired,323.47,Menu Item 022,2,323.47,Restaurant 002,Pizza,2025-03
5046,7,27,2025-12-24,2,Overproduction,675.42,Menu Item 027,7,337.71,Restaurant 007,Sandwiches,2025-12
5047,19,19,2025-06-14,3,Spoilage,539.97,Menu Item 019,9,179.99,Restaurant 019,Beverages,2025-06
5048,15,135,2025-11-11,2,Preparation Error,600.98,Menu Item 135,5,300.49,Restaurant 015,BBQ,2025-11
5049,10,30,2025-08-22,5,Unsold,836.35,Menu Item 030,10,167.27,Restaurant 010,Salads,2025-08
5050,5,65,2025-11-14,5,Spoilage,2578.7,Menu Item 065,5,515.74,Restaurant 005,BBQ,2025-11
5051,1,1,2025-09-12,10,Expired,4281.2,Menu Item 001,1,428.12,Restaurant 001,Burgers,2025-09
5052,8,108,2025-08-06,5,Overproduction,2075.4,Menu Item 108,8,415.08,Restaurant 008,Desserts,2025-08
5053,6,26,2025-02-01,2,Expired,1213.12,Menu Item 026,6,606.56,Restaurant 006,Pasta,2025-02
5054,9,89,2025-07-06,2,Preparation Error,532.72,Menu Item 089,9,266.36,Restaurant 009,Beverages,2025-07
5055,19,139,2025-04-23,1,Preparation Error,127.54,Menu Item 139,9,127.54,Restaurant 019,Beverages,2025-04
5056,5,85,2025-09-06,3,Spoilage,1065.33,Menu Item 085,5,355.11,Restaurant 005,BBQ,2025-09
5057,2,102,2025-08-23,1,Spoilage,774.17,Menu Item 102,2,774.17,Restaurant 002,Pizza,2025-08
5058,7,7,2025-11-24,1,Unsold,477.57,Menu Item 007,7,477.57,Restaurant 007,Sandwiches,2025-11
5059,17,77,2025-05-16,1,Damaged,598.63,Menu Item 077,7,598.63,Restaurant 017,Sandwiches,2025-05
5060,12,32,2025-06-10,2,Unsold,1476.6,Menu Item 032,2,738.3,Restaurant 012,Pizza,2025-06
5061,20,20,2025-01-11,3,Expired,865.53,Menu Item 020,10,288.51,Restaurant 020,Salads,2025-01
5062,18,118,2025-11-12,1,Preparation Error,309.0,Menu Item 118,8,309.0,Restaurant 018,Desserts,2025-11
5063,13,73,2025-01-19,5,Overproduction,1158.75,Menu Item 073,3,231.75,Restaurant 013,Biryani,2025-01
5064,9,9,2025-08-26,1,Damaged,140.35,Menu Item 009,9,140.35,Restaurant 009,Beverages,2025-08
5065,16,36,2025-10-19,3,Unsold,1352.7,Menu Item 036,6,450.9,Restaurant 016,Pasta,2025-10
5066,2,42,2025-02-12,1,Expired,467.71,Menu Item 042,2,467.71,Restaurant 002,Pizza,2025-02
5067,12,132,2025-01-11,2,Overproduction,1284.12,Menu Item 132,2,642.06,Restaurant 012,Pizza,2025-01
5068,20,60,2025-11-10,1,Spoilage,331.16,Menu Item 060,10,331.16,Restaurant 020,Salads,2025-11
5069,9,49,2025-04-26,1,Damaged,254.28,Menu Item 049,9,254.28,Restaurant 009,Beverages,2025-04
5070,18,58,2025-01-22,1,Preparation Error,360.25,Menu Item 058,8,360.25,Restaurant 018,Desserts,2025-01
5071,12,72,2025-07-01,2,Unsold,551.56,Menu Item 072,2,275.78,Restaurant 012,Pizza,2025-07
5072,8,88,2025-08-11,2,Preparation Error,451.26,Menu Item 088,8,225.63,Restaurant 008,Desserts,2025-08
5073,7,147,2025-12-17,5,Overproduction,1124.0,Menu Item 147,7,224.8,Restaurant 007,Sandwiches,2025-12
5074,14,134,2025-10-04,2,Preparation Error,576.68,Menu Item 134,4,288.34,Restaurant 014,Rice,2025-10
5075,10,150,2025-12-09,2,Overproduction,754.68,Menu Item 150,10,377.34,Restaurant 010,Salads,2025-12
5076,4,24,2025-08-21,2,Unsold,996.74,Menu Item 024,4,498.37,Restaurant 004,Rice,2025-08
5077,11,71,2025-07-20,5,Spoilage,2324.9,Menu Item 071,1,464.98,Restaurant 011,Burgers,2025-07
5078,3,103,2025-10-16,8,Damaged,3923.92,Menu Item 103,3,490.49,Restaurant 003,Biryani,2025-10
5079,11,51,2025-04-09,3,Overproduction,1088.43,Menu Item 051,1,362.81,Restaurant 011,Burgers,2025-04
5080,19,79,2025-03-10,2,Preparation Error,261.0,Menu Item 079,9,130.5,Restaurant 019,Beverages,2025-03
5081,9,49,2025-12-10,2,Overproduction,508.56,Menu Item 049,9,254.28,Restaurant 009,Beverages,2025-12
5082,14,94,2025-05-06,5,Unsold,1374.55,Menu Item 094,4,274.91,Restaurant 014,Rice,2025-05
5083,12,52,2025-09-03,2,Expired,927.2,Menu Item 052,2,463.6,Restaurant 012,Pizza,2025-09
5084,14,54,2025-05-06,1,Unsold,182.18,Menu Item 054,4,182.18,Restaurant 014,Rice,2025-05
5085,11,111,2025-05-15,3,Spoilage,978.57,Menu Item 111,1,326.19,Restaurant 011,Burgers,2025-05
5086,15,95,2025-06-25,1,Damaged,681.88,Menu Item 095,5,681.88,Restaurant 015,BBQ,2025-06
5087,4,84,2025-01-05,2,Overproduction,701.46,Menu Item 084,4,350.73,Restaurant 004,Rice,2025-01
5088,12,32,2025-03-22,2,Expired,1476.6,Menu Item 032,2,738.3,Restaurant 012,Pizza,2025-03
5089,20,40,2025-10-03,2,Unsold,552.48,Menu Item 040,10,276.24,Restaurant 020,Salads,2025-10
5090,2,82,2025-05-27,1,Expired,601.45,Menu Item 082,2,601.45,Restaurant 002,Pizza,2025-05
5091,14,114,2025-12-28,1,Spoilage,544.89,Menu Item 114,4,544.89,Restaurant 014,Rice,2025-12
5092,5,85,2025-01-24,5,Expired,1775.55,Menu Item 085,5,355.11,Restaurant 005,BBQ,2025-01
5093,7,127,2025-12-06,10,Damaged,3340.8,Menu Item 127,7,334.08,Restaurant 007,Sandwiches,2025-12
5094,10,70,2025-06-24,8,Overproduction,1658.0,Menu Item 070,10,207.25,Restaurant 010,Salads,2025-06
5095,18,118,2025-09-18,1,Spoilage,309.0,Menu Item 118,8,309.0,Restaurant 018,Desserts,2025-09
5096,7,27,2025-07-05,3,Spoilage,1013.13,Menu Item 027,7,337.71,Restaurant 007,Sandwiches,2025-07
5097,13,53,2025-03-17,1,Unsold,298.53,Menu Item 053,3,298.53,Restaurant 013,Biryani,2025-03
5098,2,102,2025-07-03,5,Damaged,3870.85,Menu Item 102,2,774.17,Restaurant 002,Pizza,2025-07
5099,14,134,2025-07-07,5,Spoilage,1441.7,Menu Item 134,4,288.34,Restaurant 014,Rice,2025-07
5100,10,70,2025-08-23,1,Damaged,207.25,Menu Item 070,10,207.25,Restaurant 010,Salads,2025-08
5101,8,88,2025-10-20,3,Damaged,676.89,Menu Item 088,8,225.63,Restaurant 008,Desserts,2025-10
5102,2,102,2025-04-27,3,Unsold,2322.51,Menu Item 102,2,774.17,Restaurant 002,Pizza,2025-04
5103,17,77,2025-01-06,8,Unsold,4789.04,Menu Item 077,7,598.63,Restaurant 017,Sandwiches,2025-01
5104,13,33,2025-09-02,1,Spoilage,351.5,Menu Item 033,3,351.5,Restaurant 013,Biryani,2025-09
5105,19,119,2025-06-19,10,Damaged,1046.4,Menu Item 119,9,104.64,Restaurant 019,Beverages,2025-06
5106,15,15,2025-04-06,1,Unsold,496.97,Menu Item 015,5,496.97,Restaurant 015,BBQ,2025-04
5107,9,49,2025-06-21,2,Overproduction,508.56,Menu Item 049,9,254.28,Restaurant 009,Beverages,2025-06
5108,8,68,2025-10-21,1,Spoilage,114.06,Menu Item 068,8,114.06,Restaurant 008,Desserts,2025-10
5109,3,103,2025-09-23,2,Preparation Error,980.98,Menu Item 103,3,490.49,Restaurant 003,Biryani,2025-09
5110,7,107,2025-07-26,2,Unsold,945.16,Menu Item 107,7,472.58,Restaurant 007,Sandwiches,2025-07
5111,18,38,2025-12-23,2,Spoilage,752.64,Menu Item 038,8,376.32,Restaurant 018,Desserts,2025-12
5112,4,4,2025-08-12,1,Spoilage,151.68,Menu Item 004,4,151.68,Restaurant 004,Rice,2025-08
5113,11,51,2025-12-05,3,Overproduction,1088.43,Menu Item 051,1,362.81,Restaurant 011,Burgers,2025-12
5114,14,54,2025-11-10,8,Preparation Error,1457.44,Menu Item 054,4,182.18,Restaurant 014,Rice,2025-11
5115,12,52,2025-08-08,8,Preparation Error,3708.8,Menu Item 052,2,463.6,Restaurant 012,Pizza,2025-08
5116,11,131,2025-10-24,5,Damaged,1863.65,Menu Item 131,1,372.73,Restaurant 011,Burgers,2025-10
5117,12,32,2025-01-10,2,Damaged,1476.6,Menu Item 032,2,738.3,Restaurant 012,Pizza,2025-01
5118,19,119,2025-08-15,1,Damaged,104.64,Menu Item 119,9,104.64,Restaurant 019,Beverages,2025-08
5119,16,96,2025-01-23,1,Unsold,405.22,Menu Item 096,6,405.22,Restaurant 016,Pasta,2025-01
5120,19,119,2025-06-26,2,Preparation Error,209.28,Menu Item 119,9,104.64,Restaurant 019,Beverages,2025-06
5121,8,8,2025-10-05,2,Damaged,615.44,Menu Item 008,8,307.72,Restaurant 008,Desserts,2025-10
5122,16,16,2025-01-20,1,Damaged,338.34,Menu Item 016,6,338.34,Restaurant 016,Pasta,2025-01
5123,17,57,2025-07-10,5,Expired,1572.6,Menu Item 057,7,314.52,Restaurant 017,Sandwiches,2025-07
5124,1,141,2025-01-08,1,Preparation Error,252.11,Menu Item 141,1,252.11,Restaurant 001,Burgers,2025-01
5125,3,103,2025-02-15,1,Spoilage,490.49,Menu Item 103,3,490.49,Restaurant 003,Biryani,2025-02
5126,4,64,2025-07-02,2,Expired,512.92,Menu Item 064,4,256.46,Restaurant 004,Rice,2025-07
5127,17,77,2025-05-22,1,Overproduction,598.63,Menu Item 077,7,598.63,Restaurant 017,Sandwiches,2025-05
5128,3,83,2025-09-15,2,Overproduction,472.7,Menu Item 083,3,236.35,Restaurant 003,Biryani,2025-09
5129,19,79,2025-11-20,2,Unsold,261.0,Menu Item 079,9,130.5,Restaurant 019,Beverages,2025-11
5130,15,75,2025-09-11,2,Damaged,844.0,Menu Item 075,5,422.0,Restaurant 015,BBQ,2025-09
5131,8,48,2025-12-18,2,Damaged,389.84,Menu Item 048,8,194.92,Restaurant 008,Desserts,2025-12
5132,12,52,2025-05-13,8,Preparation Error,3708.8,Menu Item 052,2,463.6,Restaurant 012,Pizza,2025-05
5133,1,121,2025-10-01,3,Spoilage,1125.9,Menu Item 121,1,375.3,Restaurant 001,Burgers,2025-10
5134,3,103,2025-11-13,1,Spoilage,490.49,Menu Item 103,3,490.49,Restaurant 003,Biryani,2025-11
5135,6,66,2025-05-09,8,Overproduction,3350.24,Menu Item 066,6,418.78,Restaurant 006,Pasta,2025-05
5136,3,103,2025-01-27,1,Unsold,490.49,Menu Item 103,3,490.49,Restaurant 003,Biryani,2025-01
5137,2,102,2025-05-20,1,Expired,774.17,Menu Item 102,2,774.17,Restaurant 002,Pizza,2025-05
5138,10,110,2025-07-04,2,Damaged,438.54,Menu Item 110,10,219.27,Restaurant 010,Salads,2025-07
5139,11,131,2025-07-01,3,Damaged,1118.19,Menu Item 131,1,372.73,Restaurant 011,Burgers,2025-07
5140,10,150,2025-06-19,1,Spoilage,377.34,Menu Item 150,10,377.34,Restaurant 010,Salads,2025-06
5141,14,94,2025-02-25,3,Preparation Error,824.73,Menu Item 094,4,274.91,Restaurant 014,Rice,2025-02
5142,17,117,2025-03-10,2,Preparation Error,859.46,Menu Item 117,7,429.73,Restaurant 017,Sandwiches,2025-03
5143,6,66,2025-02-13,2,Damaged,837.56,Menu Item 066,6,418.78,Restaurant 006,Pasta,2025-02
5144,19,39,2025-12-05,1,Overproduction,88.74,Menu Item 039,9,88.74,Restaurant 019,Beverages,2025-12
5145,7,27,2025-02-10,1,Expired,337.71,Menu Item 027,7,337.71,Restaurant 007,Sandwiches,2025-02
5146,14,14,2025-02-28,1,Preparation Error,231.23,Menu Item 014,4,231.23,Restaurant 014,Rice,2025-02
5147,3,23,2025-09-16,2,Preparation Error,540.46,Menu Item 023,3,270.23,Restaurant 003,Biryani,2025-09
5148,11,91,2025-02-09,2,Damaged,741.58,Menu Item 091,1,370.79,Restaurant 011,Burgers,2025-02
5149,16,16,2025-11-20,8,Spoilage,2706.72,Menu Item 016,6,338.34,Restaurant 016,Pasta,2025-11
5150,18,78,2025-08-09,2,Damaged,512.22,Menu Item 078,8,256.11,Restaurant 018,Desserts,2025-08
5151,11,31,2025-11-10,1,Overproduction,322.62,Menu Item 031,1,322.62,Restaurant 011,Burgers,2025-11
5152,14,94,2025-12-28,2,Preparation Error,549.82,Menu Item 094,4,274.91,Restaurant 014,Rice,2025-12
5153,18,58,2025-11-22,1,Overproduction,360.25,Menu Item 058,8,360.25,Restaurant 018,Desserts,2025-11
5154,9,109,2025-01-17,2,Damaged,442.86,Menu Item 109,9,221.43,Restaurant 009,Beverages,2025-01
5155,3,103,2025-10-08,2,Spoilage,980.98,Menu Item 103,3,490.49,Restaurant 003,Biryani,2025-10
5156,1,141,2025-08-15,3,Expired,756.33,Menu Item 141,1,252.11,Restaurant 001,Burgers,2025-08
5157,14,134,2025-12-26,2,Damaged,576.68,Menu Item 134,4,288.34,Restaurant 014,Rice,2025-12
5158,18,138,2025-07-25,3,Overproduction,463.8,Menu Item 138,8,154.6,Restaurant 018,Desserts,2025-07
5159,6,6,2025-06-07,2,Expired,604.3,Menu Item 006,6,302.15,Restaurant 006,Pasta,2025-06
5160,18,118,2025-07-19,3,Expired,927.0,Menu Item 118,8,309.0,Restaurant 018,Desserts,2025-07
5161,8,68,2025-08-23,8,Expired,912.48,Menu Item 068,8,114.06,Restaurant 008,Desserts,2025-08
5162,4,144,2025-09-01,1,Unsold,243.25,Menu Item 144,4,243.25,Restaurant 004,Rice,2025-09
5163,10,50,2025-04-14,1,Expired,158.1,Menu Item 050,10,158.1,Restaurant 010,Salads,2025-04
5164,1,81,2025-05-13,3,Unsold,1543.41,Menu Item 081,1,514.47,Restaurant 001,Burgers,2025-05
5165,1,141,2025-07-24,10,Damaged,2521.1,Menu Item 141,1,252.11,Restaurant 001,Burgers,2025-07
5166,19,59,2025-09-17,8,Unsold,1518.96,Menu Item 059,9,189.87,Restaurant 019,Beverages,2025-09
5167,18,98,2025-12-22,3,Damaged,1120.95,Menu Item 098,8,373.65,Restaurant 018,Desserts,2025-12
5168,19,119,2025-12-21,3,Preparation Error,313.92,Menu Item 119,9,104.64,Restaurant 019,Beverages,2025-12
5169,3,63,2025-07-13,2,Spoilage,627.88,Menu Item 063,3,313.94,Restaurant 003,Biryani,2025-07
5170,20,140,2025-03-20,1,Damaged,178.4,Menu Item 140,10,178.4,Restaurant 020,Salads,2025-03
5171,5,25,2025-07-28,5,Unsold,5138.55,Menu Item 025,5,1027.71,Restaurant 005,BBQ,2025-07
5172,2,102,2025-12-14,1,Expired,774.17,Menu Item 102,2,774.17,Restaurant 002,Pizza,2025-12
5173,5,5,2025-04-02,1,Overproduction,760.21,Menu Item 005,5,760.21,Restaurant 005,BBQ,2025-04
5174,8,88,2025-07-09,1,Expired,225.63,Menu Item 088,8,225.63,Restaurant 008,Desserts,2025-07
5175,15,55,2025-04-25,3,Expired,2797.86,Menu Item 055,5,932.62,Restaurant 015,BBQ,2025-04
5176,8,148,2025-01-21,1,Damaged,337.64,Menu Item 148,8,337.64,Restaurant 008,Desserts,2025-01
5177,2,42,2025-04-17,2,Overproduction,935.42,Menu Item 042,2,467.71,Restaurant 002,Pizza,2025-04
5178,15,55,2025-03-03,2,Expired,1865.24,Menu Item 055,5,932.62,Restaurant 015,BBQ,2025-03
5179,3,143,2025-12-05,1,Damaged,355.0,Menu Item 143,3,355.0,Restaurant 003,Biryani,2025-12
5180,6,126,2025-07-02,8,Unsold,5365.04,Menu Item 126,6,670.63,Restaurant 006,Pasta,2025-07
5181,9,109,2025-05-04,2,Overproduction,442.86,Menu Item 109,9,221.43,Restaurant 009,Beverages,2025-05
5182,16,116,2025-12-06,1,Damaged,513.28,Menu Item 116,6,513.28,Restaurant 016,Pasta,2025-12
5183,13,13,2025-09-03,1,Damaged,389.28,Menu Item 013,3,389.28,Restaurant 013,Biryani,2025-09
5184,13,13,2025-06-16,2,Preparation Error,778.56,Menu Item 013,3,389.28,Restaurant 013,Biryani,2025-06
5185,9,9,2025-10-20,1,Damaged,140.35,Menu Item 009,9,140.35,Restaurant 009,Beverages,2025-10
5186,1,121,2025-03-02,3,Expired,1125.9,Menu Item 121,1,375.3,Restaurant 001,Burgers,2025-03
5187,8,28,2025-10-20,5,Spoilage,1890.8,Menu Item 028,8,378.16,Restaurant 008,Desserts,2025-10
5188,16,56,2025-10-24,1,Unsold,390.6,Menu Item 056,6,390.6,Restaurant 016,Pasta,2025-10
5189,19,139,2025-07-20,1,Unsold,127.54,Menu Item 139,9,127.54,Restaurant 019,Beverages,2025-07
5190,3,103,2025-11-17,3,Expired,1471.47,Menu Item 103,3,490.49,Restaurant 003,Biryani,2025-11
5191,16,96,2025-04-12,2,Damaged,810.44,Menu Item 096,6,405.22,Restaurant 016,Pasta,2025-04
5192,13,13,2025-09-20,2,Overproduction,778.56,Menu Item 013,3,389.28,Restaurant 013,Biryani,2025-09
5193,7,87,2025-02-19,1,Damaged,530.98,Menu Item 087,7,530.98,Restaurant 007,Sandwiches,2025-02
5194,11,71,2025-10-06,3,Damaged,1394.94,Menu Item 071,1,464.98,Restaurant 011,Burgers,2025-10
5195,20,100,2025-11-24,2,Unsold,973.4,Menu Item 100,10,486.7,Restaurant 020,Salads,2025-11
5196,17,77,2025-12-14,3,Damaged,1795.89,Menu Item 077,7,598.63,Restaurant 017,Sandwiches,2025-12
5197,6,86,2025-06-01,2,Spoilage,956.62,Menu Item 086,6,478.31,Restaurant 006,Pasta,2025-06
5198,12,12,2025-09-27,2,Expired,1566.2,Menu Item 012,2,783.1,Restaurant 012,Pizza,2025-09
5199,9,109,2025-12-03,3,Overproduction,664.29,Menu Item 109,9,221.43,Restaurant 009,Beverages,2025-12
5200,11,131,2025-06-14,2,Expired,745.46,Menu Item 131,1,372.73,Restaurant 011,Burgers,2025-06
5201,4,24,2025-12-10,2,Preparation Error,996.74,Menu Item 024,4,498.37,Restaurant 004,Rice,2025-12
5202,5,5,2025-02-27,10,Overproduction,7602.1,Menu Item 005,5,760.21,Restaurant 005,BBQ,2025-02
5203,13,113,2025-04-18,3,Expired,692.43,Menu Item 113,3,230.81,Restaurant 013,Biryani,2025-04
5204,7,87,2025-05-21,1,Overproduction,530.98,Menu Item 087,7,530.98,Restaurant 007,Sandwiches,2025-05
5205,8,148,2025-10-23,5,Spoilage,1688.2,Menu Item 148,8,337.64,Restaurant 008,Desserts,2025-10
5206,10,110,2025-10-13,1,Spoilage,219.27,Menu Item 110,10,219.27,Restaurant 010,Salads,2025-10
5207,14,14,2025-11-12,1,Overproduction,231.23,Menu Item 014,4,231.23,Restaurant 014,Rice,2025-11
5208,4,24,2025-05-10,2,Spoilage,996.74,Menu Item 024,4,498.37,Restaurant 004,Rice,2025-05
5209,11,31,2025-01-15,2,Preparation Error,645.24,Menu Item 031,1,322.62,Restaurant 011,Burgers,2025-01
5210,15,35,2025-04-26,1,Spoilage,437.06,Menu Item 035,5,437.06,Restaurant 015,BBQ,2025-04
5211,10,110,2025-06-13,10,Damaged,2192.7,Menu Item 110,10,219.27,Restaurant 010,Salads,2025-06
5212,20,40,2025-01-26,1,Damaged,276.24,Menu Item 040,10,276.24,Restaurant 020,Salads,2025-01
5213,1,81,2025-07-06,2,Damaged,1028.94,Menu Item 081,1,514.47,Restaurant 001,Burgers,2025-07
5214,10,90,2025-10-25,5,Preparation Error,954.8,Menu Item 090,10,190.96,Restaurant 010,Salads,2025-10
5215,2,102,2025-02-14,2,Expired,1548.34,Menu Item 102,2,774.17,Restaurant 002,Pizza,2025-02
5216,15,135,2025-04-09,1,Preparation Error,300.49,Menu Item 135,5,300.49,Restaurant 015,BBQ,2025-04
5217,16,56,2025-07-19,2,Damaged,781.2,Menu Item 056,6,390.6,Restaurant 016,Pasta,2025-07
5218,15,55,2025-09-03,3,Spoilage,2797.86,Menu Item 055,5,932.62,Restaurant 015,BBQ,2025-09
5219,8,68,2025-05-23,2,Unsold,228.12,Menu Item 068,8,114.06,Restaurant 008,Desserts,2025-05
5220,20,80,2025-10-20,1,Expired,111.05,Menu Item 080,10,111.05,Restaurant 020,Salads,2025-10
5221,14,74,2025-05-24,2,Spoilage,311.8,Menu Item 074,4,155.9,Restaurant 014,Rice,2025-05
5222,13,13,2025-10-09,1,Spoilage,389.28,Menu Item 013,3,389.28,Restaurant 013,Biryani,2025-10
5223,9,29,2025-05-01,5,Expired,343.1,Menu Item 029,9,68.62,Restaurant 009,Beverages,2025-05
5224,1,121,2025-04-11,5,Overproduction,1876.5,Menu Item 121,1,375.3,Restaurant 001,Burgers,2025-04
5225,9,9,2025-06-28,3,Expired,421.05,Menu Item 009,9,140.35,Restaurant 009,Beverages,2025-06
5226,11,31,2025-01-06,2,Spoilage,645.24,Menu Item 031,1,322.62,Restaurant 011,Burgers,2025-01
5227,13,73,2025-07-12,1,Expired,231.75,Menu Item 073,3,231.75,Restaurant 013,Biryani,2025-07
5228,12,112,2025-07-05,2,Expired,1722.56,Menu Item 112,2,861.28,Restaurant 012,Pizza,2025-07
5229,7,107,2025-11-13,3,Preparation Error,1417.74,Menu Item 107,7,472.58,Restaurant 007,Sandwiches,2025-11
5230,13,13,2025-10-01,8,Damaged,3114.24,Menu Item 013,3,389.28,Restaurant 013,Biryani,2025-10
5231,15,55,2025-11-01,3,Damaged,2797.86,Menu Item 055,5,932.62,Restaurant 015,BBQ,2025-11
5232,7,107,2025-10-10,1,Overproduction,472.58,Menu Item 107,7,472.58,Restaurant 007,Sandwiches,2025-10
5233,13,93,2025-04-02,3,Preparation Error,1660.83,Menu Item 093,3,553.61,Restaurant 013,Biryani,2025-04
5234,13,133,2025-04-28,1,Damaged,508.83,Menu Item 133,3,508.83,Restaurant 013,Biryani,2025-04
5235,20,120,2025-08-18,5,Spoilage,1139.15,Menu Item 120,10,227.83,Restaurant 020,Salads,2025-08
5236,12,32,2025-07-28,3,Spoilage,2214.9,Menu Item 032,2,738.3,Restaurant 012,Pizza,2025-07
5237,2,42,2025-04-01,5,Expired,2338.55,Menu Item 042,2,467.71,Restaurant 002,Pizza,2025-04
5238,2,122,2025-05-16,1,Unsold,828.35,Menu Item 122,2,828.35,Restaurant 002,Pizza,2025-05
5239,19,139,2025-12-02,2,Overproduction,255.08,Menu Item 139,9,127.54,Restaurant 019,Beverages,2025-12
5240,10,70,2025-09-20,1,Overproduction,207.25,Menu Item 070,10,207.25,Restaurant 010,Salads,2025-09
5241,11,51,2025-12-13,2,Preparation Error,725.62,Menu Item 051,1,362.81,Restaurant 011,Burgers,2025-12
5242,11,91,2025-06-20,1,Unsold,370.79,Menu Item 091,1,370.79,Restaurant 011,Burgers,2025-06
5243,17,137,2025-01-28,2,Expired,707.48,Menu Item 137,7,353.74,Restaurant 017,Sandwiches,2025-01
5244,1,61,2025-02-24,2,Overproduction,991.42,Menu Item 061,1,495.71,Restaurant 001,Burgers,2025-02
5245,5,5,2025-03-20,3,Damaged,2280.63,Menu Item 005,5,760.21,Restaurant 005,BBQ,2025-03
5246,3,3,2025-05-22,2,Spoilage,451.92,Menu Item 003,3,225.96,Restaurant 003,Biryani,2025-05
5247,20,20,2025-01-23,5,Damaged,1442.55,Menu Item 020,10,288.51,Restaurant 020,Salads,2025-01
5248,3,43,2025-06-13,8,Preparation Error,3037.6,Menu Item 043,3,379.7,Restaurant 003,Biryani,2025-06
5249,18,118,2025-07-27,1,Overproduction,309.0,Menu Item 118,8,309.0,Restaurant 018,Desserts,2025-07
5250,1,1,2025-11-12,1,Damaged,428.12,Menu Item 001,1,428.12,Restaurant 001,Burgers,2025-11
5251,18,118,2025-11-19,3,Expired,927.0,Menu Item 118,8,309.0,Restaurant 018,Desserts,2025-11
5252,6,106,2025-12-15,3,Expired,831.39,Menu Item 106,6,277.13,Restaurant 006,Pasta,2025-12
5253,5,45,2025-04-28,5,Spoilage,1949.7,Menu Item 045,5,389.94,Restaurant 005,BBQ,2025-04
5254,3,23,2025-01-17,10,Overproduction,2702.3,Menu Item 023,3,270.23,Restaurant 003,Biryani,2025-01
5255,11,91,2025-12-02,2,Unsold,741.58,Menu Item 091,1,370.79,Restaurant 011,Burgers,2025-12
5256,3,23,2025-04-24,1,Overproduction,270.23,Menu Item 023,3,270.23,Restaurant 003,Biryani,2025-04
5257,6,6,2025-02-07,5,Overproduction,1510.75,Menu Item 006,6,302.15,Restaurant 006,Pasta,2025-02
5258,12,72,2025-11-05,2,Preparation Error,551.56,Menu Item 072,2,275.78,Restaurant 012,Pizza,2025-11
5259,6,46,2025-07-19,2,Spoilage,1267.82,Menu Item 046,6,633.91,Restaurant 006,Pasta,2025-07
5260,2,2,2025-03-19,2,Spoilage,1644.6,Menu Item 002,2,822.3,Restaurant 002,Pizza,2025-03
5261,19,79,2025-05-07,8,Spoilage,1044.0,Menu Item 079,9,130.5,Restaurant 019,Beverages,2025-05
5262,20,140,2025-06-21,1,Overproduction,178.4,Menu Item 140,10,178.4,Restaurant 020,Salads,2025-06
5263,3,143,2025-02-02,2,Overproduction,710.0,Menu Item 143,3,355.0,Restaurant 003,Biryani,2025-02
5264,5,25,2025-02-15,2,Unsold,2055.42,Menu Item 025,5,1027.71,Restaurant 005,BBQ,2025-02
5265,18,58,2025-01-02,3,Unsold,1080.75,Menu Item 058,8,360.25,Restaurant 018,Desserts,2025-01
5266,19,99,2025-01-13,2,Expired,223.48,Menu Item 099,9,111.74,Restaurant 019,Beverages,2025-01
5267,3,83,2025-01-15,2,Preparation Error,472.7,Menu Item 083,3,236.35,Restaurant 003,Biryani,2025-01
5268,4,104,2025-04-22,1,Preparation Error,167.96,Menu Item 104,4,167.96,Restaurant 004,Rice,2025-04
5269,4,124,2025-10-16,1,Unsold,149.57,Menu Item 124,4,149.57,Restaurant 004,Rice,2025-10
5270,2,82,2025-05-13,1,Preparation Error,601.45,Menu Item 082,2,601.45,Restaurant 002,Pizza,2025-05
5271,2,122,2025-07-24,5,Spoilage,4141.75,Menu Item 122,2,828.35,Restaurant 002,Pizza,2025-07
5272,15,55,2025-05-15,2,Unsold,1865.24,Menu Item 055,5,932.62,Restaurant 015,BBQ,2025-05
5273,5,45,2025-08-19,5,Damaged,1949.7,Menu Item 045,5,389.94,Restaurant 005,BBQ,2025-08
5274,4,64,2025-04-01,1,Unsold,256.46,Menu Item 064,4,256.46,Restaurant 004,Rice,2025-04
5275,19,119,2025-05-26,2,Unsold,209.28,Menu Item 119,9,104.64,Restaurant 019,Beverages,2025-05
5276,20,40,2025-01-21,3,Preparation Error,828.72,Menu Item 040,10,276.24,Restaurant 020,Salads,2025-01
5277,17,117,2025-10-28,2,Unsold,859.46,Menu Item 117,7,429.73,Restaurant 017,Sandwiches,2025-10
5278,18,98,2025-07-24,2,Preparation Error,747.3,Menu Item 098,8,373.65,Restaurant 018,Desserts,2025-07
5279,3,23,2025-04-26,8,Preparation Error,2161.84,Menu Item 023,3,270.23,Restaurant 003,Biryani,2025-04
5280,19,19,2025-11-06,8,Expired,1439.92,Menu Item 019,9,179.99,Restaurant 019,Beverages,2025-11
5281,14,54,2025-09-13,1,Overproduction,182.18,Menu Item 054,4,182.18,Restaurant 014,Rice,2025-09
5282,16,96,2025-09-06,1,Expired,405.22,Menu Item 096,6,405.22,Restaurant 016,Pasta,2025-09
5283,7,27,2025-08-10,5,Unsold,1688.55,Menu Item 027,7,337.71,Restaurant 007,Sandwiches,2025-08
5284,16,136,2025-08-08,3,Spoilage,1297.11,Menu Item 136,6,432.37,Restaurant 016,Pasta,2025-08
5285,20,20,2025-06-02,1,Unsold,288.51,Menu Item 020,10,288.51,Restaurant 020,Salads,2025-06
5286,17,117,2025-04-21,10,Damaged,4297.3,Menu Item 117,7,429.73,Restaurant 017,Sandwiches,2025-04
5287,13,13,2025-08-05,1,Unsold,389.28,Menu Item 013,3,389.28,Restaurant 013,Biryani,2025-08
5288,6,126,2025-02-18,1,Unsold,670.63,Menu Item 126,6,670.63,Restaurant 006,Pasta,2025-02
5289,2,62,2025-02-25,3,Preparation Error,1529.31,Menu Item 062,2,509.77,Restaurant 002,Pizza,2025-02
5290,20,120,2025-09-12,1,Unsold,227.83,Menu Item 120,10,227.83,Restaurant 020,Salads,2025-09
5291,11,131,2025-10-11,1,Expired,372.73,Menu Item 131,1,372.73,Restaurant 011,Burgers,2025-10
5292,9,89,2025-12-28,2,Expired,532.72,Menu Item 089,9,266.36,Restaurant 009,Beverages,2025-12
5293,7,67,2025-12-03,2,Damaged,1271.12,Menu Item 067,7,635.56,Restaurant 007,Sandwiches,2025-12
5294,2,82,2025-11-09,1,Spoilage,601.45,Menu Item 082,2,601.45,Restaurant 002,Pizza,2025-11
5295,16,116,2025-02-27,3,Damaged,1539.84,Menu Item 116,6,513.28,Restaurant 016,Pasta,2025-02
5296,14,14,2025-12-14,3,Unsold,693.69,Menu Item 014,4,231.23,Restaurant 014,Rice,2025-12
5297,18,78,2025-04-05,8,Preparation Error,2048.88,Menu Item 078,8,256.11,Restaurant 018,Desserts,2025-04
5298,5,125,2025-12-11,5,Spoilage,5691.7,Menu Item 125,5,1138.34,Restaurant 005,BBQ,2025-12
5299,7,7,2025-09-14,2,Unsold,955.14,Menu Item 007,7,477.57,Restaurant 007,Sandwiches,2025-09
5300,2,82,2025-05-14,2,Spoilage,1202.9,Menu Item 082,2,601.45,Restaurant 002,Pizza,2025-05
5301,12,32,2025-08-14,1,Spoilage,738.3,Menu Item 032,2,738.3,Restaurant 012,Pizza,2025-08
5302,12,112,2025-08-06,8,Damaged,6890.24,Menu Item 112,2,861.28,Restaurant 012,Pizza,2025-08
5303,6,86,2025-05-01,2,Damaged,956.62,Menu Item 086,6,478.31,Restaurant 006,Pasta,2025-05
5304,11,111,2025-11-13,1,Preparation Error,326.19,Menu Item 111,1,326.19,Restaurant 011,Burgers,2025-11
5305,20,60,2025-09-10,1,Expired,331.16,Menu Item 060,10,331.16,Restaurant 020,Salads,2025-09
5306,4,4,2025-11-28,1,Damaged,151.68,Menu Item 004,4,151.68,Restaurant 004,Rice,2025-11
5307,6,106,2025-06-15,2,Preparation Error,554.26,Menu Item 106,6,277.13,Restaurant 006,Pasta,2025-06
5308,14,54,2025-07-25,2,Spoilage,364.36,Menu Item 054,4,182.18,Restaurant 014,Rice,2025-07
5309,15,15,2025-08-11,1,Damaged,496.97,Menu Item 015,5,496.97,Restaurant 015,BBQ,2025-08
5310,7,67,2025-07-17,2,Unsold,1271.12,Menu Item 067,7,635.56,Restaurant 007,Sandwiches,2025-07
5311,7,7,2025-06-02,3,Spoilage,1432.71,Menu Item 007,7,477.57,Restaurant 007,Sandwiches,2025-06
5312,15,35,2025-10-11,5,Damaged,2185.3,Menu Item 035,5,437.06,Restaurant 015,BBQ,2025-10
5313,7,147,2025-09-02,2,Expired,449.6,Menu Item 147,7,224.8,Restaurant 007,Sandwiches,2025-09
5314,12,92,2025-09-08,5,Damaged,2321.85,Menu Item 092,2,464.37,Restaurant 012,Pizza,2025-09
5315,4,4,2025-04-09,2,Spoilage,303.36,Menu Item 004,4,151.68,Restaurant 004,Rice,2025-04
5316,8,88,2025-06-05,8,Overproduction,1805.04,Menu Item 088,8,225.63,Restaurant 008,Desserts,2025-06
5317,2,22,2025-09-07,3,Damaged,970.41,Menu Item 022,2,323.47,Restaurant 002,Pizza,2025-09
5318,10,30,2025-08-08,2,Unsold,334.54,Menu Item 030,10,167.27,Restaurant 010,Salads,2025-08
5319,19,59,2025-09-24,1,Spoilage,189.87,Menu Item 059,9,189.87,Restaurant 019,Beverages,2025-09
5320,5,25,2025-10-05,2,Unsold,2055.42,Menu Item 025,5,1027.71,Restaurant 005,BBQ,2025-10
5321,3,23,2025-04-17,5,Damaged,1351.15,Menu Item 023,3,270.23,Restaurant 003,Biryani,2025-04
5322,17,77,2025-10-22,5,Preparation Error,2993.15,Menu Item 077,7,598.63,Restaurant 017,Sandwiches,2025-10
5323,13,53,2025-03-26,1,Spoilage,298.53,Menu Item 053,3,298.53,Restaurant 013,Biryani,2025-03
5324,1,1,2025-10-04,3,Damaged,1284.36,Menu Item 001,1,428.12,Restaurant 001,Burgers,2025-10
5325,17,77,2025-09-05,1,Damaged,598.63,Menu Item 077,7,598.63,Restaurant 017,Sandwiches,2025-09
5326,8,48,2025-03-04,2,Spoilage,389.84,Menu Item 048,8,194.92,Restaurant 008,Desserts,2025-03
5327,18,78,2025-09-16,2,Damaged,512.22,Menu Item 078,8,256.11,Restaurant 018,Desserts,2025-09
5328,20,80,2025-02-05,1,Overproduction,111.05,Menu Item 080,10,111.05,Restaurant 020,Salads,2025-02
5329,20,40,2025-12-02,3,Spoilage,828.72,Menu Item 040,10,276.24,Restaurant 020,Salads,2025-12
5330,19,19,2025-08-05,1,Spoilage,179.99,Menu Item 019,9,179.99,Restaurant 019,Beverages,2025-08
5331,1,141,2025-04-22,1,Unsold,252.11,Menu Item 141,1,252.11,Restaurant 001,Burgers,2025-04
5332,1,41,2025-08-15,2,Spoilage,509.02,Menu Item 041,1,254.51,Restaurant 001,Burgers,2025-08
5333,8,8,2025-09-21,3,Expired,923.16,Menu Item 008,8,307.72,Restaurant 008,Desserts,2025-09
5334,5,5,2025-12-19,5,Damaged,3801.05,Menu Item 005,5,760.21,Restaurant 005,BBQ,2025-12
5335,6,46,2025-12-04,3,Damaged,1901.73,Menu Item 046,6,633.91,Restaurant 006,Pasta,2025-12
5336,17,37,2025-02-07,1,Preparation Error,689.77,Menu Item 037,7,689.77,Restaurant 017,Sandwiches,2025-02
5337,17,17,2025-07-11,1,Overproduction,292.34,Menu Item 017,7,292.34,Restaurant 017,Sandwiches,2025-07
5338,19,59,2025-06-15,2,Preparation Error,379.74,Menu Item 059,9,189.87,Restaurant 019,Beverages,2025-06
5339,8,148,2025-09-25,1,Overproduction,337.64,Menu Item 148,8,337.64,Restaurant 008,Desserts,2025-09
5340,19,59,2025-11-14,3,Overproduction,569.61,Menu Item 059,9,189.87,Restaurant 019,Beverages,2025-11
5341,11,91,2025-03-07,5,Unsold,1853.95,Menu Item 091,1,370.79,Restaurant 011,Burgers,2025-03
5342,4,84,2025-03-18,2,Overproduction,701.46,Menu Item 084,4,350.73,Restaurant 004,Rice,2025-03
5343,3,83,2025-01-14,2,Unsold,472.7,Menu Item 083,3,236.35,Restaurant 003,Biryani,2025-01
5344,15,55,2025-10-11,1,Overproduction,932.62,Menu Item 055,5,932.62,Restaurant 015,BBQ,2025-10
5345,7,47,2025-07-10,1,Spoilage,531.56,Menu Item 047,7,531.56,Restaurant 007,Sandwiches,2025-07
5346,14,134,2025-08-17,8,Overproduction,2306.72,Menu Item 134,4,288.34,Restaurant 014,Rice,2025-08
5347,15,75,2025-04-05,2,Expired,844.0,Menu Item 075,5,422.0,Restaurant 015,BBQ,2025-04
5348,4,44,2025-11-22,3,Preparation Error,1322.16,Menu Item 044,4,440.72,Restaurant 004,Rice,2025-11
5349,11,11,2025-04-27,5,Spoilage,2731.2,Menu Item 011,1,546.24,Restaurant 011,Burgers,2025-04
5350,12,92,2025-03-04,1,Spoilage,464.37,Menu Item 092,2,464.37,Restaurant 012,Pizza,2025-03
5351,13,33,2025-03-08,1,Damaged,351.5,Menu Item 033,3,351.5,Restaurant 013,Biryani,2025-03
5352,20,40,2025-12-25,2,Expired,552.48,Menu Item 040,10,276.24,Restaurant 020,Salads,2025-12
5353,12,132,2025-12-05,1,Unsold,642.06,Menu Item 132,2,642.06,Restaurant 012,Pizza,2025-12
5354,7,47,2025-11-06,8,Spoilage,4252.48,Menu Item 047,7,531.56,Restaurant 007,Sandwiches,2025-11
5355,9,29,2025-04-02,2,Spoilage,137.24,Menu Item 029,9,68.62,Restaurant 009,Beverages,2025-04
5356,4,44,2025-12-02,2,Overproduction,881.44,Menu Item 044,4,440.72,Restaurant 004,Rice,2025-12
5357,15,15,2025-08-13,10,Damaged,4969.7,Menu Item 015,5,496.97,Restaurant 015,BBQ,2025-08
5358,10,150,2025-10-27,5,Preparation Error,1886.7,Menu Item 150,10,377.34,Restaurant 010,Salads,2025-10
5359,19,79,2025-08-12,3,Spoilage,391.5,Menu Item 079,9,130.5,Restaurant 019,Beverages,2025-08
5360,6,66,2025-04-13,3,Expired,1256.34,Menu Item 066,6,418.78,Restaurant 006,Pasta,2025-04
5361,20,20,2025-09-21,3,Preparation Error,865.53,Menu Item 020,10,288.51,Restaurant 020,Salads,2025-09
5362,12,92,2025-09-09,1,Spoilage,464.37,Menu Item 092,2,464.37,Restaurant 012,Pizza,2025-09
5363,8,28,2025-12-06,2,Spoilage,756.32,Menu Item 028,8,378.16,Restaurant 008,Desserts,2025-12
5364,4,84,2025-06-27,1,Expired,350.73,Menu Item 084,4,350.73,Restaurant 004,Rice,2025-06
5365,17,77,2025-03-10,2,Spoilage,1197.26,Menu Item 077,7,598.63,Restaurant 017,Sandwiches,2025-03
5366,11,51,2025-08-25,5,Unsold,1814.05,Menu Item 051,1,362.81,Restaurant 011,Burgers,2025-08
5367,11,111,2025-09-01,1,Spoilage,326.19,Menu Item 111,1,326.19,Restaurant 011,Burgers,2025-09
5368,10,10,2025-11-23,2,Damaged,286.6,Menu Item 010,10,143.3,Restaurant 010,Salads,2025-11
5369,2,102,2025-02-09,2,Overproduction,1548.34,Menu Item 102,2,774.17,Restaurant 002,Pizza,2025-02
5370,6,106,2025-11-22,1,Preparation Error,277.13,Menu Item 106,6,277.13,Restaurant 006,Pasta,2025-11
5371,6,86,2025-04-25,2,Damaged,956.62,Menu Item 086,6,478.31,Restaurant 006,Pasta,2025-04
5372,14,134,2025-02-08,1,Overproduction,288.34,Menu Item 134,4,288.34,Restaurant 014,Rice,2025-02
5373,12,32,2025-11-10,1,Preparation Error,738.3,Menu Item 032,2,738.3,Restaurant 012,Pizza,2025-11
5374,6,146,2025-09-23,1,Damaged,742.53,Menu Item 146,6,742.53,Restaurant 006,Pasta,2025-09
5375,2,122,2025-04-16,1,Overproduction,828.35,Menu Item 122,2,828.35,Restaurant 002,Pizza,2025-04
5376,17,37,2025-02-15,2,Spoilage,1379.54,Menu Item 037,7,689.77,Restaurant 017,Sandwiches,2025-02
5377,1,121,2025-11-12,2,Unsold,750.6,Menu Item 121,1,375.3,Restaurant 001,Burgers,2025-11
5378,6,146,2025-04-28,2,Damaged,1485.06,Menu Item 146,6,742.53,Restaurant 006,Pasta,2025-04
5379,4,84,2025-06-19,1,Overproduction,350.73,Menu Item 084,4,350.73,Restaurant 004,Rice,2025-06
5380,12,12,2025-10-14,1,Spoilage,783.1,Menu Item 012,2,783.1,Restaurant 012,Pizza,2025-10
5381,19,139,2025-12-07,1,Expired,127.54,Menu Item 139,9,127.54,Restaurant 019,Beverages,2025-12
5382,11,131,2025-11-01,8,Spoilage,2981.84,Menu Item 131,1,372.73,Restaurant 011,Burgers,2025-11
5383,4,4,2025-11-20,3,Overproduction,455.04,Menu Item 004,4,151.68,Restaurant 004,Rice,2025-11
5384,17,37,2025-07-24,8,Overproduction,5518.16,Menu Item 037,7,689.77,Restaurant 017,Sandwiches,2025-07
5385,1,61,2025-12-07,10,Damaged,4957.1,Menu Item 061,1,495.71,Restaurant 001,Burgers,2025-12
5386,15,135,2025-06-09,3,Expired,901.47,Menu Item 135,5,300.49,Restaurant 015,BBQ,2025-06
5387,1,61,2025-09-03,3,Overproduction,1487.13,Menu Item 061,1,495.71,Restaurant 001,Burgers,2025-09
5388,14,134,2025-08-22,10,Expired,2883.4,Menu Item 134,4,288.34,Restaurant 014,Rice,2025-08
5389,19,139,2025-08-27,1,Preparation Error,127.54,Menu Item 139,9,127.54,Restaurant 019,Beverages,2025-08
5390,13,73,2025-02-28,2,Damaged,463.5,Menu Item 073,3,231.75,Restaurant 013,Biryani,2025-02
5391,18,138,2025-03-20,5,Preparation Error,773.0,Menu Item 138,8,154.6,Restaurant 018,Desserts,2025-03
5392,6,46,2025-07-14,1,Spoilage,633.91,Menu Item 046,6,633.91,Restaurant 006,Pasta,2025-07
5393,14,14,2025-09-04,5,Overproduction,1156.15,Menu Item 014,4,231.23,Restaurant 014,Rice,2025-09
5394,2,82,2025-06-22,2,Preparation Error,1202.9,Menu Item 082,2,601.45,Restaurant 002,Pizza,2025-06
5395,1,121,2025-03-21,5,Spoilage,1876.5,Menu Item 121,1,375.3,Restaurant 001,Burgers,2025-03
5396,13,13,2025-08-21,3,Expired,1167.84,Menu Item 013,3,389.28,Restaurant 013,Biryani,2025-08
5397,8,128,2025-03-25,3,Overproduction,1041.87,Menu Item 128,8,347.29,Restaurant 008,Desserts,2025-03
5398,18,98,2025-12-10,2,Damaged,747.3,Menu Item 098,8,373.65,Restaurant 018,Desserts,2025-12
5399,11,11,2025-11-04,8,Preparation Error,4369.92,Menu Item 011,1,546.24,Restaurant 011,Burgers,2025-11
5400,16,76,2025-04-05,2,Expired,830.62,Menu Item 076,6,415.31,Restaurant 016,Pasta,2025-04
5401,14,14,2025-05-05,8,Overproduction,1849.84,Menu Item 014,4,231.23,Restaurant 014,Rice,2025-05
5402,13,13,2025-08-10,1,Unsold,389.28,Menu Item 013,3,389.28,Restaurant 013,Biryani,2025-08
5403,2,122,2025-12-28,1,Overproduction,828.35,Menu Item 122,2,828.35,Restaurant 002,Pizza,2025-12
5404,5,105,2025-02-20,2,Unsold,1193.08,Menu Item 105,5,596.54,Restaurant 005,BBQ,2025-02
5405,16,96,2025-02-15,2,Unsold,810.44,Menu Item 096,6,405.22,Restaurant 016,Pasta,2025-02
5406,1,41,2025-02-02,1,Spoilage,254.51,Menu Item 041,1,254.51,Restaurant 001,Burgers,2025-02
5407,18,18,2025-07-03,3,Overproduction,1003.17,Menu Item 018,8,334.39,Restaurant 018,Desserts,2025-07
5408,19,59,2025-05-21,1,Spoilage,189.87,Menu Item 059,9,189.87,Restaurant 019,Beverages,2025-05
5409,16,76,2025-12-13,3,Unsold,1245.93,Menu Item 076,6,415.31,Restaurant 016,Pasta,2025-12
5410,5,125,2025-11-02,1,Expired,1138.34,Menu Item 125,5,1138.34,Restaurant 005,BBQ,2025-11
5411,16,136,2025-09-03,8,Expired,3458.96,Menu Item 136,6,432.37,Restaurant 016,Pasta,2025-09
5412,15,55,2025-10-28,5,Preparation Error,4663.1,Menu Item 055,5,932.62,Restaurant 015,BBQ,2025-10
5413,11,91,2025-07-17,1,Expired,370.79,Menu Item 091,1,370.79,Restaurant 011,Burgers,2025-07
5414,15,75,2025-07-22,2,Unsold,844.0,Menu Item 075,5,422.0,Restaurant 015,BBQ,2025-07
5415,10,10,2025-05-19,5,Unsold,716.5,Menu Item 010,10,143.3,Restaurant 010,Salads,2025-05
5416,20,120,2025-10-28,1,Expired,227.83,Menu Item 120,10,227.83,Restaurant 020,Salads,2025-10
5417,8,108,2025-12-01,3,Spoilage,1245.24,Menu Item 108,8,415.08,Restaurant 008,Desserts,2025-12
5418,20,20,2025-07-12,5,Overproduction,1442.55,Menu Item 020,10,288.51,Restaurant 020,Salads,2025-07
5419,3,63,2025-04-15,3,Preparation Error,941.82,Menu Item 063,3,313.94,Restaurant 003,Biryani,2025-04
5420,11,71,2025-07-28,2,Overproduction,929.96,Menu Item 071,1,464.98,Restaurant 011,Burgers,2025-07
5421,10,50,2025-05-18,2,Spoilage,316.2,Menu Item 050,10,158.1,Restaurant 010,Salads,2025-05
5422,8,8,2025-06-11,10,Overproduction,3077.2,Menu Item 008,8,307.72,Restaurant 008,Desserts,2025-06
5423,7,67,2025-02-13,2,Unsold,1271.12,Menu Item 067,7,635.56,Restaurant 007,Sandwiches,2025-02
5424,19,39,2025-03-22,3,Preparation Error,266.22,Menu Item 039,9,88.74,Restaurant 019,Beverages,2025-03
5425,14,54,2025-01-02,2,Expired,364.36,Menu Item 054,4,182.18,Restaurant 014,Rice,2025-01
5426,7,87,2025-11-12,8,Expired,4247.84,Menu Item 087,7,530.98,Restaurant 007,Sandwiches,2025-11
5427,13,73,2025-07-17,8,Overproduction,1854.0,Menu Item 073,3,231.75,Restaurant 013,Biryani,2025-07
5428,9,109,2025-03-06,2,Preparation Error,442.86,Menu Item 109,9,221.43,Restaurant 009,Beverages,2025-03
5429,9,109,2025-04-25,2,Unsold,442.86,Menu Item 109,9,221.43,Restaurant 009,Beverages,2025-04
5430,19,59,2025-04-25,10,Spoilage,1898.7,Menu Item 059,9,189.87,Restaurant 019,Beverages,2025-04
5431,16,96,2025-01-05,1,Spoilage,405.22,Menu Item 096,6,405.22,Restaurant 016,Pasta,2025-01
5432,6,126,2025-11-25,2,Expired,1341.26,Menu Item 126,6,670.63,Restaurant 006,Pasta,2025-11
5433,15,35,2025-09-14,1,Overproduction,437.06,Menu Item 035,5,437.06,Restaurant 015,BBQ,2025-09
5434,12,32,2025-10-16,3,Spoilage,2214.9,Menu Item 032,2,738.3,Restaurant 012,Pizza,2025-10
5435,16,116,2025-05-16,3,Damaged,1539.84,Menu Item 116,6,513.28,Restaurant 016,Pasta,2025-05
5436,16,76,2025-03-03,1,Spoilage,415.31,Menu Item 076,6,415.31,Restaurant 016,Pasta,2025-03
5437,20,40,2025-08-06,1,Unsold,276.24,Menu Item 040,10,276.24,Restaurant 020,Salads,2025-08
5438,11,31,2025-03-20,2,Overproduction,645.24,Menu Item 031,1,322.62,Restaurant 011,Burgers,2025-03
5439,5,25,2025-09-17,1,Unsold,1027.71,Menu Item 025,5,1027.71,Restaurant 005,BBQ,2025-09
5440,18,58,2025-03-06,5,Unsold,1801.25,Menu Item 058,8,360.25,Restaurant 018,Desserts,2025-03
5441,16,56,2025-10-13,1,Preparation Error,390.6,Menu Item 056,6,390.6,Restaurant 016,Pasta,2025-10
5442,9,89,2025-04-02,10,Spoilage,2663.6,Menu Item 089,9,266.36,Restaurant 009,Beverages,2025-04
5443,20,20,2025-06-20,2,Preparation Error,577.02,Menu Item 020,10,288.51,Restaurant 020,Salads,2025-06
5444,6,86,2025-12-03,1,Expired,478.31,Menu Item 086,6,478.31,Restaurant 006,Pasta,2025-12
5445,4,104,2025-02-14,2,Damaged,335.92,Menu Item 104,4,167.96,Restaurant 004,Rice,2025-02
5446,15,35,2025-07-21,5,Unsold,2185.3,Menu Item 035,5,437.06,Restaurant 015,BBQ,2025-07
5447,4,4,2025-06-18,8,Expired,1213.44,Menu Item 004,4,151.68,Restaurant 004,Rice,2025-06
5448,4,144,2025-10-05,2,Unsold,486.5,Menu Item 144,4,243.25,Restaurant 004,Rice,2025-10
5449,17,77,2025-10-21,8,Damaged,4789.04,Menu Item 077,7,598.63,Restaurant 017,Sandwiches,2025-10
5450,19,79,2025-02-16,5,Spoilage,652.5,Menu Item 079,9,130.5,Restaurant 019,Beverages,2025-02
5451,15,15,2025-03-01,1,Preparation Error,496.97,Menu Item 015,5,496.97,Restaurant 015,BBQ,2025-03
5452,18,98,2025-12-02,1,Overproduction,373.65,Menu Item 098,8,373.65,Restaurant 018,Desserts,2025-12
5453,6,86,2025-05-02,1,Damaged,478.31,Menu Item 086,6,478.31,Restaurant 006,Pasta,2025-05
5454,15,15,2025-03-08,2,Expired,993.94,Menu Item 015,5,496.97,Restaurant 015,BBQ,2025-03
5455,12,12,2025-07-25,2,Expired,1566.2,Menu Item 012,2,783.1,Restaurant 012,Pizza,2025-07
5456,9,29,2025-12-22,3,Unsold,205.86,Menu Item 029,9,68.62,Restaurant 009,Beverages,2025-12
5457,12,52,2025-04-28,1,Expired,463.6,Menu Item 052,2,463.6,Restaurant 012,Pizza,2025-04
5458,19,139,2025-02-18,5,Unsold,637.7,Menu Item 139,9,127.54,Restaurant 019,Beverages,2025-02
5459,10,10,2025-01-27,2,Damaged,286.6,Menu Item 010,10,143.3,Restaurant 010,Salads,2025-01
5460,2,2,2025-10-04,3,Preparation Error,2466.9,Menu Item 002,2,822.3,Restaurant 002,Pizza,2025-10
5461,12,32,2025-12-19,3,Overproduction,2214.9,Menu Item 032,2,738.3,Restaurant 012,Pizza,2025-12
5462,15,135,2025-03-24,2,Unsold,600.98,Menu Item 135,5,300.49,Restaurant 015,BBQ,2025-03
5463,8,28,2025-06-24,3,Unsold,1134.48,Menu Item 028,8,378.16,Restaurant 008,Desserts,2025-06
5464,7,67,2025-04-23,2,Damaged,1271.12,Menu Item 067,7,635.56,Restaurant 007,Sandwiches,2025-04
5465,15,55,2025-02-12,2,Expired,1865.24,Menu Item 055,5,932.62,Restaurant 015,BBQ,2025-02
5466,2,42,2025-04-04,3,Overproduction,1403.13,Menu Item 042,2,467.71,Restaurant 002,Pizza,2025-04
5467,14,134,2025-12-04,2,Preparation Error,576.68,Menu Item 134,4,288.34,Restaurant 014,Rice,2025-12
5468,11,111,2025-04-11,5,Preparation Error,1630.95,Menu Item 111,1,326.19,Restaurant 011,Burgers,2025-04
5469,17,117,2025-06-14,1,Expired,429.73,Menu Item 117,7,429.73,Restaurant 017,Sandwiches,2025-06
5470,14,114,2025-09-17,1,Unsold,544.89,Menu Item 114,4,544.89,Restaurant 014,Rice,2025-09
5471,18,18,2025-06-12,2,Damaged,668.78,Menu Item 018,8,334.39,Restaurant 018,Desserts,2025-06
5472,20,100,2025-11-07,1,Damaged,486.7,Menu Item 100,10,486.7,Restaurant 020,Salads,2025-11
5473,11,51,2025-09-24,1,Damaged,362.81,Menu Item 051,1,362.81,Restaurant 011,Burgers,2025-09
5474,7,127,2025-07-10,1,Overproduction,334.08,Menu Item 127,7,334.08,Restaurant 007,Sandwiches,2025-07
5475,8,48,2025-10-09,2,Spoilage,389.84,Menu Item 048,8,194.92,Restaurant 008,Desserts,2025-10
5476,15,35,2025-04-14,1,Unsold,437.06,Menu Item 035,5,437.06,Restaurant 015,BBQ,2025-04
5477,11,91,2025-07-13,2,Spoilage,741.58,Menu Item 091,1,370.79,Restaurant 011,Burgers,2025-07
5478,7,127,2025-04-15,1,Expired,334.08,Menu Item 127,7,334.08,Restaurant 007,Sandwiches,2025-04
5479,17,137,2025-10-12,1,Spoilage,353.74,Menu Item 137,7,353.74,Restaurant 017,Sandwiches,2025-10
5480,14,34,2025-06-19,8,Unsold,3714.56,Menu Item 034,4,464.32,Restaurant 014,Rice,2025-06
5481,8,48,2025-11-24,3,Overproduction,584.76,Menu Item 048,8,194.92,Restaurant 008,Desserts,2025-11
5482,9,49,2025-09-25,8,Damaged,2034.24,Menu Item 049,9,254.28,Restaurant 009,Beverages,2025-09
5483,1,21,2025-04-13,2,Spoilage,644.56,Menu Item 021,1,322.28,Restaurant 001,Burgers,2025-04
5484,11,31,2025-11-13,1,Overproduction,322.62,Menu Item 031,1,322.62,Restaurant 011,Burgers,2025-11
5485,11,51,2025-04-01,10,Overproduction,3628.1,Menu Item 051,1,362.81,Restaurant 011,Burgers,2025-04
5486,16,36,2025-11-26,2,Unsold,901.8,Menu Item 036,6,450.9,Restaurant 016,Pasta,2025-11
5487,9,9,2025-04-17,1,Preparation Error,140.35,Menu Item 009,9,140.35,Restaurant 009,Beverages,2025-04
5488,4,124,2025-06-23,3,Expired,448.71,Menu Item 124,4,149.57,Restaurant 004,Rice,2025-06
5489,6,146,2025-05-23,5,Overproduction,3712.65,Menu Item 146,6,742.53,Restaurant 006,Pasta,2025-05
5490,18,98,2025-10-24,1,Expired,373.65,Menu Item 098,8,373.65,Restaurant 018,Desserts,2025-10
5491,10,10,2025-05-19,5,Expired,716.5,Menu Item 010,10,143.3,Restaurant 010,Salads,2025-05
5492,8,148,2025-03-22,1,Unsold,337.64,Menu Item 148,8,337.64,Restaurant 008,Desserts,2025-03
5493,2,102,2025-01-08,1,Spoilage,774.17,Menu Item 102,2,774.17,Restaurant 002,Pizza,2025-01
5494,11,131,2025-12-04,2,Preparation Error,745.46,Menu Item 131,1,372.73,Restaurant 011,Burgers,2025-12
5495,8,28,2025-02-04,3,Spoilage,1134.48,Menu Item 028,8,378.16,Restaurant 008,Desserts,2025-02
5496,20,80,2025-08-05,2,Damaged,222.1,Menu Item 080,10,111.05,Restaurant 020,Salads,2025-08
5497,19,59,2025-05-26,1,Expired,189.87,Menu Item 059,9,189.87,Restaurant 019,Beverages,2025-05
5498,3,23,2025-11-06,1,Overproduction,270.23,Menu Item 023,3,270.23,Restaurant 003,Biryani,2025-11
5499,9,49,2025-05-25,2,Unsold,508.56,Menu Item 049,9,254.28,Restaurant 009,Beverages,2025-05
5500,12,52,2025-04-04,1,Spoilage,463.6,Menu Item 052,2,463.6,Restaurant 012,Pizza,2025-04
5501,10,150,2025-02-13,5,Damaged,1886.7,Menu Item 150,10,377.34,Restaurant 010,Salads,2025-02
5502,19,59,2025-04-15,3,Expired,569.61,Menu Item 059,9,189.87,Restaurant 019,Beverages,2025-04
5503,6,106,2025-01-14,3,Damaged,831.39,Menu Item 106,6,277.13,Restaurant 006,Pasta,2025-01
5504,19,19,2025-03-24,1,Preparation Error,179.99,Menu Item 019,9,179.99,Restaurant 019,Beverages,2025-03
5505,15,95,2025-12-27,1,Overproduction,681.88,Menu Item 095,5,681.88,Restaurant 015,BBQ,2025-12
5506,1,21,2025-12-16,2,Overproduction,644.56,Menu Item 021,1,322.28,Restaurant 001,Burgers,2025-12
5507,1,61,2025-11-01,5,Overproduction,2478.55,Menu Item 061,1,495.71,Restaurant 001,Burgers,2025-11
5508,5,25,2025-04-04,2,Overproduction,2055.42,Menu Item 025,5,1027.71,Restaurant 005,BBQ,2025-04
5509,16,96,2025-09-28,1,Spoilage,405.22,Menu Item 096,6,405.22,Restaurant 016,Pasta,2025-09
5510,5,85,2025-12-08,1,Unsold,355.11,Menu Item 085,5,355.11,Restaurant 005,BBQ,2025-12
5511,19,19,2025-10-20,1,Unsold,179.99,Menu Item 019,9,179.99,Restaurant 019,Beverages,2025-10
5512,7,107,2025-07-19,1,Overproduction,472.58,Menu Item 107,7,472.58,Restaurant 007,Sandwiches,2025-07
5513,1,1,2025-05-04,1,Preparation Error,428.12,Menu Item 001,1,428.12,Restaurant 001,Burgers,2025-05
5514,14,54,2025-06-15,2,Overproduction,364.36,Menu Item 054,4,182.18,Restaurant 014,Rice,2025-06
5515,5,25,2025-01-28,3,Spoilage,3083.13,Menu Item 025,5,1027.71,Restaurant 005,BBQ,2025-01
5516,18,98,2025-02-16,5,Overproduction,1868.25,Menu Item 098,8,373.65,Restaurant 018,Desserts,2025-02
5517,17,117,2025-11-09,1,Overproduction,429.73,Menu Item 117,7,429.73,Restaurant 017,Sandwiches,2025-11
5518,7,87,2025-07-11,1,Expired,530.98,Menu Item 087,7,530.98,Restaurant 007,Sandwiches,2025-07
5519,14,74,2025-06-27,3,Damaged,467.7,Menu Item 074,4,155.9,Restaurant 014,Rice,2025-06
5520,4,104,2025-12-14,1,Spoilage,167.96,Menu Item 104,4,167.96,Restaurant 004,Rice,2025-12
5521,2,22,2025-04-28,3,Overproduction,970.41,Menu Item 022,2,323.47,Restaurant 002,Pizza,2025-04
5522,6,146,2025-05-14,2,Preparation Error,1485.06,Menu Item 146,6,742.53,Restaurant 006,Pasta,2025-05
5523,8,128,2025-05-18,3,Unsold,1041.87,Menu Item 128,8,347.29,Restaurant 008,Desserts,2025-05
5524,3,123,2025-07-11,2,Damaged,731.08,Menu Item 123,3,365.54,Restaurant 003,Biryani,2025-07
5525,2,42,2025-09-14,3,Overproduction,1403.13,Menu Item 042,2,467.71,Restaurant 002,Pizza,2025-09
5526,20,40,2025-09-23,1,Preparation Error,276.24,Menu Item 040,10,276.24,Restaurant 020,Salads,2025-09
5527,19,79,2025-05-10,1,Damaged,130.5,Menu Item 079,9,130.5,Restaurant 019,Beverages,2025-05
5528,9,49,2025-02-09,3,Expired,762.84,Menu Item 049,9,254.28,Restaurant 009,Beverages,2025-02
5529,19,19,2025-06-03,3,Spoilage,539.97,Menu Item 019,9,179.99,Restaurant 019,Beverages,2025-06
5530,20,120,2025-08-03,1,Unsold,227.83,Menu Item 120,10,227.83,Restaurant 020,Salads,2025-08
5531,17,137,2025-08-21,1,Overproduction,353.74,Menu Item 137,7,353.74,Restaurant 017,Sandwiches,2025-08
5532,15,115,2025-05-10,1,Overproduction,803.9,Menu Item 115,5,803.9,Restaurant 015,BBQ,2025-05
5533,15,75,2025-03-13,1,Preparation Error,422.0,Menu Item 075,5,422.0,Restaurant 015,BBQ,2025-03
5534,15,135,2025-04-03,3,Expired,901.47,Menu Item 135,5,300.49,Restaurant 015,BBQ,2025-04
5535,17,77,2025-03-05,5,Damaged,2993.15,Menu Item 077,7,598.63,Restaurant 017,Sandwiches,2025-03
5536,11,31,2025-06-19,1,Spoilage,322.62,Menu Item 031,1,322.62,Restaurant 011,Burgers,2025-06
5537,2,122,2025-07-23,3,Expired,2485.05,Menu Item 122,2,828.35,Restaurant 002,Pizza,2025-07
5538,1,21,2025-02-12,8,Damaged,2578.24,Menu Item 021,1,322.28,Restaurant 001,Burgers,2025-02
5539,17,77,2025-02-03,5,Damaged,2993.15,Menu Item 077,7,598.63,Restaurant 017,Sandwiches,2025-02
5540,2,42,2025-07-24,1,Damaged,467.71,Menu Item 042,2,467.71,Restaurant 002,Pizza,2025-07
5541,12,92,2025-10-25,8,Expired,3714.96,Menu Item 092,2,464.37,Restaurant 012,Pizza,2025-10
5542,3,103,2025-09-04,1,Expired,490.49,Menu Item 103,3,490.49,Restaurant 003,Biryani,2025-09
5543,14,54,2025-11-24,1,Expired,182.18,Menu Item 054,4,182.18,Restaurant 014,Rice,2025-11
5544,15,95,2025-10-13,1,Overproduction,681.88,Menu Item 095,5,681.88,Restaurant 015,BBQ,2025-10
5545,15,95,2025-09-08,2,Spoilage,1363.76,Menu Item 095,5,681.88,Restaurant 015,BBQ,2025-09
5546,10,90,2025-01-05,3,Unsold,572.88,Menu Item 090,10,190.96,Restaurant 010,Salads,2025-01
5547,7,127,2025-08-03,1,Damaged,334.08,Menu Item 127,7,334.08,Restaurant 007,Sandwiches,2025-08
5548,3,63,2025-10-19,1,Preparation Error,313.94,Menu Item 063,3,313.94,Restaurant 003,Biryani,2025-10
5549,8,8,2025-05-06,2,Unsold,615.44,Menu Item 008,8,307.72,Restaurant 008,Desserts,2025-05
5550,1,121,2025-08-01,3,Expired,1125.9,Menu Item 121,1,375.3,Restaurant 001,Burgers,2025-08
5551,4,124,2025-11-26,2,Preparation Error,299.14,Menu Item 124,4,149.57,Restaurant 004,Rice,2025-11
5552,1,1,2025-02-13,3,Expired,1284.36,Menu Item 001,1,428.12,Restaurant 001,Burgers,2025-02
5553,6,106,2025-03-17,3,Damaged,831.39,Menu Item 106,6,277.13,Restaurant 006,Pasta,2025-03
5554,19,79,2025-06-14,3,Damaged,391.5,Menu Item 079,9,130.5,Restaurant 019,Beverages,2025-06
5555,11,131,2025-01-16,2,Expired,745.46,Menu Item 131,1,372.73,Restaurant 011,Burgers,2025-01
5556,16,136,2025-09-21,8,Damaged,3458.96,Menu Item 136,6,432.37,Restaurant 016,Pasta,2025-09
5557,10,90,2025-04-04,1,Expired,190.96,Menu Item 090,10,190.96,Restaurant 010,Salads,2025-04
5558,11,31,2025-06-05,3,Spoilage,967.86,Menu Item 031,1,322.62,Restaurant 011,Burgers,2025-06
5559,16,56,2025-12-12,1,Spoilage,390.6,Menu Item 056,6,390.6,Restaurant 016,Pasta,2025-12
5560,13,113,2025-10-26,1,Damaged,230.81,Menu Item 113,3,230.81,Restaurant 013,Biryani,2025-10
5561,14,74,2025-11-08,1,Damaged,155.9,Menu Item 074,4,155.9,Restaurant 014,Rice,2025-11
5562,3,103,2025-06-11,1,Damaged,490.49,Menu Item 103,3,490.49,Restaurant 003,Biryani,2025-06
5563,13,33,2025-04-10,5,Expired,1757.5,Menu Item 033,3,351.5,Restaurant 013,Biryani,2025-04
5564,7,147,2025-03-24,2,Overproduction,449.6,Menu Item 147,7,224.8,Restaurant 007,Sandwiches,2025-03
5565,4,4,2025-07-26,2,Preparation Error,303.36,Menu Item 004,4,151.68,Restaurant 004,Rice,2025-07
5566,8,148,2025-11-02,2,Overproduction,675.28,Menu Item 148,8,337.64,Restaurant 008,Desserts,2025-11
5567,18,38,2025-06-01,2,Preparation Error,752.64,Menu Item 038,8,376.32,Restaurant 018,Desserts,2025-06
5568,11,51,2025-09-20,3,Damaged,1088.43,Menu Item 051,1,362.81,Restaurant 011,Burgers,2025-09
5569,15,95,2025-03-28,8,Damaged,5455.04,Menu Item 095,5,681.88,Restaurant 015,BBQ,2025-03
5570,8,8,2025-05-26,10,Preparation Error,3077.2,Menu Item 008,8,307.72,Restaurant 008,Desserts,2025-05
5571,18,18,2025-07-01,1,Damaged,334.39,Menu Item 018,8,334.39,Restaurant 018,Desserts,2025-07
5572,3,143,2025-10-13,5,Expired,1775.0,Menu Item 143,3,355.0,Restaurant 003,Biryani,2025-10
5573,14,34,2025-11-25,2,Overproduction,928.64,Menu Item 034,4,464.32,Restaurant 014,Rice,2025-11
5574,4,64,2025-05-10,10,Damaged,2564.6,Menu Item 064,4,256.46,Restaurant 004,Rice,2025-05
5575,4,24,2025-05-15,1,Expired,498.37,Menu Item 024,4,498.37,Restaurant 004,Rice,2025-05
5576,11,51,2025-01-26,1,Overproduction,362.81,Menu Item 051,1,362.81,Restaurant 011,Burgers,2025-01
5577,9,9,2025-06-26,2,Spoilage,280.7,Menu Item 009,9,140.35,Restaurant 009,Beverages,2025-06
5578,3,63,2025-03-28,2,Expired,627.88,Menu Item 063,3,313.94,Restaurant 003,Biryani,2025-03
5579,9,89,2025-04-10,2,Spoilage,532.72,Menu Item 089,9,266.36,Restaurant 009,Beverages,2025-04
5580,9,69,2025-10-09,2,Damaged,189.6,Menu Item 069,9,94.8,Restaurant 009,Beverages,2025-10
5581,9,9,2025-06-13,2,Preparation Error,280.7,Menu Item 009,9,140.35,Restaurant 009,Beverages,2025-06
5582,7,127,2025-08-04,5,Unsold,1670.4,Menu Item 127,7,334.08,Restaurant 007,Sandwiches,2025-08
5583,17,137,2025-05-19,2,Preparation Error,707.48,Menu Item 137,7,353.74,Restaurant 017,Sandwiches,2025-05
5584,15,115,2025-07-06,2,Damaged,1607.8,Menu Item 115,5,803.9,Restaurant 015,BBQ,2025-07
5585,5,85,2025-04-10,2,Damaged,710.22,Menu Item 085,5,355.11,Restaurant 005,BBQ,2025-04
5586,11,51,2025-03-07,2,Unsold,725.62,Menu Item 051,1,362.81,Restaurant 011,Burgers,2025-03
5587,5,105,2025-08-08,1,Expired,596.54,Menu Item 105,5,596.54,Restaurant 005,BBQ,2025-08
5588,15,115,2025-11-04,5,Expired,4019.5,Menu Item 115,5,803.9,Restaurant 015,BBQ,2025-11
5589,8,108,2025-07-28,1,Expired,415.08,Menu Item 108,8,415.08,Restaurant 008,Desserts,2025-07
5590,8,68,2025-12-07,1,Expired,114.06,Menu Item 068,8,114.06,Restaurant 008,Desserts,2025-12
5591,12,72,2025-09-04,3,Expired,827.34,Menu Item 072,2,275.78,Restaurant 012,Pizza,2025-09
5592,1,81,2025-01-02,2,Overproduction,1028.94,Menu Item 081,1,514.47,Restaurant 001,Burgers,2025-01
5593,15,95,2025-10-16,2,Unsold,1363.76,Menu Item 095,5,681.88,Restaurant 015,BBQ,2025-10
5594,8,8,2025-07-23,2,Preparation Error,615.44,Menu Item 008,8,307.72,Restaurant 008,Desserts,2025-07
5595,10,50,2025-03-26,1,Spoilage,158.1,Menu Item 050,10,158.1,Restaurant 010,Salads,2025-03
5596,14,14,2025-05-24,2,Spoilage,462.46,Menu Item 014,4,231.23,Restaurant 014,Rice,2025-05
5597,13,33,2025-09-20,8,Unsold,2812.0,Menu Item 033,3,351.5,Restaurant 013,Biryani,2025-09
5598,19,99,2025-01-21,2,Expired,223.48,Menu Item 099,9,111.74,Restaurant 019,Beverages,2025-01
5599,16,36,2025-04-15,1,Spoilage,450.9,Menu Item 036,6,450.9,Restaurant 016,Pasta,2025-04
5600,19,39,2025-11-20,1,Damaged,88.74,Menu Item 039,9,88.74,Restaurant 019,Beverages,2025-11
5601,17,77,2025-05-26,1,Spoilage,598.63,Menu Item 077,7,598.63,Restaurant 017,Sandwiches,2025-05
5602,6,6,2025-11-28,1,Preparation Error,302.15,Menu Item 006,6,302.15,Restaurant 006,Pasta,2025-11
5603,13,93,2025-11-07,3,Expired,1660.83,Menu Item 093,3,553.61,Restaurant 013,Biryani,2025-11
5604,6,106,2025-01-05,10,Unsold,2771.3,Menu Item 106,6,277.13,Restaurant 006,Pasta,2025-01
5605,3,3,2025-11-27,1,Unsold,225.96,Menu Item 003,3,225.96,Restaurant 003,Biryani,2025-11
5606,19,139,2025-12-22,1,Spoilage,127.54,Menu Item 139,9,127.54,Restaurant 019,Beverages,2025-12
5607,10,30,2025-04-09,3,Expired,501.81,Menu Item 030,10,167.27,Restaurant 010,Salads,2025-04
5608,11,51,2025-01-13,2,Spoilage,725.62,Menu Item 051,1,362.81,Restaurant 011,Burgers,2025-01
5609,6,126,2025-10-24,2,Damaged,1341.26,Menu Item 126,6,670.63,Restaurant 006,Pasta,2025-10
5610,3,143,2025-11-25,1,Unsold,355.0,Menu Item 143,3,355.0,Restaurant 003,Biryani,2025-11
5611,16,76,2025-02-13,5,Overproduction,2076.55,Menu Item 076,6,415.31,Restaurant 016,Pasta,2025-02
5612,17,17,2025-06-09,1,Preparation Error,292.34,Menu Item 017,7,292.34,Restaurant 017,Sandwiches,2025-06
5613,4,144,2025-04-12,5,Preparation Error,1216.25,Menu Item 144,4,243.25,Restaurant 004,Rice,2025-04
5614,8,48,2025-02-08,2,Overproduction,389.84,Menu Item 048,8,194.92,Restaurant 008,Desserts,2025-02
5615,1,141,2025-02-16,2,Spoilage,504.22,Menu Item 141,1,252.11,Restaurant 001,Burgers,2025-02
5616,10,70,2025-01-09,2,Unsold,414.5,Menu Item 070,10,207.25,Restaurant 010,Salads,2025-01
5617,3,63,2025-03-09,2,Damaged,627.88,Menu Item 063,3,313.94,Restaurant 003,Biryani,2025-03
5618,13,133,2025-08-03,2,Damaged,1017.66,Menu Item 133,3,508.83,Restaurant 013,Biryani,2025-08
5619,16,116,2025-09-18,2,Damaged,1026.56,Menu Item 116,6,513.28,Restaurant 016,Pasta,2025-09
5620,2,82,2025-09-06,2,Unsold,1202.9,Menu Item 082,2,601.45,Restaurant 002,Pizza,2025-09
5621,5,85,2025-05-02,1,Expired,355.11,Menu Item 085,5,355.11,Restaurant 005,BBQ,2025-05
5622,12,72,2025-10-25,5,Expired,1378.9,Menu Item 072,2,275.78,Restaurant 012,Pizza,2025-10
5623,9,49,2025-12-08,10,Overproduction,2542.8,Menu Item 049,9,254.28,Restaurant 009,Beverages,2025-12
5624,18,38,2025-07-17,1,Expired,376.32,Menu Item 038,8,376.32,Restaurant 018,Desserts,2025-07
5625,13,93,2025-04-05,1,Overproduction,553.61,Menu Item 093,3,553.61,Restaurant 013,Biryani,2025-04
5626,7,87,2025-10-04,8,Expired,4247.84,Menu Item 087,7,530.98,Restaurant 007,Sandwiches,2025-10
5627,3,103,2025-04-07,2,Preparation Error,980.98,Menu Item 103,3,490.49,Restaurant 003,Biryani,2025-04
5628,5,25,2025-02-18,1,Spoilage,1027.71,Menu Item 025,5,1027.71,Restaurant 005,BBQ,2025-02
5629,3,123,2025-03-10,3,Damaged,1096.62,Menu Item 123,3,365.54,Restaurant 003,Biryani,2025-03
5630,11,51,2025-08-21,2,Damaged,725.62,Menu Item 051,1,362.81,Restaurant 011,Burgers,2025-08
5631,1,41,2025-12-02,1,Overproduction,254.51,Menu Item 041,1,254.51,Restaurant 001,Burgers,2025-12
5632,1,1,2025-11-13,5,Damaged,2140.6,Menu Item 001,1,428.12,Restaurant 001,Burgers,2025-11
5633,3,23,2025-01-10,2,Unsold,540.46,Menu Item 023,3,270.23,Restaurant 003,Biryani,2025-01
5634,7,27,2025-03-26,2,Unsold,675.42,Menu Item 027,7,337.71,Restaurant 007,Sandwiches,2025-03
5635,16,56,2025-05-07,2,Spoilage,781.2,Menu Item 056,6,390.6,Restaurant 016,Pasta,2025-05
5636,20,40,2025-01-25,1,Preparation Error,276.24,Menu Item 040,10,276.24,Restaurant 020,Salads,2025-01
5637,9,149,2025-04-21,1,Preparation Error,239.18,Menu Item 149,9,239.18,Restaurant 009,Beverages,2025-04
5638,2,2,2025-10-17,3,Damaged,2466.9,Menu Item 002,2,822.3,Restaurant 002,Pizza,2025-10
5639,12,72,2025-08-12,2,Unsold,551.56,Menu Item 072,2,275.78,Restaurant 012,Pizza,2025-08
5640,8,108,2025-05-05,3,Damaged,1245.24,Menu Item 108,8,415.08,Restaurant 008,Desserts,2025-05
5641,7,47,2025-10-15,2,Unsold,1063.12,Menu Item 047,7,531.56,Restaurant 007,Sandwiches,2025-10
5642,19,99,2025-09-16,8,Unsold,893.92,Menu Item 099,9,111.74,Restaurant 019,Beverages,2025-09
5643,15,115,2025-03-17,1,Overproduction,803.9,Menu Item 115,5,803.9,Restaurant 015,BBQ,2025-03
5644,6,6,2025-03-01,3,Preparation Error,906.45,Menu Item 006,6,302.15,Restaurant 006,Pasta,2025-03
5645,1,41,2025-06-20,3,Damaged,763.53,Menu Item 041,1,254.51,Restaurant 001,Burgers,2025-06
5646,2,142,2025-02-24,2,Expired,1838.7,Menu Item 142,2,919.35,Restaurant 002,Pizza,2025-02
5647,8,28,2025-02-26,3,Overproduction,1134.48,Menu Item 028,8,378.16,Restaurant 008,Desserts,2025-02
5648,14,14,2025-12-06,3,Spoilage,693.69,Menu Item 014,4,231.23,Restaurant 014,Rice,2025-12
5649,18,38,2025-12-28,1,Overproduction,376.32,Menu Item 038,8,376.32,Restaurant 018,Desserts,2025-12
5650,12,52,2025-05-28,2,Preparation Error,927.2,Menu Item 052,2,463.6,Restaurant 012,Pizza,2025-05
5651,18,98,2025-07-09,3,Spoilage,1120.95,Menu Item 098,8,373.65,Restaurant 018,Desserts,2025-07
5652,6,26,2025-02-22,1,Expired,606.56,Menu Item 026,6,606.56,Restaurant 006,Pasta,2025-02
5653,11,71,2025-09-22,5,Expired,2324.9,Menu Item 071,1,464.98,Restaurant 011,Burgers,2025-09
5654,10,110,2025-01-12,1,Overproduction,219.27,Menu Item 110,10,219.27,Restaurant 010,Salads,2025-01
5655,4,4,2025-03-14,2,Expired,303.36,Menu Item 004,4,151.68,Restaurant 004,Rice,2025-03
5656,15,55,2025-03-20,3,Preparation Error,2797.86,Menu Item 055,5,932.62,Restaurant 015,BBQ,2025-03
5657,3,63,2025-08-21,2,Preparation Error,627.88,Menu Item 063,3,313.94,Restaurant 003,Biryani,2025-08
5658,11,91,2025-08-07,3,Damaged,1112.37,Menu Item 091,1,370.79,Restaurant 011,Burgers,2025-08
5659,19,19,2025-11-15,5,Overproduction,899.95,Menu Item 019,9,179.99,Restaurant 019,Beverages,2025-11
5660,6,126,2025-02-20,2,Preparation Error,1341.26,Menu Item 126,6,670.63,Restaurant 006,Pasta,2025-02
5661,11,111,2025-01-09,1,Overproduction,326.19,Menu Item 111,1,326.19,Restaurant 011,Burgers,2025-01
5662,7,127,2025-03-04,1,Preparation Error,334.08,Menu Item 127,7,334.08,Restaurant 007,Sandwiches,2025-03
5663,18,138,2025-10-21,2,Expired,309.2,Menu Item 138,8,154.6,Restaurant 018,Desserts,2025-10
5664,10,70,2025-09-08,2,Expired,414.5,Menu Item 070,10,207.25,Restaurant 010,Salads,2025-09
5665,11,11,2025-05-26,2,Overproduction,1092.48,Menu Item 011,1,546.24,Restaurant 011,Burgers,2025-05
5666,6,66,2025-09-26,1,Overproduction,418.78,Menu Item 066,6,418.78,Restaurant 006,Pasta,2025-09
5667,7,47,2025-06-01,3,Overproduction,1594.68,Menu Item 047,7,531.56,Restaurant 007,Sandwiches,2025-06
5668,1,41,2025-01-07,2,Unsold,509.02,Menu Item 041,1,254.51,Restaurant 001,Burgers,2025-01
5669,18,138,2025-06-17,1,Damaged,154.6,Menu Item 138,8,154.6,Restaurant 018,Desserts,2025-06
5670,11,11,2025-03-06,1,Expired,546.24,Menu Item 011,1,546.24,Restaurant 011,Burgers,2025-03
5671,8,68,2025-05-18,2,Preparation Error,228.12,Menu Item 068,8,114.06,Restaurant 008,Desserts,2025-05
5672,17,17,2025-03-22,5,Unsold,1461.7,Menu Item 017,7,292.34,Restaurant 017,Sandwiches,2025-03
5673,17,17,2025-12-15,2,Spoilage,584.68,Menu Item 017,7,292.34,Restaurant 017,Sandwiches,2025-12
5674,10,130,2025-05-28,1,Preparation Error,292.14,Menu Item 130,10,292.14,Restaurant 010,Salads,2025-05
5675,9,89,2025-09-18,1,Spoilage,266.36,Menu Item 089,9,266.36,Restaurant 009,Beverages,2025-09
5676,12,12,2025-09-17,1,Expired,783.1,Menu Item 012,2,783.1,Restaurant 012,Pizza,2025-09
5677,16,136,2025-01-23,3,Expired,1297.11,Menu Item 136,6,432.37,Restaurant 016,Pasta,2025-01
5678,18,118,2025-04-18,2,Overproduction,618.0,Menu Item 118,8,309.0,Restaurant 018,Desserts,2025-04
5679,6,66,2025-02-26,2,Preparation Error,837.56,Menu Item 066,6,418.78,Restaurant 006,Pasta,2025-02
5680,8,28,2025-12-16,8,Spoilage,3025.28,Menu Item 028,8,378.16,Restaurant 008,Desserts,2025-12
5681,15,15,2025-02-04,2,Overproduction,993.94,Menu Item 015,5,496.97,Restaurant 015,BBQ,2025-02
5682,10,70,2025-01-07,2,Unsold,414.5,Menu Item 070,10,207.25,Restaurant 010,Salads,2025-01
5683,11,91,2025-11-01,3,Damaged,1112.37,Menu Item 091,1,370.79,Restaurant 011,Burgers,2025-11
5684,3,63,2025-05-24,2,Spoilage,627.88,Menu Item 063,3,313.94,Restaurant 003,Biryani,2025-05
5685,5,25,2025-04-15,1,Unsold,1027.71,Menu Item 025,5,1027.71,Restaurant 005,BBQ,2025-04
5686,18,38,2025-10-23,2,Spoilage,752.64,Menu Item 038,8,376.32,Restaurant 018,Desserts,2025-10
5687,17,97,2025-04-06,2,Unsold,908.08,Menu Item 097,7,454.04,Restaurant 017,Sandwiches,2025-04
5688,13,53,2025-08-10,3,Preparation Error,895.59,Menu Item 053,3,298.53,Restaurant 013,Biryani,2025-08
5689,7,147,2025-09-04,8,Preparation Error,1798.4,Menu Item 147,7,224.8,Restaurant 007,Sandwiches,2025-09
5690,11,111,2025-04-06,3,Preparation Error,978.57,Menu Item 111,1,326.19,Restaurant 011,Burgers,2025-04
5691,17,37,2025-01-23,5,Unsold,3448.85,Menu Item 037,7,689.77,Restaurant 017,Sandwiches,2025-01
5692,9,149,2025-12-21,2,Expired,478.36,Menu Item 149,9,239.18,Restaurant 009,Beverages,2025-12
5693,18,118,2025-05-07,1,Overproduction,309.0,Menu Item 118,8,309.0,Restaurant 018,Desserts,2025-05
5694,7,107,2025-04-06,1,Overproduction,472.58,Menu Item 107,7,472.58,Restaurant 007,Sandwiches,2025-04
5695,11,131,2025-05-12,2,Preparation Error,745.46,Menu Item 131,1,372.73,Restaurant 011,Burgers,2025-05
5696,1,21,2025-03-01,2,Spoilage,644.56,Menu Item 021,1,322.28,Restaurant 001,Burgers,2025-03
5697,3,143,2025-08-02,5,Unsold,1775.0,Menu Item 143,3,355.0,Restaurant 003,Biryani,2025-08
5698,14,54,2025-03-21,2,Unsold,364.36,Menu Item 054,4,182.18,Restaurant 014,Rice,2025-03
5699,7,107,2025-04-03,2,Spoilage,945.16,Menu Item 107,7,472.58,Restaurant 007,Sandwiches,2025-04
5700,4,24,2025-04-04,1,Spoilage,498.37,Menu Item 024,4,498.37,Restaurant 004,Rice,2025-04
5701,9,49,2025-06-18,1,Spoilage,254.28,Menu Item 049,9,254.28,Restaurant 009,Beverages,2025-06
5702,6,46,2025-03-02,1,Unsold,633.91,Menu Item 046,6,633.91,Restaurant 006,Pasta,2025-03
5703,17,77,2025-02-22,5,Spoilage,2993.15,Menu Item 077,7,598.63,Restaurant 017,Sandwiches,2025-02
5704,16,56,2025-03-07,1,Overproduction,390.6,Menu Item 056,6,390.6,Restaurant 016,Pasta,2025-03
5705,9,49,2025-02-02,10,Expired,2542.8,Menu Item 049,9,254.28,Restaurant 009,Beverages,2025-02
5706,2,62,2025-09-10,1,Spoilage,509.77,Menu Item 062,2,509.77,Restaurant 002,Pizza,2025-09
5707,1,21,2025-09-09,8,Overproduction,2578.24,Menu Item 021,1,322.28,Restaurant 001,Burgers,2025-09
5708,3,23,2025-03-24,2,Expired,540.46,Menu Item 023,3,270.23,Restaurant 003,Biryani,2025-03
5709,1,101,2025-07-17,1,Spoilage,318.51,Menu Item 101,1,318.51,Restaurant 001,Burgers,2025-07
5710,16,96,2025-09-28,1,Damaged,405.22,Menu Item 096,6,405.22,Restaurant 016,Pasta,2025-09
5711,2,62,2025-08-04,1,Preparation Error,509.77,Menu Item 062,2,509.77,Restaurant 002,Pizza,2025-08
5712,13,53,2025-09-12,3,Preparation Error,895.59,Menu Item 053,3,298.53,Restaurant 013,Biryani,2025-09
5713,6,146,2025-12-03,1,Spoilage,742.53,Menu Item 146,6,742.53,Restaurant 006,Pasta,2025-12
5714,5,85,2025-02-05,1,Damaged,355.11,Menu Item 085,5,355.11,Restaurant 005,BBQ,2025-02
5715,13,13,2025-05-08,1,Expired,389.28,Menu Item 013,3,389.28,Restaurant 013,Biryani,2025-05
5716,2,142,2025-07-15,2,Expired,1838.7,Menu Item 142,2,919.35,Restaurant 002,Pizza,2025-07
5717,18,98,2025-01-26,3,Overproduction,1120.95,Menu Item 098,8,373.65,Restaurant 018,Desserts,2025-01
5718,2,2,2025-03-17,5,Damaged,4111.5,Menu Item 002,2,822.3,Restaurant 002,Pizza,2025-03
5719,3,63,2025-06-28,2,Unsold,627.88,Menu Item 063,3,313.94,Restaurant 003,Biryani,2025-06
5720,10,70,2025-10-05,3,Preparation Error,621.75,Menu Item 070,10,207.25,Restaurant 010,Salads,2025-10
5721,1,1,2025-11-27,3,Preparation Error,1284.36,Menu Item 001,1,428.12,Restaurant 001,Burgers,2025-11
5722,10,110,2025-05-15,1,Expired,219.27,Menu Item 110,10,219.27,Restaurant 010,Salads,2025-05
5723,9,149,2025-04-23,1,Overproduction,239.18,Menu Item 149,9,239.18,Restaurant 009,Beverages,2025-04
5724,19,99,2025-05-03,8,Overproduction,893.92,Menu Item 099,9,111.74,Restaurant 019,Beverages,2025-05
5725,12,32,2025-02-21,3,Overproduction,2214.9,Menu Item 032,2,738.3,Restaurant 012,Pizza,2025-02
5726,19,59,2025-08-20,2,Unsold,379.74,Menu Item 059,9,189.87,Restaurant 019,Beverages,2025-08
5727,17,137,2025-03-28,3,Preparation Error,1061.22,Menu Item 137,7,353.74,Restaurant 017,Sandwiches,2025-03
5728,1,81,2025-12-03,1,Spoilage,514.47,Menu Item 081,1,514.47,Restaurant 001,Burgers,2025-12
5729,12,52,2025-05-26,5,Overproduction,2318.0,Menu Item 052,2,463.6,Restaurant 012,Pizza,2025-05
5730,6,146,2025-12-21,1,Spoilage,742.53,Menu Item 146,6,742.53,Restaurant 006,Pasta,2025-12
5731,9,49,2025-07-18,1,Damaged,254.28,Menu Item 049,9,254.28,Restaurant 009,Beverages,2025-07
5732,13,33,2025-05-20,2,Overproduction,703.0,Menu Item 033,3,351.5,Restaurant 013,Biryani,2025-05
5733,19,139,2025-01-06,3,Unsold,382.62,Menu Item 139,9,127.54,Restaurant 019,Beverages,2025-01
5734,5,145,2025-11-21,1,Damaged,429.88,Menu Item 145,5,429.88,Restaurant 005,BBQ,2025-11
5735,5,125,2025-04-12,2,Preparation Error,2276.68,Menu Item 125,5,1138.34,Restaurant 005,BBQ,2025-04
5736,9,129,2025-03-25,1,Overproduction,100.2,Menu Item 129,9,100.2,Restaurant 009,Beverages,2025-03
5737,6,86,2025-02-15,2,Overproduction,956.62,Menu Item 086,6,478.31,Restaurant 006,Pasta,2025-02
5738,18,98,2025-05-23,1,Preparation Error,373.65,Menu Item 098,8,373.65,Restaurant 018,Desserts,2025-05
5739,5,65,2025-12-13,1,Damaged,515.74,Menu Item 065,5,515.74,Restaurant 005,BBQ,2025-12
5740,4,44,2025-08-26,3,Damaged,1322.16,Menu Item 044,4,440.72,Restaurant 004,Rice,2025-08
5741,5,45,2025-02-11,3,Unsold,1169.82,Menu Item 045,5,389.94,Restaurant 005,BBQ,2025-02
5742,19,139,2025-10-03,2,Spoilage,255.08,Menu Item 139,9,127.54,Restaurant 019,Beverages,2025-10
5743,9,129,2025-05-08,2,Damaged,200.4,Menu Item 129,9,100.2,Restaurant 009,Beverages,2025-05
5744,3,63,2025-06-26,1,Unsold,313.94,Menu Item 063,3,313.94,Restaurant 003,Biryani,2025-06
5745,13,13,2025-08-17,2,Expired,778.56,Menu Item 013,3,389.28,Restaurant 013,Biryani,2025-08
5746,1,41,2025-05-25,1,Unsold,254.51,Menu Item 041,1,254.51,Restaurant 001,Burgers,2025-05
5747,1,41,2025-01-02,2,Unsold,509.02,Menu Item 041,1,254.51,Restaurant 001,Burgers,2025-01
5748,6,66,2025-04-15,1,Preparation Error,418.78,Menu Item 066,6,418.78,Restaurant 006,Pasta,2025-04
5749,4,124,2025-07-01,1,Overproduction,149.57,Menu Item 124,4,149.57,Restaurant 004,Rice,2025-07
5750,6,146,2025-06-20,2,Preparation Error,1485.06,Menu Item 146,6,742.53,Restaurant 006,Pasta,2025-06
5751,3,3,2025-09-01,2,Expired,451.92,Menu Item 003,3,225.96,Restaurant 003,Biryani,2025-09
5752,3,123,2025-07-28,2,Overproduction,731.08,Menu Item 123,3,365.54,Restaurant 003,Biryani,2025-07
5753,9,49,2025-03-22,2,Overproduction,508.56,Menu Item 049,9,254.28,Restaurant 009,Beverages,2025-03
5754,2,42,2025-01-09,1,Overproduction,467.71,Menu Item 042,2,467.71,Restaurant 002,Pizza,2025-01
5755,16,76,2025-01-24,8,Preparation Error,3322.48,Menu Item 076,6,415.31,Restaurant 016,Pasta,2025-01
5756,16,36,2025-10-02,3,Spoilage,1352.7,Menu Item 036,6,450.9,Restaurant 016,Pasta,2025-10
5757,17,37,2025-04-09,1,Damaged,689.77,Menu Item 037,7,689.77,Restaurant 017,Sandwiches,2025-04
5758,1,21,2025-04-23,2,Damaged,644.56,Menu Item 021,1,322.28,Restaurant 001,Burgers,2025-04
5759,1,101,2025-10-24,1,Expired,318.51,Menu Item 101,1,318.51,Restaurant 001,Burgers,2025-10
5760,9,29,2025-09-07,2,Overproduction,137.24,Menu Item 029,9,68.62,Restaurant 009,Beverages,2025-09
5761,16,116,2025-04-06,5,Damaged,2566.4,Menu Item 116,6,513.28,Restaurant 016,Pasta,2025-04
5762,7,7,2025-10-23,5,Preparation Error,2387.85,Menu Item 007,7,477.57,Restaurant 007,Sandwiches,2025-10
5763,8,8,2025-03-16,2,Preparation Error,615.44,Menu Item 008,8,307.72,Restaurant 008,Desserts,2025-03
5764,13,113,2025-02-21,1,Spoilage,230.81,Menu Item 113,3,230.81,Restaurant 013,Biryani,2025-02
5765,15,115,2025-11-18,1,Unsold,803.9,Menu Item 115,5,803.9,Restaurant 015,BBQ,2025-11
5766,2,62,2025-08-07,1,Damaged,509.77,Menu Item 062,2,509.77,Restaurant 002,Pizza,2025-08
5767,15,15,2025-04-26,1,Damaged,496.97,Menu Item 015,5,496.97,Restaurant 015,BBQ,2025-04
5768,13,93,2025-07-11,1,Damaged,553.61,Menu Item 093,3,553.61,Restaurant 013,Biryani,2025-07
5769,9,129,2025-01-11,1,Damaged,100.2,Menu Item 129,9,100.2,Restaurant 009,Beverages,2025-01
5770,12,72,2025-03-28,2,Spoilage,551.56,Menu Item 072,2,275.78,Restaurant 012,Pizza,2025-03
5771,6,86,2025-07-27,1,Expired,478.31,Menu Item 086,6,478.31,Restaurant 006,Pasta,2025-07
5772,20,100,2025-06-09,1,Preparation Error,486.7,Menu Item 100,10,486.7,Restaurant 020,Salads,2025-06
5773,19,79,2025-08-15,2,Preparation Error,261.0,Menu Item 079,9,130.5,Restaurant 019,Beverages,2025-08
5774,1,101,2025-03-28,3,Spoilage,955.53,Menu Item 101,1,318.51,Restaurant 001,Burgers,2025-03
5775,4,104,2025-06-24,2,Unsold,335.92,Menu Item 104,4,167.96,Restaurant 004,Rice,2025-06
5776,8,48,2025-02-16,3,Overproduction,584.76,Menu Item 048,8,194.92,Restaurant 008,Desserts,2025-02
5777,8,68,2025-09-18,1,Unsold,114.06,Menu Item 068,8,114.06,Restaurant 008,Desserts,2025-09
5778,20,40,2025-02-15,5,Expired,1381.2,Menu Item 040,10,276.24,Restaurant 020,Salads,2025-02
5779,1,61,2025-08-23,3,Damaged,1487.13,Menu Item 061,1,495.71,Restaurant 001,Burgers,2025-08
5780,6,106,2025-02-02,3,Overproduction,831.39,Menu Item 106,6,277.13,Restaurant 006,Pasta,2025-02
5781,15,35,2025-11-14,2,Overproduction,874.12,Menu Item 035,5,437.06,Restaurant 015,BBQ,2025-11
5782,4,84,2025-10-24,1,Preparation Error,350.73,Menu Item 084,4,350.73,Restaurant 004,Rice,2025-10
5783,18,118,2025-03-20,5,Expired,1545.0,Menu Item 118,8,309.0,Restaurant 018,Desserts,2025-03
5784,16,76,2025-11-18,2,Expired,830.62,Menu Item 076,6,415.31,Restaurant 016,Pasta,2025-11
5785,17,77,2025-03-25,3,Overproduction,1795.89,Menu Item 077,7,598.63,Restaurant 017,Sandwiches,2025-03
5786,7,67,2025-11-28,8,Expired,5084.48,Menu Item 067,7,635.56,Restaurant 007,Sandwiches,2025-11
5787,16,96,2025-08-26,2,Expired,810.44,Menu Item 096,6,405.22,Restaurant 016,Pasta,2025-08
5788,19,99,2025-12-23,1,Preparation Error,111.74,Menu Item 099,9,111.74,Restaurant 019,Beverages,2025-12
5789,8,128,2025-05-01,8,Preparation Error,2778.32,Menu Item 128,8,347.29,Restaurant 008,Desserts,2025-05
5790,14,54,2025-01-02,1,Spoilage,182.18,Menu Item 054,4,182.18,Restaurant 014,Rice,2025-01
5791,6,46,2025-07-11,1,Damaged,633.91,Menu Item 046,6,633.91,Restaurant 006,Pasta,2025-07
5792,11,111,2025-09-08,2,Expired,652.38,Menu Item 111,1,326.19,Restaurant 011,Burgers,2025-09
5793,11,71,2025-01-26,2,Preparation Error,929.96,Menu Item 071,1,464.98,Restaurant 011,Burgers,2025-01
5794,4,4,2025-07-21,2,Overproduction,303.36,Menu Item 004,4,151.68,Restaurant 004,Rice,2025-07
5795,20,80,2025-05-08,3,Damaged,333.15,Menu Item 080,10,111.05,Restaurant 020,Salads,2025-05
5796,2,62,2025-10-26,10,Spoilage,5097.7,Menu Item 062,2,509.77,Restaurant 002,Pizza,2025-10
5797,13,13,2025-10-09,1,Overproduction,389.28,Menu Item 013,3,389.28,Restaurant 013,Biryani,2025-10
5798,8,28,2025-05-05,2,Spoilage,756.32,Menu Item 028,8,378.16,Restaurant 008,Desserts,2025-05
5799,8,128,2025-08-24,2,Expired,694.58,Menu Item 128,8,347.29,Restaurant 008,Desserts,2025-08
5800,3,23,2025-11-13,1,Preparation Error,270.23,Menu Item 023,3,270.23,Restaurant 003,Biryani,2025-11
5801,18,98,2025-07-20,1,Expired,373.65,Menu Item 098,8,373.65,Restaurant 018,Desserts,2025-07
5802,15,135,2025-01-24,3,Preparation Error,901.47,Menu Item 135,5,300.49,Restaurant 015,BBQ,2025-01
5803,12,12,2025-12-18,5,Preparation Error,3915.5,Menu Item 012,2,783.1,Restaurant 012,Pizza,2025-12
5804,4,144,2025-09-25,1,Spoilage,243.25,Menu Item 144,4,243.25,Restaurant 004,Rice,2025-09
5805,11,111,2025-09-05,1,Unsold,326.19,Menu Item 111,1,326.19,Restaurant 011,Burgers,2025-09
5806,2,22,2025-09-15,3,Preparation Error,970.41,Menu Item 022,2,323.47,Restaurant 002,Pizza,2025-09
5807,16,76,2025-07-08,1,Unsold,415.31,Menu Item 076,6,415.31,Restaurant 016,Pasta,2025-07
5808,5,145,2025-04-05,1,Damaged,429.88,Menu Item 145,5,429.88,Restaurant 005,BBQ,2025-04
5809,3,83,2025-05-17,2,Overproduction,472.7,Menu Item 083,3,236.35,Restaurant 003,Biryani,2025-05
5810,7,27,2025-06-19,2,Unsold,675.42,Menu Item 027,7,337.71,Restaurant 007,Sandwiches,2025-06
5811,10,70,2025-06-20,3,Damaged,621.75,Menu Item 070,10,207.25,Restaurant 010,Salads,2025-06
5812,1,101,2025-09-26,1,Unsold,318.51,Menu Item 101,1,318.51,Restaurant 001,Burgers,2025-09
5813,11,51,2025-03-22,1,Preparation Error,362.81,Menu Item 051,1,362.81,Restaurant 011,Burgers,2025-03
5814,19,39,2025-04-11,1,Spoilage,88.74,Menu Item 039,9,88.74,Restaurant 019,Beverages,2025-04
5815,20,40,2025-12-27,1,Damaged,276.24,Menu Item 040,10,276.24,Restaurant 020,Salads,2025-12
5816,4,144,2025-07-02,1,Unsold,243.25,Menu Item 144,4,243.25,Restaurant 004,Rice,2025-07
5817,15,95,2025-06-12,2,Preparation Error,1363.76,Menu Item 095,5,681.88,Restaurant 015,BBQ,2025-06
5818,20,60,2025-05-10,1,Overproduction,331.16,Menu Item 060,10,331.16,Restaurant 020,Salads,2025-05
5819,1,41,2025-07-12,3,Overproduction,763.53,Menu Item 041,1,254.51,Restaurant 001,Burgers,2025-07
5820,9,69,2025-04-03,1,Overproduction,94.8,Menu Item 069,9,94.8,Restaurant 009,Beverages,2025-04
5821,16,76,2025-09-10,3,Expired,1245.93,Menu Item 076,6,415.31,Restaurant 016,Pasta,2025-09
5822,11,71,2025-03-13,1,Expired,464.98,Menu Item 071,1,464.98,Restaurant 011,Burgers,2025-03
5823,10,110,2025-08-05,1,Damaged,219.27,Menu Item 110,10,219.27,Restaurant 010,Salads,2025-08
5824,7,87,2025-08-15,1,Damaged,530.98,Menu Item 087,7,530.98,Restaurant 007,Sandwiches,2025-08
5825,12,112,2025-12-14,5,Spoilage,4306.4,Menu Item 112,2,861.28,Restaurant 012,Pizza,2025-12
5826,4,24,2025-10-06,1,Damaged,498.37,Menu Item 024,4,498.37,Restaurant 004,Rice,2025-10
5827,9,69,2025-12-07,1,Overproduction,94.8,Menu Item 069,9,94.8,Restaurant 009,Beverages,2025-12
5828,13,113,2025-12-21,1,Expired,230.81,Menu Item 113,3,230.81,Restaurant 013,Biryani,2025-12
5829,6,66,2025-05-27,3,Overproduction,1256.34,Menu Item 066,6,418.78,Restaurant 006,Pasta,2025-05
5830,1,121,2025-04-13,1,Expired,375.3,Menu Item 121,1,375.3,Restaurant 001,Burgers,2025-04
5831,2,2,2025-02-25,1,Overproduction,822.3,Menu Item 002,2,822.3,Restaurant 002,Pizza,2025-02
5832,4,4,2025-01-17,1,Damaged,151.68,Menu Item 004,4,151.68,Restaurant 004,Rice,2025-01
5833,7,87,2025-11-12,3,Unsold,1592.94,Menu Item 087,7,530.98,Restaurant 007,Sandwiches,2025-11
5834,8,88,2025-12-10,3,Expired,676.89,Menu Item 088,8,225.63,Restaurant 008,Desserts,2025-12
5835,15,15,2025-09-06,3,Preparation Error,1490.91,Menu Item 015,5,496.97,Restaurant 015,BBQ,2025-09
5836,10,30,2025-04-14,2,Damaged,334.54,Menu Item 030,10,167.27,Restaurant 010,Salads,2025-04
5837,13,133,2025-02-07,8,Expired,4070.64,Menu Item 133,3,508.83,Restaurant 013,Biryani,2025-02
5838,9,89,2025-07-13,1,Damaged,266.36,Menu Item 089,9,266.36,Restaurant 009,Beverages,2025-07
5839,16,136,2025-05-12,8,Preparation Error,3458.96,Menu Item 136,6,432.37,Restaurant 016,Pasta,2025-05
5840,6,146,2025-08-11,1,Overproduction,742.53,Menu Item 146,6,742.53,Restaurant 006,Pasta,2025-08
5841,15,115,2025-04-05,1,Unsold,803.9,Menu Item 115,5,803.9,Restaurant 015,BBQ,2025-04
5842,5,25,2025-05-09,1,Unsold,1027.71,Menu Item 025,5,1027.71,Restaurant 005,BBQ,2025-05
5843,19,59,2025-03-23,1,Spoilage,189.87,Menu Item 059,9,189.87,Restaurant 019,Beverages,2025-03
5844,8,108,2025-04-15,2,Preparation Error,830.16,Menu Item 108,8,415.08,Restaurant 008,Desserts,2025-04
5845,13,13,2025-08-12,2,Unsold,778.56,Menu Item 013,3,389.28,Restaurant 013,Biryani,2025-08
5846,1,41,2025-11-23,5,Spoilage,1272.55,Menu Item 041,1,254.51,Restaurant 001,Burgers,2025-11
5847,18,58,2025-02-07,3,Damaged,1080.75,Menu Item 058,8,360.25,Restaurant 018,Desserts,2025-02
5848,17,117,2025-05-21,5,Overproduction,2148.65,Menu Item 117,7,429.73,Restaurant 017,Sandwiches,2025-05
5849,2,82,2025-01-15,2,Spoilage,1202.9,Menu Item 082,2,601.45,Restaurant 002,Pizza,2025-01
5850,17,57,2025-08-05,5,Damaged,1572.6,Menu Item 057,7,314.52,Restaurant 017,Sandwiches,2025-08
5851,15,35,2025-02-26,1,Preparation Error,437.06,Menu Item 035,5,437.06,Restaurant 015,BBQ,2025-02
5852,12,32,2025-08-20,2,Spoilage,1476.6,Menu Item 032,2,738.3,Restaurant 012,Pizza,2025-08
5853,11,11,2025-12-17,2,Expired,1092.48,Menu Item 011,1,546.24,Restaurant 011,Burgers,2025-12
5854,3,43,2025-07-18,5,Damaged,1898.5,Menu Item 043,3,379.7,Restaurant 003,Biryani,2025-07
5855,16,36,2025-01-25,2,Spoilage,901.8,Menu Item 036,6,450.9,Restaurant 016,Pasta,2025-01
5856,20,80,2025-02-23,1,Damaged,111.05,Menu Item 080,10,111.05,Restaurant 020,Salads,2025-02
5857,20,120,2025-02-16,1,Unsold,227.83,Menu Item 120,10,227.83,Restaurant 020,Salads,2025-02
5858,19,79,2025-03-16,1,Spoilage,130.5,Menu Item 079,9,130.5,Restaurant 019,Beverages,2025-03
5859,11,91,2025-10-16,2,Expired,741.58,Menu Item 091,1,370.79,Restaurant 011,Burgers,2025-10
5860,5,125,2025-03-04,1,Expired,1138.34,Menu Item 125,5,1138.34,Restaurant 005,BBQ,2025-03
5861,16,96,2025-12-14,1,Overproduction,405.22,Menu Item 096,6,405.22,Restaurant 016,Pasta,2025-12
5862,1,21,2025-06-15,3,Preparation Error,966.84,Menu Item 021,1,322.28,Restaurant 001,Burgers,2025-06
5863,16,56,2025-09-24,3,Unsold,1171.8,Menu Item 056,6,390.6,Restaurant 016,Pasta,2025-09
5864,7,7,2025-01-19,3,Expired,1432.71,Menu Item 007,7,477.57,Restaurant 007,Sandwiches,2025-01
5865,4,104,2025-11-18,1,Spoilage,167.96,Menu Item 104,4,167.96,Restaurant 004,Rice,2025-11
5866,7,147,2025-08-03,1,Unsold,224.8,Menu Item 147,7,224.8,Restaurant 007,Sandwiches,2025-08
5867,8,148,2025-02-20,2,Spoilage,675.28,Menu Item 148,8,337.64,Restaurant 008,Desserts,2025-02
5868,13,93,2025-02-25,1,Preparation Error,553.61,Menu Item 093,3,553.61,Restaurant 013,Biryani,2025-02
5869,6,46,2025-06-22,8,Overproduction,5071.28,Menu Item 046,6,633.91,Restaurant 006,Pasta,2025-06
5870,17,137,2025-04-10,2,Preparation Error,707.48,Menu Item 137,7,353.74,Restaurant 017,Sandwiches,2025-04
5871,17,17,2025-07-08,1,Preparation Error,292.34,Menu Item 017,7,292.34,Restaurant 017,Sandwiches,2025-07
5872,9,69,2025-10-04,1,Damaged,94.8,Menu Item 069,9,94.8,Restaurant 009,Beverages,2025-10
5873,2,2,2025-06-14,1,Overproduction,822.3,Menu Item 002,2,822.3,Restaurant 002,Pizza,2025-06
5874,3,143,2025-09-03,2,Overproduction,710.0,Menu Item 143,3,355.0,Restaurant 003,Biryani,2025-09
5875,8,8,2025-06-06,1,Spoilage,307.72,Menu Item 008,8,307.72,Restaurant 008,Desserts,2025-06
5876,12,72,2025-12-03,2,Damaged,551.56,Menu Item 072,2,275.78,Restaurant 012,Pizza,2025-12
5877,14,134,2025-05-07,10,Preparation Error,2883.4,Menu Item 134,4,288.34,Restaurant 014,Rice,2025-05
5878,12,12,2025-10-18,3,Expired,2349.3,Menu Item 012,2,783.1,Restaurant 012,Pizza,2025-10
5879,9,9,2025-02-13,1,Overproduction,140.35,Menu Item 009,9,140.35,Restaurant 009,Beverages,2025-02
5880,15,95,2025-05-13,2,Overproduction,1363.76,Menu Item 095,5,681.88,Restaurant 015,BBQ,2025-05
5881,13,133,2025-04-06,2,Expired,1017.66,Menu Item 133,3,508.83,Restaurant 013,Biryani,2025-04
5882,1,61,2025-04-13,2,Damaged,991.42,Menu Item 061,1,495.71,Restaurant 001,Burgers,2025-04
5883,3,43,2025-06-27,2,Unsold,759.4,Menu Item 043,3,379.7,Restaurant 003,Biryani,2025-06
5884,17,77,2025-08-17,10,Expired,5986.3,Menu Item 077,7,598.63,Restaurant 017,Sandwiches,2025-08
5885,13,113,2025-04-19,1,Expired,230.81,Menu Item 113,3,230.81,Restaurant 013,Biryani,2025-04
5886,15,55,2025-11-24,2,Spoilage,1865.24,Menu Item 055,5,932.62,Restaurant 015,BBQ,2025-11
5887,10,150,2025-09-06,5,Expired,1886.7,Menu Item 150,10,377.34,Restaurant 010,Salads,2025-09
5888,8,108,2025-07-28,3,Preparation Error,1245.24,Menu Item 108,8,415.08,Restaurant 008,Desserts,2025-07
5889,2,82,2025-11-26,1,Damaged,601.45,Menu Item 082,2,601.45,Restaurant 002,Pizza,2025-11
5890,19,139,2025-02-09,2,Preparation Error,255.08,Menu Item 139,9,127.54,Restaurant 019,Beverages,2025-02
5891,19,19,2025-09-26,3,Preparation Error,539.97,Menu Item 019,9,179.99,Restaurant 019,Beverages,2025-09
5892,6,106,2025-11-07,1,Damaged,277.13,Menu Item 106,6,277.13,Restaurant 006,Pasta,2025-11
5893,4,84,2025-11-02,2,Unsold,701.46,Menu Item 084,4,350.73,Restaurant 004,Rice,2025-11
5894,5,45,2025-06-25,2,Preparation Error,779.88,Menu Item 045,5,389.94,Restaurant 005,BBQ,2025-06
5895,1,141,2025-06-23,2,Spoilage,504.22,Menu Item 141,1,252.11,Restaurant 001,Burgers,2025-06
5896,8,148,2025-12-11,3,Damaged,1012.92,Menu Item 148,8,337.64,Restaurant 008,Desserts,2025-12
5897,8,28,2025-06-24,2,Overproduction,756.32,Menu Item 028,8,378.16,Restaurant 008,Desserts,2025-06
5898,10,30,2025-04-05,3,Preparation Error,501.81,Menu Item 030,10,167.27,Restaurant 010,Salads,2025-04
5899,14,134,2025-04-26,8,Damaged,2306.72,Menu Item 134,4,288.34,Restaurant 014,Rice,2025-04
5900,4,104,2025-11-04,2,Spoilage,335.92,Menu Item 104,4,167.96,Restaurant 004,Rice,2025-11
5901,20,120,2025-12-06,1,Overproduction,227.83,Menu Item 120,10,227.83,Restaurant 020,Salads,2025-12
5902,19,99,2025-09-12,2,Spoilage,223.48,Menu Item 099,9,111.74,Restaurant 019,Beverages,2025-09
5903,16,96,2025-11-06,3,Expired,1215.66,Menu Item 096,6,405.22,Restaurant 016,Pasta,2025-11
5904,15,75,2025-03-06,3,Overproduction,1266.0,Menu Item 075,5,422.0,Restaurant 015,BBQ,2025-03
5905,6,126,2025-12-05,5,Spoilage,3353.15,Menu Item 126,6,670.63,Restaurant 006,Pasta,2025-12
5906,6,86,2025-11-15,2,Damaged,956.62,Menu Item 086,6,478.31,Restaurant 006,Pasta,2025-11
5907,14,34,2025-08-03,1,Preparation Error,464.32,Menu Item 034,4,464.32,Restaurant 014,Rice,2025-08
5908,19,139,2025-02-27,3,Preparation Error,382.62,Menu Item 139,9,127.54,Restaurant 019,Beverages,2025-02
5909,8,128,2025-11-15,1,Unsold,347.29,Menu Item 128,8,347.29,Restaurant 008,Desserts,2025-11
5910,13,53,2025-05-25,8,Spoilage,2388.24,Menu Item 053,3,298.53,Restaurant 013,Biryani,2025-05
5911,10,10,2025-02-27,1,Damaged,143.3,Menu Item 010,10,143.3,Restaurant 010,Salads,2025-02
5912,11,51,2025-05-25,1,Expired,362.81,Menu Item 051,1,362.81,Restaurant 011,Burgers,2025-05
5913,10,150,2025-03-20,3,Overproduction,1132.02,Menu Item 150,10,377.34,Restaurant 010,Salads,2025-03
5914,10,30,2025-03-25,5,Spoilage,836.35,Menu Item 030,10,167.27,Restaurant 010,Salads,2025-03
5915,14,94,2025-03-10,1,Damaged,274.91,Menu Item 094,4,274.91,Restaurant 014,Rice,2025-03
5916,19,19,2025-02-27,2,Damaged,359.98,Menu Item 019,9,179.99,Restaurant 019,Beverages,2025-02
5917,2,82,2025-08-04,1,Spoilage,601.45,Menu Item 082,2,601.45,Restaurant 002,Pizza,2025-08
5918,3,63,2025-03-28,2,Spoilage,627.88,Menu Item 063,3,313.94,Restaurant 003,Biryani,2025-03
5919,17,117,2025-10-14,8,Unsold,3437.84,Menu Item 117,7,429.73,Restaurant 017,Sandwiches,2025-10
5920,4,124,2025-05-21,3,Preparation Error,448.71,Menu Item 124,4,149.57,Restaurant 004,Rice,2025-05
5921,11,91,2025-08-01,3,Spoilage,1112.37,Menu Item 091,1,370.79,Restaurant 011,Burgers,2025-08
5922,2,62,2025-12-01,3,Damaged,1529.31,Menu Item 062,2,509.77,Restaurant 002,Pizza,2025-12
5923,1,121,2025-09-16,1,Overproduction,375.3,Menu Item 121,1,375.3,Restaurant 001,Burgers,2025-09
5924,8,128,2025-05-09,1,Damaged,347.29,Menu Item 128,8,347.29,Restaurant 008,Desserts,2025-05
5925,9,109,2025-08-15,2,Overproduction,442.86,Menu Item 109,9,221.43,Restaurant 009,Beverages,2025-08
5926,19,19,2025-06-06,2,Damaged,359.98,Menu Item 019,9,179.99,Restaurant 019,Beverages,2025-06
5927,1,41,2025-05-11,1,Expired,254.51,Menu Item 041,1,254.51,Restaurant 001,Burgers,2025-05
5928,12,92,2025-08-19,3,Spoilage,1393.11,Menu Item 092,2,464.37,Restaurant 012,Pizza,2025-08
5929,17,97,2025-08-10,3,Expired,1362.12,Menu Item 097,7,454.04,Restaurant 017,Sandwiches,2025-08
5930,12,32,2025-01-08,3,Preparation Error,2214.9,Menu Item 032,2,738.3,Restaurant 012,Pizza,2025-01
5931,18,138,2025-01-27,2,Unsold,309.2,Menu Item 138,8,154.6,Restaurant 018,Desserts,2025-01
5932,1,101,2025-07-20,1,Spoilage,318.51,Menu Item 101,1,318.51,Restaurant 001,Burgers,2025-07
5933,3,123,2025-06-18,3,Unsold,1096.62,Menu Item 123,3,365.54,Restaurant 003,Biryani,2025-06
5934,13,33,2025-05-17,2,Overproduction,703.0,Menu Item 033,3,351.5,Restaurant 013,Biryani,2025-05
5935,18,38,2025-07-10,3,Expired,1128.96,Menu Item 038,8,376.32,Restaurant 018,Desserts,2025-07
5936,7,87,2025-11-04,1,Preparation Error,530.98,Menu Item 087,7,530.98,Restaurant 007,Sandwiches,2025-11
5937,15,15,2025-06-22,8,Unsold,3975.76,Menu Item 015,5,496.97,Restaurant 015,BBQ,2025-06
5938,12,32,2025-07-18,5,Preparation Error,3691.5,Menu Item 032,2,738.3,Restaurant 012,Pizza,2025-07
5939,5,145,2025-09-04,2,Expired,859.76,Menu Item 145,5,429.88,Restaurant 005,BBQ,2025-09
5940,5,25,2025-09-05,8,Overproduction,8221.68,Menu Item 025,5,1027.71,Restaurant 005,BBQ,2025-09
5941,1,21,2025-06-03,8,Unsold,2578.24,Menu Item 021,1,322.28,Restaurant 001,Burgers,2025-06
5942,5,25,2025-01-24,5,Preparation Error,5138.55,Menu Item 025,5,1027.71,Restaurant 005,BBQ,2025-01
5943,3,43,2025-11-10,1,Preparation Error,379.7,Menu Item 043,3,379.7,Restaurant 003,Biryani,2025-11
5944,10,10,2025-11-28,3,Expired,429.9,Menu Item 010,10,143.3,Restaurant 010,Salads,2025-11
5945,3,3,2025-05-25,1,Damaged,225.96,Menu Item 003,3,225.96,Restaurant 003,Biryani,2025-05
5946,10,90,2025-07-07,1,Spoilage,190.96,Menu Item 090,10,190.96,Restaurant 010,Salads,2025-07
5947,4,84,2025-02-21,1,Damaged,350.73,Menu Item 084,4,350.73,Restaurant 004,Rice,2025-02
5948,13,73,2025-09-26,2,Overproduction,463.5,Menu Item 073,3,231.75,Restaurant 013,Biryani,2025-09
5949,6,6,2025-05-26,1,Spoilage,302.15,Menu Item 006,6,302.15,Restaurant 006,Pasta,2025-05
5950,1,41,2025-09-14,3,Damaged,763.53,Menu Item 041,1,254.51,Restaurant 001,Burgers,2025-09
5951,6,6,2025-06-09,1,Preparation Error,302.15,Menu Item 006,6,302.15,Restaurant 006,Pasta,2025-06
5952,3,123,2025-03-17,2,Expired,731.08,Menu Item 123,3,365.54,Restaurant 003,Biryani,2025-03
5953,6,46,2025-01-28,2,Damaged,1267.82,Menu Item 046,6,633.91,Restaurant 006,Pasta,2025-01
5954,2,142,2025-02-02,1,Overproduction,919.35,Menu Item 142,2,919.35,Restaurant 002,Pizza,2025-02
5955,16,16,2025-08-25,2,Spoilage,676.68,Menu Item 016,6,338.34,Restaurant 016,Pasta,2025-08
5956,1,81,2025-09-14,2,Overproduction,1028.94,Menu Item 081,1,514.47,Restaurant 001,Burgers,2025-09
5957,11,31,2025-07-25,1,Unsold,322.62,Menu Item 031,1,322.62,Restaurant 011,Burgers,2025-07
5958,13,33,2025-02-08,1,Overproduction,351.5,Menu Item 033,3,351.5,Restaurant 013,Biryani,2025-02
5959,15,55,2025-12-18,2,Unsold,1865.24,Menu Item 055,5,932.62,Restaurant 015,BBQ,2025-12
5960,14,134,2025-02-19,1,Spoilage,288.34,Menu Item 134,4,288.34,Restaurant 014,Rice,2025-02
5961,2,82,2025-03-04,2,Spoilage,1202.9,Menu Item 082,2,601.45,Restaurant 002,Pizza,2025-03
5962,16,96,2025-05-17,2,Preparation Error,810.44,Menu Item 096,6,405.22,Restaurant 016,Pasta,2025-05
5963,12,12,2025-04-08,2,Damaged,1566.2,Menu Item 012,2,783.1,Restaurant 012,Pizza,2025-04
5964,15,75,2025-04-20,5,Unsold,2110.0,Menu Item 075,5,422.0,Restaurant 015,BBQ,2025-04
5965,10,130,2025-07-27,2,Expired,584.28,Menu Item 130,10,292.14,Restaurant 010,Salads,2025-07
5966,3,43,2025-08-07,2,Preparation Error,759.4,Menu Item 043,3,379.7,Restaurant 003,Biryani,2025-08
5967,4,104,2025-03-08,3,Expired,503.88,Menu Item 104,4,167.96,Restaurant 004,Rice,2025-03
5968,9,149,2025-02-17,1,Overproduction,239.18,Menu Item 149,9,239.18,Restaurant 009,Beverages,2025-02
5969,3,83,2025-10-10,2,Spoilage,472.7,Menu Item 083,3,236.35,Restaurant 003,Biryani,2025-10
5970,10,150,2025-09-21,2,Damaged,754.68,Menu Item 150,10,377.34,Restaurant 010,Salads,2025-09
5971,17,57,2025-03-21,3,Damaged,943.56,Menu Item 057,7,314.52,Restaurant 017,Sandwiches,2025-03
5972,10,110,2025-06-27,1,Unsold,219.27,Menu Item 110,10,219.27,Restaurant 010,Salads,2025-06
5973,7,7,2025-12-05,1,Spoilage,477.57,Menu Item 007,7,477.57,Restaurant 007,Sandwiches,2025-12
5974,6,126,2025-07-26,8,Spoilage,5365.04,Menu Item 126,6,670.63,Restaurant 006,Pasta,2025-07
5975,4,4,2025-05-03,1,Preparation Error,151.68,Menu Item 004,4,151.68,Restaurant 004,Rice,2025-05
5976,15,55,2025-12-04,2,Preparation Error,1865.24,Menu Item 055,5,932.62,Restaurant 015,BBQ,2025-12
5977,14,34,2025-11-02,5,Expired,2321.6,Menu Item 034,4,464.32,Restaurant 014,Rice,2025-11
5978,10,90,2025-01-12,2,Expired,381.92,Menu Item 090,10,190.96,Restaurant 010,Salads,2025-01
5979,13,33,2025-05-07,3,Damaged,1054.5,Menu Item 033,3,351.5,Restaurant 013,Biryani,2025-05
5980,17,137,2025-10-20,1,Expired,353.74,Menu Item 137,7,353.74,Restaurant 017,Sandwiches,2025-10
5981,16,56,2025-02-28,2,Preparation Error,781.2,Menu Item 056,6,390.6,Restaurant 016,Pasta,2025-02
5982,5,145,2025-11-22,1,Damaged,429.88,Menu Item 145,5,429.88,Restaurant 005,BBQ,2025-11
5983,19,99,2025-11-04,8,Damaged,893.92,Menu Item 099,9,111.74,Restaurant 019,Beverages,2025-11
5984,13,133,2025-06-09,8,Preparation Error,4070.64,Menu Item 133,3,508.83,Restaurant 013,Biryani,2025-06
5985,2,102,2025-11-25,2,Overproduction,1548.34,Menu Item 102,2,774.17,Restaurant 002,Pizza,2025-11
5986,7,67,2025-03-26,5,Expired,3177.8,Menu Item 067,7,635.56,Restaurant 007,Sandwiches,2025-03
5987,1,61,2025-10-14,2,Spoilage,991.42,Menu Item 061,1,495.71,Restaurant 001,Burgers,2025-10
5988,11,51,2025-09-07,3,Damaged,1088.43,Menu Item 051,1,362.81,Restaurant 011,Burgers,2025-09
5989,13,133,2025-02-02,3,Expired,1526.49,Menu Item 133,3,508.83,Restaurant 013,Biryani,2025-02
5990,15,115,2025-02-10,1,Unsold,803.9,Menu Item 115,5,803.9,Restaurant 015,BBQ,2025-02
5991,10,130,2025-01-21,2,Overproduction,584.28,Menu Item 130,10,292.14,Restaurant 010,Salads,2025-01
5992,14,94,2025-07-20,1,Preparation Error,274.91,Menu Item 094,4,274.91,Restaurant 014,Rice,2025-07
5993,12,52,2025-08-09,1,Spoilage,463.6,Menu Item 052,2,463.6,Restaurant 012,Pizza,2025-08
5994,8,148,2025-08-16,2,Spoilage,675.28,Menu Item 148,8,337.64,Restaurant 008,Desserts,2025-08
5995,18,98,2025-10-10,1,Spoilage,373.65,Menu Item 098,8,373.65,Restaurant 018,Desserts,2025-10
5996,1,61,2025-06-06,3,Spoilage,1487.13,Menu Item 061,1,495.71,Restaurant 001,Burgers,2025-06
5997,18,98,2025-10-02,1,Preparation Error,373.65,Menu Item 098,8,373.65,Restaurant 018,Desserts,2025-10
5998,19,139,2025-04-26,1,Expired,127.54,Menu Item 139,9,127.54,Restaurant 019,Beverages,2025-04
5999,1,141,2025-01-09,3,Overproduction,756.33,Menu Item 141,1,252.11,Restaurant 001,Burgers,2025-01
6000,7,67,2025-08-07,1,Damaged,635.56,Menu Item 067,7,635.56,Restaurant 007,Sandwiches,2025-08
6001,18,138,2025-05-09,2,Unsold,309.2,Menu Item 138,8,154.6,Restaurant 018,Desserts,2025-05
6002,13,73,2025-09-01,1,Overproduction,231.75,Menu Item 073,3,231.75,Restaurant 013,Biryani,2025-09
6003,7,67,2025-11-26,8,Damaged,5084.48,Menu Item 067,7,635.56,Restaurant 007,Sandwiches,2025-11
6004,10,10,2025-12-25,2,Expired,286.6,Menu Item 010,10,143.3,Restaurant 010,Salads,2025-12
6005,9,9,2025-09-25,8,Expired,1122.8,Menu Item 009,9,140.35,Restaurant 009,Beverages,2025-09
6006,17,17,2025-08-07,3,Preparation Error,877.02,Menu Item 017,7,292.34,Restaurant 017,Sandwiches,2025-08
6007,11,131,2025-12-04,3,Unsold,1118.19,Menu Item 131,1,372.73,Restaurant 011,Burgers,2025-12
6008,8,88,2025-10-01,2,Unsold,451.26,Menu Item 088,8,225.63,Restaurant 008,Desserts,2025-10
6009,5,125,2025-01-09,3,Spoilage,3415.02,Menu Item 125,5,1138.34,Restaurant 005,BBQ,2025-01
6010,13,93,2025-12-01,2,Damaged,1107.22,Menu Item 093,3,553.61,Restaurant 013,Biryani,2025-12
6011,13,73,2025-09-07,5,Preparation Error,1158.75,Menu Item 073,3,231.75,Restaurant 013,Biryani,2025-09
6012,11,111,2025-11-20,5,Spoilage,1630.95,Menu Item 111,1,326.19,Restaurant 011,Burgers,2025-11
6013,12,52,2025-07-28,2,Unsold,927.2,Menu Item 052,2,463.6,Restaurant 012,Pizza,2025-07
6014,11,111,2025-07-05,2,Unsold,652.38,Menu Item 111,1,326.19,Restaurant 011,Burgers,2025-07
6015,3,123,2025-07-14,1,Unsold,365.54,Menu Item 123,3,365.54,Restaurant 003,Biryani,2025-07
6016,14,114,2025-06-14,1,Spoilage,544.89,Menu Item 114,4,544.89,Restaurant 014,Rice,2025-06
6017,15,55,2025-06-03,2,Expired,1865.24,Menu Item 055,5,932.62,Restaurant 015,BBQ,2025-06
6018,13,133,2025-04-07,1,Damaged,508.83,Menu Item 133,3,508.83,Restaurant 013,Biryani,2025-04
6019,2,62,2025-01-27,2,Spoilage,1019.54,Menu Item 062,2,509.77,Restaurant 002,Pizza,2025-01
6020,6,126,2025-11-19,5,Overproduction,3353.15,Menu Item 126,6,670.63,Restaurant 006,Pasta,2025-11
6021,11,71,2025-08-05,3,Preparation Error,1394.94,Menu Item 071,1,464.98,Restaurant 011,Burgers,2025-08
6022,19,79,2025-02-19,2,Overproduction,261.0,Menu Item 079,9,130.5,Restaurant 019,Beverages,2025-02
6023,18,18,2025-08-19,3,Spoilage,1003.17,Menu Item 018,8,334.39,Restaurant 018,Desserts,2025-08
6024,8,128,2025-12-21,2,Damaged,694.58,Menu Item 128,8,347.29,Restaurant 008,Desserts,2025-12
6025,11,111,2025-11-24,2,Spoilage,652.38,Menu Item 111,1,326.19,Restaurant 011,Burgers,2025-11
6026,15,75,2025-02-17,2,Preparation Error,844.0,Menu Item 075,5,422.0,Restaurant 015,BBQ,2025-02
6027,1,141,2025-05-24,2,Spoilage,504.22,Menu Item 141,1,252.11,Restaurant 001,Burgers,2025-05
6028,5,145,2025-05-11,2,Damaged,859.76,Menu Item 145,5,429.88,Restaurant 005,BBQ,2025-05
6029,7,87,2025-07-26,3,Preparation Error,1592.94,Menu Item 087,7,530.98,Restaurant 007,Sandwiches,2025-07
6030,10,90,2025-06-23,2,Damaged,381.92,Menu Item 090,10,190.96,Restaurant 010,Salads,2025-06
6031,13,73,2025-05-14,3,Preparation Error,695.25,Menu Item 073,3,231.75,Restaurant 013,Biryani,2025-05
6032,5,85,2025-06-19,8,Expired,2840.88,Menu Item 085,5,355.11,Restaurant 005,BBQ,2025-06
6033,11,11,2025-08-26,1,Damaged,546.24,Menu Item 011,1,546.24,Restaurant 011,Burgers,2025-08
6034,1,1,2025-10-11,1,Overproduction,428.12,Menu Item 001,1,428.12,Restaurant 001,Burgers,2025-10
6035,17,77,2025-04-17,3,Overproduction,1795.89,Menu Item 077,7,598.63,Restaurant 017,Sandwiches,2025-04
6036,13,13,2025-09-06,5,Damaged,1946.4,Menu Item 013,3,389.28,Restaurant 013,Biryani,2025-09
6037,9,69,2025-02-22,2,Unsold,189.6,Menu Item 069,9,94.8,Restaurant 009,Beverages,2025-02
6038,6,6,2025-12-02,2,Overproduction,604.3,Menu Item 006,6,302.15,Restaurant 006,Pasta,2025-12
6039,1,121,2025-07-19,1,Preparation Error,375.3,Menu Item 121,1,375.3,Restaurant 001,Burgers,2025-07
6040,5,105,2025-09-20,1,Spoilage,596.54,Menu Item 105,5,596.54,Restaurant 005,BBQ,2025-09
6041,11,131,2025-03-05,2,Damaged,745.46,Menu Item 131,1,372.73,Restaurant 011,Burgers,2025-03
6042,2,2,2025-10-01,1,Unsold,822.3,Menu Item 002,2,822.3,Restaurant 002,Pizza,2025-10
6043,5,65,2025-01-19,2,Damaged,1031.48,Menu Item 065,5,515.74,Restaurant 005,BBQ,2025-01
6044,15,135,2025-12-10,5,Overproduction,1502.45,Menu Item 135,5,300.49,Restaurant 015,BBQ,2025-12
6045,16,116,2025-10-27,2,Expired,1026.56,Menu Item 116,6,513.28,Restaurant 016,Pasta,2025-10
6046,3,83,2025-04-08,1,Unsold,236.35,Menu Item 083,3,236.35,Restaurant 003,Biryani,2025-04
6047,3,43,2025-11-03,2,Unsold,759.4,Menu Item 043,3,379.7,Restaurant 003,Biryani,2025-11
6048,19,59,2025-05-16,1,Spoilage,189.87,Menu Item 059,9,189.87,Restaurant 019,Beverages,2025-05
6049,6,66,2025-09-19,2,Preparation Error,837.56,Menu Item 066,6,418.78,Restaurant 006,Pasta,2025-09
6050,13,33,2025-10-15,2,Overproduction,703.0,Menu Item 033,3,351.5,Restaurant 013,Biryani,2025-10
6051,18,58,2025-07-05,1,Damaged,360.25,Menu Item 058,8,360.25,Restaurant 018,Desserts,2025-07
6052,1,121,2025-03-13,2,Expired,750.6,Menu Item 121,1,375.3,Restaurant 001,Burgers,2025-03
6053,5,65,2025-04-24,3,Overproduction,1547.22,Menu Item 065,5,515.74,Restaurant 005,BBQ,2025-04
6054,5,25,2025-06-18,1,Preparation Error,1027.71,Menu Item 025,5,1027.71,Restaurant 005,BBQ,2025-06
6055,16,56,2025-02-22,3,Damaged,1171.8,Menu Item 056,6,390.6,Restaurant 016,Pasta,2025-02
6056,20,120,2025-11-26,3,Preparation Error,683.49,Menu Item 120,10,227.83,Restaurant 020,Salads,2025-11
6057,14,54,2025-12-09,1,Spoilage,182.18,Menu Item 054,4,182.18,Restaurant 014,Rice,2025-12
6058,12,12,2025-10-13,1,Expired,783.1,Menu Item 012,2,783.1,Restaurant 012,Pizza,2025-10
6059,4,24,2025-03-15,1,Damaged,498.37,Menu Item 024,4,498.37,Restaurant 004,Rice,2025-03
6060,15,55,2025-05-03,5,Expired,4663.1,Menu Item 055,5,932.62,Restaurant 015,BBQ,2025-05
6061,17,97,2025-07-15,2,Damaged,908.08,Menu Item 097,7,454.04,Restaurant 017,Sandwiches,2025-07
6062,8,128,2025-03-19,8,Preparation Error,2778.32,Menu Item 128,8,347.29,Restaurant 008,Desserts,2025-03
6063,9,149,2025-07-26,2,Overproduction,478.36,Menu Item 149,9,239.18,Restaurant 009,Beverages,2025-07
6064,15,35,2025-05-01,1,Preparation Error,437.06,Menu Item 035,5,437.06,Restaurant 015,BBQ,2025-05
6065,4,124,2025-10-22,1,Overproduction,149.57,Menu Item 124,4,149.57,Restaurant 004,Rice,2025-10
6066,20,140,2025-07-14,3,Damaged,535.2,Menu Item 140,10,178.4,Restaurant 020,Salads,2025-07
6067,20,140,2025-06-06,2,Spoilage,356.8,Menu Item 140,10,178.4,Restaurant 020,Salads,2025-06
6068,10,90,2025-05-23,2,Preparation Error,381.92,Menu Item 090,10,190.96,Restaurant 010,Salads,2025-05
6069,16,36,2025-07-27,5,Damaged,2254.5,Menu Item 036,6,450.9,Restaurant 016,Pasta,2025-07
6070,20,120,2025-03-10,1,Overproduction,227.83,Menu Item 120,10,227.83,Restaurant 020,Salads,2025-03
6071,5,105,2025-10-16,8,Overproduction,4772.32,Menu Item 105,5,596.54,Restaurant 005,BBQ,2025-10
6072,16,16,2025-05-10,5,Overproduction,1691.7,Menu Item 016,6,338.34,Restaurant 016,Pasta,2025-05
6073,15,75,2025-07-17,2,Spoilage,844.0,Menu Item 075,5,422.0,Restaurant 015,BBQ,2025-07
6074,18,58,2025-06-14,1,Preparation Error,360.25,Menu Item 058,8,360.25,Restaurant 018,Desserts,2025-06
6075,11,31,2025-12-15,5,Damaged,1613.1,Menu Item 031,1,322.62,Restaurant 011,Burgers,2025-12
6076,9,69,2025-09-13,5,Spoilage,474.0,Menu Item 069,9,94.8,Restaurant 009,Beverages,2025-09
6077,19,99,2025-05-08,1,Unsold,111.74,Menu Item 099,9,111.74,Restaurant 019,Beverages,2025-05
6078,19,79,2025-04-15,2,Spoilage,261.0,Menu Item 079,9,130.5,Restaurant 019,Beverages,2025-04
6079,16,36,2025-04-15,3,Preparation Error,1352.7,Menu Item 036,6,450.9,Restaurant 016,Pasta,2025-04
6080,12,52,2025-03-28,2,Damaged,927.2,Menu Item 052,2,463.6,Restaurant 012,Pizza,2025-03
6081,4,84,2025-02-02,1,Expired,350.73,Menu Item 084,4,350.73,Restaurant 004,Rice,2025-02
6082,7,87,2025-03-07,1,Preparation Error,530.98,Menu Item 087,7,530.98,Restaurant 007,Sandwiches,2025-03
6083,12,32,2025-08-16,1,Overproduction,738.3,Menu Item 032,2,738.3,Restaurant 012,Pizza,2025-08
6084,12,52,2025-06-13,1,Preparation Error,463.6,Menu Item 052,2,463.6,Restaurant 012,Pizza,2025-06
6085,16,56,2025-08-14,3,Expired,1171.8,Menu Item 056,6,390.6,Restaurant 016,Pasta,2025-08
6086,19,39,2025-08-07,1,Spoilage,88.74,Menu Item 039,9,88.74,Restaurant 019,Beverages,2025-08
6087,9,9,2025-11-13,2,Overproduction,280.7,Menu Item 009,9,140.35,Restaurant 009,Beverages,2025-11
6088,4,44,2025-03-18,1,Overproduction,440.72,Menu Item 044,4,440.72,Restaurant 004,Rice,2025-03
6089,1,121,2025-02-16,1,Unsold,375.3,Menu Item 121,1,375.3,Restaurant 001,Burgers,2025-02
6090,12,132,2025-09-24,8,Expired,5136.48,Menu Item 132,2,642.06,Restaurant 012,Pizza,2025-09
6091,6,86,2025-02-05,1,Unsold,478.31,Menu Item 086,6,478.31,Restaurant 006,Pasta,2025-02
6092,4,44,2025-12-14,2,Preparation Error,881.44,Menu Item 044,4,440.72,Restaurant 004,Rice,2025-12
6093,19,39,2025-04-04,5,Unsold,443.7,Menu Item 039,9,88.74,Restaurant 019,Beverages,2025-04
6094,11,31,2025-08-15,2,Unsold,645.24,Menu Item 031,1,322.62,Restaurant 011,Burgers,2025-08
6095,19,99,2025-03-22,2,Preparation Error,223.48,Menu Item 099,9,111.74,Restaurant 019,Beverages,2025-03
6096,7,67,2025-01-17,8,Expired,5084.48,Menu Item 067,7,635.56,Restaurant 007,Sandwiches,2025-01
6097,20,120,2025-09-16,3,Overproduction,683.49,Menu Item 120,10,227.83,Restaurant 020,Salads,2025-09
6098,10,150,2025-06-27,5,Damaged,1886.7,Menu Item 150,10,377.34,Restaurant 010,Salads,2025-06
6099,16,56,2025-06-05,2,Expired,781.2,Menu Item 056,6,390.6,Restaurant 016,Pasta,2025-06
6100,10,150,2025-03-22,1,Expired,377.34,Menu Item 150,10,377.34,Restaurant 010,Salads,2025-03
6101,17,77,2025-03-23,1,Expired,598.63,Menu Item 077,7,598.63,Restaurant 017,Sandwiches,2025-03
6102,7,147,2025-10-16,2,Unsold,449.6,Menu Item 147,7,224.8,Restaurant 007,Sandwiches,2025-10
6103,8,8,2025-10-15,3,Spoilage,923.16,Menu Item 008,8,307.72,Restaurant 008,Desserts,2025-10
6104,4,104,2025-09-13,2,Unsold,335.92,Menu Item 104,4,167.96,Restaurant 004,Rice,2025-09
6105,2,102,2025-07-05,3,Overproduction,2322.51,Menu Item 102,2,774.17,Restaurant 002,Pizza,2025-07
6106,9,49,2025-09-13,1,Preparation Error,254.28,Menu Item 049,9,254.28,Restaurant 009,Beverages,2025-09
6107,6,146,2025-06-24,1,Preparation Error,742.53,Menu Item 146,6,742.53,Restaurant 006,Pasta,2025-06
6108,14,134,2025-12-19,3,Unsold,865.02,Menu Item 134,4,288.34,Restaurant 014,Rice,2025-12
6109,14,74,2025-12-10,1,Preparation Error,155.9,Menu Item 074,4,155.9,Restaurant 014,Rice,2025-12
6110,13,13,2025-02-13,8,Damaged,3114.24,Menu Item 013,3,389.28,Restaurant 013,Biryani,2025-02
6111,20,60,2025-01-26,5,Damaged,1655.8,Menu Item 060,10,331.16,Restaurant 020,Salads,2025-01
6112,19,139,2025-10-19,3,Damaged,382.62,Menu Item 139,9,127.54,Restaurant 019,Beverages,2025-10
6113,11,51,2025-09-15,3,Overproduction,1088.43,Menu Item 051,1,362.81,Restaurant 011,Burgers,2025-09
6114,10,150,2025-11-10,1,Preparation Error,377.34,Menu Item 150,10,377.34,Restaurant 010,Salads,2025-11
6115,20,100,2025-05-19,5,Unsold,2433.5,Menu Item 100,10,486.7,Restaurant 020,Salads,2025-05
6116,10,50,2025-12-05,1,Expired,158.1,Menu Item 050,10,158.1,Restaurant 010,Salads,2025-12
6117,9,29,2025-01-25,1,Expired,68.62,Menu Item 029,9,68.62,Restaurant 009,Beverages,2025-01
6118,10,110,2025-09-18,10,Preparation Error,2192.7,Menu Item 110,10,219.27,Restaurant 010,Salads,2025-09
6119,2,142,2025-02-16,2,Preparation Error,1838.7,Menu Item 142,2,919.35,Restaurant 002,Pizza,2025-02
6120,2,142,2025-04-26,5,Expired,4596.75,Menu Item 142,2,919.35,Restaurant 002,Pizza,2025-04
6121,7,67,2025-11-03,5,Overproduction,3177.8,Menu Item 067,7,635.56,Restaurant 007,Sandwiches,2025-11
6122,18,118,2025-12-18,1,Preparation Error,309.0,Menu Item 118,8,309.0,Restaurant 018,Desserts,2025-12
6123,19,99,2025-08-05,3,Spoilage,335.22,Menu Item 099,9,111.74,Restaurant 019,Beverages,2025-08
6124,14,54,2025-06-12,2,Expired,364.36,Menu Item 054,4,182.18,Restaurant 014,Rice,2025-06
6125,6,106,2025-07-19,2,Overproduction,554.26,Menu Item 106,6,277.13,Restaurant 006,Pasta,2025-07
6126,15,135,2025-02-13,3,Overproduction,901.47,Menu Item 135,5,300.49,Restaurant 015,BBQ,2025-02
6127,18,98,2025-09-14,3,Damaged,1120.95,Menu Item 098,8,373.65,Restaurant 018,Desserts,2025-09
6128,20,100,2025-11-25,2,Unsold,973.4,Menu Item 100,10,486.7,Restaurant 020,Salads,2025-11
6129,13,13,2025-09-09,3,Damaged,1167.84,Menu Item 013,3,389.28,Restaurant 013,Biryani,2025-09
6130,16,116,2025-05-24,1,Spoilage,513.28,Menu Item 116,6,513.28,Restaurant 016,Pasta,2025-05
6131,13,133,2025-07-18,3,Spoilage,1526.49,Menu Item 133,3,508.83,Restaurant 013,Biryani,2025-07
6132,5,145,2025-03-24,1,Damaged,429.88,Menu Item 145,5,429.88,Restaurant 005,BBQ,2025-03
6133,1,1,2025-10-13,2,Damaged,856.24,Menu Item 001,1,428.12,Restaurant 001,Burgers,2025-10
6134,11,51,2025-02-26,1,Damaged,362.81,Menu Item 051,1,362.81,Restaurant 011,Burgers,2025-02
6135,11,31,2025-05-02,2,Damaged,645.24,Menu Item 031,1,322.62,Restaurant 011,Burgers,2025-05
6136,3,23,2025-03-22,1,Unsold,270.23,Menu Item 023,3,270.23,Restaurant 003,Biryani,2025-03
6137,7,107,2025-02-10,1,Overproduction,472.58,Menu Item 107,7,472.58,Restaurant 007,Sandwiches,2025-02
6138,1,41,2025-07-21,1,Unsold,254.51,Menu Item 041,1,254.51,Restaurant 001,Burgers,2025-07
6139,1,61,2025-07-01,1,Damaged,495.71,Menu Item 061,1,495.71,Restaurant 001,Burgers,2025-07
6140,14,114,2025-11-25,2,Expired,1089.78,Menu Item 114,4,544.89,Restaurant 014,Rice,2025-11
6141,11,51,2025-11-09,2,Damaged,725.62,Menu Item 051,1,362.81,Restaurant 011,Burgers,2025-11
6142,4,64,2025-04-14,1,Overproduction,256.46,Menu Item 064,4,256.46,Restaurant 004,Rice,2025-04
6143,1,41,2025-08-11,5,Preparation Error,1272.55,Menu Item 041,1,254.51,Restaurant 001,Burgers,2025-08
6144,6,146,2025-07-19,2,Unsold,1485.06,Menu Item 146,6,742.53,Restaurant 006,Pasta,2025-07
6145,14,54,2025-12-14,2,Preparation Error,364.36,Menu Item 054,4,182.18,Restaurant 014,Rice,2025-12
6146,1,21,2025-02-15,2,Expired,644.56,Menu Item 021,1,322.28,Restaurant 001,Burgers,2025-02
6147,5,145,2025-06-21,2,Damaged,859.76,Menu Item 145,5,429.88,Restaurant 005,BBQ,2025-06
6148,11,91,2025-07-09,1,Overproduction,370.79,Menu Item 091,1,370.79,Restaurant 011,Burgers,2025-07
6149,4,4,2025-07-13,2,Preparation Error,303.36,Menu Item 004,4,151.68,Restaurant 004,Rice,2025-07
6150,12,12,2025-08-11,1,Expired,783.1,Menu Item 012,2,783.1,Restaurant 012,Pizza,2025-08
6151,8,48,2025-09-08,1,Preparation Error,194.92,Menu Item 048,8,194.92,Restaurant 008,Desserts,2025-09
6152,3,103,2025-06-05,3,Damaged,1471.47,Menu Item 103,3,490.49,Restaurant 003,Biryani,2025-06
6153,20,120,2025-03-21,1,Spoilage,227.83,Menu Item 120,10,227.83,Restaurant 020,Salads,2025-03
6154,18,38,2025-02-03,1,Spoilage,376.32,Menu Item 038,8,376.32,Restaurant 018,Desserts,2025-02
6155,1,101,2025-02-03,1,Expired,318.51,Menu Item 101,1,318.51,Restaurant 001,Burgers,2025-02
6156,18,38,2025-12-16,1,Preparation Error,376.32,Menu Item 038,8,376.32,Restaurant 018,Desserts,2025-12
6157,8,148,2025-02-16,2,Overproduction,675.28,Menu Item 148,8,337.64,Restaurant 008,Desserts,2025-02
6158,11,11,2025-05-05,2,Overproduction,1092.48,Menu Item 011,1,546.24,Restaurant 011,Burgers,2025-05
6159,8,68,2025-02-14,1,Overproduction,114.06,Menu Item 068,8,114.06,Restaurant 008,Desserts,2025-02
6160,16,56,2025-08-23,2,Damaged,781.2,Menu Item 056,6,390.6,Restaurant 016,Pasta,2025-08
6161,18,58,2025-01-17,1,Spoilage,360.25,Menu Item 058,8,360.25,Restaurant 018,Desserts,2025-01
6162,15,35,2025-12-28,3,Overproduction,1311.18,Menu Item 035,5,437.06,Restaurant 015,BBQ,2025-12
6163,20,20,2025-12-25,3,Damaged,865.53,Menu Item 020,10,288.51,Restaurant 020,Salads,2025-12
6164,14,94,2025-06-18,2,Damaged,549.82,Menu Item 094,4,274.91,Restaurant 014,Rice,2025-06
6165,3,143,2025-02-12,8,Spoilage,2840.0,Menu Item 143,3,355.0,Restaurant 003,Biryani,2025-02
6166,1,1,2025-09-25,3,Damaged,1284.36,Menu Item 001,1,428.12,Restaurant 001,Burgers,2025-09
6167,14,114,2025-06-07,8,Spoilage,4359.12,Menu Item 114,4,544.89,Restaurant 014,Rice,2025-06
6168,8,88,2025-09-27,1,Overproduction,225.63,Menu Item 088,8,225.63,Restaurant 008,Desserts,2025-09
6169,18,58,2025-12-26,2,Spoilage,720.5,Menu Item 058,8,360.25,Restaurant 018,Desserts,2025-12
6170,7,127,2025-02-22,2,Damaged,668.16,Menu Item 127,7,334.08,Restaurant 007,Sandwiches,2025-02
6171,20,120,2025-10-08,8,Damaged,1822.64,Menu Item 120,10,227.83,Restaurant 020,Salads,2025-10
6172,9,129,2025-02-06,1,Spoilage,100.2,Menu Item 129,9,100.2,Restaurant 009,Beverages,2025-02
6173,2,122,2025-11-25,3,Damaged,2485.05,Menu Item 122,2,828.35,Restaurant 002,Pizza,2025-11
6174,18,78,2025-07-13,3,Overproduction,768.33,Menu Item 078,8,256.11,Restaurant 018,Desserts,2025-07
6175,8,128,2025-12-20,2,Preparation Error,694.58,Menu Item 128,8,347.29,Restaurant 008,Desserts,2025-12
6176,15,115,2025-03-09,3,Expired,2411.7,Menu Item 115,5,803.9,Restaurant 015,BBQ,2025-03
6177,6,146,2025-11-13,1,Overproduction,742.53,Menu Item 146,6,742.53,Restaurant 006,Pasta,2025-11
6178,5,65,2025-10-03,1,Spoilage,515.74,Menu Item 065,5,515.74,Restaurant 005,BBQ,2025-10
6179,4,44,2025-09-15,2,Overproduction,881.44,Menu Item 044,4,440.72,Restaurant 004,Rice,2025-09
6180,8,8,2025-05-15,1,Overproduction,307.72,Menu Item 008,8,307.72,Restaurant 008,Desserts,2025-05
6181,14,54,2025-01-22,1,Preparation Error,182.18,Menu Item 054,4,182.18,Restaurant 014,Rice,2025-01
6182,13,53,2025-05-28,2,Preparation Error,597.06,Menu Item 053,3,298.53,Restaurant 013,Biryani,2025-05
6183,5,125,2025-07-14,2,Unsold,2276.68,Menu Item 125,5,1138.34,Restaurant 005,BBQ,2025-07
6184,17,97,2025-08-25,1,Preparation Error,454.04,Menu Item 097,7,454.04,Restaurant 017,Sandwiches,2025-08
6185,8,108,2025-02-02,2,Spoilage,830.16,Menu Item 108,8,415.08,Restaurant 008,Desserts,2025-02
6186,10,70,2025-04-05,2,Overproduction,414.5,Menu Item 070,10,207.25,Restaurant 010,Salads,2025-04
6187,6,146,2025-06-02,3,Damaged,2227.59,Menu Item 146,6,742.53,Restaurant 006,Pasta,2025-06
6188,13,113,2025-11-15,3,Expired,692.43,Menu Item 113,3,230.81,Restaurant 013,Biryani,2025-11
6189,19,119,2025-05-21,5,Damaged,523.2,Menu Item 119,9,104.64,Restaurant 019,Beverages,2025-05
6190,16,116,2025-10-21,1,Expired,513.28,Menu Item 116,6,513.28,Restaurant 016,Pasta,2025-10
6191,2,122,2025-09-09,2,Spoilage,1656.7,Menu Item 122,2,828.35,Restaurant 002,Pizza,2025-09
6192,3,23,2025-10-08,8,Damaged,2161.84,Menu Item 023,3,270.23,Restaurant 003,Biryani,2025-10
6193,15,75,2025-08-19,3,Damaged,1266.0,Menu Item 075,5,422.0,Restaurant 015,BBQ,2025-08
6194,15,115,2025-06-04,1,Overproduction,803.9,Menu Item 115,5,803.9,Restaurant 015,BBQ,2025-06
6195,19,19,2025-01-08,10,Damaged,1799.9,Menu Item 019,9,179.99,Restaurant 019,Beverages,2025-01
6196,5,145,2025-04-19,5,Unsold,2149.4,Menu Item 145,5,429.88,Restaurant 005,BBQ,2025-04
6197,11,71,2025-07-20,5,Preparation Error,2324.9,Menu Item 071,1,464.98,Restaurant 011,Burgers,2025-07
6198,8,28,2025-07-16,2,Overproduction,756.32,Menu Item 028,8,378.16,Restaurant 008,Desserts,2025-07
6199,20,20,2025-06-07,3,Overproduction,865.53,Menu Item 020,10,288.51,Restaurant 020,Salads,2025-06
6200,20,40,2025-05-28,1,Spoilage,276.24,Menu Item 040,10,276.24,Restaurant 020,Salads,2025-05
6201,2,62,2025-03-08,3,Unsold,1529.31,Menu Item 062,2,509.77,Restaurant 002,Pizza,2025-03
6202,9,69,2025-07-12,3,Expired,284.4,Menu Item 069,9,94.8,Restaurant 009,Beverages,2025-07
6203,15,95,2025-06-28,2,Overproduction,1363.76,Menu Item 095,5,681.88,Restaurant 015,BBQ,2025-06
6204,4,44,2025-05-04,1,Expired,440.72,Menu Item 044,4,440.72,Restaurant 004,Rice,2025-05
6205,18,78,2025-05-06,1,Preparation Error,256.11,Menu Item 078,8,256.11,Restaurant 018,Desserts,2025-05
6206,8,88,2025-04-13,1,Spoilage,225.63,Menu Item 088,8,225.63,Restaurant 008,Desserts,2025-04
6207,9,29,2025-05-24,2,Spoilage,137.24,Menu Item 029,9,68.62,Restaurant 009,Beverages,2025-05
6208,3,143,2025-07-18,3,Expired,1065.0,Menu Item 143,3,355.0,Restaurant 003,Biryani,2025-07
6209,20,20,2025-02-22,10,Overproduction,2885.1,Menu Item 020,10,288.51,Restaurant 020,Salads,2025-02
6210,9,129,2025-05-17,1,Spoilage,100.2,Menu Item 129,9,100.2,Restaurant 009,Beverages,2025-05
6211,12,92,2025-05-11,2,Preparation Error,928.74,Menu Item 092,2,464.37,Restaurant 012,Pizza,2025-05
6212,3,23,2025-06-27,2,Preparation Error,540.46,Menu Item 023,3,270.23,Restaurant 003,Biryani,2025-06
6213,12,52,2025-06-12,3,Expired,1390.8,Menu Item 052,2,463.6,Restaurant 012,Pizza,2025-06
6214,12,32,2025-06-08,1,Overproduction,738.3,Menu Item 032,2,738.3,Restaurant 012,Pizza,2025-06
6215,14,94,2025-04-07,1,Preparation Error,274.91,Menu Item 094,4,274.91,Restaurant 014,Rice,2025-04
6216,6,46,2025-01-22,3,Overproduction,1901.73,Menu Item 046,6,633.91,Restaurant 006,Pasta,2025-01
6217,4,104,2025-02-25,2,Unsold,335.92,Menu Item 104,4,167.96,Restaurant 004,Rice,2025-02
6218,6,66,2025-08-21,1,Spoilage,418.78,Menu Item 066,6,418.78,Restaurant 006,Pasta,2025-08
6219,19,139,2025-03-10,1,Preparation Error,127.54,Menu Item 139,9,127.54,Restaurant 019,Beverages,2025-03
6220,16,136,2025-09-11,1,Unsold,432.37,Menu Item 136,6,432.37,Restaurant 016,Pasta,2025-09
6221,1,121,2025-04-19,1,Spoilage,375.3,Menu Item 121,1,375.3,Restaurant 001,Burgers,2025-04
6222,3,143,2025-03-04,3,Overproduction,1065.0,Menu Item 143,3,355.0,Restaurant 003,Biryani,2025-03
6223,19,19,2025-08-02,2,Overproduction,359.98,Menu Item 019,9,179.99,Restaurant 019,Beverages,2025-08
6224,9,9,2025-07-09,5,Unsold,701.75,Menu Item 009,9,140.35,Restaurant 009,Beverages,2025-07
6225,6,86,2025-01-19,5,Overproduction,2391.55,Menu Item 086,6,478.31,Restaurant 006,Pasta,2025-01
6226,13,113,2025-07-12,1,Preparation Error,230.81,Menu Item 113,3,230.81,Restaurant 013,Biryani,2025-07
6227,5,145,2025-02-02,1,Overproduction,429.88,Menu Item 145,5,429.88,Restaurant 005,BBQ,2025-02
6228,2,22,2025-12-22,2,Preparation Error,646.94,Menu Item 022,2,323.47,Restaurant 002,Pizza,2025-12
6229,9,69,2025-03-20,2,Damaged,189.6,Menu Item 069,9,94.8,Restaurant 009,Beverages,2025-03
6230,5,45,2025-05-17,3,Preparation Error,1169.82,Menu Item 045,5,389.94,Restaurant 005,BBQ,2025-05
6231,5,105,2025-12-20,2,Overproduction,1193.08,Menu Item 105,5,596.54,Restaurant 005,BBQ,2025-12
6232,19,19,2025-06-20,1,Unsold,179.99,Menu Item 019,9,179.99,Restaurant 019,Beverages,2025-06
6233,2,102,2025-02-15,2,Preparation Error,1548.34,Menu Item 102,2,774.17,Restaurant 002,Pizza,2025-02
6234,7,47,2025-08-19,8,Damaged,4252.48,Menu Item 047,7,531.56,Restaurant 007,Sandwiches,2025-08
6235,2,42,2025-11-28,1,Overproduction,467.71,Menu Item 042,2,467.71,Restaurant 002,Pizza,2025-11
6236,10,30,2025-01-18,3,Overproduction,501.81,Menu Item 030,10,167.27,Restaurant 010,Salads,2025-01
6237,14,54,2025-03-21,3,Overproduction,546.54,Menu Item 054,4,182.18,Restaurant 014,Rice,2025-03
6238,15,95,2025-07-07,2,Spoilage,1363.76,Menu Item 095,5,681.88,Restaurant 015,BBQ,2025-07
6239,15,55,2025-02-05,1,Unsold,932.62,Menu Item 055,5,932.62,Restaurant 015,BBQ,2025-02
6240,4,104,2025-05-21,2,Preparation Error,335.92,Menu Item 104,4,167.96,Restaurant 004,Rice,2025-05
6241,15,135,2025-04-03,5,Unsold,1502.45,Menu Item 135,5,300.49,Restaurant 015,BBQ,2025-04
6242,8,128,2025-08-27,1,Overproduction,347.29,Menu Item 128,8,347.29,Restaurant 008,Desserts,2025-08
6243,15,55,2025-08-13,1,Overproduction,932.62,Menu Item 055,5,932.62,Restaurant 015,BBQ,2025-08
6244,4,4,2025-01-09,8,Preparation Error,1213.44,Menu Item 004,4,151.68,Restaurant 004,Rice,2025-01
6245,4,104,2025-01-15,1,Expired,167.96,Menu Item 104,4,167.96,Restaurant 004,Rice,2025-01
6246,4,24,2025-10-23,3,Overproduction,1495.11,Menu Item 024,4,498.37,Restaurant 004,Rice,2025-10
6247,20,140,2025-10-10,1,Preparation Error,178.4,Menu Item 140,10,178.4,Restaurant 020,Salads,2025-10
6248,13,113,2025-04-28,1,Spoilage,230.81,Menu Item 113,3,230.81,Restaurant 013,Biryani,2025-04
6249,7,127,2025-06-25,3,Damaged,1002.24,Menu Item 127,7,334.08,Restaurant 007,Sandwiches,2025-06
6250,17,17,2025-08-07,2,Preparation Error,584.68,Menu Item 017,7,292.34,Restaurant 017,Sandwiches,2025-08
6251,1,121,2025-02-21,3,Expired,1125.9,Menu Item 121,1,375.3,Restaurant 001,Burgers,2025-02
6252,14,114,2025-08-10,1,Damaged,544.89,Menu Item 114,4,544.89,Restaurant 014,Rice,2025-08
6253,16,16,2025-11-10,2,Preparation Error,676.68,Menu Item 016,6,338.34,Restaurant 016,Pasta,2025-11
6254,16,136,2025-04-05,1,Overproduction,432.37,Menu Item 136,6,432.37,Restaurant 016,Pasta,2025-04
6255,5,5,2025-08-21,2,Preparation Error,1520.42,Menu Item 005,5,760.21,Restaurant 005,BBQ,2025-08
6256,13,113,2025-08-18,3,Preparation Error,692.43,Menu Item 113,3,230.81,Restaurant 013,Biryani,2025-08
6257,8,68,2025-01-24,3,Expired,342.18,Menu Item 068,8,114.06,Restaurant 008,Desserts,2025-01
6258,6,6,2025-02-27,5,Expired,1510.75,Menu Item 006,6,302.15,Restaurant 006,Pasta,2025-02
6259,15,115,2025-05-03,1,Damaged,803.9,Menu Item 115,5,803.9,Restaurant 015,BBQ,2025-05
6260,8,88,2025-03-08,1,Overproduction,225.63,Menu Item 088,8,225.63,Restaurant 008,Desserts,2025-03
6261,5,65,2025-08-09,1,Expired,515.74,Menu Item 065,5,515.74,Restaurant 005,BBQ,2025-08
6262,19,19,2025-12-15,10,Damaged,1799.9,Menu Item 019,9,179.99,Restaurant 019,Beverages,2025-12
6263,3,103,2025-09-06,3,Spoilage,1471.47,Menu Item 103,3,490.49,Restaurant 003,Biryani,2025-09
6264,7,27,2025-07-15,8,Unsold,2701.68,Menu Item 027,7,337.71,Restaurant 007,Sandwiches,2025-07
6265,15,115,2025-12-19,3,Preparation Error,2411.7,Menu Item 115,5,803.9,Restaurant 015,BBQ,2025-12
6266,18,118,2025-02-08,3,Spoilage,927.0,Menu Item 118,8,309.0,Restaurant 018,Desserts,2025-02
6267,19,119,2025-11-26,1,Unsold,104.64,Menu Item 119,9,104.64,Restaurant 019,Beverages,2025-11
6268,6,6,2025-06-25,5,Damaged,1510.75,Menu Item 006,6,302.15,Restaurant 006,Pasta,2025-06
6269,15,35,2025-05-03,5,Overproduction,2185.3,Menu Item 035,5,437.06,Restaurant 015,BBQ,2025-05
6270,7,27,2025-11-12,3,Damaged,1013.13,Menu Item 027,7,337.71,Restaurant 007,Sandwiches,2025-11
6271,9,89,2025-07-27,3,Expired,799.08,Menu Item 089,9,266.36,Restaurant 009,Beverages,2025-07
6272,9,149,2025-01-19,2,Expired,478.36,Menu Item 149,9,239.18,Restaurant 009,Beverages,2025-01
6273,7,147,2025-07-23,3,Unsold,674.4,Menu Item 147,7,224.8,Restaurant 007,Sandwiches,2025-07
6274,13,13,2025-11-10,2,Unsold,778.56,Menu Item 013,3,389.28,Restaurant 013,Biryani,2025-11
6275,9,129,2025-11-16,3,Damaged,300.6,Menu Item 129,9,100.2,Restaurant 009,Beverages,2025-11
6276,14,54,2025-09-27,2,Unsold,364.36,Menu Item 054,4,182.18,Restaurant 014,Rice,2025-09
6277,18,38,2025-11-12,1,Spoilage,376.32,Menu Item 038,8,376.32,Restaurant 018,Desserts,2025-11
6278,20,20,2025-09-02,1,Damaged,288.51,Menu Item 020,10,288.51,Restaurant 020,Salads,2025-09
6279,15,95,2025-09-16,5,Expired,3409.4,Menu Item 095,5,681.88,Restaurant 015,BBQ,2025-09
6280,11,11,2025-12-13,3,Unsold,1638.72,Menu Item 011,1,546.24,Restaurant 011,Burgers,2025-12
6281,6,46,2025-05-12,3,Expired,1901.73,Menu Item 046,6,633.91,Restaurant 006,Pasta,2025-05
6282,2,62,2025-10-08,1,Spoilage,509.77,Menu Item 062,2,509.77,Restaurant 002,Pizza,2025-10
6283,12,32,2025-06-01,1,Overproduction,738.3,Menu Item 032,2,738.3,Restaurant 012,Pizza,2025-06
6284,12,12,2025-04-10,2,Damaged,1566.2,Menu Item 012,2,783.1,Restaurant 012,Pizza,2025-04
6285,11,51,2025-08-22,3,Spoilage,1088.43,Menu Item 051,1,362.81,Restaurant 011,Burgers,2025-08
6286,12,12,2025-01-15,1,Unsold,783.1,Menu Item 012,2,783.1,Restaurant 012,Pizza,2025-01
6287,3,3,2025-05-19,1,Preparation Error,225.96,Menu Item 003,3,225.96,Restaurant 003,Biryani,2025-05
6288,2,142,2025-08-24,1,Overproduction,919.35,Menu Item 142,2,919.35,Restaurant 002,Pizza,2025-08
6289,12,132,2025-01-06,2,Expired,1284.12,Menu Item 132,2,642.06,Restaurant 012,Pizza,2025-01
6290,7,87,2025-09-27,1,Expired,530.98,Menu Item 087,7,530.98,Restaurant 007,Sandwiches,2025-09
6291,2,122,2025-06-24,1,Preparation Error,828.35,Menu Item 122,2,828.35,Restaurant 002,Pizza,2025-06
6292,9,89,2025-11-17,2,Expired,532.72,Menu Item 089,9,266.36,Restaurant 009,Beverages,2025-11
6293,14,134,2025-12-26,5,Overproduction,1441.7,Menu Item 134,4,288.34,Restaurant 014,Rice,2025-12
6294,3,3,2025-05-13,8,Damaged,1807.68,Menu Item 003,3,225.96,Restaurant 003,Biryani,2025-05
6295,8,108,2025-01-19,1,Preparation Error,415.08,Menu Item 108,8,415.08,Restaurant 008,Desserts,2025-01
6296,8,108,2025-06-26,1,Expired,415.08,Menu Item 108,8,415.08,Restaurant 008,Desserts,2025-06
6297,19,79,2025-04-14,2,Unsold,261.0,Menu Item 079,9,130.5,Restaurant 019,Beverages,2025-04
6298,9,29,2025-03-18,1,Overproduction,68.62,Menu Item 029,9,68.62,Restaurant 009,Beverages,2025-03
6299,20,100,2025-12-01,2,Overproduction,973.4,Menu Item 100,10,486.7,Restaurant 020,Salads,2025-12
6300,2,22,2025-05-23,2,Expired,646.94,Menu Item 022,2,323.47,Restaurant 002,Pizza,2025-05
6301,14,34,2025-07-01,8,Preparation Error,3714.56,Menu Item 034,4,464.32,Restaurant 014,Rice,2025-07
6302,13,13,2025-05-14,8,Preparation Error,3114.24,Menu Item 013,3,389.28,Restaurant 013,Biryani,2025-05
6303,2,42,2025-11-04,3,Overproduction,1403.13,Menu Item 042,2,467.71,Restaurant 002,Pizza,2025-11
6304,2,82,2025-06-10,5,Overproduction,3007.25,Menu Item 082,2,601.45,Restaurant 002,Pizza,2025-06
6305,13,53,2025-02-12,1,Overproduction,298.53,Menu Item 053,3,298.53,Restaurant 013,Biryani,2025-02
6306,11,91,2025-12-02,2,Preparation Error,741.58,Menu Item 091,1,370.79,Restaurant 011,Burgers,2025-12
6307,11,131,2025-01-08,1,Preparation Error,372.73,Menu Item 131,1,372.73,Restaurant 011,Burgers,2025-01
6308,19,99,2025-04-03,3,Preparation Error,335.22,Menu Item 099,9,111.74,Restaurant 019,Beverages,2025-04
6309,11,131,2025-09-02,1,Unsold,372.73,Menu Item 131,1,372.73,Restaurant 011,Burgers,2025-09
6310,2,2,2025-07-28,2,Expired,1644.6,Menu Item 002,2,822.3,Restaurant 002,Pizza,2025-07
6311,9,29,2025-10-03,1,Damaged,68.62,Menu Item 029,9,68.62,Restaurant 009,Beverages,2025-10
6312,19,119,2025-03-21,2,Preparation Error,209.28,Menu Item 119,9,104.64,Restaurant 019,Beverages,2025-03
6313,6,86,2025-06-13,2,Preparation Error,956.62,Menu Item 086,6,478.31,Restaurant 006,Pasta,2025-06
6314,19,39,2025-12-16,1,Damaged,88.74,Menu Item 039,9,88.74,Restaurant 019,Beverages,2025-12
6315,4,144,2025-11-14,3,Preparation Error,729.75,Menu Item 144,4,243.25,Restaurant 004,Rice,2025-11
6316,17,37,2025-05-02,1,Damaged,689.77,Menu Item 037,7,689.77,Restaurant 017,Sandwiches,2025-05
6317,5,85,2025-12-09,1,Unsold,355.11,Menu Item 085,5,355.11,Restaurant 005,BBQ,2025-12
6318,7,27,2025-02-05,2,Preparation Error,675.42,Menu Item 027,7,337.71,Restaurant 007,Sandwiches,2025-02
6319,2,142,2025-08-13,10,Preparation Error,9193.5,Menu Item 142,2,919.35,Restaurant 002,Pizza,2025-08
6320,15,135,2025-02-19,5,Preparation Error,1502.45,Menu Item 135,5,300.49,Restaurant 015,BBQ,2025-02
6321,4,64,2025-11-25,5,Expired,1282.3,Menu Item 064,4,256.46,Restaurant 004,Rice,2025-11
6322,5,45,2025-09-18,8,Unsold,3119.52,Menu Item 045,5,389.94,Restaurant 005,BBQ,2025-09
6323,9,9,2025-01-02,2,Spoilage,280.7,Menu Item 009,9,140.35,Restaurant 009,Beverages,2025-01
6324,11,11,2025-09-27,5,Damaged,2731.2,Menu Item 011,1,546.24,Restaurant 011,Burgers,2025-09
6325,17,57,2025-12-17,1,Spoilage,314.52,Menu Item 057,7,314.52,Restaurant 017,Sandwiches,2025-12
6326,2,42,2025-10-04,3,Spoilage,1403.13,Menu Item 042,2,467.71,Restaurant 002,Pizza,2025-10
6327,6,6,2025-07-19,2,Expired,604.3,Menu Item 006,6,302.15,Restaurant 006,Pasta,2025-07
6328,20,80,2025-12-24,3,Overproduction,333.15,Menu Item 080,10,111.05,Restaurant 020,Salads,2025-12
6329,1,21,2025-11-14,5,Spoilage,1611.4,Menu Item 021,1,322.28,Restaurant 001,Burgers,2025-11
6330,14,74,2025-04-02,5,Expired,779.5,Menu Item 074,4,155.9,Restaurant 014,Rice,2025-04
6331,4,24,2025-12-28,2,Damaged,996.74,Menu Item 024,4,498.37,Restaurant 004,Rice,2025-12
6332,10,10,2025-04-04,2,Unsold,286.6,Menu Item 010,10,143.3,Restaurant 010,Salads,2025-04
6333,2,42,2025-11-13,2,Damaged,935.42,Menu Item 042,2,467.71,Restaurant 002,Pizza,2025-11
6334,15,35,2025-05-28,3,Preparation Error,1311.18,Menu Item 035,5,437.06,Restaurant 015,BBQ,2025-05
6335,6,146,2025-08-25,10,Spoilage,7425.3,Menu Item 146,6,742.53,Restaurant 006,Pasta,2025-08
6336,7,27,2025-12-04,1,Damaged,337.71,Menu Item 027,7,337.71,Restaurant 007,Sandwiches,2025-12
6337,6,146,2025-01-19,1,Spoilage,742.53,Menu Item 146,6,742.53,Restaurant 006,Pasta,2025-01
6338,12,72,2025-04-27,1,Unsold,275.78,Menu Item 072,2,275.78,Restaurant 012,Pizza,2025-04
6339,8,128,2025-02-07,1,Damaged,347.29,Menu Item 128,8,347.29,Restaurant 008,Desserts,2025-02
6340,11,91,2025-02-17,2,Overproduction,741.58,Menu Item 091,1,370.79,Restaurant 011,Burgers,2025-02
6341,19,59,2025-06-21,3,Unsold,569.61,Menu Item 059,9,189.87,Restaurant 019,Beverages,2025-06
6342,18,118,2025-05-24,5,Unsold,1545.0,Menu Item 118,8,309.0,Restaurant 018,Desserts,2025-05
6343,5,105,2025-07-03,3,Unsold,1789.62,Menu Item 105,5,596.54,Restaurant 005,BBQ,2025-07
6344,17,57,2025-07-01,1,Spoilage,314.52,Menu Item 057,7,314.52,Restaurant 017,Sandwiches,2025-07
6345,3,23,2025-07-18,8,Overproduction,2161.84,Menu Item 023,3,270.23,Restaurant 003,Biryani,2025-07
6346,3,123,2025-05-09,10,Damaged,3655.4,Menu Item 123,3,365.54,Restaurant 003,Biryani,2025-05
6347,14,34,2025-08-28,1,Overproduction,464.32,Menu Item 034,4,464.32,Restaurant 014,Rice,2025-08
6348,14,54,2025-01-22,2,Damaged,364.36,Menu Item 054,4,182.18,Restaurant 014,Rice,2025-01
6349,4,124,2025-09-05,8,Preparation Error,1196.56,Menu Item 124,4,149.57,Restaurant 004,Rice,2025-09
6350,13,73,2025-10-07,10,Damaged,2317.5,Menu Item 073,3,231.75,Restaurant 013,Biryani,2025-10
6351,16,136,2025-10-23,1,Spoilage,432.37,Menu Item 136,6,432.37,Restaurant 016,Pasta,2025-10
6352,8,148,2025-01-28,3,Spoilage,1012.92,Menu Item 148,8,337.64,Restaurant 008,Desserts,2025-01
6353,9,109,2025-07-02,1,Overproduction,221.43,Menu Item 109,9,221.43,Restaurant 009,Beverages,2025-07
6354,9,149,2025-01-25,1,Spoilage,239.18,Menu Item 149,9,239.18,Restaurant 009,Beverages,2025-01
6355,8,28,2025-04-21,2,Preparation Error,756.32,Menu Item 028,8,378.16,Restaurant 008,Desserts,2025-04
6356,5,105,2025-02-27,8,Overproduction,4772.32,Menu Item 105,5,596.54,Restaurant 005,BBQ,2025-02
6357,9,9,2025-01-28,3,Unsold,421.05,Menu Item 009,9,140.35,Restaurant 009,Beverages,2025-01
6358,2,122,2025-03-17,5,Damaged,4141.75,Menu Item 122,2,828.35,Restaurant 002,Pizza,2025-03
6359,19,39,2025-11-08,2,Damaged,177.48,Menu Item 039,9,88.74,Restaurant 019,Beverages,2025-11
6360,9,149,2025-10-15,2,Damaged,478.36,Menu Item 149,9,239.18,Restaurant 009,Beverages,2025-10
6361,1,61,2025-04-20,1,Damaged,495.71,Menu Item 061,1,495.71,Restaurant 001,Burgers,2025-04
6362,2,122,2025-12-01,1,Overproduction,828.35,Menu Item 122,2,828.35,Restaurant 002,Pizza,2025-12
6363,19,99,2025-05-12,1,Preparation Error,111.74,Menu Item 099,9,111.74,Restaurant 019,Beverages,2025-05
6364,4,124,2025-04-17,3,Preparation Error,448.71,Menu Item 124,4,149.57,Restaurant 004,Rice,2025-04
6365,12,32,2025-06-13,10,Damaged,7383.0,Menu Item 032,2,738.3,Restaurant 012,Pizza,2025-06
6366,1,61,2025-04-08,1,Unsold,495.71,Menu Item 061,1,495.71,Restaurant 001,Burgers,2025-04
6367,16,136,2025-10-16,2,Overproduction,864.74,Menu Item 136,6,432.37,Restaurant 016,Pasta,2025-10
6368,15,95,2025-10-20,2,Spoilage,1363.76,Menu Item 095,5,681.88,Restaurant 015,BBQ,2025-10
6369,13,13,2025-12-27,1,Preparation Error,389.28,Menu Item 013,3,389.28,Restaurant 013,Biryani,2025-12
6370,4,104,2025-10-05,3,Overproduction,503.88,Menu Item 104,4,167.96,Restaurant 004,Rice,2025-10
6371,8,68,2025-09-07,2,Overproduction,228.12,Menu Item 068,8,114.06,Restaurant 008,Desserts,2025-09
6372,2,142,2025-07-26,5,Damaged,4596.75,Menu Item 142,2,919.35,Restaurant 002,Pizza,2025-07
6373,5,85,2025-04-09,5,Expired,1775.55,Menu Item 085,5,355.11,Restaurant 005,BBQ,2025-04
6374,4,24,2025-11-28,3,Unsold,1495.11,Menu Item 024,4,498.37,Restaurant 004,Rice,2025-11
6375,18,78,2025-02-27,2,Spoilage,512.22,Menu Item 078,8,256.11,Restaurant 018,Desserts,2025-02
6376,2,62,2025-07-01,5,Unsold,2548.85,Menu Item 062,2,509.77,Restaurant 002,Pizza,2025-07
6377,7,127,2025-08-12,5,Damaged,1670.4,Menu Item 127,7,334.08,Restaurant 007,Sandwiches,2025-08
6378,20,20,2025-08-22,8,Damaged,2308.08,Menu Item 020,10,288.51,Restaurant 020,Salads,2025-08
6379,6,106,2025-02-17,2,Spoilage,554.26,Menu Item 106,6,277.13,Restaurant 006,Pasta,2025-02
6380,11,91,2025-12-14,1,Expired,370.79,Menu Item 091,1,370.79,Restaurant 011,Burgers,2025-12
6381,1,21,2025-07-03,2,Spoilage,644.56,Menu Item 021,1,322.28,Restaurant 001,Burgers,2025-07
6382,11,111,2025-10-20,1,Spoilage,326.19,Menu Item 111,1,326.19,Restaurant 011,Burgers,2025-10
6383,15,115,2025-12-09,1,Expired,803.9,Menu Item 115,5,803.9,Restaurant 015,BBQ,2025-12
6384,9,49,2025-06-27,1,Overproduction,254.28,Menu Item 049,9,254.28,Restaurant 009,Beverages,2025-06
6385,7,107,2025-08-03,5,Overproduction,2362.9,Menu Item 107,7,472.58,Restaurant 007,Sandwiches,2025-08
6386,1,81,2025-09-09,2,Unsold,1028.94,Menu Item 081,1,514.47,Restaurant 001,Burgers,2025-09
6387,5,25,2025-05-17,2,Unsold,2055.42,Menu Item 025,5,1027.71,Restaurant 005,BBQ,2025-05
6388,6,46,2025-12-02,5,Expired,3169.55,Menu Item 046,6,633.91,Restaurant 006,Pasta,2025-12
6389,2,122,2025-08-14,3,Overproduction,2485.05,Menu Item 122,2,828.35,Restaurant 002,Pizza,2025-08
6390,9,109,2025-06-11,5,Overproduction,1107.15,Menu Item 109,9,221.43,Restaurant 009,Beverages,2025-06
6391,12,12,2025-03-18,1,Damaged,783.1,Menu Item 012,2,783.1,Restaurant 012,Pizza,2025-03
6392,13,113,2025-03-24,1,Unsold,230.81,Menu Item 113,3,230.81,Restaurant 013,Biryani,2025-03
6393,7,127,2025-05-24,10,Overproduction,3340.8,Menu Item 127,7,334.08,Restaurant 007,Sandwiches,2025-05
6394,4,24,2025-07-09,5,Expired,2491.85,Menu Item 024,4,498.37,Restaurant 004,Rice,2025-07
6395,8,148,2025-09-05,2,Spoilage,675.28,Menu Item 148,8,337.64,Restaurant 008,Desserts,2025-09
6396,5,25,2025-12-05,2,Preparation Error,2055.42,Menu Item 025,5,1027.71,Restaurant 005,BBQ,2025-12
6397,10,130,2025-05-25,5,Expired,1460.7,Menu Item 130,10,292.14,Restaurant 010,Salads,2025-05
6398,14,114,2025-03-11,3,Preparation Error,1634.67,Menu Item 114,4,544.89,Restaurant 014,Rice,2025-03
6399,7,127,2025-03-16,1,Overproduction,334.08,Menu Item 127,7,334.08,Restaurant 007,Sandwiches,2025-03
6400,3,23,2025-11-18,1,Overproduction,270.23,Menu Item 023,3,270.23,Restaurant 003,Biryani,2025-11
6401,13,133,2025-07-25,2,Damaged,1017.66,Menu Item 133,3,508.83,Restaurant 013,Biryani,2025-07
6402,13,133,2025-10-14,2,Damaged,1017.66,Menu Item 133,3,508.83,Restaurant 013,Biryani,2025-10
6403,16,116,2025-02-18,3,Damaged,1539.84,Menu Item 116,6,513.28,Restaurant 016,Pasta,2025-02
6404,7,67,2025-04-04,2,Preparation Error,1271.12,Menu Item 067,7,635.56,Restaurant 007,Sandwiches,2025-04
6405,9,89,2025-10-22,1,Damaged,266.36,Menu Item 089,9,266.36,Restaurant 009,Beverages,2025-10
6406,10,70,2025-02-25,10,Overproduction,2072.5,Menu Item 070,10,207.25,Restaurant 010,Salads,2025-02
6407,3,63,2025-06-15,5,Overproduction,1569.7,Menu Item 063,3,313.94,Restaurant 003,Biryani,2025-06
6408,2,122,2025-04-08,10,Overproduction,8283.5,Menu Item 122,2,828.35,Restaurant 002,Pizza,2025-04
6409,1,141,2025-06-21,5,Expired,1260.55,Menu Item 141,1,252.11,Restaurant 001,Burgers,2025-06
6410,10,50,2025-04-26,2,Spoilage,316.2,Menu Item 050,10,158.1,Restaurant 010,Salads,2025-04
6411,14,114,2025-12-06,8,Spoilage,4359.12,Menu Item 114,4,544.89,Restaurant 014,Rice,2025-12
6412,16,116,2025-09-08,1,Damaged,513.28,Menu Item 116,6,513.28,Restaurant 016,Pasta,2025-09
6413,6,6,2025-11-15,1,Spoilage,302.15,Menu Item 006,6,302.15,Restaurant 006,Pasta,2025-11
6414,7,147,2025-04-06,1,Unsold,224.8,Menu Item 147,7,224.8,Restaurant 007,Sandwiches,2025-04
6415,18,118,2025-06-22,2,Expired,618.0,Menu Item 118,8,309.0,Restaurant 018,Desserts,2025-06
6416,6,86,2025-07-07,1,Unsold,478.31,Menu Item 086,6,478.31,Restaurant 006,Pasta,2025-07
6417,4,24,2025-02-11,5,Spoilage,2491.85,Menu Item 024,4,498.37,Restaurant 004,Rice,2025-02
6418,9,109,2025-07-16,2,Damaged,442.86,Menu Item 109,9,221.43,Restaurant 009,Beverages,2025-07
6419,1,21,2025-05-04,1,Overproduction,322.28,Menu Item 021,1,322.28,Restaurant 001,Burgers,2025-05
6420,1,21,2025-05-27,1,Spoilage,322.28,Menu Item 021,1,322.28,Restaurant 001,Burgers,2025-05
6421,13,13,2025-02-01,3,Overproduction,1167.84,Menu Item 013,3,389.28,Restaurant 013,Biryani,2025-02
6422,9,109,2025-09-01,1,Unsold,221.43,Menu Item 109,9,221.43,Restaurant 009,Beverages,2025-09
6423,12,112,2025-12-28,2,Damaged,1722.56,Menu Item 112,2,861.28,Restaurant 012,Pizza,2025-12
6424,19,139,2025-04-12,5,Damaged,637.7,Menu Item 139,9,127.54,Restaurant 019,Beverages,2025-04
6425,10,130,2025-04-05,5,Spoilage,1460.7,Menu Item 130,10,292.14,Restaurant 010,Salads,2025-04
6426,8,28,2025-11-06,1,Damaged,378.16,Menu Item 028,8,378.16,Restaurant 008,Desserts,2025-11
6427,19,39,2025-04-13,1,Overproduction,88.74,Menu Item 039,9,88.74,Restaurant 019,Beverages,2025-04
6428,8,48,2025-01-17,2,Spoilage,389.84,Menu Item 048,8,194.92,Restaurant 008,Desserts,2025-01
6429,5,65,2025-07-23,1,Spoilage,515.74,Menu Item 065,5,515.74,Restaurant 005,BBQ,2025-07
6430,11,91,2025-03-20,3,Expired,1112.37,Menu Item 091,1,370.79,Restaurant 011,Burgers,2025-03
6431,10,70,2025-03-12,8,Expired,1658.0,Menu Item 070,10,207.25,Restaurant 010,Salads,2025-03
6432,8,48,2025-06-12,3,Unsold,584.76,Menu Item 048,8,194.92,Restaurant 008,Desserts,2025-06
6433,1,101,2025-06-19,3,Spoilage,955.53,Menu Item 101,1,318.51,Restaurant 001,Burgers,2025-06
6434,15,55,2025-12-27,2,Spoilage,1865.24,Menu Item 055,5,932.62,Restaurant 015,BBQ,2025-12
6435,19,99,2025-03-01,2,Spoilage,223.48,Menu Item 099,9,111.74,Restaurant 019,Beverages,2025-03
6436,13,33,2025-07-17,3,Damaged,1054.5,Menu Item 033,3,351.5,Restaurant 013,Biryani,2025-07
6437,15,15,2025-10-02,10,Preparation Error,4969.7,Menu Item 015,5,496.97,Restaurant 015,BBQ,2025-10
6438,16,16,2025-06-28,1,Expired,338.34,Menu Item 016,6,338.34,Restaurant 016,Pasta,2025-06
6439,15,95,2025-03-27,1,Spoilage,681.88,Menu Item 095,5,681.88,Restaurant 015,BBQ,2025-03
6440,1,41,2025-07-21,1,Damaged,254.51,Menu Item 041,1,254.51,Restaurant 001,Burgers,2025-07
6441,20,40,2025-06-22,2,Preparation Error,552.48,Menu Item 040,10,276.24,Restaurant 020,Salads,2025-06
6442,19,79,2025-08-01,2,Spoilage,261.0,Menu Item 079,9,130.5,Restaurant 019,Beverages,2025-08
6443,4,4,2025-06-08,3,Preparation Error,455.04,Menu Item 004,4,151.68,Restaurant 004,Rice,2025-06
6444,7,67,2025-11-17,1,Damaged,635.56,Menu Item 067,7,635.56,Restaurant 007,Sandwiches,2025-11
6445,18,118,2025-11-15,1,Spoilage,309.0,Menu Item 118,8,309.0,Restaurant 018,Desserts,2025-11
6446,2,2,2025-05-26,10,Spoilage,8223.0,Menu Item 002,2,822.3,Restaurant 002,Pizza,2025-05
6447,1,1,2025-02-28,1,Unsold,428.12,Menu Item 001,1,428.12,Restaurant 001,Burgers,2025-02
6448,10,50,2025-02-18,2,Expired,316.2,Menu Item 050,10,158.1,Restaurant 010,Salads,2025-02
6449,7,107,2025-01-22,1,Spoilage,472.58,Menu Item 107,7,472.58,Restaurant 007,Sandwiches,2025-01
6450,4,44,2025-09-04,3,Expired,1322.16,Menu Item 044,4,440.72,Restaurant 004,Rice,2025-09
6451,7,147,2025-06-14,1,Unsold,224.8,Menu Item 147,7,224.8,Restaurant 007,Sandwiches,2025-06
6452,8,148,2025-08-19,3,Damaged,1012.92,Menu Item 148,8,337.64,Restaurant 008,Desserts,2025-08
6453,17,97,2025-02-23,2,Spoilage,908.08,Menu Item 097,7,454.04,Restaurant 017,Sandwiches,2025-02
6454,15,115,2025-11-24,3,Overproduction,2411.7,Menu Item 115,5,803.9,Restaurant 015,BBQ,2025-11
6455,10,130,2025-11-10,8,Spoilage,2337.12,Menu Item 130,10,292.14,Restaurant 010,Salads,2025-11
6456,8,8,2025-08-24,3,Preparation Error,923.16,Menu Item 008,8,307.72,Restaurant 008,Desserts,2025-08
6457,4,24,2025-01-08,2,Overproduction,996.74,Menu Item 024,4,498.37,Restaurant 004,Rice,2025-01
6458,12,72,2025-11-23,2,Damaged,551.56,Menu Item 072,2,275.78,Restaurant 012,Pizza,2025-11
6459,9,109,2025-01-28,1,Damaged,221.43,Menu Item 109,9,221.43,Restaurant 009,Beverages,2025-01
6460,19,19,2025-01-05,5,Expired,899.95,Menu Item 019,9,179.99,Restaurant 019,Beverages,2025-01
6461,19,119,2025-05-14,1,Preparation Error,104.64,Menu Item 119,9,104.64,Restaurant 019,Beverages,2025-05
6462,9,109,2025-02-21,1,Preparation Error,221.43,Menu Item 109,9,221.43,Restaurant 009,Beverages,2025-02
6463,13,93,2025-04-02,1,Spoilage,553.61,Menu Item 093,3,553.61,Restaurant 013,Biryani,2025-04
6464,11,11,2025-11-24,2,Unsold,1092.48,Menu Item 011,1,546.24,Restaurant 011,Burgers,2025-11
6465,8,8,2025-03-07,8,Damaged,2461.76,Menu Item 008,8,307.72,Restaurant 008,Desserts,2025-03
6466,3,63,2025-12-28,2,Spoilage,627.88,Menu Item 063,3,313.94,Restaurant 003,Biryani,2025-12
6467,14,114,2025-05-05,5,Overproduction,2724.45,Menu Item 114,4,544.89,Restaurant 014,Rice,2025-05
6468,7,107,2025-04-22,2,Overproduction,945.16,Menu Item 107,7,472.58,Restaurant 007,Sandwiches,2025-04
6469,6,6,2025-03-25,1,Damaged,302.15,Menu Item 006,6,302.15,Restaurant 006,Pasta,2025-03
6470,6,126,2025-11-26,1,Unsold,670.63,Menu Item 126,6,670.63,Restaurant 006,Pasta,2025-11
6471,17,57,2025-07-12,1,Unsold,314.52,Menu Item 057,7,314.52,Restaurant 017,Sandwiches,2025-07
6472,1,1,2025-09-07,5,Spoilage,2140.6,Menu Item 001,1,428.12,Restaurant 001,Burgers,2025-09
6473,7,127,2025-04-24,2,Unsold,668.16,Menu Item 127,7,334.08,Restaurant 007,Sandwiches,2025-04
6474,18,18,2025-06-24,5,Preparation Error,1671.95,Menu Item 018,8,334.39,Restaurant 018,Desserts,2025-06
6475,19,139,2025-09-17,5,Damaged,637.7,Menu Item 139,9,127.54,Restaurant 019,Beverages,2025-09
6476,6,26,2025-07-14,5,Preparation Error,3032.8,Menu Item 026,6,606.56,Restaurant 006,Pasta,2025-07
6477,14,74,2025-05-18,3,Unsold,467.7,Menu Item 074,4,155.9,Restaurant 014,Rice,2025-05
6478,6,86,2025-07-18,2,Overproduction,956.62,Menu Item 086,6,478.31,Restaurant 006,Pasta,2025-07
6479,11,71,2025-09-13,8,Overproduction,3719.84,Menu Item 071,1,464.98,Restaurant 011,Burgers,2025-09
6480,8,8,2025-08-06,1,Unsold,307.72,Menu Item 008,8,307.72,Restaurant 008,Desserts,2025-08
6481,17,77,2025-11-18,3,Preparation Error,1795.89,Menu Item 077,7,598.63,Restaurant 017,Sandwiches,2025-11
6482,12,132,2025-11-17,1,Expired,642.06,Menu Item 132,2,642.06,Restaurant 012,Pizza,2025-11
6483,1,41,2025-06-08,5,Unsold,1272.55,Menu Item 041,1,254.51,Restaurant 001,Burgers,2025-06
6484,2,82,2025-04-17,8,Spoilage,4811.6,Menu Item 082,2,601.45,Restaurant 002,Pizza,2025-04
6485,20,20,2025-07-16,2,Preparation Error,577.02,Menu Item 020,10,288.51,Restaurant 020,Salads,2025-07
6486,8,48,2025-03-23,1,Spoilage,194.92,Menu Item 048,8,194.92,Restaurant 008,Desserts,2025-03
6487,11,111,2025-04-08,2,Damaged,652.38,Menu Item 111,1,326.19,Restaurant 011,Burgers,2025-04
6488,1,101,2025-01-13,5,Preparation Error,1592.55,Menu Item 101,1,318.51,Restaurant 001,Burgers,2025-01
6489,12,92,2025-05-20,1,Damaged,464.37,Menu Item 092,2,464.37,Restaurant 012,Pizza,2025-05
6490,11,111,2025-09-10,1,Damaged,326.19,Menu Item 111,1,326.19,Restaurant 011,Burgers,2025-09
6491,14,114,2025-04-08,8,Spoilage,4359.12,Menu Item 114,4,544.89,Restaurant 014,Rice,2025-04
6492,18,98,2025-03-22,1,Overproduction,373.65,Menu Item 098,8,373.65,Restaurant 018,Desserts,2025-03
6493,6,106,2025-06-24,3,Unsold,831.39,Menu Item 106,6,277.13,Restaurant 006,Pasta,2025-06
6494,15,95,2025-03-25,8,Overproduction,5455.04,Menu Item 095,5,681.88,Restaurant 015,BBQ,2025-03
6495,17,57,2025-07-19,2,Spoilage,629.04,Menu Item 057,7,314.52,Restaurant 017,Sandwiches,2025-07
6496,10,130,2025-05-14,1,Overproduction,292.14,Menu Item 130,10,292.14,Restaurant 010,Salads,2025-05
6497,15,75,2025-12-03,3,Expired,1266.0,Menu Item 075,5,422.0,Restaurant 015,BBQ,2025-12
6498,13,53,2025-02-07,2,Spoilage,597.06,Menu Item 053,3,298.53,Restaurant 013,Biryani,2025-02
6499,15,135,2025-05-10,3,Unsold,901.47,Menu Item 135,5,300.49,Restaurant 015,BBQ,2025-05
6500,14,14,2025-05-19,1,Overproduction,231.23,Menu Item 014,4,231.23,Restaurant 014,Rice,2025-05
6501,11,131,2025-08-21,1,Overproduction,372.73,Menu Item 131,1,372.73,Restaurant 011,Burgers,2025-08
6502,9,69,2025-02-25,2,Preparation Error,189.6,Menu Item 069,9,94.8,Restaurant 009,Beverages,2025-02
6503,15,35,2025-06-28,3,Damaged,1311.18,Menu Item 035,5,437.06,Restaurant 015,BBQ,2025-06
6504,17,117,2025-11-01,1,Preparation Error,429.73,Menu Item 117,7,429.73,Restaurant 017,Sandwiches,2025-11
6505,9,109,2025-07-15,1,Spoilage,221.43,Menu Item 109,9,221.43,Restaurant 009,Beverages,2025-07
6506,4,124,2025-03-28,1,Unsold,149.57,Menu Item 124,4,149.57,Restaurant 004,Rice,2025-03
6507,8,148,2025-07-28,1,Spoilage,337.64,Menu Item 148,8,337.64,Restaurant 008,Desserts,2025-07
6508,19,39,2025-08-08,1,Expired,88.74,Menu Item 039,9,88.74,Restaurant 019,Beverages,2025-08
6509,16,36,2025-05-26,2,Damaged,901.8,Menu Item 036,6,450.9,Restaurant 016,Pasta,2025-05
6510,5,65,2025-12-19,8,Spoilage,4125.92,Menu Item 065,5,515.74,Restaurant 005,BBQ,2025-12
6511,8,128,2025-03-06,1,Expired,347.29,Menu Item 128,8,347.29,Restaurant 008,Desserts,2025-03
6512,9,49,2025-12-20,2,Damaged,508.56,Menu Item 049,9,254.28,Restaurant 009,Beverages,2025-12
6513,10,90,2025-11-07,2,Overproduction,381.92,Menu Item 090,10,190.96,Restaurant 010,Salads,2025-11
6514,15,115,2025-01-21,1,Spoilage,803.9,Menu Item 115,5,803.9,Restaurant 015,BBQ,2025-01
6515,6,46,2025-10-08,1,Damaged,633.91,Menu Item 046,6,633.91,Restaurant 006,Pasta,2025-10
6516,9,9,2025-07-05,1,Spoilage,140.35,Menu Item 009,9,140.35,Restaurant 009,Beverages,2025-07
6517,16,76,2025-04-16,1,Overproduction,415.31,Menu Item 076,6,415.31,Restaurant 016,Pasta,2025-04
6518,20,100,2025-11-17,1,Unsold,486.7,Menu Item 100,10,486.7,Restaurant 020,Salads,2025-11
6519,2,82,2025-11-12,1,Damaged,601.45,Menu Item 082,2,601.45,Restaurant 002,Pizza,2025-11
6520,20,100,2025-07-12,2,Spoilage,973.4,Menu Item 100,10,486.7,Restaurant 020,Salads,2025-07
6521,2,142,2025-11-26,3,Unsold,2758.05,Menu Item 142,2,919.35,Restaurant 002,Pizza,2025-11
6522,17,117,2025-06-28,2,Overproduction,859.46,Menu Item 117,7,429.73,Restaurant 017,Sandwiches,2025-06
6523,9,129,2025-10-04,2,Preparation Error,200.4,Menu Item 129,9,100.2,Restaurant 009,Beverages,2025-10
6524,8,68,2025-06-05,2,Spoilage,228.12,Menu Item 068,8,114.06,Restaurant 008,Desserts,2025-06
6525,9,149,2025-01-22,2,Expired,478.36,Menu Item 149,9,239.18,Restaurant 009,Beverages,2025-01
6526,12,112,2025-03-27,2,Expired,1722.56,Menu Item 112,2,861.28,Restaurant 012,Pizza,2025-03
6527,10,150,2025-03-01,1,Overproduction,377.34,Menu Item 150,10,377.34,Restaurant 010,Salads,2025-03
6528,13,73,2025-03-01,2,Unsold,463.5,Menu Item 073,3,231.75,Restaurant 013,Biryani,2025-03
6529,20,100,2025-11-06,1,Spoilage,486.7,Menu Item 100,10,486.7,Restaurant 020,Salads,2025-11
6530,5,145,2025-02-02,3,Expired,1289.64,Menu Item 145,5,429.88,Restaurant 005,BBQ,2025-02
6531,10,50,2025-04-02,1,Preparation Error,158.1,Menu Item 050,10,158.1,Restaurant 010,Salads,2025-04
6532,13,73,2025-06-24,1,Expired,231.75,Menu Item 073,3,231.75,Restaurant 013,Biryani,2025-06
6533,6,46,2025-02-22,1,Overproduction,633.91,Menu Item 046,6,633.91,Restaurant 006,Pasta,2025-02
6534,8,48,2025-03-04,1,Expired,194.92,Menu Item 048,8,194.92,Restaurant 008,Desserts,2025-03
6535,9,149,2025-06-03,3,Damaged,717.54,Menu Item 149,9,239.18,Restaurant 009,Beverages,2025-06
6536,19,79,2025-08-26,2,Damaged,261.0,Menu Item 079,9,130.5,Restaurant 019,Beverages,2025-08
6537,2,122,2025-10-11,1,Spoilage,828.35,Menu Item 122,2,828.35,Restaurant 002,Pizza,2025-10
6538,11,11,2025-09-09,2,Spoilage,1092.48,Menu Item 011,1,546.24,Restaurant 011,Burgers,2025-09
6539,10,70,2025-05-12,3,Expired,621.75,Menu Item 070,10,207.25,Restaurant 010,Salads,2025-05
6540,11,131,2025-05-09,2,Spoilage,745.46,Menu Item 131,1,372.73,Restaurant 011,Burgers,2025-05
6541,1,61,2025-06-18,2,Overproduction,991.42,Menu Item 061,1,495.71,Restaurant 001,Burgers,2025-06
6542,9,9,2025-04-12,2,Damaged,280.7,Menu Item 009,9,140.35,Restaurant 009,Beverages,2025-04
6543,8,48,2025-11-26,1,Unsold,194.92,Menu Item 048,8,194.92,Restaurant 008,Desserts,2025-11
6544,5,145,2025-06-10,5,Damaged,2149.4,Menu Item 145,5,429.88,Restaurant 005,BBQ,2025-06
6545,6,86,2025-06-03,8,Unsold,3826.48,Menu Item 086,6,478.31,Restaurant 006,Pasta,2025-06
6546,14,54,2025-04-12,1,Damaged,182.18,Menu Item 054,4,182.18,Restaurant 014,Rice,2025-04
6547,19,39,2025-11-10,3,Expired,266.22,Menu Item 039,9,88.74,Restaurant 019,Beverages,2025-11
6548,8,28,2025-07-04,2,Damaged,756.32,Menu Item 028,8,378.16,Restaurant 008,Desserts,2025-07
6549,9,29,2025-11-04,2,Overproduction,137.24,Menu Item 029,9,68.62,Restaurant 009,Beverages,2025-11
6550,16,96,2025-06-04,2,Spoilage,810.44,Menu Item 096,6,405.22,Restaurant 016,Pasta,2025-06
6551,3,103,2025-03-02,2,Expired,980.98,Menu Item 103,3,490.49,Restaurant 003,Biryani,2025-03
6552,14,134,2025-07-16,2,Damaged,576.68,Menu Item 134,4,288.34,Restaurant 014,Rice,2025-07
6553,2,122,2025-02-19,1,Overproduction,828.35,Menu Item 122,2,828.35,Restaurant 002,Pizza,2025-02
6554,3,63,2025-09-14,5,Unsold,1569.7,Menu Item 063,3,313.94,Restaurant 003,Biryani,2025-09
6555,1,21,2025-03-02,5,Damaged,1611.4,Menu Item 021,1,322.28,Restaurant 001,Burgers,2025-03
6556,2,2,2025-01-20,3,Spoilage,2466.9,Menu Item 002,2,822.3,Restaurant 002,Pizza,2025-01
6557,7,27,2025-04-17,2,Unsold,675.42,Menu Item 027,7,337.71,Restaurant 007,Sandwiches,2025-04
6558,3,143,2025-07-25,2,Preparation Error,710.0,Menu Item 143,3,355.0,Restaurant 003,Biryani,2025-07
6559,20,140,2025-01-02,2,Damaged,356.8,Menu Item 140,10,178.4,Restaurant 020,Salads,2025-01
6560,19,119,2025-06-20,8,Damaged,837.12,Menu Item 119,9,104.64,Restaurant 019,Beverages,2025-06
6561,5,5,2025-04-23,5,Spoilage,3801.05,Menu Item 005,5,760.21,Restaurant 005,BBQ,2025-04
6562,5,25,2025-05-13,2,Unsold,2055.42,Menu Item 025,5,1027.71,Restaurant 005,BBQ,2025-05
6563,1,21,2025-03-01,3,Expired,966.84,Menu Item 021,1,322.28,Restaurant 001,Burgers,2025-03
6564,14,114,2025-08-27,2,Unsold,1089.78,Menu Item 114,4,544.89,Restaurant 014,Rice,2025-08
6565,20,100,2025-01-26,3,Damaged,1460.1,Menu Item 100,10,486.7,Restaurant 020,Salads,2025-01
6566,14,14,2025-02-14,1,Damaged,231.23,Menu Item 014,4,231.23,Restaurant 014,Rice,2025-02
6567,7,47,2025-05-22,1,Damaged,531.56,Menu Item 047,7,531.56,Restaurant 007,Sandwiches,2025-05
6568,9,89,2025-05-02,3,Expired,799.08,Menu Item 089,9,266.36,Restaurant 009,Beverages,2025-05
6569,10,90,2025-04-28,5,Unsold,954.8,Menu Item 090,10,190.96,Restaurant 010,Salads,2025-04
6570,13,33,2025-05-04,2,Expired,703.0,Menu Item 033,3,351.5,Restaurant 013,Biryani,2025-05
6571,1,21,2025-06-22,2,Preparation Error,644.56,Menu Item 021,1,322.28,Restaurant 001,Burgers,2025-06
6572,3,3,2025-07-11,1,Overproduction,225.96,Menu Item 003,3,225.96,Restaurant 003,Biryani,2025-07
6573,11,131,2025-09-01,2,Unsold,745.46,Menu Item 131,1,372.73,Restaurant 011,Burgers,2025-09
6574,15,35,2025-12-01,8,Overproduction,3496.48,Menu Item 035,5,437.06,Restaurant 015,BBQ,2025-12
6575,7,47,2025-03-02,2,Damaged,1063.12,Menu Item 047,7,531.56,Restaurant 007,Sandwiches,2025-03
6576,3,3,2025-07-10,2,Expired,451.92,Menu Item 003,3,225.96,Restaurant 003,Biryani,2025-07
6577,16,36,2025-06-23,5,Preparation Error,2254.5,Menu Item 036,6,450.9,Restaurant 016,Pasta,2025-06
6578,3,3,2025-11-26,2,Overproduction,451.92,Menu Item 003,3,225.96,Restaurant 003,Biryani,2025-11
6579,16,16,2025-10-10,3,Expired,1015.02,Menu Item 016,6,338.34,Restaurant 016,Pasta,2025-10
6580,16,36,2025-04-14,3,Damaged,1352.7,Menu Item 036,6,450.9,Restaurant 016,Pasta,2025-04
6581,14,14,2025-02-26,2,Preparation Error,462.46,Menu Item 014,4,231.23,Restaurant 014,Rice,2025-02
6582,5,65,2025-02-27,2,Unsold,1031.48,Menu Item 065,5,515.74,Restaurant 005,BBQ,2025-02
6583,14,34,2025-01-23,2,Damaged,928.64,Menu Item 034,4,464.32,Restaurant 014,Rice,2025-01
6584,11,111,2025-12-12,3,Spoilage,978.57,Menu Item 111,1,326.19,Restaurant 011,Burgers,2025-12
6585,7,127,2025-09-25,1,Damaged,334.08,Menu Item 127,7,334.08,Restaurant 007,Sandwiches,2025-09
6586,6,26,2025-12-15,1,Expired,606.56,Menu Item 026,6,606.56,Restaurant 006,Pasta,2025-12
6587,5,145,2025-11-11,1,Damaged,429.88,Menu Item 145,5,429.88,Restaurant 005,BBQ,2025-11
6588,9,129,2025-05-06,1,Spoilage,100.2,Menu Item 129,9,100.2,Restaurant 009,Beverages,2025-05
6589,1,41,2025-10-04,1,Damaged,254.51,Menu Item 041,1,254.51,Restaurant 001,Burgers,2025-10
6590,4,44,2025-09-20,2,Overproduction,881.44,Menu Item 044,4,440.72,Restaurant 004,Rice,2025-09
6591,11,111,2025-10-12,3,Damaged,978.57,Menu Item 111,1,326.19,Restaurant 011,Burgers,2025-10
6592,7,87,2025-05-06,2,Expired,1061.96,Menu Item 087,7,530.98,Restaurant 007,Sandwiches,2025-05
6593,11,71,2025-11-18,2,Damaged,929.96,Menu Item 071,1,464.98,Restaurant 011,Burgers,2025-11
6594,20,80,2025-11-20,3,Unsold,333.15,Menu Item 080,10,111.05,Restaurant 020,Salads,2025-11
6595,13,13,2025-07-19,3,Spoilage,1167.84,Menu Item 013,3,389.28,Restaurant 013,Biryani,2025-07
6596,6,106,2025-03-07,1,Spoilage,277.13,Menu Item 106,6,277.13,Restaurant 006,Pasta,2025-03
6597,13,33,2025-07-08,1,Preparation Error,351.5,Menu Item 033,3,351.5,Restaurant 013,Biryani,2025-07
6598,1,81,2025-09-01,1,Preparation Error,514.47,Menu Item 081,1,514.47,Restaurant 001,Burgers,2025-09
6599,6,66,2025-07-19,3,Preparation Error,1256.34,Menu Item 066,6,418.78,Restaurant 006,Pasta,2025-07
6600,18,18,2025-09-17,8,Expired,2675.12,Menu Item 018,8,334.39,Restaurant 018,Desserts,2025-09
6601,9,69,2025-08-23,1,Unsold,94.8,Menu Item 069,9,94.8,Restaurant 009,Beverages,2025-08
6602,2,102,2025-04-17,2,Expired,1548.34,Menu Item 102,2,774.17,Restaurant 002,Pizza,2025-04
6603,15,15,2025-01-15,1,Unsold,496.97,Menu Item 015,5,496.97,Restaurant 015,BBQ,2025-01
6604,7,87,2025-09-04,1,Unsold,530.98,Menu Item 087,7,530.98,Restaurant 007,Sandwiches,2025-09
6605,1,101,2025-01-24,1,Overproduction,318.51,Menu Item 101,1,318.51,Restaurant 001,Burgers,2025-01
6606,4,44,2025-03-12,1,Overproduction,440.72,Menu Item 044,4,440.72,Restaurant 004,Rice,2025-03
6607,9,49,2025-11-02,2,Spoilage,508.56,Menu Item 049,9,254.28,Restaurant 009,Beverages,2025-11
6608,1,41,2025-12-11,5,Spoilage,1272.55,Menu Item 041,1,254.51,Restaurant 001,Burgers,2025-12
6609,20,100,2025-02-11,3,Overproduction,1460.1,Menu Item 100,10,486.7,Restaurant 020,Salads,2025-02
6610,3,43,2025-01-23,5,Unsold,1898.5,Menu Item 043,3,379.7,Restaurant 003,Biryani,2025-01
6611,9,69,2025-08-11,2,Spoilage,189.6,Menu Item 069,9,94.8,Restaurant 009,Beverages,2025-08
6612,13,93,2025-08-02,3,Damaged,1660.83,Menu Item 093,3,553.61,Restaurant 013,Biryani,2025-08
6613,15,35,2025-04-24,3,Overproduction,1311.18,Menu Item 035,5,437.06,Restaurant 015,BBQ,2025-04
6614,1,41,2025-05-25,1,Overproduction,254.51,Menu Item 041,1,254.51,Restaurant 001,Burgers,2025-05
6615,13,93,2025-10-15,1,Expired,553.61,Menu Item 093,3,553.61,Restaurant 013,Biryani,2025-10
6616,1,1,2025-07-23,3,Unsold,1284.36,Menu Item 001,1,428.12,Restaurant 001,Burgers,2025-07
6617,12,52,2025-01-05,1,Expired,463.6,Menu Item 052,2,463.6,Restaurant 012,Pizza,2025-01
6618,20,20,2025-05-25,1,Overproduction,288.51,Menu Item 020,10,288.51,Restaurant 020,Salads,2025-05
6619,12,12,2025-03-23,1,Spoilage,783.1,Menu Item 012,2,783.1,Restaurant 012,Pizza,2025-03
6620,7,7,2025-01-24,5,Damaged,2387.85,Menu Item 007,7,477.57,Restaurant 007,Sandwiches,2025-01
6621,6,6,2025-03-10,3,Unsold,906.45,Menu Item 006,6,302.15,Restaurant 006,Pasta,2025-03
6622,16,16,2025-10-18,2,Preparation Error,676.68,Menu Item 016,6,338.34,Restaurant 016,Pasta,2025-10
6623,9,69,2025-04-05,3,Damaged,284.4,Menu Item 069,9,94.8,Restaurant 009,Beverages,2025-04
6624,6,26,2025-03-24,2,Unsold,1213.12,Menu Item 026,6,606.56,Restaurant 006,Pasta,2025-03
6625,9,29,2025-06-22,1,Unsold,68.62,Menu Item 029,9,68.62,Restaurant 009,Beverages,2025-06
6626,9,109,2025-02-21,1,Spoilage,221.43,Menu Item 109,9,221.43,Restaurant 009,Beverages,2025-02
6627,16,116,2025-09-14,1,Expired,513.28,Menu Item 116,6,513.28,Restaurant 016,Pasta,2025-09
6628,20,60,2025-02-22,1,Damaged,331.16,Menu Item 060,10,331.16,Restaurant 020,Salads,2025-02
6629,1,61,2025-12-24,1,Spoilage,495.71,Menu Item 061,1,495.71,Restaurant 001,Burgers,2025-12
6630,19,119,2025-07-22,2,Preparation Error,209.28,Menu Item 119,9,104.64,Restaurant 019,Beverages,2025-07
6631,16,56,2025-04-18,5,Spoilage,1953.0,Menu Item 056,6,390.6,Restaurant 016,Pasta,2025-04
6632,6,26,2025-06-09,2,Overproduction,1213.12,Menu Item 026,6,606.56,Restaurant 006,Pasta,2025-06
6633,2,22,2025-02-20,3,Overproduction,970.41,Menu Item 022,2,323.47,Restaurant 002,Pizza,2025-02
6634,12,32,2025-12-15,3,Spoilage,2214.9,Menu Item 032,2,738.3,Restaurant 012,Pizza,2025-12
6635,6,46,2025-06-20,1,Spoilage,633.91,Menu Item 046,6,633.91,Restaurant 006,Pasta,2025-06
6636,11,111,2025-04-22,2,Preparation Error,652.38,Menu Item 111,1,326.19,Restaurant 011,Burgers,2025-04
6637,13,33,2025-07-22,1,Overproduction,351.5,Menu Item 033,3,351.5,Restaurant 013,Biryani,2025-07
6638,3,123,2025-12-19,1,Spoilage,365.54,Menu Item 123,3,365.54,Restaurant 003,Biryani,2025-12
6639,12,72,2025-05-18,1,Unsold,275.78,Menu Item 072,2,275.78,Restaurant 012,Pizza,2025-05
6640,2,122,2025-04-18,2,Unsold,1656.7,Menu Item 122,2,828.35,Restaurant 002,Pizza,2025-04
6641,3,43,2025-10-03,1,Damaged,379.7,Menu Item 043,3,379.7,Restaurant 003,Biryani,2025-10
6642,20,60,2025-04-01,2,Unsold,662.32,Menu Item 060,10,331.16,Restaurant 020,Salads,2025-04
6643,11,31,2025-01-17,3,Expired,967.86,Menu Item 031,1,322.62,Restaurant 011,Burgers,2025-01
6644,2,22,2025-04-04,5,Unsold,1617.35,Menu Item 022,2,323.47,Restaurant 002,Pizza,2025-04
6645,15,95,2025-01-23,3,Expired,2045.64,Menu Item 095,5,681.88,Restaurant 015,BBQ,2025-01
6646,5,65,2025-11-10,1,Damaged,515.74,Menu Item 065,5,515.74,Restaurant 005,BBQ,2025-11
6647,2,2,2025-11-02,1,Preparation Error,822.3,Menu Item 002,2,822.3,Restaurant 002,Pizza,2025-11
6648,8,88,2025-07-02,1,Expired,225.63,Menu Item 088,8,225.63,Restaurant 008,Desserts,2025-07
6649,10,50,2025-11-26,3,Preparation Error,474.3,Menu Item 050,10,158.1,Restaurant 010,Salads,2025-11
6650,16,96,2025-04-13,2,Overproduction,810.44,Menu Item 096,6,405.22,Restaurant 016,Pasta,2025-04
6651,8,128,2025-03-25,1,Expired,347.29,Menu Item 128,8,347.29,Restaurant 008,Desserts,2025-03
6652,7,7,2025-06-21,2,Damaged,955.14,Menu Item 007,7,477.57,Restaurant 007,Sandwiches,2025-06
6653,1,81,2025-04-06,1,Overproduction,514.47,Menu Item 081,1,514.47,Restaurant 001,Burgers,2025-04
6654,14,74,2025-06-01,8,Damaged,1247.2,Menu Item 074,4,155.9,Restaurant 014,Rice,2025-06
6655,16,36,2025-03-05,1,Unsold,450.9,Menu Item 036,6,450.9,Restaurant 016,Pasta,2025-03
6656,19,39,2025-09-16,1,Spoilage,88.74,Menu Item 039,9,88.74,Restaurant 019,Beverages,2025-09
6657,9,109,2025-07-12,3,Preparation Error,664.29,Menu Item 109,9,221.43,Restaurant 009,Beverages,2025-07
6658,3,3,2025-06-14,2,Unsold,451.92,Menu Item 003,3,225.96,Restaurant 003,Biryani,2025-06
6659,19,99,2025-02-27,1,Preparation Error,111.74,Menu Item 099,9,111.74,Restaurant 019,Beverages,2025-02
6660,17,37,2025-12-17,1,Overproduction,689.77,Menu Item 037,7,689.77,Restaurant 017,Sandwiches,2025-12
6661,9,9,2025-02-15,1,Preparation Error,140.35,Menu Item 009,9,140.35,Restaurant 009,Beverages,2025-02
6662,8,8,2025-02-07,3,Damaged,923.16,Menu Item 008,8,307.72,Restaurant 008,Desserts,2025-02
6663,6,146,2025-07-22,2,Preparation Error,1485.06,Menu Item 146,6,742.53,Restaurant 006,Pasta,2025-07
6664,3,83,2025-08-03,1,Damaged,236.35,Menu Item 083,3,236.35,Restaurant 003,Biryani,2025-08
6665,18,38,2025-05-19,10,Unsold,3763.2,Menu Item 038,8,376.32,Restaurant 018,Desserts,2025-05
6666,6,6,2025-01-20,3,Unsold,906.45,Menu Item 006,6,302.15,Restaurant 006,Pasta,2025-01
6667,9,149,2025-04-19,1,Unsold,239.18,Menu Item 149,9,239.18,Restaurant 009,Beverages,2025-04
6668,17,77,2025-02-15,5,Spoilage,2993.15,Menu Item 077,7,598.63,Restaurant 017,Sandwiches,2025-02
6669,6,6,2025-01-11,1,Preparation Error,302.15,Menu Item 006,6,302.15,Restaurant 006,Pasta,2025-01
6670,7,87,2025-09-07,2,Unsold,1061.96,Menu Item 087,7,530.98,Restaurant 007,Sandwiches,2025-09
6671,12,12,2025-01-07,2,Damaged,1566.2,Menu Item 012,2,783.1,Restaurant 012,Pizza,2025-01
6672,18,78,2025-02-01,1,Damaged,256.11,Menu Item 078,8,256.11,Restaurant 018,Desserts,2025-02
6673,19,99,2025-11-07,2,Unsold,223.48,Menu Item 099,9,111.74,Restaurant 019,Beverages,2025-11
6674,12,12,2025-09-10,3,Overproduction,2349.3,Menu Item 012,2,783.1,Restaurant 012,Pizza,2025-09
6675,15,35,2025-02-01,1,Damaged,437.06,Menu Item 035,5,437.06,Restaurant 015,BBQ,2025-02
6676,8,148,2025-04-18,3,Spoilage,1012.92,Menu Item 148,8,337.64,Restaurant 008,Desserts,2025-04
6677,5,65,2025-07-23,2,Expired,1031.48,Menu Item 065,5,515.74,Restaurant 005,BBQ,2025-07
6678,10,70,2025-03-11,2,Preparation Error,414.5,Menu Item 070,10,207.25,Restaurant 010,Salads,2025-03
6679,16,56,2025-04-16,1,Damaged,390.6,Menu Item 056,6,390.6,Restaurant 016,Pasta,2025-04
6680,7,67,2025-11-01,2,Spoilage,1271.12,Menu Item 067,7,635.56,Restaurant 007,Sandwiches,2025-11
6681,4,24,2025-02-01,1,Overproduction,498.37,Menu Item 024,4,498.37,Restaurant 004,Rice,2025-02
6682,20,20,2025-09-15,3,Overproduction,865.53,Menu Item 020,10,288.51,Restaurant 020,Salads,2025-09
6683,12,112,2025-12-01,5,Unsold,4306.4,Menu Item 112,2,861.28,Restaurant 012,Pizza,2025-12
6684,18,118,2025-05-26,1,Damaged,309.0,Menu Item 118,8,309.0,Restaurant 018,Desserts,2025-05
6685,20,40,2025-08-05,3,Unsold,828.72,Menu Item 040,10,276.24,Restaurant 020,Salads,2025-08
6686,15,55,2025-06-04,1,Overproduction,932.62,Menu Item 055,5,932.62,Restaurant 015,BBQ,2025-06
6687,5,25,2025-05-16,2,Expired,2055.42,Menu Item 025,5,1027.71,Restaurant 005,BBQ,2025-05
6688,3,123,2025-12-03,1,Damaged,365.54,Menu Item 123,3,365.54,Restaurant 003,Biryani,2025-12
6689,10,10,2025-11-02,2,Spoilage,286.6,Menu Item 010,10,143.3,Restaurant 010,Salads,2025-11
6690,13,53,2025-02-06,3,Spoilage,895.59,Menu Item 053,3,298.53,Restaurant 013,Biryani,2025-02
6691,16,76,2025-10-24,1,Expired,415.31,Menu Item 076,6,415.31,Restaurant 016,Pasta,2025-10
6692,4,84,2025-07-22,1,Overproduction,350.73,Menu Item 084,4,350.73,Restaurant 004,Rice,2025-07
6693,8,88,2025-08-07,3,Expired,676.89,Menu Item 088,8,225.63,Restaurant 008,Desserts,2025-08
6694,19,79,2025-02-17,2,Unsold,261.0,Menu Item 079,9,130.5,Restaurant 019,Beverages,2025-02
6695,2,102,2025-04-24,2,Preparation Error,1548.34,Menu Item 102,2,774.17,Restaurant 002,Pizza,2025-04
6696,1,61,2025-12-02,1,Preparation Error,495.71,Menu Item 061,1,495.71,Restaurant 001,Burgers,2025-12
6697,11,111,2025-12-13,2,Spoilage,652.38,Menu Item 111,1,326.19,Restaurant 011,Burgers,2025-12
6698,15,75,2025-02-10,8,Spoilage,3376.0,Menu Item 075,5,422.0,Restaurant 015,BBQ,2025-02
6699,12,112,2025-03-02,1,Damaged,861.28,Menu Item 112,2,861.28,Restaurant 012,Pizza,2025-03
6700,14,34,2025-04-23,2,Damaged,928.64,Menu Item 034,4,464.32,Restaurant 014,Rice,2025-04
6701,2,62,2025-09-19,5,Unsold,2548.85,Menu Item 062,2,509.77,Restaurant 002,Pizza,2025-09
6702,16,56,2025-09-20,1,Overproduction,390.6,Menu Item 056,6,390.6,Restaurant 016,Pasta,2025-09
6703,7,27,2025-02-27,2,Unsold,675.42,Menu Item 027,7,337.71,Restaurant 007,Sandwiches,2025-02
6704,20,120,2025-11-03,1,Unsold,227.83,Menu Item 120,10,227.83,Restaurant 020,Salads,2025-11
6705,6,66,2025-04-17,1,Unsold,418.78,Menu Item 066,6,418.78,Restaurant 006,Pasta,2025-04
6706,12,52,2025-04-09,1,Overproduction,463.6,Menu Item 052,2,463.6,Restaurant 012,Pizza,2025-04
6707,19,39,2025-12-09,10,Spoilage,887.4,Menu Item 039,9,88.74,Restaurant 019,Beverages,2025-12
6708,6,6,2025-02-26,1,Spoilage,302.15,Menu Item 006,6,302.15,Restaurant 006,Pasta,2025-02
6709,11,51,2025-11-27,2,Expired,725.62,Menu Item 051,1,362.81,Restaurant 011,Burgers,2025-11
6710,9,29,2025-05-17,1,Unsold,68.62,Menu Item 029,9,68.62,Restaurant 009,Beverages,2025-05
6711,10,150,2025-01-04,1,Unsold,377.34,Menu Item 150,10,377.34,Restaurant 010,Salads,2025-01
6712,3,23,2025-11-26,3,Preparation Error,810.69,Menu Item 023,3,270.23,Restaurant 003,Biryani,2025-11
6713,8,48,2025-06-20,3,Unsold,584.76,Menu Item 048,8,194.92,Restaurant 008,Desserts,2025-06
6714,15,115,2025-08-28,3,Spoilage,2411.7,Menu Item 115,5,803.9,Restaurant 015,BBQ,2025-08
6715,5,65,2025-01-09,1,Overproduction,515.74,Menu Item 065,5,515.74,Restaurant 005,BBQ,2025-01
6716,19,59,2025-09-03,8,Unsold,1518.96,Menu Item 059,9,189.87,Restaurant 019,Beverages,2025-09
6717,16,136,2025-12-10,2,Damaged,864.74,Menu Item 136,6,432.37,Restaurant 016,Pasta,2025-12
6718,11,91,2025-06-26,1,Overproduction,370.79,Menu Item 091,1,370.79,Restaurant 011,Burgers,2025-06
6719,6,66,2025-02-09,1,Expired,418.78,Menu Item 066,6,418.78,Restaurant 006,Pasta,2025-02
6720,9,29,2025-01-28,3,Unsold,205.86,Menu Item 029,9,68.62,Restaurant 009,Beverages,2025-01
6721,17,137,2025-02-04,3,Expired,1061.22,Menu Item 137,7,353.74,Restaurant 017,Sandwiches,2025-02
6722,18,98,2025-09-15,1,Expired,373.65,Menu Item 098,8,373.65,Restaurant 018,Desserts,2025-09
6723,19,79,2025-08-10,3,Expired,391.5,Menu Item 079,9,130.5,Restaurant 019,Beverages,2025-08
6724,11,71,2025-06-27,3,Overproduction,1394.94,Menu Item 071,1,464.98,Restaurant 011,Burgers,2025-06
6725,12,92,2025-09-23,3,Unsold,1393.11,Menu Item 092,2,464.37,Restaurant 012,Pizza,2025-09
6726,15,135,2025-01-11,2,Overproduction,600.98,Menu Item 135,5,300.49,Restaurant 015,BBQ,2025-01
6727,18,138,2025-07-16,3,Spoilage,463.8,Menu Item 138,8,154.6,Restaurant 018,Desserts,2025-07
6728,16,136,2025-02-18,1,Damaged,432.37,Menu Item 136,6,432.37,Restaurant 016,Pasta,2025-02
6729,5,25,2025-04-15,1,Overproduction,1027.71,Menu Item 025,5,1027.71,Restaurant 005,BBQ,2025-04
6730,13,113,2025-08-28,3,Overproduction,692.43,Menu Item 113,3,230.81,Restaurant 013,Biryani,2025-08
6731,8,68,2025-02-01,1,Unsold,114.06,Menu Item 068,8,114.06,Restaurant 008,Desserts,2025-02
6732,6,46,2025-08-05,1,Expired,633.91,Menu Item 046,6,633.91,Restaurant 006,Pasta,2025-08
6733,2,42,2025-09-11,2,Preparation Error,935.42,Menu Item 042,2,467.71,Restaurant 002,Pizza,2025-09
6734,5,125,2025-05-08,2,Damaged,2276.68,Menu Item 125,5,1138.34,Restaurant 005,BBQ,2025-05
6735,2,122,2025-06-24,1,Preparation Error,828.35,Menu Item 122,2,828.35,Restaurant 002,Pizza,2025-06
6736,6,66,2025-12-26,2,Damaged,837.56,Menu Item 066,6,418.78,Restaurant 006,Pasta,2025-12
6737,11,111,2025-09-22,2,Preparation Error,652.38,Menu Item 111,1,326.19,Restaurant 011,Burgers,2025-09
6738,9,109,2025-05-23,1,Preparation Error,221.43,Menu Item 109,9,221.43,Restaurant 009,Beverages,2025-05
6739,7,67,2025-04-21,5,Overproduction,3177.8,Menu Item 067,7,635.56,Restaurant 007,Sandwiches,2025-04
6740,1,141,2025-07-15,2,Spoilage,504.22,Menu Item 141,1,252.11,Restaurant 001,Burgers,2025-07
6741,8,148,2025-09-15,5,Unsold,1688.2,Menu Item 148,8,337.64,Restaurant 008,Desserts,2025-09
6742,5,145,2025-01-19,2,Preparation Error,859.76,Menu Item 145,5,429.88,Restaurant 005,BBQ,2025-01
6743,2,122,2025-04-20,5,Overproduction,4141.75,Menu Item 122,2,828.35,Restaurant 002,Pizza,2025-04
6744,5,65,2025-04-24,2,Spoilage,1031.48,Menu Item 065,5,515.74,Restaurant 005,BBQ,2025-04
6745,6,26,2025-09-03,1,Preparation Error,606.56,Menu Item 026,6,606.56,Restaurant 006,Pasta,2025-09
6746,1,121,2025-08-17,1,Damaged,375.3,Menu Item 121,1,375.3,Restaurant 001,Burgers,2025-08
6747,9,29,2025-11-08,1,Unsold,68.62,Menu Item 029,9,68.62,Restaurant 009,Beverages,2025-11
6748,5,5,2025-05-09,2,Spoilage,1520.42,Menu Item 005,5,760.21,Restaurant 005,BBQ,2025-05
6749,14,94,2025-08-16,1,Unsold,274.91,Menu Item 094,4,274.91,Restaurant 014,Rice,2025-08
6750,8,48,2025-10-26,2,Overproduction,389.84,Menu Item 048,8,194.92,Restaurant 008,Desserts,2025-10
6751,6,106,2025-05-25,3,Preparation Error,831.39,Menu Item 106,6,277.13,Restaurant 006,Pasta,2025-05
6752,9,49,2025-01-03,3,Overproduction,762.84,Menu Item 049,9,254.28,Restaurant 009,Beverages,2025-01
6753,8,8,2025-08-15,2,Spoilage,615.44,Menu Item 008,8,307.72,Restaurant 008,Desserts,2025-08
6754,16,76,2025-01-23,1,Expired,415.31,Menu Item 076,6,415.31,Restaurant 016,Pasta,2025-01
6755,15,35,2025-09-23,5,Overproduction,2185.3,Menu Item 035,5,437.06,Restaurant 015,BBQ,2025-09
6756,4,144,2025-04-20,2,Overproduction,486.5,Menu Item 144,4,243.25,Restaurant 004,Rice,2025-04
6757,11,31,2025-04-24,2,Expired,645.24,Menu Item 031,1,322.62,Restaurant 011,Burgers,2025-04
6758,2,122,2025-05-16,5,Unsold,4141.75,Menu Item 122,2,828.35,Restaurant 002,Pizza,2025-05
6759,17,137,2025-02-23,2,Preparation Error,707.48,Menu Item 137,7,353.74,Restaurant 017,Sandwiches,2025-02
6760,13,133,2025-05-27,1,Preparation Error,508.83,Menu Item 133,3,508.83,Restaurant 013,Biryani,2025-05
6761,5,65,2025-06-25,3,Unsold,1547.22,Menu Item 065,5,515.74,Restaurant 005,BBQ,2025-06
6762,12,12,2025-09-27,1,Overproduction,783.1,Menu Item 012,2,783.1,Restaurant 012,Pizza,2025-09
6763,2,82,2025-06-22,3,Overproduction,1804.35,Menu Item 082,2,601.45,Restaurant 002,Pizza,2025-06
6764,7,127,2025-02-13,2,Spoilage,668.16,Menu Item 127,7,334.08,Restaurant 007,Sandwiches,2025-02
6765,3,3,2025-01-16,2,Spoilage,451.92,Menu Item 003,3,225.96,Restaurant 003,Biryani,2025-01
6766,9,9,2025-03-07,3,Unsold,421.05,Menu Item 009,9,140.35,Restaurant 009,Beverages,2025-03
6767,5,65,2025-09-14,2,Damaged,1031.48,Menu Item 065,5,515.74,Restaurant 005,BBQ,2025-09
6768,10,10,2025-02-28,5,Preparation Error,716.5,Menu Item 010,10,143.3,Restaurant 010,Salads,2025-02
6769,20,80,2025-12-09,1,Damaged,111.05,Menu Item 080,10,111.05,Restaurant 020,Salads,2025-12
6770,18,118,2025-11-18,3,Preparation Error,927.0,Menu Item 118,8,309.0,Restaurant 018,Desserts,2025-11
6771,14,34,2025-10-24,1,Preparation Error,464.32,Menu Item 034,4,464.32,Restaurant 014,Rice,2025-10
6772,16,56,2025-09-25,2,Unsold,781.2,Menu Item 056,6,390.6,Restaurant 016,Pasta,2025-09
6773,19,39,2025-12-15,2,Spoilage,177.48,Menu Item 039,9,88.74,Restaurant 019,Beverages,2025-12
6774,19,119,2025-04-17,2,Damaged,209.28,Menu Item 119,9,104.64,Restaurant 019,Beverages,2025-04
6775,7,27,2025-11-11,3,Damaged,1013.13,Menu Item 027,7,337.71,Restaurant 007,Sandwiches,2025-11
6776,20,40,2025-04-07,2,Damaged,552.48,Menu Item 040,10,276.24,Restaurant 020,Salads,2025-04
6777,11,71,2025-12-02,1,Spoilage,464.98,Menu Item 071,1,464.98,Restaurant 011,Burgers,2025-12
6778,3,103,2025-04-03,1,Overproduction,490.49,Menu Item 103,3,490.49,Restaurant 003,Biryani,2025-04
6779,7,87,2025-05-03,8,Unsold,4247.84,Menu Item 087,7,530.98,Restaurant 007,Sandwiches,2025-05
6780,19,139,2025-12-25,1,Damaged,127.54,Menu Item 139,9,127.54,Restaurant 019,Beverages,2025-12
6781,6,146,2025-11-20,1,Damaged,742.53,Menu Item 146,6,742.53,Restaurant 006,Pasta,2025-11
6782,9,49,2025-08-12,1,Preparation Error,254.28,Menu Item 049,9,254.28,Restaurant 009,Beverages,2025-08
6783,7,87,2025-04-17,2,Preparation Error,1061.96,Menu Item 087,7,530.98,Restaurant 007,Sandwiches,2025-04
6784,18,138,2025-11-12,8,Spoilage,1236.8,Menu Item 138,8,154.6,Restaurant 018,Desserts,2025-11
6785,19,99,2025-11-01,2,Unsold,223.48,Menu Item 099,9,111.74,Restaurant 019,Beverages,2025-11
6786,7,67,2025-01-16,3,Preparation Error,1906.68,Menu Item 067,7,635.56,Restaurant 007,Sandwiches,2025-01
6787,11,31,2025-01-24,3,Preparation Error,967.86,Menu Item 031,1,322.62,Restaurant 011,Burgers,2025-01
6788,19,99,2025-01-02,5,Expired,558.7,Menu Item 099,9,111.74,Restaurant 019,Beverages,2025-01
6789,5,45,2025-08-17,2,Unsold,779.88,Menu Item 045,5,389.94,Restaurant 005,BBQ,2025-08
6790,8,148,2025-01-09,10,Unsold,3376.4,Menu Item 148,8,337.64,Restaurant 008,Desserts,2025-01
6791,20,120,2025-04-26,8,Unsold,1822.64,Menu Item 120,10,227.83,Restaurant 020,Salads,2025-04
6792,3,103,2025-03-22,2,Preparation Error,980.98,Menu Item 103,3,490.49,Restaurant 003,Biryani,2025-03
6793,20,80,2025-06-20,2,Spoilage,222.1,Menu Item 080,10,111.05,Restaurant 020,Salads,2025-06
6794,15,55,2025-04-23,1,Preparation Error,932.62,Menu Item 055,5,932.62,Restaurant 015,BBQ,2025-04
6795,10,70,2025-01-28,3,Overproduction,621.75,Menu Item 070,10,207.25,Restaurant 010,Salads,2025-01
6796,15,95,2025-01-25,1,Unsold,681.88,Menu Item 095,5,681.88,Restaurant 015,BBQ,2025-01
6797,18,58,2025-04-22,1,Overproduction,360.25,Menu Item 058,8,360.25,Restaurant 018,Desserts,2025-04
6798,1,101,2025-04-20,8,Unsold,2548.08,Menu Item 101,1,318.51,Restaurant 001,Burgers,2025-04
6799,13,33,2025-07-22,2,Spoilage,703.0,Menu Item 033,3,351.5,Restaurant 013,Biryani,2025-07
6800,4,144,2025-07-22,2,Expired,486.5,Menu Item 144,4,243.25,Restaurant 004,Rice,2025-07
6801,2,102,2025-05-21,3,Damaged,2322.51,Menu Item 102,2,774.17,Restaurant 002,Pizza,2025-05
6802,13,93,2025-10-22,1,Damaged,553.61,Menu Item 093,3,553.61,Restaurant 013,Biryani,2025-10
6803,14,54,2025-07-03,5,Damaged,910.9,Menu Item 054,4,182.18,Restaurant 014,Rice,2025-07
6804,10,130,2025-11-14,1,Overproduction,292.14,Menu Item 130,10,292.14,Restaurant 010,Salads,2025-11
6805,14,74,2025-03-22,2,Damaged,311.8,Menu Item 074,4,155.9,Restaurant 014,Rice,2025-03
6806,5,145,2025-02-19,2,Preparation Error,859.76,Menu Item 145,5,429.88,Restaurant 005,BBQ,2025-02
6807,17,117,2025-06-23,2,Unsold,859.46,Menu Item 117,7,429.73,Restaurant 017,Sandwiches,2025-06
6808,9,9,2025-11-01,3,Preparation Error,421.05,Menu Item 009,9,140.35,Restaurant 009,Beverages,2025-11
6809,16,56,2025-01-20,2,Overproduction,781.2,Menu Item 056,6,390.6,Restaurant 016,Pasta,2025-01
6810,5,125,2025-10-26,5,Unsold,5691.7,Menu Item 125,5,1138.34,Restaurant 005,BBQ,2025-10
6811,7,7,2025-10-19,1,Overproduction,477.57,Menu Item 007,7,477.57,Restaurant 007,Sandwiches,2025-10
6812,15,75,2025-11-18,1,Expired,422.0,Menu Item 075,5,422.0,Restaurant 015,BBQ,2025-11
6813,6,126,2025-08-20,1,Preparation Error,670.63,Menu Item 126,6,670.63,Restaurant 006,Pasta,2025-08
6814,13,73,2025-10-25,2,Spoilage,463.5,Menu Item 073,3,231.75,Restaurant 013,Biryani,2025-10
6815,17,37,2025-02-25,8,Unsold,5518.16,Menu Item 037,7,689.77,Restaurant 017,Sandwiches,2025-02
6816,4,4,2025-05-08,5,Expired,758.4,Menu Item 004,4,151.68,Restaurant 004,Rice,2025-05
6817,18,18,2025-09-03,2,Damaged,668.78,Menu Item 018,8,334.39,Restaurant 018,Desserts,2025-09
6818,20,60,2025-04-01,1,Spoilage,331.16,Menu Item 060,10,331.16,Restaurant 020,Salads,2025-04
6819,13,33,2025-03-22,3,Spoilage,1054.5,Menu Item 033,3,351.5,Restaurant 013,Biryani,2025-03
6820,4,104,2025-05-05,1,Spoilage,167.96,Menu Item 104,4,167.96,Restaurant 004,Rice,2025-05
6821,19,79,2025-02-19,2,Damaged,261.0,Menu Item 079,9,130.5,Restaurant 019,Beverages,2025-02
6822,2,2,2025-11-09,1,Expired,822.3,Menu Item 002,2,822.3,Restaurant 002,Pizza,2025-11
6823,17,137,2025-09-15,2,Preparation Error,707.48,Menu Item 137,7,353.74,Restaurant 017,Sandwiches,2025-09
6824,11,131,2025-10-27,1,Unsold,372.73,Menu Item 131,1,372.73,Restaurant 011,Burgers,2025-10
6825,6,106,2025-03-06,3,Damaged,831.39,Menu Item 106,6,277.13,Restaurant 006,Pasta,2025-03
6826,10,50,2025-08-09,2,Unsold,316.2,Menu Item 050,10,158.1,Restaurant 010,Salads,2025-08
6827,7,67,2025-02-03,2,Unsold,1271.12,Menu Item 067,7,635.56,Restaurant 007,Sandwiches,2025-02
6828,15,95,2025-09-13,5,Damaged,3409.4,Menu Item 095,5,681.88,Restaurant 015,BBQ,2025-09
6829,14,74,2025-01-08,3,Spoilage,467.7,Menu Item 074,4,155.9,Restaurant 014,Rice,2025-01
6830,6,126,2025-06-08,5,Damaged,3353.15,Menu Item 126,6,670.63,Restaurant 006,Pasta,2025-06
6831,5,65,2025-04-03,10,Preparation Error,5157.4,Menu Item 065,5,515.74,Restaurant 005,BBQ,2025-04
6832,5,5,2025-01-15,10,Spoilage,7602.1,Menu Item 005,5,760.21,Restaurant 005,BBQ,2025-01
6833,15,15,2025-11-24,1,Unsold,496.97,Menu Item 015,5,496.97,Restaurant 015,BBQ,2025-11
6834,3,23,2025-01-06,1,Spoilage,270.23,Menu Item 023,3,270.23,Restaurant 003,Biryani,2025-01
6835,10,10,2025-11-19,1,Spoilage,143.3,Menu Item 010,10,143.3,Restaurant 010,Salads,2025-11
6836,8,28,2025-07-25,1,Unsold,378.16,Menu Item 028,8,378.16,Restaurant 008,Desserts,2025-07
6837,20,80,2025-02-10,2,Preparation Error,222.1,Menu Item 080,10,111.05,Restaurant 020,Salads,2025-02
6838,10,30,2025-09-12,1,Overproduction,167.27,Menu Item 030,10,167.27,Restaurant 010,Salads,2025-09
6839,10,110,2025-06-21,1,Unsold,219.27,Menu Item 110,10,219.27,Restaurant 010,Salads,2025-06
6840,19,99,2025-07-23,3,Expired,335.22,Menu Item 099,9,111.74,Restaurant 019,Beverages,2025-07
6841,16,16,2025-02-23,3,Preparation Error,1015.02,Menu Item 016,6,338.34,Restaurant 016,Pasta,2025-02
6842,3,63,2025-10-05,2,Unsold,627.88,Menu Item 063,3,313.94,Restaurant 003,Biryani,2025-10
6843,6,6,2025-10-25,5,Expired,1510.75,Menu Item 006,6,302.15,Restaurant 006,Pasta,2025-10
6844,5,25,2025-03-23,2,Preparation Error,2055.42,Menu Item 025,5,1027.71,Restaurant 005,BBQ,2025-03
6845,13,33,2025-04-11,2,Unsold,703.0,Menu Item 033,3,351.5,Restaurant 013,Biryani,2025-04
6846,7,127,2025-11-15,3,Damaged,1002.24,Menu Item 127,7,334.08,Restaurant 007,Sandwiches,2025-11
6847,4,24,2025-11-19,3,Overproduction,1495.11,Menu Item 024,4,498.37,Restaurant 004,Rice,2025-11
6848,13,113,2025-11-05,5,Overproduction,1154.05,Menu Item 113,3,230.81,Restaurant 013,Biryani,2025-11
6849,2,82,2025-03-24,2,Preparation Error,1202.9,Menu Item 082,2,601.45,Restaurant 002,Pizza,2025-03
6850,5,125,2025-04-27,5,Damaged,5691.7,Menu Item 125,5,1138.34,Restaurant 005,BBQ,2025-04
6851,12,12,2025-09-11,3,Preparation Error,2349.3,Menu Item 012,2,783.1,Restaurant 012,Pizza,2025-09
6852,14,114,2025-08-26,1,Preparation Error,544.89,Menu Item 114,4,544.89,Restaurant 014,Rice,2025-08
6853,2,122,2025-07-20,3,Spoilage,2485.05,Menu Item 122,2,828.35,Restaurant 002,Pizza,2025-07
6854,19,99,2025-03-15,2,Expired,223.48,Menu Item 099,9,111.74,Restaurant 019,Beverages,2025-03
6855,15,15,2025-06-25,1,Spoilage,496.97,Menu Item 015,5,496.97,Restaurant 015,BBQ,2025-06
6856,7,67,2025-03-27,2,Expired,1271.12,Menu Item 067,7,635.56,Restaurant 007,Sandwiches,2025-03
6857,5,5,2025-02-06,1,Unsold,760.21,Menu Item 005,5,760.21,Restaurant 005,BBQ,2025-02
6858,12,132,2025-07-08,5,Damaged,3210.3,Menu Item 132,2,642.06,Restaurant 012,Pizza,2025-07
6859,10,70,2025-04-24,2,Preparation Error,414.5,Menu Item 070,10,207.25,Restaurant 010,Salads,2025-04
6860,18,98,2025-03-02,1,Overproduction,373.65,Menu Item 098,8,373.65,Restaurant 018,Desserts,2025-03
6861,13,13,2025-08-13,1,Overproduction,389.28,Menu Item 013,3,389.28,Restaurant 013,Biryani,2025-08
6862,7,67,2025-05-03,2,Preparation Error,1271.12,Menu Item 067,7,635.56,Restaurant 007,Sandwiches,2025-05
6863,1,141,2025-11-28,8,Expired,2016.88,Menu Item 141,1,252.11,Restaurant 001,Burgers,2025-11
6864,6,46,2025-02-08,1,Overproduction,633.91,Menu Item 046,6,633.91,Restaurant 006,Pasta,2025-02
6865,19,79,2025-03-19,2,Damaged,261.0,Menu Item 079,9,130.5,Restaurant 019,Beverages,2025-03
6866,19,119,2025-12-26,3,Damaged,313.92,Menu Item 119,9,104.64,Restaurant 019,Beverages,2025-12
6867,13,93,2025-08-14,3,Overproduction,1660.83,Menu Item 093,3,553.61,Restaurant 013,Biryani,2025-08
6868,18,138,2025-06-12,8,Preparation Error,1236.8,Menu Item 138,8,154.6,Restaurant 018,Desserts,2025-06
6869,17,57,2025-04-22,5,Overproduction,1572.6,Menu Item 057,7,314.52,Restaurant 017,Sandwiches,2025-04
6870,2,42,2025-09-24,2,Spoilage,935.42,Menu Item 042,2,467.71,Restaurant 002,Pizza,2025-09
6871,14,14,2025-06-16,10,Spoilage,2312.3,Menu Item 014,4,231.23,Restaurant 014,Rice,2025-06
6872,1,121,2025-01-01,1,Overproduction,375.3,Menu Item 121,1,375.3,Restaurant 001,Burgers,2025-01
6873,8,88,2025-02-27,3,Preparation Error,676.89,Menu Item 088,8,225.63,Restaurant 008,Desserts,2025-02
6874,1,81,2025-02-03,3,Preparation Error,1543.41,Menu Item 081,1,514.47,Restaurant 001,Burgers,2025-02
6875,19,119,2025-08-14,2,Damaged,209.28,Menu Item 119,9,104.64,Restaurant 019,Beverages,2025-08
6876,7,107,2025-05-27,5,Overproduction,2362.9,Menu Item 107,7,472.58,Restaurant 007,Sandwiches,2025-05
6877,9,69,2025-10-23,1,Unsold,94.8,Menu Item 069,9,94.8,Restaurant 009,Beverages,2025-10
6878,20,140,2025-03-14,5,Preparation Error,892.0,Menu Item 140,10,178.4,Restaurant 020,Salads,2025-03
6879,1,1,2025-08-08,5,Damaged,2140.6,Menu Item 001,1,428.12,Restaurant 001,Burgers,2025-08
6880,19,39,2025-04-09,2,Damaged,177.48,Menu Item 039,9,88.74,Restaurant 019,Beverages,2025-04
6881,19,79,2025-05-23,3,Overproduction,391.5,Menu Item 079,9,130.5,Restaurant 019,Beverages,2025-05
6882,7,107,2025-11-04,5,Expired,2362.9,Menu Item 107,7,472.58,Restaurant 007,Sandwiches,2025-11
6883,20,60,2025-01-17,2,Preparation Error,662.32,Menu Item 060,10,331.16,Restaurant 020,Salads,2025-01
6884,8,88,2025-03-26,1,Damaged,225.63,Menu Item 088,8,225.63,Restaurant 008,Desserts,2025-03
6885,14,34,2025-08-14,3,Preparation Error,1392.96,Menu Item 034,4,464.32,Restaurant 014,Rice,2025-08
6886,14,74,2025-03-23,8,Preparation Error,1247.2,Menu Item 074,4,155.9,Restaurant 014,Rice,2025-03
6887,11,11,2025-02-25,2,Unsold,1092.48,Menu Item 011,1,546.24,Restaurant 011,Burgers,2025-02
6888,6,86,2025-03-12,2,Damaged,956.62,Menu Item 086,6,478.31,Restaurant 006,Pasta,2025-03
6889,19,139,2025-09-06,5,Expired,637.7,Menu Item 139,9,127.54,Restaurant 019,Beverages,2025-09
6890,3,43,2025-02-05,1,Unsold,379.7,Menu Item 043,3,379.7,Restaurant 003,Biryani,2025-02
6891,6,6,2025-04-08,3,Spoilage,906.45,Menu Item 006,6,302.15,Restaurant 006,Pasta,2025-04
6892,11,131,2025-03-15,2,Overproduction,745.46,Menu Item 131,1,372.73,Restaurant 011,Burgers,2025-03
6893,1,101,2025-12-23,3,Overproduction,955.53,Menu Item 101,1,318.51,Restaurant 001,Burgers,2025-12
6894,2,22,2025-09-12,3,Spoilage,970.41,Menu Item 022,2,323.47,Restaurant 002,Pizza,2025-09
6895,15,135,2025-06-11,5,Unsold,1502.45,Menu Item 135,5,300.49,Restaurant 015,BBQ,2025-06
6896,15,95,2025-03-09,8,Damaged,5455.04,Menu Item 095,5,681.88,Restaurant 015,BBQ,2025-03
6897,4,144,2025-04-12,1,Damaged,243.25,Menu Item 144,4,243.25,Restaurant 004,Rice,2025-04
6898,5,125,2025-10-21,8,Overproduction,9106.72,Menu Item 125,5,1138.34,Restaurant 005,BBQ,2025-10
6899,11,131,2025-01-15,1,Overproduction,372.73,Menu Item 131,1,372.73,Restaurant 011,Burgers,2025-01
6900,9,69,2025-03-05,5,Expired,474.0,Menu Item 069,9,94.8,Restaurant 009,Beverages,2025-03
6901,7,127,2025-05-25,2,Overproduction,668.16,Menu Item 127,7,334.08,Restaurant 007,Sandwiches,2025-05
6902,9,149,2025-03-14,2,Preparation Error,478.36,Menu Item 149,9,239.18,Restaurant 009,Beverages,2025-03
6903,11,11,2025-03-06,3,Overproduction,1638.72,Menu Item 011,1,546.24,Restaurant 011,Burgers,2025-03
6904,10,50,2025-07-12,1,Damaged,158.1,Menu Item 050,10,158.1,Restaurant 010,Salads,2025-07
6905,18,38,2025-11-28,5,Spoilage,1881.6,Menu Item 038,8,376.32,Restaurant 018,Desserts,2025-11
6906,11,131,2025-11-27,2,Preparation Error,745.46,Menu Item 131,1,372.73,Restaurant 011,Burgers,2025-11
6907,4,124,2025-09-27,3,Damaged,448.71,Menu Item 124,4,149.57,Restaurant 004,Rice,2025-09
6908,5,25,2025-04-27,8,Expired,8221.68,Menu Item 025,5,1027.71,Restaurant 005,BBQ,2025-04
6909,11,31,2025-05-21,2,Overproduction,645.24,Menu Item 031,1,322.62,Restaurant 011,Burgers,2025-05
6910,9,129,2025-12-20,3,Damaged,300.6,Menu Item 129,9,100.2,Restaurant 009,Beverages,2025-12
6911,14,54,2025-02-02,1,Preparation Error,182.18,Menu Item 054,4,182.18,Restaurant 014,Rice,2025-02
6912,2,62,2025-12-18,2,Unsold,1019.54,Menu Item 062,2,509.77,Restaurant 002,Pizza,2025-12
6913,17,77,2025-09-22,2,Damaged,1197.26,Menu Item 077,7,598.63,Restaurant 017,Sandwiches,2025-09
6914,20,120,2025-04-06,2,Spoilage,455.66,Menu Item 120,10,227.83,Restaurant 020,Salads,2025-04
6915,3,63,2025-08-21,3,Unsold,941.82,Menu Item 063,3,313.94,Restaurant 003,Biryani,2025-08
6916,7,67,2025-01-11,3,Overproduction,1906.68,Menu Item 067,7,635.56,Restaurant 007,Sandwiches,2025-01
6917,2,42,2025-03-05,1,Spoilage,467.71,Menu Item 042,2,467.71,Restaurant 002,Pizza,2025-03
6918,18,118,2025-08-02,2,Spoilage,618.0,Menu Item 118,8,309.0,Restaurant 018,Desserts,2025-08
6919,7,67,2025-05-23,3,Overproduction,1906.68,Menu Item 067,7,635.56,Restaurant 007,Sandwiches,2025-05
6920,2,62,2025-06-10,1,Spoilage,509.77,Menu Item 062,2,509.77,Restaurant 002,Pizza,2025-06
6921,6,146,2025-03-16,8,Preparation Error,5940.24,Menu Item 146,6,742.53,Restaurant 006,Pasta,2025-03
6922,7,7,2025-02-18,2,Preparation Error,955.14,Menu Item 007,7,477.57,Restaurant 007,Sandwiches,2025-02
6923,17,57,2025-12-13,5,Overproduction,1572.6,Menu Item 057,7,314.52,Restaurant 017,Sandwiches,2025-12
6924,6,126,2025-04-12,1,Overproduction,670.63,Menu Item 126,6,670.63,Restaurant 006,Pasta,2025-04
6925,10,110,2025-06-12,1,Overproduction,219.27,Menu Item 110,10,219.27,Restaurant 010,Salads,2025-06
6926,20,60,2025-09-20,3,Spoilage,993.48,Menu Item 060,10,331.16,Restaurant 020,Salads,2025-09
6927,12,92,2025-10-11,1,Expired,464.37,Menu Item 092,2,464.37,Restaurant 012,Pizza,2025-10
6928,10,50,2025-12-16,8,Spoilage,1264.8,Menu Item 050,10,158.1,Restaurant 010,Salads,2025-12
6929,4,44,2025-11-09,1,Damaged,440.72,Menu Item 044,4,440.72,Restaurant 004,Rice,2025-11
6930,8,108,2025-04-08,1,Expired,415.08,Menu Item 108,8,415.08,Restaurant 008,Desserts,2025-04
6931,8,88,2025-07-07,8,Overproduction,1805.04,Menu Item 088,8,225.63,Restaurant 008,Desserts,2025-07
6932,4,24,2025-02-18,3,Overproduction,1495.11,Menu Item 024,4,498.37,Restaurant 004,Rice,2025-02
6933,4,104,2025-03-10,1,Preparation Error,167.96,Menu Item 104,4,167.96,Restaurant 004,Rice,2025-03
6934,18,58,2025-07-19,1,Expired,360.25,Menu Item 058,8,360.25,Restaurant 018,Desserts,2025-07
6935,12,12,2025-05-17,1,Unsold,783.1,Menu Item 012,2,783.1,Restaurant 012,Pizza,2025-05
6936,5,125,2025-10-12,3,Spoilage,3415.02,Menu Item 125,5,1138.34,Restaurant 005,BBQ,2025-10
6937,3,143,2025-11-11,1,Spoilage,355.0,Menu Item 143,3,355.0,Restaurant 003,Biryani,2025-11
6938,4,4,2025-10-14,2,Damaged,303.36,Menu Item 004,4,151.68,Restaurant 004,Rice,2025-10
6939,13,113,2025-01-02,3,Spoilage,692.43,Menu Item 113,3,230.81,Restaurant 013,Biryani,2025-01
6940,2,42,2025-09-11,2,Unsold,935.42,Menu Item 042,2,467.71,Restaurant 002,Pizza,2025-09
6941,7,107,2025-08-01,1,Overproduction,472.58,Menu Item 107,7,472.58,Restaurant 007,Sandwiches,2025-08
6942,10,110,2025-11-21,1,Overproduction,219.27,Menu Item 110,10,219.27,Restaurant 010,Salads,2025-11
6943,17,57,2025-03-11,2,Damaged,629.04,Menu Item 057,7,314.52,Restaurant 017,Sandwiches,2025-03
6944,7,87,2025-01-24,3,Preparation Error,1592.94,Menu Item 087,7,530.98,Restaurant 007,Sandwiches,2025-01
6945,4,24,2025-05-06,3,Expired,1495.11,Menu Item 024,4,498.37,Restaurant 004,Rice,2025-05
6946,16,136,2025-07-19,1,Expired,432.37,Menu Item 136,6,432.37,Restaurant 016,Pasta,2025-07
6947,9,69,2025-05-19,2,Spoilage,189.6,Menu Item 069,9,94.8,Restaurant 009,Beverages,2025-05
6948,17,57,2025-05-26,8,Damaged,2516.16,Menu Item 057,7,314.52,Restaurant 017,Sandwiches,2025-05
6949,14,14,2025-11-13,1,Spoilage,231.23,Menu Item 014,4,231.23,Restaurant 014,Rice,2025-11
6950,2,22,2025-06-09,1,Unsold,323.47,Menu Item 022,2,323.47,Restaurant 002,Pizza,2025-06
6951,9,149,2025-07-26,3,Expired,717.54,Menu Item 149,9,239.18,Restaurant 009,Beverages,2025-07
6952,20,60,2025-12-11,5,Spoilage,1655.8,Menu Item 060,10,331.16,Restaurant 020,Salads,2025-12
6953,3,23,2025-02-18,1,Overproduction,270.23,Menu Item 023,3,270.23,Restaurant 003,Biryani,2025-02
6954,20,140,2025-04-15,2,Preparation Error,356.8,Menu Item 140,10,178.4,Restaurant 020,Salads,2025-04
6955,16,36,2025-08-19,1,Unsold,450.9,Menu Item 036,6,450.9,Restaurant 016,Pasta,2025-08
6956,5,145,2025-12-23,1,Overproduction,429.88,Menu Item 145,5,429.88,Restaurant 005,BBQ,2025-12
6957,8,128,2025-06-17,1,Expired,347.29,Menu Item 128,8,347.29,Restaurant 008,Desserts,2025-06
6958,8,68,2025-10-26,1,Overproduction,114.06,Menu Item 068,8,114.06,Restaurant 008,Desserts,2025-10
6959,3,43,2025-03-09,1,Overproduction,379.7,Menu Item 043,3,379.7,Restaurant 003,Biryani,2025-03
6960,20,20,2025-03-28,1,Overproduction,288.51,Menu Item 020,10,288.51,Restaurant 020,Salads,2025-03
6961,8,88,2025-04-24,1,Preparation Error,225.63,Menu Item 088,8,225.63,Restaurant 008,Desserts,2025-04
6962,14,94,2025-03-26,2,Overproduction,549.82,Menu Item 094,4,274.91,Restaurant 014,Rice,2025-03
6963,1,21,2025-09-10,2,Spoilage,644.56,Menu Item 021,1,322.28,Restaurant 001,Burgers,2025-09
6964,6,66,2025-12-05,1,Overproduction,418.78,Menu Item 066,6,418.78,Restaurant 006,Pasta,2025-12
6965,9,89,2025-07-13,1,Preparation Error,266.36,Menu Item 089,9,266.36,Restaurant 009,Beverages,2025-07
6966,17,137,2025-02-13,1,Overproduction,353.74,Menu Item 137,7,353.74,Restaurant 017,Sandwiches,2025-02
6967,16,36,2025-04-27,2,Unsold,901.8,Menu Item 036,6,450.9,Restaurant 016,Pasta,2025-04
6968,9,29,2025-08-09,5,Preparation Error,343.1,Menu Item 029,9,68.62,Restaurant 009,Beverages,2025-08
6969,18,98,2025-02-06,1,Unsold,373.65,Menu Item 098,8,373.65,Restaurant 018,Desserts,2025-02
6970,13,133,2025-03-18,2,Expired,1017.66,Menu Item 133,3,508.83,Restaurant 013,Biryani,2025-03
6971,18,38,2025-09-12,2,Unsold,752.64,Menu Item 038,8,376.32,Restaurant 018,Desserts,2025-09
6972,10,150,2025-07-19,1,Overproduction,377.34,Menu Item 150,10,377.34,Restaurant 010,Salads,2025-07
6973,20,140,2025-11-01,1,Damaged,178.4,Menu Item 140,10,178.4,Restaurant 020,Salads,2025-11
6974,16,96,2025-04-25,8,Unsold,3241.76,Menu Item 096,6,405.22,Restaurant 016,Pasta,2025-04
6975,3,123,2025-03-19,1,Expired,365.54,Menu Item 123,3,365.54,Restaurant 003,Biryani,2025-03
6976,3,83,2025-05-13,2,Damaged,472.7,Menu Item 083,3,236.35,Restaurant 003,Biryani,2025-05
6977,7,27,2025-08-13,1,Unsold,337.71,Menu Item 027,7,337.71,Restaurant 007,Sandwiches,2025-08
6978,2,2,2025-04-28,3,Unsold,2466.9,Menu Item 002,2,822.3,Restaurant 002,Pizza,2025-04
6979,11,71,2025-02-24,10,Unsold,4649.8,Menu Item 071,1,464.98,Restaurant 011,Burgers,2025-02
6980,18,98,2025-12-11,8,Expired,2989.2,Menu Item 098,8,373.65,Restaurant 018,Desserts,2025-12
6981,9,129,2025-09-12,1,Spoilage,100.2,Menu Item 129,9,100.2,Restaurant 009,Beverages,2025-09
6982,3,83,2025-09-04,1,Overproduction,236.35,Menu Item 083,3,236.35,Restaurant 003,Biryani,2025-09
6983,19,39,2025-05-18,2,Spoilage,177.48,Menu Item 039,9,88.74,Restaurant 019,Beverages,2025-05
6984,3,3,2025-01-26,1,Unsold,225.96,Menu Item 003,3,225.96,Restaurant 003,Biryani,2025-01
6985,17,17,2025-01-20,1,Overproduction,292.34,Menu Item 017,7,292.34,Restaurant 017,Sandwiches,2025-01
6986,14,14,2025-03-10,8,Damaged,1849.84,Menu Item 014,4,231.23,Restaurant 014,Rice,2025-03
6987,9,109,2025-07-12,3,Overproduction,664.29,Menu Item 109,9,221.43,Restaurant 009,Beverages,2025-07
6988,18,98,2025-05-18,2,Expired,747.3,Menu Item 098,8,373.65,Restaurant 018,Desserts,2025-05
6989,3,23,2025-04-08,1,Expired,270.23,Menu Item 023,3,270.23,Restaurant 003,Biryani,2025-04
6990,16,16,2025-02-21,5,Damaged,1691.7,Menu Item 016,6,338.34,Restaurant 016,Pasta,2025-02
6991,19,59,2025-04-09,1,Damaged,189.87,Menu Item 059,9,189.87,Restaurant 019,Beverages,2025-04
6992,1,1,2025-04-22,5,Spoilage,2140.6,Menu Item 001,1,428.12,Restaurant 001,Burgers,2025-04
6993,14,134,2025-08-14,2,Expired,576.68,Menu Item 134,4,288.34,Restaurant 014,Rice,2025-08
6994,5,105,2025-03-07,3,Spoilage,1789.62,Menu Item 105,5,596.54,Restaurant 005,BBQ,2025-03
6995,9,29,2025-10-03,2,Expired,137.24,Menu Item 029,9,68.62,Restaurant 009,Beverages,2025-10
6996,6,46,2025-02-07,1,Overproduction,633.91,Menu Item 046,6,633.91,Restaurant 006,Pasta,2025-02
6997,11,51,2025-01-10,2,Overproduction,725.62,Menu Item 051,1,362.81,Restaurant 011,Burgers,2025-01
6998,9,129,2025-12-26,1,Damaged,100.2,Menu Item 129,9,100.2,Restaurant 009,Beverages,2025-12
6999,4,104,2025-10-24,2,Expired,335.92,Menu Item 104,4,167.96,Restaurant 004,Rice,2025-10
7000,20,140,2025-02-04,10,Spoilage,1784.0,Menu Item 140,10,178.4,Restaurant 020,Salads,2025-02
7001,14,94,2025-11-03,2,Preparation Error,549.82,Menu Item 094,4,274.91,Restaurant 014,Rice,2025-11
7002,9,109,2025-05-13,1,Overproduction,221.43,Menu Item 109,9,221.43,Restaurant 009,Beverages,2025-05
7003,5,125,2025-04-27,3,Expired,3415.02,Menu Item 125,5,1138.34,Restaurant 005,BBQ,2025-04
7004,8,128,2025-03-03,1,Overproduction,347.29,Menu Item 128,8,347.29,Restaurant 008,Desserts,2025-03
7005,19,139,2025-11-14,8,Unsold,1020.32,Menu Item 139,9,127.54,Restaurant 019,Beverages,2025-11
7006,8,68,2025-04-19,8,Unsold,912.48,Menu Item 068,8,114.06,Restaurant 008,Desserts,2025-04
7007,9,89,2025-10-03,2,Expired,532.72,Menu Item 089,9,266.36,Restaurant 009,Beverages,2025-10
7008,15,95,2025-05-19,1,Expired,681.88,Menu Item 095,5,681.88,Restaurant 015,BBQ,2025-05
7009,5,85,2025-06-22,3,Expired,1065.33,Menu Item 085,5,355.11,Restaurant 005,BBQ,2025-06
7010,19,119,2025-08-15,2,Preparation Error,209.28,Menu Item 119,9,104.64,Restaurant 019,Beverages,2025-08
7011,6,46,2025-05-23,2,Preparation Error,1267.82,Menu Item 046,6,633.91,Restaurant 006,Pasta,2025-05
7012,1,141,2025-03-04,2,Damaged,504.22,Menu Item 141,1,252.11,Restaurant 001,Burgers,2025-03
7013,17,117,2025-09-05,2,Unsold,859.46,Menu Item 117,7,429.73,Restaurant 017,Sandwiches,2025-09
7014,20,60,2025-01-23,2,Preparation Error,662.32,Menu Item 060,10,331.16,Restaurant 020,Salads,2025-01
7015,17,137,2025-05-25,5,Spoilage,1768.7,Menu Item 137,7,353.74,Restaurant 017,Sandwiches,2025-05
7016,11,91,2025-12-20,5,Overproduction,1853.95,Menu Item 091,1,370.79,Restaurant 011,Burgers,2025-12
7017,2,2,2025-07-19,3,Damaged,2466.9,Menu Item 002,2,822.3,Restaurant 002,Pizza,2025-07
7018,10,130,2025-08-07,8,Overproduction,2337.12,Menu Item 130,10,292.14,Restaurant 010,Salads,2025-08
7019,8,128,2025-09-11,2,Preparation Error,694.58,Menu Item 128,8,347.29,Restaurant 008,Desserts,2025-09
7020,10,150,2025-04-01,3,Expired,1132.02,Menu Item 150,10,377.34,Restaurant 010,Salads,2025-04
7021,19,119,2025-03-15,3,Overproduction,313.92,Menu Item 119,9,104.64,Restaurant 019,Beverages,2025-03
7022,15,95,2025-06-04,2,Damaged,1363.76,Menu Item 095,5,681.88,Restaurant 015,BBQ,2025-06
7023,7,27,2025-02-07,2,Overproduction,675.42,Menu Item 027,7,337.71,Restaurant 007,Sandwiches,2025-02
7024,6,106,2025-10-22,2,Preparation Error,554.26,Menu Item 106,6,277.13,Restaurant 006,Pasta,2025-10
7025,10,110,2025-11-16,1,Unsold,219.27,Menu Item 110,10,219.27,Restaurant 010,Salads,2025-11
7026,10,30,2025-01-23,3,Damaged,501.81,Menu Item 030,10,167.27,Restaurant 010,Salads,2025-01
7027,13,133,2025-05-13,2,Preparation Error,1017.66,Menu Item 133,3,508.83,Restaurant 013,Biryani,2025-05
7028,4,84,2025-06-26,1,Damaged,350.73,Menu Item 084,4,350.73,Restaurant 004,Rice,2025-06
7029,16,56,2025-10-19,2,Expired,781.2,Menu Item 056,6,390.6,Restaurant 016,Pasta,2025-10
7030,12,32,2025-07-14,2,Overproduction,1476.6,Menu Item 032,2,738.3,Restaurant 012,Pizza,2025-07
7031,9,149,2025-04-06,2,Overproduction,478.36,Menu Item 149,9,239.18,Restaurant 009,Beverages,2025-04
7032,3,123,2025-01-15,2,Damaged,731.08,Menu Item 123,3,365.54,Restaurant 003,Biryani,2025-01
7033,7,87,2025-10-05,10,Preparation Error,5309.8,Menu Item 087,7,530.98,Restaurant 007,Sandwiches,2025-10
7034,11,51,2025-12-27,1,Damaged,362.81,Menu Item 051,1,362.81,Restaurant 011,Burgers,2025-12
7035,17,57,2025-07-17,2,Preparation Error,629.04,Menu Item 057,7,314.52,Restaurant 017,Sandwiches,2025-07
7036,6,106,2025-12-11,1,Expired,277.13,Menu Item 106,6,277.13,Restaurant 006,Pasta,2025-12
7037,16,96,2025-02-25,5,Unsold,2026.1,Menu Item 096,6,405.22,Restaurant 016,Pasta,2025-02
7038,12,132,2025-11-19,2,Preparation Error,1284.12,Menu Item 132,2,642.06,Restaurant 012,Pizza,2025-11
7039,3,123,2025-12-03,5,Damaged,1827.7,Menu Item 123,3,365.54,Restaurant 003,Biryani,2025-12
7040,8,48,2025-01-13,2,Spoilage,389.84,Menu Item 048,8,194.92,Restaurant 008,Desserts,2025-01
7041,1,121,2025-05-11,1,Expired,375.3,Menu Item 121,1,375.3,Restaurant 001,Burgers,2025-05
7042,7,67,2025-03-15,1,Damaged,635.56,Menu Item 067,7,635.56,Restaurant 007,Sandwiches,2025-03
7043,2,62,2025-04-13,1,Unsold,509.77,Menu Item 062,2,509.77,Restaurant 002,Pizza,2025-04
7044,15,75,2025-11-07,2,Overproduction,844.0,Menu Item 075,5,422.0,Restaurant 015,BBQ,2025-11
7045,17,117,2025-10-04,2,Overproduction,859.46,Menu Item 117,7,429.73,Restaurant 017,Sandwiches,2025-10
7046,11,71,2025-11-05,2,Damaged,929.96,Menu Item 071,1,464.98,Restaurant 011,Burgers,2025-11
7047,12,132,2025-11-26,2,Expired,1284.12,Menu Item 132,2,642.06,Restaurant 012,Pizza,2025-11
7048,9,69,2025-04-07,2,Spoilage,189.6,Menu Item 069,9,94.8,Restaurant 009,Beverages,2025-04
7049,19,59,2025-12-28,1,Damaged,189.87,Menu Item 059,9,189.87,Restaurant 019,Beverages,2025-12
7050,17,77,2025-09-19,5,Overproduction,2993.15,Menu Item 077,7,598.63,Restaurant 017,Sandwiches,2025-09
7051,11,51,2025-04-23,2,Overproduction,725.62,Menu Item 051,1,362.81,Restaurant 011,Burgers,2025-04
7052,4,104,2025-06-12,1,Expired,167.96,Menu Item 104,4,167.96,Restaurant 004,Rice,2025-06
7053,1,41,2025-07-23,3,Expired,763.53,Menu Item 041,1,254.51,Restaurant 001,Burgers,2025-07
7054,5,125,2025-03-18,1,Expired,1138.34,Menu Item 125,5,1138.34,Restaurant 005,BBQ,2025-03
7055,13,93,2025-04-13,2,Damaged,1107.22,Menu Item 093,3,553.61,Restaurant 013,Biryani,2025-04
7056,16,56,2025-09-07,1,Overproduction,390.6,Menu Item 056,6,390.6,Restaurant 016,Pasta,2025-09
7057,7,147,2025-12-28,2,Damaged,449.6,Menu Item 147,7,224.8,Restaurant 007,Sandwiches,2025-12
7058,7,47,2025-02-08,2,Damaged,1063.12,Menu Item 047,7,531.56,Restaurant 007,Sandwiches,2025-02
7059,9,149,2025-02-23,8,Unsold,1913.44,Menu Item 149,9,239.18,Restaurant 009,Beverages,2025-02
7060,15,55,2025-01-19,1,Unsold,932.62,Menu Item 055,5,932.62,Restaurant 015,BBQ,2025-01
7061,16,36,2025-09-03,2,Preparation Error,901.8,Menu Item 036,6,450.9,Restaurant 016,Pasta,2025-09
7062,9,9,2025-02-03,3,Expired,421.05,Menu Item 009,9,140.35,Restaurant 009,Beverages,2025-02
7063,11,111,2025-03-13,2,Preparation Error,652.38,Menu Item 111,1,326.19,Restaurant 011,Burgers,2025-03
7064,10,70,2025-07-24,5,Spoilage,1036.25,Menu Item 070,10,207.25,Restaurant 010,Salads,2025-07
7065,8,48,2025-03-25,1,Spoilage,194.92,Menu Item 048,8,194.92,Restaurant 008,Desserts,2025-03
7066,13,33,2025-12-12,8,Overproduction,2812.0,Menu Item 033,3,351.5,Restaurant 013,Biryani,2025-12
7067,8,28,2025-10-23,1,Spoilage,378.16,Menu Item 028,8,378.16,Restaurant 008,Desserts,2025-10
7068,5,45,2025-10-26,1,Damaged,389.94,Menu Item 045,5,389.94,Restaurant 005,BBQ,2025-10
7069,19,139,2025-08-09,1,Expired,127.54,Menu Item 139,9,127.54,Restaurant 019,Beverages,2025-08
7070,6,6,2025-02-09,1,Damaged,302.15,Menu Item 006,6,302.15,Restaurant 006,Pasta,2025-02
7071,9,89,2025-10-15,1,Overproduction,266.36,Menu Item 089,9,266.36,Restaurant 009,Beverages,2025-10
7072,8,8,2025-05-05,1,Spoilage,307.72,Menu Item 008,8,307.72,Restaurant 008,Desserts,2025-05
7073,12,72,2025-12-24,2,Damaged,551.56,Menu Item 072,2,275.78,Restaurant 012,Pizza,2025-12
7074,6,26,2025-08-07,3,Preparation Error,1819.68,Menu Item 026,6,606.56,Restaurant 006,Pasta,2025-08
7075,14,34,2025-06-18,5,Unsold,2321.6,Menu Item 034,4,464.32,Restaurant 014,Rice,2025-06
7076,10,50,2025-05-07,2,Overproduction,316.2,Menu Item 050,10,158.1,Restaurant 010,Salads,2025-05
7077,12,12,2025-01-01,1,Damaged,783.1,Menu Item 012,2,783.1,Restaurant 012,Pizza,2025-01
7078,8,108,2025-12-23,2,Unsold,830.16,Menu Item 108,8,415.08,Restaurant 008,Desserts,2025-12
7079,6,86,2025-03-22,3,Overproduction,1434.93,Menu Item 086,6,478.31,Restaurant 006,Pasta,2025-03
7080,14,14,2025-11-23,1,Unsold,231.23,Menu Item 014,4,231.23,Restaurant 014,Rice,2025-11
7081,6,46,2025-04-23,2,Expired,1267.82,Menu Item 046,6,633.91,Restaurant 006,Pasta,2025-04
7082,20,140,2025-03-12,1,Damaged,178.4,Menu Item 140,10,178.4,Restaurant 020,Salads,2025-03
7083,9,129,2025-06-02,1,Overproduction,100.2,Menu Item 129,9,100.2,Restaurant 009,Beverages,2025-06
7084,5,85,2025-10-20,2,Preparation Error,710.22,Menu Item 085,5,355.11,Restaurant 005,BBQ,2025-10
7085,2,122,2025-10-19,2,Spoilage,1656.7,Menu Item 122,2,828.35,Restaurant 002,Pizza,2025-10
7086,7,107,2025-02-18,2,Damaged,945.16,Menu Item 107,7,472.58,Restaurant 007,Sandwiches,2025-02
7087,13,73,2025-07-10,1,Expired,231.75,Menu Item 073,3,231.75,Restaurant 013,Biryani,2025-07
7088,5,5,2025-02-03,1,Preparation Error,760.21,Menu Item 005,5,760.21,Restaurant 005,BBQ,2025-02
7089,19,39,2025-04-28,1,Spoilage,88.74,Menu Item 039,9,88.74,Restaurant 019,Beverages,2025-04
7090,2,42,2025-12-25,2,Damaged,935.42,Menu Item 042,2,467.71,Restaurant 002,Pizza,2025-12
7091,3,123,2025-09-17,1,Preparation Error,365.54,Menu Item 123,3,365.54,Restaurant 003,Biryani,2025-09
7092,17,137,2025-10-13,1,Overproduction,353.74,Menu Item 137,7,353.74,Restaurant 017,Sandwiches,2025-10
7093,17,137,2025-11-13,2,Damaged,707.48,Menu Item 137,7,353.74,Restaurant 017,Sandwiches,2025-11
7094,12,72,2025-02-21,3,Overproduction,827.34,Menu Item 072,2,275.78,Restaurant 012,Pizza,2025-02
7095,20,20,2025-01-09,5,Unsold,1442.55,Menu Item 020,10,288.51,Restaurant 020,Salads,2025-01
7096,14,114,2025-07-21,2,Overproduction,1089.78,Menu Item 114,4,544.89,Restaurant 014,Rice,2025-07
7097,15,15,2025-05-24,5,Preparation Error,2484.85,Menu Item 015,5,496.97,Restaurant 015,BBQ,2025-05
7098,16,116,2025-09-22,8,Damaged,4106.24,Menu Item 116,6,513.28,Restaurant 016,Pasta,2025-09
7099,13,133,2025-12-15,5,Spoilage,2544.15,Menu Item 133,3,508.83,Restaurant 013,Biryani,2025-12
7100,15,135,2025-08-24,2,Unsold,600.98,Menu Item 135,5,300.49,Restaurant 015,BBQ,2025-08
7101,13,93,2025-05-04,1,Spoilage,553.61,Menu Item 093,3,553.61,Restaurant 013,Biryani,2025-05
7102,6,6,2025-06-13,5,Overproduction,1510.75,Menu Item 006,6,302.15,Restaurant 006,Pasta,2025-06
7103,6,46,2025-03-18,10,Damaged,6339.1,Menu Item 046,6,633.91,Restaurant 006,Pasta,2025-03
7104,16,16,2025-09-26,1,Preparation Error,338.34,Menu Item 016,6,338.34,Restaurant 016,Pasta,2025-09
7105,8,48,2025-09-24,1,Damaged,194.92,Menu Item 048,8,194.92,Restaurant 008,Desserts,2025-09
7106,13,93,2025-10-07,2,Unsold,1107.22,Menu Item 093,3,553.61,Restaurant 013,Biryani,2025-10
7107,12,132,2025-05-02,2,Overproduction,1284.12,Menu Item 132,2,642.06,Restaurant 012,Pizza,2025-05
7108,17,37,2025-11-25,3,Unsold,2069.31,Menu Item 037,7,689.77,Restaurant 017,Sandwiches,2025-11
7109,18,58,2025-10-11,8,Damaged,2882.0,Menu Item 058,8,360.25,Restaurant 018,Desserts,2025-10
7110,14,114,2025-07-20,1,Expired,544.89,Menu Item 114,4,544.89,Restaurant 014,Rice,2025-07
7111,7,147,2025-11-26,1,Expired,224.8,Menu Item 147,7,224.8,Restaurant 007,Sandwiches,2025-11
7112,14,14,2025-06-26,1,Spoilage,231.23,Menu Item 014,4,231.23,Restaurant 014,Rice,2025-06
7113,14,54,2025-09-22,3,Damaged,546.54,Menu Item 054,4,182.18,Restaurant 014,Rice,2025-09
7114,9,109,2025-10-25,2,Expired,442.86,Menu Item 109,9,221.43,Restaurant 009,Beverages,2025-10
7115,1,101,2025-01-18,2,Damaged,637.02,Menu Item 101,1,318.51,Restaurant 001,Burgers,2025-01
7116,5,125,2025-10-14,5,Spoilage,5691.7,Menu Item 125,5,1138.34,Restaurant 005,BBQ,2025-10
7117,2,2,2025-01-05,8,Overproduction,6578.4,Menu Item 002,2,822.3,Restaurant 002,Pizza,2025-01
7118,9,129,2025-04-08,2,Preparation Error,200.4,Menu Item 129,9,100.2,Restaurant 009,Beverages,2025-04
7119,12,12,2025-04-23,1,Overproduction,783.1,Menu Item 012,2,783.1,Restaurant 012,Pizza,2025-04
7120,17,57,2025-08-14,1,Unsold,314.52,Menu Item 057,7,314.52,Restaurant 017,Sandwiches,2025-08
7121,10,110,2025-06-19,1,Damaged,219.27,Menu Item 110,10,219.27,Restaurant 010,Salads,2025-06
7122,15,15,2025-08-21,2,Spoilage,993.94,Menu Item 015,5,496.97,Restaurant 015,BBQ,2025-08
7123,5,145,2025-10-22,2,Preparation Error,859.76,Menu Item 145,5,429.88,Restaurant 005,BBQ,2025-10
7124,5,105,2025-10-27,1,Overproduction,596.54,Menu Item 105,5,596.54,Restaurant 005,BBQ,2025-10
7125,19,59,2025-08-23,8,Preparation Error,1518.96,Menu Item 059,9,189.87,Restaurant 019,Beverages,2025-08
7126,6,126,2025-01-21,1,Overproduction,670.63,Menu Item 126,6,670.63,Restaurant 006,Pasta,2025-01
7127,7,87,2025-09-21,3,Preparation Error,1592.94,Menu Item 087,7,530.98,Restaurant 007,Sandwiches,2025-09
7128,5,105,2025-09-14,2,Spoilage,1193.08,Menu Item 105,5,596.54,Restaurant 005,BBQ,2025-09
7129,16,36,2025-06-22,2,Spoilage,901.8,Menu Item 036,6,450.9,Restaurant 016,Pasta,2025-06
7130,13,113,2025-12-23,1,Preparation Error,230.81,Menu Item 113,3,230.81,Restaurant 013,Biryani,2025-12
7131,4,84,2025-06-10,5,Preparation Error,1753.65,Menu Item 084,4,350.73,Restaurant 004,Rice,2025-06
7132,16,136,2025-10-08,5,Unsold,2161.85,Menu Item 136,6,432.37,Restaurant 016,Pasta,2025-10
7133,3,63,2025-05-01,1,Unsold,313.94,Menu Item 063,3,313.94,Restaurant 003,Biryani,2025-05
7134,15,35,2025-10-13,2,Expired,874.12,Menu Item 035,5,437.06,Restaurant 015,BBQ,2025-10
7135,9,109,2025-02-16,10,Overproduction,2214.3,Menu Item 109,9,221.43,Restaurant 009,Beverages,2025-02
7136,3,103,2025-01-11,1,Expired,490.49,Menu Item 103,3,490.49,Restaurant 003,Biryani,2025-01
7137,11,11,2025-09-06,5,Expired,2731.2,Menu Item 011,1,546.24,Restaurant 011,Burgers,2025-09
7138,20,120,2025-06-12,5,Damaged,1139.15,Menu Item 120,10,227.83,Restaurant 020,Salads,2025-06
7139,15,15,2025-09-12,3,Spoilage,1490.91,Menu Item 015,5,496.97,Restaurant 015,BBQ,2025-09
7140,5,45,2025-08-18,3,Preparation Error,1169.82,Menu Item 045,5,389.94,Restaurant 005,BBQ,2025-08
7141,9,109,2025-01-09,5,Expired,1107.15,Menu Item 109,9,221.43,Restaurant 009,Beverages,2025-01
7142,7,67,2025-07-17,1,Overproduction,635.56,Menu Item 067,7,635.56,Restaurant 007,Sandwiches,2025-07
7143,4,44,2025-12-14,1,Spoilage,440.72,Menu Item 044,4,440.72,Restaurant 004,Rice,2025-12
7144,1,21,2025-11-15,2,Overproduction,644.56,Menu Item 021,1,322.28,Restaurant 001,Burgers,2025-11
7145,17,117,2025-07-07,1,Expired,429.73,Menu Item 117,7,429.73,Restaurant 017,Sandwiches,2025-07
7146,18,138,2025-10-05,2,Overproduction,309.2,Menu Item 138,8,154.6,Restaurant 018,Desserts,2025-10
7147,18,98,2025-09-06,8,Expired,2989.2,Menu Item 098,8,373.65,Restaurant 018,Desserts,2025-09
7148,18,38,2025-01-24,3,Preparation Error,1128.96,Menu Item 038,8,376.32,Restaurant 018,Desserts,2025-01
7149,9,149,2025-08-21,1,Overproduction,239.18,Menu Item 149,9,239.18,Restaurant 009,Beverages,2025-08
7150,14,94,2025-05-11,2,Expired,549.82,Menu Item 094,4,274.91,Restaurant 014,Rice,2025-05
7151,2,102,2025-10-15,2,Overproduction,1548.34,Menu Item 102,2,774.17,Restaurant 002,Pizza,2025-10
7152,10,150,2025-02-01,2,Overproduction,754.68,Menu Item 150,10,377.34,Restaurant 010,Salads,2025-02
7153,1,61,2025-06-25,3,Unsold,1487.13,Menu Item 061,1,495.71,Restaurant 001,Burgers,2025-06
7154,20,100,2025-06-08,1,Overproduction,486.7,Menu Item 100,10,486.7,Restaurant 020,Salads,2025-06
7155,11,71,2025-05-22,1,Preparation Error,464.98,Menu Item 071,1,464.98,Restaurant 011,Burgers,2025-05
7156,13,133,2025-07-24,1,Unsold,508.83,Menu Item 133,3,508.83,Restaurant 013,Biryani,2025-07
7157,10,70,2025-12-02,1,Damaged,207.25,Menu Item 070,10,207.25,Restaurant 010,Salads,2025-12
7158,5,45,2025-05-25,8,Expired,3119.52,Menu Item 045,5,389.94,Restaurant 005,BBQ,2025-05
7159,9,49,2025-12-15,5,Unsold,1271.4,Menu Item 049,9,254.28,Restaurant 009,Beverages,2025-12
7160,18,58,2025-12-01,2,Preparation Error,720.5,Menu Item 058,8,360.25,Restaurant 018,Desserts,2025-12
7161,18,118,2025-03-09,1,Preparation Error,309.0,Menu Item 118,8,309.0,Restaurant 018,Desserts,2025-03
7162,13,73,2025-05-21,1,Expired,231.75,Menu Item 073,3,231.75,Restaurant 013,Biryani,2025-05
7163,3,63,2025-09-28,3,Spoilage,941.82,Menu Item 063,3,313.94,Restaurant 003,Biryani,2025-09
7164,3,63,2025-03-14,3,Damaged,941.82,Menu Item 063,3,313.94,Restaurant 003,Biryani,2025-03
7165,13,113,2025-05-18,3,Spoilage,692.43,Menu Item 113,3,230.81,Restaurant 013,Biryani,2025-05
7166,20,20,2025-03-26,5,Unsold,1442.55,Menu Item 020,10,288.51,Restaurant 020,Salads,2025-03
7167,3,123,2025-11-09,3,Expired,1096.62,Menu Item 123,3,365.54,Restaurant 003,Biryani,2025-11
7168,13,13,2025-11-24,2,Overproduction,778.56,Menu Item 013,3,389.28,Restaurant 013,Biryani,2025-11
7169,11,11,2025-01-22,3,Expired,1638.72,Menu Item 011,1,546.24,Restaurant 011,Burgers,2025-01
7170,12,72,2025-02-25,1,Preparation Error,275.78,Menu Item 072,2,275.78,Restaurant 012,Pizza,2025-02
7171,13,133,2025-12-21,2,Damaged,1017.66,Menu Item 133,3,508.83,Restaurant 013,Biryani,2025-12
7172,15,55,2025-10-13,1,Preparation Error,932.62,Menu Item 055,5,932.62,Restaurant 015,BBQ,2025-10
7173,6,146,2025-03-01,3,Unsold,2227.59,Menu Item 146,6,742.53,Restaurant 006,Pasta,2025-03
7174,13,13,2025-11-05,1,Damaged,389.28,Menu Item 013,3,389.28,Restaurant 013,Biryani,2025-11
7175,7,127,2025-04-10,5,Damaged,1670.4,Menu Item 127,7,334.08,Restaurant 007,Sandwiches,2025-04
7176,2,82,2025-07-05,1,Spoilage,601.45,Menu Item 082,2,601.45,Restaurant 002,Pizza,2025-07
7177,18,98,2025-12-05,5,Unsold,1868.25,Menu Item 098,8,373.65,Restaurant 018,Desserts,2025-12
7178,16,16,2025-06-09,5,Unsold,1691.7,Menu Item 016,6,338.34,Restaurant 016,Pasta,2025-06
7179,7,147,2025-02-19,3,Expired,674.4,Menu Item 147,7,224.8,Restaurant 007,Sandwiches,2025-02
7180,3,143,2025-01-24,2,Expired,710.0,Menu Item 143,3,355.0,Restaurant 003,Biryani,2025-01
7181,19,19,2025-06-21,1,Expired,179.99,Menu Item 019,9,179.99,Restaurant 019,Beverages,2025-06
7182,9,109,2025-05-06,3,Overproduction,664.29,Menu Item 109,9,221.43,Restaurant 009,Beverages,2025-05
7183,7,107,2025-04-11,2,Overproduction,945.16,Menu Item 107,7,472.58,Restaurant 007,Sandwiches,2025-04
7184,15,75,2025-04-05,1,Unsold,422.0,Menu Item 075,5,422.0,Restaurant 015,BBQ,2025-04
7185,18,58,2025-07-09,2,Spoilage,720.5,Menu Item 058,8,360.25,Restaurant 018,Desserts,2025-07
7186,9,9,2025-02-09,3,Overproduction,421.05,Menu Item 009,9,140.35,Restaurant 009,Beverages,2025-02
7187,7,7,2025-08-10,3,Overproduction,1432.71,Menu Item 007,7,477.57,Restaurant 007,Sandwiches,2025-08
7188,4,124,2025-07-25,5,Expired,747.85,Menu Item 124,4,149.57,Restaurant 004,Rice,2025-07
7189,3,43,2025-01-04,2,Spoilage,759.4,Menu Item 043,3,379.7,Restaurant 003,Biryani,2025-01
7190,1,41,2025-07-12,1,Preparation Error,254.51,Menu Item 041,1,254.51,Restaurant 001,Burgers,2025-07
7191,5,125,2025-10-08,3,Damaged,3415.02,Menu Item 125,5,1138.34,Restaurant 005,BBQ,2025-10
7192,16,136,2025-02-05,3,Unsold,1297.11,Menu Item 136,6,432.37,Restaurant 016,Pasta,2025-02
7193,20,20,2025-04-13,1,Spoilage,288.51,Menu Item 020,10,288.51,Restaurant 020,Salads,2025-04
7194,14,134,2025-09-19,5,Spoilage,1441.7,Menu Item 134,4,288.34,Restaurant 014,Rice,2025-09
7195,14,34,2025-12-22,3,Overproduction,1392.96,Menu Item 034,4,464.32,Restaurant 014,Rice,2025-12
7196,13,133,2025-06-09,3,Expired,1526.49,Menu Item 133,3,508.83,Restaurant 013,Biryani,2025-06
7197,1,81,2025-07-24,1,Expired,514.47,Menu Item 081,1,514.47,Restaurant 001,Burgers,2025-07
7198,8,28,2025-07-05,2,Unsold,756.32,Menu Item 028,8,378.16,Restaurant 008,Desserts,2025-07
7199,19,99,2025-09-12,3,Unsold,335.22,Menu Item 099,9,111.74,Restaurant 019,Beverages,2025-09
7200,11,131,2025-04-26,3,Spoilage,1118.19,Menu Item 131,1,372.73,Restaurant 011,Burgers,2025-04
7201,12,112,2025-07-08,5,Damaged,4306.4,Menu Item 112,2,861.28,Restaurant 012,Pizza,2025-07
7202,20,80,2025-03-25,1,Expired,111.05,Menu Item 080,10,111.05,Restaurant 020,Salads,2025-03
7203,13,33,2025-01-14,3,Overproduction,1054.5,Menu Item 033,3,351.5,Restaurant 013,Biryani,2025-01
7204,10,90,2025-08-05,5,Preparation Error,954.8,Menu Item 090,10,190.96,Restaurant 010,Salads,2025-08
7205,10,10,2025-03-07,5,Spoilage,716.5,Menu Item 010,10,143.3,Restaurant 010,Salads,2025-03
7206,10,90,2025-08-18,1,Overproduction,190.96,Menu Item 090,10,190.96,Restaurant 010,Salads,2025-08
7207,2,82,2025-02-01,2,Spoilage,1202.9,Menu Item 082,2,601.45,Restaurant 002,Pizza,2025-02
7208,18,18,2025-12-05,2,Unsold,668.78,Menu Item 018,8,334.39,Restaurant 018,Desserts,2025-12
7209,7,47,2025-06-09,2,Spoilage,1063.12,Menu Item 047,7,531.56,Restaurant 007,Sandwiches,2025-06
7210,1,41,2025-01-02,1,Damaged,254.51,Menu Item 041,1,254.51,Restaurant 001,Burgers,2025-01
7211,2,62,2025-12-05,8,Overproduction,4078.16,Menu Item 062,2,509.77,Restaurant 002,Pizza,2025-12
7212,20,140,2025-12-26,5,Expired,892.0,Menu Item 140,10,178.4,Restaurant 020,Salads,2025-12
7213,7,147,2025-06-14,2,Expired,449.6,Menu Item 147,7,224.8,Restaurant 007,Sandwiches,2025-06
7214,12,72,2025-01-18,2,Overproduction,551.56,Menu Item 072,2,275.78,Restaurant 012,Pizza,2025-01
7215,17,77,2025-11-26,1,Spoilage,598.63,Menu Item 077,7,598.63,Restaurant 017,Sandwiches,2025-11
7216,15,35,2025-01-08,1,Damaged,437.06,Menu Item 035,5,437.06,Restaurant 015,BBQ,2025-01
7217,3,3,2025-04-07,1,Damaged,225.96,Menu Item 003,3,225.96,Restaurant 003,Biryani,2025-04
7218,8,68,2025-02-05,2,Damaged,228.12,Menu Item 068,8,114.06,Restaurant 008,Desserts,2025-02
7219,14,94,2025-09-25,1,Spoilage,274.91,Menu Item 094,4,274.91,Restaurant 014,Rice,2025-09
7220,18,138,2025-04-17,3,Overproduction,463.8,Menu Item 138,8,154.6,Restaurant 018,Desserts,2025-04
7221,17,137,2025-03-17,1,Unsold,353.74,Menu Item 137,7,353.74,Restaurant 017,Sandwiches,2025-03
7222,17,37,2025-05-02,3,Preparation Error,2069.31,Menu Item 037,7,689.77,Restaurant 017,Sandwiches,2025-05
7223,5,105,2025-06-13,2,Preparation Error,1193.08,Menu Item 105,5,596.54,Restaurant 005,BBQ,2025-06
7224,4,64,2025-07-05,2,Damaged,512.92,Menu Item 064,4,256.46,Restaurant 004,Rice,2025-07
7225,6,26,2025-03-11,1,Unsold,606.56,Menu Item 026,6,606.56,Restaurant 006,Pasta,2025-03
7226,6,106,2025-10-08,2,Expired,554.26,Menu Item 106,6,277.13,Restaurant 006,Pasta,2025-10
7227,16,16,2025-10-07,3,Unsold,1015.02,Menu Item 016,6,338.34,Restaurant 016,Pasta,2025-10
7228,1,41,2025-07-15,1,Preparation Error,254.51,Menu Item 041,1,254.51,Restaurant 001,Burgers,2025-07
7229,16,76,2025-01-08,3,Preparation Error,1245.93,Menu Item 076,6,415.31,Restaurant 016,Pasta,2025-01
7230,5,45,2025-03-20,3,Overproduction,1169.82,Menu Item 045,5,389.94,Restaurant 005,BBQ,2025-03
7231,1,141,2025-06-28,5,Unsold,1260.55,Menu Item 141,1,252.11,Restaurant 001,Burgers,2025-06
7232,11,51,2025-09-02,1,Preparation Error,362.81,Menu Item 051,1,362.81,Restaurant 011,Burgers,2025-09
7233,14,14,2025-05-01,3,Preparation Error,693.69,Menu Item 014,4,231.23,Restaurant 014,Rice,2025-05
7234,20,60,2025-07-12,2,Unsold,662.32,Menu Item 060,10,331.16,Restaurant 020,Salads,2025-07
7235,14,54,2025-12-06,1,Overproduction,182.18,Menu Item 054,4,182.18,Restaurant 014,Rice,2025-12
7236,18,58,2025-10-25,1,Expired,360.25,Menu Item 058,8,360.25,Restaurant 018,Desserts,2025-10
7237,11,51,2025-02-25,1,Spoilage,362.81,Menu Item 051,1,362.81,Restaurant 011,Burgers,2025-02
7238,5,45,2025-03-12,2,Spoilage,779.88,Menu Item 045,5,389.94,Restaurant 005,BBQ,2025-03
7239,2,62,2025-12-25,2,Preparation Error,1019.54,Menu Item 062,2,509.77,Restaurant 002,Pizza,2025-12
7240,3,23,2025-09-14,1,Spoilage,270.23,Menu Item 023,3,270.23,Restaurant 003,Biryani,2025-09
7241,3,143,2025-03-14,1,Spoilage,355.0,Menu Item 143,3,355.0,Restaurant 003,Biryani,2025-03
7242,6,66,2025-11-15,5,Unsold,2093.9,Menu Item 066,6,418.78,Restaurant 006,Pasta,2025-11
7243,15,95,2025-09-08,2,Unsold,1363.76,Menu Item 095,5,681.88,Restaurant 015,BBQ,2025-09
7244,1,101,2025-10-07,5,Unsold,1592.55,Menu Item 101,1,318.51,Restaurant 001,Burgers,2025-10
7245,8,148,2025-11-02,2,Preparation Error,675.28,Menu Item 148,8,337.64,Restaurant 008,Desserts,2025-11
7246,9,149,2025-08-02,5,Damaged,1195.9,Menu Item 149,9,239.18,Restaurant 009,Beverages,2025-08
7247,20,80,2025-02-18,2,Preparation Error,222.1,Menu Item 080,10,111.05,Restaurant 020,Salads,2025-02
7248,9,129,2025-10-23,2,Overproduction,200.4,Menu Item 129,9,100.2,Restaurant 009,Beverages,2025-10
7249,7,107,2025-10-12,1,Damaged,472.58,Menu Item 107,7,472.58,Restaurant 007,Sandwiches,2025-10
7250,17,57,2025-01-12,1,Unsold,314.52,Menu Item 057,7,314.52,Restaurant 017,Sandwiches,2025-01
7251,16,36,2025-05-09,2,Expired,901.8,Menu Item 036,6,450.9,Restaurant 016,Pasta,2025-05
7252,8,128,2025-07-19,5,Overproduction,1736.45,Menu Item 128,8,347.29,Restaurant 008,Desserts,2025-07
7253,16,76,2025-09-19,1,Expired,415.31,Menu Item 076,6,415.31,Restaurant 016,Pasta,2025-09
7254,17,17,2025-02-12,2,Spoilage,584.68,Menu Item 017,7,292.34,Restaurant 017,Sandwiches,2025-02
7255,9,9,2025-09-15,2,Damaged,280.7,Menu Item 009,9,140.35,Restaurant 009,Beverages,2025-09
7256,8,68,2025-01-05,1,Overproduction,114.06,Menu Item 068,8,114.06,Restaurant 008,Desserts,2025-01
7257,8,88,2025-11-04,2,Spoilage,451.26,Menu Item 088,8,225.63,Restaurant 008,Desserts,2025-11
7258,2,102,2025-06-26,2,Unsold,1548.34,Menu Item 102,2,774.17,Restaurant 002,Pizza,2025-06
7259,10,30,2025-11-24,2,Preparation Error,334.54,Menu Item 030,10,167.27,Restaurant 010,Salads,2025-11
7260,11,51,2025-01-19,5,Overproduction,1814.05,Menu Item 051,1,362.81,Restaurant 011,Burgers,2025-01
7261,4,44,2025-01-15,2,Preparation Error,881.44,Menu Item 044,4,440.72,Restaurant 004,Rice,2025-01
7262,4,44,2025-07-20,5,Preparation Error,2203.6,Menu Item 044,4,440.72,Restaurant 004,Rice,2025-07
7263,19,79,2025-07-18,3,Unsold,391.5,Menu Item 079,9,130.5,Restaurant 019,Beverages,2025-07
7264,1,21,2025-12-08,2,Preparation Error,644.56,Menu Item 021,1,322.28,Restaurant 001,Burgers,2025-12
7265,8,128,2025-10-07,8,Overproduction,2778.32,Menu Item 128,8,347.29,Restaurant 008,Desserts,2025-10
7266,10,130,2025-12-20,2,Unsold,584.28,Menu Item 130,10,292.14,Restaurant 010,Salads,2025-12
7267,11,111,2025-11-05,1,Expired,326.19,Menu Item 111,1,326.19,Restaurant 011,Burgers,2025-11
7268,13,33,2025-06-03,8,Overproduction,2812.0,Menu Item 033,3,351.5,Restaurant 013,Biryani,2025-06
7269,9,129,2025-11-22,1,Expired,100.2,Menu Item 129,9,100.2,Restaurant 009,Beverages,2025-11
7270,13,13,2025-10-07,3,Damaged,1167.84,Menu Item 013,3,389.28,Restaurant 013,Biryani,2025-10
7271,17,17,2025-07-05,8,Spoilage,2338.72,Menu Item 017,7,292.34,Restaurant 017,Sandwiches,2025-07
7272,1,1,2025-04-08,1,Damaged,428.12,Menu Item 001,1,428.12,Restaurant 001,Burgers,2025-04
7273,12,132,2025-06-20,1,Preparation Error,642.06,Menu Item 132,2,642.06,Restaurant 012,Pizza,2025-06
7274,20,40,2025-12-13,1,Damaged,276.24,Menu Item 040,10,276.24,Restaurant 020,Salads,2025-12
7275,1,141,2025-08-06,2,Unsold,504.22,Menu Item 141,1,252.11,Restaurant 001,Burgers,2025-08
7276,17,97,2025-03-08,2,Expired,908.08,Menu Item 097,7,454.04,Restaurant 017,Sandwiches,2025-03
7277,20,80,2025-07-04,1,Damaged,111.05,Menu Item 080,10,111.05,Restaurant 020,Salads,2025-07
7278,17,57,2025-11-07,3,Overproduction,943.56,Menu Item 057,7,314.52,Restaurant 017,Sandwiches,2025-11
7279,5,105,2025-07-14,1,Damaged,596.54,Menu Item 105,5,596.54,Restaurant 005,BBQ,2025-07
7280,9,29,2025-09-06,1,Spoilage,68.62,Menu Item 029,9,68.62,Restaurant 009,Beverages,2025-09
7281,14,114,2025-10-10,5,Unsold,2724.45,Menu Item 114,4,544.89,Restaurant 014,Rice,2025-10
7282,2,82,2025-03-21,1,Preparation Error,601.45,Menu Item 082,2,601.45,Restaurant 002,Pizza,2025-03
7283,10,130,2025-02-25,3,Unsold,876.42,Menu Item 130,10,292.14,Restaurant 010,Salads,2025-02
7284,7,67,2025-06-15,5,Spoilage,3177.8,Menu Item 067,7,635.56,Restaurant 007,Sandwiches,2025-06
7285,19,19,2025-12-14,8,Overproduction,1439.92,Menu Item 019,9,179.99,Restaurant 019,Beverages,2025-12
7286,17,117,2025-03-12,1,Unsold,429.73,Menu Item 117,7,429.73,Restaurant 017,Sandwiches,2025-03
7287,1,141,2025-04-16,2,Overproduction,504.22,Menu Item 141,1,252.11,Restaurant 001,Burgers,2025-04
7288,2,82,2025-11-22,1,Overproduction,601.45,Menu Item 082,2,601.45,Restaurant 002,Pizza,2025-11
7289,18,138,2025-10-23,10,Expired,1546.0,Menu Item 138,8,154.6,Restaurant 018,Desserts,2025-10
7290,8,8,2025-06-15,1,Spoilage,307.72,Menu Item 008,8,307.72,Restaurant 008,Desserts,2025-06
7291,7,7,2025-07-24,5,Damaged,2387.85,Menu Item 007,7,477.57,Restaurant 007,Sandwiches,2025-07
7292,15,35,2025-12-19,1,Overproduction,437.06,Menu Item 035,5,437.06,Restaurant 015,BBQ,2025-12
7293,8,48,2025-07-06,2,Unsold,389.84,Menu Item 048,8,194.92,Restaurant 008,Desserts,2025-07
7294,16,96,2025-06-08,2,Damaged,810.44,Menu Item 096,6,405.22,Restaurant 016,Pasta,2025-06
7295,13,33,2025-12-03,2,Expired,703.0,Menu Item 033,3,351.5,Restaurant 013,Biryani,2025-12
7296,7,67,2025-01-25,1,Expired,635.56,Menu Item 067,7,635.56,Restaurant 007,Sandwiches,2025-01
7297,4,144,2025-02-11,8,Unsold,1946.0,Menu Item 144,4,243.25,Restaurant 004,Rice,2025-02
7298,6,106,2025-08-16,1,Damaged,277.13,Menu Item 106,6,277.13,Restaurant 006,Pasta,2025-08
7299,17,137,2025-07-09,2,Unsold,707.48,Menu Item 137,7,353.74,Restaurant 017,Sandwiches,2025-07
7300,8,8,2025-09-09,2,Expired,615.44,Menu Item 008,8,307.72,Restaurant 008,Desserts,2025-09
7301,4,4,2025-07-22,1,Spoilage,151.68,Menu Item 004,4,151.68,Restaurant 004,Rice,2025-07
7302,2,2,2025-12-02,1,Overproduction,822.3,Menu Item 002,2,822.3,Restaurant 002,Pizza,2025-12
7303,14,74,2025-12-12,1,Spoilage,155.9,Menu Item 074,4,155.9,Restaurant 014,Rice,2025-12
7304,18,98,2025-04-22,5,Unsold,1868.25,Menu Item 098,8,373.65,Restaurant 018,Desserts,2025-04
7305,17,57,2025-09-23,3,Damaged,943.56,Menu Item 057,7,314.52,Restaurant 017,Sandwiches,2025-09
7306,5,125,2025-07-02,2,Preparation Error,2276.68,Menu Item 125,5,1138.34,Restaurant 005,BBQ,2025-07
7307,20,120,2025-12-23,1,Expired,227.83,Menu Item 120,10,227.83,Restaurant 020,Salads,2025-12
7308,2,82,2025-10-27,3,Spoilage,1804.35,Menu Item 082,2,601.45,Restaurant 002,Pizza,2025-10
7309,13,13,2025-08-03,2,Unsold,778.56,Menu Item 013,3,389.28,Restaurant 013,Biryani,2025-08
7310,20,80,2025-04-26,2,Unsold,222.1,Menu Item 080,10,111.05,Restaurant 020,Salads,2025-04
7311,17,77,2025-01-01,1,Unsold,598.63,Menu Item 077,7,598.63,Restaurant 017,Sandwiches,2025-01
7312,17,77,2025-02-11,2,Preparation Error,1197.26,Menu Item 077,7,598.63,Restaurant 017,Sandwiches,2025-02
7313,17,97,2025-03-16,2,Expired,908.08,Menu Item 097,7,454.04,Restaurant 017,Sandwiches,2025-03
7314,20,120,2025-03-26,2,Damaged,455.66,Menu Item 120,10,227.83,Restaurant 020,Salads,2025-03
7315,5,105,2025-06-01,1,Unsold,596.54,Menu Item 105,5,596.54,Restaurant 005,BBQ,2025-06
7316,2,22,2025-01-05,5,Damaged,1617.35,Menu Item 022,2,323.47,Restaurant 002,Pizza,2025-01
7317,4,84,2025-08-27,5,Spoilage,1753.65,Menu Item 084,4,350.73,Restaurant 004,Rice,2025-08
7318,19,39,2025-03-09,1,Expired,88.74,Menu Item 039,9,88.74,Restaurant 019,Beverages,2025-03
7319,1,1,2025-04-18,5,Unsold,2140.6,Menu Item 001,1,428.12,Restaurant 001,Burgers,2025-04
7320,14,74,2025-12-27,5,Unsold,779.5,Menu Item 074,4,155.9,Restaurant 014,Rice,2025-12
7321,9,89,2025-02-05,2,Spoilage,532.72,Menu Item 089,9,266.36,Restaurant 009,Beverages,2025-02
7322,20,20,2025-02-17,1,Unsold,288.51,Menu Item 020,10,288.51,Restaurant 020,Salads,2025-02
7323,19,139,2025-05-24,3,Overproduction,382.62,Menu Item 139,9,127.54,Restaurant 019,Beverages,2025-05
7324,12,92,2025-03-03,3,Spoilage,1393.11,Menu Item 092,2,464.37,Restaurant 012,Pizza,2025-03
7325,17,117,2025-11-10,2,Unsold,859.46,Menu Item 117,7,429.73,Restaurant 017,Sandwiches,2025-11
7326,6,66,2025-07-11,1,Preparation Error,418.78,Menu Item 066,6,418.78,Restaurant 006,Pasta,2025-07
7327,5,85,2025-11-16,1,Preparation Error,355.11,Menu Item 085,5,355.11,Restaurant 005,BBQ,2025-11
7328,14,94,2025-03-04,5,Expired,1374.55,Menu Item 094,4,274.91,Restaurant 014,Rice,2025-03
7329,16,56,2025-12-10,3,Damaged,1171.8,Menu Item 056,6,390.6,Restaurant 016,Pasta,2025-12
7330,18,38,2025-08-24,1,Preparation Error,376.32,Menu Item 038,8,376.32,Restaurant 018,Desserts,2025-08
7331,11,131,2025-06-11,2,Spoilage,745.46,Menu Item 131,1,372.73,Restaurant 011,Burgers,2025-06
7332,2,142,2025-10-14,1,Spoilage,919.35,Menu Item 142,2,919.35,Restaurant 002,Pizza,2025-10
7333,9,89,2025-11-02,1,Expired,266.36,Menu Item 089,9,266.36,Restaurant 009,Beverages,2025-11
7334,18,78,2025-09-19,1,Spoilage,256.11,Menu Item 078,8,256.11,Restaurant 018,Desserts,2025-09
7335,18,138,2025-03-23,2,Expired,309.2,Menu Item 138,8,154.6,Restaurant 018,Desserts,2025-03
7336,3,63,2025-07-14,3,Expired,941.82,Menu Item 063,3,313.94,Restaurant 003,Biryani,2025-07
7337,16,16,2025-10-25,2,Damaged,676.68,Menu Item 016,6,338.34,Restaurant 016,Pasta,2025-10
7338,9,29,2025-09-14,1,Spoilage,68.62,Menu Item 029,9,68.62,Restaurant 009,Beverages,2025-09
7339,2,82,2025-03-12,2,Overproduction,1202.9,Menu Item 082,2,601.45,Restaurant 002,Pizza,2025-03
7340,7,47,2025-08-07,1,Overproduction,531.56,Menu Item 047,7,531.56,Restaurant 007,Sandwiches,2025-08
7341,4,84,2025-10-16,2,Expired,701.46,Menu Item 084,4,350.73,Restaurant 004,Rice,2025-10
7342,8,28,2025-02-19,5,Damaged,1890.8,Menu Item 028,8,378.16,Restaurant 008,Desserts,2025-02
7343,1,141,2025-11-20,3,Damaged,756.33,Menu Item 141,1,252.11,Restaurant 001,Burgers,2025-11
7344,19,19,2025-08-11,2,Overproduction,359.98,Menu Item 019,9,179.99,Restaurant 019,Beverages,2025-08
7345,17,77,2025-06-23,8,Expired,4789.04,Menu Item 077,7,598.63,Restaurant 017,Sandwiches,2025-06
7346,2,82,2025-04-17,2,Unsold,1202.9,Menu Item 082,2,601.45,Restaurant 002,Pizza,2025-04
7347,8,68,2025-05-27,2,Expired,228.12,Menu Item 068,8,114.06,Restaurant 008,Desserts,2025-05
7348,4,124,2025-12-27,2,Expired,299.14,Menu Item 124,4,149.57,Restaurant 004,Rice,2025-12
7349,16,56,2025-06-10,2,Spoilage,781.2,Menu Item 056,6,390.6,Restaurant 016,Pasta,2025-06
7350,18,18,2025-06-18,2,Spoilage,668.78,Menu Item 018,8,334.39,Restaurant 018,Desserts,2025-06
7351,19,39,2025-05-04,1,Overproduction,88.74,Menu Item 039,9,88.74,Restaurant 019,Beverages,2025-05
7352,12,132,2025-01-06,3,Unsold,1926.18,Menu Item 132,2,642.06,Restaurant 012,Pizza,2025-01
7353,14,14,2025-11-21,1,Unsold,231.23,Menu Item 014,4,231.23,Restaurant 014,Rice,2025-11
7354,18,38,2025-08-20,2,Expired,752.64,Menu Item 038,8,376.32,Restaurant 018,Desserts,2025-08
7355,8,108,2025-12-18,5,Expired,2075.4,Menu Item 108,8,415.08,Restaurant 008,Desserts,2025-12
7356,5,105,2025-04-11,2,Spoilage,1193.08,Menu Item 105,5,596.54,Restaurant 005,BBQ,2025-04
7357,13,13,2025-06-10,1,Expired,389.28,Menu Item 013,3,389.28,Restaurant 013,Biryani,2025-06
7358,3,103,2025-02-13,1,Damaged,490.49,Menu Item 103,3,490.49,Restaurant 003,Biryani,2025-02
7359,9,49,2025-10-09,1,Spoilage,254.28,Menu Item 049,9,254.28,Restaurant 009,Beverages,2025-10
7360,11,71,2025-01-11,1,Preparation Error,464.98,Menu Item 071,1,464.98,Restaurant 011,Burgers,2025-01
7361,2,122,2025-01-26,3,Preparation Error,2485.05,Menu Item 122,2,828.35,Restaurant 002,Pizza,2025-01
7362,19,99,2025-04-10,2,Overproduction,223.48,Menu Item 099,9,111.74,Restaurant 019,Beverages,2025-04
7363,14,94,2025-11-09,8,Preparation Error,2199.28,Menu Item 094,4,274.91,Restaurant 014,Rice,2025-11
7364,18,118,2025-09-15,1,Unsold,309.0,Menu Item 118,8,309.0,Restaurant 018,Desserts,2025-09
7365,15,55,2025-11-20,1,Spoilage,932.62,Menu Item 055,5,932.62,Restaurant 015,BBQ,2025-11
7366,9,109,2025-04-06,8,Expired,1771.44,Menu Item 109,9,221.43,Restaurant 009,Beverages,2025-04
7367,13,53,2025-07-02,2,Expired,597.06,Menu Item 053,3,298.53,Restaurant 013,Biryani,2025-07
7368,7,67,2025-06-02,5,Expired,3177.8,Menu Item 067,7,635.56,Restaurant 007,Sandwiches,2025-06
7369,9,9,2025-08-24,2,Preparation Error,280.7,Menu Item 009,9,140.35,Restaurant 009,Beverages,2025-08
7370,18,118,2025-11-07,8,Overproduction,2472.0,Menu Item 118,8,309.0,Restaurant 018,Desserts,2025-11
7371,18,138,2025-08-21,2,Unsold,309.2,Menu Item 138,8,154.6,Restaurant 018,Desserts,2025-08
7372,20,80,2025-12-01,2,Damaged,222.1,Menu Item 080,10,111.05,Restaurant 020,Salads,2025-12
7373,5,85,2025-05-21,1,Unsold,355.11,Menu Item 085,5,355.11,Restaurant 005,BBQ,2025-05
7374,4,84,2025-01-14,1,Overproduction,350.73,Menu Item 084,4,350.73,Restaurant 004,Rice,2025-01
7375,3,23,2025-04-11,2,Spoilage,540.46,Menu Item 023,3,270.23,Restaurant 003,Biryani,2025-04
7376,2,82,2025-02-21,2,Preparation Error,1202.9,Menu Item 082,2,601.45,Restaurant 002,Pizza,2025-02
7377,12,72,2025-11-20,10,Expired,2757.8,Menu Item 072,2,275.78,Restaurant 012,Pizza,2025-11
7378,15,115,2025-08-27,2,Overproduction,1607.8,Menu Item 115,5,803.9,Restaurant 015,BBQ,2025-08
7379,17,97,2025-05-01,1,Unsold,454.04,Menu Item 097,7,454.04,Restaurant 017,Sandwiches,2025-05
7380,9,69,2025-07-18,3,Unsold,284.4,Menu Item 069,9,94.8,Restaurant 009,Beverages,2025-07
7381,14,74,2025-10-23,3,Preparation Error,467.7,Menu Item 074,4,155.9,Restaurant 014,Rice,2025-10
7382,17,97,2025-04-23,1,Overproduction,454.04,Menu Item 097,7,454.04,Restaurant 017,Sandwiches,2025-04
7383,19,39,2025-12-04,5,Damaged,443.7,Menu Item 039,9,88.74,Restaurant 019,Beverages,2025-12
7384,1,21,2025-09-02,1,Spoilage,322.28,Menu Item 021,1,322.28,Restaurant 001,Burgers,2025-09
7385,15,115,2025-03-28,2,Overproduction,1607.8,Menu Item 115,5,803.9,Restaurant 015,BBQ,2025-03
7386,19,39,2025-04-11,3,Expired,266.22,Menu Item 039,9,88.74,Restaurant 019,Beverages,2025-04
7387,10,70,2025-06-13,2,Damaged,414.5,Menu Item 070,10,207.25,Restaurant 010,Salads,2025-06
7388,8,28,2025-10-05,1,Overproduction,378.16,Menu Item 028,8,378.16,Restaurant 008,Desserts,2025-10
7389,11,31,2025-11-16,1,Expired,322.62,Menu Item 031,1,322.62,Restaurant 011,Burgers,2025-11
7390,19,99,2025-10-09,3,Spoilage,335.22,Menu Item 099,9,111.74,Restaurant 019,Beverages,2025-10
7391,5,45,2025-02-18,1,Spoilage,389.94,Menu Item 045,5,389.94,Restaurant 005,BBQ,2025-02
7392,4,44,2025-03-18,1,Expired,440.72,Menu Item 044,4,440.72,Restaurant 004,Rice,2025-03
7393,12,72,2025-11-03,1,Spoilage,275.78,Menu Item 072,2,275.78,Restaurant 012,Pizza,2025-11
7394,10,110,2025-05-24,1,Damaged,219.27,Menu Item 110,10,219.27,Restaurant 010,Salads,2025-05
7395,3,143,2025-07-25,5,Spoilage,1775.0,Menu Item 143,3,355.0,Restaurant 003,Biryani,2025-07
7396,19,119,2025-03-13,1,Expired,104.64,Menu Item 119,9,104.64,Restaurant 019,Beverages,2025-03
7397,1,141,2025-04-22,1,Unsold,252.11,Menu Item 141,1,252.11,Restaurant 001,Burgers,2025-04
7398,8,48,2025-06-02,1,Spoilage,194.92,Menu Item 048,8,194.92,Restaurant 008,Desserts,2025-06
7399,20,100,2025-04-04,1,Spoilage,486.7,Menu Item 100,10,486.7,Restaurant 020,Salads,2025-04
7400,1,21,2025-06-23,3,Preparation Error,966.84,Menu Item 021,1,322.28,Restaurant 001,Burgers,2025-06
7401,20,140,2025-04-24,5,Spoilage,892.0,Menu Item 140,10,178.4,Restaurant 020,Salads,2025-04
7402,4,84,2025-12-05,2,Preparation Error,701.46,Menu Item 084,4,350.73,Restaurant 004,Rice,2025-12
7403,4,44,2025-06-06,2,Preparation Error,881.44,Menu Item 044,4,440.72,Restaurant 004,Rice,2025-06
7404,7,127,2025-08-17,3,Unsold,1002.24,Menu Item 127,7,334.08,Restaurant 007,Sandwiches,2025-08
7405,5,45,2025-04-28,1,Unsold,389.94,Menu Item 045,5,389.94,Restaurant 005,BBQ,2025-04
7406,9,89,2025-09-06,1,Unsold,266.36,Menu Item 089,9,266.36,Restaurant 009,Beverages,2025-09
7407,8,108,2025-06-19,2,Expired,830.16,Menu Item 108,8,415.08,Restaurant 008,Desserts,2025-06
7408,16,136,2025-10-08,8,Spoilage,3458.96,Menu Item 136,6,432.37,Restaurant 016,Pasta,2025-10
7409,12,52,2025-03-10,2,Damaged,927.2,Menu Item 052,2,463.6,Restaurant 012,Pizza,2025-03
7410,5,85,2025-09-01,1,Preparation Error,355.11,Menu Item 085,5,355.11,Restaurant 005,BBQ,2025-09
7411,3,123,2025-12-25,3,Damaged,1096.62,Menu Item 123,3,365.54,Restaurant 003,Biryani,2025-12
7412,12,92,2025-11-17,1,Overproduction,464.37,Menu Item 092,2,464.37,Restaurant 012,Pizza,2025-11
7413,9,149,2025-12-23,3,Unsold,717.54,Menu Item 149,9,239.18,Restaurant 009,Beverages,2025-12
7414,5,45,2025-03-18,3,Damaged,1169.82,Menu Item 045,5,389.94,Restaurant 005,BBQ,2025-03
7415,16,56,2025-06-24,1,Expired,390.6,Menu Item 056,6,390.6,Restaurant 016,Pasta,2025-06
7416,9,109,2025-02-10,3,Expired,664.29,Menu Item 109,9,221.43,Restaurant 009,Beverages,2025-02
7417,2,2,2025-08-01,5,Expired,4111.5,Menu Item 002,2,822.3,Restaurant 002,Pizza,2025-08
7418,15,135,2025-01-15,1,Damaged,300.49,Menu Item 135,5,300.49,Restaurant 015,BBQ,2025-01
7419,18,98,2025-06-10,10,Preparation Error,3736.5,Menu Item 098,8,373.65,Restaurant 018,Desserts,2025-06
7420,11,111,2025-04-22,2,Spoilage,652.38,Menu Item 111,1,326.19,Restaurant 011,Burgers,2025-04
7421,5,25,2025-08-10,2,Damaged,2055.42,Menu Item 025,5,1027.71,Restaurant 005,BBQ,2025-08
7422,14,74,2025-06-01,8,Overproduction,1247.2,Menu Item 074,4,155.9,Restaurant 014,Rice,2025-06
7423,5,45,2025-07-23,3,Damaged,1169.82,Menu Item 045,5,389.94,Restaurant 005,BBQ,2025-07
7424,9,49,2025-01-12,1,Damaged,254.28,Menu Item 049,9,254.28,Restaurant 009,Beverages,2025-01
7425,20,100,2025-04-18,2,Overproduction,973.4,Menu Item 100,10,486.7,Restaurant 020,Salads,2025-04
7426,15,115,2025-04-04,2,Spoilage,1607.8,Menu Item 115,5,803.9,Restaurant 015,BBQ,2025-04
7427,5,25,2025-04-10,1,Expired,1027.71,Menu Item 025,5,1027.71,Restaurant 005,BBQ,2025-04
7428,14,94,2025-11-17,3,Unsold,824.73,Menu Item 094,4,274.91,Restaurant 014,Rice,2025-11
7429,16,36,2025-01-13,1,Overproduction,450.9,Menu Item 036,6,450.9,Restaurant 016,Pasta,2025-01
7430,2,22,2025-02-20,3,Spoilage,970.41,Menu Item 022,2,323.47,Restaurant 002,Pizza,2025-02
7431,16,16,2025-05-10,1,Preparation Error,338.34,Menu Item 016,6,338.34,Restaurant 016,Pasta,2025-05
7432,9,9,2025-03-05,2,Expired,280.7,Menu Item 009,9,140.35,Restaurant 009,Beverages,2025-03
7433,4,24,2025-01-21,1,Unsold,498.37,Menu Item 024,4,498.37,Restaurant 004,Rice,2025-01
7434,9,89,2025-03-07,5,Overproduction,1331.8,Menu Item 089,9,266.36,Restaurant 009,Beverages,2025-03
7435,3,3,2025-12-23,3,Unsold,677.88,Menu Item 003,3,225.96,Restaurant 003,Biryani,2025-12
7436,2,62,2025-01-04,1,Spoilage,509.77,Menu Item 062,2,509.77,Restaurant 002,Pizza,2025-01
7437,6,66,2025-07-22,5,Expired,2093.9,Menu Item 066,6,418.78,Restaurant 006,Pasta,2025-07
7438,19,39,2025-07-10,2,Unsold,177.48,Menu Item 039,9,88.74,Restaurant 019,Beverages,2025-07
7439,10,70,2025-01-12,1,Expired,207.25,Menu Item 070,10,207.25,Restaurant 010,Salads,2025-01
7440,15,55,2025-04-10,3,Preparation Error,2797.86,Menu Item 055,5,932.62,Restaurant 015,BBQ,2025-04
7441,4,64,2025-02-11,1,Overproduction,256.46,Menu Item 064,4,256.46,Restaurant 004,Rice,2025-02
7442,13,93,2025-11-08,3,Damaged,1660.83,Menu Item 093,3,553.61,Restaurant 013,Biryani,2025-11
7443,14,114,2025-02-12,3,Preparation Error,1634.67,Menu Item 114,4,544.89,Restaurant 014,Rice,2025-02
7444,4,24,2025-11-11,3,Overproduction,1495.11,Menu Item 024,4,498.37,Restaurant 004,Rice,2025-11
7445,4,124,2025-07-07,3,Unsold,448.71,Menu Item 124,4,149.57,Restaurant 004,Rice,2025-07
7446,13,113,2025-02-28,1,Expired,230.81,Menu Item 113,3,230.81,Restaurant 013,Biryani,2025-02
7447,14,94,2025-03-27,1,Expired,274.91,Menu Item 094,4,274.91,Restaurant 014,Rice,2025-03
7448,7,147,2025-03-07,1,Spoilage,224.8,Menu Item 147,7,224.8,Restaurant 007,Sandwiches,2025-03
7449,10,50,2025-04-16,1,Expired,158.1,Menu Item 050,10,158.1,Restaurant 010,Salads,2025-04
7450,5,65,2025-01-06,2,Damaged,1031.48,Menu Item 065,5,515.74,Restaurant 005,BBQ,2025-01
7451,11,111,2025-04-01,1,Unsold,326.19,Menu Item 111,1,326.19,Restaurant 011,Burgers,2025-04
7452,1,101,2025-08-16,8,Spoilage,2548.08,Menu Item 101,1,318.51,Restaurant 001,Burgers,2025-08
7453,15,75,2025-05-03,1,Preparation Error,422.0,Menu Item 075,5,422.0,Restaurant 015,BBQ,2025-05
7454,19,119,2025-12-23,1,Damaged,104.64,Menu Item 119,9,104.64,Restaurant 019,Beverages,2025-12
7455,6,46,2025-03-07,1,Spoilage,633.91,Menu Item 046,6,633.91,Restaurant 006,Pasta,2025-03
7456,19,119,2025-04-24,1,Overproduction,104.64,Menu Item 119,9,104.64,Restaurant 019,Beverages,2025-04
7457,15,135,2025-12-24,3,Expired,901.47,Menu Item 135,5,300.49,Restaurant 015,BBQ,2025-12
7458,9,9,2025-06-27,2,Overproduction,280.7,Menu Item 009,9,140.35,Restaurant 009,Beverages,2025-06
7459,15,15,2025-08-13,2,Expired,993.94,Menu Item 015,5,496.97,Restaurant 015,BBQ,2025-08
7460,19,79,2025-05-08,2,Damaged,261.0,Menu Item 079,9,130.5,Restaurant 019,Beverages,2025-05
7461,8,108,2025-07-17,3,Spoilage,1245.24,Menu Item 108,8,415.08,Restaurant 008,Desserts,2025-07
7462,9,9,2025-11-26,1,Expired,140.35,Menu Item 009,9,140.35,Restaurant 009,Beverages,2025-11
7463,9,109,2025-07-03,1,Expired,221.43,Menu Item 109,9,221.43,Restaurant 009,Beverages,2025-07
7464,10,70,2025-04-04,1,Overproduction,207.25,Menu Item 070,10,207.25,Restaurant 010,Salads,2025-04
7465,11,111,2025-09-22,2,Overproduction,652.38,Menu Item 111,1,326.19,Restaurant 011,Burgers,2025-09
7466,19,39,2025-06-07,1,Expired,88.74,Menu Item 039,9,88.74,Restaurant 019,Beverages,2025-06
7467,6,106,2025-02-02,2,Spoilage,554.26,Menu Item 106,6,277.13,Restaurant 006,Pasta,2025-02
7468,10,10,2025-11-25,3,Preparation Error,429.9,Menu Item 010,10,143.3,Restaurant 010,Salads,2025-11
7469,8,148,2025-03-20,2,Overproduction,675.28,Menu Item 148,8,337.64,Restaurant 008,Desserts,2025-03
7470,3,123,2025-11-15,2,Unsold,731.08,Menu Item 123,3,365.54,Restaurant 003,Biryani,2025-11
7471,9,129,2025-02-12,1,Spoilage,100.2,Menu Item 129,9,100.2,Restaurant 009,Beverages,2025-02
7472,4,44,2025-09-12,1,Damaged,440.72,Menu Item 044,4,440.72,Restaurant 004,Rice,2025-09
7473,11,91,2025-12-27,8,Spoilage,2966.32,Menu Item 091,1,370.79,Restaurant 011,Burgers,2025-12
7474,8,88,2025-08-02,1,Damaged,225.63,Menu Item 088,8,225.63,Restaurant 008,Desserts,2025-08
7475,16,36,2025-10-07,1,Preparation Error,450.9,Menu Item 036,6,450.9,Restaurant 016,Pasta,2025-10
7476,1,81,2025-05-20,1,Damaged,514.47,Menu Item 081,1,514.47,Restaurant 001,Burgers,2025-05
7477,1,21,2025-11-02,2,Expired,644.56,Menu Item 021,1,322.28,Restaurant 001,Burgers,2025-11
7478,10,150,2025-06-20,1,Spoilage,377.34,Menu Item 150,10,377.34,Restaurant 010,Salads,2025-06
7479,7,107,2025-06-05,2,Preparation Error,945.16,Menu Item 107,7,472.58,Restaurant 007,Sandwiches,2025-06
7480,5,25,2025-02-21,1,Spoilage,1027.71,Menu Item 025,5,1027.71,Restaurant 005,BBQ,2025-02
7481,1,121,2025-10-05,1,Preparation Error,375.3,Menu Item 121,1,375.3,Restaurant 001,Burgers,2025-10
7482,1,41,2025-04-28,2,Damaged,509.02,Menu Item 041,1,254.51,Restaurant 001,Burgers,2025-04
7483,6,126,2025-07-14,3,Preparation Error,2011.89,Menu Item 126,6,670.63,Restaurant 006,Pasta,2025-07
7484,1,141,2025-12-09,2,Damaged,504.22,Menu Item 141,1,252.11,Restaurant 001,Burgers,2025-12
7485,16,56,2025-04-21,1,Overproduction,390.6,Menu Item 056,6,390.6,Restaurant 016,Pasta,2025-04
7486,1,1,2025-03-26,1,Spoilage,428.12,Menu Item 001,1,428.12,Restaurant 001,Burgers,2025-03
7487,7,127,2025-01-28,1,Unsold,334.08,Menu Item 127,7,334.08,Restaurant 007,Sandwiches,2025-01
7488,17,97,2025-05-22,8,Expired,3632.32,Menu Item 097,7,454.04,Restaurant 017,Sandwiches,2025-05
7489,20,140,2025-11-15,3,Spoilage,535.2,Menu Item 140,10,178.4,Restaurant 020,Salads,2025-11
7490,8,88,2025-02-08,8,Damaged,1805.04,Menu Item 088,8,225.63,Restaurant 008,Desserts,2025-02
7491,19,119,2025-04-22,8,Damaged,837.12,Menu Item 119,9,104.64,Restaurant 019,Beverages,2025-04
7492,4,64,2025-12-21,2,Spoilage,512.92,Menu Item 064,4,256.46,Restaurant 004,Rice,2025-12
7493,7,47,2025-08-14,1,Unsold,531.56,Menu Item 047,7,531.56,Restaurant 007,Sandwiches,2025-08
7494,11,71,2025-11-20,2,Unsold,929.96,Menu Item 071,1,464.98,Restaurant 011,Burgers,2025-11
7495,1,121,2025-11-26,1,Preparation Error,375.3,Menu Item 121,1,375.3,Restaurant 001,Burgers,2025-11
7496,6,106,2025-05-18,3,Unsold,831.39,Menu Item 106,6,277.13,Restaurant 006,Pasta,2025-05
7497,4,44,2025-07-22,3,Unsold,1322.16,Menu Item 044,4,440.72,Restaurant 004,Rice,2025-07
7498,8,148,2025-05-19,2,Expired,675.28,Menu Item 148,8,337.64,Restaurant 008,Desserts,2025-05
7499,2,102,2025-05-05,1,Preparation Error,774.17,Menu Item 102,2,774.17,Restaurant 002,Pizza,2025-05
7500,15,35,2025-01-13,3,Overproduction,1311.18,Menu Item 035,5,437.06,Restaurant 015,BBQ,2025-01
7501,9,89,2025-01-01,2,Expired,532.72,Menu Item 089,9,266.36,Restaurant 009,Beverages,2025-01
7502,12,12,2025-10-28,3,Preparation Error,2349.3,Menu Item 012,2,783.1,Restaurant 012,Pizza,2025-10
7503,15,95,2025-07-09,2,Overproduction,1363.76,Menu Item 095,5,681.88,Restaurant 015,BBQ,2025-07
7504,16,36,2025-10-27,5,Overproduction,2254.5,Menu Item 036,6,450.9,Restaurant 016,Pasta,2025-10
7505,13,113,2025-09-03,2,Preparation Error,461.62,Menu Item 113,3,230.81,Restaurant 013,Biryani,2025-09
7506,1,121,2025-05-28,2,Spoilage,750.6,Menu Item 121,1,375.3,Restaurant 001,Burgers,2025-05
7507,12,52,2025-11-26,1,Spoilage,463.6,Menu Item 052,2,463.6,Restaurant 012,Pizza,2025-11
7508,1,1,2025-06-27,1,Overproduction,428.12,Menu Item 001,1,428.12,Restaurant 001,Burgers,2025-06
7509,8,128,2025-06-06,2,Spoilage,694.58,Menu Item 128,8,347.29,Restaurant 008,Desserts,2025-06
7510,2,22,2025-10-02,2,Preparation Error,646.94,Menu Item 022,2,323.47,Restaurant 002,Pizza,2025-10
7511,5,25,2025-09-25,3,Spoilage,3083.13,Menu Item 025,5,1027.71,Restaurant 005,BBQ,2025-09
7512,16,96,2025-05-28,1,Expired,405.22,Menu Item 096,6,405.22,Restaurant 016,Pasta,2025-05
7513,4,84,2025-12-09,1,Spoilage,350.73,Menu Item 084,4,350.73,Restaurant 004,Rice,2025-12
7514,18,98,2025-11-03,2,Spoilage,747.3,Menu Item 098,8,373.65,Restaurant 018,Desserts,2025-11
7515,4,64,2025-06-25,3,Expired,769.38,Menu Item 064,4,256.46,Restaurant 004,Rice,2025-06
7516,15,15,2025-05-10,1,Unsold,496.97,Menu Item 015,5,496.97,Restaurant 015,BBQ,2025-05
7517,19,19,2025-05-16,1,Expired,179.99,Menu Item 019,9,179.99,Restaurant 019,Beverages,2025-05
7518,6,26,2025-12-18,2,Expired,1213.12,Menu Item 026,6,606.56,Restaurant 006,Pasta,2025-12
7519,10,110,2025-08-19,2,Damaged,438.54,Menu Item 110,10,219.27,Restaurant 010,Salads,2025-08
7520,10,70,2025-10-19,10,Spoilage,2072.5,Menu Item 070,10,207.25,Restaurant 010,Salads,2025-10
7521,18,138,2025-04-13,2,Spoilage,309.2,Menu Item 138,8,154.6,Restaurant 018,Desserts,2025-04
7522,20,40,2025-02-12,5,Spoilage,1381.2,Menu Item 040,10,276.24,Restaurant 020,Salads,2025-02
7523,14,114,2025-10-11,3,Overproduction,1634.67,Menu Item 114,4,544.89,Restaurant 014,Rice,2025-10
7524,6,26,2025-06-28,2,Unsold,1213.12,Menu Item 026,6,606.56,Restaurant 006,Pasta,2025-06
7525,2,122,2025-08-11,5,Expired,4141.75,Menu Item 122,2,828.35,Restaurant 002,Pizza,2025-08
7526,7,47,2025-03-17,3,Expired,1594.68,Menu Item 047,7,531.56,Restaurant 007,Sandwiches,2025-03
7527,3,103,2025-06-18,3,Damaged,1471.47,Menu Item 103,3,490.49,Restaurant 003,Biryani,2025-06
7528,9,129,2025-09-16,1,Expired,100.2,Menu Item 129,9,100.2,Restaurant 009,Beverages,2025-09
7529,3,143,2025-06-13,5,Overproduction,1775.0,Menu Item 143,3,355.0,Restaurant 003,Biryani,2025-06
7530,5,45,2025-03-24,1,Overproduction,389.94,Menu Item 045,5,389.94,Restaurant 005,BBQ,2025-03
7531,13,113,2025-03-04,1,Expired,230.81,Menu Item 113,3,230.81,Restaurant 013,Biryani,2025-03
7532,4,4,2025-05-28,2,Unsold,303.36,Menu Item 004,4,151.68,Restaurant 004,Rice,2025-05
7533,9,109,2025-11-24,5,Damaged,1107.15,Menu Item 109,9,221.43,Restaurant 009,Beverages,2025-11
7534,4,124,2025-09-16,3,Damaged,448.71,Menu Item 124,4,149.57,Restaurant 004,Rice,2025-09
7535,15,95,2025-06-19,3,Preparation Error,2045.64,Menu Item 095,5,681.88,Restaurant 015,BBQ,2025-06
7536,12,132,2025-04-04,3,Damaged,1926.18,Menu Item 132,2,642.06,Restaurant 012,Pizza,2025-04
7537,17,17,2025-10-15,2,Preparation Error,584.68,Menu Item 017,7,292.34,Restaurant 017,Sandwiches,2025-10
7538,18,58,2025-08-02,8,Unsold,2882.0,Menu Item 058,8,360.25,Restaurant 018,Desserts,2025-08
7539,6,66,2025-08-11,1,Overproduction,418.78,Menu Item 066,6,418.78,Restaurant 006,Pasta,2025-08
7540,14,34,2025-07-05,2,Preparation Error,928.64,Menu Item 034,4,464.32,Restaurant 014,Rice,2025-07
7541,15,75,2025-09-24,2,Expired,844.0,Menu Item 075,5,422.0,Restaurant 015,BBQ,2025-09
7542,3,23,2025-11-10,2,Damaged,540.46,Menu Item 023,3,270.23,Restaurant 003,Biryani,2025-11
7543,8,68,2025-11-16,2,Expired,228.12,Menu Item 068,8,114.06,Restaurant 008,Desserts,2025-11
7544,19,59,2025-04-23,1,Spoilage,189.87,Menu Item 059,9,189.87,Restaurant 019,Beverages,2025-04
7545,15,75,2025-10-01,1,Spoilage,422.0,Menu Item 075,5,422.0,Restaurant 015,BBQ,2025-10
7546,4,84,2025-04-26,1,Spoilage,350.73,Menu Item 084,4,350.73,Restaurant 004,Rice,2025-04
7547,3,43,2025-02-20,3,Spoilage,1139.1,Menu Item 043,3,379.7,Restaurant 003,Biryani,2025-02
7548,18,138,2025-11-04,1,Damaged,154.6,Menu Item 138,8,154.6,Restaurant 018,Desserts,2025-11
7549,6,86,2025-02-26,3,Unsold,1434.93,Menu Item 086,6,478.31,Restaurant 006,Pasta,2025-02
7550,1,61,2025-02-14,2,Preparation Error,991.42,Menu Item 061,1,495.71,Restaurant 001,Burgers,2025-02
7551,10,150,2025-04-05,2,Unsold,754.68,Menu Item 150,10,377.34,Restaurant 010,Salads,2025-04
7552,9,89,2025-09-10,3,Preparation Error,799.08,Menu Item 089,9,266.36,Restaurant 009,Beverages,2025-09
7553,10,90,2025-12-28,2,Preparation Error,381.92,Menu Item 090,10,190.96,Restaurant 010,Salads,2025-12
7554,6,86,2025-10-20,8,Damaged,3826.48,Menu Item 086,6,478.31,Restaurant 006,Pasta,2025-10
7555,1,41,2025-08-09,3,Spoilage,763.53,Menu Item 041,1,254.51,Restaurant 001,Burgers,2025-08
7556,18,58,2025-04-08,3,Overproduction,1080.75,Menu Item 058,8,360.25,Restaurant 018,Desserts,2025-04
7557,9,9,2025-03-27,3,Unsold,421.05,Menu Item 009,9,140.35,Restaurant 009,Beverages,2025-03
7558,9,69,2025-06-02,1,Unsold,94.8,Menu Item 069,9,94.8,Restaurant 009,Beverages,2025-06
7559,20,60,2025-02-16,8,Spoilage,2649.28,Menu Item 060,10,331.16,Restaurant 020,Salads,2025-02
7560,1,141,2025-09-11,2,Spoilage,504.22,Menu Item 141,1,252.11,Restaurant 001,Burgers,2025-09
7561,12,32,2025-05-22,2,Unsold,1476.6,Menu Item 032,2,738.3,Restaurant 012,Pizza,2025-05
7562,2,142,2025-09-18,5,Spoilage,4596.75,Menu Item 142,2,919.35,Restaurant 002,Pizza,2025-09
7563,10,150,2025-03-04,3,Damaged,1132.02,Menu Item 150,10,377.34,Restaurant 010,Salads,2025-03
7564,17,57,2025-04-03,2,Damaged,629.04,Menu Item 057,7,314.52,Restaurant 017,Sandwiches,2025-04
7565,2,22,2025-11-24,1,Preparation Error,323.47,Menu Item 022,2,323.47,Restaurant 002,Pizza,2025-11
7566,15,55,2025-12-02,5,Expired,4663.1,Menu Item 055,5,932.62,Restaurant 015,BBQ,2025-12
7567,6,46,2025-01-07,1,Overproduction,633.91,Menu Item 046,6,633.91,Restaurant 006,Pasta,2025-01
7568,5,45,2025-05-24,1,Damaged,389.94,Menu Item 045,5,389.94,Restaurant 005,BBQ,2025-05
7569,15,95,2025-05-17,3,Expired,2045.64,Menu Item 095,5,681.88,Restaurant 015,BBQ,2025-05
7570,7,127,2025-04-05,2,Unsold,668.16,Menu Item 127,7,334.08,Restaurant 007,Sandwiches,2025-04
7571,8,108,2025-05-11,1,Unsold,415.08,Menu Item 108,8,415.08,Restaurant 008,Desserts,2025-05
7572,13,73,2025-08-12,1,Spoilage,231.75,Menu Item 073,3,231.75,Restaurant 013,Biryani,2025-08
7573,19,139,2025-02-15,3,Overproduction,382.62,Menu Item 139,9,127.54,Restaurant 019,Beverages,2025-02
7574,10,50,2025-11-17,1,Expired,158.1,Menu Item 050,10,158.1,Restaurant 010,Salads,2025-11
7575,3,143,2025-02-02,3,Overproduction,1065.0,Menu Item 143,3,355.0,Restaurant 003,Biryani,2025-02
7576,4,104,2025-10-09,1,Spoilage,167.96,Menu Item 104,4,167.96,Restaurant 004,Rice,2025-10
7577,7,27,2025-01-01,1,Damaged,337.71,Menu Item 027,7,337.71,Restaurant 007,Sandwiches,2025-01
7578,14,14,2025-02-02,1,Expired,231.23,Menu Item 014,4,231.23,Restaurant 014,Rice,2025-02
7579,15,75,2025-11-12,2,Unsold,844.0,Menu Item 075,5,422.0,Restaurant 015,BBQ,2025-11
7580,11,71,2025-11-03,3,Unsold,1394.94,Menu Item 071,1,464.98,Restaurant 011,Burgers,2025-11
7581,16,16,2025-03-15,2,Unsold,676.68,Menu Item 016,6,338.34,Restaurant 016,Pasta,2025-03
7582,1,41,2025-03-21,2,Damaged,509.02,Menu Item 041,1,254.51,Restaurant 001,Burgers,2025-03
7583,19,119,2025-08-19,2,Expired,209.28,Menu Item 119,9,104.64,Restaurant 019,Beverages,2025-08
7584,9,149,2025-10-19,1,Preparation Error,239.18,Menu Item 149,9,239.18,Restaurant 009,Beverages,2025-10
7585,20,40,2025-04-23,2,Overproduction,552.48,Menu Item 040,10,276.24,Restaurant 020,Salads,2025-04
7586,8,68,2025-03-02,2,Preparation Error,228.12,Menu Item 068,8,114.06,Restaurant 008,Desserts,2025-03
7587,13,133,2025-10-03,5,Preparation Error,2544.15,Menu Item 133,3,508.83,Restaurant 013,Biryani,2025-10
7588,10,110,2025-01-15,1,Expired,219.27,Menu Item 110,10,219.27,Restaurant 010,Salads,2025-01
7589,20,120,2025-12-19,2,Damaged,455.66,Menu Item 120,10,227.83,Restaurant 020,Salads,2025-12
7590,7,7,2025-02-20,2,Damaged,955.14,Menu Item 007,7,477.57,Restaurant 007,Sandwiches,2025-02
7591,15,35,2025-06-16,2,Unsold,874.12,Menu Item 035,5,437.06,Restaurant 015,BBQ,2025-06
7592,12,52,2025-06-17,5,Unsold,2318.0,Menu Item 052,2,463.6,Restaurant 012,Pizza,2025-06
7593,1,61,2025-09-28,1,Overproduction,495.71,Menu Item 061,1,495.71,Restaurant 001,Burgers,2025-09
7594,13,13,2025-07-07,3,Expired,1167.84,Menu Item 013,3,389.28,Restaurant 013,Biryani,2025-07
7595,10,50,2025-06-26,1,Spoilage,158.1,Menu Item 050,10,158.1,Restaurant 010,Salads,2025-06
7596,8,28,2025-06-03,5,Spoilage,1890.8,Menu Item 028,8,378.16,Restaurant 008,Desserts,2025-06
7597,13,133,2025-11-27,2,Unsold,1017.66,Menu Item 133,3,508.83,Restaurant 013,Biryani,2025-11
7598,15,115,2025-04-26,1,Unsold,803.9,Menu Item 115,5,803.9,Restaurant 015,BBQ,2025-04
7599,2,42,2025-06-10,2,Overproduction,935.42,Menu Item 042,2,467.71,Restaurant 002,Pizza,2025-06
7600,17,137,2025-05-25,1,Expired,353.74,Menu Item 137,7,353.74,Restaurant 017,Sandwiches,2025-05
7601,11,51,2025-03-27,8,Spoilage,2902.48,Menu Item 051,1,362.81,Restaurant 011,Burgers,2025-03
7602,18,138,2025-10-28,2,Overproduction,309.2,Menu Item 138,8,154.6,Restaurant 018,Desserts,2025-10
7603,9,69,2025-11-21,2,Overproduction,189.6,Menu Item 069,9,94.8,Restaurant 009,Beverages,2025-11
7604,11,71,2025-03-09,2,Spoilage,929.96,Menu Item 071,1,464.98,Restaurant 011,Burgers,2025-03
7605,6,26,2025-12-16,5,Overproduction,3032.8,Menu Item 026,6,606.56,Restaurant 006,Pasta,2025-12
7606,19,19,2025-03-14,2,Spoilage,359.98,Menu Item 019,9,179.99,Restaurant 019,Beverages,2025-03
7607,12,132,2025-02-02,3,Preparation Error,1926.18,Menu Item 132,2,642.06,Restaurant 012,Pizza,2025-02
7608,2,2,2025-02-13,5,Spoilage,4111.5,Menu Item 002,2,822.3,Restaurant 002,Pizza,2025-02
7609,2,62,2025-11-03,2,Damaged,1019.54,Menu Item 062,2,509.77,Restaurant 002,Pizza,2025-11
7610,18,58,2025-05-01,2,Unsold,720.5,Menu Item 058,8,360.25,Restaurant 018,Desserts,2025-05
7611,16,56,2025-07-21,3,Overproduction,1171.8,Menu Item 056,6,390.6,Restaurant 016,Pasta,2025-07
7612,17,97,2025-06-12,5,Expired,2270.2,Menu Item 097,7,454.04,Restaurant 017,Sandwiches,2025-06
7613,6,126,2025-10-22,2,Unsold,1341.26,Menu Item 126,6,670.63,Restaurant 006,Pasta,2025-10
7614,5,105,2025-02-23,1,Spoilage,596.54,Menu Item 105,5,596.54,Restaurant 005,BBQ,2025-02
7615,17,17,2025-06-10,1,Damaged,292.34,Menu Item 017,7,292.34,Restaurant 017,Sandwiches,2025-06
7616,8,8,2025-04-11,1,Overproduction,307.72,Menu Item 008,8,307.72,Restaurant 008,Desserts,2025-04
7617,16,56,2025-11-25,2,Expired,781.2,Menu Item 056,6,390.6,Restaurant 016,Pasta,2025-11
7618,6,126,2025-03-21,2,Expired,1341.26,Menu Item 126,6,670.63,Restaurant 006,Pasta,2025-03
7619,11,71,2025-06-03,2,Spoilage,929.96,Menu Item 071,1,464.98,Restaurant 011,Burgers,2025-06
7620,18,18,2025-05-02,1,Preparation Error,334.39,Menu Item 018,8,334.39,Restaurant 018,Desserts,2025-05
7621,18,58,2025-01-28,2,Preparation Error,720.5,Menu Item 058,8,360.25,Restaurant 018,Desserts,2025-01
7622,9,49,2025-11-18,3,Unsold,762.84,Menu Item 049,9,254.28,Restaurant 009,Beverages,2025-11
7623,4,144,2025-09-17,5,Unsold,1216.25,Menu Item 144,4,243.25,Restaurant 004,Rice,2025-09
7624,10,90,2025-07-15,5,Damaged,954.8,Menu Item 090,10,190.96,Restaurant 010,Salads,2025-07
7625,5,145,2025-04-02,3,Expired,1289.64,Menu Item 145,5,429.88,Restaurant 005,BBQ,2025-04
7626,9,129,2025-11-13,3,Spoilage,300.6,Menu Item 129,9,100.2,Restaurant 009,Beverages,2025-11
7627,13,73,2025-08-25,3,Unsold,695.25,Menu Item 073,3,231.75,Restaurant 013,Biryani,2025-08
7628,15,35,2025-10-25,1,Expired,437.06,Menu Item 035,5,437.06,Restaurant 015,BBQ,2025-10
7629,17,77,2025-09-03,1,Overproduction,598.63,Menu Item 077,7,598.63,Restaurant 017,Sandwiches,2025-09
7630,13,53,2025-05-14,3,Overproduction,895.59,Menu Item 053,3,298.53,Restaurant 013,Biryani,2025-05
7631,11,31,2025-05-02,1,Overproduction,322.62,Menu Item 031,1,322.62,Restaurant 011,Burgers,2025-05
7632,4,84,2025-05-24,1,Overproduction,350.73,Menu Item 084,4,350.73,Restaurant 004,Rice,2025-05
7633,8,8,2025-11-12,1,Preparation Error,307.72,Menu Item 008,8,307.72,Restaurant 008,Desserts,2025-11
7634,20,60,2025-02-04,3,Unsold,993.48,Menu Item 060,10,331.16,Restaurant 020,Salads,2025-02
7635,20,100,2025-01-21,2,Preparation Error,973.4,Menu Item 100,10,486.7,Restaurant 020,Salads,2025-01
7636,14,74,2025-08-14,1,Damaged,155.9,Menu Item 074,4,155.9,Restaurant 014,Rice,2025-08
7637,9,129,2025-06-23,2,Expired,200.4,Menu Item 129,9,100.2,Restaurant 009,Beverages,2025-06
7638,11,131,2025-04-19,5,Spoilage,1863.65,Menu Item 131,1,372.73,Restaurant 011,Burgers,2025-04
7639,10,10,2025-06-17,1,Expired,143.3,Menu Item 010,10,143.3,Restaurant 010,Salads,2025-06
7640,11,111,2025-09-10,5,Unsold,1630.95,Menu Item 111,1,326.19,Restaurant 011,Burgers,2025-09
7641,5,45,2025-08-13,3,Preparation Error,1169.82,Menu Item 045,5,389.94,Restaurant 005,BBQ,2025-08
7642,7,87,2025-03-04,1,Damaged,530.98,Menu Item 087,7,530.98,Restaurant 007,Sandwiches,2025-03
7643,19,39,2025-03-13,1,Overproduction,88.74,Menu Item 039,9,88.74,Restaurant 019,Beverages,2025-03
7644,8,148,2025-03-23,5,Damaged,1688.2,Menu Item 148,8,337.64,Restaurant 008,Desserts,2025-03
7645,8,108,2025-08-22,8,Damaged,3320.64,Menu Item 108,8,415.08,Restaurant 008,Desserts,2025-08
7646,13,33,2025-08-13,2,Overproduction,703.0,Menu Item 033,3,351.5,Restaurant 013,Biryani,2025-08
7647,4,24,2025-12-07,3,Damaged,1495.11,Menu Item 024,4,498.37,Restaurant 004,Rice,2025-12
7648,8,148,2025-02-25,2,Spoilage,675.28,Menu Item 148,8,337.64,Restaurant 008,Desserts,2025-02
7649,19,99,2025-01-28,3,Expired,335.22,Menu Item 099,9,111.74,Restaurant 019,Beverages,2025-01
7650,11,11,2025-10-17,3,Preparation Error,1638.72,Menu Item 011,1,546.24,Restaurant 011,Burgers,2025-10
7651,5,145,2025-12-28,2,Overproduction,859.76,Menu Item 145,5,429.88,Restaurant 005,BBQ,2025-12
7652,18,78,2025-11-10,5,Spoilage,1280.55,Menu Item 078,8,256.11,Restaurant 018,Desserts,2025-11
7653,12,72,2025-04-09,2,Damaged,551.56,Menu Item 072,2,275.78,Restaurant 012,Pizza,2025-04
7654,4,144,2025-10-11,1,Damaged,243.25,Menu Item 144,4,243.25,Restaurant 004,Rice,2025-10
7655,11,91,2025-07-05,3,Damaged,1112.37,Menu Item 091,1,370.79,Restaurant 011,Burgers,2025-07
7656,15,75,2025-05-03,2,Unsold,844.0,Menu Item 075,5,422.0,Restaurant 015,BBQ,2025-05
7657,11,71,2025-03-09,8,Expired,3719.84,Menu Item 071,1,464.98,Restaurant 011,Burgers,2025-03
7658,16,136,2025-10-20,2,Expired,864.74,Menu Item 136,6,432.37,Restaurant 016,Pasta,2025-10
7659,17,117,2025-04-13,2,Overproduction,859.46,Menu Item 117,7,429.73,Restaurant 017,Sandwiches,2025-04
7660,6,106,2025-04-22,2,Unsold,554.26,Menu Item 106,6,277.13,Restaurant 006,Pasta,2025-04
7661,2,142,2025-09-22,1,Unsold,919.35,Menu Item 142,2,919.35,Restaurant 002,Pizza,2025-09
7662,20,80,2025-04-09,2,Damaged,222.1,Menu Item 080,10,111.05,Restaurant 020,Salads,2025-04
7663,12,132,2025-03-22,3,Expired,1926.18,Menu Item 132,2,642.06,Restaurant 012,Pizza,2025-03
7664,16,136,2025-06-12,1,Preparation Error,432.37,Menu Item 136,6,432.37,Restaurant 016,Pasta,2025-06
7665,4,104,2025-02-07,2,Unsold,335.92,Menu Item 104,4,167.96,Restaurant 004,Rice,2025-02
7666,17,97,2025-02-13,3,Damaged,1362.12,Menu Item 097,7,454.04,Restaurant 017,Sandwiches,2025-02
7667,11,91,2025-10-08,3,Unsold,1112.37,Menu Item 091,1,370.79,Restaurant 011,Burgers,2025-10
7668,18,118,2025-03-24,10,Preparation Error,3090.0,Menu Item 118,8,309.0,Restaurant 018,Desserts,2025-03
7669,14,134,2025-05-03,2,Overproduction,576.68,Menu Item 134,4,288.34,Restaurant 014,Rice,2025-05
7670,10,50,2025-07-01,3,Spoilage,474.3,Menu Item 050,10,158.1,Restaurant 010,Salads,2025-07
7671,11,11,2025-12-12,2,Unsold,1092.48,Menu Item 011,1,546.24,Restaurant 011,Burgers,2025-12
7672,20,60,2025-01-14,1,Preparation Error,331.16,Menu Item 060,10,331.16,Restaurant 020,Salads,2025-01
7673,9,9,2025-07-18,1,Expired,140.35,Menu Item 009,9,140.35,Restaurant 009,Beverages,2025-07
7674,13,93,2025-01-05,1,Overproduction,553.61,Menu Item 093,3,553.61,Restaurant 013,Biryani,2025-01
7675,6,126,2025-06-16,1,Unsold,670.63,Menu Item 126,6,670.63,Restaurant 006,Pasta,2025-06
7676,14,134,2025-02-28,2,Damaged,576.68,Menu Item 134,4,288.34,Restaurant 014,Rice,2025-02
7677,16,16,2025-01-04,1,Expired,338.34,Menu Item 016,6,338.34,Restaurant 016,Pasta,2025-01
7678,9,9,2025-01-19,5,Expired,701.75,Menu Item 009,9,140.35,Restaurant 009,Beverages,2025-01
7679,15,15,2025-09-04,2,Preparation Error,993.94,Menu Item 015,5,496.97,Restaurant 015,BBQ,2025-09
7680,4,4,2025-04-26,2,Expired,303.36,Menu Item 004,4,151.68,Restaurant 004,Rice,2025-04
7681,1,21,2025-03-16,2,Damaged,644.56,Menu Item 021,1,322.28,Restaurant 001,Burgers,2025-03
7682,1,121,2025-05-05,2,Overproduction,750.6,Menu Item 121,1,375.3,Restaurant 001,Burgers,2025-05
7683,15,35,2025-07-05,2,Unsold,874.12,Menu Item 035,5,437.06,Restaurant 015,BBQ,2025-07
7684,14,54,2025-07-24,5,Preparation Error,910.9,Menu Item 054,4,182.18,Restaurant 014,Rice,2025-07
7685,18,138,2025-03-01,2,Preparation Error,309.2,Menu Item 138,8,154.6,Restaurant 018,Desserts,2025-03
7686,14,74,2025-04-17,5,Overproduction,779.5,Menu Item 074,4,155.9,Restaurant 014,Rice,2025-04
7687,10,70,2025-02-23,3,Preparation Error,621.75,Menu Item 070,10,207.25,Restaurant 010,Salads,2025-02
7688,14,54,2025-09-10,1,Overproduction,182.18,Menu Item 054,4,182.18,Restaurant 014,Rice,2025-09
7689,4,64,2025-02-07,8,Overproduction,2051.68,Menu Item 064,4,256.46,Restaurant 004,Rice,2025-02
7690,6,26,2025-10-28,1,Preparation Error,606.56,Menu Item 026,6,606.56,Restaurant 006,Pasta,2025-10
7691,11,131,2025-09-02,1,Spoilage,372.73,Menu Item 131,1,372.73,Restaurant 011,Burgers,2025-09
7692,20,20,2025-07-12,2,Overproduction,577.02,Menu Item 020,10,288.51,Restaurant 020,Salads,2025-07
7693,18,78,2025-10-26,1,Expired,256.11,Menu Item 078,8,256.11,Restaurant 018,Desserts,2025-10
7694,7,7,2025-09-04,3,Preparation Error,1432.71,Menu Item 007,7,477.57,Restaurant 007,Sandwiches,2025-09
7695,5,105,2025-04-15,2,Preparation Error,1193.08,Menu Item 105,5,596.54,Restaurant 005,BBQ,2025-04
7696,6,46,2025-01-11,1,Expired,633.91,Menu Item 046,6,633.91,Restaurant 006,Pasta,2025-01
7697,3,143,2025-05-04,1,Preparation Error,355.0,Menu Item 143,3,355.0,Restaurant 003,Biryani,2025-05
7698,12,12,2025-12-07,1,Spoilage,783.1,Menu Item 012,2,783.1,Restaurant 012,Pizza,2025-12
7699,14,94,2025-10-17,2,Expired,549.82,Menu Item 094,4,274.91,Restaurant 014,Rice,2025-10
7700,8,48,2025-04-26,2,Preparation Error,389.84,Menu Item 048,8,194.92,Restaurant 008,Desserts,2025-04
7701,1,21,2025-01-24,1,Spoilage,322.28,Menu Item 021,1,322.28,Restaurant 001,Burgers,2025-01
7702,9,49,2025-03-13,1,Spoilage,254.28,Menu Item 049,9,254.28,Restaurant 009,Beverages,2025-03
7703,5,105,2025-08-24,2,Spoilage,1193.08,Menu Item 105,5,596.54,Restaurant 005,BBQ,2025-08
7704,14,94,2025-10-18,1,Preparation Error,274.91,Menu Item 094,4,274.91,Restaurant 014,Rice,2025-10
7705,16,96,2025-05-20,2,Preparation Error,810.44,Menu Item 096,6,405.22,Restaurant 016,Pasta,2025-05
7706,11,91,2025-05-23,2,Preparation Error,741.58,Menu Item 091,1,370.79,Restaurant 011,Burgers,2025-05
7707,3,123,2025-06-05,3,Spoilage,1096.62,Menu Item 123,3,365.54,Restaurant 003,Biryani,2025-06
7708,9,149,2025-10-04,2,Overproduction,478.36,Menu Item 149,9,239.18,Restaurant 009,Beverages,2025-10
7709,19,99,2025-08-24,1,Expired,111.74,Menu Item 099,9,111.74,Restaurant 019,Beverages,2025-08
7710,12,92,2025-05-04,1,Damaged,464.37,Menu Item 092,2,464.37,Restaurant 012,Pizza,2025-05
7711,6,106,2025-07-05,1,Damaged,277.13,Menu Item 106,6,277.13,Restaurant 006,Pasta,2025-07
7712,2,82,2025-06-01,1,Unsold,601.45,Menu Item 082,2,601.45,Restaurant 002,Pizza,2025-06
7713,2,22,2025-12-04,8,Unsold,2587.76,Menu Item 022,2,323.47,Restaurant 002,Pizza,2025-12
7714,8,48,2025-04-19,2,Spoilage,389.84,Menu Item 048,8,194.92,Restaurant 008,Desserts,2025-04
7715,7,47,2025-07-17,1,Unsold,531.56,Menu Item 047,7,531.56,Restaurant 007,Sandwiches,2025-07
7716,16,16,2025-07-23,3,Unsold,1015.02,Menu Item 016,6,338.34,Restaurant 016,Pasta,2025-07
7717,2,82,2025-02-24,2,Unsold,1202.9,Menu Item 082,2,601.45,Restaurant 002,Pizza,2025-02
7718,15,135,2025-02-03,1,Overproduction,300.49,Menu Item 135,5,300.49,Restaurant 015,BBQ,2025-02
7719,2,42,2025-05-26,2,Unsold,935.42,Menu Item 042,2,467.71,Restaurant 002,Pizza,2025-05
7720,17,77,2025-01-19,1,Expired,598.63,Menu Item 077,7,598.63,Restaurant 017,Sandwiches,2025-01
7721,14,34,2025-08-10,3,Preparation Error,1392.96,Menu Item 034,4,464.32,Restaurant 014,Rice,2025-08
7722,12,112,2025-11-20,2,Expired,1722.56,Menu Item 112,2,861.28,Restaurant 012,Pizza,2025-11
7723,20,40,2025-11-01,1,Spoilage,276.24,Menu Item 040,10,276.24,Restaurant 020,Salads,2025-11
7724,13,113,2025-07-28,1,Expired,230.81,Menu Item 113,3,230.81,Restaurant 013,Biryani,2025-07
7725,19,99,2025-06-08,8,Damaged,893.92,Menu Item 099,9,111.74,Restaurant 019,Beverages,2025-06
7726,15,35,2025-04-02,8,Preparation Error,3496.48,Menu Item 035,5,437.06,Restaurant 015,BBQ,2025-04
7727,9,89,2025-05-20,5,Spoilage,1331.8,Menu Item 089,9,266.36,Restaurant 009,Beverages,2025-05
7728,20,120,2025-05-07,3,Unsold,683.49,Menu Item 120,10,227.83,Restaurant 020,Salads,2025-05
7729,2,102,2025-09-27,1,Spoilage,774.17,Menu Item 102,2,774.17,Restaurant 002,Pizza,2025-09
7730,7,47,2025-06-26,1,Overproduction,531.56,Menu Item 047,7,531.56,Restaurant 007,Sandwiches,2025-06
7731,19,79,2025-10-17,5,Unsold,652.5,Menu Item 079,9,130.5,Restaurant 019,Beverages,2025-10
7732,9,109,2025-12-06,1,Damaged,221.43,Menu Item 109,9,221.43,Restaurant 009,Beverages,2025-12
7733,14,54,2025-04-12,1,Spoilage,182.18,Menu Item 054,4,182.18,Restaurant 014,Rice,2025-04
7734,12,52,2025-09-24,2,Preparation Error,927.2,Menu Item 052,2,463.6,Restaurant 012,Pizza,2025-09
7735,10,150,2025-06-25,1,Preparation Error,377.34,Menu Item 150,10,377.34,Restaurant 010,Salads,2025-06
7736,5,25,2025-11-07,2,Unsold,2055.42,Menu Item 025,5,1027.71,Restaurant 005,BBQ,2025-11
7737,16,16,2025-02-10,8,Spoilage,2706.72,Menu Item 016,6,338.34,Restaurant 016,Pasta,2025-02
7738,10,150,2025-05-28,2,Expired,754.68,Menu Item 150,10,377.34,Restaurant 010,Salads,2025-05
7739,10,70,2025-10-06,3,Spoilage,621.75,Menu Item 070,10,207.25,Restaurant 010,Salads,2025-10
7740,9,89,2025-05-28,1,Damaged,266.36,Menu Item 089,9,266.36,Restaurant 009,Beverages,2025-05
7741,15,115,2025-12-10,2,Damaged,1607.8,Menu Item 115,5,803.9,Restaurant 015,BBQ,2025-12
7742,12,132,2025-12-02,10,Spoilage,6420.6,Menu Item 132,2,642.06,Restaurant 012,Pizza,2025-12
7743,12,92,2025-08-23,3,Expired,1393.11,Menu Item 092,2,464.37,Restaurant 012,Pizza,2025-08
7744,9,129,2025-02-11,2,Overproduction,200.4,Menu Item 129,9,100.2,Restaurant 009,Beverages,2025-02
7745,15,95,2025-10-09,1,Unsold,681.88,Menu Item 095,5,681.88,Restaurant 015,BBQ,2025-10
7746,12,52,2025-03-05,1,Preparation Error,463.6,Menu Item 052,2,463.6,Restaurant 012,Pizza,2025-03
7747,19,99,2025-11-09,2,Damaged,223.48,Menu Item 099,9,111.74,Restaurant 019,Beverages,2025-11
7748,8,28,2025-05-01,3,Damaged,1134.48,Menu Item 028,8,378.16,Restaurant 008,Desserts,2025-05
7749,16,136,2025-07-13,2,Unsold,864.74,Menu Item 136,6,432.37,Restaurant 016,Pasta,2025-07
7750,4,144,2025-11-24,8,Expired,1946.0,Menu Item 144,4,243.25,Restaurant 004,Rice,2025-11
7751,6,126,2025-11-20,3,Overproduction,2011.89,Menu Item 126,6,670.63,Restaurant 006,Pasta,2025-11
7752,13,113,2025-12-20,2,Overproduction,461.62,Menu Item 113,3,230.81,Restaurant 013,Biryani,2025-12
7753,7,107,2025-01-06,1,Spoilage,472.58,Menu Item 107,7,472.58,Restaurant 007,Sandwiches,2025-01
7754,10,70,2025-11-14,3,Preparation Error,621.75,Menu Item 070,10,207.25,Restaurant 010,Salads,2025-11
7755,1,101,2025-08-16,5,Damaged,1592.55,Menu Item 101,1,318.51,Restaurant 001,Burgers,2025-08
7756,18,118,2025-07-16,2,Expired,618.0,Menu Item 118,8,309.0,Restaurant 018,Desserts,2025-07
7757,12,112,2025-09-25,2,Damaged,1722.56,Menu Item 112,2,861.28,Restaurant 012,Pizza,2025-09
7758,5,105,2025-04-01,1,Unsold,596.54,Menu Item 105,5,596.54,Restaurant 005,BBQ,2025-04
7759,16,76,2025-06-13,1,Overproduction,415.31,Menu Item 076,6,415.31,Restaurant 016,Pasta,2025-06
7760,4,124,2025-03-08,1,Spoilage,149.57,Menu Item 124,4,149.57,Restaurant 004,Rice,2025-03
7761,13,13,2025-04-18,8,Expired,3114.24,Menu Item 013,3,389.28,Restaurant 013,Biryani,2025-04
7762,3,3,2025-04-02,1,Spoilage,225.96,Menu Item 003,3,225.96,Restaurant 003,Biryani,2025-04
7763,14,14,2025-10-23,3,Damaged,693.69,Menu Item 014,4,231.23,Restaurant 014,Rice,2025-10
7764,10,30,2025-01-22,3,Damaged,501.81,Menu Item 030,10,167.27,Restaurant 010,Salads,2025-01
7765,16,16,2025-06-04,2,Expired,676.68,Menu Item 016,6,338.34,Restaurant 016,Pasta,2025-06
7766,11,71,2025-06-03,3,Overproduction,1394.94,Menu Item 071,1,464.98,Restaurant 011,Burgers,2025-06
7767,19,59,2025-02-17,1,Overproduction,189.87,Menu Item 059,9,189.87,Restaurant 019,Beverages,2025-02
7768,1,41,2025-02-06,1,Expired,254.51,Menu Item 041,1,254.51,Restaurant 001,Burgers,2025-02
7769,3,23,2025-03-17,5,Expired,1351.15,Menu Item 023,3,270.23,Restaurant 003,Biryani,2025-03
7770,20,100,2025-08-20,10,Preparation Error,4867.0,Menu Item 100,10,486.7,Restaurant 020,Salads,2025-08
7771,20,20,2025-08-15,5,Spoilage,1442.55,Menu Item 020,10,288.51,Restaurant 020,Salads,2025-08
7772,14,14,2025-05-20,1,Expired,231.23,Menu Item 014,4,231.23,Restaurant 014,Rice,2025-05
7773,11,71,2025-02-06,2,Overproduction,929.96,Menu Item 071,1,464.98,Restaurant 011,Burgers,2025-02
7774,12,72,2025-12-05,3,Preparation Error,827.34,Menu Item 072,2,275.78,Restaurant 012,Pizza,2025-12
7775,9,129,2025-03-06,3,Spoilage,300.6,Menu Item 129,9,100.2,Restaurant 009,Beverages,2025-03
7776,1,101,2025-06-14,1,Overproduction,318.51,Menu Item 101,1,318.51,Restaurant 001,Burgers,2025-06
7777,10,50,2025-12-22,2,Preparation Error,316.2,Menu Item 050,10,158.1,Restaurant 010,Salads,2025-12
7778,3,143,2025-08-13,3,Damaged,1065.0,Menu Item 143,3,355.0,Restaurant 003,Biryani,2025-08
7779,12,132,2025-04-24,8,Overproduction,5136.48,Menu Item 132,2,642.06,Restaurant 012,Pizza,2025-04
7780,7,107,2025-01-26,3,Damaged,1417.74,Menu Item 107,7,472.58,Restaurant 007,Sandwiches,2025-01
7781,19,59,2025-03-20,8,Spoilage,1518.96,Menu Item 059,9,189.87,Restaurant 019,Beverages,2025-03
7782,17,137,2025-12-01,2,Spoilage,707.48,Menu Item 137,7,353.74,Restaurant 017,Sandwiches,2025-12
7783,1,61,2025-12-01,1,Spoilage,495.71,Menu Item 061,1,495.71,Restaurant 001,Burgers,2025-12
7784,13,13,2025-05-28,1,Spoilage,389.28,Menu Item 013,3,389.28,Restaurant 013,Biryani,2025-05
7785,13,53,2025-04-08,3,Preparation Error,895.59,Menu Item 053,3,298.53,Restaurant 013,Biryani,2025-04
7786,9,109,2025-09-21,2,Preparation Error,442.86,Menu Item 109,9,221.43,Restaurant 009,Beverages,2025-09
7787,19,99,2025-01-16,1,Overproduction,111.74,Menu Item 099,9,111.74,Restaurant 019,Beverages,2025-01
7788,2,22,2025-07-16,1,Overproduction,323.47,Menu Item 022,2,323.47,Restaurant 002,Pizza,2025-07
7789,16,136,2025-09-16,2,Spoilage,864.74,Menu Item 136,6,432.37,Restaurant 016,Pasta,2025-09
7790,11,131,2025-12-08,1,Expired,372.73,Menu Item 131,1,372.73,Restaurant 011,Burgers,2025-12
7791,6,146,2025-10-12,5,Damaged,3712.65,Menu Item 146,6,742.53,Restaurant 006,Pasta,2025-10
7792,18,138,2025-06-05,1,Spoilage,154.6,Menu Item 138,8,154.6,Restaurant 018,Desserts,2025-06
7793,20,20,2025-05-24,2,Expired,577.02,Menu Item 020,10,288.51,Restaurant 020,Salads,2025-05
7794,17,137,2025-03-18,5,Spoilage,1768.7,Menu Item 137,7,353.74,Restaurant 017,Sandwiches,2025-03
7795,11,91,2025-02-23,3,Expired,1112.37,Menu Item 091,1,370.79,Restaurant 011,Burgers,2025-02
7796,13,93,2025-02-01,1,Expired,553.61,Menu Item 093,3,553.61,Restaurant 013,Biryani,2025-02
7797,5,105,2025-12-09,2,Unsold,1193.08,Menu Item 105,5,596.54,Restaurant 005,BBQ,2025-12
7798,3,103,2025-07-03,1,Spoilage,490.49,Menu Item 103,3,490.49,Restaurant 003,Biryani,2025-07
7799,19,139,2025-01-10,1,Damaged,127.54,Menu Item 139,9,127.54,Restaurant 019,Beverages,2025-01
7800,7,127,2025-02-16,1,Expired,334.08,Menu Item 127,7,334.08,Restaurant 007,Sandwiches,2025-02
7801,8,88,2025-09-19,1,Spoilage,225.63,Menu Item 088,8,225.63,Restaurant 008,Desserts,2025-09
7802,18,18,2025-07-09,3,Damaged,1003.17,Menu Item 018,8,334.39,Restaurant 018,Desserts,2025-07
7803,17,37,2025-08-09,3,Unsold,2069.31,Menu Item 037,7,689.77,Restaurant 017,Sandwiches,2025-08
7804,5,65,2025-06-16,1,Overproduction,515.74,Menu Item 065,5,515.74,Restaurant 005,BBQ,2025-06
7805,6,6,2025-11-21,1,Spoilage,302.15,Menu Item 006,6,302.15,Restaurant 006,Pasta,2025-11
7806,18,78,2025-08-13,1,Damaged,256.11,Menu Item 078,8,256.11,Restaurant 018,Desserts,2025-08
7807,17,117,2025-06-27,2,Preparation Error,859.46,Menu Item 117,7,429.73,Restaurant 017,Sandwiches,2025-06
7808,11,91,2025-11-22,1,Unsold,370.79,Menu Item 091,1,370.79,Restaurant 011,Burgers,2025-11
7809,6,146,2025-06-27,2,Damaged,1485.06,Menu Item 146,6,742.53,Restaurant 006,Pasta,2025-06
7810,4,4,2025-02-09,5,Damaged,758.4,Menu Item 004,4,151.68,Restaurant 004,Rice,2025-02
7811,3,63,2025-11-10,1,Overproduction,313.94,Menu Item 063,3,313.94,Restaurant 003,Biryani,2025-11
7812,9,149,2025-06-23,5,Spoilage,1195.9,Menu Item 149,9,239.18,Restaurant 009,Beverages,2025-06
7813,12,12,2025-06-01,1,Overproduction,783.1,Menu Item 012,2,783.1,Restaurant 012,Pizza,2025-06
7814,12,92,2025-10-20,1,Overproduction,464.37,Menu Item 092,2,464.37,Restaurant 012,Pizza,2025-10
7815,17,97,2025-04-28,1,Damaged,454.04,Menu Item 097,7,454.04,Restaurant 017,Sandwiches,2025-04
7816,1,21,2025-11-22,1,Preparation Error,322.28,Menu Item 021,1,322.28,Restaurant 001,Burgers,2025-11
7817,11,91,2025-05-18,1,Spoilage,370.79,Menu Item 091,1,370.79,Restaurant 011,Burgers,2025-05
7818,2,62,2025-12-01,2,Preparation Error,1019.54,Menu Item 062,2,509.77,Restaurant 002,Pizza,2025-12
7819,12,72,2025-07-18,1,Overproduction,275.78,Menu Item 072,2,275.78,Restaurant 012,Pizza,2025-07
7820,15,95,2025-07-25,2,Damaged,1363.76,Menu Item 095,5,681.88,Restaurant 015,BBQ,2025-07
7821,8,88,2025-04-22,5,Preparation Error,1128.15,Menu Item 088,8,225.63,Restaurant 008,Desserts,2025-04
7822,8,88,2025-11-06,2,Expired,451.26,Menu Item 088,8,225.63,Restaurant 008,Desserts,2025-11
7823,18,98,2025-01-23,1,Preparation Error,373.65,Menu Item 098,8,373.65,Restaurant 018,Desserts,2025-01
7824,9,29,2025-09-26,3,Preparation Error,205.86,Menu Item 029,9,68.62,Restaurant 009,Beverages,2025-09
7825,4,84,2025-07-11,5,Expired,1753.65,Menu Item 084,4,350.73,Restaurant 004,Rice,2025-07
7826,15,75,2025-03-15,8,Damaged,3376.0,Menu Item 075,5,422.0,Restaurant 015,BBQ,2025-03
7827,2,22,2025-04-22,2,Expired,646.94,Menu Item 022,2,323.47,Restaurant 002,Pizza,2025-04
7828,19,19,2025-02-28,2,Preparation Error,359.98,Menu Item 019,9,179.99,Restaurant 019,Beverages,2025-02
7829,10,10,2025-11-21,1,Overproduction,143.3,Menu Item 010,10,143.3,Restaurant 010,Salads,2025-11
7830,4,24,2025-03-06,1,Unsold,498.37,Menu Item 024,4,498.37,Restaurant 004,Rice,2025-03
7831,3,43,2025-11-18,2,Unsold,759.4,Menu Item 043,3,379.7,Restaurant 003,Biryani,2025-11
7832,4,144,2025-06-22,3,Expired,729.75,Menu Item 144,4,243.25,Restaurant 004,Rice,2025-06
7833,18,118,2025-11-06,2,Spoilage,618.0,Menu Item 118,8,309.0,Restaurant 018,Desserts,2025-11
7834,4,64,2025-12-18,1,Overproduction,256.46,Menu Item 064,4,256.46,Restaurant 004,Rice,2025-12
7835,7,47,2025-09-28,1,Overproduction,531.56,Menu Item 047,7,531.56,Restaurant 007,Sandwiches,2025-09
7836,5,45,2025-08-18,3,Spoilage,1169.82,Menu Item 045,5,389.94,Restaurant 005,BBQ,2025-08
7837,5,45,2025-02-24,2,Preparation Error,779.88,Menu Item 045,5,389.94,Restaurant 005,BBQ,2025-02
7838,14,34,2025-08-23,1,Expired,464.32,Menu Item 034,4,464.32,Restaurant 014,Rice,2025-08
7839,16,136,2025-07-14,1,Overproduction,432.37,Menu Item 136,6,432.37,Restaurant 016,Pasta,2025-07
7840,9,9,2025-07-20,3,Unsold,421.05,Menu Item 009,9,140.35,Restaurant 009,Beverages,2025-07
7841,2,102,2025-08-05,2,Overproduction,1548.34,Menu Item 102,2,774.17,Restaurant 002,Pizza,2025-08
7842,2,122,2025-03-01,1,Expired,828.35,Menu Item 122,2,828.35,Restaurant 002,Pizza,2025-03
7843,20,20,2025-07-13,1,Damaged,288.51,Menu Item 020,10,288.51,Restaurant 020,Salads,2025-07
7844,4,104,2025-06-27,1,Damaged,167.96,Menu Item 104,4,167.96,Restaurant 004,Rice,2025-06
7845,7,87,2025-12-03,2,Expired,1061.96,Menu Item 087,7,530.98,Restaurant 007,Sandwiches,2025-12
7846,19,39,2025-11-15,1,Expired,88.74,Menu Item 039,9,88.74,Restaurant 019,Beverages,2025-11
7847,7,147,2025-03-13,3,Spoilage,674.4,Menu Item 147,7,224.8,Restaurant 007,Sandwiches,2025-03
7848,3,143,2025-05-09,2,Expired,710.0,Menu Item 143,3,355.0,Restaurant 003,Biryani,2025-05
7849,11,11,2025-01-28,3,Spoilage,1638.72,Menu Item 011,1,546.24,Restaurant 011,Burgers,2025-01
7850,3,103,2025-09-20,3,Unsold,1471.47,Menu Item 103,3,490.49,Restaurant 003,Biryani,2025-09
7851,5,105,2025-12-20,5,Overproduction,2982.7,Menu Item 105,5,596.54,Restaurant 005,BBQ,2025-12
7852,10,10,2025-03-19,10,Overproduction,1433.0,Menu Item 010,10,143.3,Restaurant 010,Salads,2025-03
7853,16,96,2025-03-17,8,Preparation Error,3241.76,Menu Item 096,6,405.22,Restaurant 016,Pasta,2025-03
7854,1,101,2025-05-02,3,Preparation Error,955.53,Menu Item 101,1,318.51,Restaurant 001,Burgers,2025-05
7855,8,108,2025-06-17,3,Damaged,1245.24,Menu Item 108,8,415.08,Restaurant 008,Desserts,2025-06
7856,9,49,2025-04-22,5,Preparation Error,1271.4,Menu Item 049,9,254.28,Restaurant 009,Beverages,2025-04
7857,6,126,2025-11-24,2,Unsold,1341.26,Menu Item 126,6,670.63,Restaurant 006,Pasta,2025-11
7858,2,42,2025-09-06,1,Overproduction,467.71,Menu Item 042,2,467.71,Restaurant 002,Pizza,2025-09
7859,19,79,2025-08-11,2,Unsold,261.0,Menu Item 079,9,130.5,Restaurant 019,Beverages,2025-08
7860,7,107,2025-10-14,1,Spoilage,472.58,Menu Item 107,7,472.58,Restaurant 007,Sandwiches,2025-10
7861,2,122,2025-08-28,2,Spoilage,1656.7,Menu Item 122,2,828.35,Restaurant 002,Pizza,2025-08
7862,14,74,2025-05-24,3,Expired,467.7,Menu Item 074,4,155.9,Restaurant 014,Rice,2025-05
7863,4,84,2025-12-23,3,Spoilage,1052.19,Menu Item 084,4,350.73,Restaurant 004,Rice,2025-12
7864,16,56,2025-04-06,1,Spoilage,390.6,Menu Item 056,6,390.6,Restaurant 016,Pasta,2025-04
7865,14,74,2025-08-19,2,Overproduction,311.8,Menu Item 074,4,155.9,Restaurant 014,Rice,2025-08
7866,1,141,2025-11-17,1,Unsold,252.11,Menu Item 141,1,252.11,Restaurant 001,Burgers,2025-11
7867,4,4,2025-10-13,5,Overproduction,758.4,Menu Item 004,4,151.68,Restaurant 004,Rice,2025-10
7868,19,139,2025-06-19,3,Preparation Error,382.62,Menu Item 139,9,127.54,Restaurant 019,Beverages,2025-06
7869,7,27,2025-05-14,8,Expired,2701.68,Menu Item 027,7,337.71,Restaurant 007,Sandwiches,2025-05
7870,17,77,2025-07-14,2,Expired,1197.26,Menu Item 077,7,598.63,Restaurant 017,Sandwiches,2025-07
7871,2,102,2025-01-07,2,Spoilage,1548.34,Menu Item 102,2,774.17,Restaurant 002,Pizza,2025-01
7872,16,36,2025-10-15,2,Damaged,901.8,Menu Item 036,6,450.9,Restaurant 016,Pasta,2025-10
7873,9,49,2025-04-14,2,Unsold,508.56,Menu Item 049,9,254.28,Restaurant 009,Beverages,2025-04
7874,7,107,2025-11-28,1,Spoilage,472.58,Menu Item 107,7,472.58,Restaurant 007,Sandwiches,2025-11
7875,3,103,2025-11-18,2,Preparation Error,980.98,Menu Item 103,3,490.49,Restaurant 003,Biryani,2025-11
7876,18,78,2025-05-21,2,Expired,512.22,Menu Item 078,8,256.11,Restaurant 018,Desserts,2025-05
7877,19,139,2025-11-11,5,Expired,637.7,Menu Item 139,9,127.54,Restaurant 019,Beverages,2025-11
7878,20,20,2025-03-06,3,Damaged,865.53,Menu Item 020,10,288.51,Restaurant 020,Salads,2025-03
7879,18,78,2025-05-21,8,Spoilage,2048.88,Menu Item 078,8,256.11,Restaurant 018,Desserts,2025-05
7880,5,5,2025-10-01,1,Damaged,760.21,Menu Item 005,5,760.21,Restaurant 005,BBQ,2025-10
7881,18,38,2025-09-04,3,Spoilage,1128.96,Menu Item 038,8,376.32,Restaurant 018,Desserts,2025-09
7882,19,39,2025-02-17,1,Preparation Error,88.74,Menu Item 039,9,88.74,Restaurant 019,Beverages,2025-02
7883,20,120,2025-08-22,8,Damaged,1822.64,Menu Item 120,10,227.83,Restaurant 020,Salads,2025-08
7884,16,136,2025-01-06,10,Expired,4323.7,Menu Item 136,6,432.37,Restaurant 016,Pasta,2025-01
7885,19,119,2025-02-19,1,Overproduction,104.64,Menu Item 119,9,104.64,Restaurant 019,Beverages,2025-02
7886,11,131,2025-04-15,5,Expired,1863.65,Menu Item 131,1,372.73,Restaurant 011,Burgers,2025-04
7887,11,91,2025-05-15,5,Unsold,1853.95,Menu Item 091,1,370.79,Restaurant 011,Burgers,2025-05
7888,20,40,2025-10-06,2,Spoilage,552.48,Menu Item 040,10,276.24,Restaurant 020,Salads,2025-10
7889,9,69,2025-01-13,2,Overproduction,189.6,Menu Item 069,9,94.8,Restaurant 009,Beverages,2025-01
7890,17,77,2025-05-22,2,Expired,1197.26,Menu Item 077,7,598.63,Restaurant 017,Sandwiches,2025-05
7891,3,123,2025-08-17,5,Overproduction,1827.7,Menu Item 123,3,365.54,Restaurant 003,Biryani,2025-08
7892,13,13,2025-01-09,2,Expired,778.56,Menu Item 013,3,389.28,Restaurant 013,Biryani,2025-01
7893,17,17,2025-05-23,1,Spoilage,292.34,Menu Item 017,7,292.34,Restaurant 017,Sandwiches,2025-05
7894,8,28,2025-10-28,3,Preparation Error,1134.48,Menu Item 028,8,378.16,Restaurant 008,Desserts,2025-10
7895,4,104,2025-01-23,8,Expired,1343.68,Menu Item 104,4,167.96,Restaurant 004,Rice,2025-01
7896,4,44,2025-12-11,3,Overproduction,1322.16,Menu Item 044,4,440.72,Restaurant 004,Rice,2025-12
7897,3,43,2025-08-01,1,Unsold,379.7,Menu Item 043,3,379.7,Restaurant 003,Biryani,2025-08
7898,2,62,2025-06-21,1,Preparation Error,509.77,Menu Item 062,2,509.77,Restaurant 002,Pizza,2025-06
7899,15,135,2025-05-03,1,Preparation Error,300.49,Menu Item 135,5,300.49,Restaurant 015,BBQ,2025-05
7900,14,74,2025-03-18,2,Unsold,311.8,Menu Item 074,4,155.9,Restaurant 014,Rice,2025-03
7901,5,105,2025-12-23,2,Preparation Error,1193.08,Menu Item 105,5,596.54,Restaurant 005,BBQ,2025-12
7902,3,83,2025-03-16,8,Damaged,1890.8,Menu Item 083,3,236.35,Restaurant 003,Biryani,2025-03
7903,9,49,2025-01-07,10,Preparation Error,2542.8,Menu Item 049,9,254.28,Restaurant 009,Beverages,2025-01
7904,8,28,2025-08-26,1,Overproduction,378.16,Menu Item 028,8,378.16,Restaurant 008,Desserts,2025-08
7905,18,78,2025-12-17,3,Spoilage,768.33,Menu Item 078,8,256.11,Restaurant 018,Desserts,2025-12
7906,2,62,2025-12-27,2,Preparation Error,1019.54,Menu Item 062,2,509.77,Restaurant 002,Pizza,2025-12
7907,6,86,2025-06-27,2,Unsold,956.62,Menu Item 086,6,478.31,Restaurant 006,Pasta,2025-06
7908,4,104,2025-11-22,1,Unsold,167.96,Menu Item 104,4,167.96,Restaurant 004,Rice,2025-11
7909,6,6,2025-02-04,3,Overproduction,906.45,Menu Item 006,6,302.15,Restaurant 006,Pasta,2025-02
7910,16,116,2025-09-06,5,Damaged,2566.4,Menu Item 116,6,513.28,Restaurant 016,Pasta,2025-09
7911,19,59,2025-01-17,3,Unsold,569.61,Menu Item 059,9,189.87,Restaurant 019,Beverages,2025-01
7912,16,16,2025-09-13,2,Expired,676.68,Menu Item 016,6,338.34,Restaurant 016,Pasta,2025-09
7913,16,56,2025-02-15,1,Unsold,390.6,Menu Item 056,6,390.6,Restaurant 016,Pasta,2025-02
7914,11,131,2025-01-07,2,Damaged,745.46,Menu Item 131,1,372.73,Restaurant 011,Burgers,2025-01
7915,9,149,2025-09-25,1,Unsold,239.18,Menu Item 149,9,239.18,Restaurant 009,Beverages,2025-09
7916,14,134,2025-12-14,3,Preparation Error,865.02,Menu Item 134,4,288.34,Restaurant 014,Rice,2025-12
7917,12,32,2025-10-19,2,Overproduction,1476.6,Menu Item 032,2,738.3,Restaurant 012,Pizza,2025-10
7918,15,135,2025-04-16,5,Expired,1502.45,Menu Item 135,5,300.49,Restaurant 015,BBQ,2025-04
7919,8,28,2025-11-17,1,Spoilage,378.16,Menu Item 028,8,378.16,Restaurant 008,Desserts,2025-11
7920,14,34,2025-03-14,8,Damaged,3714.56,Menu Item 034,4,464.32,Restaurant 014,Rice,2025-03
7921,20,20,2025-08-17,2,Overproduction,577.02,Menu Item 020,10,288.51,Restaurant 020,Salads,2025-08
7922,2,82,2025-10-01,1,Expired,601.45,Menu Item 082,2,601.45,Restaurant 002,Pizza,2025-10
7923,4,124,2025-09-06,10,Overproduction,1495.7,Menu Item 124,4,149.57,Restaurant 004,Rice,2025-09
7924,7,27,2025-10-02,1,Overproduction,337.71,Menu Item 027,7,337.71,Restaurant 007,Sandwiches,2025-10
7925,8,48,2025-12-23,2,Spoilage,389.84,Menu Item 048,8,194.92,Restaurant 008,Desserts,2025-12
7926,7,127,2025-06-28,1,Unsold,334.08,Menu Item 127,7,334.08,Restaurant 007,Sandwiches,2025-06
7927,4,64,2025-05-07,1,Preparation Error,256.46,Menu Item 064,4,256.46,Restaurant 004,Rice,2025-05
7928,16,36,2025-02-17,2,Spoilage,901.8,Menu Item 036,6,450.9,Restaurant 016,Pasta,2025-02
7929,9,149,2025-12-02,1,Unsold,239.18,Menu Item 149,9,239.18,Restaurant 009,Beverages,2025-12
7930,18,138,2025-11-21,1,Damaged,154.6,Menu Item 138,8,154.6,Restaurant 018,Desserts,2025-11
7931,2,42,2025-04-24,3,Spoilage,1403.13,Menu Item 042,2,467.71,Restaurant 002,Pizza,2025-04
7932,18,78,2025-01-12,2,Preparation Error,512.22,Menu Item 078,8,256.11,Restaurant 018,Desserts,2025-01
7933,10,10,2025-08-10,1,Spoilage,143.3,Menu Item 010,10,143.3,Restaurant 010,Salads,2025-08
7934,3,43,2025-12-25,1,Unsold,379.7,Menu Item 043,3,379.7,Restaurant 003,Biryani,2025-12
7935,5,145,2025-12-16,3,Damaged,1289.64,Menu Item 145,5,429.88,Restaurant 005,BBQ,2025-12
7936,6,6,2025-09-27,2,Preparation Error,604.3,Menu Item 006,6,302.15,Restaurant 006,Pasta,2025-09
7937,1,61,2025-10-03,2,Spoilage,991.42,Menu Item 061,1,495.71,Restaurant 001,Burgers,2025-10
7938,11,131,2025-06-10,5,Preparation Error,1863.65,Menu Item 131,1,372.73,Restaurant 011,Burgers,2025-06
7939,10,110,2025-09-05,2,Damaged,438.54,Menu Item 110,10,219.27,Restaurant 010,Salads,2025-09
7940,15,115,2025-05-22,8,Preparation Error,6431.2,Menu Item 115,5,803.9,Restaurant 015,BBQ,2025-05
7941,18,118,2025-09-02,1,Spoilage,309.0,Menu Item 118,8,309.0,Restaurant 018,Desserts,2025-09
7942,8,48,2025-04-22,5,Expired,974.6,Menu Item 048,8,194.92,Restaurant 008,Desserts,2025-04
7943,15,115,2025-04-20,1,Overproduction,803.9,Menu Item 115,5,803.9,Restaurant 015,BBQ,2025-04
7944,19,139,2025-01-09,1,Preparation Error,127.54,Menu Item 139,9,127.54,Restaurant 019,Beverages,2025-01
7945,7,27,2025-07-22,2,Expired,675.42,Menu Item 027,7,337.71,Restaurant 007,Sandwiches,2025-07
7946,9,129,2025-10-07,3,Unsold,300.6,Menu Item 129,9,100.2,Restaurant 009,Beverages,2025-10
7947,2,122,2025-04-15,2,Expired,1656.7,Menu Item 122,2,828.35,Restaurant 002,Pizza,2025-04
7948,2,22,2025-02-04,1,Expired,323.47,Menu Item 022,2,323.47,Restaurant 002,Pizza,2025-02
7949,7,67,2025-08-22,10,Expired,6355.6,Menu Item 067,7,635.56,Restaurant 007,Sandwiches,2025-08
7950,5,145,2025-03-17,2,Unsold,859.76,Menu Item 145,5,429.88,Restaurant 005,BBQ,2025-03
7951,20,60,2025-08-23,1,Overproduction,331.16,Menu Item 060,10,331.16,Restaurant 020,Salads,2025-08
7952,16,36,2025-03-11,1,Unsold,450.9,Menu Item 036,6,450.9,Restaurant 016,Pasta,2025-03
7953,11,11,2025-10-19,8,Expired,4369.92,Menu Item 011,1,546.24,Restaurant 011,Burgers,2025-10
7954,10,30,2025-10-22,2,Overproduction,334.54,Menu Item 030,10,167.27,Restaurant 010,Salads,2025-10
7955,2,122,2025-07-19,3,Unsold,2485.05,Menu Item 122,2,828.35,Restaurant 002,Pizza,2025-07
7956,12,132,2025-06-22,2,Damaged,1284.12,Menu Item 132,2,642.06,Restaurant 012,Pizza,2025-06
7957,9,29,2025-12-06,3,Damaged,205.86,Menu Item 029,9,68.62,Restaurant 009,Beverages,2025-12
7958,2,62,2025-08-15,8,Damaged,4078.16,Menu Item 062,2,509.77,Restaurant 002,Pizza,2025-08
7959,8,88,2025-05-01,5,Damaged,1128.15,Menu Item 088,8,225.63,Restaurant 008,Desserts,2025-05
7960,19,119,2025-07-13,5,Preparation Error,523.2,Menu Item 119,9,104.64,Restaurant 019,Beverages,2025-07
7961,6,66,2025-07-22,2,Preparation Error,837.56,Menu Item 066,6,418.78,Restaurant 006,Pasta,2025-07
7962,8,8,2025-01-13,3,Spoilage,923.16,Menu Item 008,8,307.72,Restaurant 008,Desserts,2025-01
7963,3,43,2025-04-09,2,Expired,759.4,Menu Item 043,3,379.7,Restaurant 003,Biryani,2025-04
7964,13,33,2025-10-03,2,Damaged,703.0,Menu Item 033,3,351.5,Restaurant 013,Biryani,2025-10
7965,15,95,2025-05-13,1,Spoilage,681.88,Menu Item 095,5,681.88,Restaurant 015,BBQ,2025-05
7966,3,3,2025-06-26,2,Overproduction,451.92,Menu Item 003,3,225.96,Restaurant 003,Biryani,2025-06
7967,6,146,2025-01-24,5,Spoilage,3712.65,Menu Item 146,6,742.53,Restaurant 006,Pasta,2025-01
7968,17,137,2025-04-11,1,Spoilage,353.74,Menu Item 137,7,353.74,Restaurant 017,Sandwiches,2025-04
7969,8,128,2025-06-26,5,Expired,1736.45,Menu Item 128,8,347.29,Restaurant 008,Desserts,2025-06
7970,4,44,2025-12-19,2,Preparation Error,881.44,Menu Item 044,4,440.72,Restaurant 004,Rice,2025-12
7971,16,96,2025-09-06,1,Overproduction,405.22,Menu Item 096,6,405.22,Restaurant 016,Pasta,2025-09
7972,6,126,2025-04-11,2,Preparation Error,1341.26,Menu Item 126,6,670.63,Restaurant 006,Pasta,2025-04
7973,5,65,2025-05-04,8,Unsold,4125.92,Menu Item 065,5,515.74,Restaurant 005,BBQ,2025-05
7974,9,89,2025-11-25,2,Preparation Error,532.72,Menu Item 089,9,266.36,Restaurant 009,Beverages,2025-11
7975,15,55,2025-03-01,2,Overproduction,1865.24,Menu Item 055,5,932.62,Restaurant 015,BBQ,2025-03
7976,17,117,2025-04-09,2,Unsold,859.46,Menu Item 117,7,429.73,Restaurant 017,Sandwiches,2025-04
7977,11,91,2025-11-26,1,Spoilage,370.79,Menu Item 091,1,370.79,Restaurant 011,Burgers,2025-11
7978,5,45,2025-05-18,3,Unsold,1169.82,Menu Item 045,5,389.94,Restaurant 005,BBQ,2025-05
7979,6,86,2025-02-10,1,Unsold,478.31,Menu Item 086,6,478.31,Restaurant 006,Pasta,2025-02
7980,9,89,2025-08-19,2,Damaged,532.72,Menu Item 089,9,266.36,Restaurant 009,Beverages,2025-08
7981,13,133,2025-11-23,5,Overproduction,2544.15,Menu Item 133,3,508.83,Restaurant 013,Biryani,2025-11
7982,16,96,2025-12-15,2,Expired,810.44,Menu Item 096,6,405.22,Restaurant 016,Pasta,2025-12
7983,19,39,2025-07-17,5,Overproduction,443.7,Menu Item 039,9,88.74,Restaurant 019,Beverages,2025-07
7984,7,147,2025-07-24,8,Expired,1798.4,Menu Item 147,7,224.8,Restaurant 007,Sandwiches,2025-07
7985,18,98,2025-09-16,2,Unsold,747.3,Menu Item 098,8,373.65,Restaurant 018,Desserts,2025-09
7986,10,150,2025-02-04,2,Spoilage,754.68,Menu Item 150,10,377.34,Restaurant 010,Salads,2025-02
7987,17,117,2025-05-02,5,Spoilage,2148.65,Menu Item 117,7,429.73,Restaurant 017,Sandwiches,2025-05
7988,8,148,2025-08-15,1,Damaged,337.64,Menu Item 148,8,337.64,Restaurant 008,Desserts,2025-08
7989,14,134,2025-04-22,2,Damaged,576.68,Menu Item 134,4,288.34,Restaurant 014,Rice,2025-04
7990,20,80,2025-12-21,2,Damaged,222.1,Menu Item 080,10,111.05,Restaurant 020,Salads,2025-12
7991,17,137,2025-08-02,3,Preparation Error,1061.22,Menu Item 137,7,353.74,Restaurant 017,Sandwiches,2025-08
7992,8,68,2025-10-27,1,Preparation Error,114.06,Menu Item 068,8,114.06,Restaurant 008,Desserts,2025-10
7993,11,131,2025-10-28,3,Overproduction,1118.19,Menu Item 131,1,372.73,Restaurant 011,Burgers,2025-10
7994,14,34,2025-02-17,3,Preparation Error,1392.96,Menu Item 034,4,464.32,Restaurant 014,Rice,2025-02
7995,17,137,2025-04-14,1,Expired,353.74,Menu Item 137,7,353.74,Restaurant 017,Sandwiches,2025-04
7996,10,10,2025-01-11,1,Preparation Error,143.3,Menu Item 010,10,143.3,Restaurant 010,Salads,2025-01
7997,9,149,2025-06-09,1,Overproduction,239.18,Menu Item 149,9,239.18,Restaurant 009,Beverages,2025-06
7998,9,149,2025-09-06,2,Spoilage,478.36,Menu Item 149,9,239.18,Restaurant 009,Beverages,2025-09
7999,5,125,2025-01-14,1,Unsold,1138.34,Menu Item 125,5,1138.34,Restaurant 005,BBQ,2025-01
8000,13,73,2025-11-08,1,Unsold,231.75,Menu Item 073,3,231.75,Restaurant 013,Biryani,2025-11
8001,7,67,2025-07-22,2,Overproduction,1271.12,Menu Item 067,7,635.56,Restaurant 007,Sandwiches,2025-07
8002,18,78,2025-07-05,3,Damaged,768.33,Menu Item 078,8,256.11,Restaurant 018,Desserts,2025-07
8003,19,19,2025-11-12,2,Damaged,359.98,Menu Item 019,9,179.99,Restaurant 019,Beverages,2025-11
8004,8,108,2025-08-09,3,Spoilage,1245.24,Menu Item 108,8,415.08,Restaurant 008,Desserts,2025-08
8005,16,36,2025-01-18,5,Overproduction,2254.5,Menu Item 036,6,450.9,Restaurant 016,Pasta,2025-01
8006,11,111,2025-06-22,1,Overproduction,326.19,Menu Item 111,1,326.19,Restaurant 011,Burgers,2025-06
8007,14,114,2025-10-20,2,Preparation Error,1089.78,Menu Item 114,4,544.89,Restaurant 014,Rice,2025-10
8008,13,73,2025-12-08,5,Spoilage,1158.75,Menu Item 073,3,231.75,Restaurant 013,Biryani,2025-12
8009,8,68,2025-09-08,1,Damaged,114.06,Menu Item 068,8,114.06,Restaurant 008,Desserts,2025-09
8010,20,20,2025-09-18,2,Spoilage,577.02,Menu Item 020,10,288.51,Restaurant 020,Salads,2025-09
8011,4,104,2025-12-08,2,Expired,335.92,Menu Item 104,4,167.96,Restaurant 004,Rice,2025-12
8012,12,32,2025-12-23,1,Damaged,738.3,Menu Item 032,2,738.3,Restaurant 012,Pizza,2025-12
8013,17,77,2025-06-19,3,Unsold,1795.89,Menu Item 077,7,598.63,Restaurant 017,Sandwiches,2025-06
8014,4,104,2025-04-28,5,Expired,839.8,Menu Item 104,4,167.96,Restaurant 004,Rice,2025-04
8015,13,133,2025-10-05,2,Preparation Error,1017.66,Menu Item 133,3,508.83,Restaurant 013,Biryani,2025-10
8016,11,51,2025-01-03,2,Spoilage,725.62,Menu Item 051,1,362.81,Restaurant 011,Burgers,2025-01
8017,20,100,2025-09-07,2,Damaged,973.4,Menu Item 100,10,486.7,Restaurant 020,Salads,2025-09
8018,7,87,2025-05-01,1,Preparation Error,530.98,Menu Item 087,7,530.98,Restaurant 007,Sandwiches,2025-05
8019,3,63,2025-05-15,2,Overproduction,627.88,Menu Item 063,3,313.94,Restaurant 003,Biryani,2025-05
8020,10,10,2025-12-25,2,Preparation Error,286.6,Menu Item 010,10,143.3,Restaurant 010,Salads,2025-12
8021,13,93,2025-06-28,2,Unsold,1107.22,Menu Item 093,3,553.61,Restaurant 013,Biryani,2025-06
8022,7,67,2025-05-11,2,Overproduction,1271.12,Menu Item 067,7,635.56,Restaurant 007,Sandwiches,2025-05
8023,4,4,2025-03-25,2,Preparation Error,303.36,Menu Item 004,4,151.68,Restaurant 004,Rice,2025-03
8024,1,81,2025-12-01,2,Damaged,1028.94,Menu Item 081,1,514.47,Restaurant 001,Burgers,2025-12
8025,15,55,2025-01-06,2,Damaged,1865.24,Menu Item 055,5,932.62,Restaurant 015,BBQ,2025-01
8026,9,29,2025-03-10,2,Damaged,137.24,Menu Item 029,9,68.62,Restaurant 009,Beverages,2025-03
8027,20,40,2025-01-28,10,Damaged,2762.4,Menu Item 040,10,276.24,Restaurant 020,Salads,2025-01
8028,1,21,2025-07-05,8,Damaged,2578.24,Menu Item 021,1,322.28,Restaurant 001,Burgers,2025-07
8029,3,23,2025-12-11,10,Unsold,2702.3,Menu Item 023,3,270.23,Restaurant 003,Biryani,2025-12
8030,10,150,2025-01-20,2,Preparation Error,754.68,Menu Item 150,10,377.34,Restaurant 010,Salads,2025-01
8031,7,127,2025-06-05,3,Unsold,1002.24,Menu Item 127,7,334.08,Restaurant 007,Sandwiches,2025-06
8032,1,141,2025-01-03,1,Spoilage,252.11,Menu Item 141,1,252.11,Restaurant 001,Burgers,2025-01
8033,19,139,2025-05-24,3,Damaged,382.62,Menu Item 139,9,127.54,Restaurant 019,Beverages,2025-05
8034,5,105,2025-06-13,3,Damaged,1789.62,Menu Item 105,5,596.54,Restaurant 005,BBQ,2025-06
8035,1,61,2025-08-01,1,Overproduction,495.71,Menu Item 061,1,495.71,Restaurant 001,Burgers,2025-08
8036,5,145,2025-09-24,5,Damaged,2149.4,Menu Item 145,5,429.88,Restaurant 005,BBQ,2025-09
8037,1,61,2025-02-13,1,Preparation Error,495.71,Menu Item 061,1,495.71,Restaurant 001,Burgers,2025-02
8038,8,128,2025-11-05,1,Unsold,347.29,Menu Item 128,8,347.29,Restaurant 008,Desserts,2025-11
8039,3,43,2025-05-19,5,Damaged,1898.5,Menu Item 043,3,379.7,Restaurant 003,Biryani,2025-05
8040,20,120,2025-06-28,2,Overproduction,455.66,Menu Item 120,10,227.83,Restaurant 020,Salads,2025-06
8041,6,66,2025-06-22,2,Expired,837.56,Menu Item 066,6,418.78,Restaurant 006,Pasta,2025-06
8042,15,35,2025-05-19,8,Preparation Error,3496.48,Menu Item 035,5,437.06,Restaurant 015,BBQ,2025-05
8043,7,67,2025-09-02,3,Damaged,1906.68,Menu Item 067,7,635.56,Restaurant 007,Sandwiches,2025-09
8044,17,137,2025-10-23,5,Expired,1768.7,Menu Item 137,7,353.74,Restaurant 017,Sandwiches,2025-10
8045,14,134,2025-11-02,2,Preparation Error,576.68,Menu Item 134,4,288.34,Restaurant 014,Rice,2025-11
8046,20,80,2025-11-11,8,Damaged,888.4,Menu Item 080,10,111.05,Restaurant 020,Salads,2025-11
8047,13,73,2025-02-24,2,Unsold,463.5,Menu Item 073,3,231.75,Restaurant 013,Biryani,2025-02
8048,5,25,2025-02-25,8,Overproduction,8221.68,Menu Item 025,5,1027.71,Restaurant 005,BBQ,2025-02
8049,17,117,2025-10-02,1,Damaged,429.73,Menu Item 117,7,429.73,Restaurant 017,Sandwiches,2025-10
8050,8,148,2025-12-16,2,Expired,675.28,Menu Item 148,8,337.64,Restaurant 008,Desserts,2025-12
8051,2,42,2025-07-18,3,Preparation Error,1403.13,Menu Item 042,2,467.71,Restaurant 002,Pizza,2025-07
8052,5,105,2025-07-11,1,Damaged,596.54,Menu Item 105,5,596.54,Restaurant 005,BBQ,2025-07
8053,6,146,2025-03-23,8,Overproduction,5940.24,Menu Item 146,6,742.53,Restaurant 006,Pasta,2025-03
8054,17,97,2025-05-12,1,Preparation Error,454.04,Menu Item 097,7,454.04,Restaurant 017,Sandwiches,2025-05
8055,5,5,2025-05-20,2,Spoilage,1520.42,Menu Item 005,5,760.21,Restaurant 005,BBQ,2025-05
8056,15,75,2025-11-16,1,Expired,422.0,Menu Item 075,5,422.0,Restaurant 015,BBQ,2025-11
8057,15,75,2025-01-12,1,Spoilage,422.0,Menu Item 075,5,422.0,Restaurant 015,BBQ,2025-01
8058,7,27,2025-06-18,2,Spoilage,675.42,Menu Item 027,7,337.71,Restaurant 007,Sandwiches,2025-06
8059,10,150,2025-09-28,2,Overproduction,754.68,Menu Item 150,10,377.34,Restaurant 010,Salads,2025-09
8060,19,39,2025-07-25,2,Damaged,177.48,Menu Item 039,9,88.74,Restaurant 019,Beverages,2025-07
8061,19,139,2025-07-27,5,Unsold,637.7,Menu Item 139,9,127.54,Restaurant 019,Beverages,2025-07
8062,4,64,2025-12-07,2,Unsold,512.92,Menu Item 064,4,256.46,Restaurant 004,Rice,2025-12
8063,3,63,2025-12-02,1,Expired,313.94,Menu Item 063,3,313.94,Restaurant 003,Biryani,2025-12
8064,10,150,2025-07-10,1,Unsold,377.34,Menu Item 150,10,377.34,Restaurant 010,Salads,2025-07
8065,4,104,2025-03-19,3,Expired,503.88,Menu Item 104,4,167.96,Restaurant 004,Rice,2025-03
8066,4,4,2025-09-21,1,Unsold,151.68,Menu Item 004,4,151.68,Restaurant 004,Rice,2025-09
8067,5,65,2025-05-26,2,Damaged,1031.48,Menu Item 065,5,515.74,Restaurant 005,BBQ,2025-05
8068,3,63,2025-09-05,8,Preparation Error,2511.52,Menu Item 063,3,313.94,Restaurant 003,Biryani,2025-09
8069,14,74,2025-04-17,1,Unsold,155.9,Menu Item 074,4,155.9,Restaurant 014,Rice,2025-04
8070,14,34,2025-02-05,5,Spoilage,2321.6,Menu Item 034,4,464.32,Restaurant 014,Rice,2025-02
8071,2,62,2025-07-06,2,Overproduction,1019.54,Menu Item 062,2,509.77,Restaurant 002,Pizza,2025-07
8072,15,15,2025-12-28,2,Preparation Error,993.94,Menu Item 015,5,496.97,Restaurant 015,BBQ,2025-12
8073,9,9,2025-01-26,8,Preparation Error,1122.8,Menu Item 009,9,140.35,Restaurant 009,Beverages,2025-01
8074,2,22,2025-06-01,1,Preparation Error,323.47,Menu Item 022,2,323.47,Restaurant 002,Pizza,2025-06
8075,9,9,2025-05-21,5,Unsold,701.75,Menu Item 009,9,140.35,Restaurant 009,Beverages,2025-05
8076,8,108,2025-08-10,5,Spoilage,2075.4,Menu Item 108,8,415.08,Restaurant 008,Desserts,2025-08
8077,13,13,2025-01-28,1,Spoilage,389.28,Menu Item 013,3,389.28,Restaurant 013,Biryani,2025-01
8078,3,143,2025-12-05,1,Overproduction,355.0,Menu Item 143,3,355.0,Restaurant 003,Biryani,2025-12
8079,2,102,2025-05-24,2,Unsold,1548.34,Menu Item 102,2,774.17,Restaurant 002,Pizza,2025-05
8080,7,87,2025-05-17,2,Expired,1061.96,Menu Item 087,7,530.98,Restaurant 007,Sandwiches,2025-05
8081,20,80,2025-12-17,1,Unsold,111.05,Menu Item 080,10,111.05,Restaurant 020,Salads,2025-12
8082,12,12,2025-09-14,2,Expired,1566.2,Menu Item 012,2,783.1,Restaurant 012,Pizza,2025-09
8083,18,138,2025-08-07,1,Overproduction,154.6,Menu Item 138,8,154.6,Restaurant 018,Desserts,2025-08
8084,16,96,2025-05-04,2,Damaged,810.44,Menu Item 096,6,405.22,Restaurant 016,Pasta,2025-05
8085,7,47,2025-01-17,2,Expired,1063.12,Menu Item 047,7,531.56,Restaurant 007,Sandwiches,2025-01
8086,10,90,2025-11-18,1,Spoilage,190.96,Menu Item 090,10,190.96,Restaurant 010,Salads,2025-11
8087,1,141,2025-11-02,2,Damaged,504.22,Menu Item 141,1,252.11,Restaurant 001,Burgers,2025-11
8088,6,66,2025-10-18,2,Damaged,837.56,Menu Item 066,6,418.78,Restaurant 006,Pasta,2025-10
8089,13,53,2025-08-10,2,Unsold,597.06,Menu Item 053,3,298.53,Restaurant 013,Biryani,2025-08
8090,12,92,2025-02-03,5,Spoilage,2321.85,Menu Item 092,2,464.37,Restaurant 012,Pizza,2025-02
8091,11,71,2025-09-14,1,Expired,464.98,Menu Item 071,1,464.98,Restaurant 011,Burgers,2025-09
8092,7,107,2025-02-19,2,Preparation Error,945.16,Menu Item 107,7,472.58,Restaurant 007,Sandwiches,2025-02
8093,14,74,2025-07-15,1,Expired,155.9,Menu Item 074,4,155.9,Restaurant 014,Rice,2025-07
8094,18,38,2025-12-10,1,Unsold,376.32,Menu Item 038,8,376.32,Restaurant 018,Desserts,2025-12
8095,13,93,2025-12-17,2,Damaged,1107.22,Menu Item 093,3,553.61,Restaurant 013,Biryani,2025-12
8096,7,127,2025-06-02,2,Preparation Error,668.16,Menu Item 127,7,334.08,Restaurant 007,Sandwiches,2025-06
8097,12,112,2025-09-23,3,Expired,2583.84,Menu Item 112,2,861.28,Restaurant 012,Pizza,2025-09
8098,11,131,2025-10-26,1,Preparation Error,372.73,Menu Item 131,1,372.73,Restaurant 011,Burgers,2025-10
8099,7,7,2025-08-19,2,Spoilage,955.14,Menu Item 007,7,477.57,Restaurant 007,Sandwiches,2025-08
8100,11,31,2025-02-25,1,Preparation Error,322.62,Menu Item 031,1,322.62,Restaurant 011,Burgers,2025-02
8101,7,127,2025-01-25,1,Damaged,334.08,Menu Item 127,7,334.08,Restaurant 007,Sandwiches,2025-01
8102,7,7,2025-06-22,3,Damaged,1432.71,Menu Item 007,7,477.57,Restaurant 007,Sandwiches,2025-06
8103,6,86,2025-10-09,1,Damaged,478.31,Menu Item 086,6,478.31,Restaurant 006,Pasta,2025-10
8104,18,38,2025-01-16,10,Damaged,3763.2,Menu Item 038,8,376.32,Restaurant 018,Desserts,2025-01
8105,3,23,2025-07-10,5,Unsold,1351.15,Menu Item 023,3,270.23,Restaurant 003,Biryani,2025-07
8106,2,122,2025-10-10,1,Damaged,828.35,Menu Item 122,2,828.35,Restaurant 002,Pizza,2025-10
8107,4,124,2025-01-14,2,Overproduction,299.14,Menu Item 124,4,149.57,Restaurant 004,Rice,2025-01
8108,18,118,2025-08-13,3,Overproduction,927.0,Menu Item 118,8,309.0,Restaurant 018,Desserts,2025-08
8109,13,73,2025-01-13,1,Preparation Error,231.75,Menu Item 073,3,231.75,Restaurant 013,Biryani,2025-01
8110,10,110,2025-02-28,2,Damaged,438.54,Menu Item 110,10,219.27,Restaurant 010,Salads,2025-02
8111,2,102,2025-10-28,2,Unsold,1548.34,Menu Item 102,2,774.17,Restaurant 002,Pizza,2025-10
8112,15,35,2025-02-09,2,Overproduction,874.12,Menu Item 035,5,437.06,Restaurant 015,BBQ,2025-02
8113,16,96,2025-05-18,5,Spoilage,2026.1,Menu Item 096,6,405.22,Restaurant 016,Pasta,2025-05
8114,7,67,2025-04-17,1,Spoilage,635.56,Menu Item 067,7,635.56,Restaurant 007,Sandwiches,2025-04
8115,9,129,2025-12-09,5,Spoilage,501.0,Menu Item 129,9,100.2,Restaurant 009,Beverages,2025-12
8116,17,137,2025-08-14,3,Preparation Error,1061.22,Menu Item 137,7,353.74,Restaurant 017,Sandwiches,2025-08
8117,17,57,2025-08-24,5,Unsold,1572.6,Menu Item 057,7,314.52,Restaurant 017,Sandwiches,2025-08
8118,10,70,2025-06-02,2,Spoilage,414.5,Menu Item 070,10,207.25,Restaurant 010,Salads,2025-06
8119,9,89,2025-05-05,2,Spoilage,532.72,Menu Item 089,9,266.36,Restaurant 009,Beverages,2025-05
8120,1,81,2025-01-19,2,Expired,1028.94,Menu Item 081,1,514.47,Restaurant 001,Burgers,2025-01
8121,14,94,2025-06-02,1,Spoilage,274.91,Menu Item 094,4,274.91,Restaurant 014,Rice,2025-06
8122,5,105,2025-01-25,2,Damaged,1193.08,Menu Item 105,5,596.54,Restaurant 005,BBQ,2025-01
8123,5,65,2025-02-02,2,Unsold,1031.48,Menu Item 065,5,515.74,Restaurant 005,BBQ,2025-02
8124,3,123,2025-07-16,1,Overproduction,365.54,Menu Item 123,3,365.54,Restaurant 003,Biryani,2025-07
8125,6,86,2025-01-23,2,Preparation Error,956.62,Menu Item 086,6,478.31,Restaurant 006,Pasta,2025-01
8126,16,116,2025-08-23,2,Expired,1026.56,Menu Item 116,6,513.28,Restaurant 016,Pasta,2025-08
8127,19,39,2025-01-06,2,Overproduction,177.48,Menu Item 039,9,88.74,Restaurant 019,Beverages,2025-01
8128,12,92,2025-05-04,1,Damaged,464.37,Menu Item 092,2,464.37,Restaurant 012,Pizza,2025-05
8129,9,149,2025-11-19,2,Overproduction,478.36,Menu Item 149,9,239.18,Restaurant 009,Beverages,2025-11
8130,1,121,2025-01-20,2,Preparation Error,750.6,Menu Item 121,1,375.3,Restaurant 001,Burgers,2025-01
8131,8,8,2025-06-04,2,Damaged,615.44,Menu Item 008,8,307.72,Restaurant 008,Desserts,2025-06
8132,10,110,2025-06-01,3,Spoilage,657.81,Menu Item 110,10,219.27,Restaurant 010,Salads,2025-06
8133,14,34,2025-08-11,2,Overproduction,928.64,Menu Item 034,4,464.32,Restaurant 014,Rice,2025-08
8134,3,43,2025-02-05,3,Preparation Error,1139.1,Menu Item 043,3,379.7,Restaurant 003,Biryani,2025-02
8135,9,29,2025-12-08,2,Spoilage,137.24,Menu Item 029,9,68.62,Restaurant 009,Beverages,2025-12
8136,16,16,2025-12-22,3,Overproduction,1015.02,Menu Item 016,6,338.34,Restaurant 016,Pasta,2025-12
8137,16,96,2025-11-26,5,Damaged,2026.1,Menu Item 096,6,405.22,Restaurant 016,Pasta,2025-11
8138,7,87,2025-10-24,5,Preparation Error,2654.9,Menu Item 087,7,530.98,Restaurant 007,Sandwiches,2025-10
8139,8,128,2025-03-11,1,Preparation Error,347.29,Menu Item 128,8,347.29,Restaurant 008,Desserts,2025-03
8140,6,26,2025-12-11,1,Overproduction,606.56,Menu Item 026,6,606.56,Restaurant 006,Pasta,2025-12
8141,17,117,2025-06-24,2,Damaged,859.46,Menu Item 117,7,429.73,Restaurant 017,Sandwiches,2025-06
8142,3,123,2025-03-09,1,Spoilage,365.54,Menu Item 123,3,365.54,Restaurant 003,Biryani,2025-03
8143,14,14,2025-04-02,5,Unsold,1156.15,Menu Item 014,4,231.23,Restaurant 014,Rice,2025-04
8144,19,59,2025-05-14,2,Preparation Error,379.74,Menu Item 059,9,189.87,Restaurant 019,Beverages,2025-05
8145,10,130,2025-10-08,8,Overproduction,2337.12,Menu Item 130,10,292.14,Restaurant 010,Salads,2025-10
8146,1,21,2025-01-14,2,Overproduction,644.56,Menu Item 021,1,322.28,Restaurant 001,Burgers,2025-01
8147,3,63,2025-08-24,8,Overproduction,2511.52,Menu Item 063,3,313.94,Restaurant 003,Biryani,2025-08
8148,7,47,2025-05-11,3,Expired,1594.68,Menu Item 047,7,531.56,Restaurant 007,Sandwiches,2025-05
8149,16,36,2025-11-05,8,Damaged,3607.2,Menu Item 036,6,450.9,Restaurant 016,Pasta,2025-11
8150,17,17,2025-11-18,2,Overproduction,584.68,Menu Item 017,7,292.34,Restaurant 017,Sandwiches,2025-11
8151,14,94,2025-11-02,1,Spoilage,274.91,Menu Item 094,4,274.91,Restaurant 014,Rice,2025-11
8152,19,119,2025-05-26,2,Expired,209.28,Menu Item 119,9,104.64,Restaurant 019,Beverages,2025-05
8153,20,40,2025-11-08,1,Overproduction,276.24,Menu Item 040,10,276.24,Restaurant 020,Salads,2025-11
8154,15,115,2025-11-09,2,Expired,1607.8,Menu Item 115,5,803.9,Restaurant 015,BBQ,2025-11
8155,18,98,2025-04-09,8,Unsold,2989.2,Menu Item 098,8,373.65,Restaurant 018,Desserts,2025-04
8156,16,136,2025-06-17,10,Damaged,4323.7,Menu Item 136,6,432.37,Restaurant 016,Pasta,2025-06
8157,8,68,2025-12-01,3,Preparation Error,342.18,Menu Item 068,8,114.06,Restaurant 008,Desserts,2025-12
8158,14,94,2025-11-28,8,Overproduction,2199.28,Menu Item 094,4,274.91,Restaurant 014,Rice,2025-11
8159,12,132,2025-01-03,5,Unsold,3210.3,Menu Item 132,2,642.06,Restaurant 012,Pizza,2025-01
8160,20,20,2025-04-26,1,Unsold,288.51,Menu Item 020,10,288.51,Restaurant 020,Salads,2025-04
8161,12,32,2025-06-18,2,Expired,1476.6,Menu Item 032,2,738.3,Restaurant 012,Pizza,2025-06
8162,15,35,2025-11-18,5,Unsold,2185.3,Menu Item 035,5,437.06,Restaurant 015,BBQ,2025-11
8163,2,142,2025-08-15,2,Overproduction,1838.7,Menu Item 142,2,919.35,Restaurant 002,Pizza,2025-08
8164,11,31,2025-04-02,3,Unsold,967.86,Menu Item 031,1,322.62,Restaurant 011,Burgers,2025-04
8165,5,25,2025-10-14,3,Spoilage,3083.13,Menu Item 025,5,1027.71,Restaurant 005,BBQ,2025-10
8166,8,128,2025-05-05,1,Expired,347.29,Menu Item 128,8,347.29,Restaurant 008,Desserts,2025-05
8167,8,48,2025-09-13,1,Damaged,194.92,Menu Item 048,8,194.92,Restaurant 008,Desserts,2025-09
8168,4,24,2025-09-19,3,Preparation Error,1495.11,Menu Item 024,4,498.37,Restaurant 004,Rice,2025-09
8169,10,50,2025-12-27,2,Overproduction,316.2,Menu Item 050,10,158.1,Restaurant 010,Salads,2025-12
8170,18,118,2025-03-23,1,Overproduction,309.0,Menu Item 118,8,309.0,Restaurant 018,Desserts,2025-03
8171,1,101,2025-09-13,5,Expired,1592.55,Menu Item 101,1,318.51,Restaurant 001,Burgers,2025-09
8172,10,70,2025-08-06,1,Expired,207.25,Menu Item 070,10,207.25,Restaurant 010,Salads,2025-08
8173,4,24,2025-09-01,3,Damaged,1495.11,Menu Item 024,4,498.37,Restaurant 004,Rice,2025-09
8174,7,47,2025-11-07,3,Unsold,1594.68,Menu Item 047,7,531.56,Restaurant 007,Sandwiches,2025-11
8175,19,119,2025-03-28,2,Spoilage,209.28,Menu Item 119,9,104.64,Restaurant 019,Beverages,2025-03
8176,11,71,2025-10-15,1,Spoilage,464.98,Menu Item 071,1,464.98,Restaurant 011,Burgers,2025-10
8177,14,114,2025-03-09,1,Damaged,544.89,Menu Item 114,4,544.89,Restaurant 014,Rice,2025-03
8178,16,136,2025-04-23,3,Expired,1297.11,Menu Item 136,6,432.37,Restaurant 016,Pasta,2025-04
8179,6,146,2025-11-22,2,Expired,1485.06,Menu Item 146,6,742.53,Restaurant 006,Pasta,2025-11
8180,10,70,2025-05-23,3,Expired,621.75,Menu Item 070,10,207.25,Restaurant 010,Salads,2025-05
8181,17,77,2025-05-20,1,Preparation Error,598.63,Menu Item 077,7,598.63,Restaurant 017,Sandwiches,2025-05
8182,14,114,2025-03-05,2,Damaged,1089.78,Menu Item 114,4,544.89,Restaurant 014,Rice,2025-03
8183,6,6,2025-05-19,3,Overproduction,906.45,Menu Item 006,6,302.15,Restaurant 006,Pasta,2025-05
8184,13,13,2025-03-20,1,Unsold,389.28,Menu Item 013,3,389.28,Restaurant 013,Biryani,2025-03
8185,19,139,2025-04-08,1,Overproduction,127.54,Menu Item 139,9,127.54,Restaurant 019,Beverages,2025-04
8186,7,7,2025-08-16,2,Spoilage,955.14,Menu Item 007,7,477.57,Restaurant 007,Sandwiches,2025-08
8187,3,83,2025-01-23,3,Spoilage,709.05,Menu Item 083,3,236.35,Restaurant 003,Biryani,2025-01
8188,9,89,2025-03-10,1,Preparation Error,266.36,Menu Item 089,9,266.36,Restaurant 009,Beverages,2025-03
8189,19,79,2025-07-14,2,Unsold,261.0,Menu Item 079,9,130.5,Restaurant 019,Beverages,2025-07
8190,1,101,2025-11-22,5,Spoilage,1592.55,Menu Item 101,1,318.51,Restaurant 001,Burgers,2025-11
8191,16,136,2025-08-09,1,Expired,432.37,Menu Item 136,6,432.37,Restaurant 016,Pasta,2025-08
8192,16,56,2025-02-16,1,Preparation Error,390.6,Menu Item 056,6,390.6,Restaurant 016,Pasta,2025-02
8193,12,112,2025-06-14,3,Overproduction,2583.84,Menu Item 112,2,861.28,Restaurant 012,Pizza,2025-06
8194,3,123,2025-02-28,2,Damaged,731.08,Menu Item 123,3,365.54,Restaurant 003,Biryani,2025-02
8195,16,16,2025-01-13,2,Unsold,676.68,Menu Item 016,6,338.34,Restaurant 016,Pasta,2025-01
8196,1,1,2025-08-05,3,Unsold,1284.36,Menu Item 001,1,428.12,Restaurant 001,Burgers,2025-08
8197,2,82,2025-06-05,1,Expired,601.45,Menu Item 082,2,601.45,Restaurant 002,Pizza,2025-06
8198,15,115,2025-06-09,8,Expired,6431.2,Menu Item 115,5,803.9,Restaurant 015,BBQ,2025-06
8199,17,17,2025-07-14,2,Overproduction,584.68,Menu Item 017,7,292.34,Restaurant 017,Sandwiches,2025-07
8200,6,86,2025-01-26,1,Overproduction,478.31,Menu Item 086,6,478.31,Restaurant 006,Pasta,2025-01
8201,18,38,2025-11-05,2,Spoilage,752.64,Menu Item 038,8,376.32,Restaurant 018,Desserts,2025-11
8202,8,68,2025-12-01,1,Damaged,114.06,Menu Item 068,8,114.06,Restaurant 008,Desserts,2025-12
8203,8,68,2025-12-23,3,Expired,342.18,Menu Item 068,8,114.06,Restaurant 008,Desserts,2025-12
8204,10,50,2025-06-27,3,Spoilage,474.3,Menu Item 050,10,158.1,Restaurant 010,Salads,2025-06
8205,12,32,2025-07-22,1,Damaged,738.3,Menu Item 032,2,738.3,Restaurant 012,Pizza,2025-07
8206,18,38,2025-02-09,1,Expired,376.32,Menu Item 038,8,376.32,Restaurant 018,Desserts,2025-02
8207,10,110,2025-10-02,1,Damaged,219.27,Menu Item 110,10,219.27,Restaurant 010,Salads,2025-10
8208,5,145,2025-03-20,3,Unsold,1289.64,Menu Item 145,5,429.88,Restaurant 005,BBQ,2025-03
8209,5,25,2025-06-15,2,Overproduction,2055.42,Menu Item 025,5,1027.71,Restaurant 005,BBQ,2025-06
8210,5,45,2025-07-06,2,Overproduction,779.88,Menu Item 045,5,389.94,Restaurant 005,BBQ,2025-07
8211,4,144,2025-12-20,5,Overproduction,1216.25,Menu Item 144,4,243.25,Restaurant 004,Rice,2025-12
8212,8,28,2025-05-08,5,Overproduction,1890.8,Menu Item 028,8,378.16,Restaurant 008,Desserts,2025-05
8213,15,55,2025-10-10,2,Expired,1865.24,Menu Item 055,5,932.62,Restaurant 015,BBQ,2025-10
8214,7,7,2025-07-20,1,Expired,477.57,Menu Item 007,7,477.57,Restaurant 007,Sandwiches,2025-07
8215,10,150,2025-06-09,3,Unsold,1132.02,Menu Item 150,10,377.34,Restaurant 010,Salads,2025-06
8216,2,62,2025-04-21,1,Expired,509.77,Menu Item 062,2,509.77,Restaurant 002,Pizza,2025-04
8217,10,130,2025-07-01,8,Unsold,2337.12,Menu Item 130,10,292.14,Restaurant 010,Salads,2025-07
8218,3,23,2025-03-23,3,Damaged,810.69,Menu Item 023,3,270.23,Restaurant 003,Biryani,2025-03
8219,8,68,2025-04-24,3,Expired,342.18,Menu Item 068,8,114.06,Restaurant 008,Desserts,2025-04
8220,10,110,2025-06-13,2,Preparation Error,438.54,Menu Item 110,10,219.27,Restaurant 010,Salads,2025-06
8221,13,93,2025-01-19,2,Expired,1107.22,Menu Item 093,3,553.61,Restaurant 013,Biryani,2025-01
8222,8,148,2025-11-24,1,Unsold,337.64,Menu Item 148,8,337.64,Restaurant 008,Desserts,2025-11
8223,19,59,2025-02-05,3,Damaged,569.61,Menu Item 059,9,189.87,Restaurant 019,Beverages,2025-02
8224,20,20,2025-07-13,1,Overproduction,288.51,Menu Item 020,10,288.51,Restaurant 020,Salads,2025-07
8225,14,54,2025-03-19,1,Preparation Error,182.18,Menu Item 054,4,182.18,Restaurant 014,Rice,2025-03
8226,13,13,2025-12-16,5,Overproduction,1946.4,Menu Item 013,3,389.28,Restaurant 013,Biryani,2025-12
8227,16,76,2025-10-25,3,Preparation Error,1245.93,Menu Item 076,6,415.31,Restaurant 016,Pasta,2025-10
8228,20,80,2025-04-26,1,Unsold,111.05,Menu Item 080,10,111.05,Restaurant 020,Salads,2025-04
8229,12,52,2025-11-19,8,Unsold,3708.8,Menu Item 052,2,463.6,Restaurant 012,Pizza,2025-11
8230,9,29,2025-10-28,2,Overproduction,137.24,Menu Item 029,9,68.62,Restaurant 009,Beverages,2025-10
8231,9,129,2025-04-10,3,Overproduction,300.6,Menu Item 129,9,100.2,Restaurant 009,Beverages,2025-04
8232,18,38,2025-12-05,1,Unsold,376.32,Menu Item 038,8,376.32,Restaurant 018,Desserts,2025-12
8233,20,140,2025-02-02,1,Expired,178.4,Menu Item 140,10,178.4,Restaurant 020,Salads,2025-02
8234,5,65,2025-11-19,2,Overproduction,1031.48,Menu Item 065,5,515.74,Restaurant 005,BBQ,2025-11
8235,4,44,2025-12-10,1,Overproduction,440.72,Menu Item 044,4,440.72,Restaurant 004,Rice,2025-12
8236,16,36,2025-10-03,1,Expired,450.9,Menu Item 036,6,450.9,Restaurant 016,Pasta,2025-10
8237,12,132,2025-09-11,1,Expired,642.06,Menu Item 132,2,642.06,Restaurant 012,Pizza,2025-09
8238,19,99,2025-06-18,1,Unsold,111.74,Menu Item 099,9,111.74,Restaurant 019,Beverages,2025-06
8239,1,101,2025-03-18,2,Overproduction,637.02,Menu Item 101,1,318.51,Restaurant 001,Burgers,2025-03
8240,1,1,2025-05-19,2,Damaged,856.24,Menu Item 001,1,428.12,Restaurant 001,Burgers,2025-05
8241,19,99,2025-08-08,2,Preparation Error,223.48,Menu Item 099,9,111.74,Restaurant 019,Beverages,2025-08
8242,8,48,2025-06-02,10,Spoilage,1949.2,Menu Item 048,8,194.92,Restaurant 008,Desserts,2025-06
8243,17,77,2025-04-21,3,Expired,1795.89,Menu Item 077,7,598.63,Restaurant 017,Sandwiches,2025-04
8244,16,76,2025-05-11,1,Overproduction,415.31,Menu Item 076,6,415.31,Restaurant 016,Pasta,2025-05
8245,2,102,2025-12-17,2,Damaged,1548.34,Menu Item 102,2,774.17,Restaurant 002,Pizza,2025-12
8246,7,27,2025-06-20,2,Expired,675.42,Menu Item 027,7,337.71,Restaurant 007,Sandwiches,2025-06
8247,7,87,2025-07-08,1,Overproduction,530.98,Menu Item 087,7,530.98,Restaurant 007,Sandwiches,2025-07
8248,18,38,2025-04-06,2,Spoilage,752.64,Menu Item 038,8,376.32,Restaurant 018,Desserts,2025-04
8249,5,85,2025-11-13,3,Overproduction,1065.33,Menu Item 085,5,355.11,Restaurant 005,BBQ,2025-11
8250,10,10,2025-05-12,1,Overproduction,143.3,Menu Item 010,10,143.3,Restaurant 010,Salads,2025-05
8251,18,38,2025-07-21,2,Damaged,752.64,Menu Item 038,8,376.32,Restaurant 018,Desserts,2025-07
8252,17,77,2025-09-12,8,Spoilage,4789.04,Menu Item 077,7,598.63,Restaurant 017,Sandwiches,2025-09
8253,5,145,2025-07-24,1,Overproduction,429.88,Menu Item 145,5,429.88,Restaurant 005,BBQ,2025-07
8254,2,102,2025-03-01,2,Expired,1548.34,Menu Item 102,2,774.17,Restaurant 002,Pizza,2025-03
8255,8,48,2025-01-21,1,Unsold,194.92,Menu Item 048,8,194.92,Restaurant 008,Desserts,2025-01
8256,8,128,2025-10-08,5,Unsold,1736.45,Menu Item 128,8,347.29,Restaurant 008,Desserts,2025-10
8257,5,5,2025-09-06,3,Expired,2280.63,Menu Item 005,5,760.21,Restaurant 005,BBQ,2025-09
8258,14,114,2025-05-27,2,Damaged,1089.78,Menu Item 114,4,544.89,Restaurant 014,Rice,2025-05
8259,20,40,2025-10-11,1,Expired,276.24,Menu Item 040,10,276.24,Restaurant 020,Salads,2025-10
8260,6,146,2025-06-21,5,Overproduction,3712.65,Menu Item 146,6,742.53,Restaurant 006,Pasta,2025-06
8261,18,78,2025-10-24,1,Damaged,256.11,Menu Item 078,8,256.11,Restaurant 018,Desserts,2025-10
8262,2,42,2025-04-12,1,Overproduction,467.71,Menu Item 042,2,467.71,Restaurant 002,Pizza,2025-04
8263,12,12,2025-01-24,1,Overproduction,783.1,Menu Item 012,2,783.1,Restaurant 012,Pizza,2025-01
8264,7,47,2025-08-09,3,Overproduction,1594.68,Menu Item 047,7,531.56,Restaurant 007,Sandwiches,2025-08
8265,8,48,2025-06-20,1,Unsold,194.92,Menu Item 048,8,194.92,Restaurant 008,Desserts,2025-06
8266,16,96,2025-01-08,1,Unsold,405.22,Menu Item 096,6,405.22,Restaurant 016,Pasta,2025-01
8267,15,135,2025-05-16,5,Unsold,1502.45,Menu Item 135,5,300.49,Restaurant 015,BBQ,2025-05
8268,13,133,2025-04-10,1,Expired,508.83,Menu Item 133,3,508.83,Restaurant 013,Biryani,2025-04
8269,18,118,2025-04-12,1,Expired,309.0,Menu Item 118,8,309.0,Restaurant 018,Desserts,2025-04
8270,5,25,2025-10-21,2,Spoilage,2055.42,Menu Item 025,5,1027.71,Restaurant 005,BBQ,2025-10
8271,6,126,2025-01-03,1,Damaged,670.63,Menu Item 126,6,670.63,Restaurant 006,Pasta,2025-01
8272,6,126,2025-10-17,10,Expired,6706.3,Menu Item 126,6,670.63,Restaurant 006,Pasta,2025-10
8273,18,78,2025-04-15,1,Preparation Error,256.11,Menu Item 078,8,256.11,Restaurant 018,Desserts,2025-04
8274,2,102,2025-03-16,8,Preparation Error,6193.36,Menu Item 102,2,774.17,Restaurant 002,Pizza,2025-03
8275,7,147,2025-09-21,2,Unsold,449.6,Menu Item 147,7,224.8,Restaurant 007,Sandwiches,2025-09
8276,3,83,2025-01-26,1,Spoilage,236.35,Menu Item 083,3,236.35,Restaurant 003,Biryani,2025-01
8277,12,92,2025-10-15,3,Preparation Error,1393.11,Menu Item 092,2,464.37,Restaurant 012,Pizza,2025-10
8278,13,33,2025-04-02,3,Spoilage,1054.5,Menu Item 033,3,351.5,Restaurant 013,Biryani,2025-04
8279,17,57,2025-04-15,2,Overproduction,629.04,Menu Item 057,7,314.52,Restaurant 017,Sandwiches,2025-04
8280,2,82,2025-11-01,10,Spoilage,6014.5,Menu Item 082,2,601.45,Restaurant 002,Pizza,2025-11
8281,5,85,2025-07-01,2,Spoilage,710.22,Menu Item 085,5,355.11,Restaurant 005,BBQ,2025-07
8282,7,47,2025-03-25,1,Unsold,531.56,Menu Item 047,7,531.56,Restaurant 007,Sandwiches,2025-03
8283,13,93,2025-11-18,2,Expired,1107.22,Menu Item 093,3,553.61,Restaurant 013,Biryani,2025-11
8284,2,62,2025-10-07,1,Expired,509.77,Menu Item 062,2,509.77,Restaurant 002,Pizza,2025-10
8285,8,108,2025-09-09,2,Expired,830.16,Menu Item 108,8,415.08,Restaurant 008,Desserts,2025-09
8286,20,100,2025-01-14,5,Unsold,2433.5,Menu Item 100,10,486.7,Restaurant 020,Salads,2025-01
8287,19,119,2025-09-26,3,Unsold,313.92,Menu Item 119,9,104.64,Restaurant 019,Beverages,2025-09
8288,10,30,2025-10-25,2,Preparation Error,334.54,Menu Item 030,10,167.27,Restaurant 010,Salads,2025-10
8289,19,79,2025-04-26,2,Damaged,261.0,Menu Item 079,9,130.5,Restaurant 019,Beverages,2025-04
8290,12,32,2025-02-19,3,Preparation Error,2214.9,Menu Item 032,2,738.3,Restaurant 012,Pizza,2025-02
8291,10,150,2025-06-26,2,Preparation Error,754.68,Menu Item 150,10,377.34,Restaurant 010,Salads,2025-06
8292,5,125,2025-02-06,1,Overproduction,1138.34,Menu Item 125,5,1138.34,Restaurant 005,BBQ,2025-02
8293,11,111,2025-09-04,2,Expired,652.38,Menu Item 111,1,326.19,Restaurant 011,Burgers,2025-09
8294,11,111,2025-02-27,2,Overproduction,652.38,Menu Item 111,1,326.19,Restaurant 011,Burgers,2025-02
8295,12,132,2025-07-28,1,Unsold,642.06,Menu Item 132,2,642.06,Restaurant 012,Pizza,2025-07
8296,13,33,2025-09-02,2,Spoilage,703.0,Menu Item 033,3,351.5,Restaurant 013,Biryani,2025-09
8297,11,71,2025-07-24,1,Unsold,464.98,Menu Item 071,1,464.98,Restaurant 011,Burgers,2025-07
8298,18,138,2025-01-26,8,Overproduction,1236.8,Menu Item 138,8,154.6,Restaurant 018,Desserts,2025-01
8299,13,93,2025-10-19,2,Spoilage,1107.22,Menu Item 093,3,553.61,Restaurant 013,Biryani,2025-10
8300,13,13,2025-02-21,1,Preparation Error,389.28,Menu Item 013,3,389.28,Restaurant 013,Biryani,2025-02
8301,18,38,2025-01-03,1,Overproduction,376.32,Menu Item 038,8,376.32,Restaurant 018,Desserts,2025-01
8302,12,52,2025-09-28,1,Overproduction,463.6,Menu Item 052,2,463.6,Restaurant 012,Pizza,2025-09
8303,8,8,2025-02-04,2,Damaged,615.44,Menu Item 008,8,307.72,Restaurant 008,Desserts,2025-02
8304,11,11,2025-02-28,1,Preparation Error,546.24,Menu Item 011,1,546.24,Restaurant 011,Burgers,2025-02
8305,15,15,2025-03-25,1,Unsold,496.97,Menu Item 015,5,496.97,Restaurant 015,BBQ,2025-03
8306,9,129,2025-07-09,2,Overproduction,200.4,Menu Item 129,9,100.2,Restaurant 009,Beverages,2025-07
8307,12,12,2025-12-12,2,Damaged,1566.2,Menu Item 012,2,783.1,Restaurant 012,Pizza,2025-12
8308,12,92,2025-12-03,3,Damaged,1393.11,Menu Item 092,2,464.37,Restaurant 012,Pizza,2025-12
8309,5,25,2025-11-16,5,Spoilage,5138.55,Menu Item 025,5,1027.71,Restaurant 005,BBQ,2025-11
8310,1,61,2025-11-13,2,Preparation Error,991.42,Menu Item 061,1,495.71,Restaurant 001,Burgers,2025-11
8311,15,135,2025-12-20,3,Damaged,901.47,Menu Item 135,5,300.49,Restaurant 015,BBQ,2025-12
8312,5,25,2025-04-03,2,Expired,2055.42,Menu Item 025,5,1027.71,Restaurant 005,BBQ,2025-04
8313,10,130,2025-05-22,1,Preparation Error,292.14,Menu Item 130,10,292.14,Restaurant 010,Salads,2025-05
8314,13,113,2025-03-06,1,Expired,230.81,Menu Item 113,3,230.81,Restaurant 013,Biryani,2025-03
8315,8,128,2025-08-10,1,Unsold,347.29,Menu Item 128,8,347.29,Restaurant 008,Desserts,2025-08
8316,18,38,2025-11-12,1,Preparation Error,376.32,Menu Item 038,8,376.32,Restaurant 018,Desserts,2025-11
8317,7,27,2025-01-22,2,Overproduction,675.42,Menu Item 027,7,337.71,Restaurant 007,Sandwiches,2025-01
8318,16,136,2025-01-03,2,Spoilage,864.74,Menu Item 136,6,432.37,Restaurant 016,Pasta,2025-01
8319,17,137,2025-04-17,2,Spoilage,707.48,Menu Item 137,7,353.74,Restaurant 017,Sandwiches,2025-04
8320,10,70,2025-09-16,2,Preparation Error,414.5,Menu Item 070,10,207.25,Restaurant 010,Salads,2025-09
8321,20,140,2025-11-16,2,Expired,356.8,Menu Item 140,10,178.4,Restaurant 020,Salads,2025-11
8322,18,138,2025-05-17,2,Damaged,309.2,Menu Item 138,8,154.6,Restaurant 018,Desserts,2025-05
8323,17,117,2025-02-27,2,Preparation Error,859.46,Menu Item 117,7,429.73,Restaurant 017,Sandwiches,2025-02
8324,3,143,2025-05-19,2,Unsold,710.0,Menu Item 143,3,355.0,Restaurant 003,Biryani,2025-05
8325,4,24,2025-01-08,3,Expired,1495.11,Menu Item 024,4,498.37,Restaurant 004,Rice,2025-01
8326,2,82,2025-06-19,5,Overproduction,3007.25,Menu Item 082,2,601.45,Restaurant 002,Pizza,2025-06
8327,6,66,2025-10-15,2,Damaged,837.56,Menu Item 066,6,418.78,Restaurant 006,Pasta,2025-10
8328,19,139,2025-04-15,3,Damaged,382.62,Menu Item 139,9,127.54,Restaurant 019,Beverages,2025-04
8329,12,32,2025-06-02,1,Preparation Error,738.3,Menu Item 032,2,738.3,Restaurant 012,Pizza,2025-06
8330,2,22,2025-08-20,10,Expired,3234.7,Menu Item 022,2,323.47,Restaurant 002,Pizza,2025-08
8331,19,19,2025-06-06,3,Unsold,539.97,Menu Item 019,9,179.99,Restaurant 019,Beverages,2025-06
8332,17,137,2025-02-16,5,Damaged,1768.7,Menu Item 137,7,353.74,Restaurant 017,Sandwiches,2025-02
8333,9,89,2025-11-10,2,Preparation Error,532.72,Menu Item 089,9,266.36,Restaurant 009,Beverages,2025-11
8334,12,32,2025-02-16,2,Overproduction,1476.6,Menu Item 032,2,738.3,Restaurant 012,Pizza,2025-02
8335,18,58,2025-12-16,2,Expired,720.5,Menu Item 058,8,360.25,Restaurant 018,Desserts,2025-12
8336,10,150,2025-08-19,10,Overproduction,3773.4,Menu Item 150,10,377.34,Restaurant 010,Salads,2025-08
8337,13,73,2025-03-28,1,Unsold,231.75,Menu Item 073,3,231.75,Restaurant 013,Biryani,2025-03
8338,12,72,2025-07-27,1,Expired,275.78,Menu Item 072,2,275.78,Restaurant 012,Pizza,2025-07
8339,11,51,2025-10-13,3,Expired,1088.43,Menu Item 051,1,362.81,Restaurant 011,Burgers,2025-10
8340,1,21,2025-09-10,2,Overproduction,644.56,Menu Item 021,1,322.28,Restaurant 001,Burgers,2025-09
8341,7,7,2025-04-25,2,Preparation Error,955.14,Menu Item 007,7,477.57,Restaurant 007,Sandwiches,2025-04
8342,13,33,2025-09-26,1,Damaged,351.5,Menu Item 033,3,351.5,Restaurant 013,Biryani,2025-09
8343,6,6,2025-01-19,3,Spoilage,906.45,Menu Item 006,6,302.15,Restaurant 006,Pasta,2025-01
8344,1,81,2025-05-04,2,Overproduction,1028.94,Menu Item 081,1,514.47,Restaurant 001,Burgers,2025-05
8345,4,24,2025-10-07,2,Expired,996.74,Menu Item 024,4,498.37,Restaurant 004,Rice,2025-10
8346,8,88,2025-09-06,3,Expired,676.89,Menu Item 088,8,225.63,Restaurant 008,Desserts,2025-09
8347,17,37,2025-11-21,1,Damaged,689.77,Menu Item 037,7,689.77,Restaurant 017,Sandwiches,2025-11
8348,19,79,2025-08-22,3,Unsold,391.5,Menu Item 079,9,130.5,Restaurant 019,Beverages,2025-08
8349,15,135,2025-12-27,2,Spoilage,600.98,Menu Item 135,5,300.49,Restaurant 015,BBQ,2025-12
8350,19,79,2025-10-07,3,Preparation Error,391.5,Menu Item 079,9,130.5,Restaurant 019,Beverages,2025-10
8351,5,105,2025-03-23,3,Spoilage,1789.62,Menu Item 105,5,596.54,Restaurant 005,BBQ,2025-03
8352,19,99,2025-10-17,1,Unsold,111.74,Menu Item 099,9,111.74,Restaurant 019,Beverages,2025-10
8353,18,98,2025-12-28,1,Spoilage,373.65,Menu Item 098,8,373.65,Restaurant 018,Desserts,2025-12
8354,17,37,2025-01-11,2,Unsold,1379.54,Menu Item 037,7,689.77,Restaurant 017,Sandwiches,2025-01
8355,13,33,2025-08-11,5,Damaged,1757.5,Menu Item 033,3,351.5,Restaurant 013,Biryani,2025-08
8356,9,149,2025-09-01,2,Overproduction,478.36,Menu Item 149,9,239.18,Restaurant 009,Beverages,2025-09
8357,6,66,2025-02-03,3,Damaged,1256.34,Menu Item 066,6,418.78,Restaurant 006,Pasta,2025-02
8358,3,3,2025-04-25,3,Preparation Error,677.88,Menu Item 003,3,225.96,Restaurant 003,Biryani,2025-04
8359,11,111,2025-03-12,5,Damaged,1630.95,Menu Item 111,1,326.19,Restaurant 011,Burgers,2025-03
8360,11,71,2025-09-15,5,Spoilage,2324.9,Menu Item 071,1,464.98,Restaurant 011,Burgers,2025-09
8361,3,23,2025-07-13,2,Damaged,540.46,Menu Item 023,3,270.23,Restaurant 003,Biryani,2025-07
8362,6,146,2025-07-21,2,Spoilage,1485.06,Menu Item 146,6,742.53,Restaurant 006,Pasta,2025-07
8363,5,145,2025-05-12,3,Overproduction,1289.64,Menu Item 145,5,429.88,Restaurant 005,BBQ,2025-05
8364,10,130,2025-05-04,2,Unsold,584.28,Menu Item 130,10,292.14,Restaurant 010,Salads,2025-05
8365,7,47,2025-10-08,1,Damaged,531.56,Menu Item 047,7,531.56,Restaurant 007,Sandwiches,2025-10
8366,8,128,2025-07-14,5,Spoilage,1736.45,Menu Item 128,8,347.29,Restaurant 008,Desserts,2025-07
8367,9,89,2025-07-04,1,Spoilage,266.36,Menu Item 089,9,266.36,Restaurant 009,Beverages,2025-07
8368,4,4,2025-03-20,5,Preparation Error,758.4,Menu Item 004,4,151.68,Restaurant 004,Rice,2025-03
8369,10,10,2025-04-07,3,Preparation Error,429.9,Menu Item 010,10,143.3,Restaurant 010,Salads,2025-04
8370,15,135,2025-01-09,1,Preparation Error,300.49,Menu Item 135,5,300.49,Restaurant 015,BBQ,2025-01
8371,14,134,2025-02-28,1,Unsold,288.34,Menu Item 134,4,288.34,Restaurant 014,Rice,2025-02
8372,13,93,2025-03-27,2,Unsold,1107.22,Menu Item 093,3,553.61,Restaurant 013,Biryani,2025-03
8373,9,49,2025-04-10,2,Damaged,508.56,Menu Item 049,9,254.28,Restaurant 009,Beverages,2025-04
8374,2,42,2025-01-13,1,Spoilage,467.71,Menu Item 042,2,467.71,Restaurant 002,Pizza,2025-01
8375,14,134,2025-02-06,5,Damaged,1441.7,Menu Item 134,4,288.34,Restaurant 014,Rice,2025-02
8376,4,124,2025-05-22,2,Overproduction,299.14,Menu Item 124,4,149.57,Restaurant 004,Rice,2025-05
8377,6,6,2025-11-03,3,Unsold,906.45,Menu Item 006,6,302.15,Restaurant 006,Pasta,2025-11
8378,8,28,2025-01-04,2,Unsold,756.32,Menu Item 028,8,378.16,Restaurant 008,Desserts,2025-01
8379,2,22,2025-10-28,5,Unsold,1617.35,Menu Item 022,2,323.47,Restaurant 002,Pizza,2025-10
8380,8,28,2025-03-28,1,Preparation Error,378.16,Menu Item 028,8,378.16,Restaurant 008,Desserts,2025-03
8381,19,119,2025-02-23,1,Unsold,104.64,Menu Item 119,9,104.64,Restaurant 019,Beverages,2025-02
8382,1,61,2025-11-09,5,Unsold,2478.55,Menu Item 061,1,495.71,Restaurant 001,Burgers,2025-11
8383,20,140,2025-02-11,1,Damaged,178.4,Menu Item 140,10,178.4,Restaurant 020,Salads,2025-02
8384,4,124,2025-10-20,2,Spoilage,299.14,Menu Item 124,4,149.57,Restaurant 004,Rice,2025-10
8385,8,68,2025-12-27,1,Expired,114.06,Menu Item 068,8,114.06,Restaurant 008,Desserts,2025-12
8386,6,46,2025-01-10,2,Damaged,1267.82,Menu Item 046,6,633.91,Restaurant 006,Pasta,2025-01
8387,19,99,2025-07-19,1,Unsold,111.74,Menu Item 099,9,111.74,Restaurant 019,Beverages,2025-07
8388,5,105,2025-11-06,1,Unsold,596.54,Menu Item 105,5,596.54,Restaurant 005,BBQ,2025-11
8389,6,26,2025-07-05,2,Damaged,1213.12,Menu Item 026,6,606.56,Restaurant 006,Pasta,2025-07
8390,20,120,2025-01-13,1,Unsold,227.83,Menu Item 120,10,227.83,Restaurant 020,Salads,2025-01
8391,20,140,2025-10-08,1,Preparation Error,178.4,Menu Item 140,10,178.4,Restaurant 020,Salads,2025-10
8392,15,15,2025-01-06,1,Spoilage,496.97,Menu Item 015,5,496.97,Restaurant 015,BBQ,2025-01
8393,19,59,2025-12-27,2,Unsold,379.74,Menu Item 059,9,189.87,Restaurant 019,Beverages,2025-12
8394,16,96,2025-06-26,3,Expired,1215.66,Menu Item 096,6,405.22,Restaurant 016,Pasta,2025-06
8395,20,60,2025-07-17,1,Overproduction,331.16,Menu Item 060,10,331.16,Restaurant 020,Salads,2025-07
8396,15,35,2025-06-21,1,Spoilage,437.06,Menu Item 035,5,437.06,Restaurant 015,BBQ,2025-06
8397,12,32,2025-09-01,1,Damaged,738.3,Menu Item 032,2,738.3,Restaurant 012,Pizza,2025-09
8398,2,62,2025-02-17,3,Spoilage,1529.31,Menu Item 062,2,509.77,Restaurant 002,Pizza,2025-02
8399,5,5,2025-04-08,1,Expired,760.21,Menu Item 005,5,760.21,Restaurant 005,BBQ,2025-04
8400,13,73,2025-12-14,2,Preparation Error,463.5,Menu Item 073,3,231.75,Restaurant 013,Biryani,2025-12
8401,9,9,2025-02-19,5,Spoilage,701.75,Menu Item 009,9,140.35,Restaurant 009,Beverages,2025-02
8402,9,49,2025-02-03,3,Spoilage,762.84,Menu Item 049,9,254.28,Restaurant 009,Beverages,2025-02
8403,4,84,2025-04-03,2,Unsold,701.46,Menu Item 084,4,350.73,Restaurant 004,Rice,2025-04
8404,15,75,2025-03-14,1,Preparation Error,422.0,Menu Item 075,5,422.0,Restaurant 015,BBQ,2025-03
8405,15,135,2025-03-09,1,Expired,300.49,Menu Item 135,5,300.49,Restaurant 015,BBQ,2025-03
8406,18,118,2025-04-12,2,Unsold,618.0,Menu Item 118,8,309.0,Restaurant 018,Desserts,2025-04
8407,14,94,2025-11-04,8,Expired,2199.28,Menu Item 094,4,274.91,Restaurant 014,Rice,2025-11
8408,15,135,2025-05-21,2,Spoilage,600.98,Menu Item 135,5,300.49,Restaurant 015,BBQ,2025-05
8409,10,90,2025-05-06,1,Unsold,190.96,Menu Item 090,10,190.96,Restaurant 010,Salads,2025-05
8410,15,135,2025-11-22,2,Overproduction,600.98,Menu Item 135,5,300.49,Restaurant 015,BBQ,2025-11
8411,20,120,2025-10-17,2,Overproduction,455.66,Menu Item 120,10,227.83,Restaurant 020,Salads,2025-10
8412,6,66,2025-07-18,2,Unsold,837.56,Menu Item 066,6,418.78,Restaurant 006,Pasta,2025-07
8413,10,150,2025-02-22,1,Spoilage,377.34,Menu Item 150,10,377.34,Restaurant 010,Salads,2025-02
8414,13,113,2025-01-26,3,Spoilage,692.43,Menu Item 113,3,230.81,Restaurant 013,Biryani,2025-01
8415,1,41,2025-01-02,5,Preparation Error,1272.55,Menu Item 041,1,254.51,Restaurant 001,Burgers,2025-01
8416,19,139,2025-11-27,1,Unsold,127.54,Menu Item 139,9,127.54,Restaurant 019,Beverages,2025-11
8417,3,3,2025-07-09,1,Unsold,225.96,Menu Item 003,3,225.96,Restaurant 003,Biryani,2025-07
8418,4,4,2025-02-01,2,Spoilage,303.36,Menu Item 004,4,151.68,Restaurant 004,Rice,2025-02
8419,18,58,2025-08-14,8,Expired,2882.0,Menu Item 058,8,360.25,Restaurant 018,Desserts,2025-08
8420,20,100,2025-04-07,2,Spoilage,973.4,Menu Item 100,10,486.7,Restaurant 020,Salads,2025-04
8421,11,91,2025-10-02,1,Spoilage,370.79,Menu Item 091,1,370.79,Restaurant 011,Burgers,2025-10
8422,1,141,2025-08-07,2,Unsold,504.22,Menu Item 141,1,252.11,Restaurant 001,Burgers,2025-08
8423,15,95,2025-01-28,2,Preparation Error,1363.76,Menu Item 095,5,681.88,Restaurant 015,BBQ,2025-01
8424,19,19,2025-12-08,5,Preparation Error,899.95,Menu Item 019,9,179.99,Restaurant 019,Beverages,2025-12
8425,9,89,2025-04-03,1,Expired,266.36,Menu Item 089,9,266.36,Restaurant 009,Beverages,2025-04
8426,20,140,2025-01-08,3,Damaged,535.2,Menu Item 140,10,178.4,Restaurant 020,Salads,2025-01
8427,19,19,2025-09-06,1,Preparation Error,179.99,Menu Item 019,9,179.99,Restaurant 019,Beverages,2025-09
8428,19,139,2025-09-05,1,Unsold,127.54,Menu Item 139,9,127.54,Restaurant 019,Beverages,2025-09
8429,7,67,2025-01-20,1,Unsold,635.56,Menu Item 067,7,635.56,Restaurant 007,Sandwiches,2025-01
8430,16,116,2025-03-17,1,Damaged,513.28,Menu Item 116,6,513.28,Restaurant 016,Pasta,2025-03
8431,4,124,2025-12-17,5,Overproduction,747.85,Menu Item 124,4,149.57,Restaurant 004,Rice,2025-12
8432,13,73,2025-12-18,2,Expired,463.5,Menu Item 073,3,231.75,Restaurant 013,Biryani,2025-12
8433,6,146,2025-08-26,2,Unsold,1485.06,Menu Item 146,6,742.53,Restaurant 006,Pasta,2025-08
8434,20,80,2025-02-12,1,Unsold,111.05,Menu Item 080,10,111.05,Restaurant 020,Salads,2025-02
8435,4,124,2025-11-28,5,Spoilage,747.85,Menu Item 124,4,149.57,Restaurant 004,Rice,2025-11
8436,14,34,2025-06-02,2,Damaged,928.64,Menu Item 034,4,464.32,Restaurant 014,Rice,2025-06
8437,19,59,2025-02-15,5,Expired,949.35,Menu Item 059,9,189.87,Restaurant 019,Beverages,2025-02
8438,9,109,2025-06-14,2,Preparation Error,442.86,Menu Item 109,9,221.43,Restaurant 009,Beverages,2025-06
8439,3,23,2025-07-28,2,Overproduction,540.46,Menu Item 023,3,270.23,Restaurant 003,Biryani,2025-07
8440,20,60,2025-09-10,1,Spoilage,331.16,Menu Item 060,10,331.16,Restaurant 020,Salads,2025-09
8441,11,31,2025-06-12,1,Overproduction,322.62,Menu Item 031,1,322.62,Restaurant 011,Burgers,2025-06
8442,10,10,2025-09-23,2,Expired,286.6,Menu Item 010,10,143.3,Restaurant 010,Salads,2025-09
8443,11,51,2025-07-16,3,Spoilage,1088.43,Menu Item 051,1,362.81,Restaurant 011,Burgers,2025-07
8444,12,132,2025-02-24,2,Overproduction,1284.12,Menu Item 132,2,642.06,Restaurant 012,Pizza,2025-02
8445,16,116,2025-06-15,1,Damaged,513.28,Menu Item 116,6,513.28,Restaurant 016,Pasta,2025-06
8446,19,139,2025-06-07,2,Overproduction,255.08,Menu Item 139,9,127.54,Restaurant 019,Beverages,2025-06
8447,11,111,2025-02-14,1,Overproduction,326.19,Menu Item 111,1,326.19,Restaurant 011,Burgers,2025-02
8448,8,68,2025-01-23,1,Overproduction,114.06,Menu Item 068,8,114.06,Restaurant 008,Desserts,2025-01
8449,2,142,2025-04-15,1,Preparation Error,919.35,Menu Item 142,2,919.35,Restaurant 002,Pizza,2025-04
8450,10,50,2025-01-01,8,Expired,1264.8,Menu Item 050,10,158.1,Restaurant 010,Salads,2025-01
8451,7,67,2025-04-16,5,Preparation Error,3177.8,Menu Item 067,7,635.56,Restaurant 007,Sandwiches,2025-04
8452,2,102,2025-09-09,2,Preparation Error,1548.34,Menu Item 102,2,774.17,Restaurant 002,Pizza,2025-09
8453,3,103,2025-06-06,8,Preparation Error,3923.92,Menu Item 103,3,490.49,Restaurant 003,Biryani,2025-06
8454,19,59,2025-04-06,2,Unsold,379.74,Menu Item 059,9,189.87,Restaurant 019,Beverages,2025-04
8455,8,88,2025-09-26,3,Damaged,676.89,Menu Item 088,8,225.63,Restaurant 008,Desserts,2025-09
8456,5,85,2025-05-24,5,Overproduction,1775.55,Menu Item 085,5,355.11,Restaurant 005,BBQ,2025-05
8457,10,150,2025-07-10,8,Spoilage,3018.72,Menu Item 150,10,377.34,Restaurant 010,Salads,2025-07
8458,9,9,2025-01-19,1,Unsold,140.35,Menu Item 009,9,140.35,Restaurant 009,Beverages,2025-01
8459,8,108,2025-04-16,1,Damaged,415.08,Menu Item 108,8,415.08,Restaurant 008,Desserts,2025-04
8460,3,123,2025-01-10,5,Expired,1827.7,Menu Item 123,3,365.54,Restaurant 003,Biryani,2025-01
8461,8,148,2025-10-11,1,Damaged,337.64,Menu Item 148,8,337.64,Restaurant 008,Desserts,2025-10
8462,6,46,2025-10-08,2,Damaged,1267.82,Menu Item 046,6,633.91,Restaurant 006,Pasta,2025-10
8463,4,104,2025-10-09,2,Overproduction,335.92,Menu Item 104,4,167.96,Restaurant 004,Rice,2025-10
8464,5,25,2025-06-10,3,Unsold,3083.13,Menu Item 025,5,1027.71,Restaurant 005,BBQ,2025-06
8465,18,38,2025-10-07,2,Expired,752.64,Menu Item 038,8,376.32,Restaurant 018,Desserts,2025-10
8466,7,67,2025-05-10,2,Overproduction,1271.12,Menu Item 067,7,635.56,Restaurant 007,Sandwiches,2025-05
8467,6,6,2025-09-08,1,Overproduction,302.15,Menu Item 006,6,302.15,Restaurant 006,Pasta,2025-09
8468,8,148,2025-11-07,5,Expired,1688.2,Menu Item 148,8,337.64,Restaurant 008,Desserts,2025-11
8469,6,106,2025-09-15,2,Unsold,554.26,Menu Item 106,6,277.13,Restaurant 006,Pasta,2025-09
8470,12,52,2025-12-16,10,Damaged,4636.0,Menu Item 052,2,463.6,Restaurant 012,Pizza,2025-12
8471,19,139,2025-11-11,2,Unsold,255.08,Menu Item 139,9,127.54,Restaurant 019,Beverages,2025-11
8472,10,150,2025-11-13,1,Overproduction,377.34,Menu Item 150,10,377.34,Restaurant 010,Salads,2025-11
8473,9,149,2025-09-05,2,Unsold,478.36,Menu Item 149,9,239.18,Restaurant 009,Beverages,2025-09
8474,8,68,2025-08-18,2,Expired,228.12,Menu Item 068,8,114.06,Restaurant 008,Desserts,2025-08
8475,9,49,2025-06-20,1,Overproduction,254.28,Menu Item 049,9,254.28,Restaurant 009,Beverages,2025-06
8476,6,86,2025-12-23,1,Expired,478.31,Menu Item 086,6,478.31,Restaurant 006,Pasta,2025-12
8477,8,28,2025-05-03,1,Preparation Error,378.16,Menu Item 028,8,378.16,Restaurant 008,Desserts,2025-05
8478,20,120,2025-10-10,1,Spoilage,227.83,Menu Item 120,10,227.83,Restaurant 020,Salads,2025-10
8479,10,110,2025-05-16,2,Unsold,438.54,Menu Item 110,10,219.27,Restaurant 010,Salads,2025-05
8480,13,33,2025-02-26,5,Damaged,1757.5,Menu Item 033,3,351.5,Restaurant 013,Biryani,2025-02
8481,16,36,2025-05-10,3,Overproduction,1352.7,Menu Item 036,6,450.9,Restaurant 016,Pasta,2025-05
8482,16,116,2025-11-06,3,Expired,1539.84,Menu Item 116,6,513.28,Restaurant 016,Pasta,2025-11
8483,7,47,2025-06-13,1,Damaged,531.56,Menu Item 047,7,531.56,Restaurant 007,Sandwiches,2025-06
8484,15,135,2025-04-03,1,Expired,300.49,Menu Item 135,5,300.49,Restaurant 015,BBQ,2025-04
8485,6,106,2025-06-08,1,Spoilage,277.13,Menu Item 106,6,277.13,Restaurant 006,Pasta,2025-06
8486,5,45,2025-01-13,2,Preparation Error,779.88,Menu Item 045,5,389.94,Restaurant 005,BBQ,2025-01
8487,8,68,2025-05-16,8,Overproduction,912.48,Menu Item 068,8,114.06,Restaurant 008,Desserts,2025-05
8488,17,77,2025-12-11,3,Unsold,1795.89,Menu Item 077,7,598.63,Restaurant 017,Sandwiches,2025-12
8489,6,126,2025-02-18,8,Overproduction,5365.04,Menu Item 126,6,670.63,Restaurant 006,Pasta,2025-02
8490,10,50,2025-03-09,1,Preparation Error,158.1,Menu Item 050,10,158.1,Restaurant 010,Salads,2025-03
8491,9,149,2025-03-17,2,Unsold,478.36,Menu Item 149,9,239.18,Restaurant 009,Beverages,2025-03
8492,2,42,2025-03-13,5,Spoilage,2338.55,Menu Item 042,2,467.71,Restaurant 002,Pizza,2025-03
8493,20,40,2025-06-07,1,Overproduction,276.24,Menu Item 040,10,276.24,Restaurant 020,Salads,2025-06
8494,10,30,2025-12-20,5,Expired,836.35,Menu Item 030,10,167.27,Restaurant 010,Salads,2025-12
8495,20,60,2025-04-08,1,Unsold,331.16,Menu Item 060,10,331.16,Restaurant 020,Salads,2025-04
8496,14,94,2025-10-25,2,Spoilage,549.82,Menu Item 094,4,274.91,Restaurant 014,Rice,2025-10
8497,13,113,2025-08-08,2,Preparation Error,461.62,Menu Item 113,3,230.81,Restaurant 013,Biryani,2025-08
8498,18,18,2025-02-23,2,Spoilage,668.78,Menu Item 018,8,334.39,Restaurant 018,Desserts,2025-02
8499,15,115,2025-03-24,1,Preparation Error,803.9,Menu Item 115,5,803.9,Restaurant 015,BBQ,2025-03
8500,7,87,2025-08-09,5,Damaged,2654.9,Menu Item 087,7,530.98,Restaurant 007,Sandwiches,2025-08
8501,1,81,2025-02-26,1,Overproduction,514.47,Menu Item 081,1,514.47,Restaurant 001,Burgers,2025-02
8502,15,55,2025-07-02,1,Spoilage,932.62,Menu Item 055,5,932.62,Restaurant 015,BBQ,2025-07
8503,6,26,2025-03-22,2,Overproduction,1213.12,Menu Item 026,6,606.56,Restaurant 006,Pasta,2025-03
8504,8,88,2025-02-06,1,Spoilage,225.63,Menu Item 088,8,225.63,Restaurant 008,Desserts,2025-02
8505,9,109,2025-09-19,1,Damaged,221.43,Menu Item 109,9,221.43,Restaurant 009,Beverages,2025-09
8506,7,147,2025-04-03,5,Damaged,1124.0,Menu Item 147,7,224.8,Restaurant 007,Sandwiches,2025-04
8507,5,85,2025-08-18,10,Unsold,3551.1,Menu Item 085,5,355.11,Restaurant 005,BBQ,2025-08
8508,18,18,2025-07-24,2,Unsold,668.78,Menu Item 018,8,334.39,Restaurant 018,Desserts,2025-07
8509,10,150,2025-12-15,3,Spoilage,1132.02,Menu Item 150,10,377.34,Restaurant 010,Salads,2025-12
8510,12,92,2025-08-05,1,Spoilage,464.37,Menu Item 092,2,464.37,Restaurant 012,Pizza,2025-08
8511,15,135,2025-05-26,1,Spoilage,300.49,Menu Item 135,5,300.49,Restaurant 015,BBQ,2025-05
8512,5,105,2025-06-28,3,Overproduction,1789.62,Menu Item 105,5,596.54,Restaurant 005,BBQ,2025-06
8513,1,41,2025-10-06,2,Spoilage,509.02,Menu Item 041,1,254.51,Restaurant 001,Burgers,2025-10
8514,15,115,2025-06-09,5,Unsold,4019.5,Menu Item 115,5,803.9,Restaurant 015,BBQ,2025-06
8515,18,138,2025-04-06,3,Unsold,463.8,Menu Item 138,8,154.6,Restaurant 018,Desserts,2025-04
8516,20,140,2025-01-18,2,Unsold,356.8,Menu Item 140,10,178.4,Restaurant 020,Salads,2025-01
8517,13,73,2025-12-20,3,Expired,695.25,Menu Item 073,3,231.75,Restaurant 013,Biryani,2025-12
8518,14,134,2025-12-26,1,Spoilage,288.34,Menu Item 134,4,288.34,Restaurant 014,Rice,2025-12
8519,17,97,2025-09-13,3,Spoilage,1362.12,Menu Item 097,7,454.04,Restaurant 017,Sandwiches,2025-09
8520,3,83,2025-05-28,1,Overproduction,236.35,Menu Item 083,3,236.35,Restaurant 003,Biryani,2025-05
8521,10,10,2025-06-22,3,Overproduction,429.9,Menu Item 010,10,143.3,Restaurant 010,Salads,2025-06
8522,13,33,2025-03-12,3,Preparation Error,1054.5,Menu Item 033,3,351.5,Restaurant 013,Biryani,2025-03
8523,16,116,2025-02-09,1,Preparation Error,513.28,Menu Item 116,6,513.28,Restaurant 016,Pasta,2025-02
8524,8,28,2025-03-01,1,Overproduction,378.16,Menu Item 028,8,378.16,Restaurant 008,Desserts,2025-03
8525,3,103,2025-08-07,8,Damaged,3923.92,Menu Item 103,3,490.49,Restaurant 003,Biryani,2025-08
8526,10,130,2025-06-02,2,Expired,584.28,Menu Item 130,10,292.14,Restaurant 010,Salads,2025-06
8527,2,22,2025-05-21,2,Unsold,646.94,Menu Item 022,2,323.47,Restaurant 002,Pizza,2025-05
8528,9,149,2025-03-03,10,Unsold,2391.8,Menu Item 149,9,239.18,Restaurant 009,Beverages,2025-03
8529,7,67,2025-03-13,1,Unsold,635.56,Menu Item 067,7,635.56,Restaurant 007,Sandwiches,2025-03
8530,1,81,2025-05-28,5,Preparation Error,2572.35,Menu Item 081,1,514.47,Restaurant 001,Burgers,2025-05
8531,15,55,2025-06-16,5,Overproduction,4663.1,Menu Item 055,5,932.62,Restaurant 015,BBQ,2025-06
8532,10,70,2025-09-23,5,Preparation Error,1036.25,Menu Item 070,10,207.25,Restaurant 010,Salads,2025-09
8533,20,60,2025-11-03,3,Spoilage,993.48,Menu Item 060,10,331.16,Restaurant 020,Salads,2025-11
8534,5,145,2025-11-12,1,Overproduction,429.88,Menu Item 145,5,429.88,Restaurant 005,BBQ,2025-11
8535,8,148,2025-01-27,1,Overproduction,337.64,Menu Item 148,8,337.64,Restaurant 008,Desserts,2025-01
8536,17,57,2025-06-11,2,Preparation Error,629.04,Menu Item 057,7,314.52,Restaurant 017,Sandwiches,2025-06
8537,9,9,2025-07-06,1,Spoilage,140.35,Menu Item 009,9,140.35,Restaurant 009,Beverages,2025-07
8538,11,131,2025-11-23,3,Preparation Error,1118.19,Menu Item 131,1,372.73,Restaurant 011,Burgers,2025-11
8539,11,51,2025-08-23,5,Damaged,1814.05,Menu Item 051,1,362.81,Restaurant 011,Burgers,2025-08
8540,13,93,2025-03-16,5,Preparation Error,2768.05,Menu Item 093,3,553.61,Restaurant 013,Biryani,2025-03
8541,12,12,2025-01-20,3,Expired,2349.3,Menu Item 012,2,783.1,Restaurant 012,Pizza,2025-01
8542,16,96,2025-02-28,3,Expired,1215.66,Menu Item 096,6,405.22,Restaurant 016,Pasta,2025-02
8543,16,136,2025-06-10,8,Spoilage,3458.96,Menu Item 136,6,432.37,Restaurant 016,Pasta,2025-06
8544,5,25,2025-03-13,2,Overproduction,2055.42,Menu Item 025,5,1027.71,Restaurant 005,BBQ,2025-03
8545,3,23,2025-12-03,1,Spoilage,270.23,Menu Item 023,3,270.23,Restaurant 003,Biryani,2025-12
8546,15,135,2025-11-21,2,Overproduction,600.98,Menu Item 135,5,300.49,Restaurant 015,BBQ,2025-11
8547,4,84,2025-09-05,8,Overproduction,2805.84,Menu Item 084,4,350.73,Restaurant 004,Rice,2025-09
8548,5,65,2025-12-21,5,Damaged,2578.7,Menu Item 065,5,515.74,Restaurant 005,BBQ,2025-12
8549,14,114,2025-03-07,3,Overproduction,1634.67,Menu Item 114,4,544.89,Restaurant 014,Rice,2025-03
8550,17,57,2025-11-15,2,Damaged,629.04,Menu Item 057,7,314.52,Restaurant 017,Sandwiches,2025-11
8551,3,83,2025-03-08,5,Preparation Error,1181.75,Menu Item 083,3,236.35,Restaurant 003,Biryani,2025-03
8552,15,15,2025-07-27,8,Expired,3975.76,Menu Item 015,5,496.97,Restaurant 015,BBQ,2025-07
8553,12,132,2025-07-26,2,Expired,1284.12,Menu Item 132,2,642.06,Restaurant 012,Pizza,2025-07
8554,7,47,2025-03-09,2,Preparation Error,1063.12,Menu Item 047,7,531.56,Restaurant 007,Sandwiches,2025-03
8555,19,19,2025-10-01,3,Expired,539.97,Menu Item 019,9,179.99,Restaurant 019,Beverages,2025-10
8556,4,4,2025-06-15,1,Spoilage,151.68,Menu Item 004,4,151.68,Restaurant 004,Rice,2025-06
8557,2,142,2025-06-14,2,Preparation Error,1838.7,Menu Item 142,2,919.35,Restaurant 002,Pizza,2025-06
8558,15,95,2025-08-27,1,Unsold,681.88,Menu Item 095,5,681.88,Restaurant 015,BBQ,2025-08
8559,13,93,2025-10-14,5,Damaged,2768.05,Menu Item 093,3,553.61,Restaurant 013,Biryani,2025-10
8560,9,149,2025-10-02,3,Overproduction,717.54,Menu Item 149,9,239.18,Restaurant 009,Beverages,2025-10
8561,9,149,2025-12-23,2,Spoilage,478.36,Menu Item 149,9,239.18,Restaurant 009,Beverages,2025-12
8562,16,116,2025-04-07,5,Spoilage,2566.4,Menu Item 116,6,513.28,Restaurant 016,Pasta,2025-04
8563,7,87,2025-10-01,5,Unsold,2654.9,Menu Item 087,7,530.98,Restaurant 007,Sandwiches,2025-10
8564,15,135,2025-05-22,1,Overproduction,300.49,Menu Item 135,5,300.49,Restaurant 015,BBQ,2025-05
8565,14,114,2025-02-03,3,Overproduction,1634.67,Menu Item 114,4,544.89,Restaurant 014,Rice,2025-02
8566,18,118,2025-02-20,1,Damaged,309.0,Menu Item 118,8,309.0,Restaurant 018,Desserts,2025-02
8567,18,58,2025-04-02,3,Damaged,1080.75,Menu Item 058,8,360.25,Restaurant 018,Desserts,2025-04
8568,8,148,2025-05-16,1,Spoilage,337.64,Menu Item 148,8,337.64,Restaurant 008,Desserts,2025-05
8569,9,9,2025-07-24,3,Spoilage,421.05,Menu Item 009,9,140.35,Restaurant 009,Beverages,2025-07
8570,20,20,2025-03-04,5,Unsold,1442.55,Menu Item 020,10,288.51,Restaurant 020,Salads,2025-03
8571,4,44,2025-03-25,1,Expired,440.72,Menu Item 044,4,440.72,Restaurant 004,Rice,2025-03
8572,18,138,2025-02-19,1,Spoilage,154.6,Menu Item 138,8,154.6,Restaurant 018,Desserts,2025-02
8573,5,25,2025-05-18,5,Spoilage,5138.55,Menu Item 025,5,1027.71,Restaurant 005,BBQ,2025-05
8574,20,100,2025-03-27,2,Damaged,973.4,Menu Item 100,10,486.7,Restaurant 020,Salads,2025-03
8575,10,130,2025-05-05,2,Spoilage,584.28,Menu Item 130,10,292.14,Restaurant 010,Salads,2025-05
8576,7,87,2025-11-28,2,Preparation Error,1061.96,Menu Item 087,7,530.98,Restaurant 007,Sandwiches,2025-11
8577,1,141,2025-10-20,2,Unsold,504.22,Menu Item 141,1,252.11,Restaurant 001,Burgers,2025-10
8578,19,19,2025-03-27,3,Expired,539.97,Menu Item 019,9,179.99,Restaurant 019,Beverages,2025-03
8579,9,29,2025-04-17,1,Spoilage,68.62,Menu Item 029,9,68.62,Restaurant 009,Beverages,2025-04
8580,20,20,2025-08-09,1,Overproduction,288.51,Menu Item 020,10,288.51,Restaurant 020,Salads,2025-08
8581,4,24,2025-05-17,1,Overproduction,498.37,Menu Item 024,4,498.37,Restaurant 004,Rice,2025-05
8582,3,103,2025-08-06,3,Unsold,1471.47,Menu Item 103,3,490.49,Restaurant 003,Biryani,2025-08
8583,9,109,2025-02-05,2,Unsold,442.86,Menu Item 109,9,221.43,Restaurant 009,Beverages,2025-02
8584,10,30,2025-12-14,3,Unsold,501.81,Menu Item 030,10,167.27,Restaurant 010,Salads,2025-12
8585,17,57,2025-12-04,1,Spoilage,314.52,Menu Item 057,7,314.52,Restaurant 017,Sandwiches,2025-12
8586,5,5,2025-04-28,3,Unsold,2280.63,Menu Item 005,5,760.21,Restaurant 005,BBQ,2025-04
8587,19,19,2025-06-02,1,Expired,179.99,Menu Item 019,9,179.99,Restaurant 019,Beverages,2025-06
8588,4,4,2025-10-25,2,Overproduction,303.36,Menu Item 004,4,151.68,Restaurant 004,Rice,2025-10
8589,1,61,2025-03-13,1,Spoilage,495.71,Menu Item 061,1,495.71,Restaurant 001,Burgers,2025-03
8590,5,145,2025-12-15,2,Preparation Error,859.76,Menu Item 145,5,429.88,Restaurant 005,BBQ,2025-12
8591,12,72,2025-12-20,1,Expired,275.78,Menu Item 072,2,275.78,Restaurant 012,Pizza,2025-12
8592,4,84,2025-12-05,1,Expired,350.73,Menu Item 084,4,350.73,Restaurant 004,Rice,2025-12
8593,9,69,2025-10-18,1,Expired,94.8,Menu Item 069,9,94.8,Restaurant 009,Beverages,2025-10
8594,2,2,2025-12-10,1,Spoilage,822.3,Menu Item 002,2,822.3,Restaurant 002,Pizza,2025-12
8595,18,18,2025-02-04,2,Overproduction,668.78,Menu Item 018,8,334.39,Restaurant 018,Desserts,2025-02
8596,3,103,2025-04-27,1,Preparation Error,490.49,Menu Item 103,3,490.49,Restaurant 003,Biryani,2025-04
8597,17,17,2025-08-24,3,Expired,877.02,Menu Item 017,7,292.34,Restaurant 017,Sandwiches,2025-08
8598,20,80,2025-01-13,3,Unsold,333.15,Menu Item 080,10,111.05,Restaurant 020,Salads,2025-01
8599,7,67,2025-06-02,2,Damaged,1271.12,Menu Item 067,7,635.56,Restaurant 007,Sandwiches,2025-06
8600,20,140,2025-12-08,5,Spoilage,892.0,Menu Item 140,10,178.4,Restaurant 020,Salads,2025-12
8601,6,26,2025-11-05,8,Unsold,4852.48,Menu Item 026,6,606.56,Restaurant 006,Pasta,2025-11
8602,8,88,2025-03-12,3,Overproduction,676.89,Menu Item 088,8,225.63,Restaurant 008,Desserts,2025-03
8603,5,65,2025-04-27,3,Expired,1547.22,Menu Item 065,5,515.74,Restaurant 005,BBQ,2025-04
8604,7,107,2025-06-24,5,Preparation Error,2362.9,Menu Item 107,7,472.58,Restaurant 007,Sandwiches,2025-06
8605,2,2,2025-08-13,3,Spoilage,2466.9,Menu Item 002,2,822.3,Restaurant 002,Pizza,2025-08
8606,1,141,2025-01-18,3,Spoilage,756.33,Menu Item 141,1,252.11,Restaurant 001,Burgers,2025-01
8607,1,41,2025-10-13,3,Spoilage,763.53,Menu Item 041,1,254.51,Restaurant 001,Burgers,2025-10
8608,3,23,2025-09-28,5,Expired,1351.15,Menu Item 023,3,270.23,Restaurant 003,Biryani,2025-09
8609,9,49,2025-06-06,2,Expired,508.56,Menu Item 049,9,254.28,Restaurant 009,Beverages,2025-06
8610,8,108,2025-01-20,10,Expired,4150.8,Menu Item 108,8,415.08,Restaurant 008,Desserts,2025-01
8611,19,19,2025-10-23,2,Damaged,359.98,Menu Item 019,9,179.99,Restaurant 019,Beverages,2025-10
8612,18,138,2025-08-28,1,Damaged,154.6,Menu Item 138,8,154.6,Restaurant 018,Desserts,2025-08
8613,5,125,2025-10-28,3,Preparation Error,3415.02,Menu Item 125,5,1138.34,Restaurant 005,BBQ,2025-10
8614,6,146,2025-02-08,1,Spoilage,742.53,Menu Item 146,6,742.53,Restaurant 006,Pasta,2025-02
8615,10,130,2025-09-20,1,Damaged,292.14,Menu Item 130,10,292.14,Restaurant 010,Salads,2025-09
8616,16,76,2025-06-16,8,Overproduction,3322.48,Menu Item 076,6,415.31,Restaurant 016,Pasta,2025-06
8617,18,118,2025-02-20,10,Overproduction,3090.0,Menu Item 118,8,309.0,Restaurant 018,Desserts,2025-02
8618,5,45,2025-12-21,3,Unsold,1169.82,Menu Item 045,5,389.94,Restaurant 005,BBQ,2025-12
8619,7,107,2025-07-07,2,Preparation Error,945.16,Menu Item 107,7,472.58,Restaurant 007,Sandwiches,2025-07
8620,19,119,2025-03-05,2,Overproduction,209.28,Menu Item 119,9,104.64,Restaurant 019,Beverages,2025-03
8621,8,148,2025-02-08,1,Spoilage,337.64,Menu Item 148,8,337.64,Restaurant 008,Desserts,2025-02
8622,1,81,2025-07-12,2,Preparation Error,1028.94,Menu Item 081,1,514.47,Restaurant 001,Burgers,2025-07
8623,5,25,2025-08-13,2,Unsold,2055.42,Menu Item 025,5,1027.71,Restaurant 005,BBQ,2025-08
8624,14,34,2025-08-03,2,Expired,928.64,Menu Item 034,4,464.32,Restaurant 014,Rice,2025-08
8625,2,102,2025-10-28,1,Overproduction,774.17,Menu Item 102,2,774.17,Restaurant 002,Pizza,2025-10
8626,2,102,2025-11-04,2,Expired,1548.34,Menu Item 102,2,774.17,Restaurant 002,Pizza,2025-11
8627,15,35,2025-12-26,3,Spoilage,1311.18,Menu Item 035,5,437.06,Restaurant 015,BBQ,2025-12
8628,3,43,2025-08-23,3,Damaged,1139.1,Menu Item 043,3,379.7,Restaurant 003,Biryani,2025-08
8629,12,112,2025-02-27,3,Overproduction,2583.84,Menu Item 112,2,861.28,Restaurant 012,Pizza,2025-02
8630,15,15,2025-04-03,5,Expired,2484.85,Menu Item 015,5,496.97,Restaurant 015,BBQ,2025-04
8631,8,128,2025-04-21,1,Preparation Error,347.29,Menu Item 128,8,347.29,Restaurant 008,Desserts,2025-04
8632,14,114,2025-07-16,1,Expired,544.89,Menu Item 114,4,544.89,Restaurant 014,Rice,2025-07
8633,20,100,2025-07-23,1,Expired,486.7,Menu Item 100,10,486.7,Restaurant 020,Salads,2025-07
8634,7,107,2025-02-12,1,Unsold,472.58,Menu Item 107,7,472.58,Restaurant 007,Sandwiches,2025-02
8635,10,30,2025-04-10,10,Unsold,1672.7,Menu Item 030,10,167.27,Restaurant 010,Salads,2025-04
8636,8,48,2025-03-18,2,Overproduction,389.84,Menu Item 048,8,194.92,Restaurant 008,Desserts,2025-03
8637,6,146,2025-11-08,1,Preparation Error,742.53,Menu Item 146,6,742.53,Restaurant 006,Pasta,2025-11
8638,14,134,2025-03-03,1,Spoilage,288.34,Menu Item 134,4,288.34,Restaurant 014,Rice,2025-03
8639,9,149,2025-10-09,2,Overproduction,478.36,Menu Item 149,9,239.18,Restaurant 009,Beverages,2025-10
8640,20,20,2025-05-16,2,Spoilage,577.02,Menu Item 020,10,288.51,Restaurant 020,Salads,2025-05
8641,16,56,2025-02-26,2,Preparation Error,781.2,Menu Item 056,6,390.6,Restaurant 016,Pasta,2025-02
8642,18,58,2025-10-12,2,Damaged,720.5,Menu Item 058,8,360.25,Restaurant 018,Desserts,2025-10
8643,10,30,2025-02-06,1,Overproduction,167.27,Menu Item 030,10,167.27,Restaurant 010,Salads,2025-02
8644,13,133,2025-01-06,1,Spoilage,508.83,Menu Item 133,3,508.83,Restaurant 013,Biryani,2025-01
8645,7,67,2025-03-03,2,Preparation Error,1271.12,Menu Item 067,7,635.56,Restaurant 007,Sandwiches,2025-03
8646,10,10,2025-08-08,2,Damaged,286.6,Menu Item 010,10,143.3,Restaurant 010,Salads,2025-08
8647,7,7,2025-04-16,8,Damaged,3820.56,Menu Item 007,7,477.57,Restaurant 007,Sandwiches,2025-04
8648,3,103,2025-06-19,3,Preparation Error,1471.47,Menu Item 103,3,490.49,Restaurant 003,Biryani,2025-06
8649,3,103,2025-08-18,2,Overproduction,980.98,Menu Item 103,3,490.49,Restaurant 003,Biryani,2025-08
8650,7,87,2025-04-15,1,Damaged,530.98,Menu Item 087,7,530.98,Restaurant 007,Sandwiches,2025-04
8651,5,145,2025-05-19,3,Spoilage,1289.64,Menu Item 145,5,429.88,Restaurant 005,BBQ,2025-05
8652,3,103,2025-04-14,1,Unsold,490.49,Menu Item 103,3,490.49,Restaurant 003,Biryani,2025-04
8653,17,17,2025-09-22,1,Preparation Error,292.34,Menu Item 017,7,292.34,Restaurant 017,Sandwiches,2025-09
8654,9,109,2025-09-14,1,Preparation Error,221.43,Menu Item 109,9,221.43,Restaurant 009,Beverages,2025-09
8655,15,15,2025-10-21,1,Preparation Error,496.97,Menu Item 015,5,496.97,Restaurant 015,BBQ,2025-10
8656,6,106,2025-11-23,2,Spoilage,554.26,Menu Item 106,6,277.13,Restaurant 006,Pasta,2025-11
8657,12,72,2025-11-21,1,Spoilage,275.78,Menu Item 072,2,275.78,Restaurant 012,Pizza,2025-11
8658,8,68,2025-01-12,1,Unsold,114.06,Menu Item 068,8,114.06,Restaurant 008,Desserts,2025-01
8659,3,143,2025-10-24,3,Preparation Error,1065.0,Menu Item 143,3,355.0,Restaurant 003,Biryani,2025-10
8660,6,146,2025-05-14,2,Spoilage,1485.06,Menu Item 146,6,742.53,Restaurant 006,Pasta,2025-05
8661,14,94,2025-02-09,10,Unsold,2749.1,Menu Item 094,4,274.91,Restaurant 014,Rice,2025-02
8662,12,72,2025-07-12,1,Overproduction,275.78,Menu Item 072,2,275.78,Restaurant 012,Pizza,2025-07
8663,18,58,2025-04-23,5,Unsold,1801.25,Menu Item 058,8,360.25,Restaurant 018,Desserts,2025-04
8664,10,10,2025-10-21,3,Overproduction,429.9,Menu Item 010,10,143.3,Restaurant 010,Salads,2025-10
8665,8,128,2025-01-02,10,Preparation Error,3472.9,Menu Item 128,8,347.29,Restaurant 008,Desserts,2025-01
8666,8,48,2025-08-27,1,Unsold,194.92,Menu Item 048,8,194.92,Restaurant 008,Desserts,2025-08
8667,7,127,2025-11-22,1,Damaged,334.08,Menu Item 127,7,334.08,Restaurant 007,Sandwiches,2025-11
8668,2,62,2025-04-16,1,Expired,509.77,Menu Item 062,2,509.77,Restaurant 002,Pizza,2025-04
8669,16,76,2025-07-21,1,Spoilage,415.31,Menu Item 076,6,415.31,Restaurant 016,Pasta,2025-07
8670,10,10,2025-02-11,3,Overproduction,429.9,Menu Item 010,10,143.3,Restaurant 010,Salads,2025-02
8671,6,86,2025-12-17,2,Expired,956.62,Menu Item 086,6,478.31,Restaurant 006,Pasta,2025-12
8672,6,26,2025-03-24,1,Damaged,606.56,Menu Item 026,6,606.56,Restaurant 006,Pasta,2025-03
8673,3,23,2025-12-06,1,Preparation Error,270.23,Menu Item 023,3,270.23,Restaurant 003,Biryani,2025-12
8674,18,18,2025-08-05,1,Damaged,334.39,Menu Item 018,8,334.39,Restaurant 018,Desserts,2025-08
8675,5,105,2025-01-01,3,Spoilage,1789.62,Menu Item 105,5,596.54,Restaurant 005,BBQ,2025-01
8676,20,80,2025-09-22,1,Damaged,111.05,Menu Item 080,10,111.05,Restaurant 020,Salads,2025-09
8677,3,83,2025-10-19,1,Spoilage,236.35,Menu Item 083,3,236.35,Restaurant 003,Biryani,2025-10
8678,20,120,2025-10-28,3,Overproduction,683.49,Menu Item 120,10,227.83,Restaurant 020,Salads,2025-10
8679,7,147,2025-07-07,8,Unsold,1798.4,Menu Item 147,7,224.8,Restaurant 007,Sandwiches,2025-07
8680,10,150,2025-03-21,3,Expired,1132.02,Menu Item 150,10,377.34,Restaurant 010,Salads,2025-03
8681,6,6,2025-02-04,1,Overproduction,302.15,Menu Item 006,6,302.15,Restaurant 006,Pasta,2025-02
8682,19,79,2025-12-26,1,Expired,130.5,Menu Item 079,9,130.5,Restaurant 019,Beverages,2025-12
8683,7,87,2025-02-18,2,Overproduction,1061.96,Menu Item 087,7,530.98,Restaurant 007,Sandwiches,2025-02
8684,2,122,2025-04-17,1,Expired,828.35,Menu Item 122,2,828.35,Restaurant 002,Pizza,2025-04
8685,3,43,2025-02-05,1,Overproduction,379.7,Menu Item 043,3,379.7,Restaurant 003,Biryani,2025-02
8686,9,69,2025-08-09,1,Preparation Error,94.8,Menu Item 069,9,94.8,Restaurant 009,Beverages,2025-08
8687,9,9,2025-08-12,1,Preparation Error,140.35,Menu Item 009,9,140.35,Restaurant 009,Beverages,2025-08
8688,5,45,2025-10-14,2,Expired,779.88,Menu Item 045,5,389.94,Restaurant 005,BBQ,2025-10
8689,3,43,2025-07-08,1,Preparation Error,379.7,Menu Item 043,3,379.7,Restaurant 003,Biryani,2025-07
8690,1,41,2025-02-22,1,Damaged,254.51,Menu Item 041,1,254.51,Restaurant 001,Burgers,2025-02
8691,19,79,2025-05-25,3,Spoilage,391.5,Menu Item 079,9,130.5,Restaurant 019,Beverages,2025-05
8692,3,23,2025-12-04,3,Damaged,810.69,Menu Item 023,3,270.23,Restaurant 003,Biryani,2025-12
8693,9,69,2025-11-01,3,Unsold,284.4,Menu Item 069,9,94.8,Restaurant 009,Beverages,2025-11
8694,3,103,2025-09-28,1,Unsold,490.49,Menu Item 103,3,490.49,Restaurant 003,Biryani,2025-09
8695,2,82,2025-07-20,3,Spoilage,1804.35,Menu Item 082,2,601.45,Restaurant 002,Pizza,2025-07
8696,6,26,2025-10-26,5,Overproduction,3032.8,Menu Item 026,6,606.56,Restaurant 006,Pasta,2025-10
8697,15,75,2025-12-03,2,Overproduction,844.0,Menu Item 075,5,422.0,Restaurant 015,BBQ,2025-12
8698,1,21,2025-02-04,1,Overproduction,322.28,Menu Item 021,1,322.28,Restaurant 001,Burgers,2025-02
8699,2,102,2025-12-28,2,Spoilage,1548.34,Menu Item 102,2,774.17,Restaurant 002,Pizza,2025-12
8700,12,72,2025-03-04,1,Unsold,275.78,Menu Item 072,2,275.78,Restaurant 012,Pizza,2025-03
8701,11,71,2025-08-08,2,Unsold,929.96,Menu Item 071,1,464.98,Restaurant 011,Burgers,2025-08
8702,19,139,2025-09-05,1,Spoilage,127.54,Menu Item 139,9,127.54,Restaurant 019,Beverages,2025-09
8703,6,126,2025-12-19,1,Expired,670.63,Menu Item 126,6,670.63,Restaurant 006,Pasta,2025-12
8704,3,3,2025-11-07,2,Expired,451.92,Menu Item 003,3,225.96,Restaurant 003,Biryani,2025-11
8705,6,46,2025-03-25,2,Expired,1267.82,Menu Item 046,6,633.91,Restaurant 006,Pasta,2025-03
8706,20,100,2025-06-15,2,Preparation Error,973.4,Menu Item 100,10,486.7,Restaurant 020,Salads,2025-06
8707,8,8,2025-05-21,3,Overproduction,923.16,Menu Item 008,8,307.72,Restaurant 008,Desserts,2025-05
8708,7,147,2025-08-15,3,Overproduction,674.4,Menu Item 147,7,224.8,Restaurant 007,Sandwiches,2025-08
8709,4,24,2025-02-03,1,Spoilage,498.37,Menu Item 024,4,498.37,Restaurant 004,Rice,2025-02
8710,19,39,2025-02-05,10,Spoilage,887.4,Menu Item 039,9,88.74,Restaurant 019,Beverages,2025-02
8711,10,50,2025-03-18,1,Unsold,158.1,Menu Item 050,10,158.1,Restaurant 010,Salads,2025-03
8712,20,100,2025-05-06,2,Spoilage,973.4,Menu Item 100,10,486.7,Restaurant 020,Salads,2025-05
8713,5,105,2025-01-24,3,Unsold,1789.62,Menu Item 105,5,596.54,Restaurant 005,BBQ,2025-01
8714,13,133,2025-05-03,2,Unsold,1017.66,Menu Item 133,3,508.83,Restaurant 013,Biryani,2025-05
8715,10,150,2025-08-28,1,Preparation Error,377.34,Menu Item 150,10,377.34,Restaurant 010,Salads,2025-08
8716,2,62,2025-05-18,2,Unsold,1019.54,Menu Item 062,2,509.77,Restaurant 002,Pizza,2025-05
8717,11,51,2025-02-16,3,Preparation Error,1088.43,Menu Item 051,1,362.81,Restaurant 011,Burgers,2025-02
8718,20,140,2025-03-21,5,Preparation Error,892.0,Menu Item 140,10,178.4,Restaurant 020,Salads,2025-03
8719,14,34,2025-04-06,1,Damaged,464.32,Menu Item 034,4,464.32,Restaurant 014,Rice,2025-04
8720,3,23,2025-09-25,8,Damaged,2161.84,Menu Item 023,3,270.23,Restaurant 003,Biryani,2025-09
8721,11,51,2025-06-18,5,Damaged,1814.05,Menu Item 051,1,362.81,Restaurant 011,Burgers,2025-06
8722,2,82,2025-03-15,1,Overproduction,601.45,Menu Item 082,2,601.45,Restaurant 002,Pizza,2025-03
8723,11,11,2025-11-05,2,Preparation Error,1092.48,Menu Item 011,1,546.24,Restaurant 011,Burgers,2025-11
8724,18,38,2025-07-16,3,Preparation Error,1128.96,Menu Item 038,8,376.32,Restaurant 018,Desserts,2025-07
8725,8,108,2025-03-13,2,Preparation Error,830.16,Menu Item 108,8,415.08,Restaurant 008,Desserts,2025-03
8726,9,89,2025-08-21,2,Overproduction,532.72,Menu Item 089,9,266.36,Restaurant 009,Beverages,2025-08
8727,1,1,2025-03-16,3,Preparation Error,1284.36,Menu Item 001,1,428.12,Restaurant 001,Burgers,2025-03
8728,11,31,2025-04-03,2,Overproduction,645.24,Menu Item 031,1,322.62,Restaurant 011,Burgers,2025-04
8729,8,128,2025-05-03,5,Damaged,1736.45,Menu Item 128,8,347.29,Restaurant 008,Desserts,2025-05
8730,13,133,2025-05-16,2,Damaged,1017.66,Menu Item 133,3,508.83,Restaurant 013,Biryani,2025-05
8731,16,96,2025-12-08,8,Unsold,3241.76,Menu Item 096,6,405.22,Restaurant 016,Pasta,2025-12
8732,8,108,2025-04-13,1,Preparation Error,415.08,Menu Item 108,8,415.08,Restaurant 008,Desserts,2025-04
8733,8,28,2025-11-06,5,Unsold,1890.8,Menu Item 028,8,378.16,Restaurant 008,Desserts,2025-11
8734,1,81,2025-02-11,2,Overproduction,1028.94,Menu Item 081,1,514.47,Restaurant 001,Burgers,2025-02
8735,9,89,2025-08-17,2,Spoilage,532.72,Menu Item 089,9,266.36,Restaurant 009,Beverages,2025-08
8736,6,46,2025-11-23,1,Expired,633.91,Menu Item 046,6,633.91,Restaurant 006,Pasta,2025-11
8737,12,132,2025-07-21,1,Preparation Error,642.06,Menu Item 132,2,642.06,Restaurant 012,Pizza,2025-07
8738,2,122,2025-05-12,3,Preparation Error,2485.05,Menu Item 122,2,828.35,Restaurant 002,Pizza,2025-05
8739,8,28,2025-03-10,2,Spoilage,756.32,Menu Item 028,8,378.16,Restaurant 008,Desserts,2025-03
8740,4,144,2025-12-07,10,Preparation Error,2432.5,Menu Item 144,4,243.25,Restaurant 004,Rice,2025-12
8741,10,70,2025-09-19,3,Damaged,621.75,Menu Item 070,10,207.25,Restaurant 010,Salads,2025-09
8742,3,103,2025-07-21,5,Damaged,2452.45,Menu Item 103,3,490.49,Restaurant 003,Biryani,2025-07
8743,20,140,2025-12-05,1,Preparation Error,178.4,Menu Item 140,10,178.4,Restaurant 020,Salads,2025-12
8744,11,111,2025-10-01,10,Preparation Error,3261.9,Menu Item 111,1,326.19,Restaurant 011,Burgers,2025-10
8745,1,121,2025-12-01,2,Spoilage,750.6,Menu Item 121,1,375.3,Restaurant 001,Burgers,2025-12
8746,2,2,2025-10-14,2,Overproduction,1644.6,Menu Item 002,2,822.3,Restaurant 002,Pizza,2025-10
8747,20,80,2025-06-04,2,Unsold,222.1,Menu Item 080,10,111.05,Restaurant 020,Salads,2025-06
8748,7,67,2025-08-21,1,Expired,635.56,Menu Item 067,7,635.56,Restaurant 007,Sandwiches,2025-08
8749,16,136,2025-04-24,3,Damaged,1297.11,Menu Item 136,6,432.37,Restaurant 016,Pasta,2025-04
8750,11,71,2025-12-05,2,Unsold,929.96,Menu Item 071,1,464.98,Restaurant 011,Burgers,2025-12
8751,20,140,2025-10-11,5,Preparation Error,892.0,Menu Item 140,10,178.4,Restaurant 020,Salads,2025-10
8752,15,55,2025-12-18,1,Unsold,932.62,Menu Item 055,5,932.62,Restaurant 015,BBQ,2025-12
8753,13,13,2025-11-06,1,Preparation Error,389.28,Menu Item 013,3,389.28,Restaurant 013,Biryani,2025-11
8754,6,126,2025-04-11,1,Preparation Error,670.63,Menu Item 126,6,670.63,Restaurant 006,Pasta,2025-04
8755,20,120,2025-09-24,5,Spoilage,1139.15,Menu Item 120,10,227.83,Restaurant 020,Salads,2025-09
8756,18,98,2025-04-06,2,Spoilage,747.3,Menu Item 098,8,373.65,Restaurant 018,Desserts,2025-04
8757,13,133,2025-05-07,5,Overproduction,2544.15,Menu Item 133,3,508.83,Restaurant 013,Biryani,2025-05
8758,8,128,2025-12-24,1,Damaged,347.29,Menu Item 128,8,347.29,Restaurant 008,Desserts,2025-12
8759,5,25,2025-11-10,3,Unsold,3083.13,Menu Item 025,5,1027.71,Restaurant 005,BBQ,2025-11
8760,11,71,2025-01-02,1,Damaged,464.98,Menu Item 071,1,464.98,Restaurant 011,Burgers,2025-01
8761,9,9,2025-02-19,5,Damaged,701.75,Menu Item 009,9,140.35,Restaurant 009,Beverages,2025-02
8762,14,34,2025-08-13,2,Damaged,928.64,Menu Item 034,4,464.32,Restaurant 014,Rice,2025-08
8763,16,36,2025-05-04,2,Overproduction,901.8,Menu Item 036,6,450.9,Restaurant 016,Pasta,2025-05
8764,18,78,2025-12-28,2,Unsold,512.22,Menu Item 078,8,256.11,Restaurant 018,Desserts,2025-12
8765,2,82,2025-02-16,1,Damaged,601.45,Menu Item 082,2,601.45,Restaurant 002,Pizza,2025-02
8766,2,62,2025-09-19,1,Spoilage,509.77,Menu Item 062,2,509.77,Restaurant 002,Pizza,2025-09
8767,1,141,2025-07-23,2,Overproduction,504.22,Menu Item 141,1,252.11,Restaurant 001,Burgers,2025-07
8768,5,105,2025-06-26,1,Unsold,596.54,Menu Item 105,5,596.54,Restaurant 005,BBQ,2025-06
8769,1,41,2025-02-23,1,Overproduction,254.51,Menu Item 041,1,254.51,Restaurant 001,Burgers,2025-02
8770,10,90,2025-02-21,1,Overproduction,190.96,Menu Item 090,10,190.96,Restaurant 010,Salads,2025-02
8771,7,127,2025-10-22,1,Unsold,334.08,Menu Item 127,7,334.08,Restaurant 007,Sandwiches,2025-10
8772,8,108,2025-03-09,8,Expired,3320.64,Menu Item 108,8,415.08,Restaurant 008,Desserts,2025-03
8773,11,131,2025-02-15,5,Damaged,1863.65,Menu Item 131,1,372.73,Restaurant 011,Burgers,2025-02
8774,19,79,2025-08-19,1,Unsold,130.5,Menu Item 079,9,130.5,Restaurant 019,Beverages,2025-08
8775,18,38,2025-02-12,5,Unsold,1881.6,Menu Item 038,8,376.32,Restaurant 018,Desserts,2025-02
8776,12,72,2025-03-15,3,Expired,827.34,Menu Item 072,2,275.78,Restaurant 012,Pizza,2025-03
8777,11,51,2025-10-10,3,Damaged,1088.43,Menu Item 051,1,362.81,Restaurant 011,Burgers,2025-10
8778,5,105,2025-11-16,1,Expired,596.54,Menu Item 105,5,596.54,Restaurant 005,BBQ,2025-11
8779,17,97,2025-09-25,5,Overproduction,2270.2,Menu Item 097,7,454.04,Restaurant 017,Sandwiches,2025-09
8780,10,30,2025-12-14,1,Preparation Error,167.27,Menu Item 030,10,167.27,Restaurant 010,Salads,2025-12
8781,6,86,2025-12-14,1,Unsold,478.31,Menu Item 086,6,478.31,Restaurant 006,Pasta,2025-12
8782,15,15,2025-02-04,8,Unsold,3975.76,Menu Item 015,5,496.97,Restaurant 015,BBQ,2025-02
8783,8,28,2025-07-07,3,Overproduction,1134.48,Menu Item 028,8,378.16,Restaurant 008,Desserts,2025-07
8784,13,53,2025-07-13,3,Expired,895.59,Menu Item 053,3,298.53,Restaurant 013,Biryani,2025-07
8785,12,32,2025-06-10,1,Damaged,738.3,Menu Item 032,2,738.3,Restaurant 012,Pizza,2025-06
8786,7,47,2025-02-12,2,Expired,1063.12,Menu Item 047,7,531.56,Restaurant 007,Sandwiches,2025-02
8787,13,53,2025-10-24,3,Expired,895.59,Menu Item 053,3,298.53,Restaurant 013,Biryani,2025-10
8788,19,99,2025-10-19,3,Preparation Error,335.22,Menu Item 099,9,111.74,Restaurant 019,Beverages,2025-10
8789,5,125,2025-06-01,1,Overproduction,1138.34,Menu Item 125,5,1138.34,Restaurant 005,BBQ,2025-06
8790,4,24,2025-09-16,2,Overproduction,996.74,Menu Item 024,4,498.37,Restaurant 004,Rice,2025-09
8791,9,149,2025-04-04,3,Damaged,717.54,Menu Item 149,9,239.18,Restaurant 009,Beverages,2025-04
8792,6,86,2025-08-23,2,Overproduction,956.62,Menu Item 086,6,478.31,Restaurant 006,Pasta,2025-08
8793,11,31,2025-08-19,2,Overproduction,645.24,Menu Item 031,1,322.62,Restaurant 011,Burgers,2025-08
8794,5,65,2025-06-24,3,Overproduction,1547.22,Menu Item 065,5,515.74,Restaurant 005,BBQ,2025-06
8795,6,6,2025-11-19,8,Spoilage,2417.2,Menu Item 006,6,302.15,Restaurant 006,Pasta,2025-11
8796,6,46,2025-05-08,1,Spoilage,633.91,Menu Item 046,6,633.91,Restaurant 006,Pasta,2025-05
8797,19,119,2025-08-18,3,Overproduction,313.92,Menu Item 119,9,104.64,Restaurant 019,Beverages,2025-08
8798,12,12,2025-09-17,1,Damaged,783.1,Menu Item 012,2,783.1,Restaurant 012,Pizza,2025-09
8799,3,23,2025-10-01,1,Spoilage,270.23,Menu Item 023,3,270.23,Restaurant 003,Biryani,2025-10
8800,16,116,2025-09-11,5,Damaged,2566.4,Menu Item 116,6,513.28,Restaurant 016,Pasta,2025-09
8801,17,37,2025-11-14,3,Spoilage,2069.31,Menu Item 037,7,689.77,Restaurant 017,Sandwiches,2025-11
8802,18,38,2025-02-18,3,Expired,1128.96,Menu Item 038,8,376.32,Restaurant 018,Desserts,2025-02
8803,20,120,2025-08-13,1,Preparation Error,227.83,Menu Item 120,10,227.83,Restaurant 020,Salads,2025-08
8804,15,75,2025-11-01,1,Damaged,422.0,Menu Item 075,5,422.0,Restaurant 015,BBQ,2025-11
8805,13,133,2025-08-20,2,Preparation Error,1017.66,Menu Item 133,3,508.83,Restaurant 013,Biryani,2025-08
8806,5,65,2025-10-11,1,Damaged,515.74,Menu Item 065,5,515.74,Restaurant 005,BBQ,2025-10
8807,10,70,2025-02-13,3,Overproduction,621.75,Menu Item 070,10,207.25,Restaurant 010,Salads,2025-02
8808,6,126,2025-03-09,10,Expired,6706.3,Menu Item 126,6,670.63,Restaurant 006,Pasta,2025-03
8809,17,137,2025-07-12,8,Preparation Error,2829.92,Menu Item 137,7,353.74,Restaurant 017,Sandwiches,2025-07
8810,13,73,2025-02-28,5,Damaged,1158.75,Menu Item 073,3,231.75,Restaurant 013,Biryani,2025-02
8811,2,2,2025-07-25,3,Spoilage,2466.9,Menu Item 002,2,822.3,Restaurant 002,Pizza,2025-07
8812,17,137,2025-01-05,2,Expired,707.48,Menu Item 137,7,353.74,Restaurant 017,Sandwiches,2025-01
8813,1,21,2025-11-19,8,Damaged,2578.24,Menu Item 021,1,322.28,Restaurant 001,Burgers,2025-11
8814,5,145,2025-01-18,3,Preparation Error,1289.64,Menu Item 145,5,429.88,Restaurant 005,BBQ,2025-01
8815,11,131,2025-06-23,3,Preparation Error,1118.19,Menu Item 131,1,372.73,Restaurant 011,Burgers,2025-06
8816,20,120,2025-05-02,1,Spoilage,227.83,Menu Item 120,10,227.83,Restaurant 020,Salads,2025-05
8817,15,35,2025-01-23,5,Expired,2185.3,Menu Item 035,5,437.06,Restaurant 015,BBQ,2025-01
8818,6,66,2025-05-22,1,Spoilage,418.78,Menu Item 066,6,418.78,Restaurant 006,Pasta,2025-05
8819,14,34,2025-07-09,2,Damaged,928.64,Menu Item 034,4,464.32,Restaurant 014,Rice,2025-07
8820,11,71,2025-12-06,3,Damaged,1394.94,Menu Item 071,1,464.98,Restaurant 011,Burgers,2025-12
8821,5,125,2025-02-06,1,Overproduction,1138.34,Menu Item 125,5,1138.34,Restaurant 005,BBQ,2025-02
8822,16,16,2025-01-18,1,Damaged,338.34,Menu Item 016,6,338.34,Restaurant 016,Pasta,2025-01
8823,19,139,2025-12-03,5,Spoilage,637.7,Menu Item 139,9,127.54,Restaurant 019,Beverages,2025-12
8824,10,110,2025-01-04,3,Preparation Error,657.81,Menu Item 110,10,219.27,Restaurant 010,Salads,2025-01
8825,11,91,2025-08-15,8,Overproduction,2966.32,Menu Item 091,1,370.79,Restaurant 011,Burgers,2025-08
8826,3,63,2025-05-02,5,Expired,1569.7,Menu Item 063,3,313.94,Restaurant 003,Biryani,2025-05
8827,8,128,2025-04-22,2,Expired,694.58,Menu Item 128,8,347.29,Restaurant 008,Desserts,2025-04
8828,13,53,2025-06-24,2,Spoilage,597.06,Menu Item 053,3,298.53,Restaurant 013,Biryani,2025-06
8829,6,6,2025-04-18,5,Spoilage,1510.75,Menu Item 006,6,302.15,Restaurant 006,Pasta,2025-04
8830,19,39,2025-05-06,1,Preparation Error,88.74,Menu Item 039,9,88.74,Restaurant 019,Beverages,2025-05
8831,6,46,2025-01-20,1,Preparation Error,633.91,Menu Item 046,6,633.91,Restaurant 006,Pasta,2025-01
8832,2,42,2025-09-24,5,Expired,2338.55,Menu Item 042,2,467.71,Restaurant 002,Pizza,2025-09
8833,18,138,2025-07-23,3,Spoilage,463.8,Menu Item 138,8,154.6,Restaurant 018,Desserts,2025-07
8834,8,128,2025-02-04,3,Damaged,1041.87,Menu Item 128,8,347.29,Restaurant 008,Desserts,2025-02
8835,7,7,2025-11-19,1,Preparation Error,477.57,Menu Item 007,7,477.57,Restaurant 007,Sandwiches,2025-11
8836,18,138,2025-05-16,1,Spoilage,154.6,Menu Item 138,8,154.6,Restaurant 018,Desserts,2025-05
8837,8,8,2025-07-13,3,Damaged,923.16,Menu Item 008,8,307.72,Restaurant 008,Desserts,2025-07
8838,12,112,2025-12-13,5,Preparation Error,4306.4,Menu Item 112,2,861.28,Restaurant 012,Pizza,2025-12
8839,19,39,2025-09-19,1,Spoilage,88.74,Menu Item 039,9,88.74,Restaurant 019,Beverages,2025-09
8840,7,27,2025-11-18,1,Preparation Error,337.71,Menu Item 027,7,337.71,Restaurant 007,Sandwiches,2025-11
8841,12,112,2025-06-22,3,Spoilage,2583.84,Menu Item 112,2,861.28,Restaurant 012,Pizza,2025-06
8842,19,39,2025-04-11,2,Expired,177.48,Menu Item 039,9,88.74,Restaurant 019,Beverages,2025-04
8843,3,103,2025-11-04,2,Overproduction,980.98,Menu Item 103,3,490.49,Restaurant 003,Biryani,2025-11
8844,17,17,2025-10-08,2,Expired,584.68,Menu Item 017,7,292.34,Restaurant 017,Sandwiches,2025-10
8845,13,133,2025-10-26,3,Expired,1526.49,Menu Item 133,3,508.83,Restaurant 013,Biryani,2025-10
8846,6,86,2025-11-24,8,Preparation Error,3826.48,Menu Item 086,6,478.31,Restaurant 006,Pasta,2025-11
8847,6,46,2025-07-08,3,Overproduction,1901.73,Menu Item 046,6,633.91,Restaurant 006,Pasta,2025-07
8848,20,120,2025-02-27,1,Preparation Error,227.83,Menu Item 120,10,227.83,Restaurant 020,Salads,2025-02
8849,14,74,2025-07-18,2,Spoilage,311.8,Menu Item 074,4,155.9,Restaurant 014,Rice,2025-07
8850,16,36,2025-02-24,2,Overproduction,901.8,Menu Item 036,6,450.9,Restaurant 016,Pasta,2025-02
8851,10,110,2025-04-25,3,Expired,657.81,Menu Item 110,10,219.27,Restaurant 010,Salads,2025-04
8852,8,28,2025-11-23,10,Expired,3781.6,Menu Item 028,8,378.16,Restaurant 008,Desserts,2025-11
8853,12,72,2025-04-13,1,Spoilage,275.78,Menu Item 072,2,275.78,Restaurant 012,Pizza,2025-04
8854,3,103,2025-12-11,1,Overproduction,490.49,Menu Item 103,3,490.49,Restaurant 003,Biryani,2025-12
8855,2,122,2025-07-22,1,Expired,828.35,Menu Item 122,2,828.35,Restaurant 002,Pizza,2025-07
8856,16,116,2025-09-19,1,Preparation Error,513.28,Menu Item 116,6,513.28,Restaurant 016,Pasta,2025-09
8857,3,3,2025-12-26,10,Spoilage,2259.6,Menu Item 003,3,225.96,Restaurant 003,Biryani,2025-12
8858,7,87,2025-05-24,3,Damaged,1592.94,Menu Item 087,7,530.98,Restaurant 007,Sandwiches,2025-05
8859,19,19,2025-09-16,5,Spoilage,899.95,Menu Item 019,9,179.99,Restaurant 019,Beverages,2025-09
8860,13,53,2025-08-04,3,Overproduction,895.59,Menu Item 053,3,298.53,Restaurant 013,Biryani,2025-08
8861,6,6,2025-06-18,3,Expired,906.45,Menu Item 006,6,302.15,Restaurant 006,Pasta,2025-06
8862,14,134,2025-07-09,1,Spoilage,288.34,Menu Item 134,4,288.34,Restaurant 014,Rice,2025-07
8863,19,19,2025-10-03,1,Expired,179.99,Menu Item 019,9,179.99,Restaurant 019,Beverages,2025-10
8864,8,8,2025-12-15,2,Expired,615.44,Menu Item 008,8,307.72,Restaurant 008,Desserts,2025-12
8865,2,42,2025-09-11,2,Damaged,935.42,Menu Item 042,2,467.71,Restaurant 002,Pizza,2025-09
8866,16,96,2025-07-26,2,Damaged,810.44,Menu Item 096,6,405.22,Restaurant 016,Pasta,2025-07
8867,16,136,2025-04-01,2,Overproduction,864.74,Menu Item 136,6,432.37,Restaurant 016,Pasta,2025-04
8868,4,24,2025-07-11,2,Spoilage,996.74,Menu Item 024,4,498.37,Restaurant 004,Rice,2025-07
8869,2,22,2025-07-28,3,Unsold,970.41,Menu Item 022,2,323.47,Restaurant 002,Pizza,2025-07
8870,19,39,2025-02-08,1,Damaged,88.74,Menu Item 039,9,88.74,Restaurant 019,Beverages,2025-02
8871,16,16,2025-06-26,2,Damaged,676.68,Menu Item 016,6,338.34,Restaurant 016,Pasta,2025-06
8872,10,30,2025-07-03,3,Preparation Error,501.81,Menu Item 030,10,167.27,Restaurant 010,Salads,2025-07
8873,4,84,2025-06-03,1,Unsold,350.73,Menu Item 084,4,350.73,Restaurant 004,Rice,2025-06
8874,15,15,2025-06-25,1,Unsold,496.97,Menu Item 015,5,496.97,Restaurant 015,BBQ,2025-06
8875,19,99,2025-11-28,1,Damaged,111.74,Menu Item 099,9,111.74,Restaurant 019,Beverages,2025-11
8876,18,78,2025-10-01,3,Damaged,768.33,Menu Item 078,8,256.11,Restaurant 018,Desserts,2025-10
8877,6,146,2025-05-10,2,Preparation Error,1485.06,Menu Item 146,6,742.53,Restaurant 006,Pasta,2025-05
8878,11,91,2025-05-07,5,Damaged,1853.95,Menu Item 091,1,370.79,Restaurant 011,Burgers,2025-05
8879,14,34,2025-06-03,2,Preparation Error,928.64,Menu Item 034,4,464.32,Restaurant 014,Rice,2025-06
8880,4,104,2025-09-01,5,Expired,839.8,Menu Item 104,4,167.96,Restaurant 004,Rice,2025-09
8881,10,130,2025-06-15,3,Overproduction,876.42,Menu Item 130,10,292.14,Restaurant 010,Salads,2025-06
8882,20,40,2025-02-14,1,Spoilage,276.24,Menu Item 040,10,276.24,Restaurant 020,Salads,2025-02
8883,15,115,2025-05-15,1,Unsold,803.9,Menu Item 115,5,803.9,Restaurant 015,BBQ,2025-05
8884,3,103,2025-07-01,2,Expired,980.98,Menu Item 103,3,490.49,Restaurant 003,Biryani,2025-07
8885,20,140,2025-07-13,3,Spoilage,535.2,Menu Item 140,10,178.4,Restaurant 020,Salads,2025-07
8886,3,3,2025-05-11,3,Overproduction,677.88,Menu Item 003,3,225.96,Restaurant 003,Biryani,2025-05
8887,10,110,2025-08-20,1,Overproduction,219.27,Menu Item 110,10,219.27,Restaurant 010,Salads,2025-08
8888,20,140,2025-04-05,1,Expired,178.4,Menu Item 140,10,178.4,Restaurant 020,Salads,2025-04
8889,8,48,2025-05-28,8,Expired,1559.36,Menu Item 048,8,194.92,Restaurant 008,Desserts,2025-05
8890,17,137,2025-12-01,3,Unsold,1061.22,Menu Item 137,7,353.74,Restaurant 017,Sandwiches,2025-12
8891,12,12,2025-11-04,3,Expired,2349.3,Menu Item 012,2,783.1,Restaurant 012,Pizza,2025-11
8892,20,120,2025-12-18,2,Damaged,455.66,Menu Item 120,10,227.83,Restaurant 020,Salads,2025-12
8893,10,110,2025-11-12,3,Expired,657.81,Menu Item 110,10,219.27,Restaurant 010,Salads,2025-11
8894,9,69,2025-03-16,2,Damaged,189.6,Menu Item 069,9,94.8,Restaurant 009,Beverages,2025-03
8895,16,136,2025-06-08,1,Spoilage,432.37,Menu Item 136,6,432.37,Restaurant 016,Pasta,2025-06
8896,18,78,2025-12-02,2,Overproduction,512.22,Menu Item 078,8,256.11,Restaurant 018,Desserts,2025-12
8897,8,108,2025-05-21,3,Expired,1245.24,Menu Item 108,8,415.08,Restaurant 008,Desserts,2025-05
8898,9,69,2025-11-11,5,Spoilage,474.0,Menu Item 069,9,94.8,Restaurant 009,Beverages,2025-11
8899,20,60,2025-10-21,1,Spoilage,331.16,Menu Item 060,10,331.16,Restaurant 020,Salads,2025-10
8900,6,66,2025-12-07,1,Unsold,418.78,Menu Item 066,6,418.78,Restaurant 006,Pasta,2025-12
8901,17,77,2025-06-20,1,Damaged,598.63,Menu Item 077,7,598.63,Restaurant 017,Sandwiches,2025-06
8902,9,89,2025-12-07,2,Overproduction,532.72,Menu Item 089,9,266.36,Restaurant 009,Beverages,2025-12
8903,15,55,2025-03-20,2,Expired,1865.24,Menu Item 055,5,932.62,Restaurant 015,BBQ,2025-03
8904,4,144,2025-09-03,1,Overproduction,243.25,Menu Item 144,4,243.25,Restaurant 004,Rice,2025-09
8905,9,129,2025-01-19,1,Damaged,100.2,Menu Item 129,9,100.2,Restaurant 009,Beverages,2025-01
8906,15,95,2025-09-10,2,Overproduction,1363.76,Menu Item 095,5,681.88,Restaurant 015,BBQ,2025-09
8907,9,109,2025-03-06,3,Unsold,664.29,Menu Item 109,9,221.43,Restaurant 009,Beverages,2025-03
8908,18,78,2025-10-18,1,Preparation Error,256.11,Menu Item 078,8,256.11,Restaurant 018,Desserts,2025-10
8909,10,30,2025-12-27,3,Overproduction,501.81,Menu Item 030,10,167.27,Restaurant 010,Salads,2025-12
8910,9,69,2025-10-17,3,Unsold,284.4,Menu Item 069,9,94.8,Restaurant 009,Beverages,2025-10
8911,9,69,2025-05-01,5,Preparation Error,474.0,Menu Item 069,9,94.8,Restaurant 009,Beverages,2025-05
8912,20,20,2025-01-15,2,Damaged,577.02,Menu Item 020,10,288.51,Restaurant 020,Salads,2025-01
8913,12,92,2025-01-20,2,Expired,928.74,Menu Item 092,2,464.37,Restaurant 012,Pizza,2025-01
8914,15,15,2025-09-07,2,Expired,993.94,Menu Item 015,5,496.97,Restaurant 015,BBQ,2025-09
8915,19,39,2025-02-18,5,Damaged,443.7,Menu Item 039,9,88.74,Restaurant 019,Beverages,2025-02
8916,20,20,2025-11-17,2,Damaged,577.02,Menu Item 020,10,288.51,Restaurant 020,Salads,2025-11
8917,15,55,2025-10-17,1,Overproduction,932.62,Menu Item 055,5,932.62,Restaurant 015,BBQ,2025-10
8918,10,110,2025-12-19,2,Damaged,438.54,Menu Item 110,10,219.27,Restaurant 010,Salads,2025-12
8919,17,37,2025-02-13,1,Overproduction,689.77,Menu Item 037,7,689.77,Restaurant 017,Sandwiches,2025-02
8920,9,49,2025-09-14,1,Overproduction,254.28,Menu Item 049,9,254.28,Restaurant 009,Beverages,2025-09
8921,10,110,2025-08-02,8,Expired,1754.16,Menu Item 110,10,219.27,Restaurant 010,Salads,2025-08
8922,14,94,2025-07-20,1,Unsold,274.91,Menu Item 094,4,274.91,Restaurant 014,Rice,2025-07
8923,9,89,2025-01-22,8,Preparation Error,2130.88,Menu Item 089,9,266.36,Restaurant 009,Beverages,2025-01
8924,13,73,2025-06-19,1,Unsold,231.75,Menu Item 073,3,231.75,Restaurant 013,Biryani,2025-06
8925,20,40,2025-03-23,2,Damaged,552.48,Menu Item 040,10,276.24,Restaurant 020,Salads,2025-03
8926,2,102,2025-01-18,1,Damaged,774.17,Menu Item 102,2,774.17,Restaurant 002,Pizza,2025-01
8927,14,134,2025-08-17,2,Expired,576.68,Menu Item 134,4,288.34,Restaurant 014,Rice,2025-08
8928,9,89,2025-05-28,1,Damaged,266.36,Menu Item 089,9,266.36,Restaurant 009,Beverages,2025-05
8929,18,38,2025-10-07,1,Spoilage,376.32,Menu Item 038,8,376.32,Restaurant 018,Desserts,2025-10
8930,4,104,2025-09-25,2,Expired,335.92,Menu Item 104,4,167.96,Restaurant 004,Rice,2025-09
8931,15,15,2025-10-14,3,Expired,1490.91,Menu Item 015,5,496.97,Restaurant 015,BBQ,2025-10
8932,5,125,2025-03-22,2,Unsold,2276.68,Menu Item 125,5,1138.34,Restaurant 005,BBQ,2025-03
8933,20,60,2025-07-23,1,Damaged,331.16,Menu Item 060,10,331.16,Restaurant 020,Salads,2025-07
8934,14,34,2025-02-05,2,Damaged,928.64,Menu Item 034,4,464.32,Restaurant 014,Rice,2025-02
8935,19,79,2025-03-22,1,Overproduction,130.5,Menu Item 079,9,130.5,Restaurant 019,Beverages,2025-03
8936,10,130,2025-11-07,1,Spoilage,292.14,Menu Item 130,10,292.14,Restaurant 010,Salads,2025-11
8937,8,148,2025-12-06,1,Spoilage,337.64,Menu Item 148,8,337.64,Restaurant 008,Desserts,2025-12
8938,15,135,2025-02-07,3,Unsold,901.47,Menu Item 135,5,300.49,Restaurant 015,BBQ,2025-02
8939,18,58,2025-12-05,2,Damaged,720.5,Menu Item 058,8,360.25,Restaurant 018,Desserts,2025-12
8940,5,45,2025-10-08,2,Unsold,779.88,Menu Item 045,5,389.94,Restaurant 005,BBQ,2025-10
8941,6,66,2025-07-07,3,Overproduction,1256.34,Menu Item 066,6,418.78,Restaurant 006,Pasta,2025-07
8942,12,72,2025-02-04,3,Overproduction,827.34,Menu Item 072,2,275.78,Restaurant 012,Pizza,2025-02
8943,10,130,2025-05-28,2,Expired,584.28,Menu Item 130,10,292.14,Restaurant 010,Salads,2025-05
8944,14,134,2025-06-20,1,Damaged,288.34,Menu Item 134,4,288.34,Restaurant 014,Rice,2025-06
8945,4,44,2025-08-10,2,Expired,881.44,Menu Item 044,4,440.72,Restaurant 004,Rice,2025-08
8946,7,87,2025-01-20,1,Overproduction,530.98,Menu Item 087,7,530.98,Restaurant 007,Sandwiches,2025-01
8947,4,44,2025-08-21,2,Unsold,881.44,Menu Item 044,4,440.72,Restaurant 004,Rice,2025-08
8948,3,43,2025-12-03,3,Damaged,1139.1,Menu Item 043,3,379.7,Restaurant 003,Biryani,2025-12
8949,8,88,2025-04-22,1,Overproduction,225.63,Menu Item 088,8,225.63,Restaurant 008,Desserts,2025-04
8950,17,37,2025-02-09,1,Spoilage,689.77,Menu Item 037,7,689.77,Restaurant 017,Sandwiches,2025-02
8951,20,120,2025-05-02,2,Damaged,455.66,Menu Item 120,10,227.83,Restaurant 020,Salads,2025-05
8952,5,45,2025-10-13,3,Expired,1169.82,Menu Item 045,5,389.94,Restaurant 005,BBQ,2025-10
8953,1,101,2025-03-21,2,Preparation Error,637.02,Menu Item 101,1,318.51,Restaurant 001,Burgers,2025-03
8954,18,18,2025-06-04,8,Unsold,2675.12,Menu Item 018,8,334.39,Restaurant 018,Desserts,2025-06
8955,19,79,2025-04-13,3,Unsold,391.5,Menu Item 079,9,130.5,Restaurant 019,Beverages,2025-04
8956,5,65,2025-04-27,1,Damaged,515.74,Menu Item 065,5,515.74,Restaurant 005,BBQ,2025-04
8957,7,67,2025-08-08,2,Unsold,1271.12,Menu Item 067,7,635.56,Restaurant 007,Sandwiches,2025-08
8958,10,50,2025-12-03,3,Expired,474.3,Menu Item 050,10,158.1,Restaurant 010,Salads,2025-12
8959,14,34,2025-09-01,1,Damaged,464.32,Menu Item 034,4,464.32,Restaurant 014,Rice,2025-09
8960,20,120,2025-01-27,2,Damaged,455.66,Menu Item 120,10,227.83,Restaurant 020,Salads,2025-01
8961,16,56,2025-01-26,1,Unsold,390.6,Menu Item 056,6,390.6,Restaurant 016,Pasta,2025-01
8962,20,40,2025-06-10,5,Expired,1381.2,Menu Item 040,10,276.24,Restaurant 020,Salads,2025-06
8963,20,100,2025-03-20,5,Damaged,2433.5,Menu Item 100,10,486.7,Restaurant 020,Salads,2025-03
8964,6,106,2025-12-16,2,Damaged,554.26,Menu Item 106,6,277.13,Restaurant 006,Pasta,2025-12
8965,9,69,2025-12-16,3,Overproduction,284.4,Menu Item 069,9,94.8,Restaurant 009,Beverages,2025-12
8966,12,52,2025-04-20,1,Spoilage,463.6,Menu Item 052,2,463.6,Restaurant 012,Pizza,2025-04
8967,13,93,2025-06-22,1,Overproduction,553.61,Menu Item 093,3,553.61,Restaurant 013,Biryani,2025-06
8968,17,57,2025-05-03,1,Spoilage,314.52,Menu Item 057,7,314.52,Restaurant 017,Sandwiches,2025-05
8969,1,1,2025-01-15,2,Overproduction,856.24,Menu Item 001,1,428.12,Restaurant 001,Burgers,2025-01
8970,5,125,2025-10-27,5,Expired,5691.7,Menu Item 125,5,1138.34,Restaurant 005,BBQ,2025-10
8971,5,85,2025-10-26,1,Unsold,355.11,Menu Item 085,5,355.11,Restaurant 005,BBQ,2025-10
8972,14,54,2025-09-01,1,Spoilage,182.18,Menu Item 054,4,182.18,Restaurant 014,Rice,2025-09
8973,6,106,2025-04-21,2,Unsold,554.26,Menu Item 106,6,277.13,Restaurant 006,Pasta,2025-04
8974,18,18,2025-01-02,3,Spoilage,1003.17,Menu Item 018,8,334.39,Restaurant 018,Desserts,2025-01
8975,7,147,2025-12-11,5,Spoilage,1124.0,Menu Item 147,7,224.8,Restaurant 007,Sandwiches,2025-12
8976,1,101,2025-08-21,5,Overproduction,1592.55,Menu Item 101,1,318.51,Restaurant 001,Burgers,2025-08
8977,14,34,2025-11-14,5,Preparation Error,2321.6,Menu Item 034,4,464.32,Restaurant 014,Rice,2025-11
8978,2,122,2025-07-03,2,Damaged,1656.7,Menu Item 122,2,828.35,Restaurant 002,Pizza,2025-07
8979,7,107,2025-05-14,1,Expired,472.58,Menu Item 107,7,472.58,Restaurant 007,Sandwiches,2025-05
8980,4,104,2025-03-20,5,Spoilage,839.8,Menu Item 104,4,167.96,Restaurant 004,Rice,2025-03
8981,16,136,2025-04-08,2,Preparation Error,864.74,Menu Item 136,6,432.37,Restaurant 016,Pasta,2025-04
8982,6,66,2025-04-27,2,Spoilage,837.56,Menu Item 066,6,418.78,Restaurant 006,Pasta,2025-04
8983,14,34,2025-09-28,5,Preparation Error,2321.6,Menu Item 034,4,464.32,Restaurant 014,Rice,2025-09
8984,12,52,2025-03-26,1,Unsold,463.6,Menu Item 052,2,463.6,Restaurant 012,Pizza,2025-03
8985,20,140,2025-09-12,1,Preparation Error,178.4,Menu Item 140,10,178.4,Restaurant 020,Salads,2025-09
8986,2,62,2025-12-23,1,Unsold,509.77,Menu Item 062,2,509.77,Restaurant 002,Pizza,2025-12
8987,17,17,2025-06-04,1,Preparation Error,292.34,Menu Item 017,7,292.34,Restaurant 017,Sandwiches,2025-06
8988,10,150,2025-05-04,2,Preparation Error,754.68,Menu Item 150,10,377.34,Restaurant 010,Salads,2025-05
8989,10,50,2025-12-05,5,Unsold,790.5,Menu Item 050,10,158.1,Restaurant 010,Salads,2025-12
8990,4,64,2025-11-14,5,Spoilage,1282.3,Menu Item 064,4,256.46,Restaurant 004,Rice,2025-11
8991,10,10,2025-03-07,3,Overproduction,429.9,Menu Item 010,10,143.3,Restaurant 010,Salads,2025-03
8992,16,36,2025-06-02,10,Damaged,4509.0,Menu Item 036,6,450.9,Restaurant 016,Pasta,2025-06
8993,17,57,2025-02-17,1,Spoilage,314.52,Menu Item 057,7,314.52,Restaurant 017,Sandwiches,2025-02
8994,13,93,2025-09-10,2,Expired,1107.22,Menu Item 093,3,553.61,Restaurant 013,Biryani,2025-09
8995,13,93,2025-01-02,2,Damaged,1107.22,Menu Item 093,3,553.61,Restaurant 013,Biryani,2025-01
8996,15,95,2025-07-17,5,Overproduction,3409.4,Menu Item 095,5,681.88,Restaurant 015,BBQ,2025-07
8997,2,22,2025-10-03,5,Preparation Error,1617.35,Menu Item 022,2,323.47,Restaurant 002,Pizza,2025-10
8998,20,120,2025-07-03,1,Damaged,227.83,Menu Item 120,10,227.83,Restaurant 020,Salads,2025-07
8999,13,53,2025-09-22,2,Overproduction,597.06,Menu Item 053,3,298.53,Restaurant 013,Biryani,2025-09
9000,7,47,2025-02-06,1,Damaged,531.56,Menu Item 047,7,531.56,Restaurant 007,Sandwiches,2025-02
9001,19,99,2025-08-03,2,Overproduction,223.48,Menu Item 099,9,111.74,Restaurant 019,Beverages,2025-08
9002,5,125,2025-12-03,2,Spoilage,2276.68,Menu Item 125,5,1138.34,Restaurant 005,BBQ,2025-12
9003,10,70,2025-01-28,1,Damaged,207.25,Menu Item 070,10,207.25,Restaurant 010,Salads,2025-01
9004,4,144,2025-12-16,1,Spoilage,243.25,Menu Item 144,4,243.25,Restaurant 004,Rice,2025-12
9005,8,68,2025-02-16,1,Preparation Error,114.06,Menu Item 068,8,114.06,Restaurant 008,Desserts,2025-02
9006,16,96,2025-02-23,1,Overproduction,405.22,Menu Item 096,6,405.22,Restaurant 016,Pasta,2025-02
9007,19,99,2025-06-18,3,Spoilage,335.22,Menu Item 099,9,111.74,Restaurant 019,Beverages,2025-06
9008,10,30,2025-05-07,2,Damaged,334.54,Menu Item 030,10,167.27,Restaurant 010,Salads,2025-05
9009,9,69,2025-09-16,2,Damaged,189.6,Menu Item 069,9,94.8,Restaurant 009,Beverages,2025-09
9010,20,40,2025-01-18,2,Unsold,552.48,Menu Item 040,10,276.24,Restaurant 020,Salads,2025-01
9011,3,143,2025-09-26,5,Unsold,1775.0,Menu Item 143,3,355.0,Restaurant 003,Biryani,2025-09
9012,20,140,2025-01-28,3,Preparation Error,535.2,Menu Item 140,10,178.4,Restaurant 020,Salads,2025-01
9013,14,54,2025-12-06,1,Damaged,182.18,Menu Item 054,4,182.18,Restaurant 014,Rice,2025-12
9014,10,70,2025-09-22,1,Unsold,207.25,Menu Item 070,10,207.25,Restaurant 010,Salads,2025-09
9015,11,31,2025-09-19,2,Overproduction,645.24,Menu Item 031,1,322.62,Restaurant 011,Burgers,2025-09
9016,7,127,2025-08-01,1,Preparation Error,334.08,Menu Item 127,7,334.08,Restaurant 007,Sandwiches,2025-08
9017,9,49,2025-12-03,1,Unsold,254.28,Menu Item 049,9,254.28,Restaurant 009,Beverages,2025-12
9018,8,88,2025-07-26,8,Damaged,1805.04,Menu Item 088,8,225.63,Restaurant 008,Desserts,2025-07
9019,14,94,2025-07-26,1,Expired,274.91,Menu Item 094,4,274.91,Restaurant 014,Rice,2025-07
9020,20,120,2025-11-24,5,Damaged,1139.15,Menu Item 120,10,227.83,Restaurant 020,Salads,2025-11
9021,11,131,2025-11-06,2,Damaged,745.46,Menu Item 131,1,372.73,Restaurant 011,Burgers,2025-11
9022,1,141,2025-04-01,2,Damaged,504.22,Menu Item 141,1,252.11,Restaurant 001,Burgers,2025-04
9023,10,110,2025-09-09,2,Overproduction,438.54,Menu Item 110,10,219.27,Restaurant 010,Salads,2025-09
9024,7,147,2025-11-18,3,Preparation Error,674.4,Menu Item 147,7,224.8,Restaurant 007,Sandwiches,2025-11
9025,2,2,2025-08-06,2,Damaged,1644.6,Menu Item 002,2,822.3,Restaurant 002,Pizza,2025-08
9026,4,144,2025-07-06,1,Expired,243.25,Menu Item 144,4,243.25,Restaurant 004,Rice,2025-07
9027,8,148,2025-08-15,3,Expired,1012.92,Menu Item 148,8,337.64,Restaurant 008,Desserts,2025-08
9028,13,13,2025-11-28,8,Overproduction,3114.24,Menu Item 013,3,389.28,Restaurant 013,Biryani,2025-11
9029,2,82,2025-07-10,1,Spoilage,601.45,Menu Item 082,2,601.45,Restaurant 002,Pizza,2025-07
9030,20,20,2025-06-23,2,Expired,577.02,Menu Item 020,10,288.51,Restaurant 020,Salads,2025-06
9031,15,135,2025-08-23,5,Spoilage,1502.45,Menu Item 135,5,300.49,Restaurant 015,BBQ,2025-08
9032,4,104,2025-05-20,1,Damaged,167.96,Menu Item 104,4,167.96,Restaurant 004,Rice,2025-05
9033,12,132,2025-01-22,2,Spoilage,1284.12,Menu Item 132,2,642.06,Restaurant 012,Pizza,2025-01
9034,12,72,2025-01-27,1,Spoilage,275.78,Menu Item 072,2,275.78,Restaurant 012,Pizza,2025-01
9035,11,11,2025-05-21,1,Expired,546.24,Menu Item 011,1,546.24,Restaurant 011,Burgers,2025-05
9036,7,147,2025-06-17,2,Damaged,449.6,Menu Item 147,7,224.8,Restaurant 007,Sandwiches,2025-06
9037,17,97,2025-03-13,8,Preparation Error,3632.32,Menu Item 097,7,454.04,Restaurant 017,Sandwiches,2025-03
9038,2,2,2025-08-06,2,Expired,1644.6,Menu Item 002,2,822.3,Restaurant 002,Pizza,2025-08
9039,17,137,2025-07-13,3,Overproduction,1061.22,Menu Item 137,7,353.74,Restaurant 017,Sandwiches,2025-07
9040,8,108,2025-10-27,1,Expired,415.08,Menu Item 108,8,415.08,Restaurant 008,Desserts,2025-10
9041,12,92,2025-10-20,1,Damaged,464.37,Menu Item 092,2,464.37,Restaurant 012,Pizza,2025-10
9042,14,34,2025-11-11,2,Overproduction,928.64,Menu Item 034,4,464.32,Restaurant 014,Rice,2025-11
9043,12,52,2025-07-21,2,Damaged,927.2,Menu Item 052,2,463.6,Restaurant 012,Pizza,2025-07
9044,16,96,2025-08-24,3,Preparation Error,1215.66,Menu Item 096,6,405.22,Restaurant 016,Pasta,2025-08
9045,17,97,2025-05-09,1,Unsold,454.04,Menu Item 097,7,454.04,Restaurant 017,Sandwiches,2025-05
9046,14,114,2025-10-18,3,Preparation Error,1634.67,Menu Item 114,4,544.89,Restaurant 014,Rice,2025-10
9047,3,83,2025-09-25,3,Expired,709.05,Menu Item 083,3,236.35,Restaurant 003,Biryani,2025-09
9048,15,95,2025-11-18,5,Preparation Error,3409.4,Menu Item 095,5,681.88,Restaurant 015,BBQ,2025-11
9049,14,134,2025-10-12,5,Expired,1441.7,Menu Item 134,4,288.34,Restaurant 014,Rice,2025-10
9050,13,93,2025-08-27,10,Damaged,5536.1,Menu Item 093,3,553.61,Restaurant 013,Biryani,2025-08
9051,20,140,2025-04-18,5,Preparation Error,892.0,Menu Item 140,10,178.4,Restaurant 020,Salads,2025-04
9052,10,70,2025-04-23,3,Expired,621.75,Menu Item 070,10,207.25,Restaurant 010,Salads,2025-04
9053,10,50,2025-08-27,1,Damaged,158.1,Menu Item 050,10,158.1,Restaurant 010,Salads,2025-08
9054,2,2,2025-12-23,3,Unsold,2466.9,Menu Item 002,2,822.3,Restaurant 002,Pizza,2025-12
9055,10,10,2025-02-10,2,Expired,286.6,Menu Item 010,10,143.3,Restaurant 010,Salads,2025-02
9056,3,103,2025-09-10,1,Expired,490.49,Menu Item 103,3,490.49,Restaurant 003,Biryani,2025-09
9057,18,138,2025-02-08,3,Preparation Error,463.8,Menu Item 138,8,154.6,Restaurant 018,Desserts,2025-02
9058,4,144,2025-09-18,1,Overproduction,243.25,Menu Item 144,4,243.25,Restaurant 004,Rice,2025-09
9059,5,5,2025-09-03,3,Damaged,2280.63,Menu Item 005,5,760.21,Restaurant 005,BBQ,2025-09
9060,20,120,2025-11-11,2,Overproduction,455.66,Menu Item 120,10,227.83,Restaurant 020,Salads,2025-11
9061,18,118,2025-08-16,1,Damaged,309.0,Menu Item 118,8,309.0,Restaurant 018,Desserts,2025-08
9062,9,69,2025-06-12,8,Damaged,758.4,Menu Item 069,9,94.8,Restaurant 009,Beverages,2025-06
9063,9,149,2025-05-21,1,Overproduction,239.18,Menu Item 149,9,239.18,Restaurant 009,Beverages,2025-05
9064,2,102,2025-01-15,2,Preparation Error,1548.34,Menu Item 102,2,774.17,Restaurant 002,Pizza,2025-01
9065,1,121,2025-03-16,2,Overproduction,750.6,Menu Item 121,1,375.3,Restaurant 001,Burgers,2025-03
9066,9,109,2025-01-21,2,Preparation Error,442.86,Menu Item 109,9,221.43,Restaurant 009,Beverages,2025-01
9067,12,12,2025-12-14,1,Unsold,783.1,Menu Item 012,2,783.1,Restaurant 012,Pizza,2025-12
9068,10,150,2025-03-20,2,Spoilage,754.68,Menu Item 150,10,377.34,Restaurant 010,Salads,2025-03
9069,18,18,2025-07-15,1,Damaged,334.39,Menu Item 018,8,334.39,Restaurant 018,Desserts,2025-07
9070,7,87,2025-08-16,3,Preparation Error,1592.94,Menu Item 087,7,530.98,Restaurant 007,Sandwiches,2025-08
9071,3,83,2025-11-18,2,Overproduction,472.7,Menu Item 083,3,236.35,Restaurant 003,Biryani,2025-11
9072,17,17,2025-11-14,1,Expired,292.34,Menu Item 017,7,292.34,Restaurant 017,Sandwiches,2025-11
9073,8,68,2025-02-02,5,Overproduction,570.3,Menu Item 068,8,114.06,Restaurant 008,Desserts,2025-02
9074,1,121,2025-04-22,1,Preparation Error,375.3,Menu Item 121,1,375.3,Restaurant 001,Burgers,2025-04
9075,10,30,2025-07-08,2,Preparation Error,334.54,Menu Item 030,10,167.27,Restaurant 010,Salads,2025-07
9076,20,140,2025-01-04,5,Expired,892.0,Menu Item 140,10,178.4,Restaurant 020,Salads,2025-01
9077,9,109,2025-06-07,3,Preparation Error,664.29,Menu Item 109,9,221.43,Restaurant 009,Beverages,2025-06
9078,10,150,2025-12-12,2,Expired,754.68,Menu Item 150,10,377.34,Restaurant 010,Salads,2025-12
9079,14,114,2025-05-18,3,Expired,1634.67,Menu Item 114,4,544.89,Restaurant 014,Rice,2025-05
9080,19,119,2025-02-10,1,Unsold,104.64,Menu Item 119,9,104.64,Restaurant 019,Beverages,2025-02
9081,18,78,2025-08-16,3,Expired,768.33,Menu Item 078,8,256.11,Restaurant 018,Desserts,2025-08
9082,19,139,2025-04-20,1,Preparation Error,127.54,Menu Item 139,9,127.54,Restaurant 019,Beverages,2025-04
9083,15,15,2025-04-22,1,Preparation Error,496.97,Menu Item 015,5,496.97,Restaurant 015,BBQ,2025-04
9084,4,144,2025-05-06,1,Spoilage,243.25,Menu Item 144,4,243.25,Restaurant 004,Rice,2025-05
9085,2,22,2025-03-22,1,Expired,323.47,Menu Item 022,2,323.47,Restaurant 002,Pizza,2025-03
9086,8,128,2025-11-17,2,Damaged,694.58,Menu Item 128,8,347.29,Restaurant 008,Desserts,2025-11
9087,12,32,2025-06-22,2,Damaged,1476.6,Menu Item 032,2,738.3,Restaurant 012,Pizza,2025-06
9088,19,19,2025-05-04,1,Overproduction,179.99,Menu Item 019,9,179.99,Restaurant 019,Beverages,2025-05
9089,10,10,2025-07-18,8,Overproduction,1146.4,Menu Item 010,10,143.3,Restaurant 010,Salads,2025-07
9090,9,149,2025-11-21,5,Damaged,1195.9,Menu Item 149,9,239.18,Restaurant 009,Beverages,2025-11
9091,20,120,2025-08-14,1,Damaged,227.83,Menu Item 120,10,227.83,Restaurant 020,Salads,2025-08
9092,19,19,2025-12-26,8,Expired,1439.92,Menu Item 019,9,179.99,Restaurant 019,Beverages,2025-12
9093,18,78,2025-11-27,1,Expired,256.11,Menu Item 078,8,256.11,Restaurant 018,Desserts,2025-11
9094,15,75,2025-11-04,5,Damaged,2110.0,Menu Item 075,5,422.0,Restaurant 015,BBQ,2025-11
9095,10,90,2025-06-18,5,Overproduction,954.8,Menu Item 090,10,190.96,Restaurant 010,Salads,2025-06
9096,3,123,2025-05-10,1,Damaged,365.54,Menu Item 123,3,365.54,Restaurant 003,Biryani,2025-05
9097,5,105,2025-02-23,3,Expired,1789.62,Menu Item 105,5,596.54,Restaurant 005,BBQ,2025-02
9098,12,92,2025-09-12,2,Preparation Error,928.74,Menu Item 092,2,464.37,Restaurant 012,Pizza,2025-09
9099,20,20,2025-12-19,2,Unsold,577.02,Menu Item 020,10,288.51,Restaurant 020,Salads,2025-12
9100,7,147,2025-10-07,1,Damaged,224.8,Menu Item 147,7,224.8,Restaurant 007,Sandwiches,2025-10
9101,8,148,2025-04-12,1,Preparation Error,337.64,Menu Item 148,8,337.64,Restaurant 008,Desserts,2025-04
9102,19,19,2025-02-11,2,Overproduction,359.98,Menu Item 019,9,179.99,Restaurant 019,Beverages,2025-02
9103,7,107,2025-02-12,3,Damaged,1417.74,Menu Item 107,7,472.58,Restaurant 007,Sandwiches,2025-02
9104,2,122,2025-01-24,1,Preparation Error,828.35,Menu Item 122,2,828.35,Restaurant 002,Pizza,2025-01
9105,7,27,2025-08-06,3,Damaged,1013.13,Menu Item 027,7,337.71,Restaurant 007,Sandwiches,2025-08
9106,3,3,2025-01-19,5,Spoilage,1129.8,Menu Item 003,3,225.96,Restaurant 003,Biryani,2025-01
9107,4,24,2025-11-11,1,Unsold,498.37,Menu Item 024,4,498.37,Restaurant 004,Rice,2025-11
9108,12,12,2025-09-01,1,Damaged,783.1,Menu Item 012,2,783.1,Restaurant 012,Pizza,2025-09
9109,13,113,2025-01-17,2,Damaged,461.62,Menu Item 113,3,230.81,Restaurant 013,Biryani,2025-01
9110,8,48,2025-09-25,1,Unsold,194.92,Menu Item 048,8,194.92,Restaurant 008,Desserts,2025-09
9111,11,111,2025-01-22,1,Overproduction,326.19,Menu Item 111,1,326.19,Restaurant 011,Burgers,2025-01
9112,14,134,2025-10-06,2,Unsold,576.68,Menu Item 134,4,288.34,Restaurant 014,Rice,2025-10
9113,7,127,2025-07-07,3,Expired,1002.24,Menu Item 127,7,334.08,Restaurant 007,Sandwiches,2025-07
9114,19,39,2025-12-24,1,Overproduction,88.74,Menu Item 039,9,88.74,Restaurant 019,Beverages,2025-12
9115,5,65,2025-05-17,2,Preparation Error,1031.48,Menu Item 065,5,515.74,Restaurant 005,BBQ,2025-05
9116,4,84,2025-03-22,1,Unsold,350.73,Menu Item 084,4,350.73,Restaurant 004,Rice,2025-03
9117,13,13,2025-11-11,1,Unsold,389.28,Menu Item 013,3,389.28,Restaurant 013,Biryani,2025-11
9118,19,99,2025-10-25,2,Unsold,223.48,Menu Item 099,9,111.74,Restaurant 019,Beverages,2025-10
9119,6,146,2025-12-10,5,Damaged,3712.65,Menu Item 146,6,742.53,Restaurant 006,Pasta,2025-12
9120,1,21,2025-11-13,3,Preparation Error,966.84,Menu Item 021,1,322.28,Restaurant 001,Burgers,2025-11
9121,8,88,2025-11-10,8,Expired,1805.04,Menu Item 088,8,225.63,Restaurant 008,Desserts,2025-11
9122,2,142,2025-08-03,3,Preparation Error,2758.05,Menu Item 142,2,919.35,Restaurant 002,Pizza,2025-08
9123,10,10,2025-06-28,3,Spoilage,429.9,Menu Item 010,10,143.3,Restaurant 010,Salads,2025-06
9124,2,102,2025-09-13,3,Expired,2322.51,Menu Item 102,2,774.17,Restaurant 002,Pizza,2025-09
9125,13,53,2025-11-07,1,Overproduction,298.53,Menu Item 053,3,298.53,Restaurant 013,Biryani,2025-11
9126,15,95,2025-11-24,1,Preparation Error,681.88,Menu Item 095,5,681.88,Restaurant 015,BBQ,2025-11
9127,10,130,2025-04-02,1,Preparation Error,292.14,Menu Item 130,10,292.14,Restaurant 010,Salads,2025-04
9128,4,104,2025-07-09,1,Unsold,167.96,Menu Item 104,4,167.96,Restaurant 004,Rice,2025-07
9129,20,140,2025-09-24,1,Spoilage,178.4,Menu Item 140,10,178.4,Restaurant 020,Salads,2025-09
9130,2,122,2025-07-10,5,Unsold,4141.75,Menu Item 122,2,828.35,Restaurant 002,Pizza,2025-07
9131,12,92,2025-11-17,1,Damaged,464.37,Menu Item 092,2,464.37,Restaurant 012,Pizza,2025-11
9132,18,118,2025-12-25,2,Unsold,618.0,Menu Item 118,8,309.0,Restaurant 018,Desserts,2025-12
9133,7,127,2025-12-25,2,Spoilage,668.16,Menu Item 127,7,334.08,Restaurant 007,Sandwiches,2025-12
9134,8,48,2025-01-14,8,Preparation Error,1559.36,Menu Item 048,8,194.92,Restaurant 008,Desserts,2025-01
9135,7,7,2025-07-17,10,Overproduction,4775.7,Menu Item 007,7,477.57,Restaurant 007,Sandwiches,2025-07
9136,9,9,2025-03-12,1,Spoilage,140.35,Menu Item 009,9,140.35,Restaurant 009,Beverages,2025-03
9137,11,111,2025-11-19,1,Unsold,326.19,Menu Item 111,1,326.19,Restaurant 011,Burgers,2025-11
9138,9,109,2025-12-06,1,Expired,221.43,Menu Item 109,9,221.43,Restaurant 009,Beverages,2025-12
9139,5,5,2025-08-24,1,Spoilage,760.21,Menu Item 005,5,760.21,Restaurant 005,BBQ,2025-08
9140,13,13,2025-02-17,3,Spoilage,1167.84,Menu Item 013,3,389.28,Restaurant 013,Biryani,2025-02
9141,3,123,2025-06-10,1,Spoilage,365.54,Menu Item 123,3,365.54,Restaurant 003,Biryani,2025-06
9142,17,37,2025-12-04,1,Unsold,689.77,Menu Item 037,7,689.77,Restaurant 017,Sandwiches,2025-12
9143,11,11,2025-01-10,1,Spoilage,546.24,Menu Item 011,1,546.24,Restaurant 011,Burgers,2025-01
9144,13,133,2025-08-22,1,Overproduction,508.83,Menu Item 133,3,508.83,Restaurant 013,Biryani,2025-08
9145,15,75,2025-08-14,1,Expired,422.0,Menu Item 075,5,422.0,Restaurant 015,BBQ,2025-08
9146,6,106,2025-09-27,1,Damaged,277.13,Menu Item 106,6,277.13,Restaurant 006,Pasta,2025-09
9147,13,133,2025-03-17,2,Spoilage,1017.66,Menu Item 133,3,508.83,Restaurant 013,Biryani,2025-03
9148,8,48,2025-07-23,1,Overproduction,194.92,Menu Item 048,8,194.92,Restaurant 008,Desserts,2025-07
9149,18,38,2025-09-22,3,Damaged,1128.96,Menu Item 038,8,376.32,Restaurant 018,Desserts,2025-09
9150,3,123,2025-11-13,2,Overproduction,731.08,Menu Item 123,3,365.54,Restaurant 003,Biryani,2025-11
9151,5,25,2025-04-01,1,Expired,1027.71,Menu Item 025,5,1027.71,Restaurant 005,BBQ,2025-04
9152,6,6,2025-11-06,2,Damaged,604.3,Menu Item 006,6,302.15,Restaurant 006,Pasta,2025-11
9153,9,69,2025-09-11,1,Unsold,94.8,Menu Item 069,9,94.8,Restaurant 009,Beverages,2025-09
9154,4,4,2025-02-16,1,Expired,151.68,Menu Item 004,4,151.68,Restaurant 004,Rice,2025-02
9155,10,10,2025-03-04,1,Overproduction,143.3,Menu Item 010,10,143.3,Restaurant 010,Salads,2025-03
9156,10,90,2025-01-13,8,Overproduction,1527.68,Menu Item 090,10,190.96,Restaurant 010,Salads,2025-01
9157,9,129,2025-09-27,3,Preparation Error,300.6,Menu Item 129,9,100.2,Restaurant 009,Beverages,2025-09
9158,16,76,2025-12-05,2,Spoilage,830.62,Menu Item 076,6,415.31,Restaurant 016,Pasta,2025-12
9159,2,122,2025-06-28,3,Unsold,2485.05,Menu Item 122,2,828.35,Restaurant 002,Pizza,2025-06
9160,4,4,2025-03-21,2,Spoilage,303.36,Menu Item 004,4,151.68,Restaurant 004,Rice,2025-03
9161,4,4,2025-08-09,3,Preparation Error,455.04,Menu Item 004,4,151.68,Restaurant 004,Rice,2025-08
9162,13,13,2025-02-25,3,Unsold,1167.84,Menu Item 013,3,389.28,Restaurant 013,Biryani,2025-02
9163,4,64,2025-06-23,1,Overproduction,256.46,Menu Item 064,4,256.46,Restaurant 004,Rice,2025-06
9164,11,31,2025-01-02,5,Preparation Error,1613.1,Menu Item 031,1,322.62,Restaurant 011,Burgers,2025-01
9165,14,94,2025-11-28,2,Damaged,549.82,Menu Item 094,4,274.91,Restaurant 014,Rice,2025-11
9166,5,145,2025-12-13,2,Overproduction,859.76,Menu Item 145,5,429.88,Restaurant 005,BBQ,2025-12
9167,2,2,2025-09-08,1,Overproduction,822.3,Menu Item 002,2,822.3,Restaurant 002,Pizza,2025-09
9168,3,43,2025-03-26,3,Damaged,1139.1,Menu Item 043,3,379.7,Restaurant 003,Biryani,2025-03
9169,18,138,2025-09-27,1,Spoilage,154.6,Menu Item 138,8,154.6,Restaurant 018,Desserts,2025-09
9170,7,27,2025-06-03,2,Unsold,675.42,Menu Item 027,7,337.71,Restaurant 007,Sandwiches,2025-06
9171,16,136,2025-07-09,2,Spoilage,864.74,Menu Item 136,6,432.37,Restaurant 016,Pasta,2025-07
9172,16,76,2025-05-25,1,Unsold,415.31,Menu Item 076,6,415.31,Restaurant 016,Pasta,2025-05
9173,12,92,2025-10-20,2,Spoilage,928.74,Menu Item 092,2,464.37,Restaurant 012,Pizza,2025-10
9174,5,45,2025-06-19,10,Spoilage,3899.4,Menu Item 045,5,389.94,Restaurant 005,BBQ,2025-06
9175,17,17,2025-11-10,2,Overproduction,584.68,Menu Item 017,7,292.34,Restaurant 017,Sandwiches,2025-11
9176,14,14,2025-01-24,2,Damaged,462.46,Menu Item 014,4,231.23,Restaurant 014,Rice,2025-01
9177,12,72,2025-12-13,2,Spoilage,551.56,Menu Item 072,2,275.78,Restaurant 012,Pizza,2025-12
9178,15,75,2025-11-26,1,Expired,422.0,Menu Item 075,5,422.0,Restaurant 015,BBQ,2025-11
9179,14,94,2025-08-18,1,Damaged,274.91,Menu Item 094,4,274.91,Restaurant 014,Rice,2025-08
9180,4,104,2025-07-17,3,Overproduction,503.88,Menu Item 104,4,167.96,Restaurant 004,Rice,2025-07
9181,20,100,2025-07-22,1,Preparation Error,486.7,Menu Item 100,10,486.7,Restaurant 020,Salads,2025-07
9182,5,65,2025-02-06,3,Spoilage,1547.22,Menu Item 065,5,515.74,Restaurant 005,BBQ,2025-02
9183,4,84,2025-05-19,3,Preparation Error,1052.19,Menu Item 084,4,350.73,Restaurant 004,Rice,2025-05
9184,9,109,2025-02-15,3,Spoilage,664.29,Menu Item 109,9,221.43,Restaurant 009,Beverages,2025-02
9185,2,62,2025-11-17,2,Preparation Error,1019.54,Menu Item 062,2,509.77,Restaurant 002,Pizza,2025-11
9186,10,90,2025-06-04,3,Expired,572.88,Menu Item 090,10,190.96,Restaurant 010,Salads,2025-06
9187,10,50,2025-05-25,1,Spoilage,158.1,Menu Item 050,10,158.1,Restaurant 010,Salads,2025-05
9188,17,37,2025-04-08,1,Damaged,689.77,Menu Item 037,7,689.77,Restaurant 017,Sandwiches,2025-04
9189,18,58,2025-06-22,5,Spoilage,1801.25,Menu Item 058,8,360.25,Restaurant 018,Desserts,2025-06
9190,3,3,2025-06-06,5,Spoilage,1129.8,Menu Item 003,3,225.96,Restaurant 003,Biryani,2025-06
9191,19,19,2025-05-04,2,Overproduction,359.98,Menu Item 019,9,179.99,Restaurant 019,Beverages,2025-05
9192,9,129,2025-04-09,2,Damaged,200.4,Menu Item 129,9,100.2,Restaurant 009,Beverages,2025-04
9193,20,140,2025-06-16,1,Unsold,178.4,Menu Item 140,10,178.4,Restaurant 020,Salads,2025-06
9194,11,111,2025-05-14,2,Expired,652.38,Menu Item 111,1,326.19,Restaurant 011,Burgers,2025-05
9195,15,95,2025-11-22,3,Preparation Error,2045.64,Menu Item 095,5,681.88,Restaurant 015,BBQ,2025-11
9196,19,139,2025-04-11,5,Expired,637.7,Menu Item 139,9,127.54,Restaurant 019,Beverages,2025-04
9197,14,34,2025-03-20,1,Spoilage,464.32,Menu Item 034,4,464.32,Restaurant 014,Rice,2025-03
9198,13,53,2025-01-23,1,Damaged,298.53,Menu Item 053,3,298.53,Restaurant 013,Biryani,2025-01
9199,13,73,2025-05-16,2,Overproduction,463.5,Menu Item 073,3,231.75,Restaurant 013,Biryani,2025-05
9200,3,123,2025-09-26,1,Overproduction,365.54,Menu Item 123,3,365.54,Restaurant 003,Biryani,2025-09
9201,16,116,2025-11-20,5,Expired,2566.4,Menu Item 116,6,513.28,Restaurant 016,Pasta,2025-11
9202,8,8,2025-09-21,5,Spoilage,1538.6,Menu Item 008,8,307.72,Restaurant 008,Desserts,2025-09
9203,10,50,2025-05-12,2,Spoilage,316.2,Menu Item 050,10,158.1,Restaurant 010,Salads,2025-05
9204,17,77,2025-07-13,3,Expired,1795.89,Menu Item 077,7,598.63,Restaurant 017,Sandwiches,2025-07
9205,18,118,2025-02-05,3,Damaged,927.0,Menu Item 118,8,309.0,Restaurant 018,Desserts,2025-02
9206,5,85,2025-12-24,1,Overproduction,355.11,Menu Item 085,5,355.11,Restaurant 005,BBQ,2025-12
9207,11,51,2025-10-11,1,Preparation Error,362.81,Menu Item 051,1,362.81,Restaurant 011,Burgers,2025-10
9208,16,56,2025-09-08,2,Damaged,781.2,Menu Item 056,6,390.6,Restaurant 016,Pasta,2025-09
9209,15,115,2025-04-09,2,Damaged,1607.8,Menu Item 115,5,803.9,Restaurant 015,BBQ,2025-04
9210,9,49,2025-07-12,2,Unsold,508.56,Menu Item 049,9,254.28,Restaurant 009,Beverages,2025-07
9211,5,45,2025-11-16,1,Overproduction,389.94,Menu Item 045,5,389.94,Restaurant 005,BBQ,2025-11
9212,10,50,2025-08-11,1,Unsold,158.1,Menu Item 050,10,158.1,Restaurant 010,Salads,2025-08
9213,3,83,2025-11-28,2,Preparation Error,472.7,Menu Item 083,3,236.35,Restaurant 003,Biryani,2025-11
9214,16,96,2025-01-27,2,Damaged,810.44,Menu Item 096,6,405.22,Restaurant 016,Pasta,2025-01
9215,10,130,2025-08-18,3,Unsold,876.42,Menu Item 130,10,292.14,Restaurant 010,Salads,2025-08
9216,6,66,2025-10-25,1,Expired,418.78,Menu Item 066,6,418.78,Restaurant 006,Pasta,2025-10
9217,13,33,2025-06-26,1,Unsold,351.5,Menu Item 033,3,351.5,Restaurant 013,Biryani,2025-06
9218,15,55,2025-07-01,1,Spoilage,932.62,Menu Item 055,5,932.62,Restaurant 015,BBQ,2025-07
9219,16,56,2025-02-25,1,Unsold,390.6,Menu Item 056,6,390.6,Restaurant 016,Pasta,2025-02
9220,8,88,2025-10-20,1,Unsold,225.63,Menu Item 088,8,225.63,Restaurant 008,Desserts,2025-10
9221,18,18,2025-10-22,3,Expired,1003.17,Menu Item 018,8,334.39,Restaurant 018,Desserts,2025-10
9222,6,26,2025-06-15,2,Preparation Error,1213.12,Menu Item 026,6,606.56,Restaurant 006,Pasta,2025-06
9223,10,110,2025-10-22,5,Unsold,1096.35,Menu Item 110,10,219.27,Restaurant 010,Salads,2025-10
9224,14,74,2025-03-05,2,Unsold,311.8,Menu Item 074,4,155.9,Restaurant 014,Rice,2025-03
9225,7,147,2025-09-28,3,Unsold,674.4,Menu Item 147,7,224.8,Restaurant 007,Sandwiches,2025-09
9226,7,87,2025-04-25,2,Unsold,1061.96,Menu Item 087,7,530.98,Restaurant 007,Sandwiches,2025-04
9227,8,68,2025-11-20,3,Damaged,342.18,Menu Item 068,8,114.06,Restaurant 008,Desserts,2025-11
9228,15,35,2025-03-23,3,Overproduction,1311.18,Menu Item 035,5,437.06,Restaurant 015,BBQ,2025-03
9229,6,126,2025-02-26,5,Preparation Error,3353.15,Menu Item 126,6,670.63,Restaurant 006,Pasta,2025-02
9230,9,29,2025-07-14,1,Spoilage,68.62,Menu Item 029,9,68.62,Restaurant 009,Beverages,2025-07
9231,1,21,2025-12-07,1,Spoilage,322.28,Menu Item 021,1,322.28,Restaurant 001,Burgers,2025-12
9232,14,74,2025-05-21,1,Unsold,155.9,Menu Item 074,4,155.9,Restaurant 014,Rice,2025-05
9233,19,59,2025-09-18,2,Expired,379.74,Menu Item 059,9,189.87,Restaurant 019,Beverages,2025-09
9234,10,90,2025-10-11,2,Expired,381.92,Menu Item 090,10,190.96,Restaurant 010,Salads,2025-10
9235,11,131,2025-12-08,1,Preparation Error,372.73,Menu Item 131,1,372.73,Restaurant 011,Burgers,2025-12
9236,19,119,2025-05-26,3,Damaged,313.92,Menu Item 119,9,104.64,Restaurant 019,Beverages,2025-05
9237,3,123,2025-02-10,1,Spoilage,365.54,Menu Item 123,3,365.54,Restaurant 003,Biryani,2025-02
9238,14,14,2025-12-27,5,Unsold,1156.15,Menu Item 014,4,231.23,Restaurant 014,Rice,2025-12
9239,20,100,2025-01-20,1,Preparation Error,486.7,Menu Item 100,10,486.7,Restaurant 020,Salads,2025-01
9240,8,28,2025-10-19,5,Spoilage,1890.8,Menu Item 028,8,378.16,Restaurant 008,Desserts,2025-10
9241,1,141,2025-04-13,3,Expired,756.33,Menu Item 141,1,252.11,Restaurant 001,Burgers,2025-04
9242,18,38,2025-11-07,2,Damaged,752.64,Menu Item 038,8,376.32,Restaurant 018,Desserts,2025-11
9243,19,39,2025-10-08,2,Spoilage,177.48,Menu Item 039,9,88.74,Restaurant 019,Beverages,2025-10
9244,11,91,2025-04-24,10,Unsold,3707.9,Menu Item 091,1,370.79,Restaurant 011,Burgers,2025-04
9245,17,57,2025-03-18,1,Expired,314.52,Menu Item 057,7,314.52,Restaurant 017,Sandwiches,2025-03
9246,1,101,2025-06-13,1,Unsold,318.51,Menu Item 101,1,318.51,Restaurant 001,Burgers,2025-06
9247,4,44,2025-08-24,2,Overproduction,881.44,Menu Item 044,4,440.72,Restaurant 004,Rice,2025-08
9248,13,33,2025-07-06,1,Preparation Error,351.5,Menu Item 033,3,351.5,Restaurant 013,Biryani,2025-07
9249,18,58,2025-02-02,2,Damaged,720.5,Menu Item 058,8,360.25,Restaurant 018,Desserts,2025-02
9250,16,56,2025-04-16,1,Spoilage,390.6,Menu Item 056,6,390.6,Restaurant 016,Pasta,2025-04
9251,18,118,2025-08-27,2,Unsold,618.0,Menu Item 118,8,309.0,Restaurant 018,Desserts,2025-08
9252,2,82,2025-07-10,1,Preparation Error,601.45,Menu Item 082,2,601.45,Restaurant 002,Pizza,2025-07
9253,18,138,2025-09-26,5,Unsold,773.0,Menu Item 138,8,154.6,Restaurant 018,Desserts,2025-09
9254,10,90,2025-10-09,2,Damaged,381.92,Menu Item 090,10,190.96,Restaurant 010,Salads,2025-10
9255,8,28,2025-07-04,1,Damaged,378.16,Menu Item 028,8,378.16,Restaurant 008,Desserts,2025-07
9256,7,47,2025-12-15,3,Spoilage,1594.68,Menu Item 047,7,531.56,Restaurant 007,Sandwiches,2025-12
9257,16,96,2025-01-09,3,Spoilage,1215.66,Menu Item 096,6,405.22,Restaurant 016,Pasta,2025-01
9258,1,101,2025-12-09,2,Unsold,637.02,Menu Item 101,1,318.51,Restaurant 001,Burgers,2025-12
9259,4,44,2025-11-15,1,Preparation Error,440.72,Menu Item 044,4,440.72,Restaurant 004,Rice,2025-11
9260,12,32,2025-07-14,1,Unsold,738.3,Menu Item 032,2,738.3,Restaurant 012,Pizza,2025-07
9261,1,41,2025-02-06,2,Damaged,509.02,Menu Item 041,1,254.51,Restaurant 001,Burgers,2025-02
9262,2,2,2025-02-22,5,Damaged,4111.5,Menu Item 002,2,822.3,Restaurant 002,Pizza,2025-02
9263,15,75,2025-03-22,2,Damaged,844.0,Menu Item 075,5,422.0,Restaurant 015,BBQ,2025-03
9264,20,100,2025-07-17,2,Damaged,973.4,Menu Item 100,10,486.7,Restaurant 020,Salads,2025-07
9265,15,95,2025-02-02,2,Overproduction,1363.76,Menu Item 095,5,681.88,Restaurant 015,BBQ,2025-02
9266,11,31,2025-04-10,2,Expired,645.24,Menu Item 031,1,322.62,Restaurant 011,Burgers,2025-04
9267,5,25,2025-10-02,3,Damaged,3083.13,Menu Item 025,5,1027.71,Restaurant 005,BBQ,2025-10
9268,5,145,2025-07-25,1,Damaged,429.88,Menu Item 145,5,429.88,Restaurant 005,BBQ,2025-07
9269,11,131,2025-02-10,1,Preparation Error,372.73,Menu Item 131,1,372.73,Restaurant 011,Burgers,2025-02
9270,16,56,2025-09-04,1,Overproduction,390.6,Menu Item 056,6,390.6,Restaurant 016,Pasta,2025-09
9271,18,138,2025-06-08,2,Expired,309.2,Menu Item 138,8,154.6,Restaurant 018,Desserts,2025-06
9272,3,63,2025-01-25,1,Overproduction,313.94,Menu Item 063,3,313.94,Restaurant 003,Biryani,2025-01
9273,7,87,2025-11-04,3,Spoilage,1592.94,Menu Item 087,7,530.98,Restaurant 007,Sandwiches,2025-11
9274,19,99,2025-02-21,1,Preparation Error,111.74,Menu Item 099,9,111.74,Restaurant 019,Beverages,2025-02
9275,7,127,2025-07-09,1,Spoilage,334.08,Menu Item 127,7,334.08,Restaurant 007,Sandwiches,2025-07
9276,13,133,2025-03-21,2,Spoilage,1017.66,Menu Item 133,3,508.83,Restaurant 013,Biryani,2025-03
9277,14,54,2025-08-17,3,Overproduction,546.54,Menu Item 054,4,182.18,Restaurant 014,Rice,2025-08
9278,6,46,2025-10-25,8,Overproduction,5071.28,Menu Item 046,6,633.91,Restaurant 006,Pasta,2025-10
9279,18,98,2025-03-16,2,Damaged,747.3,Menu Item 098,8,373.65,Restaurant 018,Desserts,2025-03
9280,16,56,2025-12-11,8,Spoilage,3124.8,Menu Item 056,6,390.6,Restaurant 016,Pasta,2025-12
9281,6,46,2025-11-24,2,Preparation Error,1267.82,Menu Item 046,6,633.91,Restaurant 006,Pasta,2025-11
9282,16,16,2025-03-15,1,Overproduction,338.34,Menu Item 016,6,338.34,Restaurant 016,Pasta,2025-03
9283,14,94,2025-09-25,3,Overproduction,824.73,Menu Item 094,4,274.91,Restaurant 014,Rice,2025-09
9284,11,51,2025-08-10,8,Overproduction,2902.48,Menu Item 051,1,362.81,Restaurant 011,Burgers,2025-08
9285,4,4,2025-12-13,1,Unsold,151.68,Menu Item 004,4,151.68,Restaurant 004,Rice,2025-12
9286,5,5,2025-11-24,8,Damaged,6081.68,Menu Item 005,5,760.21,Restaurant 005,BBQ,2025-11
9287,19,59,2025-03-05,1,Overproduction,189.87,Menu Item 059,9,189.87,Restaurant 019,Beverages,2025-03
9288,3,63,2025-01-01,2,Damaged,627.88,Menu Item 063,3,313.94,Restaurant 003,Biryani,2025-01
9289,13,73,2025-10-13,1,Preparation Error,231.75,Menu Item 073,3,231.75,Restaurant 013,Biryani,2025-10
9290,15,55,2025-03-10,5,Preparation Error,4663.1,Menu Item 055,5,932.62,Restaurant 015,BBQ,2025-03
9291,2,2,2025-02-04,3,Unsold,2466.9,Menu Item 002,2,822.3,Restaurant 002,Pizza,2025-02
9292,20,40,2025-11-03,5,Expired,1381.2,Menu Item 040,10,276.24,Restaurant 020,Salads,2025-11
9293,7,27,2025-11-25,1,Unsold,337.71,Menu Item 027,7,337.71,Restaurant 007,Sandwiches,2025-11
9294,13,53,2025-02-24,2,Damaged,597.06,Menu Item 053,3,298.53,Restaurant 013,Biryani,2025-02
9295,4,64,2025-12-17,3,Expired,769.38,Menu Item 064,4,256.46,Restaurant 004,Rice,2025-12
9296,9,29,2025-10-10,2,Unsold,137.24,Menu Item 029,9,68.62,Restaurant 009,Beverages,2025-10
9297,16,36,2025-04-11,1,Expired,450.9,Menu Item 036,6,450.9,Restaurant 016,Pasta,2025-04
9298,12,52,2025-10-08,5,Spoilage,2318.0,Menu Item 052,2,463.6,Restaurant 012,Pizza,2025-10
9299,15,55,2025-07-06,1,Spoilage,932.62,Menu Item 055,5,932.62,Restaurant 015,BBQ,2025-07
9300,10,30,2025-01-07,1,Expired,167.27,Menu Item 030,10,167.27,Restaurant 010,Salads,2025-01
9301,16,16,2025-11-03,1,Spoilage,338.34,Menu Item 016,6,338.34,Restaurant 016,Pasta,2025-11
9302,5,145,2025-04-24,10,Unsold,4298.8,Menu Item 145,5,429.88,Restaurant 005,BBQ,2025-04
9303,2,82,2025-06-18,1,Preparation Error,601.45,Menu Item 082,2,601.45,Restaurant 002,Pizza,2025-06
9304,19,119,2025-07-16,8,Spoilage,837.12,Menu Item 119,9,104.64,Restaurant 019,Beverages,2025-07
9305,12,112,2025-07-27,1,Preparation Error,861.28,Menu Item 112,2,861.28,Restaurant 012,Pizza,2025-07
9306,7,107,2025-08-16,1,Unsold,472.58,Menu Item 107,7,472.58,Restaurant 007,Sandwiches,2025-08
9307,19,99,2025-01-02,1,Spoilage,111.74,Menu Item 099,9,111.74,Restaurant 019,Beverages,2025-01
9308,18,138,2025-12-23,1,Preparation Error,154.6,Menu Item 138,8,154.6,Restaurant 018,Desserts,2025-12
9309,17,77,2025-05-18,1,Overproduction,598.63,Menu Item 077,7,598.63,Restaurant 017,Sandwiches,2025-05
9310,7,27,2025-01-06,3,Overproduction,1013.13,Menu Item 027,7,337.71,Restaurant 007,Sandwiches,2025-01
9311,18,58,2025-11-21,2,Overproduction,720.5,Menu Item 058,8,360.25,Restaurant 018,Desserts,2025-11
9312,10,130,2025-08-12,3,Expired,876.42,Menu Item 130,10,292.14,Restaurant 010,Salads,2025-08
9313,9,149,2025-11-17,2,Preparation Error,478.36,Menu Item 149,9,239.18,Restaurant 009,Beverages,2025-11
9314,6,6,2025-01-09,2,Preparation Error,604.3,Menu Item 006,6,302.15,Restaurant 006,Pasta,2025-01
9315,1,121,2025-05-22,2,Unsold,750.6,Menu Item 121,1,375.3,Restaurant 001,Burgers,2025-05
9316,19,19,2025-02-28,1,Damaged,179.99,Menu Item 019,9,179.99,Restaurant 019,Beverages,2025-02
9317,1,61,2025-11-22,2,Unsold,991.42,Menu Item 061,1,495.71,Restaurant 001,Burgers,2025-11
9318,20,60,2025-11-15,5,Overproduction,1655.8,Menu Item 060,10,331.16,Restaurant 020,Salads,2025-11
9319,6,126,2025-02-19,1,Preparation Error,670.63,Menu Item 126,6,670.63,Restaurant 006,Pasta,2025-02
9320,6,146,2025-11-17,5,Expired,3712.65,Menu Item 146,6,742.53,Restaurant 006,Pasta,2025-11
9321,7,47,2025-09-07,5,Damaged,2657.8,Menu Item 047,7,531.56,Restaurant 007,Sandwiches,2025-09
9322,6,146,2025-04-22,3,Overproduction,2227.59,Menu Item 146,6,742.53,Restaurant 006,Pasta,2025-04
9323,12,112,2025-09-23,1,Spoilage,861.28,Menu Item 112,2,861.28,Restaurant 012,Pizza,2025-09
9324,12,32,2025-03-11,10,Preparation Error,7383.0,Menu Item 032,2,738.3,Restaurant 012,Pizza,2025-03
9325,19,59,2025-11-08,1,Unsold,189.87,Menu Item 059,9,189.87,Restaurant 019,Beverages,2025-11
9326,18,98,2025-12-16,3,Unsold,1120.95,Menu Item 098,8,373.65,Restaurant 018,Desserts,2025-12
9327,4,104,2025-02-08,1,Damaged,167.96,Menu Item 104,4,167.96,Restaurant 004,Rice,2025-02
9328,5,145,2025-01-01,2,Damaged,859.76,Menu Item 145,5,429.88,Restaurant 005,BBQ,2025-01
9329,18,118,2025-04-26,2,Preparation Error,618.0,Menu Item 118,8,309.0,Restaurant 018,Desserts,2025-04
9330,7,107,2025-07-13,1,Expired,472.58,Menu Item 107,7,472.58,Restaurant 007,Sandwiches,2025-07
9331,1,21,2025-06-23,3,Expired,966.84,Menu Item 021,1,322.28,Restaurant 001,Burgers,2025-06
9332,7,47,2025-05-07,5,Unsold,2657.8,Menu Item 047,7,531.56,Restaurant 007,Sandwiches,2025-05
9333,8,128,2025-06-19,2,Spoilage,694.58,Menu Item 128,8,347.29,Restaurant 008,Desserts,2025-06
9334,2,82,2025-04-04,1,Damaged,601.45,Menu Item 082,2,601.45,Restaurant 002,Pizza,2025-04
9335,19,99,2025-04-25,1,Overproduction,111.74,Menu Item 099,9,111.74,Restaurant 019,Beverages,2025-04
9336,19,119,2025-12-07,2,Preparation Error,209.28,Menu Item 119,9,104.64,Restaurant 019,Beverages,2025-12
9337,10,110,2025-08-06,3,Damaged,657.81,Menu Item 110,10,219.27,Restaurant 010,Salads,2025-08
9338,16,56,2025-07-09,3,Spoilage,1171.8,Menu Item 056,6,390.6,Restaurant 016,Pasta,2025-07
9339,9,149,2025-03-09,2,Overproduction,478.36,Menu Item 149,9,239.18,Restaurant 009,Beverages,2025-03
9340,19,79,2025-01-18,1,Preparation Error,130.5,Menu Item 079,9,130.5,Restaurant 019,Beverages,2025-01
9341,14,14,2025-12-25,1,Preparation Error,231.23,Menu Item 014,4,231.23,Restaurant 014,Rice,2025-12
9342,2,62,2025-12-02,1,Preparation Error,509.77,Menu Item 062,2,509.77,Restaurant 002,Pizza,2025-12
9343,17,97,2025-04-11,5,Overproduction,2270.2,Menu Item 097,7,454.04,Restaurant 017,Sandwiches,2025-04
9344,10,110,2025-07-09,1,Unsold,219.27,Menu Item 110,10,219.27,Restaurant 010,Salads,2025-07
9345,15,135,2025-05-07,1,Preparation Error,300.49,Menu Item 135,5,300.49,Restaurant 015,BBQ,2025-05
9346,15,95,2025-10-09,2,Spoilage,1363.76,Menu Item 095,5,681.88,Restaurant 015,BBQ,2025-10
9347,8,8,2025-09-08,3,Unsold,923.16,Menu Item 008,8,307.72,Restaurant 008,Desserts,2025-09
9348,5,25,2025-10-27,2,Unsold,2055.42,Menu Item 025,5,1027.71,Restaurant 005,BBQ,2025-10
9349,19,139,2025-08-09,8,Spoilage,1020.32,Menu Item 139,9,127.54,Restaurant 019,Beverages,2025-08
9350,5,45,2025-07-08,2,Unsold,779.88,Menu Item 045,5,389.94,Restaurant 005,BBQ,2025-07
9351,12,12,2025-07-22,1,Preparation Error,783.1,Menu Item 012,2,783.1,Restaurant 012,Pizza,2025-07
9352,12,112,2025-05-03,1,Damaged,861.28,Menu Item 112,2,861.28,Restaurant 012,Pizza,2025-05
9353,5,145,2025-03-27,5,Spoilage,2149.4,Menu Item 145,5,429.88,Restaurant 005,BBQ,2025-03
9354,10,110,2025-07-13,8,Expired,1754.16,Menu Item 110,10,219.27,Restaurant 010,Salads,2025-07
9355,19,119,2025-08-28,1,Expired,104.64,Menu Item 119,9,104.64,Restaurant 019,Beverages,2025-08
9356,2,2,2025-04-17,1,Expired,822.3,Menu Item 002,2,822.3,Restaurant 002,Pizza,2025-04
9357,16,96,2025-11-07,5,Expired,2026.1,Menu Item 096,6,405.22,Restaurant 016,Pasta,2025-11
9358,2,22,2025-09-15,3,Spoilage,970.41,Menu Item 022,2,323.47,Restaurant 002,Pizza,2025-09
9359,11,11,2025-12-08,2,Expired,1092.48,Menu Item 011,1,546.24,Restaurant 011,Burgers,2025-12
9360,15,55,2025-01-12,1,Unsold,932.62,Menu Item 055,5,932.62,Restaurant 015,BBQ,2025-01
9361,15,135,2025-02-11,2,Preparation Error,600.98,Menu Item 135,5,300.49,Restaurant 015,BBQ,2025-02
9362,13,93,2025-06-27,2,Damaged,1107.22,Menu Item 093,3,553.61,Restaurant 013,Biryani,2025-06
9363,3,143,2025-08-01,5,Preparation Error,1775.0,Menu Item 143,3,355.0,Restaurant 003,Biryani,2025-08
9364,13,113,2025-12-23,2,Preparation Error,461.62,Menu Item 113,3,230.81,Restaurant 013,Biryani,2025-12
9365,12,112,2025-09-07,2,Expired,1722.56,Menu Item 112,2,861.28,Restaurant 012,Pizza,2025-09
9366,19,139,2025-03-10,1,Unsold,127.54,Menu Item 139,9,127.54,Restaurant 019,Beverages,2025-03
9367,6,26,2025-04-27,3,Unsold,1819.68,Menu Item 026,6,606.56,Restaurant 006,Pasta,2025-04
9368,12,132,2025-11-13,2,Preparation Error,1284.12,Menu Item 132,2,642.06,Restaurant 012,Pizza,2025-11
9369,13,133,2025-05-01,2,Damaged,1017.66,Menu Item 133,3,508.83,Restaurant 013,Biryani,2025-05
9370,2,42,2025-02-14,2,Spoilage,935.42,Menu Item 042,2,467.71,Restaurant 002,Pizza,2025-02
9371,5,105,2025-12-04,3,Expired,1789.62,Menu Item 105,5,596.54,Restaurant 005,BBQ,2025-12
9372,3,83,2025-09-03,1,Preparation Error,236.35,Menu Item 083,3,236.35,Restaurant 003,Biryani,2025-09
9373,19,119,2025-06-23,2,Damaged,209.28,Menu Item 119,9,104.64,Restaurant 019,Beverages,2025-06
9374,16,56,2025-07-15,1,Spoilage,390.6,Menu Item 056,6,390.6,Restaurant 016,Pasta,2025-07
9375,7,147,2025-05-24,1,Damaged,224.8,Menu Item 147,7,224.8,Restaurant 007,Sandwiches,2025-05
9376,3,43,2025-03-26,2,Overproduction,759.4,Menu Item 043,3,379.7,Restaurant 003,Biryani,2025-03
9377,1,21,2025-11-24,5,Expired,1611.4,Menu Item 021,1,322.28,Restaurant 001,Burgers,2025-11
9378,8,8,2025-01-09,1,Damaged,307.72,Menu Item 008,8,307.72,Restaurant 008,Desserts,2025-01
9379,19,39,2025-09-12,10,Damaged,887.4,Menu Item 039,9,88.74,Restaurant 019,Beverages,2025-09
9380,17,17,2025-05-15,10,Damaged,2923.4,Menu Item 017,7,292.34,Restaurant 017,Sandwiches,2025-05
9381,20,20,2025-03-05,2,Preparation Error,577.02,Menu Item 020,10,288.51,Restaurant 020,Salads,2025-03
9382,17,77,2025-05-28,1,Preparation Error,598.63,Menu Item 077,7,598.63,Restaurant 017,Sandwiches,2025-05
9383,9,29,2025-11-27,2,Unsold,137.24,Menu Item 029,9,68.62,Restaurant 009,Beverages,2025-11
9384,3,3,2025-10-12,5,Spoilage,1129.8,Menu Item 003,3,225.96,Restaurant 003,Biryani,2025-10
9385,19,139,2025-03-04,2,Spoilage,255.08,Menu Item 139,9,127.54,Restaurant 019,Beverages,2025-03
9386,10,50,2025-11-26,1,Spoilage,158.1,Menu Item 050,10,158.1,Restaurant 010,Salads,2025-11
9387,17,57,2025-07-23,3,Damaged,943.56,Menu Item 057,7,314.52,Restaurant 017,Sandwiches,2025-07
9388,7,107,2025-07-24,3,Spoilage,1417.74,Menu Item 107,7,472.58,Restaurant 007,Sandwiches,2025-07
9389,17,117,2025-05-15,1,Expired,429.73,Menu Item 117,7,429.73,Restaurant 017,Sandwiches,2025-05
9390,17,37,2025-10-02,1,Preparation Error,689.77,Menu Item 037,7,689.77,Restaurant 017,Sandwiches,2025-10
9391,11,131,2025-02-06,2,Expired,745.46,Menu Item 131,1,372.73,Restaurant 011,Burgers,2025-02
9392,19,119,2025-07-02,2,Overproduction,209.28,Menu Item 119,9,104.64,Restaurant 019,Beverages,2025-07
9393,7,47,2025-05-09,1,Overproduction,531.56,Menu Item 047,7,531.56,Restaurant 007,Sandwiches,2025-05
9394,9,109,2025-11-09,1,Spoilage,221.43,Menu Item 109,9,221.43,Restaurant 009,Beverages,2025-11
9395,16,76,2025-06-26,5,Preparation Error,2076.55,Menu Item 076,6,415.31,Restaurant 016,Pasta,2025-06
9396,4,124,2025-12-13,1,Unsold,149.57,Menu Item 124,4,149.57,Restaurant 004,Rice,2025-12
9397,8,88,2025-12-09,2,Preparation Error,451.26,Menu Item 088,8,225.63,Restaurant 008,Desserts,2025-12
9398,4,24,2025-05-11,8,Expired,3986.96,Menu Item 024,4,498.37,Restaurant 004,Rice,2025-05
9399,3,23,2025-01-20,2,Spoilage,540.46,Menu Item 023,3,270.23,Restaurant 003,Biryani,2025-01
9400,1,81,2025-10-28,5,Preparation Error,2572.35,Menu Item 081,1,514.47,Restaurant 001,Burgers,2025-10
9401,13,13,2025-10-13,5,Damaged,1946.4,Menu Item 013,3,389.28,Restaurant 013,Biryani,2025-10
9402,5,25,2025-12-04,3,Overproduction,3083.13,Menu Item 025,5,1027.71,Restaurant 005,BBQ,2025-12
9403,8,108,2025-02-17,5,Preparation Error,2075.4,Menu Item 108,8,415.08,Restaurant 008,Desserts,2025-02
9404,13,33,2025-09-05,3,Expired,1054.5,Menu Item 033,3,351.5,Restaurant 013,Biryani,2025-09
9405,5,105,2025-02-02,3,Expired,1789.62,Menu Item 105,5,596.54,Restaurant 005,BBQ,2025-02
9406,5,105,2025-04-24,2,Unsold,1193.08,Menu Item 105,5,596.54,Restaurant 005,BBQ,2025-04
9407,11,91,2025-07-27,2,Overproduction,741.58,Menu Item 091,1,370.79,Restaurant 011,Burgers,2025-07
9408,5,65,2025-09-18,8,Expired,4125.92,Menu Item 065,5,515.74,Restaurant 005,BBQ,2025-09
9409,5,85,2025-06-05,8,Damaged,2840.88,Menu Item 085,5,355.11,Restaurant 005,BBQ,2025-06
9410,7,67,2025-09-07,2,Unsold,1271.12,Menu Item 067,7,635.56,Restaurant 007,Sandwiches,2025-09
9411,4,24,2025-12-06,2,Overproduction,996.74,Menu Item 024,4,498.37,Restaurant 004,Rice,2025-12
9412,10,50,2025-09-08,1,Damaged,158.1,Menu Item 050,10,158.1,Restaurant 010,Salads,2025-09
9413,3,3,2025-05-22,2,Expired,451.92,Menu Item 003,3,225.96,Restaurant 003,Biryani,2025-05
9414,19,119,2025-03-17,2,Spoilage,209.28,Menu Item 119,9,104.64,Restaurant 019,Beverages,2025-03
9415,12,112,2025-02-06,3,Overproduction,2583.84,Menu Item 112,2,861.28,Restaurant 012,Pizza,2025-02
9416,3,43,2025-10-27,2,Overproduction,759.4,Menu Item 043,3,379.7,Restaurant 003,Biryani,2025-10
9417,3,23,2025-04-17,2,Expired,540.46,Menu Item 023,3,270.23,Restaurant 003,Biryani,2025-04
9418,3,123,2025-11-26,1,Spoilage,365.54,Menu Item 123,3,365.54,Restaurant 003,Biryani,2025-11
9419,1,121,2025-09-14,3,Overproduction,1125.9,Menu Item 121,1,375.3,Restaurant 001,Burgers,2025-09
9420,6,126,2025-05-08,3,Expired,2011.89,Menu Item 126,6,670.63,Restaurant 006,Pasta,2025-05
9421,18,98,2025-12-21,2,Damaged,747.3,Menu Item 098,8,373.65,Restaurant 018,Desserts,2025-12
9422,8,68,2025-11-02,1,Damaged,114.06,Menu Item 068,8,114.06,Restaurant 008,Desserts,2025-11
9423,6,146,2025-06-03,2,Unsold,1485.06,Menu Item 146,6,742.53,Restaurant 006,Pasta,2025-06
9424,3,83,2025-01-17,5,Unsold,1181.75,Menu Item 083,3,236.35,Restaurant 003,Biryani,2025-01
9425,10,30,2025-03-09,1,Spoilage,167.27,Menu Item 030,10,167.27,Restaurant 010,Salads,2025-03
9426,3,103,2025-03-27,1,Spoilage,490.49,Menu Item 103,3,490.49,Restaurant 003,Biryani,2025-03
9427,18,38,2025-02-26,1,Overproduction,376.32,Menu Item 038,8,376.32,Restaurant 018,Desserts,2025-02
9428,5,125,2025-06-16,1,Overproduction,1138.34,Menu Item 125,5,1138.34,Restaurant 005,BBQ,2025-06
9429,7,147,2025-07-19,5,Spoilage,1124.0,Menu Item 147,7,224.8,Restaurant 007,Sandwiches,2025-07
9430,10,30,2025-06-26,1,Preparation Error,167.27,Menu Item 030,10,167.27,Restaurant 010,Salads,2025-06
9431,1,121,2025-09-09,5,Damaged,1876.5,Menu Item 121,1,375.3,Restaurant 001,Burgers,2025-09
9432,9,49,2025-12-24,1,Damaged,254.28,Menu Item 049,9,254.28,Restaurant 009,Beverages,2025-12
9433,16,36,2025-07-23,5,Damaged,2254.5,Menu Item 036,6,450.9,Restaurant 016,Pasta,2025-07
9434,9,69,2025-05-15,3,Damaged,284.4,Menu Item 069,9,94.8,Restaurant 009,Beverages,2025-05
9435,5,5,2025-03-16,1,Overproduction,760.21,Menu Item 005,5,760.21,Restaurant 005,BBQ,2025-03
9436,9,89,2025-10-03,2,Expired,532.72,Menu Item 089,9,266.36,Restaurant 009,Beverages,2025-10
9437,13,13,2025-01-17,3,Overproduction,1167.84,Menu Item 013,3,389.28,Restaurant 013,Biryani,2025-01
9438,13,73,2025-06-02,1,Damaged,231.75,Menu Item 073,3,231.75,Restaurant 013,Biryani,2025-06
9439,4,144,2025-01-07,3,Spoilage,729.75,Menu Item 144,4,243.25,Restaurant 004,Rice,2025-01
9440,1,81,2025-06-01,3,Overproduction,1543.41,Menu Item 081,1,514.47,Restaurant 001,Burgers,2025-06
9441,19,39,2025-06-28,3,Unsold,266.22,Menu Item 039,9,88.74,Restaurant 019,Beverages,2025-06
9442,9,149,2025-10-16,1,Overproduction,239.18,Menu Item 149,9,239.18,Restaurant 009,Beverages,2025-10
9443,8,68,2025-07-02,1,Damaged,114.06,Menu Item 068,8,114.06,Restaurant 008,Desserts,2025-07
9444,1,41,2025-08-17,3,Preparation Error,763.53,Menu Item 041,1,254.51,Restaurant 001,Burgers,2025-08
9445,2,142,2025-05-07,3,Spoilage,2758.05,Menu Item 142,2,919.35,Restaurant 002,Pizza,2025-05
9446,10,30,2025-09-22,3,Expired,501.81,Menu Item 030,10,167.27,Restaurant 010,Salads,2025-09
9447,11,31,2025-09-16,5,Expired,1613.1,Menu Item 031,1,322.62,Restaurant 011,Burgers,2025-09
9448,8,88,2025-05-08,1,Damaged,225.63,Menu Item 088,8,225.63,Restaurant 008,Desserts,2025-05
9449,13,133,2025-05-17,1,Damaged,508.83,Menu Item 133,3,508.83,Restaurant 013,Biryani,2025-05
9450,7,147,2025-06-20,1,Spoilage,224.8,Menu Item 147,7,224.8,Restaurant 007,Sandwiches,2025-06
9451,4,144,2025-08-19,1,Preparation Error,243.25,Menu Item 144,4,243.25,Restaurant 004,Rice,2025-08
9452,6,86,2025-04-18,3,Overproduction,1434.93,Menu Item 086,6,478.31,Restaurant 006,Pasta,2025-04
9453,1,21,2025-08-09,3,Unsold,966.84,Menu Item 021,1,322.28,Restaurant 001,Burgers,2025-08
9454,11,31,2025-10-06,2,Preparation Error,645.24,Menu Item 031,1,322.62,Restaurant 011,Burgers,2025-10
9455,19,119,2025-04-05,3,Damaged,313.92,Menu Item 119,9,104.64,Restaurant 019,Beverages,2025-04
9456,4,84,2025-01-24,2,Spoilage,701.46,Menu Item 084,4,350.73,Restaurant 004,Rice,2025-01
9457,4,84,2025-01-12,2,Overproduction,701.46,Menu Item 084,4,350.73,Restaurant 004,Rice,2025-01
9458,10,150,2025-04-19,2,Expired,754.68,Menu Item 150,10,377.34,Restaurant 010,Salads,2025-04
9459,2,82,2025-05-27,1,Damaged,601.45,Menu Item 082,2,601.45,Restaurant 002,Pizza,2025-05
9460,19,139,2025-05-12,1,Preparation Error,127.54,Menu Item 139,9,127.54,Restaurant 019,Beverages,2025-05
9461,10,10,2025-12-14,10,Unsold,1433.0,Menu Item 010,10,143.3,Restaurant 010,Salads,2025-12
9462,11,71,2025-08-13,8,Overproduction,3719.84,Menu Item 071,1,464.98,Restaurant 011,Burgers,2025-08
9463,14,54,2025-11-27,3,Overproduction,546.54,Menu Item 054,4,182.18,Restaurant 014,Rice,2025-11
9464,5,45,2025-09-03,5,Expired,1949.7,Menu Item 045,5,389.94,Restaurant 005,BBQ,2025-09
9465,1,41,2025-01-05,1,Damaged,254.51,Menu Item 041,1,254.51,Restaurant 001,Burgers,2025-01
9466,1,41,2025-11-16,1,Preparation Error,254.51,Menu Item 041,1,254.51,Restaurant 001,Burgers,2025-11
9467,19,139,2025-05-15,3,Unsold,382.62,Menu Item 139,9,127.54,Restaurant 019,Beverages,2025-05
9468,3,43,2025-09-04,2,Expired,759.4,Menu Item 043,3,379.7,Restaurant 003,Biryani,2025-09
9469,20,80,2025-11-23,1,Expired,111.05,Menu Item 080,10,111.05,Restaurant 020,Salads,2025-11
9470,15,75,2025-07-08,3,Overproduction,1266.0,Menu Item 075,5,422.0,Restaurant 015,BBQ,2025-07
9471,3,63,2025-03-26,2,Unsold,627.88,Menu Item 063,3,313.94,Restaurant 003,Biryani,2025-03
9472,2,2,2025-04-17,5,Unsold,4111.5,Menu Item 002,2,822.3,Restaurant 002,Pizza,2025-04
9473,2,62,2025-06-04,5,Damaged,2548.85,Menu Item 062,2,509.77,Restaurant 002,Pizza,2025-06
9474,4,4,2025-03-11,1,Unsold,151.68,Menu Item 004,4,151.68,Restaurant 004,Rice,2025-03
9475,2,122,2025-12-13,2,Preparation Error,1656.7,Menu Item 122,2,828.35,Restaurant 002,Pizza,2025-12
9476,7,127,2025-09-07,8,Preparation Error,2672.64,Menu Item 127,7,334.08,Restaurant 007,Sandwiches,2025-09
9477,9,9,2025-07-07,3,Preparation Error,421.05,Menu Item 009,9,140.35,Restaurant 009,Beverages,2025-07
9478,10,110,2025-08-05,2,Overproduction,438.54,Menu Item 110,10,219.27,Restaurant 010,Salads,2025-08
9479,19,79,2025-10-14,1,Preparation Error,130.5,Menu Item 079,9,130.5,Restaurant 019,Beverages,2025-10
9480,13,13,2025-05-02,2,Expired,778.56,Menu Item 013,3,389.28,Restaurant 013,Biryani,2025-05
9481,15,75,2025-08-16,1,Overproduction,422.0,Menu Item 075,5,422.0,Restaurant 015,BBQ,2025-08
9482,7,127,2025-10-15,1,Overproduction,334.08,Menu Item 127,7,334.08,Restaurant 007,Sandwiches,2025-10
9483,16,136,2025-02-22,1,Expired,432.37,Menu Item 136,6,432.37,Restaurant 016,Pasta,2025-02
9484,3,63,2025-01-10,3,Expired,941.82,Menu Item 063,3,313.94,Restaurant 003,Biryani,2025-01
9485,12,132,2025-01-07,1,Preparation Error,642.06,Menu Item 132,2,642.06,Restaurant 012,Pizza,2025-01
9486,12,132,2025-03-20,3,Preparation Error,1926.18,Menu Item 132,2,642.06,Restaurant 012,Pizza,2025-03
9487,1,101,2025-11-19,3,Preparation Error,955.53,Menu Item 101,1,318.51,Restaurant 001,Burgers,2025-11
9488,7,47,2025-01-10,2,Spoilage,1063.12,Menu Item 047,7,531.56,Restaurant 007,Sandwiches,2025-01
9489,11,111,2025-08-23,1,Damaged,326.19,Menu Item 111,1,326.19,Restaurant 011,Burgers,2025-08
9490,15,55,2025-05-03,1,Damaged,932.62,Menu Item 055,5,932.62,Restaurant 015,BBQ,2025-05
9491,11,131,2025-06-03,2,Preparation Error,745.46,Menu Item 131,1,372.73,Restaurant 011,Burgers,2025-06
9492,10,10,2025-10-18,5,Preparation Error,716.5,Menu Item 010,10,143.3,Restaurant 010,Salads,2025-10
9493,6,66,2025-09-01,2,Unsold,837.56,Menu Item 066,6,418.78,Restaurant 006,Pasta,2025-09
9494,8,128,2025-10-22,2,Damaged,694.58,Menu Item 128,8,347.29,Restaurant 008,Desserts,2025-10
9495,3,83,2025-10-20,1,Preparation Error,236.35,Menu Item 083,3,236.35,Restaurant 003,Biryani,2025-10
9496,8,68,2025-05-08,3,Preparation Error,342.18,Menu Item 068,8,114.06,Restaurant 008,Desserts,2025-05
9497,7,147,2025-01-24,2,Preparation Error,449.6,Menu Item 147,7,224.8,Restaurant 007,Sandwiches,2025-01
9498,16,136,2025-07-04,1,Expired,432.37,Menu Item 136,6,432.37,Restaurant 016,Pasta,2025-07
9499,13,13,2025-09-10,8,Preparation Error,3114.24,Menu Item 013,3,389.28,Restaurant 013,Biryani,2025-09
9500,12,12,2025-12-19,1,Overproduction,783.1,Menu Item 012,2,783.1,Restaurant 012,Pizza,2025-12
9501,18,38,2025-09-11,2,Overproduction,752.64,Menu Item 038,8,376.32,Restaurant 018,Desserts,2025-09
9502,2,102,2025-08-16,10,Unsold,7741.7,Menu Item 102,2,774.17,Restaurant 002,Pizza,2025-08
9503,5,65,2025-11-23,3,Damaged,1547.22,Menu Item 065,5,515.74,Restaurant 005,BBQ,2025-11
9504,1,101,2025-07-04,5,Spoilage,1592.55,Menu Item 101,1,318.51,Restaurant 001,Burgers,2025-07
9505,10,90,2025-03-06,10,Unsold,1909.6,Menu Item 090,10,190.96,Restaurant 010,Salads,2025-03
9506,2,22,2025-01-17,8,Spoilage,2587.76,Menu Item 022,2,323.47,Restaurant 002,Pizza,2025-01
9507,5,145,2025-01-05,8,Spoilage,3439.04,Menu Item 145,5,429.88,Restaurant 005,BBQ,2025-01
9508,1,81,2025-04-21,1,Unsold,514.47,Menu Item 081,1,514.47,Restaurant 001,Burgers,2025-04
9509,12,52,2025-09-15,3,Damaged,1390.8,Menu Item 052,2,463.6,Restaurant 012,Pizza,2025-09
9510,4,4,2025-07-26,1,Preparation Error,151.68,Menu Item 004,4,151.68,Restaurant 004,Rice,2025-07
9511,19,59,2025-06-07,1,Expired,189.87,Menu Item 059,9,189.87,Restaurant 019,Beverages,2025-06
9512,14,134,2025-02-11,1,Overproduction,288.34,Menu Item 134,4,288.34,Restaurant 014,Rice,2025-02
9513,16,136,2025-08-10,2,Unsold,864.74,Menu Item 136,6,432.37,Restaurant 016,Pasta,2025-08
9514,3,83,2025-03-23,8,Spoilage,1890.8,Menu Item 083,3,236.35,Restaurant 003,Biryani,2025-03
9515,11,71,2025-05-05,1,Overproduction,464.98,Menu Item 071,1,464.98,Restaurant 011,Burgers,2025-05
9516,9,69,2025-04-20,1,Spoilage,94.8,Menu Item 069,9,94.8,Restaurant 009,Beverages,2025-04
9517,5,5,2025-06-04,1,Expired,760.21,Menu Item 005,5,760.21,Restaurant 005,BBQ,2025-06
9518,5,25,2025-03-05,3,Unsold,3083.13,Menu Item 025,5,1027.71,Restaurant 005,BBQ,2025-03
9519,8,148,2025-08-28,1,Unsold,337.64,Menu Item 148,8,337.64,Restaurant 008,Desserts,2025-08
9520,16,76,2025-10-16,1,Damaged,415.31,Menu Item 076,6,415.31,Restaurant 016,Pasta,2025-10
9521,4,24,2025-08-21,3,Preparation Error,1495.11,Menu Item 024,4,498.37,Restaurant 004,Rice,2025-08
9522,20,140,2025-01-10,1,Overproduction,178.4,Menu Item 140,10,178.4,Restaurant 020,Salads,2025-01
9523,19,79,2025-05-05,3,Preparation Error,391.5,Menu Item 079,9,130.5,Restaurant 019,Beverages,2025-05
9524,15,75,2025-03-19,3,Preparation Error,1266.0,Menu Item 075,5,422.0,Restaurant 015,BBQ,2025-03
9525,8,108,2025-06-15,1,Spoilage,415.08,Menu Item 108,8,415.08,Restaurant 008,Desserts,2025-06
9526,14,14,2025-07-01,1,Damaged,231.23,Menu Item 014,4,231.23,Restaurant 014,Rice,2025-07
9527,2,122,2025-03-05,1,Preparation Error,828.35,Menu Item 122,2,828.35,Restaurant 002,Pizza,2025-03
9528,18,78,2025-04-02,2,Preparation Error,512.22,Menu Item 078,8,256.11,Restaurant 018,Desserts,2025-04
9529,10,90,2025-01-21,1,Preparation Error,190.96,Menu Item 090,10,190.96,Restaurant 010,Salads,2025-01
9530,7,127,2025-03-01,1,Expired,334.08,Menu Item 127,7,334.08,Restaurant 007,Sandwiches,2025-03
9531,18,38,2025-09-20,5,Spoilage,1881.6,Menu Item 038,8,376.32,Restaurant 018,Desserts,2025-09
9532,16,96,2025-11-06,2,Damaged,810.44,Menu Item 096,6,405.22,Restaurant 016,Pasta,2025-11
9533,18,78,2025-11-06,1,Expired,256.11,Menu Item 078,8,256.11,Restaurant 018,Desserts,2025-11
9534,14,114,2025-07-23,2,Unsold,1089.78,Menu Item 114,4,544.89,Restaurant 014,Rice,2025-07
9535,12,92,2025-11-11,2,Expired,928.74,Menu Item 092,2,464.37,Restaurant 012,Pizza,2025-11
9536,10,130,2025-09-01,2,Preparation Error,584.28,Menu Item 130,10,292.14,Restaurant 010,Salads,2025-09
9537,8,8,2025-02-09,2,Spoilage,615.44,Menu Item 008,8,307.72,Restaurant 008,Desserts,2025-02
9538,11,51,2025-07-12,3,Preparation Error,1088.43,Menu Item 051,1,362.81,Restaurant 011,Burgers,2025-07
9539,4,44,2025-09-15,1,Damaged,440.72,Menu Item 044,4,440.72,Restaurant 004,Rice,2025-09
9540,12,52,2025-10-13,1,Unsold,463.6,Menu Item 052,2,463.6,Restaurant 012,Pizza,2025-10
9541,8,128,2025-06-18,1,Unsold,347.29,Menu Item 128,8,347.29,Restaurant 008,Desserts,2025-06
9542,15,135,2025-02-22,1,Unsold,300.49,Menu Item 135,5,300.49,Restaurant 015,BBQ,2025-02
9543,15,75,2025-01-13,1,Preparation Error,422.0,Menu Item 075,5,422.0,Restaurant 015,BBQ,2025-01
9544,11,91,2025-08-15,8,Damaged,2966.32,Menu Item 091,1,370.79,Restaurant 011,Burgers,2025-08
9545,6,86,2025-03-03,1,Expired,478.31,Menu Item 086,6,478.31,Restaurant 006,Pasta,2025-03
9546,1,141,2025-07-08,2,Expired,504.22,Menu Item 141,1,252.11,Restaurant 001,Burgers,2025-07
9547,10,50,2025-07-15,1,Spoilage,158.1,Menu Item 050,10,158.1,Restaurant 010,Salads,2025-07
9548,8,28,2025-03-02,5,Overproduction,1890.8,Menu Item 028,8,378.16,Restaurant 008,Desserts,2025-03
9549,5,85,2025-04-16,1,Spoilage,355.11,Menu Item 085,5,355.11,Restaurant 005,BBQ,2025-04
9550,2,142,2025-06-19,3,Expired,2758.05,Menu Item 142,2,919.35,Restaurant 002,Pizza,2025-06
9551,20,20,2025-08-19,1,Damaged,288.51,Menu Item 020,10,288.51,Restaurant 020,Salads,2025-08
9552,6,146,2025-12-04,1,Spoilage,742.53,Menu Item 146,6,742.53,Restaurant 006,Pasta,2025-12
9553,11,71,2025-03-07,3,Preparation Error,1394.94,Menu Item 071,1,464.98,Restaurant 011,Burgers,2025-03
9554,1,81,2025-04-25,2,Unsold,1028.94,Menu Item 081,1,514.47,Restaurant 001,Burgers,2025-04
9555,10,50,2025-08-08,2,Spoilage,316.2,Menu Item 050,10,158.1,Restaurant 010,Salads,2025-08
9556,15,95,2025-09-28,5,Expired,3409.4,Menu Item 095,5,681.88,Restaurant 015,BBQ,2025-09
9557,8,8,2025-09-02,3,Overproduction,923.16,Menu Item 008,8,307.72,Restaurant 008,Desserts,2025-09
9558,2,62,2025-01-11,2,Preparation Error,1019.54,Menu Item 062,2,509.77,Restaurant 002,Pizza,2025-01
9559,19,79,2025-06-04,2,Overproduction,261.0,Menu Item 079,9,130.5,Restaurant 019,Beverages,2025-06
9560,1,61,2025-02-24,1,Preparation Error,495.71,Menu Item 061,1,495.71,Restaurant 001,Burgers,2025-02
9561,15,135,2025-04-10,2,Spoilage,600.98,Menu Item 135,5,300.49,Restaurant 015,BBQ,2025-04
9562,6,6,2025-02-12,1,Damaged,302.15,Menu Item 006,6,302.15,Restaurant 006,Pasta,2025-02
9563,19,119,2025-09-07,2,Unsold,209.28,Menu Item 119,9,104.64,Restaurant 019,Beverages,2025-09
9564,5,45,2025-08-08,1,Overproduction,389.94,Menu Item 045,5,389.94,Restaurant 005,BBQ,2025-08
9565,2,62,2025-03-24,1,Preparation Error,509.77,Menu Item 062,2,509.77,Restaurant 002,Pizza,2025-03
9566,9,149,2025-04-07,3,Expired,717.54,Menu Item 149,9,239.18,Restaurant 009,Beverages,2025-04
9567,2,22,2025-10-07,5,Overproduction,1617.35,Menu Item 022,2,323.47,Restaurant 002,Pizza,2025-10
9568,10,50,2025-10-21,2,Overproduction,316.2,Menu Item 050,10,158.1,Restaurant 010,Salads,2025-10
9569,5,65,2025-10-25,10,Unsold,5157.4,Menu Item 065,5,515.74,Restaurant 005,BBQ,2025-10
9570,10,90,2025-07-28,1,Preparation Error,190.96,Menu Item 090,10,190.96,Restaurant 010,Salads,2025-07
9571,10,30,2025-02-04,2,Expired,334.54,Menu Item 030,10,167.27,Restaurant 010,Salads,2025-02
9572,9,149,2025-09-16,2,Overproduction,478.36,Menu Item 149,9,239.18,Restaurant 009,Beverages,2025-09
9573,13,113,2025-03-28,1,Unsold,230.81,Menu Item 113,3,230.81,Restaurant 013,Biryani,2025-03
9574,17,17,2025-04-03,2,Expired,584.68,Menu Item 017,7,292.34,Restaurant 017,Sandwiches,2025-04
9575,1,141,2025-02-10,1,Unsold,252.11,Menu Item 141,1,252.11,Restaurant 001,Burgers,2025-02
9576,2,2,2025-12-26,1,Expired,822.3,Menu Item 002,2,822.3,Restaurant 002,Pizza,2025-12
9577,9,129,2025-06-24,5,Overproduction,501.0,Menu Item 129,9,100.2,Restaurant 009,Beverages,2025-06
9578,7,107,2025-02-07,2,Expired,945.16,Menu Item 107,7,472.58,Restaurant 007,Sandwiches,2025-02
9579,8,68,2025-08-09,2,Expired,228.12,Menu Item 068,8,114.06,Restaurant 008,Desserts,2025-08
9580,3,3,2025-05-28,3,Damaged,677.88,Menu Item 003,3,225.96,Restaurant 003,Biryani,2025-05
9581,5,145,2025-03-28,1,Damaged,429.88,Menu Item 145,5,429.88,Restaurant 005,BBQ,2025-03
9582,3,23,2025-12-18,2,Unsold,540.46,Menu Item 023,3,270.23,Restaurant 003,Biryani,2025-12
9583,9,9,2025-04-09,3,Spoilage,421.05,Menu Item 009,9,140.35,Restaurant 009,Beverages,2025-04
9584,2,2,2025-09-28,1,Expired,822.3,Menu Item 002,2,822.3,Restaurant 002,Pizza,2025-09
9585,10,130,2025-09-23,1,Unsold,292.14,Menu Item 130,10,292.14,Restaurant 010,Salads,2025-09
9586,10,90,2025-08-09,1,Spoilage,190.96,Menu Item 090,10,190.96,Restaurant 010,Salads,2025-08
9587,18,78,2025-12-12,10,Damaged,2561.1,Menu Item 078,8,256.11,Restaurant 018,Desserts,2025-12
9588,14,14,2025-03-13,2,Unsold,462.46,Menu Item 014,4,231.23,Restaurant 014,Rice,2025-03
9589,1,41,2025-05-04,5,Expired,1272.55,Menu Item 041,1,254.51,Restaurant 001,Burgers,2025-05
9590,13,133,2025-01-01,2,Expired,1017.66,Menu Item 133,3,508.83,Restaurant 013,Biryani,2025-01
9591,1,1,2025-08-21,3,Spoilage,1284.36,Menu Item 001,1,428.12,Restaurant 001,Burgers,2025-08
9592,13,93,2025-04-15,3,Preparation Error,1660.83,Menu Item 093,3,553.61,Restaurant 013,Biryani,2025-04
9593,18,138,2025-10-10,8,Unsold,1236.8,Menu Item 138,8,154.6,Restaurant 018,Desserts,2025-10
9594,14,94,2025-11-07,2,Damaged,549.82,Menu Item 094,4,274.91,Restaurant 014,Rice,2025-11
9595,14,94,2025-12-04,2,Expired,549.82,Menu Item 094,4,274.91,Restaurant 014,Rice,2025-12
9596,8,128,2025-06-18,2,Spoilage,694.58,Menu Item 128,8,347.29,Restaurant 008,Desserts,2025-06
9597,5,65,2025-06-06,2,Unsold,1031.48,Menu Item 065,5,515.74,Restaurant 005,BBQ,2025-06
9598,16,96,2025-09-07,1,Damaged,405.22,Menu Item 096,6,405.22,Restaurant 016,Pasta,2025-09
9599,8,88,2025-06-27,2,Expired,451.26,Menu Item 088,8,225.63,Restaurant 008,Desserts,2025-06
9600,15,135,2025-06-06,2,Unsold,600.98,Menu Item 135,5,300.49,Restaurant 015,BBQ,2025-06
9601,13,113,2025-03-03,2,Spoilage,461.62,Menu Item 113,3,230.81,Restaurant 013,Biryani,2025-03
9602,16,136,2025-12-08,2,Preparation Error,864.74,Menu Item 136,6,432.37,Restaurant 016,Pasta,2025-12
9603,3,3,2025-12-14,2,Preparation Error,451.92,Menu Item 003,3,225.96,Restaurant 003,Biryani,2025-12
9604,15,115,2025-10-02,1,Spoilage,803.9,Menu Item 115,5,803.9,Restaurant 015,BBQ,2025-10
9605,17,57,2025-10-26,5,Damaged,1572.6,Menu Item 057,7,314.52,Restaurant 017,Sandwiches,2025-10
9606,19,119,2025-03-13,2,Damaged,209.28,Menu Item 119,9,104.64,Restaurant 019,Beverages,2025-03
9607,8,28,2025-07-20,2,Expired,756.32,Menu Item 028,8,378.16,Restaurant 008,Desserts,2025-07
9608,7,7,2025-10-24,1,Unsold,477.57,Menu Item 007,7,477.57,Restaurant 007,Sandwiches,2025-10
9609,17,117,2025-11-07,3,Unsold,1289.19,Menu Item 117,7,429.73,Restaurant 017,Sandwiches,2025-11
9610,14,14,2025-04-27,3,Preparation Error,693.69,Menu Item 014,4,231.23,Restaurant 014,Rice,2025-04
9611,17,137,2025-10-09,2,Unsold,707.48,Menu Item 137,7,353.74,Restaurant 017,Sandwiches,2025-10
9612,15,55,2025-03-20,5,Unsold,4663.1,Menu Item 055,5,932.62,Restaurant 015,BBQ,2025-03
9613,6,146,2025-05-22,2,Damaged,1485.06,Menu Item 146,6,742.53,Restaurant 006,Pasta,2025-05
9614,8,88,2025-09-27,1,Unsold,225.63,Menu Item 088,8,225.63,Restaurant 008,Desserts,2025-09
9615,9,29,2025-02-09,2,Spoilage,137.24,Menu Item 029,9,68.62,Restaurant 009,Beverages,2025-02
9616,2,2,2025-07-12,1,Unsold,822.3,Menu Item 002,2,822.3,Restaurant 002,Pizza,2025-07
9617,7,107,2025-03-12,1,Spoilage,472.58,Menu Item 107,7,472.58,Restaurant 007,Sandwiches,2025-03
9618,15,35,2025-11-24,1,Expired,437.06,Menu Item 035,5,437.06,Restaurant 015,BBQ,2025-11
9619,13,113,2025-11-17,1,Expired,230.81,Menu Item 113,3,230.81,Restaurant 013,Biryani,2025-11
9620,2,22,2025-02-01,2,Spoilage,646.94,Menu Item 022,2,323.47,Restaurant 002,Pizza,2025-02
9621,2,2,2025-06-16,1,Unsold,822.3,Menu Item 002,2,822.3,Restaurant 002,Pizza,2025-06
9622,20,60,2025-05-09,5,Overproduction,1655.8,Menu Item 060,10,331.16,Restaurant 020,Salads,2025-05
9623,10,150,2025-02-11,2,Expired,754.68,Menu Item 150,10,377.34,Restaurant 010,Salads,2025-02
9624,5,125,2025-12-06,1,Damaged,1138.34,Menu Item 125,5,1138.34,Restaurant 005,BBQ,2025-12
9625,14,134,2025-11-25,1,Spoilage,288.34,Menu Item 134,4,288.34,Restaurant 014,Rice,2025-11
9626,10,130,2025-04-28,2,Unsold,584.28,Menu Item 130,10,292.14,Restaurant 010,Salads,2025-04
9627,9,49,2025-06-02,2,Preparation Error,508.56,Menu Item 049,9,254.28,Restaurant 009,Beverages,2025-06
9628,8,48,2025-08-06,2,Damaged,389.84,Menu Item 048,8,194.92,Restaurant 008,Desserts,2025-08
9629,18,138,2025-10-10,1,Overproduction,154.6,Menu Item 138,8,154.6,Restaurant 018,Desserts,2025-10
9630,3,143,2025-04-15,1,Overproduction,355.0,Menu Item 143,3,355.0,Restaurant 003,Biryani,2025-04
9631,17,57,2025-03-27,1,Spoilage,314.52,Menu Item 057,7,314.52,Restaurant 017,Sandwiches,2025-03
9632,20,100,2025-09-27,3,Unsold,1460.1,Menu Item 100,10,486.7,Restaurant 020,Salads,2025-09
9633,6,106,2025-01-07,1,Preparation Error,277.13,Menu Item 106,6,277.13,Restaurant 006,Pasta,2025-01
9634,7,47,2025-06-06,1,Expired,531.56,Menu Item 047,7,531.56,Restaurant 007,Sandwiches,2025-06
9635,2,102,2025-06-18,2,Preparation Error,1548.34,Menu Item 102,2,774.17,Restaurant 002,Pizza,2025-06
9636,2,2,2025-11-24,3,Overproduction,2466.9,Menu Item 002,2,822.3,Restaurant 002,Pizza,2025-11
9637,3,43,2025-03-18,1,Damaged,379.7,Menu Item 043,3,379.7,Restaurant 003,Biryani,2025-03
9638,17,57,2025-01-01,2,Unsold,629.04,Menu Item 057,7,314.52,Restaurant 017,Sandwiches,2025-01
9639,8,88,2025-05-27,2,Unsold,451.26,Menu Item 088,8,225.63,Restaurant 008,Desserts,2025-05
9640,18,118,2025-08-10,1,Overproduction,309.0,Menu Item 118,8,309.0,Restaurant 018,Desserts,2025-08
9641,3,43,2025-08-01,2,Damaged,759.4,Menu Item 043,3,379.7,Restaurant 003,Biryani,2025-08
9642,16,76,2025-01-22,5,Preparation Error,2076.55,Menu Item 076,6,415.31,Restaurant 016,Pasta,2025-01
9643,14,134,2025-02-23,8,Damaged,2306.72,Menu Item 134,4,288.34,Restaurant 014,Rice,2025-02
9644,2,2,2025-10-16,3,Spoilage,2466.9,Menu Item 002,2,822.3,Restaurant 002,Pizza,2025-10
9645,6,106,2025-03-09,3,Overproduction,831.39,Menu Item 106,6,277.13,Restaurant 006,Pasta,2025-03
9646,3,43,2025-09-13,3,Unsold,1139.1,Menu Item 043,3,379.7,Restaurant 003,Biryani,2025-09
9647,18,78,2025-09-03,1,Preparation Error,256.11,Menu Item 078,8,256.11,Restaurant 018,Desserts,2025-09
9648,7,27,2025-02-09,8,Unsold,2701.68,Menu Item 027,7,337.71,Restaurant 007,Sandwiches,2025-02
9649,2,142,2025-05-08,2,Damaged,1838.7,Menu Item 142,2,919.35,Restaurant 002,Pizza,2025-05
9650,9,29,2025-08-05,1,Unsold,68.62,Menu Item 029,9,68.62,Restaurant 009,Beverages,2025-08
9651,11,91,2025-08-03,1,Damaged,370.79,Menu Item 091,1,370.79,Restaurant 011,Burgers,2025-08
9652,3,83,2025-01-20,5,Unsold,1181.75,Menu Item 083,3,236.35,Restaurant 003,Biryani,2025-01
9653,19,99,2025-02-22,2,Unsold,223.48,Menu Item 099,9,111.74,Restaurant 019,Beverages,2025-02
9654,11,51,2025-10-09,1,Unsold,362.81,Menu Item 051,1,362.81,Restaurant 011,Burgers,2025-10
9655,17,117,2025-07-05,1,Unsold,429.73,Menu Item 117,7,429.73,Restaurant 017,Sandwiches,2025-07
9656,14,114,2025-03-11,3,Overproduction,1634.67,Menu Item 114,4,544.89,Restaurant 014,Rice,2025-03
9657,3,103,2025-06-09,3,Expired,1471.47,Menu Item 103,3,490.49,Restaurant 003,Biryani,2025-06
9658,1,1,2025-07-05,2,Unsold,856.24,Menu Item 001,1,428.12,Restaurant 001,Burgers,2025-07
9659,10,130,2025-02-21,10,Preparation Error,2921.4,Menu Item 130,10,292.14,Restaurant 010,Salads,2025-02
9660,13,133,2025-07-11,10,Damaged,5088.3,Menu Item 133,3,508.83,Restaurant 013,Biryani,2025-07
9661,12,32,2025-06-14,1,Overproduction,738.3,Menu Item 032,2,738.3,Restaurant 012,Pizza,2025-06
9662,2,102,2025-08-24,2,Expired,1548.34,Menu Item 102,2,774.17,Restaurant 002,Pizza,2025-08
9663,7,67,2025-07-24,5,Unsold,3177.8,Menu Item 067,7,635.56,Restaurant 007,Sandwiches,2025-07
9664,12,52,2025-02-08,3,Expired,1390.8,Menu Item 052,2,463.6,Restaurant 012,Pizza,2025-02
9665,1,121,2025-02-27,8,Spoilage,3002.4,Menu Item 121,1,375.3,Restaurant 001,Burgers,2025-02
9666,5,145,2025-01-24,1,Unsold,429.88,Menu Item 145,5,429.88,Restaurant 005,BBQ,2025-01
9667,17,117,2025-09-20,1,Spoilage,429.73,Menu Item 117,7,429.73,Restaurant 017,Sandwiches,2025-09
9668,6,66,2025-11-21,2,Expired,837.56,Menu Item 066,6,418.78,Restaurant 006,Pasta,2025-11
9669,18,78,2025-01-12,2,Unsold,512.22,Menu Item 078,8,256.11,Restaurant 018,Desserts,2025-01
9670,10,130,2025-08-04,1,Preparation Error,292.14,Menu Item 130,10,292.14,Restaurant 010,Salads,2025-08
9671,4,124,2025-09-06,2,Expired,299.14,Menu Item 124,4,149.57,Restaurant 004,Rice,2025-09
9672,18,118,2025-03-22,5,Preparation Error,1545.0,Menu Item 118,8,309.0,Restaurant 018,Desserts,2025-03
9673,12,132,2025-09-01,1,Preparation Error,642.06,Menu Item 132,2,642.06,Restaurant 012,Pizza,2025-09
9674,6,126,2025-06-09,1,Spoilage,670.63,Menu Item 126,6,670.63,Restaurant 006,Pasta,2025-06
9675,10,50,2025-02-01,3,Unsold,474.3,Menu Item 050,10,158.1,Restaurant 010,Salads,2025-02
9676,18,38,2025-05-26,8,Unsold,3010.56,Menu Item 038,8,376.32,Restaurant 018,Desserts,2025-05
9677,20,120,2025-10-24,1,Spoilage,227.83,Menu Item 120,10,227.83,Restaurant 020,Salads,2025-10
9678,9,29,2025-06-27,2,Unsold,137.24,Menu Item 029,9,68.62,Restaurant 009,Beverages,2025-06
9679,18,18,2025-04-17,2,Spoilage,668.78,Menu Item 018,8,334.39,Restaurant 018,Desserts,2025-04
9680,10,10,2025-11-04,8,Expired,1146.4,Menu Item 010,10,143.3,Restaurant 010,Salads,2025-11
9681,12,112,2025-10-11,1,Spoilage,861.28,Menu Item 112,2,861.28,Restaurant 012,Pizza,2025-10
9682,11,111,2025-02-27,8,Expired,2609.52,Menu Item 111,1,326.19,Restaurant 011,Burgers,2025-02
9683,5,65,2025-11-10,2,Overproduction,1031.48,Menu Item 065,5,515.74,Restaurant 005,BBQ,2025-11
9684,9,129,2025-10-28,1,Unsold,100.2,Menu Item 129,9,100.2,Restaurant 009,Beverages,2025-10
9685,7,47,2025-09-17,8,Preparation Error,4252.48,Menu Item 047,7,531.56,Restaurant 007,Sandwiches,2025-09
9686,8,88,2025-11-26,5,Preparation Error,1128.15,Menu Item 088,8,225.63,Restaurant 008,Desserts,2025-11
9687,3,23,2025-01-23,2,Preparation Error,540.46,Menu Item 023,3,270.23,Restaurant 003,Biryani,2025-01
9688,2,42,2025-02-03,5,Damaged,2338.55,Menu Item 042,2,467.71,Restaurant 002,Pizza,2025-02
9689,19,39,2025-03-01,3,Damaged,266.22,Menu Item 039,9,88.74,Restaurant 019,Beverages,2025-03
9690,11,91,2025-07-02,1,Unsold,370.79,Menu Item 091,1,370.79,Restaurant 011,Burgers,2025-07
9691,17,77,2025-06-02,1,Expired,598.63,Menu Item 077,7,598.63,Restaurant 017,Sandwiches,2025-06
9692,5,125,2025-04-12,3,Overproduction,3415.02,Menu Item 125,5,1138.34,Restaurant 005,BBQ,2025-04
9693,5,85,2025-07-26,5,Damaged,1775.55,Menu Item 085,5,355.11,Restaurant 005,BBQ,2025-07
9694,5,85,2025-10-14,1,Damaged,355.11,Menu Item 085,5,355.11,Restaurant 005,BBQ,2025-10
9695,12,12,2025-10-20,1,Expired,783.1,Menu Item 012,2,783.1,Restaurant 012,Pizza,2025-10
9696,7,127,2025-09-22,1,Preparation Error,334.08,Menu Item 127,7,334.08,Restaurant 007,Sandwiches,2025-09
9697,15,75,2025-03-03,1,Spoilage,422.0,Menu Item 075,5,422.0,Restaurant 015,BBQ,2025-03
9698,1,141,2025-04-12,1,Damaged,252.11,Menu Item 141,1,252.11,Restaurant 001,Burgers,2025-04
9699,19,99,2025-04-23,2,Preparation Error,223.48,Menu Item 099,9,111.74,Restaurant 019,Beverages,2025-04
9700,8,8,2025-01-19,2,Overproduction,615.44,Menu Item 008,8,307.72,Restaurant 008,Desserts,2025-01
9701,11,71,2025-01-27,3,Overproduction,1394.94,Menu Item 071,1,464.98,Restaurant 011,Burgers,2025-01
9702,13,133,2025-08-06,2,Preparation Error,1017.66,Menu Item 133,3,508.83,Restaurant 013,Biryani,2025-08
9703,13,33,2025-05-18,1,Damaged,351.5,Menu Item 033,3,351.5,Restaurant 013,Biryani,2025-05
9704,11,111,2025-10-20,1,Unsold,326.19,Menu Item 111,1,326.19,Restaurant 011,Burgers,2025-10
9705,6,26,2025-11-27,1,Preparation Error,606.56,Menu Item 026,6,606.56,Restaurant 006,Pasta,2025-11
9706,9,149,2025-10-08,5,Expired,1195.9,Menu Item 149,9,239.18,Restaurant 009,Beverages,2025-10
9707,3,63,2025-05-20,2,Damaged,627.88,Menu Item 063,3,313.94,Restaurant 003,Biryani,2025-05
9708,15,15,2025-10-27,1,Preparation Error,496.97,Menu Item 015,5,496.97,Restaurant 015,BBQ,2025-10
9709,3,3,2025-04-15,1,Overproduction,225.96,Menu Item 003,3,225.96,Restaurant 003,Biryani,2025-04
9710,9,49,2025-07-15,2,Spoilage,508.56,Menu Item 049,9,254.28,Restaurant 009,Beverages,2025-07
9711,10,90,2025-03-10,2,Expired,381.92,Menu Item 090,10,190.96,Restaurant 010,Salads,2025-03
9712,10,90,2025-12-06,1,Overproduction,190.96,Menu Item 090,10,190.96,Restaurant 010,Salads,2025-12
9713,9,129,2025-04-14,1,Expired,100.2,Menu Item 129,9,100.2,Restaurant 009,Beverages,2025-04
9714,16,96,2025-03-22,1,Preparation Error,405.22,Menu Item 096,6,405.22,Restaurant 016,Pasta,2025-03
9715,15,135,2025-03-03,5,Damaged,1502.45,Menu Item 135,5,300.49,Restaurant 015,BBQ,2025-03
9716,6,66,2025-08-20,1,Unsold,418.78,Menu Item 066,6,418.78,Restaurant 006,Pasta,2025-08
9717,16,36,2025-11-07,1,Overproduction,450.9,Menu Item 036,6,450.9,Restaurant 016,Pasta,2025-11
9718,10,110,2025-05-13,2,Preparation Error,438.54,Menu Item 110,10,219.27,Restaurant 010,Salads,2025-05
9719,14,54,2025-01-04,3,Expired,546.54,Menu Item 054,4,182.18,Restaurant 014,Rice,2025-01
9720,16,76,2025-04-20,5,Unsold,2076.55,Menu Item 076,6,415.31,Restaurant 016,Pasta,2025-04
9721,9,9,2025-07-28,2,Spoilage,280.7,Menu Item 009,9,140.35,Restaurant 009,Beverages,2025-07
9722,9,49,2025-07-25,1,Expired,254.28,Menu Item 049,9,254.28,Restaurant 009,Beverages,2025-07
9723,14,134,2025-12-22,3,Overproduction,865.02,Menu Item 134,4,288.34,Restaurant 014,Rice,2025-12
9724,8,128,2025-05-06,1,Unsold,347.29,Menu Item 128,8,347.29,Restaurant 008,Desserts,2025-05
9725,8,128,2025-07-14,3,Unsold,1041.87,Menu Item 128,8,347.29,Restaurant 008,Desserts,2025-07
9726,8,128,2025-02-14,2,Preparation Error,694.58,Menu Item 128,8,347.29,Restaurant 008,Desserts,2025-02
9727,6,146,2025-11-14,3,Preparation Error,2227.59,Menu Item 146,6,742.53,Restaurant 006,Pasta,2025-11
9728,5,65,2025-06-28,2,Overproduction,1031.48,Menu Item 065,5,515.74,Restaurant 005,BBQ,2025-06
9729,15,55,2025-03-08,2,Spoilage,1865.24,Menu Item 055,5,932.62,Restaurant 015,BBQ,2025-03
9730,2,142,2025-07-09,1,Overproduction,919.35,Menu Item 142,2,919.35,Restaurant 002,Pizza,2025-07
9731,20,60,2025-07-09,8,Spoilage,2649.28,Menu Item 060,10,331.16,Restaurant 020,Salads,2025-07
9732,19,119,2025-11-03,2,Preparation Error,209.28,Menu Item 119,9,104.64,Restaurant 019,Beverages,2025-11
9733,7,87,2025-04-05,8,Unsold,4247.84,Menu Item 087,7,530.98,Restaurant 007,Sandwiches,2025-04
9734,2,42,2025-12-19,2,Preparation Error,935.42,Menu Item 042,2,467.71,Restaurant 002,Pizza,2025-12
9735,14,34,2025-09-27,8,Overproduction,3714.56,Menu Item 034,4,464.32,Restaurant 014,Rice,2025-09
9736,17,77,2025-04-23,2,Unsold,1197.26,Menu Item 077,7,598.63,Restaurant 017,Sandwiches,2025-04
9737,12,112,2025-06-11,1,Damaged,861.28,Menu Item 112,2,861.28,Restaurant 012,Pizza,2025-06
9738,12,32,2025-03-06,1,Spoilage,738.3,Menu Item 032,2,738.3,Restaurant 012,Pizza,2025-03
9739,7,67,2025-11-03,3,Overproduction,1906.68,Menu Item 067,7,635.56,Restaurant 007,Sandwiches,2025-11
9740,7,67,2025-03-05,1,Overproduction,635.56,Menu Item 067,7,635.56,Restaurant 007,Sandwiches,2025-03
9741,12,92,2025-11-04,2,Expired,928.74,Menu Item 092,2,464.37,Restaurant 012,Pizza,2025-11
9742,15,115,2025-08-11,2,Damaged,1607.8,Menu Item 115,5,803.9,Restaurant 015,BBQ,2025-08
9743,6,66,2025-03-05,2,Spoilage,837.56,Menu Item 066,6,418.78,Restaurant 006,Pasta,2025-03
9744,16,116,2025-05-19,2,Preparation Error,1026.56,Menu Item 116,6,513.28,Restaurant 016,Pasta,2025-05
9745,14,94,2025-09-26,2,Preparation Error,549.82,Menu Item 094,4,274.91,Restaurant 014,Rice,2025-09
9746,15,15,2025-05-17,2,Preparation Error,993.94,Menu Item 015,5,496.97,Restaurant 015,BBQ,2025-05
9747,6,6,2025-09-16,1,Damaged,302.15,Menu Item 006,6,302.15,Restaurant 006,Pasta,2025-09
9748,9,9,2025-04-12,5,Unsold,701.75,Menu Item 009,9,140.35,Restaurant 009,Beverages,2025-04
9749,7,27,2025-06-07,3,Overproduction,1013.13,Menu Item 027,7,337.71,Restaurant 007,Sandwiches,2025-06
9750,12,92,2025-12-06,1,Damaged,464.37,Menu Item 092,2,464.37,Restaurant 012,Pizza,2025-12
9751,20,40,2025-09-17,1,Preparation Error,276.24,Menu Item 040,10,276.24,Restaurant 020,Salads,2025-09
9752,2,2,2025-04-18,2,Damaged,1644.6,Menu Item 002,2,822.3,Restaurant 002,Pizza,2025-04
9753,3,123,2025-04-28,3,Expired,1096.62,Menu Item 123,3,365.54,Restaurant 003,Biryani,2025-04
9754,7,27,2025-03-20,8,Expired,2701.68,Menu Item 027,7,337.71,Restaurant 007,Sandwiches,2025-03
9755,6,66,2025-01-26,8,Expired,3350.24,Menu Item 066,6,418.78,Restaurant 006,Pasta,2025-01
9756,8,68,2025-09-03,5,Unsold,570.3,Menu Item 068,8,114.06,Restaurant 008,Desserts,2025-09
9757,20,140,2025-08-01,1,Spoilage,178.4,Menu Item 140,10,178.4,Restaurant 020,Salads,2025-08
9758,17,17,2025-09-06,2,Overproduction,584.68,Menu Item 017,7,292.34,Restaurant 017,Sandwiches,2025-09
9759,3,143,2025-04-08,1,Preparation Error,355.0,Menu Item 143,3,355.0,Restaurant 003,Biryani,2025-04
9760,15,75,2025-07-05,2,Preparation Error,844.0,Menu Item 075,5,422.0,Restaurant 015,BBQ,2025-07
9761,16,76,2025-09-17,3,Unsold,1245.93,Menu Item 076,6,415.31,Restaurant 016,Pasta,2025-09
9762,2,142,2025-11-01,2,Overproduction,1838.7,Menu Item 142,2,919.35,Restaurant 002,Pizza,2025-11
9763,17,17,2025-03-18,2,Overproduction,584.68,Menu Item 017,7,292.34,Restaurant 017,Sandwiches,2025-03
9764,4,64,2025-11-25,3,Preparation Error,769.38,Menu Item 064,4,256.46,Restaurant 004,Rice,2025-11
9765,1,81,2025-11-09,2,Spoilage,1028.94,Menu Item 081,1,514.47,Restaurant 001,Burgers,2025-11
9766,2,2,2025-08-20,1,Spoilage,822.3,Menu Item 002,2,822.3,Restaurant 002,Pizza,2025-08
9767,8,108,2025-07-07,2,Overproduction,830.16,Menu Item 108,8,415.08,Restaurant 008,Desserts,2025-07
9768,10,10,2025-11-12,1,Expired,143.3,Menu Item 010,10,143.3,Restaurant 010,Salads,2025-11
9769,6,66,2025-12-11,1,Unsold,418.78,Menu Item 066,6,418.78,Restaurant 006,Pasta,2025-12
9770,3,3,2025-12-17,1,Overproduction,225.96,Menu Item 003,3,225.96,Restaurant 003,Biryani,2025-12
9771,12,92,2025-09-25,1,Spoilage,464.37,Menu Item 092,2,464.37,Restaurant 012,Pizza,2025-09
9772,7,87,2025-02-13,2,Preparation Error,1061.96,Menu Item 087,7,530.98,Restaurant 007,Sandwiches,2025-02
9773,5,65,2025-09-13,3,Spoilage,1547.22,Menu Item 065,5,515.74,Restaurant 005,BBQ,2025-09
9774,5,145,2025-11-15,5,Preparation Error,2149.4,Menu Item 145,5,429.88,Restaurant 005,BBQ,2025-11
9775,2,102,2025-11-02,2,Preparation Error,1548.34,Menu Item 102,2,774.17,Restaurant 002,Pizza,2025-11
9776,15,95,2025-11-15,1,Damaged,681.88,Menu Item 095,5,681.88,Restaurant 015,BBQ,2025-11
9777,3,103,2025-07-14,1,Preparation Error,490.49,Menu Item 103,3,490.49,Restaurant 003,Biryani,2025-07
9778,8,28,2025-04-28,2,Unsold,756.32,Menu Item 028,8,378.16,Restaurant 008,Desserts,2025-04
9779,10,10,2025-01-07,10,Expired,1433.0,Menu Item 010,10,143.3,Restaurant 010,Salads,2025-01
9780,16,96,2025-07-24,2,Damaged,810.44,Menu Item 096,6,405.22,Restaurant 016,Pasta,2025-07
9781,17,37,2025-08-26,2,Unsold,1379.54,Menu Item 037,7,689.77,Restaurant 017,Sandwiches,2025-08
9782,7,27,2025-04-26,1,Spoilage,337.71,Menu Item 027,7,337.71,Restaurant 007,Sandwiches,2025-04
9783,11,131,2025-07-21,2,Expired,745.46,Menu Item 131,1,372.73,Restaurant 011,Burgers,2025-07
9784,10,30,2025-12-18,2,Unsold,334.54,Menu Item 030,10,167.27,Restaurant 010,Salads,2025-12
9785,16,116,2025-09-01,1,Spoilage,513.28,Menu Item 116,6,513.28,Restaurant 016,Pasta,2025-09
9786,2,2,2025-12-03,2,Preparation Error,1644.6,Menu Item 002,2,822.3,Restaurant 002,Pizza,2025-12
9787,11,71,2025-09-09,2,Unsold,929.96,Menu Item 071,1,464.98,Restaurant 011,Burgers,2025-09
9788,2,62,2025-07-03,3,Spoilage,1529.31,Menu Item 062,2,509.77,Restaurant 002,Pizza,2025-07
9789,10,130,2025-02-09,2,Damaged,584.28,Menu Item 130,10,292.14,Restaurant 010,Salads,2025-02
9790,2,102,2025-10-05,1,Unsold,774.17,Menu Item 102,2,774.17,Restaurant 002,Pizza,2025-10
9791,3,143,2025-11-12,2,Expired,710.0,Menu Item 143,3,355.0,Restaurant 003,Biryani,2025-11
9792,19,19,2025-11-07,3,Damaged,539.97,Menu Item 019,9,179.99,Restaurant 019,Beverages,2025-11
9793,4,144,2025-06-08,3,Damaged,729.75,Menu Item 144,4,243.25,Restaurant 004,Rice,2025-06
9794,17,77,2025-04-20,10,Overproduction,5986.3,Menu Item 077,7,598.63,Restaurant 017,Sandwiches,2025-04
9795,12,12,2025-09-19,3,Damaged,2349.3,Menu Item 012,2,783.1,Restaurant 012,Pizza,2025-09
9796,19,119,2025-11-15,1,Unsold,104.64,Menu Item 119,9,104.64,Restaurant 019,Beverages,2025-11
9797,10,90,2025-07-25,3,Expired,572.88,Menu Item 090,10,190.96,Restaurant 010,Salads,2025-07
9798,4,124,2025-09-24,2,Expired,299.14,Menu Item 124,4,149.57,Restaurant 004,Rice,2025-09
9799,2,122,2025-02-03,1,Expired,828.35,Menu Item 122,2,828.35,Restaurant 002,Pizza,2025-02
9800,17,37,2025-01-10,2,Overproduction,1379.54,Menu Item 037,7,689.77,Restaurant 017,Sandwiches,2025-01
9801,12,12,2025-04-08,1,Expired,783.1,Menu Item 012,2,783.1,Restaurant 012,Pizza,2025-04
9802,16,96,2025-11-17,3,Overproduction,1215.66,Menu Item 096,6,405.22,Restaurant 016,Pasta,2025-11
9803,6,26,2025-10-22,2,Expired,1213.12,Menu Item 026,6,606.56,Restaurant 006,Pasta,2025-10
9804,11,11,2025-12-01,5,Preparation Error,2731.2,Menu Item 011,1,546.24,Restaurant 011,Burgers,2025-12
9805,7,7,2025-11-15,1,Expired,477.57,Menu Item 007,7,477.57,Restaurant 007,Sandwiches,2025-11
9806,19,59,2025-11-01,5,Preparation Error,949.35,Menu Item 059,9,189.87,Restaurant 019,Beverages,2025-11
9807,11,71,2025-11-28,1,Damaged,464.98,Menu Item 071,1,464.98,Restaurant 011,Burgers,2025-11
9808,5,105,2025-02-03,2,Preparation Error,1193.08,Menu Item 105,5,596.54,Restaurant 005,BBQ,2025-02
9809,12,132,2025-06-03,3,Expired,1926.18,Menu Item 132,2,642.06,Restaurant 012,Pizza,2025-06
9810,9,149,2025-05-24,10,Preparation Error,2391.8,Menu Item 149,9,239.18,Restaurant 009,Beverages,2025-05
9811,10,30,2025-04-15,3,Preparation Error,501.81,Menu Item 030,10,167.27,Restaurant 010,Salads,2025-04
9812,2,42,2025-02-18,2,Spoilage,935.42,Menu Item 042,2,467.71,Restaurant 002,Pizza,2025-02
9813,16,76,2025-04-14,2,Expired,830.62,Menu Item 076,6,415.31,Restaurant 016,Pasta,2025-04
9814,19,119,2025-02-26,1,Spoilage,104.64,Menu Item 119,9,104.64,Restaurant 019,Beverages,2025-02
9815,13,133,2025-06-12,2,Expired,1017.66,Menu Item 133,3,508.83,Restaurant 013,Biryani,2025-06
9816,11,111,2025-08-20,2,Expired,652.38,Menu Item 111,1,326.19,Restaurant 011,Burgers,2025-08
9817,9,9,2025-08-06,3,Expired,421.05,Menu Item 009,9,140.35,Restaurant 009,Beverages,2025-08
9818,2,42,2025-05-25,2,Unsold,935.42,Menu Item 042,2,467.71,Restaurant 002,Pizza,2025-05
9819,2,42,2025-03-20,2,Damaged,935.42,Menu Item 042,2,467.71,Restaurant 002,Pizza,2025-03
9820,1,21,2025-10-14,3,Preparation Error,966.84,Menu Item 021,1,322.28,Restaurant 001,Burgers,2025-10
9821,13,113,2025-05-07,3,Spoilage,692.43,Menu Item 113,3,230.81,Restaurant 013,Biryani,2025-05
9822,19,59,2025-01-11,1,Preparation Error,189.87,Menu Item 059,9,189.87,Restaurant 019,Beverages,2025-01
9823,14,14,2025-08-21,3,Damaged,693.69,Menu Item 014,4,231.23,Restaurant 014,Rice,2025-08
9824,4,44,2025-02-21,1,Unsold,440.72,Menu Item 044,4,440.72,Restaurant 004,Rice,2025-02
9825,11,11,2025-09-26,3,Damaged,1638.72,Menu Item 011,1,546.24,Restaurant 011,Burgers,2025-09
9826,13,113,2025-04-14,2,Preparation Error,461.62,Menu Item 113,3,230.81,Restaurant 013,Biryani,2025-04
9827,16,16,2025-03-26,2,Expired,676.68,Menu Item 016,6,338.34,Restaurant 016,Pasta,2025-03
9828,7,27,2025-04-15,3,Damaged,1013.13,Menu Item 027,7,337.71,Restaurant 007,Sandwiches,2025-04
9829,20,140,2025-06-20,1,Spoilage,178.4,Menu Item 140,10,178.4,Restaurant 020,Salads,2025-06
9830,9,9,2025-03-06,3,Overproduction,421.05,Menu Item 009,9,140.35,Restaurant 009,Beverages,2025-03
9831,1,61,2025-11-16,3,Preparation Error,1487.13,Menu Item 061,1,495.71,Restaurant 001,Burgers,2025-11
9832,12,132,2025-10-19,1,Expired,642.06,Menu Item 132,2,642.06,Restaurant 012,Pizza,2025-10
9833,1,21,2025-12-05,1,Overproduction,322.28,Menu Item 021,1,322.28,Restaurant 001,Burgers,2025-12
9834,12,52,2025-11-01,1,Preparation Error,463.6,Menu Item 052,2,463.6,Restaurant 012,Pizza,2025-11
9835,10,30,2025-04-16,1,Overproduction,167.27,Menu Item 030,10,167.27,Restaurant 010,Salads,2025-04
9836,1,121,2025-01-16,2,Overproduction,750.6,Menu Item 121,1,375.3,Restaurant 001,Burgers,2025-01
9837,12,112,2025-04-04,5,Overproduction,4306.4,Menu Item 112,2,861.28,Restaurant 012,Pizza,2025-04
9838,8,8,2025-09-09,2,Spoilage,615.44,Menu Item 008,8,307.72,Restaurant 008,Desserts,2025-09
9839,6,126,2025-01-19,1,Damaged,670.63,Menu Item 126,6,670.63,Restaurant 006,Pasta,2025-01
9840,9,49,2025-08-03,1,Unsold,254.28,Menu Item 049,9,254.28,Restaurant 009,Beverages,2025-08
9841,2,42,2025-04-22,10,Overproduction,4677.1,Menu Item 042,2,467.71,Restaurant 002,Pizza,2025-04
9842,6,66,2025-03-20,5,Unsold,2093.9,Menu Item 066,6,418.78,Restaurant 006,Pasta,2025-03
9843,16,136,2025-04-05,2,Overproduction,864.74,Menu Item 136,6,432.37,Restaurant 016,Pasta,2025-04
9844,8,108,2025-02-16,5,Unsold,2075.4,Menu Item 108,8,415.08,Restaurant 008,Desserts,2025-02
9845,11,31,2025-04-08,8,Spoilage,2580.96,Menu Item 031,1,322.62,Restaurant 011,Burgers,2025-04
9846,15,115,2025-06-18,1,Expired,803.9,Menu Item 115,5,803.9,Restaurant 015,BBQ,2025-06
9847,12,132,2025-12-10,3,Expired,1926.18,Menu Item 132,2,642.06,Restaurant 012,Pizza,2025-12
9848,9,29,2025-02-17,1,Preparation Error,68.62,Menu Item 029,9,68.62,Restaurant 009,Beverages,2025-02
9849,10,10,2025-09-28,3,Spoilage,429.9,Menu Item 010,10,143.3,Restaurant 010,Salads,2025-09
9850,5,65,2025-06-07,2,Unsold,1031.48,Menu Item 065,5,515.74,Restaurant 005,BBQ,2025-06
9851,1,121,2025-11-02,1,Spoilage,375.3,Menu Item 121,1,375.3,Restaurant 001,Burgers,2025-11
9852,10,70,2025-12-03,2,Expired,414.5,Menu Item 070,10,207.25,Restaurant 010,Salads,2025-12
9853,15,15,2025-02-01,3,Damaged,1490.91,Menu Item 015,5,496.97,Restaurant 015,BBQ,2025-02
9854,8,68,2025-10-04,3,Unsold,342.18,Menu Item 068,8,114.06,Restaurant 008,Desserts,2025-10
9855,8,28,2025-10-15,3,Overproduction,1134.48,Menu Item 028,8,378.16,Restaurant 008,Desserts,2025-10
9856,13,73,2025-01-10,1,Overproduction,231.75,Menu Item 073,3,231.75,Restaurant 013,Biryani,2025-01
9857,12,92,2025-06-02,2,Unsold,928.74,Menu Item 092,2,464.37,Restaurant 012,Pizza,2025-06
9858,15,135,2025-03-26,5,Damaged,1502.45,Menu Item 135,5,300.49,Restaurant 015,BBQ,2025-03
9859,6,126,2025-10-03,8,Unsold,5365.04,Menu Item 126,6,670.63,Restaurant 006,Pasta,2025-10
9860,1,21,2025-06-19,2,Expired,644.56,Menu Item 021,1,322.28,Restaurant 001,Burgers,2025-06
9861,10,10,2025-11-10,1,Preparation Error,143.3,Menu Item 010,10,143.3,Restaurant 010,Salads,2025-11
9862,3,63,2025-10-01,2,Overproduction,627.88,Menu Item 063,3,313.94,Restaurant 003,Biryani,2025-10
9863,1,41,2025-05-11,2,Unsold,509.02,Menu Item 041,1,254.51,Restaurant 001,Burgers,2025-05
9864,17,117,2025-09-17,5,Overproduction,2148.65,Menu Item 117,7,429.73,Restaurant 017,Sandwiches,2025-09
9865,2,142,2025-12-26,1,Preparation Error,919.35,Menu Item 142,2,919.35,Restaurant 002,Pizza,2025-12
9866,12,92,2025-04-03,1,Preparation Error,464.37,Menu Item 092,2,464.37,Restaurant 012,Pizza,2025-04
9867,2,122,2025-11-14,2,Damaged,1656.7,Menu Item 122,2,828.35,Restaurant 002,Pizza,2025-11
9868,9,49,2025-08-12,1,Preparation Error,254.28,Menu Item 049,9,254.28,Restaurant 009,Beverages,2025-08
9869,7,7,2025-10-03,2,Damaged,955.14,Menu Item 007,7,477.57,Restaurant 007,Sandwiches,2025-10
9870,6,26,2025-08-15,5,Preparation Error,3032.8,Menu Item 026,6,606.56,Restaurant 006,Pasta,2025-08
9871,14,14,2025-03-14,3,Overproduction,693.69,Menu Item 014,4,231.23,Restaurant 014,Rice,2025-03
9872,3,103,2025-11-09,2,Damaged,980.98,Menu Item 103,3,490.49,Restaurant 003,Biryani,2025-11
9873,6,46,2025-02-13,1,Damaged,633.91,Menu Item 046,6,633.91,Restaurant 006,Pasta,2025-02
9874,9,89,2025-08-24,5,Damaged,1331.8,Menu Item 089,9,266.36,Restaurant 009,Beverages,2025-08
9875,2,82,2025-03-05,1,Preparation Error,601.45,Menu Item 082,2,601.45,Restaurant 002,Pizza,2025-03
9876,7,87,2025-05-07,5,Preparation Error,2654.9,Menu Item 087,7,530.98,Restaurant 007,Sandwiches,2025-05
9877,10,130,2025-03-01,1,Overproduction,292.14,Menu Item 130,10,292.14,Restaurant 010,Salads,2025-03
9878,3,103,2025-04-21,2,Expired,980.98,Menu Item 103,3,490.49,Restaurant 003,Biryani,2025-04
9879,19,99,2025-04-10,2,Damaged,223.48,Menu Item 099,9,111.74,Restaurant 019,Beverages,2025-04
9880,9,49,2025-08-15,1,Damaged,254.28,Menu Item 049,9,254.28,Restaurant 009,Beverages,2025-08
9881,6,26,2025-04-25,8,Overproduction,4852.48,Menu Item 026,6,606.56,Restaurant 006,Pasta,2025-04
9882,19,39,2025-04-03,3,Unsold,266.22,Menu Item 039,9,88.74,Restaurant 019,Beverages,2025-04
9883,13,73,2025-10-11,1,Unsold,231.75,Menu Item 073,3,231.75,Restaurant 013,Biryani,2025-10
9884,9,89,2025-09-12,1,Damaged,266.36,Menu Item 089,9,266.36,Restaurant 009,Beverages,2025-09
9885,14,54,2025-02-28,1,Unsold,182.18,Menu Item 054,4,182.18,Restaurant 014,Rice,2025-02
9886,8,8,2025-09-28,3,Spoilage,923.16,Menu Item 008,8,307.72,Restaurant 008,Desserts,2025-09
9887,3,103,2025-08-01,3,Preparation Error,1471.47,Menu Item 103,3,490.49,Restaurant 003,Biryani,2025-08
9888,4,144,2025-05-08,3,Spoilage,729.75,Menu Item 144,4,243.25,Restaurant 004,Rice,2025-05
9889,16,56,2025-12-06,2,Overproduction,781.2,Menu Item 056,6,390.6,Restaurant 016,Pasta,2025-12
9890,11,11,2025-06-19,8,Spoilage,4369.92,Menu Item 011,1,546.24,Restaurant 011,Burgers,2025-06
9891,17,97,2025-02-02,10,Overproduction,4540.4,Menu Item 097,7,454.04,Restaurant 017,Sandwiches,2025-02
9892,3,63,2025-04-22,2,Preparation Error,627.88,Menu Item 063,3,313.94,Restaurant 003,Biryani,2025-04
9893,15,135,2025-08-26,3,Overproduction,901.47,Menu Item 135,5,300.49,Restaurant 015,BBQ,2025-08
9894,11,91,2025-03-06,5,Overproduction,1853.95,Menu Item 091,1,370.79,Restaurant 011,Burgers,2025-03
9895,15,55,2025-07-03,1,Overproduction,932.62,Menu Item 055,5,932.62,Restaurant 015,BBQ,2025-07
9896,1,61,2025-10-22,8,Overproduction,3965.68,Menu Item 061,1,495.71,Restaurant 001,Burgers,2025-10
9897,2,122,2025-05-19,5,Unsold,4141.75,Menu Item 122,2,828.35,Restaurant 002,Pizza,2025-05
9898,6,86,2025-10-01,2,Spoilage,956.62,Menu Item 086,6,478.31,Restaurant 006,Pasta,2025-10
9899,8,128,2025-03-03,1,Preparation Error,347.29,Menu Item 128,8,347.29,Restaurant 008,Desserts,2025-03
9900,13,73,2025-09-27,1,Overproduction,231.75,Menu Item 073,3,231.75,Restaurant 013,Biryani,2025-09
9901,11,111,2025-10-27,5,Preparation Error,1630.95,Menu Item 111,1,326.19,Restaurant 011,Burgers,2025-10
9902,3,143,2025-09-24,1,Unsold,355.0,Menu Item 143,3,355.0,Restaurant 003,Biryani,2025-09
9903,19,39,2025-10-20,3,Overproduction,266.22,Menu Item 039,9,88.74,Restaurant 019,Beverages,2025-10
9904,1,1,2025-04-09,2,Spoilage,856.24,Menu Item 001,1,428.12,Restaurant 001,Burgers,2025-04
9905,8,28,2025-09-13,3,Spoilage,1134.48,Menu Item 028,8,378.16,Restaurant 008,Desserts,2025-09
9906,1,1,2025-05-08,2,Unsold,856.24,Menu Item 001,1,428.12,Restaurant 001,Burgers,2025-05
9907,17,77,2025-08-03,1,Spoilage,598.63,Menu Item 077,7,598.63,Restaurant 017,Sandwiches,2025-08
9908,4,84,2025-06-09,5,Unsold,1753.65,Menu Item 084,4,350.73,Restaurant 004,Rice,2025-06
9909,5,5,2025-07-04,2,Spoilage,1520.42,Menu Item 005,5,760.21,Restaurant 005,BBQ,2025-07
9910,11,71,2025-10-26,2,Preparation Error,929.96,Menu Item 071,1,464.98,Restaurant 011,Burgers,2025-10
9911,8,8,2025-03-27,5,Preparation Error,1538.6,Menu Item 008,8,307.72,Restaurant 008,Desserts,2025-03
9912,6,6,2025-04-24,5,Unsold,1510.75,Menu Item 006,6,302.15,Restaurant 006,Pasta,2025-04
9913,5,45,2025-01-20,1,Preparation Error,389.94,Menu Item 045,5,389.94,Restaurant 005,BBQ,2025-01
9914,5,125,2025-04-19,1,Unsold,1138.34,Menu Item 125,5,1138.34,Restaurant 005,BBQ,2025-04
9915,1,61,2025-05-23,2,Expired,991.42,Menu Item 061,1,495.71,Restaurant 001,Burgers,2025-05
9916,15,35,2025-10-27,2,Spoilage,874.12,Menu Item 035,5,437.06,Restaurant 015,BBQ,2025-10
9917,20,100,2025-05-08,1,Damaged,486.7,Menu Item 100,10,486.7,Restaurant 020,Salads,2025-05
9918,5,25,2025-06-09,2,Unsold,2055.42,Menu Item 025,5,1027.71,Restaurant 005,BBQ,2025-06
9919,10,70,2025-07-22,2,Preparation Error,414.5,Menu Item 070,10,207.25,Restaurant 010,Salads,2025-07
9920,2,102,2025-01-17,1,Overproduction,774.17,Menu Item 102,2,774.17,Restaurant 002,Pizza,2025-01
9921,10,130,2025-09-18,5,Overproduction,1460.7,Menu Item 130,10,292.14,Restaurant 010,Salads,2025-09
9922,14,54,2025-09-05,3,Damaged,546.54,Menu Item 054,4,182.18,Restaurant 014,Rice,2025-09
9923,11,71,2025-03-26,1,Overproduction,464.98,Menu Item 071,1,464.98,Restaurant 011,Burgers,2025-03
9924,15,95,2025-06-21,2,Preparation Error,1363.76,Menu Item 095,5,681.88,Restaurant 015,BBQ,2025-06
9925,8,108,2025-12-17,1,Overproduction,415.08,Menu Item 108,8,415.08,Restaurant 008,Desserts,2025-12
9926,20,120,2025-01-22,1,Damaged,227.83,Menu Item 120,10,227.83,Restaurant 020,Salads,2025-01
9927,13,113,2025-11-10,3,Expired,692.43,Menu Item 113,3,230.81,Restaurant 013,Biryani,2025-11
9928,6,146,2025-08-28,8,Unsold,5940.24,Menu Item 146,6,742.53,Restaurant 006,Pasta,2025-08
9929,13,113,2025-04-23,1,Expired,230.81,Menu Item 113,3,230.81,Restaurant 013,Biryani,2025-04
9930,13,53,2025-05-02,1,Expired,298.53,Menu Item 053,3,298.53,Restaurant 013,Biryani,2025-05
9931,4,84,2025-05-22,10,Unsold,3507.3,Menu Item 084,4,350.73,Restaurant 004,Rice,2025-05
9932,20,20,2025-09-22,3,Expired,865.53,Menu Item 020,10,288.51,Restaurant 020,Salads,2025-09
9933,1,61,2025-10-11,2,Overproduction,991.42,Menu Item 061,1,495.71,Restaurant 001,Burgers,2025-10
9934,7,87,2025-11-12,3,Expired,1592.94,Menu Item 087,7,530.98,Restaurant 007,Sandwiches,2025-11
9935,16,136,2025-08-19,1,Damaged,432.37,Menu Item 136,6,432.37,Restaurant 016,Pasta,2025-08
9936,11,71,2025-03-17,2,Overproduction,929.96,Menu Item 071,1,464.98,Restaurant 011,Burgers,2025-03
9937,17,17,2025-03-27,2,Unsold,584.68,Menu Item 017,7,292.34,Restaurant 017,Sandwiches,2025-03
9938,16,136,2025-10-22,2,Preparation Error,864.74,Menu Item 136,6,432.37,Restaurant 016,Pasta,2025-10
9939,3,143,2025-01-14,2,Spoilage,710.0,Menu Item 143,3,355.0,Restaurant 003,Biryani,2025-01
9940,16,96,2025-08-11,1,Unsold,405.22,Menu Item 096,6,405.22,Restaurant 016,Pasta,2025-08
9941,1,101,2025-02-15,2,Preparation Error,637.02,Menu Item 101,1,318.51,Restaurant 001,Burgers,2025-02
9942,11,111,2025-03-26,10,Damaged,3261.9,Menu Item 111,1,326.19,Restaurant 011,Burgers,2025-03
9943,1,101,2025-12-15,2,Expired,637.02,Menu Item 101,1,318.51,Restaurant 001,Burgers,2025-12
9944,1,41,2025-11-24,1,Spoilage,254.51,Menu Item 041,1,254.51,Restaurant 001,Burgers,2025-11
9945,4,4,2025-03-08,5,Expired,758.4,Menu Item 004,4,151.68,Restaurant 004,Rice,2025-03
9946,8,128,2025-05-21,2,Spoilage,694.58,Menu Item 128,8,347.29,Restaurant 008,Desserts,2025-05
9947,8,128,2025-04-23,3,Spoilage,1041.87,Menu Item 128,8,347.29,Restaurant 008,Desserts,2025-04
9948,18,118,2025-05-12,1,Damaged,309.0,Menu Item 118,8,309.0,Restaurant 018,Desserts,2025-05
9949,8,8,2025-02-06,1,Unsold,307.72,Menu Item 008,8,307.72,Restaurant 008,Desserts,2025-02
9950,6,86,2025-10-26,3,Damaged,1434.93,Menu Item 086,6,478.31,Restaurant 006,Pasta,2025-10
9951,13,113,2025-05-23,8,Overproduction,1846.48,Menu Item 113,3,230.81,Restaurant 013,Biryani,2025-05
9952,14,114,2025-08-10,8,Preparation Error,4359.12,Menu Item 114,4,544.89,Restaurant 014,Rice,2025-08
9953,12,132,2025-06-28,3,Damaged,1926.18,Menu Item 132,2,642.06,Restaurant 012,Pizza,2025-06
9954,7,87,2025-08-11,2,Overproduction,1061.96,Menu Item 087,7,530.98,Restaurant 007,Sandwiches,2025-08
9955,20,100,2025-01-07,1,Preparation Error,486.7,Menu Item 100,10,486.7,Restaurant 020,Salads,2025-01
9956,4,24,2025-03-26,2,Preparation Error,996.74,Menu Item 024,4,498.37,Restaurant 004,Rice,2025-03
9957,15,55,2025-02-03,10,Unsold,9326.2,Menu Item 055,5,932.62,Restaurant 015,BBQ,2025-02
9958,11,11,2025-07-03,1,Spoilage,546.24,Menu Item 011,1,546.24,Restaurant 011,Burgers,2025-07
9959,10,90,2025-12-18,1,Overproduction,190.96,Menu Item 090,10,190.96,Restaurant 010,Salads,2025-12
9960,2,122,2025-12-15,1,Damaged,828.35,Menu Item 122,2,828.35,Restaurant 002,Pizza,2025-12
9961,9,109,2025-07-06,2,Damaged,442.86,Menu Item 109,9,221.43,Restaurant 009,Beverages,2025-07
9962,9,29,2025-11-26,5,Expired,343.1,Menu Item 029,9,68.62,Restaurant 009,Beverages,2025-11
9963,9,49,2025-12-17,3,Unsold,762.84,Menu Item 049,9,254.28,Restaurant 009,Beverages,2025-12
9964,9,69,2025-01-02,2,Damaged,189.6,Menu Item 069,9,94.8,Restaurant 009,Beverages,2025-01
9965,7,7,2025-06-19,1,Preparation Error,477.57,Menu Item 007,7,477.57,Restaurant 007,Sandwiches,2025-06
9966,4,104,2025-08-16,5,Preparation Error,839.8,Menu Item 104,4,167.96,Restaurant 004,Rice,2025-08
9967,13,73,2025-04-02,1,Spoilage,231.75,Menu Item 073,3,231.75,Restaurant 013,Biryani,2025-04
9968,5,125,2025-11-25,2,Overproduction,2276.68,Menu Item 125,5,1138.34,Restaurant 005,BBQ,2025-11
9969,13,113,2025-09-21,2,Damaged,461.62,Menu Item 113,3,230.81,Restaurant 013,Biryani,2025-09
9970,7,47,2025-06-15,2,Spoilage,1063.12,Menu Item 047,7,531.56,Restaurant 007,Sandwiches,2025-06
9971,11,31,2025-08-12,1,Unsold,322.62,Menu Item 031,1,322.62,Restaurant 011,Burgers,2025-08
9972,2,102,2025-02-22,1,Unsold,774.17,Menu Item 102,2,774.17,Restaurant 002,Pizza,2025-02
9973,14,114,2025-01-11,2,Unsold,1089.78,Menu Item 114,4,544.89,Restaurant 014,Rice,2025-01
9974,17,77,2025-11-14,2,Damaged,1197.26,Menu Item 077,7,598.63,Restaurant 017,Sandwiches,2025-11
9975,16,16,2025-04-05,1,Damaged,338.34,Menu Item 016,6,338.34,Restaurant 016,Pasta,2025-04
9976,14,54,2025-01-03,1,Preparation Error,182.18,Menu Item 054,4,182.18,Restaurant 014,Rice,2025-01
9977,3,3,2025-06-05,2,Overproduction,451.92,Menu Item 003,3,225.96,Restaurant 003,Biryani,2025-06
9978,2,142,2025-10-22,1,Expired,919.35,Menu Item 142,2,919.35,Restaurant 002,Pizza,2025-10
9979,6,26,2025-05-08,2,Preparation Error,1213.12,Menu Item 026,6,606.56,Restaurant 006,Pasta,2025-05
9980,14,14,2025-12-25,2,Overproduction,462.46,Menu Item 014,4,231.23,Restaurant 014,Rice,2025-12
9981,20,60,2025-05-07,1,Expired,331.16,Menu Item 060,10,331.16,Restaurant 020,Salads,2025-05
9982,5,145,2025-09-08,2,Spoilage,859.76,Menu Item 145,5,429.88,Restaurant 005,BBQ,2025-09
9983,12,52,2025-03-21,10,Unsold,4636.0,Menu Item 052,2,463.6,Restaurant 012,Pizza,2025-03
9984,1,1,2025-10-14,1,Expired,428.12,Menu Item 001,1,428.12,Restaurant 001,Burgers,2025-10
9985,2,82,2025-07-01,3,Expired,1804.35,Menu Item 082,2,601.45,Restaurant 002,Pizza,2025-07
9986,2,82,2025-01-16,5,Spoilage,3007.25,Menu Item 082,2,601.45,Restaurant 002,Pizza,2025-01
9987,11,111,2025-04-17,1,Expired,326.19,Menu Item 111,1,326.19,Restaurant 011,Burgers,2025-04
9988,2,122,2025-09-06,2,Preparation Error,1656.7,Menu Item 122,2,828.35,Restaurant 002,Pizza,2025-09
9989,9,89,2025-09-06,1,Preparation Error,266.36,Menu Item 089,9,266.36,Restaurant 009,Beverages,2025-09
9990,3,23,2025-06-08,3,Unsold,810.69,Menu Item 023,3,270.23,Restaurant 003,Biryani,2025-06
9991,1,21,2025-08-06,3,Spoilage,966.84,Menu Item 021,1,322.28,Restaurant 001,Burgers,2025-08
9992,12,32,2025-11-20,8,Spoilage,5906.4,Menu Item 032,2,738.3,Restaurant 012,Pizza,2025-11
9993,10,10,2025-02-10,1,Damaged,143.3,Menu Item 010,10,143.3,Restaurant 010,Salads,2025-02
9994,3,43,2025-08-22,3,Unsold,1139.1,Menu Item 043,3,379.7,Restaurant 003,Biryani,2025-08
9995,7,107,2025-04-03,1,Expired,472.58,Menu Item 107,7,472.58,Restaurant 007,Sandwiches,2025-04
9996,4,104,2025-10-04,2,Preparation Error,335.92,Menu Item 104,4,167.96,Restaurant 004,Rice,2025-10
9997,6,6,2025-11-13,1,Damaged,302.15,Menu Item 006,6,302.15,Restaurant 006,Pasta,2025-11
9998,10,110,2025-08-07,2,Unsold,438.54,Menu Item 110,10,219.27,Restaurant 010,Salads,2025-08
9999,10,90,2025-10-13,1,Expired,190.96,Menu Item 090,10,190.96,Restaurant 010,Salads,2025-10
10000,11,111,2025-10-05,1,Spoilage,326.19,Menu Item 111,1,326.19,Restaurant 011,Burgers,2025-10
