order_id,customer_id,restaurant_id,order_date,order_time,order_status,order_channel,payment_method,promotion_id,total_amount,restaurant_name,restaurant_type,location_id,city_area,gender,preferred_channel,promotion_name,promotion_type
1,12100,14,2025-04-08,19:03:00,Completed,Website/App,Online Wallet,,8839.63,Restaurant 014,Cafe,14,West-14,Other,Dine-in,,
2,16082,9,2025-05-05,20:47:00,Completed,Takeaway,Card,56,4657.21,Restaurant 009,Cafe,9,Defence-9,Other,Dine-in,Promotion 056,Percentage Discount
3,22563,18,2025-12-24,13:18:00,Completed,Third-party Delivery,Cash,,7137.36,Restaurant 018,Fast Food,18,Gulshan-18,Male,Dine-in,,
4,49144,11,2025-06-18,21:33:00,Completed,Website/App,Online Wallet,,15837.56,Restaurant 011,Cafe,11,North-11,Other,Website/App,,
5,37485,5,2025-02-10,21:03:00,Completed,Takeaway,Online Wallet,,12874.6,Restaurant 005,Casual Dining,5,Central-5,Male,Website/App,,
6,14697,16,2025-11-24,18:10:00,Completed,Third-party Delivery,Card,,11823.29,Restaurant 016,Cafe,16,Garden-16,Female,Website/App,,
7,17229,12,2025-03-10,19:39:00,Completed,Takeaway,Cash,,20275.96,Restaurant 012,Fast Food,12,South-12,Male,Website/App,,
8,40705,8,2025-06-30,12:18:00,Completed,Website/App,Cash,,7987.91,Restaurant 008,Family Restaurant,8,Gulshan-8,Female,Takeaway,,
11,25880,13,2025-12-03,21:30:00,Completed,Dine-in,Cash,,6157.21,Restaurant 013,Cafe,13,East-13,Male,Takeaway,,
12,45758,2,2025-07-28,18:03:00,Completed,Website/App,Card,,14427.72,Restaurant 002,Casual Dining,2,South-2,Other,Third-party Delivery,,
13,4968,5,2025-04-18,21:53:00,Completed,Third-party Delivery,Online Wallet,,21166.6,Restaurant 005,Casual Dining,5,Central-5,Other,Dine-in,,
14,14181,10,2025-08-24,21:42:00,Completed,Website/App,Online Wallet,,6928.44,Restaurant 010,Family Restaurant,10,Korangi-10,Male,Third-party Delivery,,
15,29080,2,2025-11-16,20:50:00,Completed,Third-party Delivery,Online Wallet,,18784.17,Restaurant 002,Casual Dining,2,South-2,Male,Website/App,,
17,9397,11,2025-01-13,14:57:00,Completed,Dine-in,Card,,11087.09,Restaurant 011,Cafe,11,North-11,Female,Website/App,,
18,20305,3,2025-09-03,19:09:00,Completed,Website/App,Online Wallet,,10877.62,Restaurant 003,Fast Food,3,East-3,Female,Website/App,,
19,34157,6,2025-08-16,20:18:00,Completed,Website/App,Card,,15688.81,Restaurant 006,Fast Food,6,Garden-6,Male,Third-party Delivery,,
21,40341,6,2025-12-25,21:34:00,Completed,Dine-in,Cash,,18281.75,Restaurant 006,Fast Food,6,Garden-6,Female,Dine-in,,
23,13451,17,2025-09-13,20:07:00,Completed,Website/App,Cash,75,9662.94,Restaurant 017,Casual Dining,17,Clifton-17,Other,Website/App,Promotion 075,Seasonal
24,35416,15,2025-12-12,20:29:00,Completed,Takeaway,Cash,,13602.8,Restaurant 015,Fast Food,15,Central-15,Male,Third-party Delivery,,
25,35391,12,2025-04-18,13:04:00,Completed,Third-party Delivery,Card,,14711.28,Restaurant 012,Fast Food,12,South-12,Other,Dine-in,,
26,7604,19,2025-03-05,19:26:00,Completed,Takeaway,Card,,3491.19,Restaurant 019,Fast Food,19,Defence-19,Female,Dine-in,,
28,30796,16,2025-06-28,22:42:00,Completed,Takeaway,Card,,9764.59,Restaurant 016,Cafe,16,Garden-16,Male,Takeaway,,
29,42314,14,2025-06-14,20:34:00,Completed,Dine-in,Online Wallet,,8403.93,Restaurant 014,Cafe,14,West-14,Male,Dine-in,,
30,36443,7,2025-10-26,13:44:00,Completed,Third-party Delivery,Card,12,10183.14,Restaurant 007,Casual Dining,7,Clifton-7,Other,Dine-in,Promotion 012,Percentage Discount
31,21475,12,2025-06-22,18:15:00,Completed,Takeaway,Online Wallet,,25321.86,Restaurant 012,Fast Food,12,South-12,Female,Third-party Delivery,,
32,2636,2,2025-06-14,11:45:00,Completed,Dine-in,Online Wallet,6,19620.22,Restaurant 002,Casual Dining,2,South-2,Other,Third-party Delivery,Promotion 006,Seasonal
33,32596,14,2025-10-28,12:58:00,Completed,Third-party Delivery,Card,,9076.22,Restaurant 014,Cafe,14,West-14,Male,Website/App,,
34,1129,19,2025-12-10,12:41:00,Completed,Website/App,Online Wallet,,3682.11,Restaurant 019,Fast Food,19,Defence-19,Male,Dine-in,,
36,11354,9,2025-05-01,18:10:00,Completed,Dine-in,Card,101,4706.74,Restaurant 009,Cafe,9,Defence-9,Female,Dine-in,Promotion 101,Percentage Discount
37,260,2,2025-02-24,13:52:00,Completed,Third-party Delivery,Card,,18662.18,Restaurant 002,Casual Dining,2,South-2,Female,Website/App,,
38,17311,14,2025-08-28,11:25:00,Completed,Dine-in,Card,,5414.99,Restaurant 014,Cafe,14,West-14,Other,Takeaway,,
39,482,6,2025-05-24,12:34:00,Completed,Third-party Delivery,Cash,,18590.75,Restaurant 006,Fast Food,6,Garden-6,Other,Website/App,,
40,2706,17,2025-01-11,18:44:00,Completed,Takeaway,Cash,,10186.77,Restaurant 017,Casual Dining,17,Clifton-17,Other,Website/App,,
41,1444,19,2025-04-09,18:26:00,Completed,Website/App,Cash,,4412.04,Restaurant 019,Fast Food,19,Defence-19,Male,Third-party Delivery,,
42,27095,16,2025-07-11,20:57:00,Completed,Takeaway,Online Wallet,,11149.09,Restaurant 016,Cafe,16,Garden-16,Other,Dine-in,,
43,25324,13,2025-09-15,21:02:00,Completed,Takeaway,Card,,8021.37,Restaurant 013,Cafe,13,East-13,Male,Website/App,,
44,31487,7,2025-12-20,18:27:00,Completed,Dine-in,Cash,,13556.63,Restaurant 007,Casual Dining,7,Clifton-7,Male,Dine-in,,
45,24238,19,2025-07-22,18:25:00,Completed,Website/App,Online Wallet,,3366.31,Restaurant 019,Fast Food,19,Defence-19,Other,Dine-in,,
46,44450,5,2025-03-11,09:50:00,Completed,Website/App,Card,,14398.66,Restaurant 005,Casual Dining,5,Central-5,Male,Website/App,,
47,48787,13,2025-07-05,22:54:00,Completed,Dine-in,Cash,,14302.46,Restaurant 013,Cafe,13,East-13,Female,Third-party Delivery,,
51,33954,19,2025-10-12,12:29:00,Completed,Third-party Delivery,Card,,3838.43,Restaurant 019,Fast Food,19,Defence-19,Male,Website/App,,
52,4159,6,2025-02-04,11:18:00,Completed,Website/App,Card,74,17849.9,Restaurant 006,Fast Food,6,Garden-6,Female,Third-party Delivery,Promotion 074,Seasonal
53,12580,7,2025-03-20,20:14:00,Completed,Website/App,Online Wallet,,14870.15,Restaurant 007,Casual Dining,7,Clifton-7,Other,Dine-in,,
55,33052,13,2025-07-26,19:45:00,Completed,Takeaway,Online Wallet,,9643.87,Restaurant 013,Cafe,13,East-13,Other,Dine-in,,
56,573,1,2025-02-25,17:16:00,Completed,Website/App,Card,,12012.98,Restaurant 001,Casual Dining,1,North-1,Male,Third-party Delivery,,
57,18252,15,2025-12-04,18:13:00,Completed,Website/App,Online Wallet,,20668.15,Restaurant 015,Fast Food,15,Central-15,Male,Website/App,,
59,42255,17,2025-10-28,18:13:00,Completed,Dine-in,Card,,12422.27,Restaurant 017,Casual Dining,17,Clifton-17,Female,Takeaway,,
60,17304,11,2025-09-01,20:32:00,Completed,Third-party Delivery,,,10859.83,Restaurant 011,Cafe,11,North-11,Male,Takeaway,,
61,25293,16,2025-06-16,14:48:00,Completed,Third-party Delivery,Online Wallet,,15935.44,Restaurant 016,Cafe,16,Garden-16,Other,Website/App,,
62,19248,18,2025-04-20,21:39:00,Completed,Website/App,Online Wallet,,7523.91,Restaurant 018,Fast Food,18,Gulshan-18,Male,Takeaway,,
63,24812,8,2025-12-02,19:39:00,Completed,Website/App,Online Wallet,,7879.37,Restaurant 008,Family Restaurant,8,Gulshan-8,Male,Takeaway,,
64,5423,1,2025-07-29,16:24:00,Completed,Takeaway,Online Wallet,,16107.93,Restaurant 001,Casual Dining,1,North-1,Male,Third-party Delivery,,
65,20336,6,2025-03-30,12:07:00,Completed,Third-party Delivery,Card,,13309.07,Restaurant 006,Fast Food,6,Garden-6,Other,Third-party Delivery,,
66,11574,5,2025-09-18,18:09:00,Completed,Third-party Delivery,Cash,118,15988.28,Restaurant 005,Casual Dining,5,Central-5,Female,Takeaway,Promotion 118,Percentage Discount
68,38624,8,2025-11-26,13:54:00,Completed,Takeaway,Cash,,7511.31,Restaurant 008,Family Restaurant,8,Gulshan-8,Female,Third-party Delivery,,
69,24259,11,2025-05-04,18:17:00,Completed,Website/App,Cash,,10143.0,Restaurant 011,Cafe,11,North-11,Female,Dine-in,,
70,14591,2,2025-04-10,14:11:00,Completed,Third-party Delivery,Card,,23689.83,Restaurant 002,Casual Dining,2,South-2,Male,Website/App,,
71,17425,16,2025-01-17,13:28:00,Completed,Takeaway,Online Wallet,,11263.81,Restaurant 016,Cafe,16,Garden-16,Other,Third-party Delivery,,
72,3276,7,2025-07-08,21:32:00,Completed,Website/App,Card,,15809.71,Restaurant 007,Casual Dining,7,Clifton-7,Other,Takeaway,,
73,44849,13,2025-03-23,18:13:00,Completed,Third-party Delivery,Cash,,7390.03,Restaurant 013,Cafe,13,East-13,Male,Dine-in,,
75,3273,16,2025-07-02,20:41:00,Completed,Takeaway,Card,,13953.63,Restaurant 016,Cafe,16,Garden-16,Female,Website/App,,
77,26832,4,2025-09-05,18:44:00,Completed,Website/App,Card,,8215.76,Restaurant 004,Cafe,4,West-4,Male,Takeaway,,
78,30579,19,2025-11-06,15:19:00,Completed,Takeaway,Card,,3268.79,Restaurant 019,Fast Food,19,Defence-19,Male,Website/App,,
79,15563,18,2025-07-05,21:44:00,Completed,Website/App,Cash,,7503.26,Restaurant 018,Fast Food,18,Gulshan-18,Male,Dine-in,,
80,41783,12,2025-08-08,21:52:00,Completed,Dine-in,Card,23,28238.6,Restaurant 012,Fast Food,12,South-12,Male,Website/App,Promotion 023,Seasonal
81,18892,18,2025-12-14,20:21:00,Completed,Dine-in,Card,,8682.88,Restaurant 018,Fast Food,18,Gulshan-18,Male,Third-party Delivery,,
82,19333,1,2025-11-20,16:03:00,Completed,Third-party Delivery,Cash,,10837.42,Restaurant 001,Casual Dining,1,North-1,Other,Takeaway,,
85,5470,9,2025-09-22,12:02:00,Completed,Dine-in,Cash,,3823.11,Restaurant 009,Cafe,9,Defence-9,Male,Third-party Delivery,,
86,23236,14,2025-06-28,21:51:00,Completed,Takeaway,Online Wallet,,8175.71,Restaurant 014,Cafe,14,West-14,Male,Dine-in,,
89,22721,3,2025-03-09,19:53:00,Completed,Takeaway,Online Wallet,,9288.58,Restaurant 003,Fast Food,3,East-3,Female,Dine-in,,
91,48405,19,2025-04-15,21:46:00,Completed,Third-party Delivery,Online Wallet,,4445.61,Restaurant 019,Fast Food,19,Defence-19,Other,Website/App,,
92,1008,9,2025-02-08,19:28:00,Completed,Website/App,Cash,,5077.08,Restaurant 009,Cafe,9,Defence-9,Female,Website/App,,
93,4179,1,2025-11-24,20:15:00,Completed,Third-party Delivery,Card,,8491.55,Restaurant 001,Casual Dining,1,North-1,Other,Dine-in,,
95,20298,10,2025-06-12,15:35:00,Completed,Dine-in,Card,,6107.58,Restaurant 010,Family Restaurant,10,Korangi-10,Other,Website/App,,
96,24396,8,2025-08-16,13:01:00,Completed,Website/App,Card,55,6197.05,Restaurant 008,Family Restaurant,8,Gulshan-8,Other,Website/App,Promotion 055,Seasonal
97,1193,4,2025-12-08,19:41:00,Completed,Takeaway,Cash,,8145.09,Restaurant 004,Cafe,4,West-4,Female,Website/App,,
98,31918,2,2025-09-27,19:02:00,Completed,Takeaway,Online Wallet,,18151.41,Restaurant 002,Casual Dining,2,South-2,Female,Dine-in,,
99,31518,5,2025-08-29,20:55:00,Completed,Dine-in,Card,,22068.4,Restaurant 005,Casual Dining,5,Central-5,Female,Website/App,,
101,37801,16,2025-08-17,20:22:00,Completed,Dine-in,Card,,14067.77,Restaurant 016,Cafe,16,Garden-16,Female,Takeaway,,
103,34338,2,2025-12-24,19:52:00,Completed,Dine-in,Cash,,16789.64,Restaurant 002,Casual Dining,2,South-2,Female,Takeaway,,
104,22828,10,2025-09-29,20:47:00,Completed,Third-party Delivery,Cash,,9427.46,Restaurant 010,Family Restaurant,10,Korangi-10,Female,Website/App,,
105,30981,19,2025-10-27,12:55:00,Completed,Takeaway,Cash,,4742.79,Restaurant 019,Fast Food,19,Defence-19,Female,Website/App,,
106,31950,19,2025-08-07,18:02:00,Completed,Third-party Delivery,Online Wallet,,3923.5,Restaurant 019,Fast Food,19,Defence-19,Other,Dine-in,,
107,24947,7,2025-10-13,18:09:00,Completed,Dine-in,Online Wallet,12,10244.73,Restaurant 007,Casual Dining,7,Clifton-7,Other,Takeaway,Promotion 012,Percentage Discount
108,37476,6,2025-10-08,20:57:00,Completed,Third-party Delivery,Card,,18427.15,Restaurant 006,Fast Food,6,Garden-6,Male,Takeaway,,
109,49832,8,2025-03-08,21:38:00,Completed,Third-party Delivery,Online Wallet,,6619.01,Restaurant 008,Family Restaurant,8,Gulshan-8,Other,Takeaway,,
110,35034,6,2025-02-06,18:36:00,Completed,Dine-in,Card,74,13512.22,Restaurant 006,Fast Food,6,Garden-6,Male,Website/App,Promotion 074,Seasonal
111,10800,16,2025-07-13,13:22:00,Completed,Dine-in,Card,,13415.36,Restaurant 016,Cafe,16,Garden-16,Male,Takeaway,,
112,29833,1,2025-01-26,18:59:00,Completed,Dine-in,Card,,8509.58,Restaurant 001,Casual Dining,1,North-1,Male,Takeaway,,
113,36561,15,2025-11-13,13:29:00,Completed,Takeaway,Card,,15992.45,Restaurant 015,Fast Food,15,Central-15,Female,Third-party Delivery,,
115,12094,3,2025-02-23,18:46:00,Completed,Third-party Delivery,Online Wallet,,13866.86,Restaurant 003,Fast Food,3,East-3,Other,Dine-in,,
116,620,2,2025-12-12,19:59:00,Completed,Takeaway,Card,,16024.92,Restaurant 002,Casual Dining,2,South-2,Other,Website/App,,
117,14258,20,2025-07-31,20:38:00,Completed,Takeaway,Cash,,8585.12,Restaurant 020,Fast Food,20,Korangi-20,Other,Website/App,,
118,30426,2,2025-12-02,14:26:00,Completed,Website/App,Cash,,14936.13,Restaurant 002,Casual Dining,2,South-2,Other,Website/App,,
119,16453,11,2025-12-16,14:37:00,Completed,Third-party Delivery,Online Wallet,,12362.02,Restaurant 011,Cafe,11,North-11,Female,Website/App,,
120,9510,7,2025-08-20,10:23:00,Completed,Third-party Delivery,Card,,13227.19,Restaurant 007,Casual Dining,7,Clifton-7,Female,Takeaway,,
121,1449,1,2025-11-15,13:52:00,Completed,Website/App,Cash,,11936.34,Restaurant 001,Casual Dining,1,North-1,Male,Takeaway,,
122,46983,3,2025-08-31,17:42:00,Completed,Third-party Delivery,Card,,10480.28,Restaurant 003,Fast Food,3,East-3,Male,Website/App,,
123,24983,10,2025-01-25,18:22:00,Completed,Third-party Delivery,,,5061.78,Restaurant 010,Family Restaurant,10,Korangi-10,Female,Website/App,,
124,45825,17,2025-11-14,13:20:00,Completed,Third-party Delivery,Card,81,12533.82,Restaurant 017,Casual Dining,17,Clifton-17,Male,Takeaway,Promotion 081,Percentage Discount
125,49839,15,2025-06-26,21:01:00,Completed,Takeaway,Cash,,20807.9,Restaurant 015,Fast Food,15,Central-15,Male,Takeaway,,
126,5341,2,2025-06-08,21:38:00,Completed,Dine-in,Card,,13219.58,Restaurant 002,Casual Dining,2,South-2,Male,Website/App,,
127,27382,11,2025-12-28,13:16:00,Completed,Website/App,Online Wallet,,10857.65,Restaurant 011,Cafe,11,North-11,Female,Third-party Delivery,,
129,3105,13,2025-07-19,21:57:00,Completed,Website/App,Online Wallet,,7132.17,Restaurant 013,Cafe,13,East-13,Male,Third-party Delivery,,
130,14594,7,2025-04-22,18:14:00,Completed,Dine-in,Card,,12445.06,Restaurant 007,Casual Dining,7,Clifton-7,Female,Takeaway,,
131,19558,6,2025-03-27,14:03:00,Completed,Dine-in,Online Wallet,,14952.57,Restaurant 006,Fast Food,6,Garden-6,Female,Takeaway,,
133,25603,3,2025-01-18,20:43:00,Completed,Dine-in,Online Wallet,,10890.21,Restaurant 003,Fast Food,3,East-3,Female,Takeaway,,
135,470,5,2025-09-24,18:44:00,Completed,Takeaway,Online Wallet,,25076.45,Restaurant 005,Casual Dining,5,Central-5,Male,Website/App,,
136,15326,5,2025-06-27,20:32:00,Completed,Takeaway,Card,,13174.95,Restaurant 005,Casual Dining,5,Central-5,Female,Dine-in,,
138,17838,3,2025-05-21,19:29:00,Completed,Website/App,Cash,,10319.22,Restaurant 003,Fast Food,3,East-3,Other,Takeaway,,
139,47687,20,2025-05-16,18:07:00,Completed,Website/App,Cash,,4357.55,Restaurant 020,Fast Food,20,Korangi-20,Other,Website/App,,
140,35819,2,2025-08-16,12:26:00,Completed,Takeaway,Online Wallet,,16242.63,Restaurant 002,Casual Dining,2,South-2,Other,Third-party Delivery,,
141,1144,5,2025-12-04,20:44:00,Completed,Website/App,Card,,22569.92,Restaurant 005,Casual Dining,5,Central-5,Female,Dine-in,,
142,14667,2,2025-07-09,12:46:00,Completed,Third-party Delivery,Online Wallet,,15211.06,Restaurant 002,Casual Dining,2,South-2,Male,Website/App,,
144,22871,13,2025-02-25,16:48:00,Completed,Website/App,Online Wallet,,11158.75,Restaurant 013,Cafe,13,East-13,Other,Third-party Delivery,,
145,10501,14,2025-01-20,22:02:00,Completed,Website/App,Card,,8998.82,Restaurant 014,Cafe,14,West-14,Female,Dine-in,,
146,23051,19,2025-12-04,22:58:00,Completed,Dine-in,Online Wallet,,4375.21,Restaurant 019,Fast Food,19,Defence-19,Female,Website/App,,
147,2020,11,2025-03-28,18:34:00,Completed,Third-party Delivery,Card,,12417.71,Restaurant 011,Cafe,11,North-11,Male,Dine-in,,
148,38208,11,2025-12-12,14:06:00,Completed,Dine-in,Online Wallet,,12690.59,Restaurant 011,Cafe,11,North-11,Female,Takeaway,,
150,34228,14,2025-08-18,19:23:00,Completed,Third-party Delivery,Online Wallet,,6321.78,Restaurant 014,Cafe,14,West-14,Male,Takeaway,,
151,3254,13,2025-12-21,21:45:00,Completed,Takeaway,Online Wallet,,12005.55,Restaurant 013,Cafe,13,East-13,Other,Takeaway,,
152,42050,15,2025-04-11,21:53:00,Completed,Takeaway,Cash,,13407.14,Restaurant 015,Fast Food,15,Central-15,Other,Takeaway,,
153,46477,6,2025-12-09,19:24:00,Completed,Third-party Delivery,Online Wallet,,13652.65,Restaurant 006,Fast Food,6,Garden-6,Female,Website/App,,
154,39244,20,2025-02-24,17:52:00,Completed,Dine-in,,,5804.94,Restaurant 020,Fast Food,20,Korangi-20,Female,Website/App,,
155,23493,20,2025-05-20,20:18:00,Completed,Takeaway,Cash,,4970.18,Restaurant 020,Fast Food,20,Korangi-20,Female,Takeaway,,
156,15310,1,2025-05-09,16:59:00,Completed,Website/App,Card,,9633.56,Restaurant 001,Casual Dining,1,North-1,Other,Takeaway,,
157,19061,19,2025-12-08,13:56:00,Completed,Takeaway,Cash,,3526.5,Restaurant 019,Fast Food,19,Defence-19,Other,Website/App,,
159,13547,20,2025-07-07,20:38:00,Completed,Takeaway,Card,,5776.73,Restaurant 020,Fast Food,20,Korangi-20,Female,Dine-in,,
161,47736,15,2025-01-10,19:21:00,Completed,Website/App,Cash,,20484.65,Restaurant 015,Fast Food,15,Central-15,Other,Website/App,,
162,31968,9,2025-06-02,14:22:00,Completed,Takeaway,Cash,101,3513.86,Restaurant 009,Cafe,9,Defence-9,Other,Third-party Delivery,Promotion 101,Percentage Discount
163,12654,6,2025-12-28,14:34:00,Completed,Takeaway,Online Wallet,,15197.48,Restaurant 006,Fast Food,6,Garden-6,Female,Dine-in,,
165,46021,19,2025-08-01,13:45:00,Completed,Third-party Delivery,Card,,3787.07,Restaurant 019,Fast Food,19,Defence-19,Other,Website/App,,
166,33171,11,2025-04-14,18:47:00,Completed,Dine-in,Online Wallet,,10782.92,Restaurant 011,Cafe,11,North-11,Female,Website/App,,
167,49727,3,2025-01-04,12:59:00,Completed,Website/App,Card,,14121.75,Restaurant 003,Fast Food,3,East-3,Other,Dine-in,,
168,11991,11,2025-12-20,10:11:00,Completed,Third-party Delivery,Cash,,12979.67,Restaurant 011,Cafe,11,North-11,Male,Third-party Delivery,,
169,25750,18,2025-05-10,21:04:00,Completed,Takeaway,Card,,7522.29,Restaurant 018,Fast Food,18,Gulshan-18,Male,Website/App,,
170,22315,4,2025-06-01,21:38:00,Completed,Third-party Delivery,Card,,8288.33,Restaurant 004,Cafe,4,West-4,Male,Dine-in,,
171,2348,4,2025-07-07,22:20:00,Completed,Dine-in,Online Wallet,,10348.57,Restaurant 004,Cafe,4,West-4,Other,Website/App,,
174,7482,3,2025-02-06,13:44:00,Completed,Takeaway,Card,,14055.23,Restaurant 003,Fast Food,3,East-3,Male,Third-party Delivery,,
176,24597,6,2025-08-20,14:36:00,Completed,Website/App,Card,117,14613.31,Restaurant 006,Fast Food,6,Garden-6,Male,Takeaway,Promotion 117,Bundle
177,49132,3,2025-06-02,20:51:00,Completed,Third-party Delivery,Cash,,10879.37,Restaurant 003,Fast Food,3,East-3,Female,Takeaway,,
178,26997,10,2025-09-06,22:59:00,Completed,Third-party Delivery,Online Wallet,,8530.88,Restaurant 010,Family Restaurant,10,Korangi-10,Other,Takeaway,,
182,7102,7,2025-01-30,18:11:00,Completed,Dine-in,Card,,14461.93,Restaurant 007,Casual Dining,7,Clifton-7,Other,Website/App,,
184,10081,6,2025-05-16,15:27:00,Completed,Dine-in,Card,,14235.62,Restaurant 006,Fast Food,6,Garden-6,Other,Dine-in,,
185,28446,20,2025-08-27,22:17:00,Completed,Third-party Delivery,Online Wallet,113,4610.79,Restaurant 020,Fast Food,20,Korangi-20,Male,Takeaway,Promotion 113,Bundle
186,20541,15,2025-11-24,19:20:00,Completed,Website/App,Online Wallet,93,16772.69,Restaurant 015,Fast Food,15,Central-15,Other,Takeaway,Promotion 093,Percentage Discount
187,12874,17,2025-07-06,17:14:00,Completed,Takeaway,Card,,7588.46,Restaurant 017,Casual Dining,17,Clifton-17,Female,Dine-in,,
188,37903,16,2025-02-16,18:44:00,Completed,Website/App,Cash,,13147.62,Restaurant 016,Cafe,16,Garden-16,Female,Website/App,,
189,13362,20,2025-02-02,12:09:00,Completed,Takeaway,Card,58,7066.68,Restaurant 020,Fast Food,20,Korangi-20,Female,Website/App,Promotion 058,Percentage Discount
190,16145,7,2025-01-15,16:15:00,Completed,Third-party Delivery,Cash,,11543.05,Restaurant 007,Casual Dining,7,Clifton-7,Other,Takeaway,,
191,16412,9,2025-09-07,13:43:00,Completed,Dine-in,Online Wallet,50,5053.08,Restaurant 009,Cafe,9,Defence-9,Female,Takeaway,Promotion 050,Seasonal
193,4589,7,2025-02-25,13:28:00,Completed,Website/App,Online Wallet,,15203.17,Restaurant 007,Casual Dining,7,Clifton-7,Male,Third-party Delivery,,
197,22,11,2025-11-29,19:07:00,Completed,Third-party Delivery,Cash,,9228.35,Restaurant 011,Cafe,11,North-11,Other,Dine-in,,
198,20338,1,2025-12-27,18:14:00,Completed,Dine-in,Card,,14981.86,Restaurant 001,Casual Dining,1,North-1,Male,Third-party Delivery,,
200,39346,15,2025-07-08,19:51:00,Completed,Dine-in,Cash,,19749.51,Restaurant 015,Fast Food,15,Central-15,Female,Dine-in,,
201,44137,8,2025-02-01,12:47:00,Completed,Website/App,Cash,,6581.0,Restaurant 008,Family Restaurant,8,Gulshan-8,Female,Third-party Delivery,,
202,38750,16,2025-02-10,22:49:00,Completed,Takeaway,Online Wallet,,15714.05,Restaurant 016,Cafe,16,Garden-16,Male,Third-party Delivery,,
205,2878,5,2025-09-14,18:55:00,Completed,Third-party Delivery,,,13746.7,Restaurant 005,Casual Dining,5,Central-5,Male,Website/App,,
206,31118,12,2025-01-19,14:57:00,Completed,Takeaway,Card,,22735.1,Restaurant 012,Fast Food,12,South-12,Male,Takeaway,,
207,21801,10,2025-09-01,14:03:00,Completed,Dine-in,Online Wallet,,8373.27,Restaurant 010,Family Restaurant,10,Korangi-10,Male,Takeaway,,
209,45045,4,2025-04-07,21:37:00,Completed,Third-party Delivery,Online Wallet,,9308.07,Restaurant 004,Cafe,4,West-4,Female,Takeaway,,
210,13203,10,2025-10-28,20:21:00,Completed,Third-party Delivery,Cash,,6207.29,Restaurant 010,Family Restaurant,10,Korangi-10,Female,Third-party Delivery,,
212,29198,18,2025-08-14,18:19:00,Completed,Dine-in,Cash,,9753.26,Restaurant 018,Fast Food,18,Gulshan-18,Female,Dine-in,,
213,29489,16,2025-08-24,12:13:00,Completed,Website/App,Online Wallet,,11696.27,Restaurant 016,Cafe,16,Garden-16,Other,Takeaway,,
215,32700,20,2025-06-23,22:39:00,Completed,Dine-in,Cash,,10212.22,Restaurant 020,Fast Food,20,Korangi-20,Female,Takeaway,,
216,18148,15,2025-06-09,12:29:00,Completed,Takeaway,Cash,,17491.33,Restaurant 015,Fast Food,15,Central-15,Male,Website/App,,
217,20780,4,2025-06-04,22:02:00,Completed,Third-party Delivery,Cash,,7173.22,Restaurant 004,Cafe,4,West-4,Male,Takeaway,,
219,2855,6,2025-04-14,18:44:00,Completed,Third-party Delivery,Online Wallet,,14276.67,Restaurant 006,Fast Food,6,Garden-6,Female,Website/App,,
220,27759,7,2025-01-17,18:15:00,Completed,Website/App,Cash,,9639.85,Restaurant 007,Casual Dining,7,Clifton-7,Female,Takeaway,,
221,31214,10,2025-07-31,21:16:00,Completed,Dine-in,Online Wallet,,5407.01,Restaurant 010,Family Restaurant,10,Korangi-10,Male,Dine-in,,
222,6932,1,2025-11-14,21:18:00,Completed,Takeaway,Cash,67,7832.11,Restaurant 001,Casual Dining,1,North-1,Other,Dine-in,Promotion 067,Percentage Discount
223,40547,10,2025-07-18,17:24:00,Completed,Third-party Delivery,Cash,116,6620.48,Restaurant 010,Family Restaurant,10,Korangi-10,Male,Website/App,Promotion 116,Percentage Discount
224,1711,4,2025-06-06,16:02:00,Completed,Dine-in,Online Wallet,,9978.77,Restaurant 004,Cafe,4,West-4,Male,Website/App,,
225,1906,7,2025-12-14,12:19:00,Completed,Takeaway,Online Wallet,77,12141.42,Restaurant 007,Casual Dining,7,Clifton-7,Other,Website/App,Promotion 077,Bundle
226,8619,12,2025-03-06,19:12:00,Completed,Dine-in,Online Wallet,,22468.45,Restaurant 012,Fast Food,12,South-12,Female,Dine-in,,
227,14638,20,2025-01-22,21:07:00,Completed,Third-party Delivery,Cash,,5188.26,Restaurant 020,Fast Food,20,Korangi-20,Other,Dine-in,,
229,28451,16,2025-09-05,13:57:00,Completed,Takeaway,Online Wallet,17,11144.1,Restaurant 016,Cafe,16,Garden-16,Female,Website/App,Promotion 017,Seasonal
231,38137,8,2025-08-18,19:24:00,Completed,Website/App,Card,55,6580.61,Restaurant 008,Family Restaurant,8,Gulshan-8,Other,Takeaway,Promotion 055,Seasonal
232,43003,19,2025-04-23,12:25:00,Completed,Takeaway,Card,,2845.84,Restaurant 019,Fast Food,19,Defence-19,Female,Third-party Delivery,,
233,40792,2,2025-09-11,21:38:00,Completed,Takeaway,Card,4,12818.88,Restaurant 002,Casual Dining,2,South-2,Other,Takeaway,Promotion 004,Seasonal
235,23598,17,2025-02-03,21:24:00,Completed,Dine-in,Card,,11150.13,Restaurant 017,Casual Dining,17,Clifton-17,Male,Website/App,,
236,39304,14,2025-10-19,12:23:00,Completed,Takeaway,Cash,,8836.54,Restaurant 014,Cafe,14,West-14,Other,Third-party Delivery,,
237,20767,16,2025-04-18,11:37:00,Completed,Takeaway,Cash,,13285.01,Restaurant 016,Cafe,16,Garden-16,Female,Takeaway,,
238,45140,20,2025-08-14,13:54:00,Completed,Website/App,Online Wallet,,5431.05,Restaurant 020,Fast Food,20,Korangi-20,Female,Website/App,,
239,31950,19,2025-07-07,14:27:00,Completed,Website/App,Cash,,4066.86,Restaurant 019,Fast Food,19,Defence-19,Other,Dine-in,,
240,21736,6,2025-11-15,12:07:00,Completed,Dine-in,Card,,18667.54,Restaurant 006,Fast Food,6,Garden-6,Other,Third-party Delivery,,
241,38113,13,2025-02-10,21:26:00,Completed,Dine-in,Online Wallet,21,8905.04,Restaurant 013,Cafe,13,East-13,Male,Takeaway,Promotion 021,Seasonal
242,10072,10,2025-06-08,12:05:00,Completed,Website/App,Cash,15,9334.74,Restaurant 010,Family Restaurant,10,Korangi-10,Other,Dine-in,Promotion 015,Percentage Discount
245,19825,4,2025-11-11,12:04:00,Completed,Takeaway,Online Wallet,,12343.54,Restaurant 004,Cafe,4,West-4,Other,Third-party Delivery,,
246,24226,5,2025-08-03,20:48:00,Completed,Dine-in,Cash,,14233.71,Restaurant 005,Casual Dining,5,Central-5,Female,Dine-in,,
247,37293,13,2025-09-10,20:03:00,Completed,Third-party Delivery,Card,,7596.86,Restaurant 013,Cafe,13,East-13,Other,Third-party Delivery,,
249,7522,13,2025-06-07,19:40:00,Completed,Website/App,Card,,8999.78,Restaurant 013,Cafe,13,East-13,Male,Website/App,,
250,35113,6,2025-09-02,21:39:00,Completed,Third-party Delivery,Online Wallet,117,16443.57,Restaurant 006,Fast Food,6,Garden-6,Female,Third-party Delivery,Promotion 117,Bundle
251,27691,11,2025-08-29,20:14:00,Completed,Dine-in,Card,120,13945.29,Restaurant 011,Cafe,11,North-11,Other,Dine-in,Promotion 120,Seasonal
252,5407,8,2025-06-16,21:23:00,Completed,Third-party Delivery,Cash,,7718.46,Restaurant 008,Family Restaurant,8,Gulshan-8,Female,Third-party Delivery,,
253,16655,13,2025-12-06,21:33:00,Completed,Website/App,Card,62,7996.75,Restaurant 013,Cafe,13,East-13,Male,Dine-in,Promotion 062,Seasonal
255,8168,1,2025-11-20,12:40:00,Completed,Takeaway,Online Wallet,110,9448.8,Restaurant 001,Casual Dining,1,North-1,Male,Third-party Delivery,Promotion 110,Percentage Discount
256,44926,13,2025-12-01,14:19:00,Completed,Takeaway,Online Wallet,62,15637.39,Restaurant 013,Cafe,13,East-13,Other,Dine-in,Promotion 062,Seasonal
257,19016,5,2025-07-21,21:34:00,Completed,Dine-in,Cash,,12809.92,Restaurant 005,Casual Dining,5,Central-5,Female,Dine-in,,
258,11437,18,2025-05-30,19:18:00,Completed,Takeaway,Online Wallet,97,7540.98,Restaurant 018,Fast Food,18,Gulshan-18,Other,Dine-in,Promotion 097,Seasonal
259,1590,18,2025-11-06,17:35:00,Completed,Website/App,Cash,,8005.63,Restaurant 018,Fast Food,18,Gulshan-18,Other,Dine-in,,
260,1354,9,2025-07-15,12:55:00,Completed,Third-party Delivery,Card,,5163.21,Restaurant 009,Cafe,9,Defence-9,Female,Takeaway,,
261,14624,12,2025-09-14,09:03:00,Completed,Takeaway,Card,,12544.53,Restaurant 012,Fast Food,12,South-12,Female,Dine-in,,
262,14961,2,2025-06-23,13:21:00,Completed,Dine-in,Card,,16226.23,Restaurant 002,Casual Dining,2,South-2,Male,Website/App,,
263,39541,6,2025-02-17,21:51:00,Completed,Website/App,Online Wallet,74,13111.76,Restaurant 006,Fast Food,6,Garden-6,Other,Takeaway,Promotion 074,Seasonal
264,42146,2,2025-06-07,17:39:00,Completed,Takeaway,Online Wallet,,20812.93,Restaurant 002,Casual Dining,2,South-2,Female,Dine-in,,
265,21787,8,2025-02-04,14:59:00,Completed,Website/App,Card,1,8134.86,Restaurant 008,Family Restaurant,8,Gulshan-8,Female,Website/App,Promotion 001,Percentage Discount
266,46681,12,2025-09-18,21:40:00,Completed,Third-party Delivery,Cash,,17909.0,Restaurant 012,Fast Food,12,South-12,Male,Website/App,,
267,34303,16,2025-06-28,18:56:00,Completed,Third-party Delivery,Online Wallet,,11933.97,Restaurant 016,Cafe,16,Garden-16,Male,Dine-in,,
268,43366,10,2025-03-07,15:53:00,Completed,Dine-in,Online Wallet,2,4288.73,Restaurant 010,Family Restaurant,10,Korangi-10,Male,Takeaway,Promotion 002,Bundle
269,16711,8,2025-03-23,22:17:00,Completed,Website/App,Card,,6463.57,Restaurant 008,Family Restaurant,8,Gulshan-8,Other,Takeaway,,
270,42096,3,2025-08-23,21:26:00,Completed,Website/App,Cash,,11159.45,Restaurant 003,Fast Food,3,East-3,Male,Takeaway,,
272,685,14,2025-05-31,22:08:00,Completed,Third-party Delivery,Card,,14645.13,Restaurant 014,Cafe,14,West-14,Other,Takeaway,,
273,14936,2,2025-01-01,21:21:00,Completed,Website/App,Card,,23238.95,Restaurant 002,Casual Dining,2,South-2,Other,Takeaway,,
275,24852,14,2025-07-05,22:59:00,Completed,Website/App,Cash,,10071.41,Restaurant 014,Cafe,14,West-14,Other,Takeaway,,
276,253,12,2025-11-09,18:47:00,Completed,Takeaway,Card,,23097.24,Restaurant 012,Fast Food,12,South-12,Other,Takeaway,,
277,48616,12,2025-09-15,21:55:00,Completed,Website/App,Card,23,21901.49,Restaurant 012,Fast Food,12,South-12,Female,Dine-in,Promotion 023,Seasonal
278,10346,6,2025-06-16,14:30:00,Completed,Dine-in,Online Wallet,,18727.06,Restaurant 006,Fast Food,6,Garden-6,Other,Website/App,,
279,43351,5,2025-05-01,20:26:00,Completed,Website/App,Cash,,14960.74,Restaurant 005,Casual Dining,5,Central-5,Female,Takeaway,,
280,35156,11,2025-11-29,21:17:00,Completed,Takeaway,Card,,13977.8,Restaurant 011,Cafe,11,North-11,Male,Dine-in,,
281,36060,20,2025-12-15,10:05:00,Completed,Website/App,Card,,3637.16,Restaurant 020,Fast Food,20,Korangi-20,Female,Takeaway,,
282,8282,17,2025-10-27,20:27:00,Completed,Website/App,Cash,,14796.04,Restaurant 017,Casual Dining,17,Clifton-17,Other,Dine-in,,
283,18467,2,2025-01-26,21:23:00,Completed,Third-party Delivery,Cash,,19722.81,Restaurant 002,Casual Dining,2,South-2,Female,Takeaway,,
284,45470,12,2025-01-30,22:06:00,Completed,Dine-in,Cash,,23251.48,Restaurant 012,Fast Food,12,South-12,Male,Dine-in,,
285,8960,20,2025-03-07,18:51:00,Completed,Takeaway,Card,,7363.97,Restaurant 020,Fast Food,20,Korangi-20,Other,Third-party Delivery,,
286,17904,18,2025-01-09,13:46:00,Completed,Third-party Delivery,Cash,,8183.04,Restaurant 018,Fast Food,18,Gulshan-18,Male,Website/App,,
287,38357,12,2025-11-03,19:06:00,Completed,Takeaway,Cash,,20703.87,Restaurant 012,Fast Food,12,South-12,Male,Third-party Delivery,,
291,23917,16,2025-12-17,09:58:00,Completed,Website/App,Online Wallet,,10234.94,Restaurant 016,Cafe,16,Garden-16,Other,Takeaway,,
292,31208,8,2025-11-07,18:23:00,Completed,Dine-in,Online Wallet,,5567.99,Restaurant 008,Family Restaurant,8,Gulshan-8,Other,Third-party Delivery,,
293,10050,12,2025-09-13,19:56:00,Completed,Third-party Delivery,Cash,,23170.0,Restaurant 012,Fast Food,12,South-12,Other,Third-party Delivery,,
294,5454,9,2025-06-25,18:15:00,Completed,Dine-in,Cash,56,3992.21,Restaurant 009,Cafe,9,Defence-9,Male,Website/App,Promotion 056,Percentage Discount
295,11443,15,2025-05-16,21:40:00,Completed,Third-party Delivery,Cash,22,16457.6,Restaurant 015,Fast Food,15,Central-15,Female,Takeaway,Promotion 022,Seasonal
296,19095,11,2025-06-12,20:16:00,Completed,Website/App,Online Wallet,,10450.78,Restaurant 011,Cafe,11,North-11,Other,Dine-in,,
298,39332,7,2025-03-10,14:07:00,Completed,Website/App,Online Wallet,,12827.39,Restaurant 007,Casual Dining,7,Clifton-7,Other,Dine-in,,
302,43531,6,2025-10-30,09:59:00,Completed,Website/App,Cash,7,9416.9,Restaurant 006,Fast Food,6,Garden-6,Female,Third-party Delivery,Promotion 007,Bundle
304,49337,17,2025-03-26,15:21:00,Completed,Website/App,Card,,13473.13,Restaurant 017,Casual Dining,17,Clifton-17,Other,Dine-in,,
305,998,10,2025-06-08,18:18:00,Completed,Takeaway,Card,,5404.0,Restaurant 010,Family Restaurant,10,Korangi-10,Female,Dine-in,,
306,17677,14,2025-10-01,15:34:00,Completed,Third-party Delivery,Online Wallet,,6594.19,Restaurant 014,Cafe,14,West-14,Male,Dine-in,,
307,48936,10,2025-12-26,21:43:00,Completed,Takeaway,Card,,4454.32,Restaurant 010,Family Restaurant,10,Korangi-10,Female,Third-party Delivery,,
309,2968,7,2025-08-29,21:40:00,Completed,Dine-in,Card,,10280.72,Restaurant 007,Casual Dining,7,Clifton-7,Other,Dine-in,,
310,6398,13,2025-12-26,16:57:00,Completed,Website/App,Cash,62,10628.68,Restaurant 013,Cafe,13,East-13,Other,Dine-in,Promotion 062,Seasonal
311,2881,4,2025-07-23,16:08:00,Completed,Takeaway,Card,,8486.79,Restaurant 004,Cafe,4,West-4,Female,Takeaway,,
313,21274,9,2025-01-15,20:30:00,Completed,Takeaway,Cash,,5654.46,Restaurant 009,Cafe,9,Defence-9,Female,Takeaway,,
314,38444,9,2025-08-14,19:00:00,Completed,Website/App,Online Wallet,50,4692.16,Restaurant 009,Cafe,9,Defence-9,Male,Dine-in,Promotion 050,Seasonal
315,33666,9,2025-04-20,22:22:00,Completed,Website/App,Online Wallet,,4651.14,Restaurant 009,Cafe,9,Defence-9,Male,Dine-in,,
316,36828,17,2025-05-04,19:31:00,Completed,Dine-in,Cash,,13818.15,Restaurant 017,Casual Dining,17,Clifton-17,Male,Third-party Delivery,,
317,17253,1,2025-08-27,22:03:00,Completed,Website/App,Card,105,10862.86,Restaurant 001,Casual Dining,1,North-1,Male,Dine-in,Promotion 105,Percentage Discount
318,39517,8,2025-06-24,20:37:00,Completed,Takeaway,Cash,,5437.6,Restaurant 008,Family Restaurant,8,Gulshan-8,Other,Dine-in,,
319,39575,13,2025-11-22,21:50:00,Completed,Website/App,Online Wallet,,6339.89,Restaurant 013,Cafe,13,East-13,Male,Website/App,,
320,16823,12,2025-03-15,18:54:00,Completed,Website/App,Cash,38,14557.68,Restaurant 012,Fast Food,12,South-12,Other,Third-party Delivery,Promotion 038,Percentage Discount
321,39144,10,2025-09-03,12:38:00,Completed,Dine-in,Cash,,8443.14,Restaurant 010,Family Restaurant,10,Korangi-10,Male,Takeaway,,
322,35869,9,2025-06-05,13:18:00,Completed,Third-party Delivery,Cash,,3576.07,Restaurant 009,Cafe,9,Defence-9,Male,Third-party Delivery,,
323,47142,4,2025-01-23,21:09:00,Completed,Website/App,Cash,,7177.27,Restaurant 004,Cafe,4,West-4,Other,Dine-in,,
324,41025,20,2025-11-29,18:18:00,Completed,Dine-in,Card,,4261.81,Restaurant 020,Fast Food,20,Korangi-20,Female,Takeaway,,
326,48969,4,2025-07-21,21:24:00,Completed,Takeaway,Card,,9679.5,Restaurant 004,Cafe,4,West-4,Other,Third-party Delivery,,
327,16262,2,2025-12-25,21:55:00,Completed,Third-party Delivery,Cash,,15520.02,Restaurant 002,Casual Dining,2,South-2,Male,Third-party Delivery,,
328,37499,20,2025-09-18,20:41:00,Completed,Third-party Delivery,Cash,,4453.26,Restaurant 020,Fast Food,20,Korangi-20,Other,Dine-in,,
329,19841,16,2025-07-01,14:46:00,Completed,Takeaway,Online Wallet,,12229.19,Restaurant 016,Cafe,16,Garden-16,Male,Third-party Delivery,,
330,19643,20,2025-03-05,20:06:00,Completed,Takeaway,Cash,,3599.69,Restaurant 020,Fast Food,20,Korangi-20,Female,Takeaway,,
331,46709,1,2025-12-25,21:29:00,Completed,Dine-in,Cash,,10122.29,Restaurant 001,Casual Dining,1,North-1,Female,Website/App,,
332,26399,2,2025-07-12,12:55:00,Completed,Dine-in,Card,,11397.97,Restaurant 002,Casual Dining,2,South-2,Male,Dine-in,,
334,10441,4,2025-03-16,21:00:00,Completed,Website/App,Cash,,5879.97,Restaurant 004,Cafe,4,West-4,Female,Takeaway,,
335,32137,11,2025-05-04,18:35:00,Completed,Third-party Delivery,Card,,9677.09,Restaurant 011,Cafe,11,North-11,Male,Takeaway,,
336,2572,8,2025-09-02,18:54:00,Completed,Dine-in,Online Wallet,,7210.56,Restaurant 008,Family Restaurant,8,Gulshan-8,Other,Dine-in,,
337,34813,6,2025-11-12,09:17:00,Completed,Third-party Delivery,Online Wallet,,15673.21,Restaurant 006,Fast Food,6,Garden-6,Other,Website/App,,
338,25956,6,2025-09-16,15:02:00,Completed,Takeaway,Online Wallet,,14758.46,Restaurant 006,Fast Food,6,Garden-6,Male,Takeaway,,
339,14528,9,2025-10-26,17:49:00,Completed,Website/App,Cash,,3153.7,Restaurant 009,Cafe,9,Defence-9,Other,Dine-in,,
342,33741,4,2025-04-24,20:31:00,Completed,Dine-in,Card,,9696.14,Restaurant 004,Cafe,4,West-4,Female,Dine-in,,
343,29400,1,2025-12-17,18:01:00,Completed,Website/App,Card,110,12254.79,Restaurant 001,Casual Dining,1,North-1,Female,Website/App,Promotion 110,Percentage Discount
344,26601,18,2025-11-28,14:30:00,Completed,Takeaway,Cash,,8840.33,Restaurant 018,Fast Food,18,Gulshan-18,Female,Website/App,,
345,42358,5,2025-12-03,13:59:00,Completed,Website/App,Online Wallet,,17511.39,Restaurant 005,Casual Dining,5,Central-5,Male,Takeaway,,
346,20218,15,2025-01-17,14:44:00,Completed,Website/App,Online Wallet,,13689.19,Restaurant 015,Fast Food,15,Central-15,Female,Takeaway,,
347,27292,10,2025-03-18,15:57:00,Completed,Dine-in,Online Wallet,,6708.98,Restaurant 010,Family Restaurant,10,Korangi-10,Other,Third-party Delivery,,
348,33452,9,2025-05-19,18:00:00,Completed,Dine-in,Online Wallet,,4844.16,Restaurant 009,Cafe,9,Defence-9,Female,Website/App,,
349,29497,3,2025-04-22,12:42:00,Completed,Website/App,Cash,,9378.63,Restaurant 003,Fast Food,3,East-3,Other,Website/App,,
351,22533,19,2025-10-23,18:14:00,Completed,Website/App,Cash,,3524.63,Restaurant 019,Fast Food,19,Defence-19,Male,Dine-in,,
352,8630,12,2025-12-04,20:16:00,Completed,Website/App,Card,,22386.63,Restaurant 012,Fast Food,12,South-12,Male,Dine-in,,
353,24115,3,2025-05-06,18:53:00,Completed,Takeaway,Card,,15449.64,Restaurant 003,Fast Food,3,East-3,Male,Website/App,,
354,21702,16,2025-06-05,22:46:00,Completed,Third-party Delivery,Online Wallet,72,9042.39,Restaurant 016,Cafe,16,Garden-16,Other,Dine-in,Promotion 072,Percentage Discount
356,27915,19,2025-12-20,20:19:00,Completed,Dine-in,Online Wallet,,3276.05,Restaurant 019,Fast Food,19,Defence-19,Male,Takeaway,,
357,32685,6,2025-07-30,21:22:00,Completed,Website/App,Online Wallet,,15877.47,Restaurant 006,Fast Food,6,Garden-6,Female,Website/App,,
359,3985,9,2025-09-12,21:50:00,Completed,Takeaway,Cash,,5170.14,Restaurant 009,Cafe,9,Defence-9,Other,Dine-in,,
360,25898,19,2025-11-09,20:08:00,Completed,Takeaway,Cash,,3586.63,Restaurant 019,Fast Food,19,Defence-19,Female,Takeaway,,
361,40088,9,2025-03-29,18:37:00,Completed,Dine-in,Card,,3117.89,Restaurant 009,Cafe,9,Defence-9,Other,Dine-in,,
362,3885,11,2025-07-20,16:02:00,Completed,Website/App,Online Wallet,,12839.59,Restaurant 011,Cafe,11,North-11,Male,Website/App,,
363,5013,20,2025-06-06,21:32:00,Completed,Dine-in,Cash,45,5154.12,Restaurant 020,Fast Food,20,Korangi-20,Male,Website/App,Promotion 045,Bundle
364,7576,20,2025-11-18,18:09:00,Completed,Third-party Delivery,Card,,3856.21,Restaurant 020,Fast Food,20,Korangi-20,Male,Dine-in,,
365,15266,19,2025-10-18,20:19:00,Completed,Third-party Delivery,Cash,,2289.69,Restaurant 019,Fast Food,19,Defence-19,Female,Website/App,,
366,38713,20,2025-11-08,20:30:00,Completed,Takeaway,,84,6367.34,Restaurant 020,Fast Food,20,Korangi-20,Female,Third-party Delivery,Promotion 084,Seasonal
367,29401,18,2025-06-29,13:17:00,Completed,Third-party Delivery,Card,83,9354.2,Restaurant 018,Fast Food,18,Gulshan-18,Male,Website/App,Promotion 083,Seasonal
368,19124,14,2025-10-31,13:03:00,Completed,Dine-in,Cash,,8878.33,Restaurant 014,Cafe,14,West-14,Male,Third-party Delivery,,
369,32852,13,2025-01-15,09:16:00,Completed,Website/App,Online Wallet,,10691.55,Restaurant 013,Cafe,13,East-13,Female,Takeaway,,
370,8504,2,2025-06-08,20:36:00,Completed,Dine-in,Online Wallet,,22078.51,Restaurant 002,Casual Dining,2,South-2,Other,Takeaway,,
372,19610,1,2025-08-23,13:26:00,Completed,Third-party Delivery,Online Wallet,,10036.59,Restaurant 001,Casual Dining,1,North-1,Other,Takeaway,,
374,20475,4,2025-06-12,21:52:00,Completed,Website/App,Card,,5559.4,Restaurant 004,Cafe,4,West-4,Other,Third-party Delivery,,
375,16332,2,2025-12-28,18:07:00,Completed,Website/App,Card,,23785.2,Restaurant 002,Casual Dining,2,South-2,Female,Third-party Delivery,,
377,48745,20,2025-05-13,13:37:00,Completed,Third-party Delivery,Online Wallet,29,3611.24,Restaurant 020,Fast Food,20,Korangi-20,Male,Takeaway,Promotion 029,Seasonal
378,18296,19,2025-02-27,21:45:00,Completed,Takeaway,Cash,,3936.8,Restaurant 019,Fast Food,19,Defence-19,Female,Third-party Delivery,,
379,27108,17,2025-12-27,22:58:00,Completed,Website/App,Online Wallet,,12827.88,Restaurant 017,Casual Dining,17,Clifton-17,Female,Third-party Delivery,,
380,13575,9,2025-02-15,14:25:00,Completed,Dine-in,Online Wallet,,6100.46,Restaurant 009,Cafe,9,Defence-9,Male,Third-party Delivery,,
381,13602,8,2025-10-07,19:47:00,Completed,Takeaway,Online Wallet,,6604.89,Restaurant 008,Family Restaurant,8,Gulshan-8,Male,Dine-in,,
383,19685,15,2025-12-21,21:13:00,Completed,Third-party Delivery,Online Wallet,,19351.04,Restaurant 015,Fast Food,15,Central-15,Female,Dine-in,,
384,18694,7,2025-01-13,14:39:00,Completed,Third-party Delivery,Cash,,9999.94,Restaurant 007,Casual Dining,7,Clifton-7,Other,Website/App,,
385,35321,20,2025-03-09,19:42:00,Completed,Website/App,Cash,29,6909.3,Restaurant 020,Fast Food,20,Korangi-20,Other,Third-party Delivery,Promotion 029,Seasonal
386,34044,20,2025-06-06,18:55:00,Completed,Takeaway,Cash,,5795.56,Restaurant 020,Fast Food,20,Korangi-20,Male,Website/App,,
387,31701,9,2025-08-31,14:28:00,Completed,Takeaway,Card,,4874.93,Restaurant 009,Cafe,9,Defence-9,Other,Website/App,,
388,30783,1,2025-10-30,12:10:00,Completed,Takeaway,Card,,12282.31,Restaurant 001,Casual Dining,1,North-1,Other,Third-party Delivery,,
389,18800,17,2025-06-28,13:28:00,Completed,Third-party Delivery,Card,,8556.99,Restaurant 017,Casual Dining,17,Clifton-17,Male,Dine-in,,
390,8234,20,2025-03-31,15:23:00,Completed,Website/App,Card,,4441.68,Restaurant 020,Fast Food,20,Korangi-20,Male,Dine-in,,
393,6171,4,2025-01-31,16:12:00,Completed,Dine-in,Online Wallet,,6800.65,Restaurant 004,Cafe,4,West-4,Male,Third-party Delivery,,
395,31541,17,2025-08-14,21:59:00,Completed,Takeaway,Online Wallet,,14839.4,Restaurant 017,Casual Dining,17,Clifton-17,Female,Third-party Delivery,,
396,37516,5,2025-02-14,21:36:00,Completed,Third-party Delivery,Online Wallet,,13372.95,Restaurant 005,Casual Dining,5,Central-5,Female,Takeaway,,
397,46108,15,2025-11-13,20:28:00,Completed,Website/App,Card,,18740.56,Restaurant 015,Fast Food,15,Central-15,Other,Takeaway,,
398,43816,10,2025-05-04,13:12:00,Completed,Dine-in,Online Wallet,,6837.58,Restaurant 010,Family Restaurant,10,Korangi-10,Male,Dine-in,,
399,29647,20,2025-01-02,22:20:00,Completed,Third-party Delivery,Card,58,5889.31,Restaurant 020,Fast Food,20,Korangi-20,Male,Third-party Delivery,Promotion 058,Percentage Discount
400,28688,14,2025-03-10,21:00:00,Completed,Third-party Delivery,Online Wallet,,10210.01,Restaurant 014,Cafe,14,West-14,Male,Takeaway,,
401,8647,5,2025-01-11,18:19:00,Completed,Third-party Delivery,Online Wallet,,16229.77,Restaurant 005,Casual Dining,5,Central-5,Other,Website/App,,
402,43057,2,2025-10-26,15:32:00,Completed,Third-party Delivery,Online Wallet,,12752.1,Restaurant 002,Casual Dining,2,South-2,Male,Takeaway,,
403,34135,3,2025-02-18,19:41:00,Completed,Dine-in,Cash,18,10183.69,Restaurant 003,Fast Food,3,East-3,Male,Third-party Delivery,Promotion 018,Seasonal
404,27556,1,2025-12-07,10:17:00,Completed,Third-party Delivery,Cash,,10627.19,Restaurant 001,Casual Dining,1,North-1,Male,Dine-in,,
407,18025,9,2025-06-29,13:42:00,Completed,Takeaway,Card,,4224.14,Restaurant 009,Cafe,9,Defence-9,Other,Website/App,,
408,2379,5,2025-01-01,18:54:00,Completed,Dine-in,Card,,17316.56,Restaurant 005,Casual Dining,5,Central-5,Other,Dine-in,,
409,12161,4,2025-08-28,15:56:00,Completed,Takeaway,Card,,9108.28,Restaurant 004,Cafe,4,West-4,Other,Takeaway,,
410,31122,14,2025-12-26,18:19:00,Completed,Website/App,Cash,,6117.87,Restaurant 014,Cafe,14,West-14,Male,Takeaway,,
411,46244,20,2025-05-13,12:19:00,Completed,Third-party Delivery,Card,,5563.8,Restaurant 020,Fast Food,20,Korangi-20,Female,Dine-in,,
412,8197,3,2025-06-15,13:09:00,Completed,Website/App,Card,,14162.31,Restaurant 003,Fast Food,3,East-3,Other,Website/App,,
413,2374,6,2025-10-25,11:03:00,Completed,Dine-in,Cash,,18523.08,Restaurant 006,Fast Food,6,Garden-6,Female,Takeaway,,
417,29413,10,2025-09-17,15:18:00,Completed,Takeaway,Online Wallet,,6786.09,Restaurant 010,Family Restaurant,10,Korangi-10,Female,Dine-in,,
419,11642,4,2025-08-30,12:17:00,Completed,Third-party Delivery,Cash,,8570.79,Restaurant 004,Cafe,4,West-4,Other,Third-party Delivery,,
420,8212,19,2025-07-05,21:02:00,Completed,Takeaway,Online Wallet,,2521.54,Restaurant 019,Fast Food,19,Defence-19,Male,Third-party Delivery,,
421,8516,10,2025-03-24,20:05:00,Completed,Third-party Delivery,Online Wallet,2,5928.84,Restaurant 010,Family Restaurant,10,Korangi-10,Other,Third-party Delivery,Promotion 002,Bundle
423,28573,6,2025-06-19,18:54:00,Completed,Takeaway,Online Wallet,,15068.82,Restaurant 006,Fast Food,6,Garden-6,Female,Takeaway,,
424,46698,9,2025-06-27,12:20:00,Completed,Takeaway,Card,101,4732.63,Restaurant 009,Cafe,9,Defence-9,Other,Third-party Delivery,Promotion 101,Percentage Discount
425,45601,7,2025-02-06,20:23:00,Completed,Website/App,Online Wallet,,10529.55,Restaurant 007,Casual Dining,7,Clifton-7,Female,Third-party Delivery,,
426,10795,7,2025-05-10,18:53:00,Completed,Dine-in,Cash,,13962.45,Restaurant 007,Casual Dining,7,Clifton-7,Female,Website/App,,
427,48600,19,2025-12-04,20:04:00,Completed,Third-party Delivery,Cash,,3672.94,Restaurant 019,Fast Food,19,Defence-19,Female,Third-party Delivery,,
428,27307,7,2025-10-24,22:32:00,Completed,Website/App,Online Wallet,,11518.29,Restaurant 007,Casual Dining,7,Clifton-7,Other,Takeaway,,
429,11948,5,2025-03-13,13:07:00,Completed,Takeaway,Card,,18482.29,Restaurant 005,Casual Dining,5,Central-5,Other,Dine-in,,
430,11386,3,2025-04-12,10:54:00,Completed,Website/App,Cash,,14119.47,Restaurant 003,Fast Food,3,East-3,Male,Website/App,,
431,46511,17,2025-11-05,20:37:00,Completed,Third-party Delivery,Card,,11861.97,Restaurant 017,Casual Dining,17,Clifton-17,Other,Takeaway,,
432,32775,14,2025-06-19,17:45:00,Completed,Takeaway,Online Wallet,,9711.53,Restaurant 014,Cafe,14,West-14,Male,Website/App,,
434,41772,1,2025-12-09,16:43:00,Completed,Dine-in,Card,110,10318.26,Restaurant 001,Casual Dining,1,North-1,Male,Website/App,Promotion 110,Percentage Discount
436,38636,2,2025-06-24,20:24:00,Completed,Takeaway,Cash,,14011.72,Restaurant 002,Casual Dining,2,South-2,Male,Dine-in,,
437,13652,17,2025-12-05,11:48:00,Completed,Dine-in,Cash,,10716.39,Restaurant 017,Casual Dining,17,Clifton-17,Other,Dine-in,,
439,44779,2,2025-03-15,18:06:00,Completed,Dine-in,Cash,51,14493.29,Restaurant 002,Casual Dining,2,South-2,Female,Dine-in,Promotion 051,Seasonal
440,26341,18,2025-05-28,19:42:00,Completed,Takeaway,Cash,,6121.64,Restaurant 018,Fast Food,18,Gulshan-18,Other,Takeaway,,
442,24232,20,2025-04-19,19:26:00,Completed,Takeaway,Online Wallet,,5641.58,Restaurant 020,Fast Food,20,Korangi-20,Other,Dine-in,,
443,3812,14,2025-01-22,19:59:00,Completed,Takeaway,Online Wallet,,7258.3,Restaurant 014,Cafe,14,West-14,Other,Third-party Delivery,,
444,18877,6,2025-01-05,12:50:00,Completed,Takeaway,Online Wallet,108,22123.68,Restaurant 006,Fast Food,6,Garden-6,Other,Dine-in,Promotion 108,Percentage Discount
445,49279,20,2025-08-08,12:44:00,Completed,Third-party Delivery,Online Wallet,,5130.36,Restaurant 020,Fast Food,20,Korangi-20,Female,Third-party Delivery,,
446,33233,20,2025-08-26,21:36:00,Completed,Third-party Delivery,Cash,,5131.63,Restaurant 020,Fast Food,20,Korangi-20,Other,Third-party Delivery,,
447,46428,2,2025-01-05,17:32:00,Completed,Takeaway,Cash,,14114.22,Restaurant 002,Casual Dining,2,South-2,Other,Website/App,,
448,34129,8,2025-05-16,19:32:00,Completed,Dine-in,Card,,5959.03,Restaurant 008,Family Restaurant,8,Gulshan-8,Other,Third-party Delivery,,
450,5231,15,2025-09-28,18:46:00,Completed,Takeaway,Card,68,16479.35,Restaurant 015,Fast Food,15,Central-15,Male,Website/App,Promotion 068,Seasonal
451,41321,9,2025-06-16,13:04:00,Completed,Website/App,Card,,3937.35,Restaurant 009,Cafe,9,Defence-9,Male,Dine-in,,
452,19250,3,2025-04-08,18:20:00,Completed,Dine-in,Online Wallet,,12364.91,Restaurant 003,Fast Food,3,East-3,Male,Dine-in,,
454,39068,3,2025-07-27,14:26:00,Completed,Takeaway,Card,26,7453.03,Restaurant 003,Fast Food,3,East-3,Male,Third-party Delivery,Promotion 026,Bundle
455,28170,2,2025-03-24,20:37:00,Completed,Third-party Delivery,Online Wallet,,12448.99,Restaurant 002,Casual Dining,2,South-2,Female,Takeaway,,
456,47835,5,2025-07-13,13:32:00,Completed,Takeaway,Cash,,19810.15,Restaurant 005,Casual Dining,5,Central-5,Other,Takeaway,,
457,29873,5,2025-11-03,20:48:00,Completed,Third-party Delivery,Cash,,9529.4,Restaurant 005,Casual Dining,5,Central-5,Female,Takeaway,,
458,6736,11,2025-11-09,22:51:00,Completed,Third-party Delivery,Online Wallet,,10103.69,Restaurant 011,Cafe,11,North-11,Female,Third-party Delivery,,
459,22681,2,2025-03-16,09:52:00,Completed,Takeaway,Cash,80,16458.32,Restaurant 002,Casual Dining,2,South-2,Other,Takeaway,Promotion 080,Percentage Discount
460,1160,3,2025-11-14,21:20:00,Completed,Dine-in,Cash,,10020.83,Restaurant 003,Fast Food,3,East-3,Male,Third-party Delivery,,
461,23600,14,2025-04-07,20:48:00,Completed,Dine-in,Card,,10024.19,Restaurant 014,Cafe,14,West-14,Male,Takeaway,,
462,2289,9,2025-04-01,18:53:00,Completed,Takeaway,Cash,,4499.05,Restaurant 009,Cafe,9,Defence-9,Male,Takeaway,,
463,13726,20,2025-12-29,18:54:00,Completed,Third-party Delivery,Cash,,5346.92,Restaurant 020,Fast Food,20,Korangi-20,Other,Website/App,,
464,19121,6,2025-06-21,21:38:00,Completed,Third-party Delivery,Card,,14201.41,Restaurant 006,Fast Food,6,Garden-6,Male,Takeaway,,
466,17610,4,2025-08-16,18:29:00,Completed,Dine-in,Cash,,5046.55,Restaurant 004,Cafe,4,West-4,Male,Takeaway,,
467,21792,8,2025-07-06,14:49:00,Completed,Third-party Delivery,Cash,,5953.99,Restaurant 008,Family Restaurant,8,Gulshan-8,Other,Third-party Delivery,,
468,36581,1,2025-07-14,21:32:00,Completed,Takeaway,Card,,9942.68,Restaurant 001,Casual Dining,1,North-1,Other,Third-party Delivery,,
469,48011,17,2025-02-26,20:39:00,Completed,Third-party Delivery,Online Wallet,14,11483.09,Restaurant 017,Casual Dining,17,Clifton-17,Female,Third-party Delivery,Promotion 014,Seasonal
470,13058,15,2025-09-29,18:25:00,Completed,Takeaway,Card,,15369.01,Restaurant 015,Fast Food,15,Central-15,Female,Website/App,,
471,26691,14,2025-01-02,19:41:00,Completed,Website/App,Online Wallet,,8637.4,Restaurant 014,Cafe,14,West-14,Female,Takeaway,,
472,47908,1,2025-06-28,13:36:00,Completed,Dine-in,Card,102,9529.07,Restaurant 001,Casual Dining,1,North-1,Female,Takeaway,Promotion 102,Seasonal
474,43949,15,2025-03-15,21:45:00,Completed,Third-party Delivery,Online Wallet,22,16454.37,Restaurant 015,Fast Food,15,Central-15,Other,Takeaway,Promotion 022,Seasonal
475,17195,14,2025-09-25,18:12:00,Completed,Website/App,Online Wallet,,11709.75,Restaurant 014,Cafe,14,West-14,Female,Website/App,,
476,40973,3,2025-12-08,12:17:00,Completed,Website/App,Card,,14051.71,Restaurant 003,Fast Food,3,East-3,Other,Website/App,,
477,46403,20,2025-01-19,12:55:00,Completed,Website/App,Card,,4758.18,Restaurant 020,Fast Food,20,Korangi-20,Male,Takeaway,,
478,30130,18,2025-05-18,21:51:00,Completed,Dine-in,Online Wallet,,7717.57,Restaurant 018,Fast Food,18,Gulshan-18,Other,Takeaway,,
479,2564,12,2025-12-05,21:05:00,Completed,Website/App,Cash,,37005.15,Restaurant 012,Fast Food,12,South-12,Other,Takeaway,,
480,42765,4,2025-04-09,21:04:00,Completed,Takeaway,Card,73,6583.66,Restaurant 004,Cafe,4,West-4,Female,Dine-in,Promotion 073,Percentage Discount
481,46756,16,2025-07-06,09:23:00,Completed,Third-party Delivery,Card,,12578.06,Restaurant 016,Cafe,16,Garden-16,Male,Website/App,,
482,684,7,2025-06-25,13:27:00,Completed,Third-party Delivery,Card,16,11363.91,Restaurant 007,Casual Dining,7,Clifton-7,Male,Takeaway,Promotion 016,Percentage Discount
483,1404,3,2025-10-12,13:10:00,Completed,Third-party Delivery,Card,,12060.2,Restaurant 003,Fast Food,3,East-3,Male,Third-party Delivery,,
484,15090,5,2025-01-25,19:21:00,Completed,Third-party Delivery,Card,,20795.46,Restaurant 005,Casual Dining,5,Central-5,Male,Dine-in,,
486,11962,20,2025-07-13,21:57:00,Completed,Dine-in,Cash,,4958.62,Restaurant 020,Fast Food,20,Korangi-20,Female,Dine-in,,
488,31592,17,2025-09-03,12:17:00,Completed,Dine-in,Card,75,10481.98,Restaurant 017,Casual Dining,17,Clifton-17,Male,Dine-in,Promotion 075,Seasonal
491,30279,11,2025-05-29,21:22:00,Completed,Takeaway,Cash,,10565.37,Restaurant 011,Cafe,11,North-11,Other,Dine-in,,
496,39725,3,2025-05-27,20:59:00,Completed,Takeaway,Cash,,10041.06,Restaurant 003,Fast Food,3,East-3,Male,Third-party Delivery,,
497,35587,11,2025-02-04,12:18:00,Completed,Takeaway,Online Wallet,,12140.06,Restaurant 011,Cafe,11,North-11,Other,Dine-in,,
498,7903,20,2025-07-08,13:21:00,Completed,Website/App,Online Wallet,,5581.78,Restaurant 020,Fast Food,20,Korangi-20,Other,Takeaway,,
499,10137,5,2025-09-28,18:54:00,Completed,Takeaway,Cash,118,19522.6,Restaurant 005,Casual Dining,5,Central-5,Female,Website/App,Promotion 118,Percentage Discount
501,25595,12,2025-09-24,19:22:00,Completed,Takeaway,Cash,23,17225.71,Restaurant 012,Fast Food,12,South-12,Other,Third-party Delivery,Promotion 023,Seasonal
502,39223,9,2025-12-20,22:12:00,Completed,Third-party Delivery,Card,,7242.61,Restaurant 009,Cafe,9,Defence-9,Other,Website/App,,
503,49562,19,2025-01-05,21:01:00,Completed,Takeaway,Cash,,3639.3,Restaurant 019,Fast Food,19,Defence-19,Male,Third-party Delivery,,
504,11201,6,2025-08-07,18:06:00,Completed,Takeaway,Online Wallet,,15500.22,Restaurant 006,Fast Food,6,Garden-6,Male,Takeaway,,
505,14536,2,2025-02-17,12:08:00,Completed,Dine-in,Online Wallet,,17024.95,Restaurant 002,Casual Dining,2,South-2,Male,Dine-in,,
506,29923,10,2025-10-02,14:29:00,Completed,Website/App,Online Wallet,,5780.61,Restaurant 010,Family Restaurant,10,Korangi-10,Other,Third-party Delivery,,
507,7584,14,2025-06-18,20:06:00,Completed,Website/App,Online Wallet,,9797.78,Restaurant 014,Cafe,14,West-14,Other,Takeaway,,
508,47968,11,2025-06-14,19:24:00,Completed,Dine-in,Cash,,9364.49,Restaurant 011,Cafe,11,North-11,Male,Website/App,,
509,19840,11,2025-04-12,16:37:00,Completed,Website/App,Online Wallet,,14218.28,Restaurant 011,Cafe,11,North-11,Female,Website/App,,
510,10522,10,2025-02-24,19:55:00,Completed,Dine-in,Cash,,5015.28,Restaurant 010,Family Restaurant,10,Korangi-10,Male,Takeaway,,
511,19855,3,2025-11-20,15:10:00,Completed,Website/App,Online Wallet,,10295.62,Restaurant 003,Fast Food,3,East-3,Female,Dine-in,,
512,4135,7,2025-01-04,21:26:00,Completed,Website/App,Online Wallet,,14757.31,Restaurant 007,Casual Dining,7,Clifton-7,Other,Third-party Delivery,,
513,19639,17,2025-06-26,22:50:00,Completed,Website/App,Online Wallet,,10715.54,Restaurant 017,Casual Dining,17,Clifton-17,Other,Third-party Delivery,,
514,21726,11,2025-08-27,10:21:00,Completed,Website/App,Cash,,9238.46,Restaurant 011,Cafe,11,North-11,Other,Dine-in,,
515,407,16,2025-08-20,15:55:00,Completed,Takeaway,Online Wallet,,7997.29,Restaurant 016,Cafe,16,Garden-16,Other,Website/App,,
517,24864,13,2025-09-04,12:47:00,Completed,Takeaway,Online Wallet,,8885.35,Restaurant 013,Cafe,13,East-13,Female,Takeaway,,
521,4207,20,2025-07-17,19:15:00,Completed,Third-party Delivery,Online Wallet,,5484.18,Restaurant 020,Fast Food,20,Korangi-20,Female,Third-party Delivery,,
523,39636,12,2025-10-22,18:59:00,Completed,Takeaway,Online Wallet,23,37339.97,Restaurant 012,Fast Food,12,South-12,Other,Takeaway,Promotion 023,Seasonal
524,45545,16,2025-03-13,21:47:00,Completed,Takeaway,Cash,,11359.98,Restaurant 016,Cafe,16,Garden-16,Female,Dine-in,,
525,13869,15,2025-04-16,13:40:00,Completed,Third-party Delivery,Online Wallet,22,21098.13,Restaurant 015,Fast Food,15,Central-15,Female,Takeaway,Promotion 022,Seasonal
527,16752,7,2025-05-09,14:38:00,Completed,Takeaway,Card,,9054.53,Restaurant 007,Casual Dining,7,Clifton-7,Female,Dine-in,,
529,35666,2,2025-09-15,13:22:00,Completed,Website/App,Cash,,19509.74,Restaurant 002,Casual Dining,2,South-2,Other,Third-party Delivery,,
531,24615,6,2025-08-31,21:51:00,Completed,Takeaway,Cash,117,19176.4,Restaurant 006,Fast Food,6,Garden-6,Other,Takeaway,Promotion 117,Bundle
532,34459,13,2025-12-15,21:16:00,Completed,Website/App,Online Wallet,,12158.53,Restaurant 013,Cafe,13,East-13,Female,Dine-in,,
533,31967,7,2025-10-01,18:31:00,Completed,Website/App,Card,,13800.1,Restaurant 007,Casual Dining,7,Clifton-7,Female,Website/App,,
534,8084,1,2025-09-16,18:29:00,Completed,Website/App,Card,105,10813.74,Restaurant 001,Casual Dining,1,North-1,Female,Website/App,Promotion 105,Percentage Discount
535,9364,14,2025-12-22,18:50:00,Completed,Website/App,Cash,,8473.55,Restaurant 014,Cafe,14,West-14,Male,Takeaway,,
536,48368,5,2025-10-06,14:23:00,Completed,Dine-in,Online Wallet,,19961.81,Restaurant 005,Casual Dining,5,Central-5,Other,Website/App,,
537,5508,5,2025-04-15,21:54:00,Completed,Website/App,Card,70,18479.09,Restaurant 005,Casual Dining,5,Central-5,Other,Takeaway,Promotion 070,Seasonal
538,43067,6,2025-07-29,20:35:00,Completed,Dine-in,Cash,,14118.72,Restaurant 006,Fast Food,6,Garden-6,Female,Takeaway,,
539,32205,4,2025-11-06,20:15:00,Completed,Third-party Delivery,Online Wallet,,7249.15,Restaurant 004,Cafe,4,West-4,Other,Takeaway,,
540,9573,15,2025-12-25,14:18:00,Completed,Website/App,Online Wallet,,16026.82,Restaurant 015,Fast Food,15,Central-15,Other,Takeaway,,
541,37367,15,2025-08-28,18:54:00,Completed,Takeaway,Online Wallet,,21312.45,Restaurant 015,Fast Food,15,Central-15,Male,Third-party Delivery,,
542,1287,4,2025-04-29,19:15:00,Completed,Website/App,Cash,,10098.88,Restaurant 004,Cafe,4,West-4,Female,Takeaway,,
543,16980,11,2025-02-15,12:24:00,Completed,Takeaway,Cash,,9539.55,Restaurant 011,Cafe,11,North-11,Male,Website/App,,
544,48029,7,2025-08-16,13:31:00,Completed,Dine-in,Online Wallet,,15733.19,Restaurant 007,Casual Dining,7,Clifton-7,Female,Dine-in,,
545,14335,11,2025-08-27,18:20:00,Completed,Takeaway,Card,,8693.04,Restaurant 011,Cafe,11,North-11,Female,Third-party Delivery,,
546,46407,4,2025-09-30,14:27:00,Completed,Dine-in,Cash,,9468.56,Restaurant 004,Cafe,4,West-4,Female,Third-party Delivery,,
547,3470,15,2025-07-12,11:25:00,Completed,Takeaway,Card,53,22798.12,Restaurant 015,Fast Food,15,Central-15,Other,Dine-in,Promotion 053,Percentage Discount
549,11817,13,2025-12-19,12:59:00,Completed,Website/App,Card,,13208.56,Restaurant 013,Cafe,13,East-13,Male,Website/App,,
550,41936,12,2025-11-10,19:12:00,Completed,Third-party Delivery,Card,76,18679.16,Restaurant 012,Fast Food,12,South-12,Male,Dine-in,Promotion 076,Bundle
551,4453,7,2025-05-20,14:27:00,Completed,Third-party Delivery,Cash,,10461.07,Restaurant 007,Casual Dining,7,Clifton-7,Other,Website/App,,
552,19464,19,2025-01-18,20:43:00,Completed,Takeaway,Cash,,3034.5,Restaurant 019,Fast Food,19,Defence-19,Other,Takeaway,,
555,19703,19,2025-07-02,21:07:00,Completed,Third-party Delivery,Online Wallet,,4638.15,Restaurant 019,Fast Food,19,Defence-19,Male,Website/App,,
556,48466,14,2025-12-19,12:15:00,Completed,Dine-in,Cash,,6648.7,Restaurant 014,Cafe,14,West-14,Female,Dine-in,,
557,40818,7,2025-10-05,19:07:00,Completed,Third-party Delivery,Card,,9489.12,Restaurant 007,Casual Dining,7,Clifton-7,Female,Third-party Delivery,,
558,27956,5,2025-02-13,13:43:00,Completed,Third-party Delivery,Cash,,17596.39,Restaurant 005,Casual Dining,5,Central-5,Female,Third-party Delivery,,
559,8577,20,2025-12-15,15:15:00,Completed,Website/App,Cash,,7604.33,Restaurant 020,Fast Food,20,Korangi-20,Other,Dine-in,,
560,28114,16,2025-03-18,18:33:00,Completed,Website/App,Online Wallet,,13685.12,Restaurant 016,Cafe,16,Garden-16,Male,Third-party Delivery,,
561,6186,19,2025-02-23,14:54:00,Completed,Dine-in,Card,,2978.17,Restaurant 019,Fast Food,19,Defence-19,Female,Takeaway,,
563,28611,16,2025-07-22,19:58:00,Completed,Dine-in,Card,,11440.5,Restaurant 016,Cafe,16,Garden-16,Female,Dine-in,,
564,48177,15,2025-05-27,22:26:00,Completed,Takeaway,Card,,21700.22,Restaurant 015,Fast Food,15,Central-15,Female,Website/App,,
565,31088,15,2025-08-31,12:42:00,Completed,Third-party Delivery,Online Wallet,,22402.92,Restaurant 015,Fast Food,15,Central-15,Female,Takeaway,,
566,11353,4,2025-04-06,18:01:00,Completed,Website/App,Online Wallet,73,7715.64,Restaurant 004,Cafe,4,West-4,Female,Third-party Delivery,Promotion 073,Percentage Discount
567,9438,12,2025-11-09,13:22:00,Completed,Third-party Delivery,Cash,,19909.14,Restaurant 012,Fast Food,12,South-12,Male,Dine-in,,
568,5049,20,2025-01-18,20:08:00,Completed,Dine-in,Card,,6190.25,Restaurant 020,Fast Food,20,Korangi-20,Other,Third-party Delivery,,
569,23757,19,2025-04-29,18:57:00,Completed,Third-party Delivery,Cash,,2990.75,Restaurant 019,Fast Food,19,Defence-19,Other,Third-party Delivery,,
570,38832,10,2025-05-26,21:31:00,Completed,Takeaway,Card,,7487.36,Restaurant 010,Family Restaurant,10,Korangi-10,Other,Takeaway,,
573,7228,20,2025-03-19,21:18:00,Completed,Website/App,Card,,5344.59,Restaurant 020,Fast Food,20,Korangi-20,Male,Takeaway,,
574,32359,10,2025-08-13,14:04:00,Completed,Website/App,Online Wallet,,6645.64,Restaurant 010,Family Restaurant,10,Korangi-10,Other,Website/App,,
575,21056,20,2025-05-23,13:41:00,Completed,Third-party Delivery,Card,,5004.14,Restaurant 020,Fast Food,20,Korangi-20,Male,Takeaway,,
576,44129,15,2025-06-13,20:44:00,Completed,Dine-in,Online Wallet,,20690.02,Restaurant 015,Fast Food,15,Central-15,Other,Dine-in,,
577,395,7,2025-01-14,18:54:00,Completed,Third-party Delivery,Card,,12346.57,Restaurant 007,Casual Dining,7,Clifton-7,Female,Takeaway,,
578,28883,13,2025-12-15,12:13:00,Completed,Website/App,Card,,7458.16,Restaurant 013,Cafe,13,East-13,Other,Third-party Delivery,,
580,16590,13,2025-11-28,21:46:00,Completed,Dine-in,Cash,,7090.26,Restaurant 013,Cafe,13,East-13,Other,Website/App,,
581,1157,3,2025-09-23,20:16:00,Completed,Dine-in,Card,,12203.44,Restaurant 003,Fast Food,3,East-3,Male,Dine-in,,
582,19620,1,2025-10-14,10:58:00,Completed,Third-party Delivery,Cash,,14268.37,Restaurant 001,Casual Dining,1,North-1,Other,Takeaway,,
584,31868,5,2025-02-17,12:46:00,Completed,Dine-in,Card,,25058.39,Restaurant 005,Casual Dining,5,Central-5,Female,Website/App,,
585,503,8,2025-05-11,19:40:00,Completed,Website/App,Online Wallet,,7410.93,Restaurant 008,Family Restaurant,8,Gulshan-8,Female,Dine-in,,
587,18044,14,2025-02-21,13:10:00,Completed,Third-party Delivery,Card,,11566.04,Restaurant 014,Cafe,14,West-14,Male,Dine-in,,
588,41644,17,2025-03-26,13:51:00,Completed,Third-party Delivery,Cash,,10794.44,Restaurant 017,Casual Dining,17,Clifton-17,Female,Website/App,,
589,35212,16,2025-12-16,21:32:00,Completed,Takeaway,Online Wallet,,14445.12,Restaurant 016,Cafe,16,Garden-16,Other,Third-party Delivery,,
590,14839,3,2025-02-20,18:33:00,Completed,Takeaway,Online Wallet,18,6920.58,Restaurant 003,Fast Food,3,East-3,Female,Takeaway,Promotion 018,Seasonal
591,21248,2,2025-11-20,14:00:00,Completed,Takeaway,Cash,,12735.08,Restaurant 002,Casual Dining,2,South-2,Other,Third-party Delivery,,
592,17674,15,2025-12-17,16:45:00,Completed,Takeaway,Card,,20237.31,Restaurant 015,Fast Food,15,Central-15,Other,Website/App,,
593,40020,5,2025-11-19,22:35:00,Completed,Third-party Delivery,Cash,,18214.23,Restaurant 005,Casual Dining,5,Central-5,Other,Dine-in,,
594,11005,9,2025-12-14,22:10:00,Completed,Dine-in,Online Wallet,,4857.93,Restaurant 009,Cafe,9,Defence-9,Female,Dine-in,,
595,45577,5,2025-08-15,13:28:00,Completed,Third-party Delivery,Card,,15880.19,Restaurant 005,Casual Dining,5,Central-5,Male,Takeaway,,
596,20288,13,2025-06-21,21:35:00,Completed,Website/App,Online Wallet,,11014.81,Restaurant 013,Cafe,13,East-13,Female,Third-party Delivery,,
597,11219,19,2025-01-05,12:30:00,Completed,Third-party Delivery,Cash,,4645.8,Restaurant 019,Fast Food,19,Defence-19,Female,Website/App,,
598,20238,4,2025-11-21,14:43:00,Completed,Dine-in,Cash,,8680.97,Restaurant 004,Cafe,4,West-4,Other,Takeaway,,
599,21171,7,2025-01-19,09:17:00,Completed,Takeaway,Online Wallet,,14137.8,Restaurant 007,Casual Dining,7,Clifton-7,Other,Takeaway,,
600,40775,18,2025-10-30,21:00:00,Completed,Dine-in,Card,,9231.27,Restaurant 018,Fast Food,18,Gulshan-18,Male,Dine-in,,
601,34502,11,2025-03-05,21:31:00,Completed,Third-party Delivery,Cash,,16621.1,Restaurant 011,Cafe,11,North-11,Female,Third-party Delivery,,
602,28325,4,2025-07-01,20:35:00,Completed,Takeaway,Card,,8503.18,Restaurant 004,Cafe,4,West-4,Female,Third-party Delivery,,
603,34486,1,2025-12-29,19:43:00,Completed,Third-party Delivery,Card,,15068.96,Restaurant 001,Casual Dining,1,North-1,Female,Takeaway,,
604,2959,13,2025-08-27,14:30:00,Completed,Website/App,Cash,,10965.79,Restaurant 013,Cafe,13,East-13,Other,Third-party Delivery,,
605,25322,4,2025-12-28,21:21:00,Completed,Takeaway,Cash,,7858.02,Restaurant 004,Cafe,4,West-4,Male,Third-party Delivery,,
606,45714,18,2025-07-23,14:09:00,Completed,Takeaway,Cash,78,6558.01,Restaurant 018,Fast Food,18,Gulshan-18,Other,Takeaway,Promotion 078,Percentage Discount
607,20422,20,2025-10-24,14:34:00,Completed,Third-party Delivery,Cash,,5387.0,Restaurant 020,Fast Food,20,Korangi-20,Other,Dine-in,,
608,16834,11,2025-10-08,18:00:00,Completed,Third-party Delivery,Cash,,13697.24,Restaurant 011,Cafe,11,North-11,Female,Website/App,,
609,19173,7,2025-11-26,21:01:00,Completed,Takeaway,Online Wallet,77,11959.22,Restaurant 007,Casual Dining,7,Clifton-7,Female,Website/App,Promotion 077,Bundle
610,34073,15,2025-11-23,11:54:00,Completed,Website/App,Card,,17084.12,Restaurant 015,Fast Food,15,Central-15,Male,Third-party Delivery,,
611,48391,8,2025-05-10,13:52:00,Completed,Website/App,,,7042.63,Restaurant 008,Family Restaurant,8,Gulshan-8,Other,Third-party Delivery,,
613,13731,7,2025-07-27,20:52:00,Completed,Third-party Delivery,Online Wallet,,13459.87,Restaurant 007,Casual Dining,7,Clifton-7,Male,Third-party Delivery,,
614,20723,19,2025-04-11,20:06:00,Completed,Website/App,Cash,,3089.88,Restaurant 019,Fast Food,19,Defence-19,Other,Dine-in,,
616,809,4,2025-11-15,19:02:00,Completed,Third-party Delivery,Cash,,7393.53,Restaurant 004,Cafe,4,West-4,Other,Dine-in,,
617,30836,9,2025-03-10,16:03:00,Completed,Dine-in,Cash,,4875.08,Restaurant 009,Cafe,9,Defence-9,Female,Takeaway,,
619,7420,1,2025-06-18,20:35:00,Completed,Website/App,Online Wallet,40,10753.37,Restaurant 001,Casual Dining,1,North-1,Male,Dine-in,Promotion 040,Seasonal
620,20558,20,2025-12-24,13:25:00,Completed,Takeaway,Online Wallet,,4876.61,Restaurant 020,Fast Food,20,Korangi-20,Female,Dine-in,,
621,12217,8,2025-07-15,21:10:00,Completed,Dine-in,Online Wallet,,6835.0,Restaurant 008,Family Restaurant,8,Gulshan-8,Male,Dine-in,,
623,38915,13,2025-04-06,11:19:00,Completed,Takeaway,Online Wallet,,6734.92,Restaurant 013,Cafe,13,East-13,Female,Third-party Delivery,,
626,1670,14,2025-07-12,19:04:00,Completed,Takeaway,Online Wallet,,8696.69,Restaurant 014,Cafe,14,West-14,Female,Third-party Delivery,,
627,34650,3,2025-10-08,13:11:00,Completed,Website/App,Card,,12647.12,Restaurant 003,Fast Food,3,East-3,Male,Takeaway,,
628,44038,2,2025-02-08,20:10:00,Completed,Website/App,Cash,,13649.87,Restaurant 002,Casual Dining,2,South-2,Other,Dine-in,,
629,31920,13,2025-08-16,21:09:00,Completed,Website/App,Online Wallet,,8297.74,Restaurant 013,Cafe,13,East-13,Other,Website/App,,
630,21885,1,2025-01-22,12:09:00,Completed,Third-party Delivery,Cash,,10595.82,Restaurant 001,Casual Dining,1,North-1,Male,Website/App,,
632,15747,18,2025-03-22,10:31:00,Completed,Takeaway,Cash,,6329.16,Restaurant 018,Fast Food,18,Gulshan-18,Female,Takeaway,,
633,27289,9,2025-05-11,20:39:00,Completed,Takeaway,Online Wallet,101,7129.01,Restaurant 009,Cafe,9,Defence-9,Male,Takeaway,Promotion 101,Percentage Discount
634,43394,5,2025-07-13,14:40:00,Completed,Third-party Delivery,Cash,,17165.45,Restaurant 005,Casual Dining,5,Central-5,Other,Takeaway,,
635,1853,5,2025-09-23,21:22:00,Completed,Third-party Delivery,Online Wallet,,12952.69,Restaurant 005,Casual Dining,5,Central-5,Female,Third-party Delivery,,
636,47315,19,2025-05-05,18:27:00,Completed,Takeaway,Cash,,2763.55,Restaurant 019,Fast Food,19,Defence-19,Female,Third-party Delivery,,
637,16430,3,2025-02-15,18:43:00,Completed,Takeaway,Online Wallet,18,10252.39,Restaurant 003,Fast Food,3,East-3,Female,Takeaway,Promotion 018,Seasonal
639,29888,13,2025-02-10,20:15:00,Completed,Website/App,Online Wallet,21,8736.62,Restaurant 013,Cafe,13,East-13,Other,Third-party Delivery,Promotion 021,Seasonal
640,10016,3,2025-06-02,13:15:00,Completed,Dine-in,Card,,9095.19,Restaurant 003,Fast Food,3,East-3,Male,Takeaway,,
641,5606,9,2025-09-06,20:16:00,Completed,Website/App,Cash,,3951.9,Restaurant 009,Cafe,9,Defence-9,Female,Third-party Delivery,,
642,19306,2,2025-01-20,19:05:00,Completed,Dine-in,Online Wallet,,15963.96,Restaurant 002,Casual Dining,2,South-2,Female,Website/App,,
643,24676,4,2025-03-16,12:38:00,Completed,Takeaway,Card,,6570.47,Restaurant 004,Cafe,4,West-4,Other,Website/App,,
644,4897,19,2025-10-12,18:03:00,Completed,Dine-in,Online Wallet,,3599.6,Restaurant 019,Fast Food,19,Defence-19,Male,Website/App,,
646,26791,7,2025-07-06,18:05:00,Completed,Takeaway,Cash,19,10413.21,Restaurant 007,Casual Dining,7,Clifton-7,Other,Dine-in,Promotion 019,Percentage Discount
648,20143,14,2025-10-15,20:39:00,Completed,Third-party Delivery,Cash,,6473.19,Restaurant 014,Cafe,14,West-14,Other,Third-party Delivery,,
649,45336,2,2025-01-14,17:56:00,Completed,Dine-in,Online Wallet,,15375.7,Restaurant 002,Casual Dining,2,South-2,Female,Dine-in,,
652,9859,5,2025-09-06,12:28:00,Completed,Third-party Delivery,Online Wallet,,12925.43,Restaurant 005,Casual Dining,5,Central-5,Other,Third-party Delivery,,
654,47933,17,2025-12-22,21:54:00,Completed,Website/App,Cash,59,8365.43,Restaurant 017,Casual Dining,17,Clifton-17,Other,Takeaway,Promotion 059,Bundle
655,19041,13,2025-12-15,21:59:00,Completed,Takeaway,Online Wallet,,8088.59,Restaurant 013,Cafe,13,East-13,Female,Dine-in,,
657,20899,10,2025-01-09,20:36:00,Completed,Website/App,Cash,,6767.16,Restaurant 010,Family Restaurant,10,Korangi-10,Male,Dine-in,,
658,6716,4,2025-08-10,11:51:00,Completed,Dine-in,Online Wallet,,7913.56,Restaurant 004,Cafe,4,West-4,Other,Website/App,,
659,41160,19,2025-09-09,18:33:00,Completed,Dine-in,Card,,4601.92,Restaurant 019,Fast Food,19,Defence-19,Female,Dine-in,,
660,7101,12,2025-11-23,16:35:00,Completed,Takeaway,Cash,,26606.81,Restaurant 012,Fast Food,12,South-12,Female,Takeaway,,
661,17668,8,2025-12-30,20:17:00,Completed,Website/App,Card,,6707.26,Restaurant 008,Family Restaurant,8,Gulshan-8,Male,Third-party Delivery,,
663,49466,17,2025-05-23,21:30:00,Completed,Dine-in,Online Wallet,65,12865.63,Restaurant 017,Casual Dining,17,Clifton-17,Female,Dine-in,Promotion 065,Seasonal
664,22503,13,2025-07-18,22:53:00,Completed,Takeaway,Online Wallet,,7151.73,Restaurant 013,Cafe,13,East-13,Other,Takeaway,,
666,10943,9,2025-06-20,17:12:00,Completed,Dine-in,Card,,4605.66,Restaurant 009,Cafe,9,Defence-9,Other,Website/App,,
667,43306,9,2025-08-28,19:45:00,Completed,Takeaway,Cash,50,3793.71,Restaurant 009,Cafe,9,Defence-9,Female,Website/App,Promotion 050,Seasonal
668,45900,9,2025-10-15,19:18:00,Completed,Third-party Delivery,Cash,39,5741.8,Restaurant 009,Cafe,9,Defence-9,Female,Takeaway,Promotion 039,Percentage Discount
669,26147,8,2025-12-09,18:41:00,Completed,Third-party Delivery,Card,43,6999.02,Restaurant 008,Family Restaurant,8,Gulshan-8,Female,Website/App,Promotion 043,Percentage Discount
670,2434,13,2025-03-08,12:17:00,Completed,Dine-in,Card,,10026.01,Restaurant 013,Cafe,13,East-13,Female,Dine-in,,
671,10808,14,2025-06-24,14:07:00,Completed,Website/App,Cash,,8716.66,Restaurant 014,Cafe,14,West-14,Male,Takeaway,,
672,48545,14,2025-01-11,21:40:00,Completed,Dine-in,Cash,,6910.19,Restaurant 014,Cafe,14,West-14,Other,Website/App,,
673,6685,18,2025-02-22,21:42:00,Completed,Third-party Delivery,Online Wallet,,9717.43,Restaurant 018,Fast Food,18,Gulshan-18,Female,Dine-in,,
674,21997,7,2025-05-06,21:01:00,Completed,Takeaway,Cash,,17199.9,Restaurant 007,Casual Dining,7,Clifton-7,Male,Dine-in,,
675,36479,3,2025-03-25,14:16:00,Completed,Website/App,Online Wallet,,8279.93,Restaurant 003,Fast Food,3,East-3,Other,Dine-in,,
676,8345,4,2025-11-09,19:19:00,Completed,Takeaway,Online Wallet,,6625.89,Restaurant 004,Cafe,4,West-4,Male,Takeaway,,
677,8343,12,2025-12-08,13:43:00,Completed,Takeaway,Card,,16167.19,Restaurant 012,Fast Food,12,South-12,Other,Takeaway,,
679,37479,17,2025-05-30,15:49:00,Completed,Dine-in,Cash,,9934.7,Restaurant 017,Casual Dining,17,Clifton-17,Other,Third-party Delivery,,
682,29394,3,2025-06-23,20:45:00,Completed,Dine-in,Online Wallet,89,8534.24,Restaurant 003,Fast Food,3,East-3,Male,Takeaway,Promotion 089,Bundle
684,43356,3,2025-01-05,18:27:00,Completed,Third-party Delivery,Online Wallet,9,10914.44,Restaurant 003,Fast Food,3,East-3,Other,Website/App,Promotion 009,Seasonal
685,3149,11,2025-07-13,21:01:00,Completed,Third-party Delivery,Cash,,13328.3,Restaurant 011,Cafe,11,North-11,Other,Dine-in,,
688,42529,15,2025-04-27,19:37:00,Completed,Takeaway,Card,,12349.01,Restaurant 015,Fast Food,15,Central-15,Other,Third-party Delivery,,
689,20253,13,2025-07-15,13:40:00,Completed,Website/App,Cash,,8848.08,Restaurant 013,Cafe,13,East-13,Male,Takeaway,,
691,11941,15,2025-12-10,12:42:00,Completed,Dine-in,Cash,,14943.16,Restaurant 015,Fast Food,15,Central-15,Female,Takeaway,,
692,1867,16,2025-01-13,12:35:00,Completed,Takeaway,Card,,10377.23,Restaurant 016,Cafe,16,Garden-16,Male,Website/App,,
693,38381,15,2025-03-21,13:10:00,Completed,Website/App,Online Wallet,,30417.06,Restaurant 015,Fast Food,15,Central-15,Other,Third-party Delivery,,
694,38972,2,2025-04-21,18:25:00,Completed,Website/App,Cash,,23140.04,Restaurant 002,Casual Dining,2,South-2,Male,Takeaway,,
695,24748,7,2025-06-14,15:14:00,Completed,Dine-in,Online Wallet,16,10521.73,Restaurant 007,Casual Dining,7,Clifton-7,Female,Website/App,Promotion 016,Percentage Discount
696,34519,12,2025-11-07,13:36:00,Completed,Third-party Delivery,Cash,42,19566.85,Restaurant 012,Fast Food,12,South-12,Female,Takeaway,Promotion 042,Bundle
697,45215,4,2025-01-10,21:27:00,Completed,Third-party Delivery,Card,,6733.07,Restaurant 004,Cafe,4,West-4,Female,Third-party Delivery,,
698,11602,17,2025-10-21,21:47:00,Completed,Third-party Delivery,Cash,,10279.49,Restaurant 017,Casual Dining,17,Clifton-17,Female,Website/App,,
704,26604,13,2025-11-08,20:24:00,Completed,Website/App,Cash,62,7576.19,Restaurant 013,Cafe,13,East-13,Other,Website/App,Promotion 062,Seasonal
705,4192,4,2025-06-01,13:49:00,Completed,Website/App,Card,,7209.86,Restaurant 004,Cafe,4,West-4,Male,Dine-in,,
706,31223,11,2025-05-12,21:02:00,Completed,Dine-in,Online Wallet,,11397.11,Restaurant 011,Cafe,11,North-11,Female,Takeaway,,
707,31194,3,2025-10-24,20:24:00,Completed,Third-party Delivery,Online Wallet,,13946.34,Restaurant 003,Fast Food,3,East-3,Male,Takeaway,,
708,18445,19,2025-02-27,20:47:00,Completed,Third-party Delivery,Online Wallet,,3244.35,Restaurant 019,Fast Food,19,Defence-19,Male,Takeaway,,
710,45893,6,2025-02-15,21:22:00,Completed,Website/App,Cash,,18772.98,Restaurant 006,Fast Food,6,Garden-6,Other,Website/App,,
711,38071,3,2025-02-07,12:54:00,Completed,Takeaway,Card,,10323.84,Restaurant 003,Fast Food,3,East-3,Female,Dine-in,,
713,12755,3,2025-07-25,21:08:00,Completed,Dine-in,Card,,8706.76,Restaurant 003,Fast Food,3,East-3,Female,Dine-in,,
714,20911,11,2025-07-12,19:05:00,Completed,Website/App,Online Wallet,,11150.21,Restaurant 011,Cafe,11,North-11,Female,Third-party Delivery,,
715,41882,8,2025-09-08,21:41:00,Completed,Third-party Delivery,Cash,47,7914.16,Restaurant 008,Family Restaurant,8,Gulshan-8,Male,Website/App,Promotion 047,Seasonal
716,10464,10,2025-10-06,19:42:00,Completed,Takeaway,Card,20,9646.58,Restaurant 010,Family Restaurant,10,Korangi-10,Other,Website/App,Promotion 020,Seasonal
717,12040,1,2025-11-24,18:39:00,Completed,Website/App,Card,,10097.57,Restaurant 001,Casual Dining,1,North-1,Other,Third-party Delivery,,
718,28701,9,2025-07-15,19:36:00,Completed,Takeaway,Online Wallet,,4482.94,Restaurant 009,Cafe,9,Defence-9,Female,Third-party Delivery,,
720,6086,1,2025-03-22,14:47:00,Completed,Takeaway,Cash,,12736.89,Restaurant 001,Casual Dining,1,North-1,Female,Takeaway,,
721,38260,4,2025-06-29,19:53:00,Completed,Dine-in,Online Wallet,,8826.74,Restaurant 004,Cafe,4,West-4,Female,Dine-in,,
722,26839,6,2025-10-02,19:05:00,Completed,Dine-in,Online Wallet,,13024.32,Restaurant 006,Fast Food,6,Garden-6,Female,Dine-in,,
723,9941,18,2025-07-28,12:12:00,Completed,Third-party Delivery,Card,44,8622.31,Restaurant 018,Fast Food,18,Gulshan-18,Female,Website/App,Promotion 044,Seasonal
724,10858,6,2025-09-20,14:31:00,Completed,Third-party Delivery,Cash,,16323.82,Restaurant 006,Fast Food,6,Garden-6,Female,Third-party Delivery,,
726,766,8,2025-11-14,20:40:00,Completed,Third-party Delivery,Card,,6332.46,Restaurant 008,Family Restaurant,8,Gulshan-8,Female,Dine-in,,
728,19661,5,2025-06-19,21:18:00,Completed,Takeaway,Cash,,15125.51,Restaurant 005,Casual Dining,5,Central-5,Other,Website/App,,
729,1483,13,2025-08-19,18:36:00,Completed,Dine-in,Cash,,7866.0,Restaurant 013,Cafe,13,East-13,Male,Dine-in,,
730,405,16,2025-10-18,19:20:00,Completed,Website/App,Online Wallet,,11735.89,Restaurant 016,Cafe,16,Garden-16,Male,Third-party Delivery,,
732,11727,20,2025-01-01,14:20:00,Completed,Takeaway,Online Wallet,,4690.0,Restaurant 020,Fast Food,20,Korangi-20,Male,Website/App,,
733,47777,20,2025-06-28,19:00:00,Completed,Third-party Delivery,Card,45,4667.87,Restaurant 020,Fast Food,20,Korangi-20,Other,Dine-in,Promotion 045,Bundle
734,20696,17,2025-09-28,20:35:00,Completed,Dine-in,Card,,10454.89,Restaurant 017,Casual Dining,17,Clifton-17,Female,Dine-in,,
736,37102,3,2025-12-21,21:45:00,Completed,Third-party Delivery,Online Wallet,,9140.03,Restaurant 003,Fast Food,3,East-3,Other,Website/App,,
737,45347,1,2025-04-30,14:32:00,Completed,Website/App,Online Wallet,61,9756.24,Restaurant 001,Casual Dining,1,North-1,Female,Website/App,Promotion 061,Bundle
738,40966,12,2025-04-03,19:58:00,Completed,Website/App,Cash,,24278.73,Restaurant 012,Fast Food,12,South-12,Other,Third-party Delivery,,
739,25232,15,2025-07-29,21:18:00,Completed,Dine-in,Online Wallet,,24478.57,Restaurant 015,Fast Food,15,Central-15,Male,Website/App,,
741,44118,4,2025-08-13,09:01:00,Completed,Website/App,Online Wallet,,5638.91,Restaurant 004,Cafe,4,West-4,Female,Dine-in,,
742,3473,2,2025-03-19,21:53:00,Completed,Dine-in,Cash,80,14881.28,Restaurant 002,Casual Dining,2,South-2,Female,Takeaway,Promotion 080,Percentage Discount
743,32650,1,2025-04-15,20:36:00,Completed,Third-party Delivery,Card,61,12323.22,Restaurant 001,Casual Dining,1,North-1,Other,Website/App,Promotion 061,Bundle
744,49646,12,2025-07-01,19:10:00,Completed,Takeaway,Card,,19947.5,Restaurant 012,Fast Food,12,South-12,Other,Dine-in,,
745,17259,11,2025-11-02,13:07:00,Completed,Takeaway,Card,82,13277.33,Restaurant 011,Cafe,11,North-11,Other,Takeaway,Promotion 082,Percentage Discount
747,37805,19,2025-03-10,21:38:00,Completed,Dine-in,Online Wallet,,4036.78,Restaurant 019,Fast Food,19,Defence-19,Male,Third-party Delivery,,
748,48251,14,2025-01-20,13:21:00,Completed,Dine-in,Online Wallet,,6574.72,Restaurant 014,Cafe,14,West-14,Male,Website/App,,
751,24881,18,2025-12-28,14:58:00,Completed,Takeaway,Online Wallet,,9720.88,Restaurant 018,Fast Food,18,Gulshan-18,Other,Website/App,,
752,42603,15,2025-01-09,18:28:00,Completed,Website/App,Cash,,20088.01,Restaurant 015,Fast Food,15,Central-15,Female,Website/App,,
753,19186,11,2025-02-10,21:39:00,Completed,Takeaway,Cash,25,10298.63,Restaurant 011,Cafe,11,North-11,Male,Third-party Delivery,Promotion 025,Percentage Discount
754,49434,18,2025-08-30,13:44:00,Completed,Takeaway,Online Wallet,,7501.83,Restaurant 018,Fast Food,18,Gulshan-18,Male,Third-party Delivery,,
756,17204,12,2025-06-19,19:16:00,Completed,Third-party Delivery,Card,,18744.11,Restaurant 012,Fast Food,12,South-12,Female,Website/App,,
757,34138,14,2025-12-02,12:25:00,Completed,Website/App,Cash,,8863.66,Restaurant 014,Cafe,14,West-14,Other,Dine-in,,
758,33437,12,2025-01-12,21:44:00,Completed,Third-party Delivery,Cash,,31752.85,Restaurant 012,Fast Food,12,South-12,Female,Dine-in,,
759,14374,13,2025-07-05,21:23:00,Completed,Website/App,Cash,,11047.64,Restaurant 013,Cafe,13,East-13,Female,Takeaway,,
760,30754,13,2025-10-08,13:09:00,Completed,Third-party Delivery,Online Wallet,,10833.06,Restaurant 013,Cafe,13,East-13,Female,Dine-in,,
761,17142,18,2025-03-15,13:37:00,Completed,Website/App,Cash,,7673.06,Restaurant 018,Fast Food,18,Gulshan-18,Male,Website/App,,
762,22320,14,2025-05-23,19:30:00,Completed,Website/App,Online Wallet,,9230.78,Restaurant 014,Cafe,14,West-14,Male,Website/App,,
763,9406,4,2025-11-09,12:24:00,Completed,Website/App,Cash,109,6849.43,Restaurant 004,Cafe,4,West-4,Other,Third-party Delivery,Promotion 109,Bundle
764,23946,19,2025-05-30,18:52:00,Completed,Takeaway,Card,,3284.75,Restaurant 019,Fast Food,19,Defence-19,Male,Website/App,,
765,33880,2,2025-07-14,15:04:00,Completed,Dine-in,Card,,17620.65,Restaurant 002,Casual Dining,2,South-2,Other,Third-party Delivery,,
767,705,4,2025-12-02,21:18:00,Completed,Takeaway,Cash,109,8749.09,Restaurant 004,Cafe,4,West-4,Other,Third-party Delivery,Promotion 109,Bundle
768,33774,11,2025-03-29,14:23:00,Completed,Website/App,Card,,11305.51,Restaurant 011,Cafe,11,North-11,Male,Third-party Delivery,,
769,35568,13,2025-05-28,16:39:00,Completed,Takeaway,Cash,,9334.11,Restaurant 013,Cafe,13,East-13,Female,Takeaway,,
770,14101,20,2025-01-12,22:22:00,Completed,Third-party Delivery,Card,58,6092.12,Restaurant 020,Fast Food,20,Korangi-20,Other,Website/App,Promotion 058,Percentage Discount
773,33755,4,2025-12-28,09:18:00,Completed,Website/App,Online Wallet,109,6093.7,Restaurant 004,Cafe,4,West-4,Male,Website/App,Promotion 109,Bundle
775,29740,9,2025-12-07,14:55:00,Completed,Dine-in,Card,,5740.05,Restaurant 009,Cafe,9,Defence-9,Other,Takeaway,,
776,15160,7,2025-12-08,13:28:00,Completed,Third-party Delivery,Cash,77,14383.29,Restaurant 007,Casual Dining,7,Clifton-7,Male,Takeaway,Promotion 077,Bundle
777,19731,13,2025-07-16,13:42:00,Completed,Takeaway,Card,,8506.3,Restaurant 013,Cafe,13,East-13,Female,Website/App,,
779,9915,5,2025-08-20,20:28:00,Completed,Third-party Delivery,Card,,17394.69,Restaurant 005,Casual Dining,5,Central-5,Male,Website/App,,
780,6067,2,2025-05-27,20:28:00,Completed,Website/App,Cash,,16709.73,Restaurant 002,Casual Dining,2,South-2,Female,Third-party Delivery,,
782,37940,17,2025-03-22,12:25:00,Completed,Third-party Delivery,Online Wallet,,15284.66,Restaurant 017,Casual Dining,17,Clifton-17,Other,Dine-in,,
783,12960,4,2025-12-05,22:57:00,Completed,Website/App,Card,5,6025.25,Restaurant 004,Cafe,4,West-4,Other,Website/App,Promotion 005,Percentage Discount
784,15990,5,2025-01-11,12:45:00,Completed,Third-party Delivery,Cash,,20147.26,Restaurant 005,Casual Dining,5,Central-5,Female,Third-party Delivery,,
785,37214,8,2025-05-03,20:31:00,Completed,Website/App,Online Wallet,,5242.04,Restaurant 008,Family Restaurant,8,Gulshan-8,Male,Takeaway,,
786,1642,6,2025-11-15,21:23:00,Completed,Dine-in,Online Wallet,,14555.26,Restaurant 006,Fast Food,6,Garden-6,Other,Takeaway,,
788,5382,2,2025-01-26,21:26:00,Completed,Takeaway,Online Wallet,,14190.52,Restaurant 002,Casual Dining,2,South-2,Female,Takeaway,,
789,6045,4,2025-04-11,18:21:00,Completed,Dine-in,Online Wallet,,7537.61,Restaurant 004,Cafe,4,West-4,Other,Dine-in,,
790,4067,18,2025-08-04,20:53:00,Completed,Website/App,Cash,,9566.57,Restaurant 018,Fast Food,18,Gulshan-18,Female,Takeaway,,
791,40966,11,2025-06-24,20:36:00,Completed,Dine-in,Card,,11534.05,Restaurant 011,Cafe,11,North-11,Other,Third-party Delivery,,
792,1614,1,2025-03-12,22:19:00,Completed,Third-party Delivery,Card,,11372.08,Restaurant 001,Casual Dining,1,North-1,Other,Takeaway,,
793,38342,7,2025-07-31,13:54:00,Completed,Dine-in,Online Wallet,,14258.83,Restaurant 007,Casual Dining,7,Clifton-7,Other,Third-party Delivery,,
794,37613,1,2025-03-16,18:19:00,Completed,Takeaway,Cash,,12636.89,Restaurant 001,Casual Dining,1,North-1,Other,Dine-in,,
795,5781,7,2025-12-28,21:51:00,Completed,Website/App,Cash,,12527.95,Restaurant 007,Casual Dining,7,Clifton-7,Male,Takeaway,,
796,48198,17,2025-08-16,19:23:00,Completed,Takeaway,Online Wallet,,9044.88,Restaurant 017,Casual Dining,17,Clifton-17,Female,Takeaway,,
797,23081,18,2025-02-13,12:38:00,Completed,Third-party Delivery,Cash,,10011.54,Restaurant 018,Fast Food,18,Gulshan-18,Female,Dine-in,,
799,33190,10,2025-02-13,17:45:00,Completed,Third-party Delivery,Online Wallet,,6462.98,Restaurant 010,Family Restaurant,10,Korangi-10,Male,Third-party Delivery,,
800,23082,13,2025-03-26,14:09:00,Completed,Third-party Delivery,Card,,8902.5,Restaurant 013,Cafe,13,East-13,Female,Takeaway,,
801,18330,4,2025-10-28,21:35:00,Completed,Website/App,Cash,,8109.59,Restaurant 004,Cafe,4,West-4,Male,Dine-in,,
802,992,20,2025-12-02,22:27:00,Completed,Website/App,Cash,,5775.72,Restaurant 020,Fast Food,20,Korangi-20,Male,Dine-in,,
803,34428,1,2025-06-30,21:04:00,Completed,Third-party Delivery,Online Wallet,,11500.04,Restaurant 001,Casual Dining,1,North-1,Other,Takeaway,,
804,4935,20,2025-09-15,17:47:00,Completed,Third-party Delivery,Card,,6705.24,Restaurant 020,Fast Food,20,Korangi-20,Female,Third-party Delivery,,
805,42389,20,2025-01-05,14:58:00,Completed,Takeaway,Online Wallet,,5790.77,Restaurant 020,Fast Food,20,Korangi-20,Male,Website/App,,
806,10994,15,2025-07-22,18:22:00,Completed,Dine-in,Online Wallet,53,10507.57,Restaurant 015,Fast Food,15,Central-15,Male,Dine-in,Promotion 053,Percentage Discount
807,27019,20,2025-04-19,13:42:00,Completed,Takeaway,Online Wallet,45,6992.83,Restaurant 020,Fast Food,20,Korangi-20,Other,Website/App,Promotion 045,Bundle
809,22011,11,2025-05-01,18:33:00,Completed,Website/App,Online Wallet,,14364.92,Restaurant 011,Cafe,11,North-11,Female,Dine-in,,
810,48677,1,2025-03-30,21:37:00,Completed,Third-party Delivery,Cash,,15030.81,Restaurant 001,Casual Dining,1,North-1,Male,Third-party Delivery,,
812,46320,15,2025-08-13,20:43:00,Completed,Takeaway,Online Wallet,,10734.08,Restaurant 015,Fast Food,15,Central-15,Female,Dine-in,,
814,1720,7,2025-08-11,17:43:00,Completed,Third-party Delivery,Card,,12240.76,Restaurant 007,Casual Dining,7,Clifton-7,Female,Website/App,,
815,14710,15,2025-09-09,21:28:00,Completed,Third-party Delivery,Cash,,20797.5,Restaurant 015,Fast Food,15,Central-15,Female,Website/App,,
816,14645,2,2025-01-28,14:28:00,Completed,Third-party Delivery,Online Wallet,,19544.61,Restaurant 002,Casual Dining,2,South-2,Other,Takeaway,,
817,301,20,2025-12-23,21:09:00,Completed,Website/App,Cash,,4594.32,Restaurant 020,Fast Food,20,Korangi-20,Male,Dine-in,,
819,1074,16,2025-04-29,19:29:00,Completed,Third-party Delivery,Cash,,8813.81,Restaurant 016,Cafe,16,Garden-16,Female,Dine-in,,
820,36769,15,2025-05-13,17:28:00,Completed,Dine-in,Online Wallet,111,14558.11,Restaurant 015,Fast Food,15,Central-15,Female,Third-party Delivery,Promotion 111,Seasonal
821,6673,10,2025-04-10,20:13:00,Completed,Takeaway,Card,,5911.36,Restaurant 010,Family Restaurant,10,Korangi-10,Male,Website/App,,
822,44619,20,2025-04-27,18:24:00,Completed,Third-party Delivery,Cash,,5176.03,Restaurant 020,Fast Food,20,Korangi-20,Female,Third-party Delivery,,
825,19588,8,2025-01-18,21:56:00,Completed,Website/App,Cash,,7802.0,Restaurant 008,Family Restaurant,8,Gulshan-8,Other,Third-party Delivery,,
826,18071,11,2025-03-13,21:23:00,Completed,Takeaway,Card,,13642.26,Restaurant 011,Cafe,11,North-11,Other,Third-party Delivery,,
829,13725,14,2025-07-18,19:56:00,Completed,Third-party Delivery,Cash,,9200.82,Restaurant 014,Cafe,14,West-14,Female,Dine-in,,
830,21175,15,2025-12-20,11:12:00,Completed,Dine-in,Online Wallet,,18973.28,Restaurant 015,Fast Food,15,Central-15,Male,Takeaway,,
831,19216,17,2025-12-11,18:32:00,Completed,Dine-in,Cash,,10280.78,Restaurant 017,Casual Dining,17,Clifton-17,Other,Website/App,,
832,12959,4,2025-02-03,22:44:00,Completed,Third-party Delivery,Card,,10422.74,Restaurant 004,Cafe,4,West-4,Female,Website/App,,
833,15474,4,2025-03-07,22:51:00,Completed,Takeaway,Online Wallet,,10987.49,Restaurant 004,Cafe,4,West-4,Male,Website/App,,
834,43708,19,2025-11-07,12:50:00,Completed,Website/App,Card,,4686.95,Restaurant 019,Fast Food,19,Defence-19,Female,Website/App,,
835,18201,14,2025-12-16,13:38:00,Completed,Dine-in,Cash,,8942.27,Restaurant 014,Cafe,14,West-14,Male,Third-party Delivery,,
836,36975,14,2025-01-03,19:46:00,Completed,Website/App,Online Wallet,,8147.64,Restaurant 014,Cafe,14,West-14,Female,Website/App,,
837,46669,15,2025-05-07,14:17:00,Completed,Third-party Delivery,Cash,,23988.95,Restaurant 015,Fast Food,15,Central-15,Other,Website/App,,
838,43925,19,2025-05-02,18:01:00,Completed,Dine-in,Cash,28,3274.64,Restaurant 019,Fast Food,19,Defence-19,Male,Dine-in,Promotion 028,Seasonal
840,15950,14,2025-11-08,13:07:00,Completed,Website/App,Online Wallet,,7241.36,Restaurant 014,Cafe,14,West-14,Female,Takeaway,,
841,49541,16,2025-11-23,21:28:00,Completed,Dine-in,Online Wallet,,14506.26,Restaurant 016,Cafe,16,Garden-16,Female,Third-party Delivery,,
843,13774,9,2025-12-01,19:30:00,Completed,Takeaway,Cash,,5574.05,Restaurant 009,Cafe,9,Defence-9,Other,Third-party Delivery,,
844,42294,2,2025-11-22,14:04:00,Completed,Third-party Delivery,Online Wallet,,20142.71,Restaurant 002,Casual Dining,2,South-2,Other,Dine-in,,
846,255,13,2025-08-29,20:33:00,Completed,Website/App,Online Wallet,,9320.87,Restaurant 013,Cafe,13,East-13,Other,Takeaway,,
847,49755,2,2025-02-10,14:57:00,Completed,Dine-in,Online Wallet,,18504.54,Restaurant 002,Casual Dining,2,South-2,Other,Takeaway,,
848,17561,2,2025-05-09,12:03:00,Completed,Website/App,Online Wallet,,15715.61,Restaurant 002,Casual Dining,2,South-2,Female,Dine-in,,
849,45335,5,2025-06-21,20:02:00,Completed,Third-party Delivery,Online Wallet,,13957.55,Restaurant 005,Casual Dining,5,Central-5,Male,Takeaway,,
851,40694,12,2025-10-30,13:43:00,Completed,Dine-in,Card,,18539.04,Restaurant 012,Fast Food,12,South-12,Female,Dine-in,,
856,44397,7,2025-05-05,14:27:00,Completed,Takeaway,Cash,,14376.13,Restaurant 007,Casual Dining,7,Clifton-7,Other,Website/App,,
857,16035,14,2025-08-19,14:59:00,Completed,Third-party Delivery,Cash,,6375.31,Restaurant 014,Cafe,14,West-14,Male,Dine-in,,
858,321,2,2025-02-26,19:05:00,Completed,Website/App,Card,,15734.76,Restaurant 002,Casual Dining,2,South-2,Male,Dine-in,,
859,13895,13,2025-05-15,22:55:00,Completed,Third-party Delivery,Card,,11454.46,Restaurant 013,Cafe,13,East-13,Other,Third-party Delivery,,
861,2553,8,2025-02-13,18:35:00,Completed,Dine-in,Card,1,8028.66,Restaurant 008,Family Restaurant,8,Gulshan-8,Other,Dine-in,Promotion 001,Percentage Discount
862,13716,10,2025-11-12,19:43:00,Completed,Takeaway,Cash,,6970.62,Restaurant 010,Family Restaurant,10,Korangi-10,Male,Third-party Delivery,,
863,15230,17,2025-01-13,21:16:00,Completed,Dine-in,Cash,14,12485.12,Restaurant 017,Casual Dining,17,Clifton-17,Male,Takeaway,Promotion 014,Seasonal
864,18298,15,2025-05-29,21:31:00,Completed,Takeaway,Cash,,17523.79,Restaurant 015,Fast Food,15,Central-15,Male,Third-party Delivery,,
865,47591,3,2025-08-16,18:37:00,Completed,Website/App,Online Wallet,,11184.99,Restaurant 003,Fast Food,3,East-3,Male,Website/App,,
866,12982,19,2025-08-04,13:08:00,Completed,Third-party Delivery,Card,,4048.08,Restaurant 019,Fast Food,19,Defence-19,Male,Website/App,,
867,41900,1,2025-07-08,17:31:00,Completed,Dine-in,Online Wallet,,12003.24,Restaurant 001,Casual Dining,1,North-1,Male,Website/App,,
868,38675,12,2025-05-13,12:07:00,Completed,Third-party Delivery,Online Wallet,,22853.72,Restaurant 012,Fast Food,12,South-12,Female,Dine-in,,
869,18800,6,2025-11-07,10:45:00,Completed,Dine-in,Card,,16680.95,Restaurant 006,Fast Food,6,Garden-6,Male,Dine-in,,
870,3731,11,2025-01-23,19:41:00,Completed,Takeaway,Card,,10489.78,Restaurant 011,Cafe,11,North-11,Male,Third-party Delivery,,
871,36282,20,2025-07-25,18:29:00,Completed,Website/App,Cash,,4846.61,Restaurant 020,Fast Food,20,Korangi-20,Other,Third-party Delivery,,
872,26764,19,2025-12-31,12:17:00,Completed,Takeaway,Online Wallet,,4686.37,Restaurant 019,Fast Food,19,Defence-19,Male,Takeaway,,
873,17980,13,2025-11-07,21:38:00,Completed,Website/App,Online Wallet,62,9907.38,Restaurant 013,Cafe,13,East-13,Female,Takeaway,Promotion 062,Seasonal
874,29932,19,2025-12-15,12:37:00,Completed,Takeaway,Online Wallet,,4185.79,Restaurant 019,Fast Food,19,Defence-19,Female,Third-party Delivery,,
876,26536,3,2025-10-25,14:27:00,Completed,Third-party Delivery,Card,,11313.14,Restaurant 003,Fast Food,3,East-3,Other,Third-party Delivery,,
878,33260,17,2025-11-01,14:14:00,Completed,Dine-in,Card,59,13826.22,Restaurant 017,Casual Dining,17,Clifton-17,Other,Website/App,Promotion 059,Bundle
879,33491,15,2025-03-12,19:39:00,Completed,Website/App,Online Wallet,22,13691.03,Restaurant 015,Fast Food,15,Central-15,Female,Third-party Delivery,Promotion 022,Seasonal
880,21526,15,2025-01-21,12:34:00,Completed,Website/App,Card,,10476.71,Restaurant 015,Fast Food,15,Central-15,Female,Third-party Delivery,,
882,5702,2,2025-08-03,21:40:00,Completed,Website/App,Cash,4,18713.54,Restaurant 002,Casual Dining,2,South-2,Other,Takeaway,Promotion 004,Seasonal
883,22676,9,2025-06-01,22:58:00,Completed,Dine-in,Online Wallet,,5593.6,Restaurant 009,Cafe,9,Defence-9,Other,Website/App,,
884,23393,19,2025-08-25,21:33:00,Completed,Dine-in,Online Wallet,,3073.47,Restaurant 019,Fast Food,19,Defence-19,Female,Dine-in,,
885,44237,3,2025-05-05,21:59:00,Completed,Website/App,Card,,13479.67,Restaurant 003,Fast Food,3,East-3,Male,Takeaway,,
886,5563,19,2025-03-18,14:00:00,Completed,Website/App,Online Wallet,,3916.71,Restaurant 019,Fast Food,19,Defence-19,Other,Takeaway,,
887,43861,4,2025-11-10,18:56:00,Completed,Website/App,Card,,8586.35,Restaurant 004,Cafe,4,West-4,Other,Takeaway,,
888,23593,19,2025-02-26,19:34:00,Completed,Website/App,Card,,3850.23,Restaurant 019,Fast Food,19,Defence-19,Other,Website/App,,
889,17684,13,2025-06-03,19:58:00,Completed,Dine-in,Cash,,7216.7,Restaurant 013,Cafe,13,East-13,Female,Takeaway,,
890,27391,7,2025-10-19,21:29:00,Completed,Takeaway,Card,,11222.89,Restaurant 007,Casual Dining,7,Clifton-7,Male,Website/App,,
891,34544,9,2025-04-16,15:50:00,Completed,Takeaway,Online Wallet,,4375.02,Restaurant 009,Cafe,9,Defence-9,Female,Takeaway,,
892,17494,19,2025-04-05,18:54:00,Completed,Third-party Delivery,Card,,3294.44,Restaurant 019,Fast Food,19,Defence-19,Other,Third-party Delivery,,
893,10976,7,2025-12-15,21:17:00,Completed,Third-party Delivery,Cash,77,9740.08,Restaurant 007,Casual Dining,7,Clifton-7,Other,Third-party Delivery,Promotion 077,Bundle
894,30999,5,2025-11-03,21:42:00,Completed,Third-party Delivery,Online Wallet,,14109.93,Restaurant 005,Casual Dining,5,Central-5,Male,Website/App,,
895,6943,10,2025-04-30,21:35:00,Completed,Dine-in,Cash,,7471.07,Restaurant 010,Family Restaurant,10,Korangi-10,Female,Takeaway,,
896,40266,7,2025-08-26,18:18:00,Completed,Website/App,Cash,,12392.48,Restaurant 007,Casual Dining,7,Clifton-7,Other,Takeaway,,
897,27951,8,2025-08-29,22:33:00,Completed,Takeaway,Cash,,8691.87,Restaurant 008,Family Restaurant,8,Gulshan-8,Female,Takeaway,,
899,44031,10,2025-11-26,10:53:00,Completed,Website/App,Card,20,8407.4,Restaurant 010,Family Restaurant,10,Korangi-10,Male,Takeaway,Promotion 020,Seasonal
900,28920,4,2025-05-09,21:58:00,Completed,Website/App,Card,,9836.5,Restaurant 004,Cafe,4,West-4,Other,Takeaway,,
901,15993,13,2025-06-13,13:25:00,Completed,Third-party Delivery,Online Wallet,,11018.48,Restaurant 013,Cafe,13,East-13,Female,Third-party Delivery,,
902,24580,6,2025-02-17,14:16:00,Completed,Dine-in,Online Wallet,,19122.64,Restaurant 006,Fast Food,6,Garden-6,Female,Takeaway,,
903,21915,16,2025-07-20,19:58:00,Completed,Takeaway,Card,,17768.84,Restaurant 016,Cafe,16,Garden-16,Other,Third-party Delivery,,
906,21175,10,2025-10-24,13:32:00,Completed,Takeaway,Card,,8545.33,Restaurant 010,Family Restaurant,10,Korangi-10,Male,Takeaway,,
911,47394,19,2025-08-01,12:26:00,Completed,Third-party Delivery,Card,,4579.56,Restaurant 019,Fast Food,19,Defence-19,Male,Third-party Delivery,,
912,33272,12,2025-02-01,21:31:00,Completed,Takeaway,Cash,38,28262.06,Restaurant 012,Fast Food,12,South-12,Other,Third-party Delivery,Promotion 038,Percentage Discount
914,22152,5,2025-03-20,20:20:00,Completed,Dine-in,Card,,18379.4,Restaurant 005,Casual Dining,5,Central-5,Female,Website/App,,
915,5790,11,2025-12-29,21:58:00,Completed,Dine-in,Card,,10299.41,Restaurant 011,Cafe,11,North-11,Female,Takeaway,,
916,45737,17,2025-11-10,13:14:00,Completed,Dine-in,Online Wallet,,12619.67,Restaurant 017,Casual Dining,17,Clifton-17,Other,Dine-in,,
918,20125,1,2025-09-01,12:30:00,Completed,Third-party Delivery,Card,105,11914.3,Restaurant 001,Casual Dining,1,North-1,Male,Takeaway,Promotion 105,Percentage Discount
919,3484,15,2025-10-18,22:02:00,Completed,Dine-in,Cash,,15744.0,Restaurant 015,Fast Food,15,Central-15,Female,Takeaway,,
920,781,2,2025-03-17,21:49:00,Completed,Dine-in,Cash,,15459.17,Restaurant 002,Casual Dining,2,South-2,Female,Website/App,,
922,42085,14,2025-10-22,21:31:00,Completed,Third-party Delivery,Online Wallet,,10110.12,Restaurant 014,Cafe,14,West-14,Female,Website/App,,
923,4105,1,2025-06-23,14:48:00,Completed,Website/App,Cash,40,13702.52,Restaurant 001,Casual Dining,1,North-1,Other,Takeaway,Promotion 040,Seasonal
925,27895,20,2025-07-01,19:11:00,Completed,Dine-in,Cash,,4629.7,Restaurant 020,Fast Food,20,Korangi-20,Female,Dine-in,,
927,8907,5,2025-06-04,14:43:00,Completed,Takeaway,Card,,17216.34,Restaurant 005,Casual Dining,5,Central-5,Female,Dine-in,,
928,19229,1,2025-03-12,21:13:00,Completed,Website/App,Online Wallet,,11092.36,Restaurant 001,Casual Dining,1,North-1,Female,Takeaway,,
929,11745,11,2025-03-16,20:55:00,Completed,Dine-in,Online Wallet,,10015.7,Restaurant 011,Cafe,11,North-11,Female,Website/App,,
930,37940,1,2025-08-16,19:31:00,Completed,Takeaway,Cash,105,9283.53,Restaurant 001,Casual Dining,1,North-1,Other,Dine-in,Promotion 105,Percentage Discount
933,39123,14,2025-11-11,22:40:00,Completed,Third-party Delivery,Card,,7891.02,Restaurant 014,Cafe,14,West-14,Male,Dine-in,,
935,48599,6,2025-03-12,18:39:00,Completed,Website/App,Online Wallet,,11323.2,Restaurant 006,Fast Food,6,Garden-6,Other,Third-party Delivery,,
936,47426,14,2025-08-18,18:29:00,Completed,Dine-in,Card,,10034.02,Restaurant 014,Cafe,14,West-14,Male,Website/App,,
937,7128,14,2025-10-26,22:19:00,Completed,Website/App,Online Wallet,,7571.19,Restaurant 014,Cafe,14,West-14,Other,Third-party Delivery,,
938,35321,1,2025-06-15,19:04:00,Completed,Takeaway,Online Wallet,,9522.45,Restaurant 001,Casual Dining,1,North-1,Other,Third-party Delivery,,
939,40440,11,2025-09-17,15:34:00,Completed,Third-party Delivery,Cash,,15730.24,Restaurant 011,Cafe,11,North-11,Male,Takeaway,,
940,32244,3,2025-11-16,20:45:00,Completed,Takeaway,Card,,9888.47,Restaurant 003,Fast Food,3,East-3,Other,Website/App,,
941,9960,1,2025-02-12,21:44:00,Completed,Website/App,Card,,8702.17,Restaurant 001,Casual Dining,1,North-1,Female,Website/App,,
942,21279,5,2025-10-07,12:11:00,Completed,Website/App,Cash,,13426.89,Restaurant 005,Casual Dining,5,Central-5,Male,Third-party Delivery,,
943,45575,2,2025-04-16,22:31:00,Completed,Dine-in,Cash,,17530.73,Restaurant 002,Casual Dining,2,South-2,Female,Website/App,,
944,29898,2,2025-12-14,19:41:00,Completed,Takeaway,Card,,14043.19,Restaurant 002,Casual Dining,2,South-2,Female,Dine-in,,
945,36776,19,2025-03-24,20:45:00,Completed,Website/App,Card,,4546.85,Restaurant 019,Fast Food,19,Defence-19,Male,Third-party Delivery,,
946,5454,12,2025-03-10,15:20:00,Completed,Third-party Delivery,Card,,18966.75,Restaurant 012,Fast Food,12,South-12,Male,Website/App,,
947,38727,6,2025-10-28,18:41:00,Completed,Third-party Delivery,Card,,18726.81,Restaurant 006,Fast Food,6,Garden-6,Male,Website/App,,
948,15716,20,2025-09-29,21:21:00,Completed,Takeaway,Card,,3766.05,Restaurant 020,Fast Food,20,Korangi-20,Male,Third-party Delivery,,
949,26400,19,2025-08-16,18:57:00,Completed,Takeaway,Online Wallet,,2943.64,Restaurant 019,Fast Food,19,Defence-19,Other,Takeaway,,
950,18792,9,2025-05-22,18:28:00,Completed,Dine-in,Online Wallet,101,3496.63,Restaurant 009,Cafe,9,Defence-9,Male,Third-party Delivery,Promotion 101,Percentage Discount
951,6936,5,2025-10-25,20:51:00,Completed,Third-party Delivery,Cash,118,17387.55,Restaurant 005,Casual Dining,5,Central-5,Other,Takeaway,Promotion 118,Percentage Discount
952,7672,6,2025-09-08,15:46:00,Completed,Website/App,Cash,,12214.36,Restaurant 006,Fast Food,6,Garden-6,Male,Third-party Delivery,,
953,11321,11,2025-06-10,21:29:00,Completed,Third-party Delivery,Online Wallet,,9660.69,Restaurant 011,Cafe,11,North-11,Other,Website/App,,
954,27982,9,2025-07-30,20:34:00,Completed,Dine-in,Cash,,4015.7,Restaurant 009,Cafe,9,Defence-9,Male,Takeaway,,
955,40836,17,2025-12-07,11:01:00,Completed,Website/App,Cash,,10767.96,Restaurant 017,Casual Dining,17,Clifton-17,Other,Takeaway,,
956,24489,6,2025-02-01,15:46:00,Completed,Website/App,Online Wallet,52,16664.03,Restaurant 006,Fast Food,6,Garden-6,Other,Dine-in,Promotion 052,Percentage Discount
957,17620,2,2025-08-16,20:23:00,Completed,Website/App,Card,,18604.25,Restaurant 002,Casual Dining,2,South-2,Other,Takeaway,,
958,48673,4,2025-12-22,22:13:00,Completed,Dine-in,Card,,7423.46,Restaurant 004,Cafe,4,West-4,Male,Dine-in,,
959,15885,2,2025-10-26,21:44:00,Completed,Website/App,Card,,16567.15,Restaurant 002,Casual Dining,2,South-2,Male,Website/App,,
960,32681,4,2025-03-10,14:42:00,Completed,Takeaway,Card,,7074.07,Restaurant 004,Cafe,4,West-4,Other,Dine-in,,
961,45447,8,2025-09-09,19:49:00,Completed,Website/App,Online Wallet,47,8139.55,Restaurant 008,Family Restaurant,8,Gulshan-8,Other,Third-party Delivery,Promotion 047,Seasonal
962,23485,17,2025-02-17,13:41:00,Completed,Takeaway,Card,,10550.78,Restaurant 017,Casual Dining,17,Clifton-17,Other,Dine-in,,
963,26436,14,2025-02-03,18:14:00,Completed,Dine-in,Card,,5875.24,Restaurant 014,Cafe,14,West-14,Other,Website/App,,
964,10650,14,2025-06-05,12:42:00,Completed,Takeaway,Cash,,10096.83,Restaurant 014,Cafe,14,West-14,Other,Third-party Delivery,,
965,36124,3,2025-04-05,13:16:00,Completed,Takeaway,Online Wallet,,13704.97,Restaurant 003,Fast Food,3,East-3,Female,Dine-in,,
966,43937,14,2025-03-20,22:13:00,Completed,Third-party Delivery,Online Wallet,,8376.37,Restaurant 014,Cafe,14,West-14,Female,Dine-in,,
967,30396,6,2025-01-12,18:53:00,Completed,Third-party Delivery,Online Wallet,,11942.53,Restaurant 006,Fast Food,6,Garden-6,Male,Third-party Delivery,,
968,20896,3,2025-12-08,20:45:00,Completed,Website/App,Card,,9083.26,Restaurant 003,Fast Food,3,East-3,Male,Takeaway,,
969,36944,5,2025-08-30,14:29:00,Completed,Third-party Delivery,Card,,14998.49,Restaurant 005,Casual Dining,5,Central-5,Male,Website/App,,
970,30605,20,2025-05-15,21:48:00,Completed,Third-party Delivery,Card,45,4632.0,Restaurant 020,Fast Food,20,Korangi-20,Female,Third-party Delivery,Promotion 045,Bundle
971,9608,14,2025-07-05,13:41:00,Completed,Takeaway,Online Wallet,,5471.4,Restaurant 014,Cafe,14,West-14,Female,Takeaway,,
972,36683,11,2025-07-30,20:33:00,Completed,Dine-in,Cash,,14707.1,Restaurant 011,Cafe,11,North-11,Other,Dine-in,,
974,19106,20,2025-09-06,19:59:00,Completed,Third-party Delivery,Cash,,3429.73,Restaurant 020,Fast Food,20,Korangi-20,Other,Website/App,,
976,47794,7,2025-07-11,21:07:00,Completed,Dine-in,Cash,,10699.33,Restaurant 007,Casual Dining,7,Clifton-7,Male,Dine-in,,
977,42383,4,2025-04-20,20:00:00,Completed,Takeaway,Card,,6950.98,Restaurant 004,Cafe,4,West-4,Female,Takeaway,,
978,30665,15,2025-04-04,13:17:00,Completed,Website/App,Online Wallet,,14225.0,Restaurant 015,Fast Food,15,Central-15,Male,Third-party Delivery,,
979,40731,20,2025-02-22,19:47:00,Completed,Takeaway,Online Wallet,,4697.82,Restaurant 020,Fast Food,20,Korangi-20,Other,Dine-in,,
981,684,18,2025-08-12,18:22:00,Completed,Dine-in,Cash,,6715.96,Restaurant 018,Fast Food,18,Gulshan-18,Male,Takeaway,,
982,25829,12,2025-09-05,18:40:00,Completed,Dine-in,Cash,,23429.41,Restaurant 012,Fast Food,12,South-12,Other,Third-party Delivery,,
983,43101,10,2025-10-18,13:30:00,Completed,Third-party Delivery,Cash,,7063.27,Restaurant 010,Family Restaurant,10,Korangi-10,Other,Website/App,,
984,46178,13,2025-09-22,19:34:00,Completed,Third-party Delivery,Cash,,8318.95,Restaurant 013,Cafe,13,East-13,Other,Website/App,,
987,6237,4,2025-06-29,17:28:00,Completed,Dine-in,Online Wallet,,8538.37,Restaurant 004,Cafe,4,West-4,Other,Website/App,,
988,10934,2,2025-12-14,13:19:00,Completed,Website/App,Online Wallet,,23762.83,Restaurant 002,Casual Dining,2,South-2,Female,Takeaway,,
990,43786,19,2025-08-22,16:04:00,Completed,Website/App,Online Wallet,,3317.13,Restaurant 019,Fast Food,19,Defence-19,Female,Dine-in,,
991,39432,14,2025-07-27,12:55:00,Completed,Third-party Delivery,Card,,6911.97,Restaurant 014,Cafe,14,West-14,Other,Website/App,,
992,21381,11,2025-12-18,13:21:00,Completed,Dine-in,Cash,,12480.67,Restaurant 011,Cafe,11,North-11,Female,Website/App,,
994,12988,18,2025-03-21,19:23:00,Completed,Dine-in,Card,,8636.1,Restaurant 018,Fast Food,18,Gulshan-18,Other,Website/App,,
995,46732,15,2025-12-28,20:33:00,Completed,Dine-in,Card,,19162.5,Restaurant 015,Fast Food,15,Central-15,Other,Dine-in,,
997,6610,11,2025-12-26,14:06:00,Completed,Dine-in,Card,,9073.48,Restaurant 011,Cafe,11,North-11,Female,Takeaway,,
998,42716,16,2025-11-02,22:42:00,Completed,Third-party Delivery,Cash,,12214.28,Restaurant 016,Cafe,16,Garden-16,Other,Takeaway,,
999,42450,19,2025-07-30,14:55:00,Completed,Website/App,Cash,,2703.16,Restaurant 019,Fast Food,19,Defence-19,Male,Takeaway,,
1001,6304,12,2025-03-12,12:51:00,Completed,Website/App,Online Wallet,,24241.18,Restaurant 012,Fast Food,12,South-12,Male,Takeaway,,
1002,41074,2,2025-06-17,13:30:00,Completed,Dine-in,Card,,14030.46,Restaurant 002,Casual Dining,2,South-2,Male,Takeaway,,
1003,25127,10,2025-12-17,12:19:00,Completed,Dine-in,Cash,,6605.94,Restaurant 010,Family Restaurant,10,Korangi-10,Other,Dine-in,,
1005,42035,18,2025-02-08,21:04:00,Completed,Third-party Delivery,Online Wallet,,9577.82,Restaurant 018,Fast Food,18,Gulshan-18,Female,Third-party Delivery,,
1006,46186,2,2025-05-26,19:44:00,Completed,Website/App,Online Wallet,80,16383.52,Restaurant 002,Casual Dining,2,South-2,Female,Website/App,Promotion 080,Percentage Discount
1007,18850,1,2025-08-22,13:12:00,Completed,Website/App,Card,,12881.39,Restaurant 001,Casual Dining,1,North-1,Female,Website/App,,
1008,39661,5,2025-09-02,19:10:00,Completed,Third-party Delivery,Online Wallet,,30445.85,Restaurant 005,Casual Dining,5,Central-5,Male,Website/App,,
1009,44799,11,2025-04-27,21:44:00,Completed,Dine-in,Cash,,8700.83,Restaurant 011,Cafe,11,North-11,Female,Website/App,,
1010,36401,9,2025-09-30,14:58:00,Completed,Third-party Delivery,Card,,5693.88,Restaurant 009,Cafe,9,Defence-9,Female,Takeaway,,
1011,19191,4,2025-04-19,15:11:00,Completed,Third-party Delivery,Cash,,7709.28,Restaurant 004,Cafe,4,West-4,Male,Dine-in,,
1012,27281,18,2025-05-20,14:36:00,Completed,Dine-in,Online Wallet,97,5738.67,Restaurant 018,Fast Food,18,Gulshan-18,Other,Website/App,Promotion 097,Seasonal
1013,42870,12,2025-10-11,12:59:00,Completed,Dine-in,Online Wallet,,25897.81,Restaurant 012,Fast Food,12,South-12,Other,Third-party Delivery,,
1014,33406,7,2025-10-18,19:29:00,Completed,Third-party Delivery,Card,,10785.44,Restaurant 007,Casual Dining,7,Clifton-7,Other,Third-party Delivery,,
1017,33905,12,2025-12-12,13:34:00,Completed,Dine-in,Card,,16460.77,Restaurant 012,Fast Food,12,South-12,Female,Third-party Delivery,,
1018,27285,10,2025-08-17,19:57:00,Completed,Dine-in,Cash,116,7258.37,Restaurant 010,Family Restaurant,10,Korangi-10,Male,Dine-in,Promotion 116,Percentage Discount
1019,19049,2,2025-07-04,21:33:00,Completed,Third-party Delivery,Online Wallet,,16011.6,Restaurant 002,Casual Dining,2,South-2,Male,Takeaway,,
1022,36375,11,2025-03-05,21:26:00,Completed,Dine-in,Cash,,9091.89,Restaurant 011,Cafe,11,North-11,Female,Dine-in,,
1023,19818,9,2025-10-25,14:42:00,Completed,Website/App,Card,,4698.74,Restaurant 009,Cafe,9,Defence-9,Male,Third-party Delivery,,
1024,35492,3,2025-05-24,12:16:00,Completed,Third-party Delivery,Cash,,11438.35,Restaurant 003,Fast Food,3,East-3,Other,Dine-in,,
1025,47946,6,2025-10-22,12:41:00,Completed,Website/App,Online Wallet,,12012.76,Restaurant 006,Fast Food,6,Garden-6,Male,Dine-in,,
1026,41102,2,2025-09-05,14:43:00,Completed,Takeaway,Online Wallet,8,17067.27,Restaurant 002,Casual Dining,2,South-2,Other,Takeaway,Promotion 008,Bundle
1028,46069,18,2025-07-02,20:42:00,Completed,Website/App,Cash,,5437.27,Restaurant 018,Fast Food,18,Gulshan-18,Other,Third-party Delivery,,
1029,21240,10,2025-04-19,12:20:00,Completed,Website/App,Online Wallet,,8726.65,Restaurant 010,Family Restaurant,10,Korangi-10,Female,Third-party Delivery,,
1030,35645,9,2025-11-18,19:34:00,Completed,Website/App,Card,,3165.13,Restaurant 009,Cafe,9,Defence-9,Female,Dine-in,,
1031,44686,13,2025-11-07,12:57:00,Completed,Website/App,Online Wallet,62,8561.05,Restaurant 013,Cafe,13,East-13,Other,Takeaway,Promotion 062,Seasonal
1032,11739,9,2025-08-17,21:06:00,Completed,Website/App,Online Wallet,,5071.86,Restaurant 009,Cafe,9,Defence-9,Other,Third-party Delivery,,
1033,27826,4,2025-10-12,18:49:00,Completed,Third-party Delivery,Cash,,8923.95,Restaurant 004,Cafe,4,West-4,Other,Dine-in,,
1035,49161,15,2025-08-02,14:59:00,Completed,Website/App,Cash,,15193.25,Restaurant 015,Fast Food,15,Central-15,Other,Dine-in,,
1036,49586,19,2025-05-08,14:10:00,Completed,Website/App,Card,,3805.05,Restaurant 019,Fast Food,19,Defence-19,Other,Third-party Delivery,,
1038,6435,18,2025-05-28,20:47:00,Completed,Third-party Delivery,Card,,8666.41,Restaurant 018,Fast Food,18,Gulshan-18,Male,Website/App,,
1039,2817,5,2025-06-14,13:45:00,Completed,Takeaway,Card,,19339.78,Restaurant 005,Casual Dining,5,Central-5,Male,Takeaway,,
1040,5364,17,2025-09-25,18:32:00,Completed,Third-party Delivery,Online Wallet,,10598.5,Restaurant 017,Casual Dining,17,Clifton-17,Other,Website/App,,
1041,12309,20,2025-03-23,19:57:00,Completed,Third-party Delivery,Online Wallet,,4908.0,Restaurant 020,Fast Food,20,Korangi-20,Male,Dine-in,,
1043,44017,4,2025-06-10,11:28:00,Completed,Takeaway,Card,,7728.45,Restaurant 004,Cafe,4,West-4,Female,Third-party Delivery,,
1044,41441,11,2025-05-03,19:09:00,Completed,Website/App,Online Wallet,,11448.16,Restaurant 011,Cafe,11,North-11,Female,Takeaway,,
1045,45187,4,2025-09-29,19:45:00,Completed,Dine-in,Online Wallet,,11428.28,Restaurant 004,Cafe,4,West-4,Female,Website/App,,
1046,31861,5,2025-04-15,20:57:00,Completed,Takeaway,Online Wallet,,19989.07,Restaurant 005,Casual Dining,5,Central-5,Other,Website/App,,
1047,2574,20,2025-04-04,18:43:00,Completed,Third-party Delivery,Cash,,5202.9,Restaurant 020,Fast Food,20,Korangi-20,Other,Takeaway,,
1048,35860,16,2025-08-16,20:57:00,Completed,Takeaway,Cash,,14522.55,Restaurant 016,Cafe,16,Garden-16,Other,Takeaway,,
1049,25574,11,2025-10-10,21:49:00,Completed,Takeaway,Cash,,8396.07,Restaurant 011,Cafe,11,North-11,Male,Dine-in,,
1050,46500,1,2025-10-14,13:02:00,Completed,Dine-in,Online Wallet,,11960.97,Restaurant 001,Casual Dining,1,North-1,Female,Takeaway,,
1051,24458,19,2025-01-03,13:07:00,Completed,Third-party Delivery,Card,,3628.56,Restaurant 019,Fast Food,19,Defence-19,Other,Third-party Delivery,,
1052,4265,5,2025-11-11,20:28:00,Completed,Takeaway,Online Wallet,33,17016.27,Restaurant 005,Casual Dining,5,Central-5,Female,Website/App,Promotion 033,Seasonal
1053,2917,12,2025-06-09,12:38:00,Completed,Website/App,Card,,25385.05,Restaurant 012,Fast Food,12,South-12,Male,Third-party Delivery,,
1054,8535,19,2025-06-29,14:30:00,Completed,Dine-in,Online Wallet,,3700.47,Restaurant 019,Fast Food,19,Defence-19,Female,Dine-in,,
1055,9200,16,2025-01-23,14:36:00,Completed,Third-party Delivery,Cash,,14861.75,Restaurant 016,Cafe,16,Garden-16,Male,Website/App,,
1056,18584,16,2025-08-02,18:45:00,Completed,Dine-in,Cash,,17060.65,Restaurant 016,Cafe,16,Garden-16,Female,Website/App,,
1057,12714,19,2025-03-22,19:44:00,Completed,Dine-in,Cash,,4373.68,Restaurant 019,Fast Food,19,Defence-19,Male,Third-party Delivery,,
1058,42685,9,2025-10-26,15:14:00,Completed,Third-party Delivery,Online Wallet,39,4010.47,Restaurant 009,Cafe,9,Defence-9,Female,Website/App,Promotion 039,Percentage Discount
1059,16183,1,2025-06-15,12:37:00,Completed,Takeaway,Card,,11576.16,Restaurant 001,Casual Dining,1,North-1,Male,Takeaway,,
1060,27065,6,2025-06-09,20:10:00,Completed,Website/App,Online Wallet,,17024.13,Restaurant 006,Fast Food,6,Garden-6,Male,Dine-in,,
1061,19136,2,2025-07-19,12:59:00,Completed,Third-party Delivery,Online Wallet,,13844.31,Restaurant 002,Casual Dining,2,South-2,Male,Dine-in,,
1062,20292,10,2025-07-30,19:38:00,Completed,Website/App,Card,,8116.96,Restaurant 010,Family Restaurant,10,Korangi-10,Female,Dine-in,,
1064,7962,2,2025-03-16,12:43:00,Completed,Website/App,Card,,12602.35,Restaurant 002,Casual Dining,2,South-2,Female,Dine-in,,
1065,20202,7,2025-04-15,18:58:00,Completed,Third-party Delivery,Online Wallet,16,10461.85,Restaurant 007,Casual Dining,7,Clifton-7,Other,Dine-in,Promotion 016,Percentage Discount
1066,37775,15,2025-11-26,21:23:00,Completed,Takeaway,Online Wallet,,17094.82,Restaurant 015,Fast Food,15,Central-15,Male,Dine-in,,
1067,29563,8,2025-12-20,21:44:00,Completed,Website/App,Online Wallet,,7140.88,Restaurant 008,Family Restaurant,8,Gulshan-8,Male,Third-party Delivery,,
1068,891,7,2025-10-11,12:55:00,Completed,Takeaway,Card,,13129.19,Restaurant 007,Casual Dining,7,Clifton-7,Other,Dine-in,,
1069,36349,1,2025-07-07,19:38:00,Completed,Dine-in,Cash,,10017.78,Restaurant 001,Casual Dining,1,North-1,Male,Website/App,,
1071,39983,14,2025-02-06,20:28:00,Completed,Third-party Delivery,Online Wallet,,7448.31,Restaurant 014,Cafe,14,West-14,Other,Third-party Delivery,,
1072,23933,13,2025-10-25,12:31:00,Completed,Website/App,Online Wallet,,8036.03,Restaurant 013,Cafe,13,East-13,Female,Website/App,,
1073,4198,16,2025-12-16,14:58:00,Completed,Takeaway,Cash,,10788.41,Restaurant 016,Cafe,16,Garden-16,Other,Takeaway,,
1074,33756,5,2025-04-21,20:04:00,Completed,Dine-in,Card,,16268.1,Restaurant 005,Casual Dining,5,Central-5,Male,Dine-in,,
1076,988,7,2025-04-25,11:14:00,Completed,Website/App,Cash,,11434.99,Restaurant 007,Casual Dining,7,Clifton-7,Male,Website/App,,
1077,7224,17,2025-06-01,18:31:00,Completed,Third-party Delivery,Online Wallet,,10552.06,Restaurant 017,Casual Dining,17,Clifton-17,Male,Third-party Delivery,,
1078,31614,15,2025-07-09,19:37:00,Completed,Website/App,Card,53,23186.82,Restaurant 015,Fast Food,15,Central-15,Other,Third-party Delivery,Promotion 053,Percentage Discount
1079,46092,17,2025-03-26,10:58:00,Completed,Takeaway,Card,65,11192.16,Restaurant 017,Casual Dining,17,Clifton-17,Male,Website/App,Promotion 065,Seasonal
1080,29322,17,2025-08-29,21:58:00,Completed,Dine-in,Card,75,10848.3,Restaurant 017,Casual Dining,17,Clifton-17,Other,Dine-in,Promotion 075,Seasonal
1082,11214,6,2025-07-11,13:39:00,Completed,Website/App,Online Wallet,,11947.79,Restaurant 006,Fast Food,6,Garden-6,Female,Third-party Delivery,,
1083,14876,18,2025-05-27,21:30:00,Completed,Third-party Delivery,Card,,8633.21,Restaurant 018,Fast Food,18,Gulshan-18,Male,Takeaway,,
1084,43555,16,2025-05-19,22:59:00,Completed,Dine-in,Cash,,16956.22,Restaurant 016,Cafe,16,Garden-16,Male,Website/App,,
1086,34914,16,2025-01-29,18:30:00,Completed,Takeaway,Card,,11086.69,Restaurant 016,Cafe,16,Garden-16,Female,Takeaway,,
1087,27999,11,2025-07-21,21:23:00,Completed,Dine-in,Online Wallet,,16140.69,Restaurant 011,Cafe,11,North-11,Other,Website/App,,
1088,26635,1,2025-08-07,18:18:00,Completed,Dine-in,Online Wallet,,10121.04,Restaurant 001,Casual Dining,1,North-1,Female,Third-party Delivery,,
1089,22984,8,2025-12-28,14:29:00,Completed,Takeaway,Online Wallet,,5676.04,Restaurant 008,Family Restaurant,8,Gulshan-8,Male,Third-party Delivery,,
1090,17610,12,2025-08-06,18:48:00,Completed,Dine-in,Cash,23,18611.85,Restaurant 012,Fast Food,12,South-12,Male,Takeaway,Promotion 023,Seasonal
1091,2340,7,2025-12-02,18:55:00,Completed,Takeaway,Card,,10539.18,Restaurant 007,Casual Dining,7,Clifton-7,Female,Dine-in,,
1092,38098,18,2025-03-31,18:16:00,Completed,Third-party Delivery,Cash,,8412.9,Restaurant 018,Fast Food,18,Gulshan-18,Other,Website/App,,
1094,21841,11,2025-04-26,13:22:00,Completed,Website/App,Online Wallet,13,8056.61,Restaurant 011,Cafe,11,North-11,Other,Third-party Delivery,Promotion 013,Percentage Discount
1095,38901,8,2025-06-21,14:15:00,Completed,Takeaway,Online Wallet,,6904.86,Restaurant 008,Family Restaurant,8,Gulshan-8,Other,Takeaway,,
1097,37470,2,2025-09-10,14:10:00,Completed,Website/App,Online Wallet,,15713.97,Restaurant 002,Casual Dining,2,South-2,Other,Website/App,,
1098,26343,7,2025-12-29,20:08:00,Completed,Website/App,Online Wallet,,12410.38,Restaurant 007,Casual Dining,7,Clifton-7,Male,Website/App,,
1099,15068,8,2025-03-01,13:44:00,Completed,Third-party Delivery,Online Wallet,,5425.52,Restaurant 008,Family Restaurant,8,Gulshan-8,Other,Dine-in,,
1100,36059,14,2025-05-25,11:19:00,Completed,Website/App,Online Wallet,,8237.9,Restaurant 014,Cafe,14,West-14,Male,Takeaway,,
1101,2626,10,2025-09-17,18:16:00,Completed,Third-party Delivery,Card,,8491.79,Restaurant 010,Family Restaurant,10,Korangi-10,Male,Dine-in,,
1104,19086,10,2025-03-25,19:07:00,Completed,Website/App,Card,,5709.33,Restaurant 010,Family Restaurant,10,Korangi-10,Male,Takeaway,,
1105,36557,16,2025-08-10,21:35:00,Completed,Takeaway,Online Wallet,,15526.39,Restaurant 016,Cafe,16,Garden-16,Female,Dine-in,,
1106,29504,19,2025-02-15,13:21:00,Completed,Takeaway,Online Wallet,,3461.45,Restaurant 019,Fast Food,19,Defence-19,Male,Takeaway,,
1107,17005,17,2025-08-08,18:07:00,Completed,Takeaway,Cash,,10889.96,Restaurant 017,Casual Dining,17,Clifton-17,Female,Dine-in,,
1108,29456,15,2025-04-17,21:59:00,Completed,Website/App,Online Wallet,,13156.63,Restaurant 015,Fast Food,15,Central-15,Female,Third-party Delivery,,
1109,981,4,2025-07-04,14:20:00,Completed,Takeaway,Online Wallet,,8166.48,Restaurant 004,Cafe,4,West-4,Female,Dine-in,,
1110,8613,20,2025-11-28,21:37:00,Completed,Third-party Delivery,Card,,8392.35,Restaurant 020,Fast Food,20,Korangi-20,Other,Website/App,,
1111,25914,12,2025-02-20,21:32:00,Completed,Website/App,Card,,17438.73,Restaurant 012,Fast Food,12,South-12,Female,Third-party Delivery,,
1112,26783,16,2025-11-15,19:39:00,Completed,Dine-in,Card,,10829.18,Restaurant 016,Cafe,16,Garden-16,Female,Third-party Delivery,,
1113,29350,12,2025-08-18,13:47:00,Completed,Third-party Delivery,Card,23,27360.89,Restaurant 012,Fast Food,12,South-12,Male,Website/App,Promotion 023,Seasonal
1114,22606,3,2025-07-27,20:06:00,Completed,Third-party Delivery,,,10372.13,Restaurant 003,Fast Food,3,East-3,Female,Dine-in,,
1115,34166,13,2025-10-16,21:16:00,Completed,Third-party Delivery,Card,,8326.25,Restaurant 013,Cafe,13,East-13,Male,Third-party Delivery,,
1117,34534,14,2025-11-12,19:30:00,Completed,Takeaway,Online Wallet,,7410.52,Restaurant 014,Cafe,14,West-14,Male,Takeaway,,
1118,23158,8,2025-07-12,13:18:00,Completed,Takeaway,Online Wallet,,6710.3,Restaurant 008,Family Restaurant,8,Gulshan-8,Male,Dine-in,,
1119,5120,12,2025-03-22,13:34:00,Completed,Takeaway,Card,,23741.06,Restaurant 012,Fast Food,12,South-12,Other,Third-party Delivery,,
1120,30133,17,2025-03-28,12:44:00,Completed,Dine-in,Card,,16807.3,Restaurant 017,Casual Dining,17,Clifton-17,Other,Takeaway,,
1121,8779,20,2025-01-18,17:56:00,Completed,Dine-in,Card,,4334.19,Restaurant 020,Fast Food,20,Korangi-20,Male,Website/App,,
1122,26365,17,2025-02-12,12:25:00,Completed,Website/App,Cash,,10159.98,Restaurant 017,Casual Dining,17,Clifton-17,Female,Website/App,,
1123,40732,2,2025-11-22,20:46:00,Completed,Dine-in,Card,,20405.48,Restaurant 002,Casual Dining,2,South-2,Female,Website/App,,
1124,41415,16,2025-07-21,14:25:00,Completed,Third-party Delivery,Online Wallet,,14777.32,Restaurant 016,Cafe,16,Garden-16,Male,Website/App,,
1125,22922,2,2025-11-30,14:24:00,Completed,Website/App,Cash,,17337.3,Restaurant 002,Casual Dining,2,South-2,Male,Third-party Delivery,,
1127,26725,14,2025-10-10,13:22:00,Completed,Dine-in,Card,,10627.0,Restaurant 014,Cafe,14,West-14,Female,Third-party Delivery,,
1128,16873,7,2025-03-25,09:52:00,Completed,Dine-in,Cash,,10066.2,Restaurant 007,Casual Dining,7,Clifton-7,Other,Takeaway,,
1129,5150,17,2025-06-01,21:56:00,Completed,Third-party Delivery,Card,,8572.64,Restaurant 017,Casual Dining,17,Clifton-17,Female,Dine-in,,
1130,6213,19,2025-08-01,14:14:00,Completed,Website/App,Card,,3635.43,Restaurant 019,Fast Food,19,Defence-19,Male,Website/App,,
1131,37729,20,2025-12-21,18:47:00,Completed,Website/App,Cash,,6423.23,Restaurant 020,Fast Food,20,Korangi-20,Female,Dine-in,,
1132,22096,8,2025-03-13,20:04:00,Completed,Third-party Delivery,Online Wallet,,6676.53,Restaurant 008,Family Restaurant,8,Gulshan-8,Other,Takeaway,,
1134,5646,13,2025-07-02,21:14:00,Completed,Dine-in,Card,,6545.94,Restaurant 013,Cafe,13,East-13,Other,Takeaway,,
1135,42933,13,2025-09-08,21:54:00,Completed,Takeaway,Card,,10578.34,Restaurant 013,Cafe,13,East-13,Other,Third-party Delivery,,
1136,6693,4,2025-12-20,18:07:00,Completed,Website/App,Cash,,5517.55,Restaurant 004,Cafe,4,West-4,Male,Dine-in,,
1137,43110,17,2025-03-25,19:02:00,Completed,Third-party Delivery,Cash,,13125.8,Restaurant 017,Casual Dining,17,Clifton-17,Female,Website/App,,
1139,6253,3,2025-08-31,13:05:00,Completed,Takeaway,Cash,,11684.86,Restaurant 003,Fast Food,3,East-3,Male,Takeaway,,
1140,18916,18,2025-04-02,19:48:00,Completed,Website/App,Cash,,6531.01,Restaurant 018,Fast Food,18,Gulshan-18,Other,Website/App,,
1142,10746,13,2025-04-29,12:35:00,Completed,Website/App,Cash,,11342.62,Restaurant 013,Cafe,13,East-13,Female,Website/App,,
1143,38730,20,2025-06-18,21:17:00,Completed,Dine-in,Cash,,7345.42,Restaurant 020,Fast Food,20,Korangi-20,Male,Third-party Delivery,,
1144,594,2,2025-03-25,10:14:00,Completed,Third-party Delivery,Card,36,14189.16,Restaurant 002,Casual Dining,2,South-2,Other,Dine-in,Promotion 036,Bundle
1145,9222,19,2025-11-16,21:58:00,Completed,Third-party Delivery,Card,,4640.35,Restaurant 019,Fast Food,19,Defence-19,Male,Website/App,,
1146,21442,6,2025-10-12,09:33:00,Completed,Takeaway,Online Wallet,,16946.92,Restaurant 006,Fast Food,6,Garden-6,Female,Takeaway,,
1148,13726,6,2025-08-30,14:23:00,Completed,Website/App,Online Wallet,,16866.42,Restaurant 006,Fast Food,6,Garden-6,Other,Website/App,,
1150,1115,3,2025-12-06,20:21:00,Completed,Dine-in,Card,,10736.72,Restaurant 003,Fast Food,3,East-3,Other,Dine-in,,
1151,45099,17,2025-12-18,14:25:00,Completed,Takeaway,Online Wallet,59,9031.46,Restaurant 017,Casual Dining,17,Clifton-17,Male,Takeaway,Promotion 059,Bundle
1152,31447,11,2025-01-27,21:38:00,Completed,Website/App,Card,,8247.33,Restaurant 011,Cafe,11,North-11,Male,Takeaway,,
1154,173,3,2025-05-17,19:14:00,Completed,Third-party Delivery,Online Wallet,,8531.99,Restaurant 003,Fast Food,3,East-3,Female,Third-party Delivery,,
1155,41011,3,2025-12-25,15:04:00,Completed,Takeaway,Online Wallet,,6771.24,Restaurant 003,Fast Food,3,East-3,Other,Website/App,,
1156,3849,10,2025-06-21,21:35:00,Completed,Dine-in,Card,,7895.91,Restaurant 010,Family Restaurant,10,Korangi-10,Other,Third-party Delivery,,
1157,16146,5,2025-09-09,09:25:00,Completed,Website/App,Card,118,15246.13,Restaurant 005,Casual Dining,5,Central-5,Female,Third-party Delivery,Promotion 118,Percentage Discount
1159,47962,17,2025-07-11,21:56:00,Completed,Third-party Delivery,Online Wallet,,16064.79,Restaurant 017,Casual Dining,17,Clifton-17,Other,Takeaway,,
1160,43796,1,2025-03-17,21:35:00,Completed,Website/App,Card,,10254.24,Restaurant 001,Casual Dining,1,North-1,Other,Third-party Delivery,,
1161,34372,3,2025-10-21,20:42:00,Completed,Website/App,Online Wallet,,8902.79,Restaurant 003,Fast Food,3,East-3,Other,Takeaway,,
1162,31071,16,2025-01-23,21:01:00,Completed,Takeaway,Cash,,11488.22,Restaurant 016,Cafe,16,Garden-16,Female,Takeaway,,
1163,32239,5,2025-04-19,20:52:00,Completed,Third-party Delivery,Cash,,27851.12,Restaurant 005,Casual Dining,5,Central-5,Male,Dine-in,,
1164,8884,2,2025-09-14,18:05:00,Completed,Dine-in,Online Wallet,,12843.43,Restaurant 002,Casual Dining,2,South-2,Female,Takeaway,,
1165,9682,11,2025-01-01,19:20:00,Completed,Dine-in,Cash,,9987.95,Restaurant 011,Cafe,11,North-11,Male,Takeaway,,
1168,15391,15,2025-06-28,19:56:00,Completed,Dine-in,Card,,17606.12,Restaurant 015,Fast Food,15,Central-15,Female,Website/App,,
1169,43508,15,2025-08-06,20:59:00,Completed,Takeaway,Online Wallet,,15702.72,Restaurant 015,Fast Food,15,Central-15,Male,Third-party Delivery,,
1170,24462,15,2025-12-08,21:26:00,Completed,Dine-in,Cash,,18308.59,Restaurant 015,Fast Food,15,Central-15,Female,Takeaway,,
1171,43266,16,2025-05-30,20:00:00,Completed,Third-party Delivery,Online Wallet,72,12424.42,Restaurant 016,Cafe,16,Garden-16,Other,Takeaway,Promotion 072,Percentage Discount
1172,14492,16,2025-10-12,12:17:00,Completed,Website/App,Online Wallet,,16238.6,Restaurant 016,Cafe,16,Garden-16,Female,Dine-in,,
1173,9858,3,2025-02-11,14:09:00,Completed,Third-party Delivery,Online Wallet,,14533.15,Restaurant 003,Fast Food,3,East-3,Male,Website/App,,
1175,19718,20,2025-05-29,16:31:00,Completed,Dine-in,Card,,3799.77,Restaurant 020,Fast Food,20,Korangi-20,Other,Website/App,,
1176,25619,19,2025-02-22,14:53:00,Completed,Third-party Delivery,Online Wallet,,3145.02,Restaurant 019,Fast Food,19,Defence-19,Other,Third-party Delivery,,
1177,45215,1,2025-06-14,13:54:00,Completed,Takeaway,Cash,102,8969.21,Restaurant 001,Casual Dining,1,North-1,Female,Third-party Delivery,Promotion 102,Seasonal
1179,7797,11,2025-10-19,19:25:00,Completed,Third-party Delivery,Card,82,17110.55,Restaurant 011,Cafe,11,North-11,Female,Third-party Delivery,Promotion 082,Percentage Discount
1180,43519,20,2025-07-21,12:40:00,Completed,Takeaway,Card,,7110.31,Restaurant 020,Fast Food,20,Korangi-20,Male,Takeaway,,
1181,42618,15,2025-10-26,12:18:00,Completed,Takeaway,Card,,22088.31,Restaurant 015,Fast Food,15,Central-15,Other,Dine-in,,
1183,15486,5,2025-02-08,14:00:00,Completed,Third-party Delivery,Cash,,14151.73,Restaurant 005,Casual Dining,5,Central-5,Other,Dine-in,,
1184,27510,13,2025-02-15,13:03:00,Completed,Takeaway,Card,,9029.07,Restaurant 013,Cafe,13,East-13,Other,Takeaway,,
1185,14414,18,2025-07-28,20:27:00,Completed,Third-party Delivery,Card,78,8539.34,Restaurant 018,Fast Food,18,Gulshan-18,Female,Website/App,Promotion 078,Percentage Discount
1186,33693,10,2025-10-19,18:51:00,Completed,Website/App,Online Wallet,,7709.57,Restaurant 010,Family Restaurant,10,Korangi-10,Male,Dine-in,,
1188,28894,12,2025-01-01,09:23:00,Completed,Dine-in,Cash,,26133.65,Restaurant 012,Fast Food,12,South-12,Other,Third-party Delivery,,
1189,14060,6,2025-04-07,21:19:00,Completed,Third-party Delivery,Cash,,17118.75,Restaurant 006,Fast Food,6,Garden-6,Male,Third-party Delivery,,
1190,34558,2,2025-08-02,14:46:00,Completed,Takeaway,Online Wallet,,16160.11,Restaurant 002,Casual Dining,2,South-2,Male,Takeaway,,
1191,17552,11,2025-04-13,13:01:00,Completed,Website/App,Online Wallet,13,13339.38,Restaurant 011,Cafe,11,North-11,Female,Website/App,Promotion 013,Percentage Discount
1192,1631,16,2025-02-05,14:25:00,Completed,Dine-in,Card,,12425.12,Restaurant 016,Cafe,16,Garden-16,Male,Dine-in,,
1193,42145,19,2025-02-08,20:23:00,Completed,Dine-in,Card,,2886.32,Restaurant 019,Fast Food,19,Defence-19,Male,Website/App,,
1195,49763,8,2025-11-24,16:10:00,Completed,Third-party Delivery,Online Wallet,,12283.81,Restaurant 008,Family Restaurant,8,Gulshan-8,Other,Dine-in,,
1198,13460,6,2025-02-10,21:11:00,Completed,Dine-in,Online Wallet,,18289.66,Restaurant 006,Fast Food,6,Garden-6,Other,Dine-in,,
1199,16049,3,2025-09-16,09:40:00,Completed,Third-party Delivery,Cash,,8715.06,Restaurant 003,Fast Food,3,East-3,Other,Takeaway,,
1200,35206,14,2025-07-17,20:36:00,Completed,Third-party Delivery,Online Wallet,,8522.43,Restaurant 014,Cafe,14,West-14,Female,Dine-in,,
1201,23358,14,2025-11-05,18:33:00,Completed,Dine-in,Online Wallet,,8512.91,Restaurant 014,Cafe,14,West-14,Other,Website/App,,
1202,7564,13,2025-08-25,13:17:00,Completed,Website/App,Cash,,9279.71,Restaurant 013,Cafe,13,East-13,Male,Third-party Delivery,,
1204,30245,20,2025-05-20,12:59:00,Completed,Dine-in,Online Wallet,29,6193.89,Restaurant 020,Fast Food,20,Korangi-20,Other,Website/App,Promotion 029,Seasonal
1205,25457,6,2025-05-01,15:59:00,Completed,Dine-in,Card,,13249.09,Restaurant 006,Fast Food,6,Garden-6,Female,Takeaway,,
1206,4483,14,2025-06-18,18:23:00,Completed,Dine-in,Cash,,7070.51,Restaurant 014,Cafe,14,West-14,Other,Website/App,,
1207,39981,6,2025-09-23,14:48:00,Completed,Dine-in,Cash,,15281.4,Restaurant 006,Fast Food,6,Garden-6,Female,Dine-in,,
1208,43768,14,2025-12-07,18:20:00,Completed,Takeaway,Online Wallet,,7536.02,Restaurant 014,Cafe,14,West-14,Female,Third-party Delivery,,
1209,33951,19,2025-05-09,19:05:00,Completed,Website/App,Cash,,4954.97,Restaurant 019,Fast Food,19,Defence-19,Other,Website/App,,
1210,29573,13,2025-12-25,14:35:00,Completed,Website/App,Card,62,8356.13,Restaurant 013,Cafe,13,East-13,Male,Third-party Delivery,Promotion 062,Seasonal
1211,7023,12,2025-02-26,17:57:00,Completed,Dine-in,Card,,22691.9,Restaurant 012,Fast Food,12,South-12,Other,Website/App,,
1212,39640,12,2025-02-16,14:17:00,Completed,Takeaway,Online Wallet,,19740.12,Restaurant 012,Fast Food,12,South-12,Female,Third-party Delivery,,
1213,44060,11,2025-02-19,18:36:00,Completed,Third-party Delivery,Cash,13,13913.74,Restaurant 011,Cafe,11,North-11,Other,Takeaway,Promotion 013,Percentage Discount
1214,29258,2,2025-07-09,17:16:00,Completed,Website/App,Cash,,18700.52,Restaurant 002,Casual Dining,2,South-2,Other,Dine-in,,
1215,9386,4,2025-05-23,19:42:00,Completed,Takeaway,Online Wallet,,5321.05,Restaurant 004,Cafe,4,West-4,Female,Dine-in,,
1216,37440,17,2025-05-29,14:50:00,Completed,Takeaway,Card,,12831.99,Restaurant 017,Casual Dining,17,Clifton-17,Female,Third-party Delivery,,
1217,43699,7,2025-02-22,14:24:00,Completed,Takeaway,Online Wallet,,13319.11,Restaurant 007,Casual Dining,7,Clifton-7,Male,Takeaway,,
1218,1885,4,2025-05-29,11:19:00,Completed,Website/App,Card,,8970.73,Restaurant 004,Cafe,4,West-4,Female,Takeaway,,
1219,20306,8,2025-11-24,21:31:00,Completed,Dine-in,Card,35,13625.63,Restaurant 008,Family Restaurant,8,Gulshan-8,Male,Takeaway,Promotion 035,Seasonal
1220,40765,4,2025-12-18,18:01:00,Completed,Takeaway,Online Wallet,,8159.27,Restaurant 004,Cafe,4,West-4,Female,Website/App,,
1221,24134,7,2025-03-18,22:42:00,Completed,Third-party Delivery,Card,,10648.23,Restaurant 007,Casual Dining,7,Clifton-7,Female,Third-party Delivery,,
1222,48015,9,2025-07-18,19:02:00,Completed,Takeaway,Cash,,4822.51,Restaurant 009,Cafe,9,Defence-9,Male,Dine-in,,
1223,11015,11,2025-07-16,14:14:00,Completed,Third-party Delivery,Cash,96,15936.83,Restaurant 011,Cafe,11,North-11,Other,Takeaway,Promotion 096,Bundle
1224,47199,1,2025-06-04,13:59:00,Completed,Dine-in,Card,,11308.44,Restaurant 001,Casual Dining,1,North-1,Other,Takeaway,,
1225,18916,8,2025-09-12,21:41:00,Completed,Website/App,Cash,,9217.62,Restaurant 008,Family Restaurant,8,Gulshan-8,Other,Website/App,,
1226,26396,1,2025-06-14,12:48:00,Completed,Third-party Delivery,Cash,,14703.15,Restaurant 001,Casual Dining,1,North-1,Other,Takeaway,,
1227,30017,10,2025-12-18,18:05:00,Completed,Website/App,Card,,7896.11,Restaurant 010,Family Restaurant,10,Korangi-10,Male,Takeaway,,
1228,36654,10,2025-11-10,09:46:00,Completed,Takeaway,Card,20,4864.72,Restaurant 010,Family Restaurant,10,Korangi-10,Other,Website/App,Promotion 020,Seasonal
1229,9431,18,2025-03-22,14:01:00,Completed,Dine-in,Online Wallet,,7346.25,Restaurant 018,Fast Food,18,Gulshan-18,Male,Website/App,,
1230,19763,17,2025-04-20,14:04:00,Completed,Dine-in,Online Wallet,,11167.2,Restaurant 017,Casual Dining,17,Clifton-17,Other,Takeaway,,
1231,24983,10,2025-06-24,21:08:00,Completed,Website/App,Online Wallet,,6675.49,Restaurant 010,Family Restaurant,10,Korangi-10,Female,Website/App,,
1232,44312,4,2025-09-12,21:56:00,Completed,Takeaway,Cash,,11092.96,Restaurant 004,Cafe,4,West-4,Female,Takeaway,,
1234,35117,10,2025-08-15,14:42:00,Completed,Website/App,Cash,,4817.89,Restaurant 010,Family Restaurant,10,Korangi-10,Male,Third-party Delivery,,
1235,3516,13,2025-12-20,12:49:00,Completed,Takeaway,Card,,10508.21,Restaurant 013,Cafe,13,East-13,Female,Third-party Delivery,,
1236,17157,15,2025-07-31,21:41:00,Completed,Website/App,Cash,,21798.26,Restaurant 015,Fast Food,15,Central-15,Male,Website/App,,
1237,26014,6,2025-07-11,17:41:00,Completed,Website/App,Card,,14767.4,Restaurant 006,Fast Food,6,Garden-6,Male,Takeaway,,
1238,16286,16,2025-07-13,19:48:00,Completed,Third-party Delivery,Cash,,10256.84,Restaurant 016,Cafe,16,Garden-16,Female,Third-party Delivery,,
1239,9757,18,2025-10-28,13:16:00,Completed,Third-party Delivery,Online Wallet,,9161.27,Restaurant 018,Fast Food,18,Gulshan-18,Male,Website/App,,
1240,32396,12,2025-08-23,21:46:00,Completed,Third-party Delivery,Online Wallet,23,25014.03,Restaurant 012,Fast Food,12,South-12,Female,Takeaway,Promotion 023,Seasonal
1241,27817,4,2025-04-08,15:48:00,Completed,Website/App,Cash,,9289.99,Restaurant 004,Cafe,4,West-4,Male,Takeaway,,
1242,49482,5,2025-06-10,16:54:00,Completed,Dine-in,Online Wallet,,15362.01,Restaurant 005,Casual Dining,5,Central-5,Other,Takeaway,,
1243,45165,8,2025-10-25,19:56:00,Completed,Dine-in,Cash,,5724.56,Restaurant 008,Family Restaurant,8,Gulshan-8,Other,Third-party Delivery,,
1244,46099,2,2025-01-29,10:02:00,Completed,Third-party Delivery,Online Wallet,,17205.1,Restaurant 002,Casual Dining,2,South-2,Female,Third-party Delivery,,
1245,36403,4,2025-06-06,21:29:00,Completed,Dine-in,Online Wallet,,8220.77,Restaurant 004,Cafe,4,West-4,Male,Takeaway,,
1246,16039,16,2025-07-14,13:45:00,Completed,Dine-in,Cash,,15834.34,Restaurant 016,Cafe,16,Garden-16,Male,Website/App,,
1247,43241,12,2025-12-20,11:28:00,Completed,Takeaway,Online Wallet,,21465.36,Restaurant 012,Fast Food,12,South-12,Other,Dine-in,,
1248,8409,5,2025-10-08,09:16:00,Completed,Third-party Delivery,Online Wallet,,12580.63,Restaurant 005,Casual Dining,5,Central-5,Male,Dine-in,,
1249,35886,14,2025-08-28,20:14:00,Completed,Dine-in,Online Wallet,,8197.64,Restaurant 014,Cafe,14,West-14,Female,Third-party Delivery,,
1250,24516,19,2025-04-06,12:40:00,Completed,Dine-in,Card,,4038.5,Restaurant 019,Fast Food,19,Defence-19,Male,Third-party Delivery,,
1251,24069,18,2025-09-13,18:50:00,Completed,Takeaway,Online Wallet,,7021.96,Restaurant 018,Fast Food,18,Gulshan-18,Male,Website/App,,
1253,15813,15,2025-11-24,19:36:00,Completed,Third-party Delivery,Card,93,16238.45,Restaurant 015,Fast Food,15,Central-15,Female,Third-party Delivery,Promotion 093,Percentage Discount
1254,2583,18,2025-11-27,22:44:00,Completed,Third-party Delivery,Cash,,7141.49,Restaurant 018,Fast Food,18,Gulshan-18,Male,Dine-in,,
1255,41341,9,2025-02-15,16:27:00,Completed,Website/App,Online Wallet,,3912.8,Restaurant 009,Cafe,9,Defence-9,Female,Third-party Delivery,,
1256,28671,11,2025-04-09,19:31:00,Completed,Takeaway,Cash,,9428.12,Restaurant 011,Cafe,11,North-11,Male,Takeaway,,
1257,6046,8,2025-10-24,10:42:00,Completed,Website/App,Online Wallet,,5892.34,Restaurant 008,Family Restaurant,8,Gulshan-8,Male,Takeaway,,
1259,30894,11,2025-03-04,18:51:00,Completed,Takeaway,Cash,,10736.36,Restaurant 011,Cafe,11,North-11,Other,Takeaway,,
1261,36444,16,2025-10-06,19:09:00,Completed,Takeaway,Online Wallet,,12219.76,Restaurant 016,Cafe,16,Garden-16,Other,Third-party Delivery,,
1262,1196,17,2025-11-28,21:00:00,Completed,Takeaway,Online Wallet,,10461.48,Restaurant 017,Casual Dining,17,Clifton-17,Other,Third-party Delivery,,
1263,36975,19,2025-07-25,15:41:00,Completed,Website/App,Online Wallet,,3739.08,Restaurant 019,Fast Food,19,Defence-19,Female,Website/App,,
1264,30116,14,2025-03-06,21:06:00,Completed,Website/App,Cash,,8153.84,Restaurant 014,Cafe,14,West-14,Other,Website/App,,
1265,15091,4,2025-08-15,18:57:00,Completed,Third-party Delivery,Card,,7856.57,Restaurant 004,Cafe,4,West-4,Male,Website/App,,
1266,4468,17,2025-10-21,17:48:00,Completed,Website/App,Online Wallet,,13537.71,Restaurant 017,Casual Dining,17,Clifton-17,Male,Takeaway,,
1269,49376,4,2025-12-23,19:28:00,Completed,Takeaway,Cash,109,4559.67,Restaurant 004,Cafe,4,West-4,Male,Third-party Delivery,Promotion 109,Bundle
1271,30434,18,2025-11-09,13:06:00,Completed,Dine-in,Card,,6886.96,Restaurant 018,Fast Food,18,Gulshan-18,Female,Third-party Delivery,,
1272,13038,15,2025-02-25,16:23:00,Completed,Website/App,Cash,,17859.63,Restaurant 015,Fast Food,15,Central-15,Male,Third-party Delivery,,
1273,31530,19,2025-03-11,14:58:00,Completed,Third-party Delivery,Online Wallet,,6025.97,Restaurant 019,Fast Food,19,Defence-19,Male,Third-party Delivery,,
1274,19398,7,2025-10-25,19:15:00,Completed,Takeaway,Card,,12478.23,Restaurant 007,Casual Dining,7,Clifton-7,Other,Dine-in,,
1276,48678,13,2025-08-27,19:30:00,Completed,Dine-in,Card,,15341.89,Restaurant 013,Cafe,13,East-13,Male,Takeaway,,
1277,42738,17,2025-09-30,12:17:00,Completed,Dine-in,Card,81,10437.06,Restaurant 017,Casual Dining,17,Clifton-17,Female,Third-party Delivery,Promotion 081,Percentage Discount
1279,30987,11,2025-11-15,17:55:00,Completed,Third-party Delivery,Online Wallet,,14115.78,Restaurant 011,Cafe,11,North-11,Female,Takeaway,,
1280,3713,4,2025-01-13,21:06:00,Completed,Third-party Delivery,Online Wallet,69,6303.08,Restaurant 004,Cafe,4,West-4,Female,Takeaway,Promotion 069,Percentage Discount
1283,9883,3,2025-02-03,12:48:00,Completed,Third-party Delivery,Cash,,10763.76,Restaurant 003,Fast Food,3,East-3,Male,Third-party Delivery,,
1284,31938,20,2025-03-11,20:33:00,Completed,Website/App,Online Wallet,,5730.84,Restaurant 020,Fast Food,20,Korangi-20,Female,Takeaway,,
1286,28314,16,2025-10-04,12:18:00,Completed,Third-party Delivery,Card,,10829.78,Restaurant 016,Cafe,16,Garden-16,Male,Dine-in,,
1287,37383,20,2025-06-29,13:24:00,Completed,Website/App,Card,,5450.9,Restaurant 020,Fast Food,20,Korangi-20,Male,Takeaway,,
1288,85,19,2025-01-15,22:33:00,Completed,Takeaway,Card,,3197.75,Restaurant 019,Fast Food,19,Defence-19,Female,Website/App,,
1289,39836,7,2025-08-21,16:56:00,Completed,Dine-in,Card,,14270.75,Restaurant 007,Casual Dining,7,Clifton-7,Other,Third-party Delivery,,
1290,21337,12,2025-12-19,13:32:00,Completed,Takeaway,Card,,28140.12,Restaurant 012,Fast Food,12,South-12,Other,Website/App,,
1292,12008,4,2025-02-27,13:42:00,Completed,Third-party Delivery,Online Wallet,,5891.45,Restaurant 004,Cafe,4,West-4,Male,Third-party Delivery,,
1293,41276,5,2025-04-25,18:18:00,Completed,Third-party Delivery,Card,,20053.47,Restaurant 005,Casual Dining,5,Central-5,Other,Third-party Delivery,,
1294,11968,17,2025-02-15,19:53:00,Completed,Takeaway,Cash,,9098.23,Restaurant 017,Casual Dining,17,Clifton-17,Other,Dine-in,,
1295,15689,6,2025-09-17,15:02:00,Completed,Dine-in,Online Wallet,94,17004.9,Restaurant 006,Fast Food,6,Garden-6,Female,Third-party Delivery,Promotion 094,Bundle
1296,12754,15,2025-11-10,19:38:00,Completed,Website/App,Online Wallet,,12559.92,Restaurant 015,Fast Food,15,Central-15,Male,Dine-in,,
1297,49158,11,2025-07-11,12:08:00,Completed,Third-party Delivery,Card,,8204.06,Restaurant 011,Cafe,11,North-11,Male,Third-party Delivery,,
1298,45729,1,2025-10-10,20:33:00,Completed,Dine-in,Online Wallet,,10703.32,Restaurant 001,Casual Dining,1,North-1,Other,Website/App,,
1300,43552,6,2025-12-06,21:22:00,Completed,Third-party Delivery,Online Wallet,7,16686.56,Restaurant 006,Fast Food,6,Garden-6,Other,Dine-in,Promotion 007,Bundle
1301,15794,15,2025-10-27,21:29:00,Completed,Third-party Delivery,Online Wallet,,16141.54,Restaurant 015,Fast Food,15,Central-15,Other,Website/App,,
1302,13534,10,2025-09-23,18:39:00,Completed,Website/App,Cash,,6027.64,Restaurant 010,Family Restaurant,10,Korangi-10,Female,Dine-in,,
1303,46624,10,2025-06-23,19:49:00,Completed,Takeaway,Cash,,7583.16,Restaurant 010,Family Restaurant,10,Korangi-10,Female,Third-party Delivery,,
1307,835,11,2025-12-14,20:57:00,Completed,Third-party Delivery,Cash,,8180.34,Restaurant 011,Cafe,11,North-11,Other,Third-party Delivery,,
1308,7931,8,2025-01-05,15:10:00,Completed,Website/App,Card,,5820.73,Restaurant 008,Family Restaurant,8,Gulshan-8,Female,Third-party Delivery,,
1310,42814,13,2025-05-27,14:35:00,Completed,Dine-in,Cash,,13175.47,Restaurant 013,Cafe,13,East-13,Male,Takeaway,,
1314,25989,17,2025-01-08,19:22:00,Completed,Dine-in,Online Wallet,,9490.3,Restaurant 017,Casual Dining,17,Clifton-17,Other,Third-party Delivery,,
1315,21973,6,2025-03-04,13:40:00,Completed,Website/App,Online Wallet,,16509.65,Restaurant 006,Fast Food,6,Garden-6,Female,Dine-in,,
1316,26739,4,2025-05-01,16:06:00,Completed,Website/App,Online Wallet,,6703.36,Restaurant 004,Cafe,4,West-4,Male,Third-party Delivery,,
1317,30930,18,2025-12-08,21:20:00,Completed,Dine-in,Card,,9325.25,Restaurant 018,Fast Food,18,Gulshan-18,Male,Website/App,,
1318,21683,14,2025-12-12,14:11:00,Completed,Website/App,Online Wallet,,7592.73,Restaurant 014,Cafe,14,West-14,Other,Third-party Delivery,,
1320,5467,4,2025-04-19,14:26:00,Completed,Dine-in,Cash,,7719.8,Restaurant 004,Cafe,4,West-4,Female,Takeaway,,
1321,2479,7,2025-05-09,17:29:00,Completed,Dine-in,Card,16,10309.84,Restaurant 007,Casual Dining,7,Clifton-7,Male,Dine-in,Promotion 016,Percentage Discount
1322,35489,10,2025-05-16,18:37:00,Completed,Third-party Delivery,Online Wallet,,6818.55,Restaurant 010,Family Restaurant,10,Korangi-10,Female,Dine-in,,
1323,35106,7,2025-04-11,16:50:00,Completed,Third-party Delivery,Online Wallet,,11201.23,Restaurant 007,Casual Dining,7,Clifton-7,Female,Third-party Delivery,,
1324,37010,13,2025-04-28,21:02:00,Completed,Takeaway,Online Wallet,,6269.16,Restaurant 013,Cafe,13,East-13,Male,Dine-in,,
1325,44453,8,2025-10-14,12:07:00,Completed,Dine-in,Online Wallet,35,5982.17,Restaurant 008,Family Restaurant,8,Gulshan-8,Other,Third-party Delivery,Promotion 035,Seasonal
1326,35555,8,2025-06-03,13:45:00,Completed,Website/App,Card,,7797.42,Restaurant 008,Family Restaurant,8,Gulshan-8,Female,Third-party Delivery,,
1327,45147,4,2025-03-23,20:35:00,Completed,Takeaway,Cash,,9710.88,Restaurant 004,Cafe,4,West-4,Other,Dine-in,,
1328,33121,4,2025-12-25,12:23:00,Completed,Dine-in,Cash,109,8511.92,Restaurant 004,Cafe,4,West-4,Female,Website/App,Promotion 109,Bundle
1329,36458,6,2025-04-06,14:33:00,Completed,Dine-in,Card,,14548.01,Restaurant 006,Fast Food,6,Garden-6,Other,Takeaway,,
1332,3357,11,2025-08-20,15:06:00,Completed,Website/App,Online Wallet,,12082.26,Restaurant 011,Cafe,11,North-11,Female,Takeaway,,
1334,40000,14,2025-04-22,17:22:00,Completed,Website/App,Online Wallet,85,8037.65,Restaurant 014,Cafe,14,West-14,Female,Website/App,Promotion 085,Bundle
1335,9878,6,2025-06-28,18:31:00,Completed,Dine-in,Online Wallet,,19097.01,Restaurant 006,Fast Food,6,Garden-6,Male,Third-party Delivery,,
1336,27116,20,2025-08-12,14:42:00,Completed,Takeaway,Card,,4873.68,Restaurant 020,Fast Food,20,Korangi-20,Female,Third-party Delivery,,
1337,23553,7,2025-12-15,18:28:00,Completed,Dine-in,Card,,11289.48,Restaurant 007,Casual Dining,7,Clifton-7,Other,Takeaway,,
1338,12334,8,2025-07-04,19:17:00,Completed,Takeaway,Card,,7795.55,Restaurant 008,Family Restaurant,8,Gulshan-8,Male,Dine-in,,
1340,38070,9,2025-08-26,21:02:00,Completed,Website/App,Card,,4131.18,Restaurant 009,Cafe,9,Defence-9,Male,Third-party Delivery,,
1341,32931,4,2025-12-06,13:00:00,Completed,Website/App,Cash,5,8104.58,Restaurant 004,Cafe,4,West-4,Male,Website/App,Promotion 005,Percentage Discount
1342,9966,5,2025-03-29,21:59:00,Completed,Dine-in,Card,,13532.8,Restaurant 005,Casual Dining,5,Central-5,Female,Third-party Delivery,,
1345,43198,2,2025-05-16,12:45:00,Completed,Takeaway,Cash,,17570.51,Restaurant 002,Casual Dining,2,South-2,Male,Third-party Delivery,,
1346,20403,5,2025-10-07,13:01:00,Completed,Website/App,Online Wallet,,15451.26,Restaurant 005,Casual Dining,5,Central-5,Male,Website/App,,
1347,44154,5,2025-03-12,16:17:00,Completed,Third-party Delivery,Cash,,10398.84,Restaurant 005,Casual Dining,5,Central-5,Other,Dine-in,,
1348,18813,5,2025-04-01,11:13:00,Completed,Dine-in,Card,70,15630.85,Restaurant 005,Casual Dining,5,Central-5,Female,Website/App,Promotion 070,Seasonal
1349,17690,9,2025-05-18,18:00:00,Completed,Third-party Delivery,Card,,7377.48,Restaurant 009,Cafe,9,Defence-9,Female,Third-party Delivery,,
1350,22235,15,2025-04-07,13:10:00,Completed,Website/App,Card,,25335.81,Restaurant 015,Fast Food,15,Central-15,Other,Dine-in,,
1351,22631,18,2025-10-06,19:47:00,Completed,Website/App,Cash,,7984.38,Restaurant 018,Fast Food,18,Gulshan-18,Other,Website/App,,
1352,12585,7,2025-02-14,19:44:00,Completed,Dine-in,Card,,13138.36,Restaurant 007,Casual Dining,7,Clifton-7,Other,Website/App,,
1353,19788,15,2025-03-14,20:00:00,Completed,Website/App,Card,,19731.62,Restaurant 015,Fast Food,15,Central-15,Male,Website/App,,
1354,26624,9,2025-12-07,21:24:00,Completed,Takeaway,Card,,3066.14,Restaurant 009,Cafe,9,Defence-9,Male,Website/App,,
1355,36580,18,2025-10-15,13:50:00,Completed,Website/App,Card,,7827.02,Restaurant 018,Fast Food,18,Gulshan-18,Other,Website/App,,
1357,5364,4,2025-01-05,20:33:00,Completed,Third-party Delivery,Card,,6839.83,Restaurant 004,Cafe,4,West-4,Other,Website/App,,
1358,31984,10,2025-05-13,18:32:00,Completed,Third-party Delivery,Online Wallet,,6644.82,Restaurant 010,Family Restaurant,10,Korangi-10,Other,Third-party Delivery,,
1359,2578,10,2025-11-02,16:15:00,Completed,Third-party Delivery,Card,,6028.72,Restaurant 010,Family Restaurant,10,Korangi-10,Female,Takeaway,,
1360,2911,10,2025-01-19,20:15:00,Completed,Dine-in,Cash,,5258.89,Restaurant 010,Family Restaurant,10,Korangi-10,Other,Third-party Delivery,,
1361,11941,14,2025-12-05,21:04:00,Completed,Website/App,Online Wallet,,8426.12,Restaurant 014,Cafe,14,West-14,Female,Takeaway,,
1362,27011,10,2025-06-23,21:36:00,Completed,Website/App,Cash,,8492.33,Restaurant 010,Family Restaurant,10,Korangi-10,Male,Website/App,,
1364,9843,8,2025-03-18,21:57:00,Completed,Takeaway,Online Wallet,,5999.46,Restaurant 008,Family Restaurant,8,Gulshan-8,Other,Dine-in,,
1367,25570,12,2025-11-04,21:31:00,Completed,Dine-in,Online Wallet,,16080.87,Restaurant 012,Fast Food,12,South-12,Male,Third-party Delivery,,
1368,43701,20,2025-11-04,18:32:00,Completed,Takeaway,Online Wallet,84,4186.83,Restaurant 020,Fast Food,20,Korangi-20,Male,Third-party Delivery,Promotion 084,Seasonal
1370,42034,20,2025-02-26,20:47:00,Completed,Takeaway,Online Wallet,,3193.51,Restaurant 020,Fast Food,20,Korangi-20,Male,Takeaway,,
1371,2398,20,2025-09-11,10:51:00,Completed,Dine-in,Card,113,6342.26,Restaurant 020,Fast Food,20,Korangi-20,Male,Website/App,Promotion 113,Bundle
1374,43411,20,2025-06-24,21:59:00,Completed,Takeaway,Online Wallet,45,7310.94,Restaurant 020,Fast Food,20,Korangi-20,Female,Third-party Delivery,Promotion 045,Bundle
1375,25569,9,2025-12-02,13:46:00,Completed,Website/App,Card,,4984.97,Restaurant 009,Cafe,9,Defence-9,Other,Website/App,,
1376,49268,18,2025-06-28,20:59:00,Completed,Takeaway,Online Wallet,,7663.39,Restaurant 018,Fast Food,18,Gulshan-18,Female,Third-party Delivery,,
1377,38162,2,2025-05-13,13:33:00,Completed,Takeaway,Cash,,14279.37,Restaurant 002,Casual Dining,2,South-2,Male,Takeaway,,
1378,39107,13,2025-04-20,19:27:00,Completed,Third-party Delivery,Card,,8538.99,Restaurant 013,Cafe,13,East-13,Other,Takeaway,,
1379,23005,17,2025-09-06,14:32:00,Completed,Dine-in,Card,,14042.14,Restaurant 017,Casual Dining,17,Clifton-17,Male,Website/App,,
1380,46890,18,2025-02-28,19:14:00,Completed,Dine-in,Cash,,7021.78,Restaurant 018,Fast Food,18,Gulshan-18,Female,Dine-in,,
1382,37272,6,2025-09-09,21:31:00,Completed,Dine-in,Cash,,18216.4,Restaurant 006,Fast Food,6,Garden-6,Female,Takeaway,,
1383,505,20,2025-07-04,18:12:00,Completed,Takeaway,Online Wallet,,4345.74,Restaurant 020,Fast Food,20,Korangi-20,Female,Third-party Delivery,,
1384,5826,17,2025-07-25,18:00:00,Completed,Third-party Delivery,Online Wallet,,10694.66,Restaurant 017,Casual Dining,17,Clifton-17,Other,Takeaway,,
1386,4805,9,2025-07-23,19:55:00,Completed,Website/App,Online Wallet,,4427.39,Restaurant 009,Cafe,9,Defence-9,Other,Website/App,,
1387,30781,12,2025-02-09,18:22:00,Completed,Third-party Delivery,Cash,38,18796.71,Restaurant 012,Fast Food,12,South-12,Male,Third-party Delivery,Promotion 038,Percentage Discount
1388,912,11,2025-06-12,13:52:00,Completed,Third-party Delivery,Cash,,15347.15,Restaurant 011,Cafe,11,North-11,Female,Third-party Delivery,,
1389,31765,10,2025-04-18,21:36:00,Completed,Website/App,Cash,,9651.46,Restaurant 010,Family Restaurant,10,Korangi-10,Male,Takeaway,,
1390,10924,2,2025-07-10,20:06:00,Completed,Website/App,Card,,24222.86,Restaurant 002,Casual Dining,2,South-2,Female,Website/App,,
1391,8716,18,2025-08-26,18:46:00,Completed,Dine-in,Online Wallet,,6650.87,Restaurant 018,Fast Food,18,Gulshan-18,Female,Website/App,,
1392,18390,3,2025-09-09,12:09:00,Completed,Dine-in,Card,,14035.32,Restaurant 003,Fast Food,3,East-3,Other,Third-party Delivery,,
1394,21809,6,2025-02-01,18:52:00,Completed,Website/App,Online Wallet,,19657.76,Restaurant 006,Fast Food,6,Garden-6,Female,Website/App,,
1395,25086,5,2025-10-22,22:03:00,Completed,Dine-in,Online Wallet,,10369.03,Restaurant 005,Casual Dining,5,Central-5,Male,Takeaway,,
1397,18057,11,2025-12-31,21:19:00,Completed,Third-party Delivery,Online Wallet,,11061.94,Restaurant 011,Cafe,11,North-11,Female,Third-party Delivery,,
1398,37014,1,2025-11-02,12:30:00,Completed,Third-party Delivery,Online Wallet,,13485.29,Restaurant 001,Casual Dining,1,North-1,Male,Dine-in,,
1399,26,11,2025-03-30,21:12:00,Completed,Dine-in,Online Wallet,,13494.77,Restaurant 011,Cafe,11,North-11,Other,Dine-in,,
1400,23800,3,2025-11-24,19:01:00,Completed,Website/App,Online Wallet,,9656.48,Restaurant 003,Fast Food,3,East-3,Other,Takeaway,,
1401,40531,20,2025-08-30,12:44:00,Completed,Third-party Delivery,Cash,,6249.65,Restaurant 020,Fast Food,20,Korangi-20,Other,Dine-in,,
1403,8930,1,2025-06-27,13:37:00,Completed,Website/App,Cash,,11315.31,Restaurant 001,Casual Dining,1,North-1,Other,Dine-in,,
1404,17609,11,2025-03-20,14:16:00,Completed,Takeaway,Online Wallet,,10363.14,Restaurant 011,Cafe,11,North-11,Female,Third-party Delivery,,
1405,41674,3,2025-05-03,16:40:00,Completed,Dine-in,Online Wallet,,12097.03,Restaurant 003,Fast Food,3,East-3,Female,Takeaway,,
1406,7676,15,2025-07-28,17:43:00,Completed,Takeaway,Card,,17636.17,Restaurant 015,Fast Food,15,Central-15,Other,Website/App,,
1407,49592,2,2025-12-08,13:03:00,Completed,Dine-in,Card,,16682.63,Restaurant 002,Casual Dining,2,South-2,Female,Takeaway,,
1408,17862,2,2025-06-17,19:18:00,Completed,Website/App,Card,,19009.77,Restaurant 002,Casual Dining,2,South-2,Other,Dine-in,,
1409,36164,14,2025-07-01,14:30:00,Completed,Dine-in,Online Wallet,,7165.47,Restaurant 014,Cafe,14,West-14,Male,Website/App,,
1410,14490,18,2025-11-18,12:57:00,Completed,Takeaway,Cash,,7419.32,Restaurant 018,Fast Food,18,Gulshan-18,Female,Dine-in,,
1412,12606,14,2025-09-27,19:04:00,Completed,Third-party Delivery,Cash,,9315.27,Restaurant 014,Cafe,14,West-14,Other,Third-party Delivery,,
1414,29345,20,2025-02-27,13:01:00,Completed,Takeaway,Card,58,5053.17,Restaurant 020,Fast Food,20,Korangi-20,Female,Dine-in,Promotion 058,Percentage Discount
1415,24196,4,2025-06-29,14:26:00,Completed,Website/App,Card,,6333.5,Restaurant 004,Cafe,4,West-4,Other,Dine-in,,
1416,48318,8,2025-11-30,12:04:00,Completed,Website/App,Card,,6863.31,Restaurant 008,Family Restaurant,8,Gulshan-8,Male,Third-party Delivery,,
1417,9274,12,2025-10-02,17:16:00,Completed,Third-party Delivery,Online Wallet,,17730.41,Restaurant 012,Fast Food,12,South-12,Female,Takeaway,,
1418,24959,1,2025-06-25,19:16:00,Completed,Dine-in,Card,,12732.66,Restaurant 001,Casual Dining,1,North-1,Male,Website/App,,
1419,7980,18,2025-06-25,21:05:00,Completed,Takeaway,Online Wallet,83,9311.24,Restaurant 018,Fast Food,18,Gulshan-18,Other,Dine-in,Promotion 083,Seasonal
1420,6243,13,2025-12-07,18:16:00,Completed,Third-party Delivery,Card,,10447.37,Restaurant 013,Cafe,13,East-13,Other,Third-party Delivery,,
1422,23112,5,2025-05-06,20:08:00,Completed,Dine-in,Cash,,19656.32,Restaurant 005,Casual Dining,5,Central-5,Female,Dine-in,,
1423,42011,6,2025-04-09,16:02:00,Completed,Dine-in,Cash,,13159.25,Restaurant 006,Fast Food,6,Garden-6,Other,Third-party Delivery,,
1424,16059,16,2025-06-27,14:10:00,Completed,Third-party Delivery,Online Wallet,,12935.35,Restaurant 016,Cafe,16,Garden-16,Male,Takeaway,,
1425,48529,8,2025-10-22,22:43:00,Completed,Third-party Delivery,Card,35,5767.53,Restaurant 008,Family Restaurant,8,Gulshan-8,Other,Website/App,Promotion 035,Seasonal
1426,49221,5,2025-12-17,21:56:00,Completed,Dine-in,Online Wallet,33,29188.69,Restaurant 005,Casual Dining,5,Central-5,Other,Dine-in,Promotion 033,Seasonal
1427,33873,19,2025-04-16,13:30:00,Completed,Dine-in,Cash,,3874.14,Restaurant 019,Fast Food,19,Defence-19,Female,Dine-in,,
1428,29551,11,2025-05-20,10:41:00,Completed,Website/App,Online Wallet,,15582.5,Restaurant 011,Cafe,11,North-11,Male,Website/App,,
1429,894,1,2025-06-22,13:54:00,Completed,Takeaway,Card,,10022.37,Restaurant 001,Casual Dining,1,North-1,Other,Dine-in,,
1430,33804,6,2025-12-15,17:10:00,Completed,Third-party Delivery,Online Wallet,,18023.15,Restaurant 006,Fast Food,6,Garden-6,Male,Takeaway,,
1432,25893,7,2025-09-03,18:05:00,Completed,Third-party Delivery,Card,,9257.28,Restaurant 007,Casual Dining,7,Clifton-7,Other,Website/App,,
1433,24937,18,2025-04-24,13:49:00,Completed,Dine-in,Online Wallet,97,9388.38,Restaurant 018,Fast Food,18,Gulshan-18,Male,Website/App,Promotion 097,Seasonal
1434,18588,12,2025-04-01,14:01:00,Completed,Website/App,Online Wallet,,22561.59,Restaurant 012,Fast Food,12,South-12,Other,Takeaway,,
1435,1729,5,2025-05-31,18:58:00,Completed,Takeaway,Cash,,13120.53,Restaurant 005,Casual Dining,5,Central-5,Female,Takeaway,,
1436,12990,1,2025-01-13,18:58:00,Completed,Takeaway,Online Wallet,,11384.42,Restaurant 001,Casual Dining,1,North-1,Male,Third-party Delivery,,
1437,8413,6,2025-04-09,12:25:00,Completed,Third-party Delivery,Cash,,14765.82,Restaurant 006,Fast Food,6,Garden-6,Male,Dine-in,,
1438,12631,19,2025-02-10,13:35:00,Completed,Dine-in,Cash,,2605.02,Restaurant 019,Fast Food,19,Defence-19,Female,Dine-in,,
1440,45786,7,2025-06-14,19:07:00,Completed,Website/App,Online Wallet,,9639.03,Restaurant 007,Casual Dining,7,Clifton-7,Male,Website/App,,
1441,32432,9,2025-05-25,13:21:00,Completed,Website/App,Cash,,5901.22,Restaurant 009,Cafe,9,Defence-9,Male,Dine-in,,
1442,48867,4,2025-02-28,15:08:00,Completed,Takeaway,Online Wallet,,8507.05,Restaurant 004,Cafe,4,West-4,Other,Takeaway,,
1444,14988,1,2025-09-30,21:49:00,Completed,Website/App,Card,,12473.38,Restaurant 001,Casual Dining,1,North-1,Female,Dine-in,,
1445,21499,17,2025-08-11,13:06:00,Completed,Takeaway,Card,,14559.73,Restaurant 017,Casual Dining,17,Clifton-17,Male,Website/App,,
1446,34384,4,2025-07-13,20:45:00,Completed,Third-party Delivery,Online Wallet,,6422.37,Restaurant 004,Cafe,4,West-4,Female,Third-party Delivery,,
1447,19189,1,2025-01-22,21:38:00,Completed,Website/App,Online Wallet,,10278.1,Restaurant 001,Casual Dining,1,North-1,Male,Dine-in,,
1448,33857,10,2025-08-14,14:12:00,Completed,Third-party Delivery,Card,,5427.95,Restaurant 010,Family Restaurant,10,Korangi-10,Male,Takeaway,,
1449,20549,11,2025-03-09,21:30:00,Completed,Dine-in,Cash,,13770.24,Restaurant 011,Cafe,11,North-11,Other,Takeaway,,
1451,45679,2,2025-08-16,20:49:00,Completed,Takeaway,Card,,17200.65,Restaurant 002,Casual Dining,2,South-2,Male,Third-party Delivery,,
1452,23200,11,2025-03-17,20:00:00,Completed,Website/App,Cash,25,10817.51,Restaurant 011,Cafe,11,North-11,Female,Takeaway,Promotion 025,Percentage Discount
1453,29555,6,2025-04-27,14:22:00,Completed,Third-party Delivery,Card,,17831.22,Restaurant 006,Fast Food,6,Garden-6,Male,Takeaway,,
1455,44440,11,2025-04-09,21:14:00,Completed,Website/App,Online Wallet,,14160.15,Restaurant 011,Cafe,11,North-11,Other,Takeaway,,
1456,2208,16,2025-10-17,10:45:00,Completed,Dine-in,Cash,,13107.17,Restaurant 016,Cafe,16,Garden-16,Male,Website/App,,
1457,282,20,2025-12-18,18:22:00,Completed,Takeaway,Card,,6241.51,Restaurant 020,Fast Food,20,Korangi-20,Female,Takeaway,,
1458,46210,3,2025-11-22,12:27:00,Completed,Takeaway,Online Wallet,,6924.3,Restaurant 003,Fast Food,3,East-3,Other,Dine-in,,
1459,5618,1,2025-01-05,18:17:00,Completed,Third-party Delivery,Cash,,12537.7,Restaurant 001,Casual Dining,1,North-1,Male,Third-party Delivery,,
1460,18469,17,2025-01-19,21:20:00,Completed,Dine-in,Card,,7910.04,Restaurant 017,Casual Dining,17,Clifton-17,Male,Third-party Delivery,,
1461,31570,12,2025-02-08,19:48:00,Completed,Dine-in,Online Wallet,38,17500.5,Restaurant 012,Fast Food,12,South-12,Other,Website/App,Promotion 038,Percentage Discount
1462,31767,2,2025-04-06,20:07:00,Completed,Third-party Delivery,Card,,16890.03,Restaurant 002,Casual Dining,2,South-2,Female,Takeaway,,
1463,44848,16,2025-12-06,12:31:00,Completed,Dine-in,Cash,,9927.47,Restaurant 016,Cafe,16,Garden-16,Male,Takeaway,,
1465,3716,19,2025-05-10,18:16:00,Completed,Third-party Delivery,Card,,4098.39,Restaurant 019,Fast Food,19,Defence-19,Male,Dine-in,,
1468,33906,18,2025-08-31,20:51:00,Completed,Takeaway,Card,,7768.91,Restaurant 018,Fast Food,18,Gulshan-18,Male,Takeaway,,
1469,49176,15,2025-01-12,18:32:00,Completed,Takeaway,Card,,18304.53,Restaurant 015,Fast Food,15,Central-15,Male,Dine-in,,
1470,7555,11,2025-07-03,22:35:00,Completed,Takeaway,Online Wallet,,9232.02,Restaurant 011,Cafe,11,North-11,Male,Third-party Delivery,,
1471,3048,2,2025-07-23,13:18:00,Completed,Website/App,Cash,6,11434.4,Restaurant 002,Casual Dining,2,South-2,Male,Dine-in,Promotion 006,Seasonal
1472,2782,13,2025-05-06,15:49:00,Completed,Third-party Delivery,Card,,8433.13,Restaurant 013,Cafe,13,East-13,Female,Dine-in,,
1473,15640,5,2025-06-11,12:02:00,Completed,Third-party Delivery,Card,,22966.38,Restaurant 005,Casual Dining,5,Central-5,Other,Website/App,,
1475,9316,20,2025-12-18,15:07:00,Completed,Dine-in,Card,,6015.04,Restaurant 020,Fast Food,20,Korangi-20,Male,Website/App,,
1476,24037,16,2025-12-04,16:20:00,Completed,Third-party Delivery,Online Wallet,,16163.88,Restaurant 016,Cafe,16,Garden-16,Male,Third-party Delivery,,
1479,41722,9,2025-08-04,19:00:00,Completed,Dine-in,Cash,50,3541.28,Restaurant 009,Cafe,9,Defence-9,Female,Third-party Delivery,Promotion 050,Seasonal
1480,25497,7,2025-07-20,13:51:00,Completed,Website/App,Online Wallet,19,12285.04,Restaurant 007,Casual Dining,7,Clifton-7,Female,Takeaway,Promotion 019,Percentage Discount
1481,24604,19,2025-12-04,21:19:00,Completed,Takeaway,Card,,4584.79,Restaurant 019,Fast Food,19,Defence-19,Male,Website/App,,
1482,17075,8,2025-12-28,19:43:00,Completed,Dine-in,Cash,,7524.36,Restaurant 008,Family Restaurant,8,Gulshan-8,Female,Third-party Delivery,,
1483,43353,17,2025-01-13,13:40:00,Completed,Takeaway,Cash,,10953.25,Restaurant 017,Casual Dining,17,Clifton-17,Other,Dine-in,,
1484,35748,16,2025-06-22,21:30:00,Completed,Website/App,Card,,12123.01,Restaurant 016,Cafe,16,Garden-16,Other,Third-party Delivery,,
1486,36489,18,2025-12-10,21:40:00,Completed,Dine-in,Online Wallet,,5980.19,Restaurant 018,Fast Food,18,Gulshan-18,Female,Website/App,,
1487,34933,9,2025-02-23,21:04:00,Completed,Dine-in,Online Wallet,,3015.25,Restaurant 009,Cafe,9,Defence-9,Female,Website/App,,
1489,47413,17,2025-02-07,18:03:00,Completed,Website/App,Card,,8339.25,Restaurant 017,Casual Dining,17,Clifton-17,Male,Takeaway,,
1490,14852,5,2025-02-14,12:34:00,Completed,Dine-in,Cash,,14807.98,Restaurant 005,Casual Dining,5,Central-5,Female,Website/App,,
1491,16181,17,2025-01-04,20:15:00,Completed,Takeaway,Cash,,10556.29,Restaurant 017,Casual Dining,17,Clifton-17,Other,Takeaway,,
1492,48315,1,2025-04-24,20:09:00,Completed,Takeaway,Online Wallet,,9497.21,Restaurant 001,Casual Dining,1,North-1,Other,Third-party Delivery,,
1494,2784,2,2025-07-24,19:49:00,Completed,Dine-in,Cash,6,15133.11,Restaurant 002,Casual Dining,2,South-2,Male,Dine-in,Promotion 006,Seasonal
1495,47555,14,2025-06-08,14:41:00,Completed,Dine-in,Card,,10230.29,Restaurant 014,Cafe,14,West-14,Other,Dine-in,,
1497,39403,15,2025-06-13,13:08:00,Completed,Website/App,Cash,79,18793.79,Restaurant 015,Fast Food,15,Central-15,Male,Website/App,Promotion 079,Percentage Discount
1498,13796,19,2025-04-18,16:35:00,Completed,Dine-in,Online Wallet,,3836.87,Restaurant 019,Fast Food,19,Defence-19,Other,Third-party Delivery,,
1500,5536,4,2025-10-31,13:02:00,Completed,Dine-in,Online Wallet,,7727.2,Restaurant 004,Cafe,4,West-4,Male,Third-party Delivery,,
1501,14297,4,2025-11-29,13:29:00,Completed,Dine-in,Online Wallet,,6356.85,Restaurant 004,Cafe,4,West-4,Other,Third-party Delivery,,
1502,5387,7,2025-01-04,13:11:00,Completed,Takeaway,Cash,,10318.85,Restaurant 007,Casual Dining,7,Clifton-7,Female,Takeaway,,
1504,21741,3,2025-09-14,14:32:00,Completed,Third-party Delivery,Online Wallet,,12519.44,Restaurant 003,Fast Food,3,East-3,Female,Dine-in,,
1505,17733,19,2025-10-25,12:34:00,Completed,Third-party Delivery,Online Wallet,115,4153.09,Restaurant 019,Fast Food,19,Defence-19,Male,Website/App,Promotion 115,Bundle
1507,2665,20,2025-04-09,21:42:00,Completed,Third-party Delivery,Cash,45,4715.31,Restaurant 020,Fast Food,20,Korangi-20,Other,Dine-in,Promotion 045,Bundle
1508,23949,1,2025-04-02,21:04:00,Completed,Takeaway,Online Wallet,,17557.13,Restaurant 001,Casual Dining,1,North-1,Other,Website/App,,
1509,37323,18,2025-12-06,22:18:00,Completed,Third-party Delivery,,,9058.95,Restaurant 018,Fast Food,18,Gulshan-18,Male,Dine-in,,
1510,12187,3,2025-04-28,14:12:00,Completed,Website/App,Cash,,7133.07,Restaurant 003,Fast Food,3,East-3,Male,Dine-in,,
1511,2930,5,2025-12-29,18:44:00,Completed,Takeaway,Card,,11133.12,Restaurant 005,Casual Dining,5,Central-5,Male,Takeaway,,
1512,6011,2,2025-08-09,12:41:00,Completed,Website/App,Online Wallet,,20966.7,Restaurant 002,Casual Dining,2,South-2,Male,Dine-in,,
1513,18292,11,2025-03-16,19:21:00,Completed,Dine-in,Online Wallet,,11114.52,Restaurant 011,Cafe,11,North-11,Female,Third-party Delivery,,
1514,23857,13,2025-08-16,12:15:00,Completed,Dine-in,Cash,,11491.49,Restaurant 013,Cafe,13,East-13,Male,Third-party Delivery,,
1515,29418,14,2025-12-30,19:32:00,Completed,Dine-in,Card,,6873.97,Restaurant 014,Cafe,14,West-14,Male,Third-party Delivery,,
1516,9959,9,2025-08-29,21:31:00,Completed,Takeaway,Cash,50,5264.36,Restaurant 009,Cafe,9,Defence-9,Female,Third-party Delivery,Promotion 050,Seasonal
1517,26501,3,2025-11-11,17:18:00,Completed,Takeaway,Cash,,12819.86,Restaurant 003,Fast Food,3,East-3,Other,Third-party Delivery,,
1518,25782,2,2025-08-24,16:32:00,Completed,Takeaway,Online Wallet,,22226.48,Restaurant 002,Casual Dining,2,South-2,Other,Third-party Delivery,,
1519,36375,20,2025-02-08,14:25:00,Completed,Third-party Delivery,Card,,6632.54,Restaurant 020,Fast Food,20,Korangi-20,Female,Dine-in,,
1521,8534,17,2025-04-28,12:33:00,Completed,Third-party Delivery,Card,,12433.24,Restaurant 017,Casual Dining,17,Clifton-17,Female,Dine-in,,
1523,10111,8,2025-09-12,13:41:00,Completed,Takeaway,Cash,,7066.55,Restaurant 008,Family Restaurant,8,Gulshan-8,Other,Dine-in,,
1524,41603,3,2025-03-05,13:40:00,Completed,Takeaway,Cash,18,13683.64,Restaurant 003,Fast Food,3,East-3,Other,Takeaway,Promotion 018,Seasonal
1525,33711,1,2025-03-14,13:07:00,Completed,Website/App,Card,61,10123.51,Restaurant 001,Casual Dining,1,North-1,Other,Dine-in,Promotion 061,Bundle
1526,4155,13,2025-09-17,14:18:00,Completed,Dine-in,Online Wallet,,8435.01,Restaurant 013,Cafe,13,East-13,Female,Website/App,,
1528,39666,10,2025-05-23,09:43:00,Completed,Third-party Delivery,Online Wallet,,7949.36,Restaurant 010,Family Restaurant,10,Korangi-10,Male,Website/App,,
1530,27009,13,2025-05-14,11:13:00,Completed,Takeaway,Card,,5838.76,Restaurant 013,Cafe,13,East-13,Male,Takeaway,,
1531,998,19,2025-02-08,19:24:00,Completed,Takeaway,Card,,4542.73,Restaurant 019,Fast Food,19,Defence-19,Female,Dine-in,,
1532,49910,15,2025-02-18,21:51:00,Completed,Third-party Delivery,Cash,,10798.38,Restaurant 015,Fast Food,15,Central-15,Female,Third-party Delivery,,
1533,36993,10,2025-11-18,14:17:00,Completed,Takeaway,Online Wallet,,6094.57,Restaurant 010,Family Restaurant,10,Korangi-10,Male,Takeaway,,
1535,49511,10,2025-07-22,18:11:00,Completed,Third-party Delivery,Cash,,7135.35,Restaurant 010,Family Restaurant,10,Korangi-10,Other,Website/App,,
1536,37520,18,2025-10-10,19:21:00,Completed,Website/App,Cash,,6747.21,Restaurant 018,Fast Food,18,Gulshan-18,Male,Third-party Delivery,,
1537,10437,8,2025-12-28,13:18:00,Completed,Takeaway,Online Wallet,43,7162.1,Restaurant 008,Family Restaurant,8,Gulshan-8,Female,Third-party Delivery,Promotion 043,Percentage Discount
1538,30531,8,2025-11-20,20:16:00,Completed,Third-party Delivery,Card,,6779.8,Restaurant 008,Family Restaurant,8,Gulshan-8,Male,Takeaway,,
1539,19809,16,2025-08-18,14:16:00,Completed,Website/App,Card,,8467.5,Restaurant 016,Cafe,16,Garden-16,Male,Website/App,,
1540,2651,8,2025-07-16,14:21:00,Completed,Third-party Delivery,Online Wallet,55,5845.42,Restaurant 008,Family Restaurant,8,Gulshan-8,Other,Dine-in,Promotion 055,Seasonal
1541,9548,8,2025-03-12,19:17:00,Completed,Third-party Delivery,Online Wallet,,7713.28,Restaurant 008,Family Restaurant,8,Gulshan-8,Female,Website/App,,
1542,38637,13,2025-06-11,21:26:00,Completed,Takeaway,Card,,11150.5,Restaurant 013,Cafe,13,East-13,Female,Dine-in,,
1544,44554,8,2025-08-15,22:31:00,Completed,Dine-in,Card,,7735.0,Restaurant 008,Family Restaurant,8,Gulshan-8,Female,Dine-in,,
1545,30732,19,2025-11-25,21:57:00,Completed,Takeaway,Online Wallet,,2756.87,Restaurant 019,Fast Food,19,Defence-19,Male,Third-party Delivery,,
1546,26212,6,2025-01-06,13:41:00,Completed,Takeaway,Cash,,14642.89,Restaurant 006,Fast Food,6,Garden-6,Female,Third-party Delivery,,
1547,1110,10,2025-02-10,12:56:00,Completed,Dine-in,Cash,,5975.49,Restaurant 010,Family Restaurant,10,Korangi-10,Male,Dine-in,,
1548,45427,5,2025-06-06,18:24:00,Completed,Third-party Delivery,Online Wallet,,16376.92,Restaurant 005,Casual Dining,5,Central-5,Other,Takeaway,,
1549,31671,2,2025-09-10,12:29:00,Completed,Third-party Delivery,Online Wallet,,16670.54,Restaurant 002,Casual Dining,2,South-2,Male,Dine-in,,
1550,34032,6,2025-12-25,21:48:00,Completed,Third-party Delivery,Card,,14935.35,Restaurant 006,Fast Food,6,Garden-6,Female,Takeaway,,
1551,40624,9,2025-12-23,12:32:00,Completed,Third-party Delivery,Card,,6262.27,Restaurant 009,Cafe,9,Defence-9,Male,Third-party Delivery,,
1553,3699,14,2025-03-25,13:49:00,Completed,Third-party Delivery,Online Wallet,,7901.88,Restaurant 014,Cafe,14,West-14,Female,Third-party Delivery,,
1554,26820,10,2025-04-09,18:45:00,Completed,Dine-in,Cash,,5907.41,Restaurant 010,Family Restaurant,10,Korangi-10,Female,Takeaway,,
1555,47693,20,2025-02-27,16:21:00,Completed,Website/App,Card,58,4114.16,Restaurant 020,Fast Food,20,Korangi-20,Other,Website/App,Promotion 058,Percentage Discount
1557,14766,20,2025-07-27,21:06:00,Completed,Takeaway,Card,,4671.43,Restaurant 020,Fast Food,20,Korangi-20,Other,Website/App,,
1558,35015,3,2025-03-06,20:03:00,Completed,Dine-in,Card,,11321.61,Restaurant 003,Fast Food,3,East-3,Female,Third-party Delivery,,
1560,10792,16,2025-08-22,19:57:00,Completed,Website/App,Online Wallet,,11735.63,Restaurant 016,Cafe,16,Garden-16,Other,Third-party Delivery,,
1561,10910,15,2025-10-07,15:59:00,Completed,Dine-in,Online Wallet,,18623.35,Restaurant 015,Fast Food,15,Central-15,Male,Takeaway,,
1563,17324,11,2025-08-02,13:35:00,Completed,Takeaway,Card,31,13519.43,Restaurant 011,Cafe,11,North-11,Other,Website/App,Promotion 031,Percentage Discount
1564,4691,5,2025-03-21,15:16:00,Completed,Website/App,Online Wallet,,20402.84,Restaurant 005,Casual Dining,5,Central-5,Male,Third-party Delivery,,
1565,8191,19,2025-05-02,18:47:00,Completed,Website/App,Online Wallet,,3820.4,Restaurant 019,Fast Food,19,Defence-19,Other,Third-party Delivery,,
1569,5343,18,2025-10-30,21:39:00,Completed,Takeaway,Cash,,8174.74,Restaurant 018,Fast Food,18,Gulshan-18,Other,Takeaway,,
1570,41622,20,2025-08-31,18:59:00,Completed,Takeaway,Cash,,6457.87,Restaurant 020,Fast Food,20,Korangi-20,Male,Takeaway,,
1571,10674,1,2025-08-06,21:27:00,Completed,Takeaway,Online Wallet,,14114.72,Restaurant 001,Casual Dining,1,North-1,Female,Dine-in,,
1572,10976,18,2025-01-12,16:19:00,Completed,Third-party Delivery,Online Wallet,,5190.58,Restaurant 018,Fast Food,18,Gulshan-18,Other,Third-party Delivery,,
1573,17699,19,2025-05-18,14:57:00,Completed,Third-party Delivery,Online Wallet,,2950.04,Restaurant 019,Fast Food,19,Defence-19,Female,Takeaway,,
1574,41144,2,2025-12-14,21:33:00,Completed,Dine-in,Card,,18143.95,Restaurant 002,Casual Dining,2,South-2,Female,Dine-in,,
1575,29249,20,2025-06-23,10:46:00,Completed,Website/App,Online Wallet,,5858.49,Restaurant 020,Fast Food,20,Korangi-20,Male,Dine-in,,
1576,44148,19,2025-06-02,12:30:00,Completed,Third-party Delivery,Cash,,4244.68,Restaurant 019,Fast Food,19,Defence-19,Female,Third-party Delivery,,
1577,48231,5,2025-10-19,19:44:00,Completed,Third-party Delivery,Cash,,15977.53,Restaurant 005,Casual Dining,5,Central-5,Male,Takeaway,,
1578,23874,17,2025-10-13,18:15:00,Completed,Third-party Delivery,Cash,,14473.84,Restaurant 017,Casual Dining,17,Clifton-17,Male,Third-party Delivery,,
1579,2430,11,2025-08-17,21:27:00,Completed,Website/App,Online Wallet,120,9160.6,Restaurant 011,Cafe,11,North-11,Other,Third-party Delivery,Promotion 120,Seasonal
1580,4853,11,2025-04-01,22:52:00,Completed,Dine-in,Cash,,15248.32,Restaurant 011,Cafe,11,North-11,Other,Website/App,,
1581,49498,9,2025-12-23,17:04:00,Completed,Dine-in,Card,,3855.64,Restaurant 009,Cafe,9,Defence-9,Female,Takeaway,,
1582,38199,10,2025-05-25,21:15:00,Completed,Third-party Delivery,Card,,6066.92,Restaurant 010,Family Restaurant,10,Korangi-10,Other,Third-party Delivery,,
1583,2731,13,2025-07-19,21:17:00,Completed,Dine-in,Cash,,12689.88,Restaurant 013,Cafe,13,East-13,Female,Dine-in,,
1584,4814,15,2025-05-10,13:07:00,Completed,Dine-in,Online Wallet,,19646.04,Restaurant 015,Fast Food,15,Central-15,Female,Third-party Delivery,,
1585,9265,3,2025-11-28,15:31:00,Completed,Takeaway,Card,,12487.45,Restaurant 003,Fast Food,3,East-3,Male,Website/App,,
1586,37097,14,2025-06-12,20:24:00,Completed,Website/App,Online Wallet,,10134.32,Restaurant 014,Cafe,14,West-14,Other,Website/App,,
1587,3258,3,2025-10-31,11:33:00,Completed,Takeaway,Card,,10393.24,Restaurant 003,Fast Food,3,East-3,Other,Third-party Delivery,,
1588,19528,2,2025-09-06,18:47:00,Completed,Website/App,Card,4,25060.57,Restaurant 002,Casual Dining,2,South-2,Female,Takeaway,Promotion 004,Seasonal
1589,12860,3,2025-12-31,13:53:00,Completed,Website/App,Card,,9146.51,Restaurant 003,Fast Food,3,East-3,Female,Takeaway,,
1590,42710,9,2025-09-04,14:20:00,Completed,Takeaway,Card,50,3516.27,Restaurant 009,Cafe,9,Defence-9,Other,Dine-in,Promotion 050,Seasonal
1591,23903,19,2025-08-30,21:49:00,Completed,Dine-in,Card,,3711.26,Restaurant 019,Fast Food,19,Defence-19,Other,Takeaway,,
1592,31947,6,2025-04-30,18:46:00,Completed,Takeaway,Online Wallet,,14116.06,Restaurant 006,Fast Food,6,Garden-6,Female,Third-party Delivery,,
1593,6706,11,2025-05-15,12:18:00,Completed,Website/App,Online Wallet,,18853.4,Restaurant 011,Cafe,11,North-11,Male,Third-party Delivery,,
1595,18436,12,2025-07-08,18:24:00,Completed,Third-party Delivery,Online Wallet,,33375.84,Restaurant 012,Fast Food,12,South-12,Male,Third-party Delivery,,
1596,3738,17,2025-09-06,19:59:00,Completed,Takeaway,Card,75,14541.95,Restaurant 017,Casual Dining,17,Clifton-17,Male,Third-party Delivery,Promotion 075,Seasonal
1598,34431,19,2025-06-10,14:50:00,Completed,Third-party Delivery,Card,,3841.64,Restaurant 019,Fast Food,19,Defence-19,Other,Third-party Delivery,,
1599,16004,11,2025-07-20,22:07:00,Completed,Dine-in,Cash,,9692.43,Restaurant 011,Cafe,11,North-11,Female,Website/App,,
1603,17257,12,2025-08-17,19:06:00,Completed,Website/App,Online Wallet,,27300.36,Restaurant 012,Fast Food,12,South-12,Male,Dine-in,,
1605,16343,6,2025-05-12,13:51:00,Completed,Third-party Delivery,Card,,15025.16,Restaurant 006,Fast Food,6,Garden-6,Other,Dine-in,,
1606,32907,1,2025-11-21,13:54:00,Completed,Website/App,Online Wallet,110,11050.33,Restaurant 001,Casual Dining,1,North-1,Other,Website/App,Promotion 110,Percentage Discount
1608,40453,11,2025-04-01,21:06:00,Completed,Third-party Delivery,Online Wallet,,8467.09,Restaurant 011,Cafe,11,North-11,Male,Website/App,,
1610,34038,3,2025-11-04,20:54:00,Completed,Third-party Delivery,Online Wallet,64,12833.33,Restaurant 003,Fast Food,3,East-3,Female,Third-party Delivery,Promotion 064,Percentage Discount
1611,3038,8,2025-11-20,21:58:00,Completed,Dine-in,Card,43,7785.56,Restaurant 008,Family Restaurant,8,Gulshan-8,Other,Takeaway,Promotion 043,Percentage Discount
1613,43298,20,2025-08-13,14:44:00,Completed,Website/App,Online Wallet,,6548.65,Restaurant 020,Fast Food,20,Korangi-20,Female,Takeaway,,
1614,43319,7,2025-03-08,12:53:00,Completed,Dine-in,Online Wallet,,15199.8,Restaurant 007,Casual Dining,7,Clifton-7,Male,Third-party Delivery,,
1615,14506,5,2025-02-20,14:40:00,Completed,Website/App,Card,,14105.0,Restaurant 005,Casual Dining,5,Central-5,Other,Website/App,,
1616,27752,5,2025-12-22,16:24:00,Completed,Dine-in,Cash,,17796.92,Restaurant 005,Casual Dining,5,Central-5,Female,Dine-in,,
1617,48132,4,2025-10-19,21:11:00,Completed,Website/App,Cash,,8138.13,Restaurant 004,Cafe,4,West-4,Female,Takeaway,,
1618,30216,5,2025-09-23,20:57:00,Completed,Third-party Delivery,Cash,,14589.72,Restaurant 005,Casual Dining,5,Central-5,Other,Dine-in,,
1619,20361,13,2025-12-28,12:29:00,Completed,Website/App,Cash,,12120.9,Restaurant 013,Cafe,13,East-13,Female,Takeaway,,
1620,42712,17,2025-05-12,13:49:00,Completed,Third-party Delivery,Online Wallet,65,8144.36,Restaurant 017,Casual Dining,17,Clifton-17,Other,Dine-in,Promotion 065,Seasonal
1621,40049,4,2025-08-27,12:32:00,Completed,Takeaway,Cash,,5270.54,Restaurant 004,Cafe,4,West-4,Other,Website/App,,
1622,8989,11,2025-07-02,18:58:00,Completed,Dine-in,Cash,,13629.43,Restaurant 011,Cafe,11,North-11,Female,Website/App,,
1623,4867,15,2025-09-28,19:31:00,Completed,Website/App,Online Wallet,,14893.03,Restaurant 015,Fast Food,15,Central-15,Male,Dine-in,,
1624,3646,16,2025-12-28,20:17:00,Completed,Third-party Delivery,Cash,,13936.92,Restaurant 016,Cafe,16,Garden-16,Other,Website/App,,
1625,34217,14,2025-12-12,18:20:00,Completed,Third-party Delivery,Cash,,9943.71,Restaurant 014,Cafe,14,West-14,Other,Third-party Delivery,,
1626,34812,9,2025-12-13,21:29:00,Completed,Third-party Delivery,Card,,5418.8,Restaurant 009,Cafe,9,Defence-9,Other,Takeaway,,
1627,25425,1,2025-09-27,19:42:00,Completed,Takeaway,Cash,,12694.09,Restaurant 001,Casual Dining,1,North-1,Female,Takeaway,,
1628,2762,18,2025-11-24,12:16:00,Completed,Website/App,Online Wallet,,7370.54,Restaurant 018,Fast Food,18,Gulshan-18,Other,Third-party Delivery,,
1631,46348,8,2025-08-28,13:19:00,Completed,Website/App,Card,47,9535.56,Restaurant 008,Family Restaurant,8,Gulshan-8,Female,Dine-in,Promotion 047,Seasonal
1632,7827,10,2025-06-03,17:41:00,Completed,Takeaway,Cash,15,7244.24,Restaurant 010,Family Restaurant,10,Korangi-10,Male,Third-party Delivery,Promotion 015,Percentage Discount
1633,26736,7,2025-09-11,19:07:00,Completed,Takeaway,Online Wallet,,16702.07,Restaurant 007,Casual Dining,7,Clifton-7,Female,Takeaway,,
1634,47291,14,2025-03-14,12:57:00,Completed,Takeaway,Cash,,8319.78,Restaurant 014,Cafe,14,West-14,Female,Third-party Delivery,,
1635,39262,19,2025-05-16,13:24:00,Completed,Takeaway,Online Wallet,28,4226.33,Restaurant 019,Fast Food,19,Defence-19,Other,Dine-in,Promotion 028,Seasonal
1636,33049,3,2025-12-04,12:07:00,Completed,Takeaway,Online Wallet,63,13722.03,Restaurant 003,Fast Food,3,East-3,Other,Dine-in,Promotion 063,Percentage Discount
1637,27727,1,2025-09-12,18:18:00,Completed,Third-party Delivery,Card,105,13149.57,Restaurant 001,Casual Dining,1,North-1,Male,Takeaway,Promotion 105,Percentage Discount
1638,24287,9,2025-09-21,17:52:00,Completed,Dine-in,Card,50,3351.06,Restaurant 009,Cafe,9,Defence-9,Other,Dine-in,Promotion 050,Seasonal
1639,6120,7,2025-06-12,13:34:00,Completed,Third-party Delivery,Online Wallet,,10714.48,Restaurant 007,Casual Dining,7,Clifton-7,Female,Takeaway,,
1640,49779,9,2025-03-26,14:41:00,Completed,Takeaway,Online Wallet,,4546.7,Restaurant 009,Cafe,9,Defence-9,Other,Third-party Delivery,,
1641,27238,7,2025-07-22,20:03:00,Completed,Dine-in,Online Wallet,,15471.34,Restaurant 007,Casual Dining,7,Clifton-7,Female,Takeaway,,
1642,3150,9,2025-12-01,14:52:00,Completed,Third-party Delivery,Cash,,5967.85,Restaurant 009,Cafe,9,Defence-9,Female,Third-party Delivery,,
1643,32219,10,2025-07-15,22:59:00,Completed,Website/App,Card,116,7141.95,Restaurant 010,Family Restaurant,10,Korangi-10,Female,Website/App,Promotion 116,Percentage Discount
1644,43520,11,2025-10-25,12:19:00,Completed,Website/App,Card,82,7259.22,Restaurant 011,Cafe,11,North-11,Female,Website/App,Promotion 082,Percentage Discount
1646,6183,12,2025-03-27,21:19:00,Completed,Dine-in,Cash,,21085.12,Restaurant 012,Fast Food,12,South-12,Male,Takeaway,,
1647,16127,11,2025-08-12,12:45:00,Completed,Website/App,Cash,,12967.7,Restaurant 011,Cafe,11,North-11,Female,Dine-in,,
1648,43011,11,2025-07-05,22:55:00,Completed,Third-party Delivery,Cash,,12245.45,Restaurant 011,Cafe,11,North-11,Female,Third-party Delivery,,
1649,21127,9,2025-10-01,21:20:00,Completed,Third-party Delivery,Online Wallet,,3337.47,Restaurant 009,Cafe,9,Defence-9,Female,Website/App,,
1650,31841,11,2025-10-18,21:28:00,Completed,Dine-in,Cash,,9190.51,Restaurant 011,Cafe,11,North-11,Female,Dine-in,,
1651,13556,18,2025-10-17,19:27:00,Completed,Website/App,Card,,8837.63,Restaurant 018,Fast Food,18,Gulshan-18,Other,Website/App,,
1652,40972,20,2025-03-09,14:01:00,Completed,Website/App,Cash,,6795.01,Restaurant 020,Fast Food,20,Korangi-20,Male,Takeaway,,
1653,36877,11,2025-02-13,16:11:00,Completed,Third-party Delivery,Card,13,11816.56,Restaurant 011,Cafe,11,North-11,Male,Website/App,Promotion 013,Percentage Discount
1654,15140,12,2025-11-04,16:19:00,Completed,Third-party Delivery,Cash,,24650.1,Restaurant 012,Fast Food,12,South-12,Female,Dine-in,,
1655,23206,8,2025-02-21,20:39:00,Completed,Takeaway,Cash,,8920.37,Restaurant 008,Family Restaurant,8,Gulshan-8,Other,Third-party Delivery,,
1656,27666,2,2025-12-03,12:47:00,Completed,Third-party Delivery,Card,,14073.89,Restaurant 002,Casual Dining,2,South-2,Male,Website/App,,
1657,34569,14,2025-11-17,18:57:00,Completed,Third-party Delivery,Online Wallet,,6977.68,Restaurant 014,Cafe,14,West-14,Male,Takeaway,,
1658,43349,5,2025-10-31,19:52:00,Completed,Third-party Delivery,Cash,118,17146.9,Restaurant 005,Casual Dining,5,Central-5,Male,Takeaway,Promotion 118,Percentage Discount
1659,41310,4,2025-07-28,20:47:00,Completed,Website/App,Card,,10506.75,Restaurant 004,Cafe,4,West-4,Male,Dine-in,,
1662,7115,7,2025-07-09,20:53:00,Completed,Dine-in,Cash,,16384.49,Restaurant 007,Casual Dining,7,Clifton-7,Female,Website/App,,
1663,2047,20,2025-12-21,21:30:00,Completed,Dine-in,Card,,8216.88,Restaurant 020,Fast Food,20,Korangi-20,Male,Takeaway,,
1665,46133,7,2025-12-27,19:28:00,Completed,Dine-in,Cash,,9085.79,Restaurant 007,Casual Dining,7,Clifton-7,Male,Dine-in,,
1666,44292,8,2025-05-03,16:34:00,Completed,Website/App,Cash,,6780.56,Restaurant 008,Family Restaurant,8,Gulshan-8,Female,Takeaway,,
1667,44133,4,2025-09-05,19:36:00,Completed,Takeaway,Online Wallet,,6432.38,Restaurant 004,Cafe,4,West-4,Female,Third-party Delivery,,
1668,1205,16,2025-02-20,11:44:00,Completed,Dine-in,Online Wallet,,18615.33,Restaurant 016,Cafe,16,Garden-16,Female,Website/App,,
1669,5935,9,2025-04-14,21:39:00,Completed,Third-party Delivery,Card,,4708.89,Restaurant 009,Cafe,9,Defence-9,Female,Third-party Delivery,,
1670,10914,6,2025-11-30,11:45:00,Completed,Dine-in,Card,,14237.29,Restaurant 006,Fast Food,6,Garden-6,Male,Website/App,,
1671,38625,17,2025-09-30,20:27:00,Completed,Dine-in,Cash,,13863.94,Restaurant 017,Casual Dining,17,Clifton-17,Other,Takeaway,,
1672,9809,14,2025-11-27,19:27:00,Completed,Dine-in,Cash,,8123.33,Restaurant 014,Cafe,14,West-14,Male,Dine-in,,
1673,5022,7,2025-06-21,18:52:00,Completed,Third-party Delivery,Card,,18021.62,Restaurant 007,Casual Dining,7,Clifton-7,Female,Website/App,,
1674,31903,2,2025-11-24,15:19:00,Completed,Third-party Delivery,Online Wallet,,17182.08,Restaurant 002,Casual Dining,2,South-2,Other,Website/App,,
1675,16858,12,2025-09-17,20:07:00,Completed,Website/App,Card,,19351.59,Restaurant 012,Fast Food,12,South-12,Other,Website/App,,
1676,19447,12,2025-12-23,13:30:00,Completed,Dine-in,Card,,16616.69,Restaurant 012,Fast Food,12,South-12,Other,Third-party Delivery,,
1677,6734,10,2025-01-18,13:44:00,Completed,Takeaway,Cash,,4746.24,Restaurant 010,Family Restaurant,10,Korangi-10,Female,Dine-in,,
1678,5645,9,2025-05-31,14:29:00,Completed,Dine-in,Online Wallet,56,5384.27,Restaurant 009,Cafe,9,Defence-9,Female,Dine-in,Promotion 056,Percentage Discount
1679,8463,6,2025-11-09,22:10:00,Completed,Third-party Delivery,Card,,14324.47,Restaurant 006,Fast Food,6,Garden-6,Male,Third-party Delivery,,
1681,17866,2,2025-08-15,14:52:00,Completed,Website/App,Card,,13659.79,Restaurant 002,Casual Dining,2,South-2,Male,Takeaway,,
1683,24473,8,2025-07-24,13:01:00,Completed,Takeaway,Cash,,6598.13,Restaurant 008,Family Restaurant,8,Gulshan-8,Female,Third-party Delivery,,
1685,12399,1,2025-06-04,21:18:00,Completed,Website/App,Cash,,12599.42,Restaurant 001,Casual Dining,1,North-1,Male,Website/App,,
1686,44823,6,2025-03-17,21:57:00,Completed,Website/App,Cash,,14195.25,Restaurant 006,Fast Food,6,Garden-6,Female,Third-party Delivery,,
1687,22093,7,2025-03-17,19:16:00,Completed,Dine-in,Online Wallet,,14019.71,Restaurant 007,Casual Dining,7,Clifton-7,Other,Website/App,,
1688,29743,13,2025-08-11,12:52:00,Completed,Takeaway,Online Wallet,,11403.08,Restaurant 013,Cafe,13,East-13,Male,Website/App,,
1689,30695,4,2025-12-02,12:10:00,Completed,Takeaway,Online Wallet,109,4628.2,Restaurant 004,Cafe,4,West-4,Other,Website/App,Promotion 109,Bundle
1690,44646,6,2025-02-06,16:29:00,Completed,Third-party Delivery,Card,108,17317.45,Restaurant 006,Fast Food,6,Garden-6,Female,Dine-in,Promotion 108,Percentage Discount
1691,18166,16,2025-12-21,13:16:00,Completed,Website/App,Card,,14011.22,Restaurant 016,Cafe,16,Garden-16,Other,Takeaway,,
1692,2508,20,2025-03-13,19:49:00,Completed,Takeaway,Cash,,7213.86,Restaurant 020,Fast Food,20,Korangi-20,Male,Dine-in,,
1693,6918,14,2025-08-29,18:58:00,Completed,Third-party Delivery,Cash,,10310.3,Restaurant 014,Cafe,14,West-14,Female,Third-party Delivery,,
1694,6297,16,2025-09-19,12:55:00,Completed,Website/App,Online Wallet,17,12880.49,Restaurant 016,Cafe,16,Garden-16,Male,Third-party Delivery,Promotion 017,Seasonal
1696,32923,1,2025-12-24,15:02:00,Completed,Third-party Delivery,Cash,,9699.85,Restaurant 001,Casual Dining,1,North-1,Male,Website/App,,
1697,1453,6,2025-11-26,14:32:00,Completed,Third-party Delivery,Online Wallet,,20389.3,Restaurant 006,Fast Food,6,Garden-6,Other,Third-party Delivery,,
1698,31423,9,2025-11-19,18:39:00,Completed,Dine-in,Online Wallet,,4565.38,Restaurant 009,Cafe,9,Defence-9,Other,Dine-in,,
1699,6026,4,2025-09-08,20:39:00,Completed,Takeaway,Card,,5962.88,Restaurant 004,Cafe,4,West-4,Other,Takeaway,,
1700,16931,15,2025-05-13,20:37:00,Completed,Dine-in,Cash,,13728.83,Restaurant 015,Fast Food,15,Central-15,Female,Dine-in,,
1704,25664,2,2025-05-24,21:11:00,Completed,Third-party Delivery,Online Wallet,,14495.39,Restaurant 002,Casual Dining,2,South-2,Female,Website/App,,
1705,33783,4,2025-06-02,19:09:00,Completed,Third-party Delivery,Card,,8992.18,Restaurant 004,Cafe,4,West-4,Male,Dine-in,,
1706,48014,15,2025-08-02,13:37:00,Completed,Dine-in,Card,68,19339.08,Restaurant 015,Fast Food,15,Central-15,Male,Dine-in,Promotion 068,Seasonal
1707,5139,4,2025-05-12,16:14:00,Completed,Dine-in,Cash,,6165.35,Restaurant 004,Cafe,4,West-4,Other,Website/App,,
1708,22668,5,2025-07-07,22:42:00,Completed,Dine-in,Card,,12923.01,Restaurant 005,Casual Dining,5,Central-5,Male,Dine-in,,
1710,26576,20,2025-02-04,14:15:00,Completed,Dine-in,Cash,58,6014.52,Restaurant 020,Fast Food,20,Korangi-20,Female,Dine-in,Promotion 058,Percentage Discount
1711,8085,8,2025-09-20,19:57:00,Completed,Third-party Delivery,Online Wallet,,9152.45,Restaurant 008,Family Restaurant,8,Gulshan-8,Male,Takeaway,,
1712,40409,11,2025-04-25,13:55:00,Completed,Takeaway,Card,,11709.67,Restaurant 011,Cafe,11,North-11,Male,Dine-in,,
1713,44815,19,2025-12-27,16:39:00,Completed,Website/App,Card,,3487.66,Restaurant 019,Fast Food,19,Defence-19,Other,Third-party Delivery,,
1714,35909,19,2025-04-18,21:37:00,Completed,Third-party Delivery,Card,,3891.64,Restaurant 019,Fast Food,19,Defence-19,Male,Website/App,,
1717,33806,13,2025-03-04,12:34:00,Completed,Dine-in,Online Wallet,,6654.2,Restaurant 013,Cafe,13,East-13,Female,Takeaway,,
1718,28862,2,2025-12-28,21:54:00,Completed,Third-party Delivery,Cash,,18236.97,Restaurant 002,Casual Dining,2,South-2,Male,Dine-in,,
1719,33975,1,2025-12-24,21:42:00,Completed,Dine-in,Card,,11287.76,Restaurant 001,Casual Dining,1,North-1,Female,Third-party Delivery,,
1720,44636,8,2025-09-03,15:16:00,Completed,Website/App,Online Wallet,,6610.01,Restaurant 008,Family Restaurant,8,Gulshan-8,Other,Takeaway,,
1721,26623,3,2025-08-20,12:59:00,Completed,Third-party Delivery,Online Wallet,,10262.45,Restaurant 003,Fast Food,3,East-3,Male,Third-party Delivery,,
1722,10231,14,2025-01-20,20:59:00,Completed,Takeaway,Cash,,7180.3,Restaurant 014,Cafe,14,West-14,Female,Takeaway,,
1723,36823,10,2025-09-24,19:53:00,Completed,Third-party Delivery,Cash,,5356.6,Restaurant 010,Family Restaurant,10,Korangi-10,Male,Website/App,,
1724,12939,3,2025-01-28,14:53:00,Completed,Third-party Delivery,Online Wallet,,11397.46,Restaurant 003,Fast Food,3,East-3,Female,Takeaway,,
1725,28771,2,2025-09-16,14:00:00,Completed,Website/App,Online Wallet,,14688.33,Restaurant 002,Casual Dining,2,South-2,Female,Website/App,,
1726,22816,5,2025-05-04,14:26:00,Completed,Dine-in,Online Wallet,,24209.61,Restaurant 005,Casual Dining,5,Central-5,Other,Dine-in,,
1727,22632,11,2025-10-16,11:33:00,Completed,Takeaway,Online Wallet,,14531.32,Restaurant 011,Cafe,11,North-11,Other,Dine-in,,
1728,5153,18,2025-12-10,19:13:00,Completed,Takeaway,Online Wallet,,5840.75,Restaurant 018,Fast Food,18,Gulshan-18,Other,Dine-in,,
1730,22173,6,2025-04-01,18:30:00,Completed,Website/App,Cash,,15429.61,Restaurant 006,Fast Food,6,Garden-6,Male,Takeaway,,
1731,17635,7,2025-04-05,16:35:00,Completed,Third-party Delivery,Card,,15818.83,Restaurant 007,Casual Dining,7,Clifton-7,Male,Dine-in,,
1732,45029,15,2025-05-03,14:08:00,Completed,Website/App,Cash,,13270.19,Restaurant 015,Fast Food,15,Central-15,Male,Third-party Delivery,,
1733,10570,17,2025-05-01,19:08:00,Completed,Dine-in,Online Wallet,65,13959.79,Restaurant 017,Casual Dining,17,Clifton-17,Male,Website/App,Promotion 065,Seasonal
1734,31428,7,2025-11-25,21:34:00,Completed,Takeaway,Card,,9272.37,Restaurant 007,Casual Dining,7,Clifton-7,Other,Dine-in,,
1735,38517,14,2025-04-29,17:27:00,Completed,Website/App,Card,,8173.29,Restaurant 014,Cafe,14,West-14,Female,Third-party Delivery,,
1736,6522,2,2025-12-28,09:52:00,Completed,Website/App,Online Wallet,,16790.93,Restaurant 002,Casual Dining,2,South-2,Other,Third-party Delivery,,
1737,40738,20,2025-06-26,19:14:00,Completed,Third-party Delivery,Online Wallet,,7085.34,Restaurant 020,Fast Food,20,Korangi-20,Female,Website/App,,
1738,16489,18,2025-02-17,13:16:00,Completed,Website/App,Online Wallet,,6902.94,Restaurant 018,Fast Food,18,Gulshan-18,Female,Takeaway,,
1739,2716,18,2025-06-11,21:00:00,Completed,Website/App,Card,83,9739.12,Restaurant 018,Fast Food,18,Gulshan-18,Other,Dine-in,Promotion 083,Seasonal
1740,25110,14,2025-11-26,21:57:00,Completed,Website/App,Cash,,9800.98,Restaurant 014,Cafe,14,West-14,Male,Third-party Delivery,,
1741,39523,8,2025-05-01,18:40:00,Completed,Dine-in,Online Wallet,,7909.62,Restaurant 008,Family Restaurant,8,Gulshan-8,Other,Website/App,,
1742,25048,14,2025-11-20,19:47:00,Completed,Dine-in,Card,,7375.98,Restaurant 014,Cafe,14,West-14,Male,Dine-in,,
1743,23445,12,2025-10-23,11:46:00,Completed,Dine-in,Card,23,16164.69,Restaurant 012,Fast Food,12,South-12,Other,Dine-in,Promotion 023,Seasonal
1744,4691,5,2025-10-28,20:20:00,Completed,Website/App,Card,,12345.51,Restaurant 005,Casual Dining,5,Central-5,Male,Third-party Delivery,,
1745,12845,8,2025-08-06,16:51:00,Completed,Website/App,Card,55,6943.79,Restaurant 008,Family Restaurant,8,Gulshan-8,Female,Dine-in,Promotion 055,Seasonal
1746,37841,13,2025-01-09,10:38:00,Completed,Takeaway,Online Wallet,,6910.07,Restaurant 013,Cafe,13,East-13,Female,Website/App,,
1747,39970,6,2025-04-20,14:11:00,Completed,Takeaway,Online Wallet,,17311.08,Restaurant 006,Fast Food,6,Garden-6,Other,Dine-in,,
1749,34523,15,2025-03-12,15:26:00,Completed,Website/App,Card,22,19572.44,Restaurant 015,Fast Food,15,Central-15,Other,Third-party Delivery,Promotion 022,Seasonal
1750,29578,1,2025-05-09,13:33:00,Completed,Dine-in,Online Wallet,,9751.26,Restaurant 001,Casual Dining,1,North-1,Female,Dine-in,,
1751,47739,4,2025-01-15,17:55:00,Completed,Takeaway,Card,,10695.42,Restaurant 004,Cafe,4,West-4,Other,Dine-in,,
1753,12388,2,2025-08-25,20:43:00,Completed,Website/App,Card,,16429.17,Restaurant 002,Casual Dining,2,South-2,Male,Website/App,,
1754,15902,12,2025-10-06,13:07:00,Completed,Third-party Delivery,Cash,,24292.53,Restaurant 012,Fast Food,12,South-12,Female,Third-party Delivery,,
1755,31380,12,2025-12-12,14:30:00,Completed,Website/App,Online Wallet,,22143.32,Restaurant 012,Fast Food,12,South-12,Female,Website/App,,
1756,11920,14,2025-03-16,21:47:00,Completed,Dine-in,Card,,7918.35,Restaurant 014,Cafe,14,West-14,Male,Dine-in,,
1758,3399,15,2025-06-13,20:19:00,Completed,Takeaway,Card,,16768.06,Restaurant 015,Fast Food,15,Central-15,Other,Third-party Delivery,,
1759,28043,4,2025-12-24,13:10:00,Completed,Takeaway,Cash,,10613.0,Restaurant 004,Cafe,4,West-4,Other,Website/App,,
1760,680,1,2025-03-04,12:09:00,Completed,Website/App,Card,61,9597.83,Restaurant 001,Casual Dining,1,North-1,Female,Website/App,Promotion 061,Bundle
1762,41033,13,2025-03-27,19:12:00,Completed,Third-party Delivery,Online Wallet,,11669.73,Restaurant 013,Cafe,13,East-13,Female,Dine-in,,
1763,30524,10,2025-07-20,11:38:00,Completed,Dine-in,Card,,5435.46,Restaurant 010,Family Restaurant,10,Korangi-10,Female,Takeaway,,
1766,15814,5,2025-04-13,11:31:00,Completed,Dine-in,Card,,18159.02,Restaurant 005,Casual Dining,5,Central-5,Female,Dine-in,,
1767,43910,18,2025-03-06,20:37:00,Completed,Website/App,Online Wallet,,5995.07,Restaurant 018,Fast Food,18,Gulshan-18,Male,Third-party Delivery,,
1768,43918,12,2025-10-26,19:52:00,Completed,Takeaway,Cash,,23551.44,Restaurant 012,Fast Food,12,South-12,Other,Website/App,,
1769,35018,6,2025-01-01,21:13:00,Completed,Website/App,Card,52,16639.57,Restaurant 006,Fast Food,6,Garden-6,Male,Website/App,Promotion 052,Percentage Discount
1770,25583,11,2025-06-18,19:41:00,Completed,Third-party Delivery,Card,,12579.31,Restaurant 011,Cafe,11,North-11,Female,Website/App,,
1771,37028,8,2025-03-01,14:14:00,Completed,Dine-in,Cash,,7816.74,Restaurant 008,Family Restaurant,8,Gulshan-8,Female,Takeaway,,
1772,17568,4,2025-12-15,15:20:00,Completed,Takeaway,Card,,8417.99,Restaurant 004,Cafe,4,West-4,Female,Takeaway,,
1773,26058,6,2025-12-25,14:42:00,Completed,Third-party Delivery,Online Wallet,,16802.81,Restaurant 006,Fast Food,6,Garden-6,Female,Website/App,,
1774,2731,10,2025-11-23,21:16:00,Completed,Third-party Delivery,Card,,7723.56,Restaurant 010,Family Restaurant,10,Korangi-10,Female,Dine-in,,
1775,34022,19,2025-02-09,16:41:00,Completed,Dine-in,Cash,,3029.32,Restaurant 019,Fast Food,19,Defence-19,Other,Website/App,,
1776,48691,13,2025-11-21,15:43:00,Completed,Takeaway,Online Wallet,62,8665.52,Restaurant 013,Cafe,13,East-13,Other,Takeaway,Promotion 062,Seasonal
1777,41960,12,2025-11-27,13:47:00,Completed,Website/App,Card,,28809.05,Restaurant 012,Fast Food,12,South-12,Male,Third-party Delivery,,
1778,26312,1,2025-03-16,17:47:00,Completed,Takeaway,Cash,,17173.79,Restaurant 001,Casual Dining,1,North-1,Male,Website/App,,
1779,9682,9,2025-06-01,18:33:00,Completed,Third-party Delivery,Card,,4796.83,Restaurant 009,Cafe,9,Defence-9,Male,Takeaway,,
1780,16531,15,2025-04-30,15:34:00,Completed,Website/App,Card,22,20424.88,Restaurant 015,Fast Food,15,Central-15,Other,Third-party Delivery,Promotion 022,Seasonal
1782,7182,14,2025-06-15,20:44:00,Completed,Takeaway,Online Wallet,,9783.01,Restaurant 014,Cafe,14,West-14,Female,Third-party Delivery,,
1783,42853,9,2025-05-28,12:52:00,Completed,Third-party Delivery,Online Wallet,,3592.17,Restaurant 009,Cafe,9,Defence-9,Female,Website/App,,
1784,10675,12,2025-12-28,18:28:00,Completed,Third-party Delivery,Card,,19438.81,Restaurant 012,Fast Food,12,South-12,Female,Takeaway,,
1785,16681,14,2025-01-19,21:34:00,Completed,Website/App,Card,,7659.15,Restaurant 014,Cafe,14,West-14,Male,Website/App,,
1786,41188,15,2025-01-21,11:36:00,Completed,Third-party Delivery,Card,,20663.46,Restaurant 015,Fast Food,15,Central-15,Female,Third-party Delivery,,
1790,32031,8,2025-10-02,19:21:00,Completed,Website/App,Card,,5832.15,Restaurant 008,Family Restaurant,8,Gulshan-8,Male,Third-party Delivery,,
1791,4312,1,2025-09-26,18:21:00,Completed,Takeaway,Online Wallet,103,13193.35,Restaurant 001,Casual Dining,1,North-1,Other,Takeaway,Promotion 103,Percentage Discount
1792,17548,2,2025-02-08,10:48:00,Completed,Website/App,Card,,17587.28,Restaurant 002,Casual Dining,2,South-2,Male,Dine-in,,
1793,2337,19,2025-07-13,21:00:00,Completed,Website/App,Card,,3269.27,Restaurant 019,Fast Food,19,Defence-19,Female,Dine-in,,
1794,18192,6,2025-11-08,21:39:00,Completed,Website/App,Online Wallet,,18554.79,Restaurant 006,Fast Food,6,Garden-6,Other,Third-party Delivery,,
1797,23380,10,2025-03-18,13:04:00,Completed,Website/App,Cash,,5445.18,Restaurant 010,Family Restaurant,10,Korangi-10,Female,Website/App,,
1798,38030,18,2025-02-11,14:59:00,Completed,Takeaway,Online Wallet,,7437.08,Restaurant 018,Fast Food,18,Gulshan-18,Male,Takeaway,,
1799,5695,14,2025-12-18,09:13:00,Completed,Dine-in,Online Wallet,,8831.39,Restaurant 014,Cafe,14,West-14,Other,Website/App,,
1801,13948,5,2025-11-16,16:16:00,Completed,Dine-in,Cash,,16390.94,Restaurant 005,Casual Dining,5,Central-5,Other,Third-party Delivery,,
1802,14419,12,2025-05-21,21:22:00,Completed,Dine-in,Cash,,18650.14,Restaurant 012,Fast Food,12,South-12,Male,Takeaway,,
1804,47327,4,2025-07-29,20:21:00,Completed,Third-party Delivery,Cash,,9138.22,Restaurant 004,Cafe,4,West-4,Other,Third-party Delivery,,
1805,7168,8,2025-02-02,16:35:00,Completed,Takeaway,Card,,4452.87,Restaurant 008,Family Restaurant,8,Gulshan-8,Female,Third-party Delivery,,
1806,46095,1,2025-02-17,14:31:00,Completed,Dine-in,,,17108.93,Restaurant 001,Casual Dining,1,North-1,Other,Website/App,,
1807,34249,15,2025-10-01,18:10:00,Completed,Dine-in,Online Wallet,,15784.63,Restaurant 015,Fast Food,15,Central-15,Male,Takeaway,,
1808,22340,3,2025-04-27,19:20:00,Completed,Website/App,Online Wallet,,10582.5,Restaurant 003,Fast Food,3,East-3,Male,Takeaway,,
1809,24421,18,2025-09-26,17:04:00,Completed,Third-party Delivery,Online Wallet,,5690.63,Restaurant 018,Fast Food,18,Gulshan-18,Other,Third-party Delivery,,
1811,6046,14,2025-04-14,16:04:00,Completed,Third-party Delivery,Cash,,7585.21,Restaurant 014,Cafe,14,West-14,Male,Takeaway,,
1813,26666,18,2025-07-18,20:20:00,Completed,Website/App,Cash,,7857.23,Restaurant 018,Fast Food,18,Gulshan-18,Male,Dine-in,,
1814,41103,18,2025-10-26,20:08:00,Completed,Dine-in,Online Wallet,66,10458.6,Restaurant 018,Fast Food,18,Gulshan-18,Male,Third-party Delivery,Promotion 066,Bundle
1815,43904,7,2025-02-05,21:25:00,Completed,Takeaway,Online Wallet,,11693.4,Restaurant 007,Casual Dining,7,Clifton-7,Female,Website/App,,
1816,6864,11,2025-01-20,18:50:00,Completed,Third-party Delivery,Cash,,10847.78,Restaurant 011,Cafe,11,North-11,Male,Dine-in,,
1817,20245,15,2025-04-11,15:29:00,Completed,Takeaway,Card,,16901.42,Restaurant 015,Fast Food,15,Central-15,Other,Takeaway,,
1818,15163,19,2025-12-13,13:01:00,Completed,Dine-in,Cash,,3521.97,Restaurant 019,Fast Food,19,Defence-19,Male,Third-party Delivery,,
1820,45480,9,2025-10-03,19:33:00,Completed,Dine-in,Card,39,6302.17,Restaurant 009,Cafe,9,Defence-9,Female,Dine-in,Promotion 039,Percentage Discount
1822,38993,13,2025-07-13,21:56:00,Completed,Third-party Delivery,Cash,,10816.58,Restaurant 013,Cafe,13,East-13,Other,Dine-in,,
1823,28727,11,2025-01-07,18:40:00,Completed,Website/App,Cash,,10169.48,Restaurant 011,Cafe,11,North-11,Male,Third-party Delivery,,
1824,45382,2,2025-03-13,16:13:00,Completed,Takeaway,Online Wallet,,16137.05,Restaurant 002,Casual Dining,2,South-2,Other,Website/App,,
1825,33193,3,2025-03-12,20:28:00,Completed,Third-party Delivery,Card,,11759.09,Restaurant 003,Fast Food,3,East-3,Female,Dine-in,,
1826,32923,18,2025-04-15,21:33:00,Completed,Takeaway,Card,,10153.08,Restaurant 018,Fast Food,18,Gulshan-18,Male,Website/App,,
1827,32481,10,2025-09-13,19:22:00,Completed,Third-party Delivery,Cash,,8219.96,Restaurant 010,Family Restaurant,10,Korangi-10,Other,Third-party Delivery,,
1828,43699,8,2025-09-27,21:12:00,Completed,Dine-in,Card,,5907.56,Restaurant 008,Family Restaurant,8,Gulshan-8,Male,Takeaway,,
1829,8288,5,2025-07-18,21:58:00,Completed,Website/App,Card,27,14176.54,Restaurant 005,Casual Dining,5,Central-5,Male,Third-party Delivery,Promotion 027,Percentage Discount
1830,19829,20,2025-08-25,20:06:00,Completed,Takeaway,Card,,3465.13,Restaurant 020,Fast Food,20,Korangi-20,Other,Website/App,,
1831,26198,8,2025-01-19,21:55:00,Completed,Dine-in,Card,88,6403.09,Restaurant 008,Family Restaurant,8,Gulshan-8,Female,Takeaway,Promotion 088,Seasonal
1832,14645,1,2025-09-23,21:01:00,Completed,Takeaway,Card,,10920.75,Restaurant 001,Casual Dining,1,North-1,Other,Takeaway,,
1833,33291,13,2025-05-13,14:14:00,Completed,Third-party Delivery,Card,,9102.7,Restaurant 013,Cafe,13,East-13,Male,Takeaway,,
1834,42759,8,2025-08-14,18:10:00,Completed,Dine-in,Card,,6914.26,Restaurant 008,Family Restaurant,8,Gulshan-8,Female,Dine-in,,
1835,1070,10,2025-11-09,21:52:00,Completed,Dine-in,Online Wallet,,7117.8,Restaurant 010,Family Restaurant,10,Korangi-10,Other,Third-party Delivery,,
1836,44289,15,2025-06-26,16:13:00,Completed,Takeaway,Cash,,17854.9,Restaurant 015,Fast Food,15,Central-15,Female,Dine-in,,
1837,45154,10,2025-03-27,18:49:00,Completed,Dine-in,Online Wallet,,5992.92,Restaurant 010,Family Restaurant,10,Korangi-10,Female,Takeaway,,
1840,8866,12,2025-04-04,18:02:00,Completed,Website/App,Card,,18193.5,Restaurant 012,Fast Food,12,South-12,Female,Takeaway,,
1841,35485,14,2025-07-30,17:24:00,Completed,Takeaway,Card,,5730.41,Restaurant 014,Cafe,14,West-14,Other,Dine-in,,
1843,30074,13,2025-07-30,18:57:00,Completed,Website/App,Cash,,8038.77,Restaurant 013,Cafe,13,East-13,Female,Dine-in,,
1844,42106,4,2025-11-06,14:24:00,Completed,Third-party Delivery,Card,,8987.12,Restaurant 004,Cafe,4,West-4,Female,Website/App,,
1845,32864,5,2025-08-31,12:55:00,Completed,Website/App,Card,,19131.64,Restaurant 005,Casual Dining,5,Central-5,Other,Dine-in,,
1848,9950,4,2025-12-29,20:55:00,Completed,Takeaway,Online Wallet,,8232.3,Restaurant 004,Cafe,4,West-4,Female,Third-party Delivery,,
1849,46631,11,2025-04-16,21:11:00,Completed,Takeaway,Card,,10194.75,Restaurant 011,Cafe,11,North-11,Female,Third-party Delivery,,
1850,10133,6,2025-03-22,20:39:00,Completed,Takeaway,Card,,11274.9,Restaurant 006,Fast Food,6,Garden-6,Female,Third-party Delivery,,
1851,33248,17,2025-08-08,12:14:00,Completed,Dine-in,Online Wallet,,9638.81,Restaurant 017,Casual Dining,17,Clifton-17,Other,Website/App,,
1852,17161,12,2025-12-30,20:14:00,Completed,Website/App,Online Wallet,,23260.06,Restaurant 012,Fast Food,12,South-12,Male,Takeaway,,
1854,16335,4,2025-01-15,14:37:00,Completed,Takeaway,Cash,,6122.31,Restaurant 004,Cafe,4,West-4,Female,Dine-in,,
1856,2178,7,2025-10-21,21:14:00,Completed,Website/App,Cash,12,11469.12,Restaurant 007,Casual Dining,7,Clifton-7,Male,Takeaway,Promotion 012,Percentage Discount
1857,49143,5,2025-04-19,13:55:00,Completed,Third-party Delivery,Cash,,22540.36,Restaurant 005,Casual Dining,5,Central-5,Female,Website/App,,
1858,10679,12,2025-03-10,19:01:00,Completed,Website/App,Cash,38,21248.9,Restaurant 012,Fast Food,12,South-12,Female,Third-party Delivery,Promotion 038,Percentage Discount
1859,33377,10,2025-03-17,18:23:00,Completed,Third-party Delivery,Cash,,5656.09,Restaurant 010,Family Restaurant,10,Korangi-10,Female,Third-party Delivery,,
1860,44646,16,2025-02-09,19:59:00,Completed,Dine-in,Card,,16530.11,Restaurant 016,Cafe,16,Garden-16,Female,Dine-in,,
1861,18681,7,2025-06-12,20:31:00,Completed,Dine-in,Card,16,11010.73,Restaurant 007,Casual Dining,7,Clifton-7,Other,Dine-in,Promotion 016,Percentage Discount
1862,27591,12,2025-04-23,12:28:00,Completed,Website/App,Card,,23276.41,Restaurant 012,Fast Food,12,South-12,Other,Website/App,,
1863,6969,16,2025-01-13,19:22:00,Completed,Third-party Delivery,Card,,10502.03,Restaurant 016,Cafe,16,Garden-16,Female,Takeaway,,
1864,14385,18,2025-07-18,20:37:00,Completed,Dine-in,Cash,,8186.1,Restaurant 018,Fast Food,18,Gulshan-18,Female,Website/App,,
1865,39780,18,2025-09-16,19:37:00,Completed,Third-party Delivery,Online Wallet,,9560.01,Restaurant 018,Fast Food,18,Gulshan-18,Other,Third-party Delivery,,
1867,29836,20,2025-05-03,14:37:00,Completed,Website/App,Card,,4921.18,Restaurant 020,Fast Food,20,Korangi-20,Female,Dine-in,,
1868,28368,19,2025-04-01,18:04:00,Completed,Dine-in,Cash,,3473.25,Restaurant 019,Fast Food,19,Defence-19,Female,Website/App,,
1869,49381,4,2025-06-01,19:22:00,Completed,Website/App,Cash,,7912.53,Restaurant 004,Cafe,4,West-4,Female,Dine-in,,
1871,42717,2,2025-07-12,18:14:00,Completed,Dine-in,Online Wallet,,18632.4,Restaurant 002,Casual Dining,2,South-2,Male,Dine-in,,
1872,49486,4,2025-12-27,14:37:00,Completed,Takeaway,Card,,7056.92,Restaurant 004,Cafe,4,West-4,Female,Dine-in,,
1874,18153,16,2025-10-14,19:40:00,Completed,Website/App,Online Wallet,,16856.1,Restaurant 016,Cafe,16,Garden-16,Male,Dine-in,,
1875,1907,1,2025-06-13,20:56:00,Completed,Takeaway,Card,,8289.3,Restaurant 001,Casual Dining,1,North-1,Male,Dine-in,,
1876,46228,9,2025-06-03,18:20:00,Completed,Third-party Delivery,Cash,,3791.46,Restaurant 009,Cafe,9,Defence-9,Female,Third-party Delivery,,
1878,34892,17,2025-05-18,18:30:00,Completed,Dine-in,Online Wallet,,12262.64,Restaurant 017,Casual Dining,17,Clifton-17,Female,Website/App,,
1879,23592,3,2025-08-02,22:36:00,Completed,Takeaway,Online Wallet,,11024.94,Restaurant 003,Fast Food,3,East-3,Other,Takeaway,,
1881,42149,6,2025-07-13,21:11:00,Completed,Takeaway,Card,,14968.71,Restaurant 006,Fast Food,6,Garden-6,Other,Third-party Delivery,,
1882,17157,8,2025-11-21,20:47:00,Completed,Website/App,Cash,,7083.69,Restaurant 008,Family Restaurant,8,Gulshan-8,Male,Website/App,,
1883,43889,19,2025-10-21,16:12:00,Completed,Third-party Delivery,Online Wallet,,3488.55,Restaurant 019,Fast Food,19,Defence-19,Female,Dine-in,,
1884,39216,8,2025-01-08,18:42:00,Completed,Takeaway,Online Wallet,,6815.68,Restaurant 008,Family Restaurant,8,Gulshan-8,Other,Dine-in,,
1885,47873,3,2025-01-29,10:15:00,Completed,Website/App,Card,,12661.2,Restaurant 003,Fast Food,3,East-3,Female,Takeaway,,
1886,17765,13,2025-09-12,21:08:00,Completed,Third-party Delivery,Cash,,11984.34,Restaurant 013,Cafe,13,East-13,Other,Takeaway,,
1887,42715,8,2025-12-19,13:10:00,Completed,Website/App,Cash,43,6891.46,Restaurant 008,Family Restaurant,8,Gulshan-8,Other,Website/App,Promotion 043,Percentage Discount
1888,33070,14,2025-11-07,22:40:00,Completed,Third-party Delivery,Online Wallet,,8384.7,Restaurant 014,Cafe,14,West-14,Other,Website/App,,
1889,25909,8,2025-08-19,16:59:00,Completed,Website/App,Online Wallet,,8583.57,Restaurant 008,Family Restaurant,8,Gulshan-8,Other,Website/App,,
1890,13867,13,2025-12-25,18:33:00,Completed,Third-party Delivery,Card,62,10059.24,Restaurant 013,Cafe,13,East-13,Other,Takeaway,Promotion 062,Seasonal
1891,9445,2,2025-12-25,21:34:00,Completed,Website/App,Cash,,16602.66,Restaurant 002,Casual Dining,2,South-2,Other,Takeaway,,
1892,1983,4,2025-11-23,20:37:00,Completed,Website/App,Card,5,8588.66,Restaurant 004,Cafe,4,West-4,Other,Third-party Delivery,Promotion 005,Percentage Discount
1893,49846,9,2025-06-12,19:09:00,Completed,Takeaway,Online Wallet,56,5702.04,Restaurant 009,Cafe,9,Defence-9,Female,Third-party Delivery,Promotion 056,Percentage Discount
1894,34174,20,2025-05-24,22:43:00,Completed,Website/App,Card,,6427.84,Restaurant 020,Fast Food,20,Korangi-20,Male,Third-party Delivery,,
1895,27481,12,2025-05-02,12:29:00,Completed,Takeaway,Online Wallet,,23487.95,Restaurant 012,Fast Food,12,South-12,Other,Third-party Delivery,,
1896,1630,13,2025-10-16,21:17:00,Completed,Website/App,Online Wallet,,13093.61,Restaurant 013,Cafe,13,East-13,Male,Third-party Delivery,,
1897,21124,17,2025-11-11,18:24:00,Completed,Dine-in,Cash,81,9659.54,Restaurant 017,Casual Dining,17,Clifton-17,Other,Website/App,Promotion 081,Percentage Discount
1899,16424,3,2025-10-23,12:12:00,Completed,Website/App,Cash,,10329.64,Restaurant 003,Fast Food,3,East-3,Other,Takeaway,,
1901,4287,10,2025-03-08,20:03:00,Completed,Third-party Delivery,Cash,2,6231.76,Restaurant 010,Family Restaurant,10,Korangi-10,Other,Website/App,Promotion 002,Bundle
1902,38026,13,2025-05-31,13:07:00,Completed,Dine-in,Card,,7601.34,Restaurant 013,Cafe,13,East-13,Male,Website/App,,
1903,3331,17,2025-02-20,17:59:00,Completed,Dine-in,Online Wallet,14,13189.58,Restaurant 017,Casual Dining,17,Clifton-17,Other,Takeaway,Promotion 014,Seasonal
1904,5918,4,2025-11-22,21:35:00,Completed,Website/App,Card,,9753.16,Restaurant 004,Cafe,4,West-4,Other,Third-party Delivery,,
1905,16232,4,2025-12-23,17:16:00,Completed,Dine-in,Online Wallet,,7121.36,Restaurant 004,Cafe,4,West-4,Female,Dine-in,,
1909,2865,6,2025-12-17,20:20:00,Completed,Takeaway,Online Wallet,71,14147.46,Restaurant 006,Fast Food,6,Garden-6,Male,Takeaway,Promotion 071,Percentage Discount
1911,31892,17,2025-04-24,22:04:00,Completed,Takeaway,Card,,16668.39,Restaurant 017,Casual Dining,17,Clifton-17,Male,Takeaway,,
1912,25834,14,2025-08-01,17:59:00,Completed,Website/App,Online Wallet,,8019.66,Restaurant 014,Cafe,14,West-14,Female,Website/App,,
1913,4286,14,2025-01-15,12:58:00,Completed,Website/App,Card,,7332.99,Restaurant 014,Cafe,14,West-14,Other,Dine-in,,
1914,747,11,2025-04-22,12:15:00,Completed,Takeaway,Card,99,13391.37,Restaurant 011,Cafe,11,North-11,Male,Third-party Delivery,Promotion 099,Percentage Discount
1915,17115,10,2025-04-25,21:30:00,Completed,Third-party Delivery,Card,,9395.94,Restaurant 010,Family Restaurant,10,Korangi-10,Other,Website/App,,
1918,22004,3,2025-10-12,21:11:00,Completed,Dine-in,Cash,,9316.21,Restaurant 003,Fast Food,3,East-3,Male,Website/App,,
1919,41975,1,2025-12-24,19:10:00,Completed,Third-party Delivery,Cash,,10240.22,Restaurant 001,Casual Dining,1,North-1,Male,Takeaway,,
1921,20691,12,2025-06-26,19:45:00,Completed,Dine-in,Online Wallet,,25034.23,Restaurant 012,Fast Food,12,South-12,Female,Third-party Delivery,,
1922,36419,1,2025-06-03,22:52:00,Completed,Takeaway,Cash,,13363.39,Restaurant 001,Casual Dining,1,North-1,Other,Takeaway,,
1923,4098,19,2025-10-21,19:54:00,Completed,Dine-in,Cash,115,3585.34,Restaurant 019,Fast Food,19,Defence-19,Other,Dine-in,Promotion 115,Bundle
1924,12576,10,2025-04-04,09:08:00,Completed,Third-party Delivery,Card,,6186.26,Restaurant 010,Family Restaurant,10,Korangi-10,Male,Dine-in,,
1926,43341,5,2025-07-11,18:31:00,Completed,Dine-in,Card,,26676.23,Restaurant 005,Casual Dining,5,Central-5,Female,Third-party Delivery,,
1928,9905,18,2025-12-13,19:32:00,Completed,Third-party Delivery,Card,,7427.63,Restaurant 018,Fast Food,18,Gulshan-18,Other,Website/App,,
1929,46715,2,2025-09-01,09:36:00,Completed,Website/App,Online Wallet,,19665.91,Restaurant 002,Casual Dining,2,South-2,Other,Third-party Delivery,,
1930,46607,13,2025-10-04,13:02:00,Completed,Website/App,Online Wallet,,9393.01,Restaurant 013,Cafe,13,East-13,Other,Third-party Delivery,,
1931,5650,12,2025-05-09,19:37:00,Completed,Takeaway,Online Wallet,,14066.51,Restaurant 012,Fast Food,12,South-12,Female,Takeaway,,
1932,38107,9,2025-04-09,19:41:00,Completed,Takeaway,Card,,4671.43,Restaurant 009,Cafe,9,Defence-9,Female,Website/App,,
1934,12907,9,2025-04-13,21:32:00,Completed,Takeaway,Online Wallet,,4614.08,Restaurant 009,Cafe,9,Defence-9,Other,Dine-in,,
1935,3429,6,2025-01-19,19:10:00,Completed,Third-party Delivery,Card,,16124.12,Restaurant 006,Fast Food,6,Garden-6,Other,Dine-in,,
1936,3644,12,2025-01-13,14:59:00,Completed,Website/App,Online Wallet,,20593.0,Restaurant 012,Fast Food,12,South-12,Male,Dine-in,,
1937,13628,10,2025-12-08,21:53:00,Completed,Third-party Delivery,Cash,,7381.25,Restaurant 010,Family Restaurant,10,Korangi-10,Other,Website/App,,
1938,38736,20,2025-11-06,18:42:00,Completed,Dine-in,Online Wallet,,6210.95,Restaurant 020,Fast Food,20,Korangi-20,Other,Third-party Delivery,,
1941,24799,7,2025-10-17,12:28:00,Completed,Takeaway,Card,,15548.09,Restaurant 007,Casual Dining,7,Clifton-7,Male,Takeaway,,
1942,5835,4,2025-11-09,14:20:00,Completed,Dine-in,Card,,7740.03,Restaurant 004,Cafe,4,West-4,Male,Dine-in,,
1943,39683,17,2025-06-21,17:41:00,Completed,Dine-in,Online Wallet,,10400.68,Restaurant 017,Casual Dining,17,Clifton-17,Male,Takeaway,,
1944,17934,15,2025-02-19,17:45:00,Completed,Website/App,Cash,,18332.69,Restaurant 015,Fast Food,15,Central-15,Male,Third-party Delivery,,
1945,7587,4,2025-07-11,22:14:00,Completed,Takeaway,Card,,9457.72,Restaurant 004,Cafe,4,West-4,Male,Takeaway,,
1946,38722,4,2025-03-10,19:53:00,Completed,Website/App,Online Wallet,,10446.37,Restaurant 004,Cafe,4,West-4,Other,Third-party Delivery,,
1947,16419,19,2025-04-11,19:09:00,Completed,Takeaway,Card,,3220.6,Restaurant 019,Fast Food,19,Defence-19,Female,Takeaway,,
1948,21455,2,2025-04-20,12:32:00,Completed,Website/App,Cash,,14038.92,Restaurant 002,Casual Dining,2,South-2,Female,Takeaway,,
1949,44326,9,2025-04-04,11:38:00,Completed,Takeaway,Cash,,4900.58,Restaurant 009,Cafe,9,Defence-9,Male,Third-party Delivery,,
1950,40084,14,2025-02-08,16:32:00,Completed,Dine-in,Card,,7900.49,Restaurant 014,Cafe,14,West-14,Male,Third-party Delivery,,
1951,17906,9,2025-02-28,14:56:00,Completed,Website/App,Card,,4423.39,Restaurant 009,Cafe,9,Defence-9,Female,Takeaway,,
1952,49795,4,2025-07-24,14:40:00,Completed,Dine-in,Online Wallet,,7146.34,Restaurant 004,Cafe,4,West-4,Other,Dine-in,,
1954,35796,4,2025-11-17,21:35:00,Completed,Takeaway,,,8509.94,Restaurant 004,Cafe,4,West-4,Male,Website/App,,
1955,8872,6,2025-06-28,15:58:00,Completed,Third-party Delivery,Card,,18736.34,Restaurant 006,Fast Food,6,Garden-6,Female,Website/App,,
1956,48129,20,2025-07-31,15:09:00,Completed,Takeaway,Cash,,9031.07,Restaurant 020,Fast Food,20,Korangi-20,Other,Takeaway,,
1957,1231,1,2025-06-25,20:53:00,Completed,Takeaway,Online Wallet,,9087.15,Restaurant 001,Casual Dining,1,North-1,Female,Website/App,,
1959,5389,6,2025-11-08,13:35:00,Completed,Takeaway,Cash,,17964.54,Restaurant 006,Fast Food,6,Garden-6,Female,Third-party Delivery,,
1960,46220,13,2025-10-30,09:47:00,Completed,Dine-in,Online Wallet,,12217.24,Restaurant 013,Cafe,13,East-13,Female,Website/App,,
1961,11695,5,2025-06-07,16:26:00,Completed,Dine-in,Card,27,14899.8,Restaurant 005,Casual Dining,5,Central-5,Male,Dine-in,Promotion 027,Percentage Discount
1962,28936,10,2025-10-04,20:32:00,Completed,Third-party Delivery,Online Wallet,11,9694.93,Restaurant 010,Family Restaurant,10,Korangi-10,Other,Takeaway,Promotion 011,Percentage Discount
1963,19830,19,2025-09-03,21:49:00,Completed,Website/App,Online Wallet,,2982.01,Restaurant 019,Fast Food,19,Defence-19,Male,Third-party Delivery,,
1964,13127,8,2025-07-22,17:34:00,Completed,Takeaway,Online Wallet,,6089.61,Restaurant 008,Family Restaurant,8,Gulshan-8,Other,Website/App,,
1965,15174,13,2025-06-11,18:33:00,Completed,Third-party Delivery,Online Wallet,3,10172.76,Restaurant 013,Cafe,13,East-13,Female,Website/App,Promotion 003,Bundle
1966,34350,2,2025-12-23,21:02:00,Completed,Dine-in,Online Wallet,,15936.07,Restaurant 002,Casual Dining,2,South-2,Other,Takeaway,,
1969,43199,16,2025-09-25,18:23:00,Completed,Website/App,Online Wallet,,13474.32,Restaurant 016,Cafe,16,Garden-16,Female,Third-party Delivery,,
1970,28336,15,2025-08-20,20:20:00,Completed,Takeaway,Card,,13771.46,Restaurant 015,Fast Food,15,Central-15,Other,Website/App,,
1971,12508,12,2025-03-17,19:14:00,Completed,Dine-in,Cash,,18696.19,Restaurant 012,Fast Food,12,South-12,Male,Dine-in,,
1972,31704,18,2025-07-17,19:12:00,Completed,Third-party Delivery,Online Wallet,,6131.62,Restaurant 018,Fast Food,18,Gulshan-18,Male,Third-party Delivery,,
1973,46749,13,2025-12-04,17:37:00,Completed,Takeaway,Card,,8285.78,Restaurant 013,Cafe,13,East-13,Other,Third-party Delivery,,
1974,45830,19,2025-10-13,19:09:00,Completed,Website/App,Cash,,2392.14,Restaurant 019,Fast Food,19,Defence-19,Male,Third-party Delivery,,
1975,45296,16,2025-12-27,20:06:00,Completed,Dine-in,Card,,11450.97,Restaurant 016,Cafe,16,Garden-16,Female,Third-party Delivery,,
1976,8965,13,2025-03-18,22:58:00,Completed,Third-party Delivery,Cash,,11693.5,Restaurant 013,Cafe,13,East-13,Male,Third-party Delivery,,
1977,46263,9,2025-12-18,21:51:00,Completed,Third-party Delivery,Cash,,5547.68,Restaurant 009,Cafe,9,Defence-9,Male,Dine-in,,
1978,17362,5,2025-09-13,12:37:00,Completed,Website/App,Card,118,21657.58,Restaurant 005,Casual Dining,5,Central-5,Male,Website/App,Promotion 118,Percentage Discount
1979,34525,14,2025-07-28,19:00:00,Completed,Dine-in,Cash,114,7154.96,Restaurant 014,Cafe,14,West-14,Male,Takeaway,Promotion 114,Percentage Discount
1980,33389,9,2025-06-17,16:31:00,Completed,Website/App,Online Wallet,101,5228.82,Restaurant 009,Cafe,9,Defence-9,Female,Third-party Delivery,Promotion 101,Percentage Discount
1981,41156,6,2025-01-23,21:09:00,Completed,Website/App,Online Wallet,,12344.65,Restaurant 006,Fast Food,6,Garden-6,Other,Dine-in,,
1983,40264,7,2025-08-22,18:55:00,Completed,Website/App,Card,,10006.22,Restaurant 007,Casual Dining,7,Clifton-7,Male,Dine-in,,
1984,27743,5,2025-03-28,21:26:00,Completed,Takeaway,Online Wallet,,20878.47,Restaurant 005,Casual Dining,5,Central-5,Other,Third-party Delivery,,
1985,49633,9,2025-04-19,21:02:00,Completed,Website/App,Card,,4227.18,Restaurant 009,Cafe,9,Defence-9,Other,Takeaway,,
1986,46648,18,2025-01-04,13:31:00,Completed,Takeaway,Online Wallet,,9409.95,Restaurant 018,Fast Food,18,Gulshan-18,Male,Takeaway,,
1987,24507,14,2025-06-27,20:15:00,Completed,Website/App,Card,,7230.72,Restaurant 014,Cafe,14,West-14,Other,Dine-in,,
1988,35458,13,2025-09-26,14:17:00,Completed,Third-party Delivery,Online Wallet,,15619.71,Restaurant 013,Cafe,13,East-13,Male,Dine-in,,
1989,46794,19,2025-04-05,14:40:00,Completed,Dine-in,Cash,,3285.15,Restaurant 019,Fast Food,19,Defence-19,Male,Takeaway,,
1990,19141,11,2025-07-21,18:04:00,Completed,Website/App,Online Wallet,,12080.97,Restaurant 011,Cafe,11,North-11,Male,Dine-in,,
1991,48428,7,2025-01-25,20:28:00,Completed,Third-party Delivery,Card,,13919.46,Restaurant 007,Casual Dining,7,Clifton-7,Male,Third-party Delivery,,
1992,23641,8,2025-10-18,19:11:00,Completed,Third-party Delivery,Online Wallet,,9306.21,Restaurant 008,Family Restaurant,8,Gulshan-8,Male,Dine-in,,
1993,49339,18,2025-05-18,17:44:00,Completed,Takeaway,Card,,4755.89,Restaurant 018,Fast Food,18,Gulshan-18,Other,Third-party Delivery,,
1994,22810,3,2025-01-31,18:37:00,Completed,Third-party Delivery,Card,,15211.7,Restaurant 003,Fast Food,3,East-3,Female,Takeaway,,
1995,45255,4,2025-11-17,21:21:00,Completed,Takeaway,Card,,5763.67,Restaurant 004,Cafe,4,West-4,Female,Website/App,,
1996,19933,4,2025-05-25,11:58:00,Completed,Website/App,Online Wallet,,8357.81,Restaurant 004,Cafe,4,West-4,Other,Takeaway,,
1997,12777,15,2025-05-09,20:46:00,Completed,Takeaway,Cash,,19971.38,Restaurant 015,Fast Food,15,Central-15,Male,Takeaway,,
1998,48668,11,2025-03-17,19:02:00,Completed,Takeaway,Cash,,18604.36,Restaurant 011,Cafe,11,North-11,Other,Website/App,,
2000,19786,7,2025-03-13,14:30:00,Completed,Dine-in,Online Wallet,,18312.53,Restaurant 007,Casual Dining,7,Clifton-7,Male,Website/App,,
2005,15652,14,2025-02-11,12:02:00,Completed,Website/App,Card,,8505.98,Restaurant 014,Cafe,14,West-14,Male,Website/App,,
2006,40028,19,2025-02-02,13:19:00,Completed,Website/App,Cash,,4258.26,Restaurant 019,Fast Food,19,Defence-19,Other,Website/App,,
2007,21460,14,2025-06-07,14:40:00,Completed,Website/App,Cash,,8556.1,Restaurant 014,Cafe,14,West-14,Female,Website/App,,
2008,27652,9,2025-05-05,21:22:00,Completed,Website/App,Card,,3664.19,Restaurant 009,Cafe,9,Defence-9,Other,Dine-in,,
2009,11565,14,2025-10-18,19:08:00,Completed,Dine-in,Card,41,10038.95,Restaurant 014,Cafe,14,West-14,Male,Website/App,Promotion 041,Percentage Discount
2010,34602,19,2025-12-13,16:23:00,Completed,Website/App,Card,,3340.28,Restaurant 019,Fast Food,19,Defence-19,Other,Third-party Delivery,,
2012,35530,14,2025-12-16,09:40:00,Completed,Takeaway,Online Wallet,,6998.78,Restaurant 014,Cafe,14,West-14,Other,Website/App,,
2013,48637,4,2025-08-27,21:50:00,Completed,Third-party Delivery,Card,,9086.3,Restaurant 004,Cafe,4,West-4,Other,Website/App,,
2014,11431,13,2025-09-02,18:18:00,Completed,Takeaway,Cash,,7476.13,Restaurant 013,Cafe,13,East-13,Other,Dine-in,,
2015,17500,5,2025-03-30,20:24:00,Completed,Website/App,Card,,15331.71,Restaurant 005,Casual Dining,5,Central-5,Other,Dine-in,,
2016,20714,8,2025-09-24,13:43:00,Completed,Dine-in,Card,,7324.23,Restaurant 008,Family Restaurant,8,Gulshan-8,Male,Website/App,,
2019,5460,2,2025-03-13,18:24:00,Completed,Website/App,Cash,51,18034.43,Restaurant 002,Casual Dining,2,South-2,Male,Third-party Delivery,Promotion 051,Seasonal
2022,7124,10,2025-07-15,15:31:00,Completed,Third-party Delivery,Cash,116,6548.66,Restaurant 010,Family Restaurant,10,Korangi-10,Other,Dine-in,Promotion 116,Percentage Discount
2023,22231,1,2025-09-07,18:28:00,Completed,Dine-in,Cash,105,11288.22,Restaurant 001,Casual Dining,1,North-1,Female,Dine-in,Promotion 105,Percentage Discount
2024,5047,7,2025-04-19,12:47:00,Completed,Website/App,Card,16,11503.01,Restaurant 007,Casual Dining,7,Clifton-7,Female,Third-party Delivery,Promotion 016,Percentage Discount
2025,7075,6,2025-09-03,20:04:00,Completed,Dine-in,Online Wallet,94,14338.2,Restaurant 006,Fast Food,6,Garden-6,Other,Dine-in,Promotion 094,Bundle
2027,45061,1,2025-03-16,12:32:00,Completed,Third-party Delivery,Cash,,9823.58,Restaurant 001,Casual Dining,1,North-1,Male,Dine-in,,
2028,11140,15,2025-05-28,13:46:00,Completed,Third-party Delivery,Cash,22,13233.3,Restaurant 015,Fast Food,15,Central-15,Other,Takeaway,Promotion 022,Seasonal
2029,42013,17,2025-06-06,16:23:00,Completed,Dine-in,Card,,8334.65,Restaurant 017,Casual Dining,17,Clifton-17,Other,Takeaway,,
2030,23330,6,2025-02-18,20:06:00,Completed,Takeaway,Card,,12846.06,Restaurant 006,Fast Food,6,Garden-6,Male,Website/App,,
2031,34034,1,2025-09-02,21:40:00,Completed,Third-party Delivery,Card,,10753.42,Restaurant 001,Casual Dining,1,North-1,Male,Dine-in,,
2032,2490,10,2025-02-06,16:37:00,Completed,Takeaway,Online Wallet,,9376.55,Restaurant 010,Family Restaurant,10,Korangi-10,Male,Takeaway,,
2033,43367,8,2025-03-28,20:54:00,Completed,Takeaway,Cash,,8718.76,Restaurant 008,Family Restaurant,8,Gulshan-8,Male,Third-party Delivery,,
2034,20548,19,2025-02-09,12:25:00,Completed,Dine-in,Card,,3296.12,Restaurant 019,Fast Food,19,Defence-19,Male,Takeaway,,
2035,15153,19,2025-11-15,15:04:00,Completed,Dine-in,Cash,,4034.37,Restaurant 019,Fast Food,19,Defence-19,Male,Dine-in,,
2036,30876,20,2025-01-02,21:42:00,Completed,Dine-in,Card,,4051.8,Restaurant 020,Fast Food,20,Korangi-20,Female,Third-party Delivery,,
2037,940,11,2025-05-07,18:43:00,Completed,Website/App,Cash,,10396.63,Restaurant 011,Cafe,11,North-11,Male,Takeaway,,
2038,37249,1,2025-05-30,21:21:00,Completed,Website/App,Online Wallet,,9914.23,Restaurant 001,Casual Dining,1,North-1,Male,Takeaway,,
2039,46044,2,2025-01-25,13:44:00,Completed,Website/App,Online Wallet,,15059.97,Restaurant 002,Casual Dining,2,South-2,Male,Third-party Delivery,,
2041,1032,2,2025-03-02,20:29:00,Completed,Takeaway,Card,,15109.7,Restaurant 002,Casual Dining,2,South-2,Other,Website/App,,
2042,40101,9,2025-02-28,12:25:00,Completed,Third-party Delivery,Cash,,4441.68,Restaurant 009,Cafe,9,Defence-9,Male,Takeaway,,
2043,44063,20,2025-05-08,16:20:00,Completed,Third-party Delivery,Card,86,7655.83,Restaurant 020,Fast Food,20,Korangi-20,Male,Takeaway,Promotion 086,Seasonal
2044,28522,17,2025-02-18,19:39:00,Completed,Takeaway,Card,14,13637.17,Restaurant 017,Casual Dining,17,Clifton-17,Male,Third-party Delivery,Promotion 014,Seasonal
2045,10763,9,2025-10-30,20:55:00,Completed,Third-party Delivery,Online Wallet,,4090.74,Restaurant 009,Cafe,9,Defence-9,Other,Dine-in,,
2047,29550,15,2025-05-01,21:10:00,Completed,Third-party Delivery,Card,,12741.88,Restaurant 015,Fast Food,15,Central-15,Other,Third-party Delivery,,
2048,19990,10,2025-08-02,16:12:00,Completed,Dine-in,Online Wallet,,6211.51,Restaurant 010,Family Restaurant,10,Korangi-10,Male,Website/App,,
2050,10808,1,2025-12-01,18:00:00,Completed,Third-party Delivery,Card,,11331.02,Restaurant 001,Casual Dining,1,North-1,Male,Takeaway,,
2051,47504,12,2025-07-30,20:33:00,Completed,Website/App,Card,,15969.15,Restaurant 012,Fast Food,12,South-12,Other,Dine-in,,
2053,15394,4,2025-08-10,19:24:00,Completed,Third-party Delivery,Card,,6420.28,Restaurant 004,Cafe,4,West-4,Female,Website/App,,
2054,42165,13,2025-10-16,12:40:00,Completed,Takeaway,Online Wallet,,9232.58,Restaurant 013,Cafe,13,East-13,Male,Takeaway,,
2056,42155,20,2025-10-31,14:42:00,Completed,Website/App,Cash,,3680.92,Restaurant 020,Fast Food,20,Korangi-20,Male,Dine-in,,
2058,13493,15,2025-11-30,20:10:00,Completed,Dine-in,Card,,18593.32,Restaurant 015,Fast Food,15,Central-15,Male,Third-party Delivery,,
2059,34431,18,2025-02-08,19:52:00,Completed,Website/App,Cash,,8526.86,Restaurant 018,Fast Food,18,Gulshan-18,Other,Third-party Delivery,,
2063,6368,18,2025-07-26,13:00:00,Completed,Dine-in,Card,,8439.86,Restaurant 018,Fast Food,18,Gulshan-18,Female,Website/App,,
2064,18032,3,2025-08-26,21:24:00,Completed,Third-party Delivery,Cash,,10776.35,Restaurant 003,Fast Food,3,East-3,Male,Third-party Delivery,,
2065,36256,10,2025-11-03,14:05:00,Completed,Takeaway,Cash,,6123.54,Restaurant 010,Family Restaurant,10,Korangi-10,Female,Website/App,,
2066,14199,11,2025-11-20,13:22:00,Completed,Dine-in,Card,82,10061.75,Restaurant 011,Cafe,11,North-11,Other,Dine-in,Promotion 082,Percentage Discount
2067,18187,3,2025-03-21,12:12:00,Completed,Third-party Delivery,Cash,,12893.06,Restaurant 003,Fast Food,3,East-3,Female,Takeaway,,
2068,8137,12,2025-01-07,20:14:00,Completed,Website/App,Online Wallet,,17825.37,Restaurant 012,Fast Food,12,South-12,Male,Website/App,,
2070,24509,11,2025-05-30,20:11:00,Completed,Dine-in,Cash,,17095.54,Restaurant 011,Cafe,11,North-11,Male,Takeaway,,
2071,8948,9,2025-03-22,22:40:00,Completed,Website/App,Cash,,3086.16,Restaurant 009,Cafe,9,Defence-9,Female,Website/App,,
2073,41157,19,2025-11-30,12:30:00,Completed,Takeaway,Card,,4238.14,Restaurant 019,Fast Food,19,Defence-19,Other,Dine-in,,
2074,22322,10,2025-04-11,20:43:00,Completed,Takeaway,Card,,9007.09,Restaurant 010,Family Restaurant,10,Korangi-10,Female,Website/App,,
2076,41710,5,2025-07-12,21:10:00,Completed,Third-party Delivery,Card,,14361.74,Restaurant 005,Casual Dining,5,Central-5,Female,Website/App,,
2077,45175,3,2025-04-14,12:40:00,Completed,Website/App,Online Wallet,,11162.79,Restaurant 003,Fast Food,3,East-3,Male,Third-party Delivery,,
2078,49832,4,2025-04-14,20:47:00,Completed,Website/App,Card,73,12845.85,Restaurant 004,Cafe,4,West-4,Other,Takeaway,Promotion 073,Percentage Discount
2079,16192,17,2025-01-21,21:17:00,Completed,Dine-in,Cash,,10095.35,Restaurant 017,Casual Dining,17,Clifton-17,Other,Takeaway,,
2080,45259,19,2025-03-29,20:45:00,Completed,Website/App,Card,,5167.65,Restaurant 019,Fast Food,19,Defence-19,Other,Takeaway,,
2081,37245,17,2025-09-15,12:08:00,Completed,Website/App,Card,,11541.35,Restaurant 017,Casual Dining,17,Clifton-17,Male,Dine-in,,
2082,28110,5,2025-01-28,21:50:00,Completed,Takeaway,Card,,14434.58,Restaurant 005,Casual Dining,5,Central-5,Female,Takeaway,,
2083,13882,5,2025-02-08,12:19:00,Completed,Third-party Delivery,Cash,,25187.94,Restaurant 005,Casual Dining,5,Central-5,Female,Third-party Delivery,,
2084,25802,2,2025-06-17,17:35:00,Completed,Dine-in,Online Wallet,,13838.28,Restaurant 002,Casual Dining,2,South-2,Male,Third-party Delivery,,
2086,39347,19,2025-12-20,17:28:00,Completed,Dine-in,Online Wallet,,3221.32,Restaurant 019,Fast Food,19,Defence-19,Male,Dine-in,,
2088,5099,10,2025-09-30,16:18:00,Completed,Website/App,Cash,,5398.32,Restaurant 010,Family Restaurant,10,Korangi-10,Male,Takeaway,,
2089,46631,9,2025-07-24,12:10:00,Completed,Takeaway,Online Wallet,,6411.51,Restaurant 009,Cafe,9,Defence-9,Female,Third-party Delivery,,
2090,29116,13,2025-08-29,17:42:00,Completed,Website/App,Cash,,7982.13,Restaurant 013,Cafe,13,East-13,Female,Takeaway,,
2091,45761,7,2025-12-21,13:00:00,Completed,Takeaway,Cash,,14728.69,Restaurant 007,Casual Dining,7,Clifton-7,Other,Dine-in,,
2093,23449,17,2025-07-12,14:54:00,Completed,Dine-in,Cash,,12371.29,Restaurant 017,Casual Dining,17,Clifton-17,Other,Dine-in,,
2095,47839,10,2025-07-22,11:42:00,Completed,Takeaway,Card,,5862.3,Restaurant 010,Family Restaurant,10,Korangi-10,Other,Website/App,,
2096,24312,6,2025-02-17,18:48:00,Completed,Third-party Delivery,Online Wallet,100,16990.6,Restaurant 006,Fast Food,6,Garden-6,Male,Website/App,Promotion 100,Percentage Discount
2097,25278,4,2025-11-15,18:47:00,Completed,Takeaway,Online Wallet,,9156.43,Restaurant 004,Cafe,4,West-4,Other,Dine-in,,
2099,970,13,2025-02-17,21:36:00,Completed,Third-party Delivery,Cash,,8548.43,Restaurant 013,Cafe,13,East-13,Other,Takeaway,,
2100,1771,1,2025-01-21,12:45:00,Completed,Website/App,Online Wallet,32,13231.98,Restaurant 001,Casual Dining,1,North-1,Other,Dine-in,Promotion 032,Percentage Discount
2101,42717,2,2025-08-16,19:02:00,Completed,Dine-in,Card,,16346.77,Restaurant 002,Casual Dining,2,South-2,Male,Dine-in,,
2102,23049,19,2025-11-07,18:04:00,Completed,Takeaway,Cash,,3646.46,Restaurant 019,Fast Food,19,Defence-19,Male,Takeaway,,
2103,37264,5,2025-11-22,13:03:00,Completed,Dine-in,Online Wallet,,16193.26,Restaurant 005,Casual Dining,5,Central-5,Other,Third-party Delivery,,
2104,48036,13,2025-11-29,13:07:00,Completed,Takeaway,Online Wallet,,10301.63,Restaurant 013,Cafe,13,East-13,Female,Dine-in,,
2105,46983,17,2025-11-23,12:37:00,Completed,Website/App,Card,,9749.22,Restaurant 017,Casual Dining,17,Clifton-17,Male,Website/App,,
2106,23717,11,2025-07-30,18:16:00,Completed,Takeaway,Online Wallet,,10793.08,Restaurant 011,Cafe,11,North-11,Female,Third-party Delivery,,
2108,31658,18,2025-06-20,21:55:00,Completed,Website/App,Online Wallet,,5694.16,Restaurant 018,Fast Food,18,Gulshan-18,Other,Takeaway,,
2109,7875,14,2025-12-25,22:03:00,Completed,Dine-in,Card,,7359.36,Restaurant 014,Cafe,14,West-14,Female,Dine-in,,
2112,34530,13,2025-06-19,14:10:00,Completed,Website/App,Cash,,13487.06,Restaurant 013,Cafe,13,East-13,Male,Third-party Delivery,,
2113,1578,3,2025-12-23,11:55:00,Completed,Website/App,Cash,,8618.13,Restaurant 003,Fast Food,3,East-3,Male,Third-party Delivery,,
2115,38327,19,2025-04-16,22:10:00,Completed,Third-party Delivery,Cash,,3715.14,Restaurant 019,Fast Food,19,Defence-19,Female,Takeaway,,
2116,188,8,2025-12-14,19:07:00,Completed,Takeaway,Online Wallet,,9669.46,Restaurant 008,Family Restaurant,8,Gulshan-8,Male,Takeaway,,
2117,1126,16,2025-02-01,18:07:00,Completed,Third-party Delivery,Card,,13634.21,Restaurant 016,Cafe,16,Garden-16,Male,Dine-in,,
2118,40563,14,2025-12-06,14:26:00,Completed,Takeaway,Cash,,6913.36,Restaurant 014,Cafe,14,West-14,Other,Website/App,,
2119,31306,19,2025-07-19,17:14:00,Completed,Dine-in,Card,,3354.02,Restaurant 019,Fast Food,19,Defence-19,Other,Takeaway,,
2120,6181,12,2025-01-23,12:45:00,Completed,Dine-in,Cash,,15597.46,Restaurant 012,Fast Food,12,South-12,Other,Dine-in,,
2121,29494,18,2025-06-21,13:32:00,Completed,Website/App,Online Wallet,,5905.7,Restaurant 018,Fast Food,18,Gulshan-18,Female,Third-party Delivery,,
2122,574,14,2025-02-09,10:59:00,Completed,Takeaway,Online Wallet,,6930.29,Restaurant 014,Cafe,14,West-14,Other,Third-party Delivery,,
2123,4349,19,2025-11-01,14:12:00,Completed,Website/App,Card,,5078.89,Restaurant 019,Fast Food,19,Defence-19,Female,Third-party Delivery,,
2124,5752,4,2025-06-27,20:59:00,Completed,Takeaway,Online Wallet,,8953.11,Restaurant 004,Cafe,4,West-4,Female,Third-party Delivery,,
2125,18709,1,2025-03-04,14:12:00,Completed,Third-party Delivery,Online Wallet,,9681.3,Restaurant 001,Casual Dining,1,North-1,Other,Dine-in,,
2126,19576,5,2025-11-25,20:53:00,Completed,Website/App,Card,,11873.26,Restaurant 005,Casual Dining,5,Central-5,Other,Third-party Delivery,,
2127,21325,11,2025-05-28,14:02:00,Completed,Third-party Delivery,Card,,11728.98,Restaurant 011,Cafe,11,North-11,Female,Third-party Delivery,,
2128,33308,11,2025-10-07,21:36:00,Completed,Takeaway,Cash,,12691.05,Restaurant 011,Cafe,11,North-11,Other,Dine-in,,
2129,44187,20,2025-01-05,11:59:00,Completed,Website/App,Card,58,4217.56,Restaurant 020,Fast Food,20,Korangi-20,Other,Takeaway,Promotion 058,Percentage Discount
2130,36451,13,2025-11-27,14:48:00,Completed,Dine-in,Cash,,11461.87,Restaurant 013,Cafe,13,East-13,Female,Third-party Delivery,,
2132,12969,11,2025-12-23,19:11:00,Completed,Dine-in,Cash,,9095.09,Restaurant 011,Cafe,11,North-11,Female,Website/App,,
2133,14734,7,2025-10-14,19:52:00,Completed,Website/App,Cash,12,10165.69,Restaurant 007,Casual Dining,7,Clifton-7,Female,Dine-in,Promotion 012,Percentage Discount
2134,27741,4,2025-09-25,19:07:00,Completed,Dine-in,Card,,9919.68,Restaurant 004,Cafe,4,West-4,Other,Third-party Delivery,,
2135,22234,18,2025-05-25,18:17:00,Completed,Third-party Delivery,Card,97,6418.98,Restaurant 018,Fast Food,18,Gulshan-18,Male,Dine-in,Promotion 097,Seasonal
2136,22197,13,2025-08-08,12:34:00,Completed,Dine-in,Card,,9362.92,Restaurant 013,Cafe,13,East-13,Male,Takeaway,,
2137,21312,14,2025-04-18,18:58:00,Completed,Third-party Delivery,Online Wallet,85,8238.38,Restaurant 014,Cafe,14,West-14,Male,Takeaway,Promotion 085,Bundle
2138,7660,1,2025-01-21,22:28:00,Completed,Third-party Delivery,Online Wallet,,10642.45,Restaurant 001,Casual Dining,1,North-1,Other,Third-party Delivery,,
2139,15495,19,2025-07-18,19:17:00,Completed,Third-party Delivery,Card,,4438.7,Restaurant 019,Fast Food,19,Defence-19,Male,Dine-in,,
2140,6704,17,2025-10-17,20:00:00,Completed,Website/App,Card,,10179.25,Restaurant 017,Casual Dining,17,Clifton-17,Other,Dine-in,,
2142,22848,9,2025-02-22,20:25:00,Completed,Website/App,Card,,4262.85,Restaurant 009,Cafe,9,Defence-9,Other,Third-party Delivery,,
2143,24630,20,2025-08-26,20:10:00,Completed,Third-party Delivery,Cash,,4211.46,Restaurant 020,Fast Food,20,Korangi-20,Other,Website/App,,
2144,27252,1,2025-03-31,18:05:00,Completed,Website/App,Online Wallet,61,13087.55,Restaurant 001,Casual Dining,1,North-1,Female,Dine-in,Promotion 061,Bundle
2145,4305,17,2025-03-31,18:40:00,Completed,Third-party Delivery,Card,,10723.73,Restaurant 017,Casual Dining,17,Clifton-17,Male,Takeaway,,
2147,43276,11,2025-02-21,12:42:00,Completed,Dine-in,Online Wallet,,9842.16,Restaurant 011,Cafe,11,North-11,Male,Dine-in,,
2150,1329,3,2025-10-15,21:46:00,Completed,Website/App,Online Wallet,,12439.88,Restaurant 003,Fast Food,3,East-3,Male,Takeaway,,
2151,47863,19,2025-02-12,21:44:00,Completed,Takeaway,Card,,3442.55,Restaurant 019,Fast Food,19,Defence-19,Female,Takeaway,,
2152,29632,2,2025-03-01,18:42:00,Completed,Third-party Delivery,Online Wallet,,16233.66,Restaurant 002,Casual Dining,2,South-2,Female,Takeaway,,
2153,590,11,2025-04-21,12:21:00,Completed,Dine-in,Card,99,11372.42,Restaurant 011,Cafe,11,North-11,Male,Website/App,Promotion 099,Percentage Discount
2155,48109,19,2025-08-30,12:13:00,Completed,Takeaway,Card,,3649.62,Restaurant 019,Fast Food,19,Defence-19,Female,Website/App,,
2156,37645,12,2025-10-29,12:13:00,Completed,Dine-in,Cash,,23139.26,Restaurant 012,Fast Food,12,South-12,Female,Takeaway,,
2157,42458,2,2025-10-29,11:23:00,Completed,Takeaway,Card,,16365.11,Restaurant 002,Casual Dining,2,South-2,Male,Takeaway,,
2159,3964,9,2025-08-22,13:18:00,Completed,Website/App,Card,,3711.76,Restaurant 009,Cafe,9,Defence-9,Female,Website/App,,
2160,39835,18,2025-07-06,10:08:00,Completed,Third-party Delivery,Cash,,9249.79,Restaurant 018,Fast Food,18,Gulshan-18,Male,Dine-in,,
2161,23171,7,2025-08-20,19:47:00,Completed,Takeaway,Card,,12452.19,Restaurant 007,Casual Dining,7,Clifton-7,Male,Dine-in,,
2162,24226,16,2025-04-01,12:53:00,Completed,Takeaway,Card,,11985.27,Restaurant 016,Cafe,16,Garden-16,Female,Dine-in,,
2163,27634,17,2025-02-06,18:37:00,Completed,Takeaway,Card,,11366.39,Restaurant 017,Casual Dining,17,Clifton-17,Male,Third-party Delivery,,
2164,45491,12,2025-01-27,14:44:00,Completed,Third-party Delivery,Online Wallet,,26921.81,Restaurant 012,Fast Food,12,South-12,Other,Takeaway,,
2165,22765,20,2025-07-23,18:09:00,Completed,Dine-in,Card,,5092.25,Restaurant 020,Fast Food,20,Korangi-20,Female,Takeaway,,
2166,6411,13,2025-05-05,20:18:00,Completed,Website/App,Cash,,7208.84,Restaurant 013,Cafe,13,East-13,Other,Third-party Delivery,,
2168,4414,9,2025-03-11,14:42:00,Completed,Third-party Delivery,Cash,,4062.69,Restaurant 009,Cafe,9,Defence-9,Female,Takeaway,,
2169,1078,3,2025-01-24,12:46:00,Completed,Dine-in,Online Wallet,,10572.03,Restaurant 003,Fast Food,3,East-3,Other,Website/App,,
2170,24346,20,2025-04-09,14:19:00,Completed,Dine-in,Online Wallet,45,6566.86,Restaurant 020,Fast Food,20,Korangi-20,Other,Dine-in,Promotion 045,Bundle
2171,36000,5,2025-03-23,11:37:00,Completed,Third-party Delivery,Card,,16749.91,Restaurant 005,Casual Dining,5,Central-5,Male,Website/App,,
2172,47520,17,2025-12-06,13:13:00,Completed,Takeaway,Online Wallet,,12208.92,Restaurant 017,Casual Dining,17,Clifton-17,Female,Dine-in,,
2173,23958,11,2025-06-20,22:08:00,Completed,Website/App,Card,,12351.75,Restaurant 011,Cafe,11,North-11,Other,Takeaway,,
2174,45088,20,2025-01-23,21:26:00,Completed,Third-party Delivery,Card,,4506.61,Restaurant 020,Fast Food,20,Korangi-20,Other,Third-party Delivery,,
2175,557,6,2025-12-05,13:35:00,Completed,Website/App,Cash,,17173.38,Restaurant 006,Fast Food,6,Garden-6,Female,Takeaway,,
2176,36594,7,2025-05-26,21:26:00,Completed,Dine-in,Card,16,10791.05,Restaurant 007,Casual Dining,7,Clifton-7,Other,Third-party Delivery,Promotion 016,Percentage Discount
2177,47592,4,2025-04-16,22:36:00,Completed,Takeaway,Cash,,6151.93,Restaurant 004,Cafe,4,West-4,Female,Third-party Delivery,,
2179,42566,20,2025-03-22,14:42:00,Completed,Dine-in,Cash,,4747.32,Restaurant 020,Fast Food,20,Korangi-20,Male,Website/App,,
2181,4046,6,2025-08-03,22:59:00,Completed,Third-party Delivery,Card,,15520.48,Restaurant 006,Fast Food,6,Garden-6,Female,Third-party Delivery,,
2182,21173,16,2025-07-17,22:05:00,Completed,Website/App,Cash,,11734.14,Restaurant 016,Cafe,16,Garden-16,Male,Website/App,,
2183,21359,5,2025-05-06,20:40:00,Completed,Third-party Delivery,Online Wallet,,18709.29,Restaurant 005,Casual Dining,5,Central-5,Female,Third-party Delivery,,
2184,16949,15,2025-12-07,21:16:00,Completed,Website/App,Card,,14866.76,Restaurant 015,Fast Food,15,Central-15,Male,Website/App,,
2185,13918,11,2025-11-04,13:49:00,Completed,Website/App,,82,13474.43,Restaurant 011,Cafe,11,North-11,Other,Website/App,Promotion 082,Percentage Discount
2186,33962,16,2025-04-08,12:42:00,Completed,Third-party Delivery,Online Wallet,,15027.5,Restaurant 016,Cafe,16,Garden-16,Male,Takeaway,,
2187,36470,19,2025-09-15,21:44:00,Completed,Dine-in,Online Wallet,,3448.86,Restaurant 019,Fast Food,19,Defence-19,Other,Dine-in,,
2188,11128,15,2025-03-21,13:00:00,Completed,Website/App,Cash,,14808.85,Restaurant 015,Fast Food,15,Central-15,Other,Website/App,,
2189,6367,19,2025-07-05,18:03:00,Completed,Website/App,Card,,4307.4,Restaurant 019,Fast Food,19,Defence-19,Other,Third-party Delivery,,
2190,23193,2,2025-02-06,14:32:00,Completed,Takeaway,Cash,,13161.55,Restaurant 002,Casual Dining,2,South-2,Other,Website/App,,
2192,23988,14,2025-04-04,22:09:00,Completed,Website/App,Card,,10778.49,Restaurant 014,Cafe,14,West-14,Female,Third-party Delivery,,
2193,47952,3,2025-04-19,21:46:00,Completed,Website/App,Card,,12188.66,Restaurant 003,Fast Food,3,East-3,Other,Dine-in,,
2194,23834,7,2025-12-01,14:04:00,Completed,Dine-in,Card,77,11401.7,Restaurant 007,Casual Dining,7,Clifton-7,Female,Website/App,Promotion 077,Bundle
2196,2890,12,2025-09-07,14:57:00,Completed,Dine-in,Card,,29818.89,Restaurant 012,Fast Food,12,South-12,Other,Third-party Delivery,,
2197,2296,8,2025-09-22,16:08:00,Completed,Takeaway,Cash,,5931.41,Restaurant 008,Family Restaurant,8,Gulshan-8,Other,Dine-in,,
2198,15828,19,2025-05-14,21:42:00,Completed,Website/App,Online Wallet,,3493.57,Restaurant 019,Fast Food,19,Defence-19,Female,Takeaway,,
2199,34801,5,2025-05-17,18:20:00,Completed,Website/App,Online Wallet,,16378.33,Restaurant 005,Casual Dining,5,Central-5,Male,Third-party Delivery,,
2201,25913,10,2025-01-25,12:42:00,Completed,Dine-in,Cash,,6239.61,Restaurant 010,Family Restaurant,10,Korangi-10,Female,Takeaway,,
2202,28129,6,2025-01-04,19:57:00,Completed,Dine-in,Card,,17731.68,Restaurant 006,Fast Food,6,Garden-6,Male,Website/App,,
2203,9524,17,2025-12-20,22:28:00,Completed,Dine-in,Cash,59,17996.32,Restaurant 017,Casual Dining,17,Clifton-17,Male,Dine-in,Promotion 059,Bundle
2204,32474,5,2025-12-03,18:02:00,Completed,Dine-in,Online Wallet,33,14740.16,Restaurant 005,Casual Dining,5,Central-5,Male,Takeaway,Promotion 033,Seasonal
2205,25294,19,2025-07-10,14:45:00,Completed,Third-party Delivery,Cash,,5163.68,Restaurant 019,Fast Food,19,Defence-19,Female,Takeaway,,
2206,13168,6,2025-05-27,21:08:00,Completed,Takeaway,Card,,14625.91,Restaurant 006,Fast Food,6,Garden-6,Male,Third-party Delivery,,
2207,25372,18,2025-10-21,16:40:00,Completed,Website/App,Card,,9944.94,Restaurant 018,Fast Food,18,Gulshan-18,Female,Website/App,,
2208,300,8,2025-09-01,19:28:00,Completed,Dine-in,Cash,,10647.5,Restaurant 008,Family Restaurant,8,Gulshan-8,Male,Dine-in,,
2209,48650,17,2025-04-17,21:28:00,Completed,Third-party Delivery,Online Wallet,,10633.67,Restaurant 017,Casual Dining,17,Clifton-17,Other,Website/App,,
2210,45462,5,2025-07-19,17:28:00,Completed,Website/App,Card,,14162.35,Restaurant 005,Casual Dining,5,Central-5,Male,Website/App,,
2211,15178,11,2025-06-15,12:41:00,Completed,Dine-in,Online Wallet,,10493.0,Restaurant 011,Cafe,11,North-11,Female,Website/App,,
2212,5562,16,2025-03-24,12:37:00,Completed,Takeaway,Online Wallet,,16501.87,Restaurant 016,Cafe,16,Garden-16,Female,Website/App,,
2213,28195,18,2025-08-31,21:20:00,Completed,Dine-in,Card,66,8253.92,Restaurant 018,Fast Food,18,Gulshan-18,Male,Third-party Delivery,Promotion 066,Bundle
2214,5264,16,2025-12-10,14:50:00,Completed,Website/App,Online Wallet,,10090.43,Restaurant 016,Cafe,16,Garden-16,Other,Third-party Delivery,,
2215,38780,2,2025-04-21,12:08:00,Completed,Third-party Delivery,Cash,,12887.64,Restaurant 002,Casual Dining,2,South-2,Male,Website/App,,
2216,44302,3,2025-10-04,13:36:00,Completed,Third-party Delivery,Card,,12265.31,Restaurant 003,Fast Food,3,East-3,Male,Dine-in,,
2217,29831,4,2025-05-16,15:36:00,Completed,Third-party Delivery,Card,,5938.61,Restaurant 004,Cafe,4,West-4,Female,Dine-in,,
2219,13016,10,2025-08-17,20:03:00,Completed,Website/App,Online Wallet,,7510.54,Restaurant 010,Family Restaurant,10,Korangi-10,Female,Dine-in,,
2220,474,12,2025-05-09,17:11:00,Completed,Third-party Delivery,Cash,,35554.52,Restaurant 012,Fast Food,12,South-12,Female,Takeaway,,
2221,5525,5,2025-12-23,19:32:00,Completed,Website/App,Online Wallet,,12634.19,Restaurant 005,Casual Dining,5,Central-5,Female,Takeaway,,
2222,44463,12,2025-01-31,14:41:00,Completed,Website/App,Online Wallet,,20785.26,Restaurant 012,Fast Food,12,South-12,Female,Dine-in,,
2223,46023,19,2025-12-23,12:44:00,Completed,Takeaway,Cash,,3855.27,Restaurant 019,Fast Food,19,Defence-19,Other,Dine-in,,
2224,25478,9,2025-10-26,18:30:00,Completed,Third-party Delivery,Cash,,4892.46,Restaurant 009,Cafe,9,Defence-9,Male,Dine-in,,
2225,11550,10,2025-11-13,22:14:00,Completed,Third-party Delivery,Online Wallet,,5751.48,Restaurant 010,Family Restaurant,10,Korangi-10,Male,Website/App,,
2226,29397,18,2025-08-15,14:39:00,Completed,Third-party Delivery,Card,,6247.76,Restaurant 018,Fast Food,18,Gulshan-18,Female,Takeaway,,
2227,8781,10,2025-04-03,20:14:00,Completed,Third-party Delivery,Card,,7796.92,Restaurant 010,Family Restaurant,10,Korangi-10,Male,Website/App,,
2228,5819,14,2025-12-15,13:25:00,Completed,Third-party Delivery,Cash,,6076.76,Restaurant 014,Cafe,14,West-14,Other,Third-party Delivery,,
2229,21259,12,2025-09-15,16:26:00,Completed,Third-party Delivery,Card,,26038.84,Restaurant 012,Fast Food,12,South-12,Female,Third-party Delivery,,
2230,6042,4,2025-08-10,21:42:00,Completed,Dine-in,Card,,9287.12,Restaurant 004,Cafe,4,West-4,Male,Third-party Delivery,,
2232,37328,16,2025-04-24,12:35:00,Completed,Third-party Delivery,Online Wallet,,15703.06,Restaurant 016,Cafe,16,Garden-16,Other,Website/App,,
2233,10305,14,2025-02-23,13:19:00,Completed,Dine-in,Cash,,6620.16,Restaurant 014,Cafe,14,West-14,Other,Website/App,,
2234,29455,10,2025-11-28,21:39:00,Completed,Takeaway,Online Wallet,,9425.56,Restaurant 010,Family Restaurant,10,Korangi-10,Female,Website/App,,
2235,44035,9,2025-11-10,19:36:00,Completed,Website/App,Online Wallet,,5197.4,Restaurant 009,Cafe,9,Defence-9,Female,Website/App,,
2236,4202,11,2025-10-28,21:53:00,Completed,Third-party Delivery,Cash,,13498.09,Restaurant 011,Cafe,11,North-11,Male,Dine-in,,
2237,42560,13,2025-05-04,21:53:00,Completed,Third-party Delivery,Cash,,11621.98,Restaurant 013,Cafe,13,East-13,Male,Dine-in,,
2238,26150,3,2025-11-21,22:45:00,Completed,Takeaway,Card,64,11034.95,Restaurant 003,Fast Food,3,East-3,Other,Website/App,Promotion 064,Percentage Discount
2239,366,16,2025-04-09,16:15:00,Completed,Dine-in,Cash,,13644.17,Restaurant 016,Cafe,16,Garden-16,Female,Takeaway,,
2240,28109,1,2025-01-12,18:09:00,Completed,Website/App,Online Wallet,,11316.94,Restaurant 001,Casual Dining,1,North-1,Female,Dine-in,,
2241,44266,18,2025-08-05,13:57:00,Completed,Website/App,Card,78,7519.75,Restaurant 018,Fast Food,18,Gulshan-18,Male,Website/App,Promotion 078,Percentage Discount
2242,43849,5,2025-01-04,18:07:00,Completed,Takeaway,Card,,17881.88,Restaurant 005,Casual Dining,5,Central-5,Female,Website/App,,
2243,10996,3,2025-02-09,15:39:00,Completed,Dine-in,Cash,,11513.11,Restaurant 003,Fast Food,3,East-3,Other,Website/App,,
2244,35797,17,2025-06-17,21:21:00,Completed,Website/App,Card,,10459.18,Restaurant 017,Casual Dining,17,Clifton-17,Male,Dine-in,,
2246,44846,8,2025-03-29,13:34:00,Completed,Website/App,Cash,,6766.57,Restaurant 008,Family Restaurant,8,Gulshan-8,Other,Website/App,,
2248,30909,1,2025-02-26,13:21:00,Completed,Dine-in,Card,,12320.89,Restaurant 001,Casual Dining,1,North-1,Male,Dine-in,,
2250,39897,3,2025-06-17,20:44:00,Completed,Third-party Delivery,Online Wallet,,8461.98,Restaurant 003,Fast Food,3,East-3,Male,Dine-in,,
2252,42838,20,2025-04-03,20:34:00,Completed,Dine-in,Card,,4537.63,Restaurant 020,Fast Food,20,Korangi-20,Female,Website/App,,
2253,4253,14,2025-03-03,14:04:00,Completed,Takeaway,Cash,,12453.45,Restaurant 014,Cafe,14,West-14,Female,Dine-in,,
2255,39100,17,2025-01-10,14:23:00,Completed,Website/App,Online Wallet,14,9743.93,Restaurant 017,Casual Dining,17,Clifton-17,Male,Takeaway,Promotion 014,Seasonal
2256,15981,1,2025-10-13,15:41:00,Completed,Third-party Delivery,Card,,10903.78,Restaurant 001,Casual Dining,1,North-1,Female,Third-party Delivery,,
2257,17012,18,2025-05-25,18:38:00,Completed,Website/App,Card,,9887.44,Restaurant 018,Fast Food,18,Gulshan-18,Male,Third-party Delivery,,
2258,39969,9,2025-04-02,13:36:00,Completed,Website/App,Card,,3216.56,Restaurant 009,Cafe,9,Defence-9,Male,Takeaway,,
2259,27059,1,2025-12-29,14:39:00,Completed,Dine-in,Online Wallet,,10081.87,Restaurant 001,Casual Dining,1,North-1,Male,Third-party Delivery,,
2260,49375,18,2025-11-20,14:40:00,Completed,Website/App,Online Wallet,,7873.73,Restaurant 018,Fast Food,18,Gulshan-18,Female,Website/App,,
2261,3478,10,2025-11-25,20:26:00,Completed,Website/App,Card,20,3946.98,Restaurant 010,Family Restaurant,10,Korangi-10,Male,Website/App,Promotion 020,Seasonal
2262,17554,7,2025-11-22,19:31:00,Completed,Website/App,Online Wallet,,11366.81,Restaurant 007,Casual Dining,7,Clifton-7,Male,Dine-in,,
2263,47091,11,2025-03-16,20:30:00,Completed,Dine-in,Cash,13,12509.83,Restaurant 011,Cafe,11,North-11,Male,Takeaway,Promotion 013,Percentage Discount
2264,3251,14,2025-09-29,14:03:00,Completed,Third-party Delivery,Cash,,5815.59,Restaurant 014,Cafe,14,West-14,Other,Takeaway,,
2265,29843,9,2025-07-25,18:05:00,Completed,Website/App,Card,,4941.12,Restaurant 009,Cafe,9,Defence-9,Male,Website/App,,
2266,46430,18,2025-01-25,16:36:00,Completed,Website/App,Card,,6520.6,Restaurant 018,Fast Food,18,Gulshan-18,Male,Dine-in,,
2267,20534,17,2025-01-27,21:06:00,Completed,Dine-in,Cash,14,11046.71,Restaurant 017,Casual Dining,17,Clifton-17,Female,Website/App,Promotion 014,Seasonal
2268,36418,4,2025-08-18,10:17:00,Completed,Takeaway,Card,,6798.9,Restaurant 004,Cafe,4,West-4,Other,Website/App,,
2269,43736,13,2025-02-27,21:15:00,Completed,Dine-in,Cash,21,8507.62,Restaurant 013,Cafe,13,East-13,Other,Website/App,Promotion 021,Seasonal
2270,5457,17,2025-07-24,19:37:00,Completed,Website/App,Cash,,10913.52,Restaurant 017,Casual Dining,17,Clifton-17,Other,Takeaway,,
2271,5316,4,2025-08-30,14:50:00,Completed,Dine-in,Card,,6778.81,Restaurant 004,Cafe,4,West-4,Other,Third-party Delivery,,
2273,20697,10,2025-11-23,18:41:00,Completed,Takeaway,Online Wallet,,6090.29,Restaurant 010,Family Restaurant,10,Korangi-10,Other,Website/App,,
2277,27604,17,2025-12-23,12:03:00,Completed,Third-party Delivery,Online Wallet,59,8776.39,Restaurant 017,Casual Dining,17,Clifton-17,Male,Third-party Delivery,Promotion 059,Bundle
2280,21890,3,2025-04-27,10:54:00,Completed,Dine-in,Online Wallet,,10588.06,Restaurant 003,Fast Food,3,East-3,Other,Takeaway,,
2282,30509,3,2025-06-10,21:00:00,Completed,Takeaway,Online Wallet,,10715.25,Restaurant 003,Fast Food,3,East-3,Male,Third-party Delivery,,
2283,37924,14,2025-03-29,12:48:00,Completed,Third-party Delivery,Card,,6390.81,Restaurant 014,Cafe,14,West-14,Other,Takeaway,,
2284,40056,12,2025-02-05,21:02:00,Completed,Takeaway,Online Wallet,,19606.4,Restaurant 012,Fast Food,12,South-12,Other,Website/App,,
2285,6118,5,2025-09-13,21:39:00,Completed,Takeaway,Card,,12296.48,Restaurant 005,Casual Dining,5,Central-5,Male,Website/App,,
2287,37598,2,2025-02-02,12:21:00,Completed,Website/App,Card,36,19502.29,Restaurant 002,Casual Dining,2,South-2,Female,Dine-in,Promotion 036,Bundle
2288,28587,12,2025-02-12,15:53:00,Completed,Third-party Delivery,Online Wallet,,19940.19,Restaurant 012,Fast Food,12,South-12,Female,Takeaway,,
2289,48639,5,2025-10-24,10:35:00,Completed,Website/App,Cash,118,15759.17,Restaurant 005,Casual Dining,5,Central-5,Female,Third-party Delivery,Promotion 118,Percentage Discount
2290,27134,18,2025-11-14,18:38:00,Completed,Takeaway,Cash,,8294.22,Restaurant 018,Fast Food,18,Gulshan-18,Male,Website/App,,
2291,25287,2,2025-12-14,19:29:00,Completed,Website/App,Cash,,15704.22,Restaurant 002,Casual Dining,2,South-2,Other,Dine-in,,
2292,43151,9,2025-06-16,21:18:00,Completed,Takeaway,Online Wallet,,3653.31,Restaurant 009,Cafe,9,Defence-9,Male,Takeaway,,
2293,26399,5,2025-03-23,12:03:00,Completed,Website/App,Online Wallet,,19251.2,Restaurant 005,Casual Dining,5,Central-5,Male,Dine-in,,
2295,46014,8,2025-12-14,15:00:00,Completed,Takeaway,Card,,6582.63,Restaurant 008,Family Restaurant,8,Gulshan-8,Female,Website/App,,
2296,26749,3,2025-02-06,21:28:00,Completed,Website/App,Cash,18,13621.27,Restaurant 003,Fast Food,3,East-3,Male,Website/App,Promotion 018,Seasonal
2297,48675,2,2025-09-12,19:43:00,Completed,Website/App,Online Wallet,4,22972.02,Restaurant 002,Casual Dining,2,South-2,Female,Dine-in,Promotion 004,Seasonal
2299,35223,18,2025-01-12,19:00:00,Completed,Takeaway,Cash,,8686.29,Restaurant 018,Fast Food,18,Gulshan-18,Other,Dine-in,,
2300,16314,15,2025-04-27,17:16:00,Completed,Takeaway,Card,,12554.72,Restaurant 015,Fast Food,15,Central-15,Other,Dine-in,,
2301,37839,9,2025-11-05,19:37:00,Completed,Website/App,Cash,,3830.58,Restaurant 009,Cafe,9,Defence-9,Other,Dine-in,,
2302,30593,2,2025-12-20,19:07:00,Completed,Takeaway,Online Wallet,,13191.07,Restaurant 002,Casual Dining,2,South-2,Male,Takeaway,,
2303,11632,15,2025-08-11,12:26:00,Completed,Third-party Delivery,Card,,14634.16,Restaurant 015,Fast Food,15,Central-15,Male,Third-party Delivery,,
2305,3770,18,2025-03-11,11:55:00,Completed,Dine-in,Online Wallet,,7792.36,Restaurant 018,Fast Food,18,Gulshan-18,Male,Website/App,,
2306,32838,17,2025-09-14,15:45:00,Completed,Takeaway,Cash,,11790.08,Restaurant 017,Casual Dining,17,Clifton-17,Female,Third-party Delivery,,
2307,37663,12,2025-12-28,19:49:00,Completed,Takeaway,Online Wallet,42,19355.94,Restaurant 012,Fast Food,12,South-12,Female,Third-party Delivery,Promotion 042,Bundle
2308,25143,20,2025-10-21,15:04:00,Completed,Website/App,Cash,,4877.11,Restaurant 020,Fast Food,20,Korangi-20,Other,Website/App,,
2310,8190,2,2025-11-19,14:24:00,Completed,Dine-in,Cash,,16586.26,Restaurant 002,Casual Dining,2,South-2,Female,Dine-in,,
2311,34021,5,2025-03-16,17:57:00,Completed,Website/App,Card,,15963.16,Restaurant 005,Casual Dining,5,Central-5,Female,Website/App,,
2313,27689,2,2025-04-14,17:11:00,Completed,Dine-in,Card,,19650.49,Restaurant 002,Casual Dining,2,South-2,Male,Website/App,,
2314,16898,19,2025-01-08,15:33:00,Completed,Website/App,Card,,4150.72,Restaurant 019,Fast Food,19,Defence-19,Other,Takeaway,,
2316,10055,20,2025-02-25,18:07:00,Completed,Dine-in,Online Wallet,,7425.19,Restaurant 020,Fast Food,20,Korangi-20,Male,Third-party Delivery,,
2317,18311,12,2025-02-02,18:47:00,Completed,Third-party Delivery,Cash,,22620.83,Restaurant 012,Fast Food,12,South-12,Other,Dine-in,,
2318,37561,6,2025-10-17,21:13:00,Completed,Dine-in,Cash,,17126.85,Restaurant 006,Fast Food,6,Garden-6,Other,Website/App,,
2319,39646,19,2025-07-02,22:38:00,Completed,Website/App,Card,,3270.74,Restaurant 019,Fast Food,19,Defence-19,Female,Website/App,,
2320,8047,17,2025-03-18,21:28:00,Completed,Takeaway,Cash,,5687.36,Restaurant 017,Casual Dining,17,Clifton-17,Female,Dine-in,,
2321,39141,2,2025-02-23,18:03:00,Completed,Takeaway,Cash,36,16558.33,Restaurant 002,Casual Dining,2,South-2,Female,Third-party Delivery,Promotion 036,Bundle
2322,30075,20,2025-10-18,22:29:00,Completed,Dine-in,Online Wallet,,4215.93,Restaurant 020,Fast Food,20,Korangi-20,Male,Third-party Delivery,,
2323,37335,20,2025-06-08,17:24:00,Completed,Dine-in,Online Wallet,,5551.91,Restaurant 020,Fast Food,20,Korangi-20,Male,Dine-in,,
2324,48922,19,2025-04-02,18:44:00,Completed,Website/App,Online Wallet,,2729.19,Restaurant 019,Fast Food,19,Defence-19,Female,Website/App,,
2325,47624,10,2025-05-17,21:22:00,Completed,Website/App,Cash,,5764.15,Restaurant 010,Family Restaurant,10,Korangi-10,Other,Dine-in,,
2326,11476,11,2025-04-25,21:14:00,Completed,Third-party Delivery,Cash,99,9838.14,Restaurant 011,Cafe,11,North-11,Female,Takeaway,Promotion 099,Percentage Discount
2327,4897,17,2025-04-26,20:38:00,Completed,Takeaway,Online Wallet,104,10040.58,Restaurant 017,Casual Dining,17,Clifton-17,Male,Website/App,Promotion 104,Bundle
2328,16474,19,2025-07-07,22:09:00,Completed,Third-party Delivery,Cash,,3905.94,Restaurant 019,Fast Food,19,Defence-19,Male,Dine-in,,
2330,12139,1,2025-01-24,16:58:00,Completed,Takeaway,Card,,9473.07,Restaurant 001,Casual Dining,1,North-1,Other,Website/App,,
2331,14374,13,2025-12-17,09:36:00,Completed,Dine-in,Cash,,7092.37,Restaurant 013,Cafe,13,East-13,Female,Takeaway,,
2333,48651,14,2025-04-17,21:50:00,Completed,Website/App,Online Wallet,,8931.15,Restaurant 014,Cafe,14,West-14,Female,Dine-in,,
2334,35878,15,2025-03-10,12:05:00,Completed,Website/App,Cash,,21016.73,Restaurant 015,Fast Food,15,Central-15,Male,Takeaway,,
2335,31627,12,2025-09-25,19:20:00,Completed,Website/App,Online Wallet,23,23553.09,Restaurant 012,Fast Food,12,South-12,Male,Dine-in,Promotion 023,Seasonal
2336,12894,9,2025-11-04,12:42:00,Completed,Dine-in,Cash,,3864.3,Restaurant 009,Cafe,9,Defence-9,Other,Takeaway,,
2337,25168,5,2025-02-17,22:33:00,Completed,Website/App,Card,,18529.23,Restaurant 005,Casual Dining,5,Central-5,Female,Takeaway,,
2339,18706,13,2025-12-07,18:08:00,Completed,Third-party Delivery,Online Wallet,,10029.16,Restaurant 013,Cafe,13,East-13,Male,Third-party Delivery,,
2340,33114,16,2025-03-24,09:23:00,Completed,Dine-in,Cash,92,8627.92,Restaurant 016,Cafe,16,Garden-16,Male,Third-party Delivery,Promotion 092,Bundle
2341,25039,5,2025-07-25,12:03:00,Completed,Website/App,Cash,27,11720.45,Restaurant 005,Casual Dining,5,Central-5,Male,Dine-in,Promotion 027,Percentage Discount
2342,22596,17,2025-09-28,14:32:00,Completed,Dine-in,Online Wallet,75,14129.5,Restaurant 017,Casual Dining,17,Clifton-17,Male,Website/App,Promotion 075,Seasonal
2343,2256,11,2025-06-19,18:04:00,Completed,Website/App,Card,,11193.28,Restaurant 011,Cafe,11,North-11,Other,Third-party Delivery,,
2344,29757,9,2025-04-11,17:23:00,Completed,Website/App,Cash,,3598.31,Restaurant 009,Cafe,9,Defence-9,Other,Third-party Delivery,,
2345,3062,9,2025-02-07,19:02:00,Completed,Website/App,Online Wallet,,4237.99,Restaurant 009,Cafe,9,Defence-9,Other,Website/App,,
2346,25139,17,2025-12-28,22:52:00,Completed,Third-party Delivery,Cash,,11566.52,Restaurant 017,Casual Dining,17,Clifton-17,Other,Dine-in,,
2349,17450,6,2025-11-28,17:22:00,Completed,Takeaway,Online Wallet,,18723.54,Restaurant 006,Fast Food,6,Garden-6,Other,Website/App,,
2350,11727,14,2025-07-21,11:57:00,Completed,Takeaway,Card,,5782.21,Restaurant 014,Cafe,14,West-14,Male,Website/App,,
2351,8665,6,2025-02-23,19:24:00,Completed,Third-party Delivery,Card,108,13805.97,Restaurant 006,Fast Food,6,Garden-6,Male,Dine-in,Promotion 108,Percentage Discount
2352,18957,19,2025-10-02,19:30:00,Completed,Website/App,Card,,2999.99,Restaurant 019,Fast Food,19,Defence-19,Other,Third-party Delivery,,
2354,34660,9,2025-01-19,19:04:00,Completed,Takeaway,Online Wallet,,4473.15,Restaurant 009,Cafe,9,Defence-9,Other,Dine-in,,
2355,19752,20,2025-04-11,19:48:00,Completed,Third-party Delivery,Online Wallet,45,6641.49,Restaurant 020,Fast Food,20,Korangi-20,Female,Dine-in,Promotion 045,Bundle
2356,1610,1,2025-11-11,13:01:00,Completed,Takeaway,Card,110,12923.03,Restaurant 001,Casual Dining,1,North-1,Female,Third-party Delivery,Promotion 110,Percentage Discount
2357,46958,2,2025-04-29,18:34:00,Completed,Takeaway,Online Wallet,,15324.68,Restaurant 002,Casual Dining,2,South-2,Female,Third-party Delivery,,
2360,7163,9,2025-04-27,20:26:00,Completed,Website/App,Cash,,5494.2,Restaurant 009,Cafe,9,Defence-9,Male,Website/App,,
2361,43624,7,2025-05-26,18:45:00,Completed,Third-party Delivery,Cash,,13777.78,Restaurant 007,Casual Dining,7,Clifton-7,Other,Takeaway,,
2362,35460,6,2025-03-20,18:16:00,Completed,Website/App,Online Wallet,,13021.0,Restaurant 006,Fast Food,6,Garden-6,Female,Dine-in,,
2363,31290,5,2025-10-24,12:28:00,Completed,Website/App,Cash,118,14150.64,Restaurant 005,Casual Dining,5,Central-5,Male,Takeaway,Promotion 118,Percentage Discount
2365,33812,20,2025-09-29,20:16:00,Completed,Third-party Delivery,Cash,,5091.67,Restaurant 020,Fast Food,20,Korangi-20,Female,Dine-in,,
2366,43836,14,2025-04-19,22:37:00,Completed,Third-party Delivery,Cash,,12064.7,Restaurant 014,Cafe,14,West-14,Male,Website/App,,
2367,28537,4,2025-10-13,14:27:00,Completed,Takeaway,Card,,7578.45,Restaurant 004,Cafe,4,West-4,Female,Dine-in,,
2368,19567,4,2025-08-11,13:29:00,Completed,Third-party Delivery,Cash,,8696.37,Restaurant 004,Cafe,4,West-4,Other,Website/App,,
2369,28962,19,2025-09-15,20:47:00,Completed,Website/App,Online Wallet,,3580.66,Restaurant 019,Fast Food,19,Defence-19,Female,Dine-in,,
2370,31274,1,2025-05-23,16:31:00,Completed,Dine-in,Online Wallet,,13176.54,Restaurant 001,Casual Dining,1,North-1,Other,Third-party Delivery,,
2371,29788,9,2025-03-10,18:21:00,Completed,Takeaway,Online Wallet,,3809.56,Restaurant 009,Cafe,9,Defence-9,Male,Website/App,,
2372,24369,7,2025-01-14,21:04:00,Completed,Takeaway,Online Wallet,,11675.97,Restaurant 007,Casual Dining,7,Clifton-7,Female,Website/App,,
2373,1959,20,2025-10-26,14:13:00,Completed,Dine-in,Online Wallet,,5800.0,Restaurant 020,Fast Food,20,Korangi-20,Female,Website/App,,
2374,3166,20,2025-04-16,12:19:00,Completed,Takeaway,Card,29,7459.19,Restaurant 020,Fast Food,20,Korangi-20,Male,Takeaway,Promotion 029,Seasonal
2376,25002,8,2025-09-01,20:44:00,Completed,Takeaway,Cash,,9168.74,Restaurant 008,Family Restaurant,8,Gulshan-8,Female,Takeaway,,
2377,14363,19,2025-06-11,19:50:00,Completed,Third-party Delivery,Online Wallet,,4349.82,Restaurant 019,Fast Food,19,Defence-19,Male,Dine-in,,
2379,42110,4,2025-06-15,21:47:00,Completed,Third-party Delivery,Card,,5952.76,Restaurant 004,Cafe,4,West-4,Female,Website/App,,
2381,23113,9,2025-09-14,21:09:00,Completed,Website/App,Card,,3682.77,Restaurant 009,Cafe,9,Defence-9,Female,Website/App,,
2382,12867,5,2025-07-25,12:22:00,Completed,Takeaway,Card,,13464.65,Restaurant 005,Casual Dining,5,Central-5,Other,Takeaway,,
2385,8314,1,2025-03-04,09:40:00,Completed,Takeaway,Cash,61,12026.73,Restaurant 001,Casual Dining,1,North-1,Other,Website/App,Promotion 061,Bundle
2386,25961,16,2025-08-10,14:34:00,Completed,Third-party Delivery,Card,,14720.42,Restaurant 016,Cafe,16,Garden-16,Female,Takeaway,,
2387,31516,7,2025-11-06,10:55:00,Completed,Website/App,,,11726.58,Restaurant 007,Casual Dining,7,Clifton-7,Female,Dine-in,,
2388,6633,19,2025-06-11,20:45:00,Completed,Website/App,Card,28,3533.92,Restaurant 019,Fast Food,19,Defence-19,Other,Website/App,Promotion 028,Seasonal
2389,35445,9,2025-07-28,10:04:00,Completed,Dine-in,Online Wallet,,4448.87,Restaurant 009,Cafe,9,Defence-9,Female,Takeaway,,
2391,26238,10,2025-09-04,16:23:00,Completed,Third-party Delivery,Cash,,5862.29,Restaurant 010,Family Restaurant,10,Korangi-10,Other,Takeaway,,
2392,42501,18,2025-03-20,19:08:00,Completed,Website/App,Online Wallet,,8071.28,Restaurant 018,Fast Food,18,Gulshan-18,Male,Dine-in,,
2394,15918,3,2025-07-23,21:25:00,Completed,Dine-in,Card,26,12203.96,Restaurant 003,Fast Food,3,East-3,Female,Dine-in,Promotion 026,Bundle
2395,31218,9,2025-12-27,19:07:00,Completed,Third-party Delivery,Card,,4962.08,Restaurant 009,Cafe,9,Defence-9,Other,Third-party Delivery,,
2396,33312,10,2025-06-05,13:49:00,Completed,Website/App,Card,15,6961.72,Restaurant 010,Family Restaurant,10,Korangi-10,Other,Third-party Delivery,Promotion 015,Percentage Discount
2398,25226,19,2025-08-04,20:49:00,Completed,Takeaway,Card,,4084.59,Restaurant 019,Fast Food,19,Defence-19,Other,Takeaway,,
2399,13609,15,2025-01-13,15:32:00,Completed,Website/App,Online Wallet,,12807.36,Restaurant 015,Fast Food,15,Central-15,Male,Takeaway,,
2400,4113,1,2025-07-24,13:31:00,Completed,Dine-in,Cash,,12056.73,Restaurant 001,Casual Dining,1,North-1,Male,Website/App,,
2401,33302,7,2025-07-26,12:02:00,Completed,Third-party Delivery,Online Wallet,,12959.54,Restaurant 007,Casual Dining,7,Clifton-7,Female,Third-party Delivery,,
2403,40235,4,2025-06-22,14:29:00,Completed,Dine-in,Online Wallet,,4691.6,Restaurant 004,Cafe,4,West-4,Other,Dine-in,,
2404,3701,4,2025-08-04,20:13:00,Completed,Dine-in,Online Wallet,,8416.28,Restaurant 004,Cafe,4,West-4,Male,Website/App,,
2405,14456,5,2025-10-20,20:28:00,Completed,Website/App,Online Wallet,,14956.94,Restaurant 005,Casual Dining,5,Central-5,Female,Third-party Delivery,,
2406,47188,18,2025-03-16,13:42:00,Completed,Dine-in,Card,,8044.25,Restaurant 018,Fast Food,18,Gulshan-18,Male,Takeaway,,
2408,49669,10,2025-02-28,21:44:00,Completed,Website/App,Cash,,6292.09,Restaurant 010,Family Restaurant,10,Korangi-10,Other,Third-party Delivery,,
2409,49651,20,2025-10-12,20:22:00,Completed,Dine-in,Card,,6804.82,Restaurant 020,Fast Food,20,Korangi-20,Male,Dine-in,,
2412,4557,18,2025-10-28,10:37:00,Completed,Third-party Delivery,Card,,7441.27,Restaurant 018,Fast Food,18,Gulshan-18,Male,Dine-in,,
2413,11256,10,2025-05-01,18:35:00,Completed,Third-party Delivery,Online Wallet,,7514.07,Restaurant 010,Family Restaurant,10,Korangi-10,Male,Dine-in,,
2414,19590,8,2025-12-19,20:12:00,Completed,Dine-in,Card,,8805.74,Restaurant 008,Family Restaurant,8,Gulshan-8,Male,Third-party Delivery,,
2415,2250,17,2025-05-11,13:30:00,Completed,Takeaway,Cash,,12350.77,Restaurant 017,Casual Dining,17,Clifton-17,Male,Website/App,,
2418,41900,14,2025-11-27,20:15:00,Completed,Third-party Delivery,Cash,,7388.42,Restaurant 014,Cafe,14,West-14,Male,Website/App,,
2420,12585,20,2025-11-19,21:29:00,Completed,Dine-in,Online Wallet,,4438.22,Restaurant 020,Fast Food,20,Korangi-20,Other,Website/App,,
2421,29978,20,2025-12-11,16:49:00,Completed,Third-party Delivery,Card,,6580.18,Restaurant 020,Fast Food,20,Korangi-20,Male,Third-party Delivery,,
2422,48616,14,2025-12-11,20:02:00,Completed,Takeaway,Card,,13182.26,Restaurant 014,Cafe,14,West-14,Female,Dine-in,,
2423,3007,13,2025-12-25,12:42:00,Completed,Takeaway,Card,,12108.61,Restaurant 013,Cafe,13,East-13,Other,Takeaway,,
2424,46763,1,2025-03-13,12:22:00,Completed,Third-party Delivery,Online Wallet,,11848.9,Restaurant 001,Casual Dining,1,North-1,Other,Takeaway,,
2425,21156,13,2025-09-08,21:23:00,Completed,Takeaway,Online Wallet,,8964.35,Restaurant 013,Cafe,13,East-13,Male,Takeaway,,
2426,12677,3,2025-08-13,16:31:00,Completed,Third-party Delivery,Cash,,11885.23,Restaurant 003,Fast Food,3,East-3,Other,Website/App,,
2427,33019,16,2025-06-18,11:02:00,Completed,Dine-in,Cash,,15242.64,Restaurant 016,Cafe,16,Garden-16,Other,Website/App,,
2429,11007,2,2025-07-26,22:49:00,Completed,Dine-in,Card,,17624.46,Restaurant 002,Casual Dining,2,South-2,Other,Third-party Delivery,,
2430,36007,4,2025-11-12,19:09:00,Completed,Takeaway,Cash,,7921.56,Restaurant 004,Cafe,4,West-4,Female,Website/App,,
2431,30897,19,2025-11-18,16:28:00,Completed,Dine-in,Card,,3412.75,Restaurant 019,Fast Food,19,Defence-19,Male,Takeaway,,
2432,22189,10,2025-10-25,14:31:00,Completed,Takeaway,Cash,,6188.5,Restaurant 010,Family Restaurant,10,Korangi-10,Female,Takeaway,,
2433,12700,6,2025-04-14,18:23:00,Completed,Takeaway,Cash,,16538.57,Restaurant 006,Fast Food,6,Garden-6,Female,Dine-in,,
2434,25568,10,2025-04-03,20:40:00,Completed,Takeaway,Card,,5843.86,Restaurant 010,Family Restaurant,10,Korangi-10,Other,Dine-in,,
2435,17309,8,2025-09-18,21:43:00,Completed,Takeaway,Cash,,7625.59,Restaurant 008,Family Restaurant,8,Gulshan-8,Female,Dine-in,,
2436,24446,10,2025-03-24,21:29:00,Completed,Dine-in,Online Wallet,2,6869.97,Restaurant 010,Family Restaurant,10,Korangi-10,Female,Third-party Delivery,Promotion 002,Bundle
2437,43189,19,2025-07-03,15:28:00,Completed,Website/App,Cash,,3303.93,Restaurant 019,Fast Food,19,Defence-19,Female,Takeaway,,
2438,38078,10,2025-06-06,14:33:00,Completed,Third-party Delivery,Card,,4871.7,Restaurant 010,Family Restaurant,10,Korangi-10,Male,Website/App,,
2441,27078,10,2025-06-15,22:56:00,Completed,Third-party Delivery,Card,,7325.87,Restaurant 010,Family Restaurant,10,Korangi-10,Female,Takeaway,,
2442,21452,4,2025-06-18,18:57:00,Completed,Dine-in,Card,,7947.45,Restaurant 004,Cafe,4,West-4,Male,Website/App,,
2443,38051,5,2025-03-07,18:36:00,Completed,Takeaway,Online Wallet,,14311.56,Restaurant 005,Casual Dining,5,Central-5,Other,Dine-in,,
2444,45584,11,2025-12-12,22:48:00,Completed,Dine-in,Online Wallet,,12902.66,Restaurant 011,Cafe,11,North-11,Female,Third-party Delivery,,
2445,47460,16,2025-07-02,20:34:00,Completed,Dine-in,Cash,,11691.17,Restaurant 016,Cafe,16,Garden-16,Female,Dine-in,,
2449,18519,17,2025-04-26,16:11:00,Completed,Website/App,Online Wallet,65,11165.41,Restaurant 017,Casual Dining,17,Clifton-17,Male,Third-party Delivery,Promotion 065,Seasonal
2450,1842,6,2025-02-19,21:30:00,Completed,Takeaway,Cash,,18763.86,Restaurant 006,Fast Food,6,Garden-6,Female,Takeaway,,
2451,36437,3,2025-12-18,17:47:00,Completed,Third-party Delivery,Online Wallet,64,8366.52,Restaurant 003,Fast Food,3,East-3,Other,Takeaway,Promotion 064,Percentage Discount
2452,7705,16,2025-02-15,16:53:00,Completed,Takeaway,Card,,10108.1,Restaurant 016,Cafe,16,Garden-16,Male,Dine-in,,
2453,47872,19,2025-05-08,18:38:00,Completed,Takeaway,Card,28,3464.07,Restaurant 019,Fast Food,19,Defence-19,Other,Website/App,Promotion 028,Seasonal
2454,25175,14,2025-08-28,13:01:00,Completed,Takeaway,Online Wallet,,7996.8,Restaurant 014,Cafe,14,West-14,Other,Website/App,,
2455,49066,12,2025-09-05,21:50:00,Completed,Takeaway,Card,23,15357.56,Restaurant 012,Fast Food,12,South-12,Female,Takeaway,Promotion 023,Seasonal
2456,22373,5,2025-09-20,14:24:00,Completed,Takeaway,Online Wallet,,15689.93,Restaurant 005,Casual Dining,5,Central-5,Male,Dine-in,,
2457,29921,4,2025-01-14,13:47:00,Completed,Third-party Delivery,Card,,7923.65,Restaurant 004,Cafe,4,West-4,Male,Dine-in,,
2458,23255,8,2025-01-30,21:09:00,Completed,Third-party Delivery,Cash,,8246.75,Restaurant 008,Family Restaurant,8,Gulshan-8,Female,Dine-in,,
2459,43988,3,2025-04-12,18:58:00,Completed,Takeaway,Online Wallet,,7322.91,Restaurant 003,Fast Food,3,East-3,Female,Website/App,,
2462,1059,19,2025-02-09,19:35:00,Completed,Third-party Delivery,Card,,4958.89,Restaurant 019,Fast Food,19,Defence-19,Other,Website/App,,
2463,20424,16,2025-01-04,12:22:00,Completed,Third-party Delivery,Online Wallet,,10251.93,Restaurant 016,Cafe,16,Garden-16,Female,Website/App,,
2464,38915,4,2025-06-19,18:15:00,Completed,Third-party Delivery,Online Wallet,,5766.4,Restaurant 004,Cafe,4,West-4,Female,Third-party Delivery,,
2466,47792,5,2025-10-25,10:25:00,Completed,Dine-in,Online Wallet,,24568.09,Restaurant 005,Casual Dining,5,Central-5,Other,Website/App,,
2467,42152,15,2025-08-10,19:21:00,Completed,Third-party Delivery,Online Wallet,,16314.87,Restaurant 015,Fast Food,15,Central-15,Other,Dine-in,,
2468,41027,6,2025-05-18,15:55:00,Completed,Website/App,Online Wallet,,9469.02,Restaurant 006,Fast Food,6,Garden-6,Male,Third-party Delivery,,
2469,33356,16,2025-09-30,12:55:00,Completed,Website/App,Online Wallet,,12861.31,Restaurant 016,Cafe,16,Garden-16,Female,Third-party Delivery,,
2471,3306,2,2025-06-03,09:35:00,Completed,Dine-in,Online Wallet,,14090.37,Restaurant 002,Casual Dining,2,South-2,Other,Takeaway,,
2475,18028,18,2025-11-04,14:48:00,Completed,Website/App,Card,,8113.35,Restaurant 018,Fast Food,18,Gulshan-18,Female,Dine-in,,
2476,30025,1,2025-11-07,21:20:00,Completed,Takeaway,Cash,103,10595.5,Restaurant 001,Casual Dining,1,North-1,Male,Takeaway,Promotion 103,Percentage Discount
2477,4994,13,2025-05-07,14:43:00,Completed,Website/App,Card,,7991.69,Restaurant 013,Cafe,13,East-13,Female,Takeaway,,
2478,10675,19,2025-07-20,21:50:00,Completed,Takeaway,Online Wallet,,5023.17,Restaurant 019,Fast Food,19,Defence-19,Female,Takeaway,,
2479,4333,19,2025-03-11,19:24:00,Completed,Third-party Delivery,Cash,,3321.04,Restaurant 019,Fast Food,19,Defence-19,Female,Takeaway,,
2480,32763,12,2025-12-10,09:02:00,Completed,Dine-in,Online Wallet,42,14893.67,Restaurant 012,Fast Food,12,South-12,Male,Third-party Delivery,Promotion 042,Bundle
2481,36336,13,2025-02-16,22:56:00,Completed,Takeaway,Online Wallet,,12443.6,Restaurant 013,Cafe,13,East-13,Other,Takeaway,,
2484,24874,2,2025-10-13,13:47:00,Completed,Third-party Delivery,Card,,19392.94,Restaurant 002,Casual Dining,2,South-2,Male,Third-party Delivery,,
2485,20344,16,2025-03-10,13:12:00,Completed,Dine-in,Card,,16551.21,Restaurant 016,Cafe,16,Garden-16,Female,Takeaway,,
2487,39099,1,2025-04-21,18:06:00,Completed,Third-party Delivery,Online Wallet,,15364.02,Restaurant 001,Casual Dining,1,North-1,Other,Third-party Delivery,,
2489,32809,2,2025-03-16,18:24:00,Completed,Website/App,Cash,,16513.55,Restaurant 002,Casual Dining,2,South-2,Female,Third-party Delivery,,
2490,1728,1,2025-04-26,13:35:00,Completed,Website/App,Cash,,11622.73,Restaurant 001,Casual Dining,1,North-1,Other,Third-party Delivery,,
2492,43452,4,2025-07-25,10:52:00,Completed,Website/App,Card,,11092.25,Restaurant 004,Cafe,4,West-4,Male,Third-party Delivery,,
2493,31728,8,2025-02-26,20:33:00,Completed,Dine-in,Online Wallet,,6920.41,Restaurant 008,Family Restaurant,8,Gulshan-8,Other,Third-party Delivery,,
2494,34583,4,2025-01-29,17:59:00,Completed,Takeaway,Card,,7302.9,Restaurant 004,Cafe,4,West-4,Female,Third-party Delivery,,
2495,28088,3,2025-10-14,18:57:00,Completed,Website/App,Online Wallet,,7619.21,Restaurant 003,Fast Food,3,East-3,Male,Dine-in,,
2496,42436,19,2025-01-15,19:43:00,Completed,Third-party Delivery,Cash,,4154.58,Restaurant 019,Fast Food,19,Defence-19,Other,Website/App,,
2497,18286,17,2025-03-29,19:34:00,Completed,Website/App,,,12282.21,Restaurant 017,Casual Dining,17,Clifton-17,Male,Website/App,,
2498,42617,6,2025-10-05,21:10:00,Completed,Takeaway,Online Wallet,,11916.29,Restaurant 006,Fast Food,6,Garden-6,Other,Dine-in,,
2499,29833,6,2025-11-12,20:45:00,Completed,Takeaway,Card,7,11194.95,Restaurant 006,Fast Food,6,Garden-6,Male,Takeaway,Promotion 007,Bundle
2500,43321,16,2025-12-09,18:16:00,Completed,Website/App,Card,,12543.07,Restaurant 016,Cafe,16,Garden-16,Female,Website/App,,
2501,45505,19,2025-10-24,09:40:00,Completed,Takeaway,Online Wallet,,4146.39,Restaurant 019,Fast Food,19,Defence-19,Other,Takeaway,,
2502,41212,12,2025-07-03,14:44:00,Completed,Takeaway,Online Wallet,,27483.07,Restaurant 012,Fast Food,12,South-12,Male,Third-party Delivery,,
2504,4290,17,2025-03-29,09:08:00,Completed,Takeaway,Online Wallet,,11053.1,Restaurant 017,Casual Dining,17,Clifton-17,Female,Takeaway,,
2505,38727,17,2025-01-03,21:40:00,Completed,Takeaway,Card,14,8485.06,Restaurant 017,Casual Dining,17,Clifton-17,Male,Website/App,Promotion 014,Seasonal
2506,3461,14,2025-05-29,20:54:00,Completed,Website/App,Online Wallet,,6441.65,Restaurant 014,Cafe,14,West-14,Male,Third-party Delivery,,
2507,34212,6,2025-04-09,13:41:00,Completed,Website/App,Card,,13578.26,Restaurant 006,Fast Food,6,Garden-6,Other,Third-party Delivery,,
2509,5155,7,2025-08-04,15:08:00,Completed,Website/App,Cash,,10762.13,Restaurant 007,Casual Dining,7,Clifton-7,Male,Dine-in,,
2510,38072,18,2025-08-24,12:14:00,Completed,Dine-in,Cash,44,7975.78,Restaurant 018,Fast Food,18,Gulshan-18,Other,Website/App,Promotion 044,Seasonal
2511,41927,19,2025-03-26,20:45:00,Completed,Dine-in,Online Wallet,,3673.03,Restaurant 019,Fast Food,19,Defence-19,Other,Website/App,,
2512,48852,2,2025-01-08,19:26:00,Completed,Website/App,Online Wallet,,16956.66,Restaurant 002,Casual Dining,2,South-2,Other,Website/App,,
2513,28776,9,2025-07-05,13:40:00,Completed,Takeaway,Online Wallet,,3753.31,Restaurant 009,Cafe,9,Defence-9,Female,Website/App,,
